type,seq,timestamp,taget_seq,taget,mac,rssi,rate,sig_mode,mcs,cwb,smoothing,not_sounding,aggregation,stbc,fec_coding,sgi,noise_floor,ampdu_cnt,channel_primary,channel_secondary,local_timestamp,ant,sig_len,rx_state,agc_gain,fft_gain,len,first_word_invalid,data,device_id
CSI_DATA,220990,2025-07-23 16:51:04.790,0,bend,00:00:00:00:00:00,-60,11,0,0,0,0,0,0,0,0,0,-97,0,1,0,2852654794,0,14,0,0,0,104,0,"[0, 0, -27, 65, 6, 66, 38, 72, 65, 85, 86, 97, 104, 107, 116, 119, 123, 127, 125, 127, 123, 127, 118, 127, 112, 127, 103, 127, 92, 127, 84, 122, 79, 105, 77, 89, 78, 74, 84, 61, 91, 53, 97, 48, 101, 48, 104, 50, 105, 55, 102, 60, -86, 19, -97, 15, -109, 5, -119, -6, -123, -15, -120, -23, -112, -30, -103, -32, -93, -27, -82, -16, -73, 1, -67, 21, -68, 42, -73, 65, -80, 88, -88, 108, -102, 126, -119, 127, -128, 127, -128, 127, -128, 127, -128, 127, -128, 127, -128, 116, -128, 101, -124, 88]",esp32_1
CSI_DATA,220991,2025-07-23 16:51:04.823,0,bend,00:00:00:00:00:00,-60,11,0,0,0,0,0,0,0,0,0,-97,0,1,0,2852664753,0,14,0,0,0,104,0,"[0, 0, 56, 38, 62, 4, 76, -27, 93, -51, 107, -70, 120, -86, 127, -96, 127, -100, 127, -100, 127, -98, 127, -92, 127, -85, 127, -76, 127, -69, 127, -65, 117, -62, 101, -62, 88, -66, 77, -73, 68, -79, 62, -86, 61, -92, 64, -96, 70, -98, 75, -96, 3, 87, -3, 96, -11, 105, -22, 113, -34, 116, -44, 116, -51, 110, -53, 100, -47, 88, -34, 79, -16, 75, 5, 73, 27, 72, 50, 78, 71, 89, 87, 104, 102, 122, 115, 127, 121, 127, 121, 127, 116, 127, 108, 127, 98, 127, 88, 127, 77, 127, 68, 127]",esp32_1
CSI_DATA,120158,2025-07-23 16:51:04.834,0,bend,00:00:00:00:00:00,-71,11,0,0,0,0,0,0,0,0,0,-97,0,1,0,1472536737,0,14,0,0,0,104,0,"[0, 0, 64, -84, 79, -90, 95, -102, 110, -109, 120, -113, 127, -121, 127, -126, 127, -128, 127, -128, 127, -128, 124, -128, 115, -128, 105, -128, 95, -124, 84, -110, 74, -92, 62, -75, 49, -58, 39, -41, 29, -25, 21, -10, 16, 4, 9, 13, 3, 18, -3, 23, -10, 111, -12, 114, -13, 118, -11, 122, -9, 122, -6, 116, -3, 107, -1, 97, 2, 85, 3, 69, 4, 49, 5, 26, 3, 5, -1, -15, -5, -36, -9, -55, -15, -70, -20, -81, -22, -88, -22, -92, -24, -94, -23, -98, -20, -99, -12, -96, -1, -92, 9, -91]",esp32_2
CSI_DATA,220992,2025-07-23 16:51:04.864,0,bend,00:00:00:00:00:00,-61,11,0,0,0,0,0,0,0,0,0,-97,0,1,0,2852674784,0,14,0,0,0,104,0,"[0, 0, -70, -12, -62, 25, -62, 58, -64, 90, -67, 117, -75, 127, -87, 127, -101, 127, -112, 127, -120, 127, -123, 127, -122, 127, -120, 127, -113, 127, -99, 121, -82, 110, -66, 104, -50, 102, -35, 102, -21, 105, -11, 110, -5, 116, -6, 119, -11, 123, -17, 126, -31, -85, -29, -98, -26, -111, -19, -121, -8, -128, 5, -128, 14, -128, 18, -119, 13, -107, 3, -93, -9, -82, -28, -70, -54, -60, -81, -56, -106, -59, -128, -66, -128, -78, -128, -91, -128, -101, -128, -113, -128, -126, -128, -128, -128, -128, -128, -128, -128, -121, -125, -111]",esp32_1
CSI_DATA,120159,2025-07-23 16:51:04.866,0,bend,00:00:00:00:00:00,-71,11,0,0,0,0,0,0,0,0,0,-97,0,1,0,1472546734,0,14,0,0,0,104,0,"[0, 0, -128, -82, -128, -108, -128, -128, -128, -128, -128, -128, -128, -128, -128, -128, -128, -128, -128, -128, -128, -128, -128, -128, -128, -128, -128, -128, -128, -128, -128, -128, -128, -121, -128, -100, -106, -84, -80, -71, -54, -58, -35, -44, -12, -30, 10, -20, 29, -11, 40, -2, 127, 27, 127, 31, 127, 33, 127, 32, 127, 29, 127, 27, 127, 23, 127, 17, 127, 12, 123, 6, 93, -1, 63, -4, 35, -5, 4, -4, -25, -2, -53, -1, -83, 2, -109, 9, -124, 14, -128, 16, -128, 18, -128, 20, -128, 24, -128, 22, -128, 8, -128, -9]",esp32_2
CSI_DATA,220993,2025-07-23 16:51:04.888,0,bend,00:00:00:00:00:00,-61,11,0,0,0,0,0,0,0,0,0,-97,0,1,0,2852684824,0,14,0,0,0,104,0,"[0, 0, 47, -65, 7, -74, -30, -87, -61, -108, -86, -128, -105, -128, -118, -128, -126, -128, -124, -128, -117, -128, -110, -128, -102, -128, -92, -128, -81, -128, -75, -128, -73, -128, -73, -113, -78, -97, -88, -82, -98, -69, -109, -63, -116, -63, -120, -66, -122, -72, -121, -77, 97, 7, 108, 15, 120, 31, 127, 46, 127, 59, 127, 68, 119, 72, 109, 71, 100, 66, 93, 55, 85, 33, 82, 7, 89, -18, 101, -43, 111, -70, 124, -96, 127, -116, 127, -128, 127, -128, 127, -128, 127, -128, 127, -122, 127, -112, 127, -97, 127, -82, 127, -71]",esp32_1
CSI_DATA,120160,2025-07-23 16:51:04.888,0,bend,00:00:00:00:00:00,-71,11,0,0,0,0,0,0,0,0,0,-97,0,1,0,1472556711,0,14,0,0,0,104,0,"[0, 0, -32, 127, -58, 127, -88, 127, -111, 127, -127, 127, -128, 127, -128, 127, -128, 127, -128, 127, -128, 127, -128, 127, -128, 127, -128, 127, -128, 127, -121, 127, -105, 127, -89, 127, -75, 127, -61, 109, -45, 79, -31, 47, -21, 21, -14, 1, -6, -17, 1, -31, -10, -128, -5, -128, -4, -128, -7, -128, -6, -128, -5, -128, -4, -128, -4, -128, -9, -128, -16, -128, -18, -118, -21, -92, -25, -61, -26, -29, -23, -1, -17, 27, -13, 55, -6, 84, 4, 110, 15, 127, 25, 127, 34, 127, 36, 127, 36, 127, 34, 127, 27, 127]",esp32_2
CSI_DATA,120161,2025-07-23 16:51:04.943,0,bend,00:00:00:00:00:00,-70,11,0,0,0,0,0,0,0,0,0,-97,0,1,0,1472567288,0,14,0,0,0,104,0,"[0, 0, 88, 51, 79, 64, 75, 80, 68, 99, 59, 119, 54, 127, 48, 127, 46, 127, 49, 127, 54, 127, 59, 127, 64, 127, 66, 127, 65, 127, 61, 127, 56, 127, 52, 117, 46, 97, 38, 75, 28, 54, 19, 36, 13, 20, 6, 2, -2, -14, -7, -22, -96, 4, -99, -1, -104, -5, -111, -5, -116, -8, -119, -11, -118, -12, -114, -13, -108, -11, -100, -6, -88, 1, -73, 5, -56, 7, -40, 14, -21, 22, 1, 28, 24, 32, 44, 31, 65, 31, 83, 32, 96, 30, 107, 27, 116, 26, 121, 25, 124, 23, 127, 24]",esp32_2
CSI_DATA,220995,2025-07-23 16:51:04.982,0,bend,00:00:00:00:00:00,-61,11,0,0,0,0,0,0,0,0,0,-97,0,1,0,2852704776,0,14,0,0,0,104,0,"[0, 0, -3, -73, -35, -58, -69, -47, -99, -44, -125, -44, -128, -48, -128, -56, -128, -65, -128, -73, -128, -82, -128, -90, -128, -94, -128, -92, -128, -88, -128, -78, -121, -64, -111, -48, -106, -33, -105, -18, -106, -6, -110, 0, -115, 5, -120, 8, -125, 5, -127, 0, 64, -58, 77, -58, 91, -55, 103, -51, 113, -47, 119, -40, 119, -33, 115, -28, 107, -25, 93, -27, 75, -37, 60, -50, 51, -64, 44, -83, 35, -107, 29, -128, 31, -128, 39, -128, 49, -128, 59, -128, 69, -128, 79, -128, 86, -128, 86, -128, 82, -128, 75, -128]",esp32_1
CSI_DATA,220996,2025-07-23 16:51:05.014,0,bend,00:00:00:00:00:00,-61,11,0,0,0,0,0,0,0,0,0,-97,0,1,0,2852714816,0,14,0,0,0,104,0,"[0, 0, 62, 28, 61, -7, 68, -42, 77, -73, 88, -99, 100, -118, 116, -128, 127, -128, 127, -128, 127, -128, 127, -128, 127, -121, 127, -109, 127, -98, 127, -89, 109, -82, 93, -80, 77, -82, 63, -88, 51, -94, 44, -100, 41, -105, 43, -110, 49, -113, 55, -112, 19, 80, 18, 90, 12, 103, 4, 112, -6, 120, -16, 123, -22, 121, -25, 113, -24, 103, -15, 93, 0, 86, 16, 77, 36, 70, 60, 68, 82, 73, 102, 84, 122, 98, 127, 112, 127, 122, 127, 127, 127, 127, 127, 127, 127, 127, 127, 127, 112, 127, 101, 127]",esp32_1
CSI_DATA,220997,2025-07-23 16:51:05.042,0,bend,00:00:00:00:00:00,-61,11,0,0,0,0,0,0,0,0,0,-97,0,1,0,2852730493,0,14,0,0,0,104,0,"[0, 0, -63, 32, -36, 52, -13, 76, 4, 104, 16, 127, 21, 127, 21, 127, 18, 127, 12, 127, 5, 127, -3, 127, -8, 127, -13, 127, -15, 127, -13, 127, -6, 127, 1, 116, 12, 106, 24, 100, 36, 95, 47, 94, 54, 95, 56, 100, 55, 106, 51, 111, -69, -35, -77, -46, -86, -59, -90, -69, -89, -81, -82, -89, -73, -92, -66, -91, -63, -84, -63, -73, -63, -58, -66, -42, -79, -24, -96, -6, -111, 8, -125, 19, -128, 27, -128, 32, -128, 34, -128, 31, -128, 24, -128, 15, -128, 6, -128, 0, -128, -3, -128, -6]",esp32_1
CSI_DATA,120163,2025-07-23 16:51:05.047,0,bend,00:00:00:00:00:00,-70,11,0,0,0,0,0,0,0,0,0,-97,0,1,0,1472586711,0,14,0,0,0,104,0,"[0, 0, -128, 127, -128, 107, -128, 74, -128, 40, -128, 4, -128, -34, -128, -66, -128, -90, -128, -108, -128, -122, -128, -128, -128, -128, -128, -128, -128, -128, -128, -125, -128, -111, -128, -95, -128, -80, -128, -61, -120, -38, -89, -18, -62, 0, -34, 17, -10, 36, 4, 50, -12, -128, -4, -128, 8, -128, 22, -128, 34, -128, 38, -128, 44, -128, 49, -128, 46, -128, 39, -128, 27, -128, 15, -128, -1, -114, -21, -91, -42, -67, -67, -39, -92, -10, -109, 19, -122, 48, -128, 77, -128, 108, -128, 127, -128, 127, -128, 127, -128, 127, -128, 127]",esp32_2
CSI_DATA,220998,2025-07-23 16:51:05.073,0,bend,00:00:00:00:00:00,-61,11,0,0,0,0,0,0,0,0,0,-97,0,1,0,2852734775,0,14,0,0,0,104,0,"[0, 0, 58, -54, 25, -72, -5, -91, -26, -116, -41, -128, -50, -128, -55, -128, -59, -128, -57, -128, -49, -128, -40, -128, -31, -128, -23, -128, -17, -128, -16, -128, -19, -128, -23, -128, -32, -114, -44, -106, -56, -100, -67, -100, -74, -102, -76, -104, -73, -109, -69, -113, 84, 13, 93, 21, 104, 32, 112, 46, 113, 57, 107, 64, 100, 67, 94, 67, 90, 63, 86, 52, 82, 34, 83, 15, 91, -4, 104, -23, 116, -42, 127, -60, 127, -75, 127, -84, 127, -84, 127, -80, 127, -76, 127, -69, 127, -61, 127, -52, 127, -42, 127, -33]",esp32_1
CSI_DATA,120164,2025-07-23 16:51:05.073,0,bend,00:00:00:00:00:00,-70,11,0,0,0,0,0,0,0,0,0,-97,0,1,0,1472596725,0,14,0,0,0,104,0,"[0, 0, 110, 74, 88, 75, 65, 80, 44, 87, 21, 91, -2, 99, -25, 111, -45, 119, -64, 126, -80, 127, -93, 127, -101, 127, -108, 127, -110, 127, -105, 127, -96, 127, -84, 126, -70, 109, -57, 91, -42, 75, -24, 60, -6, 44, 12, 29, 27, 18, 35, 9, -66, 43, -69, 36, -76, 32, -85, 28, -95, 21, -102, 15, -104, 11, -106, 10, -106, 11, -102, 11, -94, 13, -85, 19, -72, 27, -57, 36, -44, 44, -27, 54, -6, 65, 15, 75, 37, 84, 59, 90, 80, 91, 100, 91, 117, 92, 127, 90, 127, 86, 127, 84]",esp32_2
CSI_DATA,220999,2025-07-23 16:51:05.102,0,bend,00:00:00:00:00:00,-61,11,0,0,0,0,0,0,0,0,0,-97,0,1,0,2852744793,0,14,0,0,0,104,0,"[0, 0, 43, -55, 12, -63, -15, -78, -37, -98, -53, -117, -66, -128, -73, -128, -75, -128, -71, -128, -64, -128, -58, -128, -52, -128, -45, -128, -36, -128, -33, -128, -34, -128, -37, -115, -42, -101, -50, -92, -59, -87, -68, -86, -74, -86, -74, -88, -71, -93, -68, -98, 76, -3, 85, 2, 97, 11, 105, 19, 108, 29, 106, 37, 101, 43, 95, 46, 90, 43, 85, 32, 79, 18, 77, 1, 81, -16, 89, -35, 96, -53, 104, -70, 119, -85, 127, -96, 127, -99, 127, -96, 127, -92, 127, -87, 127, -80, 127, -71, 127, -59, 127, -50]",esp32_1
CSI_DATA,120165,2025-07-23 16:51:05.107,0,bend,00:00:00:00:00:00,-70,11,0,0,0,0,0,0,0,0,0,-97,0,1,0,1472610664,0,14,0,0,0,104,0,"[0, 0, 127, -30, 127, -21, 123, -4, 108, 18, 90, 40, 74, 61, 58, 83, 45, 104, 36, 125, 29, 127, 24, 127, 18, 127, 12, 127, 10, 127, 7, 127, 3, 127, 2, 127, 7, 127, 12, 115, 16, 92, 20, 69, 26, 46, 30, 23, 35, 5, 39, -7, 9, 69, -1, 67, -13, 70, -22, 75, -32, 78, -42, 81, -48, 84, -53, 86, -56, 86, -55, 85, -49, 82, -38, 77, -27, 73, -14, 71, 5, 66, 26, 60, 45, 53, 68, 44, 91, 33, 110, 22, 126, 10, 127, 0, 127, -11, 127, -27, 127, -41, 127, -46]",esp32_2
CSI_DATA,221000,2025-07-23 16:51:05.119,0,bend,00:00:00:00:00:00,-61,11,0,0,0,0,0,0,0,0,0,-97,0,1,0,2852758072,0,14,0,0,0,104,0,"[0, 0, -86, -36, -88, 4, -96, 39, -107, 75, -121, 107, -128, 127, -128, 127, -128, 127, -128, 127, -128, 127, -128, 127, -128, 121, -128, 110, -128, 101, -128, 91, -128, 85, -128, 82, -113, 85, -99, 94, -84, 101, -76, 108, -76, 114, -79, 117, -86, 118, -92, 116, -34, -90, -31, -102, -28, -116, -24, -128, -13, -128, 0, -128, 8, -128, 12, -128, 10, -127, 2, -118, -11, -109, -29, -98, -49, -89, -72, -86, -99, -91, -124, -103, -128, -118, -128, -128, -128, -128, -128, -128, -128, -128, -128, -128, -128, -128, -128, -128, -128, -128, -121, -128]",esp32_1
CSI_DATA,120166,2025-07-23 16:51:05.137,0,bend,00:00:00:00:00:00,-70,11,0,0,0,0,0,0,0,0,0,-97,0,1,0,1472616737,0,14,0,0,0,104,0,"[0, 0, 94, 122, 76, 115, 55, 110, 31, 103, 4, 95, -24, 90, -51, 87, -77, 85, -101, 81, -124, 80, -128, 83, -128, 83, -128, 81, -128, 78, -128, 75, -128, 70, -128, 65, -127, 59, -107, 52, -84, 47, -63, 43, -40, 42, -17, 43, 4, 43, 16, 42, -53, 41, -60, 35, -68, 27, -77, 21, -85, 14, -91, 5, -94, -3, -97, -7, -100, -6, -98, -6, -92, -5, -87, 3, -81, 12, -73, 23, -62, 37, -46, 53, -28, 71, -11, 86, 5, 100, 22, 112, 41, 122, 58, 127, 77, 127, 94, 127, 105, 127, 113, 127]",esp32_2
CSI_DATA,221001,2025-07-23 16:51:05.151,0,bend,00:00:00:00:00:00,-61,11,0,0,0,0,0,0,0,0,0,-97,0,1,0,2852767739,0,14,0,0,0,104,0,"[0, 0, 73, 31, 74, -5, 84, -38, 95, -67, 107, -90, 123, -108, 127, -121, 127, -126, 127, -127, 127, -124, 127, -117, 127, -106, 127, -93, 127, -81, 127, -74, 127, -70, 116, -68, 102, -71, 91, -77, 82, -85, 76, -93, 74, -98, 76, -100, 84, -100, 89, -100, 30, 80, 30, 89, 27, 101, 22, 112, 13, 121, 3, 125, -5, 124, -9, 120, -7, 111, 0, 101, 12, 94, 28, 86, 47, 78, 67, 76, 87, 81, 107, 91, 127, 104, 127, 115, 127, 125, 127, 127, 127, 127, 127, 127, 127, 127, 127, 127, 121, 127, 108, 127]",esp32_1
CSI_DATA,120167,2025-07-23 16:51:05.166,0,bend,00:00:00:00:00:00,-70,11,0,0,0,0,0,0,0,0,0,-97,0,1,0,1472626705,0,14,0,0,0,104,0,"[0, 0, -128, 85, -128, 69, -127, 52, -117, 29, -106, 0, -95, -27, -89, -54, -84, -84, -79, -111, -77, -128, -77, -128, -75, -128, -72, -128, -70, -128, -68, -128, -64, -128, -60, -128, -57, -128, -57, -116, -53, -92, -50, -68, -50, -43, -50, -21, -50, -2, -50, 12, -44, -57, -37, -61, -27, -71, -15, -78, -6, -85, 0, -91, 6, -95, 10, -101, 13, -102, 14, -100, 11, -97, 6, -89, -1, -79, -13, -73, -29, -67, -45, -57, -64, -44, -84, -29, -99, -10, -113, 8, -128, 25, -128, 44, -128, 62, -128, 79, -128, 91, -128, 97]",esp32_2
CSI_DATA,120168,2025-07-23 16:51:05.197,0,bend,00:00:00:00:00:00,-69,11,0,0,0,0,0,0,0,0,0,-97,0,1,0,1472636754,0,14,0,0,0,104,0,"[0, 0, 127, -22, 127, -12, 124, -1, 108, 16, 89, 36, 71, 56, 57, 77, 43, 97, 30, 114, 20, 127, 11, 127, 4, 127, -1, 127, -6, 127, -9, 127, -8, 127, -6, 127, -4, 127, 2, 115, 9, 98, 15, 81, 24, 62, 35, 43, 45, 25, 51, 12, 30, 57, 23, 60, 13, 66, 3, 71, -7, 76, -15, 80, -22, 81, -30, 83, -35, 86, -36, 87, -32, 85, -28, 85, -22, 83, -11, 80, 3, 75, 21, 70, 41, 62, 60, 54, 77, 46, 94, 35, 113, 24, 127, 14, 127, 1, 127, -14, 127, -25, 127, -31]",esp32_2
CSI_DATA,120169,2025-07-23 16:51:05.226,0,bend,00:00:00:00:00:00,-69,11,0,0,0,0,0,0,0,0,0,-97,0,1,0,1472646723,0,14,0,0,0,104,0,"[0, 0, 109, 112, 92, 108, 70, 105, 46, 100, 22, 95, -4, 90, -31, 88, -57, 86, -80, 84, -103, 84, -125, 85, -128, 86, -128, 87, -128, 84, -128, 81, -128, 75, -128, 67, -123, 65, -106, 66, -87, 63, -65, 58, -44, 55, -24, 54, -6, 54, 8, 54, -14, 63, -22, 61, -33, 59, -44, 57, -55, 54, -64, 50, -72, 46, -80, 43, -86, 40, -92, 37, -95, 36, -92, 39, -86, 45, -76, 51, -63, 58, -47, 67, -30, 80, -14, 90, 5, 97, 25, 104, 45, 111, 65, 118, 86, 126, 102, 127, 114, 127, 122, 127]",esp32_2
CSI_DATA,221003,2025-07-23 16:51:05.236,0,bend,00:00:00:00:00:00,-61,11,0,0,0,0,0,0,0,0,0,-97,0,1,0,2852784828,0,14,0,0,0,104,0,"[0, 0, 67, 9, 62, -24, 64, -54, 70, -82, 79, -106, 90, -127, 103, -128, 116, -128, 127, -128, 127, -128, 127, -128, 127, -128, 127, -126, 127, -113, 123, -101, 107, -92, 93, -89, 80, -91, 68, -93, 57, -95, 51, -99, 49, -105, 50, -108, 56, -109, 61, -107, 40, 66, 41, 76, 40, 86, 37, 95, 30, 104, 21, 109, 13, 109, 11, 104, 14, 96, 22, 86, 31, 78, 44, 69, 62, 61, 82, 57, 101, 57, 118, 63, 127, 72, 127, 81, 127, 88, 127, 97, 127, 107, 127, 117, 127, 121, 127, 117, 127, 106, 116, 97]",esp32_1
CSI_DATA,120170,2025-07-23 16:51:05.248,0,bend,00:00:00:00:00:00,-70,11,0,0,0,0,0,0,0,0,0,-97,0,1,0,1472679567,0,14,0,0,0,104,0,"[0, 0, 78, 127, 60, 127, 44, 127, 23, 127, -4, 117, -34, 102, -63, 88, -89, 75, -115, 59, -128, 48, -128, 44, -128, 39, -128, 33, -128, 25, -128, 17, -128, 15, -128, 14, -128, 16, -128, 19, -128, 23, -113, 29, -89, 36, -67, 44, -48, 55, -36, 64, -14, 75, -25, 71, -37, 68, -49, 66, -61, 62, -72, 57, -81, 53, -89, 51, -95, 49, -97, 45, -99, 42, -97, 47, -93, 56, -89, 65, -83, 76, -70, 89, -55, 103, -43, 120, -29, 127, -12, 127, 7, 127, 26, 127, 46, 127, 65, 127, 79, 127, 87, 127]",esp32_2
CSI_DATA,221004,2025-07-23 16:51:05.280,0,bend,00:00:00:00:00:00,-61,11,0,0,0,0,0,0,0,0,0,-97,0,1,0,2852794805,0,14,0,0,0,104,0,"[0, 0, -25, -70, -51, -51, -79, -36, -105, -27, -127, -21, -128, -20, -128, -23, -128, -31, -128, -43, -128, -54, -128, -62, -128, -67, -128, -67, -128, -64, -128, -58, -128, -50, -125, -39, -118, -25, -114, -13, -112, -2, -113, 3, -116, 5, -118, 4, -121, 1, -124, -5, 39, -70, 47, -73, 59, -74, 71, -75, 82, -74, 88, -69, 88, -65, 84, -62, 77, -59, 68, -58, 55, -64, 40, -71, 29, -80, 19, -96, 8, -117, -2, -128, -4, -128, -2, -128, 3, -128, 8, -128, 16, -128, 24, -128, 32, -128, 37, -128, 37, -128, 35, -128]",esp32_1
CSI_DATA,221005,2025-07-23 16:51:05.301,0,bend,00:00:00:00:00:00,-61,11,0,0,0,0,0,0,0,0,0,-97,0,1,0,2852804764,0,14,0,0,0,104,0,"[0, 0, -82, 37, -56, 65, -36, 98, -22, 127, -14, 127, -11, 127, -12, 127, -19, 127, -31, 127, -42, 127, -51, 127, -58, 127, -63, 127, -64, 127, -58, 127, -47, 127, -36, 127, -24, 127, -10, 127, 3, 127, 15, 127, 21, 127, 20, 127, 13, 127, 7, 127, -88, -44, -95, -55, -103, -70, -106, -85, -103, -98, -94, -107, -85, -107, -77, -103, -75, -93, -79, -79, -85, -61, -94, -41, -110, -23, -128, -7, -128, 6, -128, 12, -128, 15, -128, 17, -128, 14, -128, 8, -128, -1, -128, -12, -128, -21, -128, -24, -128, -24, -128, -26]",esp32_1
CSI_DATA,221006,2025-07-23 16:51:05.334,0,bend,00:00:00:00:00:00,-61,11,0,0,0,0,0,0,0,0,0,-97,0,1,0,2852814787,0,14,0,0,0,104,0,"[0, 0, 34, -64, 3, -71, -24, -83, -46, -100, -65, -118, -79, -128, -89, -128, -93, -128, -93, -128, -90, -128, -83, -128, -74, -128, -63, -128, -54, -128, -49, -128, -48, -128, -48, -121, -51, -108, -58, -98, -65, -91, -72, -88, -77, -87, -79, -88, -77, -93, -74, -97, 75, -16, 84, -12, 96, -4, 106, 7, 110, 15, 108, 21, 103, 26, 97, 27, 92, 23, 85, 14, 78, 0, 75, -16, 80, -36, 89, -55, 95, -71, 101, -86, 113, -101, 127, -114, 127, -120, 127, -120, 127, -116, 127, -110, 127, -103, 127, -93, 127, -81, 127, -71]",esp32_1
CSI_DATA,120172,2025-07-23 16:51:05.348,0,bend,00:00:00:00:00:00,-70,11,0,0,0,0,0,0,0,0,0,-97,0,1,0,1472763529,0,14,0,0,0,104,0,"[0, 0, 80, -128, 76, -128, 69, -128, 66, -128, 64, -128, 64, -128, 69, -128, 72, -128, 77, -123, 83, -111, 89, -104, 100, -99, 115, -89, 126, -79, 127, -74, 127, -69, 127, -63, 123, -59, 114, -60, 100, -58, 82, -52, 64, -47, 44, -43, 21, -38, 3, -33, 38, 95, 35, 94, 33, 92, 36, 87, 38, 81, 35, 74, 30, 67, 26, 62, 20, 53, 14, 42, 10, 35, 10, 29, 8, 23, 9, 17, 13, 12, 18, 5, 26, -1, 38, -7, 50, -17, 57, -28, 65, -42, 79, -58, 88, -78, 88, -99, 88, -117, 92, -128]",esp32_2
CSI_DATA,221007,2025-07-23 16:51:05.368,0,bend,00:00:00:00:00:00,-61,11,0,0,0,0,0,0,0,0,0,-97,0,1,0,2852824851,0,14,0,0,0,104,0,"[0, 0, -41, -59, -60, -34, -82, -14, -105, 1, -125, 12, -128, 18, -128, 19, -128, 15, -128, 9, -128, 2, -128, -3, -128, -8, -128, -13, -128, -17, -128, -16, -128, -12, -128, -6, -120, 2, -113, 12, -109, 20, -107, 26, -107, 31, -109, 33, -114, 30, -118, 28, 17, -79, 25, -85, 34, -90, 44, -93, 55, -95, 64, -93, 68, -87, 66, -80, 59, -73, 47, -70, 32, -73, 16, -78, -1, -83, -16, -95, -29, -112, -41, -128, -49, -128, -52, -128, -52, -128, -46, -128, -38, -128, -31, -128, -24, -128, -18, -128, -14, -128, -11, -128]",esp32_1
CSI_DATA,120173,2025-07-23 16:51:05.376,0,bend,00:00:00:00:00:00,-71,11,0,0,0,0,0,0,0,0,0,-97,0,1,0,1472794572,0,14,0,0,0,104,0,"[0, 0, -128, 127, -128, 127, -128, 127, -128, 127, -128, 127, -128, 127, -128, 127, -123, 127, -118, 127, -119, 113, -125, 97, -128, 81, -128, 64, -128, 49, -128, 38, -128, 29, -128, 24, -128, 22, -128, 18, -117, 17, -102, 21, -85, 26, -64, 30, -41, 30, -22, 30, -16, -128, -15, -128, -17, -125, -16, -114, -13, -101, -11, -85, -8, -71, -4, -59, 3, -44, 11, -26, 18, -10, 21, 3, 20, 11, 19, 17, 20, 21, 15, 23, 4, 22, -8, 20, -25, 21, -48, 27, -71, 33, -95, 43, -117, 58, -128, 75, -128, 95, -128, 113]",esp32_2
CSI_DATA,120174,2025-07-23 16:51:05.408,0,bend,00:00:00:00:00:00,-72,11,0,0,0,0,0,0,0,0,0,-97,0,1,0,1472830585,0,14,0,0,0,104,0,"[0, 0, 105, -128, 99, -128, 89, -128, 81, -128, 71, -128, 61, -128, 56, -128, 48, -128, 41, -128, 38, -128, 42, -128, 48, -125, 54, -110, 63, -98, 73, -85, 81, -73, 85, -67, 85, -62, 82, -54, 74, -46, 63, -40, 50, -36, 38, -30, 25, -23, 13, -17, 45, 127, 45, 126, 46, 118, 46, 104, 44, 89, 38, 69, 30, 47, 21, 26, 11, 4, -2, -18, -15, -38, -24, -57, -33, -68, -41, -76, -45, -80, -44, -80, -40, -80, -33, -82, -21, -84, -5, -88, 14, -91, 33, -95, 53, -103, 72, -117, 85, -128, 92, -128]",esp32_2
CSI_DATA,120175,2025-07-23 16:51:05.435,0,bend,00:00:00:00:00:00,-72,11,0,0,0,0,0,0,0,0,0,-97,0,1,0,1472839888,0,14,0,0,0,104,0,"[0, 0, 118, -128, 117, -128, 117, -128, 111, -128, 105, -128, 93, -128, 80, -128, 72, -128, 67, -128, 64, -128, 63, -128, 64, -119, 65, -101, 71, -88, 78, -77, 83, -63, 84, -50, 84, -42, 82, -36, 74, -31, 62, -26, 48, -20, 34, -16, 21, -14, 10, -11, 55, 125, 54, 119, 54, 108, 55, 95, 52, 80, 46, 60, 40, 39, 33, 18, 24, -4, 10, -28, -6, -52, -17, -69, -24, -82, -30, -93, -37, -100, -43, -104, -42, -102, -32, -98, -19, -92, -8, -86, 7, -84, 28, -86, 49, -91, 68, -101, 87, -112, 102, -116]",esp32_2
CSI_DATA,221009,2025-07-23 16:51:05.460,0,bend,00:00:00:00:00:00,-61,11,0,0,0,0,0,0,0,0,0,-97,0,1,0,2852845105,0,14,0,0,0,104,0,"[0, 0, -67, 45, -41, 65, -19, 87, -2, 114, 7, 127, 12, 127, 13, 127, 10, 127, 5, 127, -3, 127, -11, 127, -18, 127, -25, 127, -29, 127, -26, 127, -20, 127, -13, 127, -4, 125, 6, 118, 16, 115, 24, 115, 29, 117, 29, 119, 25, 123, 21, 124, -79, -17, -88, -26, -98, -39, -105, -50, -106, -62, -99, -69, -89, -72, -82, -72, -78, -66, -77, -55, -76, -39, -78, -21, -89, -2, -105, 16, -121, 31, -128, 41, -128, 49, -128, 53, -128, 54, -128, 50, -128, 43, -128, 33, -128, 24, -128, 17, -128, 11, -128, 7]",esp32_1
CSI_DATA,120176,2025-07-23 16:51:05.470,0,bend,00:00:00:00:00:00,-72,11,0,0,0,0,0,0,0,0,0,-97,0,1,0,1472890310,0,14,0,0,0,104,0,"[0, 0, 127, -102, 127, -109, 127, -118, 127, -127, 127, -128, 127, -128, 127, -128, 127, -128, 127, -128, 127, -128, 127, -128, 127, -123, 127, -103, 127, -80, 127, -54, 127, -31, 127, -14, 127, 1, 112, 15, 91, 24, 69, 24, 49, 23, 33, 20, 19, 12, 8, 4, 127, 127, 127, 127, 127, 127, 127, 127, 125, 109, 122, 82, 115, 47, 105, 9, 92, -28, 76, -65, 61, -102, 51, -128, 46, -128, 39, -128, 29, -128, 19, -128, 15, -128, 19, -128, 28, -128, 41, -128, 54, -128, 70, -128, 90, -128, 109, -115, 127, -99, 127, -87]",esp32_2
CSI_DATA,221010,2025-07-23 16:51:05.483,0,bend,00:00:00:00:00:00,-61,11,0,0,0,0,0,0,0,0,0,-97,0,1,0,2852854822,0,14,0,0,0,104,0,"[0, 0, -11, 80, 22, 72, 56, 68, 84, 73, 106, 81, 126, 90, 127, 100, 127, 110, 127, 122, 127, 127, 127, 127, 127, 127, 127, 127, 125, 127, 114, 126, 104, 113, 98, 97, 95, 83, 97, 72, 101, 63, 104, 58, 106, 57, 109, 57, 110, 60, 108, 65, -61, 56, -73, 57, -88, 53, -101, 48, -111, 44, -115, 37, -112, 31, -106, 26, -97, 24, -86, 28, -73, 39, -62, 52, -55, 67, -51, 86, -48, 109, -48, 127, -53, 127, -63, 127, -75, 127, -88, 127, -99, 127, -107, 127, -112, 127, -110, 127, -102, 127, -91, 127]",esp32_1
CSI_DATA,221011,2025-07-23 16:51:05.522,0,bend,00:00:00:00:00:00,-61,11,0,0,0,0,0,0,0,0,0,-97,0,1,0,2852864799,0,14,0,0,0,104,0,"[0, 0, 73, -23, 54, -49, 40, -78, 33, -109, 31, -128, 30, -128, 34, -128, 42, -128, 51, -128, 58, -128, 64, -128, 68, -128, 72, -128, 75, -128, 70, -128, 61, -128, 50, -128, 39, -123, 28, -120, 17, -118, 8, -119, 3, -122, 2, -125, 7, -126, 12, -126, 69, 39, 76, 50, 82, 63, 84, 76, 80, 88, 70, 96, 61, 98, 55, 94, 53, 85, 56, 73, 60, 59, 67, 42, 82, 26, 101, 13, 119, 3, 127, 0, 127, 0, 127, 0, 127, 4, 127, 12, 127, 21, 127, 30, 127, 37, 127, 38, 127, 37, 127, 37]",esp32_1
CSI_DATA,221012,2025-07-23 16:51:05.553,0,bend,00:00:00:00:00:00,-61,11,0,0,0,0,0,0,0,0,0,-97,0,1,0,2852874803,0,14,0,0,0,104,0,"[0, 0, -84, -18, -81, 12, -82, 42, -87, 70, -95, 93, -106, 110, -120, 124, -128, 127, -128, 127, -128, 127, -128, 127, -128, 126, -128, 114, -128, 101, -128, 91, -128, 84, -116, 80, -105, 78, -93, 81, -82, 84, -75, 89, -73, 94, -74, 95, -78, 94, -83, 92, -47, -64, -50, -76, -51, -89, -48, -101, -40, -111, -29, -116, -21, -115, -17, -110, -16, -101, -22, -90, -33, -80, -46, -69, -63, -59, -85, -55, -106, -58, -124, -64, -128, -73, -128, -81, -128, -89, -128, -99, -128, -111, -128, -122, -128, -127, -128, -122, -128, -112, -124, -105]",esp32_1
CSI_DATA,120179,2025-07-23 16:51:05.588,0,bend,00:00:00:00:00:00,-70,11,0,0,0,0,0,0,0,0,0,-97,0,1,0,1472959974,0,14,0,0,0,104,0,"[0, 0, 127, -60, 127, -40, 127, -20, 127, 2, 127, 25, 127, 42, 127, 58, 127, 75, 127, 92, 127, 104, 127, 112, 127, 120, 127, 127, 127, 127, 127, 127, 127, 126, 127, 117, 127, 104, 127, 87, 118, 65, 87, 43, 65, 20, 51, -6, 39, -30, 28, -47, 113, 122, 112, 126, 111, 123, 109, 112, 108, 100, 107, 85, 110, 63, 117, 33, 124, 1, 127, -27, 127, -55, 127, -87, 127, -114, 127, -128, 127, -128, 127, -128, 127, -128, 127, -128, 127, -128, 127, -128, 127, -128, 127, -128, 127, -128, 127, -128, 123, -128, 122, -128]",esp32_2
CSI_DATA,120180,2025-07-23 16:51:05.616,0,bend,00:00:00:00:00:00,-70,11,0,0,0,0,0,0,0,0,0,-97,0,1,0,1473008078,0,14,0,0,0,104,0,"[0, 0, -104, -42, -92, -44, -78, -47, -69, -55, -56, -66, -38, -79, -24, -96, -13, -113, -5, -126, 2, -128, 12, -128, 23, -128, 36, -128, 48, -128, 52, -128, 51, -128, 52, -128, 52, -128, 44, -128, 30, -123, 18, -105, 6, -87, -11, -69, -27, -56, -36, -50, 20, -73, 24, -72, 25, -69, 23, -67, 18, -67, 13, -68, 7, -69, 2, -71, -5, -71, -17, -67, -31, -66, -41, -67, -46, -72, -52, -80, -60, -88, -70, -94, -80, -98, -90, -96, -97, -91, -101, -87, -107, -84, -112, -78, -115, -65, -119, -55, -121, -50, -121, -49]",esp32_2
CSI_DATA,120181,2025-07-23 16:51:05.650,0,bend,00:00:00:00:00:00,-71,11,0,0,0,0,0,0,0,0,0,-97,0,1,0,1473037560,0,14,0,0,0,104,0,"[0, 0, -70, 117, -67, 114, -66, 106, -70, 93, -77, 80, -86, 70, -97, 54, -108, 32, -121, 12, -128, -2, -128, -13, -128, -25, -128, -40, -128, -53, -128, -59, -128, -59, -128, -61, -128, -60, -128, -52, -128, -39, -122, -27, -104, -12, -87, 5, -72, 20, -59, 28, -80, -22, -76, -24, -73, -23, -73, -18, -73, -14, -69, -11, -65, -8, -63, -6, -64, 0, -65, 6, -69, 10, -73, 16, -78, 22, -85, 28, -92, 34, -95, 40, -99, 46, -106, 51, -110, 58, -110, 66, -107, 72, -104, 80, -101, 91, -95, 100, -85, 107, -78, 115]",esp32_2
CSI_DATA,221014,2025-07-23 16:51:05.657,0,bend,00:00:00:00:00:00,-61,11,0,0,0,0,0,0,0,0,0,-97,0,1,0,2852894812,0,14,0,0,0,104,0,"[0, 0, -63, 32, -40, 51, -22, 72, -9, 99, 0, 124, 5, 127, 7, 127, 5, 127, 0, 127, -8, 127, -15, 127, -20, 127, -24, 127, -27, 127, -26, 127, -22, 127, -17, 127, -9, 119, 1, 113, 10, 108, 17, 108, 22, 109, 24, 111, 22, 114, 17, 114, -71, -24, -78, -33, -86, -44, -91, -56, -91, -68, -84, -76, -76, -78, -69, -77, -66, -71, -65, -60, -64, -44, -67, -27, -80, -11, -96, 4, -110, 17, -125, 27, -128, 33, -128, 35, -128, 35, -128, 32, -128, 24, -128, 13, -128, 4, -128, -1, -128, -4, -128, -6]",esp32_1
CSI_DATA,120182,2025-07-23 16:51:05.682,0,bend,00:00:00:00:00:00,-70,11,0,0,0,0,0,0,0,0,0,-97,0,1,0,1473068398,0,14,0,0,0,104,0,"[0, 0, -87, 127, -82, 127, -79, 127, -78, 127, -80, 127, -86, 126, -95, 114, -107, 101, -119, 86, -128, 73, -128, 61, -128, 48, -128, 37, -128, 30, -128, 22, -128, 14, -128, 9, -128, 8, -128, 10, -128, 15, -128, 21, -116, 30, -91, 38, -67, 44, -49, 47, -86, -59, -85, -55, -82, -48, -78, -40, -77, -36, -75, -30, -74, -23, -72, -18, -69, -13, -68, -4, -67, 4, -70, 9, -75, 11, -80, 13, -85, 15, -90, 15, -98, 15, -107, 22, -114, 31, -118, 38, -121, 45, -122, 54, -121, 71, -116, 89, -109, 102, -105, 115]",esp32_2
CSI_DATA,221015,2025-07-23 16:51:05.684,0,bend,00:00:00:00:00:00,-62,11,0,0,0,0,0,0,0,0,0,-97,0,1,0,2852906111,0,14,0,0,0,104,0,"[0, 0, -19, -69, -42, -49, -69, -32, -95, -22, -117, -18, -128, -17, -128, -20, -128, -24, -128, -29, -128, -35, -128, -43, -128, -48, -128, -51, -128, -52, -128, -49, -128, -42, -123, -32, -116, -22, -111, -11, -109, -2, -109, 4, -109, 9, -111, 12, -116, 11, -119, 8, 38, -68, 48, -71, 60, -73, 73, -74, 84, -73, 91, -69, 93, -63, 92, -57, 86, -51, 74, -49, 57, -54, 41, -61, 29, -70, 17, -85, 5, -104, -4, -126, -7, -128, -7, -128, -2, -128, 5, -128, 15, -128, 24, -128, 31, -128, 35, -128, 35, -128, 32, -128]",esp32_1
CSI_DATA,120183,2025-07-23 16:51:05.708,0,bend,00:00:00:00:00:00,-71,11,0,0,0,0,0,0,0,0,0,-97,0,1,0,1473093768,0,14,0,0,0,104,0,"[0, 0, -128, -128, -128, -128, -128, -128, -128, -128, -128, -128, -123, -128, -108, -128, -94, -128, -74, -128, -49, -128, -26, -128, -5, -128, 14, -128, 35, -128, 52, -128, 64, -128, 70, -128, 69, -128, 63, -128, 54, -128, 44, -128, 30, -128, 14, -117, -3, -96, -16, -83, 73, -95, 66, -94, 59, -91, 53, -87, 45, -85, 33, -81, 23, -76, 17, -73, 13, -68, 12, -64, 11, -62, 11, -60, 12, -59, 15, -60, 18, -65, 21, -73, 24, -83, 28, -94, 27, -102, 21, -111, 11, -121, -2, -128, -14, -128, -28, -128, -50, -128, -71, -128]",esp32_2
CSI_DATA,221016,2025-07-23 16:51:05.719,0,bend,00:00:00:00:00:00,-62,11,0,0,0,0,0,0,0,0,0,-97,0,1,0,2852914793,0,14,0,0,0,104,0,"[0, 0, -82, 35, -56, 62, -33, 91, -14, 123, -1, 127, 3, 127, 3, 127, -1, 127, -9, 127, -19, 127, -25, 127, -31, 127, -36, 127, -38, 127, -35, 127, -30, 127, -23, 127, -13, 127, 1, 127, 15, 127, 25, 127, 30, 127, 30, 127, 28, 127, 25, 127, -82, -41, -91, -55, -99, -71, -103, -86, -101, -100, -92, -108, -82, -109, -74, -106, -71, -98, -72, -85, -75, -67, -81, -46, -96, -26, -117, -8, -128, 7, -128, 18, -128, 24, -128, 25, -128, 24, -128, 20, -128, 12, -128, -1, -128, -13, -128, -20, -128, -22, -128, -25]",esp32_1
CSI_DATA,221017,2025-07-23 16:51:05.740,0,bend,00:00:00:00:00:00,-62,11,0,0,0,0,0,0,0,0,0,-97,0,1,0,2852925445,0,14,0,0,0,104,0,"[0, 0, 58, 39, 64, 6, 76, -27, 92, -60, 106, -86, 120, -104, 127, -114, 127, -116, 127, -116, 127, -116, 127, -115, 127, -110, 127, -99, 127, -88, 127, -79, 127, -73, 124, -73, 111, -77, 96, -83, 84, -90, 75, -92, 70, -95, 72, -100, 78, -102, 84, -102, 9, 77, 5, 91, -2, 103, -11, 113, -22, 119, -33, 123, -41, 119, -43, 109, -36, 98, -24, 90, -13, 85, 4, 80, 28, 78, 52, 84, 73, 91, 90, 99, 106, 114, 124, 127, 127, 127, 127, 127, 127, 127, 127, 127, 119, 127, 110, 127, 99, 127, 88, 127]",esp32_1
CSI_DATA,221018,2025-07-23 16:51:05.772,0,bend,00:00:00:00:00:00,-62,11,0,0,0,0,0,0,0,0,0,-97,0,1,0,2852936610,0,14,0,0,0,104,0,"[0, 0, -84, -12, -71, 26, -66, 61, -64, 97, -65, 127, -72, 127, -84, 127, -98, 127, -111, 127, -121, 127, -128, 127, -128, 127, -128, 127, -128, 127, -121, 127, -107, 127, -91, 127, -77, 125, -64, 124, -50, 124, -41, 127, -36, 127, -36, 127, -41, 127, -44, 127, -54, -76, -57, -87, -58, -101, -54, -114, -48, -125, -38, -128, -27, -128, -19, -128, -19, -120, -25, -104, -33, -92, -46, -77, -68, -63, -93, -54, -118, -51, -128, -53, -128, -61, -128, -66, -128, -72, -128, -84, -128, -97, -128, -108, -128, -117, -128, -118, -128, -111, -128, -104]",esp32_1
CSI_DATA,120185,2025-07-23 16:51:05.793,0,bend,00:00:00:00:00:00,-71,11,0,0,0,0,0,0,0,0,0,-97,0,1,0,1473165232,0,14,0,0,0,104,0,"[0, 0, -27, 127, -17, 127, -5, 127, 1, 127, -3, 127, -8, 127, -17, 127, -32, 127, -55, 127, -87, 127, -119, 123, -128, 104, -128, 84, -128, 67, -128, 53, -128, 42, -128, 35, -128, 32, -128, 31, -128, 32, -128, 34, -128, 40, -128, 48, -114, 60, -91, 70, -125, 57, -119, 53, -111, 51, -99, 54, -87, 58, -79, 59, -68, 56, -56, 51, -48, 47, -40, 41, -32, 34, -34, 31, -42, 32, -48, 31, -58, 30, -72, 30, -85, 32, -97, 39, -106, 52, -112, 71, -118, 90, -124, 109, -127, 127, -120, 127, -102, 127, -88, 127]",esp32_2
CSI_DATA,120186,2025-07-23 16:51:05.822,0,bend,00:00:00:00:00:00,-70,11,0,0,0,0,0,0,0,0,0,-97,0,1,0,1473189696,0,14,0,0,0,104,0,"[0, 0, 9, 127, 19, 127, 27, 127, 31, 127, 30, 127, 22, 127, 8, 127, -6, 127, -25, 127, -51, 121, -78, 107, -99, 97, -121, 87, -128, 77, -128, 68, -128, 59, -128, 51, -128, 47, -128, 46, -128, 45, -128, 48, -128, 52, -109, 52, -82, 54, -66, 59, -89, 61, -86, 63, -80, 61, -73, 59, -65, 58, -57, 53, -52, 47, -45, 44, -35, 44, -31, 42, -33, 38, -32, 38, -33, 34, -36, 34, -43, 36, -52, 36, -60, 37, -72, 44, -82, 57, -87, 72, -88, 85, -84, 99, -79, 117, -68, 127, -52, 127, -41, 127]",esp32_2
CSI_DATA,221020,2025-07-23 16:51:05.845,0,bend,00:00:00:00:00:00,-61,11,0,0,0,0,0,0,0,0,0,-97,0,1,0,2852954774,0,14,0,0,0,104,0,"[0, 0, 52, 68, 67, 32, 90, 1, 111, -23, 127, -41, 127, -54, 127, -62, 127, -64, 127, -62, 127, -58, 127, -52, 127, -44, 127, -35, 127, -29, 127, -28, 127, -29, 127, -31, 127, -36, 127, -45, 124, -54, 120, -61, 119, -67, 120, -70, 126, -69, 127, -67, -8, 92, -16, 100, -26, 108, -38, 116, -51, 123, -60, 122, -66, 116, -67, 110, -61, 102, -49, 95, -31, 93, -10, 91, 10, 92, 30, 101, 49, 117, 69, 127, 85, 127, 95, 127, 98, 127, 95, 127, 91, 127, 83, 127, 73, 127, 62, 127, 52, 127, 46, 127]",esp32_1
CSI_DATA,120187,2025-07-23 16:51:05.845,0,bend,00:00:00:00:00:00,-71,11,0,0,0,0,0,0,0,0,0,-97,0,1,0,1473229473,0,14,0,0,0,104,0,"[0, 0, -128, -90, -128, -78, -128, -67, -128, -61, -128, -58, -128, -59, -128, -64, -128, -73, -126, -86, -102, -102, -81, -123, -59, -128, -34, -128, -12, -128, 3, -128, 17, -128, 27, -128, 31, -128, 29, -128, 25, -128, 19, -128, 8, -128, -7, -128, -22, -115, -32, -101, -15, -123, -15, -122, -15, -116, -14, -107, -14, -100, -19, -93, -21, -83, -19, -74, -17, -65, -14, -55, -12, -47, -9, -43, -1, -45, 5, -50, 6, -56, 6, -63, 5, -75, -2, -87, -13, -98, -23, -111, -36, -119, -55, -122, -76, -126, -98, -126, -122, -125, -128, -127]",esp32_2
CSI_DATA,221021,2025-07-23 16:51:05.877,0,bend,00:00:00:00:00:00,-61,11,0,0,0,0,0,0,0,0,0,-97,0,1,0,2852964822,0,14,0,0,0,104,0,"[0, 0, -68, 36, -41, 57, -18, 78, -1, 105, 10, 127, 16, 127, 18, 127, 17, 127, 14, 127, 9, 127, 3, 127, -4, 127, -11, 127, -16, 127, -15, 127, -10, 127, -5, 127, 1, 127, 11, 121, 20, 116, 28, 116, 34, 118, 36, 120, 33, 122, 27, 125, -75, -17, -84, -26, -96, -39, -104, -50, -104, -61, -97, -70, -90, -75, -82, -75, -77, -69, -76, -57, -76, -42, -77, -25, -87, -7, -101, 11, -115, 26, -128, 39, -128, 48, -128, 54, -128, 54, -128, 49, -128, 39, -128, 30, -128, 23, -128, 19, -128, 13, -128, 5]",esp32_1
CSI_DATA,120188,2025-07-23 16:51:05.877,0,bend,00:00:00:00:00:00,-70,11,0,0,0,0,0,0,0,0,0,-97,0,1,0,1473276561,0,14,0,0,0,104,0,"[0, 0, -128, 49, -128, 57, -128, 65, -128, 71, -128, 70, -128, 63, -128, 50, -128, 34, -128, 19, -125, -1, -122, -26, -119, -49, -117, -68, -117, -86, -117, -102, -118, -115, -116, -124, -114, -128, -113, -123, -108, -112, -101, -99, -95, -83, -91, -64, -85, -45, -77, -31, -64, -88, -64, -85, -65, -82, -64, -77, -62, -71, -59, -65, -57, -60, -57, -55, -52, -46, -46, -40, -40, -35, -30, -30, -22, -31, -20, -37, -20, -36, -19, -36, -25, -45, -35, -55, -46, -55, -60, -54, -73, -53, -88, -47, -107, -42, -120, -30, -128, -17, -128, -12]",esp32_2
CSI_DATA,221022,2025-07-23 16:51:05.910,0,bend,00:00:00:00:00:00,-61,11,0,0,0,0,0,0,0,0,0,-97,0,1,0,2852974799,0,14,0,0,0,104,0,"[0, 0, 47, 60, 60, 28, 80, 1, 99, -23, 118, -41, 127, -53, 127, -59, 127, -60, 127, -56, 127, -51, 127, -47, 127, -41, 127, -34, 127, -27, 127, -24, 127, -24, 127, -26, 127, -33, 117, -41, 109, -50, 106, -56, 107, -60, 110, -61, 114, -61, 117, -57, -4, 79, -8, 89, -16, 97, -26, 104, -38, 110, -47, 111, -53, 107, -55, 101, -50, 93, -38, 87, -24, 86, -7, 83, 13, 82, 33, 87, 50, 101, 66, 120, 79, 127, 90, 127, 95, 127, 95, 127, 89, 127, 82, 127, 72, 127, 61, 127, 51, 127, 44, 127]",esp32_1
CSI_DATA,120189,2025-07-23 16:51:05.910,0,bend,00:00:00:00:00:00,-71,11,0,0,0,0,0,0,0,0,0,-97,0,1,0,1473327954,0,14,0,0,0,104,0,"[0, 0, 127, 11, 127, -1, 127, -11, 127, -16, 127, -17, 127, -13, 127, -6, 127, 5, 127, 23, 127, 45, 126, 68, 116, 91, 106, 112, 98, 127, 91, 127, 85, 127, 77, 127, 73, 127, 73, 127, 73, 127, 71, 127, 69, 127, 71, 110, 74, 89, 75, 73, 52, 111, 53, 109, 55, 102, 56, 95, 55, 89, 51, 81, 47, 71, 44, 62, 36, 53, 28, 42, 23, 34, 16, 32, 10, 32, 5, 37, -1, 41, -2, 47, 4, 55, 11, 65, 19, 72, 30, 78, 46, 82, 68, 85, 88, 84, 105, 77, 125, 70, 127, 65]",esp32_2
CSI_DATA,120190,2025-07-23 16:51:05.941,0,bend,00:00:00:00:00:00,-70,11,0,0,0,0,0,0,0,0,0,-97,0,1,0,1473351980,0,14,0,0,0,104,0,"[0, 0, 84, -128, 75, -128, 72, -128, 68, -128, 62, -128, 61, -128, 66, -128, 73, -128, 80, -117, 90, -103, 107, -84, 127, -61, 127, -41, 127, -23, 127, -5, 127, 8, 127, 15, 127, 18, 127, 17, 127, 14, 127, 10, 127, 1, 122, -10, 106, -21, 96, -31, 114, -11, 114, -11, 109, -15, 103, -21, 97, -24, 89, -23, 82, -21, 73, -19, 59, -17, 44, -11, 37, -6, 34, -6, 30, -5, 30, 1, 34, 8, 38, 10, 42, 10, 51, 10, 65, 6, 79, -5, 90, -16, 97, -26, 101, -40, 104, -59, 107, -86, 108, -111]",esp32_2
CSI_DATA,221024,2025-07-23 16:51:05.988,0,bend,00:00:00:00:00:00,-61,11,0,0,0,0,0,0,0,0,0,-97,0,1,0,2852994763,0,14,0,0,0,104,0,"[0, 0, -2, -70, -30, -55, -60, -44, -86, -39, -110, -37, -128, -39, -128, -43, -128, -49, -128, -58, -128, -66, -128, -72, -128, -77, -128, -79, -128, -77, -128, -71, -128, -62, -118, -50, -112, -39, -111, -29, -111, -20, -113, -13, -116, -8, -118, -7, -120, -11, -123, -16, 45, -61, 57, -61, 70, -61, 81, -61, 92, -59, 97, -53, 98, -48, 95, -43, 89, -39, 79, -40, 64, -48, 50, -57, 40, -67, 32, -83, 23, -105, 15, -127, 14, -128, 19, -128, 27, -128, 37, -128, 48, -128, 58, -128, 65, -128, 67, -128, 64, -128, 57, -128]",esp32_1
CSI_DATA,120192,2025-07-23 16:51:06.009,0,bend,00:00:00:00:00:00,-70,11,0,0,0,0,0,0,0,0,0,-97,0,1,0,1473411879,0,14,0,0,0,104,0,"[0, 0, -100, -128, -113, -128, -123, -128, -128, -128, -128, -128, -122, -128, -109, -128, -93, -128, -73, -128, -50, -128, -29, -128, -7, -128, 18, -128, 39, -128, 56, -128, 72, -128, 82, -128, 86, -128, 85, -128, 75, -128, 62, -128, 48, -128, 30, -121, 12, -105, -4, -95, 85, -90, 83, -88, 78, -87, 72, -88, 62, -86, 49, -81, 39, -72, 33, -67, 27, -61, 20, -50, 14, -40, 13, -31, 16, -23, 21, -19, 24, -20, 28, -22, 35, -25, 41, -35, 44, -46, 45, -58, 44, -72, 37, -87, 23, -104, 8, -119, -10, -128, -26, -128]",esp32_2
CSI_DATA,221025,2025-07-23 16:51:06.019,0,bend,00:00:00:00:00:00,-62,11,0,0,0,0,0,0,0,0,0,-97,0,1,0,2853004783,0,14,0,0,0,104,0,"[0, 0, -25, 64, 7, 60, 39, 59, 66, 64, 90, 74, 110, 84, 127, 94, 127, 102, 127, 112, 127, 123, 127, 127, 127, 127, 122, 127, 113, 126, 104, 116, 97, 103, 92, 89, 90, 75, 92, 65, 94, 56, 100, 51, 105, 49, 107, 50, 108, 54, 107, 57, -63, 38, -73, 37, -86, 32, -98, 26, -107, 21, -110, 16, -108, 10, -104, 7, -98, 6, -89, 10, -78, 21, -68, 34, -65, 48, -63, 67, -60, 89, -60, 111, -67, 127, -79, 127, -92, 127, -104, 127, -113, 127, -123, 127, -128, 127, -128, 127, -119, 126, -111, 110]",esp32_1
CSI_DATA,120193,2025-07-23 16:51:06.029,0,bend,00:00:00:00:00:00,-70,11,0,0,0,0,0,0,0,0,0,-97,0,1,0,1473437696,0,14,0,0,0,104,0,"[0, 0, -128, -16, -128, -2, -128, 5, -128, 9, -128, 13, -128, 12, -128, 6, -128, -5, -128, -19, -128, -36, -128, -59, -128, -84, -128, -109, -128, -128, -120, -128, -111, -128, -107, -128, -106, -128, -102, -128, -98, -128, -94, -128, -89, -114, -84, -91, -84, -66, -84, -47, -6, -128, -9, -128, -14, -122, -17, -114, -22, -107, -26, -98, -27, -86, -27, -75, -25, -64, -23, -54, -22, -45, -20, -37, -15, -32, -10, -30, -5, -31, -1, -35, 1, -42, -3, -51, -14, -59, -26, -69, -38, -76, -55, -78, -77, -81, -97, -79, -118, -75, -128, -72]",esp32_2
CSI_DATA,221026,2025-07-23 16:51:06.051,0,bend,00:00:00:00:00:00,-61,11,0,0,0,0,0,0,0,0,0,-97,0,1,0,2853014787,0,14,0,0,0,104,0,"[0, 0, 54, -41, 23, -55, -2, -73, -23, -94, -42, -112, -55, -128, -62, -128, -63, -128, -61, -128, -55, -128, -50, -128, -45, -128, -39, -128, -34, -128, -31, -128, -32, -128, -35, -122, -40, -112, -49, -103, -59, -95, -66, -93, -71, -94, -71, -96, -69, -100, -66, -103, 69, 13, 77, 18, 88, 28, 95, 39, 97, 50, 94, 57, 89, 60, 85, 59, 80, 55, 76, 46, 71, 32, 72, 16, 81, -1, 93, -21, 102, -39, 113, -54, 127, -67, 127, -76, 127, -80, 127, -81, 127, -76, 127, -69, 127, -58, 127, -46, 127, -36, 127, -28]",esp32_1
CSI_DATA,120194,2025-07-23 16:51:06.051,0,bend,00:00:00:00:00:00,-70,11,0,0,0,0,0,0,0,0,0,-97,0,1,0,1473485093,0,14,0,0,0,104,0,"[0, 0, -98, 127, -95, 127, -88, 127, -83, 127, -78, 127, -76, 127, -79, 127, -85, 127, -92, 122, -101, 104, -113, 86, -126, 72, -128, 55, -128, 38, -128, 27, -128, 19, -128, 10, -128, 5, -128, 6, -128, 7, -128, 13, -125, 21, -107, 26, -88, 32, -75, 37, -109, -50, -110, -47, -107, -41, -104, -33, -99, -25, -92, -17, -83, -12, -73, -8, -63, -2, -53, 2, -41, 3, -32, 5, -25, 5, -22, 0, -22, -7, -25, -11, -28, -14, -35, -17, -45, -13, -57, -7, -68, -2, -78, 8, -88, 25, -96, 45, -99, 64, -99, 78]",esp32_2
CSI_DATA,120195,2025-07-23 16:51:06.073,0,bend,00:00:00:00:00:00,-70,11,0,0,0,0,0,0,0,0,0,-97,0,1,0,1473535039,0,14,0,0,0,104,0,"[0, 0, -61, 127, -57, 127, -50, 127, -47, 127, -45, 127, -43, 127, -47, 127, -52, 127, -57, 127, -66, 127, -82, 126, -100, 116, -114, 104, -126, 92, -128, 82, -128, 75, -128, 69, -128, 63, -128, 59, -128, 58, -118, 58, -99, 59, -82, 59, -64, 57, -47, 55, -105, -55, -106, -51, -104, -46, -101, -40, -99, -31, -94, -25, -85, -22, -76, -16, -64, -8, -53, 2, -43, 7, -32, 7, -24, 6, -20, 4, -18, 2, -20, 2, -25, 0, -29, -3, -35, 0, -45, 6, -56, 13, -63, 25, -67, 43, -69, 60, -70, 77, -70, 91]",esp32_2
CSI_DATA,221027,2025-07-23 16:51:06.085,0,bend,00:00:00:00:00:00,-61,11,0,0,0,0,0,0,0,0,0,-97,0,1,0,2853027966,0,14,0,0,0,104,0,"[0, 0, 54, -45, 21, -56, -7, -71, -31, -92, -49, -112, -63, -128, -71, -128, -75, -128, -72, -128, -67, -128, -61, -128, -55, -128, -48, -128, -42, -128, -39, -128, -40, -128, -43, -122, -48, -109, -57, -99, -65, -92, -72, -89, -77, -89, -79, -90, -78, -95, -76, -99, 71, 5, 81, 11, 93, 21, 103, 32, 106, 41, 104, 49, 98, 55, 92, 56, 87, 53, 82, 45, 77, 33, 75, 16, 79, -3, 89, -22, 98, -41, 106, -59, 120, -76, 127, -88, 127, -95, 127, -95, 127, -89, 127, -82, 127, -73, 127, -63, 127, -50, 127, -41]",esp32_1
CSI_DATA,120196,2025-07-23 16:51:06.098,0,bend,00:00:00:00:00:00,-70,11,0,0,0,0,0,0,0,0,0,-97,0,1,0,1473561656,0,14,0,0,0,104,0,"[0, 0, 51, -128, 44, -128, 39, -128, 36, -128, 36, -128, 39, -128, 43, -128, 46, -128, 54, -128, 67, -128, 83, -128, 97, -128, 112, -118, 127, -109, 127, -101, 127, -93, 127, -86, 127, -81, 127, -78, 127, -74, 113, -71, 98, -69, 79, -68, 57, -67, 40, -66, 108, 62, 106, 60, 106, 54, 104, 47, 100, 39, 95, 32, 87, 27, 78, 21, 67, 11, 53, 3, 41, 0, 32, -4, 25, -9, 19, -10, 14, -7, 12, -7, 15, -9, 19, -10, 26, -11, 35, -15, 43, -24, 50, -36, 58, -51, 62, -70, 63, -91, 62, -110]",esp32_2
CSI_DATA,221028,2025-07-23 16:51:06.106,0,bend,00:00:00:00:00:00,-61,11,0,0,0,0,0,0,0,0,0,-97,0,1,0,2853061869,0,14,0,0,0,104,0,"[0, 0, -69, 35, -38, 55, -12, 76, 10, 103, 25, 127, 35, 127, 39, 127, 37, 127, 33, 127, 28, 127, 22, 127, 15, 127, 9, 127, 5, 127, 6, 127, 10, 127, 17, 127, 26, 119, 37, 111, 47, 107, 56, 107, 61, 109, 63, 111, 61, 117, 56, 121, -74, -24, -83, -33, -94, -46, -103, -59, -104, -70, -98, -78, -91, -81, -85, -84, -79, -80, -76, -69, -74, -53, -75, -35, -84, -14, -99, 6, -112, 24, -126, 38, -128, 50, -128, 59, -128, 61, -128, 58, -128, 52, -128, 43, -128, 35, -128, 28, -128, 18, -128, 11]",esp32_1
CSI_DATA,120197,2025-07-23 16:51:06.117,0,bend,00:00:00:00:00:00,-71,11,0,0,0,0,0,0,0,0,0,-97,0,1,0,1473587076,0,14,0,0,0,104,0,"[0, 0, 127, -87, 127, -99, 127, -109, 127, -116, 127, -119, 127, -116, 127, -107, 127, -97, 127, -88, 127, -76, 127, -61, 127, -47, 127, -33, 127, -18, 127, -8, 127, 1, 127, 9, 127, 13, 127, 10, 127, 2, 127, -6, 121, -12, 100, -20, 79, -31, 62, -39, 13, 127, 15, 127, 19, 122, 26, 116, 31, 111, 34, 102, 37, 90, 38, 77, 36, 62, 35, 48, 32, 35, 31, 24, 27, 15, 24, 7, 20, 0, 18, -3, 18, -1, 23, -2, 30, -1, 38, 1, 46, 2, 56, -1, 68, -7, 83, -19, 95, -33, 104, -42]",esp32_2
CSI_DATA,221029,2025-07-23 16:51:06.138,0,bend,00:00:00:00:00:00,-61,11,0,0,0,0,0,0,0,0,0,-97,0,1,0,2853100028,0,14,0,0,0,104,0,"[0, 0, -15, 70, 16, 57, 51, 49, 82, 50, 108, 54, 127, 59, 127, 67, 127, 75, 127, 84, 127, 93, 127, 98, 127, 101, 127, 99, 127, 93, 127, 85, 116, 73, 109, 58, 106, 43, 107, 30, 109, 21, 112, 17, 117, 15, 121, 16, 122, 20, 121, 22, -62, 46, -73, 46, -88, 43, -102, 40, -112, 36, -117, 32, -117, 25, -114, 18, -107, 16, -97, 18, -82, 25, -69, 36, -60, 50, -53, 69, -46, 92, -41, 116, -43, 127, -52, 127, -62, 127, -72, 127, -82, 127, -91, 127, -100, 127, -104, 127, -99, 127, -89, 127]",esp32_1
CSI_DATA,120198,2025-07-23 16:51:06.146,0,bend,00:00:00:00:00:00,-71,11,0,0,0,0,0,0,0,0,0,-97,0,1,0,1473621212,0,14,0,0,0,104,0,"[0, 0, -56, -128, -65, -128, -72, -128, -75, -128, -72, -128, -66, -128, -56, -128, -49, -128, -46, -128, -38, -128, -20, -128, -4, -128, 6, -128, 21, -128, 36, -128, 44, -128, 47, -128, 44, -128, 40, -128, 34, -128, 23, -128, 8, -125, -6, -106, -16, -83, -23, -66, 127, 51, 127, 44, 126, 38, 127, 34, 127, 29, 123, 20, 115, 10, 103, 3, 88, -6, 72, -20, 55, -28, 41, -30, 32, -31, 24, -33, 12, -34, 4, -30, 0, -28, -5, -35, -2, -44, 3, -50, 1, -57, -8, -66, -13, -76, -11, -87, -18, -100, -30, -117]",esp32_2
CSI_DATA,120199,2025-07-23 16:51:06.162,0,bend,00:00:00:00:00:00,-71,11,0,0,0,0,0,0,0,0,0,-97,0,1,0,1473658334,0,14,0,0,0,104,0,"[0, 0, 127, -15, 127, -21, 127, -22, 127, -20, 127, -17, 127, -12, 127, -5, 127, 4, 127, 14, 127, 23, 127, 33, 127, 47, 127, 62, 127, 75, 127, 85, 127, 88, 127, 88, 127, 85, 127, 77, 127, 64, 127, 50, 121, 35, 101, 16, 83, -1, 72, -11, -111, 81, -112, 82, -107, 85, -99, 90, -92, 92, -82, 90, -69, 87, -54, 86, -39, 81, -24, 71, -11, 60, -2, 46, 5, 34, 14, 28, 20, 22, 23, 13, 27, 8, 33, 6, 39, 5, 45, 7, 51, 10, 61, 14, 73, 15, 88, 13, 105, 12, 122, 13]",esp32_2
CSI_DATA,120200,2025-07-23 16:51:06.191,0,bend,00:00:00:00:00:00,-71,11,0,0,0,0,0,0,0,0,0,-97,0,1,0,1473730982,0,14,0,0,0,104,0,"[0, 0, -126, 89, -128, 95, -128, 100, -128, 101, -128, 94, -128, 84, -128, 76, -128, 70, -128, 61, -128, 49, -128, 39, -128, 29, -128, 20, -128, 13, -128, 6, -128, 0, -128, -6, -128, -8, -128, -3, -128, 4, -128, 9, -116, 13, -92, 19, -65, 24, -44, 28, 70, -103, 69, -104, 65, -108, 59, -113, 52, -114, 43, -109, 32, -100, 18, -92, 7, -84, 5, -74, 3, -62, -8, -47, -24, -32, -34, -19, -35, -12, -35, -5, -36, 0, -38, 0, -40, 5, -47, 14, -58, 19, -65, 24, -73, 30, -85, 39, -93, 52, -98, 60]",esp32_2
CSI_DATA,221031,2025-07-23 16:51:06.213,0,bend,00:00:00:00:00:00,-61,11,0,0,0,0,0,0,0,0,0,-97,0,1,0,2853172175,0,14,0,0,0,104,0,"[0, 0, -56, -71, -73, -25, -96, 15, -118, 48, -128, 72, -128, 90, -128, 100, -128, 100, -128, 97, -128, 95, -128, 92, -128, 85, -128, 74, -128, 66, -128, 63, -128, 65, -128, 70, -128, 78, -124, 88, -116, 98, -109, 106, -105, 113, -107, 117, -116, 116, -123, 112, 26, -101, 33, -111, 44, -123, 58, -128, 74, -128, 87, -128, 93, -123, 95, -114, 87, -106, 71, -101, 50, -100, 24, -100, -4, -102, -31, -113, -56, -128, -75, -128, -91, -128, -107, -128, -119, -128, -120, -128, -113, -128, -101, -128, -90, -128, -79, -128, -65, -128, -54, -128]",esp32_1
CSI_DATA,120201,2025-07-23 16:51:06.213,0,bend,00:00:00:00:00:00,-70,11,0,0,0,0,0,0,0,0,0,-97,0,1,0,1473769111,0,14,0,0,0,104,0,"[0, 0, -128, -15, -128, -13, -128, -14, -128, -18, -128, -23, -128, -28, -128, -33, -128, -40, -128, -51, -128, -60, -128, -70, -128, -79, -128, -86, -128, -95, -128, -100, -128, -102, -128, -101, -128, -98, -123, -89, -114, -75, -103, -62, -87, -47, -70, -27, -56, -10, -44, -2, 106, 6, 107, 2, 107, -4, 106, -10, 103, -14, 95, -18, 84, -22, 74, -26, 62, -29, 48, -31, 36, -30, 23, -26, 10, -25, 0, -26, -10, -24, -17, -20, -24, -19, -31, -22, -33, -20, -36, -16, -45, -19, -56, -22, -67, -24, -77, -24, -87, -21, -96, -21]",esp32_2
CSI_DATA,221032,2025-07-23 16:51:06.236,0,bend,00:00:00:00:00:00,-61,11,0,0,0,0,0,0,0,0,0,-97,0,1,0,2853208128,0,14,0,0,0,104,0,"[0, 0, 4, -68, -26, -51, -59, -39, -88, -34, -114, -30, -128, -32, -128, -37, -128, -43, -128, -53, -128, -63, -128, -70, -128, -72, -128, -70, -128, -65, -128, -57, -128, -47, -120, -33, -116, -20, -115, -8, -114, 1, -116, 6, -120, 8, -122, 6, -124, 2, -124, -3, 59, -49, 69, -50, 82, -48, 93, -45, 103, -43, 109, -39, 109, -35, 105, -31, 98, -28, 87, -29, 74, -38, 61, -48, 52, -60, 44, -79, 35, -102, 27, -127, 25, -128, 30, -128, 38, -128, 47, -128, 57, -128, 68, -128, 80, -128, 86, -128, 83, -128, 77, -128]",esp32_1
CSI_DATA,120202,2025-07-23 16:51:06.236,0,bend,00:00:00:00:00:00,-71,11,0,0,0,0,0,0,0,0,0,-97,0,1,0,1473797032,0,14,0,0,0,104,0,"[0, 0, -66, -128, -75, -128, -76, -128, -77, -128, -76, -128, -71, -128, -62, -128, -55, -128, -50, -128, -38, -128, -26, -128, -17, -128, -3, -128, 13, -128, 21, -128, 23, -128, 23, -128, 20, -128, 15, -128, 9, -128, 1, -128, -10, -120, -17, -93, -22, -64, -28, -43, 61, 107, 61, 107, 67, 104, 75, 100, 77, 94, 73, 85, 71, 70, 71, 57, 66, 46, 56, 33, 44, 17, 34, 4, 29, -3, 24, -10, 14, -20, 5, -28, 1, -32, -2, -36, -3, -41, -6, -49, -9, -56, -12, -65, -17, -78, -23, -91, -31, -108, -40, -121]",esp32_2
CSI_DATA,221033,2025-07-23 16:51:06.258,0,bend,00:00:00:00:00:00,-62,11,0,0,0,0,0,0,0,0,0,-97,0,1,0,2853232531,0,14,0,0,0,104,0,"[0, 0, -5, -60, -34, -39, -65, -24, -92, -15, -115, -13, -128, -14, -128, -19, -128, -24, -128, -23, -128, -22, -128, -24, -128, -30, -128, -35, -128, -36, -128, -31, -128, -20, -119, -11, -115, -5, -112, 4, -113, 13, -112, 20, -109, 28, -110, 34, -116, 32, -122, 26, 54, -56, 63, -56, 72, -56, 83, -54, 94, -52, 101, -47, 103, -39, 103, -34, 96, -32, 79, -36, 64, -45, 50, -54, 34, -66, 22, -86, 13, -107, 8, -127, 7, -128, 8, -128, 14, -128, 28, -128, 43, -128, 51, -128, 51, -128, 49, -128, 50, -128, 52, -128]",esp32_1
CSI_DATA,120203,2025-07-23 16:51:06.258,0,bend,00:00:00:00:00:00,-71,11,0,0,0,0,0,0,0,0,0,-97,0,1,0,1473829795,0,14,0,0,0,104,0,"[0, 0, -128, -34, -128, -34, -128, -33, -128, -32, -128, -30, -128, -35, -128, -41, -128, -48, -128, -64, -128, -82, -128, -96, -128, -107, -128, -112, -128, -116, -128, -122, -128, -125, -128, -120, -128, -113, -123, -102, -114, -85, -104, -70, -90, -57, -73, -40, -57, -21, -46, -7, 108, 19, 111, 17, 109, 12, 108, 6, 110, -1, 104, -9, 93, -15, 81, -20, 70, -27, 56, -29, 39, -26, 28, -25, 20, -25, 10, -21, -4, -20, -16, -25, -23, -31, -27, -30, -34, -27, -43, -24, -50, -23, -58, -27, -71, -33, -82, -36, -90, -37, -96, -38]",esp32_2
CSI_DATA,120204,2025-07-23 16:51:06.278,0,bend,00:00:00:00:00:00,-71,11,0,0,0,0,0,0,0,0,0,-97,0,1,0,1473866426,0,14,0,0,0,104,0,"[0, 0, 53, 127, 56, 127, 57, 127, 58, 127, 57, 127, 53, 127, 47, 127, 40, 127, 29, 127, 18, 127, 8, 127, -3, 127, -12, 127, -21, 127, -29, 127, -32, 127, -30, 127, -27, 127, -23, 127, -15, 127, -4, 127, 6, 107, 12, 83, 17, 59, 22, 41, -34, -106, -37, -106, -40, -104, -45, -99, -49, -92, -51, -85, -50, -76, -47, -64, -44, -52, -41, -39, -37, -25, -33, -12, -28, -3, -21, 5, -14, 12, -8, 17, -3, 22, 0, 28, 1, 34, 0, 43, 1, 53, 2, 62, 4, 76, 10, 88, 18, 99, 23, 111]",esp32_2
CSI_DATA,221034,2025-07-23 16:51:06.284,0,bend,00:00:00:00:00:00,-61,11,0,0,0,0,0,0,0,0,0,-97,0,1,0,2853257644,0,14,0,0,0,104,0,"[0, 0, -72, 18, -46, 44, -24, 71, -10, 101, -1, 127, 3, 127, 3, 127, 0, 127, -6, 127, -14, 127, -20, 127, -24, 127, -26, 127, -26, 127, -22, 127, -15, 127, -7, 127, 3, 121, 14, 117, 23, 115, 32, 116, 37, 119, 38, 120, 33, 122, 26, 123, -66, -40, -71, -49, -78, -62, -82, -73, -82, -84, -76, -92, -69, -94, -62, -92, -59, -85, -61, -75, -64, -60, -68, -43, -81, -25, -98, -9, -115, 4, -128, 14, -128, 21, -128, 23, -128, 21, -128, 14, -128, 5, -128, -5, -128, -15, -128, -21, -128, -25, -128, -26]",esp32_1
CSI_DATA,120205,2025-07-23 16:51:06.305,0,bend,00:00:00:00:00:00,-71,11,0,0,0,0,0,0,0,0,0,-97,0,1,0,1473903400,0,14,0,0,0,104,0,"[0, 0, 127, -41, 127, -46, 127, -49, 127, -49, 127, -46, 127, -41, 127, -33, 127, -25, 127, -15, 127, -4, 127, 8, 127, 24, 127, 39, 127, 51, 127, 57, 127, 58, 127, 55, 127, 52, 127, 46, 127, 35, 127, 23, 114, 12, 88, 1, 63, -9, 47, -16, -118, 22, -120, 25, -119, 30, -113, 35, -104, 41, -92, 45, -82, 47, -71, 46, -57, 42, -41, 38, -27, 33, -15, 27, -2, 20, 9, 14, 17, 9, 21, 6, 25, 4, 31, 2, 36, 2, 46, 3, 56, 3, 67, 1, 79, -2, 93, -6, 107, -10, 118, -12]",esp32_2
CSI_DATA,221035,2025-07-23 16:51:06.307,0,bend,00:00:00:00:00:00,-61,11,0,0,0,0,0,0,0,0,0,-97,0,1,0,2853293896,0,14,0,0,0,104,0,"[0, 0, 35, 62, 51, 28, 75, -2, 98, -24, 119, -38, 127, -48, 127, -54, 127, -56, 127, -55, 127, -52, 127, -47, 127, -41, 127, -34, 127, -30, 127, -30, 127, -32, 127, -36, 122, -45, 114, -55, 107, -61, 104, -65, 104, -69, 105, -71, 110, -70, 114, -66, -24, 75, -30, 81, -38, 85, -48, 90, -59, 94, -67, 96, -70, 93, -68, 88, -61, 81, -50, 78, -34, 79, -17, 81, 2, 85, 20, 95, 36, 111, 52, 127, 64, 127, 71, 127, 74, 127, 72, 127, 66, 127, 57, 127, 46, 127, 36, 127, 27, 127, 21, 127]",esp32_1
CSI_DATA,221036,2025-07-23 16:51:06.325,0,bend,00:00:00:00:00:00,-61,11,0,0,0,0,0,0,0,0,0,-97,0,1,0,2853318277,0,14,0,0,0,104,0,"[0, 0, -70, 5, -50, 34, -37, 62, -29, 93, -23, 121, -22, 127, -25, 127, -31, 127, -39, 127, -47, 127, -53, 127, -57, 127, -56, 127, -53, 127, -46, 127, -36, 127, -27, 121, -18, 115, -6, 114, 4, 114, 12, 115, 15, 118, 13, 120, 8, 123, 3, 124, -51, -51, -56, -60, -62, -72, -64, -84, -59, -94, -52, -100, -47, -100, -41, -99, -39, -92, -41, -81, -44, -69, -52, -55, -69, -40, -89, -26, -108, -15, -127, -9, -128, -8, -128, -10, -128, -14, -128, -22, -128, -32, -128, -43, -128, -54, -128, -59, -128, -59, -128, -59]",esp32_1
CSI_DATA,120206,2025-07-23 16:51:06.325,0,bend,00:00:00:00:00:00,-71,11,0,0,0,0,0,0,0,0,0,-97,0,1,0,1473927746,0,14,0,0,0,104,0,"[0, 0, -128, 62, -128, 67, -128, 70, -128, 71, -128, 68, -128, 62, -128, 56, -128, 48, -128, 39, -128, 30, -128, 21, -128, 10, -128, -4, -128, -17, -128, -22, -128, -22, -128, -24, -128, -26, -128, -20, -128, -11, -128, -3, -119, 7, -91, 18, -62, 25, -41, 28, 118, -43, 115, -45, 111, -48, 108, -52, 102, -56, 92, -58, 80, -59, 68, -58, 52, -54, 35, -49, 20, -43, 9, -34, 1, -23, -10, -14, -18, -8, -23, -3, -27, -5, -34, -7, -41, -4, -47, -1, -53, 0, -63, 3, -76, 7, -88, 15, -101, 22, -114, 24]",esp32_2
CSI_DATA,120207,2025-07-23 16:51:06.347,0,bend,00:00:00:00:00:00,-71,11,0,0,0,0,0,0,0,0,0,-97,0,1,0,1473968649,0,14,0,0,0,104,0,"[0, 0, 79, -126, 83, -128, 82, -128, 82, -128, 82, -128, 84, -128, 90, -128, 96, -128, 101, -123, 110, -115, 120, -109, 127, -106, 127, -103, 127, -98, 127, -93, 127, -90, 127, -90, 127, -89, 127, -86, 119, -82, 97, -76, 75, -67, 55, -58, 32, -50, 14, -43, -66, 88, -62, 89, -55, 90, -48, 91, -42, 92, -37, 88, -30, 79, -20, 73, -10, 64, -3, 51, 1, 40, 5, 28, 10, 16, 13, 8, 15, 1, 14, -6, 15, -10, 20, -12, 27, -18, 35, -24, 42, -31, 47, -39, 53, -47, 60, -57, 66, -69, 71, -76]",esp32_2
CSI_DATA,221037,2025-07-23 16:51:06.354,0,bend,00:00:00:00:00:00,-61,11,0,0,0,0,0,0,0,0,0,-97,0,1,0,2853355949,0,14,0,0,0,104,0,"[0, 0, -65, 22, -39, 44, -20, 69, -6, 98, 4, 124, 10, 127, 12, 127, 7, 127, -2, 127, -10, 127, -15, 127, -19, 127, -19, 127, -18, 127, -13, 127, -5, 127, 3, 125, 12, 117, 22, 112, 31, 110, 38, 109, 41, 112, 39, 115, 34, 117, 30, 119, -63, -36, -69, -45, -76, -56, -80, -67, -78, -77, -72, -84, -65, -86, -60, -83, -59, -77, -59, -68, -58, -54, -63, -36, -76, -18, -92, -1, -108, 12, -125, 21, -128, 27, -128, 31, -128, 31, -128, 26, -128, 18, -128, 8, -128, -5, -128, -14, -128, -19, -128, -22]",esp32_1
CSI_DATA,120208,2025-07-23 16:51:06.369,0,bend,00:00:00:00:00:00,-71,11,0,0,0,0,0,0,0,0,0,-97,0,1,0,1474023941,0,14,0,0,0,104,0,"[0, 0, -124, 115, -128, 126, -128, 127, -128, 127, -127, 127, -126, 127, -128, 124, -128, 113, -128, 104, -128, 95, -128, 84, -128, 74, -128, 68, -128, 62, -128, 55, -128, 51, -128, 51, -128, 53, -128, 56, -128, 55, -128, 51, -107, 47, -81, 44, -54, 42, -35, 40, 86, -84, 86, -88, 82, -89, 75, -91, 67, -93, 56, -93, 43, -88, 32, -81, 24, -71, 16, -58, 8, -41, 2, -27, -7, -17, -14, -9, -15, -3, -15, 1, -19, 2, -27, 6, -33, 14, -39, 19, -46, 24, -56, 30, -68, 37, -78, 46, -91, 57, -101, 68]",esp32_2
CSI_DATA,221038,2025-07-23 16:51:06.375,0,bend,00:00:00:00:00:00,-61,11,0,0,0,0,0,0,0,0,0,-97,0,1,0,2853414922,0,14,0,0,0,104,0,"[0, 0, -21, -65, -43, -40, -71, -16, -99, 2, -122, 11, -128, 16, -128, 16, -128, 10, -128, 8, -128, 8, -128, 4, -128, -2, -128, -11, -128, -19, -128, -17, -128, -5, -128, 4, -124, 12, -117, 21, -115, 30, -111, 34, -109, 40, -112, 42, -119, 39, -123, 35, 32, -66, 40, -73, 49, -77, 59, -80, 70, -81, 80, -80, 82, -76, 79, -70, 71, -64, 56, -62, 42, -66, 26, -70, 7, -76, -8, -91, -20, -110, -27, -128, -32, -128, -37, -128, -38, -128, -32, -128, -21, -128, -11, -128, -5, -128, 0, -128, 5, -128, 5, -128]",esp32_1
CSI_DATA,120209,2025-07-23 16:51:06.390,0,bend,00:00:00:00:00:00,-71,11,0,0,0,0,0,0,0,0,0,-97,0,1,0,1474048313,0,14,0,0,0,104,0,"[0, 0, -128, 127, -128, 127, -128, 127, -128, 127, -128, 127, -128, 127, -128, 127, -128, 127, -128, 127, -128, 127, -128, 127, -128, 127, -128, 115, -128, 100, -128, 98, -128, 93, -128, 84, -128, 77, -128, 76, -128, 80, -128, 77, -128, 70, -110, 70, -76, 70, -45, 63, 99, -128, 103, -128, 96, -128, 90, -128, 84, -128, 72, -128, 56, -128, 36, -127, 21, -111, 11, -92, 4, -74, -3, -50, -11, -27, -26, -18, -35, -16, -37, -8, -45, 0, -50, 4, -55, 14, -70, 26, -82, 37, -90, 49, -102, 62, -114, 78, -121, 97, -125, 110]",esp32_2
CSI_DATA,221039,2025-07-23 16:51:06.397,0,bend,00:00:00:00:00:00,-61,11,0,0,0,0,0,0,0,0,0,-97,0,1,0,2853440750,0,14,0,0,0,104,0,"[0, 0, -23, -65, -44, -36, -70, -13, -94, 2, -117, 12, -128, 19, -128, 20, -128, 19, -128, 15, -128, 10, -128, 4, -128, 1, -128, -2, -128, -2, -128, 0, -128, 4, -124, 11, -117, 20, -113, 29, -110, 37, -110, 42, -111, 47, -113, 48, -117, 46, -121, 42, 30, -68, 39, -74, 49, -78, 59, -82, 69, -85, 78, -82, 83, -76, 83, -71, 77, -67, 67, -64, 50, -65, 32, -68, 15, -72, -1, -85, -18, -104, -34, -126, -43, -128, -46, -128, -44, -128, -40, -128, -32, -128, -21, -128, -11, -128, -2, -128, 5, -128, 8, -128]",esp32_1
CSI_DATA,221040,2025-07-23 16:51:06.418,0,bend,00:00:00:00:00:00,-61,11,0,0,0,0,0,0,0,0,0,-97,0,1,0,2853475669,0,14,0,0,0,104,0,"[0, 0, -12, 68, 21, 55, 56, 45, 85, 44, 109, 47, 127, 51, 127, 58, 127, 66, 127, 73, 127, 80, 127, 85, 127, 86, 127, 83, 127, 77, 127, 69, 123, 59, 116, 47, 114, 35, 113, 24, 114, 13, 117, 7, 120, 6, 121, 7, 122, 12, 122, 18, -63, 41, -74, 41, -86, 37, -98, 34, -106, 32, -109, 28, -108, 20, -104, 14, -96, 15, -86, 21, -73, 30, -59, 42, -49, 57, -43, 76, -37, 98, -34, 123, -38, 127, -46, 127, -58, 127, -71, 127, -82, 127, -92, 127, -99, 127, -101, 127, -95, 127, -88, 127]",esp32_1
CSI_DATA,120210,2025-07-23 16:51:06.418,0,bend,00:00:00:00:00:00,-70,11,0,0,0,0,0,0,0,0,0,-97,0,1,0,1474084276,0,14,0,0,0,104,0,"[0, 0, -128, -91, -128, -92, -128, -97, -128, -99, -128, -99, -128, -105, -128, -109, -128, -113, -123, -119, -117, -125, -109, -128, -101, -128, -96, -128, -92, -128, -85, -128, -78, -128, -72, -128, -68, -128, -67, -128, -65, -128, -64, -120, -60, -97, -55, -71, -47, -47, -40, -31, 97, 57, 100, 56, 103, 55, 103, 52, 101, 42, 94, 29, 87, 19, 83, 12, 72, 5, 55, -2, 40, -9, 26, -11, 14, -9, 9, -10, 3, -13, -3, -20, -7, -26, -14, -29, -21, -32, -25, -37, -28, -40, -37, -45, -48, -57, -58, -66, -72, -71, -88, -73]",esp32_2
CSI_DATA,221041,2025-07-23 16:51:06.439,0,bend,00:00:00:00:00:00,-61,11,0,0,0,0,0,0,0,0,0,-97,0,1,0,2853512729,0,14,0,0,0,104,0,"[0, 0, 49, -51, 14, -63, -18, -80, -43, -97, -63, -113, -77, -128, -89, -128, -97, -128, -95, -128, -86, -128, -81, -128, -77, -128, -75, -128, -76, -128, -73, -128, -70, -128, -71, -116, -75, -103, -82, -94, -89, -88, -94, -85, -96, -86, -96, -90, -95, -94, -92, -98, 80, 1, 89, 7, 97, 16, 104, 26, 110, 37, 112, 45, 108, 51, 103, 52, 96, 47, 87, 40, 81, 25, 78, 7, 78, -11, 85, -33, 94, -59, 105, -85, 122, -105, 127, -117, 127, -122, 127, -121, 127, -116, 127, -111, 127, -97, 127, -80, 127, -68, 127, -58]",esp32_1
CSI_DATA,120211,2025-07-23 16:51:06.439,0,bend,00:00:00:00:00:00,-71,11,0,0,0,0,0,0,0,0,0,-97,0,1,0,1474109713,0,14,0,0,0,104,0,"[0, 0, -74, 126, -79, 127, -80, 127, -79, 127, -81, 127, -86, 127, -90, 127, -94, 127, -99, 121, -111, 119, -126, 119, -128, 114, -128, 106, -128, 100, -128, 96, -128, 96, -128, 96, -128, 92, -128, 87, -121, 80, -99, 72, -79, 64, -56, 57, -33, 52, -19, 46, 52, -96, 48, -100, 43, -99, 37, -100, 31, -100, 26, -95, 19, -87, 11, -81, 1, -69, -8, -55, -12, -45, -13, -36, -17, -24, -20, -11, -18, -1, -11, 8, -10, 8, -15, 8, -23, 17, -31, 24, -42, 28, -50, 37, -52, 51, -54, 64, -61, 76, -63, 86]",esp32_2
CSI_DATA,120212,2025-07-23 16:51:06.461,0,bend,00:00:00:00:00:00,-71,11,0,0,0,0,0,0,0,0,0,-97,0,1,0,1474150338,0,14,0,0,0,104,0,"[0, 0, -128, 28, -128, 34, -128, 36, -128, 37, -128, 35, -128, 33, -128, 30, -128, 24, -128, 11, -128, -4, -128, -18, -128, -31, -128, -42, -128, -53, -128, -61, -128, -66, -128, -68, -128, -64, -128, -57, -128, -47, -128, -35, -115, -21, -94, -7, -70, 5, -49, 13, 111, -30, 114, -34, 111, -39, 107, -43, 102, -47, 91, -53, 76, -56, 64, -53, 55, -47, 42, -42, 28, -36, 18, -28, 8, -21, -1, -17, -8, -13, -12, -9, -20, -6, -28, -6, -32, -5, -37, -6, -47, -7, -60, -7, -72, -7, -86, -3, -105, 3, -120, 5]",esp32_2
CSI_DATA,221042,2025-07-23 16:51:06.464,0,bend,00:00:00:00:00:00,-62,11,0,0,0,0,0,0,0,0,0,-97,0,1,0,2853539505,0,14,0,0,0,104,0,"[0, 0, -61, 35, -31, 49, 1, 66, 24, 91, 38, 115, 49, 127, 56, 127, 56, 127, 55, 127, 52, 127, 47, 127, 42, 127, 34, 127, 24, 127, 23, 127, 30, 126, 37, 112, 45, 102, 55, 94, 63, 91, 67, 90, 71, 88, 71, 91, 71, 98, 70, 103, -68, -23, -76, -30, -83, -41, -89, -51, -91, -60, -90, -67, -84, -70, -79, -68, -73, -63, -68, -52, -63, -38, -63, -22, -73, -4, -89, 15, -102, 32, -114, 46, -128, 59, -128, 67, -128, 72, -128, 74, -128, 69, -128, 57, -128, 48, -128, 41, -128, 32, -128, 26]",esp32_1
CSI_DATA,120213,2025-07-23 16:51:06.482,0,bend,00:00:00:00:00:00,-70,11,0,0,0,0,0,0,0,0,0,-97,0,1,0,1474172879,0,14,0,0,0,104,0,"[0, 0, -128, -39, -128, -36, -128, -36, -128, -35, -128, -35, -128, -39, -128, -47, -128, -58, -128, -68, -128, -79, -128, -93, -128, -106, -128, -118, -128, -128, -128, -128, -128, -128, -128, -128, -128, -128, -127, -123, -119, -107, -108, -89, -95, -69, -80, -47, -64, -25, -54, -8, 115, 15, 115, 14, 115, 9, 115, 4, 109, -2, 98, -8, 89, -14, 77, -19, 63, -21, 49, -22, 34, -23, 22, -19, 14, -13, 3, -11, -7, -12, -13, -11, -17, -12, -22, -15, -26, -16, -32, -19, -40, -25, -49, -33, -63, -38, -80, -38, -96, -40, -109, -45]",esp32_2
CSI_DATA,221043,2025-07-23 16:51:06.487,0,bend,00:00:00:00:00:00,-61,11,0,0,0,0,0,0,0,0,0,-97,0,1,0,2853574489,0,14,0,0,0,104,0,"[0, 0, -6, 74, 25, 59, 61, 49, 93, 48, 121, 50, 127, 52, 127, 58, 127, 66, 127, 77, 127, 87, 127, 92, 127, 93, 127, 92, 127, 86, 127, 76, 127, 64, 127, 50, 123, 37, 121, 24, 121, 14, 123, 9, 126, 10, 127, 13, 127, 17, 127, 19, -66, 47, -78, 45, -90, 42, -100, 40, -110, 38, -115, 34, -114, 29, -107, 25, -99, 23, -88, 24, -76, 34, -63, 47, -54, 62, -48, 84, -43, 109, -39, 127, -41, 127, -49, 127, -61, 127, -71, 127, -81, 127, -91, 127, -100, 127, -103, 127, -99, 127, -92, 127]",esp32_1
CSI_DATA,221044,2025-07-23 16:51:06.509,0,bend,00:00:00:00:00:00,-61,11,0,0,0,0,0,0,0,0,0,-97,0,1,0,2853634409,0,14,0,0,0,104,0,"[0, 0, 60, -28, 34, -48, 12, -71, -6, -99, -18, -124, -23, -128, -25, -128, -24, -128, -20, -128, -13, -128, -8, -128, -4, -128, 2, -128, 6, -128, 4, -128, -1, -128, -7, -128, -16, -120, -26, -114, -35, -109, -43, -109, -48, -111, -48, -112, -44, -116, -39, -120, 62, 31, 70, 37, 78, 48, 83, 60, 84, 70, 78, 76, 71, 79, 65, 78, 63, 71, 63, 59, 65, 46, 70, 29, 82, 12, 95, -3, 109, -17, 124, -28, 127, -36, 127, -41, 127, -41, 127, -37, 127, -29, 127, -19, 127, -9, 127, -2, 127, 4, 127, 8]",esp32_1
CSI_DATA,120214,2025-07-23 16:51:06.509,0,bend,00:00:00:00:00:00,-70,11,0,0,0,0,0,0,0,0,0,-97,0,1,0,1474207225,0,14,0,0,0,104,0,"[0, 0, -102, 104, -105, 114, -107, 119, -109, 121, -108, 120, -109, 115, -112, 111, -117, 106, -123, 98, -128, 91, -128, 83, -128, 74, -128, 64, -128, 55, -128, 50, -128, 49, -128, 47, -128, 45, -128, 44, -128, 45, -118, 45, -94, 43, -69, 41, -47, 37, -31, 33, 66, -83, 64, -85, 58, -87, 52, -87, 45, -87, 38, -84, 30, -78, 22, -71, 14, -63, 5, -55, -2, -44, -5, -33, -9, -23, -14, -12, -17, -3, -18, 0, -18, 3, -18, 5, -22, 9, -31, 14, -40, 19, -49, 24, -57, 31, -65, 43, -72, 60, -79, 70]",esp32_2
CSI_DATA,221045,2025-07-23 16:51:06.530,0,bend,00:00:00:00:00:00,-61,11,0,0,0,0,0,0,0,0,0,-97,0,1,0,2853660097,0,14,0,0,0,104,0,"[0, 0, -16, 62, 20, 49, 55, 39, 84, 37, 109, 40, 127, 43, 127, 49, 127, 55, 127, 62, 127, 69, 127, 74, 127, 76, 127, 75, 127, 70, 127, 64, 126, 52, 118, 37, 114, 23, 113, 10, 113, 0, 115, -6, 120, -9, 123, -10, 125, -7, 126, -3, -68, 33, -80, 31, -93, 27, -103, 23, -112, 19, -116, 14, -115, 7, -110, 1, -101, 1, -90, 5, -78, 17, -65, 31, -57, 47, -52, 69, -46, 95, -44, 123, -48, 127, -57, 127, -67, 127, -78, 127, -90, 127, -101, 127, -109, 127, -110, 127, -104, 127, -97, 127]",esp32_1
CSI_DATA,120215,2025-07-23 16:51:06.530,0,bend,00:00:00:00:00:00,-71,11,0,0,0,0,0,0,0,0,0,-97,0,1,0,1474253022,0,14,0,0,0,104,0,"[0, 0, -103, -111, -108, -115, -112, -114, -116, -114, -117, -113, -112, -113, -105, -114, -100, -119, -93, -128, -85, -128, -77, -128, -69, -128, -60, -128, -54, -128, -49, -128, -48, -128, -47, -128, -47, -128, -49, -128, -50, -128, -51, -122, -49, -100, -44, -74, -39, -47, -37, -28, 68, 83, 70, 80, 71, 78, 72, 74, 75, 67, 75, 56, 69, 45, 63, 35, 57, 26, 48, 15, 35, 5, 24, 0, 21, 0, 14, -1, 5, -6, -3, -14, -8, -21, -11, -25, -11, -27, -12, -31, -15, -40, -19, -51, -27, -59, -35, -66, -45, -76, -54, -85]",esp32_2
CSI_DATA,221046,2025-07-23 16:51:06.552,0,bend,00:00:00:00:00:00,-61,11,0,0,0,0,0,0,0,0,0,-97,0,1,0,2853694286,0,14,0,0,0,104,0,"[0, 0, -63, -38, -66, -1, -76, 32, -86, 62, -96, 87, -111, 106, -127, 117, -128, 125, -128, 124, -128, 122, -128, 120, -128, 115, -128, 108, -128, 102, -128, 96, -123, 91, -111, 88, -98, 87, -88, 90, -80, 96, -73, 102, -71, 105, -74, 106, -80, 105, -86, 103, -15, -79, -11, -88, -7, -98, -1, -107, 7, -114, 16, -118, 23, -116, 26, -110, 22, -102, 13, -94, 0, -89, -17, -82, -37, -76, -60, -77, -83, -84, -105, -94, -126, -110, -128, -126, -128, -128, -128, -128, -128, -128, -128, -128, -128, -128, -123, -128, -105, -128, -91, -128]",esp32_1
CSI_DATA,120216,2025-07-23 16:51:06.552,0,bend,00:00:00:00:00:00,-71,11,0,0,0,0,0,0,0,0,0,-97,0,1,0,1474305322,0,14,0,0,0,104,0,"[0, 0, -128, -27, -128, -25, -128, -25, -128, -27, -128, -25, -128, -25, -128, -30, -128, -37, -128, -48, -128, -61, -128, -75, -128, -88, -128, -99, -128, -109, -128, -115, -128, -117, -128, -115, -128, -109, -128, -99, -126, -85, -113, -70, -99, -52, -80, -31, -60, -12, -47, 0, 108, 29, 107, 25, 106, 20, 105, 13, 101, 5, 93, -1, 83, -6, 73, -12, 62, -16, 50, -17, 36, -17, 26, -15, 18, -10, 8, -7, -3, -9, -11, -11, -15, -13, -18, -16, -22, -15, -27, -13, -33, -18, -43, -26, -55, -31, -67, -33, -83, -34, -99, -34]",esp32_2
CSI_DATA,221047,2025-07-23 16:51:06.578,0,bend,00:00:00:00:00:00,-61,11,0,0,0,0,0,0,0,0,0,-97,0,1,0,2853719677,0,14,0,0,0,104,0,"[0, 0, -24, 67, 10, 60, 44, 57, 73, 59, 98, 63, 120, 71, 127, 82, 127, 91, 127, 101, 127, 112, 127, 118, 127, 120, 127, 117, 127, 105, 119, 94, 111, 83, 105, 68, 102, 52, 103, 41, 107, 31, 112, 27, 115, 27, 115, 30, 118, 34, 121, 38, -69, 29, -80, 27, -92, 20, -103, 14, -111, 9, -114, 5, -112, -1, -107, -4, -101, -3, -92, -1, -80, 8, -70, 22, -64, 39, -62, 62, -58, 87, -57, 112, -64, 127, -75, 127, -87, 127, -100, 127, -111, 127, -122, 127, -128, 127, -128, 127, -127, 127, -117, 119]",esp32_1
CSI_DATA,221048,2025-07-23 16:51:06.599,0,bend,00:00:00:00:00:00,-61,11,0,0,0,0,0,0,0,0,0,-97,0,1,0,2853768066,0,14,0,0,0,104,0,"[0, 0, 73, -1, 55, -32, 45, -64, 37, -98, 34, -128, 35, -128, 42, -128, 51, -128, 61, -128, 69, -128, 74, -128, 76, -128, 77, -128, 74, -128, 64, -128, 53, -128, 42, -128, 30, -123, 16, -123, 4, -123, -5, -125, -7, -128, -5, -128, 0, -128, 6, -128, 51, 60, 54, 69, 58, 82, 60, 94, 57, 105, 47, 111, 38, 113, 32, 110, 31, 102, 34, 90, 40, 77, 49, 61, 65, 45, 87, 32, 110, 22, 127, 19, 127, 20, 127, 24, 127, 28, 127, 37, 127, 50, 127, 63, 127, 75, 127, 79, 127, 78, 127, 76]",esp32_1
CSI_DATA,120218,2025-07-23 16:51:06.599,0,bend,00:00:00:00:00:00,-71,11,0,0,0,0,0,0,0,0,0,-97,0,1,0,1474356665,0,14,0,0,0,104,0,"[0, 0, 66, 127, 74, 127, 81, 127, 82, 127, 79, 127, 73, 127, 66, 127, 59, 127, 50, 127, 39, 127, 25, 127, 14, 127, 5, 127, -2, 127, -9, 127, -15, 127, -16, 127, -14, 127, -12, 127, -6, 127, 3, 126, 10, 106, 14, 83, 18, 60, 22, 42, -64, -91, -64, -88, -67, -84, -71, -79, -73, -74, -67, -66, -60, -55, -57, -46, -56, -35, -49, -24, -37, -13, -28, -6, -23, -3, -15, 0, -7, 5, -5, 10, -6, 13, -3, 16, 1, 24, 1, 33, 3, 40, 9, 51, 11, 67, 16, 79, 29, 89, 42, 98]",esp32_2
CSI_DATA,221049,2025-07-23 16:51:06.623,0,bend,00:00:00:00:00:00,-61,11,0,0,0,0,0,0,0,0,0,-97,0,1,0,2853793950,0,14,0,0,0,104,0,"[0, 0, 14, -64, -19, -55, -53, -50, -83, -52, -108, -56, -128, -61, -128, -68, -128, -75, -128, -84, -128, -91, -128, -96, -128, -99, -128, -98, -128, -91, -128, -81, -121, -69, -113, -56, -109, -43, -110, -31, -111, -21, -115, -15, -119, -13, -122, -13, -123, -16, -122, -21, 66, -34, 76, -33, 88, -29, 99, -23, 108, -18, 111, -13, 109, -8, 104, -4, 97, -5, 86, -11, 72, -23, 61, -37, 55, -54, 52, -74, 48, -98, 46, -123, 52, -128, 63, -128, 76, -128, 90, -128, 102, -128, 112, -128, 117, -128, 118, -128, 110, -128, 101, -126]",esp32_1
CSI_DATA,120219,2025-07-23 16:51:06.629,0,bend,00:00:00:00:00:00,-70,11,0,0,0,0,0,0,0,0,0,-97,0,1,0,1474390209,0,14,0,0,0,104,0,"[0, 0, 59, -128, 57, -128, 61, -128, 63, -128, 62, -128, 64, -128, 69, -128, 75, -128, 82, -128, 93, -128, 108, -128, 123, -128, 127, -128, 127, -128, 127, -124, 127, -120, 127, -117, 127, -114, 127, -111, 123, -107, 105, -100, 83, -89, 57, -75, 32, -61, 15, -50, -36, 114, -33, 116, -29, 115, -22, 112, -15, 106, -10, 99, -5, 93, 4, 86, 9, 74, 11, 59, 14, 44, 15, 32, 14, 20, 15, 10, 13, 1, 9, -7, 9, -12, 13, -15, 18, -17, 24, -19, 28, -27, 32, -40, 40, -52, 51, -65, 60, -84, 63, -103]",esp32_2
CSI_DATA,221050,2025-07-23 16:51:06.640,0,bend,00:00:00:00:00:00,-61,11,0,0,0,0,0,0,0,0,0,-97,0,1,0,2853828852,0,14,0,0,0,104,0,"[0, 0, 53, 37, 55, 1, 63, -32, 73, -61, 85, -84, 97, -104, 111, -117, 127, -124, 127, -127, 127, -126, 127, -121, 127, -115, 127, -107, 127, -98, 121, -91, 103, -86, 89, -84, 78, -87, 67, -93, 57, -99, 52, -105, 49, -109, 51, -111, 57, -112, 61, -111, 4, 74, 3, 83, -3, 92, -10, 101, -19, 109, -29, 113, -36, 112, -38, 105, -34, 96, -25, 87, -12, 80, 4, 73, 24, 68, 48, 68, 72, 73, 92, 85, 112, 101, 127, 116, 127, 127, 127, 127, 127, 127, 127, 127, 127, 127, 117, 127, 102, 127, 89, 127]",esp32_1
CSI_DATA,120220,2025-07-23 16:51:06.651,0,bend,00:00:00:00:00:00,-71,11,0,0,0,0,0,0,0,0,0,-97,0,1,0,1474415563,0,14,0,0,0,104,0,"[0, 0, 127, 122, 127, 124, 127, 127, 127, 127, 127, 127, 127, 127, 127, 127, 127, 127, 127, 127, 127, 127, 127, 127, 127, 127, 121, 127, 111, 127, 111, 127, 103, 127, 93, 127, 91, 127, 91, 127, 88, 127, 85, 127, 83, 127, 75, 101, 61, 60, 49, 33, -128, -74, -128, -69, -128, -67, -128, -63, -128, -52, -127, -35, -119, -25, -114, -21, -96, -9, -78, 7, -63, 17, -46, 17, -38, 15, -31, 20, -19, 26, -10, 24, -5, 25, 6, 34, 18, 40, 22, 42, 25, 48, 35, 60, 51, 78, 70, 94, 94, 104, 115, 113]",esp32_2
CSI_DATA,221051,2025-07-23 16:51:06.662,0,bend,00:00:00:00:00:00,-61,11,0,0,0,0,0,0,0,0,0,-97,0,1,0,2853865639,0,14,0,0,0,104,0,"[0, 0, 57, 28, 53, -6, 58, -41, 64, -71, 72, -94, 84, -113, 96, -128, 110, -128, 121, -128, 127, -128, 127, -128, 127, -128, 126, -123, 119, -116, 107, -109, 92, -101, 79, -98, 67, -100, 56, -102, 46, -104, 40, -108, 38, -112, 39, -114, 43, -115, 48, -115, 18, 75, 14, 83, 9, 93, 3, 102, -5, 110, -12, 113, -17, 111, -19, 106, -18, 98, -11, 88, 1, 78, 17, 68, 36, 60, 58, 60, 83, 63, 108, 72, 127, 85, 127, 98, 127, 108, 127, 121, 127, 127, 127, 127, 127, 127, 127, 127, 117, 127, 102, 125]",esp32_1
CSI_DATA,120221,2025-07-23 16:51:06.672,0,bend,00:00:00:00:00:00,-71,11,0,0,0,0,0,0,0,0,0,-97,0,1,0,1474455475,0,14,0,0,0,104,0,"[0, 0, -128, -23, -128, -16, -128, -14, -128, -16, -128, -18, -128, -18, -128, -23, -128, -35, -128, -48, -128, -60, -128, -75, -128, -90, -128, -105, -128, -118, -128, -127, -128, -128, -128, -128, -128, -127, -128, -116, -128, -102, -122, -84, -107, -62, -92, -40, -76, -19, -62, -6, 123, -7, 124, -7, 121, -10, 116, -16, 112, -21, 104, -25, 91, -30, 82, -33, 69, -32, 50, -32, 34, -30, 23, -23, 15, -17, 8, -15, 1, -13, -6, -12, -12, -12, -16, -14, -19, -14, -29, -18, -41, -26, -55, -29, -70, -32, -86, -33, -104, -33, -119, -35]",esp32_2
CSI_DATA,221052,2025-07-23 16:51:06.690,0,bend,00:00:00:00:00:00,-61,11,0,0,0,0,0,0,0,0,0,-97,0,1,0,2853925094,0,14,0,0,0,104,0,"[0, 0, 65, 0, 49, -31, 40, -62, 34, -92, 27, -118, 26, -128, 28, -128, 33, -128, 48, -128, 63, -128, 69, -128, 69, -128, 65, -128, 56, -128, 48, -128, 41, -128, 28, -125, 12, -117, -2, -114, -13, -113, -19, -116, -16, -120, -11, -122, -7, -122, -4, -122, 35, 62, 38, 71, 38, 85, 34, 98, 31, 106, 26, 108, 23, 106, 21, 101, 20, 94, 19, 86, 24, 75, 37, 63, 55, 55, 76, 46, 99, 35, 122, 28, 127, 29, 127, 36, 127, 44, 127, 52, 127, 60, 127, 69, 127, 83, 127, 93, 127, 91, 127, 85]",esp32_1
CSI_DATA,120222,2025-07-23 16:51:06.694,0,bend,00:00:00:00:00:00,-70,11,0,0,0,0,0,0,0,0,0,-97,0,1,0,1474490167,0,14,0,0,0,104,0,"[0, 0, 60, 127, 68, 127, 75, 127, 77, 127, 77, 127, 76, 127, 72, 127, 62, 127, 52, 127, 41, 127, 27, 127, 13, 127, 4, 127, -5, 127, -12, 127, -14, 127, -15, 127, -14, 127, -10, 127, -5, 127, 2, 126, 8, 106, 11, 85, 14, 61, 19, 41, -63, -83, -66, -82, -70, -81, -72, -77, -74, -68, -72, -58, -68, -50, -64, -43, -55, -33, -46, -22, -39, -13, -33, -9, -26, -6, -20, -1, -14, 5, -9, 11, -6, 16, -4, 17, 0, 23, 1, 31, 1, 39, 4, 48, 10, 60, 17, 73, 26, 85, 36, 97]",esp32_2
CSI_DATA,221053,2025-07-23 16:51:06.712,0,bend,00:00:00:00:00:00,-61,11,0,0,0,0,0,0,0,0,0,-97,0,1,0,2853949518,0,14,0,0,0,104,0,"[0, 0, -56, -50, -61, -16, -73, 15, -84, 42, -98, 67, -116, 86, -128, 95, -128, 100, -128, 99, -128, 92, -128, 86, -128, 79, -128, 71, -128, 67, -128, 63, -125, 62, -106, 61, -92, 67, -84, 77, -75, 84, -73, 93, -77, 100, -79, 98, -81, 92, -83, 88, 4, -75, 7, -82, 12, -95, 19, -104, 30, -110, 37, -108, 41, -105, 45, -102, 43, -97, 34, -92, 22, -84, 2, -76, -21, -76, -40, -78, -58, -85, -78, -98, -95, -114, -110, -128, -120, -128, -128, -128, -128, -128, -125, -128, -113, -128, -95, -128, -77, -128, -66, -128]",esp32_1
CSI_DATA,120223,2025-07-23 16:51:06.718,0,bend,00:00:00:00:00:00,-71,11,0,0,0,0,0,0,0,0,0,-97,0,1,0,1474550287,0,14,0,0,0,104,0,"[0, 0, -114, 109, -115, 121, -120, 127, -127, 127, -128, 126, -128, 119, -128, 116, -128, 110, -128, 103, -128, 96, -128, 90, -128, 82, -128, 70, -128, 60, -128, 52, -128, 44, -128, 37, -128, 36, -128, 36, -128, 37, -128, 40, -114, 42, -86, 41, -58, 39, -38, 36, 72, -98, 69, -99, 60, -100, 54, -104, 50, -106, 44, -106, 34, -101, 22, -94, 12, -83, 5, -68, -2, -57, -9, -47, -16, -35, -20, -25, -24, -16, -27, -10, -29, -8, -30, -3, -36, 6, -51, 13, -60, 16, -62, 22, -66, 32, -74, 45, -83, 59, -85, 69]",esp32_2
CSI_DATA,221054,2025-07-23 16:51:06.734,0,bend,00:00:00:00:00:00,-61,11,0,0,0,0,0,0,0,0,0,-97,0,1,0,2853975654,0,14,0,0,0,104,0,"[0, 0, 64, 16, 54, -19, 51, -54, 51, -89, 52, -118, 58, -128, 68, -128, 78, -128, 86, -128, 95, -128, 100, -128, 100, -128, 94, -128, 86, -128, 76, -128, 64, -127, 53, -121, 41, -119, 27, -117, 14, -116, 6, -118, 3, -123, 5, -127, 10, -128, 16, -128, 24, 72, 25, 83, 24, 95, 20, 105, 12, 114, 1, 119, -6, 117, -9, 109, -6, 99, 2, 89, 12, 79, 27, 68, 47, 58, 73, 53, 98, 51, 121, 53, 127, 61, 127, 71, 127, 83, 127, 95, 127, 106, 127, 117, 127, 126, 127, 126, 127, 118, 127, 112]",esp32_1
CSI_DATA,120224,2025-07-23 16:51:06.744,0,bend,00:00:00:00:00:00,-71,11,0,0,0,0,0,0,0,0,0,-97,0,1,0,1474575847,0,14,0,0,0,104,0,"[0, 0, 110, -128, 114, -128, 117, -128, 116, -128, 117, -128, 121, -128, 125, -128, 127, -128, 127, -128, 127, -121, 127, -112, 127, -101, 127, -91, 127, -85, 127, -80, 127, -74, 127, -69, 127, -68, 127, -67, 127, -66, 127, -64, 115, -59, 87, -54, 58, -49, 36, -44, -62, 115, -59, 114, -52, 113, -44, 111, -39, 109, -34, 107, -26, 100, -17, 91, -7, 80, 1, 66, 6, 53, 11, 38, 13, 24, 12, 15, 10, 8, 13, 1, 16, -4, 18, -7, 23, -9, 33, -13, 45, -20, 59, -27, 70, -36, 78, -52, 86, -69, 95, -82]",esp32_2
CSI_DATA,221055,2025-07-23 16:51:06.754,0,bend,00:00:00:00:00:00,-61,11,0,0,0,0,0,0,0,0,0,-97,0,1,0,2854010771,0,14,0,0,0,104,0,"[0, 0, 13, 72, 40, 45, 69, 22, 96, 9, 120, 0, 127, -6, 127, -6, 127, -4, 127, -1, 127, 5, 127, 13, 127, 19, 127, 22, 127, 21, 127, 17, 127, 11, 127, 1, 121, -11, 117, -23, 113, -32, 112, -38, 115, -42, 118, -45, 122, -44, 126, -41, -42, 69, -53, 72, -65, 74, -77, 75, -88, 77, -97, 75, -100, 69, -99, 61, -92, 56, -79, 54, -62, 58, -46, 63, -29, 70, -11, 85, 5, 106, 17, 127, 25, 127, 29, 127, 27, 127, 18, 127, 7, 127, -5, 127, -15, 127, -20, 127, -24, 127, -26, 127]",esp32_1
CSI_DATA,120225,2025-07-23 16:51:06.766,0,bend,00:00:00:00:00:00,-71,11,0,0,0,0,0,0,0,0,0,-97,0,1,0,1474610199,0,14,0,0,0,104,0,"[0, 0, 127, 27, 127, 24, 127, 21, 127, 18, 127, 16, 127, 18, 127, 26, 127, 37, 127, 48, 127, 60, 127, 74, 127, 88, 127, 100, 127, 112, 127, 121, 127, 122, 127, 120, 127, 114, 127, 104, 120, 92, 107, 78, 93, 62, 80, 41, 67, 21, 55, 8, -119, 6, -119, 11, -115, 16, -113, 20, -108, 27, -99, 35, -88, 38, -79, 36, -66, 36, -51, 36, -34, 34, -21, 28, -15, 21, -11, 22, -1, 24, 5, 20, 5, 20, 12, 25, 23, 25, 28, 26, 36, 29, 50, 32, 61, 34, 74, 34, 91, 34, 107, 36]",esp32_2
CSI_DATA,221056,2025-07-23 16:51:06.780,0,bend,00:00:00:00:00:00,-61,11,0,0,0,0,0,0,0,0,0,-97,0,1,0,2854036243,0,14,0,0,0,104,0,"[0, 0, -87, 12, -60, 46, -40, 80, -23, 118, -13, 127, -10, 127, -14, 127, -21, 127, -31, 127, -41, 127, -47, 127, -50, 127, -50, 127, -49, 127, -42, 127, -30, 127, -17, 127, -3, 127, 12, 127, 26, 127, 37, 127, 42, 127, 41, 127, 36, 127, 30, 127, -63, -70, -68, -82, -74, -97, -75, -111, -69, -124, -60, -128, -52, -128, -45, -127, -43, -118, -46, -103, -50, -86, -61, -66, -83, -45, -108, -26, -128, -12, -128, -5, -128, -3, -128, -3, -128, -5, -128, -12, -128, -25, -128, -41, -128, -56, -128, -65, -128, -64, -128, -62]",esp32_1
CSI_DATA,120226,2025-07-23 16:51:06.790,0,bend,00:00:00:00:00:00,-71,11,0,0,0,0,0,0,0,0,0,-97,0,1,0,1474635657,0,14,0,0,0,104,0,"[0, 0, -116, 118, -120, 127, -121, 127, -121, 127, -121, 127, -122, 127, -123, 127, -128, 125, -128, 112, -128, 96, -128, 85, -128, 78, -128, 72, -128, 65, -128, 58, -128, 56, -128, 56, -128, 57, -128, 59, -128, 55, -128, 52, -111, 50, -84, 47, -58, 47, -38, 44, 70, -99, 70, -103, 63, -106, 55, -108, 49, -107, 38, -106, 25, -100, 18, -92, 14, -83, 4, -71, -7, -62, -15, -53, -21, -36, -22, -21, -21, -11, -24, -7, -30, -5, -34, 4, -38, 12, -44, 14, -50, 15, -54, 22, -62, 34, -73, 45, -86, 56, -96, 67]",esp32_2
CSI_DATA,221057,2025-07-23 16:51:06.802,0,bend,00:00:00:00:00:00,-61,11,0,0,0,0,0,0,0,0,0,-97,0,1,0,2854070247,0,14,0,0,0,104,0,"[0, 0, 58, 45, 59, 8, 67, -28, 77, -57, 89, -80, 104, -99, 122, -113, 127, -119, 127, -122, 127, -120, 127, -116, 127, -108, 127, -97, 127, -84, 127, -75, 116, -72, 99, -73, 89, -78, 79, -85, 71, -92, 66, -100, 62, -104, 63, -105, 71, -106, 78, -105, 8, 76, 7, 85, 2, 95, -5, 104, -14, 112, -22, 114, -28, 112, -31, 110, -28, 103, -19, 91, -8, 81, 8, 74, 29, 70, 52, 71, 74, 76, 94, 88, 113, 104, 127, 117, 127, 127, 127, 127, 127, 127, 127, 127, 127, 127, 125, 127, 107, 127, 97, 127]",esp32_1
CSI_DATA,120227,2025-07-23 16:51:06.813,0,bend,00:00:00:00:00:00,-71,11,0,0,0,0,0,0,0,0,0,-97,0,1,0,1474697976,0,14,0,0,0,104,0,"[0, 0, -128, 1, -128, 5, -128, 4, -128, 6, -128, 10, -128, 6, -128, -3, -128, -13, -128, -25, -128, -39, -128, -55, -128, -68, -128, -83, -128, -98, -128, -108, -128, -116, -128, -117, -128, -111, -128, -99, -128, -85, -128, -71, -121, -55, -101, -36, -75, -13, -58, 5, 126, -36, 123, -43, 117, -49, 109, -53, 104, -57, 98, -58, 88, -59, 75, -60, 60, -56, 45, -53, 30, -52, 18, -45, 10, -35, 0, -30, -9, -28, -12, -25, -13, -24, -17, -24, -25, -25, -36, -28, -46, -28, -58, -24, -76, -21, -94, -19, -112, -17, -126, -21]",esp32_2
CSI_DATA,120228,2025-07-23 16:51:06.834,0,bend,00:00:00:00:00:00,-71,11,0,0,0,0,0,0,0,0,0,-97,0,1,0,1474764817,0,14,0,0,0,104,0,"[0, 0, -108, 107, -112, 119, -113, 124, -112, 126, -111, 123, -113, 120, -118, 116, -126, 107, -128, 99, -128, 91, -128, 80, -128, 68, -128, 59, -128, 51, -128, 47, -128, 44, -128, 40, -128, 39, -128, 41, -128, 40, -128, 40, -109, 41, -82, 41, -57, 41, -38, 41, 58, -99, 56, -99, 53, -101, 47, -102, 39, -100, 30, -98, 21, -93, 14, -85, 8, -74, 3, -61, -2, -48, -5, -35, -9, -22, -14, -13, -15, -9, -15, -4, -18, 0, -22, 4, -27, 7, -34, 9, -40, 13, -48, 19, -61, 29, -72, 39, -78, 50, -83, 60]",esp32_2
CSI_DATA,120229,2025-07-23 16:51:06.855,0,bend,00:00:00:00:00:00,-70,11,0,0,0,0,0,0,0,0,0,-97,0,1,0,1474795348,0,14,0,0,0,104,0,"[0, 0, -128, -27, -128, -25, -128, -21, -128, -19, -128, -19, -128, -23, -128, -29, -128, -35, -128, -42, -128, -53, -128, -67, -128, -81, -128, -93, -128, -103, -128, -110, -128, -111, -128, -111, -128, -108, -124, -100, -115, -89, -105, -76, -93, -58, -78, -38, -63, -21, -50, -9, 108, -2, 107, -6, 105, -11, 103, -15, 100, -20, 94, -26, 83, -29, 73, -31, 61, -31, 47, -30, 33, -29, 20, -24, 11, -19, 6, -17, 0, -15, -4, -12, -6, -14, -10, -17, -16, -17, -23, -17, -32, -23, -41, -29, -53, -30, -68, -29, -81, -29, -89, -30]",esp32_2
CSI_DATA,120230,2025-07-23 16:51:06.875,0,bend,00:00:00:00:00:00,-70,11,0,0,0,0,0,0,0,0,0,-97,0,1,0,1474820799,0,14,0,0,0,104,0,"[0, 0, -128, -17, -128, -13, -128, -10, -128, -10, -128, -9, -128, -11, -128, -18, -128, -25, -128, -34, -128, -46, -128, -58, -128, -71, -128, -85, -128, -98, -128, -107, -128, -109, -128, -106, -128, -101, -128, -93, -118, -82, -106, -69, -96, -56, -82, -36, -64, -16, -48, -4, 104, -16, 103, -18, 102, -21, 100, -26, 95, -30, 89, -34, 80, -37, 69, -39, 57, -40, 44, -37, 30, -34, 18, -30, 10, -22, 6, -17, -1, -16, -8, -14, -12, -13, -15, -15, -21, -17, -27, -18, -34, -21, -45, -25, -58, -26, -72, -25, -87, -25, -98, -26]",esp32_2
CSI_DATA,120231,2025-07-23 16:51:06.897,0,bend,00:00:00:00:00:00,-71,11,0,0,0,0,0,0,0,0,0,-97,0,1,0,1474857439,0,14,0,0,0,104,0,"[0, 0, 43, -128, 39, -128, 39, -128, 41, -128, 44, -128, 51, -128, 59, -128, 65, -128, 73, -128, 82, -128, 94, -128, 108, -128, 126, -128, 127, -128, 127, -128, 127, -128, 127, -126, 127, -120, 127, -114, 127, -108, 109, -102, 86, -91, 59, -75, 38, -61, 21, -52, 14, 123, 18, 121, 20, 122, 23, 120, 33, 112, 42, 103, 44, 96, 42, 87, 43, 73, 42, 56, 35, 37, 30, 24, 31, 15, 31, 9, 28, 2, 26, -6, 29, -10, 33, -15, 33, -24, 33, -32, 39, -38, 48, -48, 49, -61, 44, -76, 46, -93, 52, -103]",esp32_2
CSI_DATA,221060,2025-07-23 16:51:06.908,0,bend,00:00:00:00:00:00,-61,11,0,0,0,0,0,0,0,0,0,-97,0,1,0,2854204969,0,14,0,0,0,104,0,"[0, 0, 70, 1, 52, -29, 43, -61, 37, -94, 32, -122, 33, -128, 37, -128, 45, -128, 58, -128, 70, -128, 74, -128, 76, -128, 74, -128, 71, -128, 65, -128, 55, -128, 42, -125, 28, -121, 16, -118, 5, -117, -2, -120, -4, -125, -2, -127, 3, -126, 8, -126, 44, 60, 47, 70, 50, 82, 50, 93, 46, 102, 39, 108, 32, 109, 27, 105, 28, 96, 32, 86, 37, 75, 48, 61, 66, 48, 87, 36, 107, 28, 127, 26, 127, 29, 127, 33, 127, 37, 127, 45, 127, 56, 127, 68, 127, 79, 127, 84, 127, 81, 127, 77]",esp32_1
CSI_DATA,120232,2025-07-23 16:51:06.928,0,bend,00:00:00:00:00:00,-70,11,0,0,0,0,0,0,0,0,0,-97,0,1,0,1474879791,0,14,0,0,0,104,0,"[0, 0, -65, -128, -73, -128, -82, -128, -86, -128, -86, -128, -79, -128, -70, -128, -64, -128, -52, -128, -34, -128, -19, -128, -11, -128, -4, -128, 6, -128, 14, -128, 18, -128, 20, -128, 18, -128, 16, -128, 11, -128, 3, -128, -5, -125, -11, -100, -16, -73, -22, -53, 78, 90, 82, 88, 87, 84, 91, 79, 94, 73, 87, 62, 79, 50, 77, 38, 73, 26, 65, 19, 52, 12, 41, 2, 36, -7, 28, -13, 18, -18, 10, -21, 8, -22, 13, -27, 11, -33, 4, -39, 0, -45, 1, -58, -1, -72, -11, -82, -22, -93, -29, -103]",esp32_2
CSI_DATA,221061,2025-07-23 16:51:06.930,0,bend,00:00:00:00:00:00,-61,11,0,0,0,0,0,0,0,0,0,-97,0,1,0,2854229370,0,14,0,0,0,104,0,"[0, 0, 31, -74, -2, -68, -37, -66, -66, -74, -89, -86, -110, -97, -126, -109, -128, -120, -128, -128, -128, -128, -128, -128, -128, -128, -122, -128, -110, -128, -100, -123, -94, -108, -89, -94, -88, -82, -92, -72, -97, -63, -103, -58, -110, -55, -112, -54, -111, -58, -109, -65, 65, -42, 76, -41, 90, -37, 102, -32, 112, -27, 116, -20, 115, -12, 111, -6, 105, -5, 95, -12, 82, -24, 69, -38, 62, -54, 60, -72, 57, -93, 56, -115, 63, -128, 75, -128, 88, -128, 104, -128, 121, -128, 127, -128, 127, -128, 127, -128, 122, -128, 114, -128]",esp32_1
CSI_DATA,120233,2025-07-23 16:51:06.949,0,bend,00:00:00:00:00:00,-70,11,0,0,0,0,0,0,0,0,0,-97,0,1,0,1474905231,0,14,0,0,0,104,0,"[0, 0, 127, 127, 127, 127, 127, 127, 127, 127, 127, 127, 127, 127, 127, 127, 127, 127, 117, 127, 95, 127, 76, 127, 63, 127, 51, 127, 38, 127, 30, 127, 25, 127, 20, 127, 21, 127, 26, 127, 29, 127, 31, 127, 33, 127, 37, 127, 41, 95, 41, 68, -128, -100, -128, -98, -128, -94, -128, -85, -128, -72, -128, -59, -127, -46, -117, -31, -105, -17, -87, -8, -72, -5, -59, 0, -46, 8, -34, 13, -25, 14, -16, 16, -8, 22, -4, 26, 0, 29, 5, 39, 7, 51, 9, 66, 19, 89, 36, 107, 56, 123, 74, 127]",esp32_2
CSI_DATA,221062,2025-07-23 16:51:06.956,0,bend,00:00:00:00:00:00,-61,11,0,0,0,0,0,0,0,0,0,-97,0,1,0,2854256832,0,14,0,0,0,104,0,"[0, 0, 68, 17, 54, -18, 49, -51, 48, -82, 53, -108, 60, -128, 69, -128, 80, -128, 92, -128, 100, -128, 103, -128, 103, -128, 103, -128, 99, -128, 86, -124, 72, -114, 60, -107, 49, -105, 39, -106, 28, -107, 20, -111, 16, -116, 18, -118, 22, -120, 27, -120, 36, 64, 39, 73, 40, 85, 37, 95, 32, 105, 24, 111, 15, 111, 9, 107, 10, 99, 15, 89, 23, 77, 37, 65, 55, 53, 76, 43, 96, 38, 115, 38, 127, 44, 127, 52, 127, 59, 127, 69, 127, 82, 127, 93, 127, 102, 127, 104, 127, 100, 127, 96]",esp32_1
CSI_DATA,120234,2025-07-23 16:51:06.971,0,bend,00:00:00:00:00:00,-71,11,0,0,0,0,0,0,0,0,0,-97,0,1,0,1474940850,0,14,0,0,0,104,0,"[0, 0, 110, -76, 115, -84, 121, -88, 122, -91, 120, -91, 120, -87, 123, -83, 124, -77, 127, -68, 127, -57, 127, -49, 127, -40, 127, -28, 127, -16, 127, -9, 127, -5, 127, -5, 127, -7, 127, -10, 127, -14, 125, -15, 105, -16, 83, -19, 62, -23, 46, -24, -69, 83, -67, 84, -61, 84, -53, 84, -46, 85, -40, 84, -33, 79, -24, 73, -16, 65, -10, 56, -5, 46, 1, 36, 5, 30, 8, 23, 8, 14, 9, 7, 13, 7, 17, 9, 21, 5, 26, 0, 36, -1, 47, -4, 58, -10, 68, -18, 79, -27, 85, -35]",esp32_2
CSI_DATA,221063,2025-07-23 16:51:06.975,0,bend,00:00:00:00:00:00,-61,11,0,0,0,0,0,0,0,0,0,-97,0,1,0,2854290422,0,14,0,0,0,104,0,"[0, 0, 75, 23, 63, -12, 61, -46, 63, -78, 67, -104, 76, -127, 89, -128, 104, -128, 116, -128, 122, -128, 126, -128, 127, -128, 127, -128, 126, -126, 114, -115, 99, -107, 85, -102, 72, -102, 60, -105, 50, -108, 44, -111, 41, -116, 43, -118, 49, -119, 55, -118, 43, 66, 46, 75, 47, 86, 44, 97, 39, 108, 31, 116, 24, 117, 19, 115, 19, 108, 23, 97, 31, 84, 41, 70, 57, 56, 78, 47, 100, 45, 122, 49, 127, 55, 127, 62, 127, 70, 127, 82, 127, 94, 127, 108, 127, 119, 127, 119, 127, 112, 127, 105]",esp32_1
CSI_DATA,221064,2025-07-23 16:51:06.996,0,bend,00:00:00:00:00:00,-61,11,0,0,0,0,0,0,0,0,0,-97,0,1,0,2854314751,0,14,0,0,0,104,0,"[0, 0, -50, 87, -5, 81, 41, 84, 77, 95, 106, 111, 127, 127, 127, 127, 127, 127, 127, 127, 127, 127, 127, 127, 127, 127, 127, 127, 121, 127, 109, 127, 101, 127, 97, 127, 97, 124, 103, 111, 110, 101, 116, 94, 123, 87, 127, 85, 127, 90, 127, 97, -91, 46, -104, 44, -118, 39, -128, 33, -128, 27, -128, 18, -128, 8, -128, 3, -128, 4, -119, 17, -106, 36, -91, 53, -80, 71, -78, 95, -84, 121, -95, 127, -108, 127, -119, 127, -128, 127, -128, 127, -128, 127, -128, 127, -128, 127, -128, 127, -128, 127, -128, 127]",esp32_1
CSI_DATA,120235,2025-07-23 16:51:06.996,0,bend,00:00:00:00:00:00,-71,11,0,0,0,0,0,0,0,0,0,-97,0,1,0,1474970927,0,14,0,0,0,104,0,"[0, 0, 127, -43, 127, -47, 127, -52, 127, -56, 127, -56, 127, -53, 127, -47, 127, -38, 127, -28, 127, -16, 127, -3, 127, 7, 127, 19, 127, 30, 127, 40, 127, 45, 127, 44, 127, 40, 127, 38, 127, 33, 127, 24, 116, 15, 93, 3, 69, -9, 52, -14, -95, 61, -93, 61, -90, 64, -84, 68, -76, 73, -70, 74, -60, 72, -49, 69, -39, 63, -30, 54, -21, 47, -14, 40, -6, 33, 0, 25, 2, 16, 2, 10, 7, 9, 15, 8, 21, 7, 27, 8, 36, 8, 47, 6, 61, 5, 75, 3, 86, -2, 95, -8]",esp32_2
CSI_DATA,120236,2025-07-23 16:51:07.018,0,bend,00:00:00:00:00:00,-70,11,0,0,0,0,0,0,0,0,0,-97,0,1,0,1475003629,0,14,0,0,0,104,0,"[0, 0, -74, 127, -74, 127, -75, 127, -76, 127, -73, 127, -74, 127, -81, 127, -89, 127, -99, 127, -112, 127, -128, 125, -128, 119, -128, 109, -128, 102, -128, 99, -128, 95, -128, 90, -128, 86, -128, 83, -128, 83, -128, 80, -105, 73, -81, 65, -58, 59, -40, 54, 11, -126, 10, -126, 6, -124, -1, -121, -7, -116, -12, -110, -16, -101, -19, -92, -20, -81, -20, -67, -21, -51, -22, -36, -19, -25, -18, -17, -17, -11, -15, -5, -15, -1, -18, 3, -24, 9, -33, 13, -41, 20, -47, 30, -52, 43, -59, 59, -66, 80, -70, 97]",esp32_2
CSI_DATA,221065,2025-07-23 16:51:07.019,0,bend,00:00:00:00:00:00,-61,11,0,0,0,0,0,0,0,0,0,-97,0,1,0,2854339748,0,14,0,0,0,104,0,"[0, 0, -34, 68, 1, 62, 34, 62, 66, 69, 92, 80, 113, 91, 127, 102, 127, 112, 127, 122, 127, 127, 127, 127, 126, 127, 118, 127, 107, 127, 98, 117, 92, 102, 88, 88, 88, 75, 92, 63, 97, 52, 104, 47, 108, 47, 109, 48, 109, 52, 108, 57, -68, 26, -80, 26, -95, 25, -108, 21, -115, 14, -117, 5, -115, -2, -110, -6, -104, -6, -96, 0, -85, 8, -74, 21, -68, 42, -65, 66, -63, 88, -65, 108, -73, 127, -85, 127, -98, 127, -112, 127, -124, 127, -128, 127, -128, 127, -128, 127, -128, 127, -123, 118]",esp32_1
CSI_DATA,221066,2025-07-23 16:51:07.045,0,bend,00:00:00:00:00:00,-62,11,0,0,0,0,0,0,0,0,0,-97,0,1,0,2854368759,0,14,0,0,0,104,0,"[0, 0, 32, 64, 47, 34, 68, 7, 90, -13, 110, -28, 127, -38, 127, -42, 127, -41, 127, -38, 127, -34, 127, -28, 127, -22, 127, -16, 127, -13, 127, -12, 127, -14, 120, -19, 111, -28, 105, -37, 100, -46, 97, -53, 98, -57, 101, -58, 106, -57, 108, -54, -18, 75, -24, 81, -34, 86, -44, 91, -53, 97, -61, 96, -67, 93, -70, 86, -65, 79, -54, 76, -40, 75, -23, 75, -6, 76, 12, 84, 30, 98, 45, 116, 58, 127, 68, 127, 73, 127, 72, 127, 67, 127, 58, 127, 48, 127, 37, 127, 28, 127, 25, 127]",esp32_1
CSI_DATA,120237,2025-07-23 16:51:07.045,0,bend,00:00:00:00:00:00,-71,11,0,0,0,0,0,0,0,0,0,-97,0,1,0,1475064559,0,14,0,0,0,104,0,"[0, 0, -128, -80, -128, -84, -128, -89, -128, -93, -128, -93, -128, -93, -128, -96, -128, -101, -128, -109, -122, -123, -116, -128, -111, -128, -106, -128, -104, -128, -99, -128, -90, -128, -85, -128, -85, -128, -85, -128, -83, -128, -77, -119, -69, -99, -60, -77, -52, -52, -45, -34, 114, 33, 117, 27, 119, 23, 121, 19, 122, 10, 114, -1, 101, -8, 93, -13, 89, -19, 77, -25, 55, -26, 41, -26, 34, -26, 23, -23, 9, -24, 1, -25, 0, -27, -4, -32, -12, -31, -19, -32, -23, -38, -31, -47, -43, -58, -56, -63, -66, -71, -69, -83]",esp32_2
CSI_DATA,221067,2025-07-23 16:51:07.067,0,bend,00:00:00:00:00:00,-61,11,0,0,0,0,0,0,0,0,0,-97,0,1,0,2854412723,0,14,0,0,0,104,0,"[0, 0, 10, 84, 38, 59, 69, 37, 98, 26, 126, 21, 127, 18, 127, 19, 127, 23, 127, 30, 127, 40, 127, 48, 127, 54, 127, 56, 127, 53, 127, 47, 127, 39, 127, 28, 125, 15, 121, 3, 119, -7, 121, -14, 126, -17, 127, -16, 127, -12, 127, -7, -43, 74, -54, 79, -68, 81, -81, 82, -91, 83, -97, 80, -100, 74, -98, 69, -92, 65, -83, 63, -67, 66, -50, 72, -35, 80, -20, 96, -5, 116, 8, 127, 14, 127, 15, 127, 12, 127, 4, 127, -4, 127, -15, 127, -26, 127, -33, 127, -36, 127, -35, 127]",esp32_1
CSI_DATA,120238,2025-07-23 16:51:07.071,0,bend,00:00:00:00:00:00,-70,11,0,0,0,0,0,0,0,0,0,-97,0,1,0,1475088906,0,14,0,0,0,104,0,"[0, 0, -128, -55, -128, -58, -128, -54, -128, -54, -128, -55, -128, -56, -128, -61, -128, -68, -128, -77, -128, -90, -128, -108, -128, -123, -128, -128, -128, -128, -128, -128, -125, -128, -120, -128, -115, -128, -112, -128, -108, -124, -101, -105, -90, -83, -76, -60, -65, -38, -57, -23, 119, 17, 120, 11, 120, 4, 121, -2, 120, -9, 109, -16, 96, -23, 88, -29, 78, -33, 62, -37, 46, -40, 34, -34, 29, -27, 24, -25, 15, -23, 8, -22, 0, -31, -13, -36, -22, -28, -21, -24, -24, -32, -33, -39, -47, -41, -61, -43, -77, -48, -89, -48]",esp32_2
CSI_DATA,221068,2025-07-23 16:51:07.092,0,bend,00:00:00:00:00:00,-61,11,0,0,0,0,0,0,0,0,0,-97,0,1,0,2854450251,0,14,0,0,0,104,0,"[0, 0, 69, 23, 61, -11, 59, -46, 60, -78, 63, -105, 70, -128, 79, -128, 91, -128, 106, -128, 118, -128, 122, -128, 119, -128, 113, -128, 107, -128, 96, -123, 83, -114, 70, -107, 57, -106, 46, -108, 33, -109, 24, -112, 24, -116, 29, -117, 34, -117, 39, -116, 28, 69, 31, 80, 31, 93, 28, 103, 21, 113, 11, 119, 4, 119, 1, 114, 2, 106, 6, 97, 14, 88, 26, 78, 45, 69, 67, 60, 89, 56, 110, 58, 127, 65, 127, 73, 127, 81, 127, 91, 127, 102, 127, 116, 127, 127, 127, 127, 127, 123, 127, 113]",esp32_1
CSI_DATA,221069,2025-07-23 16:51:07.115,0,bend,00:00:00:00:00:00,-61,11,0,0,0,0,0,0,0,0,0,-97,0,1,0,2854484952,0,14,0,0,0,104,0,"[0, 0, 73, -3, 55, -32, 44, -62, 40, -93, 39, -120, 42, -128, 47, -128, 51, -128, 56, -128, 63, -128, 71, -128, 77, -128, 79, -128, 76, -128, 68, -128, 59, -128, 50, -120, 39, -115, 29, -113, 19, -113, 11, -116, 6, -118, 5, -119, 9, -122, 15, -125, 58, 45, 63, 55, 68, 69, 69, 81, 66, 89, 59, 94, 51, 96, 46, 96, 45, 90, 48, 80, 54, 65, 63, 51, 79, 40, 98, 30, 115, 20, 127, 13, 127, 10, 127, 12, 127, 22, 127, 35, 127, 45, 127, 53, 127, 57, 127, 58, 127, 59, 127, 60]",esp32_1
CSI_DATA,221070,2025-07-23 16:51:07.134,0,bend,00:00:00:00:00:00,-61,11,0,0,0,0,0,0,0,0,0,-97,0,1,0,2854522014,0,14,0,0,0,104,0,"[0, 0, -92, -20, -79, 19, -72, 56, -71, 95, -77, 127, -86, 127, -97, 127, -111, 127, -125, 127, -128, 127, -128, 127, -128, 127, -128, 127, -128, 127, -124, 127, -107, 127, -90, 122, -75, 120, -61, 124, -50, 127, -41, 127, -36, 127, -39, 127, -46, 127, -52, 127, -51, -78, -54, -91, -57, -107, -56, -122, -49, -128, -38, -128, -29, -128, -21, -128, -21, -128, -28, -117, -37, -103, -50, -87, -71, -73, -95, -63, -120, -58, -128, -58, -128, -62, -128, -70, -128, -79, -128, -90, -128, -104, -128, -120, -128, -128, -128, -128, -128, -125, -128, -117]",esp32_1
CSI_DATA,221071,2025-07-23 16:51:07.155,0,bend,00:00:00:00:00:00,-61,11,0,0,0,0,0,0,0,0,0,-97,0,1,0,2854547384,0,14,0,0,0,104,0,"[0, 0, -73, -21, -65, 13, -62, 45, -63, 76, -67, 103, -75, 124, -86, 127, -100, 127, -112, 127, -120, 127, -124, 127, -124, 127, -122, 127, -117, 122, -105, 112, -90, 104, -76, 98, -62, 98, -51, 100, -41, 103, -35, 108, -32, 114, -33, 116, -38, 116, -44, 115, -38, -69, -40, -80, -40, -92, -38, -103, -32, -113, -23, -120, -15, -120, -10, -117, -10, -109, -16, -98, -26, -87, -37, -76, -53, -64, -73, -56, -94, -54, -113, -57, -128, -63, -128, -70, -128, -78, -128, -90, -128, -103, -128, -113, -128, -120, -128, -118, -128, -111, -128, -105]",esp32_1
CSI_DATA,120240,2025-07-23 16:51:07.155,0,bend,00:00:00:00:00:00,-71,11,0,0,0,0,0,0,0,0,0,-97,0,1,0,1475149630,0,14,0,0,0,104,0,"[0, 0, 127, -88, 127, -100, 127, -107, 127, -112, 127, -112, 127, -109, 127, -104, 127, -96, 127, -84, 127, -72, 127, -62, 127, -52, 127, -38, 127, -24, 127, -18, 127, -14, 127, -12, 127, -13, 127, -16, 127, -21, 127, -24, 126, -26, 102, -31, 77, -37, 55, -38, -89, 89, -88, 93, -82, 97, -74, 99, -68, 99, -60, 99, -49, 97, -36, 93, -27, 82, -20, 69, -9, 56, 1, 41, 8, 31, 13, 25, 12, 16, 8, 7, 10, 4, 15, 0, 19, -2, 28, 1, 40, 0, 52, -5, 64, -11, 79, -20, 93, -31, 105, -41]",esp32_2
CSI_DATA,221072,2025-07-23 16:51:07.178,0,bend,00:00:00:00:00:00,-61,11,0,0,0,0,0,0,0,0,0,-97,0,1,0,2854581973,0,14,0,0,0,104,0,"[0, 0, 23, -80, -13, -69, -48, -66, -73, -70, -94, -83, -113, -100, -128, -118, -128, -128, -128, -128, -128, -128, -128, -128, -128, -128, -126, -128, -113, -128, -102, -128, -92, -114, -84, -100, -83, -94, -87, -88, -90, -80, -99, -77, -111, -70, -116, -64, -114, -68, -106, -75, 48, -76, 58, -75, 69, -77, 83, -77, 98, -75, 106, -65, 112, -51, 115, -44, 110, -41, 96, -48, 77, -60, 60, -68, 45, -77, 34, -89, 32, -107, 33, -128, 36, -128, 39, -128, 51, -128, 72, -128, 91, -128, 105, -128, 105, -128, 91, -128, 84, -128, 82, -128]",esp32_1
CSI_DATA,120241,2025-07-23 16:51:07.187,0,bend,00:00:00:00:00:00,-71,11,0,0,0,0,0,0,0,0,0,-97,0,1,0,1475174712,0,14,0,0,0,104,0,"[0, 0, -128, 18, -128, 27, -128, 32, -128, 32, -128, 27, -128, 21, -128, 15, -128, 8, -128, 2, -128, -2, -128, -11, -128, -27, -128, -42, -128, -50, -128, -52, -128, -56, -128, -63, -128, -65, -128, -58, -128, -47, -127, -36, -111, -22, -93, -4, -71, 8, -57, 13, 106, -35, 103, -36, 100, -41, 97, -49, 94, -53, 88, -53, 77, -52, 65, -53, 52, -53, 39, -47, 28, -38, 17, -27, 7, -19, 1, -18, -4, -15, -11, -10, -16, -7, -17, -8, -19, -10, -28, -9, -38, -6, -46, -6, -57, -10, -69, -9, -82, -2, -93, -1]",esp32_2
CSI_DATA,221073,2025-07-23 16:51:07.197,0,bend,00:00:00:00:00:00,-61,11,0,0,0,0,0,0,0,0,0,-97,0,1,0,2854620548,0,14,0,0,0,104,0,"[0, 0, -66, 41, -36, 56, -9, 75, 14, 100, 29, 124, 38, 127, 42, 127, 43, 127, 37, 127, 28, 127, 21, 127, 15, 127, 10, 127, 6, 127, 8, 127, 12, 127, 18, 126, 27, 114, 37, 107, 47, 102, 57, 101, 63, 103, 64, 105, 59, 110, 53, 113, -76, -16, -84, -23, -96, -33, -104, -45, -106, -56, -102, -63, -96, -66, -91, -69, -88, -68, -85, -59, -81, -45, -81, -30, -88, -14, -98, 5, -107, 24, -118, 40, -128, 55, -128, 66, -128, 71, -128, 71, -128, 66, -128, 59, -128, 50, -128, 42, -128, 32, -128, 22]",esp32_1
CSI_DATA,120242,2025-07-23 16:51:07.226,0,bend,00:00:00:00:00:00,-70,11,0,0,0,0,0,0,0,0,0,-97,0,1,0,1475234958,0,14,0,0,0,104,0,"[0, 0, -92, -101, -99, -106, -104, -113, -110, -116, -112, -114, -110, -113, -104, -116, -98, -121, -90, -128, -83, -128, -76, -128, -66, -128, -58, -128, -52, -128, -49, -128, -45, -128, -40, -128, -39, -128, -39, -128, -36, -128, -37, -114, -39, -96, -38, -72, -35, -49, -37, -35, 85, 53, 87, 51, 90, 46, 94, 37, 96, 30, 91, 26, 81, 19, 75, 9, 72, 2, 58, -2, 40, -7, 31, -10, 25, -12, 13, -14, 3, -17, -2, -22, -7, -24, -8, -20, -10, -21, -16, -26, -18, -31, -21, -40, -28, -53, -37, -62, -49, -70, -54, -80]",esp32_2
CSI_DATA,221074,2025-07-23 16:51:07.229,0,bend,00:00:00:00:00:00,-61,11,0,0,0,0,0,0,0,0,0,-97,0,1,0,2854679424,0,14,0,0,0,104,0,"[0, 0, 63, 50, 68, 14, 82, -16, 97, -43, 113, -64, 127, -81, 127, -92, 127, -96, 127, -92, 127, -86, 127, -78, 127, -70, 127, -61, 127, -53, 127, -49, 127, -47, 124, -47, 112, -53, 103, -61, 96, -69, 90, -78, 90, -85, 94, -85, 102, -83, 106, -80, 18, 81, 17, 90, 13, 101, 6, 110, -3, 118, -13, 122, -20, 122, -24, 118, -22, 112, -15, 104, -4, 100, 10, 95, 27, 88, 47, 87, 67, 92, 86, 103, 104, 116, 121, 127, 127, 127, 127, 127, 127, 127, 127, 127, 123, 127, 112, 127, 98, 127, 86, 127]",esp32_1
CSI_DATA,221075,2025-07-23 16:51:07.251,0,bend,00:00:00:00:00:00,-61,11,0,0,0,0,0,0,0,0,0,-97,0,1,0,2854703942,0,14,0,0,0,104,0,"[0, 0, -68, 69, -28, 80, 11, 93, 36, 116, 55, 127, 72, 127, 84, 127, 87, 127, 86, 127, 82, 127, 74, 127, 64, 127, 50, 127, 38, 127, 35, 127, 36, 127, 38, 127, 44, 127, 54, 122, 63, 113, 71, 111, 80, 113, 85, 116, 82, 120, 76, 124, -92, 20, -104, 13, -119, 2, -128, -8, -128, -16, -128, -24, -128, -31, -124, -35, -119, -31, -116, -18, -108, -1, -102, 15, -106, 33, -113, 52, -118, 73, -128, 95, -128, 115, -128, 127, -128, 127, -128, 127, -128, 127, -128, 126, -128, 122, -128, 113, -128, 97, -128, 83]",esp32_1
CSI_DATA,120243,2025-07-23 16:51:07.251,0,bend,00:00:00:00:00:00,-71,11,0,0,0,0,0,0,0,0,0,-97,0,1,0,1475273566,0,14,0,0,0,104,0,"[0, 0, 75, -128, 78, -128, 81, -128, 84, -128, 82, -128, 81, -128, 87, -128, 95, -128, 104, -128, 114, -128, 127, -128, 127, -128, 127, -128, 127, -128, 127, -127, 127, -123, 127, -116, 127, -114, 127, -114, 127, -107, 109, -97, 87, -90, 63, -81, 37, -67, 17, -56, -40, 125, -38, 126, -31, 125, -22, 125, -12, 121, -4, 113, 3, 106, 10, 95, 16, 80, 18, 65, 19, 48, 22, 31, 24, 19, 22, 10, 15, -1, 10, -10, 10, -16, 12, -20, 16, -24, 22, -31, 25, -40, 31, -48, 40, -54, 50, -63, 60, -80, 69, -98]",esp32_2
CSI_DATA,221076,2025-07-23 16:51:07.274,0,bend,00:00:00:00:00:00,-61,11,0,0,0,0,0,0,0,0,0,-97,0,1,0,2854729373,0,14,0,0,0,104,0,"[0, 0, 20, 86, 45, 62, 76, 45, 101, 34, 124, 30, 127, 30, 127, 34, 127, 41, 127, 49, 127, 58, 127, 66, 127, 72, 127, 78, 127, 78, 127, 73, 127, 65, 127, 52, 119, 39, 116, 28, 115, 18, 118, 12, 122, 8, 125, 7, 127, 12, 127, 18, -26, 79, -35, 85, -46, 89, -58, 94, -68, 97, -76, 95, -80, 89, -81, 84, -77, 82, -68, 82, -53, 85, -39, 88, -28, 92, -15, 103, -2, 121, 9, 127, 15, 127, 18, 127, 16, 127, 9, 127, 2, 127, -7, 127, -16, 127, -21, 127, -23, 127, -22, 127]",esp32_1
CSI_DATA,221077,2025-07-23 16:51:07.306,0,bend,00:00:00:00:00:00,-61,11,0,0,0,0,0,0,0,0,0,-97,0,1,0,2854763941,0,14,0,0,0,104,0,"[0, 0, 1, 71, 31, 56, 63, 46, 91, 41, 116, 38, 127, 40, 127, 45, 127, 50, 127, 60, 127, 74, 127, 83, 127, 86, 127, 84, 127, 77, 127, 71, 127, 63, 117, 52, 111, 38, 108, 24, 107, 14, 108, 9, 112, 9, 116, 10, 118, 13, 120, 17, -52, 58, -62, 62, -75, 62, -86, 61, -93, 58, -96, 54, -97, 51, -94, 46, -87, 44, -80, 46, -70, 53, -60, 62, -52, 73, -43, 90, -32, 111, -23, 127, -21, 127, -27, 127, -35, 127, -42, 127, -49, 127, -57, 127, -69, 127, -75, 127, -74, 127, -70, 127]",esp32_1
CSI_DATA,221078,2025-07-23 16:51:07.335,0,bend,00:00:00:00:00:00,-61,11,0,0,0,0,0,0,0,0,0,-97,0,1,0,2854790108,0,14,0,0,0,104,0,"[0, 0, 49, 56, 60, 23, 75, -10, 93, -35, 112, -51, 127, -66, 127, -77, 127, -83, 127, -84, 127, -80, 127, -72, 127, -64, 127, -54, 127, -46, 127, -41, 127, -39, 124, -40, 112, -46, 102, -54, 94, -62, 90, -69, 90, -75, 93, -78, 97, -78, 99, -75, 7, 81, 0, 91, -11, 100, -21, 107, -29, 113, -36, 114, -40, 109, -42, 103, -38, 97, -29, 91, -12, 86, 5, 84, 20, 86, 36, 94, 55, 104, 73, 117, 89, 127, 100, 127, 104, 127, 103, 127, 99, 127, 94, 127, 88, 127, 78, 127, 66, 127, 58, 127]",esp32_1
CSI_DATA,120245,2025-07-23 16:51:07.338,0,bend,00:00:00:00:00:00,-73,11,0,0,0,0,0,0,0,0,0,-97,0,1,0,1475332752,0,14,0,0,0,104,0,"[0, 0, 100, -24, 112, -28, 120, -26, 123, -28, 127, -30, 127, -25, 127, -17, 127, -12, 127, -7, 127, 2, 127, 13, 127, 22, 127, 33, 127, 46, 127, 57, 127, 63, 127, 62, 127, 58, 127, 54, 127, 48, 127, 38, 122, 26, 100, 11, 78, -4, 62, -15, -72, 50, -71, 51, -69, 53, -65, 57, -57, 60, -46, 58, -37, 55, -30, 52, -22, 47, -11, 39, -3, 32, 2, 26, 5, 19, 7, 12, 11, 6, 13, 1, 13, 0, 13, 0, 13, -1, 15, 1, 22, 2, 31, 2, 38, 2, 46, 2, 59, 0, 70, -3]",esp32_2
CSI_DATA,120246,2025-07-23 16:51:07.367,0,bend,00:00:00:00:00:00,-70,11,0,0,0,0,0,0,0,0,0,-97,0,1,0,1475358646,0,14,0,0,0,104,0,"[0, 0, -73, -128, -81, -128, -88, -128, -95, -128, -98, -128, -94, -128, -87, -128, -82, -128, -76, -128, -66, -128, -55, -128, -45, -128, -36, -128, -26, -128, -18, -128, -9, -128, -5, -128, -7, -128, -8, -128, -12, -128, -18, -128, -22, -121, -26, -92, -31, -62, -34, -41, 53, 117, 54, 114, 59, 112, 70, 107, 78, 96, 76, 84, 74, 71, 73, 57, 69, 42, 58, 28, 44, 14, 35, 4, 27, -3, 17, -9, 7, -15, -2, -21, -9, -23, -12, -24, -13, -28, -11, -33, -8, -39, -10, -49, -16, -62, -23, -78, -30, -95, -34, -109]",esp32_2
CSI_DATA,120247,2025-07-23 16:51:07.396,0,bend,00:00:00:00:00:00,-70,11,0,0,0,0,0,0,0,0,0,-97,0,1,0,1475392224,0,14,0,0,0,104,0,"[0, 0, 105, 112, 110, 117, 117, 122, 122, 126, 122, 127, 118, 127, 113, 127, 109, 127, 105, 127, 100, 127, 97, 127, 95, 127, 85, 127, 73, 127, 68, 127, 61, 127, 54, 127, 53, 127, 55, 127, 53, 127, 47, 117, 44, 94, 42, 68, 39, 45, 38, 31, -79, -84, -80, -83, -83, -78, -90, -73, -91, -65, -89, -53, -87, -41, -81, -31, -72, -19, -60, -7, -45, 1, -30, 4, -21, 9, -14, 15, -9, 18, -4, 19, 2, 22, 8, 25, 13, 26, 16, 28, 20, 32, 23, 39, 28, 49, 35, 58, 47, 67, 58, 80]",esp32_2
CSI_DATA,120248,2025-07-23 16:51:07.421,0,bend,00:00:00:00:00:00,-70,11,0,0,0,0,0,0,0,0,0,-97,0,1,0,1475428930,0,14,0,0,0,104,0,"[0, 0, -13, -128, -15, -128, -13, -128, -14, -128, -15, -128, -14, -128, -9, -128, -4, -128, 3, -128, 14, -128, 25, -128, 35, -128, 46, -128, 56, -128, 63, -128, 66, -128, 68, -128, 66, -128, 60, -128, 48, -128, 36, -128, 23, -111, 9, -87, -2, -64, -11, -46, -2, 118, 2, 119, 8, 120, 15, 118, 21, 112, 26, 103, 31, 93, 35, 80, 36, 65, 34, 49, 28, 32, 25, 17, 22, 7, 16, 0, 11, -6, 6, -15, 2, -20, 0, -23, 1, -28, 3, -34, 6, -38, 8, -46, 7, -61, 8, -79, 7, -96, 5, -112]",esp32_2
CSI_DATA,221080,2025-07-23 16:51:07.427,0,bend,00:00:00:00:00:00,-61,11,0,0,0,0,0,0,0,0,0,-97,0,1,0,2854899980,0,14,0,0,0,104,0,"[0, 0, 40, 63, 54, 33, 74, 5, 92, -22, 110, -43, 127, -60, 127, -68, 127, -65, 127, -51, 127, -37, 127, -29, 127, -26, 127, -24, 127, -19, 127, -15, 127, -16, 127, -24, 116, -37, 106, -49, 101, -58, 98, -62, 96, -59, 102, -55, 112, -55, 117, -54, -18, 78, -23, 87, -31, 93, -43, 97, -52, 100, -56, 102, -53, 102, -51, 99, -47, 93, -41, 83, -33, 80, -19, 83, -2, 88, 17, 103, 37, 119, 51, 127, 60, 127, 67, 127, 77, 127, 86, 127, 85, 127, 74, 127, 53, 127, 32, 127, 23, 127, 22, 127]",esp32_1
CSI_DATA,120249,2025-07-23 16:51:07.451,0,bend,00:00:00:00:00:00,-70,11,0,0,0,0,0,0,0,0,0,-97,0,1,0,1475465524,0,14,0,0,0,104,0,"[0, 0, -29, -128, -38, -128, -42, -128, -42, -128, -41, -128, -41, -128, -36, -128, -31, -128, -23, -128, -10, -128, 4, -128, 21, -128, 37, -128, 48, -128, 56, -128, 64, -128, 73, -128, 72, -128, 59, -128, 43, -128, 30, -128, 17, -128, 4, -119, -11, -84, -22, -55, 13, 127, 16, 127, 23, 127, 33, 127, 44, 127, 51, 127, 55, 122, 57, 103, 60, 82, 62, 63, 56, 43, 49, 24, 38, 13, 24, 5, 14, -9, 5, -21, -1, -25, -5, -31, -7, -36, -4, -42, -1, -53, 1, -68, 1, -89, -2, -107, -5, -127, -7, -128]",esp32_2
CSI_DATA,221081,2025-07-23 16:51:07.453,0,bend,00:00:00:00:00:00,-61,11,0,0,0,0,0,0,0,0,0,-97,0,1,0,2854924702,0,14,0,0,0,104,0,"[0, 0, 62, -36, 31, -53, 2, -73, -20, -98, -37, -122, -48, -128, -55, -128, -59, -128, -56, -128, -49, -128, -44, -128, -40, -128, -32, -128, -25, -128, -21, -128, -23, -128, -27, -128, -32, -126, -40, -116, -49, -108, -57, -106, -63, -106, -65, -106, -62, -111, -58, -115, 75, 22, 82, 29, 91, 41, 97, 52, 97, 62, 91, 66, 84, 68, 80, 66, 78, 58, 79, 45, 79, 28, 84, 10, 96, -7, 113, -23, 127, -38, 127, -51, 127, -59, 127, -65, 127, -66, 127, -60, 127, -52, 127, -43, 127, -34, 127, -25, 127, -17, 127, -11]",esp32_1
CSI_DATA,120250,2025-07-23 16:51:07.482,0,bend,00:00:00:00:00:00,-70,11,0,0,0,0,0,0,0,0,0,-97,0,1,0,1475512918,0,14,0,0,0,104,0,"[0, 0, -62, 125, -65, 127, -66, 127, -70, 127, -72, 127, -71, 127, -74, 127, -78, 127, -84, 127, -93, 127, -104, 127, -116, 127, -126, 127, -128, 127, -128, 124, -128, 121, -128, 116, -123, 111, -112, 107, -96, 97, -76, 86, -60, 75, -44, 62, -26, 48, -10, 37, 70, -73, 66, -80, 59, -83, 53, -85, 45, -88, 36, -86, 27, -79, 17, -72, 8, -63, 3, -53, -2, -42, -7, -30, -11, -17, -12, -8, -12, -1, -11, 5, -9, 11, -9, 15, -11, 19, -14, 26, -21, 34, -27, 40, -31, 48, -34, 55, -38, 65, -43, 75]",esp32_2
CSI_DATA,221082,2025-07-23 16:51:07.485,0,bend,00:00:00:00:00:00,-61,11,0,0,0,0,0,0,0,0,0,-97,0,1,0,2854960699,0,14,0,0,0,104,0,"[0, 0, -34, 58, 1, 55, 32, 60, 62, 67, 88, 76, 109, 89, 123, 101, 127, 113, 127, 125, 127, 127, 127, 127, 126, 127, 119, 127, 113, 127, 105, 118, 97, 106, 90, 92, 88, 79, 91, 70, 95, 59, 102, 52, 109, 50, 109, 51, 106, 55, 102, 60, -71, 21, -83, 17, -96, 13, -105, 9, -109, 2, -108, -7, -106, -13, -103, -15, -97, -10, -92, -1, -84, 11, -77, 28, -75, 50, -77, 72, -81, 92, -88, 111, -99, 127, -113, 127, -125, 127, -128, 127, -128, 127, -128, 127, -128, 127, -128, 127, -128, 109, -128, 93]",esp32_1
CSI_DATA,221083,2025-07-23 16:51:07.519,0,bend,00:00:00:00:00:00,-61,11,0,0,0,0,0,0,0,0,0,-97,0,1,0,2854986511,0,14,0,0,0,104,0,"[0, 0, -24, -70, -46, -43, -73, -18, -98, -1, -122, 9, -128, 16, -128, 19, -128, 18, -128, 16, -128, 13, -128, 8, -128, 3, -128, -2, -128, -5, -128, -3, -128, 2, -128, 7, -128, 15, -121, 25, -118, 33, -115, 39, -114, 44, -115, 46, -119, 44, -122, 39, 33, -75, 41, -79, 52, -83, 63, -85, 73, -87, 80, -84, 80, -78, 76, -72, 67, -68, 54, -69, 37, -76, 19, -83, 4, -92, -9, -108, -24, -128, -35, -128, -39, -128, -40, -128, -38, -128, -30, -128, -19, -128, -9, -128, -2, -128, 4, -128, 8, -128, 11, -128]",esp32_1
CSI_DATA,120251,2025-07-23 16:51:07.519,0,bend,00:00:00:00:00:00,-70,11,0,0,0,0,0,0,0,0,0,-97,0,1,0,1475537300,0,14,0,0,0,104,0,"[0, 0, 127, -81, 127, -93, 127, -96, 127, -101, 127, -101, 127, -99, 127, -98, 127, -92, 127, -85, 127, -77, 127, -67, 127, -57, 127, -45, 127, -35, 127, -30, 127, -25, 127, -23, 127, -23, 127, -21, 127, -22, 127, -23, 115, -25, 83, -29, 56, -29, 38, -25, -120, 29, -120, 32, -118, 37, -114, 43, -106, 49, -95, 56, -81, 59, -67, 60, -53, 58, -40, 53, -28, 46, -16, 35, -6, 24, 1, 16, 7, 8, 11, 1, 15, -3, 21, -8, 29, -15, 34, -20, 39, -21, 51, -23, 63, -26, 75, -31, 93, -39, 107, -46]",esp32_2
CSI_DATA,221084,2025-07-23 16:51:07.547,0,bend,00:00:00:00:00:00,-61,11,0,0,0,0,0,0,0,0,0,-97,0,1,0,2855021135,0,14,0,0,0,104,0,"[0, 0, -57, -49, -63, -13, -72, 21, -82, 53, -95, 79, -109, 99, -125, 112, -128, 118, -128, 113, -128, 104, -128, 97, -128, 96, -128, 96, -128, 93, -128, 87, -121, 84, -107, 84, -93, 88, -81, 93, -72, 96, -67, 100, -69, 102, -75, 101, -82, 100, -84, 97, 3, -83, 6, -92, 10, -99, 17, -106, 28, -111, 36, -111, 38, -107, 36, -103, 32, -96, 23, -88, 11, -85, -5, -84, -26, -86, -51, -91, -76, -101, -98, -116, -116, -128, -128, -128, -128, -128, -128, -128, -128, -128, -128, -128, -114, -128, -93, -128, -76, -128, -68, -128]",esp32_1
CSI_DATA,221085,2025-07-23 16:51:07.576,0,bend,00:00:00:00:00:00,-61,11,0,0,0,0,0,0,0,0,0,-97,0,1,0,2855071406,0,14,0,0,0,104,0,"[0, 0, -61, 9, -41, 35, -27, 62, -17, 90, -11, 115, -9, 127, -12, 127, -18, 127, -24, 127, -29, 127, -32, 127, -35, 127, -37, 127, -37, 127, -32, 127, -25, 127, -17, 120, -8, 113, 2, 110, 12, 108, 19, 110, 22, 114, 21, 115, 16, 116, 11, 117, -57, -46, -60, -57, -63, -69, -64, -80, -61, -89, -53, -94, -46, -93, -42, -89, -42, -80, -46, -68, -52, -55, -62, -41, -78, -28, -97, -17, -116, -9, -128, -5, -128, -6, -128, -10, -128, -16, -128, -23, -128, -32, -128, -41, -128, -51, -128, -55, -128, -54, -128, -52]",esp32_1
CSI_DATA,120253,2025-07-23 16:51:07.605,0,bend,00:00:00:00:00:00,-70,11,0,0,0,0,0,0,0,0,0,-97,0,1,0,1475599852,0,14,0,0,0,104,0,"[0, 0, 112, 75, 121, 76, 127, 82, 127, 87, 127, 87, 127, 87, 127, 89, 127, 94, 124, 100, 120, 109, 115, 122, 109, 127, 106, 127, 102, 127, 98, 127, 95, 127, 91, 127, 88, 127, 85, 125, 79, 110, 72, 91, 64, 71, 52, 49, 40, 28, 33, 13, -62, -76, -65, -77, -68, -74, -72, -68, -76, -61, -76, -54, -73, -45, -67, -33, -61, -21, -54, -13, -44, -4, -32, 1, -22, 5, -15, 7, -8, 7, -1, 9, 4, 13, 10, 13, 16, 13, 20, 19, 25, 25, 33, 29, 42, 35, 52, 41, 66, 47, 78, 50]",esp32_2
CSI_DATA,221086,2025-07-23 16:51:07.607,0,bend,00:00:00:00:00:00,-61,11,0,0,0,0,0,0,0,0,0,-97,0,1,0,2855096054,0,14,0,0,0,104,0,"[0, 0, -7, 65, 29, 51, 65, 43, 94, 42, 121, 44, 127, 47, 127, 52, 127, 59, 127, 67, 127, 73, 127, 78, 127, 80, 127, 77, 127, 71, 127, 63, 127, 53, 127, 40, 122, 27, 121, 16, 121, 7, 122, 2, 125, -2, 127, -2, 127, 1, 127, 6, -70, 46, -80, 43, -92, 38, -102, 33, -109, 29, -112, 24, -110, 20, -104, 17, -95, 17, -84, 24, -69, 39, -57, 56, -50, 73, -46, 95, -42, 121, -42, 127, -48, 127, -59, 127, -71, 127, -84, 127, -95, 127, -105, 127, -113, 127, -112, 127, -103, 127, -94, 127]",esp32_1
CSI_DATA,120254,2025-07-23 16:51:07.628,0,bend,00:00:00:00:00:00,-70,11,0,0,0,0,0,0,0,0,0,-97,0,1,0,1475624233,0,14,0,0,0,104,0,"[0, 0, -84, 115, -89, 127, -89, 127, -90, 127, -90, 127, -94, 127, -100, 127, -104, 125, -109, 120, -115, 119, -126, 115, -128, 109, -128, 106, -128, 103, -128, 100, -128, 95, -128, 89, -128, 85, -128, 83, -119, 81, -97, 75, -74, 66, -51, 56, -31, 43, -17, 33, 85, -46, 87, -52, 83, -58, 76, -63, 70, -67, 62, -67, 53, -66, 43, -65, 32, -61, 20, -52, 10, -43, 2, -33, -4, -24, -9, -16, -12, -9, -15, 0, -17, 8, -18, 12, -21, 17, -26, 22, -31, 26, -33, 34, -37, 44, -43, 54, -50, 62, -58, 69]",esp32_2
CSI_DATA,120255,2025-07-23 16:51:07.660,0,bend,00:00:00:00:00:00,-71,11,0,0,0,0,0,0,0,0,0,-97,0,1,0,1475649610,0,14,0,0,0,104,0,"[0, 0, -128, 27, -128, 31, -128, 29, -128, 30, -128, 28, -128, 19, -128, 6, -128, -4, -128, -13, -128, -35, -128, -63, -128, -83, -128, -98, -128, -112, -128, -115, -128, -112, -128, -110, -128, -103, -128, -90, -128, -76, -128, -61, -128, -41, -115, -21, -85, -3, -64, 13, 127, 13, 127, 9, 127, 2, 127, -9, 127, -21, 127, -35, 124, -47, 111, -54, 98, -54, 79, -53, 59, -52, 42, -45, 25, -39, 10, -42, -2, -41, -10, -31, -16, -28, -28, -26, -46, -17, -56, -11, -63, -5, -74, 0, -90, -2, -109, -2, -128, 2, -128, 3]",esp32_2
CSI_DATA,120256,2025-07-23 16:51:07.691,0,bend,00:00:00:00:00:00,-70,11,0,0,0,0,0,0,0,0,0,-97,0,1,0,1476281809,0,14,0,0,0,104,0,"[0, 0, -122, -48, -111, -55, -95, -64, -79, -71, -68, -79, -56, -94, -44, -112, -33, -127, -25, -128, -17, -128, -11, -128, -7, -128, -5, -128, -4, -128, -3, -128, -3, -128, -3, -128, -6, -128, -11, -128, -16, -128, -22, -112, -28, -88, -34, -60, -38, -33, -39, -14, 102, -32, 101, -31, 100, -31, 100, -31, 97, -30, 89, -28, 80, -28, 72, -30, 64, -31, 52, -32, 38, -33, 27, -35, 17, -39, 5, -45, -9, -47, -27, -48, -42, -51, -53, -55, -61, -56, -70, -56, -81, -55, -94, -53, -107, -52, -115, -52, -118, -50, -120, -49]",esp32_2
CSI_DATA,221088,2025-07-23 16:51:07.698,0,bend,00:00:00:00:00:00,-61,11,0,0,0,0,0,0,0,0,0,-97,0,1,0,2855168843,0,14,0,0,0,104,0,"[0, 0, 49, 20, 42, -19, 42, -55, 44, -89, 49, -117, 59, -128, 71, -128, 85, -128, 97, -128, 103, -128, 106, -128, 104, -128, 101, -128, 96, -128, 85, -128, 70, -121, 56, -115, 42, -114, 28, -115, 18, -115, 10, -117, 6, -120, 7, -122, 12, -124, 17, -124, 14, 73, 13, 84, 9, 96, 3, 106, -5, 114, -13, 116, -19, 113, -21, 108, -18, 100, -8, 91, 5, 83, 22, 76, 43, 70, 67, 68, 92, 71, 114, 80, 127, 93, 127, 105, 127, 115, 127, 126, 127, 127, 127, 127, 127, 127, 127, 127, 120, 127, 105, 126]",esp32_1
CSI_DATA,221089,2025-07-23 16:51:07.723,0,bend,00:00:00:00:00:00,-61,11,0,0,0,0,0,0,0,0,0,-97,0,1,0,2855205820,0,14,0,0,0,104,0,"[0, 0, 44, -26, 14, -46, -10, -70, -30, -97, -45, -120, -55, -128, -59, -128, -61, -128, -57, -128, -52, -128, -49, -128, -46, -128, -39, -128, -35, -128, -35, -128, -38, -128, -41, -120, -46, -110, -55, -103, -66, -98, -74, -94, -78, -94, -78, -95, -74, -97, -70, -99, 64, 28, 70, 36, 78, 49, 83, 62, 83, 73, 77, 78, 70, 79, 66, 76, 65, 68, 65, 56, 67, 41, 73, 23, 87, 6, 104, -9, 120, -23, 127, -34, 127, -41, 127, -46, 127, -45, 127, -38, 127, -31, 127, -21, 127, -11, 127, -3, 127, 3, 127, 9]",esp32_1
CSI_DATA,120257,2025-07-23 16:51:07.723,0,bend,00:00:00:00:00:00,-70,11,0,0,0,0,0,0,0,0,0,-97,0,1,0,1476291752,0,14,0,0,0,104,0,"[0, 0, -128, 127, -128, 115, -128, 94, -128, 70, -128, 44, -128, 18, -128, -11, -128, -39, -128, -62, -128, -82, -128, -102, -128, -119, -128, -128, -128, -128, -128, -128, -128, -128, -128, -128, -128, -114, -128, -93, -128, -69, -128, -44, -128, -20, -98, 3, -72, 28, -55, 45, 7, -128, 9, -128, 11, -128, 11, -128, 9, -128, 7, -128, 6, -128, 2, -128, -5, -112, -16, -94, -28, -75, -39, -57, -51, -42, -65, -25, -78, -6, -89, 8, -98, 19, -105, 34, -117, 51, -128, 68, -128, 87, -128, 107, -128, 121, -128, 127, -128, 127, -128, 127]",esp32_2
CSI_DATA,120258,2025-07-23 16:51:07.752,0,bend,00:00:00:00:00:00,-70,11,0,0,0,0,0,0,0,0,0,-97,0,1,0,1476302807,0,14,0,0,0,104,0,"[0, 0, 86, -128, 94, -128, 106, -128, 118, -128, 127, -104, 127, -81, 127, -59, 127, -37, 127, -21, 127, -8, 127, 3, 127, 11, 127, 17, 127, 22, 127, 24, 127, 24, 127, 20, 127, 11, 127, 3, 127, -7, 127, -17, 127, -25, 88, -35, 49, -45, 19, -53, 34, 127, 31, 127, 29, 127, 30, 127, 26, 127, 25, 127, 30, 127, 34, 117, 37, 101, 44, 83, 49, 66, 50, 45, 53, 24, 60, 5, 68, -15, 75, -34, 78, -55, 83, -76, 88, -96, 93, -110, 93, -121, 93, -128, 95, -128, 91, -128, 85, -128, 85, -128]",esp32_2
CSI_DATA,221090,2025-07-23 16:51:07.754,0,bend,00:00:00:00:00:00,-61,11,0,0,0,0,0,0,0,0,0,-97,0,1,0,2855243118,0,14,0,0,0,104,0,"[0, 0, -48, 41, -11, 53, 22, 68, 49, 90, 70, 110, 85, 127, 95, 127, 101, 127, 100, 127, 97, 127, 94, 127, 88, 127, 81, 127, 74, 127, 70, 127, 69, 127, 69, 117, 72, 104, 78, 94, 85, 84, 91, 80, 95, 80, 95, 81, 94, 85, 92, 88, -78, -9, -88, -16, -100, -27, -107, -39, -109, -49, -106, -54, -100, -56, -94, -56, -90, -52, -87, -41, -84, -25, -84, -5, -91, 14, -105, 34, -118, 55, -128, 73, -128, 87, -128, 94, -128, 96, -128, 95, -128, 90, -128, 82, -128, 71, -128, 60, -128, 47, -128, 38]",esp32_1
CSI_DATA,221091,2025-07-23 16:51:07.786,0,bend,00:00:00:00:00:00,-61,11,0,0,0,0,0,0,0,0,0,-97,0,1,0,2855267484,0,14,0,0,0,104,0,"[0, 0, 25, -49, -11, -46, -47, -48, -76, -60, -98, -71, -117, -81, -128, -92, -128, -100, -128, -107, -128, -114, -128, -121, -128, -123, -128, -119, -125, -112, -116, -101, -109, -87, -105, -74, -104, -61, -106, -50, -106, -42, -109, -37, -113, -34, -114, -32, -115, -35, -114, -39, 71, -18, 82, -15, 94, -7, 103, 2, 108, 10, 109, 15, 105, 20, 100, 22, 94, 18, 86, 8, 76, -8, 71, -26, 75, -45, 81, -66, 84, -87, 88, -107, 102, -126, 121, -128, 127, -128, 127, -128, 127, -128, 127, -128, 127, -128, 127, -118, 127, -100, 127, -85]",esp32_1
CSI_DATA,221092,2025-07-23 16:51:07.807,0,bend,00:00:00:00:00:00,-62,11,0,0,0,0,0,0,0,0,0,-97,0,1,0,2855293510,0,14,0,0,0,104,0,"[0, 0, -15, -70, -47, -40, -81, -15, -113, 3, -128, 14, -128, 22, -128, 25, -128, 23, -128, 16, -128, 7, -128, 2, -128, -1, -128, -3, -128, -2, -128, 1, -128, 7, -128, 15, -128, 24, -128, 34, -128, 45, -128, 51, -128, 54, -128, 56, -128, 53, -128, 49, 52, -80, 65, -82, 79, -83, 92, -83, 106, -83, 115, -79, 115, -71, 111, -67, 102, -65, 87, -67, 69, -76, 51, -87, 36, -100, 22, -121, 8, -128, -3, -128, -4, -128, 0, -128, 4, -128, 13, -128, 26, -128, 39, -128, 49, -128, 53, -128, 54, -128, 53, -128]",esp32_1
CSI_DATA,221094,2025-07-23 16:51:08.251,0,bend,00:00:00:00:00:00,-61,11,0,0,0,0,0,0,0,0,0,-97,0,1,0,2855351971,0,14,0,0,0,104,0,"[0, 0, 3, 78, 40, 52, 83, 36, 120, 27, 127, 21, 127, 21, 127, 26, 127, 32, 127, 36, 127, 38, 127, 39, 127, 45, 127, 51, 127, 51, 127, 46, 127, 39, 127, 30, 127, 19, 127, 6, 127, -4, 127, -10, 127, -17, 127, -20, 127, -16, 127, -8, -55, 81, -68, 84, -84, 88, -99, 91, -115, 89, -126, 82, -128, 72, -124, 64, -113, 62, -99, 69, -79, 82, -56, 94, -36, 106, -24, 125, -15, 127, -10, 127, -12, 127, -17, 127, -27, 127, -45, 127, -63, 127, -74, 127, -82, 127, -83, 127, -77, 127, -73, 127]",esp32_1
CSI_DATA,221095,2025-07-23 16:51:08.254,0,bend,00:00:00:00:00:00,-61,11,0,0,0,0,0,0,0,0,0,-97,0,1,0,2855389965,0,14,0,0,0,104,0,"[0, 0, 6, 58, 35, 34, 65, 16, 91, 7, 115, 3, 127, 0, 127, 0, 127, 2, 127, 4, 127, 8, 127, 12, 127, 14, 127, 16, 127, 16, 127, 13, 127, 7, 127, -2, 124, -11, 121, -20, 119, -26, 118, -30, 118, -34, 120, -33, 123, -29, 124, -24, -43, 61, -54, 64, -67, 65, -79, 65, -88, 65, -95, 62, -96, 56, -93, 50, -85, 47, -73, 48, -58, 56, -42, 67, -29, 79, -18, 96, -9, 120, -3, 127, -3, 127, -7, 127, -14, 127, -23, 127, -33, 127, -45, 127, -53, 127, -55, 127, -55, 127, -52, 127]",esp32_1
CSI_DATA,221096,2025-07-23 16:51:08.262,0,bend,00:00:00:00:00:00,-61,11,0,0,0,0,0,0,0,0,0,-97,0,1,0,2856031865,0,14,0,0,0,104,0,"[0, 0, -27, 57, 10, 49, 47, 46, 79, 50, 105, 56, 127, 61, 127, 69, 127, 76, 127, 82, 127, 87, 127, 92, 127, 92, 127, 89, 127, 83, 127, 74, 127, 62, 122, 49, 118, 38, 118, 27, 119, 19, 121, 15, 122, 10, 121, 8, 121, 11, 120, 15, -78, 17, -90, 13, -102, 5, -111, -5, -118, -14, -119, -21, -113, -26, -104, -29, -95, -25, -85, -15, -73, 2, -63, 22, -59, 43, -60, 68, -62, 96, -69, 123, -82, 127, -96, 127, -111, 127, -127, 127, -128, 127, -128, 127, -128, 127, -128, 127, -128, 127, -124, 112]",esp32_1
CSI_DATA,221097,2025-07-23 16:51:08.269,0,bend,00:00:00:00:00:00,-61,11,0,0,0,0,0,0,0,0,0,-97,0,1,0,2856041838,0,14,0,0,0,104,0,"[0, 0, -23, -78, -54, -42, -87, -11, -118, 11, -128, 27, -128, 38, -128, 44, -128, 44, -128, 39, -128, 34, -128, 31, -128, 28, -128, 27, -128, 28, -128, 30, -128, 36, -128, 43, -128, 51, -128, 62, -128, 71, -128, 76, -128, 79, -128, 80, -128, 77, -128, 73, 59, -84, 73, -87, 88, -88, 101, -90, 117, -90, 126, -83, 126, -73, 122, -64, 110, -58, 91, -57, 68, -63, 44, -72, 20, -86, -3, -109, -21, -128, -36, -128, -44, -128, -44, -128, -39, -128, -31, -128, -19, -128, -2, -128, 12, -128, 22, -128, 28, -128, 30, -128]",esp32_1
CSI_DATA,221098,2025-07-23 16:51:08.274,0,bend,00:00:00:00:00:00,-61,11,0,0,0,0,0,0,0,0,0,-97,0,1,0,2856051821,0,14,0,0,0,104,0,"[0, 0, -36, -56, -50, -21, -70, 9, -88, 34, -107, 53, -127, 66, -128, 74, -128, 78, -128, 78, -128, 76, -128, 74, -128, 70, -128, 66, -128, 64, -128, 62, -128, 62, -121, 65, -110, 70, -101, 76, -93, 80, -89, 83, -88, 86, -89, 87, -92, 85, -95, 81, 29, -78, 35, -83, 44, -89, 56, -94, 68, -95, 76, -92, 80, -86, 80, -79, 72, -71, 56, -66, 37, -67, 15, -68, -7, -74, -28, -87, -48, -105, -65, -128, -78, -128, -86, -128, -88, -128, -84, -128, -75, -128, -65, -128, -52, -128, -40, -128, -30, -128, -24, -128]",esp32_1
CSI_DATA,221099,2025-07-23 16:51:08.279,0,bend,00:00:00:00:00:00,-61,11,0,0,0,0,0,0,0,0,0,-97,0,1,0,2856064565,0,14,0,0,0,104,0,"[0, 0, 30, -61, -8, -57, -42, -59, -72, -68, -97, -78, -118, -88, -128, -98, -128, -106, -128, -114, -128, -122, -128, -126, -128, -126, -128, -122, -128, -114, -125, -102, -118, -89, -113, -76, -112, -64, -115, -53, -116, -45, -119, -41, -120, -38, -120, -37, -118, -40, -117, -44, 79, -12, 89, -8, 100, 2, 110, 12, 114, 21, 113, 27, 107, 31, 98, 33, 89, 29, 80, 19, 71, 0, 64, -21, 64, -44, 69, -69, 74, -95, 82, -121, 97, -128, 116, -128, 127, -128, 127, -128, 127, -128, 127, -128, 127, -128, 127, -128, 127, -114, 127, -98]",esp32_1
CSI_DATA,120260,2025-07-23 16:51:08.279,0,bend,00:00:00:00:00:00,-70,11,0,0,0,0,0,0,0,0,0,-97,0,1,0,1476321763,0,14,0,0,0,104,0,"[0, 0, 115, -56, 113, -48, 110, -35, 110, -21, 112, -5, 114, 13, 119, 32, 122, 49, 127, 65, 127, 79, 127, 94, 127, 109, 127, 119, 127, 125, 127, 125, 127, 122, 127, 115, 127, 105, 121, 88, 108, 68, 94, 50, 79, 30, 63, 10, 46, -9, 32, -23, -38, 96, -42, 94, -43, 90, -43, 88, -42, 87, -37, 84, -31, 82, -25, 79, -18, 69, -9, 59, 2, 52, 15, 44, 26, 37, 37, 30, 47, 22, 57, 14, 67, 6, 76, 0, 85, -6, 91, -15, 97, -27, 105, -39, 113, -48, 115, -58, 116, -67, 119, -72]",esp32_2
CSI_DATA,221100,2025-07-23 16:51:08.287,0,bend,00:00:00:00:00:00,-61,11,0,0,0,0,0,0,0,0,0,-97,0,1,0,2856073152,0,14,0,0,0,104,0,"[0, 0, -46, 57, -8, 59, 28, 66, 56, 79, 78, 93, 98, 106, 112, 117, 123, 127, 127, 127, 126, 127, 122, 127, 117, 127, 112, 127, 108, 127, 103, 124, 99, 111, 95, 97, 96, 84, 98, 74, 101, 67, 106, 63, 109, 62, 107, 62, 104, 64, 102, 65, -76, 3, -87, -3, -100, -12, -110, -22, -113, -31, -111, -37, -106, -41, -100, -42, -91, -39, -83, -28, -75, -10, -71, 11, -75, 34, -82, 58, -90, 83, -100, 106, -117, 126, -128, 127, -128, 127, -128, 127, -128, 127, -128, 127, -128, 127, -128, 112, -128, 95, -128, 81]",esp32_1
CSI_DATA,120261,2025-07-23 16:51:08.287,0,bend,00:00:00:00:00:00,-70,11,0,0,0,0,0,0,0,0,0,-97,0,1,0,1476331704,0,14,0,0,0,104,0,"[0, 0, -105, -125, -90, -125, -71, -125, -53, -127, -33, -128, -11, -128, 12, -128, 34, -128, 53, -128, 73, -128, 90, -128, 104, -128, 112, -128, 117, -128, 118, -128, 114, -128, 107, -128, 95, -128, 78, -128, 57, -128, 38, -127, 20, -102, 2, -76, -19, -52, -33, -34, 125, 22, 127, 21, 125, 18, 125, 19, 122, 21, 111, 19, 99, 13, 92, 5, 84, -4, 72, -12, 60, -22, 51, -32, 42, -42, 28, -53, 10, -62, -4, -72, -15, -86, -28, -96, -41, -102, -48, -107, -59, -112, -74, -118, -85, -123, -95, -121, -103, -120, -106, -123]",esp32_2
CSI_DATA,120262,2025-07-23 16:51:08.293,0,bend,00:00:00:00:00:00,-70,11,0,0,0,0,0,0,0,0,0,-97,0,1,0,1476341717,0,14,0,0,0,104,0,"[0, 0, -48, 117, -55, 110, -61, 102, -71, 91, -84, 80, -96, 65, -110, 52, -127, 42, -128, 30, -128, 21, -128, 14, -128, 10, -128, 6, -128, 4, -128, 2, -128, 0, -128, 0, -128, 3, -128, 8, -128, 11, -104, 16, -78, 24, -54, 30, -31, 34, -13, 37, -37, -97, -38, -96, -38, -95, -39, -94, -40, -90, -39, -84, -38, -77, -39, -69, -41, -57, -43, -46, -42, -35, -42, -21, -46, -9, -49, 5, -53, 18, -57, 29, -59, 41, -62, 51, -63, 64, -61, 78, -58, 89, -55, 99, -54, 110, -51, 120, -46, 124, -41, 124]",esp32_2
CSI_DATA,120263,2025-07-23 16:51:08.295,0,bend,00:00:00:00:00:00,-70,11,0,0,0,0,0,0,0,0,0,-97,0,1,0,1476351712,0,14,0,0,0,104,0,"[0, 0, 124, -16, 118, -12, 116, 0, 111, 16, 103, 34, 97, 53, 95, 73, 93, 93, 91, 111, 92, 127, 95, 127, 97, 127, 97, 127, 96, 127, 94, 127, 91, 127, 86, 127, 80, 127, 76, 127, 70, 107, 63, 83, 55, 59, 45, 36, 39, 12, 36, -5, -57, 82, -61, 79, -63, 78, -63, 76, -61, 76, -54, 75, -47, 73, -38, 69, -27, 64, -16, 61, -4, 58, 7, 52, 20, 47, 32, 41, 42, 35, 54, 32, 67, 32, 76, 27, 84, 19, 91, 14, 99, 9, 108, 3, 117, -4, 122, -14, 127, -21, 127, -25]",esp32_2
CSI_DATA,221102,2025-07-23 16:51:08.303,0,bend,00:00:00:00:00:00,-61,11,0,0,0,0,0,0,0,0,0,-97,0,1,0,2856091787,0,14,0,0,0,104,0,"[0, 0, -53, 74, -8, 73, 36, 78, 74, 94, 104, 108, 127, 121, 127, 127, 127, 127, 127, 127, 127, 127, 127, 127, 127, 127, 127, 127, 127, 127, 127, 127, 127, 127, 125, 116, 126, 102, 127, 91, 127, 82, 127, 77, 127, 74, 127, 74, 127, 78, 127, 81, -96, 13, -109, 8, -124, -3, -128, -14, -128, -24, -128, -32, -128, -39, -126, -41, -115, -35, -105, -23, -93, -2, -85, 24, -86, 51, -93, 81, -99, 112, -110, 127, -128, 127, -128, 127, -128, 127, -128, 127, -128, 127, -128, 127, -128, 127, -128, 127, -128, 127, -128, 115]",esp32_1
CSI_DATA,221103,2025-07-23 16:51:08.303,0,bend,00:00:00:00:00:00,-61,11,0,0,0,0,0,0,0,0,0,-97,0,1,0,2856101806,0,14,0,0,0,104,0,"[0, 0, -39, 63, -3, 59, 30, 61, 60, 71, 85, 83, 106, 92, 122, 101, 127, 109, 127, 116, 127, 125, 127, 127, 127, 127, 127, 125, 121, 118, 115, 107, 110, 96, 106, 83, 106, 70, 108, 60, 110, 52, 114, 48, 115, 47, 114, 46, 112, 48, 109, 52, -78, 9, -87, 4, -98, -4, -108, -14, -113, -21, -112, -26, -106, -30, -99, -31, -91, -28, -83, -17, -73, 0, -66, 21, -67, 42, -73, 66, -79, 90, -88, 114, -103, 127, -120, 127, -128, 127, -128, 127, -128, 127, -128, 127, -128, 127, -128, 127, -128, 111, -128, 96]",esp32_1
CSI_DATA,120264,2025-07-23 16:51:08.303,0,bend,00:00:00:00:00:00,-70,11,0,0,0,0,0,0,0,0,0,-97,0,1,0,1476361716,0,14,0,0,0,104,0,"[0, 0, 70, 117, 57, 115, 46, 117, 33, 119, 11, 120, -12, 122, -32, 127, -53, 127, -71, 127, -89, 127, -105, 127, -119, 127, -128, 127, -128, 127, -128, 127, -128, 127, -127, 127, -115, 127, -99, 127, -79, 116, -59, 98, -37, 82, -15, 65, 6, 47, 21, 32, -109, -21, -109, -25, -110, -24, -111, -22, -107, -22, -100, -17, -90, -12, -82, -6, -76, 3, -68, 16, -57, 27, -47, 34, -42, 41, -33, 51, -21, 63, -9, 74, 1, 84, 11, 91, 20, 97, 28, 106, 37, 112, 50, 116, 64, 117, 73, 116, 79, 117, 81, 117]",esp32_2
CSI_DATA,221104,2025-07-23 16:51:08.311,0,bend,00:00:00:00:00:00,-60,11,0,0,0,0,0,0,0,0,0,-97,0,1,0,2856114634,0,14,0,0,0,104,0,"[0, 0, 9, -70, -21, -58, -52, -49, -78, -46, -102, -46, -124, -47, -128, -50, -128, -55, -128, -61, -128, -66, -128, -70, -128, -71, -128, -69, -128, -65, -128, -59, -128, -50, -124, -40, -120, -31, -118, -23, -118, -15, -119, -11, -119, -10, -118, -10, -117, -13, -116, -18, 65, -41, 73, -41, 84, -39, 95, -35, 102, -30, 105, -23, 103, -17, 97, -14, 88, -15, 76, -20, 62, -32, 50, -47, 42, -64, 37, -86, 32, -110, 32, -128, 38, -128, 47, -128, 58, -128, 70, -128, 80, -128, 90, -128, 98, -128, 98, -128, 92, -128, 87, -128]",esp32_1
CSI_DATA,120265,2025-07-23 16:51:08.311,0,bend,00:00:00:00:00:00,-71,11,0,0,0,0,0,0,0,0,0,-97,0,1,0,1476372117,0,14,0,0,0,104,0,"[0, 0, -95, 67, -97, 57, -98, 44, -99, 25, -100, 8, -104, -10, -112, -30, -119, -51, -123, -73, -128, -91, -128, -106, -128, -119, -128, -128, -128, -128, -128, -128, -128, -128, -128, -128, -128, -119, -119, -105, -105, -86, -90, -65, -74, -41, -62, -20, -51, -1, -42, 14, 0, -102, 1, -103, 0, -101, -1, -99, -2, -98, -4, -95, -10, -89, -18, -81, -24, -70, -31, -62, -38, -54, -44, -42, -52, -30, -61, -21, -67, -14, -71, -5, -78, 5, -88, 15, -93, 24, -93, 34, -93, 43, -97, 52, -102, 61, -101, 67, -98, 70, -98, 73]",esp32_2
CSI_DATA,221105,2025-07-23 16:51:08.319,0,bend,00:00:00:00:00:00,-60,11,0,0,0,0,0,0,0,0,0,-97,0,1,0,2856121792,0,14,0,0,0,104,0,"[0, 0, -78, 31, -49, 49, -23, 73, -2, 101, 13, 127, 23, 127, 26, 127, 25, 127, 22, 127, 18, 127, 14, 127, 12, 127, 10, 127, 9, 127, 12, 127, 16, 127, 22, 127, 29, 127, 36, 125, 43, 121, 49, 120, 51, 121, 49, 122, 45, 123, 40, 123, -72, -36, -79, -45, -89, -58, -95, -70, -93, -80, -85, -86, -76, -87, -69, -84, -64, -75, -64, -61, -66, -43, -73, -22, -87, -1, -106, 16, -126, 32, -128, 44, -128, 53, -128, 57, -128, 58, -128, 53, -128, 42, -128, 27, -128, 16, -128, 7, -128, 0, -128, -5]",esp32_1
CSI_DATA,120266,2025-07-23 16:51:08.319,0,bend,00:00:00:00:00:00,-71,11,0,0,0,0,0,0,0,0,0,-97,0,1,0,1476383904,0,14,0,0,0,104,0,"[0, 0, 55, 127, 41, 127, 21, 127, -2, 127, -27, 127, -53, 127, -82, 127, -112, 127, -128, 127, -128, 127, -128, 127, -128, 127, -128, 127, -128, 127, -128, 127, -128, 127, -128, 127, -128, 127, -128, 127, -128, 127, -107, 122, -75, 106, -42, 85, -9, 67, 14, 55, -128, -59, -128, -61, -128, -60, -128, -58, -128, -51, -128, -42, -127, -37, -119, -29, -109, -10, -97, 9, -87, 25, -82, 40, -74, 55, -61, 73, -50, 94, -39, 106, -25, 113, -14, 124, -6, 127, 2, 127, 14, 127, 32, 127, 46, 127, 56, 127, 67, 127, 76, 127]",esp32_2
CSI_DATA,221106,2025-07-23 16:51:08.324,0,bend,00:00:00:00:00:00,-60,11,0,0,0,0,0,0,0,0,0,-97,0,1,0,2856131816,0,14,0,0,0,104,0,"[0, 0, -43, 62, -8, 61, 23, 65, 49, 74, 71, 84, 89, 95, 103, 105, 112, 113, 115, 120, 116, 127, 117, 127, 114, 127, 109, 127, 104, 123, 99, 113, 95, 101, 92, 90, 92, 81, 95, 74, 97, 68, 99, 64, 100, 63, 99, 63, 96, 67, 94, 71, -70, 15, -81, 11, -95, 5, -104, -3, -109, -10, -108, -17, -105, -23, -97, -25, -88, -22, -79, -12, -70, 3, -63, 22, -64, 42, -69, 65, -74, 88, -81, 109, -94, 127, -111, 127, -127, 127, -128, 127, -128, 127, -128, 127, -128, 127, -128, 124, -128, 107, -128, 93]",esp32_1
CSI_DATA,120267,2025-07-23 16:51:08.327,0,bend,00:00:00:00:00:00,-72,11,0,0,0,0,0,0,0,0,0,-97,0,1,0,1476393451,0,14,0,0,0,104,0,"[0, 0, -128, -6, -128, -15, -128, -22, -128, -37, -128, -63, -128, -88, -128, -115, -128, -128, -128, -128, -128, -128, -128, -128, -128, -128, -128, -128, -124, -128, -114, -128, -106, -128, -99, -128, -94, -128, -95, -128, -90, -128, -78, -128, -67, -104, -61, -61, -59, -19, -55, 11, 86, -125, 87, -123, 90, -121, 88, -116, 83, -116, 72, -119, 56, -117, 42, -117, 27, -114, 8, -106, -10, -96, -24, -90, -38, -91, -52, -91, -73, -83, -93, -77, -108, -74, -126, -65, -128, -52, -128, -41, -128, -32, -128, -27, -128, -13, -128, 7, -128, 12, -128, 8]",esp32_2
CSI_DATA,221107,2025-07-23 16:51:08.332,0,bend,00:00:00:00:00:00,-60,11,0,0,0,0,0,0,0,0,0,-97,0,1,0,2856141806,0,14,0,0,0,104,0,"[0, 0, -70, 30, -42, 47, -18, 66, 0, 88, 14, 109, 23, 127, 28, 127, 29, 127, 28, 127, 24, 127, 21, 127, 18, 127, 17, 127, 16, 127, 17, 127, 21, 127, 26, 127, 31, 120, 37, 115, 41, 111, 45, 110, 47, 109, 46, 111, 42, 113, 37, 113, -68, -30, -75, -38, -83, -50, -86, -61, -85, -70, -79, -75, -72, -77, -66, -74, -62, -65, -60, -51, -60, -35, -65, -17, -77, 1, -95, 19, -112, 35, -128, 47, -128, 53, -128, 56, -128, 55, -128, 51, -128, 43, -128, 32, -128, 22, -128, 14, -128, 6, -128, 0]",esp32_1
CSI_DATA,221108,2025-07-23 16:51:08.338,0,bend,00:00:00:00:00:00,-61,11,0,0,0,0,0,0,0,0,0,-97,0,1,0,2856151843,0,14,0,0,0,104,0,"[0, 0, -24, 70, 10, 59, 46, 50, 75, 49, 100, 51, 124, 54, 127, 58, 127, 62, 127, 67, 127, 73, 127, 78, 127, 79, 127, 77, 127, 72, 127, 65, 127, 56, 127, 44, 125, 32, 125, 22, 124, 15, 125, 12, 127, 10, 126, 10, 126, 12, 125, 15, -74, 33, -86, 30, -100, 24, -109, 17, -116, 12, -116, 6, -112, 0, -104, -3, -94, -1, -82, 7, -69, 23, -55, 43, -48, 63, -46, 88, -44, 114, -48, 127, -57, 127, -69, 127, -82, 127, -96, 127, -111, 127, -123, 127, -128, 127, -128, 127, -121, 127, -111, 127]",esp32_1
CSI_DATA,120269,2025-07-23 16:51:08.342,0,bend,00:00:00:00:00:00,-71,11,0,0,0,0,0,0,0,0,0,-97,0,1,0,1476412190,0,14,0,0,0,104,0,"[0, 0, 60, 113, 52, 116, 37, 120, 18, 122, 0, 123, -19, 127, -37, 127, -52, 127, -66, 127, -83, 127, -97, 127, -109, 127, -121, 127, -128, 127, -128, 127, -124, 127, -116, 127, -108, 127, -96, 127, -80, 114, -59, 99, -37, 82, -15, 64, 5, 47, 18, 35, -110, -26, -110, -27, -110, -26, -109, -21, -104, -16, -100, -12, -98, -7, -92, 1, -82, 12, -73, 24, -63, 34, -53, 45, -43, 57, -34, 68, -26, 77, -16, 85, -6, 93, 3, 99, 13, 105, 24, 112, 31, 114, 39, 114, 48, 116, 57, 115, 62, 115, 64, 119]",esp32_2
CSI_DATA,120270,2025-07-23 16:51:08.351,0,bend,00:00:00:00:00:00,-71,11,0,0,0,0,0,0,0,0,0,-97,0,1,0,1476421744,0,14,0,0,0,104,0,"[0, 0, 98, -57, 99, -48, 105, -38, 110, -28, 115, -13, 121, 5, 127, 22, 127, 39, 127, 54, 127, 68, 127, 83, 127, 94, 127, 102, 127, 111, 127, 113, 127, 108, 127, 103, 127, 93, 119, 80, 104, 64, 88, 48, 70, 32, 56, 12, 43, -6, 32, -17, -9, 101, -9, 101, -7, 99, -2, 98, 3, 97, 7, 93, 12, 86, 21, 78, 31, 70, 38, 60, 42, 50, 47, 40, 56, 30, 66, 21, 72, 12, 78, 2, 84, -8, 91, -16, 95, -27, 98, -35, 100, -40, 101, -46, 102, -54, 102, -60, 102, -65, 103, -68]",esp32_2
CSI_DATA,120271,2025-07-23 16:51:08.362,0,bend,00:00:00:00:00:00,-71,11,0,0,0,0,0,0,0,0,0,-97,0,1,0,1476431720,0,14,0,0,0,104,0,"[0, 0, -93, -78, -82, -83, -68, -89, -55, -95, -45, -102, -32, -114, -18, -128, -5, -128, 4, -128, 12, -128, 20, -128, 29, -128, 41, -128, 52, -128, 53, -128, 50, -128, 50, -128, 49, -128, 41, -128, 29, -119, 16, -100, 1, -80, -12, -57, -22, -37, -31, -27, 92, -34, 94, -35, 91, -38, 88, -41, 85, -45, 79, -47, 70, -46, 60, -50, 51, -58, 40, -64, 28, -67, 15, -71, 4, -76, -6, -82, -19, -87, -32, -90, -41, -94, -47, -94, -56, -92, -64, -92, -68, -88, -73, -84, -83, -82, -91, -76, -95, -74, -95, -79]",esp32_2
CSI_DATA,120272,2025-07-23 16:51:08.366,0,bend,00:00:00:00:00:00,-71,11,0,0,0,0,0,0,0,0,0,-97,0,1,0,1476441791,0,14,0,0,0,104,0,"[0, 0, -104, 51, -109, 39, -113, 28, -115, 15, -117, 0, -121, -17, -124, -36, -128, -51, -128, -66, -128, -81, -128, -93, -128, -104, -128, -114, -128, -120, -128, -121, -128, -117, -128, -109, -123, -101, -114, -92, -99, -78, -83, -59, -69, -38, -57, -18, -46, 0, -39, 13, 3, -107, 3, -106, 2, -105, 0, -103, -5, -99, -9, -94, -16, -85, -24, -76, -32, -69, -42, -60, -51, -49, -57, -39, -65, -29, -76, -17, -84, -10, -90, -3, -95, 4, -99, 14, -104, 24, -107, 32, -108, 38, -110, 43, -109, 47, -105, 53, -103, 59, -102, 64]",esp32_2
CSI_DATA,120273,2025-07-23 16:51:08.373,0,bend,00:00:00:00:00:00,-71,11,0,0,0,0,0,0,0,0,0,-97,0,1,0,1476452726,0,14,0,0,0,104,0,"[0, 0, -73, -128, -57, -128, -35, -128, -11, -128, 12, -128, 36, -128, 62, -128, 86, -128, 109, -128, 127, -128, 127, -128, 127, -128, 127, -128, 127, -128, 127, -128, 127, -128, 127, -128, 127, -128, 127, -128, 127, -128, 101, -118, 74, -104, 43, -88, 11, -73, -14, -62, 127, -17, 127, -16, 127, -19, 127, -25, 127, -32, 127, -36, 127, -38, 116, -49, 100, -65, 84, -76, 69, -82, 56, -95, 44, -111, 29, -122, 9, -128, -8, -128, -19, -128, -30, -128, -40, -128, -50, -128, -61, -128, -71, -128, -80, -128, -85, -128, -91, -128, -97, -128]",esp32_2
CSI_DATA,120274,2025-07-23 16:51:08.381,0,bend,00:00:00:00:00:00,-71,11,0,0,0,0,0,0,0,0,0,-97,0,1,0,1476463390,0,14,0,0,0,104,0,"[0, 0, -53, 99, -62, 90, -68, 84, -77, 78, -89, 67, -102, 55, -114, 48, -127, 41, -128, 33, -128, 27, -128, 22, -128, 17, -128, 10, -128, 5, -128, 3, -128, 0, -128, -6, -128, -8, -128, -5, -116, 0, -95, 5, -74, 12, -52, 19, -33, 25, -20, 31, -61, -74, -60, -75, -62, -75, -67, -70, -69, -66, -68, -61, -65, -52, -66, -39, -68, -26, -70, -14, -70, -4, -70, 8, -70, 21, -70, 32, -69, 44, -67, 57, -67, 67, -65, 73, -62, 79, -60, 84, -61, 88, -58, 95, -53, 102, -45, 106, -37, 107, -36, 106]",esp32_2
CSI_DATA,120276,2025-07-23 16:51:08.402,0,bend,00:00:00:00:00:00,-72,11,0,0,0,0,0,0,0,0,0,-97,0,1,0,1476482623,0,14,0,0,0,104,0,"[0, 0, 112, -43, 111, -33, 114, -20, 118, -7, 120, 7, 125, 23, 127, 41, 127, 58, 127, 71, 127, 83, 127, 97, 127, 109, 127, 120, 127, 127, 127, 127, 127, 127, 119, 123, 107, 114, 95, 102, 85, 86, 74, 65, 63, 44, 54, 24, 46, 4, 37, -11, 13, 111, 11, 111, 11, 106, 15, 101, 20, 97, 23, 93, 29, 87, 39, 79, 46, 68, 54, 56, 63, 46, 71, 33, 80, 20, 89, 10, 94, 1, 97, -8, 104, -17, 110, -26, 113, -33, 115, -40, 117, -47, 119, -51, 119, -55, 117, -58, 117, -61, 121, -64]",esp32_2
CSI_DATA,120277,2025-07-23 16:51:08.408,0,bend,00:00:00:00:00:00,-72,11,0,0,0,0,0,0,0,0,0,-97,0,1,0,1476491745,0,14,0,0,0,104,0,"[0, 0, 127, 32, 124, 37, 117, 49, 113, 63, 109, 79, 103, 98, 96, 117, 89, 127, 83, 127, 75, 127, 68, 127, 63, 127, 55, 127, 47, 127, 43, 127, 40, 127, 36, 127, 33, 127, 32, 127, 32, 127, 30, 108, 30, 87, 35, 62, 40, 35, 41, 15, -57, 107, -58, 106, -57, 104, -54, 104, -45, 104, -32, 103, -22, 100, -10, 96, 6, 93, 21, 86, 34, 80, 49, 75, 63, 68, 77, 62, 90, 56, 101, 51, 112, 50, 122, 43, 127, 36, 127, 32, 127, 27, 127, 22, 127, 19, 127, 15, 127, 16, 127, 18]",esp32_2
CSI_DATA,221110,2025-07-23 16:51:08.413,0,bend,00:00:00:00:00:00,-60,11,0,0,0,0,0,0,0,0,0,-97,0,1,0,2856171811,0,14,0,0,0,104,0,"[0, 0, 77, -43, 45, -59, 19, -80, -3, -106, -20, -127, -33, -128, -40, -128, -45, -128, -45, -128, -42, -128, -40, -128, -38, -128, -35, -128, -34, -128, -35, -128, -37, -128, -39, -128, -44, -128, -51, -126, -59, -121, -64, -120, -64, -121, -62, -121, -57, -121, -53, -122, 78, 28, 84, 35, 93, 46, 99, 58, 99, 69, 92, 75, 84, 76, 78, 73, 73, 65, 70, 50, 69, 30, 73, 9, 86, -12, 104, -32, 121, -52, 127, -69, 127, -80, 127, -86, 127, -86, 127, -81, 127, -74, 127, -64, 127, -51, 127, -40, 127, -29, 127, -19]",esp32_1
CSI_DATA,120278,2025-07-23 16:51:08.430,0,bend,00:00:00:00:00:00,-71,11,0,0,0,0,0,0,0,0,0,-97,0,1,0,1476511222,0,14,0,0,0,104,0,"[0, 0, -128, -20, -128, -30, -128, -45, -128, -61, -125, -73, -121, -87, -116, -105, -114, -121, -112, -128, -107, -128, -106, -128, -108, -128, -103, -128, -95, -128, -87, -128, -76, -128, -66, -128, -60, -128, -57, -128, -56, -122, -54, -98, -51, -72, -49, -43, -44, -21, -41, -9, 65, -109, 64, -107, 60, -106, 56, -107, 52, -105, 40, -103, 24, -100, 11, -97, -2, -93, -17, -86, -33, -78, -49, -72, -63, -66, -75, -61, -88, -55, -102, -51, -119, -47, -128, -37, -128, -30, -128, -28, -128, -23, -128, -18, -128, -13, -128, -9, -128, -7, -128, -9]",esp32_2
CSI_DATA,221111,2025-07-23 16:51:08.445,0,bend,00:00:00:00:00:00,-60,11,0,0,0,0,0,0,0,0,0,-97,0,1,0,2856185895,0,14,0,0,0,104,0,"[0, 0, 62, 45, 63, 13, 70, -16, 79, -44, 89, -66, 101, -82, 113, -93, 126, -102, 127, -105, 127, -105, 127, -105, 127, -103, 127, -97, 127, -91, 127, -86, 119, -83, 110, -83, 102, -84, 95, -86, 88, -87, 84, -88, 85, -88, 86, -85, 89, -81, 89, -77, 15, 74, 14, 81, 9, 91, 3, 100, -4, 105, -12, 107, -17, 103, -17, 95, -11, 85, 0, 77, 14, 72, 32, 67, 54, 64, 77, 68, 97, 75, 114, 87, 127, 103, 127, 119, 127, 127, 127, 127, 127, 127, 127, 127, 127, 127, 120, 127, 104, 127, 92, 127]",esp32_1
CSI_DATA,120279,2025-07-23 16:51:08.462,0,bend,00:00:00:00:00:00,-72,11,0,0,0,0,0,0,0,0,0,-97,0,1,0,1476512222,0,14,0,0,0,104,0,"[0, 0, 112, 30, 104, 36, 101, 45, 98, 58, 91, 73, 83, 85, 77, 96, 73, 110, 71, 124, 70, 127, 67, 127, 60, 127, 54, 127, 49, 127, 42, 127, 37, 127, 32, 127, 29, 127, 27, 120, 25, 99, 24, 79, 26, 61, 29, 40, 31, 20, 36, 6, -58, 80, -57, 79, -57, 78, -55, 80, -50, 82, -41, 81, -30, 78, -19, 75, -7, 71, 6, 69, 21, 66, 34, 60, 48, 57, 61, 53, 70, 48, 78, 44, 88, 43, 98, 41, 104, 36, 108, 32, 111, 28, 116, 22, 120, 18, 118, 14, 118, 12, 121, 12]",esp32_2
CSI_DATA,221112,2025-07-23 16:51:08.478,0,bend,00:00:00:00:00:00,-61,11,0,0,0,0,0,0,0,0,0,-97,0,1,0,2856191838,0,14,0,0,0,104,0,"[0, 0, 68, -40, 35, -54, 7, -72, -16, -96, -35, -116, -49, -128, -56, -128, -61, -128, -64, -128, -64, -128, -63, -128, -61, -128, -57, -128, -54, -128, -55, -128, -57, -128, -57, -128, -60, -124, -66, -117, -72, -112, -77, -110, -80, -109, -79, -108, -75, -109, -70, -110, 75, 23, 83, 32, 93, 44, 99, 56, 99, 67, 91, 72, 82, 73, 74, 70, 69, 61, 67, 46, 65, 26, 67, 3, 79, -20, 96, -41, 113, -60, 127, -76, 127, -88, 127, -97, 127, -98, 127, -91, 127, -82, 127, -72, 127, -62, 127, -51, 127, -38, 127, -28]",esp32_1
CSI_DATA,120280,2025-07-23 16:51:08.492,0,bend,00:00:00:00:00:00,-71,11,0,0,0,0,0,0,0,0,0,-97,0,1,0,1476522860,0,14,0,0,0,104,0,"[0, 0, 33, 121, 25, 122, 13, 125, -1, 127, -16, 127, -32, 127, -47, 127, -61, 127, -75, 127, -88, 127, -103, 127, -117, 127, -123, 127, -128, 127, -128, 127, -128, 127, -122, 119, -111, 107, -99, 96, -83, 84, -66, 72, -46, 61, -25, 51, -6, 43, 9, 38, -112, -8, -112, -8, -111, -6, -108, 0, -106, 5, -101, 11, -92, 21, -83, 30, -72, 38, -63, 47, -52, 57, -38, 68, -27, 78, -19, 87, -8, 97, 1, 105, 8, 112, 18, 117, 29, 120, 35, 123, 38, 122, 43, 122, 47, 127, 51, 126, 56, 125, 59, 127]",esp32_2
CSI_DATA,221113,2025-07-23 16:51:08.503,0,bend,00:00:00:00:00:00,-61,11,0,0,0,0,0,0,0,0,0,-97,0,1,0,2856204516,0,14,0,0,0,104,0,"[0, 0, 54, -63, 16, -65, -17, -72, -46, -86, -71, -99, -88, -112, -100, -124, -110, -128, -116, -128, -117, -128, -118, -128, -116, -128, -112, -128, -108, -128, -103, -127, -101, -114, -99, -101, -99, -92, -103, -85, -108, -78, -113, -75, -115, -73, -112, -72, -108, -76, -104, -81, 80, 6, 88, 12, 99, 22, 106, 33, 108, 41, 103, 46, 95, 49, 88, 47, 81, 40, 75, 26, 68, 5, 65, -19, 72, -42, 84, -67, 94, -92, 105, -114, 123, -128, 127, -128, 127, -128, 127, -128, 127, -128, 127, -128, 127, -126, 127, -111, 127, -92, 127, -79]",esp32_1
CSI_DATA,221114,2025-07-23 16:51:08.525,0,bend,00:00:00:00:00:00,-61,11,0,0,0,0,0,0,0,0,0,-97,0,1,0,2856219110,0,14,0,0,0,104,0,"[0, 0, 52, 48, 54, 16, 63, -14, 74, -40, 84, -59, 95, -77, 107, -90, 119, -98, 126, -102, 127, -104, 127, -106, 127, -104, 127, -98, 125, -93, 116, -91, 106, -89, 98, -88, 91, -90, 84, -93, 78, -95, 75, -96, 74, -96, 74, -95, 76, -92, 78, -87, 4, 74, 0, 83, -7, 91, -15, 97, -24, 101, -32, 102, -37, 97, -36, 90, -28, 80, -15, 71, 2, 65, 21, 61, 42, 59, 65, 65, 86, 76, 104, 90, 120, 107, 127, 125, 127, 127, 127, 127, 127, 127, 127, 127, 120, 127, 109, 127, 94, 127, 82, 127]",esp32_1
CSI_DATA,120282,2025-07-23 16:51:08.578,0,bend,00:00:00:00:00:00,-72,11,0,0,0,0,0,0,0,0,0,-97,0,1,0,1476541718,0,14,0,0,0,104,0,"[0, 0, 95, -84, 102, -77, 110, -65, 116, -50, 122, -40, 127, -33, 127, -19, 127, -4, 127, 8, 127, 17, 127, 26, 127, 34, 127, 43, 127, 50, 127, 55, 127, 59, 127, 59, 127, 53, 127, 44, 111, 33, 92, 20, 73, 10, 56, 1, 40, -12, 27, -26, 34, 111, 32, 108, 33, 102, 38, 97, 44, 92, 48, 84, 52, 74, 58, 65, 66, 54, 71, 38, 74, 20, 79, 3, 87, -12, 92, -23, 93, -35, 92, -48, 96, -58, 98, -65, 97, -74, 97, -85, 99, -93, 100, -96, 100, -96, 96, -96, 91, -97, 92, -96]",esp32_2
CSI_DATA,120283,2025-07-23 16:51:08.619,0,bend,00:00:00:00:00:00,-71,11,0,0,0,0,0,0,0,0,0,-97,0,1,0,1476551726,0,14,0,0,0,104,0,"[0, 0, -28, -128, -11, -128, 14, -128, 33, -128, 47, -128, 64, -128, 87, -128, 110, -128, 127, -128, 127, -128, 127, -128, 127, -128, 127, -128, 127, -128, 127, -128, 127, -128, 127, -128, 127, -128, 127, -128, 127, -117, 100, -102, 72, -85, 43, -69, 15, -57, -4, -48, 127, 60, 127, 63, 127, 61, 127, 51, 127, 37, 127, 25, 127, 11, 126, -8, 115, -27, 101, -42, 89, -59, 79, -82, 71, -104, 60, -120, 45, -128, 29, -128, 19, -128, 9, -128, -4, -128, -15, -128, -21, -128, -28, -128, -32, -128, -36, -128, -43, -128, -49, -128]",esp32_2
CSI_DATA,221116,2025-07-23 16:51:08.636,0,bend,00:00:00:00:00:00,-60,11,0,0,0,0,0,0,0,0,0,-97,0,1,0,2856231978,0,14,0,0,0,104,0,"[0, 0, -80, 60, -43, 70, -10, 89, 20, 115, 42, 127, 59, 127, 73, 127, 78, 127, 77, 127, 76, 127, 76, 127, 74, 127, 69, 127, 64, 127, 65, 127, 66, 127, 66, 127, 69, 127, 75, 127, 80, 127, 84, 127, 87, 127, 85, 127, 79, 127, 72, 127, -94, -14, -104, -23, -116, -34, -124, -45, -126, -55, -119, -62, -110, -66, -101, -65, -93, -55, -89, -36, -86, -14, -85, 11, -94, 39, -110, 62, -128, 84, -128, 107, -128, 125, -128, 127, -128, 127, -128, 127, -128, 125, -128, 113, -128, 101, -128, 90, -128, 74, -128, 59]",esp32_1
CSI_DATA,120284,2025-07-23 16:51:08.652,0,bend,00:00:00:00:00:00,-71,11,0,0,0,0,0,0,0,0,0,-97,0,1,0,1476561753,0,14,0,0,0,104,0,"[0, 0, 80, 127, 72, 127, 60, 127, 43, 127, 25, 127, 12, 127, -4, 127, -23, 127, -39, 127, -58, 127, -77, 127, -87, 127, -94, 127, -102, 127, -107, 127, -107, 127, -104, 127, -95, 127, -83, 127, -67, 127, -48, 107, -32, 88, -16, 71, 4, 53, 22, 39, -128, 18, -128, 17, -128, 21, -128, 28, -125, 35, -114, 42, -104, 50, -92, 60, -78, 71, -62, 81, -44, 89, -25, 98, -8, 108, 8, 115, 24, 119, 40, 123, 54, 127, 64, 127, 72, 127, 79, 127, 88, 127, 94, 127, 98, 127, 100, 127, 103, 127, 109, 127]",esp32_2
CSI_DATA,221117,2025-07-23 16:51:08.662,0,bend,00:00:00:00:00:00,-60,11,0,0,0,0,0,0,0,0,0,-97,0,1,0,2856244127,0,14,0,0,0,104,0,"[0, 0, 74, -39, 47, -54, 25, -73, 7, -95, -6, -114, -15, -128, -20, -128, -24, -128, -24, -128, -21, -128, -22, -128, -23, -128, -20, -128, -18, -128, -19, -128, -22, -128, -25, -128, -29, -128, -33, -124, -37, -120, -40, -120, -40, -120, -37, -117, -32, -116, -27, -116, 71, 23, 78, 29, 85, 38, 90, 48, 89, 57, 83, 63, 75, 65, 69, 62, 65, 53, 65, 39, 66, 21, 70, 1, 80, -18, 97, -35, 112, -50, 127, -62, 127, -70, 127, -76, 127, -75, 127, -68, 127, -58, 127, -48, 127, -38, 127, -29, 127, -22, 127, -17]",esp32_1
CSI_DATA,120285,2025-07-23 16:51:08.683,0,bend,00:00:00:00:00:00,-72,11,0,0,0,0,0,0,0,0,0,-97,0,1,0,1476571717,0,14,0,0,0,104,0,"[0, 0, -128, -72, -116, -80, -110, -92, -108, -104, -99, -112, -86, -124, -76, -128, -70, -128, -64, -128, -56, -128, -45, -128, -36, -128, -33, -128, -29, -128, -21, -128, -14, -128, -10, -128, -8, -128, -8, -128, -10, -128, -13, -108, -19, -84, -24, -58, -28, -35, -33, -18, 103, -76, 101, -73, 99, -73, 94, -75, 86, -77, 73, -81, 59, -87, 45, -92, 30, -90, 11, -87, -8, -86, -24, -88, -39, -91, -53, -90, -69, -83, -86, -82, -98, -85, -108, -83, -118, -76, -126, -73, -128, -69, -128, -65, -128, -62, -128, -58, -128, -56, -128, -59]",esp32_2
CSI_DATA,221118,2025-07-23 16:51:08.684,0,bend,00:00:00:00:00:00,-61,11,0,0,0,0,0,0,0,0,0,-97,0,1,0,2856251782,0,14,0,0,0,104,0,"[0, 0, -34, 81, 0, 71, 34, 66, 62, 70, 86, 75, 108, 81, 125, 88, 127, 96, 127, 101, 127, 106, 127, 111, 127, 112, 127, 110, 127, 105, 126, 98, 121, 88, 117, 78, 114, 70, 115, 64, 115, 58, 117, 56, 119, 56, 117, 56, 113, 58, 110, 61, -70, 39, -81, 39, -94, 34, -104, 29, -110, 25, -110, 19, -107, 13, -100, 10, -91, 14, -79, 21, -65, 34, -53, 51, -47, 70, -45, 95, -45, 121, -48, 127, -58, 127, -72, 127, -88, 127, -103, 127, -117, 127, -128, 127, -128, 127, -128, 127, -128, 127, -118, 127]",esp32_1
CSI_DATA,120286,2025-07-23 16:51:08.707,0,bend,00:00:00:00:00:00,-72,11,0,0,0,0,0,0,0,0,0,-97,0,1,0,1476581730,0,14,0,0,0,104,0,"[0, 0, -9, 112, -17, 110, -29, 109, -41, 106, -52, 103, -64, 103, -79, 103, -93, 101, -106, 97, -120, 94, -128, 93, -128, 90, -128, 85, -128, 80, -128, 75, -128, 66, -128, 57, -127, 52, -115, 49, -98, 46, -79, 41, -59, 37, -38, 33, -18, 32, -4, 30, -91, -46, -90, -42, -89, -39, -88, -36, -89, -30, -88, -21, -84, -11, -79, -1, -76, 11, -70, 25, -62, 39, -56, 52, -52, 62, -45, 71, -37, 79, -31, 86, -27, 95, -22, 104, -19, 109, -13, 111, -5, 110, 0, 113, 0, 120, 0, 120, 2, 119, 6, 123]",esp32_2
CSI_DATA,221119,2025-07-23 16:51:08.717,0,bend,00:00:00:00:00:00,-61,11,0,0,0,0,0,0,0,0,0,-97,0,1,0,2856261774,0,14,0,0,0,104,0,"[0, 0, -79, 61, -43, 71, -11, 87, 16, 108, 38, 127, 55, 127, 69, 127, 77, 127, 78, 127, 77, 127, 75, 127, 73, 127, 71, 127, 70, 127, 70, 127, 71, 127, 73, 127, 77, 127, 81, 127, 83, 122, 85, 120, 86, 119, 83, 118, 78, 120, 72, 122, -88, -15, -97, -20, -109, -30, -118, -41, -118, -51, -113, -57, -105, -58, -96, -54, -88, -47, -85, -34, -81, -12, -83, 13, -94, 37, -109, 62, -122, 86, -128, 108, -128, 126, -128, 127, -128, 127, -128, 127, -128, 127, -128, 115, -128, 101, -128, 87, -128, 73, -128, 60]",esp32_1
CSI_DATA,120287,2025-07-23 16:51:08.737,0,bend,00:00:00:00:00:00,-71,11,0,0,0,0,0,0,0,0,0,-97,0,1,0,1476591720,0,14,0,0,0,104,0,"[0, 0, 127, 127, 127, 127, 126, 127, 113, 127, 97, 127, 78, 127, 59, 127, 43, 127, 28, 127, 10, 127, -6, 127, -18, 127, -32, 127, -44, 127, -51, 127, -52, 127, -49, 127, -46, 127, -41, 127, -29, 127, -16, 127, -3, 125, 13, 96, 31, 64, 46, 40, -128, 43, -128, 42, -128, 43, -128, 51, -128, 62, -128, 69, -123, 77, -100, 89, -78, 102, -60, 108, -37, 113, -14, 126, 1, 127, 19, 127, 47, 127, 68, 127, 82, 127, 103, 127, 119, 127, 127, 127, 127, 127, 127, 127, 127, 127, 127, 127, 127, 127, 127, 127]",esp32_2
CSI_DATA,221121,2025-07-23 16:51:08.794,0,bend,00:00:00:00:00:00,-61,11,0,0,0,0,0,0,0,0,0,-97,0,1,0,2856282144,0,14,0,0,0,104,0,"[0, 0, 29, -88, -2, -81, -32, -75, -59, -77, -84, -81, -104, -87, -121, -92, -128, -97, -128, -102, -128, -108, -128, -114, -128, -114, -128, -111, -128, -107, -128, -100, -124, -91, -121, -81, -120, -72, -119, -65, -119, -61, -119, -60, -118, -57, -116, -56, -113, -59, -111, -63, 68, -40, 79, -39, 93, -35, 103, -30, 109, -24, 109, -18, 105, -14, 98, -11, 88, -12, 75, -21, 61, -37, 50, -55, 45, -76, 44, -101, 44, -126, 46, -128, 56, -128, 72, -128, 89, -128, 104, -128, 117, -128, 127, -128, 127, -128, 127, -128, 126, -128, 117, -128]",esp32_1
CSI_DATA,221122,2025-07-23 16:51:08.818,0,bend,00:00:00:00:00:00,-61,11,0,0,0,0,0,0,0,0,0,-97,0,1,0,2856291866,0,14,0,0,0,104,0,"[0, 0, -73, -55, -75, -22, -84, 9, -92, 35, -100, 58, -110, 76, -122, 90, -128, 96, -128, 99, -128, 100, -128, 102, -128, 100, -128, 97, -128, 93, -128, 90, -125, 87, -116, 86, -109, 88, -103, 90, -97, 91, -93, 91, -93, 91, -93, 88, -95, 85, -97, 82, -17, -82, -16, -90, -12, -99, -6, -106, 3, -112, 11, -114, 15, -110, 15, -102, 11, -92, -1, -81, -19, -73, -39, -67, -64, -63, -88, -66, -110, -77, -128, -94, -128, -112, -128, -128, -128, -128, -128, -128, -128, -128, -128, -128, -128, -128, -128, -128, -116, -128, -105, -128]",esp32_1
CSI_DATA,120289,2025-07-23 16:51:08.840,0,bend,00:00:00:00:00:00,-71,11,0,0,0,0,0,0,0,0,0,-97,0,1,0,1476613716,0,14,0,0,0,104,0,"[0, 0, 78, 85, 74, 91, 66, 98, 54, 106, 43, 111, 34, 118, 26, 127, 19, 127, 12, 127, 1, 127, -9, 127, -17, 127, -27, 127, -32, 127, -34, 127, -37, 127, -37, 127, -34, 127, -31, 120, -27, 103, -19, 83, -8, 64, 3, 48, 15, 34, 24, 22, -95, 13, -98, 14, -97, 16, -94, 20, -90, 25, -84, 31, -73, 39, -61, 47, -51, 55, -39, 61, -25, 64, -11, 69, -3, 77, 6, 83, 18, 84, 31, 84, 44, 87, 54, 87, 60, 87, 65, 87, 71, 87, 76, 84, 77, 83, 78, 81, 81, 82, 85, 83]",esp32_2
CSI_DATA,120290,2025-07-23 16:51:08.871,0,bend,00:00:00:00:00:00,-71,11,0,0,0,0,0,0,0,0,0,-97,0,1,0,1476621742,0,14,0,0,0,104,0,"[0, 0, 127, 124, 127, 127, 118, 127, 105, 127, 93, 127, 78, 127, 64, 127, 51, 127, 36, 127, 18, 127, 1, 127, -12, 127, -25, 127, -39, 127, -50, 127, -51, 127, -50, 127, -47, 127, -38, 127, -32, 127, -28, 127, -16, 105, 5, 77, 25, 50, 36, 32, -128, 62, -128, 63, -128, 68, -128, 73, -128, 77, -111, 88, -92, 103, -78, 110, -61, 109, -35, 111, -11, 117, 8, 122, 25, 127, 42, 127, 59, 127, 75, 127, 91, 127, 107, 127, 119, 127, 125, 127, 127, 127, 127, 124, 127, 118, 127, 112, 127, 108, 127, 111]",esp32_2
CSI_DATA,120291,2025-07-23 16:51:08.893,0,bend,00:00:00:00:00:00,-71,11,0,0,0,0,0,0,0,0,0,-97,0,1,0,1476631751,0,14,0,0,0,104,0,"[0, 0, 127, 27, 127, 39, 127, 60, 127, 79, 127, 98, 127, 115, 127, 127, 127, 127, 127, 127, 127, 127, 127, 127, 122, 127, 116, 127, 107, 127, 94, 127, 83, 127, 76, 127, 66, 127, 59, 127, 54, 127, 46, 127, 43, 104, 46, 70, 48, 35, 50, 13, -77, 127, -75, 127, -68, 127, -59, 127, -50, 127, -36, 127, -19, 127, -1, 127, 20, 127, 45, 119, 67, 108, 79, 96, 93, 85, 113, 77, 127, 71, 127, 65, 127, 58, 127, 45, 127, 33, 127, 27, 127, 20, 127, 15, 127, 11, 127, 5, 127, 5, 127, 6]",esp32_2
CSI_DATA,221124,2025-07-23 16:51:08.914,0,bend,00:00:00:00:00:00,-60,11,0,0,0,0,0,0,0,0,0,-97,0,1,0,2856312516,0,14,0,0,0,104,0,"[0, 0, 82, -83, 44, -90, 12, -100, -16, -117, -40, -128, -57, -128, -70, -128, -81, -128, -84, -128, -82, -128, -80, -128, -78, -128, -76, -128, -74, -128, -73, -128, -73, -128, -70, -128, -72, -128, -76, -128, -80, -128, -82, -128, -82, -128, -79, -128, -74, -128, -68, -128, 93, -9, 103, -4, 118, 5, 127, 15, 127, 24, 127, 31, 118, 34, 108, 35, 100, 29, 93, 12, 86, -10, 83, -34, 90, -60, 102, -87, 113, -114, 127, -128, 127, -128, 127, -128, 127, -128, 127, -128, 127, -128, 127, -128, 127, -128, 127, -122, 127, -103, 127, -90]",esp32_1
CSI_DATA,120292,2025-07-23 16:51:08.925,0,bend,00:00:00:00:00:00,-71,11,0,0,0,0,0,0,0,0,0,-97,0,1,0,1476641724,0,14,0,0,0,104,0,"[0, 0, 118, -16, 121, -10, 122, 0, 124, 10, 126, 20, 127, 30, 127, 46, 127, 62, 127, 73, 127, 82, 127, 92, 127, 101, 127, 109, 127, 117, 120, 120, 111, 119, 102, 113, 91, 102, 82, 91, 74, 79, 64, 63, 54, 43, 45, 24, 35, 7, 29, -7, -35, 88, -36, 88, -32, 89, -25, 91, -17, 93, -8, 92, 1, 86, 15, 80, 27, 75, 35, 66, 44, 58, 56, 50, 70, 41, 80, 34, 85, 28, 89, 19, 97, 10, 104, 3, 107, -2, 111, -5, 115, -12, 117, -17, 117, -21, 118, -25, 120, -26, 123, -24]",esp32_2
CSI_DATA,221125,2025-07-23 16:51:08.946,0,bend,00:00:00:00:00:00,-60,11,0,0,0,0,0,0,0,0,0,-97,0,1,0,2856321794,0,14,0,0,0,104,0,"[0, 0, 81, -40, 55, -56, 33, -73, 17, -93, 4, -112, -6, -128, -12, -128, -15, -128, -15, -128, -13, -128, -13, -128, -12, -128, -9, -128, -8, -128, -10, -128, -13, -128, -14, -128, -18, -128, -22, -127, -27, -124, -29, -121, -30, -120, -27, -119, -22, -119, -18, -118, 74, 17, 81, 23, 90, 32, 96, 42, 96, 51, 89, 57, 80, 59, 72, 56, 66, 48, 64, 34, 65, 17, 69, -4, 81, -25, 97, -44, 114, -58, 127, -68, 127, -75, 127, -79, 127, -79, 127, -72, 127, -62, 127, -52, 127, -42, 127, -34, 127, -26, 127, -19]",esp32_1
CSI_DATA,120293,2025-07-23 16:51:08.967,0,bend,00:00:00:00:00:00,-71,11,0,0,0,0,0,0,0,0,0,-97,0,1,0,1476651732,0,14,0,0,0,104,0,"[0, 0, 101, -128, 107, -128, 126, -125, 127, -118, 127, -108, 127, -97, 127, -83, 127, -70, 127, -61, 127, -53, 127, -47, 127, -38, 127, -22, 127, -9, 127, 0, 127, 10, 127, 15, 127, 13, 127, 11, 127, 8, 120, 0, 95, -10, 71, -19, 48, -28, 31, -36, 54, 127, 56, 127, 59, 120, 61, 115, 67, 109, 77, 98, 87, 84, 94, 68, 99, 50, 105, 32, 108, 14, 109, -2, 111, -20, 113, -38, 112, -55, 110, -71, 111, -84, 112, -95, 109, -107, 106, -118, 104, -126, 102, -128, 98, -128, 94, -128, 91, -128, 95, -128]",esp32_2
CSI_DATA,221126,2025-07-23 16:51:08.985,0,bend,00:00:00:00:00:00,-60,11,0,0,0,0,0,0,0,0,0,-97,0,1,0,2856331817,0,14,0,0,0,104,0,"[0, 0, -50, 77, -19, 79, 9, 81, 31, 89, 51, 99, 68, 107, 82, 115, 92, 122, 97, 127, 98, 127, 97, 127, 95, 127, 93, 127, 90, 127, 88, 125, 85, 116, 81, 108, 80, 101, 82, 96, 84, 91, 83, 89, 82, 89, 80, 89, 77, 90, 74, 90, -72, 28, -81, 26, -93, 21, -103, 14, -108, 8, -107, 2, -101, -3, -93, -4, -84, -1, -75, 9, -65, 25, -57, 44, -56, 64, -60, 87, -65, 110, -74, 127, -88, 127, -106, 127, -123, 127, -128, 127, -128, 127, -128, 127, -128, 127, -128, 127, -128, 124, -128, 109]",esp32_1
CSI_DATA,120294,2025-07-23 16:51:09.000,0,bend,00:00:00:00:00:00,-72,11,0,0,0,0,0,0,0,0,0,-97,0,1,0,1476665042,0,14,0,0,0,104,0,"[0, 0, 122, -58, 127, -53, 127, -44, 127, -32, 127, -21, 127, -11, 127, 0, 127, 12, 127, 23, 127, 34, 127, 46, 127, 57, 127, 66, 127, 77, 127, 84, 127, 81, 127, 77, 125, 75, 107, 66, 90, 51, 76, 37, 62, 26, 48, 10, 38, -7, 31, -17, 5, 104, 11, 104, 16, 101, 22, 97, 29, 94, 36, 91, 44, 84, 55, 71, 64, 59, 70, 47, 76, 38, 81, 27, 87, 15, 101, 1, 107, -10, 106, -19, 111, -27, 117, -35, 118, -41, 118, -45, 119, -53, 117, -61, 111, -64, 106, -65, 105, -68, 108, -70]",esp32_2
CSI_DATA,221127,2025-07-23 16:51:09.022,0,bend,00:00:00:00:00:00,-60,11,0,0,0,0,0,0,0,0,0,-97,0,1,0,2856341776,0,14,0,0,0,104,0,"[0, 0, 98, 15, 85, -15, 77, -45, 73, -74, 71, -99, 72, -120, 76, -128, 82, -128, 86, -128, 89, -128, 91, -128, 91, -128, 92, -128, 91, -128, 84, -128, 76, -128, 68, -128, 62, -128, 55, -127, 47, -127, 42, -127, 39, -127, 40, -124, 45, -122, 49, -119, 48, 65, 51, 75, 53, 86, 51, 96, 46, 105, 38, 109, 30, 106, 25, 99, 27, 86, 37, 71, 50, 56, 66, 39, 89, 26, 115, 18, 127, 16, 127, 20, 127, 30, 127, 41, 127, 51, 127, 64, 127, 79, 127, 93, 127, 103, 127, 102, 127, 96, 127, 92]",esp32_1
CSI_DATA,221128,2025-07-23 16:51:09.048,0,bend,00:00:00:00:00:00,-60,11,0,0,0,0,0,0,0,0,0,-97,0,1,0,2856351771,0,14,0,0,0,104,0,"[0, 0, -61, -68, -68, -39, -80, -13, -91, 9, -102, 28, -115, 42, -128, 51, -128, 56, -128, 58, -128, 58, -128, 58, -128, 59, -128, 58, -128, 57, -128, 57, -128, 56, -122, 56, -116, 59, -110, 63, -105, 64, -101, 65, -100, 65, -100, 64, -102, 61, -103, 56, 4, -80, 8, -86, 14, -92, 23, -98, 33, -102, 40, -100, 41, -94, 37, -86, 31, -78, 18, -70, 0, -69, -20, -70, -42, -74, -63, -83, -82, -97, -99, -115, -113, -128, -122, -128, -126, -128, -124, -128, -117, -128, -108, -128, -96, -128, -81, -128, -68, -128, -61, -128]",esp32_1
CSI_DATA,221129,2025-07-23 16:51:09.074,0,bend,00:00:00:00:00:00,-60,11,0,0,0,0,0,0,0,0,0,-97,0,1,0,2856361820,0,14,0,0,0,104,0,"[0, 0, 46, -80, 17, -78, -10, -80, -33, -87, -52, -95, -69, -103, -84, -111, -95, -118, -101, -125, -103, -128, -103, -128, -101, -128, -98, -128, -94, -127, -91, -119, -88, -110, -85, -103, -85, -97, -87, -90, -89, -84, -89, -82, -89, -80, -88, -80, -85, -83, -82, -86, 73, -25, 82, -24, 93, -19, 102, -12, 107, -5, 105, 2, 99, 8, 91, 11, 82, 6, 72, -5, 62, -23, 56, -43, 56, -64, 59, -86, 63, -109, 71, -128, 86, -128, 104, -128, 121, -128, 127, -128, 127, -128, 127, -128, 127, -128, 127, -128, 127, -122, 127, -106]",esp32_1
CSI_DATA,120296,2025-07-23 16:51:09.086,0,bend,00:00:00:00:00:00,-71,11,0,0,0,0,0,0,0,0,0,-97,0,1,0,1476684951,0,14,0,0,0,104,0,"[0, 0, 46, -124, 55, -120, 65, -117, 77, -115, 92, -111, 105, -107, 118, -103, 127, -96, 127, -92, 127, -89, 127, -87, 127, -79, 127, -66, 127, -56, 127, -48, 127, -41, 127, -34, 127, -26, 127, -21, 113, -18, 94, -21, 71, -27, 46, -32, 27, -40, 16, -46, 82, 68, 86, 64, 86, 59, 87, 53, 90, 46, 92, 39, 91, 29, 93, 13, 94, -6, 91, -27, 88, -43, 86, -54, 80, -66, 75, -78, 68, -89, 57, -99, 52, -109, 50, -118, 48, -122, 44, -124, 40, -124, 38, -125, 33, -128, 27, -128, 28, -128, 32, -128]",esp32_2
CSI_DATA,120297,2025-07-23 16:51:09.124,0,bend,00:00:00:00:00:00,-71,11,0,0,0,0,0,0,0,0,0,-97,0,1,0,1476691757,0,14,0,0,0,104,0,"[0, 0, -6, 127, -15, 127, -28, 127, -45, 127, -62, 127, -74, 127, -87, 127, -102, 127, -113, 127, -124, 127, -128, 127, -128, 127, -128, 127, -128, 127, -128, 127, -128, 122, -128, 110, -128, 96, -128, 86, -109, 79, -86, 68, -65, 56, -42, 46, -18, 39, -1, 33, -104, -71, -107, -68, -110, -60, -112, -51, -111, -40, -108, -26, -107, -12, -106, 2, -103, 19, -95, 36, -84, 52, -76, 68, -72, 85, -66, 98, -54, 108, -42, 115, -35, 125, -27, 127, -17, 127, -13, 127, -10, 127, -5, 127, -1, 127, 2, 127, 2, 127, 0, 127]",esp32_2
CSI_DATA,120298,2025-07-23 16:51:09.145,0,bend,00:00:00:00:00:00,-71,11,0,0,0,0,0,0,0,0,0,-97,0,1,0,1476712432,0,14,0,0,0,104,0,"[0, 0, 36, 127, 28, 127, 14, 127, -5, 127, -23, 127, -37, 127, -53, 127, -69, 127, -82, 127, -99, 127, -119, 127, -128, 127, -128, 127, -128, 127, -128, 127, -128, 127, -128, 127, -128, 127, -128, 127, -114, 117, -89, 101, -64, 87, -41, 71, -17, 57, 6, 48, -128, -18, -128, -18, -128, -15, -128, -7, -128, 9, -128, 23, -128, 35, -117, 52, -107, 75, -92, 95, -74, 109, -60, 124, -50, 127, -36, 127, -16, 127, -1, 127, 10, 127, 23, 127, 32, 127, 36, 127, 41, 127, 46, 127, 53, 127, 57, 127, 60, 127, 63, 127]",esp32_2
CSI_DATA,221131,2025-07-23 16:51:09.149,0,bend,00:00:00:00:00:00,-60,11,0,0,0,0,0,0,0,0,0,-97,0,1,0,2856381773,0,14,0,0,0,104,0,"[0, 0, -75, -58, -76, -28, -82, -1, -89, 20, -98, 39, -107, 53, -117, 64, -128, 74, -128, 77, -128, 76, -128, 76, -128, 76, -128, 74, -128, 71, -128, 69, -124, 68, -116, 67, -108, 67, -101, 70, -95, 72, -91, 73, -91, 72, -91, 70, -94, 66, -96, 63, -20, -79, -18, -86, -13, -95, -7, -101, 1, -106, 10, -105, 16, -100, 15, -93, 8, -84, -3, -74, -18, -67, -37, -61, -59, -58, -82, -64, -104, -74, -122, -86, -128, -103, -128, -120, -128, -128, -128, -128, -128, -128, -128, -128, -128, -128, -120, -128, -106, -128, -95, -128]",esp32_1
CSI_DATA,120299,2025-07-23 16:51:09.166,0,bend,00:00:00:00:00:00,-71,11,0,0,0,0,0,0,0,0,0,-97,0,1,0,1476725176,0,14,0,0,0,104,0,"[0, 0, -128, 86, -128, 80, -128, 69, -128, 59, -128, 49, -128, 37, -128, 23, -128, 8, -128, -4, -128, -18, -128, -32, -128, -44, -128, -56, -128, -65, -128, -72, -128, -76, -128, -78, -128, -76, -128, -69, -128, -58, -117, -44, -93, -28, -70, -8, -54, 11, -43, 22, -40, -128, -42, -128, -47, -128, -55, -124, -64, -115, -75, -106, -86, -94, -95, -77, -105, -59, -112, -41, -120, -22, -128, -1, -128, 18, -128, 34, -128, 49, -128, 61, -128, 69, -128, 79, -128, 90, -128, 98, -128, 103, -125, 106, -123, 104, -124, 103, -128, 102, -128, 101]",esp32_2
CSI_DATA,221132,2025-07-23 16:51:09.171,0,bend,00:00:00:00:00:00,-61,11,0,0,0,0,0,0,0,0,0,-97,0,1,0,2856391759,0,14,0,0,0,104,0,"[0, 0, 12, 98, 33, 76, 61, 59, 85, 47, 105, 38, 126, 32, 127, 30, 127, 30, 127, 31, 127, 33, 127, 36, 127, 38, 127, 38, 127, 37, 127, 33, 127, 27, 127, 21, 127, 14, 127, 6, 125, -1, 123, -5, 123, -7, 123, -6, 123, -3, 123, 0, -52, 68, -61, 70, -72, 69, -83, 69, -92, 69, -95, 65, -93, 58, -86, 52, -75, 49, -59, 51, -39, 61, -20, 72, -5, 87, 9, 109, 19, 127, 24, 127, 23, 127, 20, 127, 12, 127, 0, 127, -12, 127, -23, 127, -34, 127, -40, 127, -41, 127, -39, 127]",esp32_1
CSI_DATA,221133,2025-07-23 16:51:09.192,0,bend,00:00:00:00:00:00,-61,11,0,0,0,0,0,0,0,0,0,-97,0,1,0,2856401817,0,14,0,0,0,104,0,"[0, 0, -78, 63, -49, 71, -22, 82, 0, 101, 18, 118, 33, 127, 44, 127, 50, 127, 50, 127, 51, 127, 50, 127, 48, 127, 45, 127, 43, 127, 42, 127, 43, 127, 43, 127, 47, 120, 53, 114, 56, 109, 59, 108, 62, 108, 61, 108, 57, 108, 52, 110, -82, -1, -92, -7, -103, -17, -111, -27, -112, -36, -105, -42, -96, -44, -87, -42, -80, -34, -73, -18, -68, 2, -68, 24, -77, 46, -91, 70, -105, 92, -120, 108, -128, 121, -128, 127, -128, 127, -128, 127, -128, 122, -128, 110, -128, 99, -128, 88, -128, 74, -128, 63]",esp32_1
CSI_DATA,120300,2025-07-23 16:51:09.192,0,bend,00:00:00:00:00:00,-71,11,0,0,0,0,0,0,0,0,0,-97,0,1,0,1476735999,0,14,0,0,0,104,0,"[0, 0, -115, 4, -121, -7, -126, -14, -126, -23, -124, -32, -125, -41, -128, -53, -128, -66, -128, -76, -128, -85, -128, -96, -128, -107, -128, -114, -121, -118, -112, -119, -105, -116, -96, -111, -85, -103, -74, -92, -65, -81, -55, -67, -47, -49, -41, -28, -37, -10, -34, 2, 23, -98, 21, -97, 15, -97, 8, -95, 0, -92, -10, -89, -22, -84, -34, -78, -47, -72, -60, -65, -70, -53, -78, -41, -86, -32, -94, -26, -100, -21, -105, -13, -110, -4, -112, 3, -114, 8, -114, 12, -113, 17, -112, 21, -112, 26, -109, 27, -106, 25, -107, 23]",esp32_2
CSI_DATA,221134,2025-07-23 16:51:09.214,0,bend,00:00:00:00:00:00,-61,11,0,0,0,0,0,0,0,0,0,-97,0,1,0,2856411800,0,14,0,0,0,104,0,"[0, 0, 96, -4, 77, -29, 65, -55, 57, -82, 52, -106, 49, -126, 51, -128, 55, -128, 58, -128, 61, -128, 62, -128, 63, -128, 64, -128, 63, -128, 58, -128, 51, -128, 44, -128, 39, -125, 32, -124, 23, -123, 17, -123, 15, -123, 16, -123, 21, -123, 25, -122, 63, 53, 67, 61, 70, 71, 70, 82, 66, 91, 57, 94, 47, 93, 41, 86, 41, 74, 46, 58, 54, 40, 69, 22, 89, 6, 113, -7, 127, -14, 127, -15, 127, -11, 127, -4, 127, 4, 127, 16, 127, 29, 127, 43, 127, 54, 127, 57, 127, 56, 127, 55]",esp32_1
CSI_DATA,120301,2025-07-23 16:51:09.214,0,bend,00:00:00:00:00:00,-71,11,0,0,0,0,0,0,0,0,0,-97,0,1,0,1476741740,0,14,0,0,0,104,0,"[0, 0, -113, 83, -124, 77, -128, 67, -128, 60, -128, 51, -128, 42, -128, 28, -128, 12, -128, -2, -128, -11, -128, -19, -128, -27, -128, -39, -128, -54, -128, -64, -128, -71, -128, -74, -128, -69, -128, -61, -123, -53, -103, -39, -82, -22, -65, -6, -50, 9, -37, 21, -62, -111, -62, -108, -67, -105, -74, -98, -81, -91, -88, -79, -94, -65, -102, -53, -104, -36, -106, -17, -115, 1, -120, 18, -118, 33, -118, 46, -117, 59, -114, 70, -114, 77, -112, 85, -107, 96, -104, 104, -102, 104, -100, 103, -101, 104, -99, 106, -97, 106, -97, 104]",esp32_2
CSI_DATA,221135,2025-07-23 16:51:09.237,0,bend,00:00:00:00:00:00,-60,11,0,0,0,0,0,0,0,0,0,-97,0,1,0,2856421807,0,14,0,0,0,104,0,"[0, 0, 41, -98, 7, -92, -23, -92, -47, -97, -68, -104, -87, -110, -104, -117, -118, -124, -124, -128, -125, -128, -125, -128, -124, -128, -120, -128, -115, -128, -110, -122, -105, -111, -101, -100, -99, -91, -101, -83, -103, -77, -107, -75, -108, -74, -106, -73, -104, -74, -102, -76, 82, -38, 92, -35, 103, -30, 112, -23, 117, -15, 115, -9, 110, -4, 101, -3, 90, -6, 78, -15, 64, -33, 54, -55, 50, -77, 53, -103, 57, -128, 62, -128, 75, -128, 94, -128, 112, -128, 127, -128, 127, -128, 127, -128, 127, -128, 127, -128, 127, -128, 127, -128]",esp32_1
CSI_DATA,120302,2025-07-23 16:51:09.237,0,bend,00:00:00:00:00:00,-72,11,0,0,0,0,0,0,0,0,0,-97,0,1,0,1476761740,0,14,0,0,0,104,0,"[0, 0, -121, -10, -121, -19, -121, -27, -126, -38, -128, -49, -128, -60, -128, -71, -128, -82, -128, -96, -128, -110, -128, -121, -128, -128, -126, -128, -116, -128, -105, -128, -93, -128, -83, -128, -75, -122, -66, -108, -57, -91, -50, -73, -45, -56, -40, -40, -35, -23, -34, -9, 24, -106, 20, -106, 12, -106, 4, -105, -3, -104, -12, -100, -24, -92, -37, -86, -51, -81, -67, -71, -79, -59, -87, -48, -96, -42, -106, -36, -113, -23, -118, -11, -122, -6, -124, -2, -121, 4, -120, 8, -119, 11, -119, 13, -118, 14, -113, 15, -109, 13, -108, 12]",esp32_2
CSI_DATA,120303,2025-07-23 16:51:09.257,0,bend,00:00:00:00:00:00,-72,11,0,0,0,0,0,0,0,0,0,-97,0,1,0,1476790454,0,14,0,0,0,104,0,"[0, 0, 98, -38, 102, -30, 111, -24, 117, -19, 122, -11, 125, -4, 127, 4, 127, 14, 127, 20, 127, 27, 127, 38, 127, 47, 127, 55, 127, 64, 127, 70, 126, 72, 111, 71, 99, 69, 90, 63, 78, 53, 65, 43, 54, 31, 44, 17, 37, 3, 31, -6, 36, 86, 36, 85, 40, 84, 45, 81, 51, 76, 59, 70, 66, 59, 76, 48, 84, 36, 86, 20, 88, 7, 93, -7, 96, -20, 99, -30, 99, -37, 95, -44, 95, -51, 95, -55, 91, -59, 88, -62, 84, -64, 83, -65, 81, -64, 79, -62, 79, -60, 77, -59]",esp32_2
CSI_DATA,221136,2025-07-23 16:51:09.263,0,bend,00:00:00:00:00:00,-60,11,0,0,0,0,0,0,0,0,0,-97,0,1,0,2856431791,0,14,0,0,0,104,0,"[0, 0, 89, -13, 72, -35, 60, -58, 51, -81, 42, -101, 38, -120, 38, -128, 41, -128, 46, -128, 48, -128, 48, -128, 47, -128, 48, -128, 49, -128, 45, -128, 38, -128, 32, -124, 26, -120, 21, -118, 14, -116, 10, -117, 8, -117, 10, -116, 16, -116, 21, -115, 65, 43, 68, 52, 72, 62, 73, 71, 70, 80, 63, 86, 55, 86, 49, 80, 47, 67, 49, 51, 55, 34, 66, 17, 82, 2, 104, -10, 127, -20, 127, -23, 127, -21, 127, -19, 127, -13, 127, -3, 127, 8, 127, 21, 127, 33, 127, 38, 127, 38, 127, 37]",esp32_1
CSI_DATA,120304,2025-07-23 16:51:09.279,0,bend,00:00:00:00:00:00,-72,11,0,0,0,0,0,0,0,0,0,-97,0,1,0,1476827692,0,14,0,0,0,104,0,"[0, 0, 68, 76, 63, 84, 60, 90, 54, 98, 49, 111, 46, 120, 41, 127, 34, 127, 28, 127, 20, 127, 9, 127, -1, 127, -9, 127, -16, 127, -21, 127, -25, 127, -29, 127, -33, 121, -31, 108, -25, 93, -20, 78, -14, 62, -6, 46, 5, 34, 15, 26, -72, 69, -71, 71, -67, 75, -60, 79, -53, 83, -42, 84, -27, 85, -12, 88, 2, 91, 17, 89, 33, 88, 45, 88, 56, 85, 67, 81, 78, 76, 82, 70, 85, 67, 91, 66, 95, 61, 96, 55, 95, 51, 92, 49, 87, 50, 83, 51, 81, 52, 83, 55]",esp32_2
CSI_DATA,221137,2025-07-23 16:51:09.285,0,bend,00:00:00:00:00:00,-60,11,0,0,0,0,0,0,0,0,0,-97,0,1,0,2856441781,0,14,0,0,0,104,0,"[0, 0, 97, 32, 89, -1, 89, -32, 90, -60, 90, -83, 93, -102, 99, -117, 110, -126, 119, -128, 123, -128, 123, -128, 121, -128, 119, -128, 115, -128, 106, -123, 96, -115, 87, -111, 77, -111, 69, -112, 62, -113, 57, -115, 56, -115, 57, -113, 62, -113, 66, -111, 35, 82, 35, 90, 33, 99, 29, 108, 21, 115, 11, 117, 4, 112, 2, 103, 8, 90, 19, 76, 34, 64, 55, 53, 81, 43, 109, 40, 127, 43, 127, 53, 127, 67, 127, 81, 127, 94, 127, 108, 127, 123, 127, 127, 127, 127, 127, 127, 127, 127, 127, 123]",esp32_1
CSI_DATA,120305,2025-07-23 16:51:09.300,0,bend,00:00:00:00:00:00,-72,11,0,0,0,0,0,0,0,0,0,-97,0,1,0,1476877396,0,14,0,0,0,104,0,"[0, 0, -99, -52, -99, -62, -97, -71, -100, -83, -100, -95, -96, -106, -94, -117, -94, -128, -93, -128, -90, -128, -85, -128, -76, -128, -67, -128, -58, -128, -49, -128, -40, -128, -30, -128, -24, -128, -18, -121, -11, -103, -10, -87, -13, -72, -16, -53, -20, -34, -25, -21, 56, -99, 51, -101, 46, -102, 37, -101, 25, -102, 12, -100, -1, -95, -16, -94, -34, -92, -51, -86, -69, -78, -84, -71, -94, -64, -100, -57, -109, -50, -118, -44, -122, -36, -123, -31, -120, -25, -113, -23, -109, -24, -106, -23, -105, -21, -103, -18, -98, -22, -91, -35]",esp32_2
CSI_DATA,221138,2025-07-23 16:51:09.306,0,bend,00:00:00:00:00:00,-61,11,0,0,0,0,0,0,0,0,0,-97,0,1,0,2856451798,0,14,0,0,0,104,0,"[0, 0, 73, 54, 73, 20, 81, -11, 89, -37, 97, -58, 106, -76, 117, -89, 127, -96, 127, -100, 127, -104, 127, -106, 127, -104, 127, -100, 127, -96, 122, -93, 110, -90, 101, -88, 94, -89, 85, -92, 77, -93, 72, -94, 70, -95, 71, -95, 75, -95, 78, -93, 11, 85, 8, 93, 2, 100, -6, 106, -15, 111, -24, 112, -30, 105, -29, 96, -20, 84, -5, 71, 14, 63, 37, 58, 62, 56, 90, 61, 113, 71, 127, 88, 127, 109, 127, 127, 127, 127, 127, 127, 127, 127, 127, 127, 127, 127, 127, 127, 120, 127, 108, 127]",esp32_1
CSI_DATA,120306,2025-07-23 16:51:09.327,0,bend,00:00:00:00:00:00,-72,11,0,0,0,0,0,0,0,0,0,-97,0,1,0,1476901066,0,14,0,0,0,104,0,"[0, 0, 24, 127, 15, 127, 2, 127, -10, 127, -18, 127, -32, 127, -51, 127, -64, 127, -82, 127, -109, 127, -128, 127, -128, 127, -128, 127, -128, 127, -128, 127, -128, 127, -128, 127, -128, 127, -128, 119, -122, 101, -102, 85, -81, 74, -55, 63, -28, 53, -8, 49, -128, 52, -128, 56, -128, 65, -128, 76, -128, 88, -126, 101, -99, 118, -81, 127, -67, 127, -50, 127, -31, 127, -13, 127, 4, 127, 23, 127, 45, 127, 67, 127, 83, 127, 90, 127, 94, 127, 97, 127, 94, 127, 82, 127, 71, 127, 63, 127, 59, 127, 60, 127]",esp32_2
CSI_DATA,221139,2025-07-23 16:51:09.332,0,bend,00:00:00:00:00:00,-61,11,0,0,0,0,0,0,0,0,0,-97,0,1,0,2856461784,0,14,0,0,0,104,0,"[0, 0, 35, -87, 3, -81, -27, -79, -51, -84, -72, -88, -91, -93, -107, -100, -121, -104, -127, -109, -128, -113, -128, -117, -128, -118, -125, -116, -118, -111, -113, -102, -109, -92, -105, -82, -103, -74, -104, -67, -106, -61, -108, -56, -109, -53, -109, -52, -109, -55, -107, -57, 77, -33, 87, -31, 99, -24, 108, -16, 113, -9, 111, -2, 103, 3, 92, 5, 81, 2, 69, -10, 54, -28, 44, -48, 42, -72, 45, -99, 48, -127, 54, -128, 67, -128, 84, -128, 104, -128, 122, -128, 127, -128, 127, -128, 127, -128, 127, -128, 127, -128, 124, -128]",esp32_1
CSI_DATA,120307,2025-07-23 16:51:09.349,0,bend,00:00:00:00:00:00,-72,11,0,0,0,0,0,0,0,0,0,-97,0,1,0,1476927984,0,14,0,0,0,104,0,"[0, 0, -84, 127, -97, 127, -109, 127, -122, 127, -128, 127, -128, 127, -128, 127, -128, 127, -128, 118, -128, 107, -128, 98, -128, 88, -128, 74, -128, 61, -128, 48, -128, 34, -128, 23, -128, 12, -128, 4, -128, 1, -128, 3, -104, 7, -75, 11, -50, 21, -38, 32, -128, -86, -128, -79, -128, -71, -128, -55, -128, -36, -128, -19, -128, -1, -128, 22, -128, 48, -118, 72, -105, 89, -96, 106, -89, 126, -81, 127, -68, 127, -53, 127, -43, 127, -34, 127, -30, 127, -29, 127, -24, 127, -24, 127, -33, 127, -42, 127, -50, 127, -58, 127]",esp32_2
CSI_DATA,221140,2025-07-23 16:51:09.354,0,bend,00:00:00:00:00:00,-61,11,0,0,0,0,0,0,0,0,0,-97,0,1,0,2856471814,0,14,0,0,0,104,0,"[0, 0, -51, -102, -68, -68, -94, -39, -117, -16, -128, 4, -128, 19, -128, 30, -128, 35, -128, 31, -128, 27, -128, 29, -128, 30, -128, 30, -128, 30, -128, 31, -128, 34, -128, 38, -128, 45, -128, 54, -128, 60, -128, 63, -128, 64, -128, 64, -128, 62, -128, 58, 40, -105, 49, -109, 60, -112, 72, -113, 85, -113, 94, -108, 93, -99, 84, -90, 70, -80, 49, -75, 24, -80, -4, -89, -31, -101, -56, -121, -77, -128, -95, -128, -105, -128, -107, -128, -105, -128, -98, -128, -86, -128, -71, -128, -53, -128, -36, -128, -26, -128, -23, -128]",esp32_1
CSI_DATA,221141,2025-07-23 16:51:09.371,0,bend,00:00:00:00:00:00,-61,11,0,0,0,0,0,0,0,0,0,-97,0,1,0,2856491866,0,14,0,0,0,104,0,"[0, 0, 87, -1, 71, -27, 62, -53, 54, -80, 48, -103, 45, -122, 46, -128, 51, -128, 55, -128, 57, -128, 58, -128, 56, -128, 53, -128, 51, -128, 46, -128, 40, -128, 34, -128, 27, -124, 19, -122, 12, -120, 6, -119, 3, -119, 3, -120, 8, -120, 11, -119, 51, 64, 54, 72, 54, 83, 52, 92, 46, 99, 37, 101, 28, 99, 24, 91, 27, 77, 35, 61, 44, 44, 61, 28, 85, 13, 111, 4, 127, -1, 127, 0, 127, 7, 127, 16, 127, 25, 127, 37, 127, 49, 127, 60, 127, 70, 127, 73, 127, 70, 127, 67]",esp32_1
CSI_DATA,120308,2025-07-23 16:51:09.371,0,bend,00:00:00:00:00:00,-72,11,0,0,0,0,0,0,0,0,0,-97,0,1,0,1476967738,0,14,0,0,0,104,0,"[0, 0, -128, 127, -128, 127, -128, 127, -128, 127, -128, 127, -128, 127, -128, 126, -128, 115, -128, 104, -128, 92, -128, 82, -128, 71, -128, 55, -128, 39, -128, 27, -128, 13, -128, -1, -128, -14, -128, -20, -128, -17, -128, -11, -103, -6, -76, 3, -55, 16, -41, 26, -111, -128, -118, -128, -128, -124, -128, -113, -128, -92, -128, -70, -128, -45, -128, -20, -128, 5, -128, 36, -128, 64, -127, 90, -124, 116, -113, 127, -96, 127, -82, 127, -76, 127, -71, 127, -66, 127, -64, 127, -65, 127, -66, 127, -71, 127, -80, 127, -93, 127, -103, 127]",esp32_2
CSI_DATA,221142,2025-07-23 16:51:09.396,0,bend,00:00:00:00:00:00,-61,11,0,0,0,0,0,0,0,0,0,-97,0,1,0,2856517502,0,14,0,0,0,104,0,"[0, 0, -84, 18, -63, 40, -46, 62, -35, 86, -26, 107, -18, 124, -16, 127, -17, 127, -18, 127, -20, 127, -20, 127, -18, 127, -19, 127, -19, 127, -16, 127, -11, 127, -7, 127, -2, 124, 5, 120, 12, 115, 17, 112, 18, 111, 18, 111, 14, 111, 11, 111, -59, -51, -64, -62, -68, -73, -67, -82, -61, -89, -53, -92, -44, -88, -37, -80, -36, -66, -42, -48, -51, -30, -63, -13, -85, 3, -111, 16, -128, 24, -128, 26, -128, 24, -128, 20, -128, 12, -128, 2, -128, -8, -128, -20, -128, -31, -128, -35, -128, -36, -128, -36]",esp32_1
CSI_DATA,120309,2025-07-23 16:51:09.396,0,bend,00:00:00:00:00:00,-73,11,0,0,0,0,0,0,0,0,0,-97,0,1,0,1476990467,0,14,0,0,0,104,0,"[0, 0, -94, 69, -104, 68, -114, 65, -122, 63, -126, 57, -128, 51, -128, 48, -128, 45, -128, 38, -128, 29, -128, 21, -128, 12, -128, 0, -128, -11, -128, -17, -128, -22, -122, -28, -111, -32, -101, -32, -89, -30, -75, -25, -62, -15, -49, -4, -34, 5, -25, 10, -61, -94, -68, -90, -71, -85, -74, -76, -80, -67, -83, -56, -83, -41, -87, -24, -89, -6, -88, 12, -85, 29, -81, 46, -77, 60, -75, 71, -70, 81, -64, 88, -60, 91, -56, 93, -53, 93, -51, 92, -52, 89, -56, 85, -58, 81, -60, 76, -64, 72, -66, 72]",esp32_2
CSI_DATA,120310,2025-07-23 16:51:09.415,0,bend,00:00:00:00:00:00,-72,11,0,0,0,0,0,0,0,0,0,-97,0,1,0,1477062711,0,14,0,0,0,104,0,"[0, 0, -53, 127, -59, 127, -65, 127, -70, 127, -76, 127, -82, 127, -88, 127, -93, 127, -100, 127, -111, 127, -122, 124, -128, 115, -128, 104, -128, 90, -128, 76, -128, 64, -128, 52, -121, 43, -113, 38, -104, 32, -88, 27, -69, 25, -50, 22, -30, 20, -15, 19, -114, -66, -114, -63, -118, -56, -121, -47, -119, -33, -114, -17, -108, 1, -100, 20, -89, 39, -77, 58, -68, 71, -55, 81, -39, 91, -26, 99, -12, 103, 2, 103, 10, 103, 13, 102, 14, 103, 15, 104, 13, 103, 5, 102, -4, 102, -8, 100, -11, 102, -16, 105]",esp32_2
CSI_DATA,221143,2025-07-23 16:51:09.421,0,bend,00:00:00:00:00:00,-61,11,0,0,0,0,0,0,0,0,0,-97,0,1,0,2856560389,0,14,0,121,-18,104,0,"[0, 0, -21, -88, -41, -66, -62, -46, -82, -33, -102, -22, -119, -15, -128, -10, -128, -8, -128, -9, -128, -10, -128, -11, -128, -13, -128, -15, -128, -17, -128, -17, -128, -16, -128, -13, -128, -7, -125, 0, -120, 6, -116, 9, -114, 13, -114, 14, -115, 13, -114, 11, 36, -76, 46, -78, 56, -79, 66, -79, 75, -77, 80, -71, 78, -65, 71, -59, 60, -55, 44, -55, 24, -62, 5, -71, -9, -84, -23, -103, -35, -128, -44, -128, -46, -128, -42, -128, -35, -128, -25, -128, -14, -128, -1, -128, 7, -128, 12, -128, 16, -128, 16, -128]",esp32_1
CSI_DATA,120311,2025-07-23 16:51:09.442,0,bend,00:00:00:00:00:00,-72,11,0,0,0,0,0,0,0,0,0,-97,0,1,0,1477078446,0,14,0,0,0,104,0,"[0, 0, 105, 84, 112, 88, 115, 97, 115, 103, 117, 104, 115, 107, 110, 111, 107, 115, 102, 119, 92, 124, 81, 127, 71, 127, 63, 127, 51, 127, 36, 127, 25, 127, 17, 127, 11, 123, 6, 112, 4, 96, 5, 81, 5, 68, 7, 52, 11, 35, 16, 21, -96, 74, -93, 76, -87, 79, -80, 85, -70, 88, -52, 90, -34, 93, -17, 91, 1, 87, 19, 82, 35, 75, 48, 66, 62, 56, 75, 48, 83, 42, 88, 33, 92, 24, 92, 20, 90, 18, 87, 14, 84, 11, 83, 18, 83, 30, 85, 38, 91, 45, 95, 55]",esp32_2
CSI_DATA,221144,2025-07-23 16:51:09.443,0,bend,00:00:00:00:00:00,-61,11,0,0,0,0,0,0,0,0,0,-97,0,1,0,2856588379,0,14,0,0,0,104,0,"[0, 0, 80, 33, 72, 3, 70, -26, 68, -55, 67, -81, 70, -102, 77, -120, 86, -128, 94, -128, 100, -128, 102, -128, 104, -128, 107, -128, 107, -128, 101, -128, 94, -125, 86, -118, 78, -114, 68, -111, 58, -107, 49, -107, 43, -108, 40, -109, 43, -110, 46, -109, 30, 75, 29, 84, 26, 94, 20, 103, 13, 110, 4, 110, -3, 105, -5, 97, 2, 85, 14, 71, 29, 62, 48, 54, 74, 47, 101, 47, 125, 51, 127, 61, 127, 75, 127, 89, 127, 102, 127, 114, 127, 125, 127, 127, 127, 127, 127, 127, 127, 127, 127, 120]",esp32_1
CSI_DATA,221145,2025-07-23 16:51:09.463,0,bend,00:00:00:00:00:00,-61,11,0,0,0,0,0,0,0,0,0,-97,0,1,0,2856634762,0,14,0,0,0,104,0,"[0, 0, -62, -71, -65, -40, -74, -10, -83, 17, -93, 40, -107, 59, -123, 75, -128, 84, -128, 88, -128, 89, -128, 91, -128, 89, -128, 83, -128, 75, -128, 67, -128, 61, -128, 57, -128, 55, -116, 57, -106, 60, -98, 63, -92, 66, -90, 68, -92, 70, -96, 70, -6, -77, -2, -86, 3, -95, 10, -104, 19, -109, 27, -109, 30, -105, 29, -98, 22, -90, 10, -84, -8, -82, -27, -80, -47, -81, -67, -88, -87, -101, -105, -116, -120, -128, -128, -128, -128, -128, -128, -128, -128, -128, -122, -128, -115, -128, -105, -128, -92, -128, -82, -128]",esp32_1
CSI_DATA,120312,2025-07-23 16:51:09.463,0,bend,00:00:00:00:00:00,-72,11,0,0,0,0,0,0,0,0,0,-97,0,1,0,1477119997,0,14,0,0,0,104,0,"[0, 0, -128, -74, -128, -81, -128, -94, -128, -104, -128, -104, -128, -106, -128, -118, -128, -128, -128, -128, -128, -128, -128, -128, -128, -128, -128, -128, -128, -128, -127, -128, -109, -128, -96, -128, -84, -128, -69, -128, -57, -128, -50, -128, -43, -109, -39, -76, -41, -44, -41, -20, 122, -128, 117, -128, 107, -128, 94, -128, 76, -128, 52, -128, 28, -128, 4, -128, -22, -128, -52, -124, -76, -103, -88, -81, -99, -59, -116, -38, -127, -23, -128, -11, -128, -1, -128, 7, -128, 17, -122, 22, -117, 17, -122, 9, -128, -2, -128, -14, -128, -24, -128, -34]",esp32_2
CSI_DATA,221146,2025-07-23 16:51:09.484,0,bend,00:00:00:00:00:00,-61,11,0,0,0,0,0,0,0,0,0,-97,0,1,0,2856671806,0,14,0,0,0,104,0,"[0, 0, 52, -71, 21, -67, -11, -66, -38, -68, -64, -74, -87, -83, -106, -95, -122, -107, -128, -118, -128, -128, -128, -128, -128, -128, -123, -128, -114, -128, -103, -128, -93, -128, -86, -117, -81, -106, -80, -94, -80, -84, -83, -77, -86, -70, -89, -66, -91, -67, -90, -68, 64, -28, 75, -27, 87, -24, 97, -20, 105, -14, 107, -8, 105, -3, 100, -1, 93, -3, 85, -10, 76, -24, 68, -41, 66, -58, 68, -77, 72, -99, 79, -123, 92, -128, 106, -128, 120, -128, 127, -128, 127, -128, 127, -128, 127, -128, 127, -128, 127, -128, 127, -115]",esp32_1
CSI_DATA,120313,2025-07-23 16:51:09.484,0,bend,00:00:00:00:00:00,-72,11,0,0,0,0,0,0,0,0,0,-97,0,1,0,1477143114,0,14,0,0,0,104,0,"[0, 0, 19, 127, 20, 127, 17, 127, 14, 127, 11, 127, 7, 127, 2, 127, -5, 127, -24, 127, -48, 127, -64, 127, -73, 127, -91, 127, -112, 127, -125, 127, -128, 127, -128, 127, -126, 127, -123, 127, -112, 127, -93, 113, -71, 98, -49, 78, -28, 54, -8, 38, -128, -91, -128, -81, -128, -70, -128, -57, -128, -38, -128, -19, -128, 1, -128, 23, -128, 47, -114, 68, -86, 79, -63, 85, -43, 97, -17, 109, 8, 111, 26, 102, 40, 100, 54, 104, 58, 106, 55, 108, 50, 112, 48, 121, 41, 127, 27, 127, 22, 127, 26, 127]",esp32_2
CSI_DATA,221147,2025-07-23 16:51:09.506,0,bend,00:00:00:00:00:00,-61,11,0,0,0,0,0,0,0,0,0,-97,0,1,0,2856697242,0,14,0,0,0,104,0,"[0, 0, 7, 84, 26, 61, 51, 41, 75, 26, 97, 16, 119, 8, 127, 5, 127, 6, 127, 9, 127, 13, 127, 19, 127, 26, 127, 34, 127, 39, 127, 40, 127, 38, 127, 33, 127, 27, 120, 18, 113, 9, 109, 2, 107, -4, 107, -6, 109, -5, 110, -3, -38, 59, -45, 63, -54, 67, -64, 70, -72, 71, -76, 70, -77, 67, -74, 64, -67, 62, -57, 62, -42, 69, -28, 78, -15, 87, -3, 103, 7, 125, 12, 127, 15, 127, 13, 127, 8, 127, 2, 127, -7, 127, -17, 127, -25, 127, -29, 127, -30, 127, -28, 127]",esp32_1
CSI_DATA,120314,2025-07-23 16:51:09.506,0,bend,00:00:00:00:00:00,-72,11,0,0,0,0,0,0,0,0,0,-97,0,1,0,1477166655,0,14,0,0,0,104,0,"[0, 0, -128, -60, -128, -66, -128, -71, -128, -73, -128, -74, -128, -76, -128, -77, -128, -80, -128, -86, -128, -93, -128, -101, -126, -107, -116, -114, -104, -122, -94, -124, -85, -123, -76, -121, -69, -115, -60, -108, -53, -98, -48, -86, -40, -70, -34, -47, -30, -25, -24, -11, 111, -55, 110, -59, 107, -65, 101, -74, 91, -83, 76, -88, 59, -89, 42, -90, 27, -86, 9, -76, -8, -68, -19, -58, -30, -46, -41, -37, -53, -29, -61, -20, -62, -13, -63, -8, -64, -6, -64, -6, -63, -8, -67, -12, -75, -19, -81, -26, -87, -35, -93, -42]",esp32_2
CSI_DATA,221148,2025-07-23 16:51:09.528,0,bend,00:00:00:00:00:00,-61,11,0,0,0,0,0,0,0,0,0,-97,0,1,0,2856732011,0,14,0,0,0,104,0,"[0, 0, 56, -86, 21, -81, -17, -81, -51, -85, -79, -93, -104, -105, -125, -122, -128, -128, -128, -128, -128, -128, -128, -128, -128, -128, -128, -128, -120, -128, -106, -128, -94, -128, -87, -128, -86, -122, -89, -109, -93, -98, -95, -90, -98, -84, -101, -81, -104, -85, -104, -89, 75, -36, 86, -36, 98, -32, 109, -27, 119, -21, 126, -16, 124, -12, 120, -10, 113, -11, 102, -19, 91, -36, 80, -52, 75, -67, 81, -89, 88, -114, 94, -128, 105, -128, 119, -128, 127, -128, 127, -128, 127, -128, 127, -128, 127, -128, 127, -128, 127, -128, 127, -128]",esp32_1
CSI_DATA,120315,2025-07-23 16:51:09.528,0,bend,00:00:00:00:00:00,-72,11,0,0,0,0,0,0,0,0,0,-97,0,1,0,1477193868,0,14,0,0,0,104,0,"[0, 0, -126, -128, -128, -128, -128, -128, -128, -128, -128, -128, -128, -128, -128, -128, -124, -128, -109, -128, -90, -128, -75, -128, -60, -128, -43, -128, -27, -128, -6, -128, 13, -128, 22, -128, 26, -128, 25, -128, 20, -128, 16, -128, 10, -128, -2, -98, -15, -66, -21, -49, 127, 12, 127, 3, 127, -9, 127, -26, 127, -42, 127, -55, 127, -70, 127, -81, 109, -91, 80, -98, 49, -96, 25, -92, 5, -89, -18, -84, -42, -78, -60, -71, -71, -62, -78, -58, -79, -58, -77, -59, -76, -62, -79, -73, -79, -91, -78, -108, -88, -128, -99, -128]",esp32_2
CSI_DATA,120316,2025-07-23 16:51:09.554,0,bend,00:00:00:00:00:00,-72,11,0,0,0,0,0,0,0,0,0,-97,0,1,0,1477226374,0,14,0,0,0,104,0,"[0, 0, -38, 127, -41, 127, -41, 127, -44, 127, -50, 127, -52, 127, -52, 127, -55, 127, -64, 127, -75, 127, -88, 127, -99, 127, -106, 127, -111, 117, -113, 107, -116, 96, -120, 86, -115, 76, -104, 68, -91, 62, -76, 54, -60, 45, -45, 37, -29, 31, -13, 27, -90, -93, -100, -92, -105, -87, -109, -78, -112, -66, -112, -53, -108, -37, -101, -21, -93, -8, -82, 6, -70, 19, -55, 33, -40, 42, -28, 50, -17, 58, -7, 58, -2, 55, 4, 58, 11, 63, 13, 67, 9, 67, 2, 67, -3, 70, -10, 79, -18, 90, -19, 102]",esp32_2
CSI_DATA,221149,2025-07-23 16:51:09.557,0,bend,00:00:00:00:00:00,-61,11,0,0,0,0,0,0,0,0,0,-97,0,1,0,2856769039,0,14,0,0,0,104,0,"[0, 0, -54, 48, -22, 53, 8, 65, 37, 76, 64, 85, 85, 99, 100, 113, 109, 127, 110, 127, 105, 127, 97, 127, 89, 127, 86, 127, 86, 127, 81, 127, 74, 127, 71, 117, 72, 100, 75, 87, 77, 76, 79, 68, 82, 67, 84, 69, 86, 70, 85, 72, -69, -4, -79, -9, -88, -15, -96, -21, -102, -29, -105, -34, -102, -37, -96, -37, -89, -32, -85, -25, -83, -13, -81, 4, -80, 20, -85, 40, -96, 65, -111, 87, -128, 103, -128, 113, -128, 122, -128, 125, -128, 121, -128, 113, -128, 97, -128, 79, -128, 64, -128, 56]",esp32_1
CSI_DATA,221150,2025-07-23 16:51:09.572,0,bend,00:00:00:00:00:00,-61,11,0,0,0,0,0,0,0,0,0,-97,0,1,0,2856793384,0,14,0,0,0,104,0,"[0, 0, -15, 74, 13, 56, 46, 43, 77, 37, 102, 37, 125, 37, 127, 44, 127, 54, 127, 60, 127, 65, 127, 71, 127, 77, 127, 84, 127, 86, 127, 80, 124, 69, 115, 60, 109, 50, 106, 39, 105, 28, 103, 19, 104, 12, 106, 9, 111, 11, 113, 14, -55, 46, -62, 50, -72, 52, -84, 51, -94, 50, -102, 45, -105, 39, -103, 35, -93, 34, -79, 38, -68, 48, -54, 60, -39, 74, -31, 94, -29, 117, -30, 127, -35, 127, -40, 127, -47, 127, -57, 127, -70, 127, -81, 127, -85, 127, -83, 127, -81, 127, -77, 127]",esp32_1
CSI_DATA,120317,2025-07-23 16:51:09.572,0,bend,00:00:00:00:00:00,-72,11,0,0,0,0,0,0,0,0,0,-97,0,1,0,1477278650,0,14,0,0,0,104,0,"[0, 0, 44, -128, 46, -128, 53, -128, 58, -128, 62, -128, 72, -128, 78, -128, 82, -128, 93, -128, 107, -128, 118, -128, 127, -128, 127, -128, 127, -128, 127, -127, 127, -118, 127, -104, 127, -92, 124, -84, 113, -74, 95, -65, 73, -56, 50, -45, 28, -38, 15, -34, 94, 106, 99, 103, 104, 97, 109, 90, 116, 83, 119, 69, 117, 54, 115, 39, 109, 20, 99, 1, 86, -14, 73, -26, 60, -36, 49, -47, 39, -58, 24, -65, 11, -67, 7, -70, 7, -72, 5, -71, 6, -74, 11, -80, 14, -85, 16, -89, 23, -98, 29, -108]",esp32_2
CSI_DATA,120318,2025-07-23 16:51:09.592,0,bend,00:00:00:00:00:00,-72,11,0,0,0,0,0,0,0,0,0,-97,0,1,0,1477324821,0,14,0,0,0,104,0,"[0, 0, -84, 127, -98, 127, -117, 127, -128, 127, -128, 127, -128, 127, -128, 127, -128, 127, -128, 127, -128, 127, -128, 127, -128, 127, -128, 127, -128, 127, -128, 116, -128, 100, -128, 85, -128, 71, -128, 63, -128, 57, -128, 55, -118, 53, -88, 50, -57, 46, -32, 43, -103, -128, -109, -128, -121, -128, -128, -128, -128, -128, -128, -128, -128, -119, -128, -98, -128, -72, -128, -48, -128, -25, -124, 3, -112, 32, -97, 51, -79, 63, -62, 72, -53, 79, -44, 85, -35, 94, -33, 105, -34, 110, -35, 112, -37, 117, -43, 122, -52, 127, -55, 127]",esp32_2
CSI_DATA,221151,2025-07-23 16:51:09.603,0,bend,00:00:00:00:00:00,-61,11,0,0,0,0,0,0,0,0,0,-97,0,1,0,2856819171,0,14,0,0,0,104,0,"[0, 0, 66, -14, 40, -36, 19, -61, 1, -90, -13, -116, -20, -128, -20, -128, -17, -128, -10, -128, -2, -128, 2, -128, 5, -128, 10, -128, 14, -128, 15, -128, 11, -128, 5, -128, -3, -117, -14, -110, -26, -104, -36, -101, -42, -100, -43, -100, -42, -104, -41, -107, 54, 39, 60, 46, 68, 57, 73, 69, 73, 80, 68, 87, 61, 90, 56, 89, 54, 81, 53, 70, 54, 56, 62, 39, 77, 22, 96, 6, 115, -7, 127, -15, 127, -19, 127, -20, 127, -18, 127, -12, 127, -4, 127, 7, 127, 18, 127, 25, 127, 28, 127, 31]",esp32_1
CSI_DATA,120319,2025-07-23 16:51:09.623,0,bend,00:00:00:00:00:00,-71,11,0,0,0,0,0,0,0,0,0,-97,0,1,0,1477347861,0,14,0,0,0,104,0,"[0, 0, -61, 127, -68, 127, -78, 127, -92, 127, -103, 127, -112, 127, -122, 127, -128, 127, -128, 127, -128, 127, -128, 127, -128, 127, -128, 111, -128, 98, -128, 93, -128, 85, -128, 74, -128, 64, -128, 57, -128, 51, -111, 44, -87, 40, -61, 41, -37, 39, -19, 35, -70, -128, -73, -128, -80, -128, -90, -128, -100, -124, -105, -112, -107, -97, -110, -84, -110, -68, -107, -46, -102, -26, -95, -8, -86, 11, -81, 23, -75, 33, -61, 44, -52, 54, -46, 63, -39, 71, -33, 76, -29, 80, -26, 87, -26, 93, -27, 96, -28, 102, -31, 106]",esp32_2
CSI_DATA,221152,2025-07-23 16:51:09.624,0,bend,00:00:00:00:00:00,-61,11,0,0,0,0,0,0,0,0,0,-97,0,1,0,2856867183,0,14,0,0,0,104,0,"[0, 0, -44, 44, -10, 45, 27, 49, 57, 63, 79, 82, 97, 93, 113, 107, 121, 118, 127, 121, 127, 127, 127, 127, 127, 127, 117, 127, 99, 127, 89, 127, 83, 109, 80, 95, 80, 85, 80, 69, 83, 56, 87, 48, 91, 40, 97, 37, 102, 40, 104, 44, -65, 3, -76, -4, -89, -14, -100, -24, -105, -35, -104, -45, -99, -51, -91, -53, -83, -48, -75, -35, -69, -17, -66, -1, -68, 18, -77, 41, -86, 62, -96, 78, -109, 95, -125, 108, -128, 117, -128, 118, -128, 112, -128, 103, -128, 100, -128, 98, -128, 89, -128, 78]",esp32_1
CSI_DATA,221153,2025-07-23 16:51:09.646,0,bend,00:00:00:00:00:00,-61,11,0,0,0,0,0,0,0,0,0,-97,0,1,0,2856915416,0,14,0,0,0,104,0,"[0, 0, -58, 51, -8, 47, 39, 51, 80, 59, 116, 69, 127, 85, 127, 102, 127, 117, 127, 126, 127, 127, 127, 127, 127, 127, 127, 127, 127, 127, 127, 127, 127, 119, 127, 99, 127, 80, 127, 62, 127, 44, 126, 26, 127, 11, 127, 1, 127, -2, 127, -1, -91, -9, -102, -20, -113, -34, -123, -50, -128, -65, -128, -78, -122, -88, -112, -92, -101, -85, -92, -70, -86, -46, -81, -20, -78, 7, -84, 37, -98, 70, -118, 100, -128, 125, -128, 127, -128, 127, -128, 127, -128, 127, -128, 127, -128, 127, -128, 127, -128, 122, -128, 104]",esp32_1
CSI_DATA,120320,2025-07-23 16:51:09.646,0,bend,00:00:00:00:00:00,-71,11,0,0,0,0,0,0,0,0,0,-97,0,1,0,1477373256,0,14,0,0,0,104,0,"[0, 0, 118, 8, 124, 14, 127, 22, 127, 29, 127, 38, 127, 46, 127, 53, 127, 62, 127, 71, 127, 79, 127, 90, 127, 102, 127, 111, 121, 120, 115, 123, 109, 120, 103, 114, 95, 109, 86, 100, 75, 85, 63, 69, 55, 51, 49, 34, 39, 18, 28, 4, -80, 87, -77, 92, -72, 97, -68, 102, -64, 106, -55, 108, -44, 107, -34, 108, -23, 106, -10, 96, 3, 85, 13, 74, 18, 64, 25, 54, 34, 44, 42, 32, 50, 23, 53, 18, 55, 12, 61, 5, 67, -1, 72, -2, 76, -3, 81, -5, 86, -5, 89, -2]",esp32_2
CSI_DATA,120321,2025-07-23 16:51:09.668,0,bend,00:00:00:00:00:00,-71,11,0,0,0,0,0,0,0,0,0,-97,0,1,0,1477407759,0,14,0,0,0,104,0,"[0, 0, -128, 40, -128, 27, -128, 17, -128, 12, -128, 1, -128, -13, -128, -28, -128, -40, -128, -51, -128, -62, -128, -72, -128, -83, -128, -98, -128, -112, -128, -119, -128, -120, -128, -119, -128, -113, -128, -103, -128, -86, -125, -70, -105, -55, -89, -33, -69, -8, -50, 9, 75, -128, 77, -128, 72, -128, 63, -128, 54, -128, 45, -128, 33, -128, 21, -128, 9, -128, -6, -128, -23, -128, -41, -123, -58, -96, -65, -77, -67, -60, -73, -42, -81, -28, -89, -18, -94, -6, -100, 9, -107, 19, -113, 24, -122, 29, -128, 36, -128, 41, -128, 43]",esp32_2
CSI_DATA,221154,2025-07-23 16:51:09.669,0,bend,00:00:00:00:00:00,-61,11,0,0,0,0,0,0,0,0,0,-97,0,1,0,2856940884,0,14,0,0,0,104,0,"[0, 0, 6, 67, 27, 30, 53, -1, 78, -24, 103, -42, 127, -56, 127, -67, 127, -75, 127, -80, 127, -80, 127, -77, 127, -68, 127, -58, 127, -53, 127, -47, 127, -42, 127, -41, 122, -42, 110, -48, 96, -57, 84, -68, 74, -79, 67, -88, 69, -95, 72, -97, -46, 57, -59, 60, -74, 64, -90, 64, -104, 60, -112, 51, -116, 39, -116, 31, -108, 26, -94, 28, -74, 36, -52, 43, -32, 52, -14, 69, 0, 93, 11, 121, 20, 127, 25, 127, 22, 127, 13, 127, 3, 127, -4, 127, -7, 127, -7, 127, -12, 127, -19, 127]",esp32_1
CSI_DATA,221155,2025-07-23 16:51:09.691,0,bend,00:00:00:00:00:00,-61,11,0,0,0,0,0,0,0,0,0,-97,0,1,0,2856966678,0,14,0,0,0,104,0,"[0, 0, 60, 20, 30, -16, 6, -54, -16, -93, -33, -128, -45, -128, -49, -128, -47, -128, -44, -128, -41, -128, -37, -128, -31, -128, -21, -128, -12, -128, -10, -128, -12, -128, -17, -128, -25, -128, -37, -127, -53, -109, -69, -96, -81, -88, -91, -85, -99, -88, -105, -92, 22, 78, 16, 94, 10, 112, 0, 127, -12, 127, -27, 127, -38, 127, -42, 121, -37, 110, -24, 94, -8, 80, 14, 66, 44, 54, 77, 47, 106, 44, 127, 45, 127, 52, 127, 60, 127, 70, 127, 83, 127, 95, 127, 106, 127, 113, 127, 113, 127, 107, 127, 100]",esp32_1
CSI_DATA,120322,2025-07-23 16:51:09.691,0,bend,00:00:00:00:00:00,-72,11,0,0,0,0,0,0,0,0,0,-97,0,1,0,1477433524,0,14,0,0,0,104,0,"[0, 0, 88, -94, 95, -101, 103, -103, 113, -99, 120, -90, 125, -83, 127, -80, 127, -72, 127, -59, 127, -51, 127, -47, 127, -42, 127, -35, 127, -27, 127, -21, 127, -16, 127, -12, 127, -10, 127, -11, 120, -13, 99, -16, 79, -17, 61, -16, 42, -21, 25, -27, 22, 120, 25, 123, 30, 126, 39, 127, 48, 127, 53, 125, 58, 119, 62, 111, 64, 102, 65, 88, 63, 70, 59, 53, 56, 39, 55, 25, 54, 12, 52, -3, 50, -16, 48, -25, 47, -32, 48, -42, 50, -52, 52, -59, 55, -64, 58, -72, 62, -80, 66, -85]",esp32_2
CSI_DATA,221156,2025-07-23 16:51:09.712,0,bend,00:00:00:00:00:00,-61,11,0,0,0,0,0,0,0,0,0,-97,0,1,0,2857002473,0,14,0,0,0,104,0,"[0, 0, -48, -10, -20, 15, 7, 43, 32, 74, 51, 103, 64, 127, 74, 127, 80, 127, 80, 127, 77, 127, 76, 127, 73, 127, 67, 127, 61, 127, 56, 127, 55, 127, 55, 116, 59, 98, 66, 79, 74, 61, 83, 46, 92, 36, 100, 29, 107, 29, 110, 30, -4, -73, 3, -84, 11, -97, 19, -106, 30, -111, 40, -110, 46, -103, 47, -93, 42, -82, 29, -71, 14, -58, -7, -47, -35, -39, -65, -35, -93, -33, -117, -33, -128, -38, -128, -44, -128, -51, -128, -59, -128, -67, -128, -76, -128, -82, -128, -83, -128, -80, -128, -77]",esp32_1
CSI_DATA,120323,2025-07-23 16:51:09.712,0,bend,00:00:00:00:00:00,-71,11,0,0,0,0,0,0,0,0,0,-97,0,1,0,1477468189,0,14,0,0,0,104,0,"[0, 0, 61, -127, 69, -128, 79, -128, 84, -128, 87, -128, 94, -128, 103, -128, 113, -124, 123, -116, 127, -113, 127, -109, 127, -104, 127, -101, 127, -98, 127, -91, 127, -82, 127, -76, 127, -73, 127, -69, 109, -61, 88, -54, 68, -47, 48, -39, 28, -34, 12, -32, 42, 121, 46, 124, 53, 123, 60, 123, 67, 124, 76, 120, 81, 109, 82, 97, 81, 88, 79, 77, 75, 65, 67, 50, 61, 33, 59, 20, 53, 7, 44, -8, 39, -19, 39, -29, 38, -43, 35, -55, 33, -65, 32, -73, 35, -79, 39, -88, 43, -96, 49, -101]",esp32_2
CSI_DATA,221157,2025-07-23 16:51:09.732,0,bend,00:00:00:00:00:00,-62,11,0,0,0,0,0,0,0,0,0,-97,0,1,0,2857030660,0,14,0,0,0,104,0,"[0, 0, 33, 6, 2, -22, -24, -50, -47, -78, -64, -103, -77, -124, -88, -128, -94, -128, -95, -128, -95, -128, -95, -128, -94, -128, -88, -128, -81, -128, -75, -128, -71, -113, -71, -92, -74, -72, -78, -55, -85, -39, -92, -25, -98, -14, -105, -8, -111, -8, -116, -10, -2, 74, -9, 84, -20, 96, -31, 104, -41, 105, -48, 99, -52, 89, -51, 80, -42, 69, -26, 58, -8, 46, 16, 35, 45, 29, 76, 27, 103, 26, 127, 26, 127, 32, 127, 41, 127, 49, 127, 57, 127, 66, 127, 74, 127, 79, 127, 79, 127, 74, 127, 68]",esp32_1
CSI_DATA,120324,2025-07-23 16:51:09.732,0,bend,00:00:00:00:00:00,-71,11,0,0,0,0,0,0,0,0,0,-97,0,1,0,1477505027,0,14,0,0,0,104,0,"[0, 0, 37, 127, 35, 127, 36, 127, 36, 127, 32, 127, 22, 127, 12, 127, 5, 127, -4, 127, -15, 127, -26, 127, -34, 127, -39, 127, -46, 127, -53, 127, -56, 127, -58, 127, -56, 127, -48, 122, -37, 107, -26, 95, -17, 80, -8, 60, 0, 42, 8, 31, -109, -53, -117, -53, -121, -51, -124, -47, -127, -41, -128, -34, -128, -27, -125, -17, -117, -5, -110, 3, -97, 9, -80, 14, -64, 17, -52, 24, -42, 31, -31, 37, -20, 45, -8, 49, 4, 52, 11, 60, 16, 65, 22, 72, 30, 85, 36, 92, 42, 96, 49, 105]",esp32_2
CSI_DATA,120325,2025-07-23 16:51:09.750,0,bend,00:00:00:00:00:00,-71,11,0,0,0,0,0,0,0,0,0,-97,0,1,0,1477562037,0,14,0,0,0,104,0,"[0, 0, 82, -116, 86, -117, 95, -117, 104, -117, 108, -117, 112, -115, 116, -108, 121, -100, 127, -95, 127, -91, 127, -86, 127, -78, 127, -68, 127, -59, 127, -53, 127, -49, 127, -42, 127, -36, 126, -35, 108, -36, 87, -35, 66, -34, 44, -30, 27, -25, 16, -23, 1, 113, 4, 119, 8, 124, 15, 126, 23, 127, 29, 125, 33, 121, 36, 112, 42, 100, 46, 90, 49, 78, 49, 61, 48, 46, 48, 32, 44, 19, 38, 9, 37, 0, 38, -13, 42, -28, 46, -38, 45, -45, 46, -55, 50, -66, 54, -77, 57, -87, 58, -95]",esp32_2
CSI_DATA,221158,2025-07-23 16:51:09.760,0,bend,00:00:00:00:00:00,-61,11,0,0,0,0,0,0,0,0,0,-97,0,1,0,2857080571,0,14,0,0,0,104,0,"[0, 0, -39, 38, -7, 57, 20, 77, 43, 101, 59, 122, 69, 127, 77, 127, 81, 127, 80, 127, 78, 127, 77, 127, 74, 127, 71, 127, 66, 127, 66, 127, 68, 113, 72, 99, 77, 88, 84, 79, 90, 71, 96, 65, 101, 62, 103, 63, 103, 65, 101, 68, -65, -47, -67, -60, -70, -75, -69, -86, -62, -92, -52, -91, -42, -85, -36, -76, -35, -62, -40, -42, -49, -19, -64, 2, -84, 21, -107, 38, -128, 51, -128, 58, -128, 62, -128, 62, -128, 56, -128, 47, -128, 37, -128, 25, -128, 16, -128, 12, -128, 7, -128, 2]",esp32_1
CSI_DATA,120326,2025-07-23 16:51:09.775,0,bend,00:00:00:00:00:00,-71,11,0,0,0,0,0,0,0,0,0,-97,0,1,0,1477580222,0,14,0,0,0,104,0,"[0, 0, 37, 127, 41, 127, 40, 127, 34, 127, 30, 127, 22, 127, 14, 127, 8, 127, 0, 127, -9, 127, -18, 127, -27, 127, -34, 127, -41, 127, -48, 127, -52, 127, -53, 127, -52, 127, -47, 122, -39, 106, -30, 88, -20, 71, -9, 54, 3, 37, 13, 22, -93, -75, -99, -75, -107, -75, -113, -72, -117, -65, -119, -58, -118, -50, -115, -43, -110, -36, -99, -26, -87, -16, -79, -7, -69, 2, -56, 10, -44, 17, -34, 26, -22, 35, -13, 39, -6, 41, 0, 50, 7, 63, 13, 73, 18, 82, 25, 90, 32, 101, 37, 110]",esp32_2
CSI_DATA,221160,2025-07-23 16:51:09.826,0,bend,00:00:00:00:00:00,-60,11,0,0,0,0,0,0,0,0,0,-97,0,1,0,2857136637,0,14,0,0,0,104,0,"[0, 0, -17, -74, -43, -67, -66, -67, -87, -64, -109, -56, -127, -54, -128, -53, -128, -58, -128, -77, -128, -94, -128, -96, -128, -87, -128, -71, -128, -57, -128, -50, -128, -47, -128, -38, -128, -25, -128, -18, -128, -15, -128, -18, -124, -33, -116, -48, -111, -53, -108, -51, 64, -45, 69, -45, 76, -43, 82, -40, 86, -35, 84, -30, 76, -32, 65, -37, 55, -41, 49, -48, 46, -61, 44, -79, 44, -100, 42, -123, 37, -128, 38, -128, 50, -128, 64, -128, 70, -128, 69, -128, 72, -128, 84, -128, 104, -128, 112, -128, 101, -120, 86, -109]",esp32_1
CSI_DATA,221161,2025-07-23 16:51:09.847,0,bend,00:00:00:00:00:00,-60,11,0,0,0,0,0,0,0,0,0,-97,0,1,0,2857161505,0,14,0,0,0,104,0,"[0, 0, 11, 84, 35, 73, 61, 67, 82, 64, 100, 60, 114, 57, 127, 57, 127, 58, 127, 61, 127, 63, 127, 63, 127, 62, 127, 59, 127, 56, 127, 52, 127, 47, 127, 45, 127, 42, 127, 41, 127, 40, 127, 40, 124, 44, 119, 49, 116, 53, 111, 54, -50, 57, -58, 60, -66, 60, -74, 58, -80, 54, -82, 50, -78, 48, -66, 47, -52, 50, -41, 58, -32, 73, -23, 91, -16, 110, -14, 127, -17, 127, -23, 127, -33, 127, -44, 127, -55, 127, -64, 127, -73, 127, -79, 127, -84, 127, -84, 127, -76, 127, -65, 127]",esp32_1
CSI_DATA,221162,2025-07-23 16:51:09.871,0,bend,00:00:00:00:00:00,-60,11,0,0,0,0,0,0,0,0,0,-97,0,1,0,2857197305,0,14,0,0,0,104,0,"[0, 0, -78, -63, -84, -42, -90, -17, -100, -1, -112, 7, -119, 18, -128, 28, -128, 39, -128, 54, -128, 67, -128, 73, -128, 76, -128, 72, -128, 63, -128, 61, -128, 60, -128, 53, -128, 43, -128, 36, -128, 33, -128, 30, -126, 34, -120, 38, -121, 34, -122, 28, -26, -65, -21, -74, -16, -82, -12, -87, -9, -91, -4, -91, -2, -88, -6, -85, -16, -79, -34, -71, -56, -70, -73, -73, -88, -82, -105, -99, -115, -119, -120, -128, -125, -128, -125, -128, -118, -128, -106, -128, -95, -128, -88, -128, -92, -128, -96, -128, -91, -128, -85, -128]",esp32_1
CSI_DATA,120329,2025-07-23 16:51:09.887,0,bend,00:00:00:00:00:00,-70,11,0,0,0,0,0,0,0,0,0,-97,0,1,0,1477655816,0,14,0,0,0,104,0,"[0, 0, -72, 127, -76, 127, -79, 127, -85, 127, -88, 127, -93, 127, -100, 127, -106, 127, -113, 127, -122, 127, -128, 127, -128, 127, -128, 127, -128, 127, -128, 127, -128, 117, -128, 108, -128, 101, -114, 93, -97, 83, -79, 70, -61, 58, -39, 48, -16, 39, 2, 31, -5, -128, -11, -128, -17, -128, -21, -128, -29, -128, -38, -128, -42, -128, -45, -128, -49, -120, -52, -104, -51, -85, -48, -69, -46, -55, -44, -38, -40, -21, -33, -6, -32, 7, -33, 20, -33, 34, -34, 47, -37, 61, -41, 75, -44, 86, -46, 99, -52, 116, -58, 127]",esp32_2
CSI_DATA,221163,2025-07-23 16:51:09.899,0,bend,00:00:00:00:00:00,-60,11,0,0,0,0,0,0,0,0,0,-97,0,1,0,2857236584,0,14,0,0,0,104,0,"[0, 0, -16, 97, 6, 89, 27, 81, 45, 75, 63, 72, 80, 70, 98, 70, 113, 70, 124, 71, 127, 74, 127, 80, 127, 88, 127, 95, 127, 100, 127, 104, 127, 105, 127, 106, 119, 106, 111, 104, 103, 100, 95, 97, 90, 92, 85, 87, 79, 85, 75, 84, -30, 52, -38, 57, -47, 60, -54, 61, -59, 63, -59, 64, -58, 64, -55, 65, -52, 69, -46, 76, -37, 87, -32, 100, -32, 113, -33, 127, -33, 127, -36, 127, -44, 127, -54, 127, -62, 127, -71, 127, -79, 127, -83, 127, -83, 127, -79, 127, -73, 127, -66, 127]",esp32_1
CSI_DATA,120330,2025-07-23 16:51:09.910,0,bend,00:00:00:00:00:00,-71,11,0,0,0,0,0,0,0,0,0,-97,0,1,0,1477692095,0,14,0,0,0,104,0,"[0, 0, 127, 127, 127, 127, 127, 127, 127, 127, 127, 127, 127, 127, 127, 127, 127, 127, 127, 127, 127, 127, 126, 127, 120, 127, 112, 127, 99, 127, 86, 127, 75, 127, 68, 127, 62, 127, 57, 127, 54, 127, 51, 115, 44, 89, 39, 57, 39, 27, 38, 4, -128, -41, -128, -36, -128, -30, -128, -23, -128, -15, -128, -7, -128, 2, -128, 10, -128, 15, -128, 20, -114, 26, -92, 27, -75, 28, -56, 30, -36, 30, -20, 33, -5, 36, 16, 36, 35, 42, 47, 50, 55, 56, 67, 64, 80, 75, 94, 88, 113, 104, 127, 116]",esp32_2
CSI_DATA,221164,2025-07-23 16:51:09.920,0,bend,00:00:00:00:00:00,-60,11,0,0,0,0,0,0,0,0,0,-97,0,1,0,2857258864,0,14,0,0,0,104,0,"[0, 0, 105, -21, 84, -37, 71, -54, 61, -75, 47, -95, 36, -114, 29, -128, 25, -128, 28, -128, 33, -128, 38, -128, 41, -128, 46, -128, 49, -128, 53, -128, 59, -128, 63, -128, 65, -128, 64, -128, 61, -128, 59, -128, 61, -125, 62, -116, 62, -109, 60, -105, 63, 7, 70, 10, 80, 16, 90, 23, 94, 30, 93, 35, 90, 36, 86, 34, 88, 30, 95, 23, 99, 15, 106, 6, 119, -2, 127, -11, 127, -21, 127, -29, 127, -30, 127, -26, 127, -20, 127, -14, 127, -7, 127, 1, 127, 12, 127, 19, 127, 20, 127, 19]",esp32_1
CSI_DATA,120331,2025-07-23 16:51:09.934,0,bend,00:00:00:00:00:00,-71,11,0,0,0,0,0,0,0,0,0,-97,0,1,0,1477716149,0,14,0,0,0,104,0,"[0, 0, -128, -112, -128, -121, -128, -128, -128, -128, -128, -128, -128, -128, -125, -128, -119, -128, -115, -128, -111, -128, -105, -128, -97, -128, -88, -128, -81, -128, -76, -128, -71, -128, -63, -128, -56, -128, -51, -120, -48, -101, -46, -81, -44, -60, -38, -37, -30, -17, -28, -3, 111, 57, 116, 57, 124, 55, 127, 49, 127, 44, 127, 37, 127, 26, 123, 17, 115, 11, 103, 4, 88, -3, 71, -6, 54, -8, 38, -13, 24, -19, 11, -24, -5, -29, -18, -30, -27, -32, -37, -41, -49, -49, -57, -56, -64, -66, -74, -73, -87, -82, -98, -94]",esp32_2
CSI_DATA,221165,2025-07-23 16:51:09.944,0,bend,00:00:00:00:00:00,-60,11,0,0,0,0,0,0,0,0,0,-97,0,1,0,2857284729,0,14,0,0,0,104,0,"[0, 0, -42, -97, -52, -74, -66, -51, -81, -31, -95, -13, -111, 1, -128, 12, -128, 21, -128, 27, -128, 29, -128, 28, -128, 25, -128, 19, -128, 11, -128, 4, -128, -2, -128, -9, -128, -14, -128, -17, -128, -17, -128, -16, -128, -14, -128, -12, -124, -11, -122, -12, -7, -66, -6, -73, -1, -82, 6, -92, 13, -100, 19, -104, 22, -104, 22, -102, 19, -99, 10, -99, -3, -103, -14, -107, -25, -112, -36, -123, -47, -128, -56, -128, -62, -128, -64, -128, -64, -128, -59, -128, -53, -128, -49, -128, -45, -128, -40, -128, -34, -128, -32, -128]",esp32_1
CSI_DATA,120332,2025-07-23 16:51:09.954,0,bend,00:00:00:00:00:00,-70,11,0,0,0,0,0,0,0,0,0,-97,0,1,0,1477740512,0,14,0,0,0,104,0,"[0, 0, 54, 127, 55, 127, 54, 127, 55, 127, 57, 127, 51, 127, 44, 127, 43, 127, 33, 127, 17, 127, 9, 127, 5, 127, -1, 127, -7, 127, -11, 127, -11, 127, -11, 127, -11, 127, -9, 122, -10, 106, -7, 86, 1, 62, 6, 38, 7, 19, 10, 8, -75, -96, -82, -97, -90, -98, -99, -94, -107, -90, -107, -83, -104, -71, -104, -62, -99, -55, -90, -45, -82, -32, -69, -21, -52, -10, -39, 0, -28, 13, -16, 25, -3, 32, 6, 35, 10, 41, 17, 49, 26, 56, 36, 67, 42, 82, 44, 95, 50, 102, 55, 106]",esp32_2
CSI_DATA,221166,2025-07-23 16:51:09.966,0,bend,00:00:00:00:00:00,-60,11,0,0,0,0,0,0,0,0,0,-97,0,1,0,2857334194,0,14,0,0,0,104,0,"[0, 0, 86, -43, 59, -49, 35, -59, 12, -74, -9, -90, -26, -105, -40, -123, -50, -128, -55, -128, -56, -128, -53, -128, -50, -128, -44, -128, -35, -128, -26, -128, -18, -128, -11, -128, -5, -128, -3, -128, -4, -128, -8, -128, -10, -126, -10, -117, -10, -112, -10, -110, 57, -14, 68, -12, 81, -7, 92, -2, 101, 6, 103, 14, 102, 20, 102, 22, 101, 20, 99, 14, 96, 4, 96, -9, 102, -22, 110, -34, 118, -46, 127, -58, 127, -68, 127, -75, 127, -76, 127, -75, 127, -73, 127, -67, 127, -61, 127, -57, 127, -51, 127, -44]",esp32_1
CSI_DATA,120333,2025-07-23 16:51:09.976,0,bend,00:00:00:00:00:00,-71,11,0,0,0,0,0,0,0,0,0,-97,0,1,0,1477789771,0,14,0,0,0,104,0,"[0, 0, 127, 51, 127, 55, 127, 62, 127, 65, 127, 65, 127, 69, 127, 78, 127, 83, 127, 83, 127, 86, 127, 95, 127, 104, 127, 113, 127, 119, 127, 117, 127, 115, 127, 111, 127, 100, 127, 87, 114, 74, 97, 59, 76, 43, 53, 24, 32, 1, 17, -17, -128, 3, -128, 2, -128, 7, -128, 16, -128, 26, -128, 38, -128, 48, -128, 49, -128, 49, -111, 52, -90, 51, -65, 44, -41, 38, -21, 32, 0, 25, 19, 18, 35, 13, 46, 10, 54, 7, 67, 6, 82, 4, 97, 7, 111, 15, 123, 23, 127, 31, 127, 42]",esp32_2
CSI_DATA,221167,2025-07-23 16:51:09.987,0,bend,00:00:00:00:00:00,-60,11,0,0,0,0,0,0,0,0,0,-97,0,1,0,2857379071,0,14,0,0,0,104,0,"[0, 0, -51, -67, -50, -37, -54, -7, -60, 23, -68, 50, -77, 73, -91, 93, -107, 110, -122, 118, -128, 123, -128, 127, -128, 127, -128, 123, -128, 116, -128, 106, -128, 96, -128, 86, -128, 77, -125, 71, -112, 68, -100, 66, -92, 67, -86, 68, -83, 70, -81, 71, -15, -61, -15, -71, -12, -83, -5, -94, 3, -103, 12, -107, 19, -108, 21, -106, 19, -102, 13, -96, 3, -93, -9, -90, -23, -89, -39, -93, -57, -99, -74, -108, -89, -121, -100, -128, -107, -128, -109, -128, -107, -128, -105, -128, -101, -128, -95, -128, -85, -128, -75, -128]",esp32_1
CSI_DATA,120334,2025-07-23 16:51:09.997,0,bend,00:00:00:00:00:00,-72,11,0,0,0,0,0,0,0,0,0,-97,0,1,0,1477827099,0,14,0,0,0,104,0,"[0, 0, 104, 114, 108, 121, 115, 127, 118, 127, 115, 127, 116, 127, 118, 127, 112, 127, 102, 127, 95, 127, 86, 127, 78, 127, 77, 127, 75, 127, 67, 127, 56, 127, 49, 127, 47, 120, 41, 106, 32, 88, 26, 70, 26, 55, 24, 35, 17, 14, 11, 1, -110, -71, -118, -65, -126, -62, -128, -56, -128, -47, -128, -37, -127, -28, -119, -20, -108, -11, -92, -3, -74, 2, -56, 6, -40, 12, -20, 16, 3, 16, 20, 19, 31, 21, 37, 24, 42, 27, 49, 30, 58, 33, 65, 38, 65, 50, 68, 63, 79, 71, 90, 77]",esp32_2
CSI_DATA,221168,2025-07-23 16:51:10.013,0,bend,00:00:00:00:00:00,-61,11,0,0,0,0,0,0,0,0,0,-97,0,1,0,2857404015,0,14,0,0,0,104,0,"[0, 0, 11, 88, 21, 59, 42, 28, 65, 1, 87, -21, 109, -40, 127, -54, 127, -59, 127, -58, 127, -52, 127, -42, 127, -35, 127, -28, 127, -17, 127, -8, 127, -3, 127, -2, 127, -7, 127, -13, 127, -16, 116, -19, 107, -22, 104, -24, 106, -28, 106, -31, -18, 60, -25, 71, -36, 79, -50, 85, -61, 90, -70, 94, -72, 94, -71, 91, -67, 84, -60, 79, -50, 81, -39, 84, -25, 89, -11, 101, 2, 114, 11, 127, 18, 127, 24, 127, 31, 127, 37, 127, 36, 127, 28, 127, 17, 127, 6, 127, 1, 127, 2, 127]",esp32_1
CSI_DATA,120335,2025-07-23 16:51:10.020,0,bend,00:00:00:00:00:00,-71,11,0,0,0,0,0,0,0,0,0,-97,0,1,0,1477850878,0,14,0,0,0,104,0,"[0, 0, 91, 121, 98, 127, 105, 127, 106, 127, 104, 127, 105, 127, 107, 127, 107, 127, 102, 127, 93, 127, 85, 127, 81, 127, 72, 127, 59, 127, 50, 127, 45, 127, 38, 127, 34, 118, 33, 103, 28, 87, 24, 72, 21, 55, 15, 35, 11, 14, 9, -2, -110, -61, -117, -60, -122, -57, -126, -52, -128, -45, -124, -36, -117, -26, -111, -15, -101, -5, -85, 0, -68, 5, -52, 11, -33, 13, -16, 16, 0, 19, 16, 19, 28, 21, 36, 22, 43, 25, 49, 29, 53, 34, 59, 41, 65, 49, 70, 58, 78, 69, 84, 80]",esp32_2
CSI_DATA,221169,2025-07-23 16:51:10.035,0,bend,00:00:00:00:00:00,-61,11,0,0,0,0,0,0,0,0,0,-97,0,1,0,2857430704,0,14,0,0,0,104,0,"[0, 0, -75, 54, -38, 53, -1, 55, 31, 66, 60, 80, 87, 93, 110, 108, 127, 122, 127, 127, 127, 127, 127, 127, 127, 127, 127, 127, 123, 127, 110, 127, 99, 127, 86, 127, 75, 127, 71, 125, 70, 110, 71, 97, 75, 85, 80, 76, 83, 72, 85, 71, -67, 16, -81, 11, -98, 1, -111, -8, -118, -15, -117, -24, -114, -32, -111, -38, -107, -37, -103, -27, -96, -12, -93, 2, -97, 17, -103, 36, -108, 58, -112, 77, -122, 94, -128, 107, -128, 115, -128, 119, -128, 120, -128, 120, -128, 118, -128, 114, -128, 103, -128, 90]",esp32_1
CSI_DATA,120336,2025-07-23 16:51:10.047,0,bend,00:00:00:00:00:00,-71,11,0,0,0,0,0,0,0,0,0,-97,0,1,0,1477885214,0,14,0,0,0,104,0,"[0, 0, -128, 106, -128, 109, -128, 110, -128, 110, -128, 109, -128, 110, -128, 113, -128, 114, -128, 112, -128, 106, -128, 99, -128, 93, -128, 82, -128, 65, -128, 51, -128, 46, -128, 43, -128, 33, -128, 24, -123, 18, -100, 14, -75, 12, -46, 15, -18, 17, -1, 16, 115, -128, 118, -128, 115, -128, 107, -128, 96, -128, 84, -128, 70, -128, 53, -128, 36, -128, 20, -116, 3, -95, -9, -70, -21, -44, -35, -19, -44, 8, -43, 28, -43, 42, -50, 57, -57, 70, -62, 78, -69, 87, -77, 93, -83, 96, -94, 96, -109, 97, -123, 99]",esp32_2
CSI_DATA,221170,2025-07-23 16:51:10.055,0,bend,00:00:00:00:00:00,-60,11,0,0,0,0,0,0,0,0,0,-97,0,1,0,2857464122,0,14,0,0,0,104,0,"[0, 0, -97, 1, -62, 26, -31, 53, -3, 85, 20, 118, 35, 127, 44, 127, 46, 127, 42, 127, 35, 127, 28, 127, 21, 127, 11, 127, 1, 127, -5, 127, -10, 127, -13, 127, -9, 127, 0, 127, 11, 127, 21, 127, 30, 125, 38, 120, 43, 118, 47, 117, -66, -49, -72, -64, -81, -81, -84, -95, -81, -110, -73, -122, -64, -126, -57, -124, -55, -117, -58, -105, -62, -91, -69, -74, -86, -57, -108, -42, -128, -30, -128, -21, -128, -15, -128, -10, -128, -6, -128, -7, -128, -13, -128, -22, -128, -32, -128, -38, -128, -42, -128, -43]",esp32_1
CSI_DATA,120337,2025-07-23 16:51:10.068,0,bend,00:00:00:00:00:00,-71,11,0,0,0,0,0,0,0,0,0,-97,0,1,0,1477915585,0,14,0,0,0,104,0,"[0, 0, -128, -51, -128, -58, -128, -68, -128, -73, -128, -70, -128, -70, -128, -74, -128, -80, -128, -85, -128, -89, -128, -93, -128, -96, -128, -103, -128, -113, -128, -116, -128, -113, -128, -108, -128, -101, -128, -94, -123, -83, -99, -65, -72, -49, -49, -29, -31, -5, -16, 11, 127, -22, 127, -22, 127, -28, 127, -39, 127, -53, 127, -66, 127, -73, 127, -77, 127, -77, 104, -74, 70, -69, 39, -55, 11, -39, -16, -28, -36, -18, -51, -6, -68, 5, -85, 17, -99, 25, -105, 27, -107, 27, -115, 24, -128, 16, -128, 8, -128, -8, -128, -21]",esp32_2
CSI_DATA,221171,2025-07-23 16:51:10.079,0,bend,00:00:00:00:00:00,-61,11,0,0,0,0,0,0,0,0,0,-97,0,1,0,2857489199,0,14,0,0,0,104,0,"[0, 0, -89, -6, -54, 20, -24, 50, 1, 86, 22, 122, 36, 127, 44, 127, 46, 127, 42, 127, 36, 127, 30, 127, 22, 127, 10, 127, -3, 127, -10, 127, -10, 127, -8, 127, -4, 127, 6, 127, 17, 127, 28, 127, 39, 118, 47, 112, 52, 110, 55, 110, -59, -59, -64, -76, -68, -95, -69, -111, -64, -124, -52, -128, -44, -128, -38, -128, -35, -124, -39, -111, -46, -95, -58, -78, -77, -60, -101, -47, -125, -35, -128, -25, -128, -18, -128, -17, -128, -19, -128, -24, -128, -31, -128, -40, -128, -48, -128, -52, -128, -55, -128, -57]",esp32_1
CSI_DATA,120338,2025-07-23 16:51:10.093,0,bend,00:00:00:00:00:00,-71,11,0,0,0,0,0,0,0,0,0,-97,0,1,0,1477946231,0,14,0,0,0,104,0,"[0, 0, -112, -93, -123, -110, -128, -116, -128, -117, -128, -122, -128, -126, -128, -128, -128, -128, -128, -125, -122, -127, -116, -128, -112, -128, -107, -128, -96, -128, -85, -128, -74, -121, -64, -110, -55, -102, -49, -93, -42, -78, -34, -63, -26, -48, -17, -27, -8, -6, -4, 5, 116, 42, 122, 39, 127, 35, 127, 31, 127, 24, 126, 16, 117, 7, 111, -2, 99, -13, 80, -21, 58, -24, 38, -26, 19, -24, -1, -22, -23, -24, -41, -22, -53, -18, -60, -12, -69, -6, -81, -8, -87, -10, -88, -10, -88, -17, -90, -26, -94, -35, -95, -44]",esp32_2
CSI_DATA,221172,2025-07-23 16:51:10.101,0,bend,00:00:00:00:00:00,-62,11,0,0,0,0,0,0,0,0,0,-97,0,1,0,2857514085,0,14,0,0,0,104,0,"[0, 0, -91, 15, -53, 30, -9, 49, 26, 83, 46, 118, 66, 127, 80, 127, 85, 127, 95, 127, 103, 127, 100, 127, 92, 127, 72, 127, 49, 127, 39, 127, 36, 127, 32, 127, 29, 127, 32, 127, 40, 127, 49, 114, 62, 99, 74, 90, 82, 91, 86, 93, -78, -36, -85, -53, -93, -73, -98, -90, -96, -104, -86, -113, -75, -116, -66, -117, -61, -110, -65, -89, -68, -66, -73, -46, -88, -27, -109, -8, -126, 7, -128, 19, -128, 31, -128, 38, -128, 38, -128, 34, -128, 27, -128, 21, -128, 24, -128, 29, -128, 24, -128, 16]",esp32_1
CSI_DATA,120339,2025-07-23 16:51:10.113,0,bend,00:00:00:00:00:00,-71,11,0,0,0,0,0,0,0,0,0,-97,0,1,0,1477983283,0,14,0,0,0,104,0,"[0, 0, -110, -128, -117, -128, -115, -128, -115, -128, -115, -128, -116, -128, -118, -128, -116, -128, -113, -128, -110, -128, -102, -128, -90, -128, -82, -128, -76, -128, -65, -128, -54, -128, -46, -128, -40, -128, -31, -117, -26, -100, -26, -82, -24, -63, -17, -41, -11, -20, -9, -3, 115, 77, 124, 75, 127, 70, 127, 63, 127, 57, 127, 49, 127, 37, 122, 25, 107, 14, 88, 5, 67, -4, 49, -11, 28, -15, 8, -18, -13, -21, -34, -21, -50, -21, -63, -22, -71, -24, -73, -25, -72, -29, -73, -37, -75, -50, -77, -61, -81, -75, -87, -92]",esp32_2
CSI_DATA,221173,2025-07-23 16:51:10.125,0,bend,00:00:00:00:00:00,-62,11,0,0,0,0,0,0,0,0,0,-97,0,1,0,2857547027,0,14,0,0,0,104,0,"[0, 0, -24, 63, 11, 42, 48, 27, 81, 18, 112, 15, 127, 14, 127, 16, 127, 21, 127, 27, 127, 36, 127, 47, 127, 56, 127, 63, 127, 67, 127, 66, 127, 61, 127, 52, 127, 40, 124, 28, 114, 17, 109, 6, 106, -5, 104, -15, 106, -21, 108, -24, -70, 37, -85, 34, -99, 27, -110, 20, -119, 12, -122, 5, -119, 0, -112, -4, -103, -3, -93, 3, -80, 17, -67, 34, -61, 51, -57, 71, -53, 96, -52, 122, -57, 127, -66, 127, -74, 127, -82, 127, -92, 127, -102, 127, -109, 127, -109, 127, -103, 127, -97, 127]",esp32_1
CSI_DATA,120340,2025-07-23 16:51:10.141,0,bend,00:00:00:00:00:00,-71,11,0,0,0,0,0,0,0,0,0,-97,0,1,0,1478020045,0,14,0,0,0,104,0,"[0, 0, -128, -62, -128, -72, -128, -87, -128, -97, -128, -100, -128, -99, -128, -92, -128, -88, -128, -94, -128, -101, -128, -106, -128, -111, -128, -115, -128, -121, -128, -124, -128, -120, -128, -116, -128, -112, -125, -101, -102, -85, -81, -69, -67, -51, -48, -32, -26, -11, -14, 7, 127, 24, 127, 19, 127, 7, 127, -2, 127, -11, 127, -24, 127, -35, 127, -43, 127, -50, 118, -55, 84, -52, 60, -45, 33, -44, -1, -39, -30, -24, -50, -14, -71, -8, -91, 4, -97, 16, -100, 21, -111, 23, -123, 21, -128, 11, -128, -4, -128, -20, -128, -33]",esp32_2
CSI_DATA,221174,2025-07-23 16:51:10.150,0,bend,00:00:00:00:00:00,-61,11,0,0,0,0,0,0,0,0,0,-97,0,1,0,2857586434,0,14,0,0,0,104,0,"[0, 0, -19, 65, 12, 47, 49, 31, 85, 27, 114, 28, 127, 27, 127, 31, 127, 37, 127, 38, 127, 42, 127, 50, 127, 58, 127, 68, 127, 75, 127, 72, 127, 62, 127, 51, 123, 41, 114, 28, 108, 16, 102, 7, 97, -4, 98, -14, 104, -20, 111, -22, -69, 32, -83, 30, -97, 22, -108, 14, -115, 8, -119, 1, -114, -6, -105, -9, -95, -7, -81, 2, -69, 18, -58, 34, -51, 50, -49, 75, -48, 100, -50, 123, -57, 127, -67, 127, -78, 127, -88, 127, -98, 127, -104, 127, -102, 127, -99, 127, -95, 127, -88, 127]",esp32_1
CSI_DATA,120341,2025-07-23 16:51:10.162,0,bend,00:00:00:00:00:00,-71,11,0,0,0,0,0,0,0,0,0,-97,0,1,0,1478071250,0,14,0,0,0,104,0,"[0, 0, -124, -88, -128, -98, -128, -105, -128, -108, -128, -108, -128, -110, -128, -113, -128, -114, -128, -114, -128, -114, -128, -119, -124, -124, -113, -124, -104, -123, -96, -120, -87, -116, -78, -109, -70, -100, -62, -90, -53, -79, -45, -66, -37, -51, -25, -31, -14, -15, -7, -5, 108, 56, 114, 53, 122, 48, 127, 41, 127, 32, 127, 24, 123, 17, 113, 10, 98, 1, 82, -10, 62, -14, 39, -14, 18, -17, 3, -17, -14, -13, -31, -11, -43, -10, -52, -8, -62, -7, -66, -11, -69, -15, -76, -18, -81, -21, -86, -29, -93, -42, -99, -54]",esp32_2
CSI_DATA,221175,2025-07-23 16:51:10.172,0,bend,00:00:00:00:00:00,-62,11,0,0,0,0,0,0,0,0,0,-97,0,1,0,2857635495,0,14,0,0,0,104,0,"[0, 0, 45, -13, 17, -38, -4, -62, -20, -88, -34, -111, -43, -128, -47, -128, -53, -128, -55, -128, -55, -128, -55, -128, -50, -128, -42, -128, -36, -128, -34, -128, -32, -128, -30, -124, -31, -108, -35, -98, -45, -87, -58, -78, -69, -71, -75, -65, -77, -64, -77, -67, 46, 61, 47, 72, 46, 85, 41, 97, 34, 107, 23, 110, 11, 108, 5, 103, 7, 92, 14, 76, 25, 56, 39, 38, 60, 21, 83, 9, 105, -1, 125, -7, 127, -9, 127, -8, 127, -2, 127, 12, 127, 24, 127, 30, 127, 31, 127, 30, 127, 32, 127, 36]",esp32_1
CSI_DATA,120342,2025-07-23 16:51:10.187,0,bend,00:00:00:00:00:00,-71,11,0,0,0,0,0,0,0,0,0,-97,0,1,0,1478119017,0,14,0,0,0,104,0,"[0, 0, 20, -128, 22, -128, 28, -128, 30, -128, 29, -128, 30, -128, 34, -128, 37, -128, 42, -128, 48, -128, 52, -128, 56, -128, 58, -128, 58, -128, 59, -128, 58, -122, 57, -113, 54, -103, 50, -91, 44, -75, 35, -61, 24, -48, 12, -33, 2, -17, -5, -5, -9, 118, -4, 121, 5, 122, 13, 124, 18, 127, 24, 123, 32, 116, 37, 106, 39, 91, 39, 74, 34, 54, 29, 33, 25, 14, 23, -4, 13, -22, 0, -38, -5, -49, -9, -56, -14, -60, -14, -66, -14, -72, -17, -78, -12, -86, -3, -92, 3, -97, 4, -106]",esp32_2
CSI_DATA,221176,2025-07-23 16:51:10.194,0,bend,00:00:00:00:00:00,-61,11,0,0,0,0,0,0,0,0,0,-97,0,1,0,2857659103,0,14,0,0,0,104,0,"[0, 0, 28, 48, 43, 14, 64, -21, 84, -49, 101, -69, 118, -88, 127, -101, 127, -103, 127, -101, 127, -99, 127, -97, 127, -95, 127, -87, 127, -73, 127, -67, 127, -64, 108, -65, 93, -71, 75, -75, 63, -79, 54, -82, 45, -84, 43, -89, 46, -97, 48, -103, -53, 64, -66, 67, -79, 65, -92, 63, -103, 59, -110, 55, -107, 50, -98, 43, -84, 36, -64, 35, -45, 42, -27, 51, -8, 63, 11, 84, 26, 108, 35, 127, 42, 127, 49, 127, 54, 127, 56, 127, 50, 127, 38, 127, 27, 127, 19, 127, 13, 127, 12, 127]",esp32_1
CSI_DATA,120343,2025-07-23 16:51:10.210,0,bend,00:00:00:00:00:00,-71,11,0,0,0,0,0,0,0,0,0,-97,0,1,0,1478146289,0,14,0,0,0,104,0,"[0, 0, -80, -128, -80, -128, -74, -128, -71, -128, -74, -128, -77, -128, -75, -128, -73, -128, -68, -128, -57, -128, -49, -128, -44, -128, -35, -128, -24, -128, -16, -128, -8, -128, -1, -128, 6, -128, 11, -128, 9, -128, 3, -116, -2, -90, -3, -59, -4, -30, -10, -8, 78, 127, 83, 127, 93, 127, 108, 127, 122, 127, 126, 127, 123, 127, 119, 120, 114, 96, 101, 69, 80, 42, 62, 19, 46, -1, 25, -20, 2, -41, -21, -58, -39, -66, -54, -72, -65, -78, -69, -80, -71, -86, -76, -97, -77, -108, -72, -121, -68, -128, -68, -128]",esp32_2
CSI_DATA,221177,2025-07-23 16:51:10.217,0,bend,00:00:00:00:00:00,-61,11,0,0,0,0,0,0,0,0,0,-97,0,1,0,2857684926,0,14,0,0,0,104,0,"[0, 0, -15, -55, -43, -28, -72, -6, -98, 9, -124, 21, -128, 30, -128, 34, -128, 36, -128, 33, -128, 27, -128, 21, -128, 18, -128, 15, -128, 14, -128, 15, -128, 17, -128, 22, -115, 29, -103, 37, -92, 45, -85, 54, -83, 62, -81, 69, -81, 73, -82, 74, 72, -47, 84, -45, 99, -40, 110, -35, 117, -29, 119, -20, 115, -11, 106, -7, 93, -6, 77, -12, 59, -27, 41, -44, 27, -61, 17, -85, 8, -114, 3, -128, 5, -128, 10, -128, 16, -128, 24, -128, 34, -128, 45, -128, 52, -128, 53, -128, 50, -128, 47, -128]",esp32_1
CSI_DATA,120344,2025-07-23 16:51:10.230,0,bend,00:00:00:00:00:00,-71,11,0,0,0,0,0,0,0,0,0,-97,0,1,0,1478180738,0,14,0,0,0,104,0,"[0, 0, 100, 95, 111, 107, 117, 116, 123, 123, 126, 124, 123, 122, 122, 124, 122, 126, 121, 126, 118, 127, 113, 127, 105, 127, 94, 127, 86, 127, 77, 127, 66, 126, 55, 120, 47, 109, 40, 97, 33, 83, 29, 66, 25, 52, 17, 36, 12, 16, 7, 2, -104, -57, -110, -56, -118, -53, -124, -48, -126, -40, -125, -31, -119, -22, -109, -11, -97, 0, -82, 9, -65, 15, -47, 18, -31, 21, -11, 24, 9, 25, 24, 25, 37, 26, 48, 23, 58, 18, 66, 17, 69, 21, 73, 26, 76, 33, 80, 41, 86, 54, 92, 67]",esp32_2
CSI_DATA,221178,2025-07-23 16:51:10.241,0,bend,00:00:00:00:00:00,-61,11,0,0,0,0,0,0,0,0,0,-97,0,1,0,2857719918,0,14,0,0,0,104,0,"[0, 0, -54, 0, -42, 32, -35, 64, -30, 97, -26, 125, -27, 127, -32, 127, -40, 127, -48, 127, -55, 127, -57, 127, -59, 127, -60, 127, -59, 127, -53, 127, -44, 127, -34, 124, -21, 114, -8, 106, 4, 99, 15, 96, 25, 96, 29, 97, 29, 100, 27, 101, -21, -80, -17, -92, -11, -105, -3, -114, 8, -118, 19, -117, 25, -110, 27, -100, 22, -88, 10, -75, -4, -64, -25, -53, -52, -46, -80, -44, -106, -47, -127, -54, -128, -64, -128, -75, -128, -86, -128, -97, -128, -107, -128, -115, -128, -119, -128, -116, -128, -106, -118, -96]",esp32_1
CSI_DATA,120345,2025-07-23 16:51:10.251,0,bend,00:00:00:00:00:00,-72,11,0,0,0,0,0,0,0,0,0,-97,0,1,0,1478204314,0,14,0,0,0,104,0,"[0, 0, -53, -128, -52, -128, -51, -128, -52, -128, -51, -128, -48, -128, -45, -128, -46, -128, -45, -128, -41, -128, -37, -128, -31, -128, -20, -128, -9, -128, -2, -128, 4, -128, 12, -128, 18, -128, 19, -116, 16, -98, 12, -80, 6, -62, 0, -44, -4, -25, -7, -10, 78, 103, 85, 102, 92, 102, 98, 100, 103, 93, 106, 83, 104, 72, 101, 58, 93, 42, 81, 25, 66, 7, 49, -6, 35, -16, 21, -25, 2, -33, -18, -39, -32, -45, -41, -50, -48, -51, -53, -52, -56, -57, -60, -64, -62, -71, -60, -78, -59, -88, -60, -97]",esp32_2
CSI_DATA,221179,2025-07-23 16:51:10.272,0,bend,00:00:00:00:00:00,-61,11,0,0,0,0,0,0,0,0,0,-97,0,1,0,2857747479,0,14,0,0,0,104,0,"[0, 0, -55, 15, -36, 45, -22, 76, -14, 109, -11, 127, -11, 127, -12, 127, -16, 127, -22, 127, -27, 127, -31, 127, -35, 127, -36, 127, -35, 127, -31, 127, -23, 127, -15, 127, -6, 117, 4, 110, 15, 103, 27, 99, 36, 99, 41, 98, 42, 98, 40, 100, -44, -71, -41, -84, -38, -99, -33, -109, -25, -115, -15, -115, -5, -110, 0, -100, -4, -87, -15, -74, -28, -60, -45, -45, -70, -33, -96, -27, -120, -25, -128, -26, -128, -31, -128, -39, -128, -49, -128, -60, -128, -70, -128, -78, -128, -83, -128, -79, -128, -71, -128, -64]",esp32_1
CSI_DATA,120346,2025-07-23 16:51:10.272,0,bend,00:00:00:00:00:00,-71,11,0,0,0,0,0,0,0,0,0,-97,0,1,0,1478252967,0,14,0,0,0,104,0,"[0, 0, 119, 83, 127, 90, 127, 103, 127, 110, 127, 111, 127, 115, 127, 119, 127, 121, 127, 124, 127, 127, 127, 127, 121, 127, 114, 127, 106, 127, 98, 127, 88, 127, 75, 124, 65, 114, 53, 103, 41, 88, 35, 73, 31, 57, 22, 36, 13, 15, 9, -1, -127, -26, -128, -25, -128, -21, -128, -14, -128, -7, -128, 1, -128, 11, -124, 22, -108, 31, -86, 37, -63, 39, -42, 37, -19, 34, 3, 32, 19, 28, 35, 23, 52, 16, 66, 10, 75, 9, 79, 10, 81, 10, 86, 14, 91, 22, 95, 29, 103, 36, 107, 44]",esp32_2
CSI_DATA,120347,2025-07-23 16:51:10.299,0,bend,00:00:00:00:00:00,-71,11,0,0,0,0,0,0,0,0,0,-97,0,1,0,1478302621,0,14,0,0,0,104,0,"[0, 0, -62, 127, -71, 127, -78, 127, -85, 127, -90, 127, -91, 127, -95, 127, -99, 127, -98, 127, -99, 127, -105, 127, -114, 127, -119, 127, -119, 127, -116, 119, -111, 107, -106, 96, -100, 86, -92, 74, -80, 62, -64, 51, -47, 40, -30, 31, -14, 19, -2, 10, 10, -126, 6, -128, -1, -128, -9, -128, -18, -128, -25, -128, -32, -128, -38, -115, -46, -100, -50, -82, -46, -62, -41, -41, -39, -19, -35, 4, -30, 22, -22, 37, -13, 51, -8, 64, -7, 76, -3, 84, -1, 87, -5, 90, -11, 95, -15, 100, -19, 104, -23, 109]",esp32_2
CSI_DATA,120348,2025-07-23 16:51:10.319,0,bend,00:00:00:00:00:00,-72,11,0,0,0,0,0,0,0,0,0,-97,0,1,0,1478327834,0,14,0,0,0,104,0,"[0, 0, -123, -86, -128, -97, -128, -107, -128, -112, -128, -113, -128, -115, -128, -119, -128, -124, -128, -127, -128, -128, -128, -128, -123, -128, -116, -128, -106, -128, -96, -128, -85, -128, -75, -122, -67, -113, -58, -102, -45, -86, -36, -70, -31, -56, -24, -37, -15, -17, -7, -2, 121, 36, 127, 31, 127, 24, 127, 17, 127, 12, 127, 3, 127, -7, 117, -18, 102, -27, 84, -30, 63, -32, 43, -36, 24, -34, 1, -30, -21, -28, -38, -25, -52, -22, -62, -19, -68, -16, -73, -11, -79, -11, -87, -13, -89, -18, -89, -27, -90, -38, -93, -46]",esp32_2
CSI_DATA,221181,2025-07-23 16:51:10.369,0,bend,00:00:00:00:00:00,-61,11,0,0,0,0,0,0,0,0,0,-97,0,1,0,2857852159,0,14,0,0,0,104,0,"[0, 0, -28, -50, -50, -20, -74, 7, -98, 25, -119, 39, -128, 49, -128, 56, -128, 60, -128, 57, -128, 51, -128, 48, -128, 45, -128, 41, -128, 37, -128, 35, -128, 34, -123, 37, -109, 43, -97, 50, -87, 56, -79, 61, -73, 67, -71, 73, -73, 78, -76, 79, 58, -64, 70, -65, 83, -64, 95, -61, 105, -56, 110, -47, 107, -39, 100, -34, 88, -31, 70, -33, 51, -42, 32, -53, 15, -65, 0, -87, -13, -113, -22, -128, -25, -128, -22, -128, -19, -128, -14, -128, -7, -128, 2, -128, 10, -128, 17, -128, 19, -128, 17, -128]",esp32_1
CSI_DATA,120350,2025-07-23 16:51:10.395,0,bend,00:00:00:00:00:00,-71,11,0,0,0,0,0,0,0,0,0,-97,0,1,0,1478399279,0,14,0,0,0,104,0,"[0, 0, 127, -67, 127, -64, 127, -60, 127, -61, 127, -59, 127, -61, 127, -62, 127, -59, 127, -60, 127, -60, 127, -52, 127, -41, 127, -27, 127, -10, 127, 3, 127, 9, 127, 14, 127, 16, 125, 16, 105, 17, 83, 14, 64, 11, 42, 6, 17, -1, 2, -6, -110, 97, -111, 102, -112, 112, -109, 125, -101, 127, -91, 127, -77, 127, -59, 126, -42, 120, -24, 104, -5, 88, 10, 68, 23, 44, 37, 21, 47, 1, 52, -18, 55, -36, 59, -55, 63, -68, 66, -75, 70, -83, 77, -84, 81, -80, 85, -82, 101, -85, 122, -84]",esp32_2
CSI_DATA,221182,2025-07-23 16:51:10.401,0,bend,00:00:00:00:00:00,-61,11,0,0,0,0,0,0,0,0,0,-97,0,1,0,2857880368,0,14,0,0,0,104,0,"[0, 0, 52, -12, 33, -44, 20, -75, 9, -108, 1, -128, -1, -128, 1, -128, 4, -128, 9, -128, 14, -128, 16, -128, 19, -128, 22, -128, 22, -128, 18, -128, 13, -128, 7, -128, -2, -123, -12, -113, -24, -103, -35, -95, -44, -92, -50, -93, -53, -97, -53, -99, 34, 77, 33, 90, 30, 103, 22, 113, 12, 120, -1, 122, -10, 118, -12, 109, -6, 95, 3, 80, 15, 66, 33, 52, 59, 39, 88, 32, 114, 29, 127, 28, 127, 34, 127, 44, 127, 53, 127, 64, 127, 74, 127, 81, 127, 86, 127, 86, 127, 79, 127, 75]",esp32_1
CSI_DATA,120351,2025-07-23 16:51:10.421,0,bend,00:00:00:00:00:00,-71,11,0,0,0,0,0,0,0,0,0,-97,0,1,0,1478423751,0,14,0,0,0,104,0,"[0, 0, 114, -81, 127, -80, 127, -80, 127, -84, 127, -89, 127, -91, 127, -90, 127, -87, 127, -83, 127, -77, 127, -69, 127, -65, 127, -62, 127, -57, 127, -46, 127, -35, 124, -29, 113, -26, 101, -22, 84, -18, 66, -15, 50, -10, 32, -8, 15, -8, 2, -8, -78, 85, -81, 91, -79, 99, -74, 105, -68, 111, -60, 116, -49, 116, -33, 111, -19, 101, -8, 87, 1, 71, 8, 54, 14, 33, 24, 14, 35, -4, 36, -23, 34, -36, 36, -46, 37, -57, 39, -64, 39, -70, 42, -77, 52, -76, 59, -75, 65, -74, 72, -71]",esp32_2
CSI_DATA,221183,2025-07-23 16:51:10.427,0,bend,00:00:00:00:00:00,-61,11,0,0,0,0,0,0,0,0,0,-97,0,1,0,2857904823,0,14,0,0,0,104,0,"[0, 0, -28, -45, -52, -15, -76, 10, -99, 31, -122, 47, -128, 59, -128, 63, -128, 63, -128, 64, -128, 65, -128, 63, -128, 56, -128, 49, -128, 42, -128, 39, -128, 39, -128, 39, -116, 41, -103, 48, -91, 56, -81, 63, -73, 72, -69, 79, -71, 82, -75, 80, 52, -70, 63, -72, 76, -76, 88, -75, 99, -69, 106, -58, 107, -48, 102, -40, 88, -36, 70, -39, 50, -46, 29, -56, 6, -70, -12, -90, -25, -112, -32, -128, -36, -128, -39, -128, -38, -128, -31, -128, -20, -128, -11, -128, -4, -128, 0, -128, 4, -128, 6, -128]",esp32_1
CSI_DATA,120352,2025-07-23 16:51:10.449,0,bend,00:00:00:00:00:00,-71,11,0,0,0,0,0,0,0,0,0,-97,0,1,0,1478450861,0,14,0,0,0,104,0,"[0, 0, 127, -89, 127, -89, 127, -87, 127, -89, 127, -90, 127, -91, 127, -92, 127, -89, 127, -88, 127, -85, 127, -78, 127, -66, 127, -54, 127, -45, 127, -36, 127, -25, 127, -17, 127, -9, 127, -2, 110, 0, 89, 1, 68, 2, 45, 1, 22, -1, 6, -1, -90, 115, -93, 120, -92, 127, -84, 127, -73, 127, -64, 127, -55, 127, -42, 127, -29, 122, -15, 107, 1, 88, 16, 63, 24, 37, 30, 14, 35, -8, 37, -26, 40, -41, 45, -56, 48, -67, 49, -74, 52, -82, 58, -83, 64, -80, 74, -80, 89, -84, 98, -86]",esp32_2
CSI_DATA,221184,2025-07-23 16:51:10.454,0,bend,00:00:00:00:00:00,-62,11,0,0,0,0,0,0,0,0,0,-97,0,1,0,2857943189,0,14,0,0,0,104,0,"[0, 0, 27, 43, 42, 10, 64, -20, 83, -42, 101, -61, 120, -75, 127, -86, 127, -92, 127, -91, 127, -87, 127, -85, 127, -83, 127, -78, 127, -72, 127, -64, 127, -60, 112, -60, 97, -64, 82, -67, 69, -71, 59, -76, 53, -81, 50, -83, 50, -87, 51, -90, -50, 65, -61, 68, -73, 69, -85, 67, -96, 63, -102, 58, -101, 50, -94, 44, -83, 39, -66, 38, -49, 44, -29, 52, -10, 63, 7, 80, 22, 101, 34, 126, 42, 127, 47, 127, 49, 127, 46, 127, 40, 127, 31, 127, 22, 127, 13, 127, 8, 127, 6, 127]",esp32_1
CSI_DATA,120353,2025-07-23 16:51:10.476,0,bend,00:00:00:00:00:00,-71,11,0,0,0,0,0,0,0,0,0,-97,0,1,0,1478495408,0,14,0,0,0,104,0,"[0, 0, -114, -89, -119, -101, -120, -112, -121, -121, -123, -124, -125, -125, -127, -127, -128, -128, -128, -128, -122, -128, -116, -128, -109, -128, -99, -128, -88, -128, -80, -128, -71, -120, -61, -113, -51, -106, -44, -97, -38, -83, -32, -67, -24, -50, -16, -32, -12, -16, -12, -3, 113, 49, 118, 45, 124, 40, 127, 34, 127, 27, 127, 17, 119, 7, 109, -1, 98, -9, 83, -18, 63, -25, 42, -27, 24, -28, 4, -28, -17, -27, -35, -27, -49, -24, -60, -19, -71, -15, -77, -18, -79, -19, -79, -21, -81, -26, -85, -33, -87, -44, -88, -53]",esp32_2
CSI_DATA,221185,2025-07-23 16:51:10.479,0,bend,00:00:00:00:00:00,-61,11,0,0,0,0,0,0,0,0,0,-97,0,1,0,2857964856,0,14,0,0,0,104,0,"[0, 0, 36, 43, 49, 8, 69, -27, 88, -54, 107, -74, 126, -90, 127, -103, 127, -110, 127, -114, 127, -114, 127, -111, 127, -105, 127, -95, 127, -83, 127, -76, 127, -71, 119, -70, 103, -71, 89, -73, 77, -77, 66, -83, 57, -89, 54, -93, 55, -97, 56, -99, -31, 82, -43, 87, -57, 91, -71, 93, -83, 92, -91, 86, -93, 78, -88, 69, -77, 61, -60, 56, -41, 58, -18, 62, 6, 70, 27, 84, 46, 103, 60, 126, 72, 127, 82, 127, 85, 127, 82, 127, 74, 127, 66, 127, 59, 127, 52, 127, 42, 127, 34, 127]",esp32_1
CSI_DATA,120354,2025-07-23 16:51:10.508,0,bend,00:00:00:00:00:00,-71,11,0,0,0,0,0,0,0,0,0,-97,0,1,0,1478555659,0,14,0,0,0,104,0,"[0, 0, -128, -56, -128, -67, -128, -75, -128, -77, -128, -80, -128, -84, -128, -87, -128, -87, -128, -89, -128, -93, -128, -95, -128, -100, -128, -105, -128, -110, -128, -113, -128, -109, -114, -104, -100, -96, -88, -87, -75, -77, -60, -63, -46, -46, -34, -28, -20, -10, -11, 5, 127, -3, 127, -7, 127, -13, 127, -22, 127, -33, 127, -44, 127, -52, 118, -59, 99, -63, 78, -61, 52, -58, 28, -54, 8, -44, -16, -33, -37, -22, -51, -13, -63, -4, -74, 8, -82, 18, -86, 21, -90, 18, -98, 13, -103, 8, -105, 0, -115, -10, -128, -22]",esp32_2
CSI_DATA,221186,2025-07-23 16:51:10.509,0,bend,00:00:00:00:00:00,-61,11,0,0,0,0,0,0,0,0,0,-97,0,1,0,2858001657,0,14,0,0,0,104,0,"[0, 0, 63, -12, 42, -40, 27, -72, 16, -105, 8, -128, 5, -128, 6, -128, 11, -128, 19, -128, 27, -128, 33, -128, 36, -128, 41, -128, 45, -128, 42, -128, 35, -128, 28, -128, 18, -126, 5, -117, -8, -109, -20, -106, -29, -104, -33, -103, -33, -105, -34, -107, 49, 63, 50, 76, 50, 92, 48, 105, 40, 114, 28, 117, 19, 115, 15, 110, 15, 100, 21, 84, 29, 66, 44, 50, 65, 37, 89, 27, 112, 21, 127, 21, 127, 23, 127, 27, 127, 32, 127, 38, 127, 47, 127, 59, 127, 68, 127, 70, 127, 66, 127, 62]",esp32_1
CSI_DATA,120355,2025-07-23 16:51:10.540,0,bend,00:00:00:00:00:00,-71,11,0,0,0,0,0,0,0,0,0,-97,0,1,0,1478580966,0,14,0,0,0,104,0,"[0, 0, 52, 127, 52, 127, 56, 127, 57, 127, 55, 127, 56, 127, 56, 127, 54, 127, 52, 127, 47, 127, 42, 127, 36, 127, 27, 127, 16, 127, 7, 127, 2, 127, -6, 127, -12, 118, -12, 105, -10, 90, -7, 73, -3, 56, 0, 36, 4, 16, 7, 3, -87, -85, -96, -84, -106, -82, -113, -78, -118, -70, -118, -60, -113, -50, -108, -38, -98, -23, -81, -10, -64, 2, -47, 13, -32, 22, -16, 29, 2, 33, 20, 36, 35, 39, 44, 39, 51, 39, 57, 42, 60, 45, 61, 49, 62, 58, 62, 63, 62, 71, 60, 82]",esp32_2
CSI_DATA,120356,2025-07-23 16:51:10.562,0,bend,00:00:00:00:00:00,-72,11,0,0,0,0,0,0,0,0,0,-97,0,1,0,1478615689,0,14,0,0,0,104,0,"[0, 0, -37, 127, -44, 127, -52, 127, -60, 127, -66, 127, -70, 127, -71, 127, -69, 127, -67, 127, -70, 127, -76, 127, -82, 127, -89, 127, -94, 127, -94, 127, -93, 118, -91, 105, -85, 90, -79, 76, -71, 62, -56, 50, -39, 41, -23, 30, -8, 18, 3, 9, -32, -128, -38, -128, -45, -128, -55, -128, -66, -128, -70, -123, -71, -111, -72, -97, -72, -77, -68, -55, -62, -34, -54, -14, -44, 8, -32, 25, -17, 37, -4, 47, 8, 59, 19, 65, 24, 70, 23, 74, 23, 77, 23, 81, 19, 90, 13, 98, 7, 104, 2, 110]",esp32_2
CSI_DATA,221188,2025-07-23 16:51:10.594,0,bend,00:00:00:00:00:00,-61,11,0,0,0,0,0,0,0,0,0,-97,0,1,0,2858073278,0,14,0,0,0,104,0,"[0, 0, -40, 42, -3, 48, 33, 56, 62, 76, 83, 98, 100, 113, 115, 127, 124, 127, 127, 127, 127, 127, 127, 127, 127, 127, 119, 127, 99, 127, 88, 127, 81, 124, 77, 109, 74, 95, 74, 80, 79, 67, 85, 55, 88, 41, 93, 33, 101, 33, 106, 37, -80, -16, -89, -28, -96, -44, -101, -58, -100, -69, -94, -77, -83, -81, -71, -78, -64, -68, -61, -51, -60, -31, -60, -9, -69, 12, -84, 35, -98, 55, -113, 72, -128, 87, -128, 96, -128, 99, -128, 96, -128, 88, -128, 82, -128, 81, -128, 80, -128, 72, -128, 62]",esp32_1
CSI_DATA,120357,2025-07-23 16:51:10.599,0,bend,00:00:00:00:00:00,-72,11,0,0,0,0,0,0,0,0,0,-97,0,1,0,1478641180,0,14,0,0,0,104,0,"[0, 0, -112, 101, -122, 107, -128, 112, -128, 116, -128, 115, -128, 115, -128, 115, -128, 113, -128, 110, -128, 107, -128, 102, -128, 91, -128, 79, -128, 71, -128, 60, -128, 49, -128, 41, -117, 33, -104, 24, -88, 18, -69, 11, -50, 5, -33, 4, -18, 7, -6, 9, 29, -124, 29, -128, 25, -128, 17, -128, 9, -128, -2, -128, -11, -128, -18, -127, -28, -111, -38, -91, -40, -68, -39, -42, -37, -19, -37, 0, -36, 22, -34, 37, -32, 44, -28, 58, -22, 73, -21, 82, -25, 83, -28, 85, -32, 94, -42, 97, -55, 92, -63, 90]",esp32_2
CSI_DATA,221189,2025-07-23 16:51:10.627,0,bend,00:00:00:00:00:00,-61,11,0,0,0,0,0,0,0,0,0,-97,0,1,0,2858122140,0,14,0,0,0,104,0,"[0, 0, -53, 0, -36, 31, -25, 61, -15, 93, -9, 122, -7, 127, -8, 127, -14, 127, -23, 127, -31, 127, -35, 127, -37, 127, -39, 127, -40, 127, -36, 127, -29, 127, -21, 127, -11, 118, 0, 107, 11, 98, 23, 94, 33, 91, 38, 91, 41, 94, 42, 97, -25, -74, -22, -86, -18, -100, -13, -111, -3, -117, 9, -117, 17, -113, 20, -105, 17, -93, 8, -79, -6, -68, -24, -57, -48, -48, -74, -43, -98, -42, -119, -43, -128, -50, -128, -59, -128, -67, -128, -75, -128, -82, -128, -91, -128, -98, -128, -97, -128, -90, -128, -84]",esp32_1
CSI_DATA,120358,2025-07-23 16:51:10.627,0,bend,00:00:00:00:00:00,-71,11,0,0,0,0,0,0,0,0,0,-97,0,1,0,1478665556,0,14,0,0,0,104,0,"[0, 0, -116, -80, -120, -94, -124, -101, -127, -108, -128, -115, -128, -119, -128, -121, -128, -122, -128, -122, -128, -122, -127, -124, -120, -126, -106, -124, -95, -121, -87, -117, -74, -112, -62, -105, -50, -95, -40, -85, -33, -73, -27, -58, -23, -42, -18, -26, -11, -12, -8, -3, 119, 10, 127, 8, 127, 1, 127, -9, 127, -17, 127, -19, 117, -24, 102, -33, 85, -41, 68, -45, 48, -45, 28, -43, 12, -39, -7, -36, -31, -34, -49, -28, -60, -20, -67, -14, -73, -8, -79, -5, -82, -4, -86, -2, -91, -5, -91, -13, -92, -25, -91, -39]",esp32_2
CSI_DATA,221190,2025-07-23 16:51:10.653,0,bend,00:00:00:00:00:00,-61,11,0,0,0,0,0,0,0,0,0,-97,0,1,0,2858158046,0,14,0,0,0,104,0,"[0, 0, 34, 28, 38, -8, 47, -43, 58, -74, 68, -99, 82, -120, 96, -128, 108, -128, 118, -128, 126, -128, 127, -128, 127, -128, 127, -128, 124, -128, 113, -120, 99, -109, 84, -100, 69, -95, 54, -93, 39, -94, 28, -95, 19, -97, 13, -100, 10, -104, 10, -106, -25, 79, -35, 84, -49, 86, -62, 88, -72, 88, -77, 84, -77, 78, -72, 70, -64, 62, -50, 57, -29, 57, -7, 59, 12, 63, 33, 73, 55, 89, 75, 107, 90, 127, 101, 127, 105, 127, 104, 127, 101, 127, 97, 127, 88, 127, 76, 127, 63, 127, 53, 127]",esp32_1
CSI_DATA,221191,2025-07-23 16:51:10.684,0,bend,00:00:00:00:00:00,-61,11,0,0,0,0,0,0,0,0,0,-97,0,1,0,2858194955,0,14,0,0,0,104,0,"[0, 0, 53, -16, 27, -43, 6, -71, -11, -101, -20, -128, -27, -128, -28, -128, -24, -128, -25, -128, -26, -128, -24, -128, -20, -128, -11, -128, -3, -128, -2, -128, -5, -128, -8, -128, -13, -125, -21, -113, -30, -103, -41, -95, -53, -88, -60, -85, -63, -87, -65, -92, 53, 60, 55, 72, 54, 86, 51, 100, 44, 111, 33, 116, 21, 114, 15, 107, 16, 94, 23, 77, 33, 61, 45, 43, 64, 26, 89, 13, 112, 7, 127, 6, 127, 7, 127, 7, 127, 10, 127, 19, 127, 30, 127, 39, 127, 42, 127, 39, 127, 37, 127, 36]",esp32_1
CSI_DATA,120360,2025-07-23 16:51:10.704,0,bend,00:00:00:00:00:00,-72,11,0,0,0,0,0,0,0,0,0,-97,0,1,0,1478755228,0,14,0,0,0,104,0,"[0, 0, -128, 42, -128, 38, -128, 36, -128, 37, -128, 36, -128, 32, -128, 28, -128, 22, -128, 18, -128, 12, -128, 6, -128, 1, -128, -12, -128, -29, -128, -40, -128, -44, -128, -47, -128, -52, -128, -55, -128, -52, -103, -43, -77, -34, -56, -20, -32, -2, -9, 11, 112, -128, 113, -128, 110, -128, 104, -128, 95, -128, 81, -128, 61, -128, 41, -128, 24, -128, 4, -128, -16, -103, -33, -72, -49, -43, -59, -19, -61, 6, -64, 27, -70, 42, -73, 60, -74, 80, -77, 90, -80, 89, -84, 85, -90, 82, -102, 81, -121, 74, -128, 68]",esp32_2
CSI_DATA,221192,2025-07-23 16:51:10.715,0,bend,00:00:00:00:00:00,-61,11,0,0,0,0,0,0,0,0,0,-97,0,1,0,2858221270,0,14,0,0,0,104,0,"[0, 0, 46, -29, 15, -49, -12, -71, -35, -97, -52, -120, -64, -128, -72, -128, -75, -128, -75, -128, -73, -128, -71, -128, -66, -128, -57, -128, -48, -128, -43, -128, -41, -128, -41, -126, -45, -111, -50, -98, -57, -87, -66, -78, -74, -71, -78, -67, -81, -69, -84, -70, 66, 43, 70, 56, 73, 71, 73, 84, 69, 98, 60, 105, 50, 103, 42, 96, 39, 85, 40, 70, 43, 52, 51, 32, 69, 12, 89, -6, 107, -20, 124, -29, 127, -36, 127, -40, 127, -39, 127, -34, 127, -26, 127, -18, 127, -12, 127, -8, 127, -3, 127, 3]",esp32_1
CSI_DATA,120361,2025-07-23 16:51:10.735,0,bend,00:00:00:00:00:00,-72,11,0,0,0,0,0,0,0,0,0,-97,0,1,0,1478803354,0,14,0,0,0,104,0,"[0, 0, -46, 127, -55, 127, -65, 127, -72, 127, -76, 127, -80, 127, -84, 127, -85, 127, -88, 127, -93, 127, -98, 127, -102, 127, -106, 127, -109, 121, -108, 110, -105, 99, -103, 87, -100, 74, -91, 60, -77, 49, -62, 40, -47, 33, -32, 23, -16, 14, -3, 11, -65, -112, -74, -114, -83, -114, -91, -110, -97, -103, -97, -95, -95, -84, -95, -71, -92, -56, -83, -36, -70, -18, -58, -2, -46, 12, -32, 26, -19, 41, -7, 53, 7, 60, 20, 65, 24, 68, 22, 71, 21, 74, 19, 78, 14, 82, 5, 86, -3, 94, -8, 105]",esp32_2
CSI_DATA,221193,2025-07-23 16:51:10.739,0,bend,00:00:00:00:00:00,-61,11,0,0,0,0,0,0,0,0,0,-97,0,1,0,2858260115,0,14,0,0,0,104,0,"[0, 0, -56, 22, -32, 46, -11, 72, 6, 100, 17, 126, 23, 127, 26, 127, 26, 127, 23, 127, 18, 127, 13, 127, 7, 127, 1, 127, -2, 127, 0, 127, 3, 127, 5, 127, 9, 118, 16, 108, 26, 98, 39, 91, 49, 88, 53, 86, 53, 87, 52, 89, -56, -56, -57, -71, -59, -85, -58, -96, -52, -106, -41, -110, -30, -109, -23, -102, -23, -92, -29, -78, -36, -61, -48, -43, -66, -27, -87, -14, -109, -5, -128, 0, -128, 1, -128, 1, -128, -2, -128, -9, -128, -18, -128, -27, -128, -34, -128, -35, -128, -34, -128, -33]",esp32_1
CSI_DATA,120362,2025-07-23 16:51:10.769,0,bend,00:00:00:00:00:00,-71,11,0,0,0,0,0,0,0,0,0,-97,0,1,0,1479517793,0,14,0,0,0,104,0,"[0, 0, -29, -124, -25, -128, -18, -128, -13, -128, -11, -128, -12, -128, -11, -128, -8, -128, -5, -128, 0, -128, 7, -128, 14, -128, 20, -128, 27, -128, 34, -128, 41, -128, 43, -120, 41, -112, 39, -100, 34, -86, 28, -74, 22, -60, 12, -44, -1, -28, -10, -17, 113, 61, 117, 61, 122, 56, 126, 49, 127, 42, 125, 33, 118, 19, 110, 6, 97, -3, 80, -11, 63, -21, 47, -29, 32, -35, 17, -39, -1, -40, -19, -42, -30, -46, -39, -48, -45, -47, -49, -47, -51, -48, -50, -53, -46, -60, -42, -67, -40, -78, -37, -88]",esp32_2
CSI_DATA,120363,2025-07-23 16:51:10.800,0,bend,00:00:00:00:00:00,-72,11,0,0,0,0,0,0,0,0,0,-97,0,1,0,1479541623,0,14,0,0,0,104,0,"[0, 0, -126, -46, -128, -56, -128, -66, -128, -73, -128, -76, -128, -82, -128, -87, -128, -89, -128, -91, -128, -94, -128, -96, -128, -100, -121, -105, -115, -110, -110, -110, -99, -106, -85, -103, -72, -99, -64, -91, -55, -80, -47, -66, -41, -51, -36, -33, -30, -15, -22, -4, 120, -63, 120, -67, 118, -71, 113, -78, 108, -85, 100, -90, 89, -91, 76, -92, 62, -91, 42, -85, 21, -74, 3, -61, -14, -47, -30, -36, -42, -26, -50, -13, -57, -3, -64, 3, -67, 6, -69, 10, -71, 9, -76, 6, -81, 1, -85, -2, -89, -8, -94, -20]",esp32_2
