type,seq,timestamp,taget_seq,taget,mac,rssi,rate,sig_mode,mcs,cwb,smoothing,not_sounding,aggregation,stbc,fec_coding,sgi,noise_floor,ampdu_cnt,channel_primary,channel_secondary,local_timestamp,ant,sig_len,rx_state,agc_gain,fft_gain,len,first_word_invalid,data,device_id
CSI_DATA,143210,2025-08-27 15:37:43.639,0,bend,00:00:00:00:00:00,-66,11,0,0,0,0,0,0,0,0,0,-97,0,1,0,4275128453,0,14,0,84,68,104,0,"[0, 0, -28, -128, -19, -128, -34, -128, -28, -128, -46, -128, -64, -113, -89, -92, -124, -79, -128, -77, -128, -75, -128, -91, -128, -108, -128, -117, -124, -125, -95, -122, -61, -111, -22, -91, 0, -59, 17, -25, 26, 11, 20, 45, 13, 79, -8, 97, -30, 117, -57, 117, 110, -12, 113, -10, 104, -7, 108, -15, 112, -13, 112, -14, 104, -16, 107, -19, 94, -21, 90, -29, 66, -40, 53, -51, 50, -57, 37, -76, 24, -93, 4, -112, -10, -128, -18, -128, -30, -128, -44, -128, -60, -128, -69, -128, -83, -128, -76, -128, -74, -128, -71, -128]",esp32_1
CSI_DATA,146434,2025-08-27 15:37:43.641,0,bend,00:00:00:00:00:00,-42,11,0,0,0,0,0,0,0,0,0,-97,0,1,0,1134913587,0,14,0,84,64,104,0,"[0, 0, -128, -19, -128, -18, -128, -19, -128, -17, -128, -11, -128, -6, -128, -5, -128, -6, -128, -8, -128, -12, -128, -19, -128, -26, -109, -31, -64, -35, -17, -35, 30, -28, 70, -15, 102, 4, 127, 26, 127, 48, 127, 68, 127, 85, 127, 96, 111, 101, 97, 101, 127, 62, 127, 81, 127, 98, 127, 108, 127, 112, 127, 103, 115, 80, 82, 46, 53, 5, 30, -41, 17, -87, 11, -127, 11, -128, 15, -128, 17, -128, 17, -128, 12, -128, -1, -128, -23, -128, -53, -128, -94, -100, -128, -74, -128, -53, -128, -39, -128, -29, -128, -24]",esp32_2
CSI_DATA,143211,2025-08-27 15:37:43.662,0,bend,00:00:00:00:00:00,-65,11,0,0,0,0,0,0,0,0,0,-97,0,1,0,4275138484,0,14,0,84,68,104,0,"[0, 0, -64, -128, -48, -128, -61, -128, -53, -128, -60, -124, -82, -98, -96, -84, -126, -69, -128, -71, -128, -74, -128, -84, -128, -95, -128, -103, -117, -112, -93, -110, -60, -103, -30, -78, -5, -55, 10, -23, 15, 12, 11, 40, -3, 70, -23, 87, -46, 103, -69, 100, 90, -49, 90, -50, 86, -50, 89, -56, 94, -54, 94, -55, 89, -53, 87, -54, 78, -58, 74, -57, 55, -63, 38, -69, 33, -72, 18, -83, 4, -92, -23, -115, -38, -120, -51, -128, -58, -128, -72, -128, -89, -128, -104, -128, -116, -128, -112, -128, -109, -128, -105, -128]",esp32_1
CSI_DATA,146435,2025-08-27 15:37:43.662,0,bend,00:00:00:00:00:00,-42,11,0,0,0,0,0,0,0,0,0,-97,0,1,0,1134952160,0,14,0,144,42,104,0,"[0, 0, -128, -128, -128, -128, -128, -128, -128, -128, -128, -128, -128, -128, -128, -128, -128, -128, -128, -128, -128, -128, -111, -128, -81, -128, -49, -105, -16, -74, 15, -40, 42, -4, 62, 34, 72, 69, 74, 101, 69, 126, 57, 127, 44, 127, 29, 127, 15, 127, 4, 127, 57, 127, 36, 127, 9, 127, -10, 127, -23, 127, -30, 127, -26, 127, -11, 92, 11, 48, 40, 6, 73, -29, 106, -53, 127, -69, 127, -80, 127, -87, 127, -90, 127, -91, 127, -94, 117, -99, 76, -109, 29, -125, -20, -128, -69, -128, -115, -128, -128, -128, -128, -128]",esp32_2
CSI_DATA,146436,2025-08-27 15:37:43.685,0,bend,00:00:00:00:00:00,-41,11,0,0,0,0,0,0,0,0,0,-97,0,1,0,1134999615,0,14,0,104,0,104,0,"[0, 0, -128, -128, -128, -128, -128, -128, -128, -128, -128, -128, -128, -128, -128, -128, -128, -128, -128, -128, -128, -128, -121, -128, -88, -128, -53, -118, -19, -84, 14, -45, 43, -4, 64, 37, 74, 77, 75, 112, 69, 127, 57, 127, 41, 127, 24, 127, 9, 127, -2, 127, 73, 127, 50, 127, 22, 127, -1, 127, -18, 127, -28, 127, -25, 127, -10, 102, 14, 54, 47, 9, 85, -29, 118, -57, 127, -76, 127, -87, 127, -95, 127, -100, 127, -100, 127, -103, 124, -108, 80, -118, 29, -128, -24, -128, -79, -128, -128, -128, -128, -128, -128, -128]",esp32_2
CSI_DATA,143212,2025-08-27 15:37:43.692,0,bend,00:00:00:00:00:00,-65,11,0,0,0,0,0,0,0,0,0,-97,0,1,0,4275151453,0,14,0,0,0,104,0,"[0, 0, 127, 6, 127, 4, 127, 7, 127, -9, 127, -25, 114, -51, 105, -73, 106, -89, 107, -105, 113, -117, 126, -126, 127, -117, 127, -97, 127, -75, 127, -46, 112, -22, 87, 0, 48, 7, 24, 13, -11, 1, -39, -13, -62, -36, -70, -61, -68, -89, -53, -106, 36, 92, 39, 91, 44, 93, 44, 96, 48, 101, 45, 100, 44, 95, 46, 96, 48, 89, 51, 79, 61, 75, 67, 61, 71, 43, 82, 31, 96, 21, 110, 14, 122, 5, 127, -4, 127, -21, 127, -32, 127, -36, 127, -46, 127, -42, 127, -48, 127, -41, 127, -21]",esp32_1
CSI_DATA,146437,2025-08-27 15:37:43.705,0,bend,00:00:00:00:00:00,-41,11,0,0,0,0,0,0,0,0,0,-97,0,1,0,1135011127,0,14,0,0,0,104,0,"[0, 0, 127, 93, 127, 91, 127, 85, 127, 80, 127, 72, 127, 63, 127, 56, 127, 51, 127, 45, 127, 42, 127, 44, 127, 46, 103, 47, 61, 45, 17, 38, -26, 27, -64, 11, -94, -12, -115, -37, -126, -60, -128, -80, -123, -95, -111, -103, -96, -105, -83, -103, -128, -128, -128, -128, -128, -128, -128, -128, -128, -128, -111, -128, -82, -111, -59, -71, -44, -25, -36, 25, -36, 73, -40, 112, -48, 127, -59, 127, -65, 127, -68, 127, -62, 127, -45, 127, -19, 127, 16, 127, 61, 107, 113, 92, 127, 81, 127, 73, 127, 71, 127, 74]",esp32_2
CSI_DATA,143213,2025-08-27 15:37:43.724,0,bend,00:00:00:00:00:00,-66,11,0,0,0,0,0,0,0,0,0,-97,0,1,0,4275158460,0,14,0,0,0,104,0,"[0, 0, 127, 77, 127, 69, 127, 60, 127, 38, 127, 8, 127, -30, 127, -55, 127, -80, 127, -96, 127, -109, 127, -111, 127, -94, 127, -83, 127, -49, 127, -23, 127, 7, 103, 23, 54, 27, 15, 22, -20, 2, -57, -20, -76, -48, -79, -80, -71, -114, -55, -128, 1, 115, 6, 122, 12, 120, 15, 127, 14, 126, 12, 127, 18, 127, 11, 127, 24, 121, 24, 102, 40, 95, 53, 89, 60, 69, 85, 57, 101, 46, 122, 45, 127, 38, 127, 30, 127, 18, 127, 10, 127, 4, 127, 8, 127, 22, 127, 22, 127, 32, 127, 51]",esp32_1
CSI_DATA,146438,2025-08-27 15:37:43.726,0,bend,00:00:00:00:00:00,-41,11,0,0,0,0,0,0,0,0,0,-97,0,1,0,1135029547,0,14,0,0,0,104,0,"[0, 0, 127, 127, 127, 127, 127, 127, 127, 127, 127, 127, 127, 127, 127, 127, 127, 127, 127, 127, 127, 127, 102, 127, 74, 127, 45, 106, 16, 74, -13, 40, -37, 3, -53, -34, -61, -70, -63, -103, -56, -127, -44, -128, -27, -128, -11, -128, 2, -128, 11, -128, -84, -128, -64, -128, -40, -128, -18, -128, 1, -128, 11, -128, 10, -128, 2, -92, -16, -48, -44, -7, -77, 28, -106, 54, -128, 70, -128, 81, -128, 89, -128, 93, -128, 93, -128, 94, -112, 97, -71, 105, -25, 119, 22, 127, 68, 127, 112, 127, 127, 127, 127, 127]",esp32_2
CSI_DATA,143214,2025-08-27 15:37:43.749,0,bend,00:00:00:00:00:00,-66,11,0,0,0,0,0,0,0,0,0,-97,0,1,0,4275169471,0,14,0,0,0,104,0,"[0, 0, -128, -128, -128, -128, -128, -128, -128, -104, -128, -64, -128, -30, -128, 2, -128, 24, -128, 35, -128, 48, -128, 39, -128, 27, -128, 8, -128, -18, -128, -36, -128, -48, -91, -55, -43, -47, -9, -25, 21, 4, 46, 29, 51, 71, 42, 95, 31, 127, 6, 127, 60, -103, 58, -108, 53, -108, 54, -112, 51, -120, 57, -121, 48, -118, 48, -121, 39, -115, 32, -109, 11, -108, -5, -102, -14, -90, -40, -92, -64, -92, -85, -103, -110, -107, -128, -114, -128, -111, -128, -109, -128, -120, -128, -128, -128, -128, -128, -128, -128, -128, -128, -128]",esp32_1
CSI_DATA,146439,2025-08-27 15:37:43.749,0,bend,00:00:00:00:00:00,-42,11,0,0,0,0,0,0,0,0,0,-97,0,1,0,1135046023,0,14,0,104,0,104,0,"[0, 0, 127, 127, 127, 127, 127, 127, 127, 127, 127, 127, 127, 127, 127, 127, 127, 127, 127, 127, 127, 127, 127, 125, 105, 108, 70, 91, 34, 68, -3, 40, -39, 12, -65, -20, -82, -54, -93, -86, -92, -112, -83, -128, -71, -128, -55, -128, -39, -128, -26, -128, -128, -128, -128, -128, -102, -128, -76, -128, -51, -128, -31, -128, -19, -128, -18, -89, -26, -40, -44, 9, -66, 54, -88, 88, -108, 109, -128, 122, -128, 127, -128, 127, -128, 127, -117, 127, -84, 123, -41, 120, 8, 119, 62, 127, 117, 127, 127, 127, 127, 127, 127, 127]",esp32_2
CSI_DATA,143215,2025-08-27 15:37:43.777,0,bend,00:00:00:00:00:00,-65,11,0,0,0,0,0,0,0,0,0,-97,0,1,0,4275178457,0,14,0,0,0,104,0,"[0, 0, 127, -128, 127, -128, 107, -128, 90, -128, 54, -128, 22, -128, -7, -128, -27, -128, -43, -128, -49, -128, -43, -128, -35, -128, -20, -128, 8, -128, 26, -128, 35, -113, 47, -78, 35, -42, 26, -5, 2, 24, -32, 38, -65, 55, -92, 50, -113, 42, -127, 16, 90, 43, 93, 45, 97, 47, 100, 48, 100, 44, 108, 51, 101, 43, 105, 40, 99, 40, 97, 23, 87, 20, 80, -2, 85, -20, 91, -39, 85, -65, 80, -83, 82, -102, 87, -126, 97, -128, 95, -128, 97, -128, 110, -128, 126, -128, 127, -128, 127, -128, 127, -128]",esp32_1
CSI_DATA,146440,2025-08-27 15:37:43.777,0,bend,00:00:00:00:00:00,-42,11,0,0,0,0,0,0,0,0,0,-97,0,1,0,1135059969,0,14,0,47,113,104,0,"[0, 0, 127, 127, 127, 127, 127, 127, 127, 127, 127, 127, 127, 127, 127, 127, 127, 127, 127, 127, 127, 127, 101, 127, 72, 127, 42, 112, 12, 79, -16, 43, -40, 5, -57, -35, -64, -74, -64, -108, -57, -128, -45, -128, -30, -128, -15, -128, 0, -128, 10, -128, -30, -128, -9, -128, 15, -128, 33, -128, 45, -128, 48, -128, 38, -128, 19, -90, -9, -47, -44, -10, -82, 20, -118, 42, -128, 54, -128, 60, -128, 65, -128, 66, -128, 68, -128, 72, -128, 81, -89, 95, -42, 117, 6, 127, 50, 127, 91, 127, 126, 127, 127, 127]",esp32_2
CSI_DATA,146441,2025-08-27 15:37:43.800,0,bend,00:00:00:00:00:00,-42,11,0,0,0,0,0,0,0,0,0,-97,0,1,0,1135074953,0,14,0,47,113,104,0,"[0, 0, -128, 127, -128, 127, -128, 127, -128, 127, -128, 127, -128, 127, -128, 127, -128, 127, -128, 127, -128, 117, -128, 92, -128, 66, -116, 38, -80, 10, -41, -15, -1, -36, 39, -50, 77, -56, 111, -54, 127, -45, 127, -33, 127, -18, 127, 0, 127, 15, 127, 23, 127, -33, 127, -13, 127, 10, 127, 29, 127, 41, 127, 45, 127, 37, 92, 17, 50, -11, 12, -46, -19, -85, -40, -120, -52, -128, -60, -128, -64, -128, -67, -128, -69, -128, -74, -128, -83, -128, -98, -91, -122, -44, -128, 3, -128, 50, -128, 92, -128, 125, -128, 127]",esp32_2
CSI_DATA,146442,2025-08-27 15:37:43.820,0,bend,00:00:00:00:00:00,-42,11,0,0,0,0,0,0,0,0,0,-97,0,1,0,1135101954,0,14,0,163,11,104,0,"[0, 0, -128, 127, -128, 127, -128, 127, -128, 127, -128, 127, -128, 127, -128, 127, -128, 127, -128, 127, -128, 127, -128, 113, -128, 84, -115, 53, -83, 20, -46, -10, -8, -35, 30, -53, 69, -63, 105, -64, 127, -57, 127, -46, 127, -31, 127, -14, 127, 1, 127, 11, 127, -63, 127, -43, 127, -17, 127, 4, 127, 18, 127, 26, 127, 23, 94, 9, 48, -15, 6, -47, -28, -84, -52, -117, -68, -128, -78, -128, -83, -128, -85, -128, -86, -128, -88, -128, -94, -128, -104, -83, -122, -33, -128, 18, -128, 70, -128, 117, -128, 127, -128, 127]",esp32_2
CSI_DATA,146443,2025-08-27 15:37:43.844,0,bend,00:00:00:00:00:00,-42,11,0,0,0,0,0,0,0,0,0,-97,0,1,0,1135156926,0,14,0,47,113,104,0,"[0, 0, 127, -128, 127, -128, 127, -128, 127, -128, 127, -128, 127, -128, 127, -128, 127, -128, 127, -128, 127, -128, 127, -128, 114, -113, 95, -77, 71, -40, 45, -3, 15, 31, -18, 57, -53, 74, -87, 82, -114, 82, -128, 76, -128, 63, -128, 46, -128, 29, -128, 16, -128, 118, -128, 96, -128, 68, -128, 44, -128, 25, -128, 10, -128, 4, -88, 9, -41, 22, 5, 42, 44, 67, 74, 94, 95, 119, 110, 127, 118, 127, 120, 127, 117, 127, 116, 127, 115, 96, 116, 53, 123, 4, 127, -49, 127, -102, 127, -128, 127, -128, 127, -128]",esp32_2
CSI_DATA,146444,2025-08-27 15:37:43.862,0,bend,00:00:00:00:00:00,-42,11,0,0,0,0,0,0,0,0,0,-97,0,1,0,1135159847,0,14,0,47,113,104,0,"[0, 0, -128, 127, -128, 127, -128, 127, -128, 127, -128, 127, -128, 127, -128, 127, -128, 127, -128, 127, -117, 127, -107, 127, -96, 112, -81, 77, -63, 40, -43, 6, -18, -27, 9, -53, 37, -72, 64, -82, 87, -85, 104, -82, 114, -73, 118, -59, 116, -43, 110, -31, 127, -108, 127, -91, 127, -67, 127, -47, 127, -29, 127, -15, 121, -8, 80, -11, 38, -22, -4, -40, -41, -62, -69, -85, -89, -108, -103, -127, -110, -128, -111, -128, -109, -128, -106, -115, -103, -85, -102, -46, -105, 0, -114, 47, -128, 95, -128, 127, -128, 127, -128, 127]",esp32_2
CSI_DATA,143217,2025-08-27 15:37:43.876,0,bend,00:00:00:00:00:00,-65,11,0,0,0,0,0,0,0,0,0,-97,0,1,0,4275201100,0,14,0,0,0,104,0,"[0, 0, 127, -128, 123, -128, 91, -128, 67, -128, 41, -128, 6, -128, -24, -128, -50, -128, -67, -128, -74, -128, -71, -128, -53, -128, -34, -128, -2, -128, 16, -128, 28, -124, 42, -85, 37, -42, 24, -7, -2, 21, -36, 37, -69, 51, -92, 49, -121, 39, -128, 14, 101, 18, 102, 22, 106, 22, 107, 19, 113, 19, 120, 17, 113, 19, 114, 22, 112, 17, 109, 0, 98, -8, 88, -23, 87, -39, 87, -60, 83, -78, 68, -100, 66, -115, 68, -128, 73, -128, 73, -128, 78, -128, 87, -128, 89, -128, 103, -128, 117, -128, 127, -128]",esp32_1
CSI_DATA,146445,2025-08-27 15:37:43.892,0,bend,00:00:00:00:00:00,-42,11,0,0,0,0,0,0,0,0,0,-97,0,1,0,1135160235,0,14,0,47,113,104,0,"[0, 0, -128, 127, -128, 127, -128, 127, -128, 127, -128, 127, -128, 127, -128, 127, -118, 127, -107, 127, -98, 127, -91, 127, -84, 127, -74, 103, -64, 59, -48, 16, -27, -25, -4, -60, 24, -86, 53, -104, 78, -112, 97, -112, 110, -105, 117, -92, 117, -75, 113, -60, 127, -128, 127, -128, 127, -106, 127, -82, 127, -59, 127, -39, 127, -26, 88, -24, 38, -30, -11, -43, -56, -63, -91, -86, -117, -108, -128, -126, -128, -128, -128, -128, -128, -128, -128, -112, -128, -78, -121, -35, -116, 16, -119, 72, -127, 127, -128, 127, -128, 127, -128, 127]",esp32_2
CSI_DATA,143218,2025-08-27 15:37:43.904,0,bend,00:00:00:00:00:00,-65,11,0,0,0,0,0,0,0,0,0,-97,0,1,0,4275208457,0,14,0,0,0,104,0,"[0, 0, 58, -128, 51, -128, 36, -128, 22, -128, -1, -123, -46, -108, -49, -111, -99, -93, -102, -128, -99, -128, -101, -128, -87, -128, -74, -128, -85, -128, -37, -111, -24, -128, 2, -76, 13, -55, 12, -14, 11, 13, 3, 46, -36, 70, -62, 70, -85, 78, -99, 66, 97, 23, 84, 19, 107, 18, 86, 14, 112, 14, 93, 12, 109, 0, 106, 10, 97, -7, 113, -3, 86, -10, 79, -24, 74, -31, 71, -51, 54, -63, 51, -114, 39, -106, 47, -128, 36, -128, 22, -128, 31, -128, 6, -128, 44, -128, 66, -128, 74, -128, 73, -128]",esp32_1
CSI_DATA,146446,2025-08-27 15:37:43.914,0,bend,00:00:00:00:00:00,-42,11,0,0,0,0,0,0,0,0,0,-97,0,1,0,1135160573,0,14,0,47,113,104,0,"[0, 0, 127, 127, 127, 127, 127, 127, 127, 127, 127, 127, 127, 127, 127, 127, 127, 127, 127, 127, 127, 127, 113, 127, 86, 118, 56, 95, 25, 70, -4, 42, -30, 11, -49, -20, -60, -51, -64, -81, -61, -105, -52, -122, -39, -128, -25, -128, -13, -123, -4, -115, -77, -128, -59, -128, -36, -128, -17, -128, -1, -128, 9, -128, 9, -123, 0, -81, -18, -41, -42, -4, -69, 28, -97, 53, -122, 69, -128, 78, -128, 83, -128, 85, -128, 84, -128, 83, -103, 84, -66, 89, -23, 100, 24, 120, 67, 127, 109, 127, 127, 127, 127, 127]",esp32_2
CSI_DATA,143219,2025-08-27 15:37:43.931,0,bend,00:00:00:00:00:00,-65,11,0,0,0,0,0,0,0,0,0,-97,0,1,0,4275218470,0,14,0,0,0,104,0,"[0, 0, 127, 127, 127, 127, 127, 127, 124, 102, 119, 72, 121, 35, 127, 6, 127, -15, 127, -24, 127, -29, 127, -22, 127, -7, 127, 8, 127, 27, 127, 41, 110, 57, 76, 55, 35, 41, 1, 20, -23, -9, -43, -35, -45, -69, -37, -97, -21, -124, 1, -128, -67, 85, -67, 90, -61, 89, -61, 99, -61, 100, -61, 104, -59, 98, -56, 103, -49, 100, -41, 96, -26, 96, -8, 94, 7, 87, 27, 87, 47, 94, 68, 104, 93, 107, 118, 116, 127, 114, 127, 122, 127, 127, 127, 127, 127, 127, 127, 127, 127, 127, 127, 127]",esp32_1
CSI_DATA,146447,2025-08-27 15:37:43.937,0,bend,00:00:00:00:00:00,-42,11,0,0,0,0,0,0,0,0,0,-97,0,1,0,1135163980,0,14,0,0,0,104,0,"[0, 0, 127, 47, 127, 46, 127, 46, 127, 43, 127, 37, 127, 30, 127, 26, 127, 21, 127, 18, 127, 18, 127, 23, 127, 28, 104, 31, 65, 32, 26, 30, -14, 22, -50, 9, -77, -10, -99, -32, -111, -52, -113, -69, -107, -83, -97, -90, -84, -94, -72, -94, -128, -89, -128, -105, -128, -119, -128, -125, -128, -122, -122, -110, -92, -86, -67, -51, -48, -11, -35, 32, -29, 74, -30, 110, -35, 127, -41, 127, -47, 127, -50, 127, -46, 127, -32, 127, -10, 127, 18, 116, 56, 92, 101, 73, 127, 59, 127, 51, 127, 48, 127, 49]",esp32_2
CSI_DATA,143220,2025-08-27 15:37:43.959,0,bend,00:00:00:00:00:00,-65,11,0,0,0,0,0,0,0,0,0,-97,0,1,0,4275228430,0,14,0,0,0,104,0,"[0, 0, -128, -57, -128, -50, -128, -45, -128, -12, -128, 18, -128, 49, -123, 80, -128, 110, -128, 127, -128, 127, -128, 127, -128, 127, -128, 120, -128, 94, -128, 59, -128, 23, -106, -4, -66, -17, -23, -19, 19, -16, 60, 3, 88, 31, 104, 67, 107, 104, 89, 127, 6, -119, 6, -124, -4, -128, -14, -128, -12, -128, -10, -128, -14, -128, -10, -128, -19, -128, -25, -115, -35, -111, -50, -95, -67, -83, -88, -64, -111, -56, -128, -59, -128, -47, -128, -37, -128, -19, -128, -8, -128, -5, -128, 6, -128, -14, -128, -15, -128, -24, -128, -49]",esp32_1
CSI_DATA,146448,2025-08-27 15:37:43.959,0,bend,00:00:00:00:00:00,-42,11,0,0,0,0,0,0,0,0,0,-97,0,1,0,1135168827,0,14,0,0,0,104,0,"[0, 0, 114, -128, 114, -128, 116, -128, 114, -128, 106, -128, 97, -128, 89, -128, 80, -128, 72, -128, 65, -128, 61, -128, 59, -128, 55, -111, 48, -67, 36, -23, 19, 20, -3, 56, -30, 83, -60, 100, -85, 107, -106, 107, -120, 100, -125, 85, -123, 67, -120, 52, -128, 127, -128, 127, -128, 127, -128, 127, -128, 127, -128, 122, -108, 91, -67, 67, -21, 51, 30, 43, 80, 43, 121, 48, 127, 57, 127, 69, 127, 78, 127, 81, 127, 77, 127, 62, 127, 34, 127, -2, 117, -47, 102, -101, 94, -128, 91, -128, 93, -128, 97, -128]",esp32_2
CSI_DATA,146449,2025-08-27 15:37:43.981,0,bend,00:00:00:00:00:00,-42,11,0,0,0,0,0,0,0,0,0,-97,0,1,0,1135172174,0,14,0,0,0,104,0,"[0, 0, -128, 127, -128, 127, -128, 127, -128, 127, -128, 127, -128, 127, -128, 127, -128, 127, -128, 127, -128, 109, -128, 87, -128, 63, -117, 38, -81, 14, -42, -9, -1, -26, 39, -36, 76, -38, 109, -32, 127, -22, 127, -8, 127, 8, 127, 23, 127, 36, 122, 44, 127, -63, 127, -43, 127, -18, 127, 2, 127, 16, 127, 24, 127, 20, 92, 5, 48, -20, 9, -52, -22, -88, -44, -122, -57, -128, -65, -128, -69, -128, -70, -128, -70, -128, -73, -128, -79, -128, -92, -99, -113, -54, -128, -7, -128, 39, -128, 81, -128, 113, -128, 127]",esp32_2
CSI_DATA,146450,2025-08-27 15:37:44.003,0,bend,00:00:00:00:00:00,-42,11,0,0,0,0,0,0,0,0,0,-97,0,1,0,1135172866,0,14,0,0,0,104,0,"[0, 0, -128, 127, -128, 127, -128, 127, -128, 127, -128, 127, -128, 127, -128, 127, -128, 127, -128, 127, -122, 127, -110, 127, -96, 110, -79, 76, -61, 41, -37, 8, -10, -21, 19, -44, 48, -58, 77, -66, 100, -66, 117, -60, 125, -49, 127, -34, 122, -19, 114, -9, 127, -128, 127, -128, 127, -128, 127, -113, 127, -89, 127, -66, 112, -49, 71, -41, 27, -39, -17, -46, -58, -61, -90, -77, -114, -93, -128, -110, -128, -121, -128, -125, -128, -120, -128, -104, -124, -76, -116, -37, -111, 8, -114, 55, -124, 103, -128, 127, -128, 127, -128, 127]",esp32_2
CSI_DATA,146451,2025-08-27 15:37:44.025,0,bend,00:00:00:00:00:00,-42,11,0,0,0,0,0,0,0,0,0,-97,0,1,0,1135173204,0,14,0,0,0,104,0,"[0, 0, 127, 127, 127, 127, 127, 127, 127, 127, 127, 127, 127, 127, 127, 127, 127, 127, 127, 127, 127, 127, 116, 127, 87, 125, 58, 101, 27, 75, -3, 46, -30, 14, -50, -19, -62, -51, -67, -81, -65, -106, -57, -124, -44, -128, -29, -128, -16, -124, -6, -116, -64, -128, -45, -128, -21, -128, -3, -128, 12, -128, 20, -128, 18, -128, 7, -86, -12, -45, -40, -6, -71, 26, -101, 50, -128, 65, -128, 75, -128, 81, -128, 83, -128, 82, -128, 82, -109, 84, -71, 89, -26, 101, 22, 122, 67, 127, 109, 127, 127, 127, 127, 127]",esp32_2
CSI_DATA,146452,2025-08-27 15:37:44.046,0,bend,00:00:00:00:00:00,-42,11,0,0,0,0,0,0,0,0,0,-97,0,1,0,1135173488,0,14,0,0,0,104,0,"[0, 0, 127, 14, 127, 13, 127, 14, 127, 11, 127, 4, 127, -1, 127, -4, 127, -7, 127, -7, 127, -3, 127, 5, 127, 13, 114, 20, 74, 27, 33, 31, -9, 30, -47, 24, -80, 11, -106, -7, -123, -26, -128, -43, -127, -58, -118, -68, -105, -74, -93, -75, -128, -122, -128, -128, -128, -128, -128, -128, -128, -128, -114, -128, -86, -99, -61, -62, -43, -19, -32, 27, -28, 72, -30, 110, -35, 127, -42, 127, -48, 127, -50, 127, -46, 127, -32, 127, -9, 127, 21, 114, 61, 87, 109, 64, 127, 48, 127, 36, 127, 30, 127, 29]",esp32_2
CSI_DATA,143222,2025-08-27 15:37:44.051,0,bend,00:00:00:00:00:00,-65,11,0,0,0,0,0,0,0,0,0,-97,0,1,0,4275248438,0,14,0,0,0,104,0,"[0, 0, 127, -128, 127, -128, 127, -118, 104, -115, 72, -108, 37, -113, 15, -119, -10, -128, -17, -128, -23, -128, -18, -128, -6, -128, 6, -128, 32, -128, 42, -128, 50, -98, 55, -63, 42, -29, 28, 0, -2, 22, -32, 36, -64, 43, -87, 32, -116, 23, -120, -3, 70, 55, 76, 58, 76, 57, 81, 56, 86, 58, 92, 59, 87, 56, 89, 56, 87, 48, 86, 40, 81, 29, 78, 16, 83, -2, 88, -23, 90, -42, 87, -62, 92, -75, 98, -101, 110, -126, 118, -128, 123, -128, 127, -128, 127, -128, 127, -128, 127, -128, 127, -128]",esp32_1
CSI_DATA,146453,2025-08-27 15:37:44.073,0,bend,00:00:00:00:00:00,-42,11,0,0,0,0,0,0,0,0,0,-97,0,1,0,1135176119,0,14,0,0,0,104,0,"[0, 0, 127, -128, 127, -128, 127, -128, 127, -128, 127, -128, 127, -128, 127, -128, 127, -128, 127, -128, 127, -128, 127, -128, 118, -128, 98, -88, 77, -46, 51, -6, 20, 30, -12, 60, -46, 79, -80, 91, -109, 93, -128, 89, -128, 77, -128, 59, -128, 41, -128, 29, -128, 112, -128, 90, -128, 61, -128, 37, -128, 18, -128, 4, -128, -1, -97, 5, -47, 20, 0, 44, 41, 74, 73, 103, 95, 127, 111, 127, 120, 127, 120, 127, 116, 127, 115, 127, 115, 101, 116, 57, 123, 4, 127, -53, 127, -108, 127, -128, 127, -128, 127, -128]",esp32_2
CSI_DATA,143223,2025-08-27 15:37:44.084,0,bend,00:00:00:00:00:00,-65,11,0,0,0,0,0,0,0,0,0,-97,0,1,0,4275258478,0,14,0,0,0,104,0,"[0, 0, 127, -128, 127, -128, 107, -128, 89, -128, 51, -120, 24, -119, 0, -123, -27, -128, -34, -128, -43, -128, -40, -128, -31, -128, -14, -128, 11, -128, 24, -128, 31, -107, 42, -74, 35, -33, 25, 0, 3, 24, -25, 38, -60, 48, -85, 46, -106, 39, -121, 16, 77, 47, 82, 45, 85, 46, 90, 48, 92, 47, 94, 47, 94, 45, 94, 46, 96, 40, 94, 27, 83, 20, 80, 4, 83, -14, 84, -37, 82, -51, 76, -70, 79, -89, 84, -115, 86, -128, 94, -128, 98, -128, 109, -128, 118, -128, 127, -128, 127, -128, 127, -128]",esp32_1
CSI_DATA,146454,2025-08-27 15:37:44.094,0,bend,00:00:00:00:00:00,-42,11,0,0,0,0,0,0,0,0,0,-97,0,1,0,1135177759,0,14,0,73,80,104,0,"[0, 0, 127, 127, 127, 127, 127, 127, 127, 127, 127, 127, 127, 127, 127, 127, 127, 127, 127, 127, 127, 116, 127, 106, 119, 94, 82, 80, 44, 64, 7, 43, -27, 19, -55, -8, -75, -37, -89, -66, -93, -90, -89, -109, -79, -121, -66, -124, -52, -121, -40, -117, -124, -128, -105, -128, -80, -128, -57, -128, -37, -128, -21, -128, -12, -128, -12, -87, -22, -41, -40, 3, -62, 43, -85, 74, -106, 95, -125, 110, -128, 119, -128, 121, -128, 119, -113, 115, -82, 110, -43, 107, 4, 108, 55, 117, 107, 127, 127, 127, 127, 127, 127, 127]",esp32_2
CSI_DATA,143224,2025-08-27 15:37:44.116,0,bend,00:00:00:00:00:00,-65,11,0,0,0,0,0,0,0,0,0,-97,0,1,0,4275268437,0,14,0,0,0,104,0,"[0, 0, 127, 127, 127, 127, 127, 127, 127, 81, 127, 50, 127, 12, 127, -20, 127, -44, 127, -68, 127, -77, 127, -80, 127, -53, 127, -39, 127, -12, 127, 15, 127, 38, 94, 46, 43, 47, 9, 23, -29, -1, -57, -31, -74, -69, -75, -97, -67, -128, -38, -128, -52, 107, -52, 115, -38, 120, -38, 127, -38, 127, -42, 127, -35, 127, -43, 127, -31, 125, -17, 118, 0, 122, 14, 107, 26, 92, 54, 91, 78, 84, 102, 97, 127, 95, 127, 93, 127, 84, 127, 92, 127, 97, 127, 102, 127, 127, 127, 127, 127, 127, 127, 127]",esp32_1
CSI_DATA,146455,2025-08-27 15:37:44.118,0,bend,00:00:00:00:00:00,-42,11,0,0,0,0,0,0,0,0,0,-97,0,1,0,1135215762,0,14,0,162,-103,104,0,"[0, 0, -128, 75, -128, 77, -128, 80, -128, 81, -128, 80, -128, 78, -128, 77, -128, 75, -128, 69, -128, 59, -128, 46, -128, 29, -127, 11, -86, -7, -43, -21, 1, -30, 43, -32, 82, -27, 114, -14, 127, 2, 127, 17, 127, 33, 127, 46, 127, 56, 116, 62, 127, 52, 127, 70, 127, 88, 127, 99, 127, 102, 127, 96, 118, 75, 81, 43, 50, 4, 26, -41, 9, -87, 0, -126, -3, -128, -1, -128, 1, -128, 1, -128, -2, -128, -10, -128, -26, -128, -52, -116, -86, -78, -128, -43, -128, -9, -128, 21, -128, 44, -128, 54]",esp32_2
CSI_DATA,146456,2025-08-27 15:37:44.142,0,bend,00:00:00:00:00:00,-42,11,0,0,0,0,0,0,0,0,0,-97,0,1,0,1135236427,0,14,0,0,0,104,0,"[0, 0, -128, -128, -128, -128, -128, -128, -128, -128, -128, -128, -128, -128, -128, -128, -128, -128, -128, -128, -128, -128, -128, -128, -105, -128, -71, -108, -35, -81, -2, -50, 27, -14, 50, 23, 63, 59, 67, 93, 64, 119, 54, 127, 40, 127, 23, 127, 8, 127, -3, 127, 62, 127, 41, 127, 14, 127, -6, 127, -19, 127, -26, 127, -23, 127, -10, 91, 14, 46, 45, 5, 79, -29, 111, -53, 127, -70, 127, -79, 127, -84, 127, -85, 127, -85, 127, -87, 124, -91, 83, -96, 35, -111, -16, -128, -66, -128, -112, -128, -128, -128, -128, -128]",esp32_2
CSI_DATA,143225,2025-08-27 15:37:44.143,0,bend,00:00:00:00:00:00,-65,11,0,0,0,0,0,0,0,0,0,-97,0,1,0,4275278493,0,14,0,0,0,104,0,"[0, 0, 127, 97, 127, 83, 127, 76, 127, 38, 127, 14, 125, -18, 126, -48, 127, -68, 127, -87, 127, -101, 127, -106, 127, -90, 127, -73, 127, -45, 127, -23, 124, 4, 91, 20, 46, 25, 10, 24, -26, 7, -60, -14, -74, -43, -82, -73, -82, -106, -60, -127, -28, 100, -23, 106, -18, 108, -16, 115, -16, 119, -14, 119, -11, 120, -12, 119, -8, 113, 2, 101, 16, 102, 29, 92, 44, 74, 63, 69, 80, 62, 105, 57, 124, 57, 127, 56, 127, 45, 127, 44, 127, 41, 127, 43, 127, 57, 127, 56, 127, 68, 127, 93]",esp32_1
CSI_DATA,146457,2025-08-27 15:37:44.163,0,bend,00:00:00:00:00:00,-42,11,0,0,0,0,0,0,0,0,0,-97,0,1,0,1135256509,0,14,0,0,0,104,0,"[0, 0, -8, -128, -9, -128, -8, -128, -12, -128, -20, -128, -25, -128, -26, -128, -27, -128, -23, -128, -17, -128, -8, -128, 2, -128, 13, -128, 23, -85, 29, -40, 31, 7, 25, 50, 10, 86, -9, 113, -29, 127, -50, 127, -68, 127, -81, 127, -89, 111, -92, 96, -93, 127, -109, 127, -125, 127, -128, 127, -128, 127, -117, 127, -91, 103, -55, 73, -12, 48, 34, 30, 81, 22, 123, 21, 127, 24, 127, 29, 127, 33, 127, 35, 127, 33, 127, 21, 127, -1, 123, -30, 93, -71, 66, -118, 45, -128, 30, -128, 19, -128, 14, -128]",esp32_2
CSI_DATA,143226,2025-08-27 15:37:44.186,0,bend,00:00:00:00:00:00,-65,11,0,0,0,0,0,0,0,0,0,-97,0,1,0,4275288434,0,14,0,0,0,104,0,"[0, 0, -128, 127, -128, 122, -128, 109, -128, 116, -114, 113, -83, 127, -53, 127, -32, 127, -18, 127, -21, 127, -32, 127, -44, 127, -64, 127, -82, 127, -95, 127, -91, 111, -87, 63, -63, 22, -27, -11, 8, -32, 56, -40, 97, -35, 122, -26, 127, -1, 127, 38, -65, -93, -72, -100, -80, -102, -86, -100, -89, -104, -92, -100, -92, -98, -96, -103, -90, -92, -97, -74, -92, -66, -92, -46, -103, -17, -114, 3, -124, 30, -127, 46, -128, 64, -128, 89, -128, 116, -128, 127, -128, 127, -128, 127, -128, 127, -128, 127, -128, 127, -128, 127]",esp32_1
CSI_DATA,143227,2025-08-27 15:37:44.211,0,bend,00:00:00:00:00:00,-65,11,0,0,0,0,0,0,0,0,0,-97,0,1,0,4275298449,0,14,0,0,0,104,0,"[0, 0, 127, 40, 127, 37, 127, 34, 127, 4, 127, -24, 126, -55, 116, -84, 119, -106, 127, -128, 127, -128, 127, -128, 127, -128, 127, -127, 127, -93, 127, -68, 127, -24, 100, 1, 59, 17, 17, 23, -23, 14, -68, 1, -98, -23, -111, -52, -116, -88, -101, -114, -12, 114, -12, 114, -3, 118, 5, 127, 2, 127, 5, 127, 6, 127, 7, 127, 14, 124, 24, 105, 29, 105, 44, 88, 58, 64, 78, 55, 103, 40, 120, 42, 127, 31, 127, 22, 127, 8, 127, -2, 127, -8, 127, -12, 127, -3, 127, 1, 127, 4, 127, 30]",esp32_1
CSI_DATA,143228,2025-08-27 15:37:44.229,0,bend,00:00:00:00:00:00,-66,11,0,0,0,0,0,0,0,0,0,-97,0,1,0,4275308490,0,14,0,0,0,104,0,"[0, 0, 127, 117, 127, 103, 127, 82, 127, 57, 127, 20, 115, -11, 118, -47, 127, -67, 127, -83, 127, -93, 127, -98, 127, -87, 127, -69, 127, -47, 127, -24, 116, 5, 88, 19, 47, 23, 12, 22, -28, 8, -58, -11, -77, -40, -85, -64, -86, -99, -71, -122, -51, 84, -48, 92, -45, 95, -41, 102, -38, 107, -40, 105, -36, 110, -37, 105, -24, 107, -19, 94, -4, 94, 12, 91, 19, 77, 45, 70, 67, 70, 90, 75, 114, 70, 127, 74, 127, 62, 127, 66, 127, 63, 127, 68, 127, 82, 127, 90, 127, 97, 127, 116]",esp32_1
CSI_DATA,146459,2025-08-27 15:37:44.242,0,bend,00:00:00:00:00:00,-42,11,0,0,0,0,0,0,0,0,0,-97,0,1,0,1135257199,0,14,0,0,0,104,0,"[0, 0, -128, -128, -128, -128, -128, -128, -128, -128, -128, -127, -128, -116, -128, -108, -128, -98, -128, -89, -128, -81, -128, -77, -128, -71, -95, -62, -56, -52, -18, -38, 17, -19, 47, 3, 70, 27, 86, 52, 92, 76, 89, 95, 80, 109, 68, 114, 53, 113, 41, 109, 127, 127, 127, 127, 127, 127, 104, 127, 81, 127, 58, 127, 42, 111, 33, 72, 32, 29, 37, -15, 49, -56, 63, -90, 80, -115, 94, -128, 104, -128, 106, -128, 101, -128, 85, -128, 60, -121, 26, -110, -16, -102, -65, -101, -115, -104, -128, -110, -128, -122, -128, -128]",esp32_2
CSI_DATA,143229,2025-08-27 15:37:44.258,0,bend,00:00:00:00:00:00,-69,11,0,0,0,0,0,0,0,0,0,-97,0,1,0,4275319602,0,14,0,0,0,104,0,"[0, 0, 8, -128, 2, -128, -25, -128, -22, -128, -38, -128, -60, -113, -82, -104, -120, -88, -128, -97, -128, -96, -128, -106, -128, -127, -128, -128, -124, -128, -95, -128, -64, -123, -32, -93, -5, -55, 11, -14, 22, 32, 13, 68, -3, 117, -36, 127, -68, 127, -111, 127, 101, 6, 104, 3, 96, 7, 105, 4, 102, 2, 103, -2, 103, 0, 95, -3, 92, -9, 86, -15, 75, -33, 63, -44, 65, -42, 52, -60, 46, -75, 23, -99, 13, -111, 3, -124, 4, -128, 1, -128, -13, -128, -13, -128, -31, -128, -25, -128, -22, -128, -22, -128]",esp32_1
CSI_DATA,146460,2025-08-27 15:37:44.261,0,bend,00:00:00:00:00:00,-42,11,0,0,0,0,0,0,0,0,0,-97,0,1,0,1135257831,0,14,0,0,0,104,0,"[0, 0, -106, 127, -106, 127, -105, 127, -98, 127, -84, 127, -72, 127, -64, 127, -58, 127, -57, 127, -56, 127, -56, 127, -56, 127, -53, 116, -48, 71, -39, 27, -27, -16, -10, -54, 12, -85, 37, -108, 60, -120, 80, -123, 98, -116, 108, -100, 111, -83, 109, -69, 127, -128, 127, -128, 127, -128, 127, -128, 127, -121, 127, -93, 118, -70, 75, -53, 26, -42, -24, -42, -70, -50, -109, -61, -128, -75, -128, -88, -128, -96, -128, -98, -128, -93, -128, -77, -128, -49, -128, -9, -110, 39, -98, 91, -94, 127, -94, 127, -98, 127, -104, 127]",esp32_2
CSI_DATA,143230,2025-08-27 15:37:44.274,0,bend,00:00:00:00:00:00,-65,11,0,0,0,0,0,0,0,0,0,-97,0,1,0,4275330457,0,14,0,0,0,104,0,"[0, 0, -32, -128, -28, -128, -47, -128, -39, -128, -63, -128, -91, -121, -120, -104, -128, -88, -128, -83, -128, -98, -128, -110, -128, -128, -128, -128, -128, -128, -115, -128, -73, -126, -30, -100, -1, -59, 19, -18, 24, 22, 15, 68, -8, 102, -33, 125, -59, 127, -91, 127, 122, -33, 127, -36, 117, -33, 127, -41, 125, -46, 127, -44, 123, -50, 123, -46, 117, -53, 115, -55, 88, -69, 72, -77, 62, -78, 44, -104, 29, -122, 0, -128, -15, -128, -32, -128, -47, -128, -59, -128, -76, -128, -84, -128, -93, -128, -81, -128, -86, -128, -78, -128]",esp32_1
CSI_DATA,146461,2025-08-27 15:37:44.290,0,bend,00:00:00:00:00:00,-42,11,0,0,0,0,0,0,0,0,0,-97,0,1,0,1135258142,0,14,0,0,0,104,0,"[0, 0, -128, -128, -128, -128, -128, -128, -128, -128, -128, -128, -128, -128, -128, -128, -128, -128, -128, -128, -128, -128, -128, -128, -123, -118, -85, -97, -45, -74, -8, -47, 24, -15, 50, 18, 67, 52, 76, 84, 76, 110, 68, 127, 56, 127, 41, 127, 27, 127, 16, 127, 127, 127, 113, 127, 85, 127, 60, 127, 39, 127, 23, 127, 15, 127, 18, 92, 29, 43, 49, -4, 74, -46, 100, -78, 125, -100, 127, -116, 127, -125, 127, -126, 127, -122, 127, -118, 107, -115, 66, -113, 16, -117, -39, -128, -93, -128, -128, -128, -128, -128, -128, -128]",esp32_2
CSI_DATA,143231,2025-08-27 15:37:44.305,0,bend,00:00:00:00:00:00,-65,11,0,0,0,0,0,0,0,0,0,-97,0,1,0,4275346274,0,14,0,0,0,104,0,"[0, 0, -106, 127, -93, 127, -58, 127, -47, 127, -15, 127, 15, 127, 45, 125, 73, 127, 92, 127, 96, 127, 99, 127, 91, 127, 73, 127, 43, 127, 19, 127, 0, 118, -25, 87, -30, 42, -24, 6, -3, -32, 22, -55, 47, -72, 77, -77, 101, -76, 127, -60, -101, -20, -105, -23, -106, -27, -111, -17, -112, -19, -118, -20, -114, -17, -117, -19, -110, -12, -106, -2, -97, 11, -85, 22, -86, 37, -79, 62, -70, 79, -53, 100, -56, 120, -57, 127, -53, 127, -48, 127, -51, 127, -54, 127, -55, 127, -69, 127, -78, 127, -82, 127]",esp32_1
CSI_DATA,146462,2025-08-27 15:37:44.316,0,bend,00:00:00:00:00:00,-42,11,0,0,0,0,0,0,0,0,0,-97,0,1,0,1135258498,0,14,0,0,0,104,0,"[0, 0, -128, 127, -128, 127, -128, 127, -128, 127, -128, 127, -128, 127, -128, 127, -128, 127, -128, 127, -128, 127, -128, 127, -128, 96, -113, 63, -82, 30, -48, 0, -11, -26, 26, -46, 63, -57, 98, -59, 124, -53, 127, -43, 127, -29, 127, -13, 127, 2, 127, 12, 127, -90, 127, -70, 127, -43, 127, -22, 127, -5, 127, 7, 127, 9, 93, -2, 48, -22, 6, -50, -30, -82, -58, -113, -76, -128, -88, -128, -94, -128, -95, -128, -94, -128, -93, -128, -95, -128, -100, -85, -113, -36, -128, 14, -128, 64, -128, 113, -128, 127, -128, 127]",esp32_2
CSI_DATA,143232,2025-08-27 15:37:44.326,0,bend,00:00:00:00:00:00,-65,11,0,0,0,0,0,0,0,0,0,-97,0,1,0,4275358930,0,14,0,0,0,104,0,"[0, 0, 4, 127, -1, 127, 22, 127, 24, 127, 41, 127, 65, 115, 92, 99, 120, 93, 127, 93, 127, 101, 127, 121, 127, 127, 127, 127, 96, 127, 72, 127, 39, 116, 11, 84, -9, 45, -13, 14, -16, -27, 1, -59, 22, -81, 46, -97, 76, -108, 104, -95, -100, 32, -103, 34, -103, 29, -107, 39, -107, 37, -115, 41, -108, 39, -110, 40, -104, 42, -95, 49, -77, 54, -59, 63, -54, 69, -38, 87, -28, 96, -12, 119, 5, 127, 17, 127, 27, 127, 41, 127, 45, 127, 50, 127, 61, 127, 58, 127, 49, 127, 44, 127]",esp32_1
CSI_DATA,143233,2025-08-27 15:37:44.339,0,bend,00:00:00:00:00:00,-65,11,0,0,0,0,0,0,0,0,0,-97,0,1,0,4275359232,0,14,0,0,0,104,0,"[0, 0, 103, -128, 95, -128, 69, -128, 52, -128, 23, -128, -11, -128, -35, -128, -69, -128, -84, -128, -93, -128, -88, -128, -77, -128, -66, -128, -31, -128, -8, -128, 9, -120, 24, -83, 27, -46, 22, -8, 2, 28, -27, 49, -53, 69, -82, 69, -111, 66, -128, 44, 103, 22, 101, 18, 104, 25, 106, 18, 114, 19, 117, 21, 112, 16, 116, 15, 111, 14, 108, 0, 89, -9, 81, -21, 84, -35, 80, -53, 67, -76, 60, -96, 55, -119, 51, -128, 56, -128, 55, -128, 57, -128, 62, -128, 65, -128, 76, -128, 89, -128, 99, -128]",esp32_1
CSI_DATA,146463,2025-08-27 15:37:44.339,0,bend,00:00:00:00:00:00,-42,11,0,0,0,0,0,0,0,0,0,-97,0,1,0,1135259109,0,14,0,0,0,104,0,"[0, 0, 127, -105, 127, -108, 127, -108, 127, -106, 127, -102, 127, -98, 127, -94, 127, -89, 127, -82, 127, -70, 127, -53, 127, -32, 127, -12, 87, 6, 44, 20, -2, 30, -44, 31, -82, 21, -113, 6, -128, -10, -128, -27, -128, -43, -128, -58, -123, -69, -109, -74, -128, 18, -128, -3, -128, -28, -128, -46, -128, -55, -128, -57, -128, -47, -91, -25, -53, 7, -21, 47, 4, 88, 20, 125, 28, 127, 31, 127, 30, 127, 27, 127, 27, 127, 33, 127, 45, 127, 63, 113, 91, 73, 127, 33, 127, -4, 127, -38, 127, -65, 127, -80]",esp32_2
CSI_DATA,146464,2025-08-27 15:37:44.360,0,bend,00:00:00:00:00:00,-42,11,0,0,0,0,0,0,0,0,0,-97,0,1,0,1135259420,0,14,0,0,0,104,0,"[0, 0, -24, 127, -24, 127, -23, 127, -19, 127, -13, 127, -8, 127, -5, 127, -3, 127, -5, 127, -9, 127, -15, 127, -22, 127, -27, 112, -31, 72, -30, 31, -24, -10, -14, -46, 2, -76, 22, -98, 42, -112, 61, -117, 76, -113, 86, -101, 90, -84, 89, -70, 79, -128, 95, -128, 110, -128, 117, -128, 115, -128, 103, -127, 79, -95, 48, -68, 9, -46, -33, -31, -75, -24, -111, -24, -128, -29, -128, -35, -128, -40, -128, -43, -128, -41, -128, -30, -128, -9, -118, 20, -92, 55, -69, 98, -51, 127, -39, 127, -32, 127, -28, 127]",esp32_2
CSI_DATA,143234,2025-08-27 15:37:44.372,0,bend,00:00:00:00:00:00,-66,11,0,0,0,0,0,0,0,0,0,-97,0,1,0,4275372994,0,14,0,0,0,104,0,"[0, 0, -121, -128, -101, -128, -107, -128, -89, -128, -97, -90, -106, -66, -120, -45, -128, -30, -128, -29, -128, -26, -128, -34, -128, -49, -128, -55, -128, -76, -124, -87, -86, -86, -50, -65, -18, -45, 3, -15, 15, 16, 24, 52, 14, 83, -1, 104, -25, 127, -52, 127, 76, -76, 76, -80, 69, -81, 70, -83, 76, -88, 76, -86, 73, -86, 69, -90, 63, -87, 59, -85, 40, -88, 26, -88, 14, -83, -5, -89, -25, -99, -53, -115, -68, -121, -87, -128, -100, -128, -123, -128, -128, -128, -128, -128, -128, -128, -128, -128, -128, -128, -128, -128]",esp32_1
CSI_DATA,146465,2025-08-27 15:37:44.384,0,bend,00:00:00:00:00:00,-42,11,0,0,0,0,0,0,0,0,0,-97,0,1,0,1135259740,0,14,0,0,0,104,0,"[0, 0, 127, 127, 127, 127, 127, 127, 127, 127, 127, 127, 127, 127, 127, 127, 127, 118, 127, 108, 127, 100, 127, 94, 127, 86, 103, 75, 61, 62, 20, 45, -20, 23, -53, -3, -78, -34, -93, -66, -97, -93, -94, -114, -85, -128, -70, -128, -53, -128, -39, -125, -128, -128, -128, -128, -128, -128, -128, -128, -105, -128, -79, -128, -58, -128, -46, -83, -43, -33, -49, 18, -61, 66, -76, 103, -95, 127, -113, 127, -124, 127, -128, 127, -124, 127, -105, 127, -75, 127, -37, 125, 13, 115, 70, 113, 127, 118, 127, 127, 127, 127, 127, 127]",esp32_2
CSI_DATA,143235,2025-08-27 15:37:44.393,0,bend,00:00:00:00:00:00,-66,11,0,0,0,0,0,0,0,0,0,-97,0,1,0,4275398406,0,14,0,0,0,104,0,"[0, 0, 41, 127, 38, 127, 53, 127, 50, 127, 57, 124, 80, 101, 99, 87, 127, 86, 127, 78, 127, 86, 127, 98, 127, 108, 127, 115, 118, 123, 83, 114, 51, 106, 23, 76, -3, 45, -16, 11, -12, -26, -6, -56, 15, -84, 35, -97, 64, -117, 91, -104, -95, 51, -96, 53, -96, 52, -97, 55, -105, 59, -101, 59, -100, 57, -100, 55, -91, 60, -87, 58, -68, 65, -51, 73, -37, 72, -26, 85, -7, 95, 18, 117, 24, 127, 40, 127, 49, 127, 62, 127, 72, 127, 85, 127, 99, 127, 91, 127, 86, 127, 82, 127]",esp32_1
CSI_DATA,146466,2025-08-27 15:37:44.404,0,bend,00:00:00:00:00:00,-42,11,0,0,0,0,0,0,0,0,0,-97,0,1,0,1135292740,0,14,0,47,113,104,0,"[0, 0, 102, 127, 103, 127, 103, 127, 101, 127, 97, 127, 93, 127, 90, 127, 86, 127, 82, 127, 72, 127, 57, 127, 39, 127, 19, 116, 1, 81, -13, 42, -22, 3, -25, -34, -20, -68, -9, -97, 5, -117, 20, -128, 34, -128, 44, -123, 52, -109, 57, -97, -16, -128, 4, -128, 26, -128, 41, -128, 50, -128, 50, -128, 40, -119, 20, -82, -9, -48, -45, -19, -83, 4, -118, 19, -128, 25, -128, 26, -128, 25, -128, 24, -128, 23, -128, 27, -128, 37, -112, 52, -74, 77, -36, 110, 0, 127, 32, 127, 58, 127, 73, 127]",esp32_2
CSI_DATA,143236,2025-08-27 15:37:44.415,0,bend,00:00:00:00:00:00,-65,11,0,0,0,0,0,0,0,0,0,-97,0,1,0,4275435695,0,14,0,0,0,104,0,"[0, 0, -128, 49, -128, 42, -128, 39, -128, 53, -117, 64, -97, 85, -86, 106, -81, 121, -79, 127, -84, 127, -92, 127, -108, 127, -115, 127, -122, 104, -119, 80, -96, 51, -77, 19, -49, -1, -13, -11, 22, -9, 56, -2, 77, 16, 95, 38, 98, 66, 91, 93, -43, -83, -42, -90, -56, -94, -55, -99, -55, -95, -54, -100, -55, -92, -54, -95, -55, -93, -56, -76, -61, -68, -68, -57, -75, -38, -88, -22, -102, -7, -110, 4, -125, 13, -128, 32, -128, 48, -128, 59, -128, 70, -128, 82, -128, 79, -128, 89, -128, 91, -128, 68]",esp32_1
CSI_DATA,146467,2025-08-27 15:37:44.426,0,bend,00:00:00:00:00:00,-41,11,0,0,0,0,0,0,0,0,0,-97,0,1,0,1135342894,0,14,0,187,-96,104,0,"[0, 0, -128, 127, -128, 127, -128, 127, -128, 127, -128, 127, -128, 127, -128, 127, -128, 127, -128, 127, -128, 127, -128, 127, -128, 127, -115, 90, -87, 52, -55, 15, -19, -18, 19, -43, 57, -58, 95, -63, 124, -62, 127, -53, 127, -37, 127, -17, 127, 1, 127, 13, 127, -128, 127, -128, 127, -128, 127, -100, 127, -75, 127, -52, 127, -38, 96, -36, 44, -43, -7, -60, -53, -85, -87, -111, -112, -128, -128, -128, -128, -128, -128, -128, -128, -128, -128, -128, -128, -125, -124, -78, -126, -25, -128, 32, -128, 92, -128, 127, -128, 127, -128, 127]",esp32_2
CSI_DATA,143237,2025-08-27 15:37:44.439,0,bend,00:00:00:00:00:00,-66,11,0,0,0,0,0,0,0,0,0,-97,0,1,0,4275482708,0,14,0,0,0,104,0,"[0, 0, -45, 127, -36, 127, -19, 127, -7, 127, 19, 127, 42, 121, 69, 115, 101, 115, 116, 120, 127, 127, 123, 127, 113, 127, 100, 127, 63, 127, 42, 127, 19, 120, -9, 80, -21, 44, -18, 6, -5, -35, 17, -60, 45, -81, 67, -87, 92, -91, 117, -76, -104, 4, -104, 7, -107, 0, -113, 4, -114, 3, -119, 2, -115, 4, -115, 2, -103, 10, -99, 16, -82, 26, -72, 38, -72, 51, -58, 67, -50, 84, -38, 106, -29, 125, -18, 127, -19, 127, -9, 127, -5, 127, -1, 127, 2, 127, -9, 127, -15, 127, -23, 127]",esp32_1
CSI_DATA,146468,2025-08-27 15:37:44.451,0,bend,00:00:00:00:00:00,-42,11,0,0,0,0,0,0,0,0,0,-97,0,1,0,1135357704,0,14,0,0,0,104,0,"[0, 0, 127, 127, 127, 127, 127, 127, 127, 127, 127, 127, 127, 127, 127, 127, 127, 127, 127, 127, 127, 127, 127, 127, 117, 124, 81, 102, 45, 76, 10, 46, -20, 13, -43, -22, -57, -58, -62, -93, -59, -120, -48, -128, -33, -128, -17, -128, -1, -128, 10, -128, -128, -128, -128, -128, -117, -128, -90, -128, -66, -128, -47, -128, -35, -128, -32, -88, -38, -40, -54, 9, -75, 52, -100, 84, -125, 108, -128, 124, -128, 127, -128, 127, -128, 127, -128, 124, -115, 117, -74, 112, -25, 113, 29, 124, 82, 127, 127, 127, 127, 127, 127, 127]",esp32_2
CSI_DATA,143238,2025-08-27 15:37:44.461,0,bend,00:00:00:00:00:00,-66,11,0,0,0,0,0,0,0,0,0,-97,0,1,0,4275508048,0,14,0,0,0,104,0,"[0, 0, 127, -128, 127, -128, 113, -128, 92, -128, 58, -128, 24, -128, 3, -128, -30, -128, -35, -128, -43, -128, -32, -128, -18, -128, -11, -128, 9, -128, 29, -128, 37, -107, 39, -68, 37, -28, 16, 6, -2, 27, -37, 47, -73, 51, -102, 43, -120, 36, -128, 12, 89, 51, 85, 52, 91, 55, 91, 52, 94, 62, 97, 58, 98, 56, 94, 56, 87, 48, 90, 39, 79, 22, 75, 3, 76, -13, 80, -32, 77, -54, 77, -78, 81, -96, 95, -120, 92, -128, 103, -128, 110, -128, 114, -128, 127, -128, 127, -128, 127, -128, 127, -128]",esp32_1
CSI_DATA,146469,2025-08-27 15:37:44.472,0,bend,00:00:00:00:00:00,-42,11,0,0,0,0,0,0,0,0,0,-97,0,1,0,1135358087,0,14,0,0,0,104,0,"[0, 0, -128, 127, -128, 127, -128, 127, -128, 127, -128, 127, -128, 127, -128, 127, -124, 127, -114, 127, -105, 127, -97, 127, -88, 126, -76, 91, -61, 54, -41, 18, -16, -14, 10, -41, 38, -61, 67, -72, 90, -74, 108, -69, 120, -58, 124, -43, 122, -27, 115, -16, 127, -128, 127, -128, 127, -128, 127, -113, 127, -89, 127, -66, 112, -49, 72, -41, 28, -39, -16, -46, -57, -60, -89, -76, -114, -94, -128, -111, -128, -123, -128, -127, -128, -123, -128, -107, -123, -81, -113, -46, -105, -2, -103, 46, -109, 95, -119, 127, -128, 127, -128, 127]",esp32_2
CSI_DATA,143239,2025-08-27 15:37:44.483,0,bend,00:00:00:00:00:00,-65,11,0,0,0,0,0,0,0,0,0,-97,0,1,0,4275550060,0,14,0,0,0,104,0,"[0, 0, 127, -110, 127, -89, 127, -84, 127, -97, 127, -106, 94, -125, 71, -128, 60, -128, 58, -128, 63, -128, 66, -128, 88, -128, 97, -128, 115, -128, 118, -128, 106, -87, 90, -46, 62, -13, 18, 13, -22, 23, -69, 24, -111, 14, -128, -7, -128, -36, -128, -69, 48, 102, 52, 105, 58, 114, 58, 117, 61, 126, 63, 123, 63, 115, 63, 113, 63, 110, 62, 89, 63, 80, 70, 63, 86, 37, 97, 13, 111, -6, 122, -24, 127, -39, 127, -66, 127, -90, 127, -105, 127, -122, 127, -128, 127, -128, 127, -128, 127, -128, 127, -128]",esp32_1
CSI_DATA,146470,2025-08-27 15:37:44.494,0,bend,00:00:00:00:00:00,-42,11,0,0,0,0,0,0,0,0,0,-97,0,1,0,1135463593,0,14,0,0,0,104,0,"[0, 0, -128, 25, -128, 24, -128, 20, -128, 21, -128, 25, -128, 26, -128, 27, -128, 27, -128, 24, -128, 17, -128, 8, -128, -2, -128, -11, -89, -18, -46, -19, -3, -15, 34, -6, 64, 10, 89, 30, 103, 50, 108, 69, 104, 84, 93, 95, 78, 100, 64, 100, 127, -2, 127, 16, 127, 37, 127, 51, 127, 58, 127, 57, 115, 44, 83, 19, 53, -13, 28, -50, 11, -90, 2, -127, 1, -128, 3, -128, 7, -128, 10, -128, 11, -128, 5, -128, -7, -128, -26, -128, -55, -97, -93, -68, -128, -41, -128, -18, -128, -3, -128, 2]",esp32_2
CSI_DATA,143240,2025-08-27 15:37:44.504,0,bend,00:00:00:00:00:00,-66,11,0,0,0,0,0,0,0,0,0,-97,0,1,0,4275568444,0,14,0,0,0,104,0,"[0, 0, 127, -33, 127, -28, 127, -28, 127, -50, 127, -69, 95, -91, 84, -111, 72, -125, 85, -128, 93, -128, 102, -128, 108, -128, 109, -128, 119, -120, 122, -92, 100, -58, 87, -24, 53, 1, 13, 15, -24, 25, -56, 20, -95, -3, -114, -23, -122, -50, -117, -75, 3, 97, 9, 98, 10, 110, 14, 114, 13, 115, 18, 117, 20, 116, 22, 112, 18, 102, 24, 84, 27, 83, 41, 67, 55, 45, 69, 32, 86, 20, 103, 10, 119, 2, 127, -13, 127, -39, 127, -52, 127, -65, 127, -74, 127, -57, 127, -57, 127, -52, 127, -37]",esp32_1
CSI_DATA,146471,2025-08-27 15:37:44.515,0,bend,00:00:00:00:00:00,-42,11,0,0,0,0,0,0,0,0,0,-97,0,1,0,1135464073,0,14,0,0,0,104,0,"[0, 0, 127, -108, 127, -109, 127, -112, 127, -112, 127, -109, 127, -106, 127, -102, 127, -98, 127, -92, 127, -82, 127, -65, 127, -44, 127, -23, 99, -3, 54, 11, 7, 18, -38, 18, -76, 8, -108, -8, -128, -28, -128, -46, -128, -63, -128, -78, -117, -88, -103, -93, -128, 53, -128, 31, -128, 4, -128, -16, -128, -29, -128, -33, -128, -26, -95, -7, -55, 23, -19, 60, 10, 101, 29, 127, 38, 127, 40, 127, 38, 127, 34, 127, 30, 127, 33, 127, 42, 127, 57, 127, 82, 93, 116, 50, 127, 8, 127, -32, 127, -63, 127, -79]",esp32_2
CSI_DATA,143241,2025-08-27 15:37:44.526,0,bend,00:00:00:00:00:00,-65,11,0,0,0,0,0,0,0,0,0,-97,0,1,0,4275614980,0,14,0,0,0,104,0,"[0, 0, 73, 127, 73, 127, 76, 127, 75, 127, 87, 116, 103, 89, 126, 76, 127, 67, 127, 60, 127, 60, 127, 75, 127, 91, 127, 99, 127, 111, 110, 107, 73, 97, 35, 78, 11, 49, -11, 7, -19, -27, -20, -60, -8, -93, 21, -116, 44, -128, 76, -128, -98, 51, -101, 52, -98, 52, -98, 54, -103, 55, -107, 58, -103, 61, -103, 58, -94, 58, -85, 57, -63, 65, -47, 73, -38, 69, -20, 81, -1, 94, 16, 114, 37, 127, 56, 127, 70, 127, 83, 127, 97, 127, 114, 127, 127, 127, 121, 127, 117, 127, 115, 127]",esp32_1
CSI_DATA,146472,2025-08-27 15:37:44.542,0,bend,00:00:00:00:00:00,-42,11,0,0,0,0,0,0,0,0,0,-97,0,1,0,1135465216,0,14,0,0,0,104,0,"[0, 0, -128, 127, -128, 127, -128, 127, -125, 127, -115, 127, -106, 127, -98, 127, -92, 127, -88, 127, -84, 127, -80, 127, -75, 127, -67, 107, -55, 68, -38, 29, -17, -7, 7, -37, 36, -57, 66, -70, 90, -76, 109, -73, 123, -63, 127, -46, 124, -29, 117, -16, 126, -128, 127, -128, 127, -128, 127, -128, 127, -128, 123, -104, 94, -79, 58, -61, 16, -51, -30, -49, -74, -54, -110, -63, -128, -76, -128, -91, -128, -100, -128, -105, -128, -104, -128, -93, -128, -70, -128, -38, -113, 3, -104, 50, -101, 101, -103, 127, -108, 127, -113, 127]",esp32_2
CSI_DATA,143242,2025-08-27 15:37:44.548,0,bend,00:00:00:00:00:00,-65,11,0,0,0,0,0,0,0,0,0,-97,0,1,0,4275647095,0,14,0,196,105,104,0,"[0, 0, -92, -128, -81, -128, -93, -128, -85, -128, -95, -103, -113, -71, -128, -51, -128, -32, -128, -27, -128, -30, -128, -41, -128, -52, -128, -59, -128, -74, -127, -81, -89, -88, -51, -71, -10, -50, 18, -21, 33, 18, 43, 43, 46, 85, 31, 112, 11, 127, -14, 127, 99, -25, 105, -28, 98, -30, 104, -39, 109, -37, 111, -36, 107, -38, 107, -35, 96, -40, 87, -42, 67, -50, 47, -55, 36, -58, 17, -72, -2, -81, -26, -109, -43, -121, -61, -128, -80, -128, -93, -128, -111, -128, -123, -128, -128, -128, -128, -128, -128, -128, -128, -128]",esp32_1
CSI_DATA,146473,2025-08-27 15:37:44.559,0,bend,00:00:00:00:00:00,-42,11,0,0,0,0,0,0,0,0,0,-97,0,1,0,1135465545,0,14,0,0,0,104,0,"[0, 0, -128, -128, -128, -128, -128, -128, -128, -128, -128, -128, -128, -128, -128, -128, -128, -128, -128, -128, -128, -128, -128, -122, -123, -108, -90, -89, -56, -69, -23, -44, 8, -15, 32, 15, 47, 47, 53, 78, 52, 103, 43, 121, 27, 127, 10, 127, -4, 125, -14, 116, 127, 127, 127, 127, 127, 127, 124, 127, 99, 127, 75, 127, 59, 108, 49, 69, 47, 25, 53, -20, 68, -61, 84, -93, 102, -117, 120, -128, 127, -128, 127, -128, 127, -128, 122, -128, 98, -125, 62, -116, 18, -110, -29, -110, -77, -118, -124, -128, -128, -128, -128, -128]",esp32_2
CSI_DATA,143243,2025-08-27 15:37:44.573,0,bend,00:00:00:00:00:00,-65,11,0,0,0,0,0,0,0,0,0,-97,0,1,0,4275647497,0,14,0,0,0,104,0,"[0, 0, 127, 30, 127, 22, 127, 16, 127, -1, 127, -31, 127, -71, 127, -102, 127, -116, 127, -128, 127, -128, 127, -128, 127, -128, 127, -121, 127, -93, 127, -62, 127, -18, 94, 10, 44, 22, 16, 22, -30, 1, -72, -7, -109, -46, -119, -73, -116, -116, -94, -128, 3, 125, 5, 123, 0, 127, 11, 127, 11, 127, 16, 127, 16, 127, 1, 127, 14, 124, 22, 112, 19, 105, 45, 73, 42, 75, 91, 38, 114, 34, 123, 50, 127, 38, 127, 17, 127, -15, 127, 10, 127, -24, 127, -29, 127, -10, 127, -14, 127, 6, 127, 14]",esp32_1
CSI_DATA,146474,2025-08-27 15:37:44.589,0,bend,00:00:00:00:00:00,-41,11,0,0,0,0,0,0,0,0,0,-97,0,1,0,1135497598,0,14,0,0,0,104,0,"[0, 0, -128, 109, -128, 110, -128, 107, -128, 107, -128, 107, -128, 102, -128, 96, -128, 90, -128, 81, -128, 69, -128, 54, -128, 37, -128, 19, -93, 3, -50, -7, -5, -12, 36, -11, 71, -1, 99, 16, 117, 35, 125, 54, 123, 70, 114, 85, 99, 94, 85, 97, 127, -93, 127, -74, 127, -49, 127, -27, 127, -10, 127, 1, 127, 1, 87, -10, 46, -31, 11, -59, -18, -93, -38, -125, -50, -128, -56, -128, -58, -128, -56, -128, -54, -128, -55, -128, -61, -128, -72, -123, -90, -81, -117, -41, -128, -6, -128, 26, -128, 54, -128, 70]",esp32_2
CSI_DATA,143244,2025-08-27 15:37:44.591,0,bend,00:00:00:00:00:00,-66,11,0,0,0,0,0,0,0,0,0,-97,0,1,0,4275684018,0,14,0,0,0,104,0,"[0, 0, -128, 73, -128, 67, -128, 57, -128, 70, -108, 89, -82, 105, -64, 120, -52, 127, -51, 127, -58, 127, -63, 127, -80, 127, -89, 127, -100, 127, -104, 108, -93, 75, -81, 41, -52, 8, -22, -13, 21, -24, 56, -28, 98, -20, 117, -2, 127, 26, 127, 54, -21, -91, -24, -95, -33, -108, -31, -105, -40, -113, -34, -108, -36, -107, -37, -108, -40, -104, -46, -92, -41, -79, -53, -66, -60, -42, -82, -23, -91, -7, -106, 5, -121, 19, -128, 36, -128, 58, -128, 77, -128, 91, -128, 102, -128, 101, -128, 108, -128, 109, -128, 88]",esp32_1
CSI_DATA,143245,2025-08-27 15:37:44.612,0,bend,00:00:00:00:00:00,-66,11,0,0,0,0,0,0,0,0,0,-97,0,1,0,4275718735,0,14,0,0,0,104,0,"[0, 0, 49, -128, 39, -128, 14, -128, 4, -128, -21, -128, -51, -121, -74, -117, -112, -120, -123, -125, -128, -128, -128, -128, -128, -128, -116, -128, -86, -128, -56, -128, -23, -112, -1, -84, 15, -44, 19, -11, 14, 32, 3, 62, -23, 86, -47, 100, -80, 115, -108, 107, 96, 26, 103, 26, 103, 22, 107, 15, 111, 22, 115, 22, 108, 21, 107, 23, 104, 8, 98, 9, 84, -10, 75, -23, 63, -21, 56, -47, 49, -70, 32, -104, 32, -126, 21, -128, 17, -128, 16, -128, 13, -128, 12, -128, 13, -128, 19, -128, 33, -128, 37, -128]",esp32_1
CSI_DATA,146475,2025-08-27 15:37:44.612,0,bend,00:00:00:00:00:00,-42,11,0,0,0,0,0,0,0,0,0,-97,0,1,0,1135527181,0,14,0,0,0,104,0,"[0, 0, -128, 116, -128, 118, -128, 117, -128, 117, -128, 117, -128, 113, -128, 108, -128, 102, -128, 91, -128, 77, -128, 61, -128, 44, -125, 27, -88, 10, -49, -3, -6, -8, 34, -7, 67, 2, 95, 17, 114, 34, 122, 53, 120, 71, 110, 85, 95, 94, 80, 96, 127, -107, 127, -89, 127, -64, 127, -42, 127, -25, 127, -13, 119, -11, 80, -18, 40, -35, 4, -60, -25, -91, -45, -120, -57, -128, -64, -128, -68, -128, -67, -128, -64, -128, -64, -128, -67, -128, -74, -118, -90, -79, -113, -40, -128, -5, -128, 28, -128, 55, -128, 72]",esp32_2
CSI_DATA,143246,2025-08-27 15:37:44.637,0,bend,00:00:00:00:00:00,-65,11,0,0,0,0,0,0,0,0,0,-97,0,1,0,4275755727,0,14,0,0,0,104,0,"[0, 0, -70, -128, -64, -128, -77, -128, -74, -128, -82, -113, -108, -84, -121, -65, -128, -51, -128, -44, -128, -47, -128, -59, -128, -74, -128, -84, -128, -94, -127, -97, -87, -95, -39, -73, -15, -54, 11, -17, 26, 16, 35, 55, 29, 92, 12, 116, -14, 127, -42, 127, 103, -21, 101, -24, 103, -28, 106, -32, 111, -36, 114, -34, 112, -33, 111, -34, 105, -41, 94, -35, 77, -49, 58, -58, 47, -59, 33, -74, 12, -84, -10, -112, -28, -123, -44, -128, -62, -128, -75, -128, -90, -128, -101, -128, -118, -128, -113, -128, -110, -128, -111, -128]",esp32_1
CSI_DATA,146476,2025-08-27 15:37:44.645,0,bend,00:00:00:00:00:00,-42,11,0,0,0,0,0,0,0,0,0,-97,0,1,0,1135558561,0,14,0,0,0,104,0,"[0, 0, -33, 127, -33, 127, -29, 127, -26, 127, -23, 127, -18, 127, -14, 127, -13, 127, -14, 127, -17, 127, -23, 127, -29, 127, -33, 127, -33, 96, -27, 49, -16, 3, 2, -37, 28, -68, 56, -90, 81, -102, 103, -105, 121, -99, 127, -84, 127, -64, 127, -48, 30, -128, 50, -128, 71, -128, 83, -128, 88, -128, 80, -128, 59, -124, 28, -91, -10, -62, -55, -40, -100, -27, -128, -22, -128, -25, -128, -33, -128, -39, -128, -44, -128, -45, -128, -38, -128, -22, -128, 4, -128, 41, -101, 84, -76, 127, -56, 127, -40, 127, -31, 127]",esp32_2
CSI_DATA,143247,2025-08-27 15:37:44.662,0,bend,00:00:00:00:00:00,-65,11,0,0,0,0,0,0,0,0,0,-97,0,1,0,4275780725,0,14,0,0,0,104,0,"[0, 0, -1, 127, 8, 127, 19, 127, 33, 127, 67, 125, 83, 99, 109, 85, 127, 88, 127, 85, 127, 97, 127, 113, 127, 127, 127, 127, 124, 127, 101, 127, 54, 104, 24, 91, 1, 48, -16, 17, -26, -28, -26, -59, -13, -94, 18, -117, 48, -128, 75, -128, -100, -29, -107, -17, -105, -10, -114, -12, -117, -9, -120, -12, -115, -5, -115, 0, -111, 10, -93, 5, -95, 16, -81, 28, -70, 30, -50, 52, -39, 77, -34, 103, -24, 127, -12, 127, 7, 127, 21, 127, 37, 127, 41, 127, 32, 127, 19, 127, 14, 127, 12, 127]",esp32_1
CSI_DATA,146477,2025-08-27 15:37:44.676,0,bend,00:00:00:00:00:00,-42,11,0,0,0,0,0,0,0,0,0,-97,0,1,0,1135585572,0,14,0,0,0,104,0,"[0, 0, -128, 127, -128, 127, -128, 127, -128, 127, -121, 127, -113, 127, -107, 127, -104, 127, -100, 127, -94, 127, -91, 127, -84, 127, -74, 126, -61, 83, -41, 41, -15, 2, 17, -29, 51, -50, 86, -61, 114, -62, 127, -56, 127, -43, 127, -24, 127, -4, 127, 9, 61, -128, 81, -128, 100, -128, 110, -128, 111, -128, 100, -128, 74, -115, 40, -87, -3, -65, -52, -51, -98, -47, -128, -50, -128, -60, -128, -72, -128, -83, -128, -90, -128, -92, -128, -85, -128, -65, -128, -33, -128, 7, -124, 55, -113, 110, -107, 127, -104, 127, -105, 127]",esp32_2
CSI_DATA,143248,2025-08-27 15:37:44.687,0,bend,00:00:00:00:00:00,-66,11,0,0,0,0,0,0,0,0,0,-97,0,1,0,4275810587,0,14,0,0,0,104,0,"[0, 0, 127, 127, 127, 127, 127, 127, 122, 120, 124, 77, 127, 46, 127, 14, 127, -1, 127, -12, 127, -19, 127, -9, 127, 13, 127, 23, 127, 47, 127, 61, 113, 72, 72, 64, 30, 50, -9, 25, -40, -9, -52, -48, -58, -86, -51, -116, -39, -128, -5, -128, -91, 63, -99, 64, -90, 70, -93, 73, -98, 78, -104, 76, -100, 79, -100, 75, -92, 78, -78, 70, -62, 80, -42, 82, -28, 76, -1, 86, 19, 92, 43, 110, 69, 114, 99, 127, 118, 127, 127, 127, 127, 127, 127, 127, 127, 127, 127, 127, 127, 127, 127, 127]",esp32_1
CSI_DATA,146478,2025-08-27 15:37:44.699,0,bend,00:00:00:00:00:00,-41,11,0,0,0,0,0,0,0,0,0,-97,0,1,0,1135608788,0,14,0,0,0,104,0,"[0, 0, -128, 25, -128, 26, -128, 22, -128, 23, -128, 25, -128, 25, -128, 24, -128, 23, -128, 18, -128, 11, -128, 1, -128, -7, -128, -12, -99, -15, -54, -13, -11, -5, 27, 8, 59, 28, 83, 55, 94, 79, 95, 99, 87, 118, 73, 127, 56, 127, 41, 127, 127, -63, 127, -43, 127, -19, 127, 0, 127, 14, 127, 19, 127, 12, 91, -5, 55, -31, 24, -66, 3, -106, -11, -128, -18, -128, -19, -128, -17, -128, -14, -128, -11, -128, -12, -128, -20, -128, -36, -128, -62, -121, -96, -88, -128, -60, -128, -34, -128, -16, -128, -7]",esp32_2
CSI_DATA,143249,2025-08-27 15:37:44.710,0,bend,00:00:00:00:00:00,-66,11,0,0,0,0,0,0,0,0,0,-97,0,1,0,4275841554,0,14,0,0,0,104,0,"[0, 0, -128, -128, -128, -128, -128, -114, -128, -81, -126, -43, -126, -16, -128, 12, -128, 33, -128, 44, -128, 50, -128, 48, -128, 37, -128, 23, -128, -2, -128, -19, -114, -39, -80, -43, -33, -39, 0, -26, 33, -1, 58, 26, 72, 60, 71, 89, 59, 125, 39, 127, 76, -63, 76, -66, 66, -73, 69, -80, 79, -85, 78, -88, 78, -82, 74, -86, 69, -85, 62, -79, 40, -79, 35, -81, 14, -68, -6, -72, -34, -77, -55, -86, -79, -94, -109, -102, -128, -104, -128, -106, -128, -123, -128, -126, -128, -128, -128, -128, -128, -128, -128, -128]",esp32_1
CSI_DATA,143250,2025-08-27 15:37:44.732,0,bend,00:00:00:00:00:00,-66,11,0,0,0,0,0,0,0,0,0,-97,0,1,0,4275866334,0,14,0,0,0,104,0,"[0, 0, -28, -128, -28, -128, -43, -128, -42, -128, -63, -122, -86, -104, -108, -88, -128, -75, -128, -77, -128, -79, -128, -90, -128, -106, -128, -116, -128, -121, -97, -118, -60, -102, -22, -85, 0, -51, 21, -17, 23, 25, 24, 56, 7, 94, -9, 115, -37, 127, -66, 127, 98, -10, 103, -10, 97, -10, 103, -19, 114, -21, 114, -17, 114, -19, 110, -18, 107, -23, 96, -25, 81, -30, 67, -42, 60, -46, 42, -63, 26, -81, 7, -102, -7, -123, -18, -128, -30, -128, -41, -128, -58, -128, -61, -128, -71, -128, -67, -128, -61, -128, -58, -128]",esp32_1
CSI_DATA,143251,2025-08-27 15:37:44.754,0,bend,00:00:00:00:00:00,-66,11,0,0,0,0,0,0,0,0,0,-97,0,1,0,4275907100,0,14,0,0,0,104,0,"[0, 0, -128, 127, -128, 127, -127, 119, -96, 124, -68, 125, -32, 125, -6, 127, 14, 127, 23, 127, 28, 127, 27, 127, 16, 127, 1, 127, -27, 127, -39, 127, -51, 107, -60, 71, -48, 26, -26, -8, -7, -34, 31, -58, 70, -66, 95, -64, 125, -54, 127, -29, -47, -76, -58, -79, -57, -91, -68, -94, -67, -91, -71, -90, -72, -91, -70, -93, -66, -91, -66, -71, -63, -61, -65, -45, -71, -14, -75, -2, -84, 22, -87, 39, -96, 62, -111, 85, -127, 108, -128, 127, -128, 127, -128, 127, -128, 127, -128, 127, -128, 127, -128, 127]",esp32_1
CSI_DATA,143252,2025-08-27 15:37:44.779,0,bend,00:00:00:00:00:00,-66,11,0,0,0,0,0,0,0,0,0,-97,0,1,0,4275966023,0,14,0,0,0,104,0,"[0, 0, -128, -77, -128, -68, -128, -49, -128, -8, -128, 16, -128, 57, -128, 86, -128, 117, -128, 127, -128, 127, -128, 127, -128, 127, -128, 127, -128, 91, -128, 63, -128, 26, -105, -4, -62, -27, -16, -35, 35, -30, 77, -21, 110, 2, 127, 36, 127, 73, 127, 107, 61, -92, 60, -97, 53, -106, 55, -114, 59, -121, 61, -118, 54, -116, 58, -119, 45, -117, 37, -102, 19, -101, 4, -93, -17, -74, -39, -71, -71, -64, -93, -68, -113, -67, -128, -60, -128, -47, -128, -50, -128, -52, -128, -49, -128, -61, -128, -62, -128, -68, -128, -85]",esp32_1
CSI_DATA,143253,2025-08-27 15:37:44.795,0,bend,00:00:00:00:00:00,-65,11,0,0,0,0,0,0,0,0,0,-97,0,1,0,4275966397,0,14,0,0,0,104,0,"[0, 0, 127, -128, 121, -128, 95, -128, 73, -128, 42, -128, 7, -124, -16, -128, -44, -128, -53, -128, -55, -128, -53, -128, -44, -128, -27, -128, -2, -128, 14, -128, 26, -112, 45, -76, 38, -32, 27, -1, 4, 32, -25, 53, -57, 67, -82, 65, -110, 65, -128, 42, 67, 55, 71, 60, 73, 62, 83, 63, 84, 67, 85, 71, 88, 67, 84, 64, 82, 62, 80, 48, 72, 39, 68, 22, 74, 3, 78, -18, 75, -37, 70, -58, 75, -79, 82, -105, 93, -128, 93, -128, 98, -128, 109, -128, 124, -128, 127, -128, 127, -128, 127, -128]",esp32_1
CSI_DATA,146480,2025-08-27 15:37:44.795,0,bend,00:00:00:00:00:00,-41,11,0,0,0,0,0,0,0,0,0,-97,0,1,0,1135668575,0,14,0,0,0,104,0,"[0, 0, 1, 127, 1, 127, -1, 127, -2, 127, -2, 127, -3, 127, -3, 127, -4, 127, -7, 127, -12, 127, -18, 127, -22, 127, -24, 118, -23, 81, -15, 44, -4, 8, 13, -22, 36, -45, 61, -60, 84, -66, 103, -64, 118, -55, 122, -40, 120, -24, 116, -12, -82, -128, -63, -128, -40, -128, -22, -128, -7, -128, 0, -128, -1, -110, -12, -77, -33, -45, -61, -18, -93, 4, -123, 17, -128, 23, -128, 23, -128, 21, -128, 18, -128, 14, -128, 14, -128, 18, -128, 29, -113, 49, -86, 77, -61, 112, -39, 127, -23, 127, -16, 127]",esp32_2
CSI_DATA,143254,2025-08-27 15:37:44.815,0,bend,00:00:00:00:00:00,-65,11,0,0,0,0,0,0,0,0,0,-97,0,1,0,4276000361,0,14,0,0,0,104,0,"[0, 0, -128, -128, -128, -128, -118, -125, -115, -88, -119, -58, -118, -30, -128, -1, -128, 3, -128, 23, -128, 24, -128, 26, -128, 13, -128, 1, -128, -31, -128, -43, -99, -49, -68, -54, -34, -42, -2, -24, 33, -1, 53, 26, 64, 61, 63, 87, 50, 119, 29, 127, 78, -42, 81, -48, 82, -57, 86, -61, 90, -64, 90, -62, 84, -65, 88, -68, 84, -65, 69, -64, 56, -66, 38, -65, 22, -69, 1, -74, -23, -80, -34, -93, -48, -96, -77, -114, -105, -114, -116, -123, -128, -128, -128, -128, -128, -128, -128, -128, -128, -128, -128, -128]",esp32_1
CSI_DATA,146481,2025-08-27 15:37:44.815,0,bend,00:00:00:00:00:00,-41,11,0,0,0,0,0,0,0,0,0,-97,0,1,0,1135703232,0,14,0,0,0,104,0,"[0, 0, 127, 127, 127, 127, 127, 127, 127, 127, 127, 127, 127, 127, 127, 127, 127, 127, 127, 127, 127, 127, 127, 127, 120, 127, 90, 106, 60, 77, 34, 43, 13, 5, 1, -33, -1, -69, 7, -101, 22, -125, 40, -128, 58, -128, 72, -128, 83, -119, 89, -104, -128, -21, -128, -41, -128, -62, -128, -75, -128, -79, -128, -72, -113, -52, -88, -21, -69, 16, -57, 59, -54, 102, -59, 127, -71, 127, -87, 127, -100, 127, -109, 127, -114, 127, -108, 127, -91, 127, -64, 127, -28, 127, 15, 127, 62, 127, 110, 127, 127, 127, 127, 127]",esp32_2
CSI_DATA,143255,2025-08-27 15:37:44.845,0,bend,00:00:00:00:00:00,-66,11,0,0,0,0,0,0,0,0,0,-97,0,1,0,4276026188,0,14,0,0,0,104,0,"[0, 0, -128, 65, -128, 63, -128, 51, -128, 72, -105, 82, -82, 101, -66, 122, -56, 127, -57, 127, -56, 127, -65, 127, -79, 127, -88, 127, -104, 127, -108, 118, -98, 73, -80, 37, -57, 4, -26, -19, 11, -30, 55, -36, 92, -25, 112, -9, 127, 17, 127, 42, -19, -89, -24, -92, -31, -102, -34, -107, -33, -106, -35, -115, -36, -111, -34, -110, -36, -104, -42, -90, -42, -82, -47, -69, -62, -43, -74, -29, -90, -15, -99, 0, -111, 16, -128, 28, -128, 54, -128, 66, -128, 83, -128, 93, -128, 94, -128, 105, -128, 108, -128, 85]",esp32_1
CSI_DATA,146482,2025-08-27 15:37:44.847,0,bend,00:00:00:00:00:00,-41,11,0,0,0,0,0,0,0,0,0,-97,0,1,0,1135740578,0,14,0,0,0,104,0,"[0, 0, -128, -128, -128, -128, -128, -128, -128, -128, -128, -128, -128, -128, -128, -128, -122, -128, -113, -128, -98, -128, -78, -128, -56, -128, -40, -128, -25, -100, -12, -57, -7, -11, -11, 30, -24, 64, -43, 92, -64, 111, -88, 118, -108, 116, -120, 104, -124, 85, -126, 69, 127, 127, 127, 127, 127, 127, 119, 127, 95, 127, 73, 127, 59, 109, 55, 69, 61, 26, 77, -18, 99, -56, 124, -85, 127, -104, 127, -117, 127, -124, 127, -124, 127, -120, 127, -115, 127, -110, 127, -108, 99, -116, 57, -128, 15, -128, -25, -128, -57, -128, -76, -128]",esp32_2
CSI_DATA,146483,2025-08-27 15:37:44.879,0,bend,00:00:00:00:00:00,-41,11,0,0,0,0,0,0,0,0,0,-97,0,1,0,1135778652,0,14,0,0,0,104,0,"[0, 0, -128, 127, -128, 127, -128, 127, -128, 127, -128, 127, -128, 127, -128, 127, -128, 127, -128, 127, -128, 127, -128, 127, -125, 110, -103, 80, -76, 53, -42, 31, -4, 14, 33, 7, 67, 10, 98, 21, 118, 37, 127, 55, 127, 71, 122, 85, 106, 96, 90, 101, 5, -128, 25, -128, 46, -128, 59, -128, 63, -128, 58, -128, 42, -106, 14, -81, -21, -62, -61, -51, -101, -47, -128, -51, -128, -60, -128, -75, -128, -90, -128, -100, -128, -104, -128, -100, -128, -86, -128, -63, -128, -31, -128, 8, -128, 52, -128, 98, -128, 127, -128, 127]",esp32_2
CSI_DATA,143257,2025-08-27 15:37:44.900,0,bend,00:00:00:00:00:00,-66,11,0,0,0,0,0,0,0,0,0,-97,0,1,0,4276111757,0,14,0,0,0,104,0,"[0, 0, -11, -128, -16, -128, -32, -128, -38, -128, -61, -128, -85, -117, -114, -102, -128, -92, -128, -93, -128, -96, -128, -111, -128, -123, -128, -128, -128, -128, -102, -128, -64, -128, -22, -102, 6, -62, 25, -25, 35, 20, 28, 56, 6, 110, -14, 126, -44, 127, -76, 127, 110, -6, 114, -5, 110, -5, 122, -13, 126, -14, 127, -12, 127, -12, 127, -8, 121, -18, 116, -21, 95, -35, 80, -47, 69, -54, 55, -75, 43, -91, 22, -117, 1, -128, -2, -128, -20, -128, -22, -128, -40, -128, -48, -128, -63, -128, -53, -128, -55, -128, -43, -128]",esp32_1
CSI_DATA,146484,2025-08-27 15:37:44.905,0,bend,00:00:00:00:00:00,-41,11,0,0,0,0,0,0,0,0,0,-97,0,1,0,1135823647,0,14,0,0,0,104,0,"[0, 0, 127, 53, 127, 53, 127, 53, 127, 54, 127, 55, 127, 55, 127, 55, 127, 54, 127, 53, 127, 52, 127, 54, 127, 54, 127, 48, 96, 36, 55, 17, 18, -8, -11, -38, -27, -73, -33, -108, -29, -128, -18, -128, -1, -128, 18, -128, 36, -128, 50, -128, -128, 127, -128, 120, -128, 93, -128, 68, -128, 47, -128, 34, -121, 31, -82, 40, -44, 61, -9, 90, 20, 126, 37, 127, 44, 127, 45, 127, 41, 127, 36, 127, 30, 127, 27, 127, 30, 127, 40, 127, 61, 127, 92, 127, 127, 105, 127, 81, 127, 64, 127, 57]",esp32_2
CSI_DATA,143258,2025-08-27 15:37:44.921,0,bend,00:00:00:00:00:00,-66,11,0,0,0,0,0,0,0,0,0,-97,0,1,0,4276134484,0,14,0,0,0,104,0,"[0, 0, -2, -128, 0, -128, -14, -128, -21, -128, -24, -128, -57, -113, -78, -104, -115, -99, -128, -106, -128, -89, -128, -112, -128, -121, -123, -128, -117, -128, -70, -127, -43, -128, -9, -84, 18, -57, 27, -18, 24, 20, 9, 56, -9, 95, -34, 108, -64, 121, -93, 109, 99, -26, 95, -18, 110, -19, 97, -25, 115, -26, 103, -22, 113, -15, 115, -8, 112, -15, 106, -27, 79, -37, 65, -50, 58, -53, 44, -68, 37, -73, 17, -114, -1, -113, -8, -128, -12, -128, -14, -128, -15, -128, -28, -128, -47, -128, -56, -128, -48, -128, -32, -128]",esp32_1
CSI_DATA,146485,2025-08-27 15:37:44.932,0,bend,00:00:00:00:00:00,-41,11,0,0,0,0,0,0,0,0,0,-97,0,1,0,1135848006,0,14,0,0,0,104,0,"[0, 0, -128, 7, -128, 7, -128, 2, -128, 0, -128, 1, -128, 0, -128, -3, -128, -6, -128, -11, -128, -16, -128, -21, -128, -25, -128, -24, -96, -18, -55, -7, -16, 11, 15, 35, 35, 65, 46, 95, 47, 121, 38, 127, 21, 127, 2, 127, -18, 127, -33, 127, 127, -128, 127, -128, 127, -125, 127, -100, 127, -78, 127, -61, 98, -52, 61, -53, 22, -65, -13, -85, -42, -112, -62, -128, -74, -128, -81, -128, -81, -128, -78, -128, -72, -128, -69, -128, -69, -128, -74, -128, -88, -128, -110, -105, -128, -78, -128, -53, -128, -34, -128, -25]",esp32_2
CSI_DATA,143259,2025-08-27 15:37:44.943,0,bend,00:00:00:00:00:00,-65,11,0,0,0,0,0,0,0,0,0,-97,0,1,0,4276174682,0,14,0,0,0,104,0,"[0, 0, 127, 127, 127, 127, 127, 105, 127, 68, 127, 43, 127, 5, 127, -22, 127, -46, 127, -63, 127, -74, 127, -71, 127, -51, 127, -33, 127, -11, 127, 15, 127, 36, 93, 43, 39, 42, 1, 27, -30, 7, -62, -22, -79, -56, -81, -84, -73, -118, -49, -128, -68, 80, -64, 86, -59, 92, -63, 101, -66, 104, -69, 106, -67, 103, -66, 101, -59, 100, -49, 95, -30, 99, -12, 93, -2, 79, 20, 82, 40, 79, 67, 94, 91, 99, 116, 102, 127, 100, 127, 102, 127, 105, 127, 115, 127, 127, 127, 127, 127, 127, 127, 127]",esp32_1
CSI_DATA,146486,2025-08-27 15:37:44.966,0,bend,00:00:00:00:00:00,-41,11,0,0,0,0,0,0,0,0,0,-97,0,1,0,1135873378,0,14,0,0,0,104,0,"[0, 0, 117, -128, 120, -128, 125, -128, 127, -128, 127, -128, 125, -128, 123, -128, 118, -128, 111, -128, 102, -128, 94, -128, 85, -128, 71, -117, 52, -82, 25, -50, -7, -21, -41, -3, -76, 0, -108, -4, -128, -15, -128, -31, -128, -46, -128, -62, -128, -77, -120, -87, 99, 127, 76, 127, 48, 127, 28, 127, 14, 127, 7, 127, 10, 110, 27, 77, 54, 46, 87, 20, 123, 1, 127, -8, 127, -8, 127, -2, 127, 6, 127, 13, 127, 20, 127, 22, 127, 15, 127, 2, 127, -21, 127, -56, 127, -96, 118, -128, 112, -128, 112, -128]",esp32_2
CSI_DATA,143260,2025-08-27 15:37:44.969,0,bend,00:00:00:00:00:00,-65,11,0,0,0,0,0,0,0,0,0,-97,0,1,0,4276198555,0,14,0,0,0,104,0,"[0, 0, -128, 114, -128, 98, -128, 89, -125, 98, -93, 102, -69, 120, -47, 127, -36, 127, -27, 127, -24, 127, -29, 127, -50, 127, -58, 127, -83, 127, -88, 127, -84, 94, -84, 54, -63, 17, -32, -12, 0, -31, 40, -43, 81, -43, 107, -27, 127, -9, 127, 22, -43, -86, -52, -86, -55, -98, -56, -95, -62, -105, -66, -102, -67, -100, -64, -107, -62, -98, -64, -85, -63, -73, -68, -54, -72, -29, -87, -14, -96, 5, -103, 24, -111, 40, -128, 61, -128, 78, -128, 100, -128, 116, -128, 127, -128, 127, -128, 127, -128, 127, -128, 127]",esp32_1
CSI_DATA,143261,2025-08-27 15:37:44.987,0,bend,00:00:00:00:00:00,-66,11,0,0,0,0,0,0,0,0,0,-97,0,1,0,4276224240,0,14,0,0,0,104,0,"[0, 0, 127, 82, 127, 66, 127, 54, 127, 22, 125, -5, 115, -38, 109, -66, 119, -83, 127, -104, 127, -118, 127, -121, 127, -103, 127, -92, 127, -60, 127, -37, 117, -5, 94, 19, 51, 29, 11, 32, -25, 23, -59, 0, -91, -21, -98, -45, -100, -78, -88, -110, -43, 78, -42, 86, -37, 91, -40, 100, -39, 99, -38, 108, -40, 105, -39, 111, -32, 106, -22, 92, -9, 93, 3, 86, 19, 73, 39, 67, 56, 64, 69, 63, 97, 68, 117, 61, 127, 51, 127, 55, 127, 51, 127, 51, 127, 65, 127, 54, 127, 61, 127, 88]",esp32_1
CSI_DATA,143262,2025-08-27 15:37:45.017,0,bend,00:00:00:00:00:00,-65,11,0,0,0,0,0,0,0,0,0,-97,0,1,0,4276258829,0,14,0,0,0,104,0,"[0, 0, -128, -105, -128, -92, -128, -70, -128, -48, -126, -11, -121, 14, -124, 39, -128, 57, -128, 76, -128, 85, -128, 87, -128, 72, -128, 58, -128, 32, -128, 8, -121, -15, -87, -33, -47, -37, -11, -32, 27, -18, 55, 4, 75, 31, 81, 56, 79, 89, 64, 108, 51, -76, 51, -83, 46, -92, 45, -98, 47, -99, 50, -104, 45, -100, 46, -101, 39, -93, 34, -89, 20, -90, 4, -81, -13, -69, -31, -69, -49, -66, -69, -76, -92, -78, -116, -76, -128, -72, -128, -71, -128, -70, -128, -83, -128, -88, -128, -92, -128, -104, -128, -114]",esp32_1
CSI_DATA,143263,2025-08-27 15:37:45.037,0,bend,00:00:00:00:00:00,-65,11,0,0,0,0,0,0,0,0,0,-97,0,1,0,4276284245,0,14,0,0,0,104,0,"[0, 0, -35, 127, -24, 127, 3, 127, 9, 127, 41, 127, 65, 113, 101, 104, 127, 109, 127, 104, 127, 110, 127, 127, 127, 127, 127, 127, 101, 127, 74, 127, 45, 127, 5, 97, -11, 55, -22, 19, -25, -18, -16, -57, 12, -83, 39, -103, 70, -115, 97, -109, -102, 0, -111, 1, -109, -1, -115, 4, -119, 7, -128, 4, -123, 8, -126, 11, -120, 12, -112, 13, -100, 28, -90, 37, -84, 41, -71, 61, -63, 83, -44, 106, -35, 127, -28, 127, -17, 127, -9, 127, 7, 127, 6, 127, 10, 127, -4, 127, -13, 127, -7, 127]",esp32_1
CSI_DATA,143264,2025-08-27 15:37:45.053,0,bend,00:00:00:00:00:00,-65,11,0,0,0,0,0,0,0,0,0,-97,0,1,0,4276358434,0,14,0,0,0,104,0,"[0, 0, -99, -128, -83, -128, -86, -128, -89, -117, -104, -92, -109, -61, -128, -38, -128, -36, -128, -19, -128, -27, -128, -29, -128, -50, -128, -53, -128, -92, -128, -94, -94, -93, -53, -86, -22, -66, 14, -38, 35, 0, 44, 35, 50, 75, 37, 100, 17, 127, -8, 127, 96, -36, 95, -37, 104, -49, 96, -52, 115, -60, 107, -59, 108, -53, 111, -57, 104, -56, 90, -57, 73, -69, 61, -73, 42, -77, 22, -84, 7, -94, -9, -119, -23, -120, -50, -128, -73, -128, -85, -128, -112, -128, -113, -128, -128, -128, -128, -128, -128, -128, -128, -128]",esp32_1
CSI_DATA,146488,2025-08-27 15:37:45.053,0,bend,00:00:00:00:00:00,-41,11,0,0,0,0,0,0,0,0,0,-97,0,1,0,1135956794,0,14,0,0,0,104,0,"[0, 0, -36, -128, -38, -128, -35, -128, -34, -128, -34, -128, -32, -128, -27, -128, -23, -128, -16, -128, -8, -128, -2, -128, 3, -128, 5, -128, 3, -95, -7, -55, -24, -15, -49, 17, -80, 37, -111, 47, -128, 46, -128, 36, -128, 18, -128, -5, -128, -28, -128, -45, 127, 113, 127, 126, 127, 127, 127, 127, 109, 127, 88, 105, 73, 74, 68, 38, 72, -3, 87, -43, 110, -77, 127, -101, 127, -117, 127, -126, 127, -128, 127, -128, 127, -122, 127, -117, 127, -114, 127, -113, 127, -119, 107, -128, 77, -128, 48, -128, 22, -128, 7, -128]",esp32_2
CSI_DATA,143265,2025-08-27 15:37:45.079,0,bend,00:00:00:00:00:00,-65,11,0,0,0,0,0,0,0,0,0,-97,0,1,0,4276393003,0,14,0,0,0,104,0,"[0, 0, 127, 127, 127, 123, 127, 98, 127, 61, 124, 24, 126, -13, 127, -45, 127, -65, 127, -77, 127, -85, 127, -84, 127, -62, 127, -48, 127, -21, 127, 9, 127, 29, 93, 45, 49, 45, 5, 41, -31, 20, -64, -2, -87, -33, -94, -61, -88, -101, -71, -122, -81, 63, -79, 71, -77, 79, -75, 86, -78, 90, -85, 91, -77, 94, -76, 93, -69, 95, -63, 83, -43, 90, -28, 92, -12, 79, 4, 87, 35, 88, 58, 97, 76, 102, 105, 106, 126, 103, 127, 107, 127, 110, 127, 120, 127, 127, 127, 127, 127, 127, 127, 127]",esp32_1
CSI_DATA,146489,2025-08-27 15:37:45.079,0,bend,00:00:00:00:00:00,-40,11,0,0,0,0,0,0,0,0,0,-97,0,1,0,1135991650,0,14,0,0,0,104,0,"[0, 0, 127, -128, 127, -128, 127, -128, 127, -128, 127, -128, 127, -128, 127, -128, 127, -128, 127, -128, 127, -128, 127, -128, 127, -110, 109, -85, 75, -63, 36, -45, -5, -35, -44, -34, -78, -46, -104, -66, -121, -87, -127, -110, -119, -128, -100, -128, -77, -128, -58, -128, 97, 127, 74, 127, 47, 127, 26, 127, 12, 127, 8, 127, 14, 111, 33, 80, 64, 52, 101, 32, 127, 22, 127, 19, 127, 23, 127, 33, 127, 44, 127, 54, 127, 64, 127, 66, 127, 59, 127, 44, 127, 18, 127, -17, 127, -54, 127, -96, 127, -128, 127, -128]",esp32_2
CSI_DATA,143266,2025-08-27 15:37:45.101,0,bend,00:00:00:00:00:00,-65,11,0,0,0,0,0,0,0,0,0,-97,0,1,0,4276417711,0,14,0,0,0,104,0,"[0, 0, -36, 127, -30, 127, -2, 127, 4, 127, 39, 113, 57, 94, 90, 90, 117, 81, 127, 82, 127, 92, 127, 111, 127, 127, 127, 127, 99, 127, 71, 127, 44, 111, 4, 93, -16, 53, -33, 22, -38, -10, -31, -48, -22, -77, 1, -96, 18, -114, 47, -116, -81, -38, -91, -39, -90, -37, -98, -36, -105, -31, -110, -35, -107, -31, -107, -32, -97, -22, -100, -16, -87, -6, -80, 1, -74, 18, -70, 40, -64, 61, -48, 77, -41, 100, -28, 126, -32, 127, -21, 127, -18, 127, -14, 127, -13, 127, -24, 127, -32, 127, -33, 127]",esp32_1
CSI_DATA,146490,2025-08-27 15:37:45.111,0,bend,00:00:00:00:00:00,-40,11,0,0,0,0,0,0,0,0,0,-97,0,1,0,1136017694,0,14,0,0,0,104,0,"[0, 0, -128, -128, -128, -128, -128, -128, -128, -128, -128, -128, -128, -128, -128, -128, -128, -128, -128, -128, -128, -125, -128, -114, -128, -100, -99, -79, -71, -55, -45, -24, -24, 12, -14, 47, -15, 81, -26, 111, -42, 127, -63, 127, -86, 127, -104, 127, -115, 113, -120, 96, 127, -115, 127, -95, 127, -70, 127, -50, 127, -35, 127, -26, 96, -28, 65, -41, 36, -64, 11, -95, -6, -128, -14, -128, -14, -128, -10, -128, -4, -128, 2, -128, 7, -128, 9, -128, 6, -128, -4, -128, -25, -128, -53, -128, -86, -128, -122, -128, -128, -128, -128, -128]",esp32_2
CSI_DATA,143267,2025-08-27 15:37:45.130,0,bend,00:00:00:00:00:00,-65,11,0,0,0,0,0,0,0,0,0,-97,0,1,0,4276442952,0,14,0,0,0,104,0,"[0, 0, 127, -40, 127, -41, 127, -37, 121, -61, 88, -71, 66, -96, 49, -118, 42, -128, 42, -128, 42, -128, 55, -128, 72, -128, 80, -128, 104, -128, 105, -114, 98, -76, 89, -37, 61, -8, 34, 21, -2, 31, -41, 42, -76, 39, -99, 25, -118, 4, -125, -20, -3, 93, 4, 92, 7, 100, 11, 108, 15, 109, 13, 110, 18, 109, 15, 111, 21, 112, 30, 93, 33, 91, 38, 80, 51, 62, 68, 46, 80, 35, 87, 19, 107, 9, 126, -7, 127, -30, 127, -39, 127, -52, 127, -62, 127, -60, 127, -75, 127, -71, 127, -54]",esp32_1
CSI_DATA,143268,2025-08-27 15:37:45.143,0,bend,00:00:00:00:00:00,-65,11,0,0,0,0,0,0,0,0,0,-97,0,1,0,4276478048,0,14,0,0,0,104,0,"[0, 0, -57, -128, -56, -128, -66, -128, -69, -120, -81, -86, -99, -61, -120, -36, -128, -21, -128, -20, -128, -24, -128, -40, -128, -58, -128, -61, -128, -76, -122, -83, -90, -86, -49, -81, -13, -63, 21, -37, 39, -5, 52, 25, 55, 62, 40, 88, 31, 116, 8, 126, 96, -2, 101, -10, 100, -8, 102, -17, 110, -16, 113, -14, 109, -20, 111, -21, 104, -22, 99, -30, 80, -36, 71, -43, 60, -49, 47, -65, 32, -81, 4, -99, -10, -113, -24, -128, -32, -128, -52, -128, -67, -128, -79, -128, -88, -128, -89, -128, -89, -128, -83, -128]",esp32_1
CSI_DATA,146491,2025-08-27 15:37:45.143,0,bend,00:00:00:00:00:00,-41,11,0,0,0,0,0,0,0,0,0,-97,0,1,0,1136042861,0,14,0,0,0,104,0,"[0, 0, -128, 127, -128, 127, -128, 127, -128, 127, -128, 127, -128, 127, -128, 127, -128, 127, -128, 127, -128, 127, -128, 127, -124, 126, -100, 95, -70, 66, -34, 40, 6, 23, 46, 16, 83, 21, 114, 35, 127, 54, 127, 77, 127, 98, 127, 114, 108, 126, 89, 127, -83, -128, -61, -128, -35, -128, -17, -128, -5, -128, -3, -128, -12, -105, -33, -74, -63, -48, -100, -29, -128, -17, -128, -13, -128, -18, -128, -28, -128, -39, -128, -49, -128, -56, -128, -58, -128, -49, -128, -33, -128, -8, -128, 26, -128, 63, -128, 105, -128, 127, -128, 127]",esp32_2
CSI_DATA,143269,2025-08-27 15:37:45.174,0,bend,00:00:00:00:00:00,-66,11,0,0,0,0,0,0,0,0,0,-97,0,1,0,4276527319,0,14,0,0,0,104,0,"[0, 0, -128, -128, -128, -128, -128, -83, -111, -59, -126, -8, -113, 14, -121, 59, -128, 66, -128, 89, -128, 87, -128, 80, -128, 59, -128, 60, -128, 30, -128, 4, -125, -18, -92, -43, -50, -35, -12, -46, 33, -34, 61, -20, 88, 0, 98, 33, 108, 65, 98, 93, 98, -17, 105, -32, 91, -39, 103, -45, 100, -54, 112, -59, 102, -60, 98, -66, 99, -67, 85, -63, 73, -66, 61, -66, 40, -68, 25, -80, -11, -86, -26, -92, -52, -111, -82, -112, -105, -119, -128, -118, -128, -128, -128, -128, -128, -128, -128, -128, -128, -128, -128, -128]",esp32_1
CSI_DATA,146492,2025-08-27 15:37:45.174,0,bend,00:00:00:00:00:00,-41,11,0,0,0,0,0,0,0,0,0,-97,0,1,0,1136077499,0,14,0,0,0,104,0,"[0, 0, -128, -128, -128, -128, -128, -128, -128, -128, -128, -128, -128, -128, -128, -128, -128, -128, -128, -128, -128, -128, -128, -128, -105, -115, -78, -93, -52, -65, -31, -33, -17, 4, -12, 41, -18, 73, -31, 101, -49, 119, -70, 126, -90, 124, -105, 114, -115, 97, -120, 80, 127, -45, 127, -27, 127, -8, 127, 6, 127, 12, 115, 10, 88, -2, 65, -23, 45, -52, 30, -84, 22, -117, 22, -128, 29, -128, 41, -128, 51, -128, 58, -128, 63, -128, 62, -128, 54, -128, 38, -128, 15, -128, -13, -128, -47, -128, -82, -128, -114, -128, -128, -128]",esp32_2
CSI_DATA,143270,2025-08-27 15:37:45.195,0,bend,00:00:00:00:00:00,-65,11,0,0,0,0,0,0,0,0,0,-97,0,1,0,4276553596,0,14,0,0,0,104,0,"[0, 0, 73, 127, 65, 127, 83, 127, 79, 115, 89, 79, 108, 46, 127, 27, 127, 11, 127, 1, 127, 3, 127, 16, 127, 39, 127, 55, 127, 73, 127, 84, 101, 91, 55, 81, 11, 63, -19, 34, -47, -1, -59, -35, -63, -68, -55, -101, -42, -128, -17, -128, -108, 16, -112, 17, -107, 20, -116, 28, -122, 30, -128, 39, -124, 33, -125, 34, -116, 36, -112, 44, -89, 51, -72, 62, -69, 61, -46, 75, -25, 90, -1, 108, 16, 121, 37, 127, 56, 127, 70, 127, 89, 127, 101, 127, 124, 127, 121, 127, 123, 127, 122, 127]",esp32_1
CSI_DATA,143271,2025-08-27 15:37:45.217,0,bend,00:00:00:00:00:00,-65,11,0,0,0,0,0,0,0,0,0,-97,0,1,0,4276601880,0,14,0,0,0,104,0,"[0, 0, 126, -128, 103, -128, 64, -128, 33, -128, -7, -122, -46, -119, -78, -122, -105, -128, -125, -128, -128, -128, -128, -128, -114, -128, -101, -128, -69, -128, -34, -128, -7, -128, 23, -95, 38, -51, 48, -9, 40, 29, 29, 67, 6, 102, -19, 117, -46, 127, -72, 127, 39, 93, 45, 96, 47, 96, 58, 101, 63, 103, 73, 110, 75, 102, 68, 102, 70, 97, 76, 80, 70, 67, 66, 51, 74, 30, 81, 7, 83, -17, 82, -48, 81, -71, 91, -109, 104, -128, 106, -128, 113, -128, 124, -128, 127, -128, 127, -128, 127, -128, 127, -128]",esp32_1
CSI_DATA,143272,2025-08-27 15:37:45.241,0,bend,00:00:00:00:00:00,-66,11,0,0,0,0,0,0,0,0,0,-97,0,1,0,4276638635,0,14,0,0,0,104,0,"[0, 0, -128, -128, -128, -128, -128, -128, -128, -92, -128, -59, -128, -7, -128, 13, -128, 65, -128, 73, -128, 79, -128, 66, -128, 43, -128, 17, -128, 1, -128, -32, -128, -69, -84, -63, -32, -73, 20, -54, 59, -26, 92, 7, 123, 50, 124, 86, 126, 127, 101, 127, 127, -45, 127, -43, 127, -52, 127, -58, 127, -69, 127, -62, 127, -68, 127, -56, 127, -61, 127, -75, 92, -76, 67, -81, 56, -69, 28, -84, 7, -89, -51, -126, -73, -128, -106, -128, -109, -128, -128, -128, -128, -128, -128, -128, -128, -128, -128, -128, -128, -128, -128, -128]",esp32_1
CSI_DATA,146494,2025-08-27 15:37:45.255,0,bend,00:00:00:00:00:00,-41,11,0,0,0,0,0,0,0,0,0,-97,0,1,0,1136150234,0,14,0,0,0,104,0,"[0, 0, 127, -69, 127, -75, 127, -80, 127, -81, 127, -76, 127, -69, 127, -63, 127, -55, 127, -44, 127, -31, 127, -17, 127, -2, 127, 7, 108, 8, 58, 1, 12, -14, -27, -37, -56, -69, -71, -106, -75, -128, -67, -128, -48, -128, -23, -128, 2, -128, 21, -128, -93, 127, -112, 127, -127, 127, -128, 127, -121, 127, -100, 111, -68, 91, -27, 82, 18, 84, 61, 96, 101, 115, 127, 127, 127, 127, 127, 127, 127, 127, 127, 127, 127, 127, 127, 127, 127, 127, 127, 127, 127, 127, 127, 112, 127, 78, 127, 42, 127, 9, 127, -11]",esp32_2
CSI_DATA,143273,2025-08-27 15:37:45.261,0,bend,00:00:00:00:00:00,-66,11,0,0,0,0,0,0,0,0,0,-97,0,1,0,4276686005,0,14,0,0,0,104,0,"[0, 0, -7, -128, -18, -128, -39, -128, -54, -121, -72, -82, -99, -60, -128, -47, -128, -37, -128, -36, -128, -40, -128, -58, -128, -74, -128, -78, -128, -96, -122, -100, -82, -95, -35, -85, 2, -58, 34, -31, 56, 9, 63, 38, 66, 77, 57, 108, 42, 127, 23, 127, 87, 54, 93, 55, 93, 51, 103, 45, 108, 49, 112, 50, 112, 45, 116, 46, 106, 36, 105, 29, 87, 14, 83, -1, 71, -11, 63, -30, 54, -53, 32, -87, 25, -109, 12, -128, 4, -128, -2, -128, -15, -128, -20, -128, -26, -128, -17, -128, -13, -128, -11, -128]",esp32_1
CSI_DATA,143274,2025-08-27 15:37:45.287,0,bend,00:00:00:00:00:00,-66,11,0,0,0,0,0,0,0,0,0,-97,0,1,0,4276713473,0,14,0,0,0,104,0,"[0, 0, -128, 47, -128, 48, -128, 54, -108, 74, -75, 94, -41, 111, -22, 127, -16, 127, -14, 127, -15, 127, -26, 127, -43, 127, -53, 127, -74, 127, -81, 127, -80, 85, -77, 44, -58, 7, -35, -29, 3, -50, 36, -73, 72, -81, 98, -73, 125, -57, 127, -38, 40, -84, 34, -93, 31, -104, 28, -114, 31, -116, 27, -118, 26, -120, 25, -120, 17, -112, 6, -104, -1, -97, -14, -81, -30, -65, -49, -48, -70, -34, -83, -29, -107, -10, -128, 9, -128, 22, -128, 40, -128, 54, -128, 63, -128, 56, -128, 68, -128, 66, -128, 44]",esp32_1
CSI_DATA,146495,2025-08-27 15:37:45.287,0,bend,00:00:00:00:00:00,-40,11,0,0,0,0,0,0,0,0,0,-97,0,1,0,1136798775,0,14,0,0,0,104,0,"[0, 0, 127, 107, 127, 94, 127, 85, 127, 80, 127, 74, 127, 74, 127, 79, 127, 86, 127, 94, 127, 101, 127, 104, 127, 100, 111, 86, 73, 64, 37, 31, 9, -9, -5, -50, -4, -90, 9, -125, 29, -128, 55, -128, 81, -128, 102, -128, 115, -121, 121, -102, -117, 127, -128, 127, -128, 127, -128, 120, -128, 99, -114, 81, -88, 71, -58, 70, -28, 78, 0, 95, 24, 117, 41, 127, 50, 127, 58, 127, 65, 127, 69, 127, 75, 127, 85, 127, 97, 127, 110, 127, 127, 127, 127, 127, 127, 127, 127, 127, 127, 127, 127, 127]",esp32_2
CSI_DATA,143275,2025-08-27 15:37:45.308,0,bend,00:00:00:00:00:00,-65,11,0,0,0,0,0,0,0,0,0,-97,0,1,0,4276747092,0,14,0,0,0,104,0,"[0, 0, -46, -128, -42, -128, -60, -127, -61, -101, -82, -66, -103, -49, -127, -28, -128, -17, -128, -18, -128, -22, -128, -34, -128, -48, -128, -52, -128, -67, -118, -77, -80, -73, -39, -70, -5, -49, 28, -25, 45, 6, 63, 33, 64, 71, 54, 93, 50, 119, 32, 127, 86, 33, 94, 32, 89, 27, 102, 22, 107, 17, 112, 22, 110, 20, 109, 21, 103, 12, 100, 10, 80, -2, 70, -10, 61, -23, 48, -42, 35, -55, 15, -87, -1, -103, -15, -128, -25, -128, -36, -128, -49, -128, -57, -128, -59, -128, -57, -128, -52, -128, -53, -128]",esp32_1
CSI_DATA,146496,2025-08-27 15:37:45.308,0,bend,00:00:00:00:00:00,-40,11,0,0,0,0,0,0,0,0,0,-97,0,1,0,1136811421,0,14,0,0,0,104,0,"[0, 0, -128, 127, -124, 127, -115, 127, -110, 127, -107, 127, -107, 127, -110, 127, -117, 127, -124, 127, -127, 127, -126, 127, -119, 127, -101, 101, -73, 64, -38, 34, 3, 12, 44, 2, 83, 7, 114, 22, 127, 44, 127, 69, 127, 93, 123, 111, 100, 122, 80, 126, -128, -128, -128, -128, -119, -128, -99, -128, -81, -128, -67, -119, -61, -92, -64, -65, -76, -37, -96, -13, -119, 6, -128, 20, -128, 27, -128, 32, -128, 36, -128, 39, -128, 43, -128, 52, -128, 65, -128, 80, -128, 98, -128, 119, -128, 127, -128, 127, -128, 127, -128, 127]",esp32_2
CSI_DATA,143276,2025-08-27 15:37:45.332,0,bend,00:00:00:00:00:00,-66,11,0,0,0,0,0,0,0,0,0,-97,0,1,0,4276785515,0,14,0,0,0,104,0,"[0, 0, 127, 127, 127, 105, 127, 68, 121, 30, 110, -6, 113, -43, 127, -78, 127, -99, 127, -118, 127, -126, 127, -128, 127, -105, 127, -88, 127, -59, 127, -29, 121, 4, 87, 23, 39, 41, -3, 43, -48, 38, -82, 29, -112, 10, -127, -15, -128, -42, -128, -74, -101, 5, -106, 9, -105, 25, -112, 27, -119, 29, -118, 34, -116, 36, -115, 34, -105, 40, -97, 37, -79, 50, -59, 53, -39, 44, -17, 53, 11, 63, 30, 80, 53, 88, 86, 106, 120, 104, 127, 123, 127, 127, 127, 127, 127, 127, 127, 127, 127, 127, 127, 127]",esp32_1
CSI_DATA,146497,2025-08-27 15:37:45.343,0,bend,00:00:00:00:00:00,-40,11,0,0,0,0,0,0,0,0,0,-97,0,1,0,1136832811,0,14,0,132,-96,104,0,"[0, 0, 126, 127, 127, 127, 127, 127, 127, 127, 127, 127, 127, 127, 127, 127, 127, 127, 127, 127, 114, 127, 83, 127, 52, 127, 27, 127, 10, 118, 4, 65, 10, 12, 28, -35, 58, -69, 94, -89, 127, -94, 127, -84, 127, -66, 127, -42, 127, -15, 127, 6, -128, 61, -128, 40, -128, 16, -128, -2, -128, -12, -128, -12, -128, -1, -106, 20, -88, 50, -77, 84, -73, 120, -74, 127, -80, 127, -88, 127, -93, 127, -95, 127, -92, 127, -84, 127, -69, 127, -50, 127, -28, 127, -5, 127, 20, 127, 44, 127, 62, 127, 73, 127]",esp32_2
CSI_DATA,143277,2025-08-27 15:37:45.354,0,bend,00:00:00:00:00:00,-66,11,0,0,0,0,0,0,0,0,0,-97,0,1,0,4276809974,0,14,0,0,0,104,0,"[0, 0, 127, 127, 120, 127, 118, 91, 110, 56, 116, 17, 116, -18, 127, -50, 127, -60, 127, -80, 127, -92, 127, -78, 127, -67, 127, -43, 127, -19, 127, 6, 115, 37, 76, 43, 29, 47, -11, 36, -53, 25, -82, 2, -110, -20, -116, -51, -124, -85, -114, -105, -103, 0, -111, 10, -105, 16, -110, 25, -115, 27, -120, 23, -118, 29, -119, 31, -112, 32, -99, 31, -80, 36, -60, 50, -43, 49, -24, 56, -1, 65, 22, 86, 47, 104, 74, 117, 102, 124, 122, 127, 127, 127, 127, 127, 127, 127, 127, 127, 127, 127, 127, 127]",esp32_1
CSI_DATA,146498,2025-08-27 15:37:45.372,0,bend,00:00:00:00:00:00,-40,11,0,0,0,0,0,0,0,0,0,-97,0,1,0,1136833140,0,14,0,0,0,104,0,"[0, 0, -128, 78, -128, 95, -128, 111, -128, 122, -128, 126, -128, 124, -128, 117, -128, 105, -128, 88, -128, 68, -128, 43, -128, 18, -128, 1, -120, -9, -65, -7, -13, 9, 29, 35, 56, 68, 71, 106, 70, 127, 57, 127, 36, 127, 9, 127, -18, 127, -37, 127, -17, -128, 4, -128, 26, -128, 38, -128, 44, -128, 41, -128, 25, -126, 0, -107, -32, -95, -70, -91, -106, -95, -128, -101, -128, -109, -128, -120, -128, -128, -128, -128, -128, -128, -128, -122, -128, -107, -128, -88, -128, -67, -128, -47, -128, -24, -128, -2, -128, 14, -128, 23]",esp32_2
CSI_DATA,146499,2025-08-27 15:37:45.398,0,bend,00:00:00:00:00:00,-40,11,0,0,0,0,0,0,0,0,0,-97,0,1,0,1136838790,0,14,0,0,0,104,0,"[0, 0, -128, -128, -128, -128, -128, -128, -128, -128, -128, -128, -128, -128, -128, -128, -128, -128, -128, -128, -128, -128, -128, -128, -128, -128, -109, -128, -68, -98, -35, -55, -13, -5, -4, 45, -12, 89, -33, 125, -60, 127, -91, 127, -119, 127, -128, 127, -128, 107, -128, 83, 127, -128, 127, -125, 127, -102, 127, -80, 127, -64, 127, -54, 115, -53, 86, -64, 59, -84, 35, -111, 17, -128, 7, -128, 3, -128, 2, -128, -1, -128, -7, -128, -13, -128, -23, -128, -38, -128, -58, -128, -82, -128, -107, -128, -128, -128, -128, -128, -128, -128, -128, -128]",esp32_2
CSI_DATA,143279,2025-08-27 15:37:45.430,0,bend,00:00:00:00:00:00,-66,11,0,0,0,0,0,0,0,0,0,-97,0,1,0,4276871246,0,14,0,0,0,104,0,"[0, 0, 127, 29, 127, 14, 127, -4, 127, -46, 116, -81, 92, -114, 86, -128, 83, -128, 82, -128, 90, -128, 107, -128, 124, -128, 127, -128, 127, -128, 127, -114, 116, -61, 100, -19, 60, 18, 20, 40, -27, 59, -74, 66, -115, 63, -128, 51, -128, 23, -128, -5, -87, 66, -85, 79, -87, 90, -87, 100, -83, 102, -84, 109, -82, 109, -84, 112, -72, 109, -60, 99, -44, 100, -25, 88, -6, 66, 26, 60, 55, 53, 78, 50, 115, 49, 127, 45, 127, 32, 127, 29, 127, 25, 127, 26, 127, 35, 127, 34, 127, 31, 127, 57]",esp32_1
CSI_DATA,146500,2025-08-27 15:37:45.437,0,bend,00:00:00:00:00:00,-41,11,0,0,0,0,0,0,0,0,0,-97,0,1,0,1136854865,0,14,0,132,-96,104,0,"[0, 0, 127, -128, 127, -128, 127, -128, 123, -128, 119, -128, 119, -128, 125, -128, 127, -128, 127, -128, 127, -128, 127, -128, 127, -128, 124, -117, 97, -73, 59, -34, 13, -7, -35, 7, -81, 4, -120, -12, -128, -35, -128, -65, -128, -94, -128, -116, -117, -128, -96, -128, 127, 127, 115, 127, 90, 127, 69, 127, 54, 127, 45, 127, 47, 109, 60, 81, 81, 54, 106, 31, 127, 15, 127, 5, 127, 0, 127, 0, 127, -1, 127, -5, 127, -10, 127, -22, 127, -39, 127, -59, 127, -82, 127, -108, 127, -128, 127, -128, 127, -128, 127, -128]",esp32_2
CSI_DATA,143280,2025-08-27 15:37:45.451,0,bend,00:00:00:00:00:00,-65,11,0,0,0,0,0,0,0,0,0,-97,0,1,0,4276898350,0,14,0,0,0,104,0,"[0, 0, 127, 32, 127, 14, 127, 1, 127, -37, 106, -66, 89, -101, 83, -125, 77, -128, 87, -128, 85, -128, 96, -128, 109, -128, 115, -128, 127, -128, 121, -99, 104, -54, 89, -20, 58, 16, 16, 42, -19, 58, -58, 65, -101, 64, -126, 49, -128, 27, -128, 6, -88, 57, -86, 63, -86, 76, -81, 86, -86, 91, -87, 89, -81, 95, -86, 94, -72, 91, -62, 83, -50, 80, -31, 77, -12, 53, 16, 52, 42, 46, 73, 44, 103, 42, 127, 36, 127, 30, 127, 27, 127, 24, 127, 24, 127, 45, 127, 37, 127, 38, 127, 58]",esp32_1
CSI_DATA,143281,2025-08-27 15:37:45.490,0,bend,00:00:00:00:00:00,-66,11,0,0,0,0,0,0,0,0,0,-97,0,1,0,4276934182,0,14,0,0,0,104,0,"[0, 0, -128, -91, -128, -70, -128, -33, -128, -1, -111, 38, -102, 74, -97, 109, -113, 127, -114, 127, -121, 127, -128, 127, -128, 127, -128, 127, -128, 109, -128, 72, -118, 36, -88, 1, -49, -26, -10, -47, 36, -49, 72, -52, 113, -44, 127, -20, 127, -3, 127, 29, 98, -32, 99, -35, 93, -50, 98, -54, 101, -65, 108, -68, 100, -63, 101, -69, 94, -68, 81, -65, 62, -67, 44, -67, 28, -54, 0, -54, -25, -57, -61, -67, -86, -68, -123, -73, -128, -72, -128, -74, -128, -75, -128, -91, -128, -98, -128, -105, -128, -114, -128, -116]",esp32_1
CSI_DATA,143282,2025-08-27 15:37:45.514,0,bend,00:00:00:00:00:00,-66,11,0,0,0,0,0,0,0,0,0,-97,0,1,0,4276993131,0,14,0,0,0,104,0,"[0, 0, -47, 127, -28, 127, 10, 127, 33, 127, 64, 101, 91, 76, 127, 64, 127, 55, 127, 58, 127, 62, 127, 81, 127, 92, 127, 97, 127, 105, 115, 107, 71, 98, 28, 88, -13, 61, -39, 24, -62, -12, -75, -50, -76, -85, -64, -113, -56, -128, -33, -128, -40, -87, -51, -88, -51, -87, -65, -92, -71, -91, -74, -97, -78, -88, -79, -91, -77, -83, -76, -70, -69, -56, -61, -36, -62, -26, -59, 3, -56, 32, -42, 66, -39, 97, -40, 127, -42, 127, -36, 127, -34, 127, -36, 127, -38, 127, -51, 127, -57, 127, -54, 127]",esp32_1
CSI_DATA,146502,2025-08-27 15:37:45.514,0,bend,00:00:00:00:00:00,-41,11,0,0,0,0,0,0,0,0,0,-97,0,1,0,1136883133,0,14,0,220,33,104,0,"[0, 0, -40, 127, -23, 127, -3, 127, 10, 127, 16, 127, 18, 127, 13, 127, 1, 127, -13, 127, -30, 127, -49, 127, -64, 127, -69, 127, -63, 115, -45, 63, -15, 18, 23, -15, 65, -32, 108, -34, 127, -24, 127, -2, 127, 25, 127, 52, 127, 76, 127, 90, -128, -81, -128, -97, -128, -112, -128, -116, -128, -109, -113, -92, -101, -66, -97, -37, -102, -6, -115, 26, -128, 53, -128, 72, -128, 83, -128, 92, -128, 99, -128, 105, -128, 110, -128, 117, -128, 127, -128, 127, -128, 127, -128, 127, -118, 127, -105, 127, -92, 127, -83, 127]",esp32_2
CSI_DATA,143283,2025-08-27 15:37:45.546,0,bend,00:00:00:00:00:00,-65,11,0,0,0,0,0,0,0,0,0,-97,0,1,0,4277017506,0,14,0,0,0,104,0,"[0, 0, 11, -128, -4, -128, -27, -128, -40, -128, -65, -99, -92, -78, -116, -68, -128, -57, -128, -52, -128, -56, -128, -71, -128, -84, -128, -90, -128, -100, -104, -100, -67, -93, -24, -79, 12, -54, 40, -17, 55, 12, 64, 45, 64, 83, 59, 107, 47, 127, 22, 127, 60, 68, 65, 67, 69, 64, 80, 65, 86, 65, 91, 69, 92, 64, 88, 67, 86, 58, 87, 51, 74, 33, 67, 19, 61, 7, 52, -16, 41, -42, 27, -76, 17, -101, 14, -128, 12, -128, 3, -128, -1, -128, 4, -128, -2, -128, 6, -128, 9, -128, 8, -128]",esp32_1
CSI_DATA,146503,2025-08-27 15:37:45.546,0,bend,00:00:00:00:00:00,-41,11,0,0,0,0,0,0,0,0,0,-97,0,1,0,1136883453,0,14,0,0,0,104,0,"[0, 0, 127, 127, 127, 127, 127, 118, 127, 112, 127, 111, 127, 113, 127, 119, 127, 125, 127, 127, 127, 127, 127, 127, 127, 127, 125, 125, 82, 101, 43, 65, 12, 21, -5, -28, -3, -76, 13, -116, 37, -128, 65, -128, 93, -128, 114, -128, 127, -118, 127, -93, -128, 127, -128, 127, -128, 106, -128, 86, -128, 70, -128, 60, -106, 58, -77, 66, -50, 85, -25, 113, -7, 127, 4, 127, 9, 127, 9, 127, 10, 127, 13, 127, 19, 127, 30, 127, 43, 127, 58, 127, 80, 127, 108, 127, 127, 127, 127, 127, 127, 127, 127, 127]",esp32_2
CSI_DATA,143284,2025-08-27 15:37:45.578,0,bend,00:00:00:00:00:00,-65,11,0,0,0,0,0,0,0,0,0,-97,0,1,0,4277043455,0,14,0,0,0,104,0,"[0, 0, -126, 127, -87, 127, -59, 127, -29, 120, -3, 106, 40, 104, 60, 117, 94, 114, 116, 127, 112, 127, 121, 127, 101, 127, 76, 127, 64, 127, 29, 117, 3, 114, -18, 72, -38, 40, -39, -1, -33, -39, -22, -79, -2, -110, 17, -117, 47, -127, 64, -126, -22, -85, -23, -79, -30, -98, -38, -87, -45, -107, -44, -87, -48, -92, -44, -96, -47, -90, -57, -91, -50, -64, -49, -47, -49, -31, -48, -7, -53, 11, -60, 48, -57, 64, -80, 112, -74, 112, -90, 127, -105, 127, -110, 127, -128, 127, -128, 127, -128, 127, -128, 127]",esp32_1
CSI_DATA,146504,2025-08-27 15:37:45.578,0,bend,00:00:00:00:00:00,-41,11,0,0,0,0,0,0,0,0,0,-97,0,1,0,1136889123,0,14,0,0,0,104,0,"[0, 0, -128, 127, -128, 127, -127, 127, -119, 127, -114, 127, -114, 127, -122, 127, -128, 127, -128, 127, -128, 127, -128, 127, -128, 127, -128, 124, -109, 80, -71, 41, -24, 11, 24, -4, 69, -2, 109, 13, 127, 37, 127, 66, 127, 95, 127, 120, 107, 127, 85, 127, -128, -128, -117, -128, -96, -128, -78, -128, -65, -128, -56, -128, -58, -104, -69, -77, -89, -53, -115, -32, -128, -19, -128, -11, -128, -9, -128, -9, -128, -6, -128, 0, -128, 5, -128, 14, -128, 30, -128, 51, -128, 75, -128, 99, -128, 124, -128, 127, -128, 127, -128, 127]",esp32_2
CSI_DATA,146505,2025-08-27 15:37:45.604,0,bend,00:00:00:00:00:00,-41,11,0,0,0,0,0,0,0,0,0,-97,0,1,0,1136898717,0,14,0,0,0,104,0,"[0, 0, 127, -128, 127, -128, 127, -128, 127, -128, 127, -128, 127, -128, 127, -128, 127, -128, 127, -128, 127, -128, 127, -128, 127, -97, 127, -63, 127, -36, 90, -19, 34, -15, -16, -26, -56, -53, -83, -89, -93, -125, -87, -128, -69, -128, -40, -128, -8, -128, 15, -128, 123, 127, 105, 127, 81, 127, 63, 127, 51, 127, 47, 127, 53, 123, 69, 100, 95, 82, 127, 68, 127, 59, 127, 56, 127, 59, 127, 65, 127, 68, 127, 67, 127, 64, 127, 54, 127, 36, 127, 15, 127, -9, 127, -33, 127, -57, 127, -82, 127, -100, 127, -108]",esp32_2
CSI_DATA,143285,2025-08-27 15:37:45.610,0,bend,00:00:00:00:00:00,-65,11,0,0,0,0,0,0,0,0,0,-97,0,1,0,4277076752,0,14,0,0,0,104,0,"[0, 0, 104, -128, 83, -128, 47, -128, 24, -128, -13, -123, -47, -118, -73, -116, -102, -120, -118, -125, -126, -128, -126, -128, -115, -128, -104, -128, -71, -128, -40, -128, -15, -107, 17, -82, 33, -42, 43, -3, 42, 36, 29, 73, 11, 108, -8, 124, -29, 127, -57, 127, 24, 82, 34, 86, 37, 87, 48, 88, 50, 95, 56, 99, 62, 97, 62, 99, 60, 92, 56, 80, 52, 64, 48, 45, 51, 28, 54, 3, 56, -19, 52, -54, 56, -79, 67, -118, 77, -128, 82, -128, 92, -128, 105, -128, 112, -128, 122, -128, 127, -128, 127, -128]",esp32_1
CSI_DATA,146506,2025-08-27 15:37:45.636,0,bend,00:00:00:00:00:00,-42,11,0,0,0,0,0,0,0,0,0,-97,0,1,0,1136909710,0,14,0,0,0,104,0,"[0, 0, -13, -128, -33, -128, -53, -128, -67, -128, -75, -128, -79, -128, -74, -128, -63, -128, -46, -128, -24, -128, 1, -128, 22, -128, 36, -128, 40, -128, 33, -83, 13, -32, -18, 8, -58, 33, -100, 42, -128, 37, -128, 20, -128, -6, -128, -36, -128, -63, -128, -80, 127, 30, 127, 46, 127, 61, 127, 68, 127, 67, 127, 55, 115, 33, 108, 4, 107, -27, 113, -59, 124, -87, 127, -107, 127, -120, 127, -128, 127, -128, 127, -128, 127, -128, 127, -128, 127, -128, 127, -128, 115, -128, 98, -128, 82, -128, 67, -128, 52, -128, 42, -128]",esp32_2
CSI_DATA,143287,2025-08-27 15:37:45.699,0,bend,00:00:00:00:00:00,-65,11,0,0,0,0,0,0,0,0,0,-97,0,1,0,4277160836,0,14,0,0,0,104,0,"[0, 0, -128, -128, -128, -128, -128, -113, -128, -71, -128, -35, -128, 5, -128, 25, -128, 51, -128, 51, -128, 66, -128, 60, -128, 45, -128, 31, -128, 10, -128, -11, -117, -30, -77, -45, -27, -47, 17, -34, 45, -15, 89, 7, 103, 47, 111, 76, 113, 107, 97, 127, 95, -6, 100, -13, 103, -30, 114, -36, 112, -38, 124, -38, 116, -40, 123, -34, 112, -45, 108, -37, 92, -46, 74, -43, 42, -40, 16, -48, -13, -64, -31, -80, -60, -94, -91, -109, -119, -122, -128, -128, -128, -128, -128, -128, -128, -128, -128, -128, -128, -128, -128, -128]",esp32_1
CSI_DATA,146508,2025-08-27 15:37:45.718,0,bend,00:00:00:00:00:00,-42,11,0,0,0,0,0,0,0,0,0,-97,0,1,0,1136938359,0,14,0,0,0,104,0,"[0, 0, 127, -116, 127, -128, 127, -128, 127, -128, 127, -128, 127, -128, 127, -128, 127, -128, 127, -128, 127, -128, 127, -121, 127, -86, 127, -53, 127, -26, 98, -8, 42, -4, -8, -14, -48, -39, -75, -74, -86, -109, -82, -128, -66, -128, -40, -128, -10, -128, 14, -128, 60, 127, 43, 127, 23, 127, 10, 127, 4, 127, 8, 127, 23, 111, 46, 92, 75, 79, 108, 72, 127, 73, 127, 78, 127, 87, 127, 96, 127, 101, 127, 103, 127, 100, 127, 89, 127, 70, 127, 48, 127, 24, 127, 1, 127, -22, 127, -45, 127, -61, 127, -69]",esp32_2
CSI_DATA,143288,2025-08-27 15:37:45.731,0,bend,00:00:00:00:00:00,-65,11,0,0,0,0,0,0,0,0,0,-97,0,1,0,4277197793,0,14,0,0,0,104,0,"[0, 0, 51, -128, 38, -128, 9, -128, -9, -128, -38, -117, -66, -98, -97, -94, -125, -91, -128, -91, -128, -102, -128, -111, -128, -121, -127, -119, -99, -127, -69, -112, -40, -100, -8, -77, 19, -45, 35, -10, 41, 29, 39, 59, 28, 99, 11, 119, -11, 127, -32, 127, 57, 64, 65, 59, 67, 67, 75, 64, 85, 65, 88, 65, 93, 70, 95, 74, 90, 65, 88, 56, 74, 44, 66, 29, 60, 14, 57, -14, 44, -37, 32, -69, 30, -96, 29, -128, 33, -128, 32, -128, 32, -128, 36, -128, 42, -128, 55, -128, 59, -128, 60, -128]",esp32_1
CSI_DATA,146509,2025-08-27 15:37:45.747,0,bend,00:00:00:00:00:00,-42,11,0,0,0,0,0,0,0,0,0,-97,0,1,0,1136938805,0,14,0,0,0,104,0,"[0, 0, -128, -94, -128, -76, -128, -57, -128, -43, -128, -34, -128, -33, -128, -39, -128, -49, -128, -61, -128, -75, -128, -90, -128, -100, -128, -102, -120, -92, -71, -67, -30, -29, -5, 15, 3, 60, -4, 103, -22, 127, -49, 127, -78, 127, -103, 127, -123, 127, -128, 105, 94, -128, 107, -128, 116, -128, 115, -128, 107, -118, 88, -102, 61, -95, 32, -99, 2, -111, -28, -128, -51, -128, -63, -128, -69, -128, -72, -128, -72, -128, -73, -128, -76, -128, -84, -128, -95, -128, -110, -128, -128, -128, -128, -128, -128, -128, -128, -128, -128, -128, -128, -128]",esp32_2
CSI_DATA,143289,2025-08-27 15:37:45.750,0,bend,00:00:00:00:00:00,-66,11,0,0,0,0,0,0,0,0,0,-97,0,1,0,4277223133,0,14,0,0,0,104,0,"[0, 0, 127, -127, 127, -117, 125, -99, 91, -114, 49, -118, 13, -128, -17, -128, -39, -128, -47, -128, -53, -128, -49, -128, -38, -128, -24, -128, 6, -128, 28, -128, 38, -104, 54, -71, 51, -24, 42, 19, 21, 52, -7, 86, -39, 110, -67, 118, -96, 119, -119, 102, -27, 84, -19, 91, -14, 101, -11, 111, -4, 117, 0, 121, 0, 119, 2, 124, 2, 120, 4, 102, 8, 89, 12, 71, 32, 53, 46, 30, 61, 5, 70, -18, 95, -44, 111, -66, 127, -97, 127, -112, 127, -128, 127, -128, 127, -128, 127, -128, 127, -128, 127, -128]",esp32_1
CSI_DATA,146510,2025-08-27 15:37:45.772,0,bend,00:00:00:00:00:00,-41,11,0,0,0,0,0,0,0,0,0,-97,0,1,0,1136997739,0,14,0,47,113,104,0,"[0, 0, -128, 127, -128, 127, -128, 127, -128, 127, -128, 127, -128, 127, -128, 127, -128, 127, -128, 127, -128, 127, -128, 127, -128, 127, -128, 127, -128, 103, -98, 66, -49, 40, 1, 29, 47, 36, 85, 57, 108, 88, 116, 121, 110, 127, 88, 127, 56, 127, 30, 127, -128, -128, -128, -128, -128, -128, -111, -128, -93, -128, -82, -104, -81, -72, -93, -41, -116, -11, -128, 13, -128, 28, -128, 33, -128, 30, -128, 24, -128, 18, -128, 14, -128, 13, -128, 17, -128, 30, -128, 48, -128, 71, -128, 98, -128, 127, -128, 127, -128, 127, -128, 127]",esp32_2
CSI_DATA,143290,2025-08-27 15:37:45.795,0,bend,00:00:00:00:00:00,-66,11,0,0,0,0,0,0,0,0,0,-97,0,1,0,4277257673,0,14,0,0,0,104,0,"[0, 0, 127, 127, 127, 127, 127, 127, 125, 92, 127, 57, 127, 16, 127, -10, 127, -43, 127, -59, 127, -71, 127, -66, 127, -48, 127, -31, 127, -9, 127, 10, 127, 43, 79, 47, 29, 59, -17, 45, -59, 27, -96, 5, -122, -25, -128, -57, -128, -90, -127, -123, -102, -30, -109, -23, -113, -10, -120, -5, -128, -2, -128, -1, -128, -3, -128, -4, -128, 1, -121, 5, -101, 19, -77, 24, -54, 27, -28, 40, -7, 59, 22, 89, 51, 113, 82, 127, 106, 127, 125, 127, 127, 127, 127, 127, 127, 127, 127, 127, 127, 127, 127, 127]",esp32_1
CSI_DATA,146511,2025-08-27 15:37:45.801,0,bend,00:00:00:00:00:00,-41,11,0,0,0,0,0,0,0,0,0,-97,0,1,0,1136998167,0,14,0,0,0,104,0,"[0, 0, 127, 10, 127, -8, 127, -30, 127, -50, 127, -63, 127, -70, 127, -71, 127, -64, 127, -51, 127, -32, 127, -8, 127, 15, 127, 32, 127, 40, 114, 33, 63, 11, 25, -21, 2, -62, -6, -104, 3, -128, 25, -128, 52, -128, 81, -128, 108, -128, 125, -128, 13, 127, -7, 127, -26, 127, -36, 127, -38, 127, -27, 127, -4, 107, 29, 94, 68, 91, 107, 98, 127, 115, 127, 127, 127, 127, 127, 127, 127, 127, 127, 127, 127, 127, 127, 127, 127, 127, 127, 127, 127, 119, 127, 99, 127, 83, 127, 67, 127, 54, 127, 48]",esp32_2
CSI_DATA,146512,2025-08-27 15:37:45.834,0,bend,00:00:00:00:00:00,-41,11,0,0,0,0,0,0,0,0,0,-97,0,1,0,1136998478,0,14,0,0,0,104,0,"[0, 0, -128, 127, -128, 127, -113, 127, -98, 127, -83, 127, -77, 127, -79, 127, -90, 127, -109, 127, -128, 127, -128, 127, -128, 127, -128, 127, -111, 127, -80, 85, -40, 52, 6, 31, 53, 26, 94, 39, 122, 61, 127, 92, 127, 127, 111, 127, 82, 127, 59, 127, -128, -114, -128, -126, -128, -128, -128, -128, -112, -120, -96, -94, -91, -59, -98, -25, -116, 7, -128, 32, -128, 49, -128, 56, -128, 54, -128, 52, -128, 54, -128, 56, -128, 55, -128, 56, -128, 66, -128, 85, -128, 108, -128, 127, -128, 127, -128, 127, -128, 127, -128, 127]",esp32_2
CSI_DATA,143291,2025-08-27 15:37:45.836,0,bend,00:00:00:00:00:00,-65,11,0,0,0,0,0,0,0,0,0,-97,0,1,0,4277283334,0,14,0,0,0,104,0,"[0, 0, -86, -128, -77, -128, -93, -128, -88, -105, -96, -73, -111, -37, -128, -14, -128, 3, -128, 7, -128, 11, -128, 9, -128, -8, -128, -19, -128, -35, -128, -47, -96, -59, -54, -57, -17, -46, 24, -27, 49, -3, 71, 20, 85, 60, 86, 83, 81, 118, 66, 127, 87, 23, 92, 16, 92, 11, 99, 6, 110, 4, 113, 4, 112, 4, 114, 4, 106, -1, 100, 2, 82, -11, 66, -19, 53, -21, 34, -38, 15, -55, -10, -83, -34, -100, -50, -125, -68, -128, -81, -128, -96, -128, -107, -128, -119, -128, -117, -128, -116, -128, -113, -128]",esp32_1
CSI_DATA,146513,2025-08-27 15:37:45.859,0,bend,00:00:00:00:00:00,-41,11,0,0,0,0,0,0,0,0,0,-97,0,1,0,1136998834,0,14,0,0,0,104,0,"[0, 0, 127, 127, 127, 127, 127, 127, 127, 127, 127, 127, 127, 126, 127, 127, 127, 127, 127, 127, 127, 127, 127, 127, 127, 127, 127, 127, 106, 127, 69, 93, 42, 47, 31, -2, 38, -48, 58, -86, 87, -109, 118, -117, 127, -110, 127, -89, 127, -61, 127, -36, -128, 127, -128, 127, -128, 127, -128, 116, -128, 96, -107, 83, -74, 82, -40, 92, -7, 113, 18, 127, 35, 127, 41, 127, 37, 127, 31, 127, 26, 127, 21, 127, 19, 127, 23, 127, 34, 127, 51, 127, 74, 127, 101, 127, 127, 127, 127, 127, 127, 127, 127, 127]",esp32_2
CSI_DATA,143292,2025-08-27 15:37:45.868,0,bend,00:00:00:00:00:00,-66,11,0,0,0,0,0,0,0,0,0,-97,0,1,0,4277967525,0,14,0,0,0,104,0,"[0, 0, 127, -115, 127, -103, 127, -76, 127, -93, 127, -90, 71, -104, 24, -115, -30, -128, -71, -128, -108, -128, -125, -128, -128, -128, -128, -128, -100, -128, -78, -128, -36, -128, -4, -128, 30, -128, 57, -106, 84, -58, 110, -7, 119, 43, 123, 83, 113, 121, 98, 127, -79, -86, -88, -75, -98, -66, -117, -57, -119, -43, -127, -21, -128, -10, -128, 1, -128, 12, -113, 21, -114, 36, -105, 37, -66, 37, -56, 46, -30, 42, -15, 39, 17, 24, 53, 13, 98, -11, 127, -33, 127, -56, 127, -87, 127, -83, 127, -126, 127, -128, 127, -112]",esp32_1
CSI_DATA,146514,2025-08-27 15:37:45.887,0,bend,00:00:00:00:00:00,-41,11,0,0,0,0,0,0,0,0,0,-97,0,1,0,1136999118,0,14,0,0,0,104,0,"[0, 0, 127, -41, 127, -58, 127, -78, 127, -97, 127, -111, 127, -119, 127, -122, 127, -118, 127, -106, 127, -87, 127, -61, 127, -33, 127, -9, 127, 6, 117, 9, 65, -2, 20, -26, -10, -61, -25, -101, -23, -128, -9, -128, 15, -128, 44, -128, 72, -128, 91, -128, 42, 127, 21, 127, -1, 127, -15, 127, -18, 127, -10, 127, 9, 107, 39, 91, 78, 83, 119, 85, 127, 95, 127, 109, 127, 126, 127, 127, 127, 127, 127, 127, 127, 127, 127, 127, 127, 127, 127, 116, 127, 92, 127, 69, 127, 46, 127, 24, 127, 9, 127, 3]",esp32_2
CSI_DATA,146515,2025-08-27 15:37:45.911,0,bend,00:00:00:00:00:00,-41,11,0,0,0,0,0,0,0,0,0,-97,0,1,0,1136999429,0,14,0,0,0,104,0,"[0, 0, -59, 127, -40, 127, -19, 127, -3, 127, 7, 127, 13, 127, 12, 127, 4, 127, -8, 127, -24, 127, -45, 127, -63, 127, -71, 127, -68, 127, -52, 105, -23, 60, 15, 28, 58, 13, 100, 15, 127, 30, 127, 55, 127, 85, 127, 112, 127, 127, 107, 127, -128, -19, -128, -39, -128, -58, -128, -65, -128, -62, -127, -47, -108, -21, -100, 13, -103, 51, -115, 88, -128, 119, -128, 127, -128, 127, -128, 127, -128, 127, -128, 127, -128, 127, -128, 127, -128, 127, -128, 127, -128, 127, -128, 127, -123, 127, -109, 127, -95, 127, -88, 127]",esp32_2
CSI_DATA,143294,2025-08-27 15:37:45.955,0,bend,00:00:00:00:00:00,-67,11,0,0,0,0,0,0,0,0,0,-97,0,1,0,4277997927,0,14,0,0,0,104,0,"[0, 0, -74, 127, -61, 127, -39, 127, -27, 127, 4, 127, 32, 110, 70, 74, 104, 38, 127, 22, 127, 4, 127, -6, 127, 10, 127, 9, 127, 30, 127, 50, 127, 67, 127, 89, 83, 95, 42, 102, -4, 92, -44, 80, -83, 66, -116, 49, -128, 29, -128, -1, 96, -45, 94, -55, 82, -62, 73, -69, 72, -90, 68, -95, 56, -103, 52, -108, 40, -109, 25, -117, 17, -104, 12, -93, -4, -88, -13, -70, -24, -55, -27, -26, -32, 2, -27, 35, -35, 70, -30, 115, -37, 127, -33, 127, -34, 127, -44, 127, -54, 127, -56, 127]",esp32_1
CSI_DATA,143295,2025-08-27 15:37:45.982,0,bend,00:00:00:00:00:00,-66,11,0,0,0,0,0,0,0,0,0,-97,0,1,0,4278007784,0,14,0,0,0,104,0,"[0, 0, 127, -114, 127, -101, 127, -85, 127, -90, 111, -84, 68, -86, 20, -94, -24, -102, -55, -116, -82, -128, -97, -128, -107, -128, -106, -128, -91, -128, -67, -128, -38, -128, -8, -128, 24, -112, 53, -89, 71, -57, 94, -19, 102, 20, 105, 52, 102, 86, 91, 109, -69, -60, -77, -54, -84, -48, -95, -35, -98, -29, -107, -15, -111, -3, -113, 3, -108, 11, -100, 16, -94, 27, -84, 27, -62, 32, -48, 33, -28, 27, -16, 20, 6, 14, 39, 1, 71, -16, 102, -34, 127, -61, 127, -77, 127, -89, 127, -112, 127, -125, 127, -116]",esp32_1
CSI_DATA,146517,2025-08-27 15:37:46.003,0,bend,00:00:00:00:00:00,-41,11,0,0,0,0,0,0,0,0,0,-97,0,1,0,1137060243,0,14,0,0,0,104,0,"[0, 0, 78, 127, 89, 127, 106, 127, 121, 127, 127, 127, 127, 127, 127, 127, 127, 127, 127, 127, 119, 127, 95, 127, 69, 127, 48, 127, 32, 127, 23, 110, 25, 63, 39, 21, 66, -10, 100, -28, 127, -32, 127, -22, 127, -1, 127, 23, 127, 49, 127, 69, -128, 82, -128, 59, -128, 32, -128, 13, -128, 1, -128, 2, -99, 18, -70, 46, -51, 83, -43, 126, -46, 127, -58, 127, -79, 127, -100, 127, -116, 127, -126, 127, -128, 127, -128, 127, -116, 127, -93, 127, -66, 127, -38, 127, -13, 127, 11, 127, 30, 127, 40, 127]",esp32_2
CSI_DATA,143296,2025-08-27 15:37:46.008,0,bend,00:00:00:00:00:00,-66,11,0,0,0,0,0,0,0,0,0,-97,0,1,0,4278017500,0,14,0,0,0,104,0,"[0, 0, 127, 62, 127, 52, 127, 44, 127, 19, 127, -3, 106, -39, 70, -67, 43, -98, 24, -128, 10, -128, 5, -128, 6, -128, 14, -128, 20, -128, 42, -128, 62, -128, 77, -128, 85, -86, 96, -48, 86, -2, 88, 40, 75, 76, 54, 104, 34, 127, 9, 127, -14, -97, -30, -91, -48, -90, -62, -82, -71, -79, -77, -72, -85, -62, -94, -62, -98, -47, -91, -46, -96, -31, -89, -20, -70, -18, -57, -9, -40, 7, -26, 18, -2, 20, 29, 23, 65, 24, 103, 26, 127, 26, 127, 24, 127, 44, 127, 42, 127, 51, 127, 63]",esp32_1
CSI_DATA,146518,2025-08-27 15:37:46.029,0,bend,00:00:00:00:00:00,-41,11,0,0,0,0,0,0,0,0,0,-97,0,1,0,1137060617,0,14,0,0,0,104,0,"[0, 0, 127, -128, 127, -128, 127, -128, 127, -128, 127, -128, 127, -128, 127, -128, 127, -128, 127, -128, 127, -128, 127, -128, 127, -128, 127, -99, 127, -71, 101, -51, 55, -42, 10, -45, -26, -63, -52, -90, -63, -121, -61, -128, -47, -128, -23, -128, 6, -128, 28, -128, 127, 127, 113, 127, 85, 127, 60, 127, 43, 127, 36, 125, 41, 89, 60, 55, 93, 27, 127, 8, 127, 0, 127, 4, 127, 16, 127, 32, 127, 46, 127, 56, 127, 64, 127, 63, 127, 51, 127, 32, 127, 6, 127, -23, 127, -52, 127, -80, 127, -101, 127, -110]",esp32_2
CSI_DATA,143297,2025-08-27 15:37:46.042,0,bend,00:00:00:00:00:00,-66,11,0,0,0,0,0,0,0,0,0,-97,0,1,0,4278027442,0,14,0,0,0,104,0,"[0, 0, -128, 127, -128, 127, -128, 127, -128, 127, -109, 127, -55, 127, 5, 126, 59, 121, 99, 124, 127, 127, 127, 127, 127, 127, 127, 127, 127, 127, 127, 127, 105, 127, 58, 127, 12, 127, -28, 127, -72, 94, -113, 47, -128, 10, -128, -34, -128, -69, -128, -108, 107, 62, 115, 48, 124, 37, 127, 24, 127, 10, 127, -13, 127, -28, 127, -37, 127, -42, 120, -54, 117, -58, 107, -61, 72, -55, 44, -55, 26, -45, 13, -29, -16, -12, -43, 9, -77, 47, -116, 80, -128, 116, -128, 127, -128, 127, -128, 127, -128, 127, -128, 127]",esp32_1
CSI_DATA,146519,2025-08-27 15:37:46.062,0,bend,00:00:00:00:00:00,-41,11,0,0,0,0,0,0,0,0,0,-97,0,1,0,1137060991,0,14,0,0,0,104,0,"[0, 0, -128, -128, -128, -128, -128, -128, -128, -128, -128, -128, -128, -128, -128, -128, -128, -128, -128, -128, -128, -128, -128, -128, -111, -128, -87, -128, -65, -112, -46, -81, -36, -44, -36, -9, -48, 21, -68, 43, -91, 55, -115, 54, -128, 43, -128, 26, -128, 6, -128, -12, 127, -115, 127, -98, 127, -76, 127, -56, 123, -41, 99, -34, 70, -38, 43, -52, 19, -76, 2, -107, -5, -128, -3, -128, 6, -128, 18, -128, 27, -128, 34, -128, 40, -128, 41, -128, 32, -128, 17, -128, -3, -128, -27, -128, -51, -128, -72, -128, -88, -128, -96, -128]",esp32_2
CSI_DATA,143298,2025-08-27 15:37:46.074,0,bend,00:00:00:00:00:00,-66,11,0,0,0,0,0,0,0,0,0,-97,0,1,0,4278037475,0,14,0,0,0,104,0,"[0, 0, 127, -128, 127, -128, 127, -128, 102, -128, 67, -128, 19, -109, -21, -95, -54, -88, -92, -87, -119, -82, -128, -86, -128, -95, -128, -102, -128, -124, -124, -128, -92, -125, -59, -125, -18, -113, 13, -94, 45, -70, 71, -37, 98, -4, 107, 27, 120, 53, 110, 83, -94, 12, -91, 29, -94, 34, -86, 41, -88, 56, -88, 70, -87, 78, -82, 81, -75, 85, -57, 88, -55, 86, -43, 85, -25, 74, -15, 64, -5, 49, 10, 35, 16, 13, 34, -17, 52, -44, 64, -78, 79, -117, 98, -128, 113, -128, 127, -128, 127, -128, 127, -128]",esp32_1
CSI_DATA,146520,2025-08-27 15:37:46.085,0,bend,00:00:00:00:00:00,-41,11,0,0,0,0,0,0,0,0,0,-97,0,1,0,1137088976,0,14,0,0,0,104,0,"[0, 0, -26, -128, -39, -128, -51, -128, -62, -128, -73, -128, -83, -128, -86, -128, -84, -128, -75, -128, -60, -128, -42, -128, -23, -128, -9, -128, -3, -128, -5, -118, -17, -73, -39, -38, -71, -15, -106, -6, -128, -10, -128, -25, -128, -49, -128, -74, -128, -97, -128, -112, 127, -53, 127, -30, 127, -3, 127, 16, 127, 25, 127, 21, 101, 1, 77, -30, 62, -70, 60, -116, 71, -128, 90, -128, 115, -128, 127, -128, 127, -128, 127, -128, 127, -128, 127, -128, 127, -128, 127, -128, 113, -128, 87, -128, 64, -128, 43, -128, 24, -128, 13, -128]",esp32_2
CSI_DATA,143299,2025-08-27 15:37:46.106,0,bend,00:00:00:00:00:00,-66,11,0,0,0,0,0,0,0,0,0,-97,0,1,0,4278047421,0,14,0,0,0,104,0,"[0, 0, -106, -128, -95, -128, -106, -128, -93, -128, -83, -128, -99, -98, -108, -45, -128, 7, -128, 46, -128, 79, -128, 104, -128, 109, -128, 107, -128, 82, -128, 65, -128, 29, -128, -11, -128, -48, -91, -79, -49, -100, -10, -113, 43, -121, 84, -116, 127, -118, 127, -98, -73, 103, -68, 109, -50, 111, -32, 117, -21, 127, -19, 127, -6, 127, 0, 127, 18, 127, 26, 127, 30, 117, 34, 98, 30, 96, 39, 81, 29, 50, 34, 11, 13, -20, -4, -48, -19, -80, -36, -119, -57, -128, -78, -128, -113, -128, -108, -128, -125, -128, -128, -128]",esp32_1
CSI_DATA,146521,2025-08-27 15:37:46.117,0,bend,00:00:00:00:00:00,-41,11,0,0,0,0,0,0,0,0,0,-97,0,1,0,1137089341,0,14,0,0,0,104,0,"[0, 0, 127, -72, 127, -84, 127, -93, 127, -104, 127, -113, 127, -120, 127, -123, 127, -121, 127, -112, 127, -99, 127, -80, 127, -59, 127, -41, 127, -28, 102, -23, 61, -27, 27, -41, 3, -66, -11, -96, -12, -123, -3, -128, 15, -128, 38, -128, 62, -128, 78, -128, 86, 127, 67, 127, 41, 127, 21, 127, 8, 127, 5, 119, 14, 89, 37, 62, 71, 42, 109, 32, 127, 32, 127, 41, 127, 58, 127, 79, 127, 95, 127, 107, 127, 116, 127, 116, 127, 105, 127, 87, 127, 63, 127, 38, 127, 15, 127, -7, 127, -27, 127, -38]",esp32_2
CSI_DATA,143300,2025-08-27 15:37:46.138,0,bend,00:00:00:00:00:00,-67,11,0,0,0,0,0,0,0,0,0,-97,0,1,0,4278058472,0,14,0,0,0,104,0,"[0, 0, 127, 127, 127, 127, 127, 127, 127, 127, 127, 110, 127, 61, 122, 7, 126, -45, 120, -84, 125, -127, 127, -128, 127, -128, 127, -128, 127, -128, 127, -128, 127, -91, 127, -52, 127, -3, 115, 38, 78, 72, 47, 102, 9, 123, -31, 127, -78, 127, -112, 127, 42, -128, 25, -128, 7, -122, -8, -127, -25, -128, -31, -128, -47, -128, -49, -128, -60, -128, -65, -128, -73, -108, -77, -84, -58, -84, -57, -59, -47, -37, -39, 1, -14, 25, 13, 54, 41, 80, 68, 104, 102, 127, 127, 127, 127, 127, 127, 127, 127, 127, 127, 127]",esp32_1
CSI_DATA,146522,2025-08-27 15:37:46.139,0,bend,00:00:00:00:00:00,-41,11,0,0,0,0,0,0,0,0,0,-97,0,1,0,1137089643,0,14,0,0,0,104,0,"[0, 0, 117, -128, 106, -128, 95, -128, 86, -128, 76, -128, 70, -128, 70, -128, 74, -128, 79, -128, 84, -128, 91, -128, 93, -128, 88, -128, 75, -123, 53, -91, 21, -64, -13, -49, -46, -48, -77, -58, -97, -75, -107, -98, -106, -121, -91, -128, -69, -128, -49, -128, 127, 59, 127, 77, 127, 93, 127, 100, 117, 94, 94, 76, 78, 47, 73, 13, 80, -24, 99, -61, 126, -89, 127, -106, 127, -112, 127, -111, 127, -107, 127, -101, 127, -92, 127, -86, 127, -84, 127, -89, 127, -101, 127, -120, 127, -128, 127, -128, 127, -128, 127, -128]",esp32_2
CSI_DATA,143301,2025-08-27 15:37:46.171,0,bend,00:00:00:00:00:00,-67,11,0,0,0,0,0,0,0,0,0,-97,0,1,0,4278067483,0,14,0,0,0,104,0,"[0, 0, -128, 127, -123, 127, -82, 127, -64, 127, -31, 127, 13, 123, 45, 96, 83, 73, 113, 48, 127, 37, 127, 42, 127, 45, 127, 51, 127, 71, 127, 84, 127, 83, 107, 104, 65, 107, 24, 100, -22, 91, -62, 74, -93, 53, -117, 35, -128, 11, -128, -21, 102, -14, 105, -24, 97, -30, 94, -46, 95, -61, 99, -73, 89, -82, 91, -91, 87, -89, 63, -92, 65, -88, 51, -82, 33, -78, 22, -69, 3, -51, -4, -19, -13, 6, -25, 31, -47, 68, -53, 102, -59, 127, -72, 127, -77, 127, -101, 127, -109, 127, -113, 127]",esp32_1
CSI_DATA,146524,2025-08-27 15:37:46.226,0,bend,00:00:00:00:00:00,-45,11,0,0,0,0,0,0,0,0,0,-97,0,1,0,1137103488,0,14,0,0,0,104,0,"[0, 0, 127, 127, 127, 127, 127, 127, 127, 127, 127, 127, 127, 127, 127, 127, 127, 127, 127, 127, 127, 127, 127, 127, 127, 127, 127, 127, 115, 121, 93, 89, 80, 47, 77, 1, 87, -43, 108, -76, 127, -96, 127, -102, 127, -94, 127, -73, 127, -44, 127, -20, -128, 127, -128, 127, -128, 112, -128, 88, -128, 66, -102, 53, -73, 54, -42, 61, -13, 76, 8, 103, 21, 127, 26, 127, 24, 127, 16, 127, 9, 127, 2, 127, -5, 127, -6, 127, 2, 127, 14, 127, 29, 127, 48, 127, 70, 127, 92, 127, 113, 127, 127, 127]",esp32_2
CSI_DATA,143303,2025-08-27 15:37:46.257,0,bend,00:00:00:00:00:00,-67,11,0,0,0,0,0,0,0,0,0,-97,0,1,0,4278089819,0,14,0,0,0,104,0,"[0, 0, -128, 80, -128, 71, -128, 62, -128, 64, -128, 71, -93, 77, -53, 85, -18, 98, 16, 115, 42, 127, 61, 127, 64, 127, 64, 127, 51, 127, 36, 127, 10, 127, -15, 127, -44, 100, -64, 73, -77, 37, -86, -3, -90, -38, -83, -70, -81, -97, -59, -119, 68, 66, 76, 58, 85, 50, 97, 41, 104, 34, 113, 21, 110, 15, 119, 7, 117, 8, 105, -5, 101, -9, 93, -17, 70, -16, 53, -19, 28, -20, 16, -19, -11, -15, -40, -8, -68, 11, -100, 25, -128, 42, -128, 55, -128, 57, -128, 84, -128, 96, -128, 75]",esp32_1
CSI_DATA,146525,2025-08-27 15:37:46.257,0,bend,00:00:00:00:00:00,-41,11,0,0,0,0,0,0,0,0,0,-97,0,1,0,1137103790,0,14,0,0,0,104,0,"[0, 0, 127, -8, 127, -21, 127, -36, 127, -49, 127, -59, 127, -67, 127, -70, 127, -69, 127, -64, 127, -53, 127, -36, 127, -18, 127, -6, 127, 0, 115, -4, 72, -20, 38, -45, 17, -77, 9, -112, 14, -128, 29, -128, 50, -128, 73, -128, 97, -128, 113, -128, 21, 127, -3, 127, -29, 127, -45, 127, -50, 127, -43, 127, -20, 103, 14, 79, 57, 68, 104, 69, 127, 82, 127, 104, 127, 127, 127, 127, 127, 127, 127, 127, 127, 127, 127, 127, 127, 127, 127, 127, 127, 127, 127, 107, 127, 82, 127, 57, 127, 37, 127, 30]",esp32_2
CSI_DATA,143304,2025-08-27 15:37:46.279,0,bend,00:00:00:00:00:00,-66,11,0,0,0,0,0,0,0,0,0,-97,0,1,0,4278097469,0,14,0,0,0,104,0,"[0, 0, -128, -128, -128, -128, -128, -128, -128, -109, -128, -66, -122, -34, -108, 8, -99, 54, -96, 86, -88, 114, -99, 127, -107, 127, -112, 127, -125, 127, -128, 127, -128, 101, -125, 61, -112, 25, -98, -11, -70, -45, -43, -76, -11, -103, 19, -112, 57, -121, 84, -121, 6, 107, 20, 109, 36, 99, 49, 99, 60, 103, 68, 99, 73, 90, 84, 95, 86, 85, 84, 82, 86, 65, 79, 53, 67, 48, 55, 25, 41, 16, 26, -11, 6, -22, -23, -39, -51, -49, -82, -61, -116, -80, -128, -93, -128, -128, -128, -128, -128, -128, -128, -128]",esp32_1
CSI_DATA,146526,2025-08-27 15:37:46.279,0,bend,00:00:00:00:00:00,-41,11,0,0,0,0,0,0,0,0,0,-97,0,1,0,1137137798,0,14,0,162,-103,104,0,"[0, 0, -39, -128, -51, -128, -64, -128, -76, -128, -88, -128, -95, -128, -99, -128, -96, -128, -86, -128, -70, -128, -52, -128, -36, -128, -25, -128, -19, -128, -19, -105, -29, -63, -49, -29, -78, -7, -109, 4, -128, 3, -128, -10, -128, -33, -128, -58, -128, -81, -128, -97, 127, -39, 127, -19, 127, 5, 127, 23, 127, 32, 127, 28, 97, 10, 73, -18, 59, -54, 55, -95, 63, -128, 79, -128, 101, -128, 124, -128, 127, -128, 127, -128, 127, -128, 127, -128, 127, -128, 127, -128, 107, -128, 83, -128, 62, -128, 42, -128, 23, -128, 12, -128]",esp32_2
CSI_DATA,146527,2025-08-27 15:37:46.297,0,bend,00:00:00:00:00:00,-41,11,0,0,0,0,0,0,0,0,0,-97,0,1,0,1137138163,0,14,0,0,0,104,0,"[0, 0, 127, -128, 127, -128, 127, -128, 127, -128, 127, -128, 127, -128, 127, -128, 127, -128, 127, -128, 127, -128, 127, -128, 127, -109, 127, -84, 127, -63, 107, -51, 60, -50, 18, -62, -13, -85, -33, -117, -38, -128, -30, -128, -12, -128, 15, -128, 44, -128, 66, -128, 127, 127, 110, 127, 80, 127, 53, 127, 33, 127, 22, 127, 25, 107, 44, 71, 78, 39, 121, 17, 127, 7, 127, 9, 127, 22, 127, 40, 127, 58, 127, 74, 127, 88, 127, 93, 127, 85, 127, 68, 127, 44, 127, 16, 127, -15, 127, -46, 127, -71, 127, -83]",esp32_2
CSI_DATA,143305,2025-08-27 15:37:46.309,0,bend,00:00:00:00:00:00,-66,11,0,0,0,0,0,0,0,0,0,-97,0,1,0,4278107509,0,14,0,0,0,104,0,"[0, 0, 127, 0, 127, 4, 127, 15, 127, -12, 127, -26, 118, -48, 86, -72, 50, -100, 30, -128, 8, -128, 1, -128, 0, -128, -2, -128, 20, -128, 38, -128, 56, -128, 73, -128, 78, -85, 88, -47, 80, -2, 81, 38, 63, 78, 44, 103, 21, 127, -8, 127, -65, -88, -73, -74, -89, -65, -98, -60, -109, -51, -115, -41, -123, -32, -124, -28, -121, -21, -114, -20, -111, -8, -102, 0, -76, 2, -58, 4, -34, 9, -21, 19, 8, 19, 45, 15, 77, 6, 109, -2, 127, -10, 127, -13, 127, -4, 127, -15, 127, -17, 127, 0]",esp32_1
CSI_DATA,146528,2025-08-27 15:37:46.326,0,bend,00:00:00:00:00:00,-41,11,0,0,0,0,0,0,0,0,0,-97,0,1,0,1137138456,0,14,0,0,0,104,0,"[0, 0, -117, 127, -106, 127, -92, 127, -80, 127, -72, 127, -65, 127, -63, 127, -66, 127, -70, 127, -75, 127, -82, 127, -85, 127, -79, 127, -66, 127, -43, 95, -12, 68, 23, 52, 58, 49, 89, 58, 111, 76, 122, 100, 122, 123, 107, 127, 83, 127, 61, 127, -128, -66, -128, -85, -128, -104, -128, -111, -123, -107, -98, -90, -79, -60, -72, -25, -77, 15, -94, 55, -120, 88, -128, 109, -128, 119, -128, 122, -128, 118, -128, 112, -128, 103, -128, 96, -128, 93, -128, 96, -128, 107, -128, 124, -128, 127, -128, 127, -128, 127, -128, 127]",esp32_2
CSI_DATA,143306,2025-08-27 15:37:46.348,0,bend,00:00:00:00:00:00,-66,11,0,0,0,0,0,0,0,0,0,-97,0,1,0,4278117432,0,14,0,0,0,104,0,"[0, 0, -128, 36, -128, 27, -128, 20, -128, 35, -128, 50, -124, 59, -78, 79, -45, 99, -16, 125, 6, 127, 18, 127, 25, 127, 16, 127, -1, 127, -14, 127, -39, 127, -53, 127, -73, 92, -79, 56, -83, 13, -86, -34, -75, -73, -59, -99, -40, -128, -13, -128, 79, 72, 86, 63, 96, 54, 107, 44, 114, 38, 120, 29, 119, 19, 127, 16, 125, 5, 115, 7, 110, -11, 101, -13, 70, -13, 57, -13, 33, -17, 19, -22, -9, -20, -42, -14, -73, -3, -108, 11, -128, 21, -128, 33, -128, 32, -128, 52, -128, 56, -128, 40]",esp32_1
CSI_DATA,146529,2025-08-27 15:37:46.358,0,bend,00:00:00:00:00:00,-41,11,0,0,0,0,0,0,0,0,0,-97,0,1,0,1137138920,0,14,0,0,0,104,0,"[0, 0, 127, -128, 127, -128, 127, -128, 127, -128, 127, -128, 127, -128, 127, -128, 127, -128, 127, -128, 127, -128, 127, -128, 127, -112, 127, -89, 127, -68, 90, -54, 49, -50, 11, -57, -20, -76, -39, -103, -46, -128, -41, -128, -26, -128, -3, -128, 24, -128, 44, -128, 127, 127, 117, 127, 90, 127, 65, 127, 45, 127, 32, 127, 31, 94, 45, 60, 72, 29, 107, 5, 127, -7, 127, -8, 127, 0, 127, 14, 127, 28, 127, 41, 127, 54, 127, 59, 127, 53, 127, 40, 127, 19, 127, -5, 127, -32, 127, -61, 127, -84, 127, -97]",esp32_2
CSI_DATA,143307,2025-08-27 15:37:46.368,0,bend,00:00:00:00:00:00,-66,11,0,0,0,0,0,0,0,0,0,-97,0,1,0,4278127445,0,14,0,0,0,104,0,"[0, 0, 127, 94, 127, 88, 127, 80, 127, 52, 127, 26, 127, -13, 121, -44, 91, -90, 73, -125, 55, -128, 57, -128, 59, -128, 68, -128, 88, -128, 97, -128, 114, -128, 120, -113, 115, -65, 105, -21, 87, 21, 73, 67, 45, 102, 10, 127, -27, 127, -56, 127, -62, -114, -71, -106, -88, -90, -104, -85, -111, -80, -117, -75, -122, -62, -128, -63, -128, -55, -123, -52, -120, -29, -107, -16, -84, -22, -67, -10, -45, -2, -27, 16, 4, 25, 41, 24, 79, 30, 118, 32, 127, 37, 127, 38, 127, 56, 127, 54, 127, 56, 127, 82]",esp32_1
CSI_DATA,146531,2025-08-27 15:37:46.422,0,bend,00:00:00:00:00:00,-41,11,0,0,0,0,0,0,0,0,0,-97,0,1,0,1137158693,0,14,0,0,0,104,0,"[0, 0, 127, 87, 127, 76, 127, 62, 127, 53, 127, 45, 127, 39, 127, 38, 127, 40, 127, 44, 127, 51, 127, 59, 127, 64, 127, 62, 127, 53, 100, 33, 69, 3, 50, -31, 47, -66, 55, -99, 70, -122, 93, -128, 117, -128, 127, -121, 127, -99, 127, -76, -38, 127, -58, 127, -79, 127, -89, 127, -91, 127, -80, 111, -56, 88, -21, 75, 20, 73, 63, 83, 101, 105, 127, 127, 127, 127, 127, 127, 127, 127, 127, 127, 127, 127, 127, 127, 123, 127, 121, 127, 127, 127, 127, 127, 127, 127, 127, 127, 127, 117, 127, 110]",esp32_2
CSI_DATA,146532,2025-08-27 15:37:46.453,0,bend,00:00:00:00:00:00,-40,11,0,0,0,0,0,0,0,0,0,-97,0,1,0,1137170055,0,14,0,0,0,104,0,"[0, 0, -128, -22, -128, -10, -128, 5, -128, 18, -128, 28, -128, 34, -128, 37, -128, 35, -128, 25, -128, 13, -128, 1, -128, -9, -128, -14, -128, -14, -108, -4, -70, 18, -42, 46, -25, 78, -22, 112, -31, 127, -50, 127, -74, 127, -99, 127, -120, 127, -128, 122, 12, -128, 32, -128, 53, -128, 66, -128, 70, -128, 63, -125, 42, -99, 10, -81, -29, -72, -72, -76, -112, -91, -128, -112, -128, -128, -128, -128, -128, -128, -128, -128, -128, -128, -128, -128, -128, -128, -128, -128, -128, -128, -128, -128, -128, -119, -128, -97, -128, -79, -128, -68]",esp32_2
CSI_DATA,143309,2025-08-27 15:37:46.455,0,bend,00:00:00:00:00:00,-66,11,0,0,0,0,0,0,0,0,0,-97,0,1,0,4278147492,0,14,0,0,0,104,0,"[0, 0, 127, -128, 127, -128, 127, -128, 108, -128, 59, -128, 15, -128, -27, -128, -84, -112, -124, -98, -128, -88, -128, -92, -128, -103, -128, -101, -128, -128, -128, -128, -128, -128, -102, -128, -51, -128, -8, -121, 42, -100, 77, -59, 118, -23, 127, 17, 127, 47, 127, 78, -127, 45, -123, 53, -121, 57, -109, 76, -112, 91, -115, 107, -103, 116, -105, 122, -93, 122, -76, 125, -71, 110, -61, 97, -38, 94, -15, 78, 4, 55, 4, 20, 18, -3, 35, -45, 54, -76, 69, -123, 84, -128, 93, -128, 102, -128, 127, -128, 127, -128, 127, -128]",esp32_1
CSI_DATA,146533,2025-08-27 15:37:46.477,0,bend,00:00:00:00:00:00,-40,11,0,0,0,0,0,0,0,0,0,-97,0,1,0,1137178710,0,14,0,0,0,104,0,"[0, 0, -128, 127, -128, 127, -128, 127, -128, 127, -128, 127, -128, 127, -128, 127, -128, 127, -128, 127, -128, 127, -128, 127, -128, 127, -128, 111, -119, 86, -82, 66, -40, 58, -1, 60, 31, 75, 55, 98, 66, 125, 64, 127, 52, 127, 29, 127, 1, 127, -21, 127, -128, -128, -128, -128, -104, -128, -80, -128, -58, -128, -43, -128, -39, -99, -48, -66, -70, -33, -103, -5, -128, 14, -128, 21, -128, 18, -128, 8, -128, -5, -128, -16, -128, -28, -128, -35, -128, -33, -128, -22, -128, -4, -128, 18, -128, 46, -128, 76, -128, 99, -128, 109]",esp32_2
CSI_DATA,143310,2025-08-27 15:37:46.487,0,bend,00:00:00:00:00:00,-66,11,0,0,0,0,0,0,0,0,0,-97,0,1,0,4278158223,0,14,0,0,0,104,0,"[0, 0, -128, 127, -123, 127, -99, 127, -81, 127, -46, 127, -11, 127, 22, 108, 60, 91, 94, 76, 126, 66, 127, 71, 127, 82, 127, 76, 127, 102, 127, 103, 112, 108, 82, 116, 41, 108, 7, 93, -28, 77, -63, 49, -86, 18, -104, -6, -115, -34, -116, -61, 95, -43, 94, -48, 92, -54, 82, -68, 79, -74, 75, -94, 74, -98, 71, -102, 65, -100, 54, -100, 51, -94, 39, -84, 22, -75, 9, -60, -1, -42, -10, -17, -23, 1, -32, 40, -43, 66, -49, 99, -58, 127, -66, 127, -75, 127, -95, 127, -108, 127, -114, 127]",esp32_1
CSI_DATA,146534,2025-08-27 15:37:46.498,0,bend,00:00:00:00:00:00,-41,11,0,0,0,0,0,0,0,0,0,-97,0,1,0,1137189167,0,14,0,0,0,104,0,"[0, 0, 114, -128, 100, -128, 86, -128, 76, -128, 64, -128, 56, -128, 55, -128, 58, -128, 64, -128, 72, -128, 79, -128, 82, -128, 79, -128, 65, -128, 41, -102, 7, -67, -33, -45, -73, -41, -110, -50, -128, -69, -128, -95, -128, -122, -128, -128, -117, -128, -94, -128, 127, 111, 127, 127, 127, 127, 127, 127, 112, 127, 88, 122, 71, 89, 67, 49, 75, 5, 95, -36, 124, -70, 127, -94, 127, -107, 127, -112, 127, -110, 127, -104, 127, -94, 127, -86, 127, -83, 127, -87, 127, -99, 127, -117, 127, -128, 127, -128, 127, -128, 127, -128]",esp32_2
CSI_DATA,143311,2025-08-27 15:37:46.520,0,bend,00:00:00:00:00:00,-66,11,0,0,0,0,0,0,0,0,0,-97,0,1,0,4278169833,0,14,0,0,0,104,0,"[0, 0, -128, 127, -128, 113, -128, 127, -128, 102, -128, 104, -79, 99, -48, 102, 1, 98, 25, 127, 51, 127, 69, 127, 76, 127, 71, 127, 81, 127, 47, 127, 35, 127, 2, 125, -20, 117, -49, 79, -61, 46, -78, 12, -84, -44, -74, -77, -60, -100, -43, -117, 100, 26, 87, 17, 114, 5, 89, -7, 124, -15, 102, -28, 109, -42, 112, -39, 104, -49, 114, -49, 93, -44, 79, -38, 59, -36, 37, -29, 16, -25, 1, -27, -20, -10, -46, 3, -64, 23, -97, 54, -120, 68, -128, 104, -128, 120, -128, 127, -128, 127, -128, 127]",esp32_1
CSI_DATA,146535,2025-08-27 15:37:46.520,0,bend,00:00:00:00:00:00,-41,11,0,0,0,0,0,0,0,0,0,-97,0,1,0,1137199973,0,14,0,0,0,104,0,"[0, 0, 127, 127, 127, 127, 127, 127, 127, 127, 127, 127, 127, 127, 127, 127, 127, 127, 127, 127, 127, 127, 127, 127, 127, 127, 107, 127, 81, 127, 61, 88, 52, 40, 55, -6, 74, -44, 102, -72, 127, -84, 127, -83, 127, -68, 127, -43, 127, -13, 127, 14, -128, 114, -128, 91, -128, 62, -128, 36, -128, 17, -128, 8, -118, 11, -82, 28, -49, 59, -24, 100, -10, 127, -7, 127, -16, 127, -30, 127, -46, 127, -62, 127, -75, 127, -79, 127, -75, 127, -64, 127, -44, 127, -17, 127, 12, 127, 42, 127, 69, 127, 86, 127]",esp32_2
CSI_DATA,146536,2025-08-27 15:37:46.543,0,bend,00:00:00:00:00:00,-41,11,0,0,0,0,0,0,0,0,0,-97,0,1,0,1137208713,0,14,0,0,0,104,0,"[0, 0, -128, -125, -128, -111, -128, -95, -128, -83, -128, -73, -128, -66, -128, -66, -128, -69, -128, -74, -128, -80, -128, -87, -128, -90, -128, -85, -128, -72, -99, -46, -66, -9, -45, 33, -41, 73, -50, 112, -71, 127, -98, 127, -127, 127, -128, 127, -128, 119, -128, 95, 123, -128, 127, -128, 127, -128, 127, -128, 127, -106, 127, -83, 96, -68, 57, -66, 15, -76, -26, -98, -59, -128, -81, -128, -93, -128, -97, -128, -94, -128, -88, -128, -80, -128, -74, -128, -70, -128, -73, -128, -84, -128, -102, -128, -127, -128, -128, -128, -128, -128, -128, -128]",esp32_2
CSI_DATA,143312,2025-08-27 15:37:46.552,0,bend,00:00:00:00:00:00,-66,11,0,0,0,0,0,0,0,0,0,-97,0,1,0,4278178256,0,14,0,0,0,104,0,"[0, 0, 127, -128, 117, -128, 98, -128, 79, -128, 49, -128, 14, -128, -26, -113, -61, -92, -87, -84, -119, -80, -128, -81, -128, -87, -128, -96, -128, -109, -128, -113, -106, -116, -67, -118, -30, -106, 3, -95, 38, -68, 61, -37, 81, -4, 97, 19, 105, 46, 102, 73, -88, 50, -82, 58, -78, 63, -70, 74, -71, 82, -66, 98, -61, 101, -62, 108, -50, 110, -44, 107, -39, 94, -32, 85, -17, 76, -6, 58, 7, 41, 12, 17, 17, -4, 30, -31, 42, -66, 49, -98, 56, -128, 63, -128, 75, -128, 92, -128, 104, -128, 114, -128]",esp32_1
CSI_DATA,146537,2025-08-27 15:37:46.563,0,bend,00:00:00:00:00:00,-41,11,0,0,0,0,0,0,0,0,0,-97,0,1,0,1137220411,0,14,0,0,0,104,0,"[0, 0, 37, 127, 54, 127, 75, 127, 92, 127, 104, 127, 112, 127, 116, 127, 116, 127, 108, 127, 93, 127, 72, 127, 51, 127, 34, 127, 23, 127, 21, 98, 31, 51, 53, 11, 84, -17, 121, -32, 127, -32, 127, -18, 127, 5, 127, 33, 127, 62, 127, 83, -128, 8, -128, -14, -128, -39, -128, -56, -128, -64, -128, -58, -111, -40, -87, -12, -72, 26, -67, 71, -72, 114, -87, 127, -109, 127, -128, 127, -128, 127, -128, 127, -128, 127, -128, 127, -128, 127, -128, 127, -128, 127, -122, 127, -95, 127, -68, 127, -44, 127, -28, 127]",esp32_2
CSI_DATA,143313,2025-08-27 15:37:46.574,0,bend,00:00:00:00:00:00,-66,11,0,0,0,0,0,0,0,0,0,-97,0,1,0,4278187455,0,14,0,0,0,104,0,"[0, 0, 127, -128, 127, -128, 127, -128, 127, -128, 98, -128, 62, -126, 17, -117, -26, -115, -66, -114, -92, -111, -121, -126, -128, -128, -128, -128, -122, -128, -98, -128, -72, -128, -33, -128, 0, -124, 32, -99, 54, -66, 75, -30, 97, 10, 100, 35, 109, 70, 96, 97, -107, -11, -106, -3, -105, 9, -109, 18, -111, 34, -113, 47, -109, 55, -111, 63, -110, 66, -94, 65, -89, 63, -79, 62, -53, 50, -36, 45, -15, 31, -4, 15, 16, -1, 39, -24, 59, -60, 84, -83, 103, -116, 127, -128, 127, -128, 127, -128, 127, -128, 127, -128]",esp32_1
CSI_DATA,146538,2025-08-27 15:37:46.589,0,bend,00:00:00:00:00:00,-41,11,0,0,0,0,0,0,0,0,0,-97,0,1,0,1137228708,0,14,0,0,0,104,0,"[0, 0, -73, -128, -94, -128, -113, -128, -128, -128, -128, -128, -128, -128, -128, -128, -128, -128, -128, -128, -128, -128, -108, -128, -84, -128, -63, -128, -46, -128, -36, -101, -39, -50, -55, -6, -83, 26, -118, 46, -128, 51, -128, 40, -128, 19, -128, -11, -128, -44, -128, -68, 127, -48, 127, -26, 127, 0, 127, 21, 127, 33, 127, 33, 119, 19, 91, -5, 70, -40, 58, -82, 57, -126, 66, -128, 83, -128, 104, -128, 123, -128, 127, -128, 127, -128, 127, -128, 127, -128, 127, -128, 115, -128, 93, -128, 69, -128, 43, -128, 16, -128, -2, -128]",esp32_2
CSI_DATA,143314,2025-08-27 15:37:46.605,0,bend,00:00:00:00:00:00,-65,11,0,0,0,0,0,0,0,0,0,-97,0,1,0,4278197441,0,14,0,0,0,104,0,"[0, 0, 127, 127, 127, 127, 127, 127, 127, 127, 127, 127, 124, 103, 127, 55, 127, 7, 127, -30, 127, -64, 127, -83, 127, -88, 127, -92, 127, -73, 127, -46, 127, -12, 127, 16, 127, 42, 85, 71, 35, 86, -6, 85, -53, 85, -93, 76, -128, 61, -128, 32, -17, -128, -25, -128, -45, -122, -55, -121, -71, -120, -80, -123, -85, -114, -91, -119, -96, -105, -100, -105, -99, -88, -86, -72, -77, -68, -66, -47, -47, -24, -39, 11, -12, 32, 15, 60, 40, 78, 66, 105, 101, 127, 127, 127, 127, 127, 127, 127, 127, 127, 127, 127]",esp32_1
CSI_DATA,146539,2025-08-27 15:37:46.608,0,bend,00:00:00:00:00:00,-40,11,0,0,0,0,0,0,0,0,0,-97,0,1,0,1137239520,0,14,0,0,0,104,0,"[0, 0, 127, -128, 113, -128, 98, -128, 86, -128, 77, -128, 71, -128, 73, -128, 79, -128, 87, -128, 95, -128, 101, -128, 101, -128, 92, -128, 73, -123, 45, -89, 8, -62, -32, -46, -72, -48, -106, -64, -128, -87, -128, -116, -128, -128, -115, -128, -87, -128, -62, -128, 127, 98, 127, 115, 127, 127, 127, 127, 113, 127, 92, 115, 77, 89, 74, 56, 82, 20, 100, -15, 126, -45, 127, -65, 127, -76, 127, -81, 127, -83, 127, -80, 127, -72, 127, -65, 127, -64, 127, -67, 127, -77, 127, -92, 127, -110, 127, -128, 127, -128, 127, -128]",esp32_2
CSI_DATA,146540,2025-08-27 15:37:46.621,0,bend,00:00:00:00:00:00,-40,11,0,0,0,0,0,0,0,0,0,-97,0,1,0,1137258762,0,14,0,0,0,104,0,"[0, 0, 127, 127, 127, 127, 127, 127, 127, 127, 127, 127, 127, 127, 127, 127, 127, 127, 127, 127, 127, 127, 127, 127, 127, 127, 124, 127, 94, 107, 69, 69, 53, 24, 52, -21, 67, -58, 93, -86, 124, -101, 127, -102, 127, -90, 127, -68, 127, -37, 127, -10, -128, 127, -128, 127, -128, 109, -128, 87, -128, 68, -128, 55, -111, 50, -80, 56, -50, 75, -21, 104, 0, 127, 12, 127, 13, 127, 9, 127, 1, 127, -8, 127, -17, 127, -21, 127, -21, 127, -17, 127, -5, 127, 13, 127, 35, 127, 58, 127, 78, 127, 87, 127]",esp32_2
CSI_DATA,143315,2025-08-27 15:37:46.639,0,bend,00:00:00:00:00:00,-65,11,0,0,0,0,0,0,0,0,0,-97,0,1,0,4278207433,0,14,0,0,0,104,0,"[0, 0, -128, 127, -128, 127, -128, 127, -128, 127, -100, 127, -60, 118, -25, 112, 11, 112, 42, 115, 72, 119, 85, 127, 95, 127, 98, 127, 81, 127, 64, 127, 44, 127, 10, 127, -17, 108, -40, 82, -59, 45, -71, 3, -77, -33, -75, -62, -68, -89, -51, -113, 100, -24, 97, -30, 96, -42, 92, -55, 92, -63, 88, -80, 83, -80, 89, -86, 81, -87, 66, -85, 67, -82, 56, -77, 34, -64, 21, -60, 6, -42, -7, -28, -19, -6, -39, 13, -59, 42, -79, 72, -98, 101, -117, 127, -128, 127, -128, 127, -128, 127, -128, 127]",esp32_1
CSI_DATA,146541,2025-08-27 15:37:46.652,0,bend,00:00:00:00:00:00,-40,11,0,0,0,0,0,0,0,0,0,-97,0,1,0,1137293820,0,14,0,0,0,104,0,"[0, 0, 97, -128, 73, -128, 49, -128, 32, -128, 20, -128, 14, -128, 16, -128, 24, -128, 34, -128, 46, -128, 58, -128, 65, -128, 62, -128, 49, -128, 26, -93, -8, -60, -48, -41, -88, -38, -125, -51, -128, -73, -128, -103, -128, -128, -128, -128, -118, -128, -93, -128, 127, 41, 127, 57, 127, 74, 127, 83, 127, 83, 127, 73, 111, 53, 104, 26, 105, -6, 116, -41, 127, -72, 127, -96, 127, -113, 127, -124, 127, -128, 127, -128, 127, -128, 127, -127, 127, -125, 127, -124, 127, -128, 127, -128, 127, -128, 127, -128, 127, -128, 127, -128]",esp32_2
CSI_DATA,143317,2025-08-27 15:37:46.827,0,bend,00:00:00:00:00:00,-65,11,0,0,0,0,0,0,0,0,0,-97,0,1,0,4278227794,0,14,0,0,0,104,0,"[0, 0, 127, 112, 127, 110, 127, 106, 127, 73, 127, 37, 127, 1, 127, -40, 127, -85, 113, -119, 103, -128, 113, -128, 126, -128, 127, -128, 127, -128, 127, -128, 127, -119, 127, -86, 127, -33, 114, 3, 78, 41, 47, 82, 5, 102, -34, 116, -78, 125, -106, 117, -93, -96, -98, -84, -113, -71, -127, -57, -128, -51, -128, -47, -128, -30, -128, -30, -128, -19, -128, -24, -128, -10, -123, -1, -101, -6, -77, 1, -56, 12, -30, 30, 6, 34, 41, 42, 78, 37, 119, 42, 127, 41, 127, 48, 127, 62, 127, 69, 127, 80, 127, 107]",esp32_1
CSI_DATA,143318,2025-08-27 15:37:46.834,0,bend,00:00:00:00:00:00,-66,11,0,0,0,0,0,0,0,0,0,-97,0,1,0,4278237453,0,14,0,0,0,104,0,"[0, 0, -79, -128, -59, -128, -63, -128, -57, -128, -61, -128, -73, -123, -88, -91, -115, -56, -128, -29, -128, -9, -128, -4, -128, -3, -128, -6, -128, -26, -128, -39, -128, -59, -118, -71, -76, -85, -38, -88, 4, -75, 41, -65, 71, -44, 92, -21, 120, 5, 124, 35, -3, 113, 9, 108, 15, 105, 31, 99, 41, 107, 47, 111, 59, 108, 56, 114, 62, 108, 71, 108, 64, 90, 62, 79, 57, 70, 51, 51, 48, 30, 29, 0, 20, -22, 10, -47, -3, -69, -21, -99, -39, -128, -60, -128, -86, -128, -89, -128, -93, -128, -111, -128]",esp32_1
CSI_DATA,143319,2025-08-27 15:37:46.839,0,bend,00:00:00:00:00:00,-66,11,0,0,0,0,0,0,0,0,0,-97,0,1,0,4278247493,0,14,0,0,0,104,0,"[0, 0, -128, -128, -128, -128, -128, -128, -115, -128, -113, -128, -104, -97, -114, -61, -125, -20, -128, 5, -128, 33, -128, 44, -128, 50, -128, 46, -128, 31, -128, 17, -128, -14, -128, -33, -97, -56, -63, -70, -20, -70, 16, -75, 53, -64, 86, -47, 115, -30, 127, -4, 26, 110, 34, 106, 42, 94, 57, 93, 69, 94, 81, 94, 84, 91, 89, 91, 94, 88, 99, 84, 89, 70, 86, 58, 73, 54, 64, 38, 46, 20, 35, -5, 14, -26, -7, -40, -21, -62, -55, -89, -80, -111, -99, -128, -128, -128, -128, -128, -128, -128, -128, -128]",esp32_1
CSI_DATA,143320,2025-08-27 15:37:46.843,0,bend,00:00:00:00:00:00,-66,11,0,0,0,0,0,0,0,0,0,-97,0,1,0,4278257459,0,14,0,0,0,104,0,"[0, 0, 127, -128, 127, -128, 127, -128, 110, -128, 79, -128, 40, -128, 2, -128, -37, -124, -71, -124, -99, -120, -122, -127, -128, -128, -128, -128, -114, -128, -89, -128, -67, -128, -26, -128, 8, -114, 34, -90, 59, -53, 74, -19, 85, 26, 82, 61, 76, 89, 59, 110, -79, 79, -73, 80, -69, 83, -55, 93, -52, 105, -49, 118, -43, 125, -44, 127, -36, 127, -22, 123, -23, 117, -21, 104, -2, 91, 7, 73, 8, 55, 15, 34, 28, 8, 34, -19, 46, -54, 55, -87, 66, -128, 77, -128, 83, -128, 102, -128, 117, -128, 127, -128]",esp32_1
CSI_DATA,143321,2025-08-27 15:37:46.845,0,bend,00:00:00:00:00:00,-66,11,0,0,0,0,0,0,0,0,0,-97,0,1,0,4278267793,0,14,0,0,0,104,0,"[0, 0, -128, 34, -128, 29, -128, 20, -128, 31, -128, 40, -124, 50, -92, 70, -70, 90, -51, 108, -34, 127, -31, 127, -34, 127, -39, 127, -50, 127, -65, 127, -72, 121, -82, 94, -83, 59, -82, 25, -67, -12, -49, -46, -30, -75, -4, -89, 24, -103, 49, -108, 96, 19, 96, 9, 96, -2, 99, -12, 104, -22, 107, -29, 106, -37, 113, -43, 108, -47, 102, -46, 97, -54, 88, -49, 69, -38, 52, -36, 30, -30, 12, -32, -9, -24, -34, -17, -61, 2, -88, 16, -117, 26, -128, 36, -128, 42, -128, 55, -128, 65, -128, 42]",esp32_1
CSI_DATA,146542,2025-08-27 15:37:46.845,0,bend,00:00:00:00:00:00,-40,11,0,0,0,0,0,0,0,0,0,-97,0,1,0,1137352135,0,14,0,0,0,104,0,"[0, 0, -86, -128, -101, -128, -120, -111, -128, -98, -128, -89, -128, -88, -128, -91, -128, -98, -128, -105, -128, -111, -128, -112, -128, -107, -107, -92, -83, -69, -63, -38, -53, -2, -54, 33, -68, 63, -91, 85, -117, 95, -128, 93, -128, 80, -128, 56, -128, 27, -128, 3, 83, -112, 89, -107, 92, -99, 90, -90, 84, -82, 71, -76, 53, -76, 34, -83, 13, -97, -7, -117, -22, -128, -30, -128, -33, -128, -32, -128, -30, -128, -28, -128, -23, -128, -19, -128, -17, -128, -18, -128, -21, -128, -26, -128, -32, -128, -39, -128, -44, -128, -46, -128]",esp32_2
CSI_DATA,146543,2025-08-27 15:37:46.854,0,bend,00:00:00:00:00:00,-40,11,0,0,0,0,0,0,0,0,0,-97,0,1,0,1137352581,0,14,0,0,0,104,0,"[0, 0, -45, 127, -12, 127, 25, 127, 55, 127, 78, 127, 95, 127, 104, 127, 104, 127, 97, 127, 83, 127, 64, 127, 44, 127, 31, 127, 26, 126, 31, 79, 48, 34, 77, -1, 113, -21, 127, -27, 127, -19, 127, 3, 127, 31, 127, 63, 127, 96, 127, 120, -128, 15, -128, 3, -128, -9, -128, -15, -128, -14, -127, -5, -110, 13, -99, 38, -94, 69, -94, 106, -100, 127, -113, 127, -128, 127, -128, 127, -128, 127, -128, 127, -128, 127, -128, 127, -128, 127, -128, 127, -128, 127, -128, 127, -128, 127, -128, 127, -128, 127, -128, 127]",esp32_2
CSI_DATA,146544,2025-08-27 15:37:46.859,0,bend,00:00:00:00:00:00,-39,11,0,0,0,0,0,0,0,0,0,-97,0,1,0,1137382490,0,14,0,0,0,104,0,"[0, 0, 127, -128, 122, -128, 91, -128, 66, -128, 49, -128, 39, -128, 35, -128, 38, -128, 45, -128, 50, -128, 56, -128, 57, -128, 49, -128, 31, -108, 4, -77, -32, -54, -72, -43, -111, -49, -128, -69, -128, -96, -128, -128, -128, -128, -128, -128, -113, -128, -85, -128, 127, 55, 127, 63, 125, 68, 114, 65, 104, 57, 94, 41, 88, 20, 91, -7, 102, -38, 120, -69, 127, -95, 127, -112, 127, -124, 127, -128, 127, -128, 127, -128, 127, -128, 127, -128, 127, -128, 127, -128, 127, -128, 127, -128, 127, -128, 127, -128, 127, -128, 127, -128]",esp32_2
CSI_DATA,146545,2025-08-27 15:37:46.863,0,bend,00:00:00:00:00:00,-39,11,0,0,0,0,0,0,0,0,0,-97,0,1,0,1137442332,0,14,0,0,0,104,0,"[0, 0, 127, 127, 127, 99, 127, 68, 127, 40, 127, 15, 127, -4, 127, -19, 127, -26, 127, -26, 127, -24, 127, -20, 127, -18, 106, -22, 71, -30, 33, -47, -1, -75, -25, -109, -35, -128, -33, -128, -20, -128, 4, -128, 37, -128, 72, -128, 105, -128, 127, -128, -70, 127, -72, 123, -71, 110, -65, 97, -52, 83, -32, 69, -2, 61, 32, 59, 69, 63, 107, 76, 127, 95, 127, 117, 127, 127, 127, 127, 127, 127, 127, 127, 127, 127, 127, 127, 127, 127, 127, 127, 127, 127, 127, 127, 127, 127, 127, 127, 127, 127, 127, 127]",esp32_2
CSI_DATA,146546,2025-08-27 15:37:46.868,0,bend,00:00:00:00:00:00,-39,11,0,0,0,0,0,0,0,0,0,-97,0,1,0,1137466738,0,14,0,0,0,104,0,"[0, 0, -128, 127, -128, 127, -128, 127, -128, 127, -128, 127, -119, 127, -105, 127, -96, 127, -87, 127, -77, 127, -66, 127, -51, 124, -27, 100, 5, 74, 41, 52, 82, 40, 122, 39, 127, 52, 127, 75, 127, 104, 127, 127, 127, 127, 127, 127, 127, 127, 127, 127, -105, -126, -96, -127, -83, -122, -71, -108, -62, -89, -56, -62, -58, -30, -70, 4, -88, 38, -115, 70, -128, 96, -128, 115, -128, 127, -128, 127, -128, 127, -128, 127, -128, 127, -128, 127, -128, 127, -128, 127, -128, 127, -128, 127, -128, 127, -128, 127, -128, 127, -128, 127]",esp32_2
CSI_DATA,146547,2025-08-27 15:37:46.874,0,bend,00:00:00:00:00:00,-39,11,0,0,0,0,0,0,0,0,0,-97,0,1,0,1137492219,0,14,0,0,0,104,0,"[0, 0, 127, -128, 127, -128, 127, -128, 127, -128, 127, -128, 114, -128, 100, -128, 87, -128, 75, -128, 60, -128, 47, -128, 32, -106, 9, -79, -20, -53, -53, -30, -91, -14, -128, -11, -128, -22, -128, -41, -128, -67, -128, -96, -128, -121, -128, -128, -128, -128, -128, -128, 97, 127, 86, 127, 70, 121, 57, 106, 49, 86, 43, 60, 44, 28, 54, -5, 70, -39, 91, -73, 117, -101, 127, -122, 127, -128, 127, -128, 127, -128, 127, -128, 127, -128, 127, -128, 127, -128, 127, -128, 127, -128, 127, -128, 127, -128, 127, -128, 127, -128, 127, -128]",esp32_2
CSI_DATA,146548,2025-08-27 15:37:46.879,0,bend,00:00:00:00:00:00,-39,11,0,0,0,0,0,0,0,0,0,-97,0,1,0,1137532383,0,14,0,0,0,104,0,"[0, 0, -128, -128, -128, -128, -128, -128, -128, -128, -128, -128, -128, -128, -128, -127, -128, -112, -128, -99, -128, -82, -103, -63, -78, -40, -51, -11, -24, 22, -1, 58, 14, 99, 18, 127, 9, 127, -9, 127, -32, 127, -59, 127, -86, 127, -109, 127, -127, 127, -128, 127, 127, -48, 127, -37, 127, -25, 125, -17, 102, -11, 73, -11, 39, -19, 7, -36, -24, -58, -55, -87, -79, -116, -96, -128, -110, -128, -121, -128, -128, -128, -128, -128, -128, -128, -128, -128, -128, -128, -128, -128, -128, -128, -128, -128, -128, -128, -128, -128, -128, -128, -128, -128]",esp32_2
CSI_DATA,146549,2025-08-27 15:37:46.884,0,bend,00:00:00:00:00:00,-39,11,0,0,0,0,0,0,0,0,0,-97,0,1,0,1137553001,0,14,0,0,0,104,0,"[0, 0, -128, 127, -128, 127, -128, 127, -128, 127, -128, 127, -117, 127, -102, 127, -90, 127, -81, 127, -69, 126, -55, 99, -36, 69, -9, 38, 23, 7, 56, -19, 93, -39, 127, -51, 127, -51, 127, -40, 127, -23, 127, 1, 127, 30, 127, 57, 127, 78, 127, 91, -39, -128, -29, -128, -18, -128, -9, -128, -3, -104, -4, -73, -14, -39, -29, -6, -49, 24, -76, 50, -106, 72, -128, 90, -128, 104, -128, 120, -128, 127, -128, 127, -128, 127, -128, 127, -128, 127, -128, 127, -128, 127, -128, 127, -128, 127, -128, 127, -128, 127, -128, 127]",esp32_2
CSI_DATA,146550,2025-08-27 15:37:46.888,0,bend,00:00:00:00:00:00,-39,11,0,0,0,0,0,0,0,0,0,-97,0,1,0,1137577864,0,14,0,0,0,104,0,"[0, 0, 127, -113, 127, -114, 127, -118, 127, -121, 127, -121, 127, -118, 127, -113, 127, -105, 127, -92, 127, -79, 114, -64, 78, -49, 36, -38, -10, -32, -55, -33, -98, -43, -128, -62, -128, -91, -128, -124, -128, -128, -128, -128, -128, -128, -126, -128, -97, -128, -76, -128, -19, 127, -28, 127, -36, 127, -37, 126, -31, 100, -19, 73, 2, 46, 30, 24, 62, 6, 97, -9, 127, -18, 127, -23, 127, -24, 127, -25, 127, -28, 127, -32, 127, -36, 127, -42, 127, -50, 127, -60, 127, -71, 127, -81, 127, -90, 127, -99, 127, -105, 127, -106]",esp32_2
CSI_DATA,146551,2025-08-27 15:37:46.893,0,bend,00:00:00:00:00:00,-41,11,0,0,0,0,0,0,0,0,0,-97,0,1,0,1137613824,0,14,0,0,0,104,0,"[0, 0, 127, -128, 127, -128, 116, -128, 99, -128, 83, -128, 70, -128, 60, -128, 53, -128, 48, -128, 43, -128, 38, -128, 29, -93, 14, -51, -8, -7, -35, 32, -68, 66, -105, 87, -128, 95, -128, 92, -128, 79, -128, 57, -128, 32, -128, 5, -128, -20, -128, -35, 92, 127, 74, 127, 51, 127, 35, 127, 25, 104, 20, 70, 23, 33, 35, -3, 51, -37, 70, -67, 90, -93, 110, -115, 127, -128, 127, -128, 127, -128, 127, -128, 127, -128, 127, -128, 127, -128, 127, -128, 127, -128, 127, -128, 127, -128, 127, -128, 127, -128, 127, -128]",esp32_2
CSI_DATA,146552,2025-08-27 15:37:46.907,0,bend,00:00:00:00:00:00,-41,11,0,0,0,0,0,0,0,0,0,-97,0,1,0,1137651176,0,14,0,0,0,104,0,"[0, 0, -128, -128, -128, -128, -128, -128, -128, -128, -128, -128, -128, -123, -128, -107, -128, -94, -128, -87, -128, -78, -124, -67, -93, -52, -59, -29, -23, 1, 10, 32, 37, 68, 55, 105, 62, 127, 58, 127, 44, 127, 20, 127, -12, 127, -43, 127, -64, 127, -76, 127, 127, -43, 127, -26, 127, -8, 127, 2, 102, 7, 64, 1, 25, -19, -8, -46, -37, -77, -56, -112, -67, -128, -75, -128, -82, -128, -92, -128, -108, -128, -126, -128, -128, -128, -128, -128, -128, -128, -128, -128, -128, -128, -128, -128, -128, -128, -128, -128, -128, -128, -128, -128]",esp32_2
CSI_DATA,146553,2025-08-27 15:37:46.927,0,bend,00:00:00:00:00:00,-42,11,0,0,0,0,0,0,0,0,0,-97,0,1,0,1137703109,0,14,0,0,0,104,0,"[0, 0, 127, -128, 127, -128, 127, -128, 127, -128, 127, -128, 127, -128, 121, -128, 104, -128, 86, -128, 66, -116, 47, -91, 27, -65, 4, -37, -20, -10, -47, 14, -77, 33, -107, 44, -128, 46, -128, 41, -128, 29, -128, 15, -128, -2, -128, -19, -128, -35, -128, -44, 8, 127, -10, 127, -30, 127, -40, 127, -40, 95, -31, 55, -11, 16, 18, -18, 51, -46, 87, -66, 120, -78, 127, -81, 127, -82, 127, -84, 127, -89, 127, -95, 127, -105, 127, -124, 127, -128, 127, -128, 127, -128, 127, -128, 127, -128, 127, -128, 127, -128, 127, -128]",esp32_2
CSI_DATA,143323,2025-08-27 15:37:46.935,0,bend,00:00:00:00:00:00,-66,11,0,0,0,0,0,0,0,0,0,-97,0,1,0,4278287476,0,14,0,0,0,104,0,"[0, 0, 127, 127, 127, 127, 127, 127, 127, 127, 127, 119, 127, 71, 127, 33, 127, -13, 127, -45, 127, -83, 127, -103, 127, -110, 127, -110, 127, -102, 127, -72, 127, -43, 127, -6, 119, 24, 88, 53, 46, 70, 2, 86, -41, 90, -77, 80, -121, 73, -128, 51, -76, -113, -74, -105, -92, -94, -98, -80, -116, -80, -122, -81, -128, -74, -128, -71, -128, -65, -128, -66, -128, -49, -120, -37, -103, -40, -87, -26, -62, -12, -42, 15, -17, 21, 15, 35, 51, 50, 81, 65, 121, 82, 127, 109, 127, 127, 127, 127, 127, 127, 127, 127]",esp32_1
CSI_DATA,146554,2025-08-27 15:37:46.944,0,bend,00:00:00:00:00:00,-41,11,0,0,0,0,0,0,0,0,0,-97,0,1,0,1137725658,0,14,0,0,0,104,0,"[0, 0, -128, -97, -128, -94, -128, -88, -128, -84, -128, -79, -128, -74, -128, -67, -128, -58, -128, -49, -128, -38, -99, -28, -63, -17, -24, -3, 15, 13, 51, 32, 83, 56, 107, 82, 120, 108, 127, 127, 124, 127, 116, 127, 103, 127, 87, 127, 71, 127, 58, 127, 127, -7, 127, 11, 127, 30, 127, 42, 115, 46, 74, 43, 33, 29, -4, 4, -38, -27, -68, -59, -88, -92, -101, -122, -111, -128, -120, -128, -127, -128, -128, -128, -128, -128, -128, -128, -128, -128, -128, -128, -128, -128, -128, -128, -128, -117, -128, -104, -128, -98, -128, -99]",esp32_2
CSI_DATA,143324,2025-08-27 15:37:46.966,0,bend,00:00:00:00:00:00,-66,11,0,0,0,0,0,0,0,0,0,-97,0,1,0,4278297435,0,14,0,0,0,104,0,"[0, 0, -128, -32, -128, -34, -128, -37, -128, -22, -128, -6, -128, 12, -119, 38, -100, 68, -86, 91, -72, 113, -75, 127, -76, 127, -81, 127, -95, 127, -100, 126, -105, 99, -101, 73, -94, 33, -83, -1, -62, -28, -35, -57, -8, -78, 21, -86, 55, -95, 80, -90, 94, 43, 92, 37, 102, 23, 107, 14, 114, 4, 118, 0, 115, -11, 123, -17, 121, -18, 116, -18, 111, -25, 103, -29, 80, -22, 64, -22, 50, -17, 27, -31, 3, -25, -24, -23, -57, -16, -84, -8, -118, -4, -128, 1, -128, -4, -128, 6, -128, 1, -128, -27]",esp32_1
CSI_DATA,146555,2025-08-27 15:37:46.970,0,bend,00:00:00:00:00:00,-41,11,0,0,0,0,0,0,0,0,0,-97,0,1,0,1137760200,0,14,0,0,0,104,0,"[0, 0, 127, -128, 127, -128, 127, -128, 127, -128, 127, -128, 127, -128, 127, -128, 125, -128, 106, -128, 87, -128, 71, -102, 54, -60, 32, -16, 7, 27, -21, 64, -51, 96, -84, 116, -118, 125, -128, 127, -128, 124, -128, 116, -128, 105, -128, 90, -128, 72, -128, 56, -126, 127, -128, 127, -128, 127, -128, 113, -117, 86, -96, 57, -68, 29, -32, 8, 7, -7, 46, -19, 84, -27, 119, -29, 127, -29, 127, -27, 127, -26, 127, -28, 127, -35, 127, -49, 127, -66, 127, -85, 127, -115, 127, -128, 127, -128, 127, -128, 127, -128, 127, -128]",esp32_2
CSI_DATA,143325,2025-08-27 15:37:46.987,0,bend,00:00:00:00:00:00,-65,11,0,0,0,0,0,0,0,0,0,-97,0,1,0,4278307460,0,14,0,0,0,104,0,"[0, 0, -128, -128, -128, -128, -128, -128, -128, -128, -121, -128, -115, -104, -115, -66, -128, -30, -128, 0, -128, 27, -128, 40, -128, 40, -128, 44, -128, 22, -128, 8, -128, -11, -128, -36, -91, -49, -56, -60, -18, -70, 17, -64, 56, -56, 82, -38, 116, -20, 124, 4, 49, 105, 52, 99, 61, 89, 69, 86, 86, 85, 87, 87, 95, 79, 99, 79, 104, 79, 109, 76, 99, 62, 97, 48, 85, 52, 70, 33, 57, 24, 39, -5, 18, -22, -4, -36, -29, -48, -56, -72, -87, -95, -105, -125, -128, -128, -128, -128, -128, -128, -128, -128]",esp32_1
CSI_DATA,143326,2025-08-27 15:37:47.018,0,bend,00:00:00:00:00:00,-65,11,0,0,0,0,0,0,0,0,0,-97,0,1,0,4278317481,0,14,0,0,0,104,0,"[0, 0, 17, 127, 6, 127, 17, 127, 13, 127, 27, 127, 39, 127, 63, 118, 88, 94, 110, 74, 127, 57, 127, 51, 127, 56, 127, 60, 127, 75, 127, 81, 127, 91, 92, 99, 49, 94, 14, 86, -25, 63, -49, 44, -75, 14, -88, -19, -106, -47, -102, -74, 4, -117, -1, -116, -6, -110, -23, -113, -31, -115, -35, -118, -45, -119, -53, -122, -51, -120, -66, -118, -58, -106, -56, -95, -55, -84, -50, -68, -43, -47, -42, -23, -24, 4, -13, 32, -7, 59, 3, 90, 17, 126, 30, 127, 52, 127, 51, 127, 49, 127, 56, 127]",esp32_1
CSI_DATA,146557,2025-08-27 15:37:47.018,0,bend,00:00:00:00:00:00,-42,11,0,0,0,0,0,0,0,0,0,-97,0,1,0,1137821004,0,14,0,0,0,104,0,"[0, 0, -128, -9, -128, -9, -128, -8, -128, -9, -128, -11, -128, -15, -128, -21, -128, -26, -128, -32, -128, -35, -128, -38, -123, -38, -78, -31, -33, -20, 11, -2, 53, 22, 87, 52, 108, 85, 118, 121, 116, 127, 105, 127, 86, 127, 62, 127, 38, 127, 20, 127, 127, -113, 127, -97, 127, -77, 127, -59, 127, -45, 116, -35, 83, -33, 50, -40, 17, -53, -16, -71, -44, -92, -66, -112, -83, -128, -97, -128, -109, -128, -120, -128, -128, -128, -128, -128, -128, -128, -128, -128, -128, -121, -128, -102, -128, -82, -128, -61, -128, -44, -128, -35]",esp32_2
CSI_DATA,146558,2025-08-27 15:37:47.048,0,bend,00:00:00:00:00:00,-41,11,0,0,0,0,0,0,0,0,0,-97,0,1,0,1137858162,0,14,0,0,0,104,0,"[0, 0, 127, 127, 127, 127, 127, 127, 127, 127, 127, 127, 121, 127, 110, 127, 99, 127, 87, 127, 73, 127, 58, 127, 45, 127, 37, 99, 35, 58, 40, 15, 55, -26, 77, -60, 109, -83, 127, -93, 127, -89, 127, -74, 127, -51, 127, -23, 127, 7, 127, 29, -128, 80, -128, 62, -128, 40, -128, 25, -128, 18, -103, 22, -74, 35, -48, 57, -25, 84, -8, 116, 3, 127, 7, 127, 5, 127, 0, 127, -4, 127, -8, 127, -11, 127, -9, 127, -2, 127, 12, 127, 31, 127, 52, 127, 77, 127, 101, 127, 120, 127, 127, 127]",esp32_2
CSI_DATA,143327,2025-08-27 15:37:47.051,0,bend,00:00:00:00:00:00,-65,11,0,0,0,0,0,0,0,0,0,-97,0,1,0,4278327458,0,14,0,0,0,104,0,"[0, 0, -128, 74, -128, 62, -128, 47, -128, 56, -128, 58, -128, 66, -95, 80, -70, 94, -48, 111, -35, 127, -23, 127, -23, 127, -21, 127, -39, 127, -47, 127, -60, 126, -71, 101, -72, 68, -74, 29, -62, 0, -50, -40, -28, -67, -3, -84, 24, -97, 45, -102, 101, -2, 103, -9, 102, -19, 99, -30, 101, -41, 99, -49, 97, -57, 104, -66, 104, -69, 96, -65, 93, -70, 87, -69, 69, -53, 53, -49, 37, -43, 17, -40, -1, -25, -29, -11, -50, 7, -79, 27, -107, 43, -128, 61, -128, 65, -128, 84, -128, 91, -128, 80]",esp32_1
CSI_DATA,146559,2025-08-27 15:37:47.073,0,bend,00:00:00:00:00:00,-40,11,0,0,0,0,0,0,0,0,0,-97,0,1,0,1137909024,0,14,0,0,0,104,0,"[0, 0, -128, -69, -128, -63, -128, -53, -128, -48, -128, -45, -128, -42, -128, -36, -128, -30, -128, -20, -128, -8, -128, 0, -128, 9, -111, 20, -84, 34, -59, 57, -40, 88, -35, 117, -44, 127, -60, 127, -82, 127, -107, 127, -126, 127, -128, 127, -128, 127, -128, 127, -14, -128, 3, -128, 17, -128, 21, -128, 15, -104, 2, -77, -22, -54, -56, -41, -94, -34, -128, -30, -128, -33, -128, -46, -128, -65, -128, -87, -128, -108, -128, -124, -128, -128, -128, -128, -128, -128, -128, -128, -128, -127, -128, -116, -128, -96, -128, -75, -128, -66, -128, -68]",esp32_2
CSI_DATA,143328,2025-08-27 15:37:47.083,0,bend,00:00:00:00:00:00,-65,11,0,0,0,0,0,0,0,0,0,-97,0,1,0,4278337418,0,14,0,0,0,104,0,"[0, 0, -128, 127, -128, 127, -128, 117, -128, 113, -128, 103, -127, 107, -89, 110, -46, 123, -24, 122, -4, 127, 3, 127, 7, 127, 21, 127, 5, 127, -15, 127, -27, 127, -54, 127, -62, 87, -72, 53, -68, 14, -61, -32, -35, -61, -14, -88, 7, -115, 34, -126, 105, -41, 109, -54, 95, -53, 95, -71, 81, -72, 93, -90, 82, -95, 90, -102, 84, -112, 78, -102, 76, -96, 72, -93, 63, -89, 43, -76, 28, -69, 3, -45, -14, -23, -27, -2, -57, 21, -74, 51, -107, 73, -128, 109, -128, 114, -128, 127, -128, 127, -128, 127]",esp32_1
CSI_DATA,146560,2025-08-27 15:37:47.096,0,bend,00:00:00:00:00:00,-39,11,0,0,0,0,0,0,0,0,0,-97,0,1,0,1137933220,0,14,0,0,0,104,0,"[0, 0, 127, 127, 127, 127, 127, 127, 127, 127, 127, 127, 127, 127, 127, 127, 125, 118, 117, 106, 105, 92, 91, 74, 78, 54, 70, 30, 63, 3, 59, -25, 61, -55, 69, -81, 85, -101, 106, -114, 127, -118, 127, -112, 127, -96, 127, -74, 127, -49, 127, -30, -128, 84, -128, 69, -119, 50, -101, 36, -78, 26, -51, 24, -22, 31, 6, 45, 30, 67, 49, 94, 61, 125, 67, 127, 68, 127, 67, 127, 68, 127, 66, 127, 64, 127, 64, 127, 67, 127, 72, 127, 80, 127, 91, 127, 103, 127, 116, 127, 127, 127, 127, 127]",esp32_2
CSI_DATA,143329,2025-08-27 15:37:47.112,0,bend,00:00:00:00:00:00,-65,11,0,0,0,0,0,0,0,0,0,-97,0,1,0,4278349004,0,14,0,0,0,104,0,"[0, 0, -128, 127, -128, 127, -128, 127, -125, 127, -90, 127, -57, 127, -20, 127, 22, 127, 56, 127, 91, 127, 112, 127, 121, 127, 123, 127, 104, 127, 84, 127, 59, 127, 24, 127, -14, 117, -37, 84, -56, 44, -66, -4, -65, -42, -62, -80, -48, -111, -27, -128, 48, -117, 39, -122, 32, -118, 19, -127, 14, -128, 1, -128, -5, -128, -4, -128, -10, -128, -19, -128, -20, -128, -19, -128, -26, -114, -30, -95, -33, -76, -31, -45, -32, -19, -37, 17, -45, 57, -47, 93, -59, 127, -68, 127, -67, 127, -86, 127, -106, 127, -114, 127]",esp32_1
CSI_DATA,146561,2025-08-27 15:37:47.116,0,bend,00:00:00:00:00:00,-40,11,0,0,0,0,0,0,0,0,0,-97,0,1,0,1137957452,0,14,0,0,0,104,0,"[0, 0, -128, -128, -128, -128, -128, -128, -128, -128, -128, -128, -128, -120, -128, -109, -128, -99, -128, -89, -123, -78, -106, -65, -89, -47, -73, -23, -56, 4, -44, 33, -37, 67, -41, 98, -55, 124, -74, 127, -98, 127, -124, 127, -128, 127, -128, 127, -128, 103, -128, 81, 125, -85, 124, -72, 114, -55, 97, -40, 76, -31, 51, -27, 23, -32, -3, -46, -28, -65, -50, -88, -66, -114, -75, -128, -80, -128, -83, -128, -87, -128, -88, -128, -89, -128, -92, -128, -95, -128, -98, -128, -105, -128, -115, -128, -128, -128, -128, -128, -128, -128, -128, -128]",esp32_2
CSI_DATA,146562,2025-08-27 15:37:47.144,0,bend,00:00:00:00:00:00,-41,11,0,0,0,0,0,0,0,0,0,-97,0,1,0,1137993114,0,14,0,0,0,104,0,"[0, 0, 127, 102, 127, 87, 127, 74, 127, 62, 127, 50, 127, 41, 127, 35, 127, 30, 127, 27, 127, 23, 127, 19, 122, 11, 97, -4, 72, -25, 47, -51, 28, -80, 18, -111, 21, -128, 35, -128, 56, -128, 85, -128, 117, -128, 127, -128, 127, -128, 127, -128, -10, 127, -21, 127, -31, 127, -31, 123, -26, 103, -12, 83, 9, 68, 34, 59, 65, 56, 97, 62, 126, 71, 127, 80, 127, 92, 127, 104, 127, 114, 127, 123, 127, 127, 127, 127, 127, 127, 127, 127, 127, 127, 127, 127, 127, 127, 127, 127, 127, 127, 127, 127]",esp32_2
CSI_DATA,146563,2025-08-27 15:37:47.159,0,bend,00:00:00:00:00:00,-42,11,0,0,0,0,0,0,0,0,0,-97,0,1,0,1138019168,0,14,0,0,0,104,0,"[0, 0, -128, -128, -128, -128, -128, -128, -128, -128, -128, -128, -128, -128, -128, -121, -128, -111, -128, -102, -128, -91, -128, -80, -112, -63, -93, -41, -73, -15, -56, 18, -47, 58, -50, 95, -66, 127, -90, 127, -120, 127, -128, 127, -128, 127, -128, 127, -128, 106, -128, 80, 105, -128, 109, -121, 106, -103, 94, -85, 79, -71, 57, -63, 29, -61, 2, -68, -26, -80, -54, -98, -76, -116, -92, -128, -106, -128, -118, -128, -128, -128, -128, -128, -128, -128, -128, -128, -128, -128, -128, -128, -128, -128, -128, -128, -128, -128, -128, -128, -128, -128, -128, -128]",esp32_2
CSI_DATA,146564,2025-08-27 15:37:47.190,0,bend,00:00:00:00:00:00,-41,11,0,0,0,0,0,0,0,0,0,-97,0,1,0,1138044286,0,14,0,0,0,104,0,"[0, 0, 127, 127, 127, 118, 127, 100, 127, 82, 127, 64, 127, 46, 127, 31, 127, 19, 127, 11, 127, 4, 127, -1, 127, -5, 119, -13, 93, -26, 67, -46, 45, -73, 33, -103, 34, -128, 45, -128, 65, -128, 92, -128, 119, -128, 127, -128, 127, -128, 127, -128, 27, 127, 15, 127, 3, 127, -1, 127, 0, 114, 10, 92, 29, 73, 56, 59, 87, 51, 119, 48, 127, 50, 127, 56, 127, 66, 127, 78, 127, 87, 127, 95, 127, 104, 127, 111, 127, 112, 127, 111, 127, 110, 127, 111, 127, 115, 127, 118, 127, 122, 127, 127]",esp32_2
CSI_DATA,146565,2025-08-27 15:37:47.213,0,bend,00:00:00:00:00:00,-42,11,0,0,0,0,0,0,0,0,0,-97,0,1,0,1138078925,0,14,0,0,0,104,0,"[0, 0, 42, 127, 34, 127, 34, 127, 36, 127, 41, 127, 49, 127, 58, 127, 66, 124, 70, 112, 72, 103, 70, 94, 67, 82, 65, 66, 64, 46, 66, 24, 72, 1, 84, -19, 102, -33, 124, -40, 127, -37, 127, -26, 127, -8, 127, 14, 127, 35, 127, 52, -122, 86, -121, 73, -112, 55, -97, 41, -78, 34, -53, 35, -27, 43, -4, 59, 15, 80, 28, 104, 36, 127, 38, 127, 36, 127, 35, 127, 35, 127, 33, 127, 31, 127, 35, 127, 41, 127, 49, 127, 58, 127, 67, 127, 73, 127, 77, 127, 77, 127, 72, 127]",esp32_2
CSI_DATA,143331,2025-08-27 15:37:47.225,0,bend,00:00:00:00:00:00,-65,11,0,0,0,0,0,0,0,0,0,-97,0,1,0,4278367451,0,14,0,0,0,104,0,"[0, 0, -128, 127, -128, 127, -128, 127, -124, 127, -93, 127, -58, 127, -24, 127, 11, 122, 41, 119, 68, 116, 94, 127, 105, 127, 110, 127, 94, 127, 73, 127, 50, 127, 23, 127, -11, 107, -29, 85, -49, 48, -63, 9, -70, -29, -67, -59, -61, -88, -44, -110, 85, -64, 78, -70, 73, -71, 64, -81, 58, -90, 57, -107, 49, -111, 50, -122, 47, -122, 32, -124, 37, -119, 27, -110, 18, -96, 7, -85, 3, -66, -4, -46, -13, -19, -20, 4, -37, 37, -49, 71, -65, 108, -84, 127, -95, 127, -113, 127, -128, 127, -128, 127]",esp32_1
CSI_DATA,146566,2025-08-27 15:37:47.230,0,bend,00:00:00:00:00:00,-41,11,0,0,0,0,0,0,0,0,0,-97,0,1,0,1138126758,0,14,0,0,0,104,0,"[0, 0, -128, 70, -128, 60, -128, 52, -128, 45, -128, 44, -128, 48, -128, 54, -128, 60, -128, 66, -128, 72, -128, 74, -112, 76, -90, 78, -65, 79, -38, 84, -14, 96, 4, 115, 14, 127, 16, 127, 9, 127, -6, 127, -23, 127, -43, 127, -63, 127, -77, 127, -122, -128, -100, -128, -74, -128, -55, -128, -43, -103, -42, -67, -55, -29, -81, 4, -116, 30, -128, 47, -128, 55, -128, 51, -128, 40, -128, 27, -128, 13, -128, 0, -128, -6, -128, -5, -128, 2, -128, 14, -128, 32, -128, 54, -128, 78, -128, 100, -128, 109, -128, 107]",esp32_2
CSI_DATA,143332,2025-08-27 15:37:47.249,0,bend,00:00:00:00:00:00,-65,11,0,0,0,0,0,0,0,0,0,-97,0,1,0,4278377458,0,14,0,0,0,104,0,"[0, 0, 80, 127, 70, 127, 72, 127, 62, 127, 64, 127, 73, 127, 87, 104, 108, 70, 126, 49, 127, 22, 127, 12, 127, 20, 127, 16, 127, 34, 127, 43, 127, 59, 116, 77, 75, 83, 43, 79, -1, 66, -34, 54, -67, 29, -87, 6, -108, -21, -115, -51, -14, -114, -17, -113, -23, -103, -40, -101, -50, -104, -61, -103, -71, -101, -79, -106, -83, -106, -91, -101, -88, -91, -84, -82, -77, -78, -72, -59, -58, -45, -43, -19, -26, 0, -10, 25, 6, 48, 24, 80, 41, 111, 63, 127, 90, 127, 91, 127, 99, 127, 117, 127]",esp32_1
CSI_DATA,146567,2025-08-27 15:37:47.258,0,bend,00:00:00:00:00:00,-40,11,0,0,0,0,0,0,0,0,0,-97,0,1,0,1138164522,0,14,0,0,0,104,0,"[0, 0, 127, 127, 127, 127, 127, 127, 127, 127, 127, 127, 127, 127, 127, 127, 127, 113, 127, 95, 122, 77, 107, 58, 93, 38, 81, 17, 71, -5, 63, -31, 60, -59, 65, -83, 78, -103, 96, -116, 115, -121, 127, -116, 127, -104, 127, -89, 127, -71, 127, -55, -96, 127, -103, 127, -103, 120, -92, 94, -72, 73, -44, 57, -8, 51, 30, 57, 68, 73, 99, 98, 123, 127, 127, 127, 127, 127, 127, 127, 127, 127, 118, 127, 110, 127, 109, 127, 111, 127, 117, 127, 127, 127, 127, 127, 127, 127, 127, 127, 127, 127, 127, 127]",esp32_2
CSI_DATA,143333,2025-08-27 15:37:47.277,0,bend,00:00:00:00:00:00,-65,11,0,0,0,0,0,0,0,0,0,-97,0,1,0,4278387480,0,14,0,0,0,104,0,"[0, 0, -128, 112, -128, 95, -128, 79, -128, 83, -128, 90, -128, 94, -116, 106, -84, 127, -53, 127, -27, 127, -20, 127, -16, 127, -15, 127, -36, 127, -50, 127, -65, 127, -80, 127, -90, 93, -90, 52, -81, 6, -62, -41, -40, -72, -13, -100, 18, -121, 55, -128, 123, -6, 121, -15, 118, -30, 121, -43, 117, -56, 116, -74, 116, -80, 123, -89, 121, -100, 112, -99, 108, -106, 102, -96, 82, -81, 67, -74, 50, -60, 28, -52, 6, -29, -25, -16, -57, 14, -92, 38, -127, 63, -128, 81, -128, 96, -128, 119, -128, 127, -128, 116]",esp32_1
CSI_DATA,146568,2025-08-27 15:37:47.282,0,bend,00:00:00:00:00:00,-41,11,0,0,0,0,0,0,0,0,0,-97,0,1,0,1138190236,0,14,0,0,0,104,0,"[0, 0, -128, -128, -128, -128, -128, -128, -128, -128, -128, -128, -128, -128, -128, -116, -128, -102, -128, -87, -128, -69, -111, -48, -89, -25, -69, 1, -53, 28, -39, 57, -30, 89, -30, 116, -39, 127, -54, 127, -72, 127, -90, 127, -107, 127, -119, 127, -125, 125, -125, 108, 127, -128, 127, -128, 127, -109, 115, -83, 91, -61, 58, -48, 18, -45, -24, -55, -63, -75, -96, -105, -118, -128, -128, -128, -128, -128, -128, -128, -128, -128, -123, -128, -117, -128, -115, -128, -115, -128, -121, -128, -128, -128, -128, -128, -128, -128, -128, -128, -128, -128, -128, -128]",esp32_2
CSI_DATA,146569,2025-08-27 15:37:47.304,0,bend,00:00:00:00:00:00,-41,11,0,0,0,0,0,0,0,0,0,-97,0,1,0,1138226225,0,14,0,0,0,104,0,"[0, 0, -128, -128, -128, -128, -128, -128, -128, -128, -128, -128, -128, -128, -128, -128, -128, -128, -126, -128, -103, -110, -82, -81, -63, -47, -47, -9, -35, 28, -28, 66, -27, 103, -34, 127, -51, 127, -71, 127, -92, 127, -112, 127, -128, 127, -128, 127, -128, 121, -128, 105, 127, -41, 127, -23, 127, -1, 127, 12, 116, 15, 79, 8, 42, -12, 9, -44, -16, -82, -32, -123, -38, -128, -37, -128, -28, -128, -17, -128, -8, -128, 0, -128, 4, -128, 1, -128, -10, -128, -30, -128, -59, -128, -92, -128, -128, -128, -128, -128, -128, -128, -128, -128]",esp32_2
CSI_DATA,143334,2025-08-27 15:37:47.309,0,bend,00:00:00:00:00:00,-65,11,0,0,0,0,0,0,0,0,0,-97,0,1,0,4278398856,0,14,0,0,0,104,0,"[0, 0, -70, -128, -59, -128, -62, -128, -55, -128, -59, -128, -75, -128, -95, -128, -120, -99, -128, -70, -128, -50, -128, -45, -128, -48, -128, -51, -128, -70, -128, -81, -128, -91, -122, -103, -70, -104, -36, -102, 8, -79, 43, -56, 76, -28, 94, 4, 116, 37, 115, 67, 19, 127, 27, 124, 28, 116, 46, 113, 64, 115, 74, 120, 82, 115, 92, 124, 96, 121, 105, 116, 98, 105, 95, 94, 84, 91, 81, 74, 70, 55, 50, 24, 32, 3, 12, -34, -3, -64, -24, -93, -43, -128, -58, -128, -91, -128, -89, -128, -96, -128, -106, -128]",esp32_1
CSI_DATA,146570,2025-08-27 15:37:47.326,0,bend,00:00:00:00:00:00,-41,11,0,0,0,0,0,0,0,0,0,-97,0,1,0,1138249854,0,14,0,0,0,104,0,"[0, 0, -128, 120, -128, 115, -128, 110, -128, 102, -128, 93, -128, 82, -128, 71, -128, 61, -128, 50, -128, 41, -101, 33, -62, 28, -20, 27, 22, 29, 62, 36, 99, 50, 126, 69, 127, 92, 127, 117, 127, 127, 127, 127, 127, 127, 111, 127, 90, 127, 74, 127, 127, -128, 127, -128, 127, -115, 124, -89, 101, -64, 68, -43, 27, -29, -17, -28, -61, -36, -104, -49, -128, -68, -128, -91, -128, -115, -128, -128, -128, -128, -128, -128, -128, -128, -128, -128, -128, -128, -128, -105, -128, -71, -128, -35, -128, 4, -128, 41, -128, 69, -128, 84]",esp32_2
CSI_DATA,143335,2025-08-27 15:37:47.336,0,bend,00:00:00:00:00:00,-64,11,0,0,0,0,0,0,0,0,0,-97,0,1,0,4278407439,0,14,0,0,0,104,0,"[0, 0, 127, 70, 127, 66, 127, 68, 127, 43, 127, 25, 127, 5, 125, -28, 110, -55, 100, -86, 91, -108, 92, -123, 102, -128, 106, -128, 121, -128, 117, -114, 121, -88, 115, -60, 98, -22, 83, -1, 55, 29, 28, 51, -3, 66, -36, 73, -68, 74, -92, 60, -93, -53, -88, -46, -98, -34, -96, -23, -107, -13, -110, -2, -109, 7, -121, 12, -123, 19, -122, 14, -119, 28, -113, 24, -100, 16, -86, 17, -64, 16, -48, 23, -25, 23, 10, 19, 38, 12, 72, 8, 107, 8, 127, 9, 127, 22, 127, 23, 127, 29, 127, 52]",esp32_1
CSI_DATA,146571,2025-08-27 15:37:47.350,0,bend,00:00:00:00:00:00,-41,11,0,0,0,0,0,0,0,0,0,-97,0,1,0,1138286016,0,14,0,0,0,104,0,"[0, 0, -128, -128, -128, -128, -128, -128, -128, -128, -128, -128, -128, -128, -128, -128, -128, -128, -128, -128, -114, -108, -83, -81, -52, -50, -25, -12, -3, 28, 13, 68, 23, 109, 23, 127, 14, 127, -2, 127, -21, 127, -42, 127, -63, 127, -77, 127, -82, 127, -83, 127, 127, 59, 127, 70, 127, 80, 127, 80, 105, 72, 74, 53, 44, 24, 20, -13, 3, -56, -5, -102, -5, -128, 0, -128, 9, -128, 19, -128, 26, -128, 31, -128, 33, -128, 28, -128, 14, -128, -7, -128, -36, -128, -70, -128, -110, -128, -128, -128, -128, -128, -128, -128]",esp32_2
CSI_DATA,143336,2025-08-27 15:37:47.368,0,bend,00:00:00:00:00:00,-64,11,0,0,0,0,0,0,0,0,0,-97,0,1,0,4278417445,0,14,0,0,0,104,0,"[0, 0, 74, -128, 71, -128, 55, -128, 50, -128, 31, -128, 3, -128, -23, -122, -55, -109, -82, -101, -111, -90, -128, -92, -128, -99, -128, -103, -128, -119, -116, -123, -94, -118, -58, -121, -22, -105, 6, -90, 31, -60, 50, -28, 68, 0, 71, 33, 80, 61, 71, 84, -51, 89, -42, 89, -36, 89, -25, 94, -14, 102, -11, 111, -2, 113, 4, 123, 9, 127, 21, 122, 16, 119, 22, 109, 21, 104, 24, 89, 25, 68, 16, 45, 13, 24, 17, -9, 19, -40, 19, -72, 16, -110, 26, -128, 15, -128, 27, -128, 36, -128, 43, -128]",esp32_1
CSI_DATA,146572,2025-08-27 15:37:47.368,0,bend,00:00:00:00:00:00,-42,11,0,0,0,0,0,0,0,0,0,-97,0,1,0,1138322700,0,14,0,0,0,104,0,"[0, 0, -102, -128, -111, -128, -113, -128, -111, -128, -106, -128, -99, -128, -90, -128, -79, -128, -64, -128, -47, -128, -29, -121, -10, -83, 5, -41, 17, 3, 23, 47, 23, 91, 14, 126, -3, 127, -23, 127, -43, 127, -63, 127, -78, 127, -86, 127, -88, 127, -87, 111, 13, 127, -2, 127, -19, 127, -29, 127, -34, 116, -30, 82, -19, 46, -1, 11, 24, -23, 53, -55, 84, -79, 114, -97, 127, -108, 127, -116, 127, -121, 127, -123, 127, -125, 127, -128, 127, -128, 127, -128, 109, -128, 77, -128, 45, -128, 12, -128, -18, -128, -37, -128]",esp32_2
CSI_DATA,146573,2025-08-27 15:37:47.389,0,bend,00:00:00:00:00:00,-43,11,0,0,0,0,0,0,0,0,0,-97,0,1,0,1138360786,0,14,0,0,0,104,0,"[0, 0, -17, -128, -33, -128, -47, -128, -54, -128, -58, -128, -58, -128, -53, -128, -44, -128, -32, -128, -18, -128, 0, -128, 20, -128, 36, -82, 47, -23, 52, 34, 51, 90, 41, 127, 19, 127, -6, 127, -31, 127, -55, 127, -75, 127, -88, 127, -93, 127, -91, 127, -128, 127, -128, 127, -128, 119, -128, 91, -128, 65, -114, 40, -71, 20, -23, 6, 27, -3, 76, -6, 124, -5, 127, 0, 127, 7, 127, 13, 127, 16, 127, 16, 127, 13, 127, 3, 127, -15, 127, -40, 127, -72, 127, -108, 127, -128, 102, -128, 74, -128, 56, -128]",esp32_2
CSI_DATA,146574,2025-08-27 15:37:47.421,0,bend,00:00:00:00:00:00,-43,11,0,0,0,0,0,0,0,0,0,-97,0,1,0,1138394557,0,14,0,0,0,104,0,"[0, 0, -82, -128, -101, -128, -113, -128, -123, -128, -128, -128, -128, -128, -123, -128, -112, -128, -95, -128, -74, -128, -47, -128, -16, -128, 14, -115, 43, -67, 66, -15, 83, 37, 89, 85, 83, 127, 70, 127, 53, 127, 34, 127, 14, 127, -4, 127, -17, 127, -25, 127, -128, 127, -128, 117, -128, 93, -128, 72, -128, 52, -117, 34, -78, 21, -35, 11, 10, 6, 55, 6, 98, 10, 127, 14, 127, 19, 127, 24, 127, 26, 127, 26, 127, 21, 127, 10, 127, -7, 127, -28, 127, -57, 120, -91, 92, -127, 62, -128, 32, -128, 11, -128]",esp32_2
CSI_DATA,146575,2025-08-27 15:37:47.445,0,bend,00:00:00:00:00:00,-44,11,0,0,0,0,0,0,0,0,0,-97,0,1,0,1138419140,0,14,0,0,0,104,0,"[0, 0, -96, 127, -81, 127, -67, 127, -55, 127, -44, 127, -39, 127, -37, 127, -37, 127, -40, 127, -45, 127, -55, 127, -67, 127, -77, 104, -83, 49, -84, -7, -78, -60, -66, -107, -47, -128, -24, -128, -1, -128, 20, -128, 38, -128, 51, -128, 58, -128, 59, -125, 127, 102, 127, 109, 127, 111, 127, 106, 115, 97, 86, 80, 57, 56, 31, 28, 5, -4, -19, -38, -39, -70, -55, -98, -69, -122, -83, -128, -94, -128, -102, -128, -108, -128, -114, -128, -119, -115, -121, -84, -123, -47, -127, -7, -128, 36, -128, 83, -128, 127, -128, 127]",esp32_2
CSI_DATA,143338,2025-08-27 15:37:47.452,0,bend,00:00:00:00:00:00,-64,11,0,0,0,0,0,0,0,0,0,-97,0,1,0,4278437442,0,14,0,0,0,104,0,"[0, 0, -128, -128, -128, -124, -128, -119, -128, -93, -128, -58, -128, -26, -128, 10, -128, 53, -128, 85, -128, 121, -128, 127, -128, 127, -128, 127, -128, 127, -128, 122, -128, 85, -128, 53, -128, 13, -109, -19, -70, -49, -28, -74, 14, -87, 53, -88, 94, -82, 124, -69, 98, 85, 98, 77, 108, 59, 113, 42, 127, 40, 127, 26, 127, 15, 127, 7, 127, 3, 127, 9, 127, -4, 127, -7, 125, 5, 115, 0, 82, -5, 66, -16, 35, -17, -10, -16, -47, -18, -84, -22, -126, -31, -128, -35, -128, -65, -128, -70, -128, -82, -128, -107]",esp32_1
CSI_DATA,146576,2025-08-27 15:37:47.462,0,bend,00:00:00:00:00:00,-45,11,0,0,0,0,0,0,0,0,0,-97,0,1,0,1138449066,0,14,0,0,0,104,0,"[0, 0, -11, 127, 9, 127, 27, 127, 44, 127, 58, 127, 67, 127, 70, 127, 68, 127, 60, 127, 45, 127, 25, 127, 1, 127, -26, 127, -53, 93, -76, 49, -96, 5, -108, -38, -113, -79, -111, -113, -102, -128, -89, -128, -71, -128, -52, -128, -34, -128, -22, -124, 127, 127, 127, 127, 116, 127, 100, 120, 84, 107, 64, 88, 45, 63, 29, 36, 12, 7, -3, -25, -16, -55, -29, -81, -41, -101, -50, -116, -60, -126, -69, -128, -77, -125, -84, -113, -88, -93, -91, -66, -92, -34, -93, 3, -92, 43, -88, 83, -80, 121, -73, 127]",esp32_2
CSI_DATA,143339,2025-08-27 15:37:47.484,0,bend,00:00:00:00:00:00,-65,11,0,0,0,0,0,0,0,0,0,-97,0,1,0,4278447437,0,14,0,0,0,104,0,"[0, 0, 72, -128, 70, -128, 58, -128, 48, -128, 27, -128, -7, -128, -35, -128, -71, -120, -100, -108, -123, -101, -128, -108, -128, -115, -128, -121, -128, -128, -122, -128, -97, -128, -57, -128, -23, -116, 10, -93, 38, -58, 57, -25, 71, 15, 73, 39, 78, 73, 67, 99, -44, 103, -39, 103, -33, 99, -17, 103, -7, 111, -1, 122, 11, 126, 16, 127, 20, 127, 33, 127, 24, 127, 25, 123, 32, 115, 31, 99, 24, 79, 17, 51, 18, 28, 13, -5, 15, -46, 14, -77, 13, -119, 14, -128, 10, -128, 26, -128, 37, -128, 37, -128]",esp32_1
CSI_DATA,146577,2025-08-27 15:37:47.494,0,bend,00:00:00:00:00:00,-45,11,0,0,0,0,0,0,0,0,0,-97,0,1,0,1138480688,0,14,0,0,0,104,0,"[0, 0, -128, -25, -128, -2, -128, 19, -128, 38, -128, 56, -128, 69, -128, 76, -128, 78, -128, 72, -128, 58, -128, 36, -128, 12, -128, -16, -123, -47, -80, -76, -36, -101, 8, -120, 49, -128, 85, -128, 113, -128, 127, -121, 127, -104, 127, -84, 127, -63, 121, -47, -128, 74, -128, 67, -128, 57, -128, 49, -128, 41, -123, 33, -95, 27, -63, 23, -29, 19, 6, 16, 40, 12, 68, 9, 92, 4, 113, -2, 127, -11, 127, -21, 127, -31, 123, -42, 105, -52, 81, -63, 51, -73, 16, -82, -21, -89, -61, -93, -102, -93, -128, -91]",esp32_2
CSI_DATA,143340,2025-08-27 15:37:47.508,0,bend,00:00:00:00:00:00,-65,11,0,0,0,0,0,0,0,0,0,-97,0,1,0,4278457459,0,14,0,0,0,104,0,"[0, 0, 127, -128, 127, -128, 127, -128, 127, -128, 94, -128, 53, -128, 14, -128, -29, -128, -60, -128, -95, -128, -113, -128, -125, -128, -128, -128, -110, -128, -84, -128, -62, -128, -22, -128, 9, -128, 36, -96, 59, -61, 76, -13, 82, 27, 79, 65, 69, 98, 50, 123, -100, 63, -93, 65, -90, 73, -79, 83, -80, 98, -69, 116, -65, 124, -66, 127, -56, 127, -47, 127, -51, 127, -49, 127, -31, 121, -27, 111, -16, 86, -15, 66, -3, 37, 10, 2, 27, -38, 40, -74, 58, -115, 74, -128, 98, -128, 125, -128, 127, -128, 127, -128]",esp32_1
CSI_DATA,146578,2025-08-27 15:37:47.516,0,bend,00:00:00:00:00:00,-45,11,0,0,0,0,0,0,0,0,0,-97,0,1,0,1138505404,0,14,0,0,0,104,0,"[0, 0, 127, -128, 127, -128, 127, -128, 127, -128, 127, -128, 127, -128, 127, -128, 127, -128, 127, -128, 126, -128, 127, -128, 127, -128, 127, -128, 124, -79, 116, -21, 102, 37, 84, 88, 60, 127, 33, 127, 5, 127, -21, 127, -43, 127, -61, 127, -71, 127, -76, 127, 12, -128, 19, -128, 25, -128, 29, -128, 30, -128, 28, -128, 20, -116, 7, -83, -7, -48, -24, -12, -41, 22, -55, 51, -65, 77, -73, 102, -75, 121, -72, 127, -64, 127, -49, 127, -28, 127, -2, 120, 27, 100, 59, 76, 91, 49, 121, 16, 127, -19, 127, -45]",esp32_2
CSI_DATA,143341,2025-08-27 15:37:47.535,0,bend,00:00:00:00:00:00,-65,11,0,0,0,0,0,0,0,0,0,-97,0,1,0,4278467442,0,14,0,0,0,104,0,"[0, 0, 32, 127, 28, 127, 35, 127, 33, 127, 42, 127, 58, 127, 81, 114, 104, 77, 127, 61, 127, 42, 127, 43, 127, 43, 127, 45, 127, 64, 127, 69, 127, 85, 101, 86, 59, 94, 32, 85, -9, 68, -41, 50, -72, 28, -87, 2, -106, -26, -105, -54, 29, -106, 21, -107, 10, -105, -3, -103, -15, -111, -22, -115, -34, -116, -37, -125, -46, -125, -54, -128, -57, -116, -51, -111, -49, -109, -43, -91, -33, -79, -32, -46, -15, -21, -5, 6, 3, 34, 15, 71, 24, 111, 41, 127, 56, 127, 56, 127, 55, 127, 61, 127]",esp32_1
CSI_DATA,143342,2025-08-27 15:37:47.557,0,bend,00:00:00:00:00:00,-65,11,0,0,0,0,0,0,0,0,0,-97,0,1,0,4278477456,0,14,0,0,0,104,0,"[0, 0, 127, -128, 127, -128, 127, -128, 127, -128, 97, -128, 54, -128, 13, -128, -35, -128, -73, -128, -109, -128, -128, -128, -128, -128, -128, -128, -126, -128, -98, -128, -75, -128, -24, -128, 10, -128, 43, -113, 68, -61, 83, -12, 94, 28, 90, 70, 83, 108, 64, 127, -111, 72, -105, 78, -100, 81, -89, 92, -82, 110, -83, 127, -69, 127, -70, 127, -63, 127, -49, 127, -52, 127, -46, 127, -35, 127, -28, 118, -24, 91, -18, 65, -8, 44, 6, -1, 29, -50, 44, -84, 63, -128, 82, -128, 100, -128, 127, -128, 127, -128, 127, -128]",esp32_1
CSI_DATA,143343,2025-08-27 15:37:47.581,0,bend,00:00:00:00:00:00,-65,11,0,0,0,0,0,0,0,0,0,-97,0,1,0,4278487492,0,14,0,0,0,104,0,"[0, 0, 127, -21, 127, -18, 127, -15, 127, -35, 127, -45, 127, -66, 127, -87, 103, -124, 79, -128, 59, -128, 61, -128, 63, -128, 66, -128, 81, -128, 97, -128, 102, -128, 110, -119, 103, -72, 98, -34, 77, 9, 61, 52, 30, 81, -2, 104, -36, 121, -66, 120, -107, -51, -107, -43, -116, -30, -122, -14, -125, -4, -128, 10, -128, 25, -128, 33, -128, 38, -128, 38, -128, 48, -128, 44, -116, 34, -100, 32, -83, 25, -61, 22, -28, 15, 2, 11, 44, -9, 84, -16, 124, -33, 127, -42, 127, -36, 127, -53, 127, -51, 127, -33]",esp32_1
CSI_DATA,146580,2025-08-27 15:37:47.592,0,bend,00:00:00:00:00:00,-44,11,0,0,0,0,0,0,0,0,0,-97,0,1,0,1138556489,0,14,0,0,0,104,0,"[0, 0, -128, 127, -128, 127, -128, 127, -128, 127, -128, 127, -128, 127, -128, 127, -128, 127, -128, 127, -128, 127, -128, 127, -126, 127, -118, 103, -105, 55, -84, 6, -58, -40, -27, -79, 7, -110, 41, -128, 72, -128, 98, -128, 118, -128, 127, -114, 127, -92, 127, -73, 107, 127, 99, 127, 88, 127, 77, 127, 66, 127, 53, 123, 41, 100, 34, 71, 28, 36, 24, 0, 23, -35, 22, -66, 23, -94, 24, -119, 22, -128, 19, -128, 14, -128, 5, -128, -8, -128, -23, -128, -42, -110, -64, -86, -87, -58, -111, -26, -128, 6, -128, 29]",esp32_2
CSI_DATA,143344,2025-08-27 15:37:47.602,0,bend,00:00:00:00:00:00,-64,11,0,0,0,0,0,0,0,0,0,-97,0,1,0,4278546222,0,14,0,0,0,104,0,"[0, 0, 127, 127, 87, 127, 114, 127, 92, 127, 93, 127, 117, 108, 116, 97, 127, 43, 127, 50, 127, 34, 127, 27, 127, 30, 127, 20, 127, 25, 127, 40, 127, 66, 110, 67, 85, 72, 49, 72, 14, 63, -23, 58, -64, 27, -82, -6, -102, -31, -99, -56, -23, -113, -22, -93, -41, -108, -41, -88, -58, -104, -56, -82, -82, -76, -87, -86, -95, -74, -107, -94, -85, -89, -81, -81, -75, -79, -63, -71, -50, -53, -60, -22, -28, -5, -18, 4, 3, 17, 48, 47, 54, 81, 94, 99, 113, 127, 97, 127, 104, 127, 119, 127]",esp32_1
CSI_DATA,146581,2025-08-27 15:37:47.623,0,bend,00:00:00:00:00:00,-44,11,0,0,0,0,0,0,0,0,0,-97,0,1,0,1138602890,0,14,0,0,0,104,0,"[0, 0, -84, 127, -69, 127, -55, 127, -43, 127, -31, 127, -23, 127, -20, 127, -20, 127, -25, 127, -32, 127, -42, 127, -53, 127, -61, 127, -64, 98, -60, 42, -49, -14, -28, -64, 0, -104, 33, -128, 66, -128, 96, -128, 119, -128, 127, -128, 127, -103, 127, -81, 127, -80, 127, -70, 127, -55, 127, -41, 127, -29, 127, -19, 115, -14, 81, -16, 45, -24, 7, -38, -30, -56, -63, -74, -92, -94, -116, -114, -128, -128, -128, -128, -128, -128, -128, -128, -128, -123, -128, -100, -128, -70, -128, -36, -128, 2, -128, 42, -128, 84, -128, 116]",esp32_2
CSI_DATA,143345,2025-08-27 15:37:47.624,0,bend,00:00:00:00:00:00,-63,11,0,0,0,0,0,0,0,0,0,-97,0,1,0,4278575515,0,14,0,0,0,104,0,"[0, 0, -57, 127, -60, 127, -47, 127, -38, 127, -11, 127, 11, 127, 37, 127, 65, 126, 88, 109, 114, 104, 127, 105, 127, 113, 127, 118, 127, 127, 119, 127, 93, 122, 61, 127, 26, 106, -1, 90, -29, 60, -51, 24, -67, -4, -74, -35, -77, -67, -66, -90, 43, -95, 41, -97, 36, -100, 29, -103, 15, -105, 7, -112, -4, -111, -6, -121, -11, -121, -26, -116, -24, -123, -25, -116, -32, -103, -34, -92, -27, -73, -23, -55, -18, -36, -14, -3, -6, 35, -1, 72, -3, 106, 0, 127, -6, 127, -9, 127, -16, 127, -28, 127]",esp32_1
CSI_DATA,143346,2025-08-27 15:37:47.646,0,bend,00:00:00:00:00:00,-63,11,0,0,0,0,0,0,0,0,0,-97,0,1,0,4278596173,0,14,0,0,0,104,0,"[0, 0, -49, 127, -48, 127, -34, 127, -32, 127, -12, 127, 12, 127, 38, 127, 68, 118, 94, 107, 115, 99, 127, 106, 127, 107, 127, 110, 127, 127, 116, 127, 94, 124, 58, 119, 22, 102, -5, 84, -29, 54, -48, 24, -61, -11, -64, -39, -69, -67, -56, -89, 23, -105, 20, -101, 19, -99, 7, -102, -2, -102, -11, -107, -20, -111, -25, -110, -32, -110, -48, -114, -48, -106, -47, -104, -50, -95, -48, -86, -36, -71, -35, -49, -25, -25, -15, 0, -14, 33, -8, 69, 0, 104, -2, 127, 9, 127, -2, 127, -10, 127, -14, 127]",esp32_1
CSI_DATA,146582,2025-08-27 15:37:47.646,0,bend,00:00:00:00:00:00,-43,11,0,0,0,0,0,0,0,0,0,-97,0,1,0,1138649833,0,14,0,0,0,104,0,"[0, 0, -128, -115, -128, -106, -128, -95, -128, -87, -128, -77, -128, -70, -128, -68, -128, -69, -128, -72, -128, -79, -128, -87, -128, -89, -128, -83, -89, -74, -34, -59, 19, -35, 64, -5, 98, 31, 121, 69, 127, 105, 127, 127, 111, 127, 87, 127, 62, 127, 41, 127, 120, 127, 111, 127, 94, 127, 77, 127, 62, 127, 48, 127, 38, 124, 36, 86, 39, 45, 48, 0, 63, -43, 83, -81, 107, -112, 127, -128, 127, -128, 127, -128, 127, -128, 127, -128, 127, -128, 124, -128, 91, -128, 56, -128, 17, -128, -28, -128, -73, -128, -106, -128]",esp32_2
CSI_DATA,143347,2025-08-27 15:37:47.667,0,bend,00:00:00:00:00:00,-63,11,0,0,0,0,0,0,0,0,0,-97,0,1,0,4278632543,0,14,0,0,0,104,0,"[0, 0, -128, 127, -114, 127, -101, 127, -82, 127, -65, 127, -38, 127, -5, 127, 28, 127, 61, 127, 83, 122, 108, 127, 111, 127, 108, 127, 95, 127, 74, 127, 57, 127, 22, 127, -9, 106, -30, 79, -40, 47, -52, 13, -60, -21, -55, -53, -50, -81, -33, -98, 53, -92, 46, -89, 47, -94, 35, -91, 26, -100, 20, -101, 12, -105, 10, -108, 1, -110, -18, -117, -15, -113, -20, -107, -28, -97, -26, -92, -20, -73, -20, -56, -15, -29, -18, -4, -18, 32, -24, 66, -29, 104, -40, 127, -43, 127, -52, 127, -76, 127, -83, 127]",esp32_1
CSI_DATA,146583,2025-08-27 15:37:47.676,0,bend,00:00:00:00:00:00,-42,11,0,0,0,0,0,0,0,0,0,-97,0,1,0,1138676002,0,14,0,0,0,104,0,"[0, 0, 51, 127, 74, 127, 96, 127, 109, 127, 114, 127, 117, 127, 117, 127, 112, 127, 102, 127, 89, 127, 66, 127, 39, 127, 12, 127, -12, 111, -30, 60, -43, 6, -45, -46, -35, -93, -16, -128, 7, -128, 32, -128, 56, -128, 75, -128, 89, -128, 97, -123, 65, -128, 76, -128, 89, -128, 96, -128, 96, -128, 87, -128, 68, -105, 41, -79, 7, -55, -35, -35, -79, -21, -119, -13, -128, -10, -128, -11, -128, -13, -128, -16, -128, -17, -128, -16, -128, -10, -128, 0, -128, 18, -128, 42, -127, 73, -93, 107, -59, 127, -34, 127]",esp32_2
CSI_DATA,143348,2025-08-27 15:37:47.688,0,bend,00:00:00:00:00:00,-64,11,0,0,0,0,0,0,0,0,0,-97,0,1,0,4278657882,0,14,0,0,0,104,0,"[0, 0, 127, -34, 127, -26, 127, -11, 127, -29, 127, -33, 127, -52, 122, -73, 97, -94, 84, -120, 69, -128, 67, -128, 71, -128, 75, -128, 89, -128, 97, -128, 100, -117, 107, -94, 95, -54, 85, -20, 61, 11, 35, 42, 4, 58, -24, 67, -55, 68, -79, 63, -106, 10, -105, 11, -98, 17, -101, 28, -95, 35, -94, 49, -91, 56, -95, 67, -89, 73, -87, 76, -86, 85, -84, 85, -69, 70, -62, 65, -50, 56, -33, 55, -14, 40, 11, 23, 36, -1, 71, -19, 102, -38, 127, -52, 127, -50, 127, -65, 127, -63, 127, -49]",esp32_1
CSI_DATA,146584,2025-08-27 15:37:47.699,0,bend,00:00:00:00:00:00,-41,11,0,0,0,0,0,0,0,0,0,-97,0,1,0,1138701637,0,14,0,0,0,104,0,"[0, 0, -128, 127, -128, 127, -128, 127, -128, 127, -128, 127, -128, 127, -128, 127, -128, 127, -128, 127, -128, 127, -127, 127, -121, 127, -109, 121, -89, 69, -59, 19, -21, -27, 21, -63, 67, -84, 113, -90, 127, -85, 127, -72, 127, -52, 127, -26, 127, -1, 127, 17, 127, -128, 127, -128, 127, -128, 127, -128, 127, -122, 127, -100, 113, -82, 74, -69, 30, -63, -19, -64, -68, -74, -112, -87, -128, -104, -128, -127, -128, -128, -128, -128, -128, -128, -128, -128, -128, -128, -128, -128, -128, -101, -128, -64, -128, -20, -128, 30, -128, 80, -128, 115]",esp32_2
CSI_DATA,143349,2025-08-27 15:37:47.713,0,bend,00:00:00:00:00:00,-64,11,0,0,0,0,0,0,0,0,0,-97,0,1,0,4278692489,0,14,0,0,0,104,0,"[0, 0, -128, 11, -128, 4, -128, -4, -128, 8, -128, 16, -128, 34, -127, 56, -116, 79, -96, 113, -83, 127, -86, 127, -94, 127, -102, 127, -124, 127, -128, 127, -121, 103, -118, 73, -109, 34, -88, 6, -56, -19, -23, -37, 11, -52, 41, -56, 66, -52, 90, -38, 101, -40, 100, -36, 97, -43, 88, -48, 89, -59, 82, -68, 81, -73, 86, -86, 82, -88, 67, -100, 67, -105, 65, -104, 51, -97, 46, -87, 32, -75, 24, -62, 7, -48, -14, -34, -43, -8, -74, 7, -108, 27, -128, 34, -128, 50, -128, 73, -128, 70, -128, 46]",esp32_1
CSI_DATA,146585,2025-08-27 15:37:47.720,0,bend,00:00:00:00:00:00,-41,11,0,0,0,0,0,0,0,0,0,-97,0,1,0,1138736064,0,14,0,0,0,104,0,"[0, 0, -128, 127, -128, 127, -128, 127, -128, 127, -128, 127, -128, 127, -128, 127, -128, 127, -128, 127, -128, 127, -128, 112, -128, 78, -128, 42, -101, 7, -50, -19, 5, -36, 58, -42, 106, -35, 127, -19, 127, 3, 127, 29, 127, 53, 127, 73, 127, 90, 127, 99, 127, -97, 127, -83, 127, -65, 127, -49, 127, -36, 127, -26, 127, -22, 95, -28, 53, -44, 10, -68, -29, -99, -61, -128, -86, -128, -105, -128, -117, -128, -121, -128, -122, -128, -123, -128, -122, -128, -120, -128, -122, -128, -128, -128, -128, -103, -128, -56, -128, -10, -128, 23]",esp32_2
CSI_DATA,143350,2025-08-27 15:37:47.731,0,bend,00:00:00:00:00:00,-64,11,0,0,0,0,0,0,0,0,0,-97,0,1,0,4278719093,0,14,0,0,0,104,0,"[0, 0, -128, -128, -122, -128, -120, -128, -104, -128, -96, -128, -103, -120, -108, -86, -125, -55, -128, -38, -128, -17, -128, -14, -128, -8, -128, -18, -128, -28, -128, -44, -128, -53, -116, -68, -81, -69, -46, -72, -13, -64, 19, -47, 43, -27, 62, -1, 79, 30, 85, 52, 73, 84, 72, 81, 74, 72, 76, 64, 85, 58, 88, 52, 95, 45, 103, 42, 106, 37, 115, 33, 110, 24, 107, 22, 102, 26, 94, 19, 80, 15, 57, -8, 40, -13, 12, -25, -11, -36, -40, -53, -66, -78, -94, -104, -128, -128, -128, -128, -128, -128, -128, -128]",esp32_1
CSI_DATA,143351,2025-08-27 15:37:47.763,0,bend,00:00:00:00:00:00,-64,11,0,0,0,0,0,0,0,0,0,-97,0,1,0,4278778387,0,14,0,0,0,104,0,"[0, 0, -128, -29, -128, -41, -128, -40, -128, -22, -128, -7, -128, 12, -128, 32, -120, 66, -109, 90, -103, 114, -107, 127, -113, 127, -119, 127, -128, 127, -128, 119, -128, 88, -125, 65, -109, 25, -87, 2, -58, -21, -27, -40, 4, -51, 38, -55, 64, -44, 86, -32, 106, -2, 108, -4, 105, -11, 99, -22, 101, -28, 99, -39, 94, -49, 94, -60, 97, -66, 95, -69, 92, -78, 85, -82, 80, -68, 70, -65, 57, -60, 41, -62, 24, -48, -3, -39, -30, -15, -61, -6, -97, 7, -128, 20, -128, 10, -128, 20, -128, 15, -128, -10]",esp32_1
CSI_DATA,143352,2025-08-27 15:37:47.784,0,bend,00:00:00:00:00:00,-64,11,0,0,0,0,0,0,0,0,0,-97,0,1,0,4278815921,0,14,0,0,0,104,0,"[0, 0, 116, -128, 115, -128, 106, -128, 97, -128, 68, -128, 40, -128, 10, -128, -26, -128, -54, -128, -78, -128, -97, -128, -105, -128, -104, -128, -83, -128, -66, -128, -46, -128, -13, -128, 10, -116, 32, -86, 41, -51, 45, -9, 43, 26, 32, 59, 21, 83, -1, 98, -11, 118, -12, 116, -8, 109, 0, 108, 9, 112, 14, 115, 22, 111, 31, 115, 39, 115, 54, 111, 52, 109, 55, 103, 58, 99, 64, 91, 57, 77, 46, 60, 37, 39, 31, 7, 32, -26, 27, -56, 22, -95, 25, -128, 24, -128, 37, -128, 55, -128, 67, -128]",esp32_1
CSI_DATA,146587,2025-08-27 15:37:47.795,0,bend,00:00:00:00:00:00,-40,11,0,0,0,0,0,0,0,0,0,-97,0,1,0,1138787153,0,14,0,0,0,104,0,"[0, 0, 127, 82, 127, 74, 127, 71, 127, 68, 127, 64, 127, 62, 127, 66, 127, 70, 127, 75, 127, 80, 127, 84, 127, 84, 110, 77, 58, 63, 6, 40, -42, 11, -80, -24, -104, -65, -117, -104, -116, -128, -103, -128, -83, -128, -58, -128, -35, -128, -17, -128, -128, -83, -128, -95, -128, -106, -128, -111, -128, -109, -128, -98, -113, -75, -90, -45, -72, -7, -58, 36, -51, 82, -49, 124, -52, 127, -59, 127, -66, 127, -72, 127, -77, 127, -74, 127, -65, 127, -49, 127, -24, 127, 7, 127, 40, 127, 80, 127, 124, 127, 127, 127]",esp32_2
CSI_DATA,143353,2025-08-27 15:37:47.806,0,bend,00:00:00:00:00:00,-64,11,0,0,0,0,0,0,0,0,0,-97,0,1,0,4278840205,0,14,0,0,0,104,0,"[0, 0, 127, -128, 127, -128, 127, -128, 127, -122, 127, -116, 127, -115, 94, -122, 63, -128, 44, -128, 30, -128, 20, -128, 19, -128, 23, -128, 41, -128, 55, -128, 62, -128, 83, -118, 80, -80, 74, -47, 57, -13, 33, 19, 7, 45, -21, 55, -45, 67, -66, 64, -51, 102, -47, 101, -48, 101, -41, 102, -36, 106, -29, 112, -24, 114, -19, 120, -9, 123, 1, 122, -2, 126, 3, 123, 10, 116, 13, 108, 18, 90, 20, 77, 18, 58, 28, 33, 42, -5, 53, -39, 68, -69, 89, -106, 114, -128, 127, -128, 127, -128, 127, -128]",esp32_1
CSI_DATA,143354,2025-08-27 15:37:47.828,0,bend,00:00:00:00:00:00,-64,11,0,0,0,0,0,0,0,0,0,-97,0,1,0,4278876901,0,14,0,0,0,104,0,"[0, 0, 68, 127, 54, 127, 57, 127, 48, 127, 54, 127, 68, 127, 91, 127, 119, 117, 127, 96, 127, 80, 127, 79, 127, 80, 127, 81, 127, 95, 127, 110, 127, 119, 118, 123, 71, 115, 32, 100, -8, 78, -36, 45, -59, 8, -70, -27, -88, -59, -83, -91, -49, -128, -46, -128, -45, -128, -59, -126, -65, -119, -74, -118, -84, -105, -90, -109, -101, -96, -115, -97, -111, -77, -115, -76, -118, -77, -114, -68, -101, -52, -85, -30, -67, -13, -42, 4, -20, 27, 7, 60, 37, 99, 64, 127, 96, 127, 95, 127, 106, 127, 119, 127]",esp32_1
CSI_DATA,146588,2025-08-27 15:37:47.828,0,bend,00:00:00:00:00:00,-40,11,0,0,0,0,0,0,0,0,0,-97,0,1,0,1138833683,0,14,0,0,0,104,0,"[0, 0, 117, 127, 127, 127, 127, 127, 127, 127, 127, 127, 127, 127, 127, 127, 127, 127, 108, 127, 82, 127, 53, 127, 23, 127, 0, 127, -19, 75, -30, 17, -32, -40, -24, -92, -5, -128, 21, -128, 49, -128, 79, -128, 105, -128, 121, -128, 127, -128, 126, -113, -99, -128, -87, -128, -70, -128, -53, -128, -39, -128, -30, -128, -28, -128, -32, -99, -43, -57, -65, -16, -91, 23, -118, 55, -128, 79, -128, 98, -128, 114, -128, 126, -128, 127, -128, 127, -128, 127, -128, 127, -128, 127, -128, 127, -104, 127, -63, 127, -19, 127, 12, 127]",esp32_2
CSI_DATA,143355,2025-08-27 15:37:47.852,0,bend,00:00:00:00:00:00,-64,11,0,0,0,0,0,0,0,0,0,-97,0,1,0,4278901016,0,14,0,0,0,104,0,"[0, 0, 127, 25, 127, 21, 127, 48, 127, 27, 127, 29, 127, -3, 127, -17, 111, -56, 127, -86, 119, -111, 123, -112, 124, -120, 112, -104, 127, -128, 112, -96, 127, -89, 113, -45, 107, -25, 87, 9, 50, 23, 27, 46, -19, 52, -48, 43, -81, 35, -91, 19, -118, 4, -98, 4, -124, 19, -95, 18, -120, 27, -93, 23, -98, 44, -106, 42, -95, 58, -113, 62, -95, 72, -93, 68, -83, 54, -76, 51, -64, 42, -51, 74, -21, 47, -14, 44, 6, 21, 45, 4, 79, 7, 110, -25, 127, -4, 127, -11, 127, -5, 127, 24]",esp32_1
CSI_DATA,146589,2025-08-27 15:37:47.858,0,bend,00:00:00:00:00:00,-41,11,0,0,0,0,0,0,0,0,0,-97,0,1,0,1138871861,0,14,0,0,0,104,0,"[0, 0, -128, 127, -128, 127, -128, 127, -128, 127, -128, 127, -128, 127, -128, 127, -128, 127, -128, 127, -128, 127, -128, 127, -128, 94, -110, 52, -71, 11, -26, -23, 25, -49, 74, -64, 121, -66, 127, -56, 127, -39, 127, -16, 127, 9, 127, 34, 127, 52, 127, 62, 127, -128, 127, -128, 127, -128, 127, -127, 127, -108, 127, -89, 112, -73, 76, -62, 35, -57, -9, -58, -54, -66, -94, -77, -128, -92, -128, -108, -128, -122, -128, -128, -128, -128, -128, -128, -128, -128, -128, -108, -128, -80, -128, -49, -128, -13, -128, 27, -128, 69, -128, 99]",esp32_2
CSI_DATA,143356,2025-08-27 15:37:47.874,0,bend,00:00:00:00:00:00,-65,11,0,0,0,0,0,0,0,0,0,-97,0,1,0,4278939452,0,14,0,0,0,104,0,"[0, 0, 127, -128, 127, -128, 127, -128, 127, -128, 127, -128, 100, -128, 66, -128, 31, -128, 2, -128, -21, -128, -41, -128, -45, -128, -46, -128, -28, -128, -5, -128, 11, -128, 36, -128, 49, -107, 56, -72, 58, -32, 52, 9, 33, 45, 19, 71, -6, 92, -30, 102, -65, 112, -63, 109, -59, 113, -56, 111, -47, 117, -37, 119, -24, 121, -21, 127, -6, 127, 4, 124, 8, 127, 13, 127, 20, 114, 25, 104, 28, 93, 25, 83, 27, 60, 32, 33, 32, -12, 42, -45, 45, -90, 63, -128, 87, -128, 112, -128, 127, -128, 127, -128]",esp32_1
CSI_DATA,146590,2025-08-27 15:37:47.884,0,bend,00:00:00:00:00:00,-40,11,0,0,0,0,0,0,0,0,0,-97,0,1,0,1138901646,0,14,0,0,0,104,0,"[0, 0, -128, 127, -128, 127, -128, 127, -128, 127, -128, 127, -128, 127, -128, 127, -128, 127, -128, 127, -128, 102, -128, 72, -128, 41, -114, 12, -65, -12, -12, -27, 43, -33, 94, -28, 127, -11, 127, 13, 127, 41, 127, 68, 127, 91, 127, 107, 127, 116, 115, 118, 127, -128, 127, -127, 127, -112, 127, -95, 127, -78, 127, -61, 118, -50, 84, -45, 45, -47, 3, -55, -38, -70, -73, -86, -103, -106, -128, -128, -128, -128, -128, -128, -128, -128, -128, -128, -128, -128, -128, -128, -128, -124, -128, -97, -128, -65, -128, -26, -128, 11, -128, 34]",esp32_2
CSI_DATA,143357,2025-08-27 15:37:47.896,0,bend,00:00:00:00:00:00,-64,11,0,0,0,0,0,0,0,0,0,-97,0,1,0,4278989041,0,14,0,0,0,104,0,"[0, 0, 127, -27, 127, -12, 127, -6, 127, -15, 127, -27, 127, -40, 127, -65, 127, -94, 120, -121, 109, -128, 115, -128, 115, -128, 122, -128, 127, -128, 127, -128, 127, -115, 127, -80, 117, -38, 98, -8, 59, 18, 22, 46, -15, 57, -54, 58, -84, 52, -106, 33, -128, 63, -127, 62, -120, 69, -122, 70, -117, 81, -106, 92, -101, 100, -96, 110, -89, 114, -82, 109, -76, 127, -74, 127, -61, 113, -53, 115, -37, 101, -28, 96, -18, 79, 12, 58, 37, 20, 69, 0, 103, -32, 127, -51, 127, -60, 127, -83, 127, -88, 127, -63]",esp32_1
CSI_DATA,146591,2025-08-27 15:37:47.907,0,bend,00:00:00:00:00:00,-41,11,0,0,0,0,0,0,0,0,0,-97,0,1,0,1138933108,0,14,0,162,-103,104,0,"[0, 0, -128, 127, -128, 127, -128, 127, -128, 127, -128, 127, -128, 127, -128, 127, -128, 127, -128, 127, -128, 107, -128, 80, -128, 49, -107, 18, -63, -7, -14, -25, 40, -33, 87, -32, 127, -22, 127, 0, 127, 28, 127, 54, 127, 77, 127, 95, 127, 104, 111, 105, 127, -128, 127, -128, 127, -116, 127, -102, 127, -86, 126, -70, 100, -58, 69, -51, 33, -50, -5, -55, -42, -64, -75, -77, -104, -93, -128, -112, -128, -128, -128, -128, -128, -128, -128, -128, -128, -128, -128, -128, -128, -108, -128, -83, -128, -55, -128, -24, -128, 7, -128, 30]",esp32_2
CSI_DATA,143358,2025-08-27 15:37:47.920,0,bend,00:00:00:00:00:00,-64,11,0,0,0,0,0,0,0,0,0,-97,0,1,0,4279025621,0,14,0,0,0,104,0,"[0, 0, -128, -128, -128, -128, -123, -128, -114, -128, -91, -128, -100, -128, -106, -108, -122, -85, -128, -56, -128, -34, -128, -31, -128, -34, -128, -51, -128, -67, -128, -76, -128, -92, -108, -87, -68, -88, -33, -74, 1, -52, 19, -29, 42, -4, 55, 23, 64, 58, 51, 80, 117, 53, 114, 55, 108, 50, 110, 42, 115, 39, 114, 32, 112, 28, 119, 16, 120, 6, 127, -4, 126, -16, 127, -26, 124, -17, 119, -18, 107, -15, 89, -26, 65, -29, 43, -30, 13, -37, -17, -49, -51, -70, -78, -96, -128, -118, -128, -128, -128, -128, -128, -128]",esp32_1
CSI_DATA,143359,2025-08-27 15:37:47.939,0,bend,00:00:00:00:00:00,-64,11,0,0,0,0,0,0,0,0,0,-97,0,1,0,4279072716,0,14,0,0,0,104,0,"[0, 0, -128, -128, -128, -128, -128, -128, -128, -128, -128, -128, -128, -115, -128, -78, -128, -49, -128, -17, -128, 7, -128, 16, -128, 21, -128, 16, -128, 0, -128, -18, -128, -32, -128, -49, -100, -58, -63, -63, -25, -44, 8, -40, 33, -10, 52, 16, 69, 46, 68, 76, 127, -16, 127, -15, 127, -17, 127, -24, 127, -23, 127, -34, 123, -37, 127, -50, 120, -64, 123, -64, 119, -79, 114, -85, 113, -78, 106, -82, 97, -78, 75, -80, 59, -70, 29, -66, -5, -52, -34, -44, -73, -46, -121, -55, -128, -73, -128, -84, -128, -109, -128, -128]",esp32_1
CSI_DATA,146592,2025-08-27 15:37:47.939,0,bend,00:00:00:00:00:00,-41,11,0,0,0,0,0,0,0,0,0,-97,0,1,0,1138956996,0,14,0,162,-103,104,0,"[0, 0, -128, 127, -128, 127, -128, 127, -128, 127, -128, 127, -128, 127, -128, 127, -128, 127, -128, 127, -128, 127, -128, 112, -128, 73, -114, 36, -69, 1, -18, -25, 36, -42, 88, -46, 127, -37, 127, -17, 127, 10, 127, 38, 127, 65, 127, 87, 127, 101, 127, 107, 109, -128, 119, -128, 127, -128, 127, -128, 122, -128, 108, -112, 84, -92, 53, -76, 17, -65, -24, -59, -65, -58, -104, -62, -128, -71, -128, -83, -128, -92, -128, -100, -128, -107, -128, -108, -128, -100, -128, -84, -128, -64, -128, -40, -128, -12, -128, 20, -128, 51, -128, 72]",esp32_2
CSI_DATA,143360,2025-08-27 15:37:47.961,0,bend,00:00:00:00:00:00,-64,11,0,0,0,0,0,0,0,0,0,-97,0,1,0,4279100252,0,14,0,0,0,104,0,"[0, 0, -45, 127, -55, 127, -54, 127, -50, 127, -34, 127, -18, 127, 8, 127, 38, 127, 61, 127, 81, 127, 97, 127, 107, 127, 109, 127, 96, 127, 75, 127, 53, 127, 21, 127, -1, 108, -19, 79, -30, 44, -31, 7, -28, -29, -14, -53, -7, -78, 15, -88, -63, -115, -61, -116, -56, -112, -61, -108, -66, -106, -72, -101, -75, -91, -84, -94, -87, -84, -100, -78, -100, -74, -101, -71, -108, -66, -106, -57, -98, -49, -83, -35, -67, -25, -52, -5, -39, 21, -20, 51, -3, 85, 12, 127, 28, 127, 22, 127, 17, 127, 17, 127]",esp32_1
CSI_DATA,146593,2025-08-27 15:37:47.972,0,bend,00:00:00:00:00:00,-41,11,0,0,0,0,0,0,0,0,0,-97,0,1,0,1138985890,0,14,0,162,-103,104,0,"[0, 0, -128, 127, -128, 127, -128, 127, -128, 127, -128, 127, -128, 127, -128, 127, -128, 127, -128, 127, -128, 127, -128, 97, -128, 58, -128, 21, -76, -11, -16, -33, 46, -43, 104, -39, 127, -19, 127, 12, 127, 47, 127, 81, 127, 110, 127, 127, 127, 127, 126, 127, 127, -128, 127, -128, 127, -128, 127, -128, 127, -128, 118, -121, 90, -101, 55, -87, 15, -78, -29, -73, -73, -73, -113, -79, -128, -89, -128, -104, -128, -117, -128, -127, -128, -128, -128, -128, -128, -128, -128, -112, -128, -91, -128, -69, -128, -42, -128, -10, -128, 20, -128, 41]",esp32_2
CSI_DATA,143361,2025-08-27 15:37:47.984,0,bend,00:00:00:00:00:00,-63,11,0,0,0,0,0,0,0,0,0,-97,0,1,0,4279123550,0,14,0,0,0,104,0,"[0, 0, -101, -128, -79, -128, -76, -128, -61, -128, -58, -128, -63, -128, -73, -128, -91, -112, -107, -101, -121, -87, -128, -89, -128, -91, -128, -94, -128, -105, -121, -107, -96, -110, -69, -105, -38, -88, -14, -67, 2, -44, 15, -16, 18, 13, 16, 40, 17, 61, 3, 84, 118, 35, 115, 38, 110, 41, 108, 36, 109, 33, 107, 26, 109, 20, 113, 13, 113, 9, 122, -2, 118, -7, 114, -13, 121, -9, 115, -15, 105, -15, 86, -23, 69, -24, 49, -30, 27, -40, 0, -47, -29, -66, -59, -93, -98, -122, -106, -128, -122, -128, -128, -128]",esp32_1
CSI_DATA,146594,2025-08-27 15:37:48.000,0,bend,00:00:00:00:00:00,-41,11,0,0,0,0,0,0,0,0,0,-97,0,1,0,1139019965,0,14,0,0,0,104,0,"[0, 0, 35, -128, 10, -128, -10, -128, -25, -128, -35, -128, -37, -128, -32, -128, -23, -128, -8, -128, 9, -128, 26, -128, 40, -128, 46, -101, 43, -46, 28, 9, 4, 60, -29, 99, -70, 123, -111, 127, -128, 127, -128, 110, -128, 86, -128, 57, -128, 29, -128, 10, 105, 127, 94, 127, 79, 127, 66, 127, 56, 127, 49, 127, 47, 101, 51, 71, 61, 39, 76, 5, 95, -25, 115, -50, 127, -73, 127, -95, 127, -112, 127, -124, 127, -128, 127, -128, 127, -128, 127, -128, 127, -128, 127, -128, 127, -128, 127, -128, 127, -128, 119, -128]",esp32_2
CSI_DATA,143362,2025-08-27 15:37:48.005,0,bend,00:00:00:00:00:00,-63,11,0,0,0,0,0,0,0,0,0,-97,0,1,0,4279157843,0,14,0,0,0,104,0,"[0, 0, 127, -128, 122, -128, 127, -128, 122, -128, 107, -128, 82, -128, 65, -128, 26, -128, 26, -128, 3, -128, -9, -128, -15, -128, -13, -128, -6, -128, 7, -128, 28, -128, 39, -109, 42, -86, 45, -56, 37, -27, 18, 2, -7, 22, -28, 35, -51, 42, -67, 37, 65, 109, 59, 99, 63, 108, 55, 96, 62, 107, 57, 92, 67, 91, 67, 93, 82, 82, 88, 90, 79, 82, 83, 79, 88, 71, 89, 69, 81, 58, 84, 46, 64, 32, 60, 22, 48, -4, 35, -40, 32, -67, 14, -109, 31, -128, 50, -128, 65, -128, 75, -128]",esp32_1
CSI_DATA,146595,2025-08-27 15:37:48.016,0,bend,00:00:00:00:00:00,-41,11,0,0,0,0,0,0,0,0,0,-97,0,1,0,1139032007,0,14,0,0,0,104,0,"[0, 0, 127, 33, 127, 9, 127, -14, 127, -29, 127, -37, 127, -39, 127, -35, 127, -27, 127, -15, 127, 1, 127, 20, 127, 36, 98, 43, 45, 41, -9, 29, -59, 5, -98, -29, -123, -69, -128, -111, -128, -128, -111, -128, -88, -128, -61, -128, -34, -128, -15, -128, -128, 112, -128, 101, -128, 86, -128, 74, -128, 63, -123, 55, -96, 52, -65, 56, -33, 66, 0, 80, 32, 98, 58, 117, 80, 127, 100, 127, 117, 127, 127, 127, 127, 127, 127, 127, 127, 127, 127, 127, 127, 127, 127, 127, 127, 127, 127, 127, 127, 125, 127, 111]",esp32_2
CSI_DATA,143363,2025-08-27 15:37:48.026,0,bend,00:00:00:00:00:00,-63,11,0,0,0,0,0,0,0,0,0,-97,0,1,0,4279184016,0,14,0,0,0,104,0,"[0, 0, -128, -31, -128, -44, -128, -53, -128, -51, -128, -40, -128, -25, -128, -9, -128, 17, -128, 38, -128, 57, -128, 67, -128, 72, -128, 71, -128, 61, -128, 44, -128, 22, -123, 9, -95, -11, -66, -19, -33, -17, -4, -16, 20, -7, 37, 9, 58, 31, 64, 51, 86, -92, 90, -91, 83, -86, 80, -87, 82, -86, 79, -90, 68, -92, 64, -97, 57, -102, 49, -101, 43, -111, 34, -113, 36, -107, 37, -106, 31, -99, 15, -93, 10, -81, -4, -63, -16, -41, -38, -19, -67, -2, -100, 16, -128, 25, -128, 31, -128, 33, -128, 14]",esp32_1
CSI_DATA,143364,2025-08-27 15:37:48.048,0,bend,00:00:00:00:00:00,-63,11,0,0,0,0,0,0,0,0,0,-97,0,1,0,4279217982,0,14,0,0,0,104,0,"[0, 0, -128, -79, -128, -98, -128, -108, -128, -96, -128, -79, -128, -54, -128, -37, -128, -10, -128, 5, -128, 19, -128, 31, -128, 29, -128, 32, -128, 21, -128, 4, -128, -15, -120, -22, -88, -31, -58, -26, -29, -25, 0, -19, 22, -1, 42, 12, 53, 38, 56, 57, 108, -73, 112, -69, 108, -64, 104, -64, 106, -64, 97, -68, 85, -72, 87, -82, 80, -88, 78, -84, 67, -88, 64, -98, 61, -91, 62, -90, 52, -87, 37, -85, 28, -74, 12, -59, -5, -35, -34, -22, -66, -6, -101, 0, -128, 3, -128, 3, -128, -3, -128, -23]",esp32_1
CSI_DATA,143365,2025-08-27 15:37:48.079,0,bend,00:00:00:00:00:00,-63,11,0,0,0,0,0,0,0,0,0,-97,0,1,0,4279254985,0,14,0,0,0,104,0,"[0, 0, -22, -128, -6, -128, -1, -128, 11, -128, 4, -128, -5, -128, -15, -128, -35, -128, -48, -128, -59, -128, -68, -128, -74, -128, -72, -128, -62, -128, -45, -128, -29, -128, -10, -118, 5, -88, 12, -62, 13, -33, 6, -3, -6, 20, -21, 34, -37, 48, -52, 52, 121, 36, 116, 40, 117, 49, 111, 46, 114, 46, 115, 44, 112, 33, 112, 30, 108, 25, 117, 22, 114, 14, 111, 8, 111, 8, 115, 5, 103, 2, 90, -11, 76, -8, 63, -17, 43, -29, 20, -45, -1, -66, -26, -90, -56, -128, -54, -128, -59, -128, -66, -128]",esp32_1
CSI_DATA,143366,2025-08-27 15:37:48.095,0,bend,00:00:00:00:00:00,-63,11,0,0,0,0,0,0,0,0,0,-97,0,1,0,4279279973,0,14,0,0,0,104,0,"[0, 0, -128, 127, -128, 127, -128, 115, -128, 110, -128, 95, -128, 95, -128, 93, -128, 103, -116, 110, -104, 121, -101, 127, -102, 127, -98, 127, -111, 120, -106, 107, -98, 83, -94, 62, -80, 35, -60, 17, -34, 5, -7, -6, 18, -7, 41, -3, 57, 8, 68, 21, -17, -123, -15, -127, -10, -126, -13, -125, -10, -123, -14, -126, -15, -115, -19, -122, -26, -117, -30, -109, -39, -113, -43, -105, -43, -98, -49, -93, -49, -84, -50, -82, -45, -68, -49, -50, -46, -21, -50, 10, -59, 41, -71, 73, -94, 97, -114, 127, -128, 127, -128, 127]",esp32_1
CSI_DATA,146597,2025-08-27 15:37:48.101,0,bend,00:00:00:00:00:00,-42,11,0,0,0,0,0,0,0,0,0,-97,0,1,0,1139638205,0,14,0,0,0,104,0,"[0, 0, 127, 94, 127, 65, 127, 40, 127, 18, 127, 1, 127, -9, 127, -12, 127, -9, 127, 1, 127, 17, 127, 40, 127, 63, 93, 78, 31, 84, -34, 79, -95, 61, -128, 30, -128, -15, -128, -64, -128, -108, -128, -128, -128, -128, -128, -128, -114, -128, -88, -128, -128, 12, -128, 5, -128, 0, -128, 2, -128, 6, -128, 14, -109, 29, -84, 48, -60, 72, -39, 100, -19, 126, -2, 127, 15, 127, 32, 127, 50, 127, 67, 127, 86, 127, 109, 127, 127, 127, 127, 127, 127, 127, 127, 127, 127, 127, 127, 127, 127, 127, 127, 127]",esp32_2
CSI_DATA,143367,2025-08-27 15:37:48.123,0,bend,00:00:00:00:00:00,-63,11,0,0,0,0,0,0,0,0,0,-97,0,1,0,4279329481,0,14,0,0,0,104,0,"[0, 0, -128, 99, -128, 75, -128, 66, -128, 57, -128, 62, -128, 63, -128, 64, -128, 88, -128, 85, -128, 85, -128, 94, -128, 96, -128, 98, -128, 100, -128, 80, -127, 56, -108, 38, -84, 19, -63, 6, -33, -6, -8, -10, 18, -2, 40, 7, 59, 24, 64, 38, 29, -128, 32, -128, 32, -128, 32, -128, 35, -128, 33, -128, 18, -126, 20, -125, 7, -123, 17, -128, 9, -121, 2, -118, 5, -109, -2, -108, -9, -101, -33, -95, -29, -77, -32, -67, -30, -38, -43, -6, -59, 19, -72, 51, -127, 71, -128, 84, -128, 97, -128, 105]",esp32_1
CSI_DATA,146598,2025-08-27 15:37:48.135,0,bend,00:00:00:00:00:00,-42,11,0,0,0,0,0,0,0,0,0,-97,0,1,0,1139647066,0,14,0,0,0,104,0,"[0, 0, -128, -128, -128, -128, -128, -128, -128, -128, -128, -128, -128, -128, -128, -128, -128, -128, -128, -128, -128, -128, -115, -128, -70, -128, -24, -108, 22, -69, 61, -21, 88, 35, 100, 92, 93, 127, 72, 127, 40, 127, 2, 127, -33, 127, -62, 127, -81, 127, -92, 127, 127, 29, 127, 36, 127, 37, 127, 33, 127, 25, 127, 12, 118, -8, 103, -31, 91, -58, 81, -89, 73, -118, 66, -128, 59, -128, 52, -128, 44, -128, 35, -128, 22, -128, 7, -128, -10, -128, -29, -128, -51, -128, -71, -128, -89, -128, -106, -128, -119, -128, -126, -128]",esp32_2
CSI_DATA,143368,2025-08-27 15:37:48.143,0,bend,00:00:00:00:00:00,-63,11,0,0,0,0,0,0,0,0,0,-97,0,1,0,4279377746,0,14,0,0,0,104,0,"[0, 0, -11, 127, -27, 127, -35, 127, -45, 127, -29, 127, -17, 127, -7, 127, 14, 127, 17, 127, 29, 127, 32, 127, 31, 127, 41, 127, 33, 127, 17, 127, -1, 127, -14, 124, -25, 93, -25, 60, -24, 32, -15, 4, 0, -17, 19, -35, 38, -50, 55, -53, -118, -74, -117, -81, -117, -83, -114, -81, -112, -84, -116, -85, -116, -70, -117, -71, -114, -58, -118, -63, -114, -60, -115, -50, -116, -55, -112, -49, -110, -37, -103, -16, -90, -17, -74, -13, -62, 0, -33, 27, -11, 50, 14, 79, 26, 127, 20, 127, 24, 127, 31, 127]",esp32_1
CSI_DATA,146599,2025-08-27 15:37:48.163,0,bend,00:00:00:00:00:00,-43,11,0,0,0,0,0,0,0,0,0,-97,0,1,0,1139656195,0,14,0,0,0,104,0,"[0, 0, 22, 127, 45, 127, 67, 127, 85, 127, 96, 127, 103, 127, 105, 127, 99, 127, 85, 127, 63, 127, 32, 127, -2, 127, -35, 106, -62, 54, -78, -4, -81, -63, -70, -119, -44, -128, -9, -128, 29, -128, 67, -128, 95, -128, 114, -128, 123, -128, 126, -127, -128, -128, -117, -128, -102, -128, -92, -128, -86, -117, -82, -93, -82, -66, -86, -39, -92, -10, -101, 20, -111, 49, -120, 72, -128, 93, -128, 113, -128, 127, -128, 127, -128, 127, -128, 127, -125, 127, -112, 127, -97, 127, -82, 127, -66, 127, -50, 127, -36, 127, -28, 127]",esp32_2
CSI_DATA,146600,2025-08-27 15:37:48.190,0,bend,00:00:00:00:00:00,-43,11,0,0,0,0,0,0,0,0,0,-97,0,1,0,1139664712,0,14,0,0,0,104,0,"[0, 0, 97, 127, 111, 127, 127, 127, 127, 127, 127, 127, 127, 127, 127, 127, 127, 127, 127, 127, 110, 127, 77, 127, 40, 122, 2, 97, -34, 63, -65, 20, -86, -28, -94, -77, -87, -125, -69, -128, -42, -128, -11, -128, 20, -128, 44, -128, 60, -128, 69, -128, -128, -103, -128, -103, -127, -99, -114, -89, -104, -76, -95, -57, -88, -33, -83, -7, -80, 20, -81, 47, -83, 72, -84, 94, -85, 113, -85, 127, -83, 127, -79, 127, -72, 127, -61, 127, -47, 127, -30, 127, -12, 127, 6, 127, 21, 127, 35, 127, 48, 127, 57, 127]",esp32_2
CSI_DATA,146601,2025-08-27 15:37:48.217,0,bend,00:00:00:00:00:00,-42,11,0,0,0,0,0,0,0,0,0,-97,0,1,0,1139690988,0,14,0,0,0,104,0,"[0, 0, 127, -12, 127, -34, 127, -55, 127, -74, 127, -88, 127, -95, 127, -95, 127, -86, 127, -67, 127, -42, 127, -11, 127, 20, 103, 46, 47, 65, -14, 74, -76, 70, -128, 51, -128, 19, -128, -23, -128, -64, -128, -104, -128, -128, -128, -128, -128, -128, -107, -128, -128, 127, -128, 127, -128, 115, -128, 104, -123, 96, -99, 89, -69, 87, -37, 92, -7, 100, 23, 112, 51, 125, 76, 127, 97, 127, 118, 127, 127, 127, 127, 127, 127, 127, 127, 127, 127, 127, 127, 127, 127, 109, 127, 96, 127, 87, 127, 75, 127, 61, 127, 51]",esp32_2
CSI_DATA,143371,2025-08-27 15:37:48.249,0,bend,00:00:00:00:00:00,-63,11,0,0,0,0,0,0,0,0,0,-97,0,1,0,4279463380,0,14,0,0,0,104,0,"[0, 0, -128, 127, -128, 127, -128, 127, -128, 127, -118, 127, -97, 127, -77, 127, -66, 127, -41, 127, -26, 127, -13, 127, -8, 127, -15, 127, -37, 127, -41, 127, -45, 127, -54, 107, -58, 75, -53, 53, -42, 22, -25, -4, -7, -23, 9, -38, 28, -45, 46, -42, -32, -128, -29, -128, -22, -128, -24, -128, -25, -128, -27, -128, -30, -128, -43, -128, -38, -128, -63, -120, -63, -119, -69, -118, -73, -112, -76, -110, -72, -101, -60, -99, -51, -85, -46, -69, -37, -34, -31, -11, -26, 25, -29, 63, -21, 98, -40, 127, -52, 127, -68, 127]",esp32_1
CSI_DATA,143372,2025-08-27 15:37:48.270,0,bend,00:00:00:00:00:00,-63,11,0,0,0,0,0,0,0,0,0,-97,0,1,0,4279489444,0,14,0,0,0,104,0,"[0, 0, 23, -128, 33, -128, 39, -128, 38, -128, 32, -128, 23, -128, 8, -128, -9, -128, -18, -128, -30, -128, -41, -128, -44, -128, -43, -128, -26, -128, -14, -128, -6, -128, 14, -115, 25, -86, 31, -65, 29, -35, 19, -11, 11, 16, -6, 34, -15, 50, -34, 55, 95, 85, 93, 91, 89, 93, 94, 91, 95, 92, 99, 96, 95, 89, 103, 87, 104, 85, 113, 78, 108, 74, 110, 66, 115, 65, 115, 64, 109, 57, 93, 50, 82, 42, 71, 31, 59, 12, 41, -10, 19, -34, 3, -65, -17, -97, -15, -128, -15, -128, -18, -128]",esp32_1
CSI_DATA,143373,2025-08-27 15:37:48.290,0,bend,00:00:00:00:00:00,-63,11,0,0,0,0,0,0,0,0,0,-97,0,1,0,4279536175,0,14,0,0,0,104,0,"[0, 0, 127, -29, 127, -11, 127, -9, 127, -10, 127, -10, 127, -27, 127, -37, 127, -71, 127, -87, 127, -98, 127, -109, 127, -109, 127, -115, 127, -105, 127, -86, 127, -56, 127, -36, 119, -12, 93, 7, 57, 21, 24, 36, -9, 37, -36, 34, -64, 22, -84, 11, -128, 69, -128, 67, -128, 69, -128, 70, -128, 74, -128, 79, -128, 86, -128, 99, -126, 107, -124, 106, -116, 123, -108, 127, -110, 115, -104, 121, -96, 114, -90, 111, -78, 99, -61, 83, -40, 46, -11, 24, 16, -5, 62, -35, 117, -35, 127, -61, 127, -64, 127, -55]",esp32_1
CSI_DATA,143374,2025-08-27 15:37:48.317,0,bend,00:00:00:00:00:00,-64,11,0,0,0,0,0,0,0,0,0,-97,0,1,0,4279583624,0,14,0,0,0,104,0,"[0, 0, -63, 127, -73, 127, -70, 127, -66, 127, -56, 127, -37, 127, -20, 127, 1, 127, 14, 127, 31, 127, 47, 127, 46, 127, 53, 127, 37, 127, 18, 127, 11, 127, -12, 125, -32, 105, -30, 73, -35, 42, -28, 9, -18, -18, -7, -41, 3, -58, 23, -65, -45, -128, -41, -128, -37, -128, -43, -128, -43, -128, -50, -128, -56, -128, -64, -128, -67, -125, -84, -123, -84, -119, -84, -118, -94, -111, -94, -112, -92, -103, -79, -100, -68, -87, -55, -70, -43, -44, -25, -11, -12, 22, -2, 61, 11, 99, 0, 127, -5, 127, -10, 127]",esp32_1
CSI_DATA,146603,2025-08-27 15:37:48.322,0,bend,00:00:00:00:00:00,-42,11,0,0,0,0,0,0,0,0,0,-97,0,1,0,1139695625,0,14,0,0,0,104,0,"[0, 0, 127, -81, 127, -97, 127, -113, 127, -127, 127, -128, 127, -128, 127, -128, 127, -128, 127, -115, 127, -91, 127, -59, 127, -22, 101, 14, 57, 45, 6, 67, -50, 77, -103, 73, -128, 55, -128, 26, -128, -9, -128, -43, -128, -74, -128, -95, -128, -108, -128, -113, -100, 127, -102, 127, -99, 127, -90, 127, -75, 115, -57, 104, -33, 94, -6, 90, 23, 89, 52, 89, 80, 91, 103, 93, 124, 95, 127, 97, 127, 96, 127, 93, 127, 88, 127, 79, 127, 66, 127, 52, 127, 35, 127, 19, 127, 3, 127, -15, 127, -28, 127, -35]",esp32_2
CSI_DATA,143375,2025-08-27 15:37:48.334,0,bend,00:00:00:00:00:00,-64,11,0,0,0,0,0,0,0,0,0,-97,0,1,0,4279614835,0,14,0,0,0,104,0,"[0, 0, -93, -128, -76, -128, -73, -128, -70, -128, -61, -128, -72, -128, -82, -128, -100, -128, -110, -128, -125, -128, -128, -128, -128, -128, -128, -128, -128, -128, -109, -128, -92, -128, -62, -124, -30, -104, -9, -82, 10, -56, 18, -30, 23, 4, 25, 30, 26, 63, 17, 80, 122, 86, 124, 92, 113, 88, 121, 90, 121, 84, 127, 91, 123, 77, 127, 75, 127, 69, 127, 56, 127, 49, 127, 44, 127, 49, 127, 41, 127, 47, 123, 33, 109, 33, 88, 23, 63, 16, 32, -1, -6, -30, -37, -57, -78, -91, -94, -128, -106, -128, -128, -128]",esp32_1
CSI_DATA,146604,2025-08-27 15:37:48.355,0,bend,00:00:00:00:00:00,-42,11,0,0,0,0,0,0,0,0,0,-97,0,1,0,1139706671,0,14,0,0,0,104,0,"[0, 0, 6, 127, 28, 127, 54, 127, 75, 127, 90, 127, 97, 127, 97, 127, 89, 127, 70, 127, 45, 127, 14, 127, -19, 127, -47, 107, -68, 49, -79, -14, -75, -78, -58, -128, -26, -128, 15, -128, 57, -128, 98, -128, 127, -128, 127, -128, 127, -128, 127, -117, -128, -128, -127, -128, -114, -128, -104, -128, -96, -127, -92, -102, -92, -72, -96, -42, -104, -11, -116, 21, -128, 51, -128, 76, -128, 97, -128, 117, -128, 127, -128, 127, -128, 127, -128, 127, -128, 127, -128, 127, -117, 127, -103, 127, -91, 127, -76, 127, -60, 127, -49, 127]",esp32_2
CSI_DATA,143376,2025-08-27 15:37:48.366,0,bend,00:00:00:00:00:00,-63,11,0,0,0,0,0,0,0,0,0,-97,0,1,0,4279637009,0,14,0,0,0,104,0,"[0, 0, -128, -128, -128, -128, -128, -128, -128, -128, -128, -128, -128, -107, -128, -89, -128, -59, -128, -40, -128, -28, -128, -19, -128, -17, -128, -15, -128, -18, -128, -31, -128, -42, -114, -48, -86, -51, -58, -51, -26, -40, -3, -31, 20, -12, 36, 7, 53, 33, 53, 51, 127, 0, 127, 6, 127, 0, 127, 3, 127, 1, 127, -4, 127, -10, 127, -16, 127, -25, 127, -30, 127, -43, 127, -53, 127, -42, 127, -45, 121, -40, 110, -50, 93, -42, 77, -33, 52, -15, 25, -15, -19, -9, -53, -17, -113, -32, -128, -41, -128, -65, -128, -100]",esp32_1
CSI_DATA,146605,2025-08-27 15:37:48.382,0,bend,00:00:00:00:00:00,-42,11,0,0,0,0,0,0,0,0,0,-97,0,1,0,1139729423,0,14,0,168,40,104,0,"[0, 0, -128, -128, -128, -128, -128, -112, -128, -97, -128, -82, -128, -74, -128, -74, -128, -78, -128, -84, -128, -91, -128, -96, -91, -96, -45, -86, 4, -68, 50, -39, 89, -1, 114, 41, 125, 86, 124, 127, 109, 127, 84, 127, 54, 127, 24, 127, -1, 127, -16, 127, 127, 19, 127, 23, 127, 24, 127, 21, 123, 14, 106, 4, 88, -13, 73, -34, 60, -59, 48, -85, 37, -109, 29, -128, 23, -128, 16, -128, 6, -128, -5, -128, -18, -128, -32, -128, -46, -128, -63, -128, -83, -128, -103, -128, -122, -128, -128, -128, -128, -128, -128, -128]",esp32_2
CSI_DATA,143377,2025-08-27 15:37:48.389,0,bend,00:00:00:00:00:00,-63,11,0,0,0,0,0,0,0,0,0,-97,0,1,0,4279662452,0,14,0,0,0,104,0,"[0, 0, -128, -92, -128, -106, -128, -113, -128, -99, -128, -84, -128, -60, -128, -40, -128, -5, -128, 21, -128, 44, -128, 54, -128, 62, -128, 61, -128, 49, -128, 39, -128, 9, -128, -4, -123, -24, -95, -28, -50, -33, -13, -33, 18, -23, 44, -8, 73, 12, 85, 37, 127, -38, 127, -30, 127, -29, 127, -36, 127, -38, 127, -48, 127, -49, 127, -62, 127, -71, 127, -77, 127, -98, 127, -108, 127, -98, 127, -100, 127, -91, 116, -94, 100, -78, 81, -61, 56, -38, 18, -15, -27, -4, -79, 6, -128, 5, -128, 3, -128, -6, -128, -43]",esp32_1
CSI_DATA,143378,2025-08-27 15:37:48.412,0,bend,00:00:00:00:00:00,-63,11,0,0,0,0,0,0,0,0,0,-97,0,1,0,4279696890,0,14,0,0,0,104,0,"[0, 0, 79, 127, 68, 127, 60, 127, 54, 127, 53, 127, 59, 127, 74, 127, 87, 127, 104, 124, 122, 109, 127, 113, 127, 117, 127, 115, 127, 117, 117, 120, 98, 118, 68, 110, 37, 95, 16, 76, -3, 47, -11, 23, -19, -6, -22, -32, -22, -59, -15, -78, -111, -81, -112, -91, -106, -84, -109, -87, -111, -85, -114, -80, -111, -70, -119, -69, -123, -59, -128, -52, -128, -39, -128, -34, -128, -38, -128, -35, -128, -36, -119, -30, -101, -25, -74, -21, -57, -12, -25, 11, 9, 32, 37, 63, 79, 94, 93, 127, 109, 127, 123, 127]",esp32_1
CSI_DATA,146606,2025-08-27 15:37:48.413,0,bend,00:00:00:00:00:00,-42,11,0,0,0,0,0,0,0,0,0,-97,0,1,0,1139733248,0,14,0,0,0,104,0,"[0, 0, 127, 127, 127, 127, 127, 127, 127, 127, 127, 127, 127, 119, 127, 117, 127, 119, 127, 123, 127, 126, 126, 127, 82, 123, 33, 106, -18, 77, -63, 37, -100, -11, -122, -63, -127, -116, -118, -128, -96, -128, -65, -128, -32, -128, -1, -128, 24, -128, 39, -128, -128, -43, -128, -46, -128, -46, -128, -41, -128, -32, -126, -17, -108, 4, -93, 30, -79, 59, -67, 90, -58, 118, -52, 127, -48, 127, -43, 127, -34, 127, -25, 127, -14, 127, 2, 127, 20, 127, 39, 127, 62, 127, 86, 127, 108, 127, 127, 127, 127, 127, 127, 127]",esp32_2
CSI_DATA,143379,2025-08-27 15:37:48.429,0,bend,00:00:00:00:00:00,-64,11,0,0,0,0,0,0,0,0,0,-97,0,1,0,4279721190,0,14,0,0,0,104,0,"[0, 0, -128, 65, -128, 53, -128, 37, -128, 41, -128, 57, -128, 57, -128, 77, -128, 85, -123, 97, -126, 110, -119, 120, -116, 124, -118, 127, -122, 122, -128, 115, -110, 80, -119, 69, -101, 48, -76, 22, -53, 4, -23, -16, 6, -22, 34, -24, 58, -14, 76, -9, 96, -87, 100, -95, 93, -92, 99, -94, 90, -92, 96, -108, 77, -110, 67, -115, 58, -117, 54, -118, 61, -128, 52, -128, 49, -125, 48, -123, 41, -124, 37, -112, 35, -106, 24, -78, 12, -42, -6, -14, -32, 26, -60, 48, -104, 62, -128, 85, -128, 93, -128, 89]",esp32_1
CSI_DATA,143380,2025-08-27 15:37:48.445,0,bend,00:00:00:00:00:00,-64,11,0,0,0,0,0,0,0,0,0,-97,0,1,0,4279756954,0,14,0,0,0,104,0,"[0, 0, 127, 127, 127, 113, 127, 127, 127, 124, 127, 111, 127, 86, 127, 71, 127, 27, 127, 19, 127, -4, 127, -6, 127, -14, 127, -13, 127, -26, 127, -5, 127, 16, 117, 25, 101, 33, 70, 36, 39, 30, 8, 26, -18, 6, -38, -13, -56, -37, -54, -55, -128, 24, -118, 18, -128, 26, -122, 22, -128, 30, -118, 25, -125, 42, -121, 38, -112, 63, -128, 58, -121, 69, -114, 74, -117, 65, -115, 68, -99, 61, -101, 88, -74, 62, -72, 51, -43, 29, -11, 19, 26, 15, 72, 2, 127, 30, 127, 38, 127, 57, 127, 88]",esp32_1
CSI_DATA,143381,2025-08-27 15:37:48.476,0,bend,00:00:00:00:00:00,-63,11,0,0,0,0,0,0,0,0,0,-97,0,1,0,4279804884,0,14,0,0,0,104,0,"[0, 0, 127, -3, 127, 10, 127, 23, 127, 18, 127, 15, 127, 4, 127, -7, 127, -43, 127, -55, 127, -74, 127, -79, 127, -93, 127, -88, 127, -94, 127, -80, 127, -54, 124, -32, 99, -16, 76, 2, 47, 4, 16, 13, -12, 12, -34, 2, -58, -11, -70, -28, -98, 89, -99, 82, -104, 87, -98, 83, -97, 85, -91, 83, -81, 92, -81, 90, -66, 101, -69, 106, -61, 119, -60, 123, -55, 114, -52, 120, -48, 110, -43, 119, -36, 94, -32, 82, -15, 49, 9, 20, 36, -2, 70, -29, 122, -29, 127, -44, 127, -53, 127, -26]",esp32_1
CSI_DATA,146608,2025-08-27 15:37:48.476,0,bend,00:00:00:00:00:00,-42,11,0,0,0,0,0,0,0,0,0,-97,0,1,0,1139744699,0,14,0,0,0,104,0,"[0, 0, -128, 50, -128, 70, -128, 90, -128, 107, -128, 121, -128, 127, -128, 127, -128, 118, -128, 101, -128, 75, -128, 43, -128, 9, -107, -24, -56, -55, 1, -75, 63, -81, 118, -72, 127, -48, 127, -17, 127, 21, 127, 59, 127, 90, 127, 110, 127, 121, 127, 122, 127, -128, 127, -128, 127, -120, 125, -109, 106, -102, 81, -95, 52, -91, 22, -94, -9, -100, -42, -108, -72, -115, -96, -123, -117, -128, -128, -128, -128, -128, -128, -128, -128, -128, -128, -128, -128, -121, -128, -102, -128, -84, -128, -68, -128, -50, -128, -31, -128, -16, -128, -7]",esp32_2
CSI_DATA,143382,2025-08-27 15:37:48.498,0,bend,00:00:00:00:00:00,-63,11,0,0,0,0,0,0,0,0,0,-97,0,1,0,4279841777,0,14,0,0,0,104,0,"[0, 0, -128, -128, -128, -128, -128, -128, -128, -128, -128, -128, -128, -128, -128, -111, -128, -78, -128, -65, -128, -48, -128, -45, -128, -40, -128, -39, -128, -41, -128, -52, -128, -58, -111, -62, -80, -61, -51, -52, -29, -38, -1, -19, 13, 1, 24, 23, 26, 50, 25, 70, 127, -12, 127, -7, 126, -9, 127, -9, 124, -7, 126, -10, 115, -22, 114, -27, 109, -41, 113, -43, 111, -60, 114, -65, 112, -57, 108, -63, 112, -56, 96, -71, 85, -56, 68, -49, 41, -34, 7, -26, -28, -30, -70, -29, -118, -57, -128, -75, -128, -95, -128, -128]",esp32_1
CSI_DATA,143383,2025-08-27 15:37:48.519,0,bend,00:00:00:00:00:00,-63,11,0,0,0,0,0,0,0,0,0,-97,0,1,0,4279866495,0,14,0,0,0,104,0,"[0, 0, -128, 50, -128, 29, -128, 15, -128, 18, -128, 19, -128, 28, -128, 46, -128, 76, -128, 95, -128, 113, -128, 125, -128, 127, -128, 127, -128, 127, -128, 115, -128, 88, -128, 63, -114, 32, -89, 14, -55, -2, -23, -14, 11, -11, 42, -8, 75, 12, 87, 26, 89, -128, 104, -128, 94, -128, 93, -128, 95, -121, 86, -125, 69, -119, 61, -128, 46, -128, 43, -128, 27, -128, 19, -128, 24, -128, 25, -128, 20, -128, 12, -128, 16, -128, 4, -103, 3, -65, -21, -32, -44, 10, -86, 45, -128, 67, -128, 95, -128, 106, -128, 94]",esp32_1
CSI_DATA,143384,2025-08-27 15:37:48.542,0,bend,00:00:00:00:00:00,-63,11,0,0,0,0,0,0,0,0,0,-97,0,1,0,4279902930,0,14,0,0,0,104,0,"[0, 0, -77, 127, -92, 127, -85, 127, -91, 127, -73, 127, -52, 127, -32, 127, -12, 127, 9, 127, 27, 127, 38, 127, 44, 127, 51, 127, 30, 127, 22, 127, 10, 127, -9, 121, -24, 93, -23, 69, -21, 37, -14, 11, 3, -12, 17, -30, 31, -46, 50, -51, -85, -103, -80, -107, -72, -109, -75, -109, -73, -103, -75, -100, -73, -86, -81, -82, -85, -76, -103, -65, -105, -62, -113, -59, -119, -60, -122, -64, -118, -57, -106, -52, -89, -51, -71, -36, -58, -15, -37, 12, -17, 45, -3, 80, 10, 123, 3, 127, -9, 127, -17, 127]",esp32_1
CSI_DATA,146610,2025-08-27 15:37:48.556,0,bend,00:00:00:00:00:00,-42,11,0,0,0,0,0,0,0,0,0,-97,0,1,0,1139764708,0,14,0,0,0,104,0,"[0, 0, -128, 127, -128, 127, -107, 127, -89, 127, -74, 127, -66, 127, -65, 127, -71, 127, -79, 127, -89, 127, -98, 127, -102, 110, -95, 57, -77, 0, -49, -54, -10, -100, 37, -128, 89, -128, 127, -128, 127, -128, 127, -107, 127, -75, 127, -42, 127, -12, 127, 7, -25, -128, -17, -128, -10, -128, -10, -128, -14, -128, -24, -123, -40, -99, -61, -77, -85, -57, -112, -39, -128, -24, -128, -11, -128, -1, -128, 9, -128, 20, -128, 34, -128, 48, -128, 64, -128, 83, -128, 103, -128, 127, -128, 127, -128, 127, -128, 127, -128, 127, -128, 127]",esp32_2
CSI_DATA,143385,2025-08-27 15:37:48.562,0,bend,00:00:00:00:00:00,-63,11,0,0,0,0,0,0,0,0,0,-97,0,1,0,4279927171,0,14,0,0,0,104,0,"[0, 0, -128, -128, -128, -128, -128, -128, -105, -128, -109, -128, -109, -128, -106, -111, -119, -90, -128, -82, -128, -69, -128, -71, -128, -72, -128, -55, -128, -74, -125, -71, -120, -79, -88, -73, -69, -62, -45, -57, -21, -35, -4, -19, 8, 5, 9, 32, 9, 54, 4, 71, 127, -4, 123, 0, 127, 3, 113, 2, 127, 4, 108, -5, 101, -13, 104, -23, 105, -34, 113, -41, 108, -46, 113, -60, 115, -51, 117, -55, 109, -55, 104, -63, 79, -45, 72, -49, 46, -31, 16, -28, -19, -33, -56, -47, -109, -75, -124, -100, -128, -128, -128, -128]",esp32_1
CSI_DATA,146611,2025-08-27 15:37:48.583,0,bend,00:00:00:00:00:00,-42,11,0,0,0,0,0,0,0,0,0,-97,0,1,0,1139780596,0,14,0,0,0,104,0,"[0, 0, 127, -128, 127, -128, 127, -128, 127, -128, 127, -128, 127, -128, 127, -128, 127, -128, 127, -128, 127, -128, 127, -123, 127, -77, 104, -26, 69, 24, 23, 66, -31, 97, -86, 113, -128, 111, -128, 94, -128, 66, -128, 30, -128, -6, -128, -38, -128, -62, -128, -75, -16, 127, -22, 127, -26, 127, -23, 127, -15, 127, -2, 127, 18, 111, 44, 93, 73, 78, 104, 64, 127, 55, 127, 48, 127, 43, 127, 37, 127, 30, 127, 19, 127, 8, 127, -7, 127, -25, 127, -44, 127, -66, 127, -90, 127, -115, 127, -128, 127, -128, 127, -128]",esp32_2
CSI_DATA,143386,2025-08-27 15:37:48.590,0,bend,00:00:00:00:00:00,-67,11,0,0,0,0,0,0,0,0,0,-97,0,1,0,4279965630,0,14,0,0,0,104,0,"[0, 0, 127, 42, 127, 48, 127, 54, 127, 59, 127, 42, 127, 33, 127, 10, 127, -13, 127, -20, 127, -39, 127, -43, 127, -63, 127, -64, 127, -48, 127, -38, 127, -19, 127, -8, 125, 7, 88, 14, 53, 23, 14, 13, -17, -3, -50, -32, -65, -63, -82, -90, -90, 103, -91, 104, -88, 97, -98, 90, -85, 89, -74, 88, -67, 95, -56, 92, -49, 97, -45, 94, -43, 112, -35, 122, -41, 109, -42, 112, -36, 109, -29, 106, -26, 93, -15, 75, -5, 44, 17, 31, 38, 9, 71, -3, 107, -8, 127, -16, 127, -11, 127, 1]",esp32_1
CSI_DATA,143387,2025-08-27 15:37:48.612,0,bend,00:00:00:00:00:00,-63,11,0,0,0,0,0,0,0,0,0,-97,0,1,0,4280002410,0,14,0,0,0,104,0,"[0, 0, 127, 127, 127, 127, 127, 127, 127, 127, 127, 127, 121, 127, 127, 113, 127, 99, 127, 63, 127, 47, 127, 44, 127, 43, 127, 54, 127, 59, 127, 75, 126, 69, 110, 74, 74, 74, 49, 57, 19, 37, -3, 18, -15, -4, -29, -27, -34, -55, -26, -82, -128, 5, -128, -5, -128, -8, -128, -9, -128, -1, -128, 3, -118, 4, -121, 22, -118, 27, -108, 42, -113, 65, -112, 79, -116, 74, -119, 74, -126, 80, -107, 61, -106, 59, -69, 52, -46, 40, -18, 36, 30, 34, 69, 55, 118, 59, 127, 83, 127, 110, 127, 127]",esp32_1
CSI_DATA,146612,2025-08-27 15:37:48.612,0,bend,00:00:00:00:00:00,-42,11,0,0,0,0,0,0,0,0,0,-97,0,1,0,1139796464,0,14,0,0,0,104,0,"[0, 0, 50, 127, 68, 127, 90, 127, 108, 127, 119, 127, 123, 127, 121, 127, 111, 127, 92, 127, 65, 127, 31, 127, -3, 127, -32, 109, -57, 51, -70, -13, -69, -78, -52, -128, -19, -128, 22, -128, 64, -128, 104, -128, 127, -128, 127, -128, 127, -128, 127, -121, -128, -128, -128, -128, -128, -125, -128, -113, -128, -95, -121, -71, -113, -40, -110, -9, -111, 24, -115, 58, -123, 91, -128, 118, -128, 127, -128, 127, -128, 127, -128, 127, -128, 127, -128, 127, -127, 127, -110, 127, -89, 127, -70, 127, -52, 127, -31, 127, -12, 127, 1, 127]",esp32_2
CSI_DATA,143388,2025-08-27 15:37:48.635,0,bend,00:00:00:00:00:00,-64,11,0,0,0,0,0,0,0,0,0,-97,0,1,0,4280051163,0,14,0,0,0,104,0,"[0, 0, -128, -128, -126, -128, -105, -128, -99, -128, -97, -128, -98, -128, -101, -128, -117, -122, -121, -109, -128, -101, -128, -105, -128, -105, -128, -98, -128, -108, -128, -116, -98, -107, -81, -107, -57, -84, -31, -71, -13, -40, 2, -19, 10, 9, 11, 36, -3, 66, -16, 81, 127, 0, 127, 3, 127, 6, 127, 6, 127, 8, 127, 3, 117, -13, 119, -19, 120, -35, 118, -36, 126, -48, 125, -62, 126, -52, 127, -56, 124, -62, 116, -65, 106, -53, 81, -51, 56, -39, 17, -36, -25, -46, -60, -59, -93, -99, -123, -124, -128, -128, -128, -128]",esp32_1
CSI_DATA,146613,2025-08-27 15:37:48.643,0,bend,00:00:00:00:00:00,-42,11,0,0,0,0,0,0,0,0,0,-97,0,1,0,1139796892,0,14,0,0,0,104,0,"[0, 0, 127, -128, 127, -128, 127, -128, 127, -128, 127, -128, 127, -128, 127, -128, 127, -128, 127, -128, 127, -128, 127, -115, 127, -68, 111, -19, 70, 28, 17, 66, -42, 92, -102, 102, -128, 91, -128, 67, -128, 34, -128, -3, -128, -37, -128, -67, -128, -88, -128, -98, -33, 127, -39, 127, -42, 127, -37, 127, -28, 127, -12, 127, 9, 115, 36, 100, 68, 87, 102, 75, 127, 68, 127, 65, 127, 62, 127, 58, 127, 53, 127, 45, 127, 36, 127, 23, 127, 5, 127, -13, 127, -35, 127, -59, 127, -84, 127, -110, 127, -127, 127, -128]",esp32_2
CSI_DATA,143389,2025-08-27 15:37:48.659,0,bend,00:00:00:00:00:00,-63,11,0,0,0,0,0,0,0,0,0,-97,0,1,0,4280077034,0,14,0,0,0,104,0,"[0, 0, -128, -128, -128, -128, -128, -128, -128, -128, -128, -128, -128, -106, -128, -81, -128, -50, -128, -37, -128, -20, -128, -19, -128, -14, -128, -14, -128, -21, -128, -32, -128, -47, -121, -50, -89, -50, -59, -45, -31, -33, -6, -19, 9, 10, 20, 30, 30, 57, 24, 77, 118, -85, 123, -78, 118, -78, 113, -72, 118, -73, 109, -73, 98, -76, 92, -80, 80, -89, 84, -101, 71, -115, 70, -125, 74, -118, 77, -125, 75, -119, 65, -120, 55, -105, 47, -93, 29, -69, 0, -53, -36, -38, -75, -26, -128, -30, -128, -43, -128, -59, -128, -89]",esp32_1
CSI_DATA,146614,2025-08-27 15:37:48.669,0,bend,00:00:00:00:00:00,-42,11,0,0,0,0,0,0,0,0,0,-97,0,1,0,1139804701,0,14,0,0,0,104,0,"[0, 0, 127, 87, 127, 65, 127, 41, 127, 24, 127, 13, 127, 6, 127, 6, 127, 13, 127, 25, 127, 40, 127, 57, 127, 71, 79, 74, 19, 65, -41, 43, -95, 9, -128, -36, -128, -89, -128, -128, -128, -128, -121, -128, -88, -128, -53, -128, -23, -128, -2, -128, -128, 127, -128, 127, -128, 115, -128, 105, -128, 98, -104, 93, -75, 94, -45, 102, -15, 117, 15, 127, 41, 127, 62, 127, 77, 127, 93, 127, 109, 127, 124, 127, 127, 127, 127, 127, 127, 127, 127, 127, 127, 127, 127, 127, 127, 127, 127, 127, 127, 127, 127, 127]",esp32_2
CSI_DATA,143390,2025-08-27 15:37:48.691,0,bend,00:00:00:00:00:00,-63,11,0,0,0,0,0,0,0,0,0,-97,0,1,0,4280112018,0,14,0,0,0,104,0,"[0, 0, 127, -71, 127, -63, 127, -39, 127, -35, 127, -30, 127, -35, 127, -42, 127, -62, 127, -82, 127, -96, 127, -101, 127, -103, 127, -105, 127, -88, 127, -74, 127, -49, 124, -29, 97, -10, 73, -1, 43, 4, 12, 0, -12, -9, -35, -17, -47, -39, -51, -56, 22, 127, 15, 127, 11, 127, 6, 127, 6, 127, 10, 127, 10, 123, 21, 123, 30, 122, 42, 114, 58, 121, 66, 127, 64, 118, 65, 127, 63, 125, 57, 124, 55, 116, 48, 95, 47, 66, 52, 31, 58, -5, 79, -36, 109, -55, 127, -96, 127, -110, 127, -97]",esp32_1
CSI_DATA,146615,2025-08-27 15:37:48.698,0,bend,00:00:00:00:00:00,-42,11,0,0,0,0,0,0,0,0,0,-97,0,1,0,1139817831,0,14,0,0,0,104,0,"[0, 0, 51, 127, 68, 127, 89, 127, 103, 127, 110, 127, 113, 127, 111, 127, 101, 127, 83, 127, 60, 127, 29, 127, -5, 127, -33, 103, -54, 46, -64, -14, -60, -76, -40, -128, -6, -128, 35, -128, 77, -128, 115, -128, 127, -128, 127, -128, 127, -128, 127, -104, -128, -106, -128, -109, -128, -106, -128, -96, -128, -81, -118, -58, -109, -31, -104, -1, -104, 32, -106, 66, -111, 97, -118, 123, -127, 127, -128, 127, -128, 127, -128, 127, -128, 127, -128, 127, -116, 127, -101, 127, -83, 127, -64, 127, -44, 127, -22, 127, -3, 127, 8, 127]",esp32_2
CSI_DATA,146616,2025-08-27 15:37:48.723,0,bend,00:00:00:00:00:00,-42,11,0,0,0,0,0,0,0,0,0,-97,0,1,0,1139825407,0,14,0,0,0,104,0,"[0, 0, 42, -128, 23, -128, 7, -128, -8, -128, -18, -128, -23, -128, -22, -128, -16, -128, -6, -128, 9, -128, 28, -128, 45, -127, 56, -78, 59, -24, 50, 30, 29, 82, -4, 124, -46, 127, -88, 127, -126, 127, -128, 127, -128, 120, -128, 90, -128, 60, -128, 39, 111, 127, 101, 127, 89, 127, 80, 127, 75, 110, 74, 88, 77, 62, 85, 36, 96, 9, 110, -17, 126, -41, 127, -59, 127, -75, 127, -90, 127, -105, 127, -117, 127, -128, 127, -128, 127, -128, 127, -128, 127, -128, 127, -128, 127, -128, 121, -128, 110, -128, 104, -128]",esp32_2
CSI_DATA,146617,2025-08-27 15:37:48.749,0,bend,00:00:00:00:00:00,-42,11,0,0,0,0,0,0,0,0,0,-97,0,1,0,1139834843,0,14,0,0,0,104,0,"[0, 0, -128, 41, -128, 59, -128, 77, -128, 92, -128, 102, -128, 105, -128, 102, -128, 91, -128, 74, -128, 51, -128, 23, -128, -7, -102, -33, -45, -53, 17, -61, 78, -53, 127, -31, 127, 4, 127, 46, 127, 88, 127, 124, 127, 127, 127, 127, 118, 127, 92, 127, 112, -128, 114, -128, 109, -128, 98, -128, 83, -128, 60, -117, 31, -108, 1, -105, -31, -107, -65, -112, -97, -119, -122, -126, -128, -128, -128, -128, -128, -128, -128, -128, -128, -128, -128, -128, -128, -128, -128, -114, -128, -95, -128, -77, -128, -58, -128, -37, -128, -20, -128, -11]",esp32_2
CSI_DATA,143392,2025-08-27 15:37:48.778,0,bend,00:00:00:00:00:00,-64,11,0,0,0,0,0,0,0,0,0,-97,0,1,0,4280161441,0,14,0,0,0,104,0,"[0, 0, -128, 127, -128, 127, -128, 127, -128, 127, -128, 119, -128, 113, -128, 117, -119, 126, -110, 127, -102, 127, -95, 127, -97, 127, -101, 127, -110, 127, -116, 122, -108, 100, -107, 73, -90, 47, -69, 26, -41, 8, -10, -4, 16, -8, 38, -1, 59, 12, 73, 21, -61, -128, -55, -128, -49, -128, -49, -128, -47, -127, -49, -125, -52, -113, -60, -111, -67, -103, -82, -98, -91, -103, -95, -101, -98, -96, -105, -96, -99, -98, -96, -98, -86, -90, -78, -76, -66, -42, -59, -8, -57, 28, -61, 69, -82, 97, -108, 127, -128, 127, -128, 127]",esp32_1
CSI_DATA,143393,2025-08-27 15:37:48.802,0,bend,00:00:00:00:00:00,-64,11,0,0,0,0,0,0,0,0,0,-97,0,1,0,4280200033,0,14,0,0,0,104,0,"[0, 0, -62, 127, -76, 127, -75, 127, -81, 127, -68, 127, -53, 127, -35, 127, -19, 127, -8, 127, 8, 127, 15, 127, 7, 127, 7, 127, -4, 127, -19, 127, -30, 127, -42, 112, -45, 84, -43, 56, -25, 27, -8, 7, 16, -11, 38, -18, 55, -24, 70, -20, -128, -28, -128, -38, -128, -45, -128, -47, -128, -49, -123, -43, -114, -37, -117, -34, -116, -20, -128, -8, -126, -5, -128, 5, -128, 8, -128, 9, -128, 8, -128, 8, -117, 6, -103, 10, -85, 21, -61, 41, -37, 63, -14, 93, 5, 125, 3, 127, 1, 127, 2, 127]",esp32_1
CSI_DATA,146619,2025-08-27 15:37:48.825,0,bend,00:00:00:00:00:00,-42,11,0,0,0,0,0,0,0,0,0,-97,0,1,0,1139854709,0,14,0,0,0,104,0,"[0, 0, 13, -128, -2, -128, -18, -128, -30, -128, -39, -128, -43, -128, -41, -128, -34, -128, -22, -128, -7, -128, 11, -128, 29, -116, 41, -74, 47, -26, 44, 24, 29, 70, 4, 108, -29, 127, -66, 127, -101, 127, -128, 127, -128, 118, -128, 91, -128, 65, -128, 47, 120, 118, 111, 118, 99, 111, 89, 100, 82, 85, 78, 66, 77, 43, 80, 19, 87, -6, 97, -32, 109, -55, 120, -73, 127, -89, 127, -103, 127, -116, 127, -127, 127, -128, 127, -128, 127, -128, 127, -128, 117, -128, 105, -128, 92, -128, 79, -128, 66, -128, 59, -128]",esp32_2
CSI_DATA,143394,2025-08-27 15:37:48.834,0,bend,00:00:00:00:00:00,-64,11,0,0,0,0,0,0,0,0,0,-97,0,1,0,4280224878,0,14,0,0,0,104,0,"[0, 0, -82, 127, -99, 127, -91, 127, -91, 127, -80, 127, -59, 127, -42, 127, -30, 127, -19, 127, -5, 127, -2, 127, -7, 127, -9, 127, -26, 127, -35, 127, -42, 127, -50, 106, -50, 69, -42, 49, -28, 23, -7, 5, 15, -6, 37, -15, 56, -16, 74, -8, -122, -38, -125, -49, -120, -53, -119, -52, -112, -53, -111, -51, -106, -44, -110, -42, -112, -32, -119, -19, -121, -12, -128, -10, -128, -5, -128, -4, -128, -8, -125, -10, -116, -10, -99, -6, -81, 9, -56, 26, -37, 54, -19, 86, -4, 118, -10, 127, -17, 127, -22, 127]",esp32_1
CSI_DATA,146620,2025-08-27 15:37:48.856,0,bend,00:00:00:00:00:00,-42,11,0,0,0,0,0,0,0,0,0,-97,0,1,0,1139864842,0,14,0,0,0,104,0,"[0, 0, -87, -128, -103, -128, -120, -128, -128, -128, -128, -128, -128, -128, -128, -128, -127, -128, -109, -128, -83, -128, -50, -128, -13, -128, 19, -106, 46, -53, 61, 6, 63, 70, 51, 127, 23, 127, -16, 127, -56, 127, -94, 127, -126, 127, -128, 127, -128, 127, -128, 115, 127, 85, 127, 87, 127, 84, 127, 77, 127, 63, 122, 42, 111, 16, 103, -14, 99, -47, 99, -81, 103, -113, 108, -128, 114, -128, 120, -128, 122, -128, 119, -128, 115, -128, 105, -128, 92, -128, 76, -128, 56, -128, 35, -128, 16, -128, -4, -128, -21, -128, -32, -128]",esp32_2
CSI_DATA,143395,2025-08-27 15:37:48.868,0,bend,00:00:00:00:00:00,-64,11,0,0,0,0,0,0,0,0,0,-97,0,1,0,4280258978,0,14,0,0,0,104,0,"[0, 0, -128, 127, -128, 127, -128, 127, -128, 127, -128, 127, -112, 127, -90, 127, -82, 127, -58, 127, -45, 127, -40, 127, -45, 127, -54, 127, -70, 127, -78, 127, -73, 111, -78, 85, -70, 52, -55, 33, -32, 17, -4, 1, 22, -5, 38, -9, 58, -5, 72, 10, -100, -82, -94, -94, -86, -95, -87, -97, -86, -95, -87, -92, -79, -85, -85, -82, -91, -78, -102, -57, -110, -51, -115, -49, -124, -41, -128, -42, -128, -51, -116, -52, -110, -52, -94, -37, -83, -15, -68, 8, -54, 41, -53, 75, -49, 106, -57, 127, -68, 127, -91, 127]",esp32_1
CSI_DATA,146621,2025-08-27 15:37:48.878,0,bend,00:00:00:00:00:00,-42,11,0,0,0,0,0,0,0,0,0,-97,0,1,0,1139874925,0,14,0,0,0,104,0,"[0, 0, 127, 60, 127, 41, 127, 27, 127, 14, 127, 5, 127, 0, 127, 2, 127, 9, 127, 18, 127, 31, 127, 46, 112, 57, 65, 61, 15, 55, -34, 38, -79, 10, -114, -26, -128, -69, -128, -112, -128, -128, -108, -128, -82, -128, -53, -128, -25, -128, -8, -128, -128, 117, -128, 108, -128, 95, -119, 85, -102, 79, -81, 75, -56, 76, -30, 83, -4, 96, 22, 110, 44, 125, 62, 127, 76, 127, 90, 127, 102, 127, 112, 127, 123, 127, 127, 127, 127, 127, 127, 127, 127, 127, 127, 127, 127, 127, 127, 127, 127, 118, 127, 113]",esp32_2
CSI_DATA,143396,2025-08-27 15:37:48.900,0,bend,00:00:00:00:00:00,-65,11,0,0,0,0,0,0,0,0,0,-97,0,1,0,4280331408,0,14,0,0,0,104,0,"[0, 0, -128, -128, -128, -128, -128, -128, -128, -128, -128, -128, -128, -128, -128, -107, -128, -91, -128, -79, -128, -88, -128, -91, -128, -100, -128, -93, -128, -115, -128, -119, -128, -111, -100, -107, -76, -82, -43, -62, -18, -34, -5, -6, 2, 25, -5, 52, -13, 84, -31, 99, 107, -128, 110, -128, 111, -128, 114, -121, 114, -120, 106, -120, 85, -119, 73, -128, 73, -128, 66, -128, 60, -128, 53, -128, 67, -128, 75, -128, 61, -128, 50, -128, 49, -128, 28, -128, 17, -103, -11, -87, -52, -68, -98, -67, -128, -75, -128, -92, -128, -114, -128, -128]",esp32_1
CSI_DATA,146622,2025-08-27 15:37:48.905,0,bend,00:00:00:00:00:00,-41,11,0,0,0,0,0,0,0,0,0,-97,0,1,0,1139886127,0,14,0,0,0,104,0,"[0, 0, -122, 127, -103, 127, -83, 127, -68, 127, -59, 127, -54, 127, -55, 127, -61, 127, -67, 127, -74, 127, -83, 127, -86, 106, -78, 57, -60, 4, -32, -44, 6, -83, 52, -111, 101, -122, 127, -118, 127, -100, 127, -73, 127, -42, 127, -12, 127, 14, 127, 29, -101, -128, -90, -128, -79, -128, -72, -128, -68, -125, -68, -101, -74, -74, -86, -49, -103, -26, -122, -2, -128, 19, -128, 36, -128, 48, -128, 59, -128, 69, -128, 80, -128, 91, -128, 104, -128, 117, -128, 127, -128, 127, -128, 127, -128, 127, -128, 127, -128, 127, -128, 127]",esp32_2
CSI_DATA,143397,2025-08-27 15:37:48.922,0,bend,00:00:00:00:00:00,-64,11,0,0,0,0,0,0,0,0,0,-97,0,1,0,4280368509,0,14,0,0,0,104,0,"[0, 0, 127, -128, 127, -128, 127, -116, 127, -108, 127, -101, 127, -102, 127, -107, 127, -119, 127, -128, 127, -128, 127, -128, 127, -128, 127, -128, 127, -107, 127, -84, 127, -58, 127, -31, 102, -15, 73, -5, 40, 2, 1, -8, -22, -21, -39, -37, -50, -58, -52, -77, 116, 112, 110, 122, 99, 121, 98, 127, 97, 127, 92, 126, 91, 118, 96, 114, 104, 107, 111, 94, 125, 98, 127, 96, 127, 88, 127, 91, 127, 88, 127, 95, 123, 90, 116, 74, 108, 40, 97, 10, 89, -26, 104, -71, 122, -90, 127, -128, 127, -128, 127, -128]",esp32_1
CSI_DATA,146623,2025-08-27 15:37:48.922,0,bend,00:00:00:00:00:00,-41,11,0,0,0,0,0,0,0,0,0,-97,0,1,0,1139895590,0,14,0,0,0,104,0,"[0, 0, 127, 91, 127, 70, 127, 50, 127, 34, 127, 23, 127, 18, 127, 20, 127, 27, 127, 37, 127, 50, 127, 66, 127, 77, 77, 77, 16, 65, -42, 40, -93, 3, -128, -44, -128, -96, -128, -128, -128, -128, -112, -128, -79, -128, -44, -128, -13, -128, 7, -128, -128, 127, -128, 127, -128, 117, -128, 105, -126, 98, -101, 93, -72, 95, -41, 104, -9, 120, 22, 127, 49, 127, 70, 127, 86, 127, 103, 127, 119, 127, 127, 127, 127, 127, 127, 127, 127, 127, 127, 127, 127, 127, 127, 127, 127, 127, 127, 127, 127, 127, 127, 127]",esp32_2
CSI_DATA,146624,2025-08-27 15:37:48.944,0,bend,00:00:00:00:00:00,-41,11,0,0,0,0,0,0,0,0,0,-97,0,1,0,1139905016,0,14,0,0,0,104,0,"[0, 0, -50, -128, -65, -128, -81, -128, -93, -128, -101, -128, -104, -128, -101, -128, -93, -128, -76, -128, -53, -128, -25, -128, 2, -128, 25, -95, 43, -41, 49, 16, 43, 73, 23, 123, -10, 127, -48, 127, -86, 127, -121, 127, -128, 127, -128, 127, -128, 107, -128, 84, 127, 91, 127, 93, 127, 89, 127, 79, 123, 65, 112, 46, 103, 22, 100, -7, 100, -37, 103, -69, 109, -99, 117, -122, 125, -128, 127, -128, 127, -128, 127, -128, 127, -128, 127, -128, 117, -128, 102, -128, 85, -128, 68, -128, 49, -128, 30, -128, 13, -128, 4, -128]",esp32_2
CSI_DATA,146625,2025-08-27 15:37:48.975,0,bend,00:00:00:00:00:00,-41,11,0,0,0,0,0,0,0,0,0,-97,0,1,0,1139914862,0,14,0,0,0,104,0,"[0, 0, 127, 127, 127, 127, 127, 127, 127, 127, 127, 127, 127, 127, 127, 127, 127, 127, 127, 127, 122, 127, 86, 127, 47, 127, 10, 95, -24, 53, -49, 3, -62, -52, -60, -106, -42, -128, -13, -128, 21, -128, 56, -128, 88, -128, 110, -128, 121, -128, 124, -127, -128, 18, -128, 11, -128, 5, -128, 3, -128, 7, -123, 17, -102, 34, -83, 57, -69, 83, -56, 112, -47, 127, -42, 127, -40, 127, -38, 127, -35, 127, -31, 127, -26, 127, -16, 127, -3, 127, 12, 127, 31, 127, 51, 127, 71, 127, 90, 127, 108, 127, 121, 127]",esp32_2
CSI_DATA,146626,2025-08-27 15:37:48.998,0,bend,00:00:00:00:00:00,-41,11,0,0,0,0,0,0,0,0,0,-97,0,1,0,1139928509,0,14,0,0,0,104,0,"[0, 0, -33, 127, -15, 127, 1, 127, 13, 127, 23, 127, 29, 127, 26, 127, 18, 127, 6, 127, -10, 127, -29, 127, -46, 126, -53, 76, -52, 22, -41, -32, -16, -83, 19, -123, 64, -128, 109, -128, 127, -128, 127, -128, 127, -105, 127, -74, 127, -44, 127, -25, -128, -128, -128, -128, -128, -124, -116, -113, -106, -97, -100, -75, -97, -48, -99, -19, -105, 9, -116, 39, -128, 68, -128, 89, -128, 107, -128, 124, -128, 127, -128, 127, -128, 127, -128, 127, -128, 127, -128, 127, -128, 127, -128, 127, -125, 127, -111, 127, -98, 127, -89, 127]",esp32_2
CSI_DATA,143399,2025-08-27 15:37:49.009,0,bend,00:00:00:00:00:00,-65,11,0,0,0,0,0,0,0,0,0,-97,0,1,0,4280431031,0,14,0,0,0,104,0,"[0, 0, -118, 127, -127, 127, -123, 127, -122, 127, -107, 127, -85, 127, -70, 127, -55, 127, -41, 127, -37, 127, -34, 127, -43, 127, -48, 127, -62, 127, -68, 127, -72, 115, -74, 82, -66, 49, -55, 26, -29, 9, -1, -6, 24, -14, 48, -11, 63, -8, 76, 5, -120, -53, -119, -63, -115, -69, -112, -72, -108, -72, -105, -71, -98, -58, -104, -57, -106, -47, -115, -29, -115, -30, -121, -22, -128, -17, -128, -12, -128, -12, -127, -16, -118, -17, -105, -9, -88, 10, -69, 32, -51, 55, -43, 91, -37, 122, -44, 127, -52, 127, -65, 127]",esp32_1
CSI_DATA,146627,2025-08-27 15:37:49.020,0,bend,00:00:00:00:00:00,-41,11,0,0,0,0,0,0,0,0,0,-97,0,1,0,1139934705,0,14,0,0,0,104,0,"[0, 0, 127, 127, 127, 127, 127, 127, 127, 127, 127, 127, 127, 127, 127, 127, 127, 127, 127, 127, 127, 127, 110, 127, 69, 120, 27, 93, -14, 56, -48, 10, -69, -43, -75, -96, -65, -128, -42, -128, -10, -128, 25, -128, 58, -128, 83, -128, 98, -128, 106, -128, -128, 61, -128, 52, -128, 42, -128, 38, -128, 38, -118, 43, -94, 54, -72, 73, -52, 96, -33, 123, -18, 127, -9, 127, -3, 127, 2, 127, 8, 127, 14, 127, 20, 127, 31, 127, 44, 127, 58, 127, 76, 127, 98, 127, 121, 127, 127, 127, 127, 127, 127, 127]",esp32_2
CSI_DATA,143400,2025-08-27 15:37:49.039,0,bend,00:00:00:00:00:00,-64,11,0,0,0,0,0,0,0,0,0,-97,0,1,0,4280454677,0,14,0,0,0,104,0,"[0, 0, 127, 3, 127, 16, 127, 25, 127, 24, 127, 17, 127, 8, 127, -2, 127, -17, 127, -27, 127, -35, 127, -33, 127, -25, 127, -18, 127, -1, 127, 9, 123, 24, 103, 35, 73, 34, 48, 30, 23, 14, 1, -4, -12, -22, -21, -39, -18, -65, -7, -79, 31, 124, 25, 127, 21, 123, 18, 127, 14, 123, 14, 125, 14, 116, 21, 117, 29, 112, 39, 105, 52, 110, 57, 114, 57, 110, 59, 115, 59, 113, 58, 118, 52, 111, 54, 99, 55, 71, 57, 47, 72, 19, 91, -3, 125, -11, 127, -36, 127, -41, 127, -28]",esp32_1
CSI_DATA,146628,2025-08-27 15:37:49.041,0,bend,00:00:00:00:00:00,-41,11,0,0,0,0,0,0,0,0,0,-97,0,1,0,1139946811,0,14,0,0,0,104,0,"[0, 0, -128, 127, -128, 127, -128, 127, -128, 127, -123, 127, -116, 127, -117, 127, -120, 127, -122, 127, -122, 127, -120, 127, -111, 85, -91, 38, -59, -8, -17, -47, 33, -75, 87, -89, 127, -84, 127, -66, 127, -37, 127, -3, 127, 29, 127, 57, 127, 77, 127, 87, -78, -128, -67, -128, -56, -128, -50, -128, -49, -128, -54, -115, -64, -89, -81, -65, -102, -43, -125, -23, -128, -6, -128, 6, -128, 14, -128, 21, -128, 27, -128, 34, -128, 42, -128, 54, -128, 68, -128, 84, -128, 102, -128, 123, -128, 127, -128, 127, -128, 127, -128, 127]",esp32_2
CSI_DATA,146629,2025-08-27 15:37:49.064,0,bend,00:00:00:00:00:00,-41,11,0,0,0,0,0,0,0,0,0,-97,0,1,0,1139954751,0,14,0,0,0,104,0,"[0, 0, 60, 127, 75, 127, 87, 127, 94, 127, 97, 127, 97, 127, 92, 127, 81, 127, 66, 127, 46, 127, 20, 127, -6, 127, -26, 87, -37, 37, -36, -17, -24, -71, 3, -115, 41, -128, 82, -128, 119, -128, 127, -128, 127, -126, 127, -97, 127, -67, 127, -45, -128, -17, -128, -24, -128, -29, -128, -28, -128, -22, -124, -8, -109, 11, -99, 35, -91, 64, -86, 94, -84, 123, -85, 127, -90, 127, -96, 127, -100, 127, -101, 127, -101, 127, -96, 127, -86, 127, -75, 127, -61, 127, -44, 127, -25, 127, -6, 127, 10, 127, 19, 127]",esp32_2
CSI_DATA,143401,2025-08-27 15:37:49.071,0,bend,00:00:00:00:00:00,-65,11,0,0,0,0,0,0,0,0,0,-97,0,1,0,4280480010,0,14,0,0,0,104,0,"[0, 0, 7, 127, -4, 127, -5, 127, -14, 127, -10, 127, -2, 127, 11, 127, 25, 127, 34, 127, 41, 127, 40, 127, 32, 127, 26, 127, 7, 127, -7, 127, -16, 127, -27, 101, -36, 70, -28, 42, -16, 17, 3, 1, 24, -9, 41, -19, 66, -24, 80, -12, -123, 57, -128, 48, -128, 35, -128, 33, -128, 33, -128, 25, -122, 27, -116, 31, -111, 40, -111, 52, -105, 61, -100, 69, -114, 73, -118, 78, -117, 80, -104, 73, -102, 72, -85, 69, -76, 69, -54, 78, -25, 89, -1, 105, 29, 127, 36, 127, 47, 127, 50, 127]",esp32_1
CSI_DATA,146630,2025-08-27 15:37:49.084,0,bend,00:00:00:00:00:00,-41,11,0,0,0,0,0,0,0,0,0,-97,0,1,0,1139975648,0,14,0,0,0,104,0,"[0, 0, 127, -128, 127, -128, 127, -128, 127, -128, 127, -128, 127, -128, 127, -128, 127, -128, 127, -128, 127, -128, 127, -115, 113, -73, 88, -32, 52, 7, 6, 38, -44, 59, -95, 65, -128, 52, -128, 28, -128, -3, -128, -37, -128, -69, -128, -94, -128, -110, -128, -117, 81, 127, 72, 127, 61, 127, 54, 127, 52, 127, 55, 112, 66, 89, 83, 66, 104, 44, 127, 26, 127, 12, 127, 2, 127, -5, 127, -11, 127, -18, 127, -26, 127, -33, 127, -43, 127, -55, 127, -68, 127, -85, 127, -105, 127, -123, 127, -128, 127, -128, 127, -128]",esp32_2
CSI_DATA,143402,2025-08-27 15:37:49.098,0,bend,00:00:00:00:00:00,-65,11,0,0,0,0,0,0,0,0,0,-97,0,1,0,4280527939,0,14,0,0,0,104,0,"[0, 0, -128, -128, -128, -128, -128, -128, -122, -128, -115, -128, -116, -128, -119, -128, -126, -116, -128, -108, -128, -104, -128, -118, -128, -117, -128, -120, -111, -122, -96, -121, -63, -117, -44, -100, -22, -74, -9, -52, 2, -22, -3, -1, -7, 26, -20, 42, -35, 60, -50, 63, 76, -111, 85, -105, 90, -94, 91, -95, 91, -92, 90, -88, 81, -84, 73, -89, 67, -94, 66, -105, 54, -111, 48, -115, 53, -119, 55, -126, 57, -125, 40, -121, 40, -112, 36, -104, 22, -91, -3, -81, -33, -77, -63, -80, -105, -83, -122, -105, -128, -118, -128, -128]",esp32_1
CSI_DATA,146631,2025-08-27 15:37:49.109,0,bend,00:00:00:00:00:00,-41,11,0,0,0,0,0,0,0,0,0,-97,0,1,0,1139998661,0,14,0,0,0,104,0,"[0, 0, -128, -128, -128, -128, -128, -128, -128, -128, -128, -123, -128, -117, -128, -117, -128, -120, -128, -122, -128, -123, -128, -121, -93, -111, -47, -89, 0, -56, 41, -14, 72, 37, 85, 91, 79, 127, 61, 127, 32, 127, -3, 127, -38, 127, -68, 127, -89, 127, -99, 127, 127, -94, 127, -84, 127, -74, 127, -67, 127, -63, 113, -63, 88, -72, 63, -88, 39, -109, 16, -128, -3, -128, -16, -128, -26, -128, -34, -128, -41, -128, -49, -128, -58, -128, -70, -128, -81, -128, -96, -128, -116, -128, -128, -128, -128, -128, -128, -128, -128, -128, -128, -128]",esp32_2
CSI_DATA,143403,2025-08-27 15:37:49.123,0,bend,00:00:00:00:00:00,-65,11,0,0,0,0,0,0,0,0,0,-97,0,1,0,4280565106,0,14,0,0,0,104,0,"[0, 0, 127, 127, 123, 127, 121, 127, 108, 127, 100, 127, 102, 127, 109, 127, 119, 127, 125, 126, 127, 126, 127, 127, 125, 127, 119, 127, 105, 127, 77, 127, 52, 127, 31, 106, 14, 82, 4, 50, -2, 22, 6, -1, 16, -24, 30, -39, 50, -52, 66, -54, -81, 112, -90, 109, -90, 101, -93, 95, -95, 100, -92, 93, -82, 92, -79, 94, -70, 99, -68, 106, -54, 117, -51, 121, -65, 121, -63, 127, -64, 124, -51, 126, -49, 113, -39, 107, -28, 93, -4, 90, 23, 85, 62, 85, 102, 96, 120, 123, 127, 127, 127, 127]",esp32_1
CSI_DATA,146632,2025-08-27 15:37:49.130,0,bend,00:00:00:00:00:00,-41,11,0,0,0,0,0,0,0,0,0,-97,0,1,0,1139999116,0,14,0,0,0,104,0,"[0, 0, -86, -128, -102, -128, -115, -128, -125, -128, -128, -128, -128, -128, -126, -128, -114, -128, -96, -128, -72, -128, -42, -128, -11, -128, 15, -99, 32, -44, 38, 15, 30, 75, 7, 127, -29, 127, -71, 127, -113, 127, -128, 127, -128, 127, -128, 126, -128, 93, -128, 68, 127, 31, 127, 37, 127, 39, 127, 36, 127, 28, 127, 13, 110, -9, 100, -37, 93, -67, 88, -100, 87, -128, 90, -128, 95, -128, 102, -128, 105, -128, 106, -128, 105, -128, 98, -128, 87, -128, 72, -128, 55, -128, 38, -128, 20, -128, -1, -128, -19, -128, -30, -128]",esp32_2
CSI_DATA,143404,2025-08-27 15:37:49.149,0,bend,00:00:00:00:00:00,-65,11,0,0,0,0,0,0,0,0,0,-97,0,1,0,4280604823,0,14,0,0,0,104,0,"[0, 0, 127, 68, 127, 79, 127, 80, 127, 76, 127, 70, 127, 53, 127, 37, 127, 27, 127, 13, 127, 15, 127, 16, 127, 24, 127, 34, 127, 42, 127, 58, 111, 63, 87, 63, 55, 52, 31, 37, 16, 16, 1, -6, -5, -28, -3, -45, 5, -69, 23, -77, 11, 127, 6, 127, 0, 125, -3, 127, -9, 126, -5, 124, -6, 116, 0, 115, 12, 117, 15, 113, 31, 117, 38, 121, 31, 120, 34, 124, 35, 126, 39, 127, 34, 119, 42, 108, 42, 84, 50, 64, 69, 39, 99, 28, 127, 17, 127, 8, 127, 11, 127, 32]",esp32_1
CSI_DATA,146633,2025-08-27 15:37:49.154,0,bend,00:00:00:00:00:00,-41,11,0,0,0,0,0,0,0,0,0,-97,0,1,0,1139999418,0,14,0,0,0,104,0,"[0, 0, -128, -104, -128, -87, -128, -70, -128, -60, -128, -53, -128, -51, -128, -53, -128, -59, -128, -66, -128, -70, -128, -77, -116, -77, -68, -66, -18, -44, 28, -10, 64, 34, 83, 84, 84, 127, 71, 127, 46, 127, 14, 127, -19, 127, -47, 127, -69, 127, -81, 127, 110, -128, 113, -128, 109, -128, 99, -128, 86, -123, 68, -113, 45, -108, 18, -111, -11, -119, -41, -128, -68, -128, -88, -128, -103, -128, -117, -128, -128, -128, -128, -128, -128, -128, -128, -128, -128, -128, -128, -128, -128, -128, -128, -128, -128, -128, -128, -128, -128, -128, -128, -128]",esp32_2
CSI_DATA,143405,2025-08-27 15:37:49.176,0,bend,00:00:00:00:00:00,-65,11,0,0,0,0,0,0,0,0,0,-97,0,1,0,4281270565,0,14,0,0,0,104,0,"[0, 0, 118, -128, 127, -128, 127, -128, 127, -128, 111, -128, 86, -128, 71, -128, 51, -128, 48, -128, 39, -128, 41, -128, 47, -128, 53, -128, 86, -128, 84, -128, 87, -128, 83, -95, 69, -58, 54, -35, 16, -5, -16, 4, -42, 9, -68, 5, -91, 2, -101, -18, 127, 44, 127, 56, 127, 66, 127, 72, 127, 78, 127, 79, 127, 73, 127, 67, 127, 58, 127, 39, 127, 34, 127, 21, 127, 8, 127, 5, 127, 6, 127, -4, 127, 2, 117, -5, 108, -35, 81, -47, 62, -84, 48, -120, 22, -128, 32, -128, 49, -128, 55, -128]",esp32_1
CSI_DATA,146634,2025-08-27 15:37:49.176,0,bend,00:00:00:00:00:00,-41,11,0,0,0,0,0,0,0,0,0,-97,0,1,0,1140004718,0,14,0,0,0,104,0,"[0, 0, 127, -128, 127, -128, 127, -128, 127, -128, 127, -128, 127, -128, 127, -128, 127, -128, 127, -128, 127, -116, 127, -82, 127, -45, 94, -10, 49, 21, -3, 41, -59, 49, -109, 43, -128, 22, -128, -10, -128, -46, -128, -82, -128, -111, -128, -128, -128, -128, -111, -128, 22, 127, 15, 127, 7, 127, 6, 127, 10, 127, 20, 122, 35, 101, 58, 85, 84, 71, 113, 60, 127, 52, 127, 49, 127, 49, 127, 48, 127, 45, 127, 41, 127, 37, 127, 28, 127, 15, 127, 1, 127, -17, 127, -37, 127, -57, 127, -77, 127, -93, 127, -102]",esp32_2
CSI_DATA,146635,2025-08-27 15:37:49.202,0,bend,00:00:00:00:00:00,-41,11,0,0,0,0,0,0,0,0,0,-97,0,1,0,1140028438,0,14,0,0,0,104,0,"[0, 0, 127, 127, 127, 127, 127, 127, 127, 127, 127, 127, 127, 127, 127, 127, 127, 127, 127, 127, 111, 127, 78, 127, 42, 127, 7, 93, -22, 48, -40, -5, -47, -61, -39, -113, -15, -128, 18, -128, 55, -128, 91, -128, 120, -128, 127, -128, 127, -128, 127, -108, -128, 35, -128, 26, -128, 18, -128, 14, -128, 16, -126, 24, -105, 40, -86, 60, -70, 85, -57, 114, -47, 127, -41, 127, -39, 127, -39, 127, -38, 127, -36, 127, -32, 127, -24, 127, -13, 127, 1, 127, 19, 127, 39, 127, 58, 127, 77, 127, 96, 127, 108, 127]",esp32_2
CSI_DATA,146636,2025-08-27 15:37:49.224,0,bend,00:00:00:00:00:00,-41,11,0,0,0,0,0,0,0,0,0,-97,0,1,0,1140032204,0,14,0,0,0,104,0,"[0, 0, -128, -3, -128, 13, -128, 25, -128, 36, -128, 44, -128, 46, -128, 41, -128, 30, -128, 15, -128, -1, -128, -19, -128, -35, -86, -43, -31, -43, 23, -32, 74, -6, 111, 30, 127, 74, 127, 118, 127, 127, 112, 127, 84, 127, 51, 127, 22, 127, 4, 127, 74, -128, 77, -128, 76, -128, 70, -128, 59, -128, 42, -120, 19, -110, -8, -106, -37, -105, -67, -109, -96, -116, -120, -125, -128, -128, -128, -128, -128, -128, -128, -128, -128, -128, -128, -128, -128, -128, -128, -128, -128, -125, -128, -111, -128, -97, -128, -80, -128, -66, -128, -58]",esp32_2
CSI_DATA,146637,2025-08-27 15:37:49.245,0,bend,00:00:00:00:00:00,-41,11,0,0,0,0,0,0,0,0,0,-97,0,1,0,1140034780,0,14,0,0,0,104,0,"[0, 0, -128, 127, -128, 127, -128, 127, -128, 127, -128, 127, -128, 127, -128, 127, -128, 127, -128, 127, -128, 103, -128, 75, -121, 42, -88, 11, -46, -16, 0, -33, 50, -39, 97, -32, 127, -10, 127, 20, 127, 53, 127, 84, 127, 109, 127, 125, 115, 127, 93, 127, -36, -128, -28, -128, -20, -128, -18, -128, -21, -128, -27, -113, -39, -95, -58, -78, -80, -63, -106, -50, -128, -41, -128, -37, -128, -36, -128, -36, -128, -35, -128, -33, -128, -30, -128, -24, -128, -14, -128, -2, -128, 13, -128, 31, -128, 50, -128, 70, -128, 87, -128, 97]",esp32_2
CSI_DATA,146638,2025-08-27 15:37:49.267,0,bend,00:00:00:00:00:00,-41,11,0,0,0,0,0,0,0,0,0,-97,0,1,0,1140045127,0,14,0,0,0,104,0,"[0, 0, 127, -61, 127, -76, 127, -88, 127, -98, 127, -104, 127, -104, 127, -97, 127, -85, 127, -70, 127, -49, 127, -23, 127, 4, 92, 25, 39, 36, -17, 34, -71, 20, -116, -7, -128, -46, -128, -89, -128, -128, -128, -128, -127, -128, -95, -128, -63, -128, -41, -128, -28, 127, -35, 127, -40, 127, -38, 127, -30, 127, -15, 127, 6, 113, 31, 103, 60, 96, 92, 94, 122, 94, 127, 97, 127, 103, 127, 110, 127, 114, 127, 116, 127, 117, 127, 113, 127, 102, 127, 89, 127, 73, 127, 55, 127, 38, 127, 19, 127, 2, 127, -8]",esp32_2
CSI_DATA,143407,2025-08-27 15:37:49.270,0,bend,00:00:00:00:00:00,-65,11,0,0,0,0,0,0,0,0,0,-97,0,1,0,4281290477,0,14,0,0,0,104,0,"[0, 0, -128, 59, -128, 47, -128, 29, -128, 29, -128, 32, -128, 40, -128, 46, -128, 56, -128, 63, -128, 71, -128, 66, -128, 56, -128, 51, -128, 32, -128, 14, -124, -3, -103, -15, -76, -19, -48, -12, -21, -3, 6, 9, 20, 28, 26, 47, 27, 72, 17, 85, -68, -125, -59, -128, -60, -128, -54, -128, -45, -128, -41, -128, -36, -128, -41, -128, -46, -120, -52, -111, -67, -111, -72, -107, -72, -99, -80, -102, -81, -104, -85, -107, -85, -99, -79, -85, -74, -58, -75, -32, -80, -6, -96, 25, -128, 40, -128, 73, -128, 89, -128, 77]",esp32_1
CSI_DATA,146639,2025-08-27 15:37:49.291,0,bend,00:00:00:00:00:00,-41,11,0,0,0,0,0,0,0,0,0,-97,0,1,0,1140079904,0,14,0,0,0,104,0,"[0, 0, -128, 127, -128, 127, -128, 127, -123, 127, -117, 127, -113, 127, -113, 127, -116, 127, -117, 127, -115, 127, -112, 127, -103, 90, -83, 46, -53, 1, -13, -37, 35, -66, 87, -78, 127, -73, 127, -54, 127, -26, 127, 5, 127, 36, 127, 61, 127, 81, 127, 91, -85, -128, -74, -128, -62, -128, -56, -128, -55, -128, -56, -114, -64, -90, -79, -67, -100, -43, -125, -20, -128, -1, -128, 11, -128, 20, -128, 27, -128, 32, -128, 39, -128, 46, -128, 57, -128, 68, -128, 79, -128, 94, -128, 114, -128, 127, -128, 127, -128, 127, -128, 127]",esp32_2
CSI_DATA,143408,2025-08-27 15:37:49.299,0,bend,00:00:00:00:00:00,-65,11,0,0,0,0,0,0,0,0,0,-97,0,1,0,4281300454,0,14,0,0,0,104,0,"[0, 0, 127, -128, 127, -128, 127, -128, 127, -128, 127, -120, 127, -120, 127, -127, 127, -128, 127, -128, 127, -128, 127, -128, 127, -128, 127, -121, 127, -99, 127, -82, 114, -56, 102, -38, 77, -16, 48, -10, 19, -3, -12, -8, -30, -22, -47, -31, -54, -48, -52, -63, 107, 89, 103, 102, 97, 104, 98, 108, 95, 113, 91, 114, 85, 108, 82, 108, 86, 99, 87, 82, 101, 81, 104, 74, 107, 63, 119, 62, 117, 62, 112, 63, 109, 58, 100, 53, 92, 23, 83, -1, 80, -33, 80, -65, 91, -87, 113, -128, 127, -128, 127, -128]",esp32_1
CSI_DATA,146640,2025-08-27 15:37:49.312,0,bend,00:00:00:00:00:00,-40,11,0,0,0,0,0,0,0,0,0,-97,0,1,0,1140125075,0,14,0,0,0,104,0,"[0, 0, 127, 127, 127, 127, 127, 119, 127, 111, 127, 104, 127, 102, 127, 103, 127, 106, 127, 109, 127, 109, 110, 105, 74, 94, 37, 74, 4, 45, -24, 7, -43, -38, -48, -83, -39, -124, -19, -128, 7, -128, 37, -128, 67, -128, 89, -128, 101, -128, 105, -115, -128, 108, -128, 100, -127, 90, -118, 81, -106, 75, -90, 72, -68, 74, -47, 82, -26, 95, -5, 113, 12, 127, 23, 127, 31, 127, 39, 127, 47, 127, 51, 127, 56, 127, 63, 127, 71, 127, 80, 127, 93, 127, 108, 127, 124, 127, 127, 127, 127, 127, 127, 127]",esp32_2
CSI_DATA,143409,2025-08-27 15:37:49.322,0,bend,00:00:00:00:00:00,-64,11,0,0,0,0,0,0,0,0,0,-97,0,1,0,4281315709,0,14,0,0,0,104,0,"[0, 0, -128, -115, -128, -123, -128, -123, -128, -114, -128, -98, -128, -82, -128, -69, -128, -52, -128, -46, -128, -43, -128, -53, -128, -57, -128, -62, -128, -67, -128, -74, -113, -77, -80, -76, -57, -58, -33, -33, -18, -15, 0, 4, -1, 32, -2, 51, -13, 76, -27, 85, 47, -128, 57, -128, 61, -128, 63, -128, 69, -128, 69, -127, 60, -115, 54, -117, 46, -119, 40, -118, 28, -128, 18, -128, 25, -127, 22, -128, 18, -128, 8, -128, 5, -126, -1, -112, -6, -87, -27, -69, -54, -50, -83, -37, -128, -41, -128, -41, -128, -50, -128, -73]",esp32_1
CSI_DATA,146641,2025-08-27 15:37:49.333,0,bend,00:00:00:00:00:00,-40,11,0,0,0,0,0,0,0,0,0,-97,0,1,0,1140126230,0,14,0,0,0,104,0,"[0, 0, -128, -128, -128, -128, -128, -128, -128, -128, -128, -126, -128, -121, -128, -121, -128, -123, -128, -125, -128, -124, -124, -120, -85, -107, -45, -84, -6, -51, 27, -10, 49, 39, 57, 89, 47, 127, 26, 127, -2, 127, -34, 127, -66, 127, -89, 127, -103, 127, -109, 127, 127, -98, 127, -89, 127, -78, 127, -71, 125, -67, 108, -67, 87, -72, 64, -84, 41, -102, 20, -125, 3, -128, -9, -128, -18, -128, -26, -128, -32, -128, -37, -128, -43, -128, -52, -128, -60, -128, -70, -128, -85, -128, -102, -128, -122, -128, -128, -128, -128, -128, -128, -128]",esp32_2
CSI_DATA,146642,2025-08-27 15:37:49.359,0,bend,00:00:00:00:00:00,-40,11,0,0,0,0,0,0,0,0,0,-97,0,1,0,1140141327,0,14,0,0,0,104,0,"[0, 0, -128, -128, -128, -128, -128, -128, -128, -126, -128, -119, -128, -117, -128, -118, -128, -119, -128, -119, -128, -116, -111, -111, -75, -99, -39, -76, -5, -45, 24, -7, 42, 37, 46, 83, 34, 124, 14, 127, -13, 127, -43, 127, -70, 127, -89, 127, -102, 127, -107, 116, 127, -90, 127, -81, 127, -72, 127, -65, 115, -61, 98, -60, 79, -64, 59, -75, 39, -91, 18, -111, 3, -128, -8, -128, -15, -128, -20, -128, -26, -128, -30, -128, -34, -128, -42, -128, -50, -128, -59, -128, -72, -128, -88, -128, -106, -128, -125, -128, -128, -128, -128, -128]",esp32_2
CSI_DATA,143410,2025-08-27 15:37:49.365,0,bend,00:00:00:00:00:00,-65,11,0,0,0,0,0,0,0,0,0,-97,0,1,0,4281320466,0,14,0,0,0,104,0,"[0, 0, 127, 118, 127, 127, 127, 127, 127, 122, 127, 108, 127, 92, 127, 86, 127, 67, 127, 64, 127, 57, 127, 68, 127, 74, 127, 76, 127, 87, 127, 87, 102, 88, 72, 72, 43, 61, 31, 36, 14, 11, 3, -11, 6, -33, 7, -53, 20, -73, 35, -80, -32, 127, -44, 127, -49, 127, -53, 127, -60, 127, -59, 127, -60, 120, -53, 121, -47, 122, -38, 122, -24, 127, -14, 127, -15, 127, -14, 127, -15, 127, 1, 127, -2, 124, 6, 115, 10, 90, 27, 75, 51, 57, 88, 46, 127, 47, 127, 48, 127, 58, 127, 82]",esp32_1
CSI_DATA,146643,2025-08-27 15:37:49.383,0,bend,00:00:00:00:00:00,-40,11,0,0,0,0,0,0,0,0,0,-97,0,1,0,1140179466,0,14,0,0,0,104,0,"[0, 0, 59, -128, 45, -128, 31, -128, 20, -128, 11, -128, 8, -128, 13, -128, 20, -128, 30, -128, 41, -128, 51, -128, 56, -128, 52, -81, 37, -32, 12, 15, -22, 56, -62, 84, -107, 94, -128, 92, -128, 77, -128, 51, -128, 19, -128, -13, -128, -38, -128, -54, 127, 105, 127, 108, 127, 106, 124, 99, 115, 88, 107, 69, 102, 45, 104, 19, 110, -7, 120, -35, 127, -61, 127, -82, 127, -98, 127, -114, 127, -127, 127, -128, 127, -128, 127, -128, 127, -128, 127, -128, 127, -128, 127, -128, 127, -128, 127, -128, 125, -128, 115, -128]",esp32_2
CSI_DATA,143411,2025-08-27 15:37:49.393,0,bend,00:00:00:00:00:00,-65,11,0,0,0,0,0,0,0,0,0,-97,0,1,0,4281330427,0,14,0,0,0,104,0,"[0, 0, 127, -128, 127, -128, 127, -128, 127, -128, 127, -128, 111, -128, 102, -128, 91, -128, 87, -128, 83, -128, 88, -128, 89, -128, 94, -128, 103, -126, 103, -105, 91, -78, 85, -53, 62, -28, 41, -18, 16, -4, -13, -9, -36, -11, -50, -19, -61, -28, -68, -45, 115, 56, 115, 62, 114, 70, 112, 74, 111, 80, 108, 81, 98, 74, 101, 75, 102, 68, 103, 52, 105, 48, 108, 43, 115, 33, 123, 30, 120, 23, 114, 33, 108, 25, 103, 20, 86, -3, 77, -20, 64, -49, 57, -80, 61, -107, 74, -128, 85, -128, 105, -128]",esp32_1
CSI_DATA,146644,2025-08-27 15:37:49.405,0,bend,00:00:00:00:00:00,-40,11,0,0,0,0,0,0,0,0,0,-97,0,1,0,1140249541,0,14,0,240,-114,104,0,"[0, 0, 127, 127, 127, 127, 127, 127, 127, 125, 127, 123, 127, 121, 127, 122, 127, 124, 127, 123, 127, 120, 127, 115, 97, 104, 57, 81, 20, 48, -10, 5, -30, -44, -35, -94, -22, -128, 2, -128, 32, -128, 65, -128, 95, -128, 116, -128, 127, -128, 127, -125, -128, 127, -128, 126, -128, 113, -128, 102, -117, 95, -99, 90, -77, 90, -53, 97, -27, 111, -1, 127, 22, 127, 38, 127, 48, 127, 57, 127, 62, 127, 65, 127, 69, 127, 75, 127, 81, 127, 88, 127, 99, 127, 115, 127, 127, 127, 127, 127, 127, 127, 127, 127]",esp32_2
CSI_DATA,146645,2025-08-27 15:37:49.426,0,bend,00:00:00:00:00:00,-40,11,0,0,0,0,0,0,0,0,0,-97,0,1,0,1140249951,0,14,0,0,0,104,0,"[0, 0, 61, -128, 47, -128, 33, -128, 25, -128, 19, -128, 18, -128, 21, -128, 27, -128, 35, -128, 43, -128, 53, -128, 58, -128, 52, -88, 37, -38, 11, 10, -25, 50, -68, 77, -113, 85, -128, 79, -128, 61, -128, 34, -128, 3, -128, -25, -128, -49, -128, -65, 127, 92, 127, 96, 127, 97, 127, 93, 125, 83, 115, 66, 108, 43, 107, 17, 111, -12, 121, -42, 127, -70, 127, -91, 127, -109, 127, -123, 127, -128, 127, -128, 127, -128, 127, -128, 127, -128, 127, -128, 127, -128, 127, -128, 127, -128, 127, -128, 120, -128, 109, -128]",esp32_2
CSI_DATA,143413,2025-08-27 15:37:49.474,0,bend,00:00:00:00:00:00,-65,11,0,0,0,0,0,0,0,0,0,-97,0,1,0,4281353202,0,14,0,0,0,104,0,"[0, 0, -59, 127, -75, 127, -65, 127, -65, 127, -60, 127, -46, 127, -25, 127, -13, 127, -8, 127, -3, 127, -1, 127, -6, 127, -16, 127, -38, 127, -48, 127, -49, 127, -54, 93, -49, 63, -37, 38, -13, 13, 9, -2, 37, -9, 60, -12, 71, -11, 87, 4, -128, -4, -128, -15, -128, -28, -128, -33, -128, -35, -128, -38, -128, -35, -128, -32, -127, -20, -128, -7, -125, 1, -128, 7, -128, 14, -128, 20, -128, 21, -128, 20, -121, 16, -107, 18, -91, 35, -63, 47, -43, 72, -22, 96, 0, 127, -1, 127, -5, 127, -2, 127]",esp32_1
CSI_DATA,143414,2025-08-27 15:37:49.504,0,bend,00:00:00:00:00:00,-65,11,0,0,0,0,0,0,0,0,0,-97,0,1,0,4281360452,0,14,0,0,0,104,0,"[0, 0, -128, 61, -128, 46, -128, 34, -128, 31, -128, 39, -128, 43, -128, 52, -128, 59, -128, 70, -128, 68, -128, 71, -128, 65, -128, 57, -128, 37, -128, 20, -117, 5, -99, -6, -67, -16, -46, -12, -20, -2, 9, 7, 22, 27, 29, 41, 27, 63, 29, 75, -56, -120, -48, -126, -43, -128, -38, -128, -35, -128, -31, -126, -30, -121, -30, -125, -34, -114, -46, -110, -53, -107, -60, -106, -60, -96, -70, -97, -74, -93, -73, -103, -68, -97, -69, -85, -60, -54, -63, -32, -73, -1, -87, 23, -120, 39, -128, 72, -128, 82, -128, 73]",esp32_1
CSI_DATA,143415,2025-08-27 15:37:49.526,0,bend,00:00:00:00:00:00,-64,11,0,0,0,0,0,0,0,0,0,-97,0,1,0,4281370477,0,14,0,0,0,104,0,"[0, 0, -128, 31, -128, 16, -128, 7, -128, 10, -128, 12, -128, 18, -128, 28, -128, 43, -128, 49, -128, 49, -128, 49, -128, 40, -128, 34, -128, 14, -128, -2, -126, -14, -100, -21, -71, -25, -47, -16, -20, 1, 5, 7, 17, 34, 23, 52, 25, 70, 16, 87, -49, -128, -40, -128, -36, -128, -29, -128, -21, -128, -20, -128, -16, -128, -19, -128, -27, -128, -34, -123, -46, -122, -55, -116, -53, -110, -58, -113, -60, -108, -71, -115, -65, -104, -65, -94, -60, -64, -64, -39, -77, -10, -94, 17, -128, 34, -128, 58, -128, 69, -128, 61]",esp32_1
CSI_DATA,146648,2025-08-27 15:37:49.535,0,bend,00:00:00:00:00:00,-39,11,0,0,0,0,0,0,0,0,0,-97,0,1,0,1140334104,0,14,0,0,0,104,0,"[0, 0, -128, -95, -128, -85, -128, -80, -128, -77, -128, -74, -128, -74, -128, -77, -128, -81, -128, -84, -128, -85, -128, -83, -96, -77, -63, -61, -31, -37, -3, -5, 16, 33, 22, 71, 13, 107, -4, 127, -28, 127, -56, 127, -80, 127, -98, 127, -108, 116, -111, 96, 56, -128, 62, -128, 65, -128, 63, -127, 58, -116, 48, -105, 31, -97, 11, -96, -11, -100, -35, -109, -58, -120, -76, -128, -89, -128, -98, -128, -105, -128, -110, -128, -113, -128, -116, -128, -117, -128, -118, -128, -126, -128, -128, -128, -128, -128, -128, -128, -128, -128, -128, -128]",esp32_2
CSI_DATA,143416,2025-08-27 15:37:49.557,0,bend,00:00:00:00:00:00,-64,11,0,0,0,0,0,0,0,0,0,-97,0,1,0,4281380454,0,14,0,0,0,104,0,"[0, 0, 46, -128, 56, -128, 53, -128, 56, -128, 48, -128, 35, -128, 20, -128, 7, -128, 5, -128, -1, -128, -2, -128, 7, -128, 12, -128, 31, -128, 41, -128, 45, -126, 49, -92, 42, -61, 29, -34, 11, -19, -13, -1, -39, 8, -56, 8, -75, 7, -80, -3, 127, -9, 127, 1, 127, 10, 127, 17, 127, 23, 127, 22, 127, 26, 127, 24, 124, 19, 127, 3, 124, -5, 124, -13, 127, -19, 127, -28, 127, -31, 122, -29, 112, -29, 101, -31, 83, -42, 66, -56, 40, -70, 17, -103, -6, -128, -1, -128, 0, -128, 0, -128]",esp32_1
CSI_DATA,146649,2025-08-27 15:37:49.558,0,bend,00:00:00:00:00:00,-39,11,0,0,0,0,0,0,0,0,0,-97,0,1,0,1140346383,0,14,0,0,0,104,0,"[0, 0, 20, -128, 8, -128, -5, -128, -12, -128, -12, -128, -10, -128, -5, -128, 2, -128, 9, -128, 17, -128, 29, -128, 38, -128, 38, -103, 28, -52, 5, -4, -29, 38, -72, 65, -118, 72, -128, 66, -128, 48, -128, 21, -128, -7, -128, -32, -128, -55, -128, -71, 127, 16, 127, 26, 127, 34, 127, 36, 127, 32, 127, 23, 127, 5, 120, -18, 116, -47, 115, -81, 119, -115, 127, -128, 127, -128, 127, -128, 127, -128, 127, -128, 127, -128, 127, -128, 127, -128, 127, -128, 127, -128, 127, -128, 116, -128, 91, -128, 72, -128, 63, -128]",esp32_2
CSI_DATA,146650,2025-08-27 15:37:49.581,0,bend,00:00:00:00:00:00,-39,11,0,0,0,0,0,0,0,0,0,-97,0,1,0,1140368496,0,14,0,0,0,104,0,"[0, 0, -128, 127, -128, 127, -128, 127, -128, 127, -128, 127, -128, 127, -128, 127, -128, 127, -128, 127, -128, 107, -128, 78, -128, 49, -106, 25, -58, 8, -6, 2, 45, 7, 88, 25, 121, 56, 127, 95, 127, 127, 127, 127, 111, 127, 80, 127, 49, 127, 26, 127, -118, -128, -106, -128, -93, -128, -83, -128, -77, -128, -74, -126, -78, -104, -90, -82, -110, -60, -128, -42, -128, -28, -128, -19, -128, -15, -128, -15, -128, -16, -128, -17, -128, -20, -128, -21, -128, -15, -128, -5, -128, 9, -128, 28, -128, 50, -128, 74, -128, 92, -128, 102]",esp32_2
CSI_DATA,143417,2025-08-27 15:37:49.584,0,bend,00:00:00:00:00:00,-64,11,0,0,0,0,0,0,0,0,0,-97,0,1,0,4281390994,0,14,0,0,0,104,0,"[0, 0, 1, -128, 14, -128, 13, -128, 16, -128, 13, -128, 2, -128, -6, -128, -15, -128, -23, -128, -27, -128, -27, -128, -18, -128, -12, -128, 6, -128, 14, -128, 26, -116, 31, -87, 29, -58, 19, -37, 7, -15, -14, 0, -33, 12, -50, 14, -66, 18, -74, 8, 126, -24, 127, -18, 127, -7, 127, -8, 127, -1, 127, 1, 120, 0, 118, 0, 113, -5, 113, -15, 109, -24, 105, -31, 109, -36, 112, -41, 110, -40, 102, -39, 93, -40, 82, -45, 69, -44, 47, -55, 20, -70, 1, -93, -26, -119, -30, -128, -31, -128, -38, -128]",esp32_1
CSI_DATA,146651,2025-08-27 15:37:49.604,0,bend,00:00:00:00:00:00,-39,11,0,0,0,0,0,0,0,0,0,-97,0,1,0,1140431560,0,14,0,0,0,104,0,"[0, 0, -128, 91, -128, 100, -128, 110, -128, 116, -128, 117, -128, 113, -128, 105, -128, 91, -128, 73, -128, 53, -128, 31, -128, 12, -117, 0, -67, -4, -17, 4, 31, 25, 68, 54, 91, 91, 98, 127, 89, 127, 70, 127, 41, 127, 8, 127, -21, 127, -39, 127, -91, -128, -80, -128, -68, -128, -58, -128, -53, -128, -53, -128, -62, -118, -78, -99, -100, -81, -128, -69, -128, -61, -128, -57, -128, -60, -128, -66, -128, -72, -128, -78, -128, -84, -128, -87, -128, -82, -128, -69, -128, -54, -128, -38, -128, -19, -128, 5, -128, 27, -128, 38]",esp32_2
CSI_DATA,143418,2025-08-27 15:37:49.616,0,bend,00:00:00:00:00:00,-64,11,0,0,0,0,0,0,0,0,0,-97,0,1,0,4281400449,0,14,0,0,0,104,0,"[0, 0, -128, -24, -128, -34, -128, -46, -128, -42, -128, -35, -128, -27, -128, -19, -128, -1, -128, 4, -128, 14, -128, 5, -128, -2, -128, -4, -128, -20, -128, -31, -122, -40, -99, -38, -66, -39, -40, -25, -18, -8, 3, 9, 12, 33, 14, 53, 8, 75, 1, 86, -1, -128, 7, -128, 11, -128, 13, -128, 23, -128, 24, -128, 25, -128, 23, -128, 12, -126, 6, -128, -9, -127, -19, -128, -19, -120, -23, -128, -22, -122, -38, -127, -34, -118, -35, -108, -37, -76, -53, -57, -69, -31, -92, -11, -128, 2, -128, 14, -128, 17, -128, 4]",esp32_1
CSI_DATA,146652,2025-08-27 15:37:49.626,0,bend,00:00:00:00:00:00,-39,11,0,0,0,0,0,0,0,0,0,-97,0,1,0,1140451199,0,14,0,0,0,104,0,"[0, 0, -128, -128, -128, -128, -128, -128, -128, -128, -128, -128, -128, -128, -128, -128, -128, -128, -128, -128, -128, -128, -117, -128, -85, -128, -55, -107, -30, -64, -13, -14, -8, 38, -19, 85, -44, 122, -77, 127, -112, 127, -128, 127, -128, 127, -128, 102, -128, 73, -128, 49, 127, -128, 127, -128, 127, -128, 127, -126, 122, -115, 105, -108, 82, -106, 58, -112, 33, -125, 8, -128, -13, -128, -27, -128, -34, -128, -39, -128, -41, -128, -41, -128, -39, -128, -40, -128, -43, -128, -51, -128, -64, -128, -80, -128, -99, -128, -121, -128, -128, -128, -128, -128]",esp32_2
