type,seq,timestamp,taget_seq,taget,mac,rssi,rate,sig_mode,mcs,cwb,smoothing,not_sounding,aggregation,stbc,fec_coding,sgi,noise_floor,ampdu_cnt,channel_primary,channel_secondary,local_timestamp,ant,sig_len,rx_state,agc_gain,fft_gain,len,first_word_invalid,data,device_id
CSI_DATA,115594,2025-07-23 16:48:47.103,0,lie_down,00:00:00:00:00:00,-71,11,0,0,0,0,0,0,0,0,0,-97,0,1,0,1335059623,0,14,0,0,0,104,0,"[0, 0, -123, 127, -123, 127, -124, 127, -120, 127, -107, 127, -97, 127, -89, 127, -79, 127, -77, 125, -81, 93, -86, 55, -93, 17, -100, -19, -110, -51, -119, -80, -124, -104, -127, -121, -128, -128, -128, -128, -128, -128, -126, -118, -116, -102, -101, -80, -83, -57, -71, -39, -95, -70, -95, -64, -98, -56, -94, -46, -84, -34, -74, -17, -63, 3, -47, 23, -25, 39, -9, 51, 6, 62, 25, 72, 43, 79, 58, 85, 75, 85, 91, 82, 93, 76, 84, 67, 69, 61, 51, 56, 32, 50, 10, 49, -17, 57, -46, 70, -72, 88, -91, 105]",esp32_2
CSI_DATA,216328,2025-07-23 16:48:47.111,0,lie_down,00:00:00:00:00:00,-61,11,0,0,0,0,0,0,0,0,0,-97,0,1,0,2714665769,0,14,0,0,0,104,0,"[0, 0, -75, -30, -70, 2, -71, 33, -74, 61, -79, 86, -86, 105, -96, 119, -107, 127, -114, 127, -118, 127, -120, 127, -120, 127, -117, 127, -112, 127, -102, 120, -90, 115, -79, 111, -71, 110, -62, 111, -55, 112, -49, 115, -45, 116, -45, 116, -49, 116, -53, 116, -24, -78, -21, -87, -17, -98, -10, -105, -1, -112, 7, -114, 14, -110, 16, -102, 10, -89, -2, -76, -18, -66, -39, -58, -64, -54, -90, -56, -115, -65, -128, -77, -128, -92, -128, -107, -128, -120, -128, -128, -128, -128, -128, -128, -128, -128, -128, -128, -128, -128, -117, -128]",esp32_1
CSI_DATA,115595,2025-07-23 16:48:47.124,0,lie_down,00:00:00:00:00:00,-72,11,0,0,0,0,0,0,0,0,0,-97,0,1,0,1335095378,0,14,0,0,0,104,0,"[0, 0, 127, -78, 127, -90, 127, -102, 127, -108, 127, -106, 127, -103, 127, -99, 127, -89, 113, -72, 97, -49, 89, -23, 83, 9, 72, 45, 63, 77, 60, 100, 57, 120, 51, 127, 45, 127, 44, 127, 42, 127, 40, 127, 43, 119, 46, 95, 47, 71, 46, 55, 52, 96, 53, 91, 54, 82, 56, 70, 56, 55, 54, 39, 50, 23, 45, 4, 38, -21, 26, -42, 12, -56, -1, -72, -11, -88, -19, -95, -28, -98, -41, -98, -48, -90, -41, -80, -35, -72, -27, -64, -11, -53, 8, -43, 29, -39, 51, -39, 75, -41, 95, -43]",esp32_2
CSI_DATA,216329,2025-07-23 16:48:47.145,0,lie_down,00:00:00:00:00:00,-61,11,0,0,0,0,0,0,0,0,0,-97,0,1,0,2714675763,0,14,0,0,0,104,0,"[0, 0, 37, 72, 53, 43, 74, 18, 94, -2, 112, -17, 127, -28, 127, -34, 127, -37, 127, -40, 127, -41, 127, -38, 127, -36, 127, -34, 127, -33, 127, -33, 127, -34, 127, -37, 123, -42, 117, -50, 111, -56, 108, -60, 108, -63, 108, -62, 111, -60, 113, -57, -27, 75, -35, 82, -45, 87, -57, 89, -68, 89, -75, 86, -76, 79, -72, 71, -62, 65, -46, 61, -26, 65, -4, 72, 17, 81, 34, 96, 49, 119, 61, 127, 69, 127, 72, 127, 69, 127, 61, 127, 52, 127, 43, 127, 33, 127, 24, 127, 17, 127, 11, 127]",esp32_1
CSI_DATA,115596,2025-07-23 16:48:47.150,0,lie_down,00:00:00:00:00:00,-71,11,0,0,0,0,0,0,0,0,0,-97,0,1,0,1335125708,0,14,0,0,0,104,0,"[0, 0, -128, 127, -128, 127, -128, 127, -128, 127, -128, 127, -128, 127, -120, 127, -111, 127, -101, 108, -92, 75, -86, 42, -82, 5, -79, -33, -76, -69, -70, -102, -66, -128, -65, -128, -65, -128, -64, -128, -63, -128, -61, -128, -57, -128, -51, -110, -44, -86, -43, -68, -116, -29, -116, -26, -111, -19, -101, -9, -91, 1, -80, 12, -61, 25, -38, 36, -15, 45, 8, 54, 33, 63, 56, 66, 74, 65, 89, 65, 102, 63, 109, 59, 106, 52, 98, 44, 88, 39, 72, 37, 49, 36, 25, 33, -3, 36, -34, 50, -64, 65, -83, 75]",esp32_2
CSI_DATA,216330,2025-07-23 16:48:47.166,0,lie_down,00:00:00:00:00:00,-61,11,0,0,0,0,0,0,0,0,0,-97,0,1,0,2714685791,0,14,0,0,0,104,0,"[0, 0, 68, 41, 67, 7, 73, -25, 79, -51, 86, -73, 96, -92, 107, -106, 117, -115, 127, -121, 127, -124, 127, -125, 127, -123, 127, -117, 127, -111, 118, -106, 107, -101, 96, -97, 87, -97, 79, -100, 72, -102, 66, -105, 62, -107, 62, -107, 67, -107, 71, -105, 16, 76, 15, 86, 11, 96, 2, 104, -7, 110, -17, 111, -24, 107, -25, 98, -18, 86, -5, 75, 12, 69, 33, 63, 58, 59, 84, 62, 108, 72, 127, 89, 127, 108, 127, 125, 127, 127, 127, 127, 127, 127, 127, 127, 127, 127, 127, 127, 116, 127, 103, 127]",esp32_1
CSI_DATA,115597,2025-07-23 16:48:47.166,0,lie_down,00:00:00:00:00:00,-70,11,0,0,0,0,0,0,0,0,0,-97,0,1,0,1335146010,0,14,0,0,0,104,0,"[0, 0, -94, 127, -96, 127, -94, 127, -91, 127, -86, 127, -77, 127, -70, 127, -66, 127, -62, 113, -61, 86, -65, 57, -70, 26, -77, -8, -84, -40, -91, -67, -96, -89, -99, -107, -101, -116, -101, -121, -97, -121, -90, -111, -83, -95, -77, -75, -67, -56, -56, -44, -106, -10, -103, -8, -99, -1, -93, 7, -84, 13, -68, 19, -48, 26, -27, 34, -3, 41, 21, 45, 44, 44, 66, 44, 82, 45, 96, 44, 106, 39, 110, 32, 107, 23, 100, 17, 88, 14, 72, 10, 52, 10, 30, 19, 6, 32, -19, 48, -40, 69, -52, 85]",esp32_2
CSI_DATA,115598,2025-07-23 16:48:47.197,0,lie_down,00:00:00:00:00:00,-70,11,0,0,0,0,0,0,0,0,0,-97,0,1,0,1335180525,0,14,0,0,0,104,0,"[0, 0, -1, 127, 5, 127, 7, 127, 13, 127, 19, 127, 24, 127, 27, 127, 20, 127, 7, 127, -8, 126, -28, 98, -55, 68, -78, 41, -100, 20, -123, -1, -128, -19, -128, -32, -128, -40, -128, -45, -128, -44, -128, -37, -128, -30, -115, -21, -95, -10, -81, -6, -103, 54, -105, 54, -98, 57, -84, 62, -71, 63, -57, 57, -37, 51, -13, 51, 9, 44, 32, 37, 53, 29, 74, 18, 88, 6, 95, -8, 102, -23, 106, -31, 101, -36, 90, -41, 78, -36, 64, -19, 44, -8, 24, 3, 11, 24, -2, 55, -14, 89, -24, 117]",esp32_2
CSI_DATA,216331,2025-07-23 16:48:47.199,0,lie_down,00:00:00:00:00:00,-61,11,0,0,0,0,0,0,0,0,0,-97,0,1,0,2714695863,0,14,0,0,0,104,0,"[0, 0, 37, 76, 54, 48, 76, 25, 95, 7, 113, -8, 127, -19, 127, -26, 127, -30, 127, -29, 127, -25, 127, -21, 127, -18, 127, -17, 127, -17, 127, -18, 127, -20, 127, -24, 127, -30, 126, -37, 119, -44, 115, -47, 115, -48, 117, -47, 120, -44, 122, -41, -23, 79, -31, 85, -41, 91, -53, 94, -62, 96, -69, 92, -71, 85, -69, 78, -60, 71, -45, 67, -26, 70, -6, 77, 13, 86, 31, 100, 49, 120, 61, 127, 70, 127, 72, 127, 68, 127, 61, 127, 52, 127, 41, 127, 30, 127, 21, 127, 14, 127, 11, 127]",esp32_1
CSI_DATA,115599,2025-07-23 16:48:47.218,0,lie_down,00:00:00:00:00:00,-71,11,0,0,0,0,0,0,0,0,0,-97,0,1,0,1335205872,0,14,0,0,0,104,0,"[0, 0, -128, 78, -128, 91, -128, 104, -128, 110, -128, 109, -128, 103, -128, 93, -128, 80, -122, 59, -103, 34, -88, 6, -70, -26, -48, -59, -27, -88, -14, -115, -3, -128, 7, -128, 16, -128, 22, -128, 24, -128, 21, -128, 15, -128, 11, -124, 4, -102, -3, -84, -110, -23, -106, -22, -100, -17, -93, -8, -84, 1, -71, 12, -54, 20, -36, 31, -18, 43, 4, 53, 29, 61, 52, 66, 69, 68, 84, 64, 94, 58, 98, 52, 98, 48, 95, 39, 81, 28, 60, 22, 38, 17, 15, 14, -12, 14, -42, 15, -72, 22, -97, 29]",esp32_2
CSI_DATA,115600,2025-07-23 16:48:47.241,0,lie_down,00:00:00:00:00:00,-71,11,0,0,0,0,0,0,0,0,0,-97,0,1,0,1335239972,0,14,0,0,0,104,0,"[0, 0, -128, 127, -128, 127, -128, 127, -128, 127, -128, 127, -128, 127, -128, 127, -128, 127, -128, 127, -128, 85, -117, 29, -91, -28, -61, -85, -40, -128, -18, -128, 10, -128, 32, -128, 48, -128, 57, -128, 53, -128, 47, -128, 48, -128, 47, -128, 35, -128, 19, -128, -128, 120, -128, 116, -116, 112, -98, 106, -81, 102, -62, 97, -34, 88, -5, 81, 27, 74, 68, 66, 108, 48, 127, 32, 127, 21, 127, 6, 127, -10, 127, -22, 127, -28, 127, -32, 127, -29, 92, -17, 55, -6, 11, 6, -35, 26, -81, 49, -120, 75, -128, 96]",esp32_2
CSI_DATA,115601,2025-07-23 16:48:47.263,0,lie_down,00:00:00:00:00:00,-71,11,0,0,0,0,0,0,0,0,0,-97,0,1,0,1335278630,0,14,0,0,0,104,0,"[0, 0, -31, -128, -42, -128, -48, -128, -49, -128, -48, -128, -46, -128, -37, -128, -24, -128, -11, -128, 3, -106, 20, -78, 37, -48, 57, -17, 81, 15, 102, 48, 116, 75, 126, 92, 127, 102, 126, 109, 117, 109, 108, 104, 101, 97, 92, 85, 80, 66, 69, 51, -22, -104, -21, -102, -25, -94, -31, -84, -37, -74, -41, -59, -44, -39, -50, -19, -56, 2, -59, 26, -64, 47, -67, 64, -63, 77, -63, 89, -64, 93, -55, 91, -44, 89, -32, 82, -18, 65, -6, 45, -1, 23, -1, -2, 3, -28, 10, -53, 5, -79, -4, -102]",esp32_2
CSI_DATA,216333,2025-07-23 16:48:47.268,0,lie_down,00:00:00:00:00:00,-61,11,0,0,0,0,0,0,0,0,0,-97,0,1,0,2714721976,0,14,0,0,0,104,0,"[0, 0, -47, 80, -7, 78, 30, 81, 61, 91, 87, 100, 110, 109, 127, 118, 127, 126, 127, 127, 127, 127, 127, 127, 127, 127, 127, 127, 127, 127, 127, 127, 124, 125, 120, 113, 118, 101, 118, 91, 118, 81, 122, 76, 124, 74, 124, 73, 122, 75, 121, 79, -87, 30, -99, 25, -115, 16, -127, 6, -128, -1, -128, -7, -121, -13, -112, -15, -101, -10, -90, 3, -78, 23, -71, 47, -73, 74, -79, 103, -86, 127, -96, 127, -113, 127, -128, 127, -128, 127, -128, 127, -128, 127, -128, 127, -128, 127, -128, 127, -128, 127, -128, 119]",esp32_1
CSI_DATA,115602,2025-07-23 16:48:47.281,0,lie_down,00:00:00:00:00:00,-71,11,0,0,0,0,0,0,0,0,0,-97,0,1,0,1335325739,0,14,0,0,0,104,0,"[0, 0, -76, -128, -100, -128, -111, -128, -114, -128, -114, -128, -102, -128, -79, -128, -60, -128, -43, -128, -20, -128, 17, -127, 57, -84, 88, -33, 127, 13, 127, 54, 127, 86, 127, 107, 127, 127, 127, 127, 127, 127, 127, 127, 127, 127, 127, 105, 127, 73, 113, 54, -59, -128, -68, -128, -73, -128, -74, -115, -76, -103, -74, -83, -79, -54, -87, -26, -90, 3, -97, 34, -103, 63, -96, 80, -78, 95, -67, 114, -69, 127, -64, 127, -51, 127, -36, 127, -18, 102, -1, 69, 2, 33, -10, -6, -16, -42, -10, -86, -16, -128, -33, -128]",esp32_2
CSI_DATA,115603,2025-07-23 16:48:47.309,0,lie_down,00:00:00:00:00:00,-71,11,0,0,0,0,0,0,0,0,0,-97,0,1,0,1335350467,0,14,0,0,0,104,0,"[0, 0, 127, 91, 127, 95, 127, 93, 127, 91, 127, 90, 127, 85, 127, 80, 127, 75, 106, 70, 75, 66, 40, 60, 3, 53, -35, 44, -72, 35, -104, 25, -128, 15, -128, 3, -128, -6, -128, -12, -128, -17, -128, -22, -128, -22, -124, -18, -103, -11, -86, -4, 101, 9, 97, 4, 89, 0, 81, -6, 71, -16, 58, -26, 44, -36, 29, -49, 14, -61, -2, -72, -16, -82, -29, -90, -40, -98, -50, -101, -60, -98, -64, -90, -65, -80, -66, -68, -60, -54, -48, -38, -33, -22, -15, -4, 7, 16, 33, 33, 59, 48, 79, 62]",esp32_2
CSI_DATA,115604,2025-07-23 16:48:47.331,0,lie_down,00:00:00:00:00:00,-72,11,0,0,0,0,0,0,0,0,0,-97,0,1,0,1335389228,0,14,0,0,0,104,0,"[0, 0, 37, -128, 35, -128, 35, -128, 34, -128, 30, -128, 29, -128, 30, -128, 30, -128, 33, -123, 39, -95, 43, -64, 47, -29, 52, 7, 58, 40, 62, 71, 62, 99, 59, 120, 53, 127, 46, 127, 42, 127, 39, 127, 33, 124, 28, 108, 27, 88, 26, 72, -6, -89, -8, -88, -13, -86, -18, -79, -24, -66, -32, -53, -41, -40, -51, -26, -61, -9, -69, 10, -77, 26, -82, 39, -83, 49, -81, 59, -76, 69, -71, 72, -67, 69, -57, 65, -41, 59, -24, 48, -10, 33, 3, 14, 14, -7, 25, -35, 37, -65, 46, -86]",esp32_2
CSI_DATA,216335,2025-07-23 16:48:47.350,0,lie_down,00:00:00:00:00:00,-60,11,0,0,0,0,0,0,0,0,0,-97,0,1,0,2714740526,0,14,0,0,0,104,0,"[0, 0, -85, 20, -59, 43, -36, 68, -17, 95, -3, 120, 5, 127, 9, 127, 10, 127, 7, 127, 2, 127, -2, 127, -5, 127, -7, 127, -9, 127, -9, 127, -5, 127, -1, 127, 4, 127, 12, 127, 21, 127, 28, 125, 32, 126, 31, 127, 28, 127, 24, 127, -72, -37, -80, -47, -88, -61, -93, -73, -90, -85, -79, -92, -68, -93, -60, -88, -58, -77, -61, -61, -67, -42, -76, -21, -93, -2, -116, 13, -128, 25, -128, 33, -128, 35, -128, 33, -128, 29, -128, 21, -128, 10, -128, -3, -128, -15, -128, -20, -128, -22, -128, -24]",esp32_1
CSI_DATA,115605,2025-07-23 16:48:47.353,0,lie_down,00:00:00:00:00:00,-72,11,0,0,0,0,0,0,0,0,0,-97,0,1,0,1335412731,0,14,0,0,0,104,0,"[0, 0, -128, 41, -128, 44, -128, 54, -128, 65, -128, 64, -128, 58, -128, 52, -128, 44, -128, 28, -108, 7, -88, -13, -63, -34, -36, -58, -7, -79, 18, -94, 40, -110, 59, -125, 70, -128, 77, -126, 81, -122, 82, -116, 77, -105, 66, -93, 52, -81, 35, -73, -90, 41, -87, 41, -80, 47, -73, 55, -65, 57, -51, 60, -30, 68, -11, 69, 5, 68, 23, 72, 43, 77, 59, 75, 71, 74, 80, 68, 84, 53, 88, 43, 87, 39, 72, 35, 56, 24, 43, 11, 20, 6, -6, 1, -30, -3, -53, 2, -77, 8, -95, 12]",esp32_2
CSI_DATA,216336,2025-07-23 16:48:47.377,0,lie_down,00:00:00:00:00:00,-60,11,0,0,0,0,0,0,0,0,0,-97,0,1,0,2714745769,0,14,0,0,0,104,0,"[0, 0, 54, -55, 23, -60, -3, -69, -26, -82, -47, -94, -65, -107, -78, -121, -86, -128, -90, -128, -91, -128, -90, -128, -88, -128, -84, -128, -77, -128, -72, -128, -70, -127, -68, -117, -69, -107, -72, -98, -76, -92, -80, -89, -84, -86, -85, -85, -84, -88, -81, -92, 75, -4, 83, 2, 93, 11, 102, 22, 107, 32, 103, 39, 95, 42, 86, 42, 78, 36, 72, 22, 67, 4, 66, -17, 72, -38, 85, -59, 97, -78, 108, -94, 125, -107, 127, -116, 127, -118, 127, -115, 127, -110, 127, -102, 127, -93, 127, -83, 127, -71, 127, -61]",esp32_1
CSI_DATA,115606,2025-07-23 16:48:47.382,0,lie_down,00:00:00:00:00:00,-71,11,0,0,0,0,0,0,0,0,0,-97,0,1,0,1335438639,0,14,0,0,0,104,0,"[0, 0, -64, -128, -76, -128, -85, -128, -90, -128, -91, -128, -85, -128, -74, -128, -61, -128, -42, -128, -18, -128, 8, -104, 39, -73, 66, -35, 90, 3, 112, 39, 127, 71, 127, 97, 127, 118, 127, 127, 127, 127, 118, 127, 106, 126, 91, 108, 77, 85, 66, 66, -94, -80, -93, -76, -91, -69, -88, -57, -88, -41, -85, -21, -78, 3, -75, 28, -77, 55, -75, 81, -66, 104, -60, 120, -57, 127, -48, 127, -37, 127, -28, 127, -21, 126, -13, 115, -2, 97, 4, 73, 6, 45, 10, 11, 11, -23, 8, -57, 0, -92, -10, -115]",esp32_2
CSI_DATA,216337,2025-07-23 16:48:47.402,0,lie_down,00:00:00:00:00:00,-60,11,0,0,0,0,0,0,0,0,0,-97,0,1,0,2714757272,0,14,0,0,0,104,0,"[0, 0, -46, 64, -15, 64, 14, 69, 39, 76, 61, 84, 80, 94, 96, 104, 105, 113, 110, 122, 111, 127, 110, 127, 109, 127, 106, 127, 99, 127, 94, 124, 89, 114, 85, 103, 84, 93, 87, 85, 89, 77, 91, 72, 92, 71, 92, 71, 90, 74, 87, 76, -71, 21, -82, 17, -95, 8, -104, 0, -109, -8, -108, -16, -102, -22, -94, -23, -86, -18, -79, -8, -72, 8, -65, 26, -65, 46, -72, 68, -82, 89, -92, 109, -106, 125, -122, 127, -128, 127, -128, 127, -128, 127, -128, 127, -128, 125, -128, 114, -128, 100, -128, 86]",esp32_1
CSI_DATA,115607,2025-07-23 16:48:47.409,0,lie_down,00:00:00:00:00:00,-72,11,0,0,0,0,0,0,0,0,0,-97,0,1,0,1335466572,0,14,0,0,0,104,0,"[0, 0, 127, -38, 127, -53, 127, -66, 127, -74, 127, -70, 127, -66, 127, -63, 127, -53, 127, -34, 127, -5, 125, 27, 84, 56, 39, 83, -5, 112, -46, 127, -87, 127, -122, 127, -128, 127, -128, 127, -128, 127, -128, 127, -128, 124, -128, 107, -109, 89, -90, 76, 125, -81, 119, -84, 106, -85, 88, -85, 68, -89, 49, -95, 23, -97, -9, -99, -39, -101, -71, -104, -99, -107, -119, -105, -128, -100, -128, -91, -128, -80, -128, -70, -128, -58, -127, -45, -105, -30, -79, -16, -49, -9, -15, 3, 22, 18, 67, 17, 114, 6, 127, 1]",esp32_2
CSI_DATA,216338,2025-07-23 16:48:47.434,0,lie_down,00:00:00:00:00:00,-61,11,0,0,0,0,0,0,0,0,0,-97,0,1,0,2714768321,0,14,0,0,0,104,0,"[0, 0, -66, 61, -33, 68, -1, 78, 23, 94, 43, 110, 61, 126, 74, 127, 82, 127, 86, 127, 84, 127, 80, 127, 76, 127, 72, 127, 69, 127, 68, 127, 65, 127, 62, 127, 62, 120, 67, 113, 72, 106, 77, 101, 79, 100, 79, 100, 77, 102, 75, 103, -81, 4, -91, -2, -104, -12, -114, -23, -117, -33, -111, -40, -102, -44, -95, -44, -88, -39, -83, -27, -77, -9, -75, 12, -84, 35, -98, 59, -107, 82, -118, 99, -128, 113, -128, 123, -128, 126, -128, 124, -128, 118, -128, 109, -128, 98, -128, 86, -128, 73, -128, 61]",esp32_1
CSI_DATA,216339,2025-07-23 16:48:47.465,0,lie_down,00:00:00:00:00:00,-60,11,0,0,0,0,0,0,0,0,0,-97,0,1,0,2714775796,0,14,0,0,0,104,0,"[0, 0, -66, -43, -65, -13, -70, 16, -76, 40, -82, 61, -92, 80, -105, 94, -117, 104, -127, 109, -128, 111, -128, 112, -128, 110, -128, 105, -128, 98, -128, 91, -117, 86, -105, 82, -96, 82, -89, 86, -82, 88, -76, 90, -73, 91, -73, 91, -75, 90, -78, 88, -21, -72, -19, -82, -16, -93, -9, -103, 2, -109, 10, -110, 16, -106, 18, -99, 14, -89, 3, -79, -12, -71, -30, -65, -51, -62, -74, -65, -95, -74, -113, -87, -128, -103, -128, -119, -128, -128, -128, -128, -128, -128, -128, -128, -128, -128, -117, -128, -102, -128, -92, -128]",esp32_1
CSI_DATA,115609,2025-07-23 16:48:47.486,0,lie_down,00:00:00:00:00:00,-72,11,0,0,0,0,0,0,0,0,0,-97,0,1,0,1335524280,0,14,0,0,0,104,0,"[0, 0, 111, 127, 127, 127, 127, 127, 127, 127, 127, 127, 127, 127, 127, 127, 127, 127, 105, 127, 67, 127, 29, 127, -18, 110, -64, 78, -102, 45, -128, 24, -128, -2, -128, -31, -128, -55, -128, -77, -128, -86, -128, -88, -128, -81, -128, -59, -119, -43, -98, -36, 77, 115, 78, 112, 82, 102, 85, 88, 88, 71, 87, 41, 85, 8, 90, -18, 100, -45, 98, -72, 90, -99, 87, -123, 88, -128, 86, -128, 75, -128, 51, -128, 32, -128, 28, -114, 12, -102, -5, -86, -6, -63, -2, -31, 0, 11, 7, 56, 30, 94, 58, 122]",esp32_2
CSI_DATA,216340,2025-07-23 16:48:47.496,0,lie_down,00:00:00:00:00:00,-61,11,0,0,0,0,0,0,0,0,0,-97,0,1,0,2714787745,0,14,0,0,0,104,0,"[0, 0, -39, 78, -7, 74, 27, 72, 55, 79, 78, 88, 99, 95, 115, 106, 124, 113, 127, 116, 127, 125, 127, 127, 127, 127, 123, 127, 113, 127, 107, 127, 101, 116, 99, 105, 99, 93, 99, 81, 101, 75, 100, 71, 100, 67, 103, 67, 107, 71, 108, 74, -69, 36, -82, 35, -96, 29, -109, 21, -117, 14, -119, 8, -113, 3, -105, 0, -94, 2, -81, 10, -70, 26, -61, 44, -57, 62, -60, 86, -64, 111, -72, 127, -86, 127, -102, 127, -119, 127, -128, 127, -128, 127, -128, 127, -128, 127, -128, 127, -128, 127, -128, 127]",esp32_1
CSI_DATA,115610,2025-07-23 16:48:47.517,0,lie_down,00:00:00:00:00:00,-71,11,0,0,0,0,0,0,0,0,0,-97,0,1,0,1335561839,0,14,0,0,0,104,0,"[0, 0, 47, 127, 60, 127, 75, 127, 84, 127, 85, 127, 84, 127, 77, 127, 62, 127, 41, 127, 14, 127, -15, 114, -47, 83, -82, 47, -109, 11, -128, -23, -128, -58, -128, -94, -128, -121, -128, -128, -128, -128, -128, -128, -128, -120, -112, -98, -95, -76, -83, -58, 29, 127, 23, 127, 26, 122, 40, 111, 53, 89, 59, 61, 68, 34, 82, 10, 96, -16, 111, -39, 117, -62, 112, -86, 107, -106, 99, -120, 90, -128, 86, -128, 80, -128, 61, -123, 36, -114, 22, -94, 12, -72, 1, -42, -5, -5, -6, 31, 2, 72, 10, 111]",esp32_2
CSI_DATA,216341,2025-07-23 16:48:47.518,0,lie_down,00:00:00:00:00:00,-61,11,0,0,0,0,0,0,0,0,0,-97,0,1,0,2714797342,0,14,0,0,0,104,0,"[0, 0, -80, 27, -55, 49, -34, 72, -17, 98, -5, 122, 3, 127, 6, 127, 6, 127, 5, 127, 1, 127, -4, 127, -7, 127, -12, 127, -15, 127, -14, 127, -9, 127, -5, 127, 0, 127, 8, 127, 17, 124, 24, 121, 28, 121, 29, 122, 25, 123, 21, 124, -71, -30, -80, -38, -90, -50, -96, -62, -93, -72, -85, -81, -77, -84, -68, -81, -63, -70, -64, -55, -67, -37, -74, -18, -88, 1, -107, 18, -127, 31, -128, 39, -128, 42, -128, 44, -128, 42, -128, 35, -128, 24, -128, 11, -128, 2, -128, -2, -128, -6, -128, -9]",esp32_1
CSI_DATA,115611,2025-07-23 16:48:47.548,0,lie_down,00:00:00:00:00:00,-71,11,0,0,0,0,0,0,0,0,0,-97,0,1,0,1335617942,0,14,0,0,0,104,0,"[0, 0, -92, -128, -103, -128, -110, -128, -114, -128, -113, -128, -107, -128, -99, -128, -85, -128, -65, -114, -42, -97, -17, -76, 13, -52, 43, -27, 70, -2, 91, 23, 108, 44, 118, 61, 121, 78, 120, 88, 115, 92, 106, 92, 97, 87, 87, 75, 74, 57, 65, 44, -91, -56, -88, -53, -83, -46, -77, -36, -69, -22, -60, -3, -51, 17, -44, 37, -37, 58, -29, 80, -23, 100, -18, 115, -12, 124, -4, 127, 4, 127, 8, 127, 11, 126, 16, 112, 22, 96, 23, 78, 17, 56, 10, 30, 3, 0, -7, -27, -20, -51, -30, -69]",esp32_2
CSI_DATA,216342,2025-07-23 16:48:47.551,0,lie_down,00:00:00:00:00:00,-60,11,0,0,0,0,0,0,0,0,0,-97,0,1,0,2714805790,0,14,0,0,0,104,0,"[0, 0, 67, 37, 64, 5, 68, -24, 73, -50, 79, -71, 88, -90, 97, -105, 108, -115, 119, -120, 126, -123, 127, -122, 127, -118, 127, -114, 127, -109, 119, -103, 109, -96, 99, -93, 89, -91, 81, -92, 73, -93, 69, -95, 68, -97, 68, -98, 71, -97, 74, -95, 25, 69, 24, 78, 21, 89, 14, 99, 4, 107, -5, 109, -12, 106, -13, 99, -9, 89, 0, 77, 14, 68, 32, 60, 53, 56, 76, 58, 97, 63, 116, 74, 127, 88, 127, 103, 127, 116, 127, 127, 127, 127, 127, 127, 127, 127, 127, 127, 114, 127, 101, 120]",esp32_1
CSI_DATA,115612,2025-07-23 16:48:47.577,0,lie_down,00:00:00:00:00:00,-72,11,0,0,0,0,0,0,0,0,0,-97,0,1,0,1335638486,0,14,0,0,0,104,0,"[0, 0, 84, -128, 89, -128, 96, -128, 98, -128, 92, -128, 86, -128, 82, -128, 78, -128, 76, -128, 72, -95, 66, -56, 60, -14, 54, 29, 48, 70, 38, 105, 24, 127, 13, 127, 4, 127, -4, 127, -13, 127, -16, 127, -16, 127, -18, 127, -12, 109, 0, 87, 23, -118, 21, -114, 13, -106, 2, -96, -11, -83, -25, -66, -42, -46, -61, -29, -82, -11, -106, 8, -122, 26, -128, 41, -128, 52, -128, 59, -128, 67, -128, 75, -128, 73, -119, 68, -97, 61, -74, 50, -52, 36, -24, 18, 4, -2, 28, -29, 44, -59, 54, -82]",esp32_2
CSI_DATA,115613,2025-07-23 16:48:47.608,0,lie_down,00:00:00:00:00:00,-72,11,0,0,0,0,0,0,0,0,0,-97,0,1,0,1335673130,0,14,0,0,0,104,0,"[0, 0, 120, 127, 127, 127, 127, 127, 127, 127, 127, 127, 127, 127, 127, 127, 111, 127, 76, 127, 42, 127, 6, 124, -36, 89, -86, 48, -128, 6, -128, -34, -128, -74, -128, -103, -128, -122, -128, -128, -128, -128, -128, -128, -128, -128, -128, -115, -128, -84, -120, -61, 103, 127, 101, 127, 98, 117, 95, 100, 93, 70, 90, 29, 88, -11, 93, -48, 95, -86, 90, -122, 84, -128, 81, -128, 78, -128, 73, -128, 66, -128, 55, -128, 43, -128, 30, -128, 19, -128, 13, -117, 7, -75, 5, -30, 10, 15, 18, 62, 35, 111, 57, 127]",esp32_2
CSI_DATA,216344,2025-07-23 16:48:47.631,0,lie_down,00:00:00:00:00:00,-60,11,0,0,0,0,0,0,0,0,0,-97,0,1,0,2714825801,0,14,0,0,0,104,0,"[0, 0, 10, 77, 33, 58, 60, 42, 85, 31, 106, 25, 124, 21, 127, 20, 127, 23, 127, 25, 127, 28, 127, 33, 127, 36, 127, 40, 127, 42, 127, 38, 127, 33, 127, 27, 126, 20, 121, 13, 118, 6, 117, 2, 118, -1, 119, -3, 119, -2, 118, 2, -37, 68, -48, 71, -61, 73, -73, 73, -83, 72, -88, 67, -89, 59, -84, 51, -75, 47, -61, 48, -44, 54, -27, 64, -13, 76, -1, 95, 9, 118, 14, 127, 13, 127, 10, 127, 4, 127, -7, 127, -18, 127, -27, 127, -34, 127, -35, 127, -34, 127, -33, 127]",esp32_1
CSI_DATA,115614,2025-07-23 16:48:47.631,0,lie_down,00:00:00:00:00:00,-73,11,0,0,0,0,0,0,0,0,0,-97,0,1,0,1335697539,0,14,0,0,0,104,0,"[0, 0, -20, -128, -24, -128, -29, -128, -37, -128, -39, -128, -35, -128, -29, -128, -20, -128, -7, -125, 11, -103, 30, -76, 50, -41, 69, -4, 84, 32, 96, 64, 105, 88, 113, 105, 115, 117, 115, 124, 113, 126, 105, 121, 93, 115, 81, 99, 71, 74, 63, 59, -21, -113, -20, -108, -24, -100, -32, -91, -40, -77, -46, -56, -58, -31, -74, -7, -85, 14, -93, 34, -100, 54, -106, 67, -109, 72, -113, 84, -107, 99, -93, 103, -85, 98, -76, 88, -65, 72, -50, 52, -31, 30, -16, 3, -7, -24, 0, -49, 5, -80, 6, -113]",esp32_2
CSI_DATA,216345,2025-07-23 16:48:47.656,0,lie_down,00:00:00:00:00:00,-60,11,0,0,0,0,0,0,0,0,0,-97,0,1,0,2714835769,0,14,0,0,0,104,0,"[0, 0, 57, -49, 28, -59, 4, -74, -16, -92, -30, -110, -43, -126, -52, -128, -56, -128, -58, -128, -58, -128, -56, -128, -52, -128, -46, -128, -41, -128, -40, -128, -41, -128, -41, -128, -44, -120, -48, -113, -53, -108, -57, -105, -61, -103, -61, -102, -58, -104, -55, -106, 73, 2, 82, 8, 93, 17, 100, 29, 103, 40, 97, 48, 88, 54, 81, 55, 75, 47, 71, 32, 68, 14, 68, -6, 74, -27, 87, -47, 101, -64, 116, -79, 127, -89, 127, -97, 127, -97, 127, -90, 127, -82, 127, -75, 127, -67, 127, -59, 127, -50, 127, -41]",esp32_1
CSI_DATA,216346,2025-07-23 16:48:47.673,0,lie_down,00:00:00:00:00:00,-60,11,0,0,0,0,0,0,0,0,0,-97,0,1,0,2714845773,0,14,0,0,0,104,0,"[0, 0, -70, 38, -44, 53, -22, 71, -6, 92, 7, 113, 17, 127, 21, 127, 22, 127, 19, 127, 16, 127, 13, 127, 10, 127, 8, 127, 6, 127, 6, 127, 8, 127, 11, 127, 14, 126, 21, 120, 27, 115, 33, 113, 36, 113, 36, 113, 32, 114, 29, 116, -73, -19, -81, -28, -89, -40, -93, -51, -93, -61, -87, -68, -79, -71, -70, -69, -65, -62, -64, -48, -64, -30, -68, -11, -79, 8, -94, 26, -112, 40, -128, 50, -128, 58, -128, 61, -128, 58, -128, 50, -128, 41, -128, 31, -128, 23, -128, 17, -128, 12, -128, 8]",esp32_1
CSI_DATA,216347,2025-07-23 16:48:47.694,0,lie_down,00:00:00:00:00:00,-61,11,0,0,0,0,0,0,0,0,0,-97,0,1,0,2714855764,0,14,0,0,0,104,0,"[0, 0, -73, -28, -67, 5, -67, 37, -70, 67, -75, 92, -83, 112, -94, 127, -104, 127, -112, 127, -117, 127, -120, 127, -121, 127, -120, 127, -117, 127, -107, 121, -95, 114, -84, 110, -74, 109, -63, 110, -54, 108, -47, 108, -44, 111, -44, 113, -47, 113, -50, 112, -28, -73, -27, -85, -24, -97, -18, -105, -8, -111, 2, -114, 9, -111, 11, -104, 7, -94, -4, -81, -19, -71, -37, -62, -59, -55, -85, -54, -109, -59, -128, -70, -128, -85, -128, -99, -128, -110, -128, -122, -128, -128, -128, -128, -128, -128, -128, -128, -128, -128, -120, -121]",esp32_1
CSI_DATA,216348,2025-07-23 16:48:47.724,0,lie_down,00:00:00:00:00:00,-61,11,0,0,0,0,0,0,0,0,0,-97,0,1,0,2714865813,0,14,0,0,0,104,0,"[0, 0, -52, 61, -20, 68, 8, 77, 33, 93, 52, 110, 67, 125, 78, 127, 85, 127, 86, 127, 84, 127, 83, 127, 79, 127, 74, 127, 68, 127, 64, 127, 62, 127, 61, 123, 62, 112, 67, 103, 72, 97, 77, 94, 80, 91, 81, 90, 79, 92, 76, 96, -77, 6, -88, 0, -101, -10, -109, -21, -111, -30, -106, -37, -99, -41, -90, -41, -83, -35, -78, -23, -71, -5, -69, 15, -75, 36, -85, 58, -95, 81, -108, 100, -126, 115, -128, 125, -128, 127, -128, 124, -128, 117, -128, 109, -128, 100, -128, 89, -128, 75, -128, 62]",esp32_1
CSI_DATA,216349,2025-07-23 16:48:47.745,0,lie_down,00:00:00:00:00:00,-61,11,0,0,0,0,0,0,0,0,0,-97,0,1,0,2714875826,0,14,0,0,0,104,0,"[0, 0, 28, -71, -5, -69, -35, -71, -61, -79, -83, -89, -102, -100, -118, -111, -128, -119, -128, -125, -128, -128, -128, -128, -128, -128, -123, -128, -115, -128, -108, -120, -101, -108, -96, -97, -96, -87, -97, -78, -99, -71, -103, -66, -106, -63, -106, -61, -106, -63, -106, -67, 72, -31, 82, -28, 96, -22, 108, -13, 114, -5, 112, 3, 105, 8, 98, 10, 90, 9, 80, -1, 67, -20, 57, -39, 57, -58, 61, -81, 66, -106, 71, -128, 84, -128, 102, -128, 121, -128, 127, -128, 127, -128, 127, -128, 127, -128, 127, -128, 127, -122, 125, -107]",esp32_1
CSI_DATA,115616,2025-07-23 16:48:47.745,0,lie_down,00:00:00:00:00:00,-72,11,0,0,0,0,0,0,0,0,0,-97,0,1,0,1335772563,0,14,0,0,0,104,0,"[0, 0, 68, 127, 79, 127, 88, 127, 92, 127, 91, 127, 88, 127, 79, 127, 62, 120, 41, 102, 18, 80, -9, 57, -35, 31, -57, 0, -80, -28, -102, -53, -115, -75, -123, -94, -127, -109, -128, -117, -122, -121, -114, -117, -108, -105, -95, -87, -81, -67, -73, -49, 82, 63, 78, 61, 72, 53, 67, 40, 65, 23, 61, 3, 54, -17, 50, -38, 50, -60, 47, -83, 40, -104, 35, -117, 34, -125, 31, -128, 26, -128, 20, -126, 16, -116, 12, -102, 8, -83, 6, -62, 6, -40, 7, -14, 9, 16, 12, 45, 21, 71, 34, 92]",esp32_2
CSI_DATA,216350,2025-07-23 16:48:47.769,0,lie_down,00:00:00:00:00:00,-61,11,0,0,0,0,0,0,0,0,0,-97,0,1,0,2714886372,0,14,0,0,0,104,0,"[0, 0, -8, -78, -35, -61, -65, -47, -92, -40, -115, -37, -128, -37, -128, -40, -128, -44, -128, -48, -128, -53, -128, -57, -128, -60, -128, -62, -128, -60, -128, -54, -128, -45, -128, -36, -128, -27, -126, -17, -125, -9, -125, -5, -123, -1, -123, 0, -124, -3, -124, -6, 53, -59, 64, -62, 78, -62, 89, -59, 98, -55, 103, -50, 102, -43, 94, -36, 84, -34, 70, -38, 53, -49, 38, -61, 27, -76, 18, -99, 10, -125, 5, -128, 8, -128, 16, -128, 27, -128, 38, -128, 50, -128, 61, -128, 68, -128, 69, -128, 65, -128, 61, -128]",esp32_1
CSI_DATA,115617,2025-07-23 16:48:47.787,0,lie_down,00:00:00:00:00:00,-72,11,0,0,0,0,0,0,0,0,0,-97,0,1,0,1335800664,0,14,0,0,0,104,0,"[0, 0, 127, 127, 127, 127, 127, 127, 127, 127, 127, 127, 127, 127, 127, 127, 127, 127, 114, 120, 74, 98, 27, 78, -31, 65, -88, 49, -128, 28, -128, 7, -128, -14, -128, -37, -128, -55, -128, -61, -128, -62, -128, -64, -128, -59, -128, -44, -128, -25, -128, -10, 127, 87, 127, 79, 122, 65, 108, 45, 99, 21, 90, -6, 78, -38, 67, -73, 56, -107, 44, -128, 30, -128, 17, -128, 10, -128, 5, -128, 3, -128, -5, -128, -15, -128, -15, -128, -9, -128, -6, -107, 1, -67, 16, -28, 33, 16, 53, 54, 82, 89, 108, 115]",esp32_2
CSI_DATA,216351,2025-07-23 16:48:47.791,0,lie_down,00:00:00:00:00:00,-60,11,0,0,0,0,0,0,0,0,0,-97,0,1,0,2714912279,0,14,0,0,0,104,0,"[0, 0, 18, -68, -14, -64, -43, -65, -69, -71, -91, -78, -109, -86, -124, -95, -128, -103, -128, -111, -128, -118, -128, -122, -128, -124, -128, -122, -123, -117, -116, -109, -110, -99, -105, -89, -102, -79, -102, -69, -102, -62, -104, -58, -106, -55, -106, -54, -104, -56, -101, -59, 66, -35, 76, -33, 90, -28, 100, -21, 105, -13, 104, -6, 99, 0, 91, 1, 82, -2, 72, -11, 61, -27, 52, -45, 50, -65, 52, -86, 56, -108, 62, -128, 73, -128, 89, -128, 105, -128, 118, -128, 127, -128, 127, -128, 127, -128, 127, -128, 120, -123, 109, -109]",esp32_1
CSI_DATA,216352,2025-07-23 16:48:47.814,0,lie_down,00:00:00:00:00:00,-60,11,0,0,0,0,0,0,0,0,0,-97,0,1,0,2714936980,0,14,0,0,0,104,0,"[0, 0, -13, -71, -39, -53, -66, -39, -91, -31, -114, -27, -128, -26, -128, -28, -128, -32, -128, -36, -128, -41, -128, -44, -128, -47, -128, -48, -128, -46, -128, -42, -128, -36, -128, -27, -126, -19, -121, -11, -118, -3, -117, 3, -117, 7, -118, 8, -119, 6, -119, 3, 47, -61, 57, -63, 70, -62, 83, -61, 92, -58, 97, -52, 95, -45, 90, -38, 80, -34, 67, -37, 51, -47, 35, -60, 23, -75, 13, -95, 5, -118, 0, -128, 2, -128, 9, -128, 17, -128, 28, -128, 41, -128, 50, -128, 55, -128, 56, -128, 53, -128, 49, -128]",esp32_1
CSI_DATA,115618,2025-07-23 16:48:47.820,0,lie_down,00:00:00:00:00:00,-72,11,0,0,0,0,0,0,0,0,0,-97,0,1,0,1335841067,0,14,0,0,0,104,0,"[0, 0, -128, 13, -128, 15, -128, 22, -128, 29, -128, 28, -128, 24, -128, 18, -128, 12, -128, 0, -112, -22, -64, -44, -10, -64, 44, -80, 97, -93, 127, -105, 127, -113, 127, -115, 127, -113, 127, -106, 127, -97, 127, -88, 127, -81, 127, -74, 127, -69, 121, -68, -128, 69, -128, 66, -124, 66, -101, 69, -78, 78, -51, 88, -16, 96, 20, 104, 54, 114, 85, 124, 114, 127, 127, 127, 127, 127, 127, 127, 127, 127, 127, 121, 127, 111, 127, 98, 118, 84, 92, 64, 57, 42, 15, 26, -27, 12, -66, 3, -106, -2, -128, -7]",esp32_2
CSI_DATA,216353,2025-07-23 16:48:47.838,0,lie_down,00:00:00:00:00:00,-61,11,0,0,0,0,0,0,0,0,0,-97,0,1,0,2714963231,0,14,0,0,0,104,0,"[0, 0, -63, 40, -36, 57, -10, 77, 10, 102, 23, 125, 33, 127, 38, 127, 38, 127, 38, 127, 36, 127, 34, 127, 30, 127, 24, 127, 19, 127, 18, 127, 21, 127, 24, 127, 28, 127, 35, 118, 43, 111, 49, 107, 52, 104, 52, 103, 51, 106, 49, 108, -71, -28, -78, -38, -85, -49, -89, -59, -86, -70, -77, -76, -68, -76, -61, -71, -58, -61, -59, -44, -62, -25, -68, -7, -83, 11, -105, 28, -126, 40, -128, 48, -128, 53, -128, 54, -128, 51, -128, 44, -128, 35, -128, 25, -128, 18, -128, 14, -128, 10, -128, 7]",esp32_1
CSI_DATA,115619,2025-07-23 16:48:47.852,0,lie_down,00:00:00:00:00:00,-73,11,0,0,0,0,0,0,0,0,0,-97,0,1,0,1335896839,0,14,0,0,0,104,0,"[0, 0, 36, 127, 46, 127, 47, 127, 51, 127, 57, 127, 56, 127, 47, 127, 31, 127, 6, 127, -21, 127, -46, 82, -74, 28, -100, -26, -121, -82, -128, -128, -128, -128, -128, -128, -128, -128, -128, -128, -128, -128, -128, -128, -128, -128, -126, -128, -114, -128, -100, -104, 63, 127, 61, 127, 58, 127, 63, 111, 77, 87, 87, 57, 95, 18, 106, -23, 123, -57, 127, -87, 127, -113, 127, -128, 127, -128, 127, -128, 127, -128, 127, -128, 118, -128, 103, -128, 83, -123, 67, -91, 47, -57, 29, -11, 20, 39, 10, 81, 7, 124, 11, 127]",esp32_2
CSI_DATA,216354,2025-07-23 16:48:47.861,0,lie_down,00:00:00:00:00:00,-60,11,0,0,0,0,0,0,0,0,0,-97,0,1,0,2715009858,0,14,0,0,0,104,0,"[0, 0, 61, 28, 62, -3, 69, -33, 77, -59, 86, -80, 95, -98, 106, -111, 118, -118, 127, -121, 127, -122, 127, -122, 127, -118, 127, -111, 127, -104, 126, -97, 114, -90, 103, -87, 92, -87, 81, -89, 71, -90, 64, -92, 62, -94, 62, -95, 65, -95, 67, -92, 19, 74, 17, 83, 12, 93, 5, 102, -4, 109, -14, 109, -21, 104, -23, 97, -18, 87, -8, 76, 7, 69, 25, 63, 46, 59, 68, 61, 89, 69, 109, 81, 126, 97, 127, 111, 127, 123, 127, 127, 127, 127, 127, 127, 127, 127, 114, 127, 99, 127, 88, 122]",esp32_1
CSI_DATA,216355,2025-07-23 16:48:47.880,0,lie_down,00:00:00:00:00:00,-61,11,0,0,0,0,0,0,0,0,0,-97,0,1,0,2715056675,0,14,0,0,0,104,0,"[0, 0, -72, -20, -68, 9, -66, 37, -73, 62, -84, 83, -93, 99, -104, 113, -113, 122, -117, 126, -121, 127, -128, 127, -128, 127, -128, 122, -128, 110, -122, 101, -108, 95, -98, 89, -93, 84, -86, 82, -78, 84, -71, 87, -64, 89, -60, 90, -63, 89, -67, 87, -41, -61, -40, -73, -38, -87, -33, -98, -26, -104, -15, -104, -5, -101, -1, -97, -4, -91, -12, -81, -24, -69, -38, -59, -58, -55, -81, -55, -103, -57, -120, -60, -128, -69, -128, -84, -128, -99, -128, -112, -128, -124, -128, -128, -128, -128, -128, -120, -125, -110, -112, -103]",esp32_1
CSI_DATA,115620,2025-07-23 16:48:47.880,0,lie_down,00:00:00:00:00:00,-73,11,0,0,0,0,0,0,0,0,0,-97,0,1,0,1335922045,0,14,0,0,0,104,0,"[0, 0, -128, -33, -128, -29, -128, -23, -128, -17, -128, -20, -128, -25, -128, -27, -128, -26, -128, -29, -116, -41, -69, -58, -13, -72, 47, -81, 100, -87, 127, -95, 127, -96, 127, -88, 127, -81, 127, -82, 127, -79, 127, -69, 127, -63, 127, -61, 127, -62, 122, -66, -128, 16, -128, 17, -128, 20, -116, 26, -94, 41, -69, 59, -46, 75, -25, 97, 3, 125, 36, 127, 62, 127, 85, 127, 103, 127, 111, 127, 115, 127, 117, 127, 111, 127, 99, 126, 82, 105, 58, 87, 30, 67, -3, 37, -34, 12, -65, -2, -105, -16, -128, -26]",esp32_2
CSI_DATA,216356,2025-07-23 16:48:47.900,0,lie_down,00:00:00:00:00:00,-60,11,0,0,0,0,0,0,0,0,0,-97,0,1,0,2715085314,0,14,0,0,0,104,0,"[0, 0, -37, 65, -6, 68, 22, 76, 46, 90, 65, 104, 81, 115, 93, 126, 100, 127, 102, 127, 101, 127, 99, 127, 96, 127, 90, 127, 83, 127, 77, 127, 73, 127, 69, 119, 68, 108, 70, 100, 72, 93, 74, 87, 77, 84, 77, 83, 76, 82, 74, 84, -70, 21, -81, 17, -95, 10, -106, 3, -110, -6, -108, -13, -102, -20, -95, -23, -87, -20, -81, -10, -74, 5, -68, 21, -70, 40, -75, 61, -80, 82, -89, 101, -102, 117, -119, 127, -128, 127, -128, 127, -128, 127, -128, 123, -128, 114, -128, 104, -128, 91, -128, 79]",esp32_1
CSI_DATA,216357,2025-07-23 16:48:47.925,0,lie_down,00:00:00:00:00:00,-61,11,0,0,0,0,0,0,0,0,0,-97,0,1,0,2715116891,0,14,0,0,0,104,0,"[0, 0, -6, 68, 26, 54, 57, 44, 86, 40, 113, 40, 127, 39, 127, 42, 127, 47, 127, 55, 127, 67, 127, 80, 127, 87, 127, 85, 127, 80, 127, 76, 127, 69, 127, 58, 124, 45, 121, 33, 119, 23, 118, 18, 115, 16, 113, 16, 114, 17, 115, 18, -61, 44, -73, 45, -87, 41, -100, 36, -107, 31, -108, 27, -105, 24, -99, 22, -92, 21, -82, 23, -69, 31, -58, 44, -53, 63, -51, 88, -45, 111, -42, 127, -48, 127, -58, 127, -66, 127, -71, 127, -80, 127, -91, 127, -99, 127, -104, 127, -100, 127, -93, 127]",esp32_1
CSI_DATA,115621,2025-07-23 16:48:47.925,0,lie_down,00:00:00:00:00:00,-72,11,0,0,0,0,0,0,0,0,0,-97,0,1,0,1335958345,0,14,0,0,0,104,0,"[0, 0, -128, -91, -128, -96, -128, -99, -128, -99, -128, -92, -128, -87, -123, -84, -104, -78, -77, -70, -46, -60, -16, -51, 16, -40, 49, -26, 82, -12, 112, 1, 127, 11, 127, 23, 127, 34, 127, 39, 127, 40, 127, 41, 127, 39, 122, 30, 102, 17, 91, 9, -95, -22, -92, -17, -87, -12, -80, -3, -68, 10, -55, 23, -44, 40, -33, 62, -20, 78, -6, 92, 5, 106, 10, 119, 13, 127, 19, 127, 28, 127, 34, 121, 32, 112, 28, 102, 24, 86, 18, 65, 7, 43, -3, 20, -18, -2, -38, -23, -57, -43, -70, -58]",esp32_2
CSI_DATA,216358,2025-07-23 16:48:47.949,0,lie_down,00:00:00:00:00:00,-61,11,0,0,0,0,0,0,0,0,0,-97,0,1,0,2715141750,0,14,0,0,0,104,0,"[0, 0, -66, 24, -38, 42, -10, 65, 7, 93, 16, 120, 26, 127, 31, 127, 30, 127, 30, 127, 25, 127, 17, 127, 12, 127, 6, 127, -5, 127, -9, 127, -1, 127, 6, 127, 12, 127, 19, 124, 26, 119, 31, 115, 35, 107, 36, 105, 35, 109, 33, 111, -65, -37, -71, -47, -75, -59, -78, -72, -76, -82, -69, -86, -63, -83, -60, -80, -56, -73, -55, -55, -57, -37, -65, -23, -83, -11, -106, 2, -126, 13, -128, 18, -128, 21, -128, 22, -128, 21, -128, 19, -128, 11, -128, 0, -128, -7, -128, -12, -128, -15, -128, -14]",esp32_1
CSI_DATA,115622,2025-07-23 16:48:47.957,0,lie_down,00:00:00:00:00:00,-72,11,0,0,0,0,0,0,0,0,0,-97,0,1,0,1336619683,0,14,0,0,0,104,0,"[0, 0, -128, -110, -128, -105, -128, -105, -128, -103, -128, -95, -128, -92, -128, -88, -128, -82, -128, -77, -103, -73, -53, -74, 5, -79, 63, -80, 115, -79, 127, -74, 127, -71, 127, -68, 127, -57, 127, -49, 127, -47, 127, -42, 127, -36, 127, -38, 127, -47, 127, -57, -128, -36, -128, -37, -128, -32, -116, -15, -104, 13, -87, 43, -65, 71, -41, 101, -20, 127, 2, 127, 23, 127, 41, 127, 50, 127, 56, 127, 67, 127, 72, 127, 67, 127, 62, 127, 51, 127, 32, 110, 14, 75, -11, 39, -43, 10, -75, -18, -113, -52, -128, -76]",esp32_2
CSI_DATA,216359,2025-07-23 16:48:47.971,0,lie_down,00:00:00:00:00:00,-61,11,0,0,0,0,0,0,0,0,0,-97,0,1,0,2715166084,0,14,0,0,0,104,0,"[0, 0, 24, -65, -8, -62, -40, -60, -68, -69, -90, -81, -108, -89, -126, -99, -128, -107, -128, -109, -128, -117, -128, -127, -128, -128, -128, -128, -125, -128, -114, -127, -106, -112, -100, -102, -96, -95, -93, -84, -94, -74, -94, -67, -95, -57, -97, -52, -99, -55, -101, -59, 64, -33, 77, -31, 91, -25, 101, -18, 107, -11, 109, -4, 104, 3, 97, 6, 88, 5, 77, -5, 68, -21, 62, -38, 60, -55, 63, -77, 67, -97, 72, -116, 83, -128, 98, -128, 117, -128, 127, -128, 127, -128, 127, -128, 127, -128, 127, -128, 125, -123, 117, -113]",esp32_1
CSI_DATA,115623,2025-07-23 16:48:47.988,0,lie_down,00:00:00:00:00:00,-72,11,0,0,0,0,0,0,0,0,0,-97,0,1,0,1336629579,0,14,0,1,0,104,0,"[0, 0, 127, 47, 127, 43, 127, 44, 127, 41, 127, 33, 127, 25, 127, 27, 127, 36, 127, 43, 117, 54, 66, 68, 9, 75, -48, 82, -97, 92, -128, 105, -128, 118, -128, 117, -128, 110, -128, 108, -128, 105, -128, 96, -128, 85, -128, 78, -128, 75, -122, 73, 127, 0, 127, -3, 127, -7, 110, -17, 93, -38, 71, -62, 40, -87, 13, -110, -10, -128, -37, -128, -61, -128, -80, -128, -93, -128, -103, -128, -115, -128, -121, -128, -114, -128, -100, -128, -79, -124, -52, -100, -26, -73, 3, -44, 41, -13, 81, 11, 122, 27, 127, 38]",esp32_2
CSI_DATA,216360,2025-07-23 16:48:47.993,0,lie_down,00:00:00:00:00:00,-61,11,0,0,0,0,0,0,0,0,0,-97,0,1,0,2715202129,0,14,0,0,0,104,0,"[0, 0, 46, -40, 15, -52, -9, -68, -30, -88, -48, -106, -61, -125, -70, -128, -76, -128, -77, -128, -77, -128, -75, -128, -68, -128, -62, -128, -58, -128, -53, -128, -49, -128, -47, -128, -46, -124, -48, -113, -53, -104, -59, -97, -63, -94, -65, -91, -64, -89, -60, -90, 68, 9, 76, 16, 85, 26, 91, 37, 93, 46, 88, 53, 80, 56, 75, 55, 73, 47, 73, 35, 71, 19, 72, 0, 80, -17, 94, -34, 108, -50, 120, -63, 127, -73, 127, -79, 127, -79, 127, -73, 127, -65, 127, -57, 127, -49, 127, -42, 127, -33, 127, -24]",esp32_1
CSI_DATA,216361,2025-07-23 16:48:48.013,0,lie_down,00:00:00:00:00:00,-61,11,0,0,0,0,0,0,0,0,0,-97,0,1,0,2715241171,0,14,0,0,0,104,0,"[0, 0, 43, -57, 8, -64, -21, -76, -43, -89, -64, -102, -83, -119, -99, -128, -114, -128, -118, -128, -112, -128, -107, -128, -102, -128, -96, -128, -95, -128, -89, -128, -80, -128, -72, -128, -69, -120, -72, -111, -75, -100, -81, -95, -86, -92, -85, -87, -83, -85, -79, -84, 73, -8, 82, -3, 95, 5, 104, 15, 108, 23, 104, 30, 98, 35, 94, 36, 90, 32, 88, 23, 83, 7, 80, -11, 84, -30, 91, -48, 100, -70, 111, -91, 126, -107, 127, -117, 127, -118, 127, -114, 127, -111, 127, -107, 127, -99, 127, -84, 127, -68, 127, -55]",esp32_1
CSI_DATA,115624,2025-07-23 16:48:48.013,0,lie_down,00:00:00:00:00:00,-73,11,0,0,0,0,0,0,0,0,0,-97,0,1,0,1336639644,0,14,0,0,0,104,0,"[0, 0, 78, 127, 92, 127, 92, 127, 96, 127, 98, 127, 92, 127, 81, 127, 63, 127, 36, 127, 8, 127, -25, 94, -64, 49, -100, 3, -128, -39, -128, -78, -128, -117, -128, -128, -128, -128, -128, -128, -128, -128, -128, -128, -128, -128, -128, -128, -128, -101, -121, -75, 68, 127, 67, 127, 63, 119, 62, 98, 71, 73, 78, 38, 82, -3, 94, -44, 108, -78, 116, -103, 122, -127, 127, -128, 127, -128, 125, -128, 116, -128, 105, -128, 99, -128, 87, -128, 69, -128, 58, -97, 48, -64, 34, -28, 24, 24, 20, 79, 27, 127, 40, 127]",esp32_2
CSI_DATA,216362,2025-07-23 16:48:48.039,0,lie_down,00:00:00:00:00:00,-62,11,0,0,0,0,0,0,0,0,0,-97,0,1,0,2715289504,0,14,0,0,0,104,0,"[0, 0, 46, 44, 55, 14, 68, -13, 80, -37, 92, -58, 107, -75, 124, -87, 127, -94, 127, -96, 127, -96, 127, -94, 127, -87, 127, -80, 127, -74, 127, -68, 127, -62, 127, -58, 118, -58, 108, -60, 97, -63, 89, -65, 84, -68, 82, -70, 84, -71, 87, -71, 2, 69, -2, 77, -8, 85, -17, 92, -26, 97, -34, 99, -40, 97, -40, 93, -34, 87, -23, 81, -10, 78, 6, 77, 24, 77, 43, 84, 60, 94, 75, 108, 87, 125, 98, 127, 104, 127, 104, 127, 98, 127, 91, 127, 82, 127, 72, 127, 60, 127, 51, 127]",esp32_1
CSI_DATA,115625,2025-07-23 16:48:48.044,0,lie_down,00:00:00:00:00:00,-73,11,0,0,0,0,0,0,0,0,0,-97,0,1,0,1336653701,0,14,0,0,0,104,0,"[0, 0, -128, 127, -128, 127, -128, 127, -128, 127, -128, 127, -127, 127, -120, 127, -116, 127, -105, 127, -93, 94, -86, 36, -79, -20, -76, -72, -70, -121, -57, -128, -46, -128, -35, -128, -20, -128, -10, -128, -6, -128, -4, -128, -8, -128, -14, -128, -19, -128, -28, -128, -67, 127, -60, 127, -50, 126, -32, 115, -5, 103, 23, 88, 49, 73, 84, 60, 124, 46, 127, 33, 127, 21, 127, 7, 127, -9, 127, -22, 127, -31, 127, -35, 127, -36, 127, -37, 127, -31, 91, -17, 60, -1, 28, 22, -8, 50, -42, 72, -71, 96, -92, 122]",esp32_2
CSI_DATA,216363,2025-07-23 16:48:48.064,0,lie_down,00:00:00:00:00:00,-61,11,0,0,0,0,0,0,0,0,0,-97,0,1,0,2715313574,0,14,0,0,0,104,0,"[0, 0, 58, -25, 33, -45, 15, -69, 1, -95, -10, -119, -17, -128, -21, -128, -23, -128, -21, -128, -17, -128, -13, -128, -9, -128, -2, -128, 5, -128, 7, -128, 7, -128, 6, -128, 3, -128, -2, -126, -11, -117, -20, -112, -25, -108, -29, -106, -28, -106, -26, -108, 61, 28, 67, 36, 73, 45, 76, 56, 76, 67, 72, 74, 64, 75, 58, 72, 58, 65, 62, 53, 66, 39, 73, 23, 87, 8, 104, -4, 120, -13, 127, -21, 127, -24, 127, -25, 127, -20, 127, -12, 127, -4, 127, 4, 127, 11, 127, 12, 127, 14, 127, 17]",esp32_1
CSI_DATA,115626,2025-07-23 16:48:48.076,0,lie_down,00:00:00:00:00:00,-73,11,0,0,0,0,0,0,0,0,0,-97,0,1,0,1336659600,0,14,0,0,0,104,0,"[0, 0, 113, 124, 123, 127, 127, 127, 127, 127, 125, 125, 118, 118, 107, 108, 89, 97, 64, 81, 36, 65, 7, 57, -23, 46, -52, 30, -81, 17, -111, 4, -128, -9, -128, -21, -128, -34, -128, -42, -128, -43, -128, -41, -128, -36, -125, -27, -106, -14, -90, -2, 73, 55, 70, 53, 65, 44, 60, 32, 59, 17, 56, -2, 48, -24, 43, -48, 42, -72, 36, -92, 26, -110, 18, -126, 15, -128, 13, -128, 9, -128, 3, -128, 0, -125, -2, -110, -4, -92, -1, -71, 5, -50, 13, -27, 22, -1, 32, 24, 48, 49, 64, 71]",esp32_2
CSI_DATA,216364,2025-07-23 16:48:48.087,0,lie_down,00:00:00:00:00:00,-61,11,0,0,0,0,0,0,0,0,0,-97,0,1,0,2715349228,0,14,0,0,0,104,0,"[0, 0, -21, -57, -40, -29, -63, -3, -84, 17, -104, 35, -126, 49, -128, 59, -128, 66, -128, 63, -128, 55, -128, 49, -128, 45, -128, 43, -128, 41, -128, 38, -128, 36, -128, 36, -128, 40, -117, 45, -106, 50, -99, 55, -97, 59, -95, 61, -95, 61, -96, 59, 36, -61, 46, -65, 57, -68, 68, -70, 78, -71, 84, -68, 85, -64, 81, -61, 74, -58, 65, -57, 51, -61, 36, -68, 23, -78, 8, -93, -9, -113, -24, -128, -30, -128, -29, -128, -27, -128, -24, -128, -17, -128, -8, -128, 4, -128, 13, -128, 18, -128, 19, -128]",esp32_1
CSI_DATA,115627,2025-07-23 16:48:48.099,0,lie_down,00:00:00:00:00:00,-73,11,0,0,0,0,0,0,0,0,0,-97,0,1,0,1336669607,0,14,0,0,0,104,0,"[0, 0, -24, 127, -20, 127, -14, 127, -12, 127, -11, 127, -9, 127, -9, 127, -11, 127, -18, 113, -30, 82, -44, 51, -55, 19, -69, -14, -84, -48, -94, -77, -102, -98, -107, -116, -108, -128, -106, -128, -103, -128, -99, -128, -92, -118, -84, -96, -76, -73, -70, -57, -34, 93, -29, 88, -20, 80, -9, 73, 6, 61, 24, 46, 44, 33, 62, 18, 77, 3, 95, -10, 112, -24, 123, -37, 127, -45, 127, -52, 127, -60, 123, -63, 114, -58, 99, -53, 81, -47, 62, -32, 45, -13, 32, 3, 17, 23, -1, 49, -15, 76, -23, 93]",esp32_2
CSI_DATA,216365,2025-07-23 16:48:48.109,0,lie_down,00:00:00:00:00:00,-62,11,0,0,0,0,0,0,0,0,0,-97,0,1,0,2715373671,0,14,0,0,0,104,0,"[0, 0, -53, -5, -40, 25, -36, 50, -32, 77, -28, 104, -30, 127, -34, 127, -41, 127, -52, 127, -59, 127, -61, 127, -64, 127, -66, 127, -64, 127, -59, 127, -57, 127, -53, 127, -46, 119, -37, 114, -26, 107, -16, 105, -8, 106, -6, 105, -6, 102, -8, 100, -33, -58, -32, -67, -32, -78, -30, -87, -25, -95, -17, -98, -9, -97, -7, -94, -11, -87, -20, -79, -31, -69, -44, -59, -61, -50, -81, -46, -101, -47, -121, -49, -128, -54, -128, -63, -128, -72, -128, -84, -128, -93, -128, -100, -128, -104, -128, -100, -125, -91, -107, -85]",esp32_1
CSI_DATA,115628,2025-07-23 16:48:48.130,0,lie_down,00:00:00:00:00:00,-72,11,0,0,0,0,0,0,0,0,0,-97,0,1,0,1336679590,0,14,0,0,0,104,0,"[0, 0, 127, -88, 127, -104, 127, -114, 127, -117, 127, -117, 127, -115, 127, -102, 127, -82, 127, -58, 127, -22, 90, 20, 47, 56, 5, 92, -37, 127, -77, 127, -109, 127, -128, 127, -128, 127, -128, 127, -128, 127, -128, 127, -128, 127, -126, 127, -101, 127, -82, 117, 119, -93, 111, -91, 93, -91, 72, -92, 49, -90, 21, -89, -13, -89, -49, -90, -84, -93, -121, -92, -128, -90, -128, -88, -128, -86, -128, -86, -128, -82, -128, -71, -128, -60, -128, -52, -128, -50, -99, -46, -60, -38, -18, -29, 24, -24, 67, -29, 108, -41, 127, -50]",esp32_2
CSI_DATA,216366,2025-07-23 16:48:48.131,0,lie_down,00:00:00:00:00:00,-62,11,0,0,0,0,0,0,0,0,0,-97,0,1,0,2715402177,0,14,0,0,0,104,0,"[0, 0, -18, -62, -40, -38, -67, -16, -95, 1, -118, 13, -128, 21, -128, 26, -128, 29, -128, 26, -128, 18, -128, 11, -128, 4, -128, -1, -128, -5, -128, -7, -128, -6, -128, -3, -128, 2, -128, 9, -121, 16, -116, 21, -113, 26, -111, 30, -112, 31, -111, 31, 34, -63, 45, -68, 57, -71, 69, -72, 78, -71, 82, -69, 83, -65, 80, -60, 73, -57, 62, -59, 45, -65, 31, -72, 22, -84, 11, -101, -4, -120, -16, -128, -20, -128, -15, -128, -9, -128, -2, -128, 7, -128, 16, -128, 22, -128, 27, -128, 29, -128, 30, -128]",esp32_1
CSI_DATA,216367,2025-07-23 16:48:48.152,0,lie_down,00:00:00:00:00:00,-61,11,0,0,0,0,0,0,0,0,0,-97,0,1,0,2715444429,0,14,0,0,0,104,0,"[0, 0, -12, -60, -35, -38, -64, -18, -90, -4, -112, 6, -128, 12, -128, 14, -128, 15, -128, 12, -128, 7, -128, 0, -128, -5, -128, -9, -128, -13, -128, -16, -128, -14, -128, -10, -128, -3, -125, 5, -116, 11, -111, 17, -108, 24, -108, 28, -110, 29, -112, 28, 45, -57, 53, -59, 65, -60, 76, -60, 86, -60, 91, -56, 90, -50, 86, -47, 78, -45, 67, -48, 53, -56, 39, -66, 27, -77, 17, -93, 7, -114, 0, -128, -2, -128, 0, -128, 5, -128, 13, -128, 22, -128, 32, -128, 39, -128, 42, -128, 41, -128, 39, -128]",esp32_1
CSI_DATA,115629,2025-07-23 16:48:48.162,0,lie_down,00:00:00:00:00:00,-73,11,0,0,0,0,0,0,0,0,0,-97,0,1,0,1336689622,0,14,0,0,0,104,0,"[0, 0, 110, -128, 107, -128, 111, -128, 114, -128, 111, -128, 104, -128, 99, -128, 96, -128, 86, -128, 77, -95, 78, -36, 77, 16, 71, 67, 65, 122, 55, 127, 43, 127, 31, 127, 19, 127, 10, 127, 5, 127, 5, 127, 9, 127, 14, 127, 20, 127, 25, 127, 29, -128, 23, -128, 14, -128, 0, -114, -19, -95, -37, -73, -63, -54, -95, -35, -124, -10, -128, 11, -128, 27, -128, 40, -128, 48, -128, 55, -128, 61, -128, 65, -128, 69, -128, 67, -125, 54, -92, 31, -65, 9, -35, -14, -1, -39, 33, -66, 61, -100, 73, -128]",esp32_2
CSI_DATA,216368,2025-07-23 16:48:48.179,0,lie_down,00:00:00:00:00:00,-61,11,0,0,0,0,0,0,0,0,0,-97,0,1,0,2715471582,0,14,0,0,0,104,0,"[0, 0, 19, -59, -13, -51, -44, -46, -74, -49, -98, -54, -119, -61, -128, -70, -128, -78, -128, -85, -128, -93, -128, -103, -128, -109, -128, -111, -128, -111, -128, -106, -128, -96, -117, -86, -109, -76, -107, -64, -105, -53, -105, -44, -105, -38, -105, -35, -107, -35, -109, -35, 61, -33, 73, -31, 86, -26, 96, -20, 102, -16, 104, -10, 101, -4, 95, -1, 89, -3, 81, -11, 71, -25, 62, -40, 60, -56, 61, -75, 60, -96, 62, -118, 72, -128, 84, -128, 97, -128, 111, -128, 123, -128, 127, -128, 127, -128, 127, -128, 117, -126, 106, -109]",esp32_1
CSI_DATA,115630,2025-07-23 16:48:48.189,0,lie_down,00:00:00:00:00:00,-73,11,0,0,0,0,0,0,0,0,0,-97,0,1,0,1336699599,0,14,0,0,0,104,0,"[0, 0, -45, -128, -52, -128, -56, -128, -58, -128, -57, -128, -50, -128, -42, -128, -32, -128, -16, -116, 0, -92, 18, -64, 41, -34, 65, -2, 90, 31, 110, 54, 123, 74, 127, 93, 127, 108, 127, 118, 127, 118, 127, 113, 115, 104, 100, 88, 88, 67, 82, 49, -38, -94, -39, -88, -43, -78, -47, -65, -51, -48, -54, -27, -60, -1, -69, 24, -77, 46, -84, 67, -87, 88, -84, 103, -85, 113, -84, 121, -77, 123, -73, 117, -68, 110, -58, 101, -46, 86, -34, 66, -27, 41, -20, 13, -14, -20, -12, -50, -12, -78, -13, -100]",esp32_2
CSI_DATA,216369,2025-07-23 16:48:48.199,0,lie_down,00:00:00:00:00:00,-62,11,0,0,0,0,0,0,0,0,0,-97,0,1,0,2715514141,0,14,0,0,0,104,0,"[0, 0, 53, -24, 25, -45, 2, -66, -19, -89, -35, -112, -46, -128, -54, -128, -58, -128, -57, -128, -54, -128, -50, -128, -45, -128, -37, -128, -30, -128, -26, -128, -24, -128, -24, -128, -27, -128, -32, -121, -39, -113, -47, -107, -53, -102, -55, -98, -54, -98, -54, -99, 60, 33, 66, 42, 72, 53, 75, 64, 75, 73, 70, 78, 65, 79, 61, 77, 60, 70, 61, 58, 63, 43, 69, 25, 84, 10, 103, -3, 119, -16, 127, -27, 127, -33, 127, -36, 127, -34, 127, -28, 127, -22, 127, -13, 127, -4, 127, 4, 127, 9, 127, 12]",esp32_1
CSI_DATA,216370,2025-07-23 16:48:48.220,0,lie_down,00:00:00:00:00:00,-62,11,0,0,0,0,0,0,0,0,0,-97,0,1,0,2715544144,0,14,0,0,0,104,0,"[0, 0, -23, 58, 10, 47, 47, 41, 79, 42, 104, 45, 127, 49, 127, 57, 127, 69, 127, 75, 127, 80, 127, 89, 127, 96, 127, 100, 127, 103, 127, 98, 127, 88, 127, 78, 126, 67, 119, 55, 113, 44, 109, 37, 109, 28, 110, 22, 114, 22, 114, 23, -71, 26, -79, 25, -90, 19, -100, 13, -109, 8, -112, 2, -109, -2, -104, -3, -97, 0, -87, 9, -80, 23, -70, 40, -62, 58, -61, 79, -66, 101, -74, 123, -85, 127, -95, 127, -104, 127, -114, 127, -126, 127, -128, 127, -128, 127, -128, 127, -120, 127, -109, 115]",esp32_1
CSI_DATA,115632,2025-07-23 16:48:48.286,0,lie_down,00:00:00:00:00:00,-73,11,0,0,0,0,0,0,0,0,0,-97,0,1,0,1336720324,0,14,0,0,0,104,0,"[0, 0, -128, -98, -128, -102, -128, -105, -128, -101, -128, -94, -128, -87, -128, -84, -128, -78, -128, -72, -100, -74, -52, -80, 4, -82, 62, -80, 116, -78, 127, -77, 127, -73, 127, -63, 127, -52, 127, -50, 127, -44, 127, -33, 127, -31, 127, -38, 127, -48, 127, -52, -128, -27, -128, -24, -128, -15, -115, 0, -98, 24, -75, 50, -50, 78, -29, 105, -5, 127, 25, 127, 46, 127, 58, 127, 70, 127, 77, 127, 79, 127, 78, 127, 77, 127, 70, 127, 54, 127, 36, 108, 15, 74, -12, 42, -40, 8, -72, -23, -112, -47, -128, -61]",esp32_2
CSI_DATA,115633,2025-07-23 16:48:48.318,0,lie_down,00:00:00:00:00:00,-73,11,0,0,0,0,0,0,0,0,0,-97,0,1,0,1336729593,0,14,0,0,0,104,0,"[0, 0, 127, -98, 127, -117, 127, -128, 127, -128, 127, -128, 127, -121, 127, -103, 127, -83, 127, -62, 114, -31, 85, 8, 52, 48, 17, 87, -11, 127, -41, 127, -73, 127, -101, 127, -121, 127, -128, 127, -128, 127, -125, 127, -109, 127, -91, 127, -66, 127, -44, 126, 119, -88, 110, -83, 91, -81, 68, -85, 45, -85, 19, -82, -14, -81, -47, -84, -77, -88, -110, -88, -128, -86, -128, -84, -128, -84, -128, -83, -128, -75, -128, -64, -128, -55, -128, -45, -126, -38, -92, -38, -57, -39, -20, -39, 20, -38, 61, -44, 101, -56, 127, -64]",esp32_2
CSI_DATA,216373,2025-07-23 16:48:48.328,0,lie_down,00:00:00:00:00:00,-61,11,0,0,0,0,0,0,0,0,0,-97,0,1,0,2715628881,0,14,0,0,0,104,0,"[0, 0, -17, -60, -38, -36, -62, -18, -85, 0, -105, 19, -126, 31, -128, 39, -128, 40, -128, 29, -128, 17, -128, 10, -128, 7, -128, 7, -128, 9, -128, 8, -128, 7, -128, 9, -128, 17, -123, 25, -111, 31, -103, 35, -102, 37, -103, 36, -103, 36, -103, 36, 45, -56, 49, -60, 57, -64, 68, -66, 80, -66, 87, -64, 87, -63, 82, -60, 75, -56, 69, -55, 59, -58, 45, -64, 30, -72, 18, -87, 4, -107, -6, -128, -10, -128, -11, -128, -11, -128, -10, -128, -5, -128, 4, -128, 21, -128, 34, -128, 37, -128, 35, -128]",esp32_1
CSI_DATA,115634,2025-07-23 16:48:48.345,0,lie_down,00:00:00:00:00:00,-73,11,0,0,0,0,0,0,0,0,0,-97,0,1,0,1336739589,0,14,0,0,0,104,0,"[0, 0, -128, 124, -128, 127, -128, 127, -128, 127, -128, 127, -128, 127, -128, 123, -128, 101, -128, 73, -112, 37, -84, -2, -55, -45, -26, -88, 2, -128, 30, -128, 60, -128, 87, -128, 104, -128, 113, -128, 115, -128, 109, -128, 97, -128, 80, -128, 59, -128, 42, -128, -105, 106, -93, 100, -75, 92, -55, 87, -30, 84, -3, 82, 24, 77, 56, 72, 93, 70, 127, 66, 127, 61, 127, 59, 127, 60, 127, 53, 127, 39, 127, 36, 127, 39, 127, 32, 127, 25, 98, 24, 64, 22, 28, 24, -10, 31, -54, 42, -93, 57, -110, 72]",esp32_2
CSI_DATA,216374,2025-07-23 16:48:48.350,0,lie_down,00:00:00:00:00:00,-62,11,0,0,0,0,0,0,0,0,0,-97,0,1,0,2715653651,0,14,0,0,0,104,0,"[0, 0, 17, 56, 37, 27, 61, 2, 82, -16, 102, -30, 122, -40, 127, -47, 127, -50, 127, -50, 127, -46, 127, -41, 127, -34, 127, -26, 127, -20, 127, -18, 127, -15, 127, -16, 127, -20, 121, -24, 111, -31, 103, -37, 98, -40, 95, -43, 96, -45, 98, -44, -34, 61, -41, 65, -51, 67, -60, 70, -68, 72, -74, 71, -76, 68, -73, 63, -66, 59, -55, 59, -41, 66, -26, 73, -11, 79, 1, 92, 12, 111, 21, 127, 25, 127, 27, 127, 25, 127, 20, 127, 12, 127, 3, 127, -5, 127, -10, 127, -12, 127, -13, 127]",esp32_1
CSI_DATA,115635,2025-07-23 16:48:48.372,0,lie_down,00:00:00:00:00:00,-73,11,0,0,0,0,0,0,0,0,0,-97,0,1,0,1336751403,0,14,0,0,0,104,0,"[0, 0, 127, -128, 127, -128, 127, -128, 127, -128, 127, -128, 123, -128, 114, -128, 104, -128, 99, -128, 95, -88, 87, -33, 76, 18, 67, 70, 63, 119, 56, 127, 41, 127, 25, 127, 16, 127, 8, 127, 0, 127, -5, 127, 1, 127, 12, 127, 21, 127, 32, 125, 77, -123, 67, -118, 49, -109, 27, -97, 6, -87, -13, -74, -36, -61, -70, -49, -106, -39, -128, -31, -128, -16, -128, -4, -128, 0, -128, 7, -128, 17, -128, 25, -128, 31, -128, 33, -128, 25, -99, 9, -68, -5, -35, -18, 1, -37, 40, -64, 71, -96, 91, -121]",esp32_2
CSI_DATA,216375,2025-07-23 16:48:48.375,0,lie_down,00:00:00:00:00:00,-62,11,0,0,0,0,0,0,0,0,0,-97,0,1,0,2715690267,0,14,0,0,0,104,0,"[0, 0, -29, 56, 3, 48, 35, 45, 63, 48, 87, 54, 110, 60, 127, 68, 127, 77, 127, 86, 127, 96, 127, 106, 127, 113, 127, 114, 127, 113, 127, 108, 118, 101, 109, 89, 103, 77, 99, 66, 97, 56, 97, 50, 97, 45, 98, 41, 99, 41, 99, 41, -63, 25, -73, 23, -86, 19, -97, 13, -104, 8, -106, 4, -102, -1, -97, -3, -91, -2, -84, 4, -75, 16, -69, 30, -68, 45, -68, 64, -68, 87, -71, 109, -79, 127, -93, 127, -107, 127, -119, 127, -128, 127, -128, 127, -128, 127, -128, 127, -121, 114, -110, 99]",esp32_1
CSI_DATA,216376,2025-07-23 16:48:48.398,0,lie_down,00:00:00:00:00:00,-62,11,0,0,0,0,0,0,0,0,0,-97,0,1,0,2715727048,0,14,0,0,0,104,0,"[0, 0, 38, 48, 44, 13, 57, -18, 70, -46, 84, -68, 98, -88, 116, -103, 127, -113, 127, -117, 127, -119, 127, -119, 127, -114, 127, -106, 127, -98, 127, -89, 127, -81, 127, -75, 118, -73, 106, -75, 94, -77, 84, -79, 77, -81, 74, -83, 75, -86, 79, -87, -11, 73, -17, 80, -23, 88, -32, 96, -41, 100, -49, 100, -54, 98, -54, 93, -48, 87, -37, 81, -20, 80, -2, 80, 15, 82, 35, 89, 52, 101, 68, 118, 81, 127, 92, 127, 98, 127, 100, 127, 95, 127, 87, 127, 77, 127, 66, 127, 55, 127, 48, 127]",esp32_1
CSI_DATA,216377,2025-07-23 16:48:48.417,0,lie_down,00:00:00:00:00:00,-62,11,0,0,0,0,0,0,0,0,0,-97,0,1,0,2715774336,0,14,0,0,0,104,0,"[0, 0, 48, -28, 14, -40, -14, -58, -41, -76, -67, -93, -86, -112, -100, -128, -111, -128, -113, -128, -108, -128, -105, -128, -101, -128, -95, -128, -89, -128, -83, -128, -80, -128, -76, -128, -74, -118, -77, -106, -80, -94, -85, -85, -88, -80, -88, -79, -87, -78, -86, -77, 62, 34, 69, 41, 77, 53, 82, 65, 82, 74, 79, 77, 73, 78, 68, 75, 68, 65, 70, 53, 68, 37, 72, 19, 87, 2, 104, -14, 119, -31, 127, -45, 127, -53, 127, -59, 127, -62, 127, -61, 127, -57, 127, -49, 127, -35, 127, -22, 127, -14, 127, -9]",esp32_1
CSI_DATA,216378,2025-07-23 16:48:48.445,0,lie_down,00:00:00:00:00:00,-62,11,0,0,0,0,0,0,0,0,0,-97,0,1,0,2715800074,0,14,0,0,0,104,0,"[0, 0, -61, 5, -40, 30, -24, 56, -10, 83, -1, 109, 3, 127, 3, 127, 1, 127, -2, 127, -6, 127, -11, 127, -16, 127, -22, 127, -27, 127, -27, 127, -24, 127, -22, 127, -17, 127, -8, 121, 1, 113, 9, 109, 16, 109, 20, 108, 20, 107, 17, 105, -48, -51, -51, -59, -56, -71, -58, -81, -54, -90, -47, -97, -41, -97, -37, -94, -37, -87, -43, -77, -49, -64, -58, -51, -74, -39, -92, -29, -112, -22, -128, -19, -128, -18, -128, -21, -128, -25, -128, -33, -128, -42, -128, -52, -128, -59, -128, -59, -128, -55, -128, -52]",esp32_1
CSI_DATA,216379,2025-07-23 16:48:48.464,0,lie_down,00:00:00:00:00:00,-62,11,0,0,0,0,0,0,0,0,0,-97,0,1,0,2715848171,0,14,0,0,0,104,0,"[0, 0, -64, 13, -40, 36, -20, 62, -1, 93, 10, 120, 15, 127, 17, 127, 18, 127, 20, 127, 18, 127, 14, 127, 7, 127, -4, 127, -12, 127, -15, 127, -14, 127, -12, 127, -9, 127, -1, 127, 6, 122, 13, 115, 23, 113, 30, 112, 30, 114, 25, 114, -62, -40, -68, -51, -75, -63, -80, -75, -79, -85, -72, -93, -63, -95, -56, -92, -55, -84, -58, -72, -63, -56, -72, -38, -87, -22, -107, -11, -124, 0, -128, 7, -128, 11, -128, 10, -128, 5, -128, -6, -128, -18, -128, -26, -128, -29, -128, -28, -128, -29, -128, -33]",esp32_1
CSI_DATA,115637,2025-07-23 16:48:48.466,0,lie_down,00:00:00:00:00:00,-72,11,0,0,0,0,0,0,0,0,0,-97,0,1,0,1336769584,0,14,0,0,0,104,0,"[0, 0, -128, -96, -128, -97, -128, -98, -128, -92, -128, -83, -128, -78, -128, -76, -128, -71, -128, -68, -98, -70, -53, -78, -3, -86, 48, -88, 93, -88, 127, -91, 127, -87, 127, -81, 127, -81, 127, -78, 127, -68, 127, -58, 127, -55, 127, -59, 127, -64, 118, -68, -128, -45, -128, -42, -121, -35, -108, -18, -94, 7, -78, 32, -62, 59, -44, 91, -23, 121, -1, 127, 14, 127, 26, 127, 42, 127, 52, 127, 57, 127, 60, 127, 58, 127, 53, 127, 46, 127, 32, 103, 13, 74, -8, 43, -35, 14, -67, -12, -103, -42, -128, -68]",esp32_2
CSI_DATA,216380,2025-07-23 16:48:48.490,0,lie_down,00:00:00:00:00:00,-62,11,0,0,0,0,0,0,0,0,0,-97,0,1,0,2715872544,0,14,0,0,0,104,0,"[0, 0, -64, -19, -51, 16, -43, 50, -40, 82, -40, 110, -43, 127, -52, 127, -62, 127, -69, 127, -75, 127, -82, 127, -88, 127, -92, 127, -94, 127, -90, 127, -83, 127, -74, 127, -66, 127, -56, 123, -46, 117, -36, 114, -27, 112, -22, 113, -23, 116, -25, 117, -33, -69, -34, -80, -34, -90, -31, -99, -24, -107, -16, -113, -10, -112, -8, -107, -13, -97, -22, -87, -33, -80, -48, -71, -69, -61, -92, -57, -116, -59, -128, -66, -128, -75, -128, -84, -128, -93, -128, -104, -128, -116, -128, -126, -128, -128, -128, -124, -128, -114, -128, -104]",esp32_1
CSI_DATA,115638,2025-07-23 16:48:48.495,0,lie_down,00:00:00:00:00:00,-73,11,0,0,0,0,0,0,0,0,0,-97,0,1,0,1336779593,0,14,0,0,0,104,0,"[0, 0, -17, -128, -28, -128, -32, -128, -33, -128, -35, -128, -33, -128, -26, -128, -15, -128, 2, -128, 20, -123, 40, -77, 66, -31, 92, 18, 116, 64, 127, 106, 127, 127, 127, 127, 127, 127, 127, 127, 127, 127, 127, 127, 124, 127, 111, 127, 101, 117, 94, 91, -37, -128, -40, -128, -42, -116, -46, -97, -57, -74, -68, -44, -81, -11, -97, 19, -109, 46, -118, 78, -127, 106, -128, 120, -128, 127, -128, 127, -128, 127, -128, 127, -121, 127, -109, 127, -89, 104, -71, 76, -58, 44, -43, 9, -25, -31, -5, -71, -1, -114, -9, -128]",esp32_2
CSI_DATA,216381,2025-07-23 16:48:48.512,0,lie_down,00:00:00:00:00:00,-62,11,0,0,0,0,0,0,0,0,0,-97,0,1,0,2715908298,0,14,0,0,0,104,0,"[0, 0, 25, -62, -10, -54, -44, -52, -72, -55, -98, -60, -124, -67, -128, -73, -128, -81, -128, -91, -128, -99, -128, -107, -128, -111, -128, -112, -128, -109, -128, -104, -128, -97, -125, -86, -117, -77, -115, -69, -112, -58, -113, -49, -116, -42, -115, -34, -114, -32, -112, -35, 73, -27, 81, -24, 95, -20, 107, -12, 114, -5, 113, 1, 110, 7, 107, 9, 103, 7, 97, 0, 85, -16, 76, -33, 74, -50, 73, -70, 73, -96, 74, -121, 83, -128, 98, -128, 112, -128, 127, -128, 127, -128, 127, -128, 127, -128, 127, -128, 127, -122, 119, -105]",esp32_1
CSI_DATA,115639,2025-07-23 16:48:48.523,0,lie_down,00:00:00:00:00:00,-73,11,0,0,0,0,0,0,0,0,0,-97,0,1,0,1336789635,0,14,0,0,0,104,0,"[0, 0, 127, 127, 127, 127, 127, 127, 127, 127, 127, 127, 127, 127, 127, 127, 119, 127, 88, 127, 48, 127, 2, 99, -49, 71, -102, 38, -128, 3, -128, -22, -128, -41, -128, -63, -128, -87, -128, -100, -128, -100, -128, -93, -128, -81, -128, -64, -128, -42, -128, -21, 92, 127, 92, 123, 87, 108, 83, 83, 85, 51, 89, 15, 91, -23, 91, -60, 88, -96, 87, -128, 88, -128, 88, -128, 89, -128, 88, -128, 80, -128, 67, -128, 60, -128, 53, -128, 41, -128, 34, -116, 39, -73, 43, -31, 42, 17, 51, 65, 74, 109, 97, 127]",esp32_2
CSI_DATA,216382,2025-07-23 16:48:48.534,0,lie_down,00:00:00:00:00:00,-62,11,0,0,0,0,0,0,0,0,0,-97,0,1,0,2715945261,0,14,0,0,0,104,0,"[0, 0, 26, -66, -13, -59, -50, -59, -85, -61, -118, -60, -128, -64, -128, -69, -128, -78, -128, -101, -128, -122, -128, -128, -128, -128, -128, -126, -128, -114, -128, -107, -128, -102, -128, -90, -128, -69, -128, -52, -128, -40, -128, -33, -128, -33, -128, -36, -127, -36, -128, -34, 83, -14, 93, -9, 106, -1, 116, 8, 124, 15, 126, 18, 123, 19, 116, 19, 109, 15, 102, 11, 93, -2, 86, -22, 87, -41, 89, -65, 91, -97, 94, -128, 107, -128, 126, -128, 127, -128, 127, -128, 127, -128, 127, -128, 127, -128, 127, -128, 127, -118, 127, -104]",esp32_1
CSI_DATA,115640,2025-07-23 16:48:48.548,0,lie_down,00:00:00:00:00:00,-73,11,0,0,0,0,0,0,0,0,0,-97,0,1,0,1336799602,0,14,0,0,0,104,0,"[0, 0, -128, -111, -128, -109, -128, -113, -128, -108, -128, -101, -128, -97, -128, -94, -128, -87, -128, -85, -116, -88, -65, -91, -5, -96, 58, -95, 115, -93, 127, -95, 127, -99, 127, -96, 127, -84, 127, -78, 127, -74, 127, -66, 127, -64, 127, -67, 127, -68, 127, -68, -128, -74, -128, -66, -121, -52, -107, -35, -98, -9, -85, 26, -71, 60, -61, 97, -46, 127, -21, 127, 2, 127, 20, 127, 32, 127, 36, 127, 43, 127, 49, 127, 48, 127, 45, 127, 38, 127, 25, 124, 8, 92, -15, 53, -40, 13, -63, -22, -97, -56, -128, -82]",esp32_2
CSI_DATA,216383,2025-07-23 16:48:48.558,0,lie_down,00:00:00:00:00:00,-62,11,0,0,0,0,0,0,0,0,0,-97,0,1,0,2715982648,0,14,0,0,0,104,0,"[0, 0, -56, -21, -48, 10, -48, 40, -50, 69, -51, 93, -57, 115, -66, 127, -77, 127, -87, 127, -94, 127, -98, 127, -103, 127, -106, 127, -107, 127, -103, 127, -94, 124, -85, 113, -77, 107, -67, 103, -57, 101, -47, 100, -40, 100, -37, 98, -38, 98, -40, 98, -26, -65, -25, -76, -24, -87, -19, -95, -13, -101, -6, -104, 0, -103, 2, -98, -3, -89, -13, -80, -25, -74, -38, -67, -57, -61, -79, -60, -99, -64, -117, -73, -128, -85, -128, -96, -128, -104, -128, -115, -128, -125, -128, -128, -128, -128, -128, -127, -114, -115, -102, -104]",esp32_1
CSI_DATA,216384,2025-07-23 16:48:48.576,0,lie_down,00:00:00:00:00:00,-61,11,0,0,0,0,0,0,0,0,0,-97,0,1,0,2716027347,0,14,0,237,25,104,0,"[0, 0, -3, -67, -28, -49, -56, -36, -82, -30, -106, -28, -127, -29, -128, -30, -128, -32, -128, -36, -128, -40, -128, -45, -128, -52, -128, -60, -128, -63, -128, -59, -128, -54, -128, -50, -125, -44, -118, -35, -113, -26, -110, -20, -109, -13, -110, -8, -112, -7, -113, -9, 47, -55, 58, -57, 70, -58, 82, -58, 92, -56, 96, -51, 96, -44, 93, -40, 85, -38, 74, -40, 60, -50, 48, -61, 39, -72, 32, -89, 25, -110, 19, -128, 21, -128, 27, -128, 36, -128, 47, -128, 59, -128, 68, -128, 69, -128, 66, -128, 61, -128, 58, -128]",esp32_1
CSI_DATA,115641,2025-07-23 16:48:48.587,0,lie_down,00:00:00:00:00:00,-73,11,0,0,0,0,0,0,0,0,0,-97,0,1,0,1336811002,0,14,0,0,0,104,0,"[0, 0, 127, 51, 127, 45, 127, 38, 127, 32, 127, 31, 127, 31, 127, 29, 127, 28, 127, 32, 110, 44, 68, 64, 17, 81, -38, 92, -85, 105, -125, 117, -128, 123, -128, 125, -128, 124, -128, 126, -128, 123, -128, 111, -128, 102, -128, 99, -125, 94, -101, 90, 127, 34, 127, 24, 118, 12, 101, 1, 85, -16, 69, -39, 48, -64, 25, -92, 3, -124, -21, -128, -44, -128, -60, -128, -68, -128, -78, -128, -90, -128, -96, -128, -92, -128, -83, -128, -65, -122, -43, -100, -22, -76, 6, -45, 39, -17, 75, 5, 114, 27, 127, 42]",esp32_2
CSI_DATA,216385,2025-07-23 16:48:48.604,0,lie_down,00:00:00:00:00:00,-61,11,0,0,0,0,0,0,0,0,0,-97,0,1,0,2716047052,0,14,0,237,25,104,0,"[0, 0, 61, -6, 41, -35, 31, -62, 18, -87, 4, -111, -1, -128, -3, -128, 3, -128, 20, -128, 33, -128, 38, -128, 41, -128, 40, -128, 37, -128, 36, -128, 35, -128, 29, -128, 19, -128, 10, -128, 1, -123, -6, -118, -6, -116, -4, -115, -3, -115, -3, -115, 50, 54, 53, 63, 55, 73, 56, 83, 55, 93, 50, 99, 44, 101, 40, 98, 39, 89, 40, 80, 45, 72, 56, 59, 73, 43, 92, 32, 112, 25, 127, 21, 127, 23, 127, 27, 127, 28, 127, 31, 127, 38, 127, 50, 127, 68, 127, 78, 127, 75, 127, 69]",esp32_1
CSI_DATA,115642,2025-07-23 16:48:48.615,0,lie_down,00:00:00:00:00:00,-73,11,0,0,0,0,0,0,0,0,0,-97,0,1,0,1336822772,0,14,0,0,0,104,0,"[0, 0, -128, -118, -128, -125, -128, -128, -128, -128, -128, -124, -128, -121, -128, -114, -128, -105, -128, -96, -97, -89, -43, -83, 14, -79, 73, -74, 127, -68, 127, -62, 127, -53, 127, -39, 127, -26, 127, -17, 127, -13, 127, -8, 127, -7, 127, -16, 127, -31, 127, -39, -128, -42, -128, -38, -128, -32, -123, -16, -109, 9, -91, 36, -68, 66, -46, 102, -27, 127, -7, 127, 14, 127, 32, 127, 44, 127, 51, 127, 56, 127, 62, 127, 62, 127, 57, 127, 47, 127, 31, 108, 11, 74, -10, 37, -37, 2, -71, -28, -113, -59, -128, -82]",esp32_2
CSI_DATA,216386,2025-07-23 16:48:48.625,0,lie_down,00:00:00:00:00:00,-61,11,0,0,0,0,0,0,0,0,0,-97,0,1,0,2716082412,0,14,0,237,25,104,0,"[0, 0, -14, -60, -37, -36, -63, -14, -86, 2, -108, 13, -128, 20, -128, 24, -128, 26, -128, 25, -128, 20, -128, 15, -128, 10, -128, 4, -128, -1, -128, -4, -128, -5, -128, -2, -128, 2, -128, 7, -119, 14, -114, 19, -112, 24, -110, 28, -110, 29, -109, 28, 39, -64, 48, -68, 60, -71, 71, -73, 81, -72, 86, -68, 85, -62, 82, -57, 74, -54, 62, -55, 46, -62, 31, -71, 18, -82, 6, -98, -4, -119, -12, -128, -14, -128, -13, -128, -7, -128, 3, -128, 12, -128, 21, -128, 28, -128, 31, -128, 31, -128, 30, -128]",esp32_1
CSI_DATA,216387,2025-07-23 16:48:48.646,0,lie_down,00:00:00:00:00:00,-62,11,0,0,0,0,0,0,0,0,0,-97,0,1,0,2716107789,0,14,0,237,25,104,0,"[0, 0, 40, -56, 6, -56, -28, -58, -55, -69, -77, -85, -98, -96, -117, -108, -128, -122, -128, -128, -128, -128, -128, -128, -128, -128, -127, -128, -114, -128, -103, -128, -93, -128, -85, -118, -82, -108, -84, -99, -88, -89, -92, -81, -95, -73, -95, -67, -95, -68, -94, -70, 71, -14, 82, -11, 96, -3, 106, 7, 111, 15, 107, 21, 103, 26, 100, 29, 96, 26, 90, 14, 79, -4, 72, -22, 76, -43, 83, -64, 89, -81, 97, -97, 112, -115, 127, -128, 127, -128, 127, -128, 127, -128, 127, -128, 127, -124, 127, -114, 127, -97, 127, -82]",esp32_1
CSI_DATA,216388,2025-07-23 16:48:48.674,0,lie_down,00:00:00:00:00:00,-61,11,0,0,0,0,0,0,0,0,0,-97,0,1,0,2716157604,0,14,0,237,25,104,0,"[0, 0, 52, -38, 23, -51, -5, -64, -26, -83, -42, -103, -55, -122, -65, -128, -73, -128, -77, -128, -76, -128, -70, -128, -64, -128, -56, -128, -47, -128, -40, -128, -37, -128, -36, -128, -36, -126, -39, -115, -44, -107, -49, -103, -53, -99, -57, -95, -59, -95, -57, -97, 68, 6, 78, 13, 88, 24, 95, 34, 97, 44, 94, 50, 88, 53, 83, 54, 80, 50, 76, 39, 73, 22, 75, 5, 82, -10, 94, -27, 106, -44, 119, -60, 127, -71, 127, -77, 127, -77, 127, -70, 127, -63, 127, -56, 127, -49, 127, -44, 127, -36, 127, -29]",esp32_1
CSI_DATA,216389,2025-07-23 16:48:48.705,0,lie_down,00:00:00:00:00:00,-61,11,0,0,0,0,0,0,0,0,0,-97,0,1,0,2716181933,0,14,0,237,25,104,0,"[0, 0, 59, -17, 35, -38, 16, -60, 1, -86, -9, -112, -16, -128, -21, -128, -23, -128, -21, -128, -15, -128, -9, -128, -6, -128, -1, -128, 5, -128, 7, -128, 5, -128, 3, -128, 0, -128, -5, -123, -14, -116, -22, -112, -28, -109, -31, -108, -30, -109, -27, -109, 59, 39, 64, 48, 70, 60, 72, 71, 69, 81, 61, 86, 55, 87, 51, 85, 50, 77, 52, 65, 56, 50, 63, 35, 78, 21, 98, 8, 117, -3, 127, -9, 127, -12, 127, -13, 127, -8, 127, 0, 127, 9, 127, 18, 127, 26, 127, 29, 127, 30, 127, 31]",esp32_1
CSI_DATA,115644,2025-07-23 16:48:48.716,0,lie_down,00:00:00:00:00:00,-73,11,0,0,0,0,0,0,0,0,0,-97,0,1,0,1336839613,0,14,0,0,0,104,0,"[0, 0, -54, 127, -54, 127, -52, 127, -51, 127, -46, 127, -42, 127, -40, 127, -40, 124, -42, 102, -43, 72, -46, 36, -53, 0, -59, -35, -65, -65, -69, -90, -67, -115, -66, -128, -65, -128, -62, -128, -59, -128, -54, -128, -51, -128, -49, -116, -47, -93, -48, -73, -38, 90, -32, 85, -23, 76, -12, 69, 3, 61, 19, 50, 36, 38, 54, 24, 76, 9, 97, -5, 111, -18, 122, -30, 127, -37, 127, -41, 127, -45, 122, -50, 114, -52, 103, -46, 86, -37, 66, -30, 47, -19, 24, 1, 1, 22, -14, 40, -23, 61, -29, 81]",esp32_2
CSI_DATA,216390,2025-07-23 16:48:48.738,0,lie_down,00:00:00:00:00:00,-62,11,0,0,0,0,0,0,0,0,0,-97,0,1,0,2716207346,0,14,0,237,25,104,0,"[0, 0, 64, 0, 45, -29, 35, -58, 27, -90, 18, -118, 16, -128, 20, -128, 27, -128, 34, -128, 39, -128, 43, -128, 48, -128, 54, -128, 57, -128, 56, -128, 50, -128, 44, -128, 38, -128, 28, -128, 18, -124, 9, -120, 2, -118, -1, -118, 0, -120, 3, -121, 46, 59, 50, 69, 51, 81, 51, 93, 48, 103, 39, 110, 30, 111, 27, 106, 30, 96, 35, 84, 40, 72, 53, 58, 73, 45, 96, 38, 116, 34, 127, 33, 127, 37, 127, 43, 127, 50, 127, 59, 127, 69, 127, 78, 127, 85, 127, 85, 127, 80, 127, 76]",esp32_1
CSI_DATA,115645,2025-07-23 16:48:48.741,0,lie_down,00:00:00:00:00:00,-73,11,0,0,0,0,0,0,0,0,0,-97,0,1,0,1336860575,0,14,0,0,0,104,0,"[0, 0, 127, -85, 127, -95, 127, -102, 127, -106, 127, -105, 127, -97, 121, -85, 106, -69, 89, -50, 72, -26, 56, 1, 37, 30, 15, 59, -6, 89, -25, 116, -42, 127, -54, 127, -64, 127, -72, 127, -73, 127, -69, 127, -62, 127, -53, 117, -39, 99, -24, 82, 77, -60, 70, -59, 61, -58, 45, -58, 26, -58, 8, -56, -14, -53, -38, -53, -62, -54, -83, -56, -103, -53, -121, -46, -128, -43, -128, -43, -128, -40, -128, -34, -128, -32, -114, -29, -95, -26, -74, -24, -49, -22, -23, -23, 8, -25, 39, -28, 64, -37, 79, -49]",esp32_2
CSI_DATA,216391,2025-07-23 16:48:48.764,0,lie_down,00:00:00:00:00:00,-62,11,0,0,0,0,0,0,0,0,0,-97,0,1,0,2716241898,0,14,0,0,0,104,0,"[0, 0, -47, -44, -53, -10, -65, 20, -80, 50, -94, 75, -109, 95, -125, 108, -128, 114, -128, 117, -128, 121, -128, 123, -128, 120, -128, 113, -128, 103, -128, 94, -128, 88, -128, 83, -120, 80, -108, 81, -95, 84, -86, 87, -82, 91, -78, 92, -80, 92, -83, 90, 7, -77, 13, -88, 20, -99, 28, -107, 39, -110, 50, -107, 56, -101, 56, -95, 48, -90, 34, -86, 19, -82, 0, -81, -23, -86, -47, -96, -68, -107, -83, -122, -95, -128, -107, -128, -115, -128, -115, -128, -109, -128, -100, -128, -88, -128, -76, -128, -64, -128, -54, -128]",esp32_1
CSI_DATA,115646,2025-07-23 16:48:48.773,0,lie_down,00:00:00:00:00:00,-73,11,0,0,0,0,0,0,0,0,0,-97,0,1,0,1336860940,0,14,0,0,0,104,0,"[0, 0, -68, 127, -72, 127, -77, 127, -77, 127, -73, 127, -70, 127, -66, 127, -64, 127, -64, 127, -60, 102, -60, 51, -71, -1, -79, -54, -82, -104, -86, -128, -88, -128, -80, -128, -69, -128, -67, -128, -65, -128, -60, -128, -57, -128, -55, -128, -55, -128, -58, -122, -38, 127, -32, 127, -22, 122, -8, 107, 11, 92, 32, 74, 54, 52, 83, 30, 115, 10, 127, -14, 127, -39, 127, -51, 127, -57, 127, -66, 127, -74, 127, -77, 127, -73, 127, -69, 124, -61, 92, -44, 64, -23, 39, 5, 7, 35, -22, 67, -40, 101, -52, 127]",esp32_2
CSI_DATA,115647,2025-07-23 16:48:48.812,0,lie_down,00:00:00:00:00:00,-73,11,0,0,0,0,0,0,0,0,0,-97,0,1,0,1336869640,0,14,0,0,0,104,0,"[0, 0, -128, -128, -128, -128, -128, -128, -128, -128, -128, -128, -128, -128, -128, -127, -128, -116, -112, -104, -72, -92, -32, -86, 19, -80, 73, -66, 118, -47, 127, -33, 127, -19, 127, -5, 127, 8, 127, 17, 127, 16, 127, 14, 127, 14, 127, 6, 127, -7, 127, -17, -125, -79, -119, -75, -109, -63, -99, -45, -93, -22, -85, 8, -72, 40, -59, 74, -52, 111, -43, 127, -30, 127, -22, 127, -15, 127, -9, 127, -3, 127, 8, 127, 16, 127, 17, 127, 14, 127, 3, 119, -7, 81, -20, 40, -36, -2, -58, -41, -83, -74, -102, -94]",esp32_2
CSI_DATA,115648,2025-07-23 16:48:48.836,0,lie_down,00:00:00:00:00:00,-73,11,0,0,0,0,0,0,0,0,0,-97,0,1,0,1336879581,0,14,0,0,0,104,0,"[0, 0, -128, 97, -128, 111, -128, 122, -128, 124, -128, 121, -128, 118, -128, 108, -128, 87, -128, 60, -124, 28, -93, -13, -57, -57, -22, -98, 11, -128, 44, -128, 73, -128, 93, -128, 105, -128, 116, -128, 119, -128, 111, -128, 97, -128, 80, -128, 59, -128, 38, -128, -128, 63, -128, 62, -113, 62, -89, 63, -62, 67, -37, 74, -8, 81, 29, 89, 66, 97, 98, 102, 127, 105, 127, 107, 127, 106, 127, 105, 127, 99, 127, 87, 127, 74, 127, 62, 121, 53, 90, 46, 58, 37, 23, 33, -19, 32, -63, 36, -102, 42, -127, 45]",esp32_2
CSI_DATA,216393,2025-07-23 16:48:48.846,0,lie_down,00:00:00:00:00:00,-62,11,0,0,0,0,0,0,0,0,0,-97,0,1,0,2716329611,0,14,0,0,0,104,0,"[0, 0, 2, 65, 31, 44, 60, 29, 86, 20, 111, 13, 127, 8, 127, 8, 127, 9, 127, 12, 127, 18, 127, 26, 127, 33, 127, 37, 127, 40, 127, 41, 127, 38, 127, 32, 127, 23, 127, 14, 123, 5, 120, -3, 118, -8, 117, -11, 117, -11, 118, -9, -51, 56, -63, 59, -76, 60, -88, 58, -99, 56, -106, 54, -105, 48, -100, 42, -93, 40, -82, 43, -66, 52, -50, 62, -38, 74, -29, 92, -20, 115, -14, 127, -16, 127, -22, 127, -28, 127, -36, 127, -46, 127, -56, 127, -63, 127, -66, 127, -63, 127, -58, 127]",esp32_1
CSI_DATA,216394,2025-07-23 16:48:48.874,0,lie_down,00:00:00:00:00:00,-61,11,0,0,0,0,0,0,0,0,0,-97,0,1,0,2716353897,0,14,0,0,0,104,0,"[0, 0, -34, -73, -55, -40, -82, -13, -108, 8, -128, 27, -128, 41, -128, 50, -128, 54, -128, 52, -128, 48, -128, 43, -128, 38, -128, 31, -128, 24, -128, 20, -128, 19, -128, 21, -128, 25, -128, 31, -128, 38, -128, 44, -128, 49, -128, 52, -128, 52, -128, 49, 38, -86, 48, -91, 59, -97, 70, -101, 84, -101, 95, -97, 97, -90, 92, -84, 82, -79, 67, -79, 47, -86, 25, -95, 5, -105, -12, -122, -26, -128, -38, -128, -45, -128, -46, -128, -43, -128, -35, -128, -27, -128, -16, -128, -6, -128, 1, -128, 6, -128, 10, -128]",esp32_1
CSI_DATA,216395,2025-07-23 16:48:48.896,0,lie_down,00:00:00:00:00:00,-62,11,0,0,0,0,0,0,0,0,0,-97,0,1,0,2716388709,0,14,0,0,0,104,0,"[0, 0, -57, -46, -58, -5, -67, 31, -76, 65, -86, 96, -100, 121, -117, 127, -128, 127, -128, 127, -128, 127, -128, 127, -128, 127, -128, 127, -128, 127, -128, 127, -128, 116, -128, 110, -115, 108, -101, 108, -88, 109, -79, 110, -74, 111, -71, 113, -72, 116, -76, 115, -4, -90, 2, -100, 9, -113, 17, -123, 28, -128, 38, -128, 45, -125, 47, -118, 41, -108, 28, -98, 11, -92, -11, -88, -36, -87, -62, -91, -87, -103, -108, -121, -128, -128, -128, -128, -128, -128, -128, -128, -128, -128, -128, -128, -128, -128, -114, -128, -95, -128, -83, -128]",esp32_1
CSI_DATA,216396,2025-07-23 16:48:48.927,0,lie_down,00:00:00:00:00:00,-62,11,0,0,0,0,0,0,0,0,0,-97,0,1,0,2716413434,0,14,0,0,0,104,0,"[0, 0, 33, -62, -2, -62, -34, -64, -64, -72, -91, -82, -113, -92, -128, -103, -128, -112, -128, -125, -128, -128, -128, -128, -128, -128, -128, -128, -128, -128, -122, -128, -112, -126, -104, -114, -100, -103, -99, -91, -98, -80, -99, -73, -101, -69, -101, -67, -100, -68, -100, -68, 75, -19, 84, -17, 96, -11, 107, -3, 112, 6, 110, 13, 105, 17, 101, 16, 96, 10, 91, 1, 84, -12, 79, -29, 81, -49, 88, -74, 92, -97, 97, -115, 109, -128, 126, -128, 127, -128, 127, -128, 127, -128, 127, -128, 127, -128, 127, -115, 127, -97, 127, -85]",esp32_1
CSI_DATA,115650,2025-07-23 16:48:48.934,0,lie_down,00:00:00:00:00:00,-73,11,0,0,0,0,0,0,0,0,0,-97,0,1,0,1336899613,0,14,0,0,0,104,0,"[0, 0, 88, -128, 90, -128, 99, -128, 102, -128, 96, -128, 86, -128, 79, -128, 75, -128, 72, -128, 69, -107, 70, -61, 78, -10, 88, 46, 96, 97, 100, 127, 102, 127, 104, 127, 99, 127, 91, 127, 85, 127, 80, 127, 76, 127, 72, 127, 72, 127, 71, 106, 82, -120, 75, -115, 59, -108, 39, -100, 17, -89, -10, -76, -42, -60, -76, -48, -109, -41, -128, -28, -128, -9, -128, 4, -128, 9, -128, 15, -128, 24, -128, 30, -128, 31, -128, 34, -128, 32, -104, 16, -72, -2, -38, -20, -3, -41, 31, -68, 59, -107, 75, -128]",esp32_2
CSI_DATA,216397,2025-07-23 16:48:48.959,0,lie_down,00:00:00:00:00:00,-62,11,0,0,0,0,0,0,0,0,0,-97,0,1,0,2716449624,0,14,0,0,0,104,0,"[0, 0, 60, -21, 36, -40, 17, -62, 2, -87, -9, -108, -18, -126, -22, -128, -23, -128, -20, -128, -15, -128, -8, -128, -4, -128, 0, -128, 5, -128, 6, -128, 3, -128, 2, -128, 0, -127, -6, -120, -15, -113, -21, -109, -24, -108, -25, -106, -25, -106, -24, -106, 62, 29, 67, 36, 76, 46, 82, 58, 82, 67, 75, 74, 68, 76, 63, 74, 60, 67, 61, 56, 62, 42, 67, 26, 79, 11, 96, -1, 111, -13, 124, -22, 127, -29, 127, -31, 127, -28, 127, -22, 127, -14, 127, -4, 127, 5, 127, 10, 127, 13, 127, 15]",esp32_1
CSI_DATA,115651,2025-07-23 16:48:48.966,0,lie_down,00:00:00:00:00:00,-73,11,0,0,0,0,0,0,0,0,0,-97,0,1,0,1336909584,0,14,0,0,0,104,0,"[0, 0, -71, 127, -71, 127, -73, 127, -75, 127, -69, 127, -60, 127, -55, 124, -53, 106, -50, 84, -49, 57, -53, 27, -57, -2, -58, -31, -61, -62, -63, -90, -62, -111, -60, -128, -59, -128, -57, -128, -54, -128, -51, -128, -49, -121, -46, -102, -42, -80, -40, -62, -68, 52, -63, 50, -53, 50, -41, 50, -26, 48, -7, 44, 14, 43, 35, 40, 57, 34, 78, 29, 95, 25, 108, 20, 120, 17, 127, 14, 127, 9, 123, 4, 114, 2, 104, -2, 88, -4, 68, 0, 47, 6, 24, 13, 2, 24, -16, 40, -33, 60, -48, 78]",esp32_2
CSI_DATA,115652,2025-07-23 16:48:48.992,0,lie_down,00:00:00:00:00:00,-73,11,0,0,0,0,0,0,0,0,0,-97,0,1,0,1336920772,0,14,0,0,0,104,0,"[0, 0, -81, -128, -93, -128, -101, -128, -107, -128, -109, -128, -101, -128, -83, -128, -63, -128, -38, -128, -11, -122, 19, -92, 53, -56, 93, -18, 127, 14, 127, 45, 127, 74, 127, 98, 127, 114, 127, 122, 127, 124, 127, 123, 127, 112, 127, 89, 127, 63, 111, 41, -52, -128, -52, -126, -49, -113, -51, -93, -62, -66, -72, -37, -79, -5, -87, 31, -99, 65, -110, 94, -115, 120, -116, 127, -117, 127, -113, 127, -108, 127, -102, 127, -95, 127, -84, 127, -66, 121, -50, 96, -42, 64, -38, 22, -33, -24, -28, -65, -35, -105, -47, -128]",esp32_2
CSI_DATA,216398,2025-07-23 16:48:48.998,0,lie_down,00:00:00:00:00:00,-62,11,0,0,0,0,0,0,0,0,0,-97,0,1,0,2716485148,0,14,0,0,0,104,0,"[0, 0, -17, -61, -38, -38, -62, -17, -85, -2, -107, 10, -128, 19, -128, 23, -128, 22, -128, 19, -128, 14, -128, 10, -128, 8, -128, 4, -128, 0, -128, 0, -128, 1, -128, 3, -128, 7, -122, 14, -116, 22, -110, 27, -107, 31, -107, 34, -108, 33, -110, 32, 40, -67, 49, -68, 61, -69, 72, -70, 82, -70, 87, -67, 88, -61, 84, -57, 75, -54, 64, -53, 49, -59, 31, -66, 16, -74, 3, -90, -9, -113, -19, -128, -21, -128, -20, -128, -15, -128, -7, -128, 3, -128, 12, -128, 20, -128, 25, -128, 27, -128, 26, -128]",esp32_1
CSI_DATA,115653,2025-07-23 16:48:49.019,0,lie_down,00:00:00:00:00:00,-73,11,0,0,0,0,0,0,0,0,0,-97,0,1,0,1336929615,0,14,0,0,0,104,0,"[0, 0, 55, -128, 43, -128, 43, -128, 46, -128, 46, -128, 40, -128, 35, -128, 38, -128, 50, -128, 62, -120, 71, -66, 81, -15, 94, 39, 111, 94, 120, 127, 123, 127, 127, 127, 127, 127, 119, 127, 109, 127, 104, 127, 96, 127, 82, 127, 72, 127, 69, 110, 35, -128, 30, -128, 19, -128, 3, -122, -16, -104, -42, -80, -71, -51, -96, -22, -122, -1, -128, 21, -128, 47, -128, 62, -128, 68, -128, 75, -128, 84, -128, 92, -128, 89, -128, 84, -128, 73, -102, 52, -71, 29, -41, -1, -13, -42, 8, -79, 21, -119, 28, -128]",esp32_2
CSI_DATA,115654,2025-07-23 16:48:49.050,0,lie_down,00:00:00:00:00:00,-73,11,0,0,0,0,0,0,0,0,0,-97,0,1,0,1336939619,0,14,0,0,0,104,0,"[0, 0, 127, 90, 127, 90, 127, 89, 127, 85, 127, 80, 127, 74, 127, 70, 127, 67, 127, 63, 114, 70, 59, 82, 6, 89, -48, 94, -100, 101, -128, 109, -128, 114, -128, 114, -128, 111, -128, 105, -128, 97, -128, 89, -128, 86, -128, 84, -128, 81, -127, 76, 127, 73, 127, 72, 120, 57, 106, 33, 96, 10, 88, -19, 73, -56, 54, -90, 38, -123, 20, -128, -1, -128, -17, -128, -27, -128, -35, -128, -46, -128, -54, -128, -55, -128, -48, -128, -36, -128, -23, -119, -11, -83, 7, -51, 34, -15, 72, 20, 114, 51, 127, 75]",esp32_2
CSI_DATA,216400,2025-07-23 16:48:49.082,0,lie_down,00:00:00:00:00:00,-61,11,0,0,0,0,0,0,0,0,0,-97,0,1,0,2716568850,0,14,0,0,0,104,0,"[0, 0, -70, -4, -54, 23, -43, 52, -38, 81, -36, 107, -36, 127, -40, 127, -47, 127, -53, 127, -59, 127, -66, 127, -71, 127, -75, 127, -77, 127, -73, 127, -65, 127, -58, 127, -51, 120, -42, 115, -32, 112, -24, 110, -19, 110, -17, 111, -19, 114, -22, 115, -48, -57, -52, -68, -55, -80, -55, -90, -50, -101, -41, -108, -34, -108, -29, -103, -30, -94, -35, -82, -42, -70, -53, -57, -71, -44, -92, -36, -114, -32, -128, -32, -128, -37, -128, -43, -128, -50, -128, -59, -128, -69, -128, -80, -128, -86, -128, -84, -128, -79, -128, -75]",esp32_1
CSI_DATA,115655,2025-07-23 16:48:49.082,0,lie_down,00:00:00:00:00:00,-73,11,0,0,0,0,0,0,0,0,0,-97,0,1,0,1336949579,0,14,0,0,0,104,0,"[0, 0, 127, 26, 127, 25, 127, 20, 127, 17, 127, 18, 127, 16, 127, 16, 127, 19, 104, 20, 79, 27, 48, 40, 13, 55, -21, 68, -52, 78, -79, 89, -103, 94, -123, 94, -128, 92, -128, 91, -128, 85, -128, 80, -119, 77, -99, 73, -77, 68, -59, 64, 91, 29, 88, 27, 78, 20, 65, 11, 58, -3, 49, -21, 35, -39, 24, -59, 9, -81, -8, -99, -23, -113, -35, -122, -43, -128, -48, -128, -53, -128, -57, -126, -56, -117, -50, -103, -43, -85, -32, -65, -16, -46, 0, -28, 19, -12, 45, 0, 74, 13, 91, 22]",esp32_2
CSI_DATA,216401,2025-07-23 16:48:49.110,0,lie_down,00:00:00:00:00:00,-62,11,0,0,0,0,0,0,0,0,0,-97,0,1,0,2716593187,0,14,0,0,0,104,0,"[0, 0, -27, -67, -47, -40, -72, -15, -95, 5, -116, 19, -128, 28, -128, 34, -128, 37, -128, 34, -128, 29, -128, 27, -128, 22, -128, 15, -128, 9, -128, 7, -128, 7, -128, 8, -128, 13, -128, 19, -127, 26, -122, 31, -118, 34, -116, 36, -117, 38, -119, 36, 37, -75, 46, -80, 56, -84, 65, -86, 77, -87, 84, -85, 84, -79, 81, -75, 72, -71, 59, -70, 41, -76, 24, -85, 8, -94, -7, -111, -20, -128, -30, -128, -33, -128, -33, -128, -30, -128, -23, -128, -13, -128, -4, -128, 4, -128, 9, -128, 12, -128, 12, -128]",esp32_1
CSI_DATA,115656,2025-07-23 16:48:49.113,0,lie_down,00:00:00:00:00:00,-73,11,0,0,0,0,0,0,0,0,0,-97,0,1,0,1336962426,0,14,0,0,0,104,0,"[0, 0, 127, 127, 127, 127, 127, 127, 127, 127, 127, 127, 127, 127, 127, 127, 127, 127, 111, 119, 66, 102, 22, 89, -28, 78, -83, 62, -128, 52, -128, 39, -128, 23, -128, 11, -128, -3, -128, -12, -128, -14, -128, -15, -128, -12, -128, -8, -128, 6, -128, 23, 111, 106, 106, 100, 95, 87, 90, 63, 92, 34, 88, 3, 80, -34, 75, -71, 66, -102, 56, -128, 52, -128, 48, -128, 42, -128, 36, -128, 28, -128, 14, -128, 6, -128, 6, -128, 3, -128, 1, -120, 7, -83, 21, -43, 36, -3, 52, 35, 80, 75, 108, 106]",esp32_2
CSI_DATA,216402,2025-07-23 16:48:49.135,0,lie_down,00:00:00:00:00:00,-62,11,0,0,0,0,0,0,0,0,0,-97,0,1,0,2716621086,0,14,0,0,0,104,0,"[0, 0, 39, 70, 55, 32, 78, 1, 102, -22, 123, -41, 127, -61, 127, -75, 127, -80, 127, -79, 127, -75, 127, -69, 127, -63, 127, -58, 127, -53, 127, -49, 127, -48, 127, -49, 127, -52, 127, -56, 127, -62, 119, -68, 115, -72, 113, -75, 113, -77, 114, -78, -34, 87, -41, 94, -53, 100, -67, 104, -80, 106, -88, 103, -91, 97, -89, 90, -80, 83, -65, 79, -47, 83, -26, 90, -4, 97, 19, 112, 39, 127, 54, 127, 63, 127, 68, 127, 68, 127, 63, 127, 57, 127, 46, 127, 34, 127, 24, 127, 14, 127, 8, 127]",esp32_1
CSI_DATA,115657,2025-07-23 16:48:49.135,0,lie_down,00:00:00:00:00:00,-73,11,0,0,0,0,0,0,0,0,0,-97,0,1,0,1336969627,0,14,0,0,0,104,0,"[0, 0, -49, 127, -46, 127, -52, 127, -50, 127, -41, 127, -39, 127, -44, 127, -46, 127, -51, 127, -60, 105, -68, 58, -79, 9, -89, -41, -101, -86, -115, -128, -119, -128, -119, -128, -120, -128, -119, -128, -114, -128, -105, -128, -97, -128, -90, -128, -82, -123, -78, -94, -61, 127, -54, 121, -42, 111, -23, 100, 0, 88, 19, 71, 43, 52, 77, 34, 111, 16, 127, 1, 127, -14, 127, -27, 127, -37, 127, -46, 127, -53, 127, -60, 127, -65, 127, -67, 127, -60, 97, -41, 67, -17, 40, 8, 9, 31, -23, 63, -40, 105, -40, 127]",esp32_2
CSI_DATA,216403,2025-07-23 16:48:49.165,0,lie_down,00:00:00:00:00:00,-61,11,0,0,0,0,0,0,0,0,0,-97,0,1,0,2716655305,0,14,0,0,0,104,0,"[0, 0, -43, 55, -9, 59, 21, 66, 47, 80, 68, 94, 85, 105, 98, 118, 108, 127, 111, 127, 110, 127, 108, 127, 105, 127, 99, 127, 91, 127, 84, 127, 79, 127, 74, 118, 72, 106, 75, 96, 77, 87, 80, 80, 83, 77, 84, 77, 84, 78, 84, 79, -78, 10, -88, 5, -100, -3, -109, -12, -113, -20, -110, -26, -103, -31, -96, -33, -89, -29, -84, -20, -77, -5, -73, 13, -77, 32, -85, 54, -92, 76, -101, 94, -115, 111, -128, 122, -128, 125, -128, 125, -128, 122, -128, 115, -128, 106, -128, 94, -128, 80, -128, 68]",esp32_1
CSI_DATA,216404,2025-07-23 16:48:49.191,0,lie_down,00:00:00:00:00:00,-62,11,0,0,0,0,0,0,0,0,0,-97,0,1,0,2716680046,0,14,0,0,0,104,0,"[0, 0, 64, 17, 53, -17, 52, -50, 52, -82, 54, -110, 57, -128, 66, -128, 77, -128, 86, -128, 94, -128, 101, -128, 105, -128, 106, -128, 105, -128, 99, -128, 89, -128, 79, -127, 68, -121, 57, -119, 45, -117, 35, -116, 29, -116, 28, -116, 30, -118, 33, -119, 32, 73, 32, 85, 30, 98, 26, 107, 19, 115, 9, 121, 0, 121, -3, 115, 0, 104, 8, 92, 19, 81, 35, 71, 59, 63, 83, 59, 105, 59, 124, 66, 127, 77, 127, 88, 127, 97, 127, 109, 127, 119, 127, 127, 127, 127, 127, 127, 127, 121, 123, 110]",esp32_1
CSI_DATA,216405,2025-07-23 16:48:49.219,0,lie_down,00:00:00:00:00:00,-62,11,0,0,0,0,0,0,0,0,0,-97,0,1,0,2716705630,0,14,0,0,0,104,0,"[0, 0, -41, 68, 0, 67, 39, 70, 72, 81, 100, 92, 125, 103, 127, 115, 127, 127, 127, 127, 127, 127, 127, 127, 127, 127, 127, 127, 127, 127, 127, 127, 122, 127, 114, 115, 111, 101, 112, 87, 112, 76, 114, 68, 117, 62, 117, 60, 117, 62, 118, 64, -89, 20, -102, 14, -117, 3, -128, -7, -128, -16, -128, -24, -127, -28, -119, -29, -110, -26, -100, -16, -91, 2, -85, 24, -85, 47, -89, 72, -95, 99, -104, 124, -120, 127, -128, 127, -128, 127, -128, 127, -128, 127, -128, 127, -128, 127, -128, 127, -128, 121, -128, 105]",esp32_1
CSI_DATA,115659,2025-07-23 16:48:49.223,0,lie_down,00:00:00:00:00:00,-73,11,0,0,0,0,0,0,0,0,0,-97,0,1,0,1336989583,0,14,0,0,0,104,0,"[0, 0, 115, 87, 127, 90, 127, 91, 127, 89, 127, 83, 127, 77, 116, 73, 99, 69, 76, 65, 52, 61, 25, 56, -7, 53, -40, 51, -72, 50, -97, 50, -116, 50, -128, 46, -128, 43, -128, 42, -128, 40, -128, 37, -118, 35, -102, 37, -85, 38, -68, 36, 35, 78, 37, 73, 39, 62, 40, 49, 40, 34, 41, 16, 43, -4, 46, -28, 46, -52, 46, -73, 45, -94, 41, -107, 40, -116, 37, -124, 31, -125, 24, -121, 20, -113, 14, -101, 11, -87, 12, -71, 15, -50, 20, -26, 29, -2, 40, 19, 54, 39, 65, 54]",esp32_2
CSI_DATA,216406,2025-07-23 16:48:49.240,0,lie_down,00:00:00:00:00:00,-62,11,0,0,0,0,0,0,0,0,0,-97,0,1,0,2716743040,0,14,0,0,0,104,0,"[0, 0, 38, 67, 59, 32, 89, 4, 118, -19, 127, -36, 127, -50, 127, -58, 127, -63, 127, -64, 127, -59, 127, -52, 127, -44, 127, -34, 127, -27, 127, -23, 127, -21, 127, -25, 127, -32, 127, -38, 127, -44, 127, -50, 127, -56, 127, -61, 127, -62, 127, -61, -27, 100, -36, 107, -50, 111, -65, 116, -78, 120, -86, 118, -90, 111, -88, 102, -78, 94, -61, 90, -40, 92, -18, 97, 5, 106, 26, 124, 45, 127, 60, 127, 70, 127, 76, 127, 75, 127, 66, 127, 54, 127, 42, 127, 33, 127, 25, 127, 18, 127, 14, 127]",esp32_1
CSI_DATA,216407,2025-07-23 16:48:49.285,0,lie_down,00:00:00:00:00:00,-61,11,0,0,0,0,0,0,0,0,0,-97,0,1,0,2716764825,0,14,0,0,0,104,0,"[0, 0, -56, 45, -26, 60, 1, 76, 21, 99, 36, 120, 48, 127, 57, 127, 60, 127, 60, 127, 57, 127, 53, 127, 47, 127, 40, 127, 34, 127, 29, 127, 28, 127, 29, 127, 30, 127, 35, 118, 43, 110, 50, 104, 55, 100, 56, 99, 54, 101, 50, 101, -79, -12, -89, -20, -100, -31, -106, -43, -107, -54, -101, -60, -93, -63, -83, -62, -78, -56, -76, -45, -74, -27, -75, -8, -85, 12, -100, 31, -114, 49, -127, 64, -128, 75, -128, 81, -128, 81, -128, 75, -128, 66, -128, 57, -128, 49, -128, 42, -128, 33, -128, 26]",esp32_1
CSI_DATA,115661,2025-07-23 16:48:49.290,0,lie_down,00:00:00:00:00:00,-73,11,0,0,0,0,0,0,0,0,0,-97,0,1,0,1337010273,0,14,0,0,0,104,0,"[0, 0, 127, -118, 127, -128, 127, -128, 127, -128, 127, -128, 127, -128, 127, -128, 127, -109, 127, -83, 125, -43, 105, 3, 81, 49, 51, 93, 25, 127, 5, 127, -11, 127, -26, 127, -39, 127, -49, 127, -49, 127, -41, 127, -35, 127, -26, 127, -12, 127, 1, 126, 127, -14, 127, -17, 118, -22, 99, -32, 78, -47, 53, -60, 22, -69, -12, -84, -46, -100, -82, -114, -111, -127, -128, -128, -128, -128, -128, -128, -128, -128, -128, -117, -128, -105, -128, -93, -125, -82, -90, -68, -54, -54, -22, -48, 15, -48, 59, -52, 97, -62, 121, -71]",esp32_2
CSI_DATA,216408,2025-07-23 16:48:49.315,0,lie_down,00:00:00:00:00:00,-61,11,0,0,0,0,0,0,0,0,0,-97,0,1,0,2716802790,0,14,0,0,0,104,0,"[0, 0, 19, 77, 47, 59, 76, 46, 99, 38, 121, 34, 127, 33, 127, 36, 127, 40, 127, 45, 127, 52, 127, 58, 127, 63, 127, 66, 127, 65, 127, 62, 127, 56, 127, 48, 125, 38, 121, 28, 118, 19, 115, 14, 114, 10, 114, 9, 115, 10, 115, 12, -42, 75, -52, 77, -66, 78, -80, 78, -91, 77, -97, 73, -98, 65, -94, 58, -85, 53, -71, 53, -54, 60, -37, 69, -25, 80, -14, 98, -4, 121, 3, 127, 4, 127, 0, 127, -7, 127, -18, 127, -28, 127, -38, 127, -46, 127, -48, 127, -45, 127, -40, 127]",esp32_1
CSI_DATA,115662,2025-07-23 16:48:49.322,0,lie_down,00:00:00:00:00:00,-72,11,0,0,0,0,0,0,0,0,0,-97,0,1,0,1337019586,0,14,0,0,0,104,0,"[0, 0, -128, -84, -128, -81, -128, -80, -128, -77, -128, -69, -128, -60, -128, -61, -128, -64, -128, -68, -114, -74, -69, -81, -20, -93, 36, -103, 90, -110, 127, -118, 127, -126, 127, -128, 127, -128, 127, -128, 127, -120, 127, -109, 127, -100, 127, -90, 121, -85, 94, -84, -119, -95, -117, -88, -110, -72, -97, -51, -85, -26, -75, 4, -65, 36, -57, 71, -44, 107, -27, 127, -14, 127, 0, 127, 12, 127, 19, 127, 30, 127, 40, 127, 40, 127, 39, 127, 32, 127, 17, 114, 2, 79, -17, 46, -38, 13, -62, -15, -101, -40, -128, -61]",esp32_2
CSI_DATA,216409,2025-07-23 16:48:49.348,0,lie_down,00:00:00:00:00:00,-61,11,0,0,0,0,0,0,0,0,0,-97,0,1,0,2716847958,0,14,0,0,0,104,0,"[0, 0, 3, 79, 34, 67, 66, 58, 95, 57, 121, 56, 127, 56, 127, 61, 127, 68, 127, 78, 127, 92, 127, 103, 127, 105, 127, 101, 127, 93, 127, 83, 127, 71, 123, 58, 118, 44, 115, 29, 115, 18, 114, 14, 111, 15, 111, 19, 115, 23, 118, 24, -67, 51, -81, 54, -94, 51, -106, 46, -116, 40, -121, 36, -117, 32, -109, 28, -99, 25, -87, 23, -73, 30, -60, 43, -50, 60, -42, 86, -35, 114, -33, 127, -38, 127, -47, 127, -55, 127, -61, 127, -70, 127, -80, 127, -91, 127, -100, 127, -95, 127, -84, 127]",esp32_1
CSI_DATA,115663,2025-07-23 16:48:49.350,0,lie_down,00:00:00:00:00:00,-73,11,0,0,0,0,0,0,0,0,0,-97,0,1,0,1337029585,0,14,0,0,0,104,0,"[0, 0, -97, -128, -114, -128, -117, -128, -119, -128, -116, -128, -106, -128, -95, -128, -77, -128, -48, -128, -16, -121, 18, -88, 58, -51, 101, -18, 127, 11, 127, 37, 127, 63, 127, 85, 127, 101, 127, 112, 127, 116, 127, 112, 127, 97, 127, 72, 127, 49, 124, 33, -50, -128, -50, -128, -53, -115, -57, -97, -61, -71, -70, -41, -79, -7, -91, 32, -105, 67, -113, 95, -119, 124, -122, 127, -121, 127, -117, 127, -110, 127, -98, 127, -90, 127, -81, 127, -68, 122, -55, 91, -45, 61, -41, 27, -37, -11, -34, -51, -44, -97, -58, -128]",esp32_2
CSI_DATA,216410,2025-07-23 16:48:49.379,0,lie_down,00:00:00:00:00:00,-61,11,0,0,0,0,0,0,0,0,0,-97,0,1,0,2717459401,0,14,0,0,0,104,0,"[0, 0, 20, -69, -20, -49, -61, -31, -98, -21, -128, -15, -128, -13, -128, -15, -128, -22, -128, -32, -128, -44, -128, -55, -128, -64, -128, -70, -128, -74, -128, -71, -128, -62, -128, -50, -128, -36, -128, -20, -128, -3, -128, 10, -128, 22, -128, 29, -128, 31, -128, 29, 85, -34, 99, -32, 114, -26, 127, -20, 127, -14, 127, -7, 127, -1, 127, 3, 119, 1, 107, -10, 93, -28, 81, -48, 75, -69, 72, -95, 69, -124, 70, -128, 78, -128, 91, -128, 103, -128, 115, -128, 125, -128, 127, -128, 127, -128, 127, -128, 124, -128, 116, -128]",esp32_1
CSI_DATA,216411,2025-07-23 16:48:49.412,0,lie_down,00:00:00:00:00:00,-61,11,0,0,0,0,0,0,0,0,0,-97,0,1,0,2717468839,0,14,0,0,0,104,0,"[0, 0, 16, -55, -15, -36, -47, -22, -78, -14, -107, -9, -128, -6, -128, -7, -128, -11, -128, -19, -128, -28, -128, -36, -128, -44, -128, -51, -128, -54, -128, -52, -128, -46, -128, -37, -120, -25, -111, -11, -104, 2, -102, 11, -102, 20, -103, 27, -106, 31, -109, 32, 68, -27, 79, -24, 90, -18, 100, -13, 109, -7, 111, -1, 108, 3, 104, 4, 97, 2, 88, -6, 78, -20, 67, -35, 60, -51, 57, -72, 55, -96, 55, -120, 61, -128, 71, -128, 80, -128, 90, -128, 98, -128, 105, -128, 109, -128, 108, -128, 101, -128, 94, -128]",esp32_1
CSI_DATA,115665,2025-07-23 16:48:49.432,0,lie_down,00:00:00:00:00:00,-73,11,0,0,0,0,0,0,0,0,0,-97,0,1,0,1337049586,0,14,0,0,0,104,0,"[0, 0, 127, -73, 127, -93, 127, -107, 127, -116, 127, -111, 127, -99, 127, -84, 127, -63, 127, -39, 127, -12, 103, 23, 70, 66, 39, 110, 9, 127, -22, 127, -52, 127, -69, 127, -82, 127, -94, 127, -96, 127, -87, 127, -78, 127, -66, 127, -40, 127, -16, 127, 127, 9, 127, 1, 127, -10, 108, -25, 92, -43, 77, -57, 49, -76, 14, -106, -18, -124, -55, -128, -88, -128, -111, -128, -128, -128, -128, -128, -128, -128, -128, -128, -128, -128, -128, -117, -103, -95, -71, -79, -41, -77, -4, -70, 32, -49, 67, -36, 107, -35, 127, -39]",esp32_2
CSI_DATA,216412,2025-07-23 16:48:49.437,0,lie_down,00:00:00:00:00:00,-61,11,0,0,0,0,0,0,0,0,0,-97,0,1,0,2717478798,0,14,0,0,0,104,0,"[0, 0, -56, 2, -28, 24, -5, 50, 17, 78, 33, 104, 46, 127, 53, 127, 56, 127, 54, 127, 49, 127, 42, 127, 34, 127, 24, 127, 16, 127, 12, 127, 12, 127, 13, 127, 19, 119, 29, 105, 39, 93, 49, 85, 60, 81, 66, 80, 69, 82, 69, 86, -41, -57, -43, -69, -46, -84, -47, -95, -43, -104, -35, -108, -28, -109, -23, -105, -24, -96, -30, -83, -37, -71, -48, -57, -67, -43, -90, -33, -110, -25, -127, -19, -128, -17, -128, -18, -128, -22, -128, -27, -128, -34, -128, -40, -128, -44, -128, -45, -128, -45, -128, -45]",esp32_1
CSI_DATA,115666,2025-07-23 16:48:49.459,0,lie_down,00:00:00:00:00:00,-73,11,0,0,0,0,0,0,0,0,0,-97,0,1,0,1337065003,0,14,0,0,0,104,0,"[0, 0, 15, 127, 25, 127, 31, 127, 38, 127, 41, 127, 39, 127, 34, 127, 22, 127, 2, 127, -18, 127, -43, 96, -79, 59, -115, 23, -128, -21, -128, -62, -128, -91, -128, -112, -128, -128, -128, -128, -128, -128, -128, -128, -128, -113, -128, -90, -128, -63, -120, -41, -81, 127, -75, 120, -63, 115, -41, 107, -11, 92, 20, 71, 53, 49, 85, 29, 113, 11, 127, -7, 127, -25, 127, -39, 127, -50, 127, -65, 127, -77, 127, -79, 127, -80, 127, -81, 127, -74, 103, -51, 77, -21, 57, 13, 36, 52, 17, 86, 8, 122, 7, 127]",esp32_2
CSI_DATA,216413,2025-07-23 16:48:49.465,0,lie_down,00:00:00:00:00:00,-62,11,0,0,0,0,0,0,0,0,0,-97,0,1,0,2717488824,0,14,0,0,0,104,0,"[0, 0, 51, 6, 27, -20, 9, -48, -8, -78, -22, -106, -31, -128, -33, -128, -32, -128, -29, -128, -26, -128, -21, -128, -13, -128, -2, -128, 6, -128, 8, -128, 6, -128, 3, -128, -4, -120, -13, -107, -25, -97, -38, -89, -49, -85, -56, -85, -59, -90, -61, -93, 33, 61, 34, 72, 36, 84, 34, 95, 29, 104, 20, 110, 12, 110, 10, 107, 13, 100, 19, 88, 26, 76, 39, 62, 58, 50, 79, 40, 98, 34, 116, 31, 127, 31, 127, 34, 127, 38, 127, 46, 127, 54, 127, 61, 127, 65, 127, 65, 127, 63, 127, 62]",esp32_1
CSI_DATA,115667,2025-07-23 16:48:49.485,0,lie_down,00:00:00:00:00:00,-73,11,0,0,0,0,0,0,0,0,0,-97,0,1,0,1337069587,0,14,0,0,0,104,0,"[0, 0, -128, 127, -128, 127, -128, 127, -128, 127, -128, 127, -128, 127, -128, 127, -128, 126, -125, 90, -113, 50, -98, 5, -77, -39, -56, -83, -38, -128, -20, -128, -1, -128, 13, -128, 23, -128, 33, -128, 38, -128, 35, -128, 29, -128, 22, -128, 10, -128, -5, -128, -128, 65, -126, 66, -108, 65, -86, 64, -62, 68, -34, 74, 2, 79, 38, 81, 75, 85, 113, 92, 127, 95, 127, 95, 127, 93, 127, 84, 127, 76, 127, 69, 127, 58, 127, 49, 127, 46, 107, 41, 69, 35, 27, 37, -15, 42, -51, 50, -80, 67, -101, 83]",esp32_2
CSI_DATA,115668,2025-07-23 16:48:49.512,0,lie_down,00:00:00:00:00:00,-73,11,0,0,0,0,0,0,0,0,0,-97,0,1,0,1337079626,0,14,0,0,0,104,0,"[0, 0, -88, -128, -102, -128, -109, -128, -118, -128, -117, -128, -107, -128, -97, -128, -77, -128, -46, -128, -17, -128, 14, -105, 53, -72, 95, -33, 127, 2, 127, 31, 127, 56, 127, 80, 127, 99, 127, 106, 127, 105, 127, 102, 127, 92, 127, 71, 127, 45, 122, 28, -19, -128, -21, -128, -25, -128, -33, -110, -48, -84, -62, -52, -75, -20, -91, 12, -107, 44, -118, 73, -128, 106, -128, 127, -128, 127, -128, 127, -128, 127, -128, 127, -127, 127, -106, 127, -80, 119, -66, 93, -55, 61, -43, 22, -33, -21, -26, -61, -30, -102, -45, -128]",esp32_2
CSI_DATA,216415,2025-07-23 16:48:49.547,0,lie_down,00:00:00:00:00:00,-62,11,0,0,0,0,0,0,0,0,0,-97,0,1,0,2717508893,0,14,0,0,0,104,0,"[0, 0, -45, -24, -24, 9, -8, 44, 5, 79, 13, 113, 17, 127, 15, 127, 9, 127, 3, 127, -3, 127, -9, 127, -16, 127, -24, 127, -31, 127, -31, 127, -26, 127, -21, 127, -12, 124, 1, 111, 16, 100, 32, 93, 45, 90, 54, 90, 58, 95, 59, 99, -10, -77, -5, -88, -1, -101, 5, -113, 14, -120, 24, -120, 32, -118, 33, -114, 28, -107, 18, -97, 6, -88, -10, -79, -33, -71, -59, -67, -83, -68, -103, -71, -125, -78, -128, -86, -128, -93, -128, -102, -128, -111, -128, -118, -128, -122, -128, -118, -128, -110, -125, -104]",esp32_1
CSI_DATA,115669,2025-07-23 16:48:49.547,0,lie_down,00:00:00:00:00:00,-73,11,0,0,0,0,0,0,0,0,0,-97,0,1,0,1337089611,0,14,0,0,0,104,0,"[0, 0, 127, 17, 127, 11, 127, 7, 127, 5, 127, 4, 127, 5, 127, 3, 127, 3, 110, 13, 84, 27, 54, 41, 21, 55, -11, 69, -45, 84, -74, 98, -98, 110, -119, 114, -128, 112, -128, 112, -128, 110, -126, 104, -113, 97, -92, 88, -70, 78, -50, 71, 89, 39, 87, 36, 81, 29, 71, 15, 60, -1, 50, -17, 38, -37, 26, -59, 11, -80, -9, -96, -23, -113, -32, -126, -42, -128, -49, -128, -55, -128, -59, -128, -57, -118, -54, -106, -49, -92, -37, -76, -17, -57, 4, -40, 21, -24, 41, -10, 68, 1, 93, 7]",esp32_2
CSI_DATA,216416,2025-07-23 16:48:49.569,0,lie_down,00:00:00:00:00:00,-62,11,0,0,0,0,0,0,0,0,0,-97,0,1,0,2717520213,0,14,0,0,0,104,0,"[0, 0, 41, 24, 21, -10, 7, -45, -5, -81, -13, -114, -17, -128, -17, -128, -12, -128, -5, -128, 1, -128, 9, -128, 18, -128, 26, -128, 30, -128, 31, -128, 28, -128, 22, -128, 11, -127, -3, -113, -18, -102, -33, -96, -45, -92, -53, -91, -58, -96, -60, -99, 6, 76, 1, 87, -3, 98, -4, 104, -14, 111, -29, 117, -37, 118, -38, 115, -34, 109, -26, 99, -14, 90, 5, 80, 28, 72, 52, 69, 75, 69, 96, 72, 117, 79, 127, 88, 127, 96, 127, 104, 127, 113, 127, 121, 127, 125, 127, 122, 127, 114, 122, 105]",esp32_1
CSI_DATA,115670,2025-07-23 16:48:49.576,0,lie_down,00:00:00:00:00:00,-73,11,0,0,0,0,0,0,0,0,0,-97,0,1,0,1337099636,0,14,0,0,0,104,0,"[0, 0, -128, -26, -128, -25, -128, -21, -128, -15, -128, -14, -128, -17, -128, -19, -128, -20, -128, -26, -114, -40, -68, -60, -22, -82, 23, -101, 71, -114, 115, -127, 127, -128, 127, -128, 127, -128, 127, -128, 127, -128, 127, -128, 127, -120, 127, -107, 118, -97, 90, -92, -128, -39, -128, -34, -127, -24, -110, -8, -92, 13, -75, 38, -54, 64, -31, 92, -9, 122, 17, 127, 41, 127, 58, 127, 72, 127, 84, 127, 89, 127, 92, 127, 94, 127, 89, 127, 74, 126, 54, 100, 29, 71, -4, 46, -33, 21, -60, 0, -95, -16, -127, -25]",esp32_2
CSI_DATA,216417,2025-07-23 16:48:49.607,0,lie_down,00:00:00:00:00:00,-62,11,0,0,0,0,0,0,0,0,0,-97,0,1,0,2717528797,0,14,0,0,0,104,0,"[0, 0, -44, -24, -24, 9, -9, 43, 4, 79, 11, 113, 14, 127, 12, 127, 6, 127, -2, 127, -12, 127, -21, 127, -28, 127, -34, 127, -39, 127, -41, 127, -37, 127, -29, 127, -20, 125, -7, 111, 8, 100, 25, 93, 38, 90, 46, 92, 50, 98, 50, 102, -6, -74, -4, -87, 0, -102, 7, -112, 17, -119, 27, -122, 32, -121, 35, -118, 33, -111, 23, -101, 12, -91, -3, -82, -25, -74, -50, -70, -73, -70, -93, -74, -115, -81, -128, -89, -128, -95, -128, -103, -128, -113, -128, -121, -128, -125, -128, -121, -128, -114, -121, -108]",esp32_1
CSI_DATA,115671,2025-07-23 16:48:49.610,0,lie_down,00:00:00:00:00:00,-73,11,0,0,0,0,0,0,0,0,0,-97,0,1,0,1337125515,0,14,0,0,0,104,0,"[0, 0, -128, -95, -128, -90, -128, -90, -128, -86, -128, -79, -128, -75, -128, -70, -128, -68, -128, -73, -122, -81, -71, -94, -20, -107, 34, -117, 92, -128, 127, -128, 127, -128, 127, -128, 127, -128, 127, -128, 127, -128, 127, -128, 127, -125, 127, -112, 119, -100, 93, -93, -102, -126, -98, -121, -95, -105, -94, -81, -92, -50, -89, -17, -82, 20, -76, 62, -69, 104, -61, 127, -48, 127, -33, 127, -23, 127, -16, 127, -10, 127, -3, 127, 6, 127, 8, 127, 4, 127, -6, 127, -16, 94, -28, 58, -51, 20, -81, -8, -117, -36, -128, -61]",esp32_2
CSI_DATA,216418,2025-07-23 16:48:49.634,0,lie_down,00:00:00:00:00:00,-62,11,0,0,0,0,0,0,0,0,0,-97,0,1,0,2717538802,0,14,0,0,0,104,0,"[0, 0, 44, 26, 26, -9, 14, -45, 5, -80, -1, -112, -3, -128, 0, -128, 8, -128, 18, -128, 28, -128, 36, -128, 44, -128, 52, -128, 57, -128, 55, -128, 50, -128, 43, -128, 31, -126, 18, -115, 3, -106, -14, -100, -26, -97, -34, -98, -37, -102, -38, -106, 9, 72, 7, 84, 4, 98, -1, 109, -10, 118, -19, 122, -25, 122, -29, 118, -28, 110, -21, 101, -10, 93, 5, 85, 26, 76, 48, 71, 70, 70, 91, 74, 112, 81, 127, 88, 127, 95, 127, 105, 127, 114, 127, 120, 127, 125, 127, 124, 127, 117, 118, 109]",esp32_1
CSI_DATA,216419,2025-07-23 16:48:49.664,0,lie_down,00:00:00:00:00:00,-62,11,0,0,0,0,0,0,0,0,0,-97,0,1,0,2717548833,0,14,0,0,0,104,0,"[0, 0, -30, 48, 4, 31, 41, 17, 76, 11, 107, 10, 127, 9, 127, 10, 127, 16, 127, 25, 127, 35, 127, 45, 127, 53, 127, 60, 127, 64, 127, 63, 127, 60, 127, 51, 123, 36, 113, 21, 106, 6, 103, -7, 101, -18, 101, -26, 105, -30, 108, -31, -76, 11, -87, 6, -101, -1, -112, -10, -121, -17, -123, -22, -119, -28, -115, -34, -111, -34, -105, -27, -94, -13, -84, 3, -82, 20, -80, 41, -79, 65, -80, 89, -88, 112, -98, 127, -106, 127, -116, 127, -124, 127, -128, 127, -128, 127, -128, 127, -121, 127, -111, 111]",esp32_1
CSI_DATA,115673,2025-07-23 16:48:49.684,0,lie_down,00:00:00:00:00:00,-72,11,0,0,0,0,0,0,0,0,0,-97,0,1,0,1337188821,0,14,0,0,0,104,0,"[0, 0, -128, 65, -128, 72, -128, 81, -128, 91, -128, 88, -128, 83, -128, 77, -128, 61, -128, 37, -128, 7, -100, -31, -66, -65, -32, -102, 1, -128, 28, -128, 50, -128, 69, -128, 84, -128, 90, -128, 92, -128, 89, -128, 76, -128, 58, -128, 36, -128, 17, -126, -128, -47, -128, -45, -128, -34, -115, -15, -96, 5, -77, 29, -55, 57, -30, 86, -3, 112, 25, 127, 53, 127, 78, 127, 97, 127, 110, 127, 121, 127, 127, 127, 124, 127, 112, 127, 93, 124, 70, 103, 43, 81, 12, 61, -21, 44, -55, 36, -98, 36, -128, 37]",esp32_2
CSI_DATA,216420,2025-07-23 16:48:49.696,0,lie_down,00:00:00:00:00:00,-62,11,0,0,0,0,0,0,0,0,0,-97,0,1,0,2717563678,0,14,0,0,0,104,0,"[0, 0, -17, 55, 14, 31, 47, 10, 78, -5, 106, -14, 127, -19, 127, -23, 127, -24, 127, -18, 127, -8, 127, 3, 127, 13, 127, 20, 127, 25, 127, 28, 127, 29, 127, 24, 127, 14, 123, 2, 112, -11, 106, -23, 105, -32, 104, -38, 106, -42, 107, -44, -67, 39, -79, 39, -93, 35, -105, 31, -116, 26, -121, 22, -120, 17, -117, 13, -111, 13, -103, 17, -90, 27, -77, 40, -70, 52, -64, 70, -58, 93, -54, 118, -56, 127, -60, 127, -64, 127, -71, 127, -78, 127, -84, 127, -90, 127, -91, 127, -86, 127, -80, 127]",esp32_1
CSI_DATA,115674,2025-07-23 16:48:49.705,0,lie_down,00:00:00:00:00:00,-73,11,0,0,0,0,0,0,0,0,0,-97,0,1,0,1337234619,0,14,0,0,0,104,0,"[0, 0, 127, -4, 127, -9, 127, -12, 127, -18, 127, -20, 127, -17, 127, -18, 127, -13, 112, 2, 84, 19, 60, 34, 41, 53, 18, 77, -6, 99, -25, 115, -44, 127, -61, 127, -69, 127, -73, 127, -73, 127, -70, 127, -62, 120, -45, 106, -25, 86, -8, 73, 54, 74, 55, 72, 55, 62, 55, 49, 52, 33, 48, 11, 45, -13, 42, -37, 37, -60, 32, -80, 23, -96, 14, -114, 10, -128, 5, -128, -4, -128, -13, -128, -13, -124, -12, -109, -15, -90, -13, -74, -5, -62, 10, -44, 30, -20, 52, -4, 73, 2, 88, 8]",esp32_2
CSI_DATA,115675,2025-07-23 16:48:49.728,0,lie_down,00:00:00:00:00:00,-74,11,0,0,0,0,0,0,0,0,0,-97,0,1,0,1337260565,0,14,0,0,0,104,0,"[0, 0, 127, 122, 127, 127, 127, 127, 127, 127, 127, 125, 127, 118, 127, 110, 127, 104, 127, 99, 95, 98, 52, 94, 1, 99, -50, 117, -97, 120, -128, 110, -128, 112, -128, 115, -128, 112, -128, 111, -128, 109, -128, 100, -128, 93, -128, 89, -110, 89, -86, 89, 11, 127, 16, 127, 25, 127, 36, 117, 54, 90, 69, 61, 77, 31, 90, 3, 103, -30, 109, -72, 112, -110, 116, -128, 123, -128, 118, -128, 108, -128, 106, -128, 97, -128, 83, -128, 77, -126, 74, -92, 68, -64, 58, -35, 63, -1, 85, 32, 109, 65, 126, 93]",esp32_2
CSI_DATA,115676,2025-07-23 16:48:49.747,0,lie_down,00:00:00:00:00:00,-72,11,0,0,0,0,0,0,0,0,0,-97,0,1,0,1337295308,0,14,0,0,0,104,0,"[0, 0, 71, 127, 87, 127, 97, 127, 102, 127, 102, 127, 96, 127, 85, 127, 67, 127, 42, 127, 9, 127, -30, 99, -71, 69, -114, 35, -128, 0, -128, -26, -128, -51, -128, -77, -128, -94, -128, -102, -128, -106, -128, -105, -128, -90, -128, -66, -128, -43, -128, -25, -22, 127, -16, 127, -7, 126, 7, 106, 24, 83, 44, 59, 68, 32, 93, 3, 117, -23, 127, -49, 127, -74, 127, -95, 127, -109, 127, -117, 127, -127, 127, -128, 127, -128, 123, -121, 98, -106, 77, -79, 65, -50, 53, -16, 46, 23, 41, 59, 41, 95, 48, 121]",esp32_2
CSI_DATA,115677,2025-07-23 16:48:49.768,0,lie_down,00:00:00:00:00:00,-73,11,0,0,0,0,0,0,0,0,0,-97,0,1,0,1337319762,0,14,0,0,0,104,0,"[0, 0, 127, 32, 127, 30, 127, 24, 127, 22, 127, 20, 127, 20, 127, 23, 120, 24, 101, 25, 83, 30, 56, 42, 25, 59, -2, 75, -28, 94, -55, 109, -75, 115, -88, 117, -96, 119, -101, 120, -102, 119, -95, 112, -81, 104, -62, 95, -41, 84, -26, 72, 40, 86, 42, 80, 42, 67, 43, 49, 46, 33, 48, 19, 53, 0, 60, -23, 59, -45, 51, -68, 44, -83, 37, -93, 27, -103, 21, -110, 20, -113, 17, -113, 8, -105, 3, -94, 6, -80, 10, -61, 14, -43, 21, -28, 30, -18, 47, -5, 70, 15, 83, 26]",esp32_2
CSI_DATA,216422,2025-07-23 16:48:49.795,0,lie_down,00:00:00:00:00:00,-61,11,0,0,0,0,0,0,0,0,0,-97,0,1,0,2717578792,0,14,0,0,0,104,0,"[0, 0, -20, 57, 10, 39, 43, 23, 73, 13, 102, 7, 127, 4, 127, 4, 127, 8, 127, 18, 127, 31, 127, 43, 127, 50, 127, 55, 127, 57, 127, 55, 127, 52, 127, 45, 126, 34, 117, 19, 110, 5, 107, -4, 108, -11, 108, -16, 110, -19, 112, -18, -64, 35, -77, 34, -91, 30, -104, 25, -115, 22, -120, 18, -120, 13, -116, 9, -111, 6, -104, 8, -93, 17, -83, 29, -76, 42, -71, 60, -65, 84, -62, 109, -65, 127, -71, 127, -78, 127, -85, 127, -91, 127, -98, 127, -104, 127, -104, 127, -98, 127, -92, 127]",esp32_1
CSI_DATA,115678,2025-07-23 16:48:49.795,0,lie_down,00:00:00:00:00:00,-73,11,0,0,0,0,0,0,0,0,0,-97,0,1,0,1337345230,0,14,0,0,0,104,0,"[0, 0, -128, -128, -128, -128, -128, -128, -128, -128, -128, -128, -128, -125, -128, -119, -128, -114, -128, -112, -101, -111, -51, -114, 4, -120, 62, -119, 119, -118, 127, -121, 127, -124, 127, -123, 127, -117, 127, -114, 127, -109, 127, -102, 127, -95, 127, -91, 127, -89, 106, -86, -40, -128, -43, -128, -45, -128, -52, -111, -67, -80, -82, -44, -90, -8, -100, 26, -105, 60, -102, 94, -98, 126, -91, 127, -85, 127, -82, 127, -71, 127, -58, 127, -50, 127, -40, 127, -31, 127, -27, 109, -25, 79, -27, 48, -37, 10, -54, -27, -81, -66, -101, -96]",esp32_2
CSI_DATA,115679,2025-07-23 16:48:49.816,0,lie_down,00:00:00:00:00:00,-73,11,0,0,0,0,0,0,0,0,0,-97,0,1,0,1337379780,0,14,0,0,0,104,0,"[0, 0, 127, 33, 127, 36, 127, 34, 127, 27, 127, 23, 127, 24, 127, 27, 127, 33, 118, 41, 91, 47, 62, 55, 30, 70, -5, 86, -37, 102, -63, 117, -80, 127, -94, 127, -107, 127, -115, 127, -113, 122, -109, 115, -98, 108, -75, 96, -52, 79, -38, 65, 60, 81, 66, 77, 69, 66, 70, 48, 70, 32, 68, 16, 63, -8, 60, -33, 58, -56, 50, -75, 40, -86, 31, -102, 22, -121, 16, -128, 8, -125, -3, -118, -10, -110, -16, -92, -17, -71, -14, -57, -11, -45, -5, -28, 11, -14, 40, -4, 67, 10, 84, 28]",esp32_2
CSI_DATA,216423,2025-07-23 16:48:49.827,0,lie_down,00:00:00:00:00:00,-61,11,0,0,0,0,0,0,0,0,0,-97,0,1,0,2717588779,0,14,0,0,0,104,0,"[0, 0, 51, -39, 15, -41, -20, -47, -52, -60, -78, -76, -102, -91, -123, -106, -128, -119, -128, -128, -128, -128, -128, -128, -128, -128, -128, -128, -114, -128, -102, -128, -93, -128, -84, -125, -79, -109, -79, -93, -83, -79, -89, -68, -95, -61, -98, -58, -100, -58, -100, -60, 71, 8, 80, 15, 92, 26, 102, 37, 108, 46, 105, 52, 100, 57, 95, 60, 92, 58, 90, 50, 85, 37, 83, 20, 88, 3, 98, -16, 106, -35, 113, -54, 127, -69, 127, -80, 127, -87, 127, -90, 127, -89, 127, -85, 127, -79, 127, -70, 127, -59, 127, -50]",esp32_1
CSI_DATA,115680,2025-07-23 16:48:49.838,0,lie_down,00:00:00:00:00:00,-72,11,0,0,0,0,0,0,0,0,0,-97,0,1,0,1337405608,0,14,0,122,-81,104,0,"[0, 0, 100, 127, 118, 127, 127, 127, 127, 127, 127, 127, 123, 127, 111, 127, 83, 127, 53, 127, 20, 127, -20, 127, -66, 114, -114, 79, -128, 55, -128, 38, -128, 19, -128, 0, -128, -15, -128, -22, -128, -24, -128, -24, -128, -17, -128, -1, -128, 19, -110, 30, -14, 127, -2, 127, 11, 127, 22, 127, 38, 122, 57, 101, 72, 76, 89, 52, 106, 25, 111, -12, 118, -53, 127, -77, 127, -91, 125, -110, 122, -124, 107, -127, 94, -122, 86, -111, 70, -98, 49, -85, 39, -62, 43, -24, 44, 20, 36, 58, 42, 95, 63, 127]",esp32_2
CSI_DATA,216424,2025-07-23 16:48:49.861,0,lie_down,00:00:00:00:00:00,-61,11,0,0,0,0,0,0,0,0,0,-97,0,1,0,2717598829,0,14,0,0,0,104,0,"[0, 0, 59, 30, 49, -4, 45, -38, 43, -70, 44, -100, 50, -126, 60, -128, 73, -128, 84, -128, 95, -128, 105, -128, 112, -128, 118, -128, 121, -128, 116, -128, 106, -128, 95, -121, 82, -112, 69, -107, 54, -105, 43, -106, 35, -109, 29, -110, 30, -111, 34, -112, 29, 68, 29, 78, 27, 91, 23, 103, 16, 113, 6, 121, -2, 122, -5, 119, -4, 112, 2, 104, 11, 97, 25, 87, 44, 78, 65, 74, 84, 76, 101, 82, 119, 91, 127, 99, 127, 107, 127, 117, 127, 127, 127, 127, 127, 127, 127, 127, 127, 122, 114, 113]",esp32_1
CSI_DATA,115681,2025-07-23 16:48:49.861,0,lie_down,00:00:00:00:00:00,-72,11,0,0,0,0,0,0,0,0,0,-97,0,1,0,1337490228,0,14,0,0,0,104,0,"[0, 0, 42, 127, 50, 127, 54, 127, 59, 127, 58, 127, 50, 127, 43, 127, 31, 127, 15, 116, -2, 95, -25, 77, -49, 57, -71, 35, -95, 16, -118, -1, -128, -17, -128, -30, -128, -37, -128, -38, -128, -38, -126, -35, -115, -30, -101, -22, -82, -11, -67, -4, -41, 98, -37, 98, -30, 92, -20, 83, -8, 77, 1, 67, 11, 53, 28, 43, 42, 29, 52, 5, 62, -20, 71, -39, 79, -55, 86, -68, 86, -74, 76, -79, 66, -85, 54, -83, 40, -72, 30, -58, 25, -41, 23, -16, 19, 10, 12, 36, 13, 63, 21, 85]",esp32_2
CSI_DATA,115682,2025-07-23 16:48:49.887,0,lie_down,00:00:00:00:00:00,-72,11,0,0,0,0,0,0,0,0,0,-97,0,1,0,1337515606,0,14,0,0,0,104,0,"[0, 0, -7, -128, -10, -128, -9, -128, -11, -128, -15, -128, -17, -128, -14, -128, -6, -128, 9, -122, 29, -94, 45, -62, 57, -30, 71, 0, 85, 30, 97, 60, 106, 84, 108, 98, 106, 108, 101, 116, 97, 116, 93, 110, 83, 98, 69, 80, 60, 62, 55, 45, -5, -107, -7, -105, -13, -101, -22, -92, -29, -80, -33, -64, -39, -47, -45, -29, -53, -9, -61, 9, -66, 23, -69, 36, -70, 51, -70, 67, -68, 85, -64, 99, -56, 103, -44, 98, -29, 87, -16, 67, -7, 46, -1, 22, 4, -7, 6, -38, 6, -71, 5, -97]",esp32_2
CSI_DATA,216425,2025-07-23 16:48:49.903,0,lie_down,00:00:00:00:00:00,-61,11,0,0,0,0,0,0,0,0,0,-97,0,1,0,2717608805,0,14,0,0,0,104,0,"[0, 0, -43, -43, -41, -9, -44, 25, -48, 55, -54, 82, -66, 105, -81, 126, -95, 127, -108, 127, -120, 127, -128, 127, -128, 127, -128, 127, -128, 127, -128, 122, -119, 110, -106, 101, -92, 95, -77, 93, -63, 91, -51, 92, -43, 97, -40, 100, -41, 103, -44, 104, -3, -72, 2, -81, 9, -92, 17, -100, 27, -107, 37, -110, 43, -108, 45, -104, 40, -98, 29, -92, 18, -89, 4, -86, -15, -83, -36, -86, -55, -95, -71, -108, -87, -122, -101, -128, -110, -128, -114, -128, -113, -128, -108, -128, -101, -128, -92, -128, -81, -128, -72, -128]",esp32_1
CSI_DATA,115683,2025-07-23 16:48:49.909,0,lie_down,00:00:00:00:00:00,-74,11,0,0,0,0,0,0,0,0,0,-97,0,1,0,1337567757,0,14,0,0,0,104,0,"[0, 0, -43, -128, -53, -128, -60, -128, -68, -128, -69, -128, -61, -128, -48, -128, -29, -128, -9, -128, 14, -128, 44, -119, 82, -77, 124, -44, 127, -16, 127, 10, 127, 37, 127, 58, 127, 73, 127, 84, 127, 78, 127, 67, 127, 62, 127, 49, 127, 28, 109, 8, 37, -128, 33, -128, 28, -128, 15, -128, -8, -128, -27, -116, -40, -95, -59, -66, -80, -37, -98, -15, -113, 15, -125, 46, -128, 61, -127, 71, -114, 78, -110, 83, -103, 87, -80, 86, -58, 72, -47, 55, -26, 35, -2, -2, 6, -48, 8, -91, 11, -126, 7, -128]",esp32_2
CSI_DATA,115684,2025-07-23 16:48:49.930,0,lie_down,00:00:00:00:00:00,-73,11,0,0,0,0,0,0,0,0,0,-97,0,1,0,1337590674,0,14,0,0,0,104,0,"[0, 0, 103, -128, 98, -128, 94, -128, 93, -128, 90, -128, 85, -128, 86, -128, 89, -128, 91, -128, 88, -98, 86, -43, 92, 13, 96, 67, 104, 117, 109, 127, 104, 127, 97, 127, 93, 127, 90, 127, 79, 127, 68, 127, 67, 127, 62, 127, 56, 127, 55, 104, 62, -128, 55, -128, 43, -128, 27, -123, 8, -112, -11, -95, -35, -76, -59, -56, -82, -34, -111, -12, -128, 7, -128, 21, -128, 34, -128, 48, -128, 62, -128, 72, -128, 74, -124, 70, -96, 63, -66, 48, -39, 24, -10, -4, 24, -31, 49, -65, 63, -109, 71, -128]",esp32_2
CSI_DATA,216426,2025-07-23 16:48:49.935,0,lie_down,00:00:00:00:00:00,-61,11,0,0,0,0,0,0,0,0,0,-97,0,1,0,2717618773,0,14,0,0,0,104,0,"[0, 0, -15, 63, 14, 43, 46, 28, 74, 19, 99, 14, 126, 11, 127, 10, 127, 13, 127, 20, 127, 30, 127, 42, 127, 52, 127, 58, 127, 61, 127, 61, 127, 57, 127, 49, 127, 39, 119, 27, 112, 16, 109, 7, 109, 1, 110, -3, 112, -4, 114, -4, -52, 52, -64, 54, -77, 53, -89, 51, -101, 48, -108, 45, -108, 41, -105, 37, -100, 33, -92, 35, -79, 46, -66, 57, -56, 66, -51, 82, -47, 105, -45, 127, -47, 127, -51, 127, -58, 127, -66, 127, -72, 127, -78, 127, -85, 127, -87, 127, -81, 127, -75, 127]",esp32_1
CSI_DATA,115685,2025-07-23 16:48:49.951,0,lie_down,00:00:00:00:00:00,-73,11,0,0,0,0,0,0,0,0,0,-97,0,1,0,1337625090,0,14,0,0,0,104,0,"[0, 0, 127, 127, 127, 127, 127, 127, 127, 127, 127, 127, 127, 127, 127, 127, 127, 127, 127, 127, 76, 121, 14, 109, -46, 98, -103, 84, -128, 71, -128, 59, -128, 49, -128, 37, -128, 22, -128, 11, -128, 1, -128, -5, -128, 3, -128, 13, -128, 18, -114, 26, 103, 127, 97, 117, 97, 99, 102, 80, 105, 59, 99, 27, 92, -7, 93, -37, 96, -68, 88, -97, 77, -121, 68, -128, 56, -128, 49, -128, 38, -128, 21, -128, 10, -128, -4, -128, -13, -119, -4, -81, 6, -50, 17, -17, 38, 29, 60, 70, 83, 100, 104, 123]",esp32_2
CSI_DATA,216427,2025-07-23 16:48:49.961,0,lie_down,00:00:00:00:00:00,-61,11,0,0,0,0,0,0,0,0,0,-97,0,1,0,2717628784,0,14,0,0,0,104,0,"[0, 0, 4, 66, 27, 41, 53, 19, 77, 2, 100, -10, 125, -19, 127, -26, 127, -29, 127, -27, 127, -20, 127, -13, 127, -5, 127, 3, 127, 10, 127, 12, 127, 12, 127, 8, 127, 1, 122, -7, 113, -16, 109, -25, 107, -31, 107, -35, 109, -38, 110, -38, -41, 64, -53, 66, -67, 67, -79, 68, -90, 68, -96, 66, -98, 62, -97, 57, -90, 54, -80, 55, -67, 61, -53, 70, -41, 80, -31, 97, -20, 118, -13, 127, -12, 127, -13, 127, -16, 127, -22, 127, -29, 127, -36, 127, -42, 127, -43, 127, -41, 127, -39, 127]",esp32_1
CSI_DATA,115686,2025-07-23 16:48:49.978,0,lie_down,00:00:00:00:00:00,-73,11,0,0,0,0,0,0,0,0,0,-97,0,1,0,1337650810,0,14,0,0,0,104,0,"[0, 0, -18, 127, -8, 127, -6, 127, -5, 127, -2, 127, -3, 127, -9, 127, -18, 127, -28, 127, -38, 114, -53, 64, -74, 10, -97, -45, -119, -95, -128, -128, -128, -128, -128, -128, -128, -128, -126, -128, -112, -128, -104, -128, -97, -128, -83, -128, -70, -128, -65, -115, -2, 127, -3, 127, 2, 123, 15, 108, 35, 87, 53, 61, 71, 33, 93, 6, 111, -16, 125, -39, 127, -64, 127, -80, 127, -90, 127, -104, 127, -111, 127, -109, 117, -103, 99, -97, 74, -82, 49, -55, 26, -26, 8, 2, -10, 39, -25, 82, -25, 125, -16, 127]",esp32_2
CSI_DATA,115687,2025-07-23 16:48:50.000,0,lie_down,00:00:00:00:00:00,-73,11,0,0,0,0,0,0,0,0,0,-97,0,1,0,1337696883,0,14,0,0,0,104,0,"[0, 0, -128, 80, -128, 98, -128, 106, -128, 107, -128, 105, -128, 100, -128, 82, -128, 62, -128, 36, -128, -1, -90, -42, -36, -79, 19, -112, 73, -128, 124, -128, 127, -128, 127, -128, 127, -128, 127, -128, 127, -128, 127, -128, 127, -128, 127, -126, 127, -112, 112, -103, -128, 64, -125, 63, -102, 62, -74, 59, -50, 65, -28, 76, 1, 82, 36, 91, 70, 101, 95, 98, 118, 84, 127, 79, 127, 82, 127, 79, 127, 69, 127, 54, 127, 38, 122, 24, 92, 11, 60, -4, 26, -15, -14, -16, -57, -13, -102, -12, -128, -1, -128, 16]",esp32_2
CSI_DATA,115688,2025-07-23 16:48:50.021,0,lie_down,00:00:00:00:00:00,-72,11,0,0,0,0,0,0,0,0,0,-97,0,1,0,1337735841,0,14,0,0,0,104,0,"[0, 0, -3, -128, -14, -128, -17, -128, -15, -128, -10, -128, -6, -128, -3, -128, 4, -128, 17, -128, 30, -110, 41, -49, 52, 10, 61, 67, 70, 125, 74, 127, 69, 127, 58, 127, 47, 127, 35, 127, 25, 127, 18, 127, 17, 127, 15, 127, 13, 127, 14, 127, -70, -107, -68, -101, -67, -89, -65, -72, -65, -52, -63, -28, -63, -2, -68, 26, -70, 54, -67, 78, -62, 102, -59, 120, -54, 127, -50, 127, -43, 127, -34, 127, -28, 127, -17, 118, 2, 93, 19, 65, 28, 33, 34, -7, 40, -49, 38, -85, 28, -124, 18, -128]",esp32_2
CSI_DATA,115689,2025-07-23 16:48:50.045,0,lie_down,00:00:00:00:00:00,-73,11,0,0,0,0,0,0,0,0,0,-97,0,1,0,1337759745,0,14,0,0,0,104,0,"[0, 0, -128, -52, -128, -48, -128, -49, -128, -49, -128, -46, -128, -47, -128, -48, -128, -44, -99, -40, -64, -40, -24, -40, 21, -37, 65, -30, 105, -22, 127, -13, 127, 0, 127, 17, 127, 30, 127, 38, 127, 43, 127, 46, 127, 45, 127, 38, 117, 26, 100, 14, -83, 32, -76, 33, -68, 34, -57, 35, -44, 37, -28, 41, -10, 43, 7, 44, 24, 46, 43, 52, 58, 55, 69, 53, 79, 48, 90, 43, 94, 35, 93, 25, 89, 18, 82, 10, 67, -2, 47, -14, 28, -23, 4, -29, -22, -36, -49, -46, -81, -56, -108, -63]",esp32_2
CSI_DATA,216429,2025-07-23 16:48:50.055,0,lie_down,00:00:00:00:00:00,-61,11,0,0,0,0,0,0,0,0,0,-97,0,1,0,2717648783,0,14,0,0,0,104,0,"[0, 0, 35, 64, 48, 34, 64, 4, 81, -18, 102, -32, 123, -46, 127, -57, 127, -63, 127, -70, 127, -74, 127, -73, 127, -66, 127, -52, 127, -37, 127, -30, 127, -27, 127, -25, 127, -23, 126, -26, 115, -34, 107, -43, 100, -52, 98, -59, 102, -60, 107, -59, -2, 76, -10, 85, -19, 94, -28, 101, -38, 107, -50, 107, -58, 101, -61, 96, -55, 90, -38, 84, -19, 86, -2, 87, 16, 88, 34, 101, 47, 119, 56, 127, 64, 127, 71, 127, 71, 127, 63, 127, 52, 127, 45, 127, 47, 127, 48, 127, 42, 127, 36, 127]",esp32_1
CSI_DATA,115690,2025-07-23 16:48:50.065,0,lie_down,00:00:00:00:00:00,-72,11,0,0,0,0,0,0,0,0,0,-97,0,1,0,1337784191,0,14,0,0,0,104,0,"[0, 0, -128, -65, -128, -64, -128, -64, -128, -64, -128, -62, -128, -57, -128, -52, -128, -52, -124, -50, -77, -47, -25, -48, 31, -47, 86, -41, 127, -36, 127, -28, 127, -14, 127, 1, 127, 18, 127, 28, 127, 32, 127, 36, 127, 35, 127, 24, 127, 10, 127, 1, -104, 29, -98, 27, -90, 25, -78, 25, -64, 31, -48, 42, -27, 51, -2, 57, 20, 60, 37, 62, 58, 59, 79, 52, 94, 45, 106, 40, 111, 34, 105, 27, 96, 16, 90, 3, 79, -9, 62, -19, 42, -30, 11, -46, -30, -58, -71, -63, -112, -70, -128, -77]",esp32_2
CSI_DATA,216430,2025-07-23 16:48:50.082,0,lie_down,00:00:00:00:00:00,-61,11,0,0,0,0,0,0,0,0,0,-97,0,1,0,2717658802,0,14,0,0,0,104,0,"[0, 0, -22, 73, 8, 64, 40, 57, 68, 56, 93, 58, 118, 62, 127, 67, 127, 73, 127, 82, 127, 94, 127, 103, 127, 110, 127, 115, 127, 114, 127, 110, 127, 102, 119, 91, 111, 80, 108, 68, 105, 56, 105, 48, 106, 43, 109, 40, 111, 40, 111, 42, -57, 55, -70, 55, -85, 52, -98, 47, -109, 44, -113, 39, -111, 32, -107, 26, -99, 25, -89, 32, -77, 45, -66, 58, -61, 71, -59, 91, -58, 115, -58, 127, -66, 127, -78, 127, -91, 127, -103, 127, -112, 127, -119, 127, -124, 127, -120, 127, -108, 127, -97, 126]",esp32_1
CSI_DATA,115691,2025-07-23 16:48:50.086,0,lie_down,00:00:00:00:00:00,-72,11,0,0,0,0,0,0,0,0,0,-97,0,1,0,1337820139,0,14,0,0,0,104,0,"[0, 0, 127, -110, 127, -128, 127, -128, 127, -128, 127, -123, 127, -108, 127, -91, 127, -67, 127, -37, 101, -4, 51, 35, -5, 75, -57, 106, -107, 127, -128, 127, -128, 127, -128, 127, -128, 127, -128, 127, -128, 127, -128, 127, -128, 114, -128, 99, -128, 86, -128, 80, 58, -109, 57, -105, 47, -103, 34, -96, 23, -85, 15, -80, 2, -70, -16, -53, -36, -35, -54, -18, -65, -1, -75, 15, -86, 28, -90, 43, -89, 57, -86, 63, -78, 68, -60, 72, -32, 72, 0, 68, 32, 59, 63, 47, 95, 30, 127, 6, 127, -19, 127, -39]",esp32_2
CSI_DATA,216431,2025-07-23 16:48:50.106,0,lie_down,00:00:00:00:00:00,-60,11,0,0,0,0,0,0,0,0,0,-97,0,1,0,2717668814,0,14,0,0,0,104,0,"[0, 0, 39, -70, 9, -69, -19, -71, -44, -78, -67, -86, -86, -96, -102, -106, -116, -117, -124, -128, -125, -128, -123, -128, -117, -128, -110, -128, -102, -128, -93, -128, -84, -128, -76, -122, -74, -110, -74, -100, -77, -90, -80, -84, -84, -81, -85, -79, -85, -80, -82, -83, 65, -39, 76, -39, 91, -35, 104, -27, 111, -18, 111, -9, 108, -2, 103, 1, 98, 0, 91, -7, 81, -20, 74, -36, 73, -55, 76, -74, 81, -94, 89, -113, 100, -128, 115, -128, 127, -128, 127, -128, 127, -128, 127, -128, 127, -127, 127, -117, 127, -102, 124, -90]",esp32_1
CSI_DATA,115692,2025-07-23 16:48:50.113,0,lie_down,00:00:00:00:00:00,-72,11,0,0,0,0,0,0,0,0,0,-97,0,1,0,1337847553,0,14,0,0,0,104,0,"[0, 0, -128, 127, -128, 127, -128, 127, -128, 127, -128, 127, -128, 127, -128, 127, -128, 112, -105, 75, -77, 28, -46, -18, -16, -64, 17, -108, 52, -128, 85, -128, 116, -128, 127, -128, 127, -128, 127, -128, 127, -128, 127, -128, 127, -128, 127, -128, 109, -128, 90, -121, -28, 101, -22, 95, -16, 89, -9, 84, 0, 74, 10, 60, 21, 47, 32, 35, 41, 20, 48, 3, 57, -17, 61, -34, 59, -45, 56, -59, 50, -70, 40, -72, 30, -73, 13, -75, -9, -68, -34, -52, -58, -37, -80, -21, -101, 4, -121, 29, -128, 53, -128, 74]",esp32_2
CSI_DATA,216432,2025-07-23 16:48:50.461,0,lie_down,00:00:00:00:00:00,-60,11,0,0,0,0,0,0,0,0,0,-97,0,1,0,2717678837,0,14,0,0,0,104,0,"[0, 0, -32, 75, -3, 69, 26, 69, 51, 74, 72, 78, 94, 85, 113, 94, 127, 102, 127, 111, 127, 122, 127, 127, 127, 127, 127, 127, 118, 127, 108, 127, 99, 123, 92, 111, 87, 100, 86, 89, 87, 79, 89, 73, 91, 70, 90, 69, 91, 70, 91, 72, -62, 48, -74, 47, -88, 44, -101, 38, -110, 32, -113, 24, -110, 17, -104, 13, -97, 13, -88, 19, -77, 31, -69, 47, -67, 64, -67, 85, -68, 107, -74, 127, -85, 127, -100, 127, -112, 127, -122, 127, -128, 127, -128, 127, -128, 127, -128, 127, -124, 120, -112, 109]",esp32_1
CSI_DATA,216433,2025-07-23 16:48:50.478,0,lie_down,00:00:00:00:00:00,-60,11,0,0,0,0,0,0,0,0,0,-97,0,1,0,2717688787,0,14,0,0,0,104,0,"[0, 0, -97, 43, -68, 65, -42, 88, -23, 116, -7, 127, 5, 127, 11, 127, 12, 127, 11, 127, 6, 127, -1, 127, -7, 127, -14, 127, -22, 127, -24, 127, -22, 127, -20, 127, -16, 127, -9, 127, 1, 127, 12, 127, 19, 127, 22, 127, 20, 127, 16, 127, -94, -14, -104, -25, -118, -41, -128, -56, -128, -70, -118, -78, -108, -82, -98, -81, -94, -73, -95, -58, -95, -39, -99, -17, -115, 4, -128, 23, -128, 39, -128, 50, -128, 54, -128, 55, -128, 50, -128, 40, -128, 29, -128, 17, -128, 7, -128, 2, -128, 0, -128, -1]",esp32_1
CSI_DATA,115693,2025-07-23 16:48:50.485,0,lie_down,00:00:00:00:00:00,-73,11,0,0,0,0,0,0,0,0,0,-97,0,1,0,1337871355,0,14,0,0,0,104,0,"[0, 0, -128, -122, -128, -119, -128, -119, -128, -116, -128, -109, -128, -102, -112, -93, -87, -82, -61, -69, -28, -56, 12, -41, 50, -26, 83, -10, 119, 10, 127, 31, 127, 50, 127, 66, 127, 78, 127, 86, 127, 92, 127, 90, 127, 81, 127, 66, 116, 48, 104, 34, -75, -5, -74, -5, -70, -1, -61, 3, -52, 5, -45, 10, -39, 15, -29, 19, -17, 25, -8, 31, 2, 31, 12, 26, 21, 20, 30, 15, 37, 9, 42, 0, 42, -10, 36, -22, 29, -37, 24, -48, 12, -59, -6, -72, -27, -84, -49, -96, -73, -105, -91, -108]",esp32_2
CSI_DATA,216434,2025-07-23 16:48:50.487,0,lie_down,00:00:00:00:00:00,-60,11,0,0,0,0,0,0,0,0,0,-97,0,1,0,2717698773,0,14,0,0,0,104,0,"[0, 0, -57, 62, -29, 69, -4, 77, 17, 89, 36, 103, 52, 116, 66, 127, 75, 127, 79, 127, 79, 127, 78, 127, 74, 127, 68, 127, 60, 127, 53, 127, 48, 127, 45, 127, 43, 126, 45, 115, 49, 105, 54, 99, 58, 97, 59, 95, 59, 96, 57, 98, -74, 20, -86, 16, -100, 8, -111, -2, -115, -12, -112, -21, -106, -27, -100, -30, -92, -25, -86, -15, -79, 1, -78, 19, -84, 37, -93, 58, -103, 76, -116, 91, -128, 103, -128, 110, -128, 112, -128, 109, -128, 102, -128, 94, -128, 86, -128, 78, -128, 68, -128, 59]",esp32_1
CSI_DATA,216435,2025-07-23 16:48:50.491,0,lie_down,00:00:00:00:00:00,-60,11,0,0,0,0,0,0,0,0,0,-97,0,1,0,2717708813,0,14,0,0,0,104,0,"[0, 0, -67, -50, -71, -23, -79, 1, -87, 22, -95, 43, -106, 62, -119, 77, -128, 86, -128, 89, -128, 90, -128, 89, -128, 86, -128, 82, -128, 76, -128, 69, -128, 62, -128, 57, -122, 54, -113, 53, -103, 55, -96, 58, -92, 63, -89, 65, -90, 65, -91, 64, -28, -74, -24, -85, -17, -97, -8, -107, 3, -114, 12, -114, 18, -110, 20, -104, 17, -94, 7, -84, -8, -80, -26, -77, -45, -78, -66, -83, -87, -92, -104, -107, -117, -124, -124, -128, -126, -128, -124, -128, -119, -128, -111, -128, -102, -128, -92, -128, -81, -128, -72, -128]",esp32_1
CSI_DATA,115694,2025-07-23 16:48:50.491,0,lie_down,00:00:00:00:00:00,-73,11,0,0,0,0,0,0,0,0,0,-97,0,1,0,1337907763,0,14,0,0,0,104,0,"[0, 0, -128, 68, -128, 79, -128, 86, -128, 86, -128, 78, -128, 65, -113, 50, -94, 33, -70, 13, -43, -10, -17, -36, 15, -62, 49, -83, 79, -101, 105, -116, 127, -125, 127, -127, 127, -126, 127, -121, 127, -112, 127, -102, 127, -91, 125, -82, 104, -73, 86, -67, -45, 48, -39, 44, -32, 41, -24, 39, -16, 37, -9, 34, 2, 30, 13, 27, 20, 23, 26, 17, 32, 10, 34, 4, 33, -2, 29, -8, 23, -15, 14, -19, 1, -24, -13, -29, -29, -33, -46, -33, -63, -28, -81, -22, -98, -15, -113, -2, -128, 14, -128, 23]",esp32_2
CSI_DATA,115695,2025-07-23 16:48:50.497,0,lie_down,00:00:00:00:00:00,-73,11,0,0,0,0,0,0,0,0,0,-97,0,1,0,1337932152,0,14,0,0,0,104,0,"[0, 0, -128, -128, -128, -128, -128, -128, -128, -128, -128, -128, -128, -125, -128, -105, -126, -93, -72, -82, -6, -69, 62, -64, 121, -56, 127, -41, 127, -25, 127, -6, 127, 11, 127, 24, 127, 38, 127, 46, 127, 47, 127, 48, 127, 46, 127, 33, 127, 14, 127, 0, -78, -81, -69, -75, -61, -70, -59, -62, -61, -45, -57, -24, -48, -7, -41, 8, -35, 23, -25, 33, -16, 32, -17, 24, -12, 15, -1, 6, 6, -5, 6, -23, 3, -45, 5, -68, 2, -91, -9, -109, -18, -123, -31, -128, -50, -128, -75, -128, -111, -128, -128, -128]",esp32_2
CSI_DATA,115696,2025-07-23 16:48:50.501,0,lie_down,00:00:00:00:00:00,-73,11,0,0,0,0,0,0,0,0,0,-97,0,1,0,1337968864,0,14,0,0,0,104,0,"[0, 0, -128, 1, -128, 23, -128, 40, -128, 52, -128, 49, -128, 36, -128, 17, -128, -7, -98, -33, -43, -65, 11, -105, 61, -128, 111, -128, 127, -128, 127, -128, 127, -128, 127, -128, 127, -128, 127, -128, 127, -128, 127, -128, 127, -128, 127, -128, 127, -128, 111, -128, -103, -61, -95, -55, -80, -42, -64, -33, -53, -22, -47, -6, -39, 9, -29, 22, -23, 33, -18, 43, -11, 48, -3, 40, 2, 24, -2, 12, -8, 0, -19, -18, -37, -44, -54, -73, -66, -89, -82, -94, -105, -104, -128, -115, -128, -110, -128, -97, -128, -88, -128, -82]",esp32_2
CSI_DATA,115697,2025-07-23 16:48:50.507,0,lie_down,00:00:00:00:00:00,-74,11,0,0,0,0,0,0,0,0,0,-97,0,1,0,1338028809,0,14,0,54,-128,104,0,"[0, 0, -50, 127, -33, 127, -20, 127, -15, 127, -15, 127, -19, 127, -27, 127, -37, 107, -51, 63, -70, 14, -93, -38, -113, -89, -128, -128, -128, -128, -128, -128, -128, -128, -128, -128, -128, -128, -128, -128, -128, -128, -122, -128, -117, -128, -109, -128, -103, -128, -100, -107, -32, 90, -33, 86, -29, 75, -19, 67, -7, 58, 1, 46, 7, 38, 18, 35, 28, 37, 30, 39, 26, 35, 17, 36, 4, 45, -12, 55, -29, 64, -48, 74, -67, 87, -82, 100, -102, 112, -120, 127, -128, 127, -128, 127, -128, 127, -128, 127, -114, 127, -100, 127]",esp32_2
CSI_DATA,216437,2025-07-23 16:48:50.509,0,lie_down,00:00:00:00:00:00,-61,11,0,0,0,0,0,0,0,0,0,-97,0,1,0,2717728782,0,14,0,0,0,104,0,"[0, 0, -32, 80, -3, 77, 25, 77, 48, 82, 70, 88, 91, 93, 108, 100, 122, 106, 127, 113, 127, 123, 127, 127, 127, 127, 127, 127, 120, 127, 111, 127, 101, 127, 92, 117, 86, 105, 84, 95, 84, 85, 85, 77, 88, 72, 90, 68, 90, 69, 89, 70, -65, 47, -78, 46, -93, 40, -105, 32, -112, 25, -114, 18, -110, 10, -103, 7, -94, 9, -85, 16, -72, 29, -64, 47, -64, 65, -67, 88, -70, 111, -76, 127, -89, 127, -104, 127, -120, 127, -128, 127, -128, 127, -128, 127, -128, 127, -128, 127, -126, 119, -113, 107]",esp32_1
CSI_DATA,115698,2025-07-23 16:48:50.511,0,lie_down,00:00:00:00:00:00,-75,11,0,0,0,0,0,0,0,0,0,-97,0,1,0,1338064462,0,14,0,0,0,104,0,"[0, 0, -128, -128, -128, -128, -128, -128, -128, -128, -108, -128, -81, -128, -55, -122, -27, -90, 10, -56, 51, -20, 91, 18, 127, 58, 127, 97, 127, 127, 127, 127, 127, 127, 127, 127, 127, 127, 127, 127, 127, 127, 127, 127, 127, 127, 127, 119, 127, 77, 127, 53, -55, -70, -50, -68, -46, -58, -49, -41, -50, -28, -43, -15, -40, -5, -44, -5, -51, -9, -62, -16, -65, -19, -56, -30, -51, -52, -48, -77, -40, -103, -31, -128, -27, -128, -21, -128, -14, -128, -16, -128, -20, -128, -21, -128, -30, -128, -42, -128, -63, -128, -82, -128]",esp32_2
CSI_DATA,216438,2025-07-23 16:48:50.515,0,lie_down,00:00:00:00:00:00,-61,11,0,0,0,0,0,0,0,0,0,-97,0,1,0,2717738802,0,14,0,0,0,104,0,"[0, 0, -84, 11, -69, 35, -59, 60, -49, 85, -41, 107, -36, 127, -37, 127, -40, 127, -44, 127, -47, 127, -52, 127, -58, 127, -64, 127, -68, 127, -67, 127, -63, 127, -59, 127, -53, 126, -44, 118, -35, 113, -26, 111, -19, 110, -14, 109, -16, 110, -20, 111, -67, -40, -71, -52, -77, -66, -79, -77, -73, -89, -64, -96, -55, -98, -48, -94, -47, -84, -51, -70, -57, -55, -68, -39, -87, -25, -110, -16, -128, -12, -128, -13, -128, -18, -128, -24, -128, -31, -128, -40, -128, -50, -128, -59, -128, -65, -128, -62, -128, -55, -128, -51]",esp32_1
CSI_DATA,216439,2025-07-23 16:48:50.522,0,lie_down,00:00:00:00:00:00,-61,11,0,0,0,0,0,0,0,0,0,-97,0,1,0,2717748788,0,14,0,0,0,104,0,"[0, 0, 77, 11, 72, -16, 70, -42, 68, -66, 68, -88, 71, -109, 77, -125, 87, -128, 95, -128, 100, -128, 106, -128, 111, -128, 116, -128, 120, -128, 117, -128, 110, -119, 102, -109, 92, -101, 82, -98, 71, -96, 61, -97, 55, -98, 53, -98, 54, -98, 56, -98, 56, 53, 60, 63, 60, 76, 55, 87, 48, 99, 38, 106, 30, 106, 26, 99, 27, 89, 32, 76, 43, 64, 58, 52, 76, 43, 99, 39, 121, 40, 127, 47, 127, 59, 127, 70, 127, 80, 127, 92, 127, 103, 127, 110, 127, 112, 127, 107, 127, 95, 124, 86]",esp32_1
CSI_DATA,115700,2025-07-23 16:48:50.522,0,lie_down,00:00:00:00:00:00,-73,11,0,0,0,0,0,0,0,0,0,-97,0,1,0,1338115286,0,14,0,72,84,104,0,"[0, 0, 127, -35, 127, -35, 127, -39, 127, -37, 127, -34, 104, -29, 60, -16, 24, 0, -12, 19, -58, 42, -104, 66, -128, 85, -128, 98, -128, 102, -128, 103, -128, 105, -128, 99, -128, 86, -128, 81, -128, 79, -128, 76, -128, 76, -128, 81, -102, 89, -81, 95, 64, -8, 56, -5, 41, -2, 25, 0, 16, -5, 11, -12, 9, -17, 12, -26, 18, -35, 26, -40, 42, -39, 56, -41, 75, -40, 104, -38, 127, -40, 127, -32, 127, -15, 127, -4, 127, 3, 127, 10, 127, 12, 127, 16, 127, 21, 127, 15, 127, 1, 127, -7]",esp32_2
CSI_DATA,216440,2025-07-23 16:48:50.529,0,lie_down,00:00:00:00:00:00,-61,11,0,0,0,0,0,0,0,0,0,-97,0,1,0,2717759363,0,14,0,0,0,104,0,"[0, 0, -89, 50, -61, 71, -38, 93, -19, 119, -4, 127, 9, 127, 18, 127, 20, 127, 19, 127, 15, 127, 10, 127, 3, 127, -6, 127, -12, 127, -15, 127, -16, 127, -15, 127, -12, 127, -4, 127, 7, 127, 17, 127, 22, 127, 25, 127, 25, 127, 22, 127, -95, -15, -107, -27, -119, -42, -126, -58, -125, -73, -115, -81, -103, -84, -94, -83, -88, -74, -86, -56, -86, -35, -93, -12, -111, 9, -128, 27, -128, 42, -128, 53, -128, 59, -128, 57, -128, 50, -128, 39, -128, 27, -128, 16, -128, 7, -128, 3, -128, 3, -128, 4]",esp32_1
CSI_DATA,115701,2025-07-23 16:48:50.531,0,lie_down,00:00:00:00:00:00,-74,11,0,0,0,0,0,0,0,0,0,-97,0,1,0,1338153887,0,14,0,0,0,104,0,"[0, 0, -128, 58, -128, 50, -128, 44, -128, 38, -107, 22, -74, -4, -41, -30, -6, -57, 24, -89, 53, -120, 86, -128, 117, -128, 127, -128, 127, -128, 127, -128, 127, -128, 127, -128, 127, -128, 127, -128, 127, -128, 104, -128, 72, -128, 32, -123, -3, -115, -20, -110, -67, -46, -59, -49, -47, -47, -37, -40, -31, -34, -28, -25, -27, -14, -29, -2, -34, 10, -45, 21, -59, 29, -73, 36, -89, 40, -113, 40, -128, 42, -128, 43, -128, 40, -128, 36, -128, 28, -128, 26, -128, 33, -128, 37, -128, 36, -128, 46, -128, 57, -128, 59]",esp32_2
CSI_DATA,216441,2025-07-23 16:48:50.534,0,lie_down,00:00:00:00:00:00,-61,11,0,0,0,0,0,0,0,0,0,-97,0,1,0,2717768788,0,14,0,0,0,104,0,"[0, 0, -70, 32, -51, 51, -36, 70, -25, 91, -16, 110, -8, 127, -4, 127, -4, 127, -6, 127, -9, 127, -13, 127, -18, 127, -23, 127, -28, 127, -29, 127, -28, 127, -26, 127, -22, 127, -15, 119, -8, 112, 0, 110, 6, 110, 8, 110, 6, 110, 3, 110, -71, -20, -78, -31, -87, -43, -91, -55, -88, -67, -80, -74, -71, -76, -65, -74, -61, -64, -61, -51, -63, -37, -70, -22, -83, -5, -101, 9, -121, 18, -128, 23, -128, 23, -128, 20, -128, 14, -128, 7, -128, -2, -128, -11, -128, -18, -128, -19, -128, -16, -128, -15]",esp32_1
CSI_DATA,115702,2025-07-23 16:48:50.534,0,lie_down,00:00:00:00:00:00,-74,11,0,0,0,0,0,0,0,0,0,-97,0,1,0,1338212695,0,14,0,0,0,104,0,"[0, 0, -128, 127, -128, 127, -128, 123, -128, 104, -128, 70, -128, 34, -124, 1, -107, -38, -93, -79, -90, -115, -91, -128, -84, -128, -73, -128, -68, -128, -64, -128, -54, -128, -42, -128, -39, -128, -38, -128, -34, -128, -36, -128, -40, -128, -43, -91, -56, -52, -69, -23, -50, -80, -42, -83, -36, -74, -39, -59, -47, -50, -57, -43, -62, -30, -64, -18, -68, -6, -77, 11, -87, 21, -98, 26, -118, 34, -128, 39, -128, 41, -128, 35, -128, 32, -128, 41, -128, 50, -128, 50, -128, 52, -128, 65, -128, 85, -128, 106, -128, 127, -128, 127]",esp32_2
CSI_DATA,115703,2025-07-23 16:48:50.540,0,lie_down,00:00:00:00:00:00,-75,11,0,0,0,0,0,0,0,0,0,-97,0,1,0,1338239087,0,14,0,0,0,104,0,"[0, 0, -128, 6, -128, 19, -128, 21, -128, 17, -128, 6, -128, -9, -115, -27, -86, -58, -58, -89, -25, -114, 13, -128, 43, -128, 71, -128, 99, -128, 115, -128, 124, -128, 127, -128, 125, -128, 118, -128, 105, -128, 86, -128, 61, -121, 32, -89, 0, -65, -25, -52, -19, -76, -19, -66, -19, -58, -17, -53, -19, -47, -33, -35, -49, -22, -63, -17, -75, -17, -81, -16, -94, -20, -110, -30, -121, -39, -128, -52, -128, -70, -128, -86, -128, -102, -128, -110, -128, -112, -128, -116, -128, -113, -128, -104, -128, -92, -128, -76, -128, -60, -128, -47]",esp32_2
CSI_DATA,115704,2025-07-23 16:48:50.545,0,lie_down,00:00:00:00:00:00,-74,11,0,0,0,0,0,0,0,0,0,-97,0,1,0,1338265474,0,14,0,0,0,104,0,"[0, 0, 127, 87, 127, 73, 127, 66, 127, 58, 127, 51, 127, 48, 86, 54, 46, 67, 1, 75, -43, 82, -84, 90, -126, 99, -128, 107, -128, 111, -128, 112, -128, 108, -128, 100, -128, 90, -128, 79, -128, 70, -128, 60, -116, 53, -83, 49, -41, 44, -6, 41, 6, 58, 15, 53, 18, 47, 20, 38, 29, 29, 36, 22, 45, 20, 60, 25, 71, 36, 78, 45, 86, 53, 94, 69, 101, 89, 110, 109, 118, 127, 122, 127, 127, 127, 127, 127, 127, 127, 127, 127, 127, 127, 127, 127, 127, 127, 127, 127, 127, 127, 127, 127]",esp32_2
CSI_DATA,216443,2025-07-23 16:48:50.549,0,lie_down,00:00:00:00:00:00,-60,11,0,0,0,0,0,0,0,0,0,-97,0,1,0,2717788783,0,14,0,0,0,104,0,"[0, 0, 2, 73, 30, 63, 59, 57, 82, 55, 103, 55, 123, 55, 127, 58, 127, 61, 127, 65, 127, 71, 127, 77, 127, 82, 127, 85, 127, 85, 127, 82, 127, 75, 123, 66, 116, 56, 113, 45, 110, 36, 111, 30, 113, 26, 114, 24, 115, 25, 116, 28, -49, 61, -62, 61, -77, 60, -90, 57, -101, 51, -106, 43, -103, 34, -96, 27, -85, 25, -72, 30, -57, 42, -42, 57, -35, 73, -31, 95, -28, 119, -30, 127, -38, 127, -49, 127, -61, 127, -73, 127, -82, 127, -90, 127, -93, 127, -89, 127, -78, 127, -67, 127]",esp32_1
CSI_DATA,115705,2025-07-23 16:48:50.549,0,lie_down,00:00:00:00:00:00,-75,11,0,0,0,0,0,0,0,0,0,-97,0,1,0,1338293958,0,14,0,0,0,104,0,"[0, 0, -128, -128, -128, -128, -128, -128, -128, -128, -101, -115, -64, -95, -28, -79, 5, -62, 44, -47, 90, -34, 127, -16, 127, 4, 127, 20, 127, 39, 127, 55, 127, 64, 127, 68, 127, 70, 127, 68, 127, 57, 127, 44, 112, 27, 77, 4, 47, -21, 27, -41, 18, -44, 12, -37, 4, -32, -4, -34, -10, -36, -15, -36, -23, -42, -36, -51, -44, -65, -48, -81, -45, -95, -41, -117, -38, -128, -35, -128, -37, -128, -36, -128, -31, -128, -32, -128, -37, -128, -37, -128, -44, -128, -56, -128, -66, -128, -75, -128, -98, -128, -125, -128]",esp32_2
CSI_DATA,216444,2025-07-23 16:48:50.553,0,lie_down,00:00:00:00:00:00,-60,11,0,0,0,0,0,0,0,0,0,-97,0,1,0,2717798761,0,14,0,0,0,104,0,"[0, 0, 73, 7, 65, -24, 65, -52, 66, -75, 68, -97, 73, -119, 80, -128, 89, -128, 97, -128, 100, -128, 104, -128, 108, -128, 108, -128, 106, -128, 98, -128, 89, -123, 78, -113, 68, -107, 59, -108, 49, -109, 41, -114, 37, -120, 36, -119, 38, -117, 40, -115, 48, 62, 47, 73, 44, 88, 37, 101, 29, 110, 19, 109, 9, 105, 5, 100, 7, 92, 16, 80, 29, 64, 47, 51, 72, 47, 96, 47, 117, 49, 127, 53, 127, 63, 127, 77, 127, 88, 127, 101, 127, 114, 127, 124, 127, 127, 127, 117, 127, 102, 113, 91]",esp32_1
CSI_DATA,115706,2025-07-23 16:48:50.553,0,lie_down,00:00:00:00:00:00,-74,11,0,0,0,0,0,0,0,0,0,-97,0,1,0,1338325318,0,14,0,0,0,104,0,"[0, 0, -75, 127, -57, 127, -45, 127, -41, 127, -43, 127, -49, 93, -55, 48, -54, 4, -56, -41, -68, -87, -75, -128, -76, -128, -75, -128, -69, -128, -61, -128, -53, -128, -45, -128, -36, -128, -28, -128, -25, -128, -26, -128, -29, -99, -35, -63, -49, -27, -65, 4, -49, 0, -44, 6, -35, 13, -26, 20, -24, 30, -21, 40, -17, 51, -23, 69, -35, 87, -51, 98, -67, 110, -80, 127, -99, 127, -123, 127, -128, 127, -128, 127, -128, 127, -128, 127, -128, 127, -128, 127, -128, 127, -128, 127, -128, 127, -128, 127, -128, 127, -128, 127]",esp32_2
CSI_DATA,115707,2025-07-23 16:48:50.560,0,lie_down,00:00:00:00:00:00,-74,11,0,0,0,0,0,0,0,0,0,-97,0,1,0,1338361900,0,14,0,0,0,104,0,"[0, 0, 127, -117, 127, -113, 122, -100, 101, -86, 87, -63, 66, -36, 40, -10, 23, 26, 8, 70, -13, 102, -40, 124, -63, 127, -81, 127, -96, 127, -107, 127, -111, 127, -111, 127, -108, 127, -99, 127, -83, 122, -57, 100, -27, 82, 4, 67, 38, 56, 63, 50, 52, 37, 46, 32, 37, 24, 30, 16, 33, 4, 44, -14, 56, -33, 66, -47, 79, -58, 102, -71, 127, -81, 127, -87, 127, -88, 127, -83, 127, -82, 127, -81, 127, -75, 127, -71, 127, -68, 127, -65, 127, -68, 127, -74, 127, -80, 127, -89, 127, -101, 127, -111]",esp32_2
CSI_DATA,115708,2025-07-23 16:48:50.567,0,lie_down,00:00:00:00:00:00,-74,11,0,0,0,0,0,0,0,0,0,-97,0,1,0,1338400239,0,14,0,0,0,104,0,"[0, 0, -17, -115, -22, -100, -25, -84, -21, -70, -16, -58, -10, -43, 2, -25, 14, -6, 23, 11, 35, 26, 52, 42, 67, 59, 75, 72, 77, 82, 76, 86, 75, 86, 70, 86, 62, 83, 52, 73, 44, 58, 38, 40, 33, 19, 26, -4, 22, -22, 18, -34, 47, 5, 45, 6, 40, 5, 31, 1, 22, -7, 15, -16, 5, -27, -3, -43, -7, -62, -6, -80, -6, -95, -8, -115, -5, -128, 2, -128, 8, -128, 16, -128, 24, -128, 27, -128, 29, -128, 34, -128, 37, -128, 37, -128, 31, -128, 18, -128, 10, -128, 8, -128]",esp32_2
CSI_DATA,115709,2025-07-23 16:48:50.571,0,lie_down,00:00:00:00:00:00,-76,11,0,0,0,0,0,0,0,0,0,-97,0,1,0,1338461133,0,14,0,0,0,104,0,"[0, 0, 127, 16, 127, 7, 127, 5, 127, 8, 127, 6, 127, 4, 127, 9, 127, 23, 127, 38, 127, 57, 127, 82, 127, 105, 127, 127, 127, 127, 127, 127, 127, 127, 126, 127, 118, 127, 111, 127, 101, 127, 91, 127, 78, 127, 55, 103, 29, 60, 11, 33, -128, -20, -128, -12, -127, -1, -109, 9, -87, 20, -56, 31, -23, 42, 8, 50, 43, 55, 81, 59, 118, 61, 127, 53, 127, 45, 127, 35, 127, 16, 127, 3, 127, -4, 127, -13, 127, -14, 127, -14, 127, -19, 127, -10, 127, 2, 127, 4, 127, 11, 127, 18]",esp32_2
CSI_DATA,115710,2025-07-23 16:48:50.573,0,lie_down,00:00:00:00:00:00,-76,11,0,0,0,0,0,0,0,0,0,-97,0,1,0,1338485316,0,14,0,0,0,104,0,"[0, 0, 115, 126, 127, 127, 127, 127, 127, 127, 127, 127, 127, 127, 127, 127, 127, 127, 127, 127, 120, 127, 102, 127, 75, 127, 47, 127, 29, 127, 22, 127, 11, 127, -6, 127, -18, 127, -29, 127, -34, 127, -33, 127, -33, 127, -28, 127, -23, 91, -19, 55, -128, -109, -128, -100, -128, -84, -128, -63, -128, -39, -120, -6, -96, 24, -73, 49, -42, 70, -7, 87, 23, 110, 49, 122, 76, 115, 101, 112, 120, 114, 127, 107, 127, 93, 127, 83, 127, 74, 127, 63, 127, 54, 127, 53, 117, 59, 102, 66, 93, 73, 97, 85]",esp32_2
CSI_DATA,115711,2025-07-23 16:48:50.581,0,lie_down,00:00:00:00:00:00,-76,11,0,0,0,0,0,0,0,0,0,-97,0,1,0,1338520899,0,14,0,0,0,104,0,"[0, 0, -128, 69, -128, 82, -128, 87, -128, 90, -128, 91, -128, 89, -128, 84, -128, 67, -128, 50, -128, 42, -128, 27, -128, 1, -128, -32, -128, -60, -128, -79, -128, -96, -128, -106, -128, -112, -128, -116, -128, -113, -128, -102, -128, -84, -105, -59, -77, -36, -56, -22, 81, -128, 75, -128, 58, -128, 40, -128, 16, -128, -14, -117, -39, -97, -64, -71, -92, -41, -117, -7, -128, 26, -128, 60, -128, 89, -128, 109, -128, 120, -128, 127, -128, 127, -128, 127, -127, 124, -117, 114, -108, 103, -103, 89, -98, 71, -94, 57, -93, 53, -100, 53]",esp32_2
CSI_DATA,216445,2025-07-23 16:48:50.583,0,lie_down,00:00:00:00:00:00,-61,11,0,0,0,0,0,0,0,0,0,-97,0,1,0,2717809149,0,14,0,0,0,104,0,"[0, 0, -78, -32, -82, 8, -91, 43, -101, 73, -112, 98, -122, 119, -128, 127, -128, 127, -128, 127, -128, 127, -128, 127, -128, 127, -128, 127, -128, 125, -128, 117, -128, 110, -118, 106, -103, 109, -90, 113, -78, 116, -69, 121, -64, 126, -65, 127, -71, 127, -77, 127, -22, -93, -19, -106, -12, -120, 0, -128, 13, -128, 25, -128, 35, -127, 37, -119, 26, -106, 9, -91, -9, -83, -33, -78, -63, -75, -93, -81, -119, -94, -128, -114, -128, -128, -128, -128, -128, -128, -128, -128, -128, -128, -128, -128, -128, -128, -128, -128, -115, -128, -103, -128]",esp32_1
CSI_DATA,115712,2025-07-23 16:48:50.587,0,lie_down,00:00:00:00:00:00,-76,11,0,0,0,0,0,0,0,0,0,-97,0,1,0,1338548032,0,14,0,0,0,104,0,"[0, 0, -120, -33, -118, -42, -125, -56, -128, -63, -128, -69, -128, -75, -128, -88, -128, -106, -128, -120, -128, -128, -123, -128, -112, -128, -100, -128, -86, -128, -74, -128, -60, -128, -46, -128, -38, -128, -28, -128, -15, -128, -4, -128, 3, -104, 1, -76, -4, -43, -5, -18, 118, -105, 111, -103, 94, -101, 73, -99, 48, -94, 17, -90, -22, -84, -67, -74, -106, -61, -128, -47, -128, -32, -128, -14, -128, 1, -128, 11, -128, 22, -128, 28, -128, 27, -128, 29, -128, 33, -128, 27, -128, 20, -128, 15, -128, 10, -128, 9, -128, 2, -124, -6]",esp32_2
CSI_DATA,115713,2025-07-23 16:48:50.597,0,lie_down,00:00:00:00:00:00,-75,11,0,0,0,0,0,0,0,0,0,-97,0,1,0,1338582007,0,14,0,0,0,104,0,"[0, 0, 41, -70, 60, -68, 79, -63, 102, -58, 122, -57, 127, -65, 127, -75, 127, -87, 127, -94, 127, -88, 127, -83, 127, -79, 127, -72, 127, -59, 127, -48, 127, -38, 112, -22, 98, -12, 82, -5, 60, 6, 44, 14, 22, 15, -8, 15, -27, 10, -34, 3, 127, 40, 127, 39, 115, 35, 101, 28, 87, 14, 65, -7, 38, -31, 8, -53, -27, -76, -58, -110, -86, -128, -112, -128, -128, -128, -128, -128, -128, -128, -128, -128, -128, -128, -128, -128, -128, -128, -128, -128, -128, -128, -128, -128, -128, -128, -104, -120, -72, -99, -46, -91]",esp32_2
CSI_DATA,216446,2025-07-23 16:48:50.612,0,lie_down,00:00:00:00:00:00,-60,11,0,0,0,0,0,0,0,0,0,-97,0,1,0,2717818802,0,14,0,0,0,104,0,"[0, 0, 60, 26, 62, -7, 72, -35, 83, -59, 92, -79, 103, -94, 115, -106, 126, -114, 127, -117, 127, -118, 127, -118, 127, -114, 127, -106, 127, -98, 124, -91, 110, -82, 94, -85, 71, -98, 60, -96, 60, -90, 56, -94, 53, -100, 56, -104, 62, -104, 68, -103, 22, 75, 17, 85, 8, 97, -1, 105, -12, 111, -22, 111, -30, 105, -31, 96, -26, 84, -13, 73, 4, 65, 25, 60, 48, 61, 72, 68, 93, 77, 110, 91, 125, 109, 127, 126, 127, 127, 127, 127, 127, 127, 126, 127, 116, 127, 102, 127, 88, 127, 78, 123]",esp32_1
CSI_DATA,115714,2025-07-23 16:48:50.618,0,lie_down,00:00:00:00:00:00,-75,11,0,0,0,0,0,0,0,0,0,-97,0,1,0,1338618739,0,14,0,0,0,104,0,"[0, 0, -1, -97, 21, -111, 40, -128, 48, -128, 56, -128, 58, -128, 53, -128, 53, -128, 54, -128, 52, -128, 50, -128, 49, -128, 48, -128, 47, -128, 47, -128, 54, -124, 62, -109, 65, -88, 63, -60, 54, -35, 48, -14, 42, 4, 25, 21, 14, 37, 10, 44, 127, -15, 127, -16, 127, -14, 120, -14, 97, -12, 66, -15, 31, -25, -9, -32, -52, -38, -99, -48, -128, -56, -128, -59, -128, -65, -128, -70, -128, -64, -128, -61, -128, -61, -128, -57, -128, -50, -128, -40, -128, -30, -128, -27, -128, -30, -128, -39, -128, -49, -100, -55]",esp32_2
CSI_DATA,115715,2025-07-23 16:48:50.635,0,lie_down,00:00:00:00:00:00,-73,11,0,0,0,0,0,0,0,0,0,-97,0,1,0,1338678275,0,14,0,0,0,104,0,"[0, 0, 127, -11, 127, 7, 127, 23, 127, 35, 127, 39, 127, 36, 127, 33, 127, 27, 127, 15, 127, 6, 127, 1, 127, -2, 127, -1, 127, 1, 127, 4, 110, 8, 88, 13, 64, 15, 44, 21, 29, 32, 15, 39, 2, 39, -14, 36, -29, 34, -38, 30, -115, 80, -114, 74, -107, 67, -93, 58, -76, 46, -57, 32, -31, 13, -3, -8, 23, -33, 50, -60, 78, -90, 108, -125, 127, -128, 127, -128, 127, -128, 127, -128, 127, -128, 127, -128, 127, -128, 127, -128, 122, -128, 110, -128, 99, -128, 95, -128, 97, -122, 98, -97]",esp32_2
CSI_DATA,216447,2025-07-23 16:48:50.645,0,lie_down,00:00:00:00:00:00,-60,11,0,0,0,0,0,0,0,0,0,-97,0,1,0,2717828802,0,14,0,0,0,104,0,"[0, 0, -48, 48, -20, 63, 5, 80, 25, 101, 40, 120, 50, 127, 57, 127, 61, 127, 60, 127, 58, 127, 54, 127, 49, 127, 44, 127, 41, 127, 40, 127, 43, 127, 46, 116, 51, 103, 60, 94, 69, 88, 77, 86, 82, 87, 82, 89, 79, 94, 75, 96, -78, -14, -86, -24, -97, -37, -103, -49, -101, -61, -92, -70, -81, -72, -72, -67, -65, -57, -62, -41, -61, -22, -65, -1, -78, 20, -95, 39, -112, 55, -128, 67, -128, 75, -128, 79, -128, 78, -128, 71, -128, 62, -128, 53, -128, 44, -128, 36, -128, 29, -128, 24]",esp32_1
CSI_DATA,216448,2025-07-23 16:48:50.666,0,lie_down,00:00:00:00:00:00,-60,11,0,0,0,0,0,0,0,0,0,-97,0,1,0,2717840412,0,14,0,0,0,104,0,"[0, 0, -40, 56, -8, 65, 20, 79, 43, 96, 60, 111, 74, 126, 85, 127, 90, 127, 89, 127, 86, 127, 83, 127, 80, 127, 76, 127, 71, 127, 68, 127, 67, 116, 67, 101, 71, 88, 79, 79, 87, 72, 94, 67, 100, 66, 100, 69, 98, 73, 94, 76, -82, -7, -90, -17, -100, -31, -106, -43, -106, -53, -99, -60, -89, -62, -78, -59, -71, -50, -67, -35, -63, -14, -65, 8, -75, 29, -89, 49, -104, 69, -121, 86, -128, 97, -128, 102, -128, 103, -128, 100, -128, 93, -128, 84, -128, 74, -128, 62, -128, 51, -128, 44]",esp32_1
CSI_DATA,115716,2025-07-23 16:48:50.666,0,lie_down,00:00:00:00:00:00,-73,11,0,0,0,0,0,0,0,0,0,-97,0,1,0,1338704744,0,14,0,0,0,104,0,"[0, 0, -90, -76, -74, -107, -63, -128, -68, -128, -76, -128, -77, -128, -83, -128, -97, -128, -109, -128, -116, -128, -123, -128, -128, -128, -126, -128, -114, -128, -99, -128, -83, -116, -67, -100, -50, -83, -29, -66, -9, -55, 5, -50, 19, -43, 37, -30, 54, -17, 63, -8, 120, 77, 116, 79, 107, 76, 94, 68, 81, 59, 60, 54, 30, 49, -1, 34, -35, 16, -73, 3, -113, -2, -128, -8, -128, -14, -128, -12, -128, -8, -128, -5, -128, 6, -128, 19, -128, 31, -128, 43, -128, 51, -128, 53, -128, 51, -128, 36, -128, 12, -128, -8]",esp32_2
CSI_DATA,115717,2025-07-23 16:48:50.686,0,lie_down,00:00:00:00:00:00,-72,11,0,0,0,0,0,0,0,0,0,-97,0,1,0,1338739631,0,14,0,0,0,104,0,"[0, 0, 70, -19, 84, 1, 98, 20, 107, 30, 118, 35, 127, 37, 127, 39, 127, 41, 127, 38, 127, 31, 127, 26, 127, 23, 127, 16, 127, 9, 127, 6, 113, 6, 96, 7, 86, 10, 78, 14, 61, 18, 43, 24, 27, 32, 13, 37, -1, 42, -14, 47, -90, -13, -94, -15, -95, -15, -91, -13, -81, -14, -65, -16, -50, -20, -36, -24, -20, -26, 3, -27, 30, -31, 55, -40, 75, -49, 93, -61, 108, -81, 119, -97, 127, -107, 127, -122, 127, -128, 124, -128, 112, -128, 105, -128, 99, -128, 90, -117, 82, -93, 76, -77]",esp32_2
CSI_DATA,216449,2025-07-23 16:48:50.689,0,lie_down,00:00:00:00:00:00,-60,11,0,0,0,0,0,0,0,0,0,-97,0,1,0,2717848838,0,14,0,0,0,104,0,"[0, 0, -68, -8, -64, 24, -65, 54, -67, 82, -72, 105, -79, 125, -88, 127, -97, 127, -106, 127, -111, 127, -112, 127, -111, 127, -106, 127, -99, 126, -89, 116, -75, 109, -61, 105, -49, 104, -37, 106, -27, 109, -21, 112, -19, 117, -21, 120, -26, 122, -32, 122, -35, -78, -32, -90, -27, -103, -19, -111, -8, -117, 3, -118, 11, -112, 14, -101, 9, -88, -3, -74, -18, -62, -39, -53, -64, -48, -91, -47, -116, -51, -128, -64, -128, -80, -128, -94, -128, -106, -128, -117, -128, -127, -128, -128, -128, -128, -128, -128, -123, -114, -109, -102]",esp32_1
CSI_DATA,115718,2025-07-23 16:48:50.708,0,lie_down,00:00:00:00:00:00,-72,11,0,0,0,0,0,0,0,0,0,-97,0,1,0,1338764069,0,14,0,0,0,104,0,"[0, 0, 127, -36, 127, -10, 127, 12, 127, 28, 127, 33, 127, 32, 127, 29, 127, 22, 127, 9, 127, -9, 127, -24, 127, -37, 127, -45, 127, -42, 127, -39, 127, -39, 127, -32, 127, -25, 125, -15, 103, -2, 75, 9, 50, 21, 35, 33, 17, 44, 1, 53, -128, 32, -128, 23, -128, 17, -128, 16, -128, 11, -128, 5, -111, -1, -80, -12, -46, -31, -9, -53, 30, -76, 70, -101, 110, -128, 127, -128, 127, -128, 127, -128, 127, -128, 127, -128, 127, -128, 127, -128, 127, -128, 127, -128, 126, -128, 113, -128, 106, -128, 106, -128]",esp32_2
CSI_DATA,216450,2025-07-23 16:48:50.712,0,lie_down,00:00:00:00:00:00,-61,11,0,0,0,0,0,0,0,0,0,-97,0,1,0,2717859779,0,14,0,0,0,104,0,"[0, 0, -26, -68, -55, -52, -86, -40, -116, -32, -128, -27, -128, -25, -128, -26, -128, -28, -128, -32, -128, -35, -128, -37, -128, -38, -128, -39, -128, -37, -128, -31, -128, -20, -128, -6, -125, 7, -118, 20, -115, 30, -114, 37, -117, 40, -122, 43, -127, 43, -128, 38, 61, -71, 74, -72, 88, -68, 100, -63, 110, -57, 117, -50, 114, -40, 101, -33, 85, -30, 67, -36, 48, -50, 29, -67, 14, -82, 4, -106, -3, -128, -7, -128, -4, -128, 4, -128, 19, -128, 36, -128, 49, -128, 56, -128, 58, -128, 56, -128, 51, -128, 45, -128]",esp32_1
CSI_DATA,115719,2025-07-23 16:48:50.732,0,lie_down,00:00:00:00:00:00,-73,11,0,0,0,0,0,0,0,0,0,-97,0,1,0,1338805986,0,14,0,0,0,104,0,"[0, 0, -101, -62, -81, -90, -62, -120, -46, -128, -31, -128, -25, -128, -28, -128, -32, -128, -35, -128, -40, -128, -52, -128, -64, -128, -67, -128, -63, -128, -58, -128, -55, -128, -50, -128, -41, -128, -35, -128, -31, -90, -24, -57, -19, -27, -16, 5, -12, 38, -7, 63, 127, -58, 127, -59, 127, -54, 127, -46, 120, -42, 108, -36, 91, -30, 67, -25, 39, -21, 1, -16, -36, -13, -63, -8, -93, -5, -127, -2, -128, 0, -128, 2, -128, 10, -128, 21, -128, 29, -128, 25, -128, 24, -128, 28, -128, 29, -128, 28, -128, 21, -128, 11]",esp32_2
CSI_DATA,216451,2025-07-23 16:48:50.735,0,lie_down,00:00:00:00:00:00,-60,11,0,0,0,0,0,0,0,0,0,-97,0,1,0,2717868832,0,14,0,0,0,104,0,"[0, 0, -26, 73, 7, 76, 37, 83, 61, 93, 81, 103, 97, 113, 109, 124, 117, 127, 119, 127, 117, 127, 113, 127, 107, 127, 100, 127, 93, 127, 87, 120, 83, 105, 82, 89, 84, 74, 89, 63, 96, 55, 103, 52, 108, 52, 110, 54, 111, 59, 110, 63, -89, 25, -99, 18, -110, 8, -118, -4, -122, -14, -119, -22, -110, -28, -98, -29, -86, -23, -75, -10, -66, 9, -60, 30, -61, 53, -67, 79, -77, 103, -89, 124, -105, 127, -124, 127, -128, 127, -128, 127, -128, 127, -128, 127, -128, 127, -128, 119, -128, 104, -122, 94]",esp32_1
CSI_DATA,216452,2025-07-23 16:48:50.759,0,lie_down,00:00:00:00:00:00,-60,11,0,0,0,0,0,0,0,0,0,-97,0,1,0,2717878790,0,14,0,0,0,104,0,"[0, 0, 76, 4, 71, -28, 71, -58, 74, -86, 76, -108, 81, -128, 91, -128, 102, -128, 108, -128, 113, -128, 116, -128, 116, -128, 113, -128, 107, -128, 95, -118, 80, -108, 66, -104, 52, -103, 38, -105, 27, -107, 20, -112, 16, -117, 18, -120, 24, -123, 30, -124, 40, 78, 36, 92, 31, 104, 24, 114, 15, 122, 4, 123, -5, 117, -9, 106, -4, 92, 7, 77, 23, 64, 43, 52, 69, 45, 97, 44, 122, 49, 127, 59, 127, 73, 127, 87, 127, 99, 127, 111, 127, 121, 127, 127, 127, 127, 127, 123, 127, 110, 123, 98]",esp32_1
CSI_DATA,115720,2025-07-23 16:48:50.759,0,lie_down,00:00:00:00:00:00,-73,11,0,0,0,0,0,0,0,0,0,-97,0,1,0,1338828041,0,14,0,0,0,104,0,"[0, 0, -9, -104, 35, -99, 79, -94, 112, -94, 127, -96, 127, -102, 127, -117, 127, -128, 127, -128, 127, -128, 127, -128, 127, -128, 127, -128, 127, -128, 127, -128, 127, -128, 123, -128, 96, -118, 68, -94, 38, -68, 9, -43, -12, -17, -30, 8, -52, 27, -71, 38, 124, 81, 117, 83, 111, 89, 106, 92, 98, 88, 78, 79, 51, 65, 30, 46, 11, 22, -13, -9, -37, -41, -57, -72, -78, -108, -99, -128, -121, -128, -128, -128, -128, -128, -128, -128, -128, -128, -128, -128, -128, -128, -128, -128, -128, -128, -128, -128, -128, -128, -116, -128]",esp32_2
CSI_DATA,216453,2025-07-23 16:48:50.779,0,lie_down,00:00:00:00:00:00,-60,11,0,0,0,0,0,0,0,0,0,-97,0,1,0,2717888780,0,14,0,0,0,104,0,"[0, 0, 74, -4, 66, -36, 65, -65, 65, -90, 66, -111, 70, -128, 78, -128, 86, -128, 94, -128, 99, -128, 101, -128, 101, -128, 99, -128, 94, -128, 82, -123, 69, -114, 56, -105, 43, -102, 30, -103, 18, -105, 9, -109, 6, -114, 7, -116, 12, -119, 16, -121, 46, 78, 46, 89, 42, 102, 35, 113, 24, 120, 12, 121, 3, 115, -2, 105, 0, 91, 10, 74, 25, 61, 45, 49, 71, 39, 98, 35, 122, 37, 127, 43, 127, 56, 127, 68, 127, 79, 127, 91, 127, 102, 127, 110, 127, 114, 127, 109, 127, 98, 126, 87]",esp32_1
CSI_DATA,216454,2025-07-23 16:48:50.803,0,lie_down,00:00:00:00:00:00,-61,11,0,0,0,0,0,0,0,0,0,-97,0,1,0,2717921551,0,14,0,0,0,104,0,"[0, 0, 10, 83, 50, 59, 89, 41, 120, 31, 127, 27, 127, 25, 127, 25, 127, 26, 127, 32, 127, 40, 127, 48, 127, 55, 127, 58, 127, 56, 127, 50, 127, 41, 127, 26, 125, 11, 117, -6, 111, -23, 111, -38, 113, -50, 114, -58, 118, -61, 122, -60, -104, 64, -118, 57, -128, 48, -128, 39, -128, 29, -128, 17, -128, 7, -128, 1, -121, 3, -100, 13, -78, 33, -59, 56, -48, 82, -41, 113, -35, 127, -33, 127, -40, 127, -52, 127, -64, 127, -78, 127, -91, 127, -102, 127, -108, 127, -103, 127, -92, 127, -84, 127]",esp32_1
CSI_DATA,216455,2025-07-23 16:48:50.823,0,lie_down,00:00:00:00:00:00,-62,11,0,0,0,0,0,0,0,0,0,-97,0,1,0,2717948814,0,14,0,0,0,104,0,"[0, 0, 40, 47, 51, 17, 66, -10, 81, -34, 96, -55, 112, -73, 127, -87, 127, -94, 127, -95, 127, -94, 127, -91, 127, -85, 127, -75, 127, -64, 127, -54, 127, -47, 108, -44, 90, -46, 73, -50, 59, -58, 47, -65, 38, -72, 36, -78, 40, -86, 44, -91, -36, 79, -46, 83, -59, 86, -72, 87, -84, 85, -91, 80, -92, 74, -88, 66, -77, 58, -60, 54, -41, 57, -20, 61, 1, 68, 21, 83, 39, 101, 52, 121, 63, 127, 70, 127, 74, 127, 72, 127, 66, 127, 59, 127, 52, 127, 46, 127, 40, 127, 35, 127]",esp32_1
CSI_DATA,216456,2025-07-23 16:48:50.845,0,lie_down,00:00:00:00:00:00,-62,11,0,0,0,0,0,0,0,0,0,-97,0,1,0,2717982995,0,14,0,0,0,104,0,"[0, 0, 34, -74, -3, -68, -39, -66, -73, -71, -102, -77, -128, -85, -128, -93, -128, -101, -128, -114, -128, -127, -128, -128, -128, -128, -128, -128, -128, -128, -128, -128, -113, -120, -97, -101, -86, -80, -81, -60, -80, -40, -83, -23, -89, -10, -96, -2, -105, 1, -111, 1, 93, -8, 105, -1, 116, 12, 124, 24, 127, 36, 127, 47, 120, 55, 110, 57, 100, 51, 90, 39, 80, 20, 72, -1, 72, -22, 77, -47, 81, -76, 86, -105, 99, -128, 117, -128, 127, -128, 127, -128, 127, -128, 127, -128, 127, -128, 127, -128, 127, -128, 127, -112]",esp32_1
CSI_DATA,115722,2025-07-23 16:48:50.867,0,lie_down,00:00:00:00:00:00,-74,11,0,0,0,0,0,0,0,0,0,-97,0,1,0,1338879901,0,14,0,0,0,104,0,"[0, 0, 55, 127, 21, 127, -10, 126, -41, 124, -73, 127, -109, 127, -128, 127, -128, 127, -128, 127, -128, 127, -128, 127, -128, 127, -128, 127, -128, 127, -128, 127, -106, 127, -88, 127, -75, 127, -60, 127, -41, 98, -23, 58, -9, 20, -1, -20, 5, -55, 12, -74, -73, -108, -65, -115, -57, -114, -48, -107, -36, -97, -18, -85, -1, -70, 9, -55, 20, -35, 34, -8, 45, 21, 50, 52, 62, 85, 80, 114, 92, 127, 105, 127, 122, 127, 127, 127, 127, 127, 127, 127, 127, 127, 127, 127, 127, 127, 127, 127, 127, 127, 127, 127]",esp32_2
CSI_DATA,216457,2025-07-23 16:48:50.870,0,lie_down,00:00:00:00:00:00,-62,11,0,0,0,0,0,0,0,0,0,-97,0,1,0,2718020261,0,14,0,0,0,104,0,"[0, 0, -76, -25, -59, 8, -47, 43, -40, 79, -36, 111, -36, 127, -41, 127, -49, 127, -59, 127, -69, 127, -78, 127, -87, 127, -96, 127, -102, 127, -100, 127, -90, 127, -78, 121, -63, 104, -44, 92, -24, 84, -5, 81, 11, 82, 23, 86, 29, 94, 31, 99, -21, -77, -18, -89, -13, -106, -5, -120, 5, -128, 16, -128, 26, -128, 34, -127, 34, -119, 26, -108, 17, -96, 3, -83, -19, -71, -44, -63, -68, -61, -90, -63, -115, -67, -128, -74, -128, -82, -128, -91, -128, -101, -128, -110, -128, -117, -128, -115, -128, -108, -128, -103]",esp32_1
CSI_DATA,216458,2025-07-23 16:48:50.893,0,lie_down,00:00:00:00:00:00,-62,11,0,0,0,0,0,0,0,0,0,-97,0,1,0,2718057173,0,14,0,0,0,104,0,"[0, 0, 78, -23, 46, -39, 19, -59, -7, -85, -28, -112, -42, -128, -51, -128, -55, -128, -51, -128, -42, -128, -34, -128, -24, -128, -9, -128, 6, -128, 14, -128, 17, -128, 17, -128, 13, -127, 2, -108, -13, -93, -29, -83, -43, -78, -54, -76, -63, -81, -68, -85, 61, 39, 69, 46, 78, 58, 84, 72, 86, 86, 83, 96, 77, 103, 72, 105, 70, 103, 69, 97, 67, 87, 67, 72, 75, 55, 88, 39, 99, 22, 110, 8, 127, -4, 127, -15, 127, -20, 127, -22, 127, -22, 127, -20, 127, -11, 127, -4, 127, 0, 127, 5]",esp32_1
CSI_DATA,115723,2025-07-23 16:48:50.898,0,lie_down,00:00:00:00:00:00,-73,11,0,0,0,0,0,0,0,0,0,-97,0,1,0,1338926649,0,14,0,0,0,104,0,"[0, 0, -52, -128, -21, -128, 16, -127, 48, -126, 74, -128, 102, -128, 126, -128, 127, -128, 127, -128, 127, -128, 127, -128, 127, -128, 127, -128, 127, -128, 127, -128, 116, -128, 102, -128, 89, -128, 67, -128, 47, -123, 32, -85, 16, -52, 4, -16, -5, 22, -13, 45, 5, 114, -2, 113, -10, 113, -20, 108, -33, 100, -40, 88, -38, 73, -35, 57, -36, 37, -42, 12, -45, -13, -35, -43, -28, -72, -32, -95, -36, -121, -42, -128, -46, -128, -50, -128, -61, -128, -73, -128, -79, -128, -88, -128, -98, -128, -101, -128, -101, -128, -99, -128]",esp32_2
CSI_DATA,216459,2025-07-23 16:48:50.915,0,lie_down,00:00:00:00:00:00,-62,11,0,0,0,0,0,0,0,0,0,-97,0,1,0,2718091919,0,14,0,0,0,104,0,"[0, 0, 29, 103, 45, 62, 66, 27, 90, -2, 117, -28, 127, -50, 127, -63, 127, -69, 127, -73, 127, -70, 127, -61, 127, -44, 127, -21, 127, -2, 127, 11, 127, 18, 127, 22, 127, 19, 127, 10, 126, -3, 111, -21, 102, -39, 101, -52, 109, -60, 115, -63, -22, 89, -30, 99, -41, 110, -54, 119, -67, 126, -79, 127, -89, 125, -94, 121, -89, 117, -77, 117, -66, 120, -48, 121, -27, 124, -10, 127, 3, 127, 15, 127, 27, 127, 38, 127, 47, 127, 47, 127, 43, 127, 40, 127, 40, 127, 37, 127, 31, 127, 25, 127]",esp32_1
CSI_DATA,115724,2025-07-23 16:48:50.925,0,lie_down,00:00:00:00:00:00,-73,11,0,0,0,0,0,0,0,0,0,-97,0,1,0,1338964840,0,14,0,0,0,104,0,"[0, 0, 63, 84, 50, 81, 31, 83, 13, 87, 0, 92, -10, 101, -21, 114, -28, 127, -26, 127, -21, 127, -16, 127, -5, 127, 11, 127, 20, 127, 27, 127, 35, 127, 43, 127, 46, 123, 44, 100, 39, 74, 32, 48, 21, 23, 7, 2, -10, -16, -20, -27, 16, -85, 22, -81, 29, -76, 33, -71, 39, -65, 47, -57, 54, -48, 59, -35, 67, -24, 72, -14, 71, 0, 69, 13, 66, 25, 66, 42, 65, 60, 62, 76, 62, 94, 67, 109, 70, 119, 73, 127, 80, 127, 86, 127, 92, 127, 94, 127, 95, 127, 98, 127]",esp32_2
CSI_DATA,216460,2025-07-23 16:48:50.936,0,lie_down,00:00:00:00:00:00,-62,11,0,0,0,0,0,0,0,0,0,-97,0,1,0,2718116770,0,14,0,0,0,104,0,"[0, 0, 77, -51, 42, -53, 4, -57, -25, -71, -45, -91, -66, -107, -86, -127, -98, -128, -108, -128, -112, -128, -107, -128, -101, -128, -86, -128, -63, -128, -48, -128, -41, -128, -36, -128, -34, -128, -36, -118, -42, -102, -50, -92, -58, -80, -68, -75, -74, -80, -78, -85, 71, -7, 82, -2, 95, 7, 105, 17, 108, 27, 106, 34, 104, 38, 103, 42, 101, 39, 97, 25, 92, 10, 92, -2, 99, -16, 112, -33, 120, -48, 127, -59, 127, -71, 127, -84, 127, -89, 127, -90, 127, -90, 127, -86, 127, -83, 127, -82, 127, -75, 127, -67]",esp32_1
CSI_DATA,115725,2025-07-23 16:48:50.947,0,lie_down,00:00:00:00:00:00,-72,11,0,0,0,0,0,0,0,0,0,-97,0,1,0,1339010015,0,14,0,0,0,104,0,"[0, 0, 126, 88, 114, 83, 94, 85, 78, 86, 63, 90, 48, 102, 32, 114, 18, 127, 7, 127, 1, 127, 3, 127, 9, 127, 15, 127, 23, 127, 33, 127, 41, 127, 48, 127, 55, 127, 56, 127, 54, 127, 52, 109, 47, 80, 38, 49, 27, 20, 20, 0, -63, -54, -53, -54, -43, -59, -33, -65, -21, -72, -9, -77, 0, -80, 7, -85, 15, -87, 21, -88, 27, -87, 32, -79, 33, -66, 32, -54, 31, -40, 32, -22, 37, 1, 44, 22, 53, 39, 62, 57, 76, 74, 90, 90, 100, 104, 110, 111, 124, 113, 127, 114]",esp32_2
CSI_DATA,216461,2025-07-23 16:48:50.962,0,lie_down,00:00:00:00:00:00,-65,11,0,0,0,0,0,0,0,0,0,-97,0,1,0,2718142599,0,14,0,0,0,104,0,"[0, 0, -50, 70, -25, 66, -1, 65, 23, 71, 46, 80, 68, 88, 89, 98, 108, 110, 122, 124, 127, 127, 127, 127, 127, 127, 127, 127, 119, 127, 110, 127, 101, 127, 94, 127, 87, 127, 82, 127, 82, 127, 88, 127, 97, 127, 105, 127, 110, 127, 111, 127, -49, 40, -59, 40, -75, 38, -86, 36, -90, 34, -89, 32, -86, 29, -83, 26, -80, 27, -79, 34, -75, 46, -71, 59, -71, 67, -73, 77, -76, 91, -79, 105, -83, 116, -92, 123, -103, 126, -112, 127, -118, 125, -120, 121, -120, 116, -117, 110, -108, 101, -97, 92]",esp32_1
CSI_DATA,216462,2025-07-23 16:48:50.980,0,lie_down,00:00:00:00:00:00,-61,11,0,0,0,0,0,0,0,0,0,-97,0,1,0,2718177060,0,14,0,0,0,104,0,"[0, 0, -39, 80, -15, 85, 8, 91, 29, 98, 47, 102, 63, 107, 76, 114, 86, 119, 89, 127, 87, 127, 87, 127, 88, 127, 90, 127, 91, 127, 88, 124, 84, 118, 83, 110, 84, 99, 86, 90, 86, 83, 86, 80, 84, 81, 80, 84, 78, 87, 75, 90, -76, 28, -86, 25, -96, 16, -103, 6, -106, -1, -103, -3, -95, -3, -84, 0, -74, 8, -67, 18, -63, 34, -61, 54, -67, 75, -78, 98, -88, 121, -99, 127, -119, 127, -128, 127, -128, 127, -128, 127, -128, 127, -128, 127, -128, 120, -128, 101, -128, 88, -128, 80]",esp32_1
CSI_DATA,115726,2025-07-23 16:48:50.980,0,lie_down,00:00:00:00:00:00,-72,11,0,0,0,0,0,0,0,0,0,-97,0,1,0,1339035836,0,14,0,0,0,104,0,"[0, 0, -128, 34, -128, 29, -128, 20, -128, 5, -128, -21, -114, -54, -103, -90, -97, -126, -96, -128, -102, -128, -109, -128, -118, -128, -128, -128, -128, -128, -128, -128, -128, -128, -128, -128, -128, -128, -128, -128, -128, -128, -112, -128, -93, -96, -75, -57, -58, -18, -41, 7, 50, -73, 54, -59, 56, -42, 60, -22, 65, -4, 66, 10, 69, 26, 77, 37, 81, 47, 79, 57, 75, 59, 71, 57, 68, 54, 56, 44, 35, 28, 11, 10, -15, 1, -44, -8, -72, -21, -104, -29, -128, -28, -128, -24, -128, -17, -128, -4, -128, 8, -128, 12]",esp32_2
CSI_DATA,216463,2025-07-23 16:48:51.002,0,lie_down,00:00:00:00:00:00,-61,11,0,0,0,0,0,0,0,0,0,-97,0,1,0,2718214135,0,14,0,0,0,104,0,"[0, 0, -57, 7, -47, 43, -41, 73, -40, 100, -47, 124, -53, 127, -59, 127, -62, 127, -55, 127, -45, 127, -43, 127, -47, 127, -52, 127, -52, 127, -41, 127, -24, 112, -11, 100, 0, 94, 12, 91, 27, 92, 42, 94, 55, 91, 63, 90, 65, 98, 61, 104, -4, -85, 5, -95, 16, -105, 26, -111, 37, -112, 49, -105, 58, -92, 59, -80, 49, -68, 28, -55, 3, -43, -23, -32, -54, -28, -88, -34, -117, -45, -128, -58, -128, -74, -128, -89, -128, -104, -128, -122, -128, -128, -128, -128, -128, -128, -128, -116, -128, -101, -120, -93]",esp32_1
CSI_DATA,115727,2025-07-23 16:48:51.007,0,lie_down,00:00:00:00:00:00,-72,11,0,0,0,0,0,0,0,0,0,-97,0,1,0,1339061149,0,14,0,0,0,104,0,"[0, 0, -108, -86, -94, -78, -77, -71, -56, -67, -33, -66, -8, -71, 20, -79, 44, -90, 62, -103, 78, -115, 94, -127, 110, -128, 120, -128, 125, -128, 124, -128, 119, -128, 112, -128, 100, -128, 86, -128, 70, -122, 52, -104, 32, -82, 11, -60, -10, -40, -23, -25, 51, -15, 48, -9, 43, 2, 39, 13, 34, 24, 27, 32, 20, 37, 15, 41, 9, 44, 3, 43, -2, 41, -7, 35, -11, 23, -12, 9, -17, -5, -22, -23, -26, -42, -34, -60, -42, -78, -50, -96, -60, -108, -74, -117, -87, -125, -97, -128, -109, -125, -117, -122]",esp32_2
CSI_DATA,216464,2025-07-23 16:48:51.028,0,lie_down,00:00:00:00:00:00,-62,11,0,0,0,0,0,0,0,0,0,-97,0,1,0,2718250824,0,14,0,0,0,104,0,"[0, 0, -69, -21, -48, 10, -32, 38, -16, 70, -5, 102, 1, 127, 1, 127, -1, 127, -6, 127, -12, 127, -16, 127, -24, 127, -33, 127, -36, 127, -37, 127, -36, 127, -30, 127, -22, 127, -11, 117, 3, 108, 17, 101, 29, 100, 38, 102, 40, 104, 38, 105, -41, -63, -43, -77, -46, -95, -44, -112, -37, -126, -25, -128, -12, -128, -3, -128, -2, -125, -7, -116, -14, -103, -25, -85, -42, -67, -62, -54, -84, -46, -108, -43, -128, -44, -128, -48, -128, -55, -128, -65, -128, -75, -128, -83, -128, -90, -128, -89, -128, -85, -128, -84]",esp32_1
CSI_DATA,115728,2025-07-23 16:48:51.039,0,lie_down,00:00:00:00:00:00,-72,11,0,0,0,0,0,0,0,0,0,-97,0,1,0,1339095689,0,14,0,0,0,104,0,"[0, 0, 4, 96, 0, 75, -5, 55, -15, 33, -29, 12, -44, -8, -60, -30, -76, -53, -89, -72, -105, -87, -122, -104, -128, -118, -128, -128, -128, -128, -128, -128, -128, -128, -125, -128, -114, -117, -102, -103, -87, -85, -73, -66, -59, -43, -49, -22, -44, -2, -42, 13, -31, 18, -34, 9, -34, -2, -34, -12, -34, -20, -31, -26, -26, -30, -23, -31, -20, -28, -18, -21, -16, -12, -13, 1, -9, 18, -7, 37, -7, 56, -9, 76, -12, 96, -13, 113, -13, 127, -14, 127, -13, 127, -11, 127, -8, 127, -2, 127, 5, 127, 11, 127]",esp32_2
CSI_DATA,216465,2025-07-23 16:48:51.048,0,lie_down,00:00:00:00:00:00,-61,11,0,0,0,0,0,0,0,0,0,-97,0,1,0,2718299299,0,14,0,0,0,104,0,"[0, 0, 58, -54, 27, -61, -3, -69, -27, -83, -47, -97, -64, -111, -79, -126, -90, -128, -96, -128, -97, -128, -96, -128, -91, -128, -83, -128, -74, -128, -66, -128, -59, -128, -54, -124, -54, -110, -56, -96, -61, -86, -68, -79, -76, -74, -80, -72, -82, -74, -83, -77, 77, -2, 86, 5, 97, 15, 106, 26, 110, 35, 106, 43, 98, 48, 90, 47, 83, 40, 77, 28, 70, 10, 68, -12, 76, -33, 88, -54, 100, -74, 112, -93, 127, -107, 127, -116, 127, -117, 127, -114, 127, -109, 127, -100, 127, -90, 127, -81, 127, -70, 127, -59]",esp32_1
CSI_DATA,216466,2025-07-23 16:48:51.073,0,lie_down,00:00:00:00:00:00,-61,11,0,0,0,0,0,0,0,0,0,-97,0,1,0,2718324247,0,14,0,0,0,104,0,"[0, 0, 81, 15, 75, -15, 74, -44, 76, -71, 80, -95, 85, -115, 93, -128, 103, -128, 113, -128, 121, -128, 127, -128, 127, -128, 127, -128, 127, -128, 127, -125, 120, -113, 111, -102, 99, -96, 87, -93, 73, -92, 62, -93, 55, -95, 51, -97, 52, -100, 54, -102, 44, 65, 45, 75, 44, 87, 40, 98, 32, 107, 22, 112, 14, 112, 10, 106, 12, 95, 20, 81, 31, 70, 47, 60, 69, 51, 94, 48, 115, 51, 127, 59, 127, 72, 127, 83, 127, 94, 127, 106, 127, 115, 127, 125, 127, 127, 127, 123, 127, 109, 127, 98]",esp32_1
CSI_DATA,216467,2025-07-23 16:48:51.095,0,lie_down,00:00:00:00:00:00,-62,11,0,0,0,0,0,0,0,0,0,-97,0,1,0,2718352360,0,14,0,0,0,104,0,"[0, 0, 70, -19, 43, -40, 21, -62, 1, -88, -15, -112, -28, -128, -35, -128, -37, -128, -36, -128, -33, -128, -29, -128, -24, -128, -14, -128, -3, -128, 2, -128, 4, -128, 4, -128, 0, -128, -8, -127, -19, -116, -31, -109, -40, -106, -45, -105, -47, -108, -46, -111, 58, 42, 63, 51, 69, 65, 72, 78, 70, 88, 61, 95, 52, 98, 47, 95, 46, 86, 49, 72, 52, 56, 61, 39, 82, 23, 104, 10, 123, -1, 127, -8, 127, -11, 127, -11, 127, -9, 127, -3, 127, 5, 127, 14, 127, 21, 127, 24, 127, 23, 127, 25]",esp32_1
CSI_DATA,216468,2025-07-23 16:48:51.120,0,lie_down,00:00:00:00:00:00,-62,11,0,0,0,0,0,0,0,0,0,-97,0,1,0,2718380770,0,14,0,0,0,104,0,"[0, 0, -51, 61, -18, 69, 12, 78, 38, 94, 59, 112, 77, 125, 90, 127, 98, 127, 103, 127, 105, 127, 103, 127, 98, 127, 91, 127, 85, 127, 78, 127, 73, 127, 70, 125, 70, 111, 73, 99, 78, 89, 86, 84, 93, 82, 95, 82, 94, 85, 92, 87, -79, 3, -89, -4, -101, -14, -109, -25, -110, -35, -105, -42, -97, -45, -90, -43, -83, -34, -77, -19, -71, 0, -71, 21, -81, 43, -96, 66, -110, 86, -124, 104, -128, 118, -128, 127, -128, 127, -128, 122, -128, 113, -128, 105, -128, 97, -128, 88, -128, 75, -128, 66]",esp32_1
CSI_DATA,115730,2025-07-23 16:48:51.120,0,lie_down,00:00:00:00:00:00,-73,11,0,0,0,0,0,0,0,0,0,-97,0,1,0,1339169576,0,14,0,0,0,104,0,"[0, 0, 88, -60, 52, -54, 19, -44, -11, -25, -43, 1, -75, 26, -100, 55, -128, 94, -128, 127, -128, 127, -128, 127, -128, 127, -128, 127, -128, 127, -128, 127, -128, 127, -128, 127, -128, 127, -128, 127, -128, 106, -128, 84, -86, 65, -43, 51, -6, 42, 19, 33, 34, 80, 15, 81, -3, 82, -18, 83, -30, 78, -35, 64, -40, 45, -43, 25, -39, 8, -25, -6, 2, -19, 35, -27, 68, -33, 102, -40, 127, -42, 127, -40, 127, -38, 127, -32, 127, -23, 127, -16, 127, -15, 127, -22, 127, -31, 127, -37, 127, -42, 127, -52]",esp32_2
CSI_DATA,216469,2025-07-23 16:48:51.141,0,lie_down,00:00:00:00:00:00,-62,11,0,0,0,0,0,0,0,0,0,-97,0,1,0,2718401469,0,14,0,0,0,104,0,"[0, 0, 65, 28, 59, -15, 61, -58, 65, -98, 70, -128, 77, -128, 89, -128, 105, -128, 119, -128, 127, -128, 127, -128, 127, -128, 127, -128, 127, -128, 127, -128, 116, -128, 97, -125, 76, -118, 58, -115, 39, -115, 21, -116, 8, -119, 2, -126, 5, -128, 9, -128, 3, 93, -2, 106, -11, 120, -22, 127, -35, 127, -46, 127, -54, 125, -55, 117, -47, 104, -31, 92, -12, 86, 13, 80, 43, 75, 75, 78, 102, 87, 125, 101, 127, 119, 127, 127, 127, 127, 127, 127, 127, 127, 127, 127, 127, 127, 127, 127, 127, 127, 121, 127]",esp32_1
CSI_DATA,115731,2025-07-23 16:48:51.151,0,lie_down,00:00:00:00:00:00,-74,11,0,0,0,0,0,0,0,0,0,-97,0,1,0,1339203052,0,14,0,0,0,104,0,"[0, 0, -25, -112, -27, -77, -14, -41, 15, -1, 46, 36, 72, 61, 96, 82, 123, 111, 127, 127, 127, 127, 127, 127, 127, 127, 127, 127, 127, 127, 127, 127, 127, 127, 127, 120, 127, 106, 127, 93, 127, 74, 99, 53, 60, 26, 24, -3, -9, -27, -29, -42, 59, 49, 46, 55, 26, 66, 4, 78, -14, 83, -26, 79, -38, 68, -50, 55, -58, 36, -64, 17, -56, -2, -45, -37, -39, -73, -25, -102, -7, -128, 9, -128, 32, -128, 48, -128, 51, -128, 54, -128, 59, -128, 56, -128, 41, -128, 28, -128, 21, -128, 18, -128]",esp32_2
CSI_DATA,216470,2025-07-23 16:48:51.162,0,lie_down,00:00:00:00:00:00,-61,11,0,0,0,0,0,0,0,0,0,-97,0,1,0,2718436868,0,14,0,0,0,104,0,"[0, 0, 53, 60, 61, 31, 73, 6, 87, -17, 99, -36, 111, -53, 125, -67, 127, -77, 127, -82, 127, -85, 127, -88, 127, -87, 127, -81, 127, -75, 127, -70, 127, -64, 127, -59, 127, -56, 127, -54, 121, -54, 111, -54, 107, -55, 104, -57, 103, -58, 102, -56, 9, 87, 4, 96, -4, 106, -15, 114, -27, 119, -37, 120, -44, 115, -46, 105, -40, 94, -29, 85, -12, 83, 9, 81, 31, 82, 53, 92, 72, 107, 88, 125, 101, 127, 110, 127, 112, 127, 108, 127, 100, 127, 91, 127, 82, 127, 72, 127, 62, 127, 55, 127]",esp32_1
CSI_DATA,216471,2025-07-23 16:48:51.183,0,lie_down,00:00:00:00:00:00,-61,11,0,0,0,0,0,0,0,0,0,-97,0,1,0,2718460965,0,14,0,0,0,104,0,"[0, 0, -50, -87, -79, -62, -111, -39, -128, -25, -128, -17, -128, -12, -128, -10, -128, -12, -128, -18, -128, -27, -128, -32, -128, -32, -128, -31, -128, -32, -128, -27, -128, -17, -128, -6, -128, 6, -128, 18, -128, 26, -128, 26, -128, 25, -128, 21, -128, 14, -128, 7, 21, -99, 32, -107, 46, -113, 59, -118, 73, -123, 86, -124, 89, -119, 86, -110, 80, -100, 66, -92, 46, -94, 25, -101, 4, -112, -16, -128, -34, -128, -50, -128, -59, -128, -58, -128, -54, -128, -47, -128, -35, -128, -18, -128, -5, -128, 5, -128, 10, -128, 10, -128]",esp32_1
CSI_DATA,115732,2025-07-23 16:48:51.183,0,lie_down,00:00:00:00:00:00,-73,11,0,0,0,0,0,0,0,0,0,-97,0,1,0,1339229272,0,14,0,0,0,104,0,"[0, 0, 9, 56, 1, 31, -13, 9, -36, -11, -58, -26, -81, -40, -102, -55, -123, -64, -128, -66, -128, -64, -128, -62, -128, -59, -128, -55, -128, -51, -128, -45, -128, -39, -128, -38, -128, -35, -118, -30, -89, -25, -58, -20, -31, -16, -7, -11, 17, -5, 35, 0, -28, -54, -21, -55, -12, -57, -5, -55, 5, -52, 17, -49, 29, -43, 37, -35, 39, -26, 40, -13, 39, 4, 37, 21, 33, 39, 24, 59, 16, 77, 9, 88, 2, 102, -2, 118, -3, 127, -3, 127, -1, 127, 1, 127, 6, 127, 14, 127, 22, 127, 28, 118]",esp32_2
CSI_DATA,216472,2025-07-23 16:48:51.205,0,lie_down,00:00:00:00:00:00,-60,11,0,0,0,0,0,0,0,0,0,-97,0,1,0,2718488871,0,14,0,0,0,104,0,"[0, 0, -56, 45, -28, 72, -5, 99, 13, 127, 23, 127, 26, 127, 27, 127, 26, 127, 21, 127, 14, 127, 9, 127, 6, 127, 5, 127, 7, 127, 11, 127, 20, 125, 30, 109, 42, 98, 57, 91, 71, 86, 84, 84, 92, 87, 93, 93, 90, 100, 86, 104, -67, -63, -69, -75, -72, -90, -72, -103, -66, -111, -55, -112, -45, -109, -36, -102, -31, -89, -35, -70, -42, -48, -54, -24, -74, -1, -99, 17, -124, 32, -128, 42, -128, 46, -128, 47, -128, 43, -128, 34, -128, 23, -128, 11, -128, -1, -128, -7, -128, -9, -128, -10]",esp32_1
CSI_DATA,115733,2025-07-23 16:48:51.213,0,lie_down,00:00:00:00:00:00,-73,11,0,0,0,0,0,0,0,0,0,-97,0,1,0,1339255967,0,14,0,0,0,104,0,"[0, 0, 68, -27, 53, -16, 42, 1, 30, 22, 22, 45, 21, 69, 24, 92, 27, 115, 33, 127, 46, 127, 59, 127, 67, 127, 75, 127, 83, 127, 85, 127, 86, 127, 81, 127, 72, 127, 62, 117, 47, 94, 31, 73, 15, 52, 2, 29, -12, 12, -25, 2, -46, 28, -46, 17, -45, 2, -47, -7, -50, -14, -48, -24, -42, -33, -35, -40, -26, -46, -17, -48, -9, -44, 1, -39, 16, -35, 33, -29, 49, -22, 64, -15, 79, -12, 93, -14, 106, -16, 121, -13, 127, -10, 127, -17, 127, -25, 127, -33, 126, -41, 118, -43]",esp32_2
CSI_DATA,216473,2025-07-23 16:48:51.234,0,lie_down,00:00:00:00:00:00,-62,11,0,0,0,0,0,0,0,0,0,-97,0,1,0,2718531893,0,14,0,0,0,104,0,"[0, 0, -92, -14, -63, 2, -36, 20, -10, 42, 15, 66, 33, 93, 48, 119, 56, 127, 54, 127, 47, 127, 42, 127, 34, 127, 23, 127, 12, 127, 3, 127, -4, 127, -8, 127, -7, 127, -1, 119, 9, 102, 21, 91, 32, 84, 41, 78, 48, 76, 52, 77, -40, -57, -43, -67, -48, -82, -49, -96, -44, -108, -39, -114, -33, -116, -28, -118, -28, -114, -29, -107, -30, -94, -38, -80, -53, -67, -68, -55, -84, -45, -103, -37, -122, -31, -128, -28, -128, -23, -128, -21, -128, -23, -128, -27, -128, -36, -128, -43, -128, -44, -128, -46]",esp32_1
CSI_DATA,115734,2025-07-23 16:48:51.244,0,lie_down,00:00:00:00:00:00,-73,11,0,0,0,0,0,0,0,0,0,-97,0,1,0,1339280441,0,14,0,0,0,104,0,"[0, 0, -47, -128, -33, -112, -11, -98, 20, -80, 54, -66, 90, -60, 127, -63, 127, -74, 127, -86, 127, -99, 127, -120, 127, -128, 127, -128, 127, -128, 127, -128, 127, -128, 127, -128, 127, -128, 127, -128, 127, -112, 105, -89, 77, -63, 47, -35, 16, -11, -4, 3, 24, 49, 18, 54, 1, 59, -15, 57, -29, 52, -46, 47, -65, 43, -75, 39, -79, 35, -85, 28, -90, 18, -84, 0, -73, -22, -66, -44, -59, -65, -49, -87, -34, -107, -23, -128, -22, -128, -22, -128, -20, -128, -30, -128, -46, -128, -59, -128, -72, -128, -78, -128]",esp32_2
CSI_DATA,216474,2025-07-23 16:48:51.256,0,lie_down,00:00:00:00:00:00,-61,11,0,0,0,0,0,0,0,0,0,-97,0,1,0,2718557253,0,14,0,0,0,104,0,"[0, 0, -19, -100, -36, -78, -55, -58, -75, -42, -95, -30, -115, -22, -128, -18, -128, -16, -128, -20, -128, -26, -128, -30, -128, -35, -128, -40, -128, -44, -128, -44, -128, -42, -128, -39, -128, -35, -128, -29, -128, -23, -128, -21, -128, -19, -128, -20, -128, -24, -128, -29, 9, -70, 16, -75, 24, -81, 32, -86, 41, -92, 48, -95, 53, -93, 55, -89, 52, -85, 43, -83, 30, -85, 17, -87, 5, -90, -6, -100, -20, -117, -33, -128, -39, -128, -40, -128, -39, -128, -33, -128, -25, -128, -17, -128, -7, -128, 1, -128, 5, -128, 7, -128]",esp32_1
CSI_DATA,216475,2025-07-23 16:48:51.277,0,lie_down,00:00:00:00:00:00,-62,11,0,0,0,0,0,0,0,0,0,-97,0,1,0,2718594454,0,14,0,0,0,104,0,"[0, 0, 49, -19, 17, -45, -9, -73, -31, -103, -48, -128, -60, -128, -67, -128, -70, -128, -67, -128, -63, -128, -59, -128, -54, -128, -47, -128, -41, -128, -39, -128, -40, -123, -44, -101, -51, -83, -61, -68, -73, -55, -87, -46, -98, -41, -107, -40, -111, -44, -111, -48, 33, 82, 32, 94, 29, 108, 25, 120, 16, 127, 6, 127, -3, 126, -8, 117, -5, 105, 2, 87, 11, 66, 28, 46, 51, 28, 78, 14, 104, 1, 127, -8, 127, -12, 127, -12, 127, -9, 127, 0, 127, 11, 127, 20, 127, 29, 127, 35, 127, 35, 127, 35]",esp32_1
CSI_DATA,216476,2025-07-23 16:48:51.299,0,lie_down,00:00:00:00:00:00,-62,11,0,0,0,0,0,0,0,0,0,-97,0,1,0,2718619783,0,14,0,0,0,104,0,"[0, 0, -64, -58, -46, -24, -30, 17, -25, 59, -32, 96, -38, 125, -51, 127, -62, 127, -54, 127, -49, 127, -59, 127, -78, 127, -104, 127, -122, 127, -120, 127, -105, 127, -95, 122, -87, 109, -69, 99, -48, 94, -29, 93, -6, 95, 12, 102, 16, 111, 13, 118, -24, -68, -22, -82, -22, -99, -18, -114, -10, -126, 4, -128, 17, -128, 26, -128, 26, -128, 10, -120, -6, -114, -17, -102, -31, -88, -48, -82, -62, -80, -79, -83, -101, -85, -127, -86, -128, -95, -128, -111, -128, -127, -128, -128, -128, -125, -128, -114, -128, -111, -128, -114]",esp32_1
CSI_DATA,115736,2025-07-23 16:48:51.331,0,lie_down,00:00:00:00:00:00,-73,11,0,0,0,0,0,0,0,0,0,-97,0,1,0,1339352947,0,14,0,0,0,104,0,"[0, 0, -35, -128, -16, -128, 9, -128, 30, -123, 51, -116, 77, -117, 106, -128, 127, -128, 127, -128, 127, -128, 127, -128, 127, -128, 127, -128, 127, -128, 127, -128, 127, -128, 127, -128, 107, -128, 81, -128, 60, -128, 39, -128, 22, -106, 13, -62, 4, -28, -8, -5, -26, 89, -30, 78, -33, 62, -39, 50, -50, 42, -65, 29, -80, 10, -89, -9, -89, -23, -91, -35, -94, -46, -87, -58, -73, -73, -62, -89, -53, -103, -43, -121, -37, -128, -32, -128, -24, -128, -19, -128, -20, -128, -24, -128, -33, -128, -37, -128, -38, -128, -39, -128]",esp32_2
CSI_DATA,115737,2025-07-23 16:48:51.358,0,lie_down,00:00:00:00:00:00,-76,11,0,0,0,0,0,0,0,0,0,-97,0,1,0,1340010685,0,14,0,0,0,104,0,"[0, 0, 63, -2, 51, 5, 47, 19, 48, 28, 54, 28, 71, 27, 92, 39, 106, 49, 126, 45, 127, 45, 127, 54, 127, 54, 127, 46, 127, 37, 127, 26, 127, 22, 127, 12, 127, -8, 127, -20, 127, -26, 127, -39, 127, -43, 127, -43, 127, -49, 120, -50, -73, 105, -80, 90, -84, 68, -80, 42, -77, 18, -75, -9, -70, -37, -64, -63, -55, -94, -44, -128, -32, -128, -17, -128, -6, -128, -1, -128, 4, -128, 14, -128, 24, -128, 30, -128, 35, -128, 46, -123, 59, -105, 74, -86, 84, -67, 83, -52, 75, -35, 63, -16]",esp32_2
CSI_DATA,115738,2025-07-23 16:48:51.386,0,lie_down,00:00:00:00:00:00,-76,11,0,0,0,0,0,0,0,0,0,-97,0,1,0,1340020636,0,14,0,0,0,104,0,"[0, 0, -22, -42, -20, -41, -14, -48, -7, -56, -9, -63, -14, -75, -15, -90, -22, -107, -29, -125, -44, -128, -77, -128, -100, -128, -112, -128, -128, -128, -128, -128, -128, -128, -128, -128, -128, -128, -128, -128, -128, -128, -128, -128, -128, -128, -128, -110, -113, -77, -96, -56, 114, 7, 100, 14, 83, 25, 68, 41, 54, 53, 29, 59, -4, 67, -30, 79, -49, 88, -71, 96, -96, 100, -119, 103, -128, 108, -128, 104, -128, 90, -128, 80, -128, 76, -128, 63, -127, 45, -115, 30, -107, 16, -93, 1, -76, -17, -62, -28, -57, -34, -51, -40]",esp32_2
CSI_DATA,216479,2025-07-23 16:48:51.406,0,lie_down,00:00:00:00:00:00,-61,11,0,0,0,0,0,0,0,0,0,-97,0,1,0,2718726201,0,14,0,0,0,104,0,"[0, 0, -81, 33, -58, 54, -41, 75, -30, 99, -22, 122, -17, 127, -16, 127, -17, 127, -19, 127, -22, 127, -23, 127, -23, 127, -22, 127, -20, 127, -15, 127, -8, 127, -3, 127, 3, 125, 11, 122, 18, 120, 23, 121, 25, 124, 21, 125, 15, 125, 10, 125, -73, -28, -81, -36, -91, -48, -96, -59, -94, -71, -85, -79, -75, -83, -66, -80, -61, -71, -58, -57, -58, -39, -63, -19, -76, 2, -95, 21, -114, 35, -128, 43, -128, 48, -128, 51, -128, 49, -128, 39, -128, 27, -128, 15, -128, 4, -128, -2, -128, -7, -128, -11]",esp32_1
CSI_DATA,115739,2025-07-23 16:48:51.422,0,lie_down,00:00:00:00:00:00,-75,11,0,0,0,0,0,0,0,0,0,-97,0,1,0,1340034888,0,14,0,0,0,104,0,"[0, 0, 41, -33, 42, -23, 45, -19, 53, -17, 62, -17, 78, -20, 96, -28, 115, -44, 127, -63, 127, -81, 127, -100, 127, -119, 127, -128, 127, -128, 127, -128, 127, -128, 127, -128, 127, -128, 127, -128, 127, -128, 127, -128, 127, -128, 116, -128, 79, -128, 49, -113, 12, 119, 1, 115, -11, 105, -23, 90, -40, 68, -59, 44, -80, 16, -103, -21, -119, -54, -127, -75, -128, -89, -128, -106, -128, -127, -128, -128, -128, -128, -128, -128, -119, -128, -97, -128, -68, -128, -44, -128, -28, -124, -9, -111, 9, -97, 23, -85, 40, -80, 49, -78]",esp32_2
CSI_DATA,216480,2025-07-23 16:48:51.429,0,lie_down,00:00:00:00:00:00,-62,11,0,0,0,0,0,0,0,0,0,-97,0,1,0,2718762878,0,14,0,0,0,104,0,"[0, 0, -60, -32, -59, 12, -68, 50, -76, 85, -84, 113, -95, 127, -109, 127, -123, 127, -128, 127, -128, 127, -128, 127, -128, 127, -127, 127, -116, 127, -98, 117, -78, 107, -59, 99, -39, 96, -20, 99, -3, 103, 8, 109, 17, 117, 20, 124, 16, 127, 9, 127, 21, -92, 29, -102, 40, -114, 53, -122, 69, -126, 82, -122, 90, -112, 92, -100, 85, -87, 69, -77, 47, -69, 19, -62, -12, -57, -42, -59, -70, -70, -96, -87, -123, -106, -128, -126, -128, -128, -128, -128, -128, -128, -128, -128, -128, -128, -128, -128, -120, -128, -101, -128]",esp32_1
CSI_DATA,216481,2025-07-23 16:48:51.452,0,lie_down,00:00:00:00:00:00,-62,11,0,0,0,0,0,0,0,0,0,-97,0,1,0,2718792957,0,14,0,0,0,104,0,"[0, 0, 49, 10, 26, -25, 9, -60, -5, -95, -16, -124, -21, -128, -21, -128, -19, -128, -18, -128, -15, -128, -12, -128, -10, -128, -8, -128, -6, -128, -8, -128, -15, -123, -25, -102, -37, -85, -52, -72, -68, -60, -83, -52, -95, -48, -102, -49, -107, -53, -109, -57, -14, 77, -23, 90, -33, 104, -44, 113, -57, 118, -69, 116, -77, 108, -78, 98, -72, 85, -59, 71, -41, 57, -17, 44, 13, 36, 48, 34, 78, 34, 104, 38, 127, 48, 127, 60, 127, 73, 127, 85, 127, 95, 127, 105, 127, 111, 127, 110, 127, 104, 127, 98]",esp32_1
CSI_DATA,115740,2025-07-23 16:48:51.454,0,lie_down,00:00:00:00:00:00,-75,11,0,0,0,0,0,0,0,0,0,-97,0,1,0,1340040943,0,14,0,0,0,104,0,"[0, 0, -9, -48, 0, -40, 3, -42, 9, -42, 18, -46, 30, -59, 39, -74, 40, -96, 42, -123, 43, -128, 40, -128, 30, -128, 20, -128, 16, -128, 12, -128, 3, -128, -7, -128, -16, -128, -24, -128, -33, -128, -45, -128, -55, -128, -57, -128, -56, -128, -56, -115, 101, 59, 86, 64, 71, 70, 51, 72, 26, 72, -1, 72, -32, 70, -65, 64, -93, 56, -120, 50, -128, 43, -128, 40, -128, 38, -128, 30, -128, 15, -128, 6, -128, 2, -128, -9, -128, -22, -115, -34, -96, -46, -82, -58, -70, -66, -57, -71, -44, -73, -36, -72]",esp32_2
CSI_DATA,216482,2025-07-23 16:48:51.473,0,lie_down,00:00:00:00:00:00,-62,11,0,0,0,0,0,0,0,0,0,-97,0,1,0,2718824130,0,14,0,0,0,104,0,"[0, 0, 42, 24, 9, -4, -17, -36, -43, -67, -64, -94, -79, -119, -91, -128, -96, -128, -97, -128, -97, -128, -97, -128, -95, -128, -87, -128, -79, -128, -74, -128, -71, -121, -70, -99, -74, -78, -80, -58, -87, -40, -95, -24, -102, -12, -109, -7, -117, -7, -123, -7, -18, 69, -25, 81, -35, 94, -46, 103, -58, 108, -69, 107, -76, 101, -76, 93, -69, 83, -55, 71, -38, 61, -15, 50, 14, 40, 45, 36, 75, 36, 103, 40, 127, 48, 127, 54, 127, 59, 127, 68, 127, 77, 127, 87, 127, 96, 127, 98, 127, 91, 127, 86]",esp32_1
CSI_DATA,115741,2025-07-23 16:48:51.485,0,lie_down,00:00:00:00:00:00,-75,11,0,0,0,0,0,0,0,0,0,-97,0,1,0,1340050677,0,14,0,0,0,104,0,"[0, 0, -21, -26, -13, -24, -9, -25, -9, -29, -10, -35, -10, -42, -10, -53, -15, -70, -26, -84, -36, -96, -49, -114, -66, -128, -82, -128, -93, -128, -104, -128, -117, -128, -125, -128, -127, -128, -125, -128, -118, -125, -110, -108, -101, -87, -88, -66, -75, -45, -64, -31, 77, 0, 71, 4, 61, 12, 51, 22, 37, 29, 20, 36, 4, 45, -12, 54, -31, 62, -47, 70, -60, 74, -73, 74, -85, 73, -91, 70, -97, 67, -98, 61, -96, 56, -94, 47, -89, 35, -81, 22, -73, 9, -67, -1, -60, -7, -54, -13, -48, -21, -41, -26]",esp32_2
CSI_DATA,216483,2025-07-23 16:48:51.494,0,lie_down,00:00:00:00:00:00,-62,11,0,0,0,0,0,0,0,0,0,-97,0,1,0,2718848556,0,14,0,0,0,104,0,"[0, 0, -58, 54, -21, 37, 18, 25, 53, 17, 84, 13, 114, 12, 127, 15, 127, 23, 127, 28, 127, 32, 127, 37, 127, 44, 127, 52, 127, 54, 127, 50, 127, 42, 127, 33, 122, 21, 113, 5, 106, -10, 102, -22, 101, -35, 104, -43, 108, -47, 111, -47, -73, -11, -85, -15, -96, -23, -106, -34, -114, -45, -116, -55, -110, -62, -102, -64, -91, -60, -82, -47, -75, -28, -65, -4, -58, 20, -59, 45, -67, 71, -78, 98, -92, 123, -105, 127, -117, 127, -128, 127, -128, 127, -128, 127, -128, 127, -128, 127, -128, 127, -128, 127]",esp32_1
CSI_DATA,216484,2025-07-23 16:48:51.517,0,lie_down,00:00:00:00:00:00,-61,11,0,0,0,0,0,0,0,0,0,-97,0,1,0,2718874021,0,14,0,0,0,104,0,"[0, 0, -93, -47, -80, -7, -73, 32, -64, 71, -59, 106, -61, 127, -69, 127, -80, 127, -94, 127, -104, 127, -111, 127, -116, 127, -117, 127, -114, 127, -105, 127, -91, 127, -77, 127, -62, 127, -46, 127, -29, 126, -16, 127, -8, 127, -5, 127, -9, 127, -14, 127, -18, -87, -17, -101, -15, -116, -8, -128, 5, -128, 17, -128, 26, -128, 29, -119, 24, -107, 10, -93, -7, -79, -30, -66, -60, -57, -93, -53, -125, -56, -128, -66, -128, -79, -128, -94, -128, -108, -128, -123, -128, -128, -128, -128, -128, -128, -128, -128, -128, -128, -128, -128]",esp32_1
CSI_DATA,216485,2025-07-23 16:48:51.537,0,lie_down,00:00:00:00:00:00,-62,11,0,0,0,0,0,0,0,0,0,-97,0,1,0,2718908203,0,14,0,0,0,104,0,"[0, 0, -87, -9, -64, 19, -47, 48, -33, 82, -19, 112, -12, 127, -11, 127, -13, 127, -22, 127, -36, 127, -46, 127, -51, 127, -51, 127, -50, 127, -47, 127, -39, 127, -28, 127, -15, 117, 0, 108, 14, 103, 26, 100, 33, 99, 35, 104, 36, 114, 35, 120, -32, -67, -35, -80, -36, -94, -34, -107, -26, -114, -17, -117, -11, -114, -8, -107, -8, -95, -11, -80, -18, -67, -34, -53, -58, -39, -88, -30, -115, -24, -128, -21, -128, -22, -128, -27, -128, -34, -128, -41, -128, -49, -128, -60, -128, -72, -128, -84, -128, -87, -128, -86]",esp32_1
CSI_DATA,216486,2025-07-23 16:48:51.565,0,lie_down,00:00:00:00:00:00,-62,11,0,0,0,0,0,0,0,0,0,-97,0,1,0,2718945565,0,14,0,0,0,104,0,"[0, 0, 17, -59, -15, -43, -48, -30, -76, -21, -101, -17, -126, -18, -128, -21, -128, -24, -128, -32, -128, -39, -128, -43, -128, -46, -128, -48, -128, -46, -128, -38, -128, -30, -117, -19, -110, -6, -104, 7, -101, 18, -101, 26, -104, 32, -106, 36, -110, 36, -114, 33, 71, -14, 78, -11, 87, -7, 95, -1, 101, 6, 100, 11, 94, 14, 86, 14, 76, 10, 65, -1, 54, -19, 45, -37, 39, -56, 36, -79, 35, -106, 38, -128, 46, -128, 57, -128, 70, -128, 82, -128, 94, -128, 104, -128, 111, -128, 110, -128, 103, -128, 94, -128]",esp32_1
CSI_DATA,115743,2025-07-23 16:48:51.587,0,lie_down,00:00:00:00:00:00,-76,11,0,0,0,0,0,0,0,0,0,-97,0,1,0,1340070602,0,14,0,0,0,104,0,"[0, 0, -49, 32, -56, 23, -54, 17, -57, 11, -68, 10, -84, 20, -104, 25, -128, 26, -128, 41, -128, 64, -128, 85, -128, 108, -128, 127, -128, 127, -128, 127, -128, 127, -128, 127, -128, 127, -128, 127, -128, 127, -128, 127, -128, 127, -112, 127, -81, 127, -65, 104, 4, -122, 10, -118, 21, -107, 33, -88, 49, -69, 68, -45, 84, -13, 97, 15, 114, 45, 127, 75, 127, 99, 127, 121, 125, 127, 124, 127, 118, 127, 105, 127, 89, 127, 74, 127, 54, 127, 38, 127, 21, 127, -3, 113, -16, 102, -20, 89, -24, 73, -26, 62]",esp32_2
CSI_DATA,216487,2025-07-23 16:48:51.589,0,lie_down,00:00:00:00:00:00,-61,11,0,0,0,0,0,0,0,0,0,-97,0,1,0,2719018792,0,14,0,0,0,104,0,"[0, 0, -84, -29, -73, 14, -68, 56, -69, 94, -74, 127, -82, 127, -97, 127, -114, 127, -124, 127, -128, 127, -128, 127, -128, 127, -128, 127, -128, 127, -125, 127, -104, 127, -86, 127, -68, 125, -50, 124, -33, 125, -21, 127, -10, 127, -5, 127, -7, 127, -13, 127, -15, -95, -13, -105, -9, -118, -1, -128, 9, -128, 20, -128, 29, -128, 33, -127, 29, -115, 16, -102, -3, -89, -24, -75, -50, -63, -80, -59, -112, -63, -128, -74, -128, -87, -128, -98, -128, -111, -128, -128, -128, -128, -128, -128, -128, -128, -128, -128, -128, -128, -128, -128]",esp32_1
CSI_DATA,216488,2025-07-23 16:48:51.608,0,lie_down,00:00:00:00:00:00,-61,11,0,0,0,0,0,0,0,0,0,-97,0,1,0,2719043657,0,14,0,0,0,104,0,"[0, 0, -19, -79, -40, -54, -66, -34, -90, -21, -112, -12, -128, -6, -128, -3, -128, -5, -128, -10, -128, -14, -128, -19, -128, -24, -128, -30, -128, -34, -128, -33, -128, -28, -127, -22, -118, -13, -111, -2, -106, 8, -104, 16, -105, 23, -107, 27, -112, 26, -116, 23, 39, -61, 46, -63, 56, -66, 65, -69, 75, -69, 81, -66, 82, -61, 78, -56, 71, -51, 59, -51, 43, -58, 26, -64, 10, -70, -4, -85, -16, -106, -26, -128, -32, -128, -35, -128, -32, -128, -24, -128, -14, -128, -5, -128, 2, -128, 6, -128, 11, -128, 14, -128]",esp32_1
CSI_DATA,115744,2025-07-23 16:48:51.618,0,lie_down,00:00:00:00:00:00,-75,11,0,0,0,0,0,0,0,0,0,-97,0,1,0,1340082461,0,14,0,0,0,104,0,"[0, 0, -26, -52, -9, -54, 3, -57, 5, -63, 9, -69, 12, -82, 9, -99, 7, -117, -4, -128, -18, -128, -32, -128, -54, -128, -70, -128, -79, -128, -94, -128, -115, -128, -125, -128, -125, -128, -128, -128, -128, -128, -128, -128, -128, -128, -120, -128, -110, -113, -105, -79, 123, 43, 107, 53, 85, 63, 65, 68, 43, 71, 12, 77, -26, 83, -56, 82, -81, 85, -111, 94, -128, 95, -128, 89, -128, 82, -128, 72, -128, 61, -128, 50, -128, 38, -128, 26, -128, 10, -128, -6, -128, -19, -105, -33, -88, -46, -77, -52, -65, -51, -48, -45]",esp32_2
CSI_DATA,216489,2025-07-23 16:48:51.633,0,lie_down,00:00:00:00:00:00,-61,11,0,0,0,0,0,0,0,0,0,-97,0,1,0,2719079830,0,14,0,0,0,104,0,"[0, 0, 11, 83, 39, 61, 67, 49, 92, 40, 115, 32, 127, 29, 127, 29, 127, 33, 127, 43, 127, 54, 127, 59, 127, 60, 127, 59, 127, 54, 127, 48, 127, 42, 127, 32, 124, 21, 121, 9, 119, -1, 119, -6, 122, -5, 123, -3, 125, -1, 127, 2, -53, 54, -62, 56, -72, 56, -82, 56, -91, 55, -95, 53, -94, 49, -86, 45, -76, 43, -67, 45, -53, 54, -37, 67, -25, 81, -14, 100, -2, 124, 6, 127, 5, 127, 1, 127, -6, 127, -16, 127, -27, 127, -39, 127, -54, 127, -63, 127, -62, 127, -57, 127]",esp32_1
CSI_DATA,115745,2025-07-23 16:48:51.649,0,lie_down,00:00:00:00:00:00,-75,11,0,0,0,0,0,0,0,0,0,-97,0,1,0,1340091673,0,14,0,0,0,104,0,"[0, 0, 42, 36, 28, 39, 19, 48, 13, 56, 13, 62, 20, 74, 28, 91, 39, 114, 52, 127, 70, 127, 94, 127, 121, 127, 127, 127, 127, 127, 127, 127, 127, 127, 127, 127, 127, 127, 127, 127, 127, 127, 127, 127, 127, 127, 127, 107, 127, 73, 98, 55, -128, 4, -123, -6, -107, -25, -89, -42, -69, -49, -46, -61, -17, -77, 14, -90, 42, -106, 68, -120, 91, -128, 107, -128, 119, -128, 127, -127, 127, -122, 127, -113, 127, -102, 127, -90, 127, -68, 127, -44, 117, -29, 100, -14, 92, 1, 82, 11, 72, 23, 72, 33]",esp32_2
CSI_DATA,216490,2025-07-23 16:48:51.654,0,lie_down,00:00:00:00:00:00,-61,11,0,0,0,0,0,0,0,0,0,-97,0,1,0,2719104330,0,14,0,0,0,104,0,"[0, 0, 73, 10, 64, -23, 62, -54, 62, -83, 64, -108, 70, -128, 80, -128, 89, -128, 98, -128, 104, -128, 109, -128, 111, -128, 110, -128, 105, -128, 94, -128, 83, -121, 70, -114, 56, -110, 44, -110, 34, -111, 29, -116, 26, -121, 26, -123, 32, -125, 38, -125, 29, 65, 30, 76, 30, 88, 27, 98, 19, 104, 9, 105, 2, 100, 1, 93, 8, 85, 18, 74, 30, 61, 48, 50, 71, 42, 98, 39, 121, 39, 127, 44, 127, 56, 127, 69, 127, 82, 127, 95, 127, 107, 127, 118, 127, 126, 127, 122, 127, 112, 127, 104]",esp32_1
CSI_DATA,216491,2025-07-23 16:48:51.676,0,lie_down,00:00:00:00:00:00,-61,11,0,0,0,0,0,0,0,0,0,-97,0,1,0,2719153657,0,14,0,0,0,104,0,"[0, 0, 57, 49, 59, 14, 69, -17, 80, -45, 91, -69, 104, -89, 120, -102, 127, -110, 127, -113, 127, -114, 127, -112, 127, -106, 127, -97, 127, -87, 127, -79, 126, -73, 110, -71, 95, -74, 83, -79, 72, -86, 63, -92, 60, -96, 63, -100, 68, -102, 71, -103, -5, 69, -8, 78, -13, 86, -20, 94, -30, 99, -40, 99, -45, 95, -45, 89, -39, 80, -28, 72, -11, 68, 9, 64, 31, 61, 54, 67, 75, 78, 95, 93, 111, 111, 125, 127, 127, 127, 127, 127, 127, 127, 127, 127, 119, 127, 107, 127, 94, 127, 84, 127]",esp32_1
CSI_DATA,115746,2025-07-23 16:48:51.680,0,lie_down,00:00:00:00:00:00,-76,11,0,0,0,0,0,0,0,0,0,-97,0,1,0,1340100575,0,14,0,0,0,104,0,"[0, 0, -13, 45, -21, 45, -29, 44, -35, 42, -43, 41, -49, 46, -55, 65, -65, 96, -78, 126, -89, 127, -89, 127, -83, 127, -84, 127, -89, 127, -81, 127, -62, 127, -51, 127, -47, 127, -40, 127, -24, 127, -5, 127, 8, 127, 22, 127, 29, 127, 23, 117, -73, -101, -58, -106, -39, -106, -23, -106, -1, -99, 33, -77, 66, -57, 90, -42, 114, -26, 127, -10, 127, 8, 127, 21, 127, 30, 127, 46, 127, 60, 127, 65, 127, 66, 127, 71, 127, 81, 112, 87, 100, 86, 79, 84, 56, 82, 39, 83, 21, 79, 2, 67]",esp32_2
CSI_DATA,216492,2025-07-23 16:48:51.702,0,lie_down,00:00:00:00:00:00,-61,11,0,0,0,0,0,0,0,0,0,-97,0,1,0,2719181057,0,14,0,0,0,104,0,"[0, 0, -90, -57, -81, -16, -81, 27, -85, 67, -95, 102, -111, 127, -126, 127, -128, 127, -128, 127, -128, 127, -128, 127, -128, 127, -128, 127, -128, 127, -128, 127, -128, 118, -122, 111, -103, 111, -83, 114, -66, 117, -54, 124, -46, 127, -44, 127, -48, 127, -55, 127, -5, -86, -3, -99, 2, -113, 12, -124, 24, -128, 35, -128, 44, -128, 47, -124, 41, -113, 28, -100, 8, -89, -14, -81, -39, -75, -68, -75, -98, -84, -125, -98, -128, -113, -128, -128, -128, -128, -128, -128, -128, -128, -128, -128, -128, -128, -128, -128, -128, -128, -128, -128]",esp32_1
CSI_DATA,216493,2025-07-23 16:48:51.724,0,lie_down,00:00:00:00:00:00,-62,11,0,0,0,0,0,0,0,0,0,-97,0,1,0,2719217037,0,14,0,0,0,104,0,"[0, 0, -34, 73, 2, 58, 41, 47, 77, 44, 108, 44, 127, 46, 127, 53, 127, 61, 127, 70, 127, 81, 127, 90, 127, 97, 127, 98, 127, 95, 127, 88, 127, 77, 117, 61, 109, 43, 105, 24, 105, 8, 109, -4, 114, -12, 120, -16, 125, -15, 127, -11, -69, 22, -81, 21, -95, 14, -108, 6, -117, 0, -120, -7, -118, -14, -110, -18, -99, -18, -88, -12, -75, 1, -62, 18, -55, 37, -51, 60, -47, 88, -46, 117, -52, 127, -63, 127, -76, 127, -88, 127, -101, 127, -115, 127, -125, 127, -126, 127, -119, 127, -111, 127]",esp32_1
CSI_DATA,216494,2025-07-23 16:48:51.746,0,lie_down,00:00:00:00:00:00,-61,11,0,0,0,0,0,0,0,0,0,-97,0,1,0,2719264277,0,14,0,0,0,104,0,"[0, 0, 67, 22, 49, -13, 35, -48, 23, -85, 17, -118, 18, -128, 22, -128, 30, -128, 39, -128, 46, -128, 52, -128, 58, -128, 63, -128, 64, -128, 59, -128, 47, -128, 34, -128, 19, -117, 1, -110, -16, -106, -31, -106, -41, -107, -47, -111, -48, -117, -46, -122, 15, 69, 14, 82, 10, 97, 5, 108, -3, 117, -15, 121, -25, 119, -30, 112, -27, 101, -18, 89, -6, 79, 11, 66, 34, 53, 61, 46, 88, 43, 113, 44, 127, 50, 127, 57, 127, 66, 127, 78, 127, 90, 127, 102, 127, 111, 127, 112, 127, 109, 127, 106]",esp32_1
CSI_DATA,115748,2025-07-23 16:48:51.769,0,lie_down,00:00:00:00:00:00,-76,11,0,0,0,0,0,0,0,0,0,-97,0,1,0,1340120626,0,14,0,0,0,104,0,"[0, 0, 57, -23, 56, -16, 56, -4, 64, 6, 77, 13, 89, 17, 101, 15, 116, 7, 127, -9, 127, -30, 127, -47, 127, -63, 127, -86, 127, -105, 127, -113, 127, -122, 127, -128, 127, -128, 127, -128, 127, -128, 127, -128, 127, -128, 127, -126, 111, -109, 87, -95, -27, 122, -39, 113, -44, 96, -50, 74, -65, 46, -82, 21, -94, -3, -97, -36, -97, -73, -105, -98, -108, -109, -97, -128, -86, -128, -82, -128, -77, -128, -70, -128, -58, -128, -43, -128, -25, -128, -5, -128, 12, -125, 21, -113, 29, -95, 38, -71, 43, -55, 48, -46]",esp32_2
CSI_DATA,216495,2025-07-23 16:48:51.774,0,lie_down,00:00:00:00:00:00,-62,11,0,0,0,0,0,0,0,0,0,-97,0,1,0,2719301785,0,14,0,20,71,104,0,"[0, 0, -36, 57, 1, 45, 38, 38, 71, 39, 100, 41, 127, 44, 127, 51, 127, 59, 127, 67, 127, 77, 127, 85, 127, 90, 127, 91, 127, 87, 127, 78, 124, 66, 110, 51, 100, 34, 96, 16, 94, 0, 96, -13, 101, -22, 105, -27, 111, -29, 115, -30, -67, 2, -79, -4, -92, -14, -102, -25, -108, -35, -108, -43, -102, -50, -95, -54, -87, -50, -79, -40, -68, -24, -61, -5, -59, 14, -60, 38, -62, 65, -67, 92, -76, 116, -90, 127, -104, 127, -118, 127, -128, 127, -128, 127, -128, 127, -128, 127, -128, 127, -128, 114]",esp32_1
CSI_DATA,216496,2025-07-23 16:48:51.800,0,lie_down,00:00:00:00:00:00,-61,11,0,0,0,0,0,0,0,0,0,-97,0,1,0,2719323899,0,14,0,20,71,104,0,"[0, 0, 30, 60, 36, 23, 48, -20, 64, -57, 83, -81, 99, -101, 120, -117, 127, -122, 127, -127, 127, -128, 127, -128, 127, -126, 127, -111, 127, -90, 127, -78, 117, -70, 97, -71, 81, -76, 61, -81, 47, -89, 37, -93, 27, -95, 23, -104, 28, -116, 34, -123, -30, 62, -40, 70, -53, 76, -67, 81, -78, 82, -89, 81, -92, 76, -89, 69, -80, 60, -63, 53, -47, 54, -28, 55, -5, 59, 18, 72, 37, 88, 52, 107, 67, 127, 82, 127, 96, 127, 100, 127, 96, 127, 87, 127, 81, 127, 79, 127, 71, 127, 64, 127]",esp32_1
CSI_DATA,115749,2025-07-23 16:48:51.800,0,lie_down,00:00:00:00:00:00,-76,11,0,0,0,0,0,0,0,0,0,-97,0,1,0,1340130622,0,14,0,0,0,104,0,"[0, 0, 7, 47, 4, 49, -2, 52, -10, 60, -19, 70, -28, 82, -27, 101, -18, 124, -9, 127, -1, 127, 15, 127, 33, 127, 52, 127, 66, 127, 74, 127, 87, 127, 103, 127, 109, 127, 112, 127, 117, 127, 118, 127, 113, 127, 99, 127, 83, 110, 74, 72, -122, -44, -108, -50, -92, -65, -74, -80, -46, -86, -16, -84, 9, -77, 38, -70, 77, -70, 113, -75, 127, -74, 127, -73, 127, -70, 127, -59, 127, -48, 127, -40, 127, -26, 127, -12, 127, -3, 127, 8, 120, 25, 102, 39, 84, 49, 65, 54, 47, 53, 33, 52]",esp32_2
CSI_DATA,216497,2025-07-23 16:48:51.827,0,lie_down,00:00:00:00:00:00,-61,11,0,0,0,0,0,0,0,0,0,-97,0,1,0,2719348543,0,14,0,0,0,104,0,"[0, 0, 14, 64, 32, 27, 55, -6, 76, -31, 97, -51, 119, -68, 127, -81, 127, -89, 127, -93, 127, -92, 127, -86, 127, -79, 127, -71, 127, -62, 127, -56, 127, -53, 111, -53, 93, -58, 77, -66, 62, -75, 52, -86, 48, -95, 47, -103, 50, -107, 51, -109, -50, 50, -63, 52, -78, 53, -92, 54, -103, 51, -109, 46, -109, 38, -105, 31, -98, 28, -84, 29, -65, 35, -45, 43, -28, 53, -11, 70, 6, 93, 21, 118, 32, 127, 39, 127, 39, 127, 36, 127, 30, 127, 22, 127, 14, 127, 8, 127, 1, 127, -4, 127]",esp32_1
CSI_DATA,115750,2025-07-23 16:48:51.837,0,lie_down,00:00:00:00:00:00,-75,11,0,0,0,0,0,0,0,0,0,-97,0,1,0,1340140568,0,14,0,0,0,104,0,"[0, 0, 9, 66, 1, 57, -7, 54, -15, 58, -18, 66, -14, 80, -8, 100, -6, 123, -3, 127, 4, 127, 14, 127, 26, 127, 44, 127, 65, 127, 77, 127, 89, 127, 102, 127, 113, 127, 123, 127, 125, 127, 120, 127, 115, 127, 108, 127, 97, 127, 82, 99, -107, -53, -96, -58, -83, -71, -63, -82, -38, -85, -9, -83, 29, -78, 69, -77, 101, -80, 126, -80, 127, -74, 127, -68, 127, -66, 127, -58, 127, -41, 127, -26, 127, -21, 127, -14, 127, 5, 127, 24, 123, 33, 107, 47, 88, 61, 71, 58, 55, 50, 40, 49]",esp32_2
CSI_DATA,216498,2025-07-23 16:48:51.856,0,lie_down,00:00:00:00:00:00,-62,11,0,0,0,0,0,0,0,0,0,-97,0,1,0,2719384556,0,14,0,0,0,104,0,"[0, 0, -44, -36, -36, 2, -32, 39, -32, 73, -33, 102, -37, 127, -46, 127, -57, 127, -69, 127, -79, 127, -86, 127, -87, 127, -84, 127, -78, 127, -68, 127, -54, 121, -39, 108, -25, 102, -9, 98, 7, 94, 21, 95, 29, 98, 33, 101, 33, 107, 32, 110, 21, -69, 26, -77, 34, -86, 45, -91, 58, -94, 67, -92, 69, -88, 69, -83, 62, -75, 47, -65, 30, -59, 10, -58, -14, -58, -41, -63, -68, -72, -91, -85, -111, -101, -128, -116, -128, -126, -128, -128, -128, -128, -128, -128, -128, -128, -123, -128, -104, -128, -91, -128]",esp32_1
CSI_DATA,115751,2025-07-23 16:48:51.867,0,lie_down,00:00:00:00:00:00,-75,11,0,0,0,0,0,0,0,0,0,-97,0,1,0,1340150603,0,14,0,0,0,104,0,"[0, 0, -44, -8, -46, -13, -46, -13, -47, -20, -48, -31, -54, -41, -69, -47, -92, -53, -118, -60, -128, -66, -128, -71, -128, -76, -128, -73, -128, -65, -128, -56, -128, -49, -128, -43, -128, -35, -128, -19, -128, -2, -128, 6, -128, 10, -128, 16, -128, 24, -112, 32, 89, -85, 85, -71, 83, -54, 80, -35, 72, -10, 69, 18, 64, 41, 48, 63, 32, 94, 21, 125, 11, 127, -3, 127, -19, 127, -31, 127, -38, 127, -42, 127, -48, 127, -56, 127, -64, 127, -65, 118, -64, 98, -68, 73, -72, 55, -69, 43, -64, 27, -60, 9]",esp32_2
CSI_DATA,115752,2025-07-23 16:48:51.893,0,lie_down,00:00:00:00:00:00,-75,11,0,0,0,0,0,0,0,0,0,-97,0,1,0,1340160630,0,14,0,0,0,104,0,"[0, 0, -54, -1, -56, -9, -53, -18, -52, -25, -57, -32, -70, -38, -88, -38, -109, -37, -128, -37, -128, -30, -128, -22, -128, -17, -128, -4, -128, 10, -128, 17, -128, 32, -128, 51, -128, 56, -128, 60, -128, 68, -128, 71, -128, 73, -128, 73, -128, 67, -104, 60, 65, -103, 70, -94, 68, -75, 64, -52, 69, -27, 73, -4, 74, 21, 73, 50, 66, 80, 61, 111, 57, 127, 49, 127, 39, 127, 28, 127, 18, 127, 10, 127, 1, 127, -8, 127, -17, 127, -28, 126, -37, 109, -45, 95, -49, 79, -50, 63, -52, 45, -51, 26]",esp32_2
CSI_DATA,115753,2025-07-23 16:48:51.924,0,lie_down,00:00:00:00:00:00,-75,11,0,0,0,0,0,0,0,0,0,-97,0,1,0,1340170580,0,14,0,0,0,104,0,"[0, 0, 22, 37, 8, 40, -6, 46, -4, 52, 3, 60, -1, 70, 3, 87, 12, 112, 20, 127, 33, 127, 51, 127, 75, 127, 95, 127, 111, 127, 127, 127, 127, 127, 127, 127, 127, 127, 127, 127, 127, 127, 127, 127, 127, 127, 121, 127, 98, 97, 82, 74, -122, -15, -113, -20, -100, -32, -83, -45, -58, -55, -30, -65, -7, -74, 20, -86, 50, -98, 79, -101, 109, -100, 127, -104, 127, -108, 127, -111, 127, -103, 127, -87, 127, -73, 127, -56, 127, -40, 127, -27, 117, -14, 101, 1, 86, 14, 68, 20, 53, 25, 43, 31]",esp32_2
CSI_DATA,216500,2025-07-23 16:48:51.957,0,lie_down,00:00:00:00:00:00,-61,11,0,0,0,0,0,0,0,0,0,-97,0,1,0,2719445704,0,14,0,0,0,104,0,"[0, 0, 54, 21, 38, -15, 33, -48, 27, -79, 21, -109, 22, -128, 27, -128, 35, -128, 46, -128, 56, -128, 62, -128, 63, -128, 61, -128, 57, -128, 51, -128, 43, -128, 32, -118, 17, -107, 2, -102, -13, -98, -26, -99, -34, -103, -37, -105, -36, -108, -33, -110, 7, 68, 5, 78, 0, 91, -8, 101, -18, 107, -26, 106, -33, 102, -35, 98, -29, 90, -19, 80, -5, 69, 15, 58, 40, 52, 63, 48, 86, 49, 110, 55, 127, 65, 127, 75, 127, 82, 127, 93, 127, 105, 127, 119, 127, 127, 127, 127, 127, 119, 121, 110]",esp32_1
CSI_DATA,115754,2025-07-23 16:48:51.957,0,lie_down,00:00:00:00:00:00,-75,11,0,0,0,0,0,0,0,0,0,-97,0,1,0,1340180575,0,14,0,0,0,104,0,"[0, 0, -28, 35, -33, 25, -36, 13, -43, 9, -52, 12, -63, 17, -77, 28, -96, 47, -117, 70, -128, 89, -128, 107, -128, 127, -128, 127, -128, 127, -128, 127, -128, 127, -128, 127, -128, 127, -128, 127, -128, 127, -115, 127, -88, 127, -69, 127, -54, 127, -43, 107, -28, -114, -20, -109, -8, -100, 7, -84, 26, -64, 49, -43, 70, -23, 84, -2, 100, 23, 116, 47, 126, 66, 125, 85, 120, 103, 125, 109, 127, 113, 121, 120, 107, 124, 94, 123, 82, 123, 67, 117, 47, 102, 29, 92, 18, 88, 5, 85, -15, 76, -30, 63]",esp32_2
CSI_DATA,216501,2025-07-23 16:48:51.991,0,lie_down,00:00:00:00:00:00,-61,11,0,0,0,0,0,0,0,0,0,-97,0,1,0,2719482519,0,14,0,0,0,104,0,"[0, 0, -44, -42, -42, -2, -49, 32, -48, 65, -46, 97, -53, 124, -62, 127, -75, 127, -99, 127, -116, 127, -119, 127, -114, 127, -104, 127, -93, 127, -83, 127, -71, 121, -53, 109, -32, 102, -14, 101, 2, 98, 15, 99, 19, 106, 17, 111, 16, 112, 15, 111, 35, -61, 41, -69, 50, -80, 61, -85, 73, -84, 79, -81, 81, -78, 79, -74, 71, -68, 61, -61, 47, -57, 24, -58, -2, -61, -24, -68, -48, -81, -72, -99, -91, -120, -108, -128, -124, -128, -128, -128, -128, -128, -128, -128, -116, -128, -91, -128, -73, -128, -63, -128]",esp32_1
CSI_DATA,216502,2025-07-23 16:48:52.015,0,lie_down,00:00:00:00:00:00,-61,11,0,0,0,0,0,0,0,0,0,-97,0,1,0,2719531066,0,14,0,0,0,104,0,"[0, 0, 54, -31, 18, -40, -16, -53, -45, -71, -69, -87, -89, -103, -106, -121, -118, -128, -123, -128, -123, -128, -118, -128, -110, -128, -101, -128, -91, -128, -82, -128, -75, -116, -74, -95, -74, -76, -78, -60, -86, -48, -93, -40, -99, -33, -105, -29, -111, -33, -115, -38, 62, 32, 68, 43, 72, 57, 75, 71, 76, 81, 74, 88, 67, 90, 60, 87, 54, 79, 51, 65, 51, 44, 54, 23, 61, 6, 75, -13, 91, -36, 109, -58, 127, -73, 127, -82, 127, -87, 127, -85, 127, -82, 127, -77, 127, -70, 127, -61, 127, -50, 127, -40]",esp32_1
CSI_DATA,216503,2025-07-23 16:48:52.049,0,lie_down,00:00:00:00:00:00,-62,11,0,0,0,0,0,0,0,0,0,-97,0,1,0,2719581193,0,14,0,0,0,104,0,"[0, 0, 2, -65, -24, -35, -55, -9, -85, 12, -112, 28, -128, 38, -128, 44, -128, 47, -128, 45, -128, 40, -128, 35, -128, 31, -128, 24, -128, 16, -128, 15, -128, 18, -124, 26, -108, 36, -94, 48, -83, 58, -75, 69, -72, 81, -73, 90, -79, 95, -84, 95, 65, -38, 78, -36, 92, -33, 105, -30, 117, -24, 123, -15, 121, -7, 114, -1, 103, -1, 88, -7, 71, -19, 53, -35, 38, -51, 26, -72, 15, -101, 7, -128, 5, -128, 6, -128, 10, -128, 18, -128, 29, -128, 40, -128, 48, -128, 52, -128, 53, -128, 52, -128]",esp32_1
CSI_DATA,115756,2025-07-23 16:48:52.057,0,lie_down,00:00:00:00:00:00,-76,11,0,0,0,0,0,0,0,0,0,-97,0,1,0,1340203254,0,14,0,0,0,104,0,"[0, 0, -29, -51, -18, -53, -5, -54, 2, -58, 3, -66, 0, -82, -5, -101, -7, -123, -10, -128, -28, -128, -51, -128, -68, -128, -83, -128, -102, -128, -120, -128, -128, -128, -128, -128, -128, -128, -128, -128, -128, -128, -128, -128, -128, -128, -128, -128, -111, -97, -94, -69, 111, 48, 103, 52, 86, 61, 67, 71, 47, 79, 19, 82, -20, 78, -57, 74, -85, 80, -110, 88, -128, 90, -128, 88, -128, 84, -128, 78, -128, 71, -128, 54, -128, 38, -128, 28, -128, 19, -128, 4, -121, -11, -106, -25, -91, -34, -72, -39, -52, -51, -41, -64]",esp32_2
CSI_DATA,216504,2025-07-23 16:48:52.074,0,lie_down,00:00:00:00:00:00,-62,11,0,0,0,0,0,0,0,0,0,-97,0,1,0,2719605826,0,14,0,0,0,104,0,"[0, 0, 30, 54, 37, 13, 52, -24, 66, -56, 81, -84, 98, -106, 117, -123, 127, -128, 127, -128, 127, -128, 127, -128, 127, -128, 127, -118, 127, -107, 127, -96, 117, -87, 99, -83, 79, -84, 60, -89, 44, -94, 34, -99, 28, -106, 26, -113, 28, -119, 31, -121, -38, 64, -46, 71, -57, 76, -69, 79, -80, 81, -90, 79, -94, 73, -89, 67, -78, 61, -64, 57, -46, 59, -24, 61, -1, 65, 22, 78, 44, 97, 61, 119, 76, 127, 90, 127, 97, 127, 100, 127, 97, 127, 88, 127, 77, 127, 65, 127, 53, 127, 44, 127]",esp32_1
CSI_DATA,115757,2025-07-23 16:48:52.084,0,lie_down,00:00:00:00:00:00,-76,11,0,0,0,0,0,0,0,0,0,-97,0,1,0,1340210989,0,14,0,0,0,104,0,"[0, 0, -13, 48, -23, 52, -26, 49, -31, 54, -36, 62, -39, 68, -41, 87, -46, 118, -54, 127, -54, 127, -52, 127, -52, 127, -46, 127, -37, 127, -25, 127, -9, 127, -1, 127, 3, 127, 14, 127, 24, 127, 33, 127, 40, 127, 41, 127, 41, 127, 42, 113, -84, -89, -78, -87, -66, -88, -48, -93, -19, -88, 23, -77, 59, -70, 87, -62, 111, -51, 127, -39, 127, -24, 127, -6, 127, 6, 127, 8, 127, 16, 127, 26, 127, 34, 127, 42, 127, 50, 126, 57, 104, 64, 81, 67, 58, 71, 42, 70, 32, 63, 22, 55]",esp32_2
CSI_DATA,115758,2025-07-23 16:48:52.112,0,lie_down,00:00:00:00:00:00,-75,11,0,0,0,0,0,0,0,0,0,-97,0,1,0,1340220616,0,14,0,0,0,104,0,"[0, 0, -34, 47, -39, 33, -44, 26, -50, 26, -58, 33, -70, 45, -78, 57, -88, 71, -102, 99, -118, 127, -128, 127, -128, 127, -128, 127, -128, 127, -128, 127, -128, 127, -128, 127, -128, 127, -121, 127, -104, 127, -84, 127, -58, 127, -36, 127, -19, 127, -4, 123, -37, -120, -21, -115, -7, -108, 5, -97, 23, -76, 47, -54, 73, -39, 99, -24, 119, 1, 127, 28, 127, 50, 127, 68, 127, 83, 127, 97, 127, 106, 127, 110, 127, 116, 125, 117, 105, 114, 83, 109, 64, 100, 48, 95, 34, 91, 15, 84, -5, 77, -16, 66]",esp32_2
CSI_DATA,115759,2025-07-23 16:48:52.138,0,lie_down,00:00:00:00:00:00,-75,11,0,0,0,0,0,0,0,0,0,-97,0,1,0,1340233000,0,14,0,0,0,104,0,"[0, 0, -6, -59, 1, -56, 10, -56, 21, -61, 28, -67, 28, -75, 24, -90, 25, -115, 25, -128, 19, -128, 9, -128, -1, -128, -8, -128, -18, -128, -30, -128, -46, -128, -60, -128, -68, -128, -75, -128, -82, -128, -89, -128, -91, -128, -84, -128, -76, -122, -70, -94, 87, 88, 83, 88, 67, 86, 44, 87, 16, 84, -16, 77, -46, 68, -75, 62, -107, 57, -128, 45, -128, 30, -128, 21, -128, 19, -128, 13, -128, 0, -128, -15, -128, -24, -128, -30, -128, -36, -128, -43, -109, -50, -92, -56, -74, -62, -60, -69, -44, -70, -28, -65]",esp32_2
CSI_DATA,216506,2025-07-23 16:48:52.158,0,lie_down,00:00:00:00:00:00,-62,11,0,0,0,0,0,0,0,0,0,-97,0,1,0,2719657477,0,14,0,0,0,104,0,"[0, 0, -42, -49, -41, -7, -47, 32, -53, 67, -61, 99, -74, 126, -89, 127, -106, 127, -118, 127, -126, 127, -128, 127, -128, 127, -128, 127, -123, 127, -108, 124, -91, 112, -74, 103, -55, 98, -35, 99, -18, 101, -4, 103, 6, 108, 11, 114, 9, 122, 5, 126, 30, -71, 38, -78, 48, -86, 60, -92, 72, -94, 82, -92, 87, -86, 85, -78, 76, -71, 59, -65, 41, -64, 18, -63, -7, -64, -34, -71, -58, -87, -79, -106, -97, -127, -116, -128, -128, -128, -128, -128, -128, -128, -127, -128, -118, -128, -105, -128, -88, -128, -76, -128]",esp32_1
CSI_DATA,115760,2025-07-23 16:48:52.169,0,lie_down,00:00:00:00:00:00,-76,11,0,0,0,0,0,0,0,0,0,-97,0,1,0,1340241711,0,14,0,0,0,104,0,"[0, 0, -57, 16, -61, 6, -63, -2, -60, -6, -66, -8, -79, -5, -97, -2, -116, -2, -128, 5, -128, 16, -128, 29, -128, 50, -128, 64, -128, 76, -128, 94, -128, 111, -128, 127, -128, 127, -128, 127, -128, 127, -128, 127, -128, 125, -128, 115, -112, 104, -85, 91, 50, -114, 56, -104, 62, -92, 67, -69, 70, -40, 73, -10, 79, 21, 83, 48, 80, 77, 77, 110, 76, 127, 71, 127, 67, 127, 63, 127, 60, 127, 50, 127, 35, 127, 20, 127, 3, 127, -11, 127, -19, 119, -26, 94, -35, 83, -42, 76, -47, 58, -51, 45]",esp32_2
CSI_DATA,216507,2025-07-23 16:48:52.190,0,lie_down,00:00:00:00:00:00,-62,11,0,0,0,0,0,0,0,0,0,-97,0,1,0,2719704556,0,14,0,0,0,104,0,"[0, 0, 64, 8, 38, -21, 18, -53, 1, -89, -13, -120, -21, -128, -24, -128, -22, -128, -15, -128, -7, -128, -2, -128, 1, -128, 6, -128, 9, -128, 7, -128, 2, -128, -7, -128, -19, -113, -34, -101, -49, -92, -63, -87, -74, -85, -79, -87, -81, -94, -82, -100, 19, 68, 19, 81, 16, 96, 12, 108, 4, 117, -7, 120, -15, 118, -17, 113, -14, 102, -7, 88, 6, 73, 24, 59, 48, 47, 75, 39, 102, 32, 126, 30, 127, 33, 127, 39, 127, 44, 127, 52, 127, 64, 127, 76, 127, 86, 127, 90, 127, 87, 127, 84]",esp32_1
CSI_DATA,115761,2025-07-23 16:48:52.198,0,lie_down,00:00:00:00:00:00,-76,11,0,0,0,0,0,0,0,0,0,-97,0,1,0,1340256651,0,14,0,0,0,104,0,"[0, 0, 22, 50, 16, 46, 13, 47, 12, 57, 8, 65, 9, 75, 14, 100, 14, 124, 25, 127, 45, 127, 66, 127, 89, 127, 103, 127, 114, 127, 127, 127, 127, 127, 127, 127, 127, 127, 127, 127, 127, 127, 127, 127, 127, 127, 127, 127, 119, 105, 103, 76, -128, -7, -121, -16, -105, -29, -86, -42, -60, -53, -32, -63, -5, -75, 24, -83, 56, -88, 88, -101, 114, -111, 127, -115, 127, -115, 127, -108, 127, -100, 127, -92, 127, -78, 127, -64, 127, -51, 127, -33, 125, -16, 111, -4, 97, 11, 89, 29, 77, 39, 63, 43]",esp32_2
CSI_DATA,216508,2025-07-23 16:48:52.222,0,lie_down,00:00:00:00:00:00,-61,11,0,0,0,0,0,0,0,0,0,-97,0,1,0,2719744472,0,14,0,0,0,104,0,"[0, 0, 58, -30, 22, -43, -9, -59, -35, -79, -58, -99, -77, -118, -90, -128, -98, -128, -100, -128, -98, -128, -96, -128, -90, -128, -80, -128, -70, -128, -64, -128, -61, -125, -59, -106, -61, -89, -68, -74, -78, -62, -87, -55, -95, -50, -102, -48, -104, -52, -105, -56, 57, 36, 64, 47, 72, 60, 75, 74, 72, 85, 66, 90, 58, 91, 51, 89, 49, 82, 49, 68, 47, 50, 50, 29, 63, 8, 81, -10, 97, -30, 113, -47, 127, -59, 127, -68, 127, -73, 127, -70, 127, -65, 127, -58, 127, -48, 127, -38, 127, -29, 127, -22]",esp32_1
CSI_DATA,115762,2025-07-23 16:48:52.232,0,lie_down,00:00:00:00:00:00,-75,11,0,0,0,0,0,0,0,0,0,-97,0,1,0,1340260598,0,14,0,47,113,104,0,"[0, 0, 12, -51, 16, -43, 24, -44, 31, -51, 37, -59, 45, -70, 49, -87, 52, -115, 59, -128, 67, -128, 69, -128, 64, -128, 56, -128, 48, -128, 37, -128, 28, -128, 23, -128, 14, -128, 0, -128, -13, -128, -24, -128, -31, -128, -37, -128, -40, -128, -43, -120, 102, 84, 87, 88, 66, 87, 43, 88, 17, 86, -13, 78, -45, 71, -77, 63, -111, 51, -128, 36, -128, 19, -128, 5, -128, -9, -128, -23, -128, -26, -128, -28, -128, -36, -128, -47, -128, -58, -128, -63, -105, -64, -83, -67, -71, -71, -60, -68, -40, -63, -15, -65]",esp32_2
CSI_DATA,216509,2025-07-23 16:48:52.254,0,lie_down,00:00:00:00:00:00,-62,11,0,0,0,0,0,0,0,0,0,-97,0,1,0,2719769276,0,14,0,0,0,104,0,"[0, 0, 59, 23, 37, -13, 23, -51, 10, -88, 2, -122, -1, -128, 1, -128, 8, -128, 13, -128, 18, -128, 24, -128, 29, -128, 34, -128, 36, -128, 30, -128, 21, -128, 12, -128, -2, -116, -19, -107, -36, -101, -51, -96, -62, -96, -67, -98, -70, -105, -71, -111, 11, 75, 9, 87, 5, 103, -1, 115, -12, 122, -24, 124, -33, 121, -36, 111, -32, 99, -22, 86, -8, 74, 13, 62, 40, 51, 69, 44, 98, 41, 123, 45, 127, 53, 127, 63, 127, 73, 127, 84, 127, 97, 127, 110, 127, 119, 127, 118, 127, 111, 127, 104]",esp32_1
CSI_DATA,115763,2025-07-23 16:48:52.259,0,lie_down,00:00:00:00:00:00,-75,11,0,0,0,0,0,0,0,0,0,-97,0,1,0,1340270610,0,14,0,231,14,104,0,"[0, 0, 39, -19, 41, -13, 41, -8, 50, -4, 60, -5, 68, -7, 84, -11, 107, -19, 127, -31, 127, -46, 127, -61, 127, -77, 127, -97, 127, -122, 127, -128, 127, -128, 127, -128, 127, -128, 127, -128, 127, -128, 127, -128, 127, -128, 123, -128, 92, -111, 70, -95, -14, 114, -20, 107, -25, 93, -32, 78, -42, 58, -57, 32, -72, 5, -83, -22, -90, -53, -97, -84, -101, -105, -99, -123, -95, -128, -91, -128, -84, -128, -77, -128, -73, -128, -64, -128, -44, -128, -22, -119, -10, -112, -1, -106, 11, -94, 21, -76, 30, -61, 37, -53]",esp32_2
CSI_DATA,216510,2025-07-23 16:48:52.290,0,lie_down,00:00:00:00:00:00,-62,11,0,0,0,0,0,0,0,0,0,-97,0,1,0,2719801090,0,14,0,0,0,104,0,"[0, 0, -59, 35, -17, 45, 20, 56, 49, 70, 75, 88, 98, 106, 115, 122, 127, 127, 127, 127, 127, 127, 127, 127, 126, 127, 114, 127, 105, 127, 96, 127, 87, 117, 81, 98, 80, 80, 84, 64, 91, 49, 100, 37, 107, 28, 112, 24, 118, 25, 121, 28, -70, -28, -77, -40, -84, -56, -88, -70, -89, -80, -85, -86, -75, -89, -67, -90, -61, -83, -59, -70, -58, -47, -61, -23, -69, -2, -81, 20, -96, 43, -114, 66, -128, 84, -128, 97, -128, 103, -128, 99, -128, 94, -128, 91, -128, 86, -128, 75, -128, 61, -128, 48]",esp32_1
CSI_DATA,216511,2025-07-23 16:48:52.319,0,lie_down,00:00:00:00:00:00,-61,11,0,0,0,0,0,0,0,0,0,-97,0,1,0,2719826868,0,14,0,0,0,104,0,"[0, 0, 7, 61, 29, 31, 56, 4, 82, -16, 106, -29, 127, -40, 127, -48, 127, -51, 127, -51, 127, -49, 127, -45, 127, -38, 127, -29, 127, -23, 127, -21, 127, -23, 119, -29, 104, -36, 91, -46, 81, -58, 74, -69, 71, -78, 73, -84, 78, -87, 81, -89, -55, 49, -66, 49, -78, 47, -91, 46, -102, 43, -109, 36, -109, 29, -102, 24, -91, 21, -77, 24, -60, 34, -43, 45, -26, 57, -11, 77, 1, 102, 9, 127, 13, 127, 15, 127, 13, 127, 6, 127, -4, 127, -12, 127, -19, 127, -24, 127, -27, 127, -29, 127]",esp32_1
CSI_DATA,115765,2025-07-23 16:48:52.342,0,lie_down,00:00:00:00:00:00,-75,11,0,0,0,0,0,0,0,0,0,-97,0,1,0,1340291624,0,14,0,124,72,104,0,"[0, 0, 43, 36, 46, 37, 44, 41, 44, 48, 47, 56, 58, 68, 74, 77, 91, 82, 113, 100, 127, 121, 127, 126, 127, 125, 127, 127, 127, 127, 127, 127, 127, 124, 127, 116, 127, 105, 127, 92, 127, 76, 127, 58, 127, 41, 127, 24, 127, 8, 127, 2, -122, 45, -122, 32, -114, 19, -102, -2, -85, -26, -63, -43, -39, -62, -15, -89, 7, -121, 30, -128, 54, -128, 71, -128, 86, -128, 96, -128, 96, -128, 94, -128, 100, -128, 108, -128, 104, -123, 99, -100, 98, -72, 98, -48, 98, -30, 93, -17, 79, -4, 71, 9]",esp32_2
CSI_DATA,115766,2025-07-23 16:48:52.373,0,lie_down,00:00:00:00:00:00,-75,11,0,0,0,0,0,0,0,0,0,-97,0,1,0,1340300636,0,14,0,0,0,104,0,"[0, 0, -10, -50, -11, -49, -9, -49, -2, -58, 5, -75, 6, -91, 2, -107, -5, -126, -14, -128, -32, -128, -55, -128, -74, -128, -95, -128, -119, -128, -128, -128, -128, -128, -128, -128, -128, -128, -128, -128, -128, -128, -128, -128, -128, -128, -128, -128, -108, -104, -85, -70, 111, 70, 100, 72, 81, 78, 60, 87, 37, 92, 6, 88, -29, 81, -62, 74, -96, 72, -128, 73, -128, 74, -128, 71, -128, 61, -128, 49, -128, 35, -128, 27, -128, 24, -128, 14, -128, -2, -128, -18, -117, -33, -103, -47, -93, -53, -75, -56, -53, -60, -41, -64]",esp32_2
CSI_DATA,115767,2025-07-23 16:48:52.401,0,lie_down,00:00:00:00:00:00,-75,11,0,0,0,0,0,0,0,0,0,-97,0,1,0,1340314430,0,14,0,0,0,104,0,"[0, 0, -60, 8, -56, 1, -53, -5, -58, -6, -70, -5, -85, -8, -105, -6, -128, 2, -128, 7, -128, 9, -128, 13, -128, 27, -128, 45, -128, 65, -128, 87, -128, 99, -128, 110, -128, 124, -128, 127, -128, 127, -128, 127, -128, 113, -128, 97, -128, 85, -107, 77, 77, -102, 77, -95, 79, -80, 79, -54, 77, -28, 80, -5, 84, 26, 83, 55, 74, 91, 64, 126, 59, 127, 51, 127, 41, 127, 37, 127, 33, 127, 24, 127, 16, 127, 6, 127, -10, 127, -24, 127, -31, 127, -38, 112, -52, 92, -66, 71, -67, 53, -66, 44]",esp32_2
CSI_DATA,216513,2025-07-23 16:48:52.405,0,lie_down,00:00:00:00:00:00,-61,11,0,0,0,0,0,0,0,0,0,-97,0,1,0,2720515866,0,14,0,0,0,104,0,"[0, 0, -29, -61, -39, -27, -55, 5, -73, 33, -93, 55, -112, 71, -128, 84, -128, 92, -128, 97, -128, 98, -128, 95, -128, 88, -128, 76, -128, 64, -128, 56, -128, 52, -110, 52, -94, 55, -81, 61, -68, 69, -59, 77, -53, 87, -51, 96, -55, 100, -60, 100, 33, -62, 41, -68, 52, -74, 63, -78, 75, -78, 83, -74, 86, -65, 85, -58, 75, -53, 59, -52, 41, -56, 20, -61, -1, -67, -20, -79, -35, -97, -47, -119, -59, -128, -69, -128, -73, -128, -70, -128, -63, -128, -56, -128, -53, -128, -49, -128, -40, -128, -32, -128]",esp32_1
CSI_DATA,115768,2025-07-23 16:48:52.432,0,lie_down,00:00:00:00:00:00,-76,11,0,0,0,0,0,0,0,0,0,-97,0,1,0,1340320582,0,14,0,0,0,104,0,"[0, 0, -8, 51, -6, 43, -7, 49, -17, 56, -23, 62, -30, 69, -33, 83, -33, 109, -34, 127, -34, 127, -25, 127, -16, 127, -16, 127, -13, 127, 1, 127, 19, 127, 32, 127, 41, 127, 52, 127, 58, 127, 60, 127, 65, 127, 64, 127, 59, 127, 56, 110, -100, -67, -87, -75, -66, -85, -48, -85, -28, -76, 4, -68, 42, -61, 74, -58, 96, -57, 123, -49, 127, -39, 127, -28, 127, -20, 127, -14, 127, -6, 127, 5, 127, 10, 127, 17, 127, 30, 127, 45, 114, 57, 93, 61, 73, 61, 54, 62, 34, 58, 25, 51]",esp32_2
CSI_DATA,216514,2025-07-23 16:48:52.436,0,lie_down,00:00:00:00:00:00,-62,11,0,0,0,0,0,0,0,0,0,-97,0,1,0,2720531173,0,14,0,0,0,104,0,"[0, 0, -14, -64, -29, -27, -50, 7, -72, 35, -94, 57, -115, 74, -128, 87, -128, 96, -128, 97, -128, 94, -128, 90, -128, 85, -128, 77, -128, 67, -128, 58, -128, 53, -110, 55, -92, 60, -75, 68, -61, 77, -51, 86, -45, 96, -45, 104, -49, 110, -53, 112, 52, -56, 61, -59, 74, -61, 88, -60, 102, -57, 110, -51, 110, -43, 106, -38, 96, -34, 81, -34, 64, -41, 43, -49, 21, -59, 2, -76, -13, -99, -26, -125, -37, -128, -44, -128, -46, -128, -44, -128, -40, -128, -32, -128, -23, -128, -14, -128, -5, -128, 0, -128]",esp32_1
CSI_DATA,115769,2025-07-23 16:48:52.454,0,lie_down,00:00:00:00:00:00,-77,11,0,0,0,0,0,0,0,0,0,-97,0,1,0,1340332640,0,14,0,0,0,104,0,"[0, 0, 54, -12, 51, -6, 46, 11, 52, 25, 68, 27, 82, 30, 91, 44, 114, 48, 127, 36, 127, 30, 127, 26, 127, 15, 127, 12, 127, 10, 127, -3, 127, -12, 127, -19, 127, -32, 127, -44, 127, -52, 127, -55, 127, -60, 127, -68, 127, -67, 109, -58, -67, 113, -66, 98, -62, 73, -69, 52, -79, 33, -76, 6, -65, -32, -57, -72, -52, -111, -36, -128, -6, -128, 15, -128, 19, -128, 23, -128, 30, -128, 29, -128, 27, -128, 43, -128, 60, -128, 66, -128, 69, -128, 68, -119, 71, -106, 73, -83, 67, -55, 65, -39]",esp32_2
CSI_DATA,216515,2025-07-23 16:48:52.461,0,lie_down,00:00:00:00:00:00,-62,11,0,0,0,0,0,0,0,0,0,-97,0,1,0,2720535804,0,14,0,0,0,104,0,"[0, 0, 49, -44, 9, -43, -30, -46, -64, -57, -95, -69, -121, -82, -128, -94, -128, -105, -128, -117, -128, -128, -128, -128, -128, -128, -128, -128, -128, -128, -123, -115, -111, -98, -102, -81, -98, -63, -97, -44, -100, -27, -105, -14, -111, -6, -119, -1, -125, -1, -127, -6, 69, 23, 77, 32, 86, 47, 91, 60, 93, 71, 90, 77, 83, 78, 74, 76, 68, 68, 64, 54, 61, 33, 62, 9, 71, -13, 83, -36, 92, -59, 105, -81, 124, -102, 127, -118, 127, -126, 127, -128, 127, -128, 127, -124, 127, -116, 127, -104, 127, -86, 127, -71]",esp32_1
CSI_DATA,216516,2025-07-23 16:48:52.491,0,lie_down,00:00:00:00:00:00,-62,11,0,0,0,0,0,0,0,0,0,-97,0,1,0,2720545853,0,14,0,0,0,104,0,"[0, 0, 58, -30, 19, -39, -17, -53, -50, -73, -78, -92, -99, -110, -115, -128, -127, -128, -128, -128, -128, -128, -128, -128, -125, -128, -113, -128, -100, -128, -92, -128, -84, -124, -78, -106, -77, -86, -83, -68, -90, -53, -98, -40, -106, -31, -113, -29, -118, -32, -120, -37, 60, 41, 67, 50, 74, 66, 76, 81, 74, 92, 67, 96, 59, 96, 53, 94, 51, 86, 50, 71, 51, 51, 58, 29, 71, 6, 89, -14, 104, -35, 119, -54, 127, -70, 127, -78, 127, -80, 127, -79, 127, -75, 127, -68, 127, -60, 127, -49, 127, -38, 127, -28]",esp32_1
CSI_DATA,216517,2025-07-23 16:48:52.518,0,lie_down,00:00:00:00:00:00,-61,11,0,0,0,0,0,0,0,0,0,-97,0,1,0,2720555794,0,14,0,0,0,104,0,"[0, 0, -11, -67, -30, -34, -54, -4, -77, 19, -101, 36, -126, 50, -128, 59, -128, 62, -128, 61, -128, 57, -128, 52, -128, 45, -128, 38, -128, 32, -128, 27, -128, 28, -121, 33, -103, 41, -89, 50, -79, 60, -72, 69, -68, 79, -69, 86, -74, 90, -78, 91, 53, -51, 62, -53, 75, -53, 88, -53, 100, -50, 105, -43, 104, -35, 100, -30, 91, -28, 76, -31, 58, -40, 40, -50, 25, -60, 9, -77, -5, -103, -16, -128, -21, -128, -24, -128, -23, -128, -17, -128, -8, -128, 1, -128, 8, -128, 12, -128, 17, -128, 20, -128]",esp32_1
CSI_DATA,115771,2025-07-23 16:48:52.533,0,lie_down,00:00:00:00:00:00,-75,11,0,0,0,0,0,0,0,0,0,-97,0,1,0,1340353992,0,14,0,0,0,104,0,"[0, 0, -26, -23, -23, -25, -19, -27, -18, -31, -18, -36, -18, -44, -25, -57, -34, -68, -46, -78, -61, -90, -76, -101, -94, -108, -110, -121, -124, -128, -128, -128, -128, -126, -128, -123, -128, -121, -128, -113, -128, -98, -128, -84, -118, -69, -99, -48, -84, -31, -76, -23, 71, -22, 65, -17, 61, -8, 56, 4, 44, 18, 29, 29, 17, 38, 5, 51, -12, 67, -30, 78, -44, 85, -52, 90, -58, 94, -65, 92, -68, 87, -72, 87, -77, 83, -75, 73, -74, 59, -74, 43, -66, 31, -56, 19, -49, 6, -44, -3, -44, -9, -45, -12]",esp32_2
CSI_DATA,216518,2025-07-23 16:48:52.543,0,lie_down,00:00:00:00:00:00,-61,11,0,0,0,0,0,0,0,0,0,-97,0,1,0,2720566536,0,14,0,0,0,104,0,"[0, 0, 19, -65, -13, -45, -46, -30, -78, -24, -108, -20, -128, -19, -128, -23, -128, -29, -128, -36, -128, -43, -128, -50, -128, -58, -128, -62, -128, -61, -128, -56, -128, -47, -120, -33, -109, -17, -102, -1, -98, 13, -99, 24, -102, 33, -105, 39, -109, 41, -113, 40, 67, -25, 78, -21, 89, -15, 100, -8, 110, 0, 112, 6, 108, 11, 101, 14, 91, 12, 81, 3, 69, -13, 59, -29, 53, -45, 49, -66, 44, -92, 43, -121, 49, -128, 59, -128, 71, -128, 83, -128, 93, -128, 103, -128, 111, -128, 112, -128, 106, -128, 99, -128]",esp32_1
CSI_DATA,115773,2025-07-23 16:48:52.601,0,lie_down,00:00:00:00:00:00,-75,11,0,0,0,0,0,0,0,0,0,-97,0,1,0,1340370643,0,14,0,0,0,104,0,"[0, 0, 53, 28, 47, 31, 33, 41, 34, 47, 46, 55, 54, 67, 64, 85, 80, 103, 97, 117, 124, 127, 127, 127, 127, 127, 127, 127, 127, 127, 127, 127, 127, 127, 127, 127, 127, 127, 127, 127, 127, 127, 127, 114, 127, 96, 127, 70, 127, 41, 127, 27, -113, 63, -110, 45, -107, 27, -98, 11, -81, -11, -62, -36, -44, -62, -22, -87, 4, -113, 26, -128, 43, -128, 60, -128, 78, -128, 91, -128, 100, -128, 105, -128, 109, -128, 109, -128, 104, -120, 105, -93, 105, -75, 105, -54, 102, -28, 90, -12, 78, 2, 72, 15]",esp32_2
CSI_DATA,216520,2025-07-23 16:48:52.634,0,lie_down,00:00:00:00:00:00,-61,11,0,0,0,0,0,0,0,0,0,-97,0,1,0,2720585810,0,14,0,0,0,104,0,"[0, 0, -24, -63, -36, -26, -53, 8, -71, 35, -90, 59, -110, 78, -128, 91, -128, 99, -128, 101, -128, 100, -128, 97, -128, 90, -128, 81, -128, 73, -128, 66, -128, 61, -108, 61, -89, 64, -73, 70, -60, 77, -50, 85, -45, 93, -44, 101, -48, 105, -53, 106, 43, -60, 53, -63, 63, -67, 74, -68, 87, -67, 95, -62, 97, -55, 92, -49, 82, -45, 67, -45, 51, -51, 32, -58, 12, -66, -7, -80, -25, -100, -40, -123, -53, -128, -62, -128, -65, -128, -61, -128, -55, -128, -48, -128, -41, -128, -33, -128, -24, -128, -18, -128]",esp32_1
CSI_DATA,115774,2025-07-23 16:48:52.634,0,lie_down,00:00:00:00:00:00,-75,11,0,0,0,0,0,0,0,0,0,-97,0,1,0,1340380590,0,14,0,0,0,104,0,"[0, 0, 23, 36, 20, 34, 14, 42, 5, 45, 5, 53, 11, 71, 15, 88, 18, 108, 29, 127, 50, 127, 73, 127, 95, 127, 114, 127, 127, 127, 127, 127, 127, 127, 127, 127, 127, 127, 127, 127, 127, 127, 127, 127, 127, 127, 127, 117, 113, 84, 97, 62, -119, -2, -112, -10, -98, -19, -81, -33, -62, -50, -38, -62, -8, -70, 17, -79, 43, -87, 77, -97, 105, -102, 121, -105, 127, -108, 127, -109, 127, -108, 127, -97, 127, -80, 127, -69, 127, -54, 122, -37, 112, -23, 105, -4, 91, 13, 74, 22, 63, 29, 57, 36]",esp32_2
CSI_DATA,115775,2025-07-23 16:48:52.664,0,lie_down,00:00:00:00:00:00,-75,11,0,0,0,0,0,0,0,0,0,-97,0,1,0,1340390608,0,14,0,0,0,104,0,"[0, 0, 45, 45, 32, 48, 30, 45, 31, 48, 29, 56, 31, 65, 42, 80, 55, 99, 69, 123, 88, 127, 114, 127, 127, 127, 127, 127, 127, 127, 127, 127, 127, 127, 127, 127, 127, 127, 127, 127, 127, 127, 127, 127, 127, 120, 127, 94, 127, 64, 115, 39, -124, 34, -120, 22, -106, 6, -91, -13, -76, -30, -56, -42, -32, -58, -7, -86, 19, -108, 45, -123, 74, -128, 97, -128, 111, -128, 124, -128, 127, -128, 125, -128, 127, -122, 127, -108, 122, -94, 116, -70, 113, -46, 102, -31, 92, -18, 84, -4, 74, 14, 69, 24]",esp32_2
CSI_DATA,216521,2025-07-23 16:48:52.674,0,lie_down,00:00:00:00:00:00,-61,11,0,0,0,0,0,0,0,0,0,-97,0,1,0,2720595796,0,14,0,0,0,104,0,"[0, 0, -52, -46, -49, -10, -53, 25, -59, 59, -67, 89, -79, 112, -93, 127, -109, 127, -121, 127, -128, 127, -128, 127, -128, 127, -128, 127, -128, 118, -120, 106, -104, 96, -87, 91, -71, 88, -55, 88, -40, 90, -28, 96, -21, 103, -19, 109, -22, 114, -26, 115, 5, -71, 10, -80, 15, -90, 24, -98, 36, -104, 46, -103, 51, -97, 52, -91, 47, -83, 34, -76, 18, -71, -2, -67, -24, -65, -47, -68, -69, -77, -90, -92, -110, -108, -125, -122, -128, -128, -128, -128, -128, -128, -128, -128, -128, -128, -120, -128, -103, -128, -90, -128]",esp32_1
CSI_DATA,115776,2025-07-23 16:48:52.693,0,lie_down,00:00:00:00:00:00,-76,11,0,0,0,0,0,0,0,0,0,-97,0,1,0,1340402403,0,14,0,0,0,104,0,"[0, 0, 55, -22, 55, -16, 57, -16, 60, -8, 66, -1, 78, 0, 96, 1, 116, -7, 127, -22, 127, -31, 127, -42, 127, -59, 127, -82, 127, -105, 127, -125, 127, -128, 127, -128, 127, -128, 127, -128, 127, -128, 127, -128, 127, -128, 127, -127, 111, -109, 80, -95, -39, 118, -43, 106, -44, 91, -52, 72, -67, 45, -79, 15, -86, -12, -89, -38, -87, -68, -94, -98, -105, -123, -102, -128, -90, -128, -84, -128, -81, -128, -73, -128, -62, -128, -49, -128, -32, -128, -13, -128, 9, -123, 27, -109, 34, -93, 38, -73, 39, -54, 37, -42]",esp32_2
CSI_DATA,216522,2025-07-23 16:48:52.699,0,lie_down,00:00:00:00:00:00,-62,11,0,0,0,0,0,0,0,0,0,-97,0,1,0,2720605771,0,14,0,0,0,104,0,"[0, 0, 8, -65, -21, -37, -54, -13, -84, 8, -110, 24, -128, 35, -128, 41, -128, 42, -128, 37, -128, 31, -128, 26, -128, 19, -128, 12, -128, 10, -128, 10, -128, 12, -127, 18, -110, 30, -98, 44, -87, 56, -79, 67, -78, 77, -80, 85, -86, 88, -94, 87, 67, -37, 79, -36, 93, -32, 104, -29, 113, -23, 118, -17, 116, -10, 111, -6, 100, -6, 86, -12, 70, -25, 55, -40, 41, -57, 29, -79, 18, -107, 12, -128, 11, -128, 13, -128, 18, -128, 25, -128, 36, -128, 46, -128, 55, -128, 61, -128, 62, -128, 60, -128]",esp32_1
CSI_DATA,216523,2025-07-23 16:48:52.730,0,lie_down,00:00:00:00:00:00,-62,11,0,0,0,0,0,0,0,0,0,-97,0,1,0,2720615793,0,14,0,0,0,104,0,"[0, 0, -59, -33, -44, 6, -36, 44, -29, 81, -27, 114, -31, 127, -39, 127, -49, 127, -58, 127, -66, 127, -73, 127, -76, 127, -78, 127, -78, 127, -72, 127, -60, 127, -45, 122, -28, 112, -11, 106, 7, 101, 23, 101, 34, 105, 39, 110, 39, 117, 37, 120, 2, -74, 6, -86, 12, -98, 21, -108, 32, -113, 41, -113, 47, -108, 49, -101, 41, -93, 28, -83, 11, -75, -10, -67, -37, -60, -64, -59, -89, -65, -112, -73, -128, -86, -128, -99, -128, -111, -128, -124, -128, -128, -128, -128, -128, -128, -128, -128, -128, -128, -127, -128]",esp32_1
CSI_DATA,216524,2025-07-23 16:48:52.758,0,lie_down,00:00:00:00:00:00,-62,11,0,0,0,0,0,0,0,0,0,-97,0,1,0,2720625815,0,14,0,0,0,104,0,"[0, 0, -9, 67, 19, 36, 52, 11, 83, -7, 110, -21, 127, -31, 127, -36, 127, -37, 127, -33, 127, -27, 127, -22, 127, -16, 127, -9, 127, -4, 127, -3, 127, -5, 127, -12, 110, -24, 98, -37, 89, -51, 84, -63, 82, -72, 84, -79, 91, -83, 95, -84, -66, 39, -78, 40, -91, 37, -103, 33, -113, 28, -116, 21, -115, 13, -111, 8, -101, 8, -87, 14, -71, 27, -55, 40, -42, 55, -30, 78, -20, 106, -14, 127, -13, 127, -14, 127, -17, 127, -27, 127, -37, 127, -47, 127, -55, 127, -61, 127, -62, 127, -60, 127]",esp32_1
CSI_DATA,115778,2025-07-23 16:48:52.780,0,lie_down,00:00:00:00:00:00,-76,11,0,0,0,0,0,0,0,0,0,-97,0,1,0,1340420563,0,14,0,0,0,104,0,"[0, 0, -38, -33, -31, -36, -28, -39, -24, -42, -24, -50, -32, -68, -46, -87, -64, -109, -80, -128, -104, -128, -128, -128, -128, -128, -128, -128, -128, -128, -128, -128, -128, -128, -128, -128, -128, -128, -128, -128, -128, -128, -128, -128, -128, -112, -128, -88, -128, -53, -112, -28, 127, -28, 118, -14, 106, 0, 91, 14, 76, 28, 58, 44, 34, 65, 4, 88, -25, 106, -52, 121, -76, 127, -96, 127, -109, 127, -118, 127, -128, 127, -128, 127, -128, 115, -128, 110, -127, 93, -118, 67, -109, 46, -100, 34, -92, 21, -81, -1, -66, -18, -51, -24]",esp32_2
CSI_DATA,216525,2025-07-23 16:48:52.791,0,lie_down,00:00:00:00:00:00,-62,11,0,0,0,0,0,0,0,0,0,-97,0,1,0,2720635776,0,14,0,0,0,104,0,"[0, 0, 48, 44, 40, 5, 40, -35, 42, -73, 48, -107, 56, -128, 67, -128, 82, -128, 97, -128, 107, -128, 112, -128, 114, -128, 115, -128, 111, -128, 100, -128, 83, -124, 66, -112, 46, -105, 27, -102, 11, -102, -2, -106, -12, -110, -16, -116, -14, -123, -11, -128, -19, 73, -24, 82, -33, 92, -44, 99, -55, 103, -64, 103, -68, 98, -67, 92, -59, 82, -46, 73, -29, 69, -6, 66, 21, 64, 48, 69, 72, 79, 92, 93, 112, 111, 127, 127, 127, 127, 127, 127, 127, 127, 127, 127, 127, 127, 127, 127, 111, 127, 98, 127]",esp32_1
CSI_DATA,115779,2025-07-23 16:48:52.808,0,lie_down,00:00:00:00:00:00,-75,11,0,0,0,0,0,0,0,0,0,-97,0,1,0,1340430594,0,14,0,0,0,104,0,"[0, 0, 13, -44, 17, -40, 30, -38, 39, -42, 43, -51, 56, -57, 71, -68, 86, -93, 96, -120, 101, -128, 107, -128, 116, -128, 127, -128, 127, -128, 127, -128, 122, -128, 111, -128, 101, -128, 89, -128, 66, -128, 45, -128, 32, -128, 21, -128, 8, -128, -6, -128, 50, 104, 47, 105, 32, 100, 8, 86, -14, 74, -37, 64, -69, 52, -100, 34, -120, 10, -128, -14, -128, -32, -128, -45, -128, -53, -128, -58, -128, -68, -128, -83, -128, -95, -128, -97, -125, -100, -106, -104, -88, -99, -69, -94, -50, -91, -29, -81, -7, -70, 10, -68]",esp32_2
CSI_DATA,115780,2025-07-23 16:48:52.828,0,lie_down,00:00:00:00:00:00,-76,11,0,0,0,0,0,0,0,0,0,-97,0,1,0,1340444727,0,14,0,0,0,104,0,"[0, 0, -16, -61, -9, -53, -5, -50, -6, -58, -2, -64, 9, -71, 15, -92, 14, -119, 10, -128, 2, -128, -12, -128, -26, -128, -35, -128, -44, -128, -56, -128, -68, -128, -78, -128, -85, -128, -89, -128, -92, -128, -93, -128, -92, -128, -91, -128, -87, -128, -82, -102, 119, 37, 108, 46, 88, 59, 66, 64, 40, 63, 7, 63, -29, 62, -63, 69, -90, 73, -114, 72, -128, 71, -128, 71, -128, 64, -128, 52, -128, 42, -128, 35, -128, 30, -128, 18, -128, 0, -128, -19, -119, -33, -94, -41, -79, -43, -63, -47, -46, -56, -36, -60]",esp32_2
CSI_DATA,115781,2025-07-23 16:48:52.855,0,lie_down,00:00:00:00:00:00,-75,11,0,0,0,0,0,0,0,0,0,-97,0,1,0,1340450623,0,14,0,0,0,104,0,"[0, 0, -51, 1, -47, -7, -45, -23, -50, -30, -50, -32, -54, -39, -70, -47, -94, -54, -117, -60, -128, -63, -128, -65, -128, -67, -128, -64, -128, -58, -128, -53, -128, -49, -128, -41, -128, -32, -128, -17, -128, -2, -128, 4, -128, 12, -128, 23, -128, 28, -120, 29, 69, -94, 69, -78, 68, -62, 69, -46, 71, -23, 65, 5, 55, 36, 51, 64, 43, 90, 33, 113, 22, 127, 10, 127, -2, 127, -14, 127, -19, 127, -19, 127, -24, 127, -37, 127, -48, 127, -54, 114, -60, 95, -62, 82, -65, 65, -66, 42, -60, 25, -56, 18]",esp32_2
CSI_DATA,216527,2025-07-23 16:48:52.880,0,lie_down,00:00:00:00:00:00,-62,11,0,0,0,0,0,0,0,0,0,-97,0,1,0,2720658795,0,14,0,0,0,104,0,"[0, 0, -64, 8, -26, 25, 10, 46, 42, 71, 66, 96, 85, 119, 99, 127, 107, 127, 110, 127, 109, 127, 105, 127, 98, 127, 88, 127, 78, 127, 70, 127, 65, 126, 63, 105, 66, 84, 73, 64, 82, 46, 94, 33, 104, 26, 112, 23, 118, 25, 121, 30, -39, -62, -40, -76, -40, -95, -38, -108, -32, -117, -24, -120, -16, -116, -11, -111, -11, -102, -16, -88, -25, -69, -38, -49, -59, -31, -82, -15, -105, -1, -128, 14, -128, 22, -128, 24, -128, 23, -128, 20, -128, 13, -128, 4, -128, -3, -128, -8, -128, -14, -128, -19]",esp32_1
CSI_DATA,115782,2025-07-23 16:48:52.880,0,lie_down,00:00:00:00:00:00,-76,11,0,0,0,0,0,0,0,0,0,-97,0,1,0,1340460573,0,14,0,0,0,104,0,"[0, 0, -44, 36, -45, 32, -34, 26, -38, 26, -50, 32, -65, 38, -87, 52, -103, 74, -116, 95, -128, 120, -128, 127, -128, 127, -128, 127, -128, 127, -128, 127, -128, 127, -128, 127, -128, 127, -128, 127, -123, 127, -102, 127, -74, 127, -50, 127, -37, 127, -24, 122, -56, -114, -47, -108, -35, -101, -16, -95, 10, -86, 41, -69, 68, -51, 94, -35, 118, -14, 127, 10, 127, 38, 127, 66, 127, 84, 127, 92, 127, 93, 127, 94, 127, 96, 127, 98, 127, 101, 104, 104, 78, 100, 55, 96, 34, 98, 19, 92, 11, 81, 2, 73]",esp32_2
CSI_DATA,216528,2025-07-23 16:48:52.911,0,lie_down,00:00:00:00:00:00,-61,11,0,0,0,0,0,0,0,0,0,-97,0,1,0,2720665842,0,14,0,0,0,104,0,"[0, 0, -80, -21, -53, 20, -30, 59, -13, 100, -2, 127, 4, 127, 4, 127, -1, 127, -10, 127, -19, 127, -25, 127, -31, 127, -37, 127, -41, 127, -37, 127, -27, 127, -15, 127, 1, 127, 20, 122, 39, 113, 57, 111, 73, 111, 81, 114, 82, 120, 79, 126, -18, -85, -16, -101, -13, -118, -8, -128, 3, -128, 16, -128, 23, -128, 27, -128, 23, -116, 11, -102, -6, -90, -28, -76, -57, -62, -89, -53, -121, -50, -128, -53, -128, -61, -128, -69, -128, -77, -128, -88, -128, -101, -128, -114, -128, -123, -128, -122, -128, -116, -128, -112]",esp32_1
CSI_DATA,115783,2025-07-23 16:48:52.911,0,lie_down,00:00:00:00:00:00,-75,11,0,0,0,0,0,0,0,0,0,-97,0,1,0,1340470576,0,14,0,0,0,104,0,"[0, 0, 39, 28, 33, 34, 28, 40, 27, 45, 24, 56, 31, 73, 51, 87, 74, 107, 98, 126, 123, 127, 127, 127, 127, 127, 127, 127, 127, 127, 127, 127, 127, 127, 127, 127, 127, 127, 127, 127, 127, 127, 127, 125, 127, 105, 127, 77, 127, 47, 127, 24, -121, 56, -113, 42, -104, 26, -98, 9, -85, -12, -67, -30, -47, -52, -21, -81, 0, -112, 15, -128, 34, -128, 52, -128, 68, -128, 88, -128, 101, -128, 106, -128, 111, -128, 117, -128, 114, -109, 107, -92, 105, -72, 102, -48, 91, -29, 83, -17, 79, -5, 73, 6]",esp32_2
CSI_DATA,115784,2025-07-23 16:48:52.937,0,lie_down,00:00:00:00:00:00,-75,11,0,0,0,0,0,0,0,0,0,-97,0,1,0,1340480608,0,14,0,0,0,104,0,"[0, 0, -22, 44, -30, 34, -34, 32, -45, 38, -55, 45, -61, 52, -69, 67, -81, 93, -97, 115, -111, 127, -114, 127, -118, 127, -125, 127, -128, 127, -128, 127, -125, 127, -112, 127, -102, 127, -91, 127, -73, 127, -53, 127, -34, 127, -17, 127, -1, 127, 11, 127, -80, -108, -65, -105, -44, -105, -23, -92, -1, -80, 27, -76, 56, -66, 89, -46, 119, -24, 127, -5, 127, 7, 127, 24, 127, 42, 127, 55, 127, 66, 127, 70, 127, 77, 127, 87, 127, 89, 105, 89, 80, 89, 62, 85, 48, 80, 34, 77, 18, 73, 3, 68]",esp32_2
CSI_DATA,216529,2025-07-23 16:48:52.942,0,lie_down,00:00:00:00:00:00,-61,11,0,0,0,0,0,0,0,0,0,-97,0,1,0,2720675802,0,14,0,0,0,104,0,"[0, 0, -68, -45, -55, 3, -50, 48, -46, 90, -46, 127, -53, 127, -65, 127, -80, 127, -96, 127, -109, 127, -116, 127, -120, 127, -120, 127, -116, 127, -104, 127, -87, 127, -68, 127, -48, 127, -25, 124, -4, 121, 13, 121, 25, 127, 29, 127, 29, 127, 26, 127, 7, -88, 14, -101, 22, -115, 32, -126, 45, -128, 56, -128, 63, -124, 64, -116, 54, -107, 39, -96, 21, -88, -3, -80, -34, -74, -68, -75, -98, -83, -125, -97, -128, -114, -128, -128, -128, -128, -128, -128, -128, -128, -128, -128, -128, -128, -128, -128, -128, -128, -128, -128]",esp32_1
CSI_DATA,115785,2025-07-23 16:48:52.961,0,lie_down,00:00:00:00:00:00,-75,11,0,0,0,0,0,0,0,0,0,-97,0,1,0,1340501614,0,14,0,0,0,104,0,"[0, 0, -1, -52, 14, -48, 20, -50, 29, -51, 38, -51, 36, -61, 42, -86, 50, -117, 51, -128, 49, -128, 40, -128, 35, -128, 38, -128, 43, -128, 44, -128, 34, -128, 23, -128, 6, -128, -15, -128, -24, -128, -31, -128, -39, -128, -38, -128, -39, -128, -40, -118, 90, 75, 83, 74, 66, 76, 38, 78, 12, 72, -13, 61, -44, 48, -77, 44, -104, 40, -125, 28, -128, 13, -128, -4, -128, -14, -128, -20, -128, -26, -128, -37, -128, -47, -128, -51, -128, -60, -128, -68, -108, -69, -90, -76, -77, -82, -56, -75, -39, -70, -31, -74]",esp32_2
CSI_DATA,216530,2025-07-23 16:48:52.974,0,lie_down,00:00:00:00:00:00,-61,11,0,0,0,0,0,0,0,0,0,-97,0,1,0,2720685788,0,14,0,0,0,104,0,"[0, 0, -1, 64, 22, 35, 50, 9, 78, -12, 103, -28, 127, -40, 127, -46, 127, -47, 127, -44, 127, -39, 127, -32, 127, -24, 127, -17, 127, -13, 127, -11, 127, -13, 121, -19, 105, -29, 90, -40, 79, -52, 74, -63, 74, -73, 76, -80, 81, -84, 86, -84, -61, 43, -70, 44, -83, 43, -95, 39, -106, 35, -111, 29, -110, 23, -105, 19, -95, 18, -81, 20, -65, 30, -47, 42, -32, 55, -20, 74, -10, 99, -3, 126, 0, 127, 0, 127, -1, 127, -6, 127, -14, 127, -25, 127, -36, 127, -40, 127, -41, 127, -40, 127]",esp32_1
CSI_DATA,115786,2025-07-23 16:48:52.983,0,lie_down,00:00:00:00:00:00,-76,11,0,0,0,0,0,0,0,0,0,-97,0,1,0,1340537436,0,14,0,0,0,104,0,"[0, 0, -22, 41, -28, 33, -34, 36, -38, 35, -47, 33, -63, 39, -79, 56, -90, 81, -98, 103, -111, 121, -124, 127, -128, 127, -128, 127, -128, 127, -128, 127, -128, 127, -128, 127, -128, 127, -128, 127, -122, 127, -103, 127, -77, 127, -52, 127, -28, 127, -16, 104, -74, -98, -70, -91, -54, -87, -29, -79, -2, -67, 29, -59, 55, -46, 86, -26, 121, -4, 127, 23, 124, 59, 125, 86, 127, 95, 127, 98, 127, 94, 127, 90, 127, 98, 127, 108, 115, 112, 93, 111, 76, 103, 56, 94, 37, 90, 28, 84, 23, 73, 13, 61]",esp32_2
CSI_DATA,216531,2025-07-23 16:48:53.000,0,lie_down,00:00:00:00:00:00,-62,11,0,0,0,0,0,0,0,0,0,-97,0,1,0,2720701584,0,14,0,0,0,104,0,"[0, 0, -72, 3, -38, 25, -7, 50, 19, 81, 37, 111, 50, 127, 57, 127, 59, 127, 58, 127, 55, 127, 50, 127, 44, 127, 34, 127, 24, 127, 20, 127, 22, 127, 26, 125, 34, 107, 45, 91, 59, 78, 73, 71, 85, 67, 93, 66, 97, 71, 98, 77, -40, -59, -43, -74, -45, -91, -44, -105, -39, -116, -30, -120, -20, -119, -12, -114, -12, -105, -18, -89, -27, -71, -39, -52, -59, -36, -83, -21, -107, -9, -128, 1, -128, 6, -128, 7, -128, 4, -128, -2, -128, -12, -128, -21, -128, -28, -128, -31, -128, -35, -128, -40]",esp32_1
CSI_DATA,115787,2025-07-23 16:48:53.006,0,lie_down,00:00:00:00:00:00,-75,11,0,0,0,0,0,0,0,0,0,-97,0,1,0,1340611520,0,14,0,0,0,104,0,"[0, 0, -22, 42, -21, 38, -25, 37, -38, 36, -48, 41, -56, 58, -71, 78, -88, 95, -96, 122, -111, 127, -126, 127, -128, 127, -128, 127, -128, 127, -128, 127, -128, 127, -128, 127, -118, 127, -101, 127, -83, 127, -69, 127, -56, 127, -41, 127, -22, 127, -4, 127, -74, -107, -60, -104, -45, -97, -30, -94, -3, -87, 33, -74, 61, -58, 88, -34, 117, -16, 127, -7, 127, 7, 127, 27, 127, 44, 127, 63, 127, 76, 127, 81, 127, 84, 127, 86, 127, 89, 112, 90, 87, 88, 68, 84, 46, 78, 27, 73, 15, 70, 5, 68]",esp32_2
CSI_DATA,216532,2025-07-23 16:48:53.027,0,lie_down,00:00:00:00:00:00,-62,11,0,0,0,0,0,0,0,0,0,-97,0,1,0,2720707775,0,14,0,0,0,104,0,"[0, 0, 61, -16, 24, -33, -8, -52, -36, -77, -61, -102, -78, -125, -91, -128, -100, -128, -103, -128, -100, -128, -97, -128, -90, -128, -80, -128, -70, -128, -61, -128, -58, -128, -58, -112, -62, -91, -70, -74, -80, -60, -92, -50, -102, -43, -109, -41, -114, -44, -114, -48, 46, 55, 48, 68, 49, 84, 50, 99, 47, 109, 38, 112, 30, 111, 27, 107, 28, 97, 30, 82, 34, 63, 44, 42, 63, 24, 85, 9, 106, -6, 126, -21, 127, -31, 127, -36, 127, -36, 127, -32, 127, -26, 127, -19, 127, -11, 127, -4, 127, 2, 127, 8]",esp32_1
CSI_DATA,115788,2025-07-23 16:48:53.027,0,lie_down,00:00:00:00:00:00,-76,11,0,0,0,0,0,0,0,0,0,-97,0,1,0,1340636810,0,14,0,0,0,104,0,"[0, 0, 48, -12, 51, -9, 47, -8, 48, 3, 60, 17, 73, 20, 91, 18, 114, 13, 127, 7, 127, 4, 127, -1, 127, -8, 127, -13, 127, -23, 127, -41, 127, -60, 127, -71, 127, -78, 127, -86, 127, -88, 127, -88, 127, -86, 127, -77, 127, -67, 98, -58, -54, 113, -55, 101, -60, 86, -59, 69, -58, 45, -65, 15, -68, -13, -66, -48, -61, -79, -54, -99, -54, -125, -47, -128, -31, -128, -24, -128, -27, -128, -34, -128, -29, -128, -14, -128, 6, -128, 25, -128, 34, -128, 40, -109, 47, -94, 55, -79, 60, -63, 58, -48]",esp32_2
CSI_DATA,115789,2025-07-23 16:48:53.050,0,lie_down,00:00:00:00:00:00,-76,11,0,0,0,0,0,0,0,0,0,-97,0,1,0,1340672855,0,14,0,0,0,104,0,"[0, 0, -10, -54, -3, -50, 2, -51, 6, -58, 9, -64, 14, -75, 24, -95, 34, -124, 40, -128, 40, -128, 32, -128, 23, -128, 16, -128, 7, -128, -6, -128, -14, -128, -23, -128, -30, -128, -32, -128, -43, -128, -56, -128, -62, -128, -66, -128, -65, -128, -61, -108, 105, 65, 90, 72, 68, 80, 46, 81, 22, 80, -6, 73, -38, 63, -77, 55, -109, 53, -128, 51, -128, 44, -128, 32, -128, 27, -128, 23, -128, 8, -128, -8, -128, -19, -128, -27, -128, -32, -128, -34, -105, -38, -85, -48, -71, -58, -58, -62, -46, -66, -41, -68]",esp32_2
CSI_DATA,115790,2025-07-23 16:48:53.071,0,lie_down,00:00:00:00:00:00,-75,11,0,0,0,0,0,0,0,0,0,-97,0,1,0,1340697747,0,14,0,0,0,104,0,"[0, 0, -24, -44, -10, -45, 1, -42, 3, -46, 3, -58, 5, -73, -3, -91, -10, -114, -16, -128, -34, -128, -52, -128, -68, -128, -82, -128, -93, -128, -112, -128, -128, -128, -128, -128, -128, -128, -128, -128, -128, -128, -128, -128, -128, -128, -117, -128, -101, -111, -81, -85, 115, 17, 104, 29, 89, 39, 72, 46, 49, 50, 20, 53, -11, 61, -39, 68, -65, 74, -95, 82, -122, 88, -128, 91, -128, 87, -128, 82, -128, 81, -128, 75, -128, 61, -128, 48, -128, 37, -124, 17, -114, -4, -98, -17, -78, -23, -68, -29, -61, -38, -47, -43]",esp32_2
CSI_DATA,115791,2025-07-23 16:48:53.094,0,lie_down,00:00:00:00:00:00,-75,11,0,0,0,0,0,0,0,0,0,-97,0,1,0,1340722900,0,14,0,0,0,104,0,"[0, 0, 22, -50, 25, -53, 25, -51, 31, -49, 42, -49, 49, -58, 53, -74, 60, -93, 68, -115, 76, -128, 86, -128, 89, -128, 86, -128, 86, -128, 84, -128, 77, -128, 67, -128, 61, -128, 48, -128, 30, -128, 18, -128, 6, -128, -8, -128, -16, -128, -22, -115, 57, 106, 43, 106, 31, 105, 22, 93, 0, 74, -33, 60, -67, 50, -98, 34, -122, 8, -128, -12, -128, -23, -128, -35, -128, -47, -128, -56, -128, -64, -128, -74, -128, -78, -128, -76, -122, -74, -97, -75, -79, -76, -58, -77, -35, -78, -16, -76, -3, -74, 8, -76]",esp32_2
