type,seq,timestamp,taget_seq,taget,mac,rssi,rate,sig_mode,mcs,cwb,smoothing,not_sounding,aggregation,stbc,fec_coding,sgi,noise_floor,ampdu_cnt,channel_primary,channel_secondary,local_timestamp,ant,sig_len,rx_state,agc_gain,fft_gain,len,first_word_invalid,data,device_id
CSI_DATA,157452,2025-08-27 15:42:48.538,0,lie_down,00:00:00:00:00:00,-45,11,0,0,0,0,0,0,0,0,0,-97,0,1,0,1439686380,0,14,0,0,0,104,0,"[0, 0, 127, -128, 127, -128, 127, -128, 127, -128, 127, -128, 127, -128, 127, -128, 127, -128, 127, -128, 127, -128, 127, -128, 127, -128, 127, -128, 127, -98, 124, -51, 81, -9, 33, 21, -16, 36, -62, 38, -101, 29, -128, 13, -128, -9, -128, -33, -128, -56, -124, -70, -84, 127, -103, 127, -123, 127, -128, 127, -128, 127, -128, 127, -112, 127, -90, 127, -64, 121, -36, 115, -8, 112, 17, 109, 39, 106, 60, 101, 81, 94, 97, 84, 112, 72, 127, 55, 127, 33, 127, 10, 127, -16, 127, -45, 127, -71, 127, -95, 127, -119, 127, -128]",esp32_2
CSI_DATA,153798,2025-08-27 15:42:48.560,0,lie_down,00:00:00:00:00:00,-65,11,0,0,0,0,0,0,0,0,0,-97,0,1,0,284474827,0,14,0,0,0,104,0,"[0, 0, 127, -128, 127, -128, 127, -128, 127, -128, 127, -128, 127, -128, 127, -128, 118, -128, 102, -128, 84, -128, 77, -128, 69, -128, 64, -128, 66, -128, 67, -125, 68, -101, 66, -81, 60, -52, 53, -24, 41, 0, 28, 25, 7, 42, -8, 55, -29, 69, -49, 70, -103, 66, -110, 61, -118, 60, -117, 53, -121, 59, -115, 53, -106, 57, -96, 54, -84, 61, -73, 62, -58, 73, -50, 84, -41, 80, -39, 86, -34, 85, -26, 92, -31, 80, -26, 66, -20, 33, -5, 6, 5, -28, 25, -59, 59, -79, 87, -119, 115, -128, 127, -128]",esp32_1
CSI_DATA,157453,2025-08-27 15:42:48.561,0,lie_down,00:00:00:00:00:00,-44,11,0,0,0,0,0,0,0,0,0,-97,0,1,0,1439692069,0,14,0,0,0,104,0,"[0, 0, 127, -2, 127, -20, 127, -35, 127, -49, 127, -62, 127, -68, 127, -68, 127, -64, 127, -54, 127, -37, 127, -16, 127, 5, 127, 23, 127, 38, 94, 44, 48, 42, 5, 30, -31, 10, -57, -15, -71, -42, -76, -67, -72, -87, -60, -101, -43, -107, -27, -107, -128, 94, -128, 79, -128, 59, -128, 43, -128, 32, -128, 24, -128, 22, -123, 26, -104, 35, -84, 47, -66, 62, -50, 75, -36, 85, -23, 94, -9, 101, 5, 105, 21, 108, 39, 108, 59, 102, 78, 95, 99, 87, 123, 79, 127, 72, 127, 65, 127, 58, 127, 54]",esp32_2
CSI_DATA,153799,2025-08-27 15:42:48.591,0,lie_down,00:00:00:00:00:00,-64,11,0,0,0,0,0,0,0,0,0,-97,0,1,0,284493197,0,14,0,0,0,104,0,"[0, 0, 90, -128, 99, -128, 99, -128, 101, -128, 90, -128, 71, -128, 60, -128, 41, -128, 24, -128, 5, -128, -6, -128, -12, -128, -15, -128, -1, -128, 9, -128, 13, -128, 29, -116, 36, -87, 36, -52, 34, -22, 25, 8, 16, 39, 0, 58, -11, 72, -25, 80, -26, 127, -31, 127, -44, 127, -47, 127, -47, 127, -49, 127, -44, 125, -34, 121, -22, 114, -8, 106, 3, 111, 17, 108, 29, 100, 39, 105, 42, 99, 38, 100, 28, 88, 22, 68, 21, 40, 15, 11, 3, -27, 5, -67, 1, -99, 15, -128, 28, -128, 38, -128]",esp32_1
CSI_DATA,153800,2025-08-27 15:42:48.617,0,lie_down,00:00:00:00:00:00,-65,11,0,0,0,0,0,0,0,0,0,-97,0,1,0,284523183,0,14,0,0,0,104,0,"[0, 0, -128, -124, -128, -128, -128, -128, -128, -128, -128, -124, -128, -110, -128, -95, -128, -77, -128, -63, -128, -49, -128, -48, -128, -44, -128, -43, -128, -48, -128, -55, -128, -55, -103, -54, -74, -48, -48, -37, -19, -25, -3, -10, 12, 12, 25, 32, 30, 54, 30, 71, 113, -13, 124, -4, 124, 2, 126, 11, 127, 15, 127, 16, 117, 21, 110, 15, 102, 8, 106, 4, 90, -11, 88, -22, 88, -29, 87, -35, 86, -41, 70, -49, 67, -41, 55, -40, 41, -24, 16, -20, -13, -18, -45, -21, -96, -29, -128, -40, -128, -48, -128, -81]",esp32_1
CSI_DATA,157455,2025-08-27 15:42:48.649,0,lie_down,00:00:00:00:00:00,-44,11,0,0,0,0,0,0,0,0,0,-97,0,1,0,1439716557,0,14,0,0,0,104,0,"[0, 0, -128, -128, -128, -128, -128, -126, -128, -121, -128, -115, -128, -115, -128, -119, -128, -125, -128, -128, -128, -128, -128, -128, -128, -128, -124, -124, -84, -106, -46, -80, -14, -47, 9, -12, 20, 25, 21, 60, 14, 87, 1, 107, -15, 117, -31, 118, -46, 110, -57, 100, 127, -8, 127, 10, 127, 30, 127, 44, 127, 53, 127, 55, 127, 50, 118, 38, 103, 21, 89, 0, 78, -23, 69, -43, 62, -59, 56, -77, 47, -93, 38, -106, 27, -117, 14, -125, -2, -128, -19, -128, -40, -128, -64, -128, -88, -128, -113, -128, -128, -128, -128, -128]",esp32_2
CSI_DATA,153801,2025-08-27 15:42:48.652,0,lie_down,00:00:00:00:00:00,-64,11,0,0,0,0,0,0,0,0,0,-97,0,1,0,284552127,0,14,0,0,0,104,0,"[0, 0, 22, -128, 37, -128, 39, -128, 39, -128, 39, -128, 37, -128, 22, -128, 15, -128, 3, -128, -7, -128, -13, -128, -16, -128, -14, -128, 3, -128, 8, -128, 8, -128, 19, -123, 22, -88, 22, -60, 11, -34, -2, -7, -19, 13, -32, 30, -41, 40, -56, 44, 48, 105, 45, 127, 34, 127, 29, 127, 19, 127, 10, 127, 1, 127, -3, 127, -6, 127, 6, 122, 6, 112, 14, 100, 27, 86, 40, 80, 46, 78, 42, 68, 43, 63, 35, 53, 42, 37, 29, 19, 15, -9, 10, -40, -17, -66, -6, -112, -6, -128, -14, -128]",esp32_1
CSI_DATA,157456,2025-08-27 15:42:48.673,0,lie_down,00:00:00:00:00:00,-45,11,0,0,0,0,0,0,0,0,0,-97,0,1,0,1439721683,0,14,0,0,0,104,0,"[0, 0, -128, 64, -128, 82, -128, 96, -128, 108, -128, 116, -128, 118, -128, 116, -128, 108, -128, 93, -128, 73, -128, 50, -128, 26, -128, 4, -128, -13, -95, -23, -46, -24, -2, -15, 34, 3, 62, 27, 77, 53, 82, 78, 77, 98, 64, 111, 45, 116, 30, 114, 127, -128, 127, -128, 127, -128, 127, -128, 127, -110, 127, -92, 127, -80, 109, -73, 85, -72, 59, -76, 34, -83, 12, -89, -7, -94, -26, -101, -45, -106, -62, -108, -77, -108, -92, -104, -107, -94, -122, -81, -128, -66, -128, -51, -128, -37, -128, -21, -128, -5, -128, 5]",esp32_2
CSI_DATA,157457,2025-08-27 15:42:48.703,0,lie_down,00:00:00:00:00:00,-44,11,0,0,0,0,0,0,0,0,0,-97,0,1,0,1439732072,0,14,0,0,0,104,0,"[0, 0, -128, -102, -128, -89, -128, -80, -128, -71, -128, -61, -128, -59, -128, -62, -128, -68, -128, -77, -128, -86, -128, -96, -128, -100, -128, -99, -111, -91, -64, -74, -20, -48, 16, -19, 40, 14, 53, 49, 56, 81, 49, 106, 35, 123, 18, 127, 2, 125, -11, 118, 127, 12, 127, 29, 127, 48, 127, 61, 127, 69, 127, 71, 127, 63, 125, 48, 109, 30, 94, 7, 81, -18, 70, -39, 60, -59, 50, -79, 40, -97, 30, -112, 18, -123, 0, -128, -18, -128, -38, -128, -61, -128, -88, -128, -116, -128, -128, -128, -128, -128, -128, -128]",esp32_2
CSI_DATA,153803,2025-08-27 15:42:48.725,0,lie_down,00:00:00:00:00:00,-63,11,0,0,0,0,0,0,0,0,0,-97,0,1,0,284601909,0,14,0,0,0,104,0,"[0, 0, 127, -8, 127, -5, 127, -8, 127, -9, 127, -15, 127, -18, 127, -25, 127, -34, 127, -35, 127, -40, 127, -36, 127, -34, 127, -32, 127, -27, 127, -15, 127, -5, 101, 4, 78, 12, 52, 13, 30, 17, 13, 19, -10, 12, -27, 9, -46, 0, -53, -6, -104, -35, -112, -43, -115, -47, -123, -55, -128, -67, -128, -67, -124, -69, -124, -71, -120, -67, -121, -64, -112, -54, -108, -39, -106, -43, -106, -32, -98, -27, -91, -4, -81, -6, -77, -4, -63, -12, -43, -13, -24, -14, 3, -11, 33, -7, 54, -17, 87, -12, 116, -6]",esp32_1
CSI_DATA,157458,2025-08-27 15:42:48.725,0,lie_down,00:00:00:00:00:00,-44,11,0,0,0,0,0,0,0,0,0,-97,0,1,0,1439742400,0,14,0,0,0,104,0,"[0, 0, 127, -128, 127, -128, 127, -128, 127, -128, 127, -128, 127, -128, 127, -128, 127, -128, 127, -128, 127, -128, 127, -128, 127, -126, 127, -89, 127, -52, 94, -21, 50, 4, 7, 20, -35, 21, -73, 14, -100, -1, -117, -19, -122, -37, -118, -54, -106, -68, -93, -76, -83, 127, -102, 127, -121, 127, -128, 127, -128, 127, -128, 127, -115, 113, -95, 99, -71, 89, -43, 84, -15, 82, 11, 80, 35, 79, 57, 79, 76, 77, 93, 72, 108, 67, 123, 58, 127, 43, 127, 26, 127, 5, 127, -17, 127, -41, 127, -66, 127, -91, 127, -107]",esp32_2
CSI_DATA,153804,2025-08-27 15:42:48.747,0,lie_down,00:00:00:00:00:00,-66,11,0,0,0,0,0,0,0,0,0,-97,0,1,0,284689036,0,14,0,0,0,104,0,"[0, 0, 127, 127, 127, 127, 127, 127, 127, 127, 127, 127, 127, 127, 127, 127, 127, 115, 127, 95, 127, 73, 127, 60, 127, 54, 127, 44, 127, 49, 127, 50, 105, 50, 76, 55, 44, 54, 13, 52, -15, 36, -42, 25, -64, 6, -83, -13, -103, -29, -110, -47, -33, -128, -32, -128, -29, -128, -25, -128, -27, -128, -27, -128, -28, -128, -31, -128, -36, -114, -48, -108, -51, -92, -54, -78, -61, -75, -62, -64, -62, -62, -56, -43, -39, -39, -20, -24, -4, -18, 24, 2, 55, 22, 85, 53, 125, 83, 127, 116, 127, 127, 127, 127]",esp32_1
CSI_DATA,157459,2025-08-27 15:42:48.757,0,lie_down,00:00:00:00:00:00,-44,11,0,0,0,0,0,0,0,0,0,-97,0,1,0,1439751709,0,14,0,0,0,104,0,"[0, 0, 127, -2, 127, -21, 127, -35, 127, -46, 127, -52, 127, -54, 127, -51, 127, -45, 127, -36, 127, -23, 127, -3, 127, 19, 127, 35, 127, 45, 82, 45, 32, 37, -12, 19, -47, -6, -71, -36, -82, -65, -83, -90, -76, -107, -62, -117, -45, -121, -30, -119, -128, 95, -128, 77, -128, 55, -128, 36, -128, 21, -128, 10, -128, 5, -128, 8, -113, 18, -88, 33, -65, 51, -44, 68, -26, 81, -8, 95, 7, 108, 21, 118, 36, 124, 54, 124, 73, 120, 91, 114, 112, 106, 127, 96, 127, 85, 127, 71, 127, 60, 127, 54]",esp32_2
CSI_DATA,153805,2025-08-27 15:42:48.769,0,lie_down,00:00:00:00:00:00,-65,11,0,0,0,0,0,0,0,0,0,-97,0,1,0,284714620,0,14,0,0,0,104,0,"[0, 0, -128, -128, -128, -128, -128, -128, -127, -128, -118, -128, -113, -128, -115, -128, -121, -127, -126, -108, -128, -88, -128, -77, -128, -72, -128, -63, -124, -65, -108, -60, -87, -62, -64, -61, -32, -54, -1, -41, 20, -24, 45, -7, 61, 22, 70, 42, 91, 65, 85, 85, 61, 116, 57, 120, 50, 116, 53, 118, 58, 110, 60, 110, 59, 99, 66, 95, 68, 82, 78, 74, 78, 65, 79, 52, 85, 49, 85, 42, 76, 34, 62, 25, 44, 21, 22, 9, 2, -6, -22, -25, -54, -46, -81, -72, -126, -102, -128, -128, -128, -128, -128, -128]",esp32_1
CSI_DATA,153806,2025-08-27 15:42:48.791,0,lie_down,00:00:00:00:00:00,-65,11,0,0,0,0,0,0,0,0,0,-97,0,1,0,284749415,0,14,0,0,0,104,0,"[0, 0, -128, -128, -128, -128, -128, -128, -128, -128, -128, -128, -125, -128, -122, -128, -128, -114, -128, -97, -128, -73, -128, -69, -128, -66, -128, -57, -128, -66, -128, -66, -107, -65, -78, -66, -50, -59, -20, -48, 4, -28, 25, -3, 41, 25, 48, 48, 55, 86, 45, 104, 127, 30, 127, 31, 120, 32, 121, 30, 120, 27, 118, 23, 112, 14, 108, 9, 109, -5, 110, -10, 104, -30, 106, -39, 107, -32, 104, -41, 96, -35, 78, -45, 60, -39, 39, -39, 10, -36, -21, -40, -60, -56, -98, -69, -128, -99, -128, -128, -128, -128, -128, -128]",esp32_1
CSI_DATA,157460,2025-08-27 15:42:48.791,0,lie_down,00:00:00:00:00:00,-44,11,0,0,0,0,0,0,0,0,0,-97,0,1,0,1439762751,0,14,0,0,0,104,0,"[0, 0, -128, -128, -128, -128, -128, -128, -128, -128, -128, -128, -128, -128, -128, -128, -128, -128, -128, -128, -128, -128, -128, -128, -112, -128, -77, -128, -41, -128, -11, -92, 10, -46, 21, -1, 19, 41, 8, 78, -10, 104, -32, 118, -52, 122, -68, 115, -79, 101, -85, 87, 127, 97, 127, 114, 127, 127, 127, 127, 127, 127, 126, 127, 108, 120, 95, 99, 86, 74, 81, 45, 80, 17, 80, -8, 80, -33, 82, -56, 82, -78, 79, -98, 75, -116, 66, -128, 55, -128, 41, -128, 20, -128, -4, -128, -26, -128, -49, -128, -72, -128, -88, -128]",esp32_2
CSI_DATA,153807,2025-08-27 15:42:48.815,0,lie_down,00:00:00:00:00:00,-64,11,0,0,0,0,0,0,0,0,0,-97,0,1,0,284774443,0,14,0,0,0,104,0,"[0, 0, 127, -12, 127, 3, 127, 20, 127, 16, 127, 9, 127, -2, 127, -17, 127, -41, 127, -62, 127, -81, 127, -90, 127, -91, 127, -91, 127, -81, 127, -66, 127, -39, 114, -19, 83, -3, 55, 5, 22, 10, -9, 6, -37, -8, -56, -23, -74, -48, -75, -70, -41, 103, -43, 106, -41, 99, -36, 101, -30, 104, -28, 101, -24, 99, -14, 104, -6, 108, 2, 108, 11, 120, 16, 120, 9, 112, 14, 111, 8, 101, 18, 101, 21, 82, 29, 63, 37, 29, 58, 7, 83, -25, 112, -44, 127, -55, 127, -73, 127, -71, 127, -51]",esp32_1
CSI_DATA,153808,2025-08-27 15:42:48.834,0,lie_down,00:00:00:00:00:00,-64,11,0,0,0,0,0,0,0,0,0,-97,0,1,0,284800003,0,14,0,0,0,104,0,"[0, 0, 127, -14, 127, 0, 127, 10, 127, 5, 127, 1, 127, -17, 127, -35, 127, -56, 127, -76, 127, -96, 127, -109, 127, -109, 127, -103, 127, -87, 127, -68, 127, -38, 127, -17, 103, 3, 77, 8, 41, 6, 2, 0, -20, -19, -40, -38, -49, -64, -44, -82, -2, 109, -3, 110, 0, 109, 3, 111, 6, 109, 7, 111, 13, 113, 21, 118, 29, 118, 31, 117, 41, 124, 42, 127, 41, 115, 43, 119, 45, 115, 40, 108, 41, 95, 45, 74, 53, 43, 67, 13, 87, -11, 115, -38, 127, -45, 127, -73, 127, -76, 127, -52]",esp32_1
CSI_DATA,153809,2025-08-27 15:42:48.856,0,lie_down,00:00:00:00:00:00,-64,11,0,0,0,0,0,0,0,0,0,-97,0,1,0,284834988,0,14,0,0,0,104,0,"[0, 0, 78, -128, 90, -128, 80, -128, 86, -128, 62, -128, 38, -128, 16, -128, 0, -128, -21, -128, -32, -128, -48, -128, -46, -128, -48, -128, -14, -128, 0, -128, 6, -128, 36, -128, 39, -97, 34, -69, 24, -35, 6, -8, -12, 17, -37, 27, -58, 36, -83, 32, 85, 56, 97, 62, 90, 64, 100, 71, 97, 69, 107, 75, 96, 70, 108, 64, 110, 68, 111, 50, 115, 52, 112, 45, 121, 39, 120, 45, 122, 41, 97, 32, 89, 28, 71, 15, 64, -6, 44, -29, 22, -57, 16, -98, -2, -122, 8, -128, 14, -128, 17, -128]",esp32_1
CSI_DATA,153810,2025-08-27 15:42:48.878,0,lie_down,00:00:00:00:00:00,-65,11,0,0,0,0,0,0,0,0,0,-97,0,1,0,284884161,0,14,0,0,0,104,0,"[0, 0, 127, 127, 127, 127, 127, 127, 127, 127, 127, 122, 127, 89, 127, 68, 127, 30, 127, 2, 127, -24, 127, -33, 127, -50, 127, -49, 127, -42, 127, -22, 127, 8, 127, 19, 100, 29, 62, 36, 14, 30, -23, 24, -57, 2, -84, -22, -111, -63, -112, -88, -128, 46, -128, 41, -128, 46, -128, 45, -128, 43, -128, 41, -128, 48, -128, 52, -128, 66, -127, 72, -112, 83, -109, 99, -104, 89, -103, 95, -94, 92, -77, 96, -60, 82, -38, 66, -12, 38, 29, 27, 74, 15, 127, 12, 127, 22, 127, 26, 127, 45, 127, 75]",esp32_1
CSI_DATA,157462,2025-08-27 15:42:48.878,0,lie_down,00:00:00:00:00:00,-44,11,0,0,0,0,0,0,0,0,0,-97,0,1,0,1439781728,0,14,0,0,0,104,0,"[0, 0, -128, -41, -128, -29, -128, -20, -128, -11, -128, -5, -128, -4, -128, -9, -128, -16, -128, -26, -128, -38, -128, -50, -128, -58, -128, -62, -98, -60, -56, -49, -17, -30, 15, -5, 35, 24, 45, 54, 45, 80, 37, 99, 24, 112, 9, 116, -7, 111, -19, 102, 127, -89, 127, -75, 127, -56, 127, -40, 127, -26, 127, -16, 127, -12, 112, -14, 91, -22, 69, -35, 49, -50, 31, -65, 17, -79, 4, -94, -9, -106, -21, -116, -34, -124, -47, -128, -59, -128, -73, -124, -89, -119, -108, -113, -128, -106, -128, -99, -128, -93, -128, -90]",esp32_2
CSI_DATA,153811,2025-08-27 15:42:48.900,0,lie_down,00:00:00:00:00:00,-64,11,0,0,0,0,0,0,0,0,0,-97,0,1,0,284936857,0,14,0,0,0,104,0,"[0, 0, -128, 127, -128, 127, -128, 127, -128, 127, -116, 127, -93, 127, -57, 127, -24, 127, 8, 127, 27, 127, 46, 127, 51, 127, 54, 127, 33, 127, 19, 127, 9, 127, -7, 111, -17, 73, -7, 43, -2, 9, 22, -26, 45, -47, 65, -59, 93, -71, 124, -60, -70, -95, -66, -105, -61, -102, -56, -101, -52, -92, -52, -82, -53, -67, -57, -58, -66, -48, -84, -27, -91, -23, -104, -16, -114, -11, -116, -10, -121, -6, -103, -1, -91, 2, -76, 20, -60, 52, -46, 80, -24, 119, -26, 127, -20, 127, -37, 127, -51, 127, -76, 127]",esp32_1
CSI_DATA,157463,2025-08-27 15:42:48.907,0,lie_down,00:00:00:00:00:00,-45,11,0,0,0,0,0,0,0,0,0,-97,0,1,0,1439793249,0,14,0,0,0,104,0,"[0, 0, 127, -91, 127, -112, 127, -128, 127, -128, 127, -128, 127, -128, 127, -128, 127, -128, 127, -128, 127, -111, 127, -84, 127, -53, 127, -25, 127, -1, 81, 14, 30, 19, -17, 13, -55, -4, -84, -27, -101, -52, -106, -77, -100, -96, -85, -110, -65, -116, -47, -116, -120, 127, -128, 127, -128, 127, -128, 127, -128, 121, -128, 103, -128, 89, -105, 80, -78, 75, -51, 74, -23, 77, 4, 81, 28, 86, 51, 91, 72, 96, 89, 99, 105, 100, 122, 96, 127, 87, 127, 76, 127, 61, 127, 45, 127, 28, 127, 8, 127, -12, 127, -25]",esp32_2
CSI_DATA,153812,2025-08-27 15:42:48.927,0,lie_down,00:00:00:00:00:00,-65,11,0,0,0,0,0,0,0,0,0,-97,0,1,0,284971473,0,14,0,0,0,104,0,"[0, 0, -44, -128, -20, -128, -18, -128, -3, -128, -10, -128, -19, -128, -29, -128, -65, -128, -66, -128, -75, -128, -79, -128, -86, -128, -84, -128, -78, -128, -55, -128, -43, -128, -16, -100, -7, -68, -2, -37, -11, -5, -28, 20, -51, 39, -78, 49, -101, 55, -120, 50, 109, -37, 108, -31, 115, -25, 106, -25, 109, -21, 99, -16, 92, -28, 88, -28, 78, -42, 88, -51, 78, -59, 77, -66, 80, -71, 85, -83, 71, -81, 67, -95, 46, -88, 38, -96, 23, -94, -3, -102, -32, -119, -63, -128, -80, -128, -81, -128, -83, -128, -84, -128]",esp32_1
CSI_DATA,157464,2025-08-27 15:42:48.942,0,lie_down,00:00:00:00:00:00,-44,11,0,0,0,0,0,0,0,0,0,-97,0,1,0,1439801698,0,14,0,0,0,104,0,"[0, 0, -79, 127, -67, 127, -58, 127, -51, 127, -46, 127, -46, 127, -50, 127, -57, 127, -66, 127, -75, 127, -83, 127, -88, 127, -85, 126, -75, 86, -56, 45, -30, 10, 0, -15, 32, -31, 63, -36, 88, -32, 107, -22, 117, -7, 116, 11, 106, 27, 95, 38, -68, -128, -52, -128, -32, -128, -16, -128, -4, -128, 3, -128, 5, -128, 0, -115, -11, -94, -26, -74, -44, -56, -61, -40, -78, -27, -95, -15, -109, -3, -122, 9, -128, 20, -128, 31, -128, 44, -128, 59, -128, 75, -128, 93, -128, 113, -128, 127, -125, 127, -122, 127]",esp32_2
CSI_DATA,153813,2025-08-27 15:42:48.949,0,lie_down,00:00:00:00:00:00,-65,11,0,0,0,0,0,0,0,0,0,-97,0,1,0,284996857,0,14,0,0,0,104,0,"[0, 0, -128, 127, -128, 127, -128, 127, -128, 127, -128, 127, -106, 127, -83, 127, -61, 127, -50, 127, -41, 127, -40, 127, -45, 127, -51, 127, -71, 127, -77, 127, -79, 121, -80, 83, -65, 53, -42, 28, -14, 9, 18, -7, 53, -5, 77, -1, 101, 16, 111, 36, -83, -60, -83, -64, -83, -71, -80, -66, -84, -68, -86, -65, -86, -57, -88, -53, -92, -45, -103, -34, -109, -41, -114, -35, -119, -28, -127, -28, -124, -27, -116, -21, -104, -13, -93, -2, -81, 23, -74, 53, -67, 86, -68, 121, -75, 127, -95, 127, -114, 127, -128, 127]",esp32_1
CSI_DATA,157465,2025-08-27 15:42:48.960,0,lie_down,00:00:00:00:00:00,-45,11,0,0,0,0,0,0,0,0,0,-97,0,1,0,1439812156,0,14,0,0,0,104,0,"[0, 0, 127, 127, 127, 127, 127, 127, 127, 127, 127, 127, 127, 127, 127, 127, 127, 127, 127, 127, 127, 127, 127, 127, 127, 127, 89, 127, 49, 118, 16, 81, -8, 36, -21, -9, -20, -51, -10, -87, 6, -112, 28, -124, 49, -127, 66, -119, 78, -103, 83, -86, -128, -24, -128, -43, -128, -63, -128, -77, -128, -83, -128, -81, -128, -72, -118, -56, -101, -35, -88, -9, -78, 18, -70, 43, -65, 66, -60, 89, -55, 111, -52, 127, -45, 127, -34, 127, -23, 127, -9, 127, 10, 127, 30, 127, 53, 127, 77, 127, 100, 127, 117, 127]",esp32_2
CSI_DATA,153814,2025-08-27 15:42:48.973,0,lie_down,00:00:00:00:00:00,-64,11,0,0,0,0,0,0,0,0,0,-97,0,1,0,285020863,0,14,0,0,0,104,0,"[0, 0, 57, -128, 67, -128, 67, -128, 67, -128, 54, -128, 36, -128, 11, -128, -13, -128, -31, -128, -45, -128, -47, -128, -40, -128, -36, -128, -14, -128, 6, -128, 21, -128, 35, -116, 36, -85, 31, -52, 14, -26, -9, 1, -35, 15, -62, 20, -85, 20, -103, 7, 107, -16, 107, -13, 109, -6, 105, -7, 108, -6, 107, -6, 100, -10, 103, -16, 101, -24, 108, -42, 104, -44, 106, -54, 116, -53, 123, -60, 116, -55, 103, -60, 90, -55, 81, -69, 65, -74, 47, -87, 19, -111, 4, -128, -15, -128, -11, -128, -2, -128, 2, -128]",esp32_1
CSI_DATA,153815,2025-08-27 15:42:48.993,0,lie_down,00:00:00:00:00:00,-64,11,0,0,0,0,0,0,0,0,0,-97,0,1,0,285068805,0,14,0,0,0,104,0,"[0, 0, 127, -26, 127, -13, 127, -7, 127, 1, 127, 1, 127, -13, 127, -30, 127, -52, 127, -69, 127, -88, 127, -99, 127, -100, 127, -88, 127, -61, 127, -43, 127, -24, 125, 4, 92, 17, 62, 18, 31, 6, 1, -11, -22, -33, -32, -54, -38, -78, -25, -99, 50, 92, 49, 99, 44, 97, 44, 103, 43, 98, 43, 101, 39, 96, 45, 93, 51, 95, 70, 85, 74, 81, 85, 85, 93, 87, 104, 90, 100, 95, 85, 80, 81, 75, 81, 55, 91, 38, 99, 12, 110, -12, 127, -38, 127, -59, 127, -80, 127, -87, 127, -77]",esp32_1
CSI_DATA,157466,2025-08-27 15:42:48.993,0,lie_down,00:00:00:00:00:00,-44,11,0,0,0,0,0,0,0,0,0,-97,0,1,0,1439822082,0,14,0,0,0,104,0,"[0, 0, 127, -128, 127, -128, 127, -128, 127, -128, 127, -128, 127, -128, 127, -128, 127, -128, 127, -128, 127, -128, 127, -117, 127, -85, 127, -54, 123, -25, 79, -2, 32, 13, -12, 16, -50, 6, -82, -12, -103, -33, -112, -56, -108, -76, -92, -92, -73, -100, -57, -102, -65, 127, -81, 127, -98, 127, -108, 127, -110, 127, -105, 127, -92, 116, -72, 103, -49, 91, -24, 83, 4, 77, 30, 75, 55, 75, 81, 75, 102, 74, 120, 73, 127, 71, 127, 65, 127, 54, 127, 40, 127, 24, 127, 8, 127, -8, 127, -26, 127, -46, 127, -61]",esp32_2
CSI_DATA,153816,2025-08-27 15:42:49.016,0,lie_down,00:00:00:00:00:00,-65,11,0,0,0,0,0,0,0,0,0,-97,0,1,0,285108918,0,14,0,0,0,104,0,"[0, 0, -128, -128, -128, -128, -128, -128, -128, -128, -128, -120, -128, -99, -128, -79, -128, -65, -128, -56, -128, -45, -128, -52, -128, -64, -128, -71, -128, -84, -128, -96, -118, -97, -89, -88, -57, -72, -34, -54, -21, -18, -8, 9, -13, 41, -19, 63, -39, 86, -60, 91, 18, -107, 25, -112, 27, -108, 24, -113, 28, -115, 31, -117, 27, -114, 24, -121, 20, -118, 21, -122, 8, -128, 7, -128, 14, -127, 9, -127, 8, -123, -6, -125, -8, -109, -22, -103, -33, -79, -60, -72, -85, -62, -117, -60, -128, -74, -128, -80, -128, -97, -128, -121]",esp32_1
CSI_DATA,157467,2025-08-27 15:42:49.027,0,lie_down,00:00:00:00:00:00,-43,11,0,0,0,0,0,0,0,0,0,-97,0,1,0,1439834803,0,14,0,0,0,104,0,"[0, 0, -128, 127, -128, 127, -128, 127, -123, 127, -115, 127, -112, 127, -117, 127, -126, 127, -128, 127, -128, 127, -128, 127, -128, 127, -128, 119, -107, 75, -74, 35, -33, 1, 9, -21, 51, -29, 89, -24, 116, -11, 127, 8, 127, 31, 127, 53, 116, 69, 99, 77, -46, -128, -27, -128, -5, -128, 13, -128, 26, -128, 31, -128, 27, -128, 18, -128, 4, -109, -16, -88, -39, -70, -63, -53, -85, -39, -107, -26, -128, -13, -128, -1, -128, 10, -128, 22, -128, 37, -128, 54, -128, 72, -128, 91, -128, 111, -128, 127, -128, 127, -128, 127]",esp32_2
CSI_DATA,153817,2025-08-27 15:42:49.038,0,lie_down,00:00:00:00:00:00,-64,11,0,0,0,0,0,0,0,0,0,-97,0,1,0,285154848,0,14,0,0,0,104,0,"[0, 0, 127, -18, 127, -8, 127, -4, 127, -16, 127, -25, 127, -42, 127, -57, 127, -79, 127, -102, 127, -111, 127, -119, 127, -113, 127, -100, 127, -79, 127, -54, 127, -31, 127, -6, 98, 11, 67, 15, 31, 17, -4, 6, -29, -13, -42, -32, -54, -58, -48, -77, 23, 97, 22, 101, 23, 101, 26, 104, 28, 108, 35, 111, 35, 112, 43, 118, 44, 122, 53, 117, 56, 124, 57, 126, 54, 114, 60, 116, 54, 109, 52, 105, 50, 90, 56, 74, 62, 42, 75, 16, 93, -5, 121, -27, 127, -36, 127, -60, 127, -61, 127, -44]",esp32_1
CSI_DATA,157468,2025-08-27 15:42:49.052,0,lie_down,00:00:00:00:00:00,-44,11,0,0,0,0,0,0,0,0,0,-97,0,1,0,1439841741,0,14,0,0,0,104,0,"[0, 0, -128, -35, -128, -16, -128, 2, -128, 15, -128, 21, -128, 21, -128, 17, -128, 9, -128, -2, -128, -16, -128, -34, -128, -52, -128, -60, -125, -60, -72, -51, -23, -31, 15, -2, 41, 32, 53, 68, 53, 99, 43, 123, 27, 127, 8, 127, -11, 127, -26, 122, 127, -128, 127, -128, 127, -125, 127, -103, 127, -83, 127, -66, 127, -55, 125, -52, 96, -55, 65, -65, 36, -78, 10, -89, -13, -101, -34, -117, -55, -128, -74, -128, -91, -128, -106, -128, -121, -128, -128, -128, -128, -128, -128, -128, -128, -128, -128, -115, -128, -101, -128, -93]",esp32_2
CSI_DATA,153818,2025-08-27 15:42:49.062,0,lie_down,00:00:00:00:00:00,-64,11,0,0,0,0,0,0,0,0,0,-97,0,1,0,285180068,0,14,0,0,0,104,0,"[0, 0, 111, -128, 111, -128, 106, -128, 83, -128, 61, -128, 32, -128, 7, -128, -6, -128, -23, -128, -30, -128, -40, -128, -31, -128, -20, -128, 10, -128, 27, -128, 43, -128, 55, -120, 54, -87, 51, -54, 33, -26, 9, 1, -22, 20, -41, 28, -65, 22, -83, 12, 87, 45, 91, 44, 92, 43, 95, 44, 103, 43, 106, 40, 105, 38, 115, 33, 120, 32, 124, 24, 127, 27, 127, 23, 127, 21, 127, 19, 122, 18, 114, 14, 103, 12, 91, 0, 66, -33, 55, -53, 40, -82, 39, -115, 47, -128, 49, -128, 57, -128, 82, -128]",esp32_1
CSI_DATA,153819,2025-08-27 15:42:49.084,0,lie_down,00:00:00:00:00:00,-64,11,0,0,0,0,0,0,0,0,0,-97,0,1,0,285217308,0,14,0,0,0,104,0,"[0, 0, -128, 127, -128, 127, -128, 116, -128, 110, -128, 105, -100, 112, -80, 122, -66, 127, -51, 127, -42, 127, -45, 127, -60, 127, -73, 127, -104, 127, -107, 127, -111, 124, -108, 87, -95, 54, -75, 30, -45, 9, -10, -1, 19, -3, 44, 3, 61, 13, 74, 27, -78, -73, -76, -77, -80, -80, -78, -79, -87, -81, -89, -80, -89, -78, -101, -82, -104, -76, -117, -69, -119, -70, -127, -69, -125, -65, -122, -70, -122, -68, -111, -63, -95, -56, -88, -35, -83, -6, -79, 23, -84, 55, -92, 87, -103, 120, -125, 127, -128, 127, -128, 127]",esp32_1
CSI_DATA,153820,2025-08-27 15:42:49.106,0,lie_down,00:00:00:00:00:00,-64,11,0,0,0,0,0,0,0,0,0,-97,0,1,0,285243079,0,14,0,0,0,104,0,"[0, 0, -128, 127, -128, 127, -128, 127, -128, 127, -120, 124, -97, 119, -70, 125, -54, 127, -36, 127, -29, 127, -31, 127, -44, 127, -53, 127, -76, 127, -91, 127, -93, 127, -99, 103, -93, 65, -73, 40, -47, 17, -13, 1, 15, -3, 41, 1, 61, 5, 74, 22, -89, -58, -92, -64, -94, -70, -101, -69, -97, -69, -102, -69, -101, -64, -105, -62, -110, -55, -123, -50, -122, -53, -127, -53, -128, -48, -128, -45, -128, -49, -119, -42, -107, -34, -96, -18, -93, 9, -81, 40, -75, 71, -81, 105, -94, 127, -111, 127, -128, 127, -128, 127]",esp32_1
CSI_DATA,153821,2025-08-27 15:42:49.128,0,lie_down,00:00:00:00:00:00,-64,11,0,0,0,0,0,0,0,0,0,-97,0,1,0,285277663,0,14,0,0,0,104,0,"[0, 0, -128, 105, -128, 86, -128, 65, -128, 61, -128, 66, -126, 71, -106, 85, -96, 106, -76, 126, -73, 127, -72, 127, -88, 127, -102, 127, -124, 127, -128, 126, -122, 100, -117, 70, -101, 41, -79, 20, -47, 5, -14, 0, 12, 4, 40, 9, 55, 28, 60, 43, -52, -90, -51, -95, -51, -99, -52, -92, -57, -98, -60, -93, -58, -91, -70, -96, -73, -94, -90, -83, -94, -90, -103, -87, -98, -82, -106, -86, -98, -84, -88, -82, -86, -72, -82, -51, -78, -17, -81, 10, -91, 44, -109, 69, -128, 101, -128, 127, -128, 127, -128, 127]",esp32_1
CSI_DATA,157470,2025-08-27 15:42:49.134,0,lie_down,00:00:00:00:00:00,-44,11,0,0,0,0,0,0,0,0,0,-97,0,1,0,1439861714,0,14,0,0,0,104,0,"[0, 0, -128, -35, -128, -19, -128, -6, -128, 6, -128, 13, -128, 15, -128, 11, -128, 4, -128, -7, -128, -19, -128, -33, -128, -45, -128, -53, -100, -55, -58, -45, -18, -27, 14, -2, 33, 27, 42, 56, 41, 82, 32, 101, 19, 113, 2, 114, -15, 107, -27, 97, 127, -128, 127, -119, 127, -101, 127, -84, 127, -69, 127, -55, 120, -46, 98, -43, 75, -45, 50, -52, 25, -62, 3, -72, -17, -84, -35, -97, -52, -108, -67, -119, -80, -128, -93, -128, -105, -128, -116, -128, -128, -127, -128, -121, -128, -115, -128, -106, -128, -97, -128, -92]",esp32_2
CSI_DATA,153822,2025-08-27 15:42:49.149,0,lie_down,00:00:00:00:00:00,-64,11,0,0,0,0,0,0,0,0,0,-97,0,1,0,285315164,0,14,0,0,0,104,0,"[0, 0, -64, 127, -71, 127, -64, 127, -60, 127, -47, 127, -24, 127, 3, 127, 25, 127, 54, 127, 69, 127, 77, 127, 74, 127, 67, 127, 50, 127, 24, 127, 11, 127, -13, 127, -21, 101, -25, 72, -17, 38, 0, 16, 22, -5, 44, -15, 63, -24, 81, -16, -109, 14, -109, 6, -110, 1, -109, 5, -114, 9, -107, 10, -107, 12, -105, 22, -108, 29, -120, 42, -115, 49, -115, 53, -128, 54, -128, 53, -122, 49, -113, 49, -97, 51, -84, 60, -60, 68, -39, 90, -16, 110, -1, 127, 22, 127, 12, 127, 11, 127, 8, 127]",esp32_1
CSI_DATA,157471,2025-08-27 15:42:49.163,0,lie_down,00:00:00:00:00:00,-45,11,0,0,0,0,0,0,0,0,0,-97,0,1,0,1439872234,0,14,0,0,0,104,0,"[0, 0, -128, -128, -128, -128, -128, -128, -128, -128, -128, -128, -128, -128, -128, -128, -128, -128, -128, -128, -128, -128, -128, -128, -127, -128, -90, -128, -52, -119, -20, -81, 5, -36, 17, 8, 15, 50, 3, 85, -16, 109, -39, 121, -62, 121, -79, 109, -90, 90, -94, 72, 127, -6, 127, 10, 127, 30, 127, 45, 127, 55, 127, 56, 127, 49, 119, 36, 100, 16, 82, -9, 67, -36, 56, -61, 48, -85, 41, -109, 33, -128, 25, -128, 18, -128, 11, -128, 1, -128, -11, -128, -26, -128, -44, -128, -62, -128, -81, -128, -99, -128, -109, -128]",esp32_2
CSI_DATA,153823,2025-08-27 15:42:49.171,0,lie_down,00:00:00:00:00:00,-64,11,0,0,0,0,0,0,0,0,0,-97,0,1,0,285351976,0,14,0,0,0,104,0,"[0, 0, -128, 66, -128, 46, -128, 25, -128, 28, -128, 27, -128, 37, -128, 53, -120, 73, -114, 93, -112, 109, -117, 126, -123, 127, -128, 127, -128, 116, -128, 93, -128, 67, -122, 41, -100, 18, -70, 4, -41, 2, -4, 6, 20, 16, 39, 35, 48, 52, 48, 70, -51, -104, -47, -100, -50, -109, -48, -105, -49, -103, -50, -98, -53, -95, -58, -96, -67, -91, -79, -82, -90, -90, -94, -90, -97, -84, -100, -83, -96, -79, -97, -77, -92, -65, -95, -49, -93, -17, -100, 10, -109, 38, -128, 71, -128, 84, -128, 108, -128, 119, -128, 97]",esp32_1
CSI_DATA,157472,2025-08-27 15:42:49.189,0,lie_down,00:00:00:00:00:00,-45,11,0,0,0,0,0,0,0,0,0,-97,0,1,0,1439882873,0,14,0,0,0,104,0,"[0, 0, -128, -128, -128, -128, -128, -128, -128, -128, -128, -123, -128, -122, -128, -127, -128, -128, -128, -128, -128, -128, -128, -128, -128, -128, -128, -128, -88, -116, -43, -83, -6, -40, 18, 6, 25, 52, 18, 94, 3, 124, -19, 127, -45, 127, -66, 127, -82, 119, -91, 100, 127, -78, 127, -58, 127, -33, 127, -13, 127, 3, 127, 13, 127, 13, 127, 5, 112, -11, 85, -33, 62, -58, 41, -82, 24, -106, 8, -128, -7, -128, -19, -128, -31, -128, -44, -128, -56, -128, -69, -128, -87, -128, -107, -128, -127, -128, -128, -128, -128, -128, -128, -128]",esp32_2
CSI_DATA,153824,2025-08-27 15:42:49.194,0,lie_down,00:00:00:00:00:00,-64,11,0,0,0,0,0,0,0,0,0,-97,0,1,0,285400130,0,14,0,0,0,104,0,"[0, 0, -75, -128, -55, -128, -54, -128, -35, -128, -54, -128, -56, -128, -72, -121, -90, -105, -116, -94, -128, -95, -128, -108, -128, -118, -128, -120, -126, -128, -100, -128, -77, -128, -50, -111, -37, -94, -16, -67, -10, -37, -13, -14, -21, 18, -35, 36, -52, 50, -76, 53, 88, -71, 88, -65, 89, -65, 84, -61, 89, -67, 82, -68, 80, -69, 69, -83, 70, -85, 67, -101, 64, -107, 57, -111, 70, -107, 72, -108, 61, -106, 53, -105, 44, -100, 26, -100, 5, -94, -20, -102, -56, -106, -74, -127, -120, -128, -123, -128, -127, -128, -128, -128]",esp32_1
CSI_DATA,153825,2025-08-27 15:42:49.215,0,lie_down,00:00:00:00:00:00,-64,11,0,0,0,0,0,0,0,0,0,-97,0,1,0,285427117,0,14,0,0,0,104,0,"[0, 0, -128, -92, -128, -100, -128, -110, -128, -86, -128, -85, -128, -53, -128, -31, -128, 0, -128, 25, -128, 50, -128, 56, -128, 46, -128, 36, -128, 27, -128, 9, -128, -20, -128, -34, -94, -44, -63, -35, -39, -21, -9, -2, 3, 26, 9, 52, 8, 79, -2, 95, 3, -115, 7, -114, 12, -111, 6, -110, 7, -104, 5, -106, -2, -100, -2, -103, -26, -107, -26, -109, -46, -122, -51, -121, -41, -116, -48, -117, -40, -116, -51, -117, -55, -97, -61, -86, -70, -62, -91, -40, -114, -29, -128, -10, -128, -13, -128, -2, -128, -10, -128, -52]",esp32_1
CSI_DATA,157473,2025-08-27 15:42:49.215,0,lie_down,00:00:00:00:00:00,-45,11,0,0,0,0,0,0,0,0,0,-97,0,1,0,1439891700,0,14,0,0,0,104,0,"[0, 0, 43, 127, 64, 127, 84, 127, 101, 127, 111, 127, 116, 127, 113, 127, 105, 127, 88, 127, 66, 127, 40, 127, 14, 127, -7, 127, -21, 124, -27, 75, -21, 26, -5, -18, 21, -50, 51, -71, 80, -79, 106, -74, 125, -60, 127, -39, 126, -16, 119, 2, -128, -76, -128, -93, -128, -110, -128, -120, -128, -123, -128, -117, -111, -101, -95, -79, -83, -52, -76, -23, -74, 7, -75, 35, -78, 63, -83, 89, -87, 114, -92, 127, -97, 127, -97, 127, -94, 127, -87, 127, -78, 127, -66, 127, -55, 127, -42, 127, -26, 127, -14, 127]",esp32_2
CSI_DATA,153826,2025-08-27 15:42:49.242,0,lie_down,00:00:00:00:00:00,-64,11,0,0,0,0,0,0,0,0,0,-97,0,1,0,285452002,0,14,0,0,0,104,0,"[0, 0, 127, -128, 127, -128, 127, -128, 127, -128, 108, -128, 70, -128, 46, -128, 10, -128, -11, -128, -27, -128, -37, -128, -40, -128, -29, -128, -7, -128, 13, -128, 28, -128, 45, -128, 44, -99, 39, -76, 22, -42, -4, -17, -32, -2, -56, 4, -80, 3, -99, -9, 110, 36, 111, 39, 108, 45, 108, 39, 107, 42, 104, 33, 99, 24, 109, 15, 112, 4, 118, -8, 124, -12, 127, -13, 127, -22, 127, -24, 127, -26, 126, -27, 109, -33, 97, -48, 82, -68, 61, -93, 50, -125, 41, -128, 48, -128, 59, -128, 74, -128, 100, -128]",esp32_1
CSI_DATA,157474,2025-08-27 15:42:49.251,0,lie_down,00:00:00:00:00:00,-44,11,0,0,0,0,0,0,0,0,0,-97,0,1,0,1439902424,0,14,0,0,0,104,0,"[0, 0, 44, -128, 25, -128, 11, -128, -3, -128, -15, -128, -19, -128, -16, -128, -8, -128, 9, -128, 27, -128, 41, -128, 52, -128, 58, -128, 56, -111, 44, -64, 23, -19, -5, 16, -37, 36, -71, 44, -100, 43, -122, 31, -128, 13, -128, -8, -123, -28, -110, -40, 127, 127, 127, 127, 127, 127, 108, 127, 89, 127, 73, 127, 61, 127, 55, 106, 56, 77, 61, 48, 69, 19, 80, -8, 93, -34, 108, -57, 123, -79, 127, -98, 127, -114, 127, -128, 127, -128, 127, -128, 127, -128, 127, -128, 127, -128, 127, -128, 125, -128, 116, -128]",esp32_2
CSI_DATA,153827,2025-08-27 15:42:49.263,0,lie_down,00:00:00:00:00:00,-63,11,0,0,0,0,0,0,0,0,0,-97,0,1,0,285500992,0,14,0,0,0,104,0,"[0, 0, -61, 127, -71, 127, -61, 127, -63, 127, -39, 127, -17, 127, 10, 127, 41, 127, 63, 127, 85, 127, 95, 127, 97, 127, 93, 127, 72, 127, 52, 127, 28, 127, 8, 127, -7, 109, -11, 79, -10, 45, 6, 19, 27, -4, 51, -21, 70, -32, 95, -28, -106, 4, -110, 1, -106, -6, -112, 0, -104, -1, -103, 5, -98, 13, -98, 19, -101, 30, -109, 45, -107, 52, -113, 54, -121, 53, -122, 57, -119, 57, -101, 60, -84, 61, -66, 69, -52, 85, -27, 101, -2, 127, 13, 127, 31, 127, 23, 127, 16, 127, 9, 127]",esp32_1
CSI_DATA,157475,2025-08-27 15:42:49.273,0,lie_down,00:00:00:00:00:00,-44,11,0,0,0,0,0,0,0,0,0,-97,0,1,0,1439913723,0,14,0,0,0,104,0,"[0, 0, 10, 127, 30, 127, 47, 127, 61, 127, 69, 127, 74, 127, 72, 127, 64, 127, 48, 127, 29, 127, 9, 127, -8, 127, -21, 127, -26, 98, -25, 56, -16, 15, 2, -19, 27, -45, 55, -59, 80, -62, 101, -55, 114, -39, 118, -19, 112, -1, 105, 13, -128, -90, -128, -103, -128, -116, -128, -123, -114, -123, -96, -115, -82, -98, -70, -78, -63, -55, -60, -28, -61, -1, -63, 25, -69, 49, -76, 72, -82, 95, -89, 115, -96, 127, -100, 127, -100, 127, -97, 127, -91, 127, -84, 127, -78, 127, -69, 127, -55, 127, -43, 127]",esp32_2
CSI_DATA,153828,2025-08-27 15:42:49.289,0,lie_down,00:00:00:00:00:00,-63,11,0,0,0,0,0,0,0,0,0,-97,0,1,0,285525817,0,14,0,0,0,104,0,"[0, 0, -47, -128, -29, -128, -23, -128, -19, -128, -25, -128, -41, -128, -62, -128, -90, -109, -113, -104, -128, -106, -128, -117, -128, -128, -128, -128, -128, -128, -116, -128, -89, -128, -60, -128, -31, -111, -15, -84, -11, -45, -13, -16, -24, 11, -40, 35, -59, 57, -84, 56, 100, -45, 102, -38, 97, -35, 100, -36, 94, -40, 90, -44, 84, -49, 84, -56, 77, -68, 88, -80, 84, -87, 83, -96, 97, -91, 96, -92, 92, -93, 74, -93, 58, -89, 43, -90, 20, -96, -11, -103, -43, -117, -68, -128, -98, -128, -103, -128, -105, -128, -112, -128]",esp32_1
CSI_DATA,157476,2025-08-27 15:42:49.296,0,lie_down,00:00:00:00:00:00,-43,11,0,0,0,0,0,0,0,0,0,-97,0,1,0,1439921714,0,14,0,0,0,104,0,"[0, 0, 127, 10, 127, -12, 127, -26, 127, -40, 127, -49, 127, -51, 127, -47, 127, -37, 127, -23, 127, -6, 127, 12, 127, 28, 127, 38, 114, 42, 66, 34, 22, 14, -14, -14, -35, -47, -44, -80, -42, -109, -30, -128, -12, -128, 9, -128, 29, -128, 44, -119, -80, 127, -98, 127, -116, 127, -125, 127, -127, 127, -121, 126, -106, 106, -84, 91, -56, 81, -24, 76, 9, 76, 41, 79, 69, 84, 99, 93, 124, 103, 127, 111, 127, 121, 127, 126, 127, 126, 127, 123, 127, 117, 127, 112, 127, 105, 127, 94, 127, 82, 127, 73]",esp32_2
CSI_DATA,157477,2025-08-27 15:42:49.317,0,lie_down,00:00:00:00:00:00,-44,11,0,0,0,0,0,0,0,0,0,-97,0,1,0,1439931710,0,14,0,0,0,104,0,"[0, 0, -128, 34, -128, 56, -128, 76, -128, 91, -128, 100, -128, 102, -128, 99, -128, 89, -128, 73, -128, 53, -128, 29, -128, 6, -128, -11, -125, -22, -72, -22, -22, -9, 19, 13, 48, 43, 65, 77, 68, 107, 59, 127, 42, 127, 19, 127, -6, 127, -23, 127, 51, -128, 70, -128, 90, -128, 103, -128, 109, -128, 106, -128, 91, -125, 70, -106, 43, -90, 10, -80, -24, -76, -57, -73, -88, -74, -120, -78, -128, -84, -128, -90, -128, -96, -128, -98, -128, -96, -128, -91, -128, -82, -128, -73, -128, -64, -128, -51, -128, -38, -128, -28]",esp32_2
CSI_DATA,153830,2025-08-27 15:42:49.339,0,lie_down,00:00:00:00:00:00,-64,11,0,0,0,0,0,0,0,0,0,-97,0,1,0,285586214,0,14,0,0,0,104,0,"[0, 0, 127, 127, 127, 127, 127, 127, 122, 127, 113, 122, 108, 92, 116, 61, 127, 34, 127, 15, 127, -1, 127, 3, 127, 13, 127, 24, 127, 42, 127, 57, 127, 73, 125, 79, 92, 75, 64, 57, 33, 32, 14, 7, 9, -22, 8, -49, 16, -81, 33, -96, -63, 74, -65, 71, -60, 73, -57, 74, -51, 80, -48, 81, -42, 85, -40, 96, -37, 106, -36, 109, -29, 122, -30, 127, -38, 122, -35, 121, -34, 112, -24, 116, -15, 100, 10, 89, 29, 75, 59, 72, 90, 69, 127, 77, 127, 99, 127, 110, 127, 127, 127, 127]",esp32_1
CSI_DATA,157478,2025-08-27 15:42:49.339,0,lie_down,00:00:00:00:00:00,-43,11,0,0,0,0,0,0,0,0,0,-97,0,1,0,1439942648,0,14,0,0,0,104,0,"[0, 0, -128, -83, -128, -62, -128, -47, -128, -35, -128, -26, -128, -24, -128, -29, -128, -38, -128, -49, -128, -61, -128, -71, -128, -77, -128, -76, -103, -67, -57, -45, -17, -14, 11, 21, 25, 58, 25, 95, 16, 123, -2, 127, -25, 127, -46, 127, -64, 127, -75, 110, 127, -128, 127, -128, 127, -128, 127, -128, 127, -118, 127, -95, 127, -78, 105, -68, 74, -64, 38, -67, 3, -76, -28, -86, -56, -99, -83, -116, -108, -128, -128, -128, -128, -128, -128, -128, -128, -128, -128, -128, -128, -128, -128, -128, -128, -128, -128, -128, -128, -128, -128, -128]",esp32_2
CSI_DATA,153831,2025-08-27 15:42:49.361,0,lie_down,00:00:00:00:00:00,-63,11,0,0,0,0,0,0,0,0,0,-97,0,1,0,285624069,0,14,0,0,0,104,0,"[0, 0, -128, 127, -128, 127, -128, 127, -128, 127, -113, 120, -82, 114, -51, 114, -35, 127, -15, 127, 1, 127, 3, 127, -6, 127, -16, 127, -37, 127, -57, 127, -61, 127, -73, 127, -69, 90, -57, 65, -32, 39, -6, 18, 22, 12, 50, 9, 76, 20, 89, 37, -74, -51, -78, -51, -77, -48, -81, -44, -82, -42, -87, -41, -94, -34, -101, -33, -108, -28, -112, -19, -128, -24, -128, -27, -121, -22, -125, -21, -119, -20, -114, -17, -101, -7, -93, 10, -74, 36, -70, 62, -64, 94, -66, 126, -89, 127, -101, 127, -115, 127, -128, 127]",esp32_1
CSI_DATA,157479,2025-08-27 15:42:49.361,0,lie_down,00:00:00:00:00:00,-44,11,0,0,0,0,0,0,0,0,0,-97,0,1,0,1439952664,0,14,0,0,0,104,0,"[0, 0, 127, 70, 127, 47, 127, 24, 127, 9, 127, 0, 127, -5, 127, -2, 127, 6, 127, 15, 127, 28, 127, 43, 127, 55, 127, 59, 108, 56, 58, 39, 14, 11, -19, -24, -38, -62, -44, -100, -37, -128, -20, -128, 1, -128, 24, -128, 45, -128, 59, -128, -128, 127, -128, 127, -128, 127, -128, 127, -128, 122, -128, 100, -128, 81, -107, 69, -75, 65, -38, 68, 1, 75, 35, 83, 65, 95, 93, 110, 118, 127, 127, 127, 127, 127, 127, 127, 127, 127, 127, 127, 127, 127, 127, 127, 127, 127, 127, 127, 127, 127, 127, 120]",esp32_2
CSI_DATA,153832,2025-08-27 15:42:49.384,0,lie_down,00:00:00:00:00:00,-66,11,0,0,0,0,0,0,0,0,0,-97,0,1,0,285670833,0,14,0,0,0,104,0,"[0, 0, -80, -128, -69, -128, -73, -128, -58, -128, -69, -128, -83, -128, -99, -125, -128, -107, -128, -97, -128, -100, -128, -112, -128, -122, -128, -128, -128, -128, -128, -128, -128, -128, -128, -128, -98, -128, -70, -109, -37, -74, -25, -25, -36, 26, -54, 77, -92, 115, -128, 127, 98, -48, 100, -49, 92, -43, 93, -51, 93, -56, 86, -61, 84, -74, 83, -82, 82, -86, 96, -83, 91, -98, 92, -104, 99, -91, 103, -86, 93, -83, 73, -94, 53, -86, 39, -79, 11, -83, -14, -94, -41, -109, -62, -123, -106, -128, -106, -128, -116, -128, -128, -128]",esp32_1
CSI_DATA,157480,2025-08-27 15:42:49.384,0,lie_down,00:00:00:00:00:00,-44,11,0,0,0,0,0,0,0,0,0,-97,0,1,0,1439961711,0,14,0,0,0,104,0,"[0, 0, 127, 19, 127, -3, 127, -25, 127, -42, 127, -54, 127, -60, 127, -58, 127, -49, 127, -34, 127, -15, 127, 4, 127, 22, 127, 32, 109, 33, 59, 26, 12, 10, -26, -15, -53, -47, -66, -83, -68, -113, -57, -128, -37, -128, -12, -128, 11, -128, 27, -128, -128, 127, -128, 127, -128, 127, -128, 127, -128, 124, -128, 102, -127, 83, -100, 69, -67, 61, -31, 59, 5, 63, 39, 69, 71, 79, 103, 93, 127, 106, 127, 119, 127, 127, 127, 127, 127, 127, 127, 127, 127, 127, 127, 126, 127, 120, 127, 109, 127, 94, 127, 84]",esp32_2
CSI_DATA,153833,2025-08-27 15:42:49.404,0,lie_down,00:00:00:00:00:00,-63,11,0,0,0,0,0,0,0,0,0,-97,0,1,0,285695267,0,14,0,0,0,104,0,"[0, 0, -128, -41, -128, -47, -128, -50, -128, -30, -128, -15, -128, 8, -128, 39, -128, 62, -128, 94, -128, 114, -128, 127, -128, 127, -128, 126, -128, 102, -128, 74, -128, 54, -128, 24, -128, 0, -95, -6, -54, -6, -19, 7, 12, 28, 26, 48, 38, 74, 34, 98, 5, -93, 7, -93, 1, -94, -5, -93, -13, -99, -17, -104, -17, -102, -29, -117, -30, -123, -49, -122, -46, -128, -48, -128, -48, -127, -49, -127, -47, -123, -39, -107, -42, -95, -51, -75, -70, -45, -94, -22, -119, 1, -128, 9, -128, 24, -128, 38, -128, 35, -128, 2]",esp32_1
CSI_DATA,157481,2025-08-27 15:42:49.404,0,lie_down,00:00:00:00:00:00,-43,11,0,0,0,0,0,0,0,0,0,-97,0,1,0,1439976414,0,14,0,0,0,104,0,"[0, 0, 5, 127, 23, 127, 38, 127, 50, 127, 58, 127, 61, 127, 60, 127, 56, 127, 47, 127, 34, 127, 18, 127, 2, 127, -10, 119, -16, 82, -14, 42, -6, 5, 10, -27, 33, -50, 59, -64, 82, -67, 102, -62, 114, -49, 118, -32, 115, -14, 109, 2, -128, -97, -128, -110, -128, -122, -115, -127, -97, -126, -80, -117, -63, -100, -50, -79, -42, -53, -39, -24, -41, 4, -45, 32, -52, 59, -62, 85, -71, 108, -80, 127, -88, 127, -94, 127, -97, 127, -97, 127, -93, 127, -85, 127, -77, 127, -68, 127, -57, 127, -49, 127]",esp32_2
CSI_DATA,157482,2025-08-27 15:42:49.431,0,lie_down,00:00:00:00:00:00,-43,11,0,0,0,0,0,0,0,0,0,-97,0,1,0,1439999109,0,14,0,0,0,104,0,"[0, 0, -128, 127, -128, 127, -128, 127, -128, 127, -128, 127, -128, 127, -128, 127, -128, 127, -128, 127, -128, 127, -128, 127, -128, 106, -113, 74, -84, 44, -47, 19, -7, 2, 32, -4, 68, 2, 98, 16, 117, 35, 124, 56, 120, 78, 106, 94, 85, 103, 66, 107, -43, -128, -25, -128, -4, -128, 13, -128, 25, -128, 31, -128, 30, -128, 21, -103, 5, -77, -18, -53, -45, -32, -72, -14, -99, 0, -128, 11, -128, 20, -128, 26, -128, 31, -128, 36, -128, 42, -128, 49, -128, 59, -128, 70, -128, 83, -128, 98, -128, 110, -128, 116]",esp32_2
CSI_DATA,153834,2025-08-27 15:42:49.434,0,lie_down,00:00:00:00:00:00,-63,11,0,0,0,0,0,0,0,0,0,-97,0,1,0,285721506,0,14,0,0,0,104,0,"[0, 0, -35, -128, -20, -128, -20, -128, -17, -128, -28, -128, -45, -128, -65, -119, -98, -105, -121, -104, -128, -104, -128, -120, -128, -128, -128, -128, -128, -128, -113, -128, -84, -128, -56, -128, -30, -111, -14, -84, -8, -49, -13, -18, -24, 12, -40, 29, -62, 48, -85, 48, 84, -38, 83, -34, 82, -34, 82, -41, 81, -47, 82, -54, 82, -60, 87, -67, 90, -73, 102, -81, 96, -87, 98, -91, 107, -81, 107, -79, 97, -78, 76, -76, 59, -72, 44, -78, 23, -79, -5, -90, -30, -110, -56, -128, -81, -128, -83, -128, -84, -128, -86, -128]",esp32_1
CSI_DATA,157483,2025-08-27 15:42:49.447,0,lie_down,00:00:00:00:00:00,-43,11,0,0,0,0,0,0,0,0,0,-97,0,1,0,1440025001,0,14,0,0,0,104,0,"[0, 0, -128, 127, -128, 127, -119, 127, -105, 127, -94, 127, -87, 127, -87, 127, -91, 127, -96, 127, -100, 127, -103, 127, -100, 127, -89, 117, -68, 72, -39, 31, -1, -2, 40, -23, 81, -30, 119, -25, 127, -11, 127, 10, 127, 34, 127, 59, 127, 79, 121, 90, -97, -128, -79, -128, -55, -128, -34, -128, -16, -128, -3, -128, 2, -128, -2, -113, -12, -80, -28, -47, -49, -15, -72, 14, -98, 37, -127, 58, -128, 77, -128, 92, -128, 105, -128, 118, -128, 127, -128, 127, -128, 127, -128, 127, -128, 127, -128, 127, -128, 127, -128, 127]",esp32_2
CSI_DATA,153835,2025-08-27 15:42:49.455,0,lie_down,00:00:00:00:00:00,-63,11,0,0,0,0,0,0,0,0,0,-97,0,1,0,285758898,0,14,0,0,0,104,0,"[0, 0, 127, -128, 127, -115, 127, -99, 127, -98, 127, -96, 105, -105, 84, -118, 64, -128, 54, -128, 46, -128, 47, -128, 60, -128, 72, -128, 102, -128, 116, -128, 112, -128, 121, -111, 98, -73, 80, -52, 48, -31, 9, -18, -24, -13, -48, -24, -74, -43, -81, -63, 52, 72, 53, 70, 57, 68, 64, 70, 72, 68, 80, 69, 86, 67, 99, 73, 109, 74, 113, 66, 117, 83, 115, 84, 120, 78, 118, 75, 110, 70, 91, 64, 85, 46, 82, 28, 82, -8, 84, -39, 91, -70, 108, -106, 127, -127, 127, -128, 127, -128, 127, -128]",esp32_1
CSI_DATA,153836,2025-08-27 15:42:49.477,0,lie_down,00:00:00:00:00:00,-63,11,0,0,0,0,0,0,0,0,0,-97,0,1,0,285795082,0,14,0,0,0,104,0,"[0, 0, -128, -106, -128, -103, -128, -102, -128, -81, -128, -51, -128, -24, -128, 4, -128, 34, -128, 50, -128, 72, -128, 74, -128, 68, -128, 59, -128, 42, -128, 17, -128, -9, -128, -23, -121, -31, -88, -29, -52, -22, -17, -1, 0, 25, 9, 49, 13, 80, 0, 101, 31, -86, 30, -84, 21, -87, 18, -91, 14, -95, 8, -107, 5, -111, 2, -124, -2, -128, -2, -128, -5, -128, -3, -128, 4, -128, 5, -128, 5, -127, -8, -122, -15, -103, -32, -87, -47, -64, -77, -49, -104, -36, -128, -32, -128, -38, -128, -35, -128, -49, -128, -76]",esp32_1
CSI_DATA,157484,2025-08-27 15:42:49.477,0,lie_down,00:00:00:00:00:00,-43,11,0,0,0,0,0,0,0,0,0,-97,0,1,0,1440050553,0,14,0,0,0,104,0,"[0, 0, 127, -105, 127, -121, 127, -128, 127, -128, 127, -128, 127, -128, 127, -128, 127, -128, 127, -128, 127, -122, 127, -97, 127, -69, 127, -44, 89, -22, 44, -10, -2, -6, -45, -14, -78, -35, -101, -62, -112, -90, -109, -114, -98, -128, -77, -128, -52, -128, -31, -128, 5, 127, -14, 127, -36, 127, -52, 127, -63, 127, -66, 127, -60, 127, -45, 99, -23, 74, 6, 52, 40, 34, 75, 21, 108, 13, 127, 7, 127, 4, 127, 3, 127, 3, 127, 3, 127, 0, 127, -5, 127, -12, 127, -21, 127, -33, 127, -49, 127, -62, 127, -68]",esp32_2
CSI_DATA,157485,2025-08-27 15:42:49.500,0,lie_down,00:00:00:00:00:00,-43,11,0,0,0,0,0,0,0,0,0,-97,0,1,0,1440096424,0,14,0,0,0,104,0,"[0, 0, 127, -73, 127, -95, 127, -112, 127, -125, 127, -128, 127, -128, 127, -128, 127, -128, 127, -124, 127, -106, 127, -83, 127, -58, 127, -35, 89, -18, 39, -10, -12, -11, -56, -23, -90, -49, -114, -80, -123, -110, -120, -128, -106, -128, -81, -128, -50, -128, -28, -128, -66, 127, -84, 127, -104, 127, -115, 127, -120, 127, -115, 127, -100, 106, -77, 82, -47, 62, -10, 45, 31, 33, 70, 27, 108, 25, 127, 26, 127, 29, 127, 35, 127, 41, 127, 43, 127, 43, 127, 40, 127, 33, 127, 26, 127, 17, 127, 4, 127, -8, 127, -16]",esp32_2
CSI_DATA,153837,2025-08-27 15:42:49.503,0,lie_down,00:00:00:00:00:00,-62,11,0,0,0,0,0,0,0,0,0,-97,0,1,0,285817670,0,14,0,0,0,104,0,"[0, 0, 91, -128, 92, -128, 77, -128, 67, -128, 41, -128, 12, -128, -14, -128, -42, -128, -59, -128, -76, -128, -85, -128, -76, -128, -66, -128, -41, -128, -17, -128, 3, -128, 23, -128, 30, -114, 32, -82, 18, -50, 0, -27, -25, -10, -53, 7, -79, 8, -97, -2, 85, 6, 87, 7, 88, 4, 90, -1, 96, -5, 100, -9, 100, -13, 113, -16, 121, -19, 127, -26, 127, -25, 127, -26, 127, -18, 127, -19, 127, -16, 106, -22, 93, -25, 78, -41, 61, -57, 44, -79, 29, -107, 21, -128, 12, -128, 23, -128, 33, -128, 46, -128]",esp32_1
CSI_DATA,157486,2025-08-27 15:42:49.514,0,lie_down,00:00:00:00:00:00,-42,11,0,0,0,0,0,0,0,0,0,-97,0,1,0,1440145742,0,14,0,0,0,104,0,"[0, 0, -128, 127, -128, 127, -128, 127, -128, 127, -128, 127, -128, 127, -128, 127, -128, 127, -128, 127, -128, 127, -128, 127, -119, 122, -92, 88, -56, 55, -15, 28, 30, 11, 74, 4, 114, 11, 127, 28, 127, 51, 127, 76, 127, 100, 127, 120, 127, 127, 105, 127, -17, -128, 0, -128, 20, -128, 37, -128, 49, -128, 55, -128, 51, -125, 38, -94, 18, -65, -9, -37, -39, -12, -71, 9, -104, 26, -128, 40, -128, 51, -128, 60, -128, 66, -128, 73, -128, 81, -128, 89, -128, 98, -128, 110, -128, 123, -128, 127, -128, 127, -128, 127]",esp32_2
CSI_DATA,153838,2025-08-27 15:42:49.524,0,lie_down,00:00:00:00:00:00,-62,11,0,0,0,0,0,0,0,0,0,-97,0,1,0,285854528,0,14,0,0,0,104,0,"[0, 0, 127, -89, 127, -71, 127, -53, 127, -64, 127, -68, 121, -84, 105, -97, 97, -119, 95, -128, 96, -128, 98, -128, 112, -128, 123, -128, 127, -128, 127, -128, 127, -102, 127, -71, 115, -40, 88, -27, 55, -14, 17, -18, -11, -28, -30, -44, -44, -63, -43, -83, 53, 67, 54, 66, 61, 64, 65, 62, 72, 68, 79, 68, 85, 70, 93, 73, 98, 80, 106, 75, 112, 87, 111, 90, 110, 85, 109, 80, 100, 78, 95, 74, 82, 60, 85, 39, 84, 6, 90, -20, 97, -47, 117, -79, 127, -89, 127, -114, 127, -127, 127, -112]",esp32_1
CSI_DATA,153839,2025-08-27 15:42:49.543,0,lie_down,00:00:00:00:00:00,-63,11,0,0,0,0,0,0,0,0,0,-97,0,1,0,285904970,0,14,0,0,0,104,0,"[0, 0, 121, 127, 107, 127, 106, 127, 95, 127, 94, 122, 104, 97, 116, 77, 127, 60, 127, 52, 127, 50, 127, 66, 127, 74, 127, 89, 127, 104, 127, 113, 125, 122, 96, 115, 65, 98, 46, 74, 27, 48, 17, 17, 19, -9, 29, -31, 44, -57, 66, -62, -52, 69, -54, 71, -49, 70, -47, 76, -49, 85, -44, 92, -44, 97, -48, 108, -43, 114, -55, 118, -50, 125, -56, 126, -61, 119, -65, 119, -59, 108, -45, 107, -33, 99, -18, 88, 1, 81, 29, 79, 57, 83, 88, 92, 122, 110, 127, 127, 127, 127, 127, 127]",esp32_1
CSI_DATA,157487,2025-08-27 15:42:49.543,0,lie_down,00:00:00:00:00:00,-42,11,0,0,0,0,0,0,0,0,0,-97,0,1,0,1440171118,0,14,0,0,0,104,0,"[0, 0, 127, 127, 127, 117, 127, 92, 127, 74, 127, 63, 127, 54, 127, 50, 127, 50, 127, 48, 127, 48, 127, 51, 127, 50, 119, 43, 74, 29, 32, 3, -4, -32, -26, -70, -32, -109, -28, -128, -14, -128, 7, -128, 30, -128, 53, -128, 75, -128, 90, -128, -128, 127, -128, 127, -128, 105, -128, 82, -128, 61, -128, 42, -128, 28, -105, 21, -68, 23, -28, 30, 11, 44, 46, 60, 77, 81, 107, 106, 127, 127, 127, 127, 127, 127, 127, 127, 127, 127, 127, 127, 127, 127, 127, 127, 127, 127, 127, 127, 127, 127, 127, 127]",esp32_2
CSI_DATA,153840,2025-08-27 15:42:49.563,0,lie_down,00:00:00:00:00:00,-63,11,0,0,0,0,0,0,0,0,0,-97,0,1,0,285939649,0,14,0,0,0,104,0,"[0, 0, -15, -128, -6, -128, -11, -128, -14, -128, -27, -128, -50, -128, -75, -126, -102, -121, -123, -123, -128, -124, -128, -128, -128, -128, -128, -128, -127, -128, -100, -128, -70, -128, -36, -128, -18, -125, -5, -96, 4, -55, -5, -23, -19, 6, -38, 25, -59, 44, -79, 45, 87, -20, 86, -21, 90, -21, 89, -27, 96, -34, 98, -38, 103, -45, 108, -51, 112, -61, 127, -67, 125, -57, 122, -66, 127, -60, 127, -57, 124, -55, 100, -56, 85, -58, 69, -61, 44, -67, 20, -80, -2, -102, -25, -128, -50, -128, -52, -128, -54, -128, -53, -128]",esp32_1
CSI_DATA,157488,2025-08-27 15:42:49.563,0,lie_down,00:00:00:00:00:00,-42,11,0,0,0,0,0,0,0,0,0,-97,0,1,0,1440205638,0,14,0,0,0,104,0,"[0, 0, 127, -128, 127, -128, 127, -128, 127, -128, 127, -128, 127, -128, 127, -128, 127, -128, 127, -128, 127, -128, 123, -128, 105, -121, 79, -86, 45, -52, 5, -25, -40, -6, -83, 1, -121, -7, -128, -24, -128, -46, -128, -71, -128, -93, -128, -113, -128, -128, -117, -128, -14, 127, -31, 127, -50, 127, -64, 127, -72, 127, -73, 127, -65, 107, -50, 80, -28, 53, 0, 27, 32, 5, 64, -12, 99, -25, 127, -37, 127, -47, 127, -54, 127, -57, 127, -64, 127, -69, 127, -74, 127, -84, 127, -96, 127, -110, 127, -127, 127, -128, 127, -128]",esp32_2
CSI_DATA,157489,2025-08-27 15:42:49.585,0,lie_down,00:00:00:00:00:00,-42,11,0,0,0,0,0,0,0,0,0,-97,0,1,0,1440230895,0,14,0,0,0,104,0,"[0, 0, 89, -128, 74, -128, 56, -128, 45, -128, 35, -128, 30, -128, 28, -128, 27, -128, 28, -128, 30, -128, 33, -128, 31, -128, 23, -99, 13, -62, -7, -28, -36, 0, -67, 18, -97, 23, -125, 20, -128, 8, -128, -11, -128, -30, -128, -48, -128, -65, -125, -77, 127, 126, 122, 127, 103, 127, 85, 127, 69, 127, 52, 123, 37, 103, 29, 78, 25, 49, 26, 16, 34, -17, 44, -44, 59, -70, 77, -97, 94, -121, 108, -128, 123, -128, 127, -128, 127, -128, 127, -128, 127, -128, 127, -128, 127, -128, 127, -128, 127, -128, 127, -128]",esp32_2
CSI_DATA,153841,2025-08-27 15:42:49.591,0,lie_down,00:00:00:00:00:00,-63,11,0,0,0,0,0,0,0,0,0,-97,0,1,0,285963445,0,14,0,0,0,104,0,"[0, 0, -128, 127, -128, 127, -128, 127, -121, 127, -93, 127, -61, 127, -25, 127, -4, 127, 23, 127, 42, 127, 43, 127, 28, 127, 8, 127, -20, 127, -44, 127, -60, 127, -75, 127, -80, 114, -72, 82, -47, 46, -15, 22, 20, 5, 50, -2, 78, -1, 97, 14, -94, -38, -97, -42, -98, -42, -107, -40, -119, -35, -124, -35, -122, -34, -128, -33, -128, -37, -128, -26, -128, -24, -128, -23, -128, -26, -128, -30, -128, -34, -128, -24, -118, -13, -102, 8, -91, 29, -81, 60, -70, 96, -70, 127, -65, 127, -80, 127, -101, 127, -107, 127]",esp32_1
CSI_DATA,153842,2025-08-27 15:42:49.607,0,lie_down,00:00:00:00:00:00,-63,11,0,0,0,0,0,0,0,0,0,-97,0,1,0,285988342,0,14,0,0,0,104,0,"[0, 0, -128, -128, -128, -128, -124, -128, -113, -128, -114, -121, -119, -96, -128, -71, -128, -52, -128, -46, -128, -42, -128, -51, -128, -64, -128, -76, -128, -97, -128, -110, -128, -115, -114, -116, -77, -101, -48, -80, -28, -49, -18, -24, -13, 8, -18, 35, -32, 63, -53, 71, 56, -68, 57, -72, 54, -76, 51, -83, 57, -91, 58, -96, 52, -100, 56, -109, 56, -118, 67, -121, 59, -128, 62, -128, 68, -120, 70, -120, 67, -117, 48, -114, 37, -102, 18, -95, 2, -82, -25, -79, -53, -80, -87, -88, -127, -104, -128, -123, -128, -128, -128, -128]",esp32_1
CSI_DATA,157490,2025-08-27 15:42:49.607,0,lie_down,00:00:00:00:00:00,-42,11,0,0,0,0,0,0,0,0,0,-97,0,1,0,1440271551,0,14,0,0,0,104,0,"[0, 0, 102, -128, 79, -128, 56, -128, 41, -128, 30, -128, 22, -128, 19, -128, 20, -128, 22, -128, 25, -128, 29, -128, 29, -128, 23, -117, 10, -70, -11, -26, -41, 14, -77, 43, -116, 55, -128, 55, -128, 45, -128, 25, -128, 1, -128, -25, -128, -51, -128, -68, 124, 127, 110, 127, 86, 127, 63, 127, 43, 127, 25, 127, 13, 127, 9, 100, 11, 62, 20, 21, 34, -18, 52, -53, 74, -85, 99, -114, 122, -128, 127, -128, 127, -128, 127, -128, 127, -128, 127, -128, 127, -128, 127, -128, 127, -128, 127, -128, 127, -128, 127, -128]",esp32_2
CSI_DATA,153843,2025-08-27 15:42:49.637,0,lie_down,00:00:00:00:00:00,-63,11,0,0,0,0,0,0,0,0,0,-97,0,1,0,286024408,0,14,0,0,0,104,0,"[0, 0, -128, -100, -128, -104, -128, -101, -128, -78, -128, -49, -128, -23, -128, 9, -128, 37, -128, 56, -128, 68, -128, 68, -128, 64, -128, 55, -128, 20, -128, -2, -128, -31, -128, -50, -128, -58, -104, -55, -66, -36, -27, -20, -7, 14, 5, 46, 2, 79, -9, 103, 16, -107, 17, -114, 8, -111, 5, -120, 5, -127, -1, -128, -11, -128, -9, -128, -14, -128, -11, -128, -15, -128, -13, -128, -7, -128, -6, -128, -5, -128, -14, -128, -16, -128, -29, -114, -46, -87, -72, -63, -104, -46, -128, -28, -128, -36, -128, -29, -128, -40, -128, -71]",esp32_1
CSI_DATA,157491,2025-08-27 15:42:49.637,0,lie_down,00:00:00:00:00:00,-41,11,0,0,0,0,0,0,0,0,0,-97,0,1,0,1440316435,0,14,0,0,0,104,0,"[0, 0, -128, 89, -128, 104, -128, 120, -128, 127, -128, 127, -128, 127, -128, 127, -128, 127, -128, 116, -128, 98, -128, 78, -128, 58, -101, 44, -57, 35, -11, 30, 34, 35, 73, 48, 102, 71, 121, 99, 127, 126, 122, 127, 104, 127, 78, 127, 51, 127, 30, 127, 81, -128, 94, -128, 108, -128, 116, -128, 119, -128, 112, -106, 96, -81, 74, -59, 44, -40, 7, -27, -32, -18, -69, -14, -104, -14, -128, -18, -128, -22, -128, -27, -128, -33, -128, -37, -128, -35, -128, -32, -128, -26, -128, -17, -128, -9, -128, 3, -128, 17, -128, 27]",esp32_2
CSI_DATA,157492,2025-08-27 15:42:49.655,0,lie_down,00:00:00:00:00:00,-41,11,0,0,0,0,0,0,0,0,0,-97,0,1,0,1440354780,0,14,0,0,0,104,0,"[0, 0, 127, 103, 127, 79, 127, 54, 127, 38, 127, 29, 127, 24, 127, 23, 127, 27, 127, 29, 127, 31, 127, 34, 127, 32, 121, 24, 72, 7, 26, -20, -13, -55, -39, -95, -47, -128, -45, -128, -31, -128, -9, -128, 15, -128, 42, -128, 66, -128, 82, -128, -128, 127, -128, 113, -128, 90, -128, 67, -128, 45, -128, 26, -128, 12, -108, 7, -68, 10, -26, 20, 16, 36, 54, 56, 87, 79, 117, 106, 127, 127, 127, 127, 127, 127, 127, 127, 127, 127, 127, 127, 127, 127, 127, 127, 127, 127, 127, 127, 127, 127, 127, 127]",esp32_2
CSI_DATA,153844,2025-08-27 15:42:49.659,0,lie_down,00:00:00:00:00:00,-63,11,0,0,0,0,0,0,0,0,0,-97,0,1,0,286048762,0,14,0,0,0,104,0,"[0, 0, -128, 127, -127, 127, -120, 127, -97, 127, -79, 127, -45, 127, -25, 127, -2, 127, 19, 127, 23, 127, 27, 127, 10, 127, -3, 127, -28, 127, -45, 127, -65, 127, -69, 127, -76, 98, -64, 71, -45, 41, -20, 23, 13, 13, 39, 5, 62, 4, 75, 17, -81, -28, -80, -27, -89, -32, -90, -26, -102, -27, -106, -26, -107, -25, -118, -27, -125, -26, -128, -18, -128, -21, -128, -20, -128, -22, -128, -24, -127, -25, -121, -22, -100, -15, -93, -3, -79, 21, -67, 44, -59, 77, -56, 104, -56, 127, -68, 127, -82, 127, -88, 127]",esp32_1
CSI_DATA,153845,2025-08-27 15:42:49.681,0,lie_down,00:00:00:00:00:00,-63,11,0,0,0,0,0,0,0,0,0,-97,0,1,0,286084494,0,14,0,0,0,104,0,"[0, 0, -37, -128, -34, -128, -33, -128, -37, -128, -46, -128, -67, -128, -83, -128, -118, -113, -119, -114, -128, -123, -128, -128, -128, -128, -128, -128, -126, -128, -112, -128, -73, -128, -49, -128, -23, -125, -4, -93, 4, -62, 0, -28, -8, -4, -26, 20, -46, 40, -66, 49, 84, -28, 94, -30, 88, -28, 100, -40, 94, -42, 106, -50, 108, -55, 113, -56, 115, -66, 124, -63, 124, -61, 125, -67, 127, -59, 127, -59, 127, -61, 97, -58, 92, -60, 67, -60, 55, -69, 22, -73, -5, -96, -32, -118, -46, -128, -55, -128, -60, -128, -65, -128]",esp32_1
CSI_DATA,157493,2025-08-27 15:42:49.681,0,lie_down,00:00:00:00:00:00,-41,11,0,0,0,0,0,0,0,0,0,-97,0,1,0,1440389189,0,14,0,0,0,104,0,"[0, 0, 127, 127, 127, 127, 127, 116, 127, 107, 127, 98, 127, 93, 127, 92, 127, 91, 127, 88, 127, 84, 127, 79, 127, 68, 98, 48, 65, 21, 36, -13, 15, -51, 5, -89, 9, -126, 22, -128, 42, -128, 66, -128, 91, -128, 108, -128, 120, -128, 127, -118, -128, 113, -128, 97, -128, 76, -128, 56, -128, 37, -128, 20, -126, 10, -95, 8, -62, 13, -26, 26, 8, 45, 38, 66, 63, 90, 87, 115, 106, 127, 120, 127, 127, 127, 127, 127, 127, 127, 127, 127, 127, 127, 127, 127, 127, 127, 127, 127, 127, 127, 127, 127]",esp32_2
CSI_DATA,153846,2025-08-27 15:42:49.703,0,lie_down,00:00:00:00:00:00,-63,11,0,0,0,0,0,0,0,0,0,-97,0,1,0,286134022,0,14,0,0,0,104,0,"[0, 0, 127, -24, 127, -17, 127, -11, 127, -24, 127, -39, 127, -60, 127, -83, 127, -112, 127, -128, 127, -128, 127, -128, 127, -128, 127, -128, 127, -128, 127, -97, 127, -64, 127, -35, 127, -8, 114, 5, 74, 12, 28, 4, -1, -12, -21, -31, -37, -59, -39, -82, 24, 98, 26, 101, 31, 106, 36, 113, 42, 119, 47, 127, 53, 127, 55, 127, 64, 127, 64, 127, 68, 127, 68, 127, 60, 127, 62, 127, 55, 127, 54, 127, 54, 118, 59, 97, 67, 56, 86, 30, 104, 1, 127, -25, 127, -37, 127, -59, 127, -64, 127, -49]",esp32_1
CSI_DATA,157494,2025-08-27 15:42:49.703,0,lie_down,00:00:00:00:00:00,-42,11,0,0,0,0,0,0,0,0,0,-97,0,1,0,1440414002,0,14,0,0,0,104,0,"[0, 0, -20, 127, 0, 127, 22, 127, 35, 127, 41, 127, 43, 127, 42, 127, 37, 127, 28, 127, 20, 127, 10, 127, 2, 127, 1, 103, 6, 59, 18, 16, 38, -24, 65, -55, 97, -73, 127, -79, 127, -75, 127, -62, 127, -42, 127, -18, 127, 5, 127, 22, -128, -128, -122, -128, -103, -128, -83, -128, -63, -128, -45, -128, -30, -118, -21, -87, -18, -54, -20, -17, -28, 20, -40, 53, -56, 83, -73, 111, -90, 127, -105, 127, -120, 127, -128, 127, -128, 127, -128, 127, -128, 127, -128, 127, -122, 127, -109, 127, -92, 127, -80, 127]",esp32_2
CSI_DATA,153847,2025-08-27 15:42:49.725,0,lie_down,00:00:00:00:00:00,-63,11,0,0,0,0,0,0,0,0,0,-97,0,1,0,286168716,0,14,0,0,0,104,0,"[0, 0, 127, -82, 127, -68, 127, -70, 127, -68, 127, -83, 127, -94, 127, -119, 118, -128, 113, -128, 116, -128, 127, -128, 127, -128, 127, -128, 127, -128, 127, -128, 127, -121, 127, -75, 127, -46, 116, -21, 72, -5, 35, -2, -2, -6, -35, -17, -58, -34, -69, -59, 43, 97, 42, 98, 44, 100, 57, 107, 57, 111, 61, 120, 70, 117, 76, 127, 80, 127, 97, 127, 94, 127, 89, 127, 91, 127, 91, 127, 79, 127, 76, 117, 65, 99, 70, 72, 74, 52, 84, 20, 99, -15, 123, -48, 127, -86, 127, -105, 127, -114, 127, -115]",esp32_1
CSI_DATA,157495,2025-08-27 15:42:49.726,0,lie_down,00:00:00:00:00:00,-41,11,0,0,0,0,0,0,0,0,0,-97,0,1,0,1440440510,0,14,0,0,0,104,0,"[0, 0, 127, 113, 127, 91, 127, 74, 127, 63, 127, 58, 127, 55, 127, 56, 127, 61, 127, 62, 127, 60, 127, 59, 127, 54, 115, 39, 72, 15, 33, -16, 2, -55, -16, -96, -19, -128, -10, -128, 8, -128, 32, -128, 58, -128, 80, -128, 99, -128, 109, -128, -128, 127, -128, 125, -128, 102, -128, 79, -128, 57, -128, 37, -128, 22, -104, 16, -65, 19, -24, 30, 17, 46, 54, 65, 86, 88, 113, 114, 127, 127, 127, 127, 127, 127, 127, 127, 127, 127, 127, 127, 127, 127, 127, 127, 127, 127, 127, 127, 127, 127, 127, 127]",esp32_2
CSI_DATA,153848,2025-08-27 15:42:49.748,0,lie_down,00:00:00:00:00:00,-63,11,0,0,0,0,0,0,0,0,0,-97,0,1,0,286194453,0,14,0,0,0,104,0,"[0, 0, 127, -128, 127, -128, 127, -118, 127, -121, 118, -117, 90, -126, 71, -128, 54, -128, 48, -128, 45, -128, 46, -128, 59, -128, 75, -128, 93, -128, 113, -128, 110, -128, 119, -111, 105, -76, 88, -49, 62, -25, 26, -12, -4, -3, -33, -4, -53, -14, -69, -30, 55, 64, 60, 70, 65, 69, 72, 71, 79, 75, 85, 80, 89, 81, 100, 87, 106, 92, 108, 85, 111, 94, 111, 96, 116, 87, 112, 87, 104, 83, 89, 77, 84, 66, 77, 44, 73, 12, 74, -13, 72, -45, 82, -80, 96, -96, 120, -128, 127, -128, 127, -128]",esp32_1
CSI_DATA,157496,2025-08-27 15:42:49.750,0,lie_down,00:00:00:00:00:00,-42,11,0,0,0,0,0,0,0,0,0,-97,0,1,0,1440475277,0,14,0,0,0,104,0,"[0, 0, 127, 127, 127, 127, 127, 122, 127, 113, 127, 108, 127, 104, 127, 103, 127, 101, 127, 98, 127, 95, 127, 91, 127, 80, 92, 59, 52, 28, 19, -7, -7, -46, -22, -88, -22, -128, -12, -128, 4, -128, 28, -128, 52, -128, 73, -128, 88, -128, 98, -128, -128, 4, -128, -13, -128, -31, -128, -46, -128, -59, -128, -64, -116, -59, -84, -47, -54, -27, -26, -1, 0, 29, 21, 60, 37, 92, 51, 126, 63, 127, 72, 127, 79, 127, 86, 127, 93, 127, 99, 127, 108, 127, 120, 127, 127, 127, 127, 127, 127, 127, 127, 127]",esp32_2
CSI_DATA,153849,2025-08-27 15:42:49.770,0,lie_down,00:00:00:00:00:00,-64,11,0,0,0,0,0,0,0,0,0,-97,0,1,0,286228640,0,14,0,0,0,104,0,"[0, 0, 102, 127, 83, 127, 95, 127, 85, 127, 81, 127, 95, 118, 111, 108, 127, 79, 127, 84, 127, 78, 127, 92, 127, 103, 127, 116, 127, 127, 127, 127, 127, 127, 92, 127, 49, 124, 23, 95, 8, 67, -4, 32, -2, -2, 7, -29, 19, -58, 38, -66, -79, 44, -81, 42, -90, 50, -85, 49, -99, 61, -93, 64, -104, 71, -107, 68, -101, 79, -126, 85, -112, 95, -113, 92, -119, 83, -117, 78, -111, 64, -94, 81, -73, 69, -67, 63, -41, 59, -11, 66, 15, 78, 50, 88, 90, 121, 108, 127, 114, 127, 115, 127]",esp32_1
CSI_DATA,157497,2025-08-27 15:42:49.770,0,lie_down,00:00:00:00:00:00,-41,11,0,0,0,0,0,0,0,0,0,-97,0,1,0,1440512125,0,14,0,60,-64,104,0,"[0, 0, 127, -99, 127, -119, 127, -128, 127, -128, 127, -128, 127, -128, 127, -128, 127, -128, 127, -127, 127, -107, 127, -85, 127, -61, 104, -41, 58, -26, 9, -19, -39, -22, -80, -36, -110, -61, -128, -91, -128, -118, -128, -128, -119, -128, -95, -128, -69, -128, -48, -128, -101, 127, -115, 127, -128, 127, -128, 127, -128, 125, -128, 99, -109, 73, -83, 53, -49, 36, -11, 24, 29, 19, 68, 19, 105, 22, 127, 29, 127, 37, 127, 45, 127, 54, 127, 59, 127, 59, 127, 57, 127, 49, 127, 38, 127, 24, 127, 3, 127, -17, 127, -29]",esp32_2
CSI_DATA,153850,2025-08-27 15:42:49.791,0,lie_down,00:00:00:00:00:00,-63,11,0,0,0,0,0,0,0,0,0,-97,0,1,0,286266566,0,14,0,60,-64,104,0,"[0, 0, -128, -128, -128, -128, -128, -128, -128, -113, -128, -90, -127, -70, -128, -49, -128, -32, -128, -20, -128, -12, -128, -19, -128, -31, -128, -39, -128, -60, -128, -72, -128, -87, -122, -84, -87, -86, -59, -71, -34, -47, -17, -30, -7, 1, -5, 26, -12, 50, -26, 64, 42, -76, 43, -81, 40, -83, 40, -91, 42, -95, 42, -103, 41, -105, 46, -117, 43, -121, 49, -123, 40, -128, 44, -128, 51, -123, 51, -120, 52, -116, 38, -119, 32, -101, 15, -87, 2, -76, -24, -67, -50, -61, -79, -66, -124, -71, -128, -78, -128, -94, -128, -119]",esp32_1
CSI_DATA,157498,2025-08-27 15:42:49.791,0,lie_down,00:00:00:00:00:00,-42,11,0,0,0,0,0,0,0,0,0,-97,0,1,0,1440549687,0,14,0,0,0,104,0,"[0, 0, 127, 127, 127, 127, 127, 127, 127, 127, 127, 126, 127, 124, 127, 124, 127, 122, 127, 120, 127, 116, 127, 108, 117, 93, 81, 69, 49, 38, 22, 2, 3, -40, -5, -81, -1, -119, 14, -128, 34, -128, 58, -128, 81, -128, 98, -128, 108, -128, 113, -111, -128, 23, -128, 8, -128, -11, -128, -28, -128, -41, -128, -48, -119, -45, -88, -35, -58, -17, -31, 9, -6, 39, 14, 69, 28, 100, 40, 127, 50, 127, 55, 127, 59, 127, 66, 127, 73, 127, 78, 127, 87, 127, 99, 127, 112, 127, 126, 127, 127, 127, 127, 127]",esp32_2
CSI_DATA,153851,2025-08-27 15:42:49.814,0,lie_down,00:00:00:00:00:00,-64,11,0,0,0,0,0,0,0,0,0,-97,0,1,0,286290794,0,14,0,0,0,104,0,"[0, 0, 127, -128, 127, -128, 114, -128, 117, -128, 85, -128, 64, -128, 38, -128, 21, -128, -3, -128, -20, -128, -14, -128, -10, -128, 3, -128, 33, -128, 57, -128, 57, -128, 77, -128, 74, -96, 69, -72, 50, -36, 23, -17, -2, -2, -31, 8, -52, 12, -72, 1, 67, 52, 74, 61, 74, 54, 88, 64, 85, 58, 99, 69, 95, 62, 108, 68, 111, 73, 120, 60, 122, 65, 122, 63, 127, 67, 126, 65, 127, 66, 99, 52, 97, 47, 76, 19, 77, 5, 67, -20, 62, -58, 70, -89, 57, -115, 77, -128, 93, -128, 110, -128]",esp32_1
CSI_DATA,157499,2025-08-27 15:42:49.814,0,lie_down,00:00:00:00:00:00,-42,11,0,0,0,0,0,0,0,0,0,-97,0,1,0,1440597419,0,14,0,0,0,104,0,"[0, 0, -50, 127, -26, 127, -4, 127, 10, 127, 17, 127, 18, 127, 15, 127, 9, 127, 0, 127, -11, 127, -21, 127, -27, 127, -22, 122, -11, 72, 8, 24, 37, -18, 71, -50, 108, -68, 127, -74, 127, -67, 127, -52, 127, -29, 127, -3, 127, 21, 127, 38, -109, -128, -95, -128, -73, -128, -52, -128, -33, -128, -17, -128, -7, -128, -5, -107, -9, -69, -21, -28, -40, 10, -63, 44, -90, 74, -116, 101, -128, 125, -128, 127, -128, 127, -128, 127, -128, 127, -128, 127, -128, 127, -128, 127, -128, 127, -128, 127, -128, 127, -128, 127]",esp32_2
CSI_DATA,157500,2025-08-27 15:42:49.839,0,lie_down,00:00:00:00:00:00,-42,11,0,0,0,0,0,0,0,0,0,-97,0,1,0,1440622610,0,14,0,0,0,104,0,"[0, 0, 127, 116, 127, 99, 127, 89, 127, 82, 127, 75, 127, 74, 127, 77, 127, 79, 127, 80, 127, 81, 127, 80, 127, 71, 95, 54, 58, 30, 24, -1, -3, -37, -18, -75, -20, -112, -12, -128, 3, -128, 25, -128, 48, -128, 67, -128, 81, -128, 89, -128, -128, 62, -128, 45, -128, 26, -128, 8, -128, -8, -128, -18, -126, -21, -95, -16, -62, -3, -29, 17, 0, 42, 25, 68, 46, 96, 64, 125, 78, 127, 87, 127, 94, 127, 104, 127, 111, 127, 116, 127, 123, 127, 127, 127, 127, 127, 127, 127, 127, 127, 127, 127]",esp32_2
CSI_DATA,153853,2025-08-27 15:42:49.913,0,lie_down,00:00:00:00:00:00,-63,11,0,0,0,0,0,0,0,0,0,-97,0,1,0,286363576,0,14,0,0,0,104,0,"[0, 0, -128, -128, -114, -128, -102, -128, -101, -128, -102, -128, -108, -121, -124, -100, -128, -87, -128, -74, -128, -63, -128, -68, -128, -78, -128, -95, -128, -125, -128, -128, -128, -128, -110, -124, -72, -116, -43, -101, -20, -64, -1, -33, 6, 1, 1, 32, -10, 56, -26, 72, 86, -42, 93, -41, 94, -48, 97, -53, 106, -60, 106, -65, 110, -66, 115, -72, 124, -78, 119, -86, 119, -102, 119, -104, 110, -87, 107, -91, 106, -79, 106, -82, 84, -72, 68, -71, 31, -65, 9, -68, -25, -75, -58, -91, -97, -121, -128, -128, -128, -128, -128, -128]",esp32_1
CSI_DATA,153854,2025-08-27 15:42:49.941,0,lie_down,00:00:00:00:00:00,-64,11,0,0,0,0,0,0,0,0,0,-97,0,1,0,286410805,0,14,0,0,0,104,0,"[0, 0, -3, 127, -6, 127, -3, 127, 0, 127, 7, 127, 29, 127, 42, 127, 77, 127, 96, 127, 108, 127, 113, 127, 113, 127, 95, 127, 106, 127, 65, 127, 49, 127, 15, 127, -6, 120, -16, 96, -20, 60, -17, 26, -1, 0, 21, -23, 40, -44, 59, -45, -97, -1, -87, 2, -106, -4, -93, 1, -122, 5, -102, 3, -114, 12, -120, 1, -126, 16, -128, 11, -128, 18, -128, 17, -128, 7, -128, 9, -121, 4, -125, 26, -85, 18, -88, 29, -57, 29, -40, 51, -20, 68, 7, 97, 25, 127, 23, 127, 24, 127, 16, 127]",esp32_1
CSI_DATA,157503,2025-08-27 15:42:49.944,0,lie_down,00:00:00:00:00:00,-41,11,0,0,0,0,0,0,0,0,0,-97,0,1,0,1440708966,0,14,0,0,0,104,0,"[0, 0, 127, 87, 127, 66, 127, 51, 127, 42, 127, 38, 127, 38, 127, 42, 127, 48, 127, 52, 127, 56, 127, 58, 127, 55, 111, 43, 69, 23, 31, -5, 0, -41, -18, -79, -23, -117, -17, -128, -1, -128, 20, -128, 42, -128, 62, -128, 78, -128, 86, -128, -128, 119, -128, 106, -128, 86, -128, 66, -128, 47, -128, 30, -128, 18, -104, 14, -68, 19, -30, 34, 5, 53, 36, 72, 63, 95, 86, 121, 104, 127, 117, 127, 127, 127, 127, 127, 127, 127, 127, 127, 127, 127, 127, 127, 127, 127, 127, 127, 127, 127, 127, 127]",esp32_2
CSI_DATA,157504,2025-08-27 15:42:49.967,0,lie_down,00:00:00:00:00:00,-42,11,0,0,0,0,0,0,0,0,0,-97,0,1,0,1440754945,0,14,0,0,0,104,0,"[0, 0, -106, -128, -128, -128, -128, -128, -128, -128, -128, -128, -128, -128, -128, -128, -128, -128, -128, -128, -120, -128, -94, -128, -67, -128, -44, -123, -26, -74, -16, -22, -17, 32, -28, 78, -51, 113, -79, 127, -108, 127, -128, 127, -128, 127, -128, 107, -128, 81, -128, 60, 127, 127, 127, 127, 127, 127, 127, 127, 120, 127, 96, 127, 74, 126, 57, 95, 44, 58, 36, 16, 35, -27, 39, -67, 48, -105, 59, -128, 70, -128, 81, -128, 93, -128, 100, -128, 100, -128, 95, -128, 85, -128, 73, -128, 56, -128, 34, -128, 9, -128, -9, -128]",esp32_2
CSI_DATA,153855,2025-08-27 15:42:49.977,0,lie_down,00:00:00:00:00:00,-63,11,0,0,0,0,0,0,0,0,0,-97,0,1,0,286435857,0,14,0,0,0,104,0,"[0, 0, 127, -128, 127, -128, 127, -128, 115, -128, 92, -128, 67, -128, 46, -128, 22, -128, 3, -128, -11, -128, -2, -128, 7, -128, 16, -128, 37, -128, 56, -128, 74, -128, 76, -128, 75, -103, 68, -74, 52, -38, 31, -18, -1, -1, -28, 8, -58, 11, -81, 1, 77, 58, 80, 58, 82, 63, 87, 61, 99, 66, 97, 63, 104, 64, 114, 63, 118, 63, 127, 70, 127, 62, 127, 62, 127, 75, 127, 76, 115, 70, 112, 53, 93, 43, 86, 27, 71, 12, 58, -21, 55, -54, 57, -90, 59, -128, 79, -128, 95, -128, 107, -128]",esp32_1
CSI_DATA,157505,2025-08-27 15:42:49.989,0,lie_down,00:00:00:00:00:00,-42,11,0,0,0,0,0,0,0,0,0,-97,0,1,0,1440803148,0,14,0,0,0,104,0,"[0, 0, -35, 127, -10, 127, 14, 127, 27, 127, 32, 127, 32, 127, 28, 127, 20, 127, 9, 127, -3, 127, -16, 127, -24, 127, -24, 127, -15, 77, 3, 27, 30, -18, 62, -51, 98, -69, 127, -75, 127, -69, 127, -55, 127, -34, 127, -10, 127, 13, 127, 28, -128, -128, -115, -128, -93, -128, -72, -128, -51, -128, -33, -128, -21, -128, -16, -110, -19, -72, -31, -30, -48, 11, -69, 47, -93, 77, -120, 104, -128, 127, -128, 127, -128, 127, -128, 127, -128, 127, -128, 127, -128, 127, -128, 127, -128, 127, -128, 127, -128, 127, -110, 127]",esp32_2
CSI_DATA,153856,2025-08-27 15:42:50.010,0,lie_down,00:00:00:00:00:00,-64,11,0,0,0,0,0,0,0,0,0,-97,0,1,0,286473320,0,14,0,0,0,104,0,"[0, 0, -128, -128, -128, -128, -128, -128, -128, -128, -128, -128, -128, -128, -128, -110, -128, -87, -128, -76, -128, -70, -128, -84, -128, -102, -128, -104, -128, -124, -128, -128, -128, -128, -128, -128, -85, -125, -55, -102, -19, -71, -5, -41, -2, 0, 0, 33, -8, 70, -29, 89, 99, -62, 101, -65, 104, -70, 105, -71, 110, -83, 110, -86, 108, -88, 118, -99, 113, -107, 127, -111, 127, -114, 123, -116, 127, -102, 127, -104, 122, -101, 95, -104, 81, -90, 62, -86, 36, -73, -3, -71, -44, -83, -80, -96, -128, -125, -128, -128, -128, -128, -128, -128]",esp32_1
CSI_DATA,157506,2025-08-27 15:42:50.010,0,lie_down,00:00:00:00:00:00,-42,11,0,0,0,0,0,0,0,0,0,-97,0,1,0,1440828599,0,14,0,0,0,104,0,"[0, 0, 127, -8, 127, -35, 127, -56, 127, -69, 127, -75, 127, -75, 127, -69, 127, -57, 127, -43, 127, -28, 127, -11, 127, 3, 127, 10, 75, 8, 24, -4, -24, -26, -61, -56, -83, -93, -94, -128, -91, -128, -77, -128, -56, -128, -31, -128, -6, -128, 11, -128, -128, 127, -128, 127, -128, 121, -128, 99, -128, 76, -128, 54, -128, 37, -110, 28, -70, 26, -28, 31, 15, 43, 54, 59, 89, 78, 120, 101, 127, 124, 127, 127, 127, 127, 127, 127, 127, 127, 127, 127, 127, 127, 127, 127, 127, 127, 127, 124, 127, 101, 127, 85]",esp32_2
CSI_DATA,157507,2025-08-27 15:42:50.036,0,lie_down,00:00:00:00:00:00,-42,11,0,0,0,0,0,0,0,0,0,-97,0,1,0,1440863341,0,14,0,0,0,104,0,"[0, 0, -128, 127, -128, 127, -128, 127, -128, 127, -128, 127, -128, 127, -128, 127, -128, 127, -128, 127, -128, 127, -128, 112, -128, 79, -122, 50, -74, 29, -23, 16, 28, 14, 75, 24, 112, 45, 127, 74, 127, 101, 127, 124, 127, 127, 114, 127, 88, 127, 67, 127, 87, -128, 105, -128, 122, -128, 127, -128, 127, -128, 127, -128, 112, -100, 84, -74, 49, -55, 8, -41, -36, -34, -78, -30, -117, -31, -128, -38, -128, -48, -128, -57, -128, -67, -128, -72, -128, -72, -128, -68, -128, -59, -128, -43, -128, -20, -128, 9, -128, 34, -128, 49]",esp32_2
CSI_DATA,153857,2025-08-27 15:42:50.042,0,lie_down,00:00:00:00:00:00,-64,11,0,0,0,0,0,0,0,0,0,-97,0,1,0,286511015,0,14,0,0,0,104,0,"[0, 0, -128, 127, -128, 127, -126, 127, -122, 127, -92, 127, -66, 127, -47, 127, -30, 127, -17, 127, -10, 127, -6, 127, -16, 127, -23, 127, -45, 127, -61, 127, -64, 127, -79, 123, -77, 91, -69, 60, -48, 34, -26, 9, 5, -5, 28, -14, 54, -10, 74, -3, -56, -63, -64, -73, -66, -70, -73, -70, -73, -69, -84, -78, -86, -69, -94, -80, -96, -78, -103, -76, -104, -83, -106, -81, -107, -76, -105, -73, -103, -71, -89, -64, -79, -59, -72, -40, -66, -11, -57, 21, -50, 53, -56, 88, -66, 107, -83, 127, -104, 127, -120, 127]",esp32_1
CSI_DATA,157508,2025-08-27 15:42:50.061,0,lie_down,00:00:00:00:00:00,-41,11,0,0,0,0,0,0,0,0,0,-97,0,1,0,1440900348,0,14,0,0,0,104,0,"[0, 0, -128, -128, -128, -128, -128, -128, -128, -128, -128, -128, -128, -128, -128, -128, -128, -128, -128, -128, -128, -128, -118, -128, -87, -128, -60, -111, -36, -67, -20, -20, -14, 28, -19, 71, -37, 105, -60, 127, -84, 127, -109, 127, -128, 127, -128, 113, -128, 89, -128, 69, 127, 59, 127, 75, 127, 92, 127, 103, 127, 109, 127, 105, 108, 93, 82, 72, 60, 41, 41, 2, 29, -38, 23, -76, 21, -113, 23, -128, 27, -128, 31, -128, 38, -128, 42, -128, 41, -128, 37, -128, 28, -128, 14, -128, -5, -128, -28, -128, -51, -128, -67, -128]",esp32_2
CSI_DATA,153858,2025-08-27 15:42:50.068,0,lie_down,00:00:00:00:00:00,-63,11,0,0,0,0,0,0,0,0,0,-97,0,1,0,286546016,0,14,0,0,0,104,0,"[0, 0, 81, 127, 72, 127, 72, 127, 68, 127, 71, 127, 86, 127, 103, 120, 126, 108, 127, 99, 127, 96, 127, 115, 127, 127, 127, 127, 127, 127, 127, 127, 108, 127, 74, 127, 39, 121, 21, 96, 5, 61, -3, 31, -4, 1, 7, -27, 20, -56, 41, -68, -97, 32, -99, 30, -101, 31, -105, 33, -109, 40, -110, 47, -111, 50, -116, 55, -115, 56, -128, 66, -125, 72, -124, 73, -128, 65, -128, 66, -121, 56, -108, 61, -90, 52, -68, 54, -48, 51, -16, 58, 17, 76, 45, 99, 84, 120, 96, 127, 109, 127, 117, 127]",esp32_1
CSI_DATA,157509,2025-08-27 15:42:50.084,0,lie_down,00:00:00:00:00:00,-41,11,0,0,0,0,0,0,0,0,0,-97,0,1,0,1440926001,0,14,0,0,0,104,0,"[0, 0, -128, 127, -128, 127, -128, 127, -128, 127, -128, 127, -128, 127, -128, 127, -128, 127, -128, 127, -128, 127, -128, 127, -128, 121, -107, 83, -65, 49, -17, 21, 34, 3, 82, -1, 124, 8, 127, 25, 127, 48, 127, 73, 127, 97, 127, 114, 127, 123, 113, 125, 71, -128, 86, -128, 101, -128, 111, -128, 117, -128, 113, -128, 97, -112, 73, -86, 43, -62, 5, -43, -37, -30, -78, -21, -117, -18, -128, -17, -128, -18, -128, -21, -128, -24, -128, -25, -128, -21, -128, -12, -128, -1, -128, 13, -128, 32, -128, 56, -128, 79, -128, 96]",esp32_2
CSI_DATA,157510,2025-08-27 15:42:50.107,0,lie_down,00:00:00:00:00:00,-41,11,0,0,0,0,0,0,0,0,0,-97,0,1,0,1440951308,0,14,0,0,0,104,0,"[0, 0, 86, -128, 66, -128, 50, -128, 41, -128, 35, -128, 34, -128, 38, -128, 44, -128, 52, -128, 57, -128, 61, -128, 60, -128, 50, -113, 32, -69, 6, -27, -28, 9, -65, 32, -103, 41, -128, 39, -128, 28, -128, 10, -128, -12, -128, -33, -128, -51, -128, -62, 95, 127, 80, 127, 57, 127, 36, 127, 18, 127, 4, 127, -4, 127, -3, 108, 7, 72, 24, 34, 48, -2, 74, -31, 101, -55, 127, -75, 127, -92, 127, -104, 127, -113, 127, -122, 127, -128, 127, -128, 127, -128, 127, -128, 127, -128, 127, -128, 127, -128, 127, -128]",esp32_2
CSI_DATA,157511,2025-08-27 15:42:50.131,0,lie_down,00:00:00:00:00:00,-42,11,0,0,0,0,0,0,0,0,0,-97,0,1,0,1441022846,0,14,0,0,0,104,0,"[0, 0, 43, -128, 18, -128, -3, -128, -13, -128, -15, -128, -14, -128, -10, -128, -3, -128, 7, -128, 17, -128, 27, -128, 35, -128, 34, -128, 25, -80, 7, -30, -22, 16, -56, 50, -95, 67, -128, 72, -128, 67, -128, 52, -128, 31, -128, 8, -128, -13, -128, -29, 127, 127, 114, 127, 89, 127, 64, 127, 42, 127, 23, 127, 10, 127, 7, 117, 14, 75, 28, 32, 49, -9, 74, -45, 101, -75, 127, -101, 127, -123, 127, -128, 127, -128, 127, -128, 127, -128, 127, -128, 127, -128, 127, -128, 127, -128, 127, -128, 127, -128, 123, -128]",esp32_2
CSI_DATA,153860,2025-08-27 15:42:50.151,0,lie_down,00:00:00:00:00:00,-64,11,0,0,0,0,0,0,0,0,0,-97,0,1,0,286621784,0,14,0,0,0,104,0,"[0, 0, -128, 127, -128, 127, -128, 127, -117, 127, -94, 127, -68, 127, -44, 127, -26, 127, -10, 127, 1, 127, 3, 127, -3, 127, -10, 127, -36, 127, -52, 127, -54, 127, -75, 127, -74, 103, -67, 69, -50, 35, -23, 12, 3, -4, 28, -13, 53, -15, 73, -7, -73, -61, -74, -67, -78, -68, -83, -70, -89, -72, -95, -74, -97, -70, -102, -75, -108, -73, -119, -68, -117, -75, -118, -74, -120, -67, -122, -68, -115, -66, -99, -58, -87, -49, -75, -30, -65, -3, -55, 29, -52, 62, -49, 100, -57, 127, -76, 127, -91, 127, -111, 127]",esp32_1
CSI_DATA,157512,2025-08-27 15:42:50.151,0,lie_down,00:00:00:00:00:00,-42,11,0,0,0,0,0,0,0,0,0,-97,0,1,0,1441047771,0,14,0,0,0,104,0,"[0, 0, -87, 127, -66, 127, -46, 127, -35, 127, -32, 127, -34, 127, -38, 127, -44, 127, -49, 127, -56, 127, -63, 127, -64, 127, -55, 115, -36, 68, -10, 24, 24, -12, 63, -39, 102, -51, 127, -51, 127, -39, 127, -20, 127, 2, 127, 24, 127, 41, 127, 52, -91, -128, -75, -128, -52, -128, -29, -128, -11, -128, 1, -128, 7, -128, 6, -112, -5, -74, -25, -37, -51, -3, -78, 26, -107, 50, -128, 69, -128, 85, -128, 96, -128, 105, -128, 115, -128, 123, -128, 127, -128, 127, -128, 127, -128, 127, -128, 127, -128, 127, -128, 127]",esp32_2
CSI_DATA,157513,2025-08-27 15:42:50.168,0,lie_down,00:00:00:00:00:00,-41,11,0,0,0,0,0,0,0,0,0,-97,0,1,0,1441074321,0,14,0,0,0,104,0,"[0, 0, 127, -128, 127, -128, 127, -128, 127, -128, 127, -128, 127, -128, 127, -128, 127, -128, 127, -128, 127, -128, 127, -128, 123, -118, 97, -81, 62, -48, 21, -21, -25, -4, -68, 2, -106, -7, -128, -25, -128, -47, -128, -70, -128, -89, -128, -104, -116, -112, -96, -114, 13, 127, -6, 127, -27, 127, -44, 127, -57, 127, -63, 127, -59, 127, -46, 100, -22, 72, 9, 45, 46, 23, 81, 6, 116, -6, 127, -13, 127, -17, 127, -19, 127, -20, 127, -22, 127, -25, 127, -31, 127, -41, 127, -56, 127, -76, 127, -100, 127, -121, 127, -128]",esp32_2
CSI_DATA,153861,2025-08-27 15:42:50.179,0,lie_down,00:00:00:00:00:00,-64,11,0,0,0,0,0,0,0,0,0,-97,0,1,0,286654519,0,14,0,0,0,104,0,"[0, 0, 127, 127, 127, 127, 127, 127, 126, 127, 122, 127, 126, 106, 127, 84, 127, 63, 127, 47, 127, 38, 127, 47, 127, 57, 127, 70, 127, 86, 127, 94, 127, 104, 119, 103, 79, 94, 54, 78, 23, 50, 4, 25, -2, -3, -4, -33, 2, -64, 17, -78, -80, 60, -87, 58, -84, 61, -88, 65, -91, 69, -90, 78, -89, 80, -92, 90, -92, 96, -94, 98, -93, 107, -96, 113, -98, 102, -102, 98, -93, 94, -78, 91, -67, 78, -44, 70, -21, 60, 6, 59, 44, 58, 82, 72, 122, 91, 127, 108, 127, 127, 127, 127]",esp32_1
CSI_DATA,157514,2025-08-27 15:42:50.195,0,lie_down,00:00:00:00:00:00,-42,11,0,0,0,0,0,0,0,0,0,-97,0,1,0,1441108145,0,14,0,0,0,104,0,"[0, 0, 89, -128, 68, -128, 53, -128, 46, -128, 42, -128, 41, -128, 46, -128, 53, -128, 59, -128, 65, -128, 69, -128, 68, -128, 59, -123, 42, -74, 14, -28, -23, 11, -64, 36, -105, 46, -128, 45, -128, 33, -128, 13, -128, -10, -128, -32, -128, -50, -128, -62, 100, 127, 81, 127, 55, 127, 33, 127, 14, 127, 0, 127, -8, 127, -5, 118, 6, 78, 25, 38, 50, 2, 80, -29, 111, -54, 127, -75, 127, -91, 127, -102, 127, -111, 127, -120, 127, -128, 127, -128, 127, -128, 127, -128, 127, -128, 127, -128, 127, -128, 127, -128]",esp32_2
CSI_DATA,153862,2025-08-27 15:42:50.212,0,lie_down,00:00:00:00:00:00,-64,11,0,0,0,0,0,0,0,0,0,-97,0,1,0,286679223,0,14,0,0,0,104,0,"[0, 0, 127, -128, 127, -128, 127, -122, 127, -119, 124, -116, 97, -122, 76, -128, 58, -128, 46, -128, 39, -128, 36, -128, 45, -128, 54, -128, 77, -128, 88, -128, 90, -128, 105, -118, 94, -82, 80, -51, 54, -26, 23, -7, -3, 5, -32, 9, -56, 9, -76, -4, 38, 82, 40, 85, 43, 86, 48, 88, 51, 94, 57, 97, 56, 96, 70, 103, 73, 104, 83, 102, 82, 107, 83, 109, 86, 103, 89, 105, 81, 99, 69, 89, 59, 76, 49, 54, 51, 21, 55, -10, 54, -44, 69, -81, 86, -105, 113, -128, 127, -128, 127, -128]",esp32_1
CSI_DATA,157515,2025-08-27 15:42:50.212,0,lie_down,00:00:00:00:00:00,-42,11,0,0,0,0,0,0,0,0,0,-97,0,1,0,1441134340,0,14,0,0,0,104,0,"[0, 0, -128, 127, -107, 127, -86, 127, -76, 127, -73, 127, -71, 127, -74, 127, -81, 127, -85, 127, -87, 127, -88, 127, -85, 127, -72, 118, -49, 71, -19, 28, 20, -8, 63, -31, 105, -38, 127, -33, 127, -18, 127, 1, 127, 22, 127, 43, 127, 61, 127, 71, -69, -128, -50, -128, -26, -128, -6, -128, 10, -128, 22, -128, 24, -128, 16, -114, 0, -77, -23, -42, -53, -10, -85, 19, -120, 41, -128, 56, -128, 68, -128, 77, -128, 84, -128, 92, -128, 99, -128, 108, -128, 120, -128, 127, -128, 127, -128, 127, -128, 127, -128, 127]",esp32_2
CSI_DATA,153863,2025-08-27 15:42:50.242,0,lie_down,00:00:00:00:00:00,-64,11,0,0,0,0,0,0,0,0,0,-97,0,1,0,286705025,0,14,0,0,0,104,0,"[0, 0, -128, 110, -128, 99, -128, 86, -128, 87, -128, 86, -118, 96, -97, 104, -82, 125, -73, 127, -68, 127, -65, 127, -77, 127, -84, 127, -110, 127, -115, 127, -114, 125, -116, 97, -103, 61, -82, 39, -60, 15, -22, 0, 7, -1, 33, -3, 55, 1, 74, 19, -20, -87, -20, -93, -23, -96, -26, -99, -29, -101, -34, -108, -36, -106, -47, -114, -47, -116, -59, -112, -62, -122, -62, -123, -66, -113, -64, -112, -59, -108, -52, -104, -49, -87, -45, -65, -49, -35, -56, -1, -64, 28, -80, 64, -109, 83, -128, 115, -128, 127, -128, 120]",esp32_1
CSI_DATA,157516,2025-08-27 15:42:50.242,0,lie_down,00:00:00:00:00:00,-42,11,0,0,0,0,0,0,0,0,0,-97,0,1,0,1441158084,0,14,0,0,0,104,0,"[0, 0, 91, 127, 110, 127, 127, 127, 127, 127, 127, 127, 127, 127, 127, 127, 127, 127, 116, 127, 94, 127, 71, 127, 49, 127, 30, 107, 15, 68, 8, 27, 9, -15, 18, -51, 36, -79, 59, -97, 81, -105, 101, -102, 116, -91, 123, -73, 122, -54, 117, -38, -128, -68, -128, -82, -128, -97, -128, -106, -128, -109, -110, -103, -87, -88, -66, -66, -50, -38, -39, -6, -34, 29, -34, 62, -37, 92, -44, 121, -51, 127, -59, 127, -66, 127, -69, 127, -69, 127, -64, 127, -55, 127, -43, 127, -27, 127, -9, 127, 10, 127, 25, 127]",esp32_2
CSI_DATA,157517,2025-08-27 15:42:50.264,0,lie_down,00:00:00:00:00:00,-42,11,0,0,0,0,0,0,0,0,0,-97,0,1,0,1441183208,0,14,0,0,0,104,0,"[0, 0, -128, 127, -128, 127, -128, 127, -128, 127, -128, 127, -128, 127, -128, 127, -128, 127, -128, 127, -128, 127, -128, 127, -128, 126, -113, 87, -75, 51, -30, 23, 19, 5, 66, -1, 107, 7, 127, 25, 127, 47, 127, 70, 127, 91, 127, 106, 122, 115, 101, 118, -8, -128, 11, -128, 35, -128, 53, -128, 64, -128, 69, -128, 63, -128, 47, -107, 21, -75, -14, -47, -53, -24, -92, -8, -128, 2, -128, 7, -128, 9, -128, 8, -128, 7, -128, 9, -128, 15, -128, 23, -128, 35, -128, 51, -128, 73, -128, 99, -128, 121, -128, 127]",esp32_2
CSI_DATA,153864,2025-08-27 15:42:50.274,0,lie_down,00:00:00:00:00:00,-64,11,0,0,0,0,0,0,0,0,0,-97,0,1,0,286740719,0,14,0,0,0,104,0,"[0, 0, -55, -128, -46, -128, -52, -128, -45, -128, -57, -128, -72, -128, -93, -128, -119, -128, -128, -128, -128, -126, -128, -128, -128, -128, -128, -128, -128, -128, -128, -128, -102, -128, -74, -128, -38, -128, -14, -104, 1, -65, 4, -35, -1, 6, -11, 34, -24, 65, -46, 79, 110, -4, 113, -4, 112, -1, 120, -5, 127, -9, 127, -13, 127, -18, 127, -24, 127, -30, 127, -37, 127, -40, 127, -49, 127, -35, 127, -36, 127, -31, 121, -36, 98, -32, 82, -41, 54, -45, 21, -58, -11, -83, -40, -111, -80, -128, -85, -128, -90, -128, -99, -128]",esp32_1
CSI_DATA,157518,2025-08-27 15:42:50.280,0,lie_down,00:00:00:00:00:00,-42,11,0,0,0,0,0,0,0,0,0,-97,0,1,0,1441218553,0,14,0,0,0,104,0,"[0, 0, -128, -41, -128, -18, -128, 2, -128, 15, -128, 21, -128, 21, -128, 15, -128, 6, -128, -6, -128, -17, -128, -29, -128, -38, -128, -38, -88, -30, -37, -12, 9, 16, 43, 50, 62, 88, 67, 125, 59, 127, 43, 127, 22, 127, 0, 127, -21, 127, -37, 127, 127, -128, 127, -128, 127, -115, 127, -92, 127, -68, 127, -46, 127, -32, 113, -27, 73, -29, 30, -40, -12, -57, -48, -78, -79, -103, -105, -128, -127, -128, -128, -128, -128, -128, -128, -128, -128, -128, -128, -128, -128, -128, -128, -128, -128, -128, -128, -128, -128, -128, -128, -120]",esp32_2
CSI_DATA,157519,2025-08-27 15:42:50.313,0,lie_down,00:00:00:00:00:00,-41,11,0,0,0,0,0,0,0,0,0,-97,0,1,0,1441261119,0,14,0,0,0,104,0,"[0, 0, -128, -75, -128, -54, -128, -39, -128, -31, -128, -26, -128, -27, -128, -32, -128, -39, -128, -48, -128, -55, -128, -61, -128, -62, -125, -54, -79, -39, -35, -14, 2, 19, 26, 55, 36, 93, 34, 127, 23, 127, 5, 127, -17, 127, -38, 127, -54, 127, -64, 127, 127, -128, 127, -128, 127, -113, 127, -90, 127, -67, 127, -45, 127, -31, 107, -27, 69, -30, 28, -42, -11, -61, -44, -82, -71, -107, -95, -128, -114, -128, -128, -128, -128, -128, -128, -128, -128, -128, -128, -128, -128, -128, -128, -128, -128, -128, -128, -128, -128, -128, -128, -128]",esp32_2
CSI_DATA,157520,2025-08-27 15:42:50.338,0,lie_down,00:00:00:00:00:00,-41,11,0,0,0,0,0,0,0,0,0,-97,0,1,0,1441302948,0,14,0,88,90,104,0,"[0, 0, -128, 18, -128, 36, -128, 49, -128, 58, -128, 64, -128, 63, -128, 56, -128, 47, -128, 35, -128, 21, -128, 7, -128, -5, -111, -11, -72, -11, -32, -3, 5, 13, 33, 36, 51, 62, 60, 89, 57, 111, 46, 127, 29, 127, 11, 127, -6, 127, -18, 117, 93, -128, 105, -128, 118, -128, 124, -128, 124, -113, 115, -91, 96, -70, 72, -54, 41, -44, 7, -42, -28, -46, -59, -53, -87, -63, -113, -76, -128, -89, -128, -101, -128, -112, -128, -119, -128, -121, -128, -117, -128, -109, -128, -100, -128, -89, -128, -75, -128, -59, -128, -47]",esp32_2
CSI_DATA,157521,2025-08-27 15:42:50.370,0,lie_down,00:00:00:00:00:00,-41,11,0,0,0,0,0,0,0,0,0,-97,0,1,0,1441331532,0,14,0,0,0,104,0,"[0, 0, -128, -128, -128, -128, -128, -128, -128, -128, -128, -128, -128, -128, -128, -128, -128, -128, -128, -128, -128, -128, -123, -128, -92, -128, -63, -124, -37, -82, -19, -36, -11, 14, -14, 59, -30, 95, -53, 122, -78, 127, -103, 127, -124, 124, -128, 106, -128, 83, -128, 64, 127, 15, 127, 33, 127, 53, 127, 67, 127, 77, 127, 79, 127, 69, 100, 49, 74, 21, 52, -15, 36, -54, 26, -91, 21, -127, 21, -128, 23, -128, 27, -128, 31, -128, 32, -128, 28, -128, 19, -128, 7, -128, -7, -128, -25, -128, -46, -128, -67, -128, -80, -128]",esp32_2
CSI_DATA,153866,2025-08-27 15:42:50.377,0,lie_down,00:00:00:00:00:00,-64,11,0,0,0,0,0,0,0,0,0,-97,0,1,0,286790539,0,14,0,0,0,104,0,"[0, 0, -128, -128, -128, -128, -128, -128, -128, -128, -127, -107, -127, -84, -128, -59, -128, -34, -128, -20, -128, -9, -128, -12, -128, -13, -128, -24, -128, -40, -128, -56, -128, -68, -126, -72, -94, -69, -66, -66, -31, -44, -8, -26, 5, 0, 17, 28, 19, 59, 5, 78, 80, -51, 83, -52, 79, -52, 82, -57, 87, -60, 86, -69, 81, -70, 87, -81, 86, -87, 91, -89, 88, -99, 86, -100, 93, -91, 93, -91, 87, -85, 68, -88, 57, -77, 39, -64, 19, -51, -11, -49, -46, -46, -81, -55, -126, -75, -128, -87, -128, -109, -128, -128]",esp32_1
CSI_DATA,157522,2025-08-27 15:42:50.401,0,lie_down,00:00:00:00:00:00,-41,11,0,0,0,0,0,0,0,0,0,-97,0,1,0,1441366754,0,14,0,0,0,104,0,"[0, 0, 127, -29, 127, -53, 127, -68, 127, -80, 127, -86, 127, -85, 127, -79, 127, -69, 127, -56, 127, -40, 127, -22, 127, -6, 127, 5, 89, 9, 41, 3, -5, -14, -41, -40, -64, -72, -74, -105, -74, -128, -63, -128, -46, -128, -25, -128, -3, -128, 13, -128, -117, 127, -128, 127, -128, 127, -128, 127, -128, 127, -128, 103, -117, 80, -88, 63, -53, 53, -13, 51, 29, 54, 66, 62, 100, 74, 127, 90, 127, 106, 127, 121, 127, 127, 127, 127, 127, 127, 127, 127, 127, 127, 127, 122, 127, 110, 127, 91, 127, 72, 127, 58]",esp32_2
CSI_DATA,153867,2025-08-27 15:42:50.409,0,lie_down,00:00:00:00:00:00,-68,11,0,0,0,0,0,0,0,0,0,-97,0,1,0,287446244,0,14,0,0,0,104,0,"[0, 0, -128, -128, -128, -128, -128, -128, -128, -128, -128, -128, -128, -116, -128, -100, -128, -87, -128, -75, -128, -66, -128, -68, -128, -83, -128, -85, -128, -95, -128, -106, -128, -103, -99, -84, -64, -69, -39, -28, -16, -3, -2, 33, -6, 78, -17, 124, -44, 127, -75, 127, 65, -88, 66, -95, 54, -89, 65, -92, 68, -92, 61, -94, 57, -93, 55, -97, 47, -95, 49, -92, 39, -107, 39, -111, 46, -102, 37, -99, 37, -94, 16, -104, 8, -89, -2, -74, -15, -63, -34, -55, -64, -56, -88, -60, -128, -66, -128, -75, -128, -85, -128, -117]",esp32_1
CSI_DATA,153868,2025-08-27 15:42:50.433,0,lie_down,00:00:00:00:00:00,-65,11,0,0,0,0,0,0,0,0,0,-97,0,1,0,287456199,0,14,0,0,0,104,0,"[0, 0, 127, -127, 127, -109, 127, -84, 127, -82, 127, -75, 127, -81, 127, -88, 127, -99, 127, -114, 125, -124, 125, -128, 127, -128, 127, -125, 127, -105, 127, -83, 118, -61, 104, -31, 74, -15, 40, -6, 6, -2, -29, -16, -56, -33, -70, -51, -81, -77, -76, -101, 64, 85, 61, 89, 65, 89, 66, 90, 68, 93, 71, 90, 72, 89, 74, 90, 83, 85, 86, 75, 93, 81, 101, 78, 102, 70, 103, 64, 100, 60, 100, 60, 94, 50, 97, 31, 89, 2, 93, -30, 95, -63, 115, -98, 127, -110, 127, -128, 127, -128, 127, -128]",esp32_1
CSI_DATA,153869,2025-08-27 15:42:50.460,0,lie_down,00:00:00:00:00:00,-64,11,0,0,0,0,0,0,0,0,0,-97,0,1,0,287466167,0,14,0,0,0,104,0,"[0, 0, 127, -128, 127, -128, 127, -128, 127, -128, 127, -128, 103, -128, 81, -128, 56, -128, 40, -128, 21, -128, 23, -128, 29, -128, 35, -128, 47, -128, 58, -128, 61, -118, 63, -85, 53, -49, 28, -28, -1, -9, -33, 0, -67, 0, -92, -3, -110, -18, -122, -36, 102, 30, 105, 31, 105, 37, 105, 32, 109, 32, 106, 29, 106, 26, 110, 21, 113, 16, 114, 1, 120, -4, 121, -9, 127, -14, 127, -18, 127, -21, 113, -19, 106, -23, 93, -38, 81, -58, 62, -80, 48, -112, 45, -128, 39, -128, 53, -128, 69, -128, 87, -128]",esp32_1
CSI_DATA,153870,2025-08-27 15:42:50.482,0,lie_down,00:00:00:00:00:00,-64,11,0,0,0,0,0,0,0,0,0,-97,0,1,0,287476146,0,14,0,0,0,104,0,"[0, 0, -28, -128, -6, -128, -6, -128, 10, -128, -1, -128, -10, -128, -22, -128, -44, -128, -61, -128, -73, -128, -79, -128, -81, -128, -75, -128, -60, -128, -40, -128, -24, -121, -1, -95, 2, -64, 3, -36, -5, -7, -21, 22, -43, 36, -65, 48, -92, 56, -113, 47, 99, -31, 98, -30, 96, -25, 94, -27, 92, -31, 92, -32, 86, -39, 84, -44, 79, -52, 87, -63, 82, -68, 78, -75, 90, -76, 87, -82, 84, -80, 70, -83, 59, -74, 43, -82, 25, -85, 1, -94, -28, -109, -47, -128, -77, -128, -80, -128, -81, -128, -83, -128]",esp32_1
CSI_DATA,157524,2025-08-27 15:42:50.482,0,lie_down,00:00:00:00:00:00,-41,11,0,0,0,0,0,0,0,0,0,-97,0,1,0,1441418694,0,14,0,0,0,104,0,"[0, 0, 127, -128, 127, -128, 127, -128, 127, -128, 127, -128, 127, -128, 127, -128, 127, -128, 127, -128, 127, -128, 127, -128, 127, -103, 123, -72, 83, -45, 37, -25, -9, -14, -51, -16, -88, -30, -116, -52, -128, -77, -128, -101, -124, -121, -103, -128, -79, -128, -59, -128, 35, 127, 16, 127, -6, 127, -25, 127, -39, 127, -45, 127, -42, 127, -28, 110, -5, 80, 26, 53, 63, 31, 101, 16, 127, 6, 127, 0, 127, -2, 127, -1, 127, 2, 127, 1, 127, -3, 127, -10, 127, -21, 127, -36, 127, -53, 127, -73, 127, -93, 127, -105]",esp32_2
CSI_DATA,153871,2025-08-27 15:42:50.514,0,lie_down,00:00:00:00:00:00,-64,11,0,0,0,0,0,0,0,0,0,-97,0,1,0,287486511,0,14,0,0,0,104,0,"[0, 0, 127, 21, 127, 38, 127, 55, 127, 50, 127, 44, 127, 26, 127, 8, 127, -14, 127, -32, 127, -48, 127, -59, 127, -59, 127, -55, 127, -39, 127, -21, 119, -9, 97, 6, 64, 12, 36, 8, 6, -7, -21, -24, -38, -49, -45, -72, -42, -101, -28, -121, -7, 104, -5, 102, -3, 101, -4, 95, 2, 95, 5, 94, 13, 90, 20, 89, 33, 89, 44, 85, 54, 97, 60, 99, 61, 96, 63, 93, 64, 94, 69, 92, 65, 80, 78, 65, 80, 36, 93, 13, 113, -13, 127, -31, 127, -35, 127, -50, 127, -48, 127, -25]",esp32_1
CSI_DATA,157525,2025-08-27 15:42:50.514,0,lie_down,00:00:00:00:00:00,-40,11,0,0,0,0,0,0,0,0,0,-97,0,1,0,1441442328,0,14,0,0,0,104,0,"[0, 0, -128, -128, -128, -128, -128, -128, -128, -128, -128, -128, -128, -128, -128, -128, -128, -128, -128, -128, -128, -128, -122, -128, -94, -122, -67, -97, -41, -67, -22, -31, -12, 8, -11, 44, -20, 74, -36, 97, -55, 110, -75, 112, -92, 106, -102, 92, -104, 74, -103, 57, 127, -38, 127, -23, 127, -4, 127, 12, 127, 23, 127, 29, 116, 27, 88, 17, 63, -2, 39, -27, 19, -56, 5, -85, -4, -113, -8, -128, -10, -128, -10, -128, -10, -128, -11, -128, -14, -128, -19, -128, -29, -128, -40, -128, -56, -128, -73, -128, -88, -128, -97, -128]",esp32_2
CSI_DATA,157526,2025-08-27 15:42:50.536,0,lie_down,00:00:00:00:00:00,-41,11,0,0,0,0,0,0,0,0,0,-97,0,1,0,1441488080,0,14,0,0,0,104,0,"[0, 0, 103, -128, 86, -128, 71, -128, 64, -128, 61, -128, 61, -128, 65, -128, 71, -128, 77, -128, 81, -128, 83, -128, 81, -128, 71, -117, 51, -74, 23, -36, -13, -5, -51, 14, -89, 17, -122, 10, -128, -5, -128, -25, -128, -46, -128, -64, -128, -78, -115, -85, 127, 127, 127, 127, 112, 127, 89, 127, 69, 127, 49, 127, 35, 127, 30, 104, 35, 67, 47, 27, 66, -10, 88, -40, 114, -65, 127, -86, 127, -102, 127, -114, 127, -121, 127, -128, 127, -128, 127, -128, 127, -128, 127, -128, 127, -128, 127, -128, 127, -128, 127, -128]",esp32_2
CSI_DATA,153872,2025-08-27 15:42:50.544,0,lie_down,00:00:00:00:00:00,-64,11,0,0,0,0,0,0,0,0,0,-97,0,1,0,287496182,0,14,0,0,0,104,0,"[0, 0, 127, -128, 127, -128, 127, -128, 127, -128, 118, -128, 87, -128, 65, -128, 32, -128, 17, -128, -5, -128, -15, -128, -17, -128, -16, -128, 2, -128, 13, -128, 24, -128, 30, -96, 29, -59, 16, -31, -5, -4, -36, 16, -68, 25, -92, 30, -120, 26, -128, 6, 106, 53, 98, 54, 95, 54, 94, 52, 94, 50, 91, 41, 90, 24, 97, 19, 100, 9, 110, -8, 111, -13, 114, -20, 124, -26, 127, -30, 126, -34, 112, -36, 99, -39, 90, -55, 71, -75, 52, -96, 33, -128, 28, -128, 17, -128, 31, -128, 48, -128, 65, -128]",esp32_1
CSI_DATA,157527,2025-08-27 15:42:50.576,0,lie_down,00:00:00:00:00:00,-41,11,0,0,0,0,0,0,0,0,0,-97,0,1,0,1441534454,0,14,0,0,0,104,0,"[0, 0, 3, -128, -17, -128, -35, -128, -44, -128, -48, -128, -48, -128, -43, -128, -33, -128, -19, -128, -4, -128, 10, -128, 20, -128, 24, -128, 20, -91, 8, -44, -15, -2, -45, 29, -79, 46, -111, 51, -128, 44, -128, 30, -128, 9, -128, -13, -128, -33, -128, -46, 127, 98, 127, 115, 127, 127, 127, 127, 127, 127, 115, 127, 91, 108, 74, 81, 63, 45, 58, 5, 61, -37, 68, -74, 80, -108, 98, -128, 116, -128, 127, -128, 127, -128, 127, -128, 127, -128, 127, -128, 127, -128, 127, -128, 121, -128, 103, -128, 84, -128, 69, -128]",esp32_2
CSI_DATA,153874,2025-08-27 15:42:50.624,0,lie_down,00:00:00:00:00:00,-65,11,0,0,0,0,0,0,0,0,0,-97,0,1,0,287516170,0,14,0,0,0,104,0,"[0, 0, -128, -65, -128, -82, -128, -94, -128, -90, -128, -75, -128, -59, -128, -39, -128, -15, -128, 4, -128, 21, -128, 37, -128, 39, -128, 44, -128, 31, -128, 21, -111, 7, -87, 1, -57, -4, -26, 0, 4, 15, 29, 32, 45, 62, 53, 86, 50, 114, 41, 127, 48, -107, 58, -110, 52, -96, 46, -98, 41, -91, 37, -93, 20, -84, 11, -88, -1, -90, -13, -89, -25, -100, -35, -106, -37, -100, -47, -109, -50, -98, -52, -97, -61, -86, -73, -70, -84, -47, -100, -22, -128, -2, -128, 19, -128, 12, -128, 22, -128, 20, -128, -12]",esp32_1
CSI_DATA,153875,2025-08-27 15:42:50.653,0,lie_down,00:00:00:00:00:00,-65,11,0,0,0,0,0,0,0,0,0,-97,0,1,0,287526472,0,14,0,0,0,104,0,"[0, 0, 127, -127, 127, -111, 127, -77, 127, -74, 127, -60, 127, -53, 127, -59, 127, -68, 108, -80, 90, -95, 78, -107, 75, -113, 74, -112, 82, -103, 85, -89, 69, -67, 63, -48, 41, -24, 13, -10, -17, 1, -50, 1, -79, -3, -99, -13, -120, -31, -128, -59, -11, 119, -15, 117, -12, 109, -15, 106, -11, 95, -5, 88, 2, 82, 13, 74, 28, 70, 39, 61, 59, 66, 64, 63, 78, 58, 83, 57, 86, 57, 81, 49, 83, 38, 85, 15, 88, -17, 91, -43, 101, -79, 125, -106, 127, -123, 127, -128, 127, -128, 127, -128]",esp32_1
CSI_DATA,157529,2025-08-27 15:42:50.657,0,lie_down,00:00:00:00:00:00,-40,11,0,0,0,0,0,0,0,0,0,-97,0,1,0,1441585268,0,14,0,0,0,104,0,"[0, 0, 43, -128, 25, -128, 9, -128, 0, -128, -3, -128, -3, -128, 2, -128, 10, -128, 18, -128, 27, -128, 36, -128, 42, -128, 40, -128, 30, -103, 10, -60, -19, -23, -52, 3, -87, 14, -121, 13, -128, 2, -128, -16, -128, -36, -128, -56, -128, -72, -123, -82, 127, 87, 127, 107, 127, 126, 127, 127, 127, 127, 127, 127, 105, 109, 85, 80, 73, 44, 68, 2, 72, -42, 81, -81, 95, -115, 116, -128, 127, -128, 127, -128, 127, -128, 127, -128, 127, -128, 127, -128, 127, -128, 127, -128, 127, -128, 127, -128, 116, -128, 103, -128]",esp32_2
CSI_DATA,153876,2025-08-27 15:42:50.675,0,lie_down,00:00:00:00:00:00,-66,11,0,0,0,0,0,0,0,0,0,-97,0,1,0,287536198,0,14,0,0,0,104,0,"[0, 0, 127, 127, 127, 127, 127, 127, 127, 127, 127, 127, 127, 127, 127, 127, 127, 127, 127, 101, 127, 69, 127, 61, 127, 50, 127, 47, 127, 50, 123, 52, 97, 54, 66, 44, 35, 28, 2, 4, -21, -26, -35, -58, -44, -88, -40, -118, -35, -128, -13, -128, -128, 0, -128, -9, -128, -13, -128, -11, -118, -6, -107, -3, -99, 4, -86, 20, -79, 33, -71, 52, -61, 73, -54, 85, -57, 89, -46, 99, -51, 102, -31, 104, -17, 100, 13, 94, 37, 93, 73, 88, 115, 99, 127, 110, 127, 127, 127, 127, 127, 127, 127, 127]",esp32_1
CSI_DATA,157530,2025-08-27 15:42:50.684,0,lie_down,00:00:00:00:00:00,-41,11,0,0,0,0,0,0,0,0,0,-97,0,1,0,1441621703,0,14,0,0,0,104,0,"[0, 0, -128, 127, -123, 127, -106, 127, -99, 127, -96, 127, -94, 127, -97, 127, -102, 127, -105, 127, -105, 127, -105, 127, -100, 127, -84, 120, -61, 83, -30, 52, 8, 29, 46, 17, 81, 19, 112, 32, 127, 50, 127, 70, 127, 89, 120, 104, 98, 114, 79, 117, -128, -128, -128, -128, -128, -128, -128, -128, -115, -128, -90, -128, -71, -125, -60, -94, -57, -58, -62, -18, -76, 21, -93, 54, -117, 83, -128, 108, -128, 126, -128, 127, -128, 127, -128, 127, -128, 127, -128, 127, -128, 127, -128, 127, -128, 127, -128, 127, -128, 127, -128, 127]",esp32_2
CSI_DATA,153877,2025-08-27 15:42:50.706,0,lie_down,00:00:00:00:00:00,-65,11,0,0,0,0,0,0,0,0,0,-97,0,1,0,287547011,0,14,0,0,0,104,0,"[0, 0, -128, -105, -128, -128, -128, -108, -128, -128, -128, -98, -128, -91, -128, -66, -128, -34, -128, -10, -128, 20, -128, 24, -128, 39, -128, 56, -128, 35, -127, 33, -87, 20, -76, 1, -35, -5, 0, -7, 36, -2, 78, 19, 93, 32, 116, 58, 127, 84, 127, 118, 127, -64, 127, -58, 127, -31, 127, -36, 117, -36, 119, -36, 91, -38, 79, -39, 61, -49, 36, -54, 30, -71, 9, -85, 13, -104, 0, -110, -9, -117, -25, -85, -43, -89, -62, -56, -87, -60, -112, -37, -128, -16, -128, -12, -128, 10, -128, -11, -128, -21, -128, -31]",esp32_1
CSI_DATA,157531,2025-08-27 15:42:50.707,0,lie_down,00:00:00:00:00:00,-41,11,0,0,0,0,0,0,0,0,0,-97,0,1,0,1441644761,0,14,0,0,0,104,0,"[0, 0, -128, -29, -128, -11, -128, 6, -128, 17, -128, 23, -128, 23, -128, 19, -128, 11, -128, 0, -128, -10, -128, -20, -128, -28, -128, -28, -109, -21, -67, -5, -30, 20, -4, 51, 8, 84, 7, 117, -3, 127, -19, 127, -38, 127, -58, 127, -77, 127, -88, 120, 39, -128, 58, -128, 79, -128, 93, -128, 102, -128, 100, -128, 85, -122, 63, -98, 31, -77, -9, -65, -51, -62, -90, -63, -127, -71, -128, -86, -128, -103, -128, -120, -128, -128, -128, -128, -128, -128, -128, -128, -128, -128, -128, -128, -128, -128, -128, -114, -128, -98, -128, -88]",esp32_2
CSI_DATA,153878,2025-08-27 15:42:50.729,0,lie_down,00:00:00:00:00:00,-65,11,0,0,0,0,0,0,0,0,0,-97,0,1,0,287557602,0,14,0,0,0,104,0,"[0, 0, 48, 127, 29, 127, 26, 127, 3, 127, 4, 127, 7, 127, 14, 127, 37, 127, 48, 127, 66, 127, 74, 127, 85, 122, 89, 118, 79, 100, 65, 93, 44, 75, 24, 56, 0, 27, -13, -4, -24, -40, -23, -81, -14, -113, -12, -128, 4, -128, 28, -128, -91, -128, -84, -128, -66, -128, -63, -128, -56, -124, -56, -112, -45, -93, -47, -81, -50, -54, -63, -39, -66, -12, -73, 3, -84, 13, -91, 23, -88, 33, -66, 40, -55, 51, -32, 71, -19, 90, 10, 116, 43, 127, 63, 127, 102, 127, 103, 127, 109, 127, 120, 127]",esp32_1
CSI_DATA,157532,2025-08-27 15:42:50.737,0,lie_down,00:00:00:00:00:00,-40,11,0,0,0,0,0,0,0,0,0,-97,0,1,0,1441675682,0,14,0,0,0,104,0,"[0, 0, 127, -21, 127, -42, 127, -56, 127, -67, 127, -73, 127, -74, 127, -71, 127, -65, 127, -53, 127, -40, 127, -26, 127, -11, 127, -3, 110, -1, 67, -8, 27, -25, -3, -50, -20, -80, -25, -111, -21, -128, -9, -128, 10, -128, 31, -128, 51, -128, 63, -128, 7, 127, -12, 127, -36, 127, -54, 127, -66, 127, -70, 127, -65, 127, -50, 103, -25, 78, 10, 59, 50, 46, 89, 39, 127, 38, 127, 44, 127, 54, 127, 66, 127, 80, 127, 89, 127, 94, 127, 97, 127, 95, 127, 90, 127, 82, 127, 69, 127, 56, 127, 47]",esp32_2
CSI_DATA,153879,2025-08-27 15:42:50.761,0,lie_down,00:00:00:00:00:00,-65,11,0,0,0,0,0,0,0,0,0,-97,0,1,0,287566166,0,14,0,0,0,104,0,"[0, 0, -128, 127, -128, 127, -128, 127, -128, 127, -128, 116, -128, 98, -128, 94, -128, 90, -115, 93, -94, 97, -75, 101, -62, 100, -51, 95, -49, 86, -41, 69, -33, 54, -29, 34, -21, 9, 1, -14, 14, -35, 39, -58, 63, -70, 83, -73, 107, -75, 127, -67, 105, -82, 106, -74, 108, -73, 104, -67, 99, -59, 87, -51, 72, -44, 61, -44, 43, -37, 27, -41, 7, -47, -7, -49, -20, -46, -32, -49, -37, -47, -44, -45, -48, -31, -58, -11, -64, 19, -78, 46, -95, 76, -117, 107, -128, 123, -128, 127, -128, 127, -128, 127]",esp32_1
CSI_DATA,157533,2025-08-27 15:42:50.770,0,lie_down,00:00:00:00:00:00,-40,11,0,0,0,0,0,0,0,0,0,-97,0,1,0,1441705641,0,14,0,0,0,104,0,"[0, 0, 127, -128, 126, -128, 110, -128, 100, -128, 92, -128, 88, -128, 88, -128, 90, -128, 92, -128, 94, -128, 92, -128, 85, -128, 73, -128, 52, -100, 24, -66, -10, -39, -46, -22, -82, -20, -112, -30, -128, -46, -128, -66, -128, -86, -128, -103, -115, -116, -96, -122, 127, 127, 127, 127, 127, 127, 108, 127, 85, 127, 62, 127, 44, 127, 33, 112, 31, 74, 39, 32, 54, -8, 75, -45, 101, -77, 127, -105, 127, -127, 127, -128, 127, -128, 127, -128, 127, -128, 127, -128, 127, -128, 127, -128, 127, -128, 127, -128, 127, -128, 127, -128]",esp32_2
CSI_DATA,153880,2025-08-27 15:42:50.797,0,lie_down,00:00:00:00:00:00,-66,11,0,0,0,0,0,0,0,0,0,-97,0,1,0,287576174,0,14,0,0,0,104,0,"[0, 0, -128, -128, -110, -128, -103, -128, -90, -128, -78, -128, -76, -128, -77, -128, -85, -128, -92, -128, -98, -128, -102, -128, -102, -104, -102, -93, -80, -84, -70, -71, -49, -59, -20, -49, 7, -29, 34, -5, 55, 18, 70, 47, 83, 78, 91, 103, 106, 127, 97, 127, 21, 127, 11, 127, -1, 127, -1, 127, -9, 127, -3, 127, -4, 112, -5, 102, 12, 78, 19, 58, 25, 39, 37, 23, 52, 10, 60, -2, 59, -12, 46, -27, 37, -34, 17, -54, 0, -76, -21, -98, -48, -128, -77, -128, -118, -128, -124, -128, -128, -128, -128, -128]",esp32_1
CSI_DATA,157534,2025-08-27 15:42:50.797,0,lie_down,00:00:00:00:00:00,-39,11,0,0,0,0,0,0,0,0,0,-97,0,1,0,1441742343,0,14,0,0,0,104,0,"[0, 0, -71, -128, -95, -128, -118, -128, -128, -128, -128, -128, -128, -128, -128, -128, -128, -128, -121, -128, -104, -128, -84, -128, -64, -128, -46, -128, -31, -90, -26, -40, -30, 10, -43, 52, -65, 82, -93, 102, -119, 110, -128, 107, -128, 96, -128, 78, -128, 55, -128, 36, 127, 121, 127, 127, 127, 127, 127, 127, 124, 127, 98, 127, 71, 127, 49, 101, 30, 63, 17, 16, 14, -32, 19, -79, 30, -124, 46, -128, 64, -128, 83, -128, 102, -128, 117, -128, 126, -128, 126, -128, 120, -128, 110, -128, 92, -128, 68, -128, 43, -128, 26, -128]",esp32_2
CSI_DATA,153881,2025-08-27 15:42:50.820,0,lie_down,00:00:00:00:00:00,-66,11,0,0,0,0,0,0,0,0,0,-97,0,1,0,287588006,0,14,0,0,0,104,0,"[0, 0, 127, -108, 127, -91, 127, -75, 127, -77, 127, -71, 127, -71, 127, -69, 127, -77, 127, -80, 127, -87, 127, -93, 127, -95, 103, -85, 97, -77, 83, -60, 66, -35, 56, -11, 31, 14, 11, 38, -11, 57, -38, 78, -66, 89, -89, 98, -119, 100, -128, 93, -128, -30, -128, -37, -128, -42, -128, -45, -128, -46, -128, -51, -116, -36, -105, -34, -83, -21, -67, -12, -53, 8, -37, 24, -22, 25, -15, 38, 1, 39, 10, 49, 23, 40, 45, 27, 62, -4, 88, -28, 123, -55, 127, -71, 127, -76, 127, -107, 127, -114, 127, -108]",esp32_1
CSI_DATA,157535,2025-08-27 15:42:50.831,0,lie_down,00:00:00:00:00:00,-40,11,0,0,0,0,0,0,0,0,0,-97,0,1,0,1441790146,0,14,0,0,0,104,0,"[0, 0, 127, -92, 127, -125, 127, -128, 127, -128, 127, -128, 127, -128, 127, -128, 127, -128, 127, -128, 127, -128, 127, -108, 127, -77, 107, -49, 64, -22, 16, -2, -33, 9, -78, 8, -116, -3, -128, -21, -128, -41, -128, -63, -128, -82, -128, -97, -128, -108, -116, -113, -128, 73, -128, 62, -128, 46, -128, 30, -128, 12, -128, -5, -128, -17, -98, -23, -59, -22, -16, -15, 28, -2, 69, 15, 106, 36, 127, 59, 127, 82, 127, 102, 127, 121, 127, 127, 127, 127, 127, 127, 127, 127, 127, 119, 127, 102, 127, 76, 127, 47, 127, 25]",esp32_2
CSI_DATA,157536,2025-08-27 15:42:50.862,0,lie_down,00:00:00:00:00:00,-41,11,0,0,0,0,0,0,0,0,0,-97,0,1,0,1441828949,0,14,0,0,0,104,0,"[0, 0, -128, -128, -128, -112, -128, -94, -128, -82, -128, -72, -128, -67, -128, -66, -128, -65, -128, -67, -128, -70, -128, -74, -128, -74, -101, -71, -55, -64, -10, -51, 32, -30, 67, -6, 93, 21, 109, 49, 115, 73, 113, 94, 104, 110, 89, 118, 71, 118, 55, 116, -14, 127, -21, 127, -30, 127, -40, 127, -47, 127, -52, 127, -54, 111, -52, 87, -45, 59, -34, 27, -20, -5, -5, -36, 11, -66, 28, -97, 43, -125, 56, -128, 67, -128, 74, -128, 76, -128, 73, -128, 65, -128, 53, -128, 36, -128, 15, -128, -9, -128, -26, -128]",esp32_2
CSI_DATA,157537,2025-08-27 15:42:50.883,0,lie_down,00:00:00:00:00:00,-42,11,0,0,0,0,0,0,0,0,0,-97,0,1,0,1441841566,0,14,0,0,0,104,0,"[0, 0, 124, 127, 127, 127, 127, 127, 127, 122, 127, 112, 127, 105, 127, 103, 127, 102, 127, 100, 127, 101, 127, 107, 127, 111, 127, 109, 81, 101, 24, 84, -30, 62, -76, 33, -112, -2, -128, -39, -128, -73, -128, -101, -128, -122, -120, -128, -97, -128, -77, -128, 70, -128, 80, -128, 89, -128, 96, -128, 102, -128, 103, -128, 99, -128, 91, -105, 75, -75, 53, -40, 28, -4, 2, 32, -24, 66, -50, 100, -75, 127, -98, 127, -116, 127, -128, 127, -128, 127, -128, 127, -126, 127, -112, 127, -92, 127, -64, 127, -31, 127, -5, 127]",esp32_2
CSI_DATA,153883,2025-08-27 15:42:50.910,0,lie_down,00:00:00:00:00:00,-66,11,0,0,0,0,0,0,0,0,0,-97,0,1,0,287606161,0,14,0,0,0,104,0,"[0, 0, 110, 127, 102, 127, 106, 127, 100, 127, 98, 127, 94, 127, 98, 127, 98, 127, 98, 127, 98, 127, 101, 126, 94, 112, 89, 100, 70, 95, 52, 80, 34, 62, 13, 55, -13, 44, -29, 21, -53, 3, -65, -23, -76, -44, -85, -65, -94, -79, -93, -98, 2, -128, 11, -128, 21, -128, 26, -128, 29, -128, 38, -128, 33, -114, 27, -107, 26, -86, 9, -71, 2, -52, -10, -41, -25, -28, -28, -17, -32, -6, -30, 1, -23, 16, -12, 31, -5, 43, 14, 65, 38, 84, 55, 119, 94, 127, 98, 127, 105, 127, 127, 127]",esp32_1
CSI_DATA,157538,2025-08-27 15:42:50.916,0,lie_down,00:00:00:00:00:00,-43,11,0,0,0,0,0,0,0,0,0,-97,0,1,0,1441866990,0,14,0,0,0,104,0,"[0, 0, 127, 127, 127, 84, 127, 40, 127, 5, 127, -20, 127, -42, 127, -56, 127, -63, 127, -66, 127, -59, 127, -39, 127, -12, 127, 18, 127, 50, 121, 76, 66, 97, 9, 110, -44, 111, -90, 105, -126, 90, -128, 70, -128, 48, -128, 26, -128, 3, -128, -15, 124, -128, 127, -128, 127, -128, 127, -128, 127, -128, 127, -128, 127, -128, 115, -109, 97, -84, 75, -54, 51, -23, 28, 9, 5, 42, -17, 77, -36, 112, -51, 127, -63, 127, -67, 127, -66, 127, -60, 127, -48, 127, -32, 127, -10, 127, 16, 127, 43, 127, 63, 127]",esp32_2
CSI_DATA,153884,2025-08-27 15:42:50.938,0,lie_down,00:00:00:00:00:00,-66,11,0,0,0,0,0,0,0,0,0,-97,0,1,0,287616147,0,14,0,0,0,104,0,"[0, 0, 127, 127, 127, 127, 127, 127, 127, 127, 127, 127, 127, 127, 127, 127, 127, 127, 127, 110, 127, 85, 127, 78, 127, 67, 127, 59, 127, 63, 106, 59, 80, 58, 51, 56, 12, 54, -22, 49, -51, 40, -71, 21, -100, 12, -115, -3, -128, -12, -128, -34, -41, -128, -31, -128, -22, -128, -21, -128, -16, -128, -6, -128, -2, -128, 4, -128, 1, -106, -11, -90, -12, -67, -18, -42, -23, -32, -27, -19, -31, -4, -26, 12, -10, 21, 4, 39, 19, 39, 39, 51, 72, 62, 114, 86, 127, 121, 127, 127, 127, 127, 127, 127]",esp32_1
CSI_DATA,157539,2025-08-27 15:42:50.947,0,lie_down,00:00:00:00:00:00,-44,11,0,0,0,0,0,0,0,0,0,-97,0,1,0,1441902891,0,14,0,0,0,104,0,"[0, 0, 127, 28, 127, -16, 127, -58, 127, -99, 127, -128, 127, -128, 127, -128, 127, -128, 127, -128, 127, -128, 127, -128, 127, -128, 127, -128, 127, -122, 127, -79, 127, -35, 127, 7, 114, 43, 89, 74, 61, 94, 34, 105, 9, 107, -13, 101, -32, 88, -44, 74, 75, -128, 78, -128, 78, -128, 77, -128, 76, -128, 71, -128, 63, -128, 55, -128, 44, -128, 31, -118, 18, -93, 9, -66, 3, -36, 0, -6, -2, 24, -1, 52, 4, 80, 16, 107, 31, 127, 46, 127, 62, 127, 82, 127, 102, 127, 120, 127, 127, 127, 127, 127]",esp32_2
CSI_DATA,153885,2025-08-27 15:42:50.969,0,lie_down,00:00:00:00:00:00,-66,11,0,0,0,0,0,0,0,0,0,-97,0,1,0,287626535,0,14,0,0,0,104,0,"[0, 0, 27, 127, 20, 127, 25, 127, 27, 127, 29, 127, 37, 127, 54, 127, 64, 127, 76, 127, 73, 127, 82, 127, 75, 127, 80, 127, 64, 127, 48, 124, 20, 104, -3, 83, -23, 58, -47, 34, -55, 4, -63, -33, -73, -60, -77, -81, -82, -102, -70, -119, 61, -128, 74, -128, 89, -128, 88, -128, 95, -128, 95, -128, 90, -116, 84, -107, 74, -86, 59, -78, 42, -60, 24, -53, 0, -33, -17, -30, -24, -21, -26, -11, -21, 1, -14, 18, -11, 45, -9, 73, 8, 103, 19, 127, 42, 127, 30, 127, 30, 127, 40, 127]",esp32_1
CSI_DATA,153886,2025-08-27 15:42:50.991,0,lie_down,00:00:00:00:00:00,-66,11,0,0,0,0,0,0,0,0,0,-97,0,1,0,287637413,0,14,0,0,0,104,0,"[0, 0, 127, -128, 127, -128, 127, -128, 127, -128, 127, -128, 127, -128, 127, -128, 127, -128, 121, -128, 105, -128, 98, -128, 90, -128, 82, -128, 79, -117, 78, -105, 68, -74, 63, -50, 60, -16, 42, 6, 26, 33, 7, 62, -11, 77, -27, 82, -46, 92, -63, 95, -125, 39, -128, 36, -128, 28, -128, 25, -128, 15, -128, 13, -128, 10, -119, 8, -100, 8, -83, 5, -66, 15, -48, 21, -31, 15, -20, 21, -10, 23, 0, 31, 12, 26, 22, 11, 39, -12, 56, -41, 71, -64, 91, -93, 108, -99, 127, -128, 127, -128, 127, -128]",esp32_1
CSI_DATA,157541,2025-08-27 15:42:51.039,0,lie_down,00:00:00:00:00:00,-41,11,0,0,0,0,0,0,0,0,0,-97,0,1,0,1442519728,0,14,0,0,0,104,0,"[0, 0, 127, -83, 127, -62, 127, -42, 92, -29, 28, -24, -36, -33, -95, -50, -128, -76, -128, -110, -128, -128, -128, -128, -128, -128, -128, -128, -128, -128, -128, -128, -128, -128, -124, -128, -102, -128, -90, -128, -85, -114, -89, -83, -100, -59, -110, -41, -119, -31, -126, -29, 4, 101, 10, 104, 21, 108, 37, 113, 57, 120, 79, 127, 100, 127, 118, 127, 127, 127, 127, 127, 127, 127, 127, 127, 127, 127, 118, 127, 112, 127, 108, 127, 105, 127, 104, 126, 109, 85, 117, 41, 127, -2, 127, -43, 127, -78, 127, -106, 127, -124, 127, -128]",esp32_2
CSI_DATA,153888,2025-08-27 15:42:51.076,0,lie_down,00:00:00:00:00:00,-65,11,0,0,0,0,0,0,0,0,0,-97,0,1,0,287664353,0,14,0,0,0,104,0,"[0, 0, 127, 127, 127, 127, 127, 127, 127, 127, 127, 117, 127, 96, 127, 82, 127, 60, 127, 40, 127, 22, 127, 12, 127, 6, 127, 7, 127, 14, 127, 21, 122, 27, 94, 36, 59, 42, 23, 39, -11, 34, -38, 29, -71, 16, -82, 1, -113, -14, -117, -34, -128, -69, -128, -89, -128, -90, -128, -93, -128, -103, -123, -102, -105, -98, -100, -97, -86, -82, -81, -67, -66, -40, -61, -24, -57, -13, -46, 5, -44, 11, -27, 30, -14, 33, 9, 36, 26, 22, 49, 29, 88, 29, 122, 32, 127, 46, 127, 52, 127, 71, 127, 93]",esp32_1
CSI_DATA,153889,2025-08-27 15:42:51.106,0,lie_down,00:00:00:00:00:00,-65,11,0,0,0,0,0,0,0,0,0,-97,0,1,0,287667977,0,14,0,0,0,104,0,"[0, 0, 127, 127, 127, 127, 127, 127, 127, 127, 127, 127, 127, 114, 127, 97, 127, 77, 127, 61, 127, 45, 127, 37, 127, 33, 127, 23, 127, 29, 127, 37, 105, 39, 77, 43, 46, 40, 16, 34, -19, 27, -34, 17, -57, -1, -69, -18, -89, -36, -91, -53, -125, -72, -122, -82, -117, -86, -112, -87, -109, -96, -96, -99, -86, -89, -81, -84, -70, -74, -65, -64, -55, -42, -50, -25, -50, -15, -45, -2, -38, 5, -24, 24, -10, 26, -2, 26, 16, 27, 41, 32, 71, 33, 110, 44, 127, 64, 127, 76, 127, 95, 127, 112]",esp32_1
CSI_DATA,153890,2025-08-27 15:42:51.136,0,lie_down,00:00:00:00:00:00,-64,11,0,0,0,0,0,0,0,0,0,-97,0,1,0,287686213,0,14,0,0,0,104,0,"[0, 0, 127, -128, 127, -128, 127, -128, 127, -128, 127, -128, 127, -125, 127, -124, 127, -126, 127, -128, 127, -128, 117, -128, 106, -124, 95, -119, 97, -113, 86, -98, 77, -79, 70, -57, 57, -31, 43, -11, 25, 4, 4, 29, -23, 40, -41, 42, -58, 46, -72, 41, -109, 70, -116, 63, -126, 62, -128, 59, -128, 52, -120, 46, -114, 45, -109, 40, -95, 36, -80, 33, -63, 40, -48, 44, -35, 36, -21, 36, -11, 38, -6, 43, 0, 35, 14, 20, 28, -3, 44, -25, 61, -53, 83, -74, 110, -91, 127, -121, 127, -128, 127, -128]",esp32_1
CSI_DATA,157543,2025-08-27 15:42:51.136,0,lie_down,00:00:00:00:00:00,-45,11,0,0,0,0,0,0,0,0,0,-97,0,1,0,1442560426,0,14,0,0,0,104,0,"[0, 0, 123, -88, 20, -34, -94, 31, -128, 91, -128, 127, -128, 127, -128, 127, -128, 127, -128, 127, -128, 127, -128, 127, -128, 127, -128, 127, -128, 95, -128, 50, -128, 11, -128, -15, -128, -32, -105, -39, -11, -35, 71, -20, 127, 0, 127, 25, 127, 57, 127, 85, -128, -49, -128, -35, -128, -15, -128, 5, -128, 30, -128, 59, -128, 84, -128, 103, -128, 120, -128, 127, -128, 127, -128, 127, -128, 127, -128, 111, -60, 83, 12, 53, 90, 25, 127, -10, 127, -54, 127, -95, 127, -128, 127, -128, 127, -128, 127, -128, 127, -128, 127, -128]",esp32_2
CSI_DATA,153891,2025-08-27 15:42:51.169,0,lie_down,00:00:00:00:00:00,-64,11,0,0,0,0,0,0,0,0,0,-97,0,1,0,287696876,0,14,0,0,0,104,0,"[0, 0, 127, 127, 127, 127, 127, 127, 127, 127, 118, 127, 119, 127, 126, 127, 127, 127, 127, 127, 127, 127, 127, 127, 127, 127, 127, 127, 127, 127, 112, 114, 93, 107, 62, 96, 34, 81, 12, 64, -11, 37, -31, 10, -42, -17, -51, -38, -64, -58, -56, -80, -56, -128, -51, -128, -40, -128, -39, -128, -34, -128, -28, -128, -19, -128, -14, -128, -19, -120, -30, -102, -35, -85, -35, -74, -50, -59, -50, -48, -48, -37, -39, -25, -27, -18, -11, 0, -1, 20, 18, 43, 43, 69, 64, 97, 112, 127, 122, 127, 127, 127, 127, 127]",esp32_1
CSI_DATA,157544,2025-08-27 15:42:51.169,0,lie_down,00:00:00:00:00:00,-43,11,0,0,0,0,0,0,0,0,0,-97,0,1,0,1442560692,0,14,0,0,0,104,0,"[0, 0, -30, -54, -12, -8, 7, 40, 26, 89, 40, 127, 49, 127, 56, 127, 60, 127, 61, 127, 59, 127, 51, 127, 39, 127, 26, 127, 11, 127, -3, 127, -14, 127, -21, 127, -23, 84, -21, 42, -15, 5, -5, -27, 7, -53, 20, -71, 35, -82, 47, -86, -34, 127, -30, 127, -23, 127, -15, 127, -5, 127, 6, 127, 17, 127, 27, 127, 35, 127, 43, 127, 47, 127, 45, 107, 41, 83, 37, 56, 31, 26, 23, -6, 14, -37, 2, -68, -12, -97, -27, -121, -41, -128, -54, -128, -67, -128, -76, -128, -80, -128, -79, -128]",esp32_2
CSI_DATA,157545,2025-08-27 15:42:51.197,0,lie_down,00:00:00:00:00:00,-44,11,0,0,0,0,0,0,0,0,0,-97,0,1,0,1442560958,0,14,0,0,0,104,0,"[0, 0, -69, 17, -12, 10, 48, 4, 107, 1, 127, -1, 127, 1, 127, 5, 127, 11, 127, 17, 127, 25, 127, 36, 127, 47, 127, 59, 127, 70, 127, 74, 127, 72, 127, 67, 85, 56, 40, 40, 1, 19, -32, -6, -57, -30, -71, -52, -76, -71, -75, -84, 127, 58, 127, 55, 127, 49, 127, 41, 127, 33, 127, 23, 127, 13, 127, 3, 127, -8, 127, -18, 127, -24, 127, -28, 104, -31, 72, -31, 35, -31, -4, -29, -42, -26, -78, -20, -112, -12, -128, -3, -128, 7, -128, 19, -128, 30, -128, 39, -128, 45, -128, 45]",esp32_2
CSI_DATA,153892,2025-08-27 15:42:51.202,0,lie_down,00:00:00:00:00:00,-64,11,0,0,0,0,0,0,0,0,0,-97,0,1,0,287706156,0,14,0,0,0,104,0,"[0, 0, 33, 127, 27, 127, 36, 127, 32, 127, 38, 127, 41, 127, 54, 127, 67, 127, 81, 127, 89, 127, 97, 127, 97, 127, 100, 127, 87, 127, 72, 127, 55, 123, 31, 109, 14, 85, -4, 66, -20, 38, -33, 8, -37, -18, -42, -41, -42, -61, -34, -76, 13, -128, 20, -128, 29, -128, 30, -128, 32, -128, 38, -128, 34, -128, 38, -123, 29, -108, 13, -104, 9, -91, -2, -83, -18, -74, -22, -66, -25, -55, -21, -46, -13, -33, -4, -12, -1, 12, 4, 38, 21, 70, 30, 103, 55, 127, 48, 127, 54, 127, 53, 127]",esp32_1
CSI_DATA,153893,2025-08-27 15:42:51.225,0,lie_down,00:00:00:00:00:00,-64,11,0,0,0,0,0,0,0,0,0,-97,0,1,0,287716188,0,14,0,0,0,104,0,"[0, 0, 127, -126, 127, -113, 127, -114, 127, -118, 127, -110, 127, -118, 127, -119, 127, -126, 127, -128, 127, -128, 127, -128, 123, -128, 111, -128, 110, -126, 106, -106, 101, -83, 92, -63, 77, -38, 57, -18, 39, 3, 22, 23, -3, 38, -26, 43, -48, 47, -62, 43, -117, 42, -119, 36, -125, 34, -128, 31, -128, 27, -125, 26, -118, 32, -113, 29, -103, 31, -98, 28, -83, 39, -77, 42, -64, 32, -58, 36, -48, 33, -35, 37, -28, 26, -13, 14, 1, -13, 21, -31, 42, -51, 75, -73, 108, -82, 127, -103, 127, -116, 127, -114]",esp32_1
CSI_DATA,157546,2025-08-27 15:42:51.225,0,lie_down,00:00:00:00:00:00,-43,11,0,0,0,0,0,0,0,0,0,-97,0,1,0,1442572543,0,14,0,0,0,104,0,"[0, 0, -70, -3, -13, 25, 44, 55, 96, 88, 127, 120, 127, 127, 127, 127, 127, 127, 127, 127, 127, 127, 127, 127, 127, 127, 127, 127, 127, 127, 98, 127, 61, 127, 26, 112, -2, 66, -22, 21, -33, -21, -39, -59, -38, -90, -29, -113, -12, -127, 2, -128, 124, 115, 127, 114, 127, 111, 127, 106, 127, 99, 127, 89, 127, 77, 127, 66, 127, 54, 127, 38, 127, 22, 113, 8, 85, -7, 53, -22, 18, -37, -20, -52, -58, -65, -95, -76, -128, -84, -128, -88, -128, -90, -128, -88, -128, -85, -128, -78, -128, -69, -128, -60]",esp32_2
CSI_DATA,157547,2025-08-27 15:42:51.248,0,lie_down,00:00:00:00:00:00,-45,11,0,0,0,0,0,0,0,0,0,-97,0,1,0,1442580235,0,14,0,0,0,104,0,"[0, 0, 101, 23, 24, -53, -49, -128, -113, -128, -128, -128, -128, -128, -128, -128, -128, -128, -128, -128, -128, -128, -128, -128, -128, -128, -128, -128, -88, -128, -43, -128, -3, -128, 26, -128, 40, -68, 41, 13, 32, 85, 16, 127, -5, 127, -35, 127, -68, 127, -92, 127, -128, -128, -128, -128, -128, -128, -128, -128, -128, -128, -128, -128, -128, -128, -128, -128, -128, -128, -128, -108, -128, -76, -128, -43, -123, -9, -76, 29, -24, 69, 30, 108, 84, 127, 127, 127, 127, 127, 127, 127, 127, 127, 127, 127, 127, 127, 127, 127, 127, 127, 127, 127]",esp32_2
CSI_DATA,157548,2025-08-27 15:42:51.280,0,lie_down,00:00:00:00:00:00,-44,11,0,0,0,0,0,0,0,0,0,-97,0,1,0,1442591878,0,14,0,0,0,104,0,"[0, 0, 50, -112, -54, -67, -128, -33, -128, -14, -128, -4, -128, -4, -128, -13, -128, -27, -128, -47, -128, -72, -128, -101, -128, -123, -128, -128, -128, -128, -128, -128, -128, -109, -84, -75, -7, -26, 55, 33, 96, 94, 120, 127, 127, 127, 119, 127, 95, 127, 69, 127, -128, 127, -128, 127, -128, 127, -128, 127, -128, 127, -128, 127, -128, 127, -118, 127, -95, 127, -64, 127, -30, 127, 1, 127, 35, 126, 76, 77, 119, 22, 127, -33, 127, -84, 127, -128, 127, -128, 127, -128, 127, -128, 127, -128, 127, -128, 127, -128, 127, -128, 127, -128]",esp32_2
CSI_DATA,153895,2025-08-27 15:42:51.325,0,lie_down,00:00:00:00:00:00,-64,11,0,0,0,0,0,0,0,0,0,-97,0,1,0,287736139,0,14,0,0,0,104,0,"[0, 0, 21, -128, 29, -128, 23, -128, 17, -128, 9, -128, -6, -128, -21, -128, -41, -128, -47, -128, -59, -128, -70, -128, -69, -128, -71, -128, -56, -128, -42, -128, -27, -128, -8, -128, 9, -103, 21, -73, 21, -43, 24, -11, 24, 16, 14, 40, 10, 56, -5, 69, -3, 118, -7, 125, -13, 124, -13, 125, -17, 127, -18, 127, -17, 123, -17, 123, -6, 116, 0, 111, 1, 109, 5, 101, 16, 91, 23, 85, 21, 74, 15, 70, 9, 57, 0, 39, 2, 6, -3, -19, -13, -51, -13, -86, -25, -115, -6, -128, -8, -128, -4, -128]",esp32_1
CSI_DATA,157549,2025-08-27 15:42:51.325,0,lie_down,00:00:00:00:00:00,-42,11,0,0,0,0,0,0,0,0,0,-97,0,1,0,1442601079,0,14,0,0,0,104,0,"[0, 0, -79, 23, -21, 58, 34, 103, 79, 127, 111, 127, 127, 127, 127, 127, 127, 127, 127, 127, 127, 127, 111, 127, 83, 127, 55, 127, 29, 127, 10, 127, 0, 127, 0, 70, 13, 17, 35, -28, 61, -64, 90, -88, 117, -101, 127, -98, 127, -83, 127, -67, 127, -84, 127, -86, 127, -89, 127, -95, 127, -102, 127, -105, 127, -106, 127, -108, 121, -109, 101, -107, 76, -102, 47, -94, 13, -85, -24, -78, -66, -72, -109, -67, -128, -65, -128, -64, -128, -64, -128, -64, -128, -64, -128, -63, -128, -59, -128, -52, -128, -45, -128, -41]",esp32_2
CSI_DATA,157550,2025-08-27 15:42:51.354,0,lie_down,00:00:00:00:00:00,-44,11,0,0,0,0,0,0,0,0,0,-97,0,1,0,1442612229,0,14,0,0,0,104,0,"[0, 0, -44, -115, -79, -35, -127, 41, -128, 107, -128, 127, -128, 127, -128, 127, -128, 127, -128, 127, -128, 127, -128, 127, -128, 127, -128, 105, -128, 67, -128, 39, -128, 23, -128, 23, -72, 37, -12, 65, 34, 103, 64, 127, 78, 127, 76, 127, 57, 127, 34, 127, 127, 121, 127, 124, 127, 124, 127, 122, 127, 121, 127, 117, 127, 110, 127, 100, 127, 84, 127, 59, 127, 29, 127, -1, 127, -35, 109, -78, 90, -126, 73, -128, 59, -128, 48, -128, 37, -128, 32, -128, 28, -128, 22, -128, 17, -128, 11, -128, 8, -128, 7, -128]",esp32_2
CSI_DATA,153896,2025-08-27 15:42:51.356,0,lie_down,00:00:00:00:00:00,-64,11,0,0,0,0,0,0,0,0,0,-97,0,1,0,287746162,0,14,0,0,0,104,0,"[0, 0, -128, -128, -128, -128, -128, -128, -128, -128, -128, -128, -128, -128, -128, -128, -128, -110, -128, -100, -128, -86, -128, -82, -128, -86, -128, -81, -128, -95, -128, -96, -125, -93, -97, -95, -61, -86, -35, -72, -11, -51, 11, -31, 28, -7, 36, 15, 46, 40, 49, 54, 86, 79, 86, 89, 82, 91, 84, 96, 87, 98, 85, 102, 81, 94, 83, 95, 83, 89, 87, 83, 83, 69, 82, 58, 88, 59, 87, 50, 78, 44, 65, 30, 51, 25, 37, 19, 22, 15, -5, -7, -30, -23, -56, -45, -99, -68, -105, -102, -128, -128, -128, -128]",esp32_1
CSI_DATA,153897,2025-08-27 15:42:51.378,0,lie_down,00:00:00:00:00:00,-64,11,0,0,0,0,0,0,0,0,0,-97,0,1,0,287756190,0,14,0,0,0,104,0,"[0, 0, -128, 118, -128, 113, -128, 108, -128, 111, -128, 116, -128, 124, -128, 127, -128, 127, -122, 127, -113, 127, -117, 127, -117, 127, -113, 127, -122, 127, -121, 127, -119, 112, -112, 84, -98, 53, -80, 31, -54, 7, -29, -14, 1, -27, 25, -32, 48, -30, 66, -25, 78, -84, 84, -83, 90, -87, 92, -92, 101, -91, 101, -91, 95, -87, 96, -96, 90, -93, 85, -88, 72, -97, 70, -97, 56, -84, 51, -84, 45, -76, 40, -85, 31, -67, 23, -58, 9, -25, -7, 1, -26, 24, -53, 45, -81, 67, -112, 91, -128, 111, -128, 100]",esp32_1
CSI_DATA,157551,2025-08-27 15:42:51.378,0,lie_down,00:00:00:00:00:00,-42,11,0,0,0,0,0,0,0,0,0,-97,0,1,0,1442619737,0,14,0,0,0,104,0,"[0, 0, -78, 53, -16, 55, 45, 65, 104, 83, 127, 103, 127, 127, 127, 127, 127, 127, 127, 127, 127, 127, 127, 127, 127, 127, 127, 127, 127, 127, 116, 127, 83, 127, 61, 123, 50, 73, 51, 25, 61, -18, 80, -53, 102, -74, 125, -81, 127, -76, 127, -66, 8, -128, 10, -128, 11, -128, 10, -128, 9, -128, 6, -128, 1, -128, -5, -128, -12, -128, -22, -128, -34, -128, -47, -108, -64, -87, -85, -64, -109, -39, -128, -13, -128, 8, -128, 26, -128, 42, -128, 57, -128, 68, -128, 76, -128, 81, -128, 84, -128, 83, -128, 78]",esp32_2
CSI_DATA,157552,2025-08-27 15:42:51.406,0,lie_down,00:00:00:00:00:00,-43,11,0,0,0,0,0,0,0,0,0,-97,0,1,0,1442636761,0,14,0,0,0,104,0,"[0, 0, 38, 127, 31, 99, 19, -48, 2, -128, 3, -128, 26, -128, 54, -128, 90, -128, 125, -128, 127, -128, 127, -128, 127, -128, 127, -128, 127, -128, 127, -128, 127, -128, 127, -128, 127, -128, 85, -128, 1, -79, -78, -35, -128, -24, -128, -36, -128, -54, -128, -72, -128, -128, -128, -128, -128, -128, -128, -128, -128, -128, -128, -128, -128, -128, -128, -128, -128, -128, -128, -128, -128, -128, -128, -123, -128, -64, -128, 3, -128, 75, -128, 127, -128, 127, -107, 127, -68, 127, -32, 127, 4, 127, 28, 127, 46, 127, 76, 127, 97, 127, 101, 127]",esp32_2
CSI_DATA,153898,2025-08-27 15:42:51.426,0,lie_down,00:00:00:00:00:00,-64,11,0,0,0,0,0,0,0,0,0,-97,0,1,0,287768156,0,14,0,0,0,104,0,"[0, 0, 121, -128, 127, -128, 122, -128, 114, -128, 95, -128, 81, -128, 66, -128, 47, -128, 35, -128, 25, -128, 20, -128, 26, -128, 26, -128, 47, -128, 56, -128, 59, -128, 72, -127, 69, -90, 66, -63, 49, -29, 26, 1, 6, 20, -17, 32, -35, 41, -55, 40, 13, 111, 8, 123, 4, 126, 0, 127, -1, 127, -2, 127, -6, 127, -5, 127, -2, 127, 10, 122, 10, 127, 16, 122, 27, 110, 30, 103, 33, 98, 32, 94, 25, 83, 24, 68, 25, 36, 23, 12, 24, -17, 28, -54, 35, -80, 51, -125, 71, -128, 89, -128]",esp32_1
CSI_DATA,157553,2025-08-27 15:42:51.438,0,lie_down,00:00:00:00:00:00,-42,11,0,0,0,0,0,0,0,0,0,-97,0,1,0,1442647468,0,14,0,0,0,104,0,"[0, 0, -30, -106, 8, -63, 48, -15, 89, 34, 127, 81, 127, 127, 127, 127, 127, 127, 127, 127, 127, 127, 127, 127, 127, 127, 127, 127, 127, 127, 127, 127, 127, 127, 127, 127, 100, 127, 72, 111, 48, 63, 29, 16, 17, -28, 12, -67, 16, -99, 24, -118, 20, 127, 22, 127, 26, 127, 32, 127, 40, 127, 48, 127, 57, 127, 67, 127, 75, 127, 82, 127, 87, 127, 86, 107, 83, 79, 79, 48, 70, 14, 56, -23, 42, -59, 27, -95, 7, -125, -15, -128, -39, -128, -61, -128, -80, -128, -94, -128, -98, -128, -94, -128]",esp32_2
CSI_DATA,153899,2025-08-27 15:42:51.459,0,lie_down,00:00:00:00:00:00,-64,11,0,0,0,0,0,0,0,0,0,-97,0,1,0,287776144,0,14,0,0,0,104,0,"[0, 0, 13, -128, 20, -128, 19, -128, 10, -128, -2, -128, -16, -128, -40, -128, -57, -128, -75, -128, -92, -128, -101, -128, -101, -128, -97, -128, -59, -128, -38, -128, -14, -128, 14, -128, 34, -128, 37, -102, 41, -58, 28, -21, 12, 17, -7, 42, -19, 60, -46, 74, 92, 99, 100, 117, 91, 122, 99, 127, 95, 127, 97, 127, 88, 127, 96, 127, 92, 127, 104, 125, 99, 118, 101, 113, 112, 102, 115, 94, 112, 88, 97, 73, 88, 73, 70, 52, 72, 26, 54, 6, 29, -25, 17, -67, -8, -101, -11, -128, -9, -128, -11, -128]",esp32_1
CSI_DATA,157554,2025-08-27 15:42:51.459,0,lie_down,00:00:00:00:00:00,-42,11,0,0,0,0,0,0,0,0,0,-97,0,1,0,1442650055,0,14,0,0,0,104,0,"[0, 0, 28, 82, -3, 52, -36, 22, -73, -9, -111, -40, -128, -72, -128, -102, -128, -128, -128, -128, -128, -128, -128, -128, -128, -128, -128, -128, -128, -128, -128, -128, -128, -128, -128, -128, -104, -118, -76, -86, -50, -51, -29, -17, -14, 15, -6, 46, -5, 71, -6, 86, -29, -119, -31, -126, -35, -128, -40, -128, -46, -128, -53, -128, -61, -128, -68, -128, -73, -128, -77, -118, -78, -102, -76, -81, -72, -59, -67, -36, -59, -10, -48, 17, -34, 43, -19, 68, 1, 90, 22, 110, 41, 125, 60, 127, 75, 127, 87, 127, 93, 127, 95, 127]",esp32_2
CSI_DATA,153900,2025-08-27 15:42:51.484,0,lie_down,00:00:00:00:00:00,-64,11,0,0,0,0,0,0,0,0,0,-97,0,1,0,287786174,0,14,0,0,0,104,0,"[0, 0, -128, 127, -128, 127, -128, 127, -128, 127, -128, 127, -124, 127, -110, 127, -101, 127, -93, 127, -85, 127, -87, 127, -92, 127, -94, 127, -111, 127, -116, 127, -113, 121, -114, 93, -102, 61, -83, 34, -59, 10, -26, -10, 0, -22, 28, -21, 50, -19, 62, -11, 10, -107, 13, -113, 17, -123, 20, -125, 24, -128, 26, -128, 26, -128, 28, -128, 25, -128, 19, -128, 15, -128, 5, -128, 0, -114, -5, -115, -8, -113, -15, -111, -14, -95, -15, -88, -16, -56, -26, -29, -32, -7, -46, 29, -62, 49, -88, 81, -105, 105, -127, 107]",esp32_1
CSI_DATA,157555,2025-08-27 15:42:51.492,0,lie_down,00:00:00:00:00:00,-44,11,0,0,0,0,0,0,0,0,0,-97,0,1,0,1442669037,0,14,0,0,0,104,0,"[0, 0, 108, 123, 81, 127, 52, 127, 21, 127, -8, 127, -35, 127, -58, 127, -74, 127, -83, 127, -87, 127, -90, 127, -89, 127, -85, 127, -84, 127, -79, 127, -69, 127, -61, 127, -53, 127, -44, 127, -32, 127, -19, 127, -8, 78, 4, 19, 18, -32, 28, -68, 45, -128, 46, -128, 44, -128, 38, -128, 29, -128, 18, -128, 4, -128, -9, -128, -22, -128, -35, -128, -44, -128, -51, -128, -53, -128, -52, -127, -44, -98, -31, -68, -15, -41, 5, -17, 28, 5, 50, 23, 74, 35, 98, 43, 119, 49, 127, 53, 127, 57, 127, 63]",esp32_2
CSI_DATA,153901,2025-08-27 15:42:51.516,0,lie_down,00:00:00:00:00:00,-64,11,0,0,0,0,0,0,0,0,0,-97,0,1,0,287796169,0,14,0,0,0,104,0,"[0, 0, -38, 127, -41, 127, -33, 127, -23, 127, -15, 127, 3, 127, 18, 127, 33, 127, 44, 127, 55, 127, 57, 127, 54, 127, 51, 127, 28, 127, 7, 127, -7, 127, -28, 127, -40, 105, -43, 75, -39, 38, -24, 7, -7, -18, 10, -36, 24, -49, 43, -52, -64, -77, -72, -89, -71, -93, -74, -100, -75, -106, -76, -114, -77, -113, -74, -117, -77, -114, -82, -107, -79, -105, -81, -98, -85, -90, -92, -85, -88, -79, -79, -65, -74, -60, -62, -52, -60, -28, -46, -7, -35, 19, -25, 48, -11, 76, -19, 111, -20, 127, -17, 127]",esp32_1
CSI_DATA,157556,2025-08-27 15:42:51.524,0,lie_down,00:00:00:00:00:00,-42,11,0,0,0,0,0,0,0,0,0,-97,0,1,0,1442670054,0,14,0,0,0,104,0,"[0, 0, -47, 120, -75, 115, -107, 111, -128, 107, -128, 104, -128, 103, -128, 106, -128, 114, -128, 124, -128, 127, -128, 127, -128, 127, -128, 127, -128, 127, -128, 127, -128, 127, -128, 123, -128, 106, -128, 87, -128, 68, -103, 48, -59, 28, -16, 10, 25, -4, 53, -13, 127, -40, 127, -42, 127, -48, 127, -55, 127, -63, 127, -73, 127, -81, 127, -89, 127, -95, 127, -99, 127, -100, 110, -95, 92, -87, 73, -77, 56, -63, 40, -45, 27, -26, 17, -6, 10, 16, 6, 39, 7, 60, 9, 77, 11, 92, 14, 105, 13, 114, 10, 120]",esp32_2
CSI_DATA,157557,2025-08-27 15:42:51.550,0,lie_down,00:00:00:00:00:00,-42,11,0,0,0,0,0,0,0,0,0,-97,0,1,0,1442697425,0,14,0,0,0,104,0,"[0, 0, 127, -3, 127, -30, 127, -55, 127, -75, 127, -89, 127, -97, 127, -98, 127, -94, 127, -85, 127, -70, 127, -49, 127, -26, 127, -2, 127, 22, 127, 44, 127, 61, 127, 72, 127, 76, 127, 77, 127, 71, 127, 61, 127, 50, 100, 35, 59, 19, 30, 7, -128, 39, -128, 38, -128, 36, -128, 34, -128, 29, -128, 22, -128, 12, -128, -1, -128, -16, -126, -30, -127, -42, -128, -53, -128, -61, -128, -63, -128, -60, -128, -52, -128, -39, -128, -20, -128, 2, -128, 24, -128, 46, -103, 65, -67, 78, -23, 82, 23, 78, 58, 70]",esp32_2
CSI_DATA,153903,2025-08-27 15:42:51.748,0,lie_down,00:00:00:00:00:00,-64,11,0,0,0,0,0,0,0,0,0,-97,0,1,0,287816146,0,14,0,0,0,104,0,"[0, 0, 127, 75, 127, 71, 127, 66, 127, 58, 127, 44, 127, 27, 127, 16, 127, -1, 127, -9, 127, -14, 127, -5, 127, 1, 127, 14, 127, 23, 127, 38, 127, 59, 120, 62, 85, 62, 56, 55, 21, 40, -4, 24, -19, 0, -28, -23, -34, -45, -25, -62, -72, 60, -75, 64, -80, 70, -89, 77, -93, 81, -98, 84, -99, 87, -107, 86, -106, 89, -113, 85, -101, 91, -99, 91, -100, 77, -94, 79, -85, 77, -70, 83, -61, 77, -48, 69, -33, 54, -12, 50, 10, 42, 40, 40, 75, 41, 94, 46, 127, 49, 127, 60]",esp32_1
CSI_DATA,153904,2025-08-27 15:42:51.748,0,lie_down,00:00:00:00:00:00,-64,11,0,0,0,0,0,0,0,0,0,-97,0,1,0,287826177,0,14,0,0,0,104,0,"[0, 0, -42, -128, -41, -128, -47, -128, -53, -128, -60, -128, -74, -128, -89, -128, -101, -128, -111, -128, -117, -128, -123, -128, -115, -128, -111, -128, -81, -128, -62, -128, -39, -128, -8, -128, 10, -103, 22, -76, 26, -40, 17, -13, 8, 15, -7, 34, -22, 49, -39, 58, 88, 5, 97, 5, 101, 8, 114, 8, 120, 11, 127, 16, 127, 14, 127, 18, 127, 21, 127, 18, 127, 23, 127, 15, 127, 20, 127, 15, 124, 14, 103, 2, 92, 1, 80, -10, 68, -21, 47, -28, 31, -44, 10, -66, -13, -83, -16, -113, -28, -128, -41, -128]",esp32_1
CSI_DATA,157558,2025-08-27 15:42:51.748,0,lie_down,00:00:00:00:00:00,-42,11,0,0,0,0,0,0,0,0,0,-97,0,1,0,1442702475,0,14,0,0,0,104,0,"[0, 0, -18, -128, -47, -128, -72, -128, -94, -128, -110, -128, -117, -128, -118, -128, -113, -128, -100, -128, -82, -128, -61, -128, -36, -128, -9, -128, 20, -128, 46, -128, 66, -128, 81, -128, 92, -128, 97, -128, 92, -128, 82, -128, 69, -128, 51, -94, 32, -63, 17, -40, 127, 116, 127, 111, 127, 104, 127, 97, 116, 94, 99, 92, 80, 90, 60, 92, 41, 97, 22, 104, 6, 112, -4, 122, -8, 127, -9, 127, -5, 127, 4, 127, 18, 127, 36, 127, 56, 127, 75, 127, 91, 112, 103, 80, 109, 44, 106, 5, 96, -36, 85, -67]",esp32_2
CSI_DATA,153905,2025-08-27 15:42:51.757,0,lie_down,00:00:00:00:00:00,-64,11,0,0,0,0,0,0,0,0,0,-97,0,1,0,287836262,0,14,0,0,0,104,0,"[0, 0, -99, 127, -94, 127, -85, 127, -69, 127, -58, 127, -40, 127, -24, 127, -9, 127, -8, 127, -5, 127, 0, 127, -16, 127, -18, 127, -51, 127, -63, 127, -67, 127, -83, 123, -78, 87, -68, 53, -49, 17, -22, -6, 9, -19, 34, -26, 56, -32, 75, -20, -69, -65, -78, -75, -85, -85, -90, -89, -102, -93, -103, -105, -109, -107, -110, -118, -108, -118, -115, -116, -104, -120, -104, -117, -102, -106, -103, -97, -96, -89, -89, -77, -81, -65, -73, -52, -72, -25, -65, 4, -58, 29, -52, 60, -56, 90, -64, 124, -76, 127, -77, 127]",esp32_1
CSI_DATA,157559,2025-08-27 15:42:51.758,0,lie_down,00:00:00:00:00:00,-42,11,0,0,0,0,0,0,0,0,0,-97,0,1,0,1442702777,0,14,0,0,0,104,0,"[0, 0, -128, 60, -128, 95, -128, 123, -128, 127, -128, 127, -128, 127, -128, 127, -128, 127, -128, 127, -128, 127, -128, 116, -128, 93, -128, 69, -128, 44, -128, 19, -128, -3, -128, -20, -128, -34, -128, -42, -128, -43, -128, -41, -128, -37, -106, -28, -70, -17, -43, -8, 74, -128, 71, -128, 66, -128, 61, -128, 62, -128, 64, -122, 66, -103, 72, -84, 81, -66, 93, -49, 105, -36, 119, -27, 127, -23, 127, -27, 127, -36, 127, -48, 127, -63, 127, -81, 127, -97, 114, -109, 86, -118, 54, -121, 18, -117, -20, -105, -58, -85, -85, -68]",esp32_2
CSI_DATA,153906,2025-08-27 15:42:51.760,0,lie_down,00:00:00:00:00:00,-64,11,0,0,0,0,0,0,0,0,0,-97,0,1,0,287846186,0,14,0,0,0,104,0,"[0, 0, -128, 13, -128, 11, -128, 6, -128, 18, -128, 30, -128, 46, -128, 59, -128, 79, -128, 87, -128, 99, -128, 98, -128, 87, -128, 80, -128, 58, -128, 33, -128, 10, -128, -8, -107, -27, -74, -32, -37, -28, -1, -19, 27, 3, 42, 16, 51, 44, 53, 67, 19, -98, 21, -107, 15, -114, 13, -126, 20, -128, 22, -128, 24, -128, 28, -128, 30, -128, 38, -128, 32, -128, 28, -128, 31, -128, 20, -128, 19, -123, 10, -122, 1, -107, -10, -92, -19, -63, -38, -48, -58, -25, -85, -12, -118, -6, -128, 12, -128, 19, -128, 10]",esp32_1
CSI_DATA,153907,2025-08-27 15:42:51.764,0,lie_down,00:00:00:00:00:00,-64,11,0,0,0,0,0,0,0,0,0,-97,0,1,0,287856174,0,14,0,0,0,104,0,"[0, 0, 127, -45, 127, -39, 127, -34, 127, -42, 127, -51, 127, -62, 127, -75, 127, -89, 127, -102, 127, -110, 127, -108, 127, -102, 127, -87, 127, -68, 127, -49, 127, -19, 127, 1, 98, 14, 66, 23, 34, 16, -5, 9, -32, -9, -47, -25, -57, -48, -55, -71, 9, 98, 8, 104, 10, 109, 12, 123, 16, 127, 12, 127, 10, 127, 3, 127, 1, 127, -2, 127, 4, 127, 1, 127, 2, 127, 2, 119, 7, 112, 13, 107, 19, 92, 32, 79, 41, 47, 54, 29, 69, 6, 96, -15, 117, -21, 127, -43, 127, -53, 127, -44]",esp32_1
CSI_DATA,153908,2025-08-27 15:42:51.768,0,lie_down,00:00:00:00:00:00,-65,11,0,0,0,0,0,0,0,0,0,-97,0,1,0,287866140,0,14,0,0,0,104,0,"[0, 0, -128, 127, -128, 127, -128, 127, -128, 127, -128, 127, -128, 127, -127, 127, -121, 127, -113, 127, -109, 127, -111, 127, -121, 127, -124, 127, -128, 127, -128, 113, -120, 83, -115, 53, -91, 26, -62, 4, -28, -10, 8, -13, 39, -8, 63, -2, 79, 15, 91, 35, -44, -88, -47, -95, -53, -104, -58, -113, -60, -119, -61, -128, -59, -128, -60, -128, -51, -128, -53, -128, -51, -128, -50, -127, -48, -107, -52, -98, -51, -88, -51, -82, -52, -70, -57, -51, -55, -17, -63, 6, -71, 32, -81, 66, -94, 86, -119, 120, -128, 127, -128, 127]",esp32_1
CSI_DATA,153909,2025-08-27 15:42:51.772,0,lie_down,00:00:00:00:00:00,-65,11,0,0,0,0,0,0,0,0,0,-97,0,1,0,287876117,0,14,0,0,0,104,0,"[0, 0, -66, 127, -81, 127, -56, 127, -60, 127, -33, 127, -18, 127, -8, 127, 6, 127, 9, 127, -1, 127, -2, 127, -10, 127, -4, 127, -22, 127, -37, 127, -31, 125, -54, 109, -42, 68, -37, 37, -15, 6, 8, -13, 28, -33, 56, -36, 78, -37, 102, -31, -87, -41, -106, -50, -97, -51, -122, -60, -110, -61, -128, -70, -123, -62, -128, -68, -121, -74, -114, -70, -104, -82, -101, -74, -103, -60, -101, -55, -102, -37, -76, -27, -73, -20, -57, 2, -57, 28, -40, 53, -23, 77, -24, 108, -13, 127, -30, 127, -35, 127, -29, 127]",esp32_1
CSI_DATA,153910,2025-08-27 15:42:51.779,0,lie_down,00:00:00:00:00:00,-65,11,0,0,0,0,0,0,0,0,0,-97,0,1,0,287886148,0,14,0,0,0,104,0,"[0, 0, 127, 127, 127, 127, 127, 127, 127, 127, 127, 127, 127, 110, 127, 94, 127, 80, 127, 68, 127, 61, 127, 68, 127, 72, 127, 79, 127, 84, 127, 85, 105, 87, 79, 77, 43, 63, 19, 41, 1, 11, -15, -10, -18, -43, -15, -64, -7, -94, 7, -109, -71, 78, -79, 87, -80, 86, -91, 92, -101, 96, -110, 98, -112, 92, -119, 89, -114, 89, -118, 84, -107, 81, -92, 79, -91, 72, -79, 71, -70, 69, -48, 75, -32, 69, -16, 66, 1, 55, 25, 53, 52, 48, 86, 53, 127, 62, 127, 66, 127, 79, 127, 103]",esp32_1
CSI_DATA,157562,2025-08-27 15:42:51.779,0,lie_down,00:00:00:00:00:00,-42,11,0,0,0,0,0,0,0,0,0,-97,0,1,0,1442737019,0,14,0,0,0,104,0,"[0, 0, -128, -100, -128, -72, -128, -46, -128, -28, -128, -16, -128, -8, -128, -9, -128, -15, -128, -25, -128, -42, -128, -67, -128, -92, -101, -116, -51, -128, -2, -128, 46, -128, 91, -128, 127, -128, 127, -128, 127, -122, 127, -99, 127, -75, 127, -55, 125, -39, 103, -28, -128, 112, -128, 103, -128, 88, -128, 73, -128, 57, -106, 39, -74, 20, -39, -1, -2, -24, 33, -48, 68, -70, 99, -91, 127, -112, 127, -128, 127, -128, 127, -128, 127, -128, 127, -128, 127, -128, 127, -128, 114, -128, 81, -128, 43, -128, 1, -128, -40, -128, -70, -128]",esp32_2
CSI_DATA,157563,2025-08-27 15:42:51.783,0,lie_down,00:00:00:00:00:00,-42,11,0,0,0,0,0,0,0,0,0,-97,0,1,0,1442746801,0,14,0,0,0,104,0,"[0, 0, -128, 32, -128, 71, -128, 105, -128, 127, -128, 127, -128, 127, -128, 127, -128, 127, -128, 119, -128, 86, -128, 46, -128, 3, -128, -39, -92, -81, -41, -116, 12, -128, 65, -128, 114, -128, 127, -128, 127, -118, 127, -91, 127, -60, 127, -33, 127, -12, 127, -1, 127, 127, 127, 127, 121, 127, 101, 127, 81, 113, 61, 85, 43, 49, 27, 10, 11, -31, -4, -74, -17, -117, -29, -128, -39, -128, -50, -128, -62, -128, -74, -128, -86, -128, -100, -128, -115, -128, -128, -128, -128, -128, -128, -128, -128, -128, -128, -128, -128, -128, -128, -109]",esp32_2
CSI_DATA,157564,2025-08-27 15:42:51.788,0,lie_down,00:00:00:00:00:00,-41,11,0,0,0,0,0,0,0,0,0,-97,0,1,0,1442771860,0,14,0,0,0,104,0,"[0, 0, 127, -128, 127, -128, 127, -128, 121, -128, 114, -128, 112, -128, 115, -128, 122, -128, 127, -128, 127, -128, 127, -128, 119, -124, 97, -72, 62, -21, 16, 20, -38, 49, -92, 61, -128, 52, -128, 30, -128, -1, -128, -37, -128, -69, -128, -95, -128, -114, -128, -122, 21, 127, 8, 127, -5, 127, -10, 127, -9, 127, 0, 112, 16, 84, 40, 58, 68, 34, 99, 11, 127, -7, 127, -19, 127, -28, 127, -35, 127, -41, 127, -46, 127, -50, 127, -57, 127, -64, 127, -72, 127, -84, 127, -100, 127, -120, 127, -128, 127, -128, 127, -128]",esp32_2
CSI_DATA,153911,2025-08-27 15:42:51.797,0,lie_down,00:00:00:00:00:00,-64,11,0,0,0,0,0,0,0,0,0,-97,0,1,0,287896179,0,14,0,0,0,104,0,"[0, 0, 78, -128, 87, -128, 83, -128, 79, -128, 67, -128, 52, -128, 42, -128, 25, -128, 14, -128, 6, -128, 0, -128, 8, -128, 10, -128, 33, -128, 44, -128, 43, -126, 55, -101, 49, -66, 40, -36, 21, -3, -4, 14, -32, 32, -56, 41, -76, 45, -94, 36, 88, 58, 95, 66, 96, 71, 107, 80, 108, 88, 112, 96, 107, 101, 104, 109, 102, 108, 104, 95, 97, 90, 91, 81, 94, 69, 93, 56, 90, 51, 79, 42, 75, 30, 67, 7, 61, -15, 50, -39, 36, -65, 34, -98, 18, -126, 29, -128, 36, -128, 41, -128]",esp32_1
CSI_DATA,157565,2025-08-27 15:42:51.807,0,lie_down,00:00:00:00:00:00,-41,11,0,0,0,0,0,0,0,0,0,-97,0,1,0,1442772230,0,14,0,0,0,104,0,"[0, 0, -61, -128, -80, -128, -100, -128, -115, -128, -125, -128, -128, -128, -127, -128, -119, -128, -103, -128, -80, -128, -54, -128, -27, -128, -4, -97, 13, -52, 20, -3, 16, 46, 0, 88, -28, 119, -59, 127, -91, 127, -118, 127, -128, 114, -128, 86, -128, 57, -128, 36, 127, 95, 126, 98, 110, 95, 94, 88, 80, 76, 68, 57, 60, 33, 56, 6, 55, -24, 57, -55, 62, -85, 70, -111, 79, -128, 89, -128, 96, -128, 101, -128, 106, -128, 108, -128, 105, -128, 98, -128, 88, -128, 75, -128, 59, -128, 40, -128, 23, -128, 12, -128]",esp32_2
CSI_DATA,153912,2025-08-27 15:42:51.819,0,lie_down,00:00:00:00:00:00,-64,11,0,0,0,0,0,0,0,0,0,-97,0,1,0,287906147,0,14,0,0,0,104,0,"[0, 0, -2, -128, 4, -128, 4, -128, 1, -128, -2, -128, -14, -128, -28, -128, -40, -128, -45, -128, -59, -128, -60, -128, -54, -128, -51, -128, -26, -128, -10, -128, 3, -128, 22, -109, 29, -79, 30, -44, 21, -12, 5, 5, -11, 30, -31, 46, -51, 59, -69, 60, 98, 16, 106, 21, 107, 26, 121, 30, 124, 37, 127, 43, 127, 44, 127, 52, 122, 54, 125, 45, 116, 42, 110, 34, 110, 29, 111, 20, 103, 18, 91, 9, 81, -3, 68, -11, 58, -28, 44, -41, 21, -63, 6, -88, -16, -110, -16, -128, -20, -128, -25, -128]",esp32_1
CSI_DATA,157566,2025-08-27 15:42:51.829,0,lie_down,00:00:00:00:00:00,-41,11,0,0,0,0,0,0,0,0,0,-97,0,1,0,1442772550,0,14,0,0,0,104,0,"[0, 0, -128, 127, -128, 127, -128, 127, -128, 127, -128, 127, -128, 127, -128, 127, -128, 127, -128, 127, -128, 127, -128, 127, -125, 88, -97, 46, -58, 8, -11, -20, 40, -35, 90, -36, 127, -22, 127, 3, 127, 34, 127, 66, 127, 92, 127, 111, 120, 122, 95, 126, 26, -128, 35, -128, 41, -128, 41, -128, 35, -120, 22, -98, 3, -77, -23, -59, -52, -43, -82, -29, -114, -20, -128, -14, -128, -12, -128, -12, -128, -12, -128, -13, -128, -12, -128, -8, -128, -2, -128, 6, -128, 18, -128, 32, -128, 52, -128, 75, -128, 93, -128, 104]",esp32_2
CSI_DATA,153913,2025-08-27 15:42:51.840,0,lie_down,00:00:00:00:00:00,-64,11,0,0,0,0,0,0,0,0,0,-97,0,1,0,287916124,0,14,0,0,0,104,0,"[0, 0, 53, -128, 56, -128, 59, -128, 54, -128, 39, -128, 24, -128, 13, -128, -2, -128, -9, -128, -17, -128, -20, -128, -12, -128, -3, -128, 21, -128, 33, -128, 45, -128, 56, -107, 56, -74, 50, -44, 29, -16, 5, 7, -17, 24, -41, 37, -60, 43, -79, 34, 94, 25, 102, 30, 111, 37, 117, 39, 124, 49, 125, 52, 123, 59, 127, 63, 125, 63, 126, 54, 116, 52, 111, 48, 116, 38, 117, 37, 112, 27, 97, 20, 88, 15, 82, 1, 72, -17, 58, -32, 38, -57, 32, -85, 14, -110, 18, -128, 22, -128, 22, -128]",esp32_1
CSI_DATA,157567,2025-08-27 15:42:51.852,0,lie_down,00:00:00:00:00:00,-42,11,0,0,0,0,0,0,0,0,0,-97,0,1,0,1442787372,0,14,0,0,0,104,0,"[0, 0, -128, 87, -128, 107, -128, 122, -128, 127, -128, 127, -128, 127, -128, 127, -128, 127, -128, 114, -128, 93, -128, 70, -128, 46, -96, 27, -50, 16, -3, 15, 43, 26, 81, 48, 106, 79, 117, 113, 115, 127, 99, 127, 73, 127, 42, 127, 10, 127, -13, 127, 36, -128, 45, -128, 51, -128, 51, -125, 46, -107, 34, -89, 15, -73, -9, -60, -36, -50, -65, -46, -95, -45, -121, -46, -128, -49, -128, -53, -128, -56, -128, -58, -128, -61, -128, -62, -128, -60, -128, -53, -128, -43, -128, -33, -128, -21, -128, -6, -128, 7, -128, 16]",esp32_2
CSI_DATA,153914,2025-08-27 15:42:51.866,0,lie_down,00:00:00:00:00:00,-64,11,0,0,0,0,0,0,0,0,0,-97,0,1,0,287926191,0,14,0,0,0,104,0,"[0, 0, -128, 54, -128, 53, -128, 47, -128, 53, -128, 57, -128, 68, -128, 82, -128, 98, -128, 111, -128, 123, -128, 127, -128, 115, -128, 112, -128, 91, -128, 69, -128, 44, -128, 17, -109, -6, -79, -19, -47, -21, -9, -24, 23, -13, 44, 2, 61, 24, 65, 44, -5, -102, -5, -112, -8, -121, -9, -126, -6, -128, -4, -128, -3, -128, 1, -128, 2, -128, -7, -128, -12, -128, -15, -128, -18, -124, -22, -123, -25, -119, -32, -120, -35, -107, -40, -93, -42, -64, -55, -43, -64, -18, -86, 6, -110, 21, -128, 49, -128, 63, -128, 57]",esp32_1
CSI_DATA,153915,2025-08-27 15:42:51.884,0,lie_down,00:00:00:00:00:00,-64,11,0,0,0,0,0,0,0,0,0,-97,0,1,0,287936147,0,14,0,0,0,104,0,"[0, 0, -128, -8, -128, -9, -128, -13, -128, -1, -128, 14, -128, 29, -128, 46, -128, 69, -128, 78, -128, 86, -128, 85, -128, 77, -128, 71, -128, 53, -128, 26, -128, 1, -128, -19, -114, -37, -80, -41, -42, -38, -4, -32, 22, -17, 42, 5, 55, 32, 59, 55, 31, -95, 33, -104, 32, -111, 32, -119, 39, -128, 40, -128, 36, -128, 42, -128, 39, -128, 46, -128, 34, -128, 31, -128, 29, -128, 26, -128, 21, -126, 9, -128, 4, -119, -6, -108, -18, -81, -29, -59, -49, -41, -79, -25, -110, -19, -128, -2, -128, 3, -128, -8]",esp32_1
CSI_DATA,153916,2025-08-27 15:42:51.914,0,lie_down,00:00:00:00:00:00,-64,11,0,0,0,0,0,0,0,0,0,-97,0,1,0,287969264,0,14,0,0,0,104,0,"[0, 0, -77, -128, -89, -128, -105, -118, -122, -110, -128, -95, -128, -77, -128, -65, -128, -54, -128, -46, -128, -44, -128, -49, -128, -59, -128, -64, -128, -79, -128, -88, -128, -96, -113, -101, -75, -101, -38, -92, -7, -77, 20, -55, 45, -33, 63, -9, 78, 15, 82, 38, 40, 74, 53, 77, 62, 76, 78, 83, 93, 88, 102, 100, 110, 106, 118, 110, 124, 116, 127, 123, 127, 115, 127, 109, 125, 112, 122, 105, 115, 98, 97, 72, 85, 61, 76, 46, 63, 36, 47, 11, 26, -13, 8, -37, -15, -65, -24, -89, -45, -108, -55, -125]",esp32_1
CSI_DATA,153917,2025-08-27 15:42:51.930,0,lie_down,00:00:00:00:00:00,-65,11,0,0,0,0,0,0,0,0,0,-97,0,1,0,288006450,0,14,0,0,0,104,0,"[0, 0, -106, -128, -100, -128, -128, -128, -128, -128, -128, -117, -128, -104, -128, -96, -128, -70, -128, -77, -128, -69, -128, -80, -128, -84, -128, -100, -128, -107, -128, -105, -128, -127, -128, -113, -91, -121, -48, -101, -16, -78, 16, -47, 42, -14, 56, 18, 69, 52, 70, 74, 59, 71, 66, 70, 90, 77, 101, 82, 127, 95, 127, 110, 127, 127, 127, 127, 127, 127, 127, 127, 127, 127, 127, 127, 127, 127, 127, 127, 113, 122, 104, 98, 81, 64, 81, 60, 64, 36, 44, 16, 22, -17, 1, -43, -27, -86, -34, -105, -54, -128, -63, -128]",esp32_1
CSI_DATA,157569,2025-08-27 15:42:51.930,0,lie_down,00:00:00:00:00:00,-41,11,0,0,0,0,0,0,0,0,0,-97,0,1,0,1442807329,0,14,0,0,0,104,0,"[0, 0, -72, -128, -83, -128, -97, -128, -107, -128, -114, -128, -116, -128, -115, -128, -110, -128, -99, -128, -84, -128, -65, -128, -47, -128, -34, -105, -27, -67, -31, -29, -46, 9, -68, 35, -97, 47, -125, 48, -128, 38, -128, 19, -128, -3, -128, -27, -128, -50, -128, -66, 127, -45, 127, -32, 127, -19, 126, -10, 111, -6, 93, -7, 75, -15, 59, -29, 45, -48, 32, -71, 24, -95, 20, -115, 19, -128, 19, -128, 20, -128, 21, -128, 22, -128, 22, -128, 21, -128, 18, -128, 13, -128, 5, -128, -7, -128, -20, -128, -30, -128, -33, -128]",esp32_2
CSI_DATA,153918,2025-08-27 15:42:51.951,0,lie_down,00:00:00:00:00:00,-64,11,0,0,0,0,0,0,0,0,0,-97,0,1,0,288057676,0,14,0,0,0,104,0,"[0, 0, 85, 127, 89, 127, 109, 127, 111, 105, 127, 79, 127, 48, 127, 32, 127, 18, 127, 12, 127, 14, 127, 29, 127, 44, 127, 61, 127, 84, 127, 96, 127, 111, 127, 103, 85, 97, 50, 78, 14, 51, -15, 23, -35, -14, -44, -42, -52, -76, -38, -102, -86, -15, -100, -11, -113, -4, -128, -7, -128, -11, -128, -8, -128, -17, -128, -21, -128, -22, -128, -32, -128, -22, -128, -18, -128, -27, -128, -16, -126, -8, -99, 16, -79, 32, -65, 44, -39, 59, -12, 73, 8, 99, 33, 125, 60, 127, 67, 127, 77, 127, 88, 127]",esp32_1
CSI_DATA,157570,2025-08-27 15:42:51.962,0,lie_down,00:00:00:00:00:00,-41,11,0,0,0,0,0,0,0,0,0,-97,0,1,0,1442808707,0,14,0,0,0,104,0,"[0, 0, -63, -128, -79, -128, -91, -128, -103, -128, -111, -128, -115, -128, -112, -128, -105, -128, -92, -128, -73, -128, -51, -128, -32, -128, -22, -128, -22, -88, -33, -43, -54, -2, -84, 27, -120, 39, -128, 35, -128, 19, -128, -8, -128, -41, -128, -71, -128, -94, -128, -108, 127, -74, 127, -56, 127, -37, 127, -22, 127, -13, 121, -14, 96, -22, 75, -38, 59, -61, 45, -90, 35, -118, 30, -128, 30, -128, 30, -128, 30, -128, 31, -128, 32, -128, 32, -128, 30, -128, 28, -128, 21, -128, 12, -128, 5, -128, -4, -128, -11, -128, -15, -128]",esp32_2
CSI_DATA,153919,2025-08-27 15:42:51.983,0,lie_down,00:00:00:00:00:00,-64,11,0,0,0,0,0,0,0,0,0,-97,0,1,0,288090771,0,14,0,0,0,104,0,"[0, 0, 127, 4, 127, 1, 127, -18, 127, -35, 122, -60, 112, -87, 106, -110, 101, -128, 99, -128, 105, -128, 119, -128, 127, -128, 127, -128, 127, -128, 127, -123, 127, -91, 127, -59, 106, -22, 80, 4, 51, 26, 23, 43, -10, 49, -43, 50, -72, 50, -91, 40, -89, 24, -96, 31, -97, 40, -106, 47, -117, 52, -127, 58, -125, 63, -128, 61, -128, 68, -128, 67, -126, 73, -118, 73, -118, 65, -109, 65, -95, 61, -71, 59, -52, 56, -31, 46, -12, 33, 18, 24, 46, 20, 80, 10, 115, 6, 127, 8, 127, 7, 127, 12]",esp32_1
CSI_DATA,157571,2025-08-27 15:42:51.993,0,lie_down,00:00:00:00:00:00,-41,11,0,0,0,0,0,0,0,0,0,-97,0,1,0,1442820487,0,14,0,0,0,104,0,"[0, 0, 127, -128, 127, -128, 127, -128, 127, -128, 127, -128, 127, -128, 127, -128, 127, -128, 127, -128, 127, -128, 127, -128, 127, -124, 111, -94, 77, -70, 37, -54, -6, -50, -43, -58, -70, -80, -85, -109, -87, -128, -75, -128, -52, -128, -22, -128, 9, -128, 30, -128, 127, 80, 127, 94, 127, 106, 127, 109, 122, 102, 105, 87, 94, 64, 91, 39, 97, 12, 109, -16, 125, -41, 127, -60, 127, -74, 127, -89, 127, -101, 127, -109, 127, -116, 127, -122, 127, -128, 127, -128, 127, -128, 127, -128, 127, -128, 127, -128, 127, -128, 127, -128]",esp32_2
CSI_DATA,153920,2025-08-27 15:42:52.004,0,lie_down,00:00:00:00:00:00,-64,11,0,0,0,0,0,0,0,0,0,-97,0,1,0,288116208,0,14,0,0,0,104,0,"[0, 0, 29, 127, 29, 127, 50, 127, 60, 127, 81, 127, 102, 109, 127, 100, 127, 94, 127, 96, 127, 98, 127, 110, 127, 124, 127, 127, 127, 127, 127, 127, 114, 127, 71, 127, 35, 120, 11, 88, -17, 53, -28, 21, -37, -14, -38, -42, -37, -71, -24, -91, -65, -71, -75, -73, -76, -77, -89, -82, -99, -87, -108, -92, -113, -90, -117, -99, -122, -94, -128, -94, -124, -94, -125, -91, -128, -88, -126, -81, -112, -77, -101, -64, -81, -49, -65, -35, -56, -14, -35, 12, -17, 40, 1, 72, 18, 102, 24, 127, 31, 127, 32, 127]",esp32_1
CSI_DATA,157572,2025-08-27 15:42:52.016,0,lie_down,00:00:00:00:00:00,-41,11,0,0,0,0,0,0,0,0,0,-97,0,1,0,1442836840,0,14,0,0,0,104,0,"[0, 0, -128, -128, -128, -128, -128, -128, -128, -128, -128, -128, -128, -128, -128, -128, -128, -128, -128, -128, -128, -128, -128, -128, -128, -128, -128, -128, -99, -110, -75, -76, -63, -35, -62, 2, -75, 31, -98, 51, -123, 57, -128, 50, -128, 31, -128, 7, -128, -16, -128, -35, -45, -128, -22, -128, 2, -128, 18, -128, 26, -128, 24, -128, 11, -128, -10, -128, -35, -128, -64, -128, -91, -128, -110, -128, -126, -128, -128, -128, -128, -128, -128, -128, -128, -128, -128, -128, -128, -128, -128, -128, -128, -128, -128, -128, -128, -128, -128, -128, -128, -128, -128, -128]",esp32_2
CSI_DATA,153921,2025-08-27 15:42:52.026,0,lie_down,00:00:00:00:00:00,-64,11,0,0,0,0,0,0,0,0,0,-97,0,1,0,288166984,0,14,0,0,0,104,0,"[0, 0, -128, 119, -128, 102, -128, 91, -128, 98, -100, 102, -78, 110, -61, 127, -54, 127, -52, 127, -57, 127, -60, 127, -74, 127, -85, 127, -109, 127, -117, 127, -111, 113, -110, 82, -90, 50, -62, 30, -30, 14, 6, 9, 39, 14, 61, 24, 76, 42, 84, 62, -56, -58, -67, -58, -74, -61, -83, -59, -95, -63, -103, -69, -107, -67, -116, -78, -120, -85, -125, -84, -119, -97, -115, -99, -110, -86, -112, -84, -106, -76, -92, -71, -86, -52, -83, -37, -82, -3, -87, 22, -88, 52, -95, 78, -118, 92, -128, 119, -128, 127, -128, 124]",esp32_1
CSI_DATA,153922,2025-08-27 15:42:52.051,0,lie_down,00:00:00:00:00:00,-64,11,0,0,0,0,0,0,0,0,0,-97,0,1,0,288190441,0,14,0,0,0,104,0,"[0, 0, 127, 107, 127, 106, 127, 110, 127, 84, 127, 55, 127, 23, 127, 2, 127, -30, 127, -38, 127, -44, 127, -41, 127, -31, 127, -28, 127, -24, 127, -1, 127, 15, 116, 27, 75, 26, 40, 10, 8, -2, -21, -29, -25, -58, -29, -86, -24, -116, -8, -128, -51, 88, -42, 87, -36, 91, -29, 100, -28, 106, -25, 117, -14, 127, -23, 127, -12, 127, -32, 127, -39, 127, -38, 127, -45, 121, -41, 115, -27, 105, -4, 105, 6, 82, 24, 69, 49, 51, 85, 33, 111, 27, 127, 14, 127, 45, 127, 57, 127, 78, 127, 92]",esp32_1
CSI_DATA,157573,2025-08-27 15:42:52.051,0,lie_down,00:00:00:00:00:00,-41,11,0,0,0,0,0,0,0,0,0,-97,0,1,0,1442838710,0,14,0,0,0,104,0,"[0, 0, -128, -50, -128, -47, -128, -39, -128, -29, -128, -17, -128, -8, -128, -4, -128, -6, -128, -13, -128, -22, -128, -34, -128, -44, -128, -48, -128, -45, -112, -31, -84, -6, -67, 23, -64, 51, -71, 77, -87, 92, -107, 96, -126, 89, -128, 71, -128, 48, -128, 28, -128, -128, -128, -128, -128, -128, -122, -128, -104, -128, -93, -128, -91, -123, -101, -104, -118, -87, -128, -74, -128, -67, -128, -65, -128, -68, -128, -73, -128, -79, -128, -83, -128, -88, -128, -91, -128, -87, -128, -78, -128, -68, -128, -59, -128, -52, -128, -44, -128, -41, -128, -44]",esp32_2
CSI_DATA,153923,2025-08-27 15:42:52.072,0,lie_down,00:00:00:00:00:00,-65,11,0,0,0,0,0,0,0,0,0,-97,0,1,0,288220397,0,14,0,0,0,104,0,"[0, 0, 127, -111, 127, -90, 127, -76, 127, -71, 127, -66, 127, -69, 127, -75, 123, -87, 104, -104, 87, -115, 82, -128, 75, -128, 75, -128, 87, -126, 87, -109, 78, -81, 71, -55, 59, -28, 33, -2, 2, 18, -33, 36, -65, 37, -93, 32, -124, 20, -128, 4, -68, 100, -66, 95, -59, 101, -50, 103, -44, 110, -36, 112, -27, 116, -23, 124, -19, 127, -15, 123, -12, 127, -8, 127, -3, 111, 0, 107, 5, 91, 8, 80, 14, 59, 27, 34, 43, -3, 64, -33, 90, -63, 120, -95, 127, -110, 127, -128, 127, -128, 127, -128]",esp32_1
CSI_DATA,157574,2025-08-27 15:42:52.073,0,lie_down,00:00:00:00:00:00,-42,11,0,0,0,0,0,0,0,0,0,-97,0,1,0,1442848713,0,14,0,0,0,104,0,"[0, 0, -48, -128, -47, -128, -47, -128, -54, -128, -67, -128, -81, -128, -92, -128, -99, -128, -96, -128, -83, -128, -63, -128, -41, -128, -20, -128, -3, -128, 5, -128, 2, -89, -13, -56, -38, -35, -65, -27, -89, -31, -107, -45, -112, -64, -106, -83, -92, -99, -76, -107, 55, -128, 71, -128, 87, -128, 93, -128, 92, -128, 84, -128, 70, -128, 55, -128, 41, -128, 29, -128, 21, -128, 16, -128, 15, -128, 13, -128, 9, -128, 4, -128, 2, -128, -2, -128, -11, -128, -22, -128, -34, -128, -46, -128, -56, -128, -63, -128, -66, -128, -64, -128]",esp32_2
CSI_DATA,153924,2025-08-27 15:42:52.094,0,lie_down,00:00:00:00:00:00,-65,11,0,0,0,0,0,0,0,0,0,-97,0,1,0,288262031,0,14,0,0,0,104,0,"[0, 0, -104, -128, -122, -128, -104, -128, -125, -128, -128, -128, -127, -128, -128, -128, -128, -128, -128, -128, -128, -128, -128, -128, -128, -128, -128, -128, -91, -128, -92, -128, -60, -102, -37, -116, -13, -89, 11, -75, 35, -39, 46, -14, 62, 7, 74, 32, 89, 57, 88, 79, 8, 127, 9, 127, -4, 127, -1, 127, 1, 127, 1, 127, 16, 127, 22, 127, 16, 127, 34, 127, 27, 127, 39, 122, 52, 118, 59, 105, 66, 99, 31, 68, 32, 70, 15, 23, 10, 19, 1, -5, -36, -33, -47, -80, -81, -89, -87, -128, -103, -128, -128, -128]",esp32_1
CSI_DATA,153925,2025-08-27 15:42:52.117,0,lie_down,00:00:00:00:00:00,-63,11,0,0,0,0,0,0,0,0,0,-97,0,1,0,288299448,0,14,0,0,0,104,0,"[0, 0, 5, -128, 0, -128, -5, -128, -9, -128, -15, -128, -20, -128, -25, -128, -24, -128, -22, -128, -16, -128, -14, -128, -3, -128, 2, -128, 23, -128, 29, -128, 37, -128, 49, -114, 40, -87, 38, -55, 21, -26, 5, -8, -14, 10, -30, 20, -41, 25, -51, 27, 63, 90, 64, 105, 63, 117, 58, 123, 59, 127, 58, 127, 51, 127, 47, 127, 43, 127, 49, 127, 49, 125, 51, 111, 62, 98, 70, 87, 77, 82, 71, 70, 72, 63, 75, 55, 85, 41, 79, 28, 69, 11, 63, -7, 49, -20, 45, -52, 38, -74, 25, -95]",esp32_1
CSI_DATA,153926,2025-08-27 15:42:52.139,0,lie_down,00:00:00:00:00:00,-63,11,0,0,0,0,0,0,0,0,0,-97,0,1,0,288325208,0,14,0,0,0,104,0,"[0, 0, -123, 101, -105, 111, -80, 110, -60, 127, -39, 127, -28, 127, -16, 127, -19, 127, -24, 127, -36, 127, -50, 127, -65, 127, -77, 127, -104, 127, -109, 127, -99, 124, -100, 82, -74, 55, -55, 31, -23, 9, 11, 1, 41, -5, 65, 0, 82, 19, 91, 37, -68, -74, -75, -91, -80, -98, -86, -112, -84, -121, -82, -128, -81, -128, -77, -128, -73, -128, -70, -127, -59, -123, -64, -114, -69, -94, -73, -82, -84, -65, -80, -52, -89, -40, -100, -26, -112, -2, -120, 25, -128, 31, -128, 52, -128, 57, -128, 69, -128, 82, -128, 78]",esp32_1
CSI_DATA,157576,2025-08-27 15:42:52.152,0,lie_down,00:00:00:00:00:00,-44,11,0,0,0,0,0,0,0,0,0,-97,0,1,0,1442882632,0,14,0,73,80,104,0,"[0, 0, -128, 127, -122, 127, -69, 127, -19, 127, 23, 127, 52, 127, 67, 127, 65, 127, 48, 127, 19, 127, -20, 127, -61, 127, -98, 127, -127, 127, -128, 127, -128, 127, -108, 110, -67, 37, -14, -17, 44, -53, 102, -71, 127, -70, 127, -51, 127, -24, 127, -1, 44, -128, 51, -128, 60, -128, 66, -128, 73, -128, 78, -128, 79, -128, 81, -128, 80, -128, 73, -128, 61, -128, 42, -128, 16, -128, -19, -128, -60, -128, -107, -128, -128, -104, -128, -82, -128, -60, -128, -39, -128, -17, -128, 4, -128, 24, -128, 45, -128, 66, -128, 81]",esp32_2
CSI_DATA,153927,2025-08-27 15:42:52.160,0,lie_down,00:00:00:00:00:00,-63,11,0,0,0,0,0,0,0,0,0,-97,0,1,0,288350769,0,14,0,0,0,104,0,"[0, 0, 123, 127, 105, 127, 104, 127, 94, 103, 93, 62, 101, 24, 119, -2, 127, -32, 127, -45, 127, -48, 127, -42, 127, -29, 127, -19, 127, 3, 127, 21, 127, 43, 127, 50, 86, 51, 54, 40, 16, 18, -14, 1, -31, -30, -37, -60, -41, -92, -23, -117, -88, 34, -85, 41, -89, 49, -90, 59, -96, 68, -100, 76, -100, 81, -106, 88, -105, 95, -110, 87, -104, 94, -101, 91, -96, 78, -85, 77, -67, 73, -45, 84, -20, 81, 9, 86, 34, 83, 68, 93, 97, 105, 123, 120, 127, 127, 127, 127, 127, 127, 127, 127]",esp32_1
CSI_DATA,157577,2025-08-27 15:42:52.171,0,lie_down,00:00:00:00:00:00,-44,11,0,0,0,0,0,0,0,0,0,-97,0,1,0,1442883283,0,14,0,0,0,104,0,"[0, 0, 34, -128, -31, -128, -98, -128, -128, -128, -128, -128, -128, -128, -128, -128, -128, -128, -128, -128, -128, -128, -128, -128, -128, -128, -128, -128, -128, -128, -73, -128, -20, -128, 16, -128, 29, -75, 23, 3, 0, 69, -35, 122, -73, 127, -110, 127, -128, 127, -128, 127, 115, 127, 116, 127, 117, 127, 122, 127, 124, 127, 124, 127, 124, 127, 124, 127, 122, 127, 119, 127, 115, 127, 113, 127, 116, 127, 126, 127, 127, 100, 127, 45, 127, -6, 127, -51, 127, -92, 127, -127, 127, -128, 127, -128, 127, -128, 127, -128, 127, -128, 127, -128]",esp32_2
CSI_DATA,153928,2025-08-27 15:42:52.184,0,lie_down,00:00:00:00:00:00,-64,11,0,0,0,0,0,0,0,0,0,-97,0,1,0,288385384,0,14,0,0,0,104,0,"[0, 0, 127, 114, 127, 116, 127, 127, 127, 100, 127, 83, 127, 49, 127, 19, 127, -11, 127, -48, 126, -71, 127, -88, 127, -89, 127, -82, 127, -85, 127, -57, 127, -43, 110, -23, 93, -8, 64, 0, 27, 2, -5, 7, -41, -2, -62, -18, -82, -42, -84, -66, -115, 49, -101, 39, -114, 49, -101, 42, -106, 52, -88, 51, -85, 58, -78, 68, -73, 75, -66, 86, -57, 95, -51, 101, -50, 92, -45, 92, -37, 79, -32, 91, -18, 68, 7, 60, 33, 32, 64, 23, 101, 6, 127, 5, 127, 5, 127, 9, 127, 25, 127, 58]",esp32_1
CSI_DATA,157578,2025-08-27 15:42:52.193,0,lie_down,00:00:00:00:00:00,-43,11,0,0,0,0,0,0,0,0,0,-97,0,1,0,1442892978,0,14,0,0,0,104,0,"[0, 0, 127, -95, 127, -128, 104, -128, 81, -128, 62, -128, 49, -128, 44, -128, 47, -128, 54, -128, 66, -128, 90, -128, 119, -128, 127, -128, 127, -128, 127, -128, 127, -128, 127, -125, 111, -46, 66, 22, 16, 72, -34, 108, -76, 127, -114, 127, -128, 117, -128, 100, -128, -68, -128, -78, -128, -88, -128, -93, -128, -98, -128, -103, -128, -105, -128, -102, -128, -93, -128, -77, -128, -58, -128, -36, -128, -12, -128, 19, -97, 54, -50, 91, -7, 127, 34, 127, 73, 127, 107, 127, 127, 127, 127, 127, 127, 127, 127, 127, 127, 114, 127, 83]",esp32_2
CSI_DATA,153929,2025-08-27 15:42:52.204,0,lie_down,00:00:00:00:00:00,-64,11,0,0,0,0,0,0,0,0,0,-97,0,1,0,288422437,0,14,0,0,0,104,0,"[0, 0, 29, 127, 16, 127, 13, 127, 5, 127, 4, 127, 8, 127, 18, 127, 29, 127, 40, 127, 51, 127, 56, 127, 58, 127, 60, 127, 48, 127, 35, 127, 24, 125, 7, 102, -5, 80, -8, 58, -7, 30, -1, 7, 14, -12, 24, -28, 35, -47, 50, -52, -118, -28, -125, -39, -125, -50, -122, -53, -124, -60, -121, -67, -111, -61, -109, -62, -103, -54, -104, -42, -100, -30, -99, -25, -106, -16, -112, -13, -106, -8, -95, -5, -83, -6, -70, 2, -54, 16, -35, 28, -13, 47, 13, 73, 45, 103, 48, 127, 54, 127, 65, 127]",esp32_1
CSI_DATA,157579,2025-08-27 15:42:52.216,0,lie_down,00:00:00:00:00:00,-41,11,0,0,0,0,0,0,0,0,0,-97,0,1,0,1442898719,0,14,0,0,0,104,0,"[0, 0, -34, -94, -77, -104, -120, -113, -128, -120, -128, -125, -128, -128, -128, -128, -128, -128, -128, -128, -128, -128, -128, -128, -128, -128, -128, -128, -128, -128, -128, -128, -98, -128, -51, -117, -10, -88, 24, -55, 49, -21, 66, 13, 76, 43, 75, 67, 67, 82, 56, 91, -128, 48, -128, 50, -128, 53, -128, 58, -128, 60, -128, 60, -128, 61, -128, 60, -128, 59, -128, 58, -128, 56, -128, 52, -97, 48, -60, 44, -22, 41, 16, 40, 51, 38, 81, 34, 107, 30, 126, 24, 127, 14, 127, 2, 127, -13, 127, -30, 111, -49, 91, -63]",esp32_2
CSI_DATA,153930,2025-08-27 15:42:52.225,0,lie_down,00:00:00:00:00:00,-64,11,0,0,0,0,0,0,0,0,0,-97,0,1,0,288447814,0,14,0,0,0,104,0,"[0, 0, -128, -128, -128, -128, -128, -128, -128, -128, -128, -128, -128, -128, -128, -128, -128, -128, -128, -128, -128, -128, -128, -128, -128, -128, -128, -128, -128, -128, -128, -128, -85, -103, -78, -93, -57, -69, -36, -41, -26, -4, -18, 21, -15, 48, -15, 71, -31, 87, -55, 100, 111, -110, 127, -114, 127, -103, 127, -102, 127, -82, 127, -85, 127, -63, 127, -55, 127, -51, 127, -52, 123, -68, 111, -70, 93, -79, 78, -90, 76, -110, 66, -105, 72, -122, 56, -110, 40, -107, 14, -87, -22, -82, -50, -82, -72, -78, -128, -77, -128, -88, -128, -120]",esp32_1
CSI_DATA,157580,2025-08-27 15:42:52.243,0,lie_down,00:00:00:00:00:00,-41,11,0,0,0,0,0,0,0,0,0,-97,0,1,0,1442910300,0,14,0,0,0,104,0,"[0, 0, 118, 56, 127, 45, 127, 32, 127, 17, 127, 2, 127, -12, 127, -26, 127, -40, 127, -50, 127, -54, 127, -49, 127, -37, 127, -21, 127, 0, 127, 22, 127, 44, 127, 63, 94, 76, 48, 85, 5, 88, -33, 85, -64, 78, -84, 66, -96, 50, -101, 36, 127, 91, 127, 98, 127, 103, 127, 107, 127, 110, 127, 109, 127, 106, 127, 100, 127, 90, 127, 75, 127, 60, 118, 45, 82, 30, 46, 16, 8, 4, -31, -7, -63, -15, -90, -18, -109, -18, -119, -13, -122, -5, -118, 7, -104, 21, -82, 36, -51, 47, -22, 51]",esp32_2
CSI_DATA,153931,2025-08-27 15:42:52.248,0,lie_down,00:00:00:00:00:00,-65,11,0,0,0,0,0,0,0,0,0,-97,0,1,0,288520946,0,14,0,0,0,104,0,"[0, 0, 127, 75, 127, 59, 127, 35, 127, 2, 122, -29, 109, -65, 115, -96, 119, -121, 120, -128, 124, -128, 127, -128, 127, -128, 127, -128, 127, -106, 127, -78, 110, -42, 88, -16, 47, 7, 12, 22, -29, 28, -69, 27, -105, 17, -125, 6, -128, -19, -128, -45, -74, 18, -79, 29, -84, 43, -93, 56, -98, 60, -112, 63, -113, 66, -122, 67, -120, 63, -114, 59, -107, 55, -85, 54, -68, 36, -47, 36, -24, 28, 0, 33, 30, 38, 65, 42, 101, 34, 127, 40, 127, 42, 127, 54, 127, 71, 127, 76, 127, 84, 127, 98]",esp32_1
CSI_DATA,157581,2025-08-27 15:42:52.265,0,lie_down,00:00:00:00:00:00,-43,11,0,0,0,0,0,0,0,0,0,-97,0,1,0,1442920663,0,14,0,0,0,104,0,"[0, 0, 127, 52, 127, 42, 127, 30, 127, 16, 127, 2, 127, -12, 127, -25, 127, -38, 127, -48, 127, -54, 127, -52, 127, -42, 127, -27, 127, -7, 127, 13, 127, 33, 103, 51, 71, 67, 41, 78, 13, 83, -12, 84, -32, 82, -46, 75, -55, 64, -59, 53, 112, 127, 115, 127, 118, 127, 121, 127, 122, 127, 118, 127, 111, 127, 101, 127, 88, 114, 72, 95, 51, 77, 29, 59, 7, 43, -17, 28, -42, 15, -65, 4, -83, -2, -94, -5, -101, -5, -101, 0, -94, 8, -83, 18, -65, 30, -42, 43, -13, 54, 13, 60]",esp32_2
CSI_DATA,153932,2025-08-27 15:42:52.275,0,lie_down,00:00:00:00:00:00,-65,11,0,0,0,0,0,0,0,0,0,-97,0,1,0,288559477,0,14,0,0,0,104,0,"[0, 0, -128, 93, -128, 83, -128, 72, -128, 87, -128, 97, -108, 116, -69, 127, -34, 127, -7, 127, 12, 127, 17, 127, 16, 127, 17, 127, -7, 127, -24, 127, -40, 127, -59, 127, -59, 87, -65, 42, -52, -3, -41, -57, -18, -95, 7, -124, 39, -128, 69, -128, 105, 10, 107, 2, 115, -17, 121, -26, 125, -38, 127, -56, 127, -63, 127, -73, 127, -74, 127, -78, 127, -83, 123, -78, 102, -66, 85, -59, 69, -48, 54, -44, 27, -18, -12, 1, -48, 29, -89, 56, -128, 78, -128, 96, -128, 94, -128, 120, -128, 126, -128, 106]",esp32_1
CSI_DATA,157582,2025-08-27 15:42:52.289,0,lie_down,00:00:00:00:00:00,-43,11,0,0,0,0,0,0,0,0,0,-97,0,1,0,1442928686,0,14,0,0,0,104,0,"[0, 0, -128, 69, -128, 105, -128, 127, -128, 127, -128, 127, -128, 127, -128, 127, -128, 127, -128, 127, -128, 127, -128, 127, -128, 127, -128, 127, -128, 127, -128, 91, -128, 49, -128, 10, -128, -27, -115, -58, -97, -81, -77, -97, -57, -106, -37, -107, -19, -103, -6, -96, -128, -66, -128, -70, -128, -73, -128, -75, -128, -78, -128, -78, -128, -76, -128, -75, -124, -74, -94, -73, -60, -74, -29, -75, 1, -80, 29, -86, 53, -93, 71, -99, 83, -107, 85, -114, 77, -117, 62, -118, 39, -116, 12, -111, -19, -102, -53, -89, -89, -70, -117, -54]",esp32_2
CSI_DATA,153933,2025-08-27 15:42:52.300,0,lie_down,00:00:00:00:00:00,-64,11,0,0,0,0,0,0,0,0,0,-97,0,1,0,288582599,0,14,0,0,0,104,0,"[0, 0, -128, 127, -128, 127, -128, 127, -121, 127, -99, 127, -64, 127, -21, 127, 5, 127, 53, 127, 80, 121, 103, 127, 106, 127, 98, 127, 79, 127, 63, 127, 45, 127, 21, 112, -11, 85, -20, 56, -32, 19, -32, -25, -38, -56, -40, -75, -31, -101, -6, -118, 71, -81, 70, -82, 71, -82, 58, -87, 51, -93, 42, -97, 41, -99, 30, -107, 29, -107, 2, -114, -3, -117, -9, -113, -17, -105, -15, -97, -6, -78, 3, -61, -1, -37, 1, -1, -7, 39, -22, 74, -29, 119, -54, 127, -41, 127, -59, 127, -82, 127, -104, 127]",esp32_1
CSI_DATA,157583,2025-08-27 15:42:52.312,0,lie_down,00:00:00:00:00:00,-44,11,0,0,0,0,0,0,0,0,0,-97,0,1,0,1442939053,0,14,0,0,0,104,0,"[0, 0, 33, 127, 66, 127, 96, 127, 123, 127, 127, 127, 127, 127, 127, 127, 127, 127, 127, 127, 127, 127, 127, 127, 98, 127, 64, 127, 26, 127, -12, 127, -47, 127, -79, 102, -104, 76, -122, 50, -128, 25, -128, 4, -128, -16, -114, -32, -94, -42, -78, -46, 77, 127, 68, 127, 55, 127, 42, 127, 29, 127, 14, 127, -2, 127, -19, 119, -36, 92, -54, 64, -72, 36, -92, 10, -111, -12, -128, -29, -128, -42, -128, -49, -128, -49, -128, -41, -128, -27, -128, -6, -128, 22, -128, 52, -128, 85, -124, 120, -101, 127, -81, 127]",esp32_2
CSI_DATA,157584,2025-08-27 15:42:52.330,0,lie_down,00:00:00:00:00:00,-45,11,0,0,0,0,0,0,0,0,0,-97,0,1,0,1442967669,0,14,0,0,0,104,0,"[0, 0, 127, -86, 127, -120, 127, -128, 126, -128, 114, -128, 107, -128, 105, -128, 105, -128, 104, -128, 99, -128, 95, -122, 90, -82, 78, -37, 59, 9, 34, 51, 5, 87, -28, 113, -63, 127, -94, 127, -117, 124, -128, 109, -128, 89, -128, 66, -127, 44, -114, 28, -128, -125, -122, -128, -98, -128, -70, -123, -40, -112, -10, -94, 20, -70, 49, -43, 76, -13, 100, 19, 119, 50, 127, 77, 127, 100, 127, 122, 127, 127, 127, 127, 127, 127, 127, 127, 127, 127, 127, 127, 127, 123, 127, 107, 127, 87, 127, 62, 127, 37, 127, 20]",esp32_2
CSI_DATA,157585,2025-08-27 15:42:52.354,0,lie_down,00:00:00:00:00:00,-44,11,0,0,0,0,0,0,0,0,0,-97,0,1,0,1442994168,0,14,0,0,0,104,0,"[0, 0, 127, 58, 127, 33, 127, 13, 127, -4, 127, -17, 127, -23, 127, -22, 127, -17, 127, -7, 127, 7, 127, 24, 127, 39, 81, 51, 32, 59, -17, 59, -64, 51, -104, 39, -128, 19, -128, -5, -128, -28, -128, -48, -128, -64, -124, -73, -100, -73, -79, -68, -60, -128, -43, -128, -22, -128, -4, -128, 13, -128, 26, -111, 33, -69, 35, -24, 31, 24, 22, 72, 10, 116, -2, 127, -16, 127, -28, 127, -38, 127, -44, 127, -47, 127, -42, 127, -30, 127, -13, 127, 9, 127, 35, 127, 62, 127, 91, 127, 123, 127, 127, 127]",esp32_2
CSI_DATA,153935,2025-08-27 15:42:52.379,0,lie_down,00:00:00:00:00:00,-64,11,0,0,0,0,0,0,0,0,0,-97,0,1,0,288633422,0,14,0,0,0,104,0,"[0, 0, -128, 127, -128, 127, -128, 127, -128, 127, -112, 127, -94, 127, -75, 127, -65, 127, -61, 127, -57, 127, -63, 127, -78, 127, -83, 127, -99, 127, -99, 127, -91, 108, -85, 75, -63, 44, -40, 25, -9, 13, 25, 11, 50, 14, 68, 26, 79, 40, 82, 57, -128, -35, -128, -47, -128, -63, -128, -67, -126, -72, -123, -76, -118, -68, -113, -70, -110, -57, -117, -41, -117, -41, -116, -35, -125, -23, -128, -18, -128, -18, -114, -14, -104, -13, -94, 2, -86, 29, -74, 52, -60, 81, -62, 116, -59, 127, -76, 127, -86, 127, -99, 127]",esp32_1
CSI_DATA,157586,2025-08-27 15:42:52.379,0,lie_down,00:00:00:00:00:00,-43,11,0,0,0,0,0,0,0,0,0,-97,0,1,0,1443020481,0,14,0,0,0,104,0,"[0, 0, 127, -128, 127, -128, 127, -128, 127, -128, 127, -128, 127, -128, 127, -128, 127, -128, 127, -128, 127, -113, 127, -78, 127, -40, 99, -1, 67, 35, 33, 66, -2, 91, -35, 109, -65, 116, -90, 117, -106, 112, -113, 101, -112, 86, -103, 71, -89, 59, -75, 51, -128, -128, -128, -128, -128, -128, -99, -128, -65, -128, -31, -128, 0, -97, 27, -49, 50, 3, 67, 57, 77, 109, 83, 127, 87, 127, 88, 127, 88, 127, 87, 127, 89, 127, 97, 127, 106, 127, 114, 127, 127, 127, 127, 127, 127, 88, 127, 41, 127, -4, 127, -33]",esp32_2
CSI_DATA,153936,2025-08-27 15:42:52.401,0,lie_down,00:00:00:00:00:00,-65,11,0,0,0,0,0,0,0,0,0,-97,0,1,0,288657925,0,14,0,0,0,104,0,"[0, 0, 126, 127, 113, 127, 127, 127, 123, 127, 127, 127, 127, 119, 127, 115, 127, 107, 127, 124, 127, 127, 127, 127, 127, 127, 117, 127, 96, 127, 61, 127, 41, 112, 14, 73, 0, 45, 3, 14, 4, -14, 18, -45, 40, -55, 59, -59, 79, -62, 93, -54, -65, 99, -75, 94, -86, 85, -96, 80, -98, 79, -96, 71, -90, 72, -83, 61, -71, 65, -66, 68, -56, 69, -42, 74, -46, 82, -36, 90, -27, 96, -6, 99, 3, 99, 11, 100, 18, 93, 46, 102, 65, 103, 96, 118, 110, 127, 113, 127, 122, 127, 127, 127]",esp32_1
CSI_DATA,157587,2025-08-27 15:42:52.401,0,lie_down,00:00:00:00:00:00,-43,11,0,0,0,0,0,0,0,0,0,-97,0,1,0,1443056159,0,14,0,0,0,104,0,"[0, 0, 117, -128, 93, -128, 76, -128, 62, -128, 52, -128, 47, -128, 50, -128, 55, -128, 60, -128, 67, -128, 77, -128, 85, -128, 90, -89, 89, -37, 78, 14, 60, 62, 37, 102, 8, 127, -21, 127, -48, 127, -71, 127, -85, 127, -91, 117, -91, 95, -88, 78, -128, 11, -128, -1, -128, -15, -128, -25, -128, -32, -128, -34, -100, -29, -60, -20, -18, -8, 25, 7, 67, 25, 106, 43, 127, 62, 127, 82, 127, 99, 127, 111, 127, 121, 127, 123, 127, 118, 127, 107, 127, 88, 127, 66, 127, 39, 127, 7, 127, -27, 127, -54]",esp32_2
CSI_DATA,153937,2025-08-27 15:42:52.423,0,lie_down,00:00:00:00:00:00,-66,11,0,0,0,0,0,0,0,0,0,-97,0,1,0,288693425,0,14,0,0,0,104,0,"[0, 0, 127, -128, 127, -128, 116, -128, 82, -128, 39, -128, 5, -128, -29, -128, -56, -128, -73, -128, -82, -128, -81, -128, -67, -128, -54, -128, -22, -128, 4, -128, 27, -128, 49, -112, 62, -65, 59, -19, 45, 26, 28, 62, 1, 94, -28, 111, -53, 119, -83, 120, 10, 90, 17, 98, 15, 100, 22, 102, 26, 107, 28, 107, 34, 102, 31, 104, 39, 95, 47, 81, 41, 75, 46, 60, 59, 40, 70, 29, 70, 5, 70, -19, 71, -42, 81, -73, 90, -102, 101, -128, 111, -128, 124, -128, 127, -128, 127, -128, 127, -128, 127, -128]",esp32_1
CSI_DATA,157588,2025-08-27 15:42:52.423,0,lie_down,00:00:00:00:00:00,-47,11,0,0,0,0,0,0,0,0,0,-97,0,1,0,1443096105,0,14,0,0,0,104,0,"[0, 0, 115, 127, 127, 127, 127, 127, 127, 127, 127, 127, 127, 127, 127, 127, 127, 127, 127, 127, 127, 127, 127, 127, 95, 120, 54, 111, 9, 103, -37, 93, -78, 85, -115, 78, -128, 68, -128, 56, -128, 46, -128, 39, -128, 32, -128, 26, -128, 23, -113, 23, 63, 127, 57, 127, 47, 127, 36, 127, 24, 127, 13, 127, 2, 127, -12, 108, -28, 75, -43, 40, -55, 4, -67, -28, -79, -53, -90, -72, -100, -85, -107, -92, -109, -91, -107, -79, -104, -60, -96, -36, -84, -8, -68, 25, -49, 61, -27, 98, -2, 127, 18, 127]",esp32_2
CSI_DATA,153938,2025-08-27 15:42:52.444,0,lie_down,00:00:00:00:00:00,-64,11,0,0,0,0,0,0,0,0,0,-97,0,1,0,288730275,0,14,0,0,0,104,0,"[0, 0, -128, 127, -128, 127, -128, 103, -128, 122, -128, 123, -124, 127, -76, 127, -64, 127, -22, 127, -6, 127, 6, 127, -1, 127, -4, 127, -29, 127, -45, 127, -47, 127, -62, 127, -69, 99, -66, 63, -53, 21, -35, -21, -17, -48, 2, -70, 27, -91, 53, -101, 108, -48, 120, -56, 104, -53, 118, -65, 99, -63, 107, -80, 97, -78, 94, -89, 93, -92, 66, -91, 74, -99, 65, -96, 52, -85, 38, -72, 33, -65, 21, -38, 7, -23, -19, 12, -53, 50, -87, 66, -112, 105, -128, 121, -128, 127, -128, 127, -128, 127, -128, 127]",esp32_1
CSI_DATA,157589,2025-08-27 15:42:52.444,0,lie_down,00:00:00:00:00:00,-44,11,0,0,0,0,0,0,0,0,0,-97,0,1,0,1443139735,0,14,0,0,0,104,0,"[0, 0, -32, 127, -19, 127, -6, 127, 4, 127, 12, 127, 17, 127, 20, 127, 19, 127, 13, 127, 4, 127, -13, 121, -36, 99, -61, 73, -85, 46, -108, 20, -128, -6, -128, -32, -128, -58, -128, -81, -128, -96, -128, -104, -128, -105, -124, -98, -108, -88, -96, -78, 127, 31, 127, 49, 127, 68, 127, 81, 127, 90, 127, 92, 89, 87, 42, 76, -3, 63, -45, 45, -82, 27, -112, 14, -128, 4, -128, -2, -128, -3, -128, 3, -128, 17, -128, 41, -128, 69, -128, 99, -128, 127, -128, 127, -114, 127, -97, 127, -83, 127, -75, 127]",esp32_2
CSI_DATA,153939,2025-08-27 15:42:52.470,0,lie_down,00:00:00:00:00:00,-64,11,0,0,0,0,0,0,0,0,0,-97,0,1,0,288767589,0,14,0,0,0,104,0,"[0, 0, 127, -128, 127, -128, 123, -128, 119, -128, 92, -128, 67, -128, 39, -128, 15, -128, -2, -128, -13, -128, -18, -128, -18, -128, -9, -128, 12, -128, 26, -128, 38, -128, 51, -121, 48, -85, 40, -54, 24, -23, 3, -1, -24, 17, -49, 23, -69, 28, -85, 20, 84, 71, 82, 76, 79, 75, 79, 77, 82, 74, 82, 78, 79, 69, 85, 69, 83, 57, 92, 49, 89, 44, 94, 38, 97, 32, 97, 22, 92, 15, 77, 8, 64, -4, 53, -26, 50, -53, 39, -81, 29, -112, 27, -128, 29, -128, 48, -128, 62, -128, 81, -128]",esp32_1
CSI_DATA,157590,2025-08-27 15:42:52.470,0,lie_down,00:00:00:00:00:00,-43,11,0,0,0,0,0,0,0,0,0,-97,0,1,0,1443166559,0,14,0,0,0,104,0,"[0, 0, -128, -128, -128, -128, -128, -128, -128, -128, -128, -128, -128, -119, -128, -113, -128, -107, -128, -103, -128, -97, -114, -90, -65, -80, -14, -64, 36, -44, 81, -19, 120, 9, 127, 40, 127, 72, 127, 102, 127, 123, 127, 127, 127, 127, 119, 127, 100, 127, 86, 118, 127, 127, 106, 127, 73, 127, 43, 127, 16, 127, -7, 127, -23, 105, -32, 55, -35, 4, -33, -47, -25, -95, -15, -128, -6, -128, 1, -128, 6, -128, 8, -128, 4, -128, -8, -128, -26, -128, -49, -128, -79, -128, -111, -128, -128, -128, -128, -128, -128, -128, -128, -128]",esp32_2
CSI_DATA,157591,2025-08-27 15:42:52.488,0,lie_down,00:00:00:00:00:00,-43,11,0,0,0,0,0,0,0,0,0,-97,0,1,0,1443190664,0,14,0,0,0,104,0,"[0, 0, 127, -103, 127, -128, 127, -128, 127, -128, 127, -128, 127, -128, 127, -128, 127, -128, 127, -112, 127, -90, 127, -61, 114, -31, 87, -1, 58, 27, 28, 54, -3, 76, -34, 92, -62, 99, -86, 101, -103, 97, -113, 89, -115, 79, -113, 69, -106, 57, -98, 49, -128, -128, -128, -128, -128, -128, -123, -128, -98, -128, -71, -128, -43, -115, -16, -84, 9, -48, 32, -9, 52, 31, 68, 69, 82, 105, 95, 127, 105, 127, 111, 127, 118, 127, 127, 127, 127, 127, 127, 127, 127, 127, 127, 127, 127, 112, 127, 76, 127, 39, 127, 12]",esp32_2
CSI_DATA,153940,2025-08-27 15:42:52.495,0,lie_down,00:00:00:00:00:00,-63,11,0,0,0,0,0,0,0,0,0,-97,0,1,0,288801678,0,14,0,0,0,104,0,"[0, 0, -13, -128, 0, -128, 8, -128, 9, -128, 5, -128, -6, -128, -10, -128, -21, -128, -26, -128, -32, -128, -34, -128, -27, -128, -16, -128, 8, -128, 18, -128, 20, -128, 28, -105, 25, -75, 12, -49, -5, -28, -25, -8, -47, 1, -63, 2, -79, -3, -86, -10, 123, -20, 127, -12, 125, -6, 124, 1, 123, 4, 122, 7, 108, 6, 111, -4, 107, -11, 103, -29, 106, -32, 107, -37, 105, -47, 110, -53, 105, -52, 99, -47, 89, -44, 70, -48, 48, -66, 27, -80, -1, -98, -20, -128, -32, -128, -47, -128, -50, -128, -38, -128]",esp32_1
CSI_DATA,157592,2025-08-27 15:42:52.509,0,lie_down,00:00:00:00:00:00,-43,11,0,0,0,0,0,0,0,0,0,-97,0,1,0,1443227565,0,14,0,0,0,104,0,"[0, 0, 127, -128, 127, -128, 127, -128, 127, -128, 127, -128, 126, -128, 119, -128, 113, -128, 108, -128, 104, -128, 104, -128, 107, -128, 111, -114, 116, -66, 118, -17, 117, 29, 113, 69, 105, 102, 94, 127, 80, 127, 66, 127, 50, 127, 34, 127, 20, 124, 10, 107, 127, -128, 127, -128, 127, -128, 127, -128, 127, -128, 127, -116, 119, -91, 100, -63, 79, -32, 55, 4, 30, 43, 9, 82, -11, 119, -29, 127, -41, 127, -50, 127, -54, 127, -48, 127, -36, 127, -19, 127, 1, 127, 24, 127, 49, 127, 77, 114, 104, 66, 122, 28]",esp32_2
CSI_DATA,153941,2025-08-27 15:42:52.517,0,lie_down,00:00:00:00:00:00,-64,11,0,0,0,0,0,0,0,0,0,-97,0,1,0,288826627,0,14,0,0,0,104,0,"[0, 0, 25, 127, 13, 127, 20, 127, 13, 127, 20, 127, 23, 127, 30, 127, 35, 127, 34, 127, 31, 127, 23, 127, 10, 127, 2, 127, -13, 127, -20, 127, -21, 108, -25, 73, -18, 44, 1, 24, 16, 8, 35, -3, 61, 4, 74, 4, 85, 5, 90, 19, -103, 52, -113, 41, -113, 27, -115, 19, -110, 14, -104, 9, -89, 11, -84, 17, -73, 29, -74, 41, -75, 53, -69, 67, -82, 72, -90, 80, -94, 79, -86, 80, -81, 71, -70, 74, -63, 74, -40, 83, -19, 89, 6, 104, 26, 127, 37, 127, 44, 127, 51, 127]",esp32_1
CSI_DATA,157593,2025-08-27 15:42:52.539,0,lie_down,00:00:00:00:00:00,-43,11,0,0,0,0,0,0,0,0,0,-97,0,1,0,1443264328,0,14,0,0,0,104,0,"[0, 0, -128, -105, -128, -94, -128, -87, -128, -80, -128, -75, -128, -76, -128, -80, -128, -86, -128, -92, -128, -99, -128, -108, -128, -113, -128, -114, -120, -109, -82, -96, -46, -75, -16, -51, 4, -24, 17, 5, 20, 32, 17, 53, 8, 68, -2, 75, -11, 75, -18, 72, 127, -47, 127, -34, 127, -16, 127, -1, 127, 13, 127, 23, 127, 29, 127, 28, 127, 21, 100, 6, 73, -14, 50, -36, 29, -61, 13, -91, 0, -119, -8, -128, -14, -128, -20, -128, -24, -128, -27, -128, -35, -128, -45, -128, -57, -128, -74, -128, -94, -128, -109, -128]",esp32_2
CSI_DATA,153942,2025-08-27 15:42:52.541,0,lie_down,00:00:00:00:00:00,-68,11,0,0,0,0,0,0,0,0,0,-97,0,1,0,288851231,0,14,0,0,0,104,0,"[0, 0, 127, -128, 127, -128, 127, -128, 127, -128, 127, -128, 117, -128, 98, -128, 84, -128, 75, -128, 65, -128, 56, -128, 68, -128, 75, -128, 98, -128, 97, -128, 96, -98, 88, -57, 71, -12, 41, 23, 2, 57, -43, 80, -89, 82, -125, 80, -128, 61, -128, 34, 53, 127, 44, 127, 34, 127, 28, 127, 8, 127, 2, 127, -1, 127, -2, 119, 14, 94, 28, 63, 49, 59, 67, 48, 100, 24, 125, 19, 127, 19, 127, 26, 127, 26, 127, 11, 127, -19, 123, -39, 117, -81, 116, -117, 114, -128, 127, -128, 127, -128, 127, -128]",esp32_1
CSI_DATA,157594,2025-08-27 15:42:52.553,0,lie_down,00:00:00:00:00:00,-43,11,0,0,0,0,0,0,0,0,0,-97,0,1,0,1443301155,0,14,0,0,0,104,0,"[0, 0, 122, 127, 127, 127, 127, 127, 127, 127, 127, 127, 127, 127, 127, 127, 127, 127, 121, 127, 103, 127, 84, 127, 65, 127, 49, 100, 35, 68, 27, 33, 26, -1, 33, -31, 46, -53, 63, -69, 79, -75, 93, -71, 101, -61, 102, -44, 94, -26, 86, -12, -128, -85, -128, -99, -128, -114, -128, -121, -128, -121, -119, -111, -99, -92, -81, -67, -69, -35, -63, 0, -64, 37, -69, 73, -80, 105, -95, 127, -110, 127, -126, 127, -128, 127, -128, 127, -128, 127, -128, 127, -128, 127, -112, 127, -87, 127, -53, 127, -12, 127, 19, 127]",esp32_2
CSI_DATA,153943,2025-08-27 15:42:52.563,0,lie_down,00:00:00:00:00:00,-67,11,0,0,0,0,0,0,0,0,0,-97,0,1,0,288875799,0,14,0,0,0,104,0,"[0, 0, -128, -128, -128, -128, -128, -117, -128, -111, -128, -94, -128, -83, -128, -66, -128, -65, -128, -42, -128, -21, -128, -32, -128, -39, -128, -61, -128, -78, -128, -80, -93, -80, -71, -81, -28, -74, 1, -61, 25, -41, 49, -16, 64, 3, 71, 21, 72, 54, 67, 78, 89, 3, 103, 17, 101, 10, 116, 18, 107, 20, 110, 26, 103, 40, 98, 40, 93, 36, 74, 27, 67, 9, 54, 1, 34, -1, 21, -19, 10, -39, 3, -43, -4, -64, -26, -74, -41, -81, -48, -95, -71, -105, -84, -122, -101, -122, -128, -119, -128, -128, -128, -128]",esp32_1
CSI_DATA,157595,2025-08-27 15:42:52.583,0,lie_down,00:00:00:00:00:00,-42,11,0,0,0,0,0,0,0,0,0,-97,0,1,0,1443335348,0,14,0,0,0,104,0,"[0, 0, -88, 127, -88, 127, -86, 127, -86, 127, -85, 127, -83, 127, -82, 127, -82, 127, -81, 127, -78, 127, -74, 127, -68, 127, -56, 127, -37, 89, -13, 53, 15, 22, 45, 0, 76, -11, 106, -13, 127, -8, 127, 2, 127, 16, 127, 31, 127, 41, 115, 47, -128, -128, -120, -128, -89, -128, -59, -128, -34, -128, -15, -128, -6, -128, -10, -84, -25, -40, -50, 3, -82, 39, -114, 67, -128, 87, -128, 100, -128, 107, -128, 108, -128, 106, -128, 105, -128, 107, -128, 111, -128, 123, -128, 127, -128, 127, -128, 127, -113, 127, -98, 127]",esp32_2
CSI_DATA,153944,2025-08-27 15:42:52.586,0,lie_down,00:00:00:00:00:00,-65,11,0,0,0,0,0,0,0,0,0,-97,0,1,0,288900801,0,14,0,0,0,104,0,"[0, 0, 127, -128, 127, -128, 127, -128, 127, -128, 110, -128, 83, -128, 75, -128, 57, -128, 58, -128, 48, -128, 59, -128, 75, -128, 83, -128, 113, -128, 122, -128, 118, -128, 121, -110, 105, -63, 75, -18, 43, 11, 2, 46, -40, 61, -78, 64, -108, 63, -128, 46, 2, 94, 8, 106, 6, 122, 2, 127, 4, 127, -7, 127, -14, 127, -19, 127, -28, 127, -17, 119, -18, 108, -11, 90, 6, 56, 31, 34, 44, 17, 56, 6, 79, -15, 103, -32, 125, -61, 127, -80, 127, -95, 127, -116, 127, -124, 127, -128, 127, -128, 127, -128]",esp32_1
CSI_DATA,157596,2025-08-27 15:42:52.604,0,lie_down,00:00:00:00:00:00,-41,11,0,0,0,0,0,0,0,0,0,-97,0,1,0,1443360126,0,14,0,0,0,104,0,"[0, 0, -128, -128, -128, -128, -128, -128, -128, -128, -128, -128, -128, -128, -128, -128, -128, -128, -128, -128, -128, -128, -128, -128, -107, -122, -68, -98, -29, -71, 6, -37, 34, 3, 53, 41, 58, 78, 55, 110, 43, 127, 26, 127, 7, 127, -11, 127, -25, 127, -35, 113, 127, 127, 127, 127, 127, 127, 102, 127, 77, 127, 54, 127, 38, 89, 30, 44, 29, -4, 35, -54, 48, -100, 65, -128, 84, -128, 104, -128, 120, -128, 127, -128, 127, -128, 127, -128, 120, -128, 100, -128, 70, -128, 36, -128, -1, -128, -43, -128, -86, -128, -119, -128]",esp32_2
CSI_DATA,153945,2025-08-27 15:42:52.607,0,lie_down,00:00:00:00:00:00,-66,11,0,0,0,0,0,0,0,0,0,-97,0,1,0,288938104,0,14,0,0,0,104,0,"[0, 0, 102, -128, 100, -128, 84, -128, 61, -128, 34, -128, 11, -128, -22, -128, -52, -128, -68, -128, -85, -128, -95, -128, -94, -128, -81, -128, -52, -128, -28, -128, -6, -128, 24, -128, 44, -95, 48, -49, 39, -11, 30, 24, 5, 60, -16, 79, -36, 92, -65, 89, 43, 83, 46, 87, 54, 90, 56, 97, 61, 108, 66, 111, 65, 111, 65, 114, 63, 110, 67, 98, 57, 88, 60, 76, 70, 61, 70, 47, 69, 30, 61, 13, 60, -3, 57, -30, 60, -54, 56, -84, 51, -112, 51, -128, 54, -128, 66, -128, 71, -128, 86, -128]",esp32_1
CSI_DATA,153946,2025-08-27 15:42:52.629,0,lie_down,00:00:00:00:00:00,-65,11,0,0,0,0,0,0,0,0,0,-97,0,1,0,288972965,0,14,0,0,0,104,0,"[0, 0, 127, 125, 127, 127, 127, 127, 127, 119, 127, 106, 127, 81, 127, 55, 127, 28, 127, 3, 127, -13, 127, -18, 127, -17, 127, -8, 127, 8, 127, 21, 127, 39, 110, 45, 74, 56, 47, 44, 15, 27, -12, 11, -32, -20, -41, -43, -49, -75, -39, -97, -72, 73, -72, 67, -83, 69, -79, 70, -92, 74, -88, 69, -85, 67, -82, 64, -73, 63, -64, 70, -47, 70, -37, 71, -34, 77, -25, 80, -18, 82, 3, 84, 5, 76, 25, 77, 36, 67, 55, 59, 76, 50, 112, 47, 127, 41, 127, 50, 127, 65, 127, 70]",esp32_1
CSI_DATA,157597,2025-08-27 15:42:52.629,0,lie_down,00:00:00:00:00:00,-43,11,0,0,0,0,0,0,0,0,0,-97,0,1,0,1443387491,0,14,0,0,0,104,0,"[0, 0, 127, -92, 127, -121, 127, -128, 127, -128, 127, -128, 127, -128, 127, -128, 127, -128, 127, -128, 127, -103, 127, -70, 127, -33, 127, 5, 110, 42, 69, 75, 25, 102, -17, 120, -56, 125, -89, 123, -113, 112, -128, 95, -128, 74, -127, 52, -113, 33, -98, 20, -63, -128, -52, -128, -38, -128, -25, -128, -13, -128, -4, -128, 0, -105, 3, -65, 3, -22, 1, 21, -3, 64, -6, 101, -8, 127, -8, 127, -7, 127, -4, 127, 2, 127, 14, 127, 31, 127, 49, 127, 72, 127, 96, 127, 122, 125, 127, 94, 127, 58, 127, 31]",esp32_2
CSI_DATA,157598,2025-08-27 15:42:52.652,0,lie_down,00:00:00:00:00:00,-43,11,0,0,0,0,0,0,0,0,0,-97,0,1,0,1443422576,0,14,0,0,0,104,0,"[0, 0, -128, -128, -128, -126, -128, -100, -128, -76, -128, -55, -128, -39, -128, -30, -128, -28, -128, -34, -128, -47, -128, -69, -128, -94, -128, -119, -128, -128, -126, -128, -74, -128, -24, -128, 25, -128, 67, -128, 97, -128, 117, -128, 127, -109, 126, -78, 114, -49, 101, -28, -128, 20, -128, 13, -128, 7, -128, 3, -128, -1, -128, -5, -128, -7, -99, -10, -60, -15, -19, -22, 20, -32, 56, -42, 90, -55, 120, -72, 127, -91, 127, -109, 127, -128, 127, -128, 127, -128, 127, -128, 118, -128, 86, -128, 48, -128, 4, -128, -40, -128, -72, -128]",esp32_2
CSI_DATA,153947,2025-08-27 15:42:52.653,0,lie_down,00:00:00:00:00:00,-65,11,0,0,0,0,0,0,0,0,0,-97,0,1,0,289010887,0,14,0,0,0,104,0,"[0, 0, -128, -119, -128, -128, -128, -128, -128, -128, -128, -116, -128, -104, -128, -85, -128, -72, -128, -63, -128, -50, -128, -51, -128, -55, -128, -64, -128, -74, -128, -79, -116, -82, -84, -75, -54, -59, -23, -40, 0, -18, 13, 13, 20, 44, 11, 67, 3, 97, -18, 108, 35, -119, 51, -127, 56, -125, 68, -128, 81, -124, 89, -121, 91, -110, 92, -97, 75, -86, 67, -76, 42, -79, 20, -82, 9, -78, -3, -91, -18, -98, -36, -110, -39, -112, -51, -115, -51, -104, -64, -94, -84, -85, -104, -75, -128, -81, -128, -72, -128, -68, -128, -89]",esp32_1
CSI_DATA,157599,2025-08-27 15:42:52.667,0,lie_down,00:00:00:00:00:00,-42,11,0,0,0,0,0,0,0,0,0,-97,0,1,0,1443450293,0,14,0,0,0,104,0,"[0, 0, 1, 127, 36, 127, 66, 127, 88, 127, 101, 127, 106, 127, 104, 127, 95, 127, 78, 127, 56, 127, 26, 127, -10, 127, -45, 127, -80, 102, -111, 60, -128, 18, -128, -24, -128, -64, -128, -97, -128, -119, -123, -128, -99, -128, -71, -128, -42, -115, -22, -100, 116, 127, 107, 127, 93, 127, 78, 127, 61, 127, 39, 115, 17, 82, -5, 46, -30, 9, -56, -29, -81, -65, -106, -97, -128, -125, -128, -128, -128, -128, -128, -128, -128, -128, -128, -128, -128, -128, -128, -126, -128, -94, -128, -59, -128, -18, -128, 28, -128, 71, -118, 102]",esp32_2
CSI_DATA,153948,2025-08-27 15:42:52.676,0,lie_down,00:00:00:00:00:00,-66,11,0,0,0,0,0,0,0,0,0,-97,0,1,0,289060276,0,14,0,0,0,104,0,"[0, 0, 127, 127, 127, 127, 127, 127, 127, 127, 127, 115, 127, 76, 127, 49, 127, 19, 127, -1, 127, -8, 127, -4, 127, 19, 127, 39, 127, 51, 127, 74, 127, 95, 86, 89, 31, 83, -13, 54, -55, 21, -80, -11, -104, -52, -106, -95, -99, -128, -74, -128, -128, 27, -128, 25, -128, 26, -128, 22, -128, 16, -128, 10, -128, 7, -128, 10, -128, 26, -121, 24, -100, 38, -89, 55, -77, 47, -63, 63, -47, 74, -21, 102, -7, 105, 26, 120, 50, 110, 74, 122, 99, 127, 127, 127, 127, 127, 127, 127, 127, 127, 127, 127]",esp32_1
CSI_DATA,153949,2025-08-27 15:42:52.696,0,lie_down,00:00:00:00:00:00,-64,11,0,0,0,0,0,0,0,0,0,-97,0,1,0,289084291,0,14,0,0,0,104,0,"[0, 0, -128, 34, -128, 24, -128, 15, -128, 26, -128, 39, -128, 52, -128, 70, -128, 95, -118, 121, -102, 127, -106, 127, -108, 127, -109, 127, -121, 127, -117, 117, -115, 95, -104, 68, -85, 34, -67, 9, -35, -16, -6, -38, 29, -48, 56, -48, 85, -42, 109, -34, 97, -52, 103, -54, 106, -65, 113, -65, 120, -69, 121, -69, 117, -65, 123, -60, 116, -62, 108, -49, 92, -52, 81, -46, 59, -34, 46, -27, 27, -18, 3, -26, -17, -14, -46, -6, -73, 15, -95, 28, -128, 41, -128, 50, -128, 53, -128, 68, -128, 68, -128, 47]",esp32_1
CSI_DATA,157600,2025-08-27 15:42:52.696,0,lie_down,00:00:00:00:00:00,-43,11,0,0,0,0,0,0,0,0,0,-97,0,1,0,1443472775,0,14,0,0,0,104,0,"[0, 0, 127, -128, 119, -128, 113, -128, 110, -128, 106, -128, 104, -128, 107, -128, 112, -128, 117, -128, 119, -128, 121, -128, 120, -128, 110, -86, 94, -34, 70, 14, 39, 56, 5, 88, -32, 105, -67, 110, -93, 104, -109, 90, -115, 71, -109, 49, -93, 31, -78, 20, -128, 127, -128, 127, -128, 127, -128, 116, -128, 89, -117, 64, -75, 45, -28, 33, 20, 27, 68, 27, 113, 32, 127, 39, 127, 49, 127, 58, 127, 64, 127, 64, 127, 62, 127, 53, 127, 36, 127, 12, 127, -20, 127, -56, 127, -97, 127, -128, 127, -128, 127, -128]",esp32_2
CSI_DATA,153950,2025-08-27 15:42:52.718,0,lie_down,00:00:00:00:00:00,-62,11,0,0,0,0,0,0,0,0,0,-97,0,1,0,289109519,0,14,0,0,0,104,0,"[0, 0, -128, -128, -128, -128, -128, -128, -128, -128, -128, -128, -128, -128, -128, -125, -128, -114, -128, -121, -128, -126, -128, -128, -128, -128, -128, -116, -128, -128, -106, -115, -93, -117, -58, -89, -42, -65, -28, -42, -11, -14, -6, 9, -15, 39, -24, 58, -35, 74, -45, 81, 116, -58, 114, -59, 127, -63, 123, -55, 127, -55, 127, -54, 127, -61, 127, -63, 127, -58, 127, -47, 122, -35, 110, -41, 98, -31, 86, -32, 64, -33, 46, -56, 24, -47, 5, -57, -19, -48, -55, -54, -82, -65, -111, -77, -128, -122, -128, -128, -128, -128, -128, -128]",esp32_1
CSI_DATA,153951,2025-08-27 15:42:52.739,0,lie_down,00:00:00:00:00:00,-67,11,0,0,0,0,0,0,0,0,0,-97,0,1,0,289145649,0,14,0,0,0,104,0,"[0, 0, -128, -128, -128, -128, -128, -128, -128, -128, -128, -128, -128, -128, -128, -128, -128, -104, -128, -93, -128, -81, -128, -84, -128, -92, -128, -93, -128, -99, -128, -97, -108, -85, -95, -68, -70, -43, -57, -17, -60, 17, -52, 35, -66, 58, -75, 64, -105, 86, -121, 71, 12, -128, 44, -128, 58, -128, 66, -128, 79, -128, 75, -128, 65, -103, 46, -105, 19, -104, -6, -99, -31, -113, -50, -128, -49, -128, -56, -128, -53, -128, -61, -128, -54, -128, -53, -128, -51, -128, -65, -116, -99, -96, -128, -82, -128, -86, -128, -75, -128, -88, -128, -128]",esp32_1
CSI_DATA,157602,2025-08-27 15:42:52.750,0,lie_down,00:00:00:00:00:00,-41,11,0,0,0,0,0,0,0,0,0,-97,0,1,0,1443535607,0,14,0,0,0,104,0,"[0, 0, 127, 71, 127, 50, 127, 35, 127, 26, 127, 20, 127, 19, 127, 22, 127, 28, 127, 36, 127, 45, 127, 56, 116, 65, 73, 68, 27, 66, -19, 56, -61, 38, -95, 14, -118, -17, -128, -47, -128, -74, -125, -96, -108, -110, -86, -115, -65, -112, -48, -105, -128, -98, -128, -102, -128, -103, -128, -98, -113, -91, -97, -79, -81, -61, -65, -39, -50, -14, -35, 16, -22, 47, -10, 77, -1, 107, 8, 127, 15, 127, 20, 127, 24, 127, 30, 127, 35, 127, 42, 127, 52, 127, 66, 127, 83, 127, 102, 127, 121, 127, 127, 127]",esp32_2
CSI_DATA,153952,2025-08-27 15:42:52.761,0,lie_down,00:00:00:00:00:00,-66,11,0,0,0,0,0,0,0,0,0,-97,0,1,0,289182299,0,14,0,0,0,104,0,"[0, 0, 36, -128, 50, -128, 57, -128, 73, -128, 83, -128, 70, -128, 68, -128, 59, -128, 47, -128, 34, -128, 27, -128, 28, -128, 34, -128, 33, -128, 33, -128, 34, -104, 27, -97, 20, -68, 3, -59, -12, -49, -30, -40, -41, -38, -53, -37, -62, -36, -60, -36, 127, 10, 127, 28, 125, 42, 127, 52, 108, 54, 97, 57, 79, 50, 72, 35, 68, 19, 72, -13, 79, -34, 94, -53, 113, -60, 127, -63, 127, -60, 127, -48, 127, -44, 127, -32, 127, -37, 98, -36, 71, -48, 51, -79, 16, -92, 9, -128, -3, -128, -2, -128]",esp32_1
CSI_DATA,157603,2025-08-27 15:42:52.772,0,lie_down,00:00:00:00:00:00,-41,11,0,0,0,0,0,0,0,0,0,-97,0,1,0,1443568009,0,14,0,0,0,104,0,"[0, 0, -128, 32, -128, 56, -128, 73, -128, 85, -128, 91, -128, 91, -128, 85, -128, 74, -128, 55, -128, 34, -128, 10, -128, -13, -85, -30, -33, -43, 19, -51, 71, -50, 117, -40, 127, -19, 127, 8, 127, 36, 127, 62, 127, 88, 127, 106, 127, 113, 108, 113, 127, -23, 127, -11, 127, 2, 127, 12, 127, 20, 127, 21, 96, 14, 58, 1, 19, -18, -18, -45, -52, -75, -80, -104, -104, -128, -127, -128, -128, -128, -128, -128, -128, -128, -128, -128, -128, -128, -128, -128, -128, -128, -128, -128, -128, -128, -128, -128, -128, -98, -128, -74]",esp32_2
CSI_DATA,153953,2025-08-27 15:42:52.787,0,lie_down,00:00:00:00:00:00,-69,11,0,0,0,0,0,0,0,0,0,-97,0,1,0,289219010,0,14,0,0,0,104,0,"[0, 0, -41, -128, -40, -128, -53, -128, -50, -128, -68, -128, -87, -128, -107, -128, -128, -128, -128, -128, -128, -128, -128, -128, -128, -128, -128, -128, -113, -128, -85, -128, -63, -128, -26, -128, 0, -128, 4, -90, 16, -40, -1, -3, -19, 43, -46, 69, -81, 102, -107, 112, 127, 47, 127, 63, 127, 63, 116, 79, 117, 76, 96, 74, 95, 68, 91, 54, 85, 44, 92, 38, 91, 22, 84, -4, 99, 10, 106, -7, 103, -6, 94, -38, 81, -38, 79, -41, 63, -38, 52, -49, 35, -61, 15, -83, -7, -115, -16, -128, -30, -128, -43, -128]",esp32_1
CSI_DATA,157604,2025-08-27 15:42:52.793,0,lie_down,00:00:00:00:00:00,-40,11,0,0,0,0,0,0,0,0,0,-97,0,1,0,1443593396,0,14,0,0,0,104,0,"[0, 0, 127, 127, 127, 127, 127, 127, 127, 127, 127, 127, 127, 127, 127, 127, 127, 127, 127, 127, 127, 125, 121, 115, 79, 97, 39, 72, 0, 39, -34, 1, -59, -43, -71, -89, -68, -128, -55, -128, -32, -128, -5, -128, 23, -128, 46, -128, 64, -128, 74, -128, -128, 43, -128, 26, -128, 6, -128, -8, -128, -15, -128, -13, -109, -1, -73, 20, -39, 49, -9, 85, 15, 124, 31, 127, 41, 127, 48, 127, 53, 127, 55, 127, 57, 127, 62, 127, 68, 127, 77, 127, 92, 127, 115, 127, 127, 127, 127, 127, 127, 127, 127, 127]",esp32_2
CSI_DATA,153954,2025-08-27 15:42:52.809,0,lie_down,00:00:00:00:00:00,-65,11,0,0,0,0,0,0,0,0,0,-97,0,1,0,289253730,0,14,0,0,0,104,0,"[0, 0, 127, -128, 127, -128, 114, -128, 126, -128, 113, -128, 96, -128, 86, -128, 62, -128, 53, -128, 50, -128, 65, -128, 79, -128, 98, -128, 114, -128, 127, -128, 127, -128, 127, -128, 120, -89, 97, -64, 67, -40, 38, -33, 8, -26, -22, -32, -52, -35, -67, -48, 127, 2, 127, 19, 127, 28, 127, 41, 127, 55, 127, 61, 127, 64, 127, 73, 127, 67, 127, 56, 127, 31, 127, 21, 127, 24, 127, 14, 127, 13, 127, -14, 127, -18, 127, -26, 127, -21, 127, -38, 110, -57, 106, -90, 84, -124, 98, -128, 91, -128, 90, -128]",esp32_1
CSI_DATA,157605,2025-08-27 15:42:52.818,0,lie_down,00:00:00:00:00:00,-41,11,0,0,0,0,0,0,0,0,0,-97,0,1,0,1443641356,0,14,0,0,0,104,0,"[0, 0, 28, -128, 22, -128, 8, -128, -7, -128, -24, -128, -39, -128, -49, -128, -52, -128, -48, -128, -37, -128, -19, -128, -2, -128, 11, -128, 16, -95, 10, -44, -8, 7, -39, 45, -80, 69, -124, 78, -128, 70, -128, 47, -128, 18, -128, -15, -128, -46, -128, -66, 127, -71, 127, -51, 127, -30, 127, -17, 127, -12, 127, -17, 127, -32, 114, -53, 100, -80, 88, -111, 79, -128, 74, -128, 73, -128, 72, -128, 70, -128, 65, -128, 60, -128, 53, -128, 45, -128, 38, -128, 30, -128, 23, -128, 19, -128, 16, -128, 18, -128, 23, -128]",esp32_2
CSI_DATA,157606,2025-08-27 15:42:52.837,0,lie_down,00:00:00:00:00:00,-44,11,0,0,0,0,0,0,0,0,0,-97,0,1,0,1443690863,0,14,0,0,0,104,0,"[0, 0, -99, -128, -102, -128, -109, -128, -118, -128, -126, -128, -128, -128, -128, -128, -128, -128, -128, -128, -121, -128, -100, -128, -76, -128, -50, -126, -26, -100, -7, -67, 3, -28, 3, 10, -11, 43, -33, 67, -58, 81, -85, 82, -107, 71, -120, 53, -124, 30, -122, 12, 127, -128, 127, -128, 127, -116, 127, -98, 127, -84, 127, -73, 127, -67, 115, -68, 98, -74, 80, -83, 62, -94, 47, -105, 34, -116, 20, -128, 6, -128, -7, -128, -18, -128, -26, -128, -34, -128, -42, -128, -51, -128, -60, -128, -69, -128, -76, -128, -80, -128, -81, -128]",esp32_2
CSI_DATA,157607,2025-08-27 15:42:52.863,0,lie_down,00:00:00:00:00:00,-45,11,0,0,0,0,0,0,0,0,0,-97,0,1,0,1443716514,0,14,0,0,0,104,0,"[0, 0, -128, 127, -128, 127, -128, 127, -128, 127, -128, 127, -128, 127, -125, 127, -124, 127, -125, 127, -128, 127, -128, 127, -128, 127, -128, 96, -114, 54, -88, 16, -51, -17, -12, -40, 30, -49, 70, -46, 100, -33, 121, -15, 127, 7, 127, 30, 116, 49, 101, 61, -20, -128, 1, -128, 22, -128, 35, -128, 42, -128, 43, -128, 37, -128, 26, -128, 11, -120, -9, -101, -32, -85, -53, -68, -74, -53, -97, -40, -118, -28, -128, -17, -128, -6, -128, 8, -128, 23, -128, 38, -128, 55, -128, 73, -128, 94, -128, 115, -128, 127, -128, 127]",esp32_2
CSI_DATA,157608,2025-08-27 15:42:52.885,0,lie_down,00:00:00:00:00:00,-43,11,0,0,0,0,0,0,0,0,0,-97,0,1,0,1443788217,0,14,0,0,0,104,0,"[0, 0, 127, 127, 127, 127, 127, 127, 127, 127, 127, 127, 127, 126, 127, 115, 127, 108, 127, 102, 127, 97, 127, 92, 106, 83, 68, 66, 29, 41, -6, 9, -34, -29, -51, -71, -52, -113, -42, -128, -24, -128, 0, -128, 25, -128, 47, -128, 63, -128, 73, -128, -128, 105, -128, 83, -128, 57, -128, 38, -128, 26, -128, 20, -122, 22, -90, 30, -59, 43, -28, 59, 1, 76, 26, 93, 49, 111, 73, 127, 96, 127, 116, 127, 127, 127, 127, 127, 127, 127, 127, 127, 127, 127, 127, 127, 127, 127, 127, 127, 127, 127, 127, 127]",esp32_2
CSI_DATA,153956,2025-08-27 15:42:52.899,0,lie_down,00:00:00:00:00:00,-65,11,0,0,0,0,0,0,0,0,0,-97,0,1,0,289316026,0,14,0,0,0,104,0,"[0, 0, 47, -128, 62, -128, 67, -128, 68, -128, 68, -128, 62, -128, 57, -128, 51, -128, 52, -128, 52, -128, 49, -128, 57, -128, 63, -128, 71, -128, 69, -128, 70, -120, 59, -98, 54, -78, 37, -68, 20, -56, 3, -62, -3, -60, -17, -60, -16, -62, -14, -60, 110, -36, 123, -28, 127, -14, 127, -1, 127, 6, 122, 10, 106, 12, 101, 8, 94, -6, 95, -25, 94, -36, 99, -54, 121, -66, 127, -73, 127, -71, 127, -62, 127, -45, 127, -42, 127, -41, 118, -39, 93, -45, 72, -64, 53, -82, 41, -115, 29, -128, 31, -128]",esp32_1
CSI_DATA,157609,2025-08-27 15:42:52.910,0,lie_down,00:00:00:00:00:00,-43,11,0,0,0,0,0,0,0,0,0,-97,0,1,0,1443825423,0,14,0,0,0,104,0,"[0, 0, 127, 127, 127, 127, 127, 127, 127, 127, 127, 127, 127, 127, 127, 127, 127, 127, 127, 127, 127, 127, 127, 125, 111, 112, 77, 90, 44, 58, 17, 20, 1, -25, -2, -68, 9, -105, 29, -128, 53, -128, 79, -128, 100, -128, 114, -121, 120, -98, 120, -78, -128, 127, -128, 127, -128, 127, -128, 127, -128, 111, -128, 97, -113, 87, -85, 83, -54, 84, -20, 90, 12, 100, 41, 111, 69, 127, 96, 127, 120, 127, 127, 127, 127, 127, 127, 127, 127, 127, 127, 127, 127, 127, 127, 127, 127, 127, 127, 127, 127, 127, 127, 127]",esp32_2
CSI_DATA,153957,2025-08-27 15:42:52.931,0,lie_down,00:00:00:00:00:00,-65,11,0,0,0,0,0,0,0,0,0,-97,0,1,0,289341391,0,14,0,0,0,104,0,"[0, 0, 127, 106, 127, 127, 127, 127, 127, 127, 127, 127, 127, 127, 127, 127, 127, 115, 127, 114, 127, 106, 127, 109, 127, 100, 127, 106, 127, 99, 127, 91, 118, 80, 100, 54, 82, 42, 86, 23, 80, -3, 74, -8, 81, -16, 80, -25, 91, -32, 92, -24, -43, 127, -66, 127, -85, 127, -97, 127, -109, 127, -109, 116, -95, 96, -78, 88, -49, 81, -29, 82, 6, 103, 39, 126, 39, 127, 43, 127, 35, 127, 43, 127, 17, 127, 12, 127, -15, 127, -20, 127, -6, 127, 13, 126, 45, 119, 80, 96, 120, 78, 127, 95]",esp32_1
CSI_DATA,157610,2025-08-27 15:42:52.931,0,lie_down,00:00:00:00:00:00,-42,11,0,0,0,0,0,0,0,0,0,-97,0,1,0,1443849943,0,14,0,0,0,104,0,"[0, 0, 127, 107, 127, 92, 127, 78, 127, 68, 127, 62, 127, 57, 127, 58, 127, 62, 127, 65, 127, 69, 127, 72, 127, 70, 101, 60, 64, 42, 32, 16, 9, -18, -3, -54, -2, -86, 9, -114, 25, -128, 45, -128, 63, -128, 77, -119, 87, -103, 90, -87, -50, 127, -66, 127, -81, 127, -88, 127, -89, 127, -85, 127, -72, 126, -53, 110, -29, 98, 1, 90, 34, 87, 65, 87, 95, 92, 127, 102, 127, 115, 127, 127, 127, 127, 127, 127, 127, 127, 127, 127, 127, 127, 127, 127, 127, 127, 127, 127, 127, 127, 127, 127]",esp32_2
CSI_DATA,157611,2025-08-27 15:42:52.957,0,lie_down,00:00:00:00:00:00,-43,11,0,0,0,0,0,0,0,0,0,-97,0,1,0,1443874757,0,14,0,0,0,104,0,"[0, 0, 127, -128, 127, -128, 127, -128, 127, -128, 127, -128, 127, -128, 127, -128, 127, -128, 127, -128, 127, -125, 127, -101, 127, -73, 114, -47, 83, -26, 45, -12, 2, -7, -35, -13, -63, -30, -83, -52, -92, -75, -91, -95, -81, -108, -65, -113, -46, -112, -32, -106, 105, 127, 85, 127, 60, 127, 40, 127, 25, 127, 13, 127, 9, 127, 12, 120, 24, 92, 43, 64, 68, 39, 94, 18, 120, 1, 127, -13, 127, -21, 127, -25, 127, -27, 127, -29, 127, -29, 127, -29, 127, -34, 127, -43, 127, -56, 127, -72, 127, -87, 127, -96]",esp32_2
CSI_DATA,153958,2025-08-27 15:42:52.959,0,lie_down,00:00:00:00:00:00,-66,11,0,0,0,0,0,0,0,0,0,-97,0,1,0,289378231,0,14,0,0,0,104,0,"[0, 0, -128, 127, -128, 127, -128, 127, -128, 127, -128, 127, -128, 127, -128, 127, -128, 127, -128, 127, -128, 127, -128, 127, -128, 110, -128, 97, -128, 88, -128, 58, -115, 55, -82, 42, -58, 42, -33, 55, -18, 62, 10, 74, 5, 97, 6, 110, -9, 113, -25, 110, -128, -78, -125, -93, -128, -121, -113, -122, -104, -128, -76, -128, -60, -128, -46, -107, -49, -79, -66, -50, -83, -32, -104, -1, -126, 13, -128, 12, -128, 6, -128, -16, -128, -35, -128, -49, -128, -31, -128, -34, -128, -17, -128, 11, -128, 19, -128, 65, -128, 100, -128, 112]",esp32_1
CSI_DATA,157612,2025-08-27 15:42:52.980,0,lie_down,00:00:00:00:00:00,-44,11,0,0,0,0,0,0,0,0,0,-97,0,1,0,1443907725,0,14,0,0,0,104,0,"[0, 0, 127, -57, 127, -73, 127, -84, 127, -94, 127, -99, 127, -102, 127, -100, 127, -94, 127, -84, 127, -70, 127, -52, 127, -31, 118, -11, 82, 1, 42, 6, 2, 3, -32, -11, -58, -33, -73, -57, -78, -80, -73, -99, -62, -110, -47, -114, -31, -112, -19, -107, -44, 127, -63, 127, -80, 127, -89, 127, -92, 127, -88, 123, -76, 98, -55, 78, -30, 63, -1, 51, 30, 43, 60, 37, 89, 35, 119, 38, 127, 42, 127, 46, 127, 52, 127, 55, 127, 56, 127, 57, 127, 52, 127, 42, 127, 31, 127, 16, 127, 1, 127, -8]",esp32_2
CSI_DATA,153959,2025-08-27 15:42:52.988,0,lie_down,00:00:00:00:00:00,-65,11,0,0,0,0,0,0,0,0,0,-97,0,1,0,289412612,0,14,0,0,0,104,0,"[0, 0, -128, -55, -128, -62, -128, -72, -128, -83, -128, -88, -128, -85, -128, -86, -128, -88, -128, -84, -128, -70, -128, -67, -128, -58, -128, -56, -118, -58, -100, -49, -76, -33, -64, -26, -52, -16, -44, 1, -37, 17, -32, 29, -33, 40, -40, 52, -43, 56, -44, 48, 62, -105, 82, -102, 92, -99, 95, -86, 104, -78, 107, -66, 96, -48, 82, -45, 67, -42, 43, -43, 15, -64, 1, -77, -11, -88, -21, -109, -12, -123, -10, -128, -7, -128, 1, -128, 9, -128, 9, -124, 3, -98, -12, -92, -36, -76, -72, -53, -94, -37, -123, -48]",esp32_1
CSI_DATA,157613,2025-08-27 15:42:53.002,0,lie_down,00:00:00:00:00:00,-43,11,0,0,0,0,0,0,0,0,0,-97,0,1,0,1443935753,0,14,0,0,0,104,0,"[0, 0, -128, -54, -128, -35, -128, -21, -128, -9, -128, -1, -128, 2, -128, -1, -128, -8, -128, -17, -128, -27, -128, -38, -128, -48, -128, -51, -88, -46, -41, -31, 0, -6, 30, 26, 46, 60, 52, 93, 46, 120, 32, 127, 15, 127, -2, 127, -17, 127, -26, 118, 127, -128, 127, -128, 127, -128, 127, -126, 127, -101, 127, -78, 127, -61, 96, -52, 59, -49, 21, -53, -16, -63, -50, -72, -81, -85, -109, -102, -128, -120, -128, -128, -128, -128, -128, -128, -128, -128, -128, -128, -128, -128, -128, -128, -128, -128, -128, -128, -128, -123, -128, -114]",esp32_2
CSI_DATA,153960,2025-08-27 15:42:53.013,0,lie_down,00:00:00:00:00:00,-64,11,0,0,0,0,0,0,0,0,0,-97,0,1,0,289471702,0,14,0,0,0,104,0,"[0, 0, -128, 71, -128, 66, -128, 59, -128, 56, -128, 59, -128, 55, -128, 51, -128, 53, -128, 47, -128, 45, -128, 40, -128, 30, -128, 31, -128, 15, -128, 10, -103, 5, -77, 9, -56, 7, -29, 17, -13, 24, 6, 32, 16, 48, 20, 57, 21, 69, 18, 80, 18, -128, 34, -128, 46, -128, 57, -128, 76, -128, 91, -125, 84, -108, 85, -93, 74, -78, 55, -63, 28, -60, 0, -58, -18, -52, -37, -65, -57, -72, -71, -90, -74, -97, -81, -105, -76, -88, -76, -81, -81, -62, -86, -41, -99, -33, -119, 4, -128, 27, -128, 36]",esp32_1
CSI_DATA,157614,2025-08-27 15:42:53.025,0,lie_down,00:00:00:00:00:00,-44,11,0,0,0,0,0,0,0,0,0,-97,0,1,0,1443960800,0,14,0,0,0,104,0,"[0, 0, 6, 127, 28, 127, 46, 127, 57, 127, 62, 127, 63, 127, 59, 127, 50, 127, 35, 127, 16, 127, -4, 127, -21, 127, -30, 127, -30, 93, -21, 44, -3, -1, 22, -37, 53, -60, 85, -72, 113, -71, 127, -61, 127, -43, 127, -23, 127, -5, 121, 7, -128, -128, -128, -128, -128, -128, -128, -128, -125, -128, -101, -128, -81, -108, -67, -77, -60, -44, -58, -7, -60, 31, -65, 66, -73, 98, -83, 127, -94, 127, -107, 127, -120, 127, -128, 127, -128, 127, -128, 127, -128, 127, -123, 127, -116, 127, -101, 127, -79, 127, -63, 127]",esp32_2
CSI_DATA,153961,2025-08-27 15:42:53.041,0,lie_down,00:00:00:00:00:00,-64,11,0,0,0,0,0,0,0,0,0,-97,0,1,0,289497390,0,14,0,0,0,104,0,"[0, 0, -128, 33, -128, 33, -128, 26, -128, 27, -128, 23, -128, 15, -128, 15, -128, 18, -128, 12, -128, 13, -128, 11, -128, 5, -128, 5, -128, -5, -124, -8, -90, -6, -77, -7, -52, 0, -29, 12, -19, 27, -5, 34, 2, 50, 5, 60, 3, 69, -3, 76, 16, -115, 36, -128, 45, -126, 58, -128, 71, -121, 87, -116, 85, -90, 85, -78, 73, -64, 51, -48, 29, -51, 4, -45, -21, -40, -42, -52, -59, -67, -69, -83, -80, -96, -80, -102, -80, -96, -76, -88, -79, -75, -82, -56, -97, -49, -115, -20, -128, -3, -128, 3]",esp32_1
CSI_DATA,157615,2025-08-27 15:42:53.044,0,lie_down,00:00:00:00:00:00,-44,11,0,0,0,0,0,0,0,0,0,-97,0,1,0,1444009196,0,14,0,0,0,104,0,"[0, 0, 127, 94, 127, 75, 127, 62, 127, 57, 127, 57, 127, 58, 127, 64, 127, 71, 127, 73, 127, 74, 127, 78, 127, 78, 108, 70, 65, 50, 25, 21, -8, -13, -26, -50, -31, -88, -24, -121, -11, -128, 7, -128, 24, -128, 39, -128, 50, -128, 56, -116, -128, 127, -128, 116, -128, 89, -128, 67, -128, 49, -128, 36, -112, 30, -81, 32, -48, 41, -13, 54, 20, 70, 50, 86, 75, 103, 99, 126, 119, 127, 127, 127, 127, 127, 127, 127, 127, 127, 127, 127, 127, 127, 127, 127, 127, 127, 127, 127, 127, 127, 127, 127]",esp32_2
CSI_DATA,157616,2025-08-27 15:42:53.066,0,lie_down,00:00:00:00:00:00,-43,11,0,0,0,0,0,0,0,0,0,-97,0,1,0,1444033159,0,14,0,0,0,104,0,"[0, 0, 21, -128, 3, -128, -6, -128, -12, -128, -17, -128, -15, -128, -8, -128, 1, -128, 13, -128, 25, -128, 35, -128, 41, -128, 40, -112, 34, -69, 18, -27, -5, 11, -34, 39, -66, 53, -97, 58, -121, 52, -128, 40, -128, 23, -128, 5, -124, -9, -111, -18, 127, 127, 127, 127, 103, 127, 82, 127, 66, 127, 52, 123, 43, 95, 41, 65, 43, 33, 50, 0, 62, -32, 75, -61, 91, -89, 110, -116, 127, -128, 127, -128, 127, -128, 127, -128, 127, -128, 127, -128, 127, -128, 127, -128, 127, -128, 127, -128, 120, -128, 105, -128]",esp32_2
CSI_DATA,153962,2025-08-27 15:42:53.076,0,lie_down,00:00:00:00:00:00,-64,11,0,0,0,0,0,0,0,0,0,-97,0,1,0,289531576,0,14,0,0,0,104,0,"[0, 0, 110, 127, 111, 127, 119, 127, 115, 127, 106, 127, 104, 127, 97, 127, 99, 127, 101, 127, 96, 127, 86, 127, 80, 127, 75, 127, 63, 127, 48, 117, 39, 98, 33, 76, 24, 52, 24, 28, 28, 8, 40, -4, 54, -16, 58, -22, 65, -35, 72, -28, -111, 49, -128, 37, -128, 22, -128, 8, -128, -8, -128, -22, -121, -30, -104, -37, -78, -33, -64, -16, -44, 4, -27, 28, -31, 50, -32, 79, -37, 99, -35, 121, -50, 126, -52, 127, -63, 127, -65, 125, -52, 115, -34, 111, -3, 112, 17, 116, 44, 123, 77, 127]",esp32_1
CSI_DATA,157617,2025-08-27 15:42:53.093,0,lie_down,00:00:00:00:00:00,-42,11,0,0,0,0,0,0,0,0,0,-97,0,1,0,1444062227,0,14,0,0,0,104,0,"[0, 0, 105, 127, 123, 127, 127, 127, 127, 127, 127, 127, 127, 127, 126, 127, 112, 127, 93, 127, 70, 127, 46, 127, 24, 127, 9, 115, 0, 70, 0, 25, 7, -19, 24, -55, 47, -80, 72, -95, 95, -98, 114, -92, 127, -78, 127, -60, 120, -42, 111, -30, -128, -74, -128, -87, -128, -97, -128, -99, -128, -93, -110, -79, -90, -58, -73, -33, -60, -3, -51, 30, -45, 64, -42, 98, -44, 127, -50, 127, -56, 127, -64, 127, -75, 127, -82, 127, -87, 127, -87, 127, -81, 127, -70, 127, -56, 127, -33, 127, -5, 127, 18, 127]",esp32_2
CSI_DATA,157618,2025-08-27 15:42:53.115,0,lie_down,00:00:00:00:00:00,-42,11,0,0,0,0,0,0,0,0,0,-97,0,1,0,1444104655,0,14,0,0,0,104,0,"[0, 0, -106, -128, -122, -128, -128, -128, -128, -128, -125, -128, -114, -128, -99, -128, -84, -128, -66, -128, -45, -128, -26, -128, -10, -128, -2, -121, -3, -73, -12, -26, -30, 18, -55, 51, -85, 69, -116, 75, -128, 71, -128, 58, -128, 39, -128, 19, -128, 3, -128, -9, 127, 30, 127, 46, 127, 61, 127, 68, 127, 67, 127, 56, 109, 37, 89, 11, 73, -20, 60, -56, 51, -93, 47, -128, 49, -128, 56, -128, 64, -128, 75, -128, 89, -128, 101, -128, 107, -128, 107, -128, 99, -128, 86, -128, 66, -128, 37, -128, 3, -128, -21, -128]",esp32_2
CSI_DATA,157619,2025-08-27 15:42:53.137,0,lie_down,00:00:00:00:00:00,-42,11,0,0,0,0,0,0,0,0,0,-97,0,1,0,1444120983,0,14,0,0,0,104,0,"[0, 0, -66, -128, -79, -128, -85, -128, -86, -128, -82, -128, -73, -128, -61, -128, -47, -128, -30, -128, -13, -128, 0, -128, 8, -128, 8, -115, 1, -70, -14, -26, -37, 13, -65, 39, -95, 52, -125, 55, -128, 47, -128, 32, -128, 12, -128, -7, -128, -21, -127, -30, 127, 53, 127, 66, 127, 78, 127, 81, 127, 77, 127, 64, 104, 42, 87, 15, 76, -17, 68, -51, 63, -86, 64, -121, 70, -128, 81, -128, 92, -128, 106, -128, 121, -128, 127, -128, 127, -128, 127, -128, 126, -128, 112, -128, 92, -128, 66, -128, 34, -128, 9, -128]",esp32_2
CSI_DATA,153964,2025-08-27 15:42:53.160,0,lie_down,00:00:00:00:00:00,-65,11,0,0,0,0,0,0,0,0,0,-97,0,1,0,289605147,0,14,0,0,0,104,0,"[0, 0, 120, -128, 127, -128, 127, -128, 127, -128, 127, -128, 127, -128, 127, -128, 127, -128, 112, -128, 107, -128, 100, -128, 93, -128, 84, -121, 79, -110, 72, -96, 57, -78, 47, -64, 35, -53, 16, -47, -1, -45, -23, -41, -37, -41, -42, -46, -49, -53, -47, -58, 86, 74, 86, 92, 76, 105, 68, 118, 57, 126, 37, 123, 19, 111, 11, 99, 9, 76, 12, 47, 24, 27, 45, 4, 62, -11, 91, -22, 112, -22, 127, -11, 127, -1, 127, 1, 127, -2, 127, -2, 119, -9, 106, -23, 93, -37, 91, -76, 90, -107, 93, -128]",esp32_1
CSI_DATA,157620,2025-08-27 15:42:53.163,0,lie_down,00:00:00:00:00:00,-42,11,0,0,0,0,0,0,0,0,0,-97,0,1,0,1444150715,0,14,0,0,0,104,0,"[0, 0, -44, -128, -54, -128, -54, -128, -52, -128, -47, -128, -38, -128, -27, -128, -16, -128, -4, -128, 7, -128, 17, -128, 23, -128, 21, -112, 11, -68, -7, -28, -32, 7, -61, 30, -94, 39, -122, 38, -128, 29, -128, 13, -128, -5, -128, -22, -128, -36, -115, -43, 127, 63, 127, 77, 127, 88, 127, 91, 127, 86, 114, 73, 95, 52, 80, 25, 70, -6, 64, -39, 64, -72, 68, -105, 77, -128, 89, -128, 102, -128, 116, -128, 127, -128, 127, -128, 127, -128, 127, -128, 127, -128, 122, -128, 103, -128, 78, -128, 50, -128, 31, -128]",esp32_2
CSI_DATA,153965,2025-08-27 15:42:53.182,0,lie_down,00:00:00:00:00:00,-65,11,0,0,0,0,0,0,0,0,0,-97,0,1,0,289630428,0,14,0,0,0,104,0,"[0, 0, -128, 113, -128, 107, -128, 93, -128, 86, -128, 82, -128, 75, -128, 68, -128, 71, -128, 71, -128, 68, -128, 70, -128, 69, -128, 67, -128, 62, -128, 50, -116, 47, -101, 40, -77, 38, -51, 44, -30, 52, -11, 61, -3, 79, 8, 81, 9, 94, -2, 100, -54, -128, -37, -128, -20, -128, -3, -128, 19, -128, 36, -128, 50, -128, 47, -117, 35, -89, 14, -58, -17, -49, -51, -38, -79, -31, -113, -42, -128, -57, -128, -79, -128, -93, -128, -109, -128, -94, -128, -91, -128, -65, -128, -38, -128, -20, -128, 28, -128, 65, -128, 77]",esp32_1
CSI_DATA,157621,2025-08-27 15:42:53.192,0,lie_down,00:00:00:00:00:00,-41,11,0,0,0,0,0,0,0,0,0,-97,0,1,0,1444175600,0,14,0,0,0,104,0,"[0, 0, 125, -128, 123, -128, 124, -128, 127, -128, 127, -128, 127, -128, 127, -128, 127, -128, 127, -128, 127, -128, 120, -128, 102, -127, 78, -92, 46, -61, 9, -38, -32, -24, -70, -21, -100, -31, -122, -48, -128, -68, -128, -88, -125, -102, -107, -109, -86, -111, -69, -108, 127, 127, 127, 127, 127, 127, 123, 127, 105, 127, 88, 120, 77, 93, 74, 63, 78, 31, 88, -4, 104, -38, 124, -65, 127, -88, 127, -110, 127, -127, 127, -128, 127, -128, 127, -128, 127, -128, 127, -128, 127, -128, 127, -128, 127, -128, 127, -128, 127, -128, 127, -128]",esp32_2
CSI_DATA,153966,2025-08-27 15:42:53.213,0,lie_down,00:00:00:00:00:00,-65,11,0,0,0,0,0,0,0,0,0,-97,0,1,0,289664511,0,14,0,0,0,104,0,"[0, 0, 127, 98, 127, 111, 127, 118, 127, 126, 127, 120, 127, 117, 127, 109, 127, 98, 127, 87, 127, 80, 127, 75, 127, 70, 127, 63, 122, 58, 109, 53, 92, 43, 77, 34, 63, 24, 54, 3, 46, -13, 42, -21, 44, -34, 47, -47, 53, -54, 56, -52, -61, 106, -79, 109, -93, 99, -106, 90, -116, 76, -114, 61, -105, 44, -94, 29, -69, 22, -44, 18, -11, 34, 8, 47, 23, 61, 38, 84, 40, 110, 48, 127, 37, 127, 35, 127, 25, 127, 17, 127, 27, 117, 39, 103, 69, 93, 88, 80, 115, 73, 127, 80]",esp32_1
CSI_DATA,157622,2025-08-27 15:42:53.213,0,lie_down,00:00:00:00:00:00,-41,11,0,0,0,0,0,0,0,0,0,-97,0,1,0,1444199999,0,14,0,0,0,104,0,"[0, 0, -128, 127, -128, 127, -128, 127, -128, 127, -128, 127, -128, 116, -128, 103, -128, 88, -128, 71, -128, 55, -128, 40, -128, 27, -104, 19, -66, 17, -28, 22, 7, 35, 32, 54, 48, 77, 54, 101, 51, 120, 42, 127, 28, 127, 12, 127, -3, 120, -11, 109, -29, -128, -14, -128, 3, -128, 14, -128, 19, -128, 17, -128, 8, -108, -9, -85, -31, -66, -58, -50, -90, -39, -120, -32, -128, -30, -128, -31, -128, -35, -128, -42, -128, -53, -128, -62, -128, -66, -128, -64, -128, -55, -128, -40, -128, -20, -128, 6, -128, 33, -128, 53]",esp32_2
CSI_DATA,153967,2025-08-27 15:42:53.245,0,lie_down,00:00:00:00:00:00,-65,11,0,0,0,0,0,0,0,0,0,-97,0,1,0,289701864,0,14,0,0,0,104,0,"[0, 0, 127, -128, 127, -128, 127, -128, 127, -128, 127, -128, 127, -128, 127, -128, 127, -128, 127, -128, 117, -128, 109, -128, 104, -128, 99, -128, 105, -123, 95, -105, 79, -90, 64, -74, 50, -62, 37, -59, 12, -54, -8, -57, -25, -65, -30, -66, -33, -73, -29, -80, 124, 43, 125, 63, 123, 77, 113, 91, 101, 103, 79, 106, 58, 107, 44, 92, 36, 72, 36, 36, 41, 12, 58, -11, 78, -34, 101, -47, 127, -49, 127, -44, 127, -33, 127, -27, 127, -28, 127, -23, 127, -41, 119, -54, 102, -63, 98, -104, 96, -128, 97, -128]",esp32_1
CSI_DATA,153968,2025-08-27 15:42:53.278,0,lie_down,00:00:00:00:00:00,-66,11,0,0,0,0,0,0,0,0,0,-97,0,1,0,290448478,0,14,0,0,0,104,0,"[0, 0, -128, -128, -128, -128, -128, -128, -128, -128, -128, -128, -128, -128, -124, -128, -128, -128, -128, -128, -128, -128, -127, -128, -128, -128, -127, -128, -114, -128, -96, -116, -79, -114, -68, -88, -51, -74, -47, -50, -45, -23, -53, -6, -68, 9, -69, 20, -88, 26, -93, 20, 63, -116, 81, -115, 98, -102, 109, -93, 113, -82, 110, -66, 102, -47, 89, -43, 65, -39, 50, -42, 18, -58, 4, -74, 2, -90, -3, -118, -4, -128, -12, -128, 2, -128, 4, -128, 11, -128, 8, -128, -12, -108, -33, -110, -73, -111, -99, -111, -128, -122, -128, -128]",esp32_1
CSI_DATA,157624,2025-08-27 15:42:53.306,0,lie_down,00:00:00:00:00:00,-41,11,0,0,0,0,0,0,0,0,0,-97,0,1,0,1444250558,0,14,0,0,0,104,0,"[0, 0, 127, 127, 127, 127, 127, 127, 127, 127, 127, 127, 127, 127, 127, 127, 127, 127, 127, 127, 127, 127, 106, 127, 79, 127, 57, 98, 41, 59, 33, 18, 34, -23, 43, -57, 61, -82, 84, -97, 104, -102, 121, -96, 127, -81, 127, -63, 127, -45, 118, -31, -128, 127, -128, 108, -128, 83, -128, 63, -128, 48, -128, 38, -118, 36, -87, 43, -57, 59, -28, 81, -2, 108, 19, 127, 32, 127, 40, 127, 45, 127, 45, 127, 40, 127, 36, 127, 32, 127, 30, 127, 37, 127, 52, 127, 71, 127, 98, 127, 127, 127, 127, 127]",esp32_2
CSI_DATA,157625,2025-08-27 15:42:53.337,0,lie_down,00:00:00:00:00:00,-41,11,0,0,0,0,0,0,0,0,0,-97,0,1,0,1444296343,0,14,0,0,0,104,0,"[0, 0, -128, 127, -128, 127, -128, 127, -128, 127, -128, 127, -128, 127, -128, 127, -128, 127, -128, 127, -128, 112, -128, 89, -128, 67, -101, 49, -62, 36, -21, 32, 20, 37, 52, 48, 74, 68, 89, 91, 92, 111, 86, 127, 74, 127, 57, 127, 37, 127, 23, 118, -64, -128, -44, -128, -22, -128, -6, -128, 3, -128, 6, -128, 0, -124, -16, -96, -40, -69, -72, -44, -106, -24, -128, -12, -128, -6, -128, -7, -128, -11, -128, -18, -128, -28, -128, -34, -128, -36, -128, -32, -128, -21, -128, -3, -128, 24, -128, 59, -128, 90, -128, 110]",esp32_2
CSI_DATA,153970,2025-08-27 15:42:53.364,0,lie_down,00:00:00:00:00:00,-66,11,0,0,0,0,0,0,0,0,0,-97,0,1,0,290467546,0,14,0,0,0,104,0,"[0, 0, -6, -128, 12, -128, 18, -128, 32, -128, 35, -128, 33, -128, 31, -128, 14, -128, 7, -128, -5, -128, -4, -128, -8, -128, -5, -128, 0, -128, 4, -128, 7, -120, 10, -101, 11, -77, -6, -67, -17, -50, -34, -41, -50, -34, -63, -33, -73, -32, -78, -41, 115, -35, 122, -26, 127, -13, 127, 0, 127, 17, 117, 29, 95, 34, 81, 33, 68, 18, 56, 0, 42, -23, 44, -47, 55, -65, 70, -89, 84, -98, 84, -100, 98, -99, 97, -93, 94, -95, 89, -85, 66, -94, 46, -103, 12, -113, -3, -128, -12, -128, -30, -128]",esp32_1
CSI_DATA,157626,2025-08-27 15:42:53.369,0,lie_down,00:00:00:00:00:00,-41,11,0,0,0,0,0,0,0,0,0,-97,0,1,0,1444344723,0,14,0,0,0,104,0,"[0, 0, -43, 127, -42, 127, -42, 127, -48, 127, -56, 127, -61, 127, -66, 127, -71, 127, -73, 127, -72, 127, -69, 127, -61, 127, -44, 104, -22, 70, 7, 42, 38, 22, 68, 11, 94, 11, 116, 19, 127, 31, 127, 46, 127, 59, 116, 68, 99, 71, 84, 70, -128, -98, -128, -112, -128, -123, -128, -125, -128, -121, -110, -107, -91, -82, -78, -51, -74, -17, -78, 21, -89, 58, -103, 90, -121, 117, -128, 127, -128, 127, -128, 127, -128, 127, -128, 127, -128, 127, -128, 127, -128, 127, -128, 127, -128, 127, -120, 127, -91, 127, -69, 127]",esp32_2
CSI_DATA,157627,2025-08-27 15:42:53.397,0,lie_down,00:00:00:00:00:00,-41,11,0,0,0,0,0,0,0,0,0,-97,0,1,0,1444374297,0,14,0,0,0,104,0,"[0, 0, 127, -128, 127, -128, 127, -128, 127, -128, 127, -128, 127, -128, 127, -128, 127, -128, 127, -128, 127, -121, 127, -98, 127, -75, 97, -57, 60, -44, 22, -38, -14, -41, -45, -50, -67, -67, -80, -87, -84, -105, -79, -120, -66, -127, -49, -127, -32, -120, -21, -110, 106, 127, 86, 127, 62, 127, 42, 127, 28, 127, 18, 127, 18, 119, 27, 88, 45, 59, 72, 31, 105, 9, 127, -7, 127, -15, 127, -19, 127, -18, 127, -12, 127, -3, 127, 4, 127, 7, 127, 5, 127, -5, 127, -22, 127, -47, 127, -80, 127, -113, 127, -128]",esp32_2
CSI_DATA,153971,2025-08-27 15:42:53.400,0,lie_down,00:00:00:00:00:00,-66,11,0,0,0,0,0,0,0,0,0,-97,0,1,0,290476173,0,14,0,0,0,104,0,"[0, 0, 127, 127, 127, 127, 127, 127, 127, 127, 127, 127, 127, 127, 127, 127, 127, 127, 127, 127, 127, 127, 127, 127, 127, 127, 127, 127, 127, 127, 127, 127, 109, 110, 91, 91, 67, 71, 64, 40, 54, 11, 57, -5, 63, -29, 70, -35, 89, -58, 101, -56, -102, 127, -124, 123, -128, 106, -128, 90, -128, 74, -128, 60, -128, 37, -115, 30, -87, 32, -62, 32, -26, 60, -2, 84, -7, 100, 0, 127, -10, 127, 6, 127, -7, 127, -7, 127, -22, 127, -7, 127, 18, 127, 46, 116, 102, 118, 127, 120, 127, 127, 127, 127]",esp32_1
CSI_DATA,153972,2025-08-27 15:42:53.420,0,lie_down,00:00:00:00:00:00,-66,11,0,0,0,0,0,0,0,0,0,-97,0,1,0,290486150,0,14,0,0,0,104,0,"[0, 0, 127, 81, 127, 104, 127, 114, 127, 121, 127, 120, 127, 114, 127, 97, 127, 81, 127, 69, 127, 54, 127, 52, 127, 44, 127, 49, 127, 50, 127, 45, 127, 52, 107, 44, 79, 29, 67, 12, 55, -7, 43, -30, 42, -45, 43, -61, 53, -78, 66, -77, -25, 127, -43, 127, -59, 127, -77, 127, -88, 126, -92, 103, -85, 87, -81, 73, -57, 58, -31, 51, 0, 63, 30, 73, 35, 77, 56, 103, 65, 118, 75, 127, 66, 127, 65, 127, 56, 127, 57, 117, 61, 93, 85, 72, 127, 62, 127, 43, 127, 33, 127, 48]",esp32_1
CSI_DATA,157628,2025-08-27 15:42:53.420,0,lie_down,00:00:00:00:00:00,-41,11,0,0,0,0,0,0,0,0,0,-97,0,1,0,1444395670,0,14,0,0,0,104,0,"[0, 0, -128, 107, -128, 111, -128, 112, -128, 108, -128, 99, -128, 87, -128, 74, -128, 62, -128, 48, -128, 35, -128, 22, -128, 12, -114, 11, -76, 16, -39, 27, -7, 43, 17, 62, 31, 85, 36, 108, 32, 125, 22, 127, 7, 127, -8, 127, -19, 120, -26, 106, -17, -128, 2, -128, 22, -128, 35, -128, 44, -128, 43, -128, 30, -120, 10, -95, -18, -74, -55, -61, -93, -54, -128, -52, -128, -54, -128, -64, -128, -76, -128, -90, -128, -104, -128, -114, -128, -116, -128, -108, -128, -92, -128, -71, -128, -46, -128, -12, -128, 19, -128, 39]",esp32_2
CSI_DATA,157629,2025-08-27 15:42:53.452,0,lie_down,00:00:00:00:00:00,-42,11,0,0,0,0,0,0,0,0,0,-97,0,1,0,1444442718,0,14,0,0,0,104,0,"[0, 0, -70, 127, -71, 127, -71, 127, -76, 127, -80, 127, -83, 127, -86, 127, -88, 127, -89, 127, -88, 127, -83, 127, -72, 127, -54, 107, -31, 75, -3, 47, 28, 27, 59, 16, 87, 16, 109, 24, 123, 35, 127, 49, 124, 62, 110, 71, 93, 74, 80, 73, -128, -128, -128, -128, -128, -128, -128, -128, -116, -128, -94, -128, -77, -99, -69, -65, -69, -29, -79, 9, -95, 46, -114, 77, -128, 102, -128, 122, -128, 127, -128, 127, -128, 127, -128, 127, -128, 127, -128, 127, -128, 127, -128, 127, -128, 127, -128, 127, -108, 127, -90, 127]",esp32_2
CSI_DATA,153973,2025-08-27 15:42:53.462,0,lie_down,00:00:00:00:00:00,-66,11,0,0,0,0,0,0,0,0,0,-97,0,1,0,290496153,0,14,0,0,0,104,0,"[0, 0, -28, 127, -40, 127, -45, 127, -52, 127, -57, 127, -53, 127, -48, 127, -35, 127, -27, 127, -18, 127, -13, 127, -13, 127, -12, 127, -17, 127, -14, 127, -20, 120, -21, 101, -14, 77, -4, 60, 13, 46, 34, 35, 52, 31, 60, 31, 71, 31, 80, 37, -120, 6, -128, -9, -128, -27, -128, -42, -124, -50, -112, -58, -91, -57, -73, -51, -56, -37, -55, -15, -47, 8, -52, 31, -65, 54, -81, 76, -94, 86, -102, 86, -110, 84, -110, 79, -112, 76, -96, 82, -75, 84, -47, 98, -25, 111, -17, 127, -2, 127, 12, 127]",esp32_1
CSI_DATA,157630,2025-08-27 15:42:53.484,0,lie_down,00:00:00:00:00:00,-42,11,0,0,0,0,0,0,0,0,0,-97,0,1,0,1444515879,0,14,0,0,0,104,0,"[0, 0, -128, -128, -128, -128, -128, -128, -128, -128, -128, -128, -128, -128, -128, -128, -128, -128, -128, -128, -125, -128, -103, -126, -82, -107, -62, -83, -46, -56, -36, -27, -32, 3, -34, 29, -43, 49, -57, 63, -70, 69, -83, 67, -92, 61, -93, 51, -88, 40, -82, 30, 127, -128, 127, -111, 127, -90, 127, -70, 127, -52, 123, -40, 98, -34, 71, -37, 44, -48, 17, -66, -5, -88, -23, -110, -33, -128, -38, -128, -40, -128, -40, -128, -36, -128, -32, -128, -30, -128, -30, -128, -38, -128, -52, -128, -74, -128, -101, -128, -125, -128, -128, -128]",esp32_2
CSI_DATA,153974,2025-08-27 15:42:53.495,0,lie_down,00:00:00:00:00:00,-66,11,0,0,0,0,0,0,0,0,0,-97,0,1,0,290506166,0,14,0,0,0,104,0,"[0, 0, 127, 127, 127, 127, 127, 127, 117, 127, 107, 127, 101, 127, 97, 127, 105, 127, 104, 127, 106, 127, 107, 127, 100, 127, 102, 127, 94, 122, 81, 116, 64, 101, 55, 86, 44, 66, 40, 43, 39, 20, 46, 5, 58, -6, 64, -17, 77, -29, 85, -22, -86, 89, -102, 84, -115, 71, -120, 60, -123, 44, -119, 28, -106, 19, -90, 12, -68, 19, -51, 24, -23, 41, -10, 63, -12, 79, -12, 103, -14, 122, -12, 127, -23, 127, -27, 127, -37, 127, -21, 117, -4, 105, 19, 105, 59, 106, 80, 118, 107, 127, 127, 127]",esp32_1
CSI_DATA,153975,2025-08-27 15:42:53.517,0,lie_down,00:00:00:00:00:00,-66,11,0,0,0,0,0,0,0,0,0,-97,0,1,0,290516128,0,14,0,0,0,104,0,"[0, 0, 127, -128, 127, -128, 127, -114, 127, -103, 127, -93, 127, -89, 127, -82, 127, -86, 127, -88, 127, -89, 127, -98, 127, -90, 127, -89, 127, -80, 125, -66, 106, -52, 93, -41, 71, -34, 50, -36, 26, -40, 6, -48, -4, -57, -12, -70, -11, -82, -7, -90, 78, 91, 76, 104, 67, 113, 55, 121, 39, 125, 21, 121, 12, 107, 6, 91, 12, 70, 20, 42, 41, 37, 60, 22, 80, 7, 107, 12, 121, 11, 127, 26, 127, 36, 127, 43, 124, 26, 118, 22, 105, 2, 105, -28, 108, -40, 123, -83, 127, -108, 127, -122]",esp32_1
CSI_DATA,153976,2025-08-27 15:42:53.548,0,lie_down,00:00:00:00:00:00,-66,11,0,0,0,0,0,0,0,0,0,-97,0,1,0,290526157,0,14,0,0,0,104,0,"[0, 0, -60, -128, -40, -128, -29, -128, -15, -128, -13, -128, -9, -128, -13, -128, -26, -128, -29, -128, -38, -128, -42, -128, -43, -128, -41, -128, -29, -128, -25, -128, -19, -120, -9, -99, -11, -78, -15, -57, -32, -39, -44, -29, -57, -18, -70, -12, -83, -5, -85, -15, 111, -49, 127, -35, 127, -19, 127, -4, 127, 7, 120, 25, 104, 28, 87, 24, 66, 19, 52, -4, 31, -24, 34, -52, 41, -70, 55, -95, 67, -109, 70, -114, 78, -119, 81, -111, 82, -109, 71, -102, 50, -97, 27, -105, -13, -116, -24, -128, -49, -128, -71, -128]",esp32_1
CSI_DATA,153977,2025-08-27 15:42:53.575,0,lie_down,00:00:00:00:00:00,-66,11,0,0,0,0,0,0,0,0,0,-97,0,1,0,290536126,0,14,0,0,0,104,0,"[0, 0, -43, -128, -32, -128, -28, -128, -7, -128, -3, -128, 2, -128, -1, -128, -16, -128, -26, -128, -34, -128, -33, -128, -38, -128, -41, -128, -28, -128, -24, -128, -19, -128, -13, -128, -11, -101, -19, -74, -35, -56, -59, -45, -76, -35, -89, -30, -100, -24, -108, -35, 127, -64, 127, -49, 127, -27, 127, -11, 127, 12, 127, 23, 127, 26, 106, 30, 87, 20, 71, -4, 52, -35, 49, -64, 62, -94, 77, -125, 88, -128, 91, -128, 102, -128, 100, -128, 119, -128, 99, -128, 72, -126, 49, -128, 0, -128, -19, -128, -41, -128, -62, -128]",esp32_1
CSI_DATA,157632,2025-08-27 15:42:53.575,0,lie_down,00:00:00:00:00:00,-42,11,0,0,0,0,0,0,0,0,0,-97,0,1,0,1444516654,0,14,0,0,0,104,0,"[0, 0, 52, 127, 55, 127, 56, 127, 53, 127, 48, 127, 41, 127, 33, 127, 26, 127, 16, 127, 7, 127, -3, 127, -8, 127, -7, 101, -1, 71, 10, 41, 27, 16, 46, -2, 66, -12, 85, -14, 99, -9, 108, 0, 110, 12, 103, 21, 91, 27, 80, 30, -128, 6, -128, -11, -128, -29, -128, -41, -128, -47, -125, -45, -100, -34, -80, -15, -66, 9, -57, 38, -52, 69, -52, 98, -56, 123, -66, 127, -77, 127, -89, 127, -100, 127, -107, 127, -107, 127, -101, 127, -89, 127, -71, 127, -49, 127, -25, 127, 0, 127, 17, 127]",esp32_2
CSI_DATA,157633,2025-08-27 15:42:53.603,0,lie_down,00:00:00:00:00:00,-42,11,0,0,0,0,0,0,0,0,0,-97,0,1,0,1444538289,0,14,0,0,0,104,0,"[0, 0, -128, 127, -128, 127, -128, 127, -128, 127, -128, 127, -128, 127, -128, 127, -128, 127, -128, 127, -128, 127, -128, 118, -128, 93, -110, 71, -73, 54, -34, 43, 4, 39, 38, 42, 65, 54, 83, 73, 91, 91, 89, 107, 78, 119, 61, 123, 43, 118, 31, 109, -122, -128, -102, -128, -75, -128, -52, -128, -34, -128, -23, -128, -23, -124, -31, -90, -47, -59, -71, -31, -100, -7, -128, 11, -128, 23, -128, 30, -128, 34, -128, 32, -128, 27, -128, 22, -128, 20, -128, 25, -128, 36, -128, 51, -128, 73, -128, 103, -128, 127, -128, 127]",esp32_2
CSI_DATA,157634,2025-08-27 15:42:53.625,0,lie_down,00:00:00:00:00:00,-42,11,0,0,0,0,0,0,0,0,0,-97,0,1,0,1444588495,0,14,0,0,0,104,0,"[0, 0, -128, -107, -128, -108, -128, -109, -128, -112, -128, -115, -128, -116, -128, -119, -128, -121, -128, -121, -128, -118, -128, -111, -128, -99, -115, -80, -83, -55, -56, -24, -36, 12, -26, 48, -29, 77, -39, 101, -53, 116, -70, 120, -85, 115, -94, 104, -95, 88, -93, 73, 127, -128, 127, -128, 127, -128, 127, -128, 127, -109, 127, -86, 105, -70, 72, -64, 35, -66, -3, -78, -38, -95, -67, -115, -90, -128, -108, -128, -122, -128, -128, -128, -128, -128, -128, -128, -125, -128, -122, -128, -126, -128, -128, -128, -128, -128, -128, -128, -128, -128, -128, -117]",esp32_2
CSI_DATA,157635,2025-08-27 15:42:53.657,0,lie_down,00:00:00:00:00:00,-42,11,0,0,0,0,0,0,0,0,0,-97,0,1,0,1444612563,0,14,0,0,0,104,0,"[0, 0, 109, -128, 113, -128, 119, -128, 122, -128, 121, -128, 120, -128, 121, -128, 120, -128, 119, -128, 115, -128, 107, -128, 95, -128, 77, -105, 53, -77, 24, -53, -8, -36, -39, -27, -67, -30, -89, -41, -103, -54, -108, -68, -104, -81, -91, -87, -74, -88, -62, -86, 127, 127, 127, 127, 127, 127, 127, 127, 114, 127, 92, 126, 75, 99, 68, 68, 70, 34, 81, -2, 98, -35, 118, -62, 127, -82, 127, -100, 127, -112, 127, -118, 127, -117, 127, -117, 127, -116, 127, -114, 127, -119, 127, -128, 127, -128, 127, -128, 127, -128, 127, -128]",esp32_2
CSI_DATA,153979,2025-08-27 15:42:53.670,0,lie_down,00:00:00:00:00:00,-66,11,0,0,0,0,0,0,0,0,0,-97,0,1,0,290560839,0,14,0,0,0,104,0,"[0, 0, 70, 127, 52, 127, 50, 127, 27, 127, 24, 127, 20, 127, 21, 127, 31, 127, 34, 127, 48, 127, 41, 127, 39, 127, 44, 127, 38, 127, 24, 127, 25, 123, 15, 109, 11, 84, 19, 66, 27, 40, 48, 28, 60, 28, 73, 21, 88, 17, 89, 28, -107, 71, -121, 64, -128, 46, -128, 37, -128, 20, -125, 3, -114, -4, -93, -4, -69, -1, -61, 12, -40, 41, -29, 65, -40, 87, -46, 107, -58, 121, -62, 127, -69, 126, -75, 127, -80, 123, -64, 115, -49, 112, -20, 113, 12, 123, 32, 127, 56, 127, 87, 127]",esp32_1
CSI_DATA,157636,2025-08-27 15:42:53.689,0,lie_down,00:00:00:00:00:00,-42,11,0,0,0,0,0,0,0,0,0,-97,0,1,0,1444645724,0,14,0,0,0,104,0,"[0, 0, 127, 127, 127, 127, 127, 127, 127, 127, 127, 127, 127, 127, 127, 127, 127, 127, 127, 127, 119, 127, 98, 127, 77, 124, 59, 99, 44, 69, 35, 37, 33, 6, 38, -22, 50, -44, 65, -58, 79, -64, 92, -61, 101, -52, 102, -41, 97, -30, 91, -22, -128, 127, -128, 124, -128, 98, -128, 75, -128, 57, -128, 44, -106, 38, -77, 41, -49, 52, -22, 70, 1, 92, 18, 116, 29, 127, 34, 127, 37, 127, 36, 127, 31, 127, 27, 127, 26, 127, 29, 127, 38, 127, 53, 127, 73, 127, 99, 127, 125, 127, 127, 127]",esp32_2
CSI_DATA,153980,2025-08-27 15:42:53.699,0,lie_down,00:00:00:00:00:00,-66,11,0,0,0,0,0,0,0,0,0,-97,0,1,0,290566154,0,14,0,0,0,104,0,"[0, 0, 127, 127, 127, 127, 127, 127, 127, 127, 127, 127, 127, 127, 127, 126, 127, 118, 127, 103, 127, 97, 127, 89, 127, 91, 126, 89, 119, 81, 106, 79, 92, 73, 75, 60, 58, 44, 56, 24, 49, 7, 48, -5, 59, -19, 57, -25, 72, -37, 83, -36, -26, 115, -43, 118, -55, 110, -69, 105, -75, 95, -77, 88, -73, 69, -65, 58, -46, 48, -30, 46, -1, 54, 17, 69, 23, 79, 37, 97, 38, 114, 44, 127, 40, 127, 36, 127, 22, 127, 27, 114, 38, 98, 55, 83, 88, 81, 109, 75, 127, 77, 127, 89]",esp32_1
CSI_DATA,157637,2025-08-27 15:42:53.711,0,lie_down,00:00:00:00:00:00,-42,11,0,0,0,0,0,0,0,0,0,-97,0,1,0,1444670005,0,14,0,0,0,104,0,"[0, 0, -128, 127, -128, 127, -128, 127, -128, 127, -128, 127, -128, 127, -128, 127, -128, 127, -128, 127, -128, 127, -128, 117, -128, 91, -126, 69, -87, 52, -46, 42, -7, 40, 27, 46, 54, 62, 73, 84, 80, 104, 79, 120, 70, 127, 54, 127, 37, 126, 24, 117, -128, -128, -128, -128, -103, -128, -77, -128, -55, -128, -39, -128, -34, -128, -41, -102, -57, -68, -83, -37, -115, -10, -128, 10, -128, 21, -128, 28, -128, 30, -128, 29, -128, 23, -128, 17, -128, 16, -128, 21, -128, 33, -128, 54, -128, 82, -128, 117, -128, 127, -128, 127]",esp32_2
CSI_DATA,153981,2025-08-27 15:42:53.722,0,lie_down,00:00:00:00:00:00,-66,11,0,0,0,0,0,0,0,0,0,-97,0,1,0,290576176,0,14,0,0,0,104,0,"[0, 0, 127, -128, 127, -128, 127, -128, 127, -128, 127, -128, 127, -128, 127, -128, 127, -128, 126, -128, 115, -128, 107, -128, 103, -128, 99, -128, 99, -122, 96, -113, 81, -93, 72, -71, 49, -62, 35, -51, 12, -53, -12, -50, -26, -56, -32, -63, -41, -73, -34, -82, 112, 52, 113, 70, 108, 79, 100, 96, 82, 103, 69, 105, 50, 94, 44, 86, 35, 63, 35, 33, 46, 17, 65, -8, 81, -24, 109, -32, 126, -38, 127, -23, 127, -16, 127, -8, 127, -21, 127, -22, 114, -32, 98, -63, 85, -71, 93, -124, 96, -128, 106, -128]",esp32_1
CSI_DATA,157638,2025-08-27 15:42:53.743,0,lie_down,00:00:00:00:00:00,-42,11,0,0,0,0,0,0,0,0,0,-97,0,1,0,1444695353,0,14,0,0,0,104,0,"[0, 0, -128, 127, -128, 127, -128, 127, -128, 127, -128, 127, -128, 127, -128, 127, -128, 127, -128, 127, -128, 127, -120, 126, -105, 102, -84, 79, -59, 57, -31, 40, 1, 32, 29, 31, 52, 37, 69, 49, 78, 63, 79, 76, 73, 86, 61, 90, 47, 88, 36, 84, -128, -123, -128, -128, -128, -128, -116, -128, -95, -128, -76, -116, -64, -92, -59, -64, -63, -33, -74, -4, -92, 22, -111, 43, -128, 59, -128, 70, -128, 78, -128, 80, -128, 79, -128, 78, -128, 77, -128, 77, -128, 83, -128, 95, -128, 113, -128, 127, -128, 127, -128, 127]",esp32_2
CSI_DATA,153982,2025-08-27 15:42:53.754,0,lie_down,00:00:00:00:00:00,-66,11,0,0,0,0,0,0,0,0,0,-97,0,1,0,290586135,0,14,0,0,0,104,0,"[0, 0, -128, 127, -128, 127, -128, 127, -128, 127, -128, 127, -128, 127, -123, 127, -114, 127, -100, 127, -89, 127, -80, 127, -76, 127, -73, 127, -74, 127, -73, 118, -63, 103, -55, 86, -44, 67, -20, 56, -4, 48, 18, 43, 38, 51, 43, 58, 47, 66, 52, 73, -115, -39, -123, -57, -116, -75, -112, -84, -94, -96, -83, -99, -60, -88, -51, -78, -41, -53, -49, -28, -51, -3, -63, 13, -83, 33, -101, 43, -128, 49, -128, 44, -128, 35, -128, 29, -128, 32, -126, 41, -111, 48, -91, 71, -79, 87, -76, 123, -78, 127, -77, 127]",esp32_1
CSI_DATA,153983,2025-08-27 15:42:53.784,0,lie_down,00:00:00:00:00:00,-66,11,0,0,0,0,0,0,0,0,0,-97,0,1,0,290597180,0,14,0,0,0,104,0,"[0, 0, -128, 94, -128, 82, -128, 48, -128, 43, -128, 38, -128, 31, -128, 35, -128, 33, -128, 43, -128, 45, -128, 59, -128, 55, -128, 60, -128, 48, -128, 37, -128, 26, -128, 25, -107, 22, -82, 35, -53, 43, -33, 56, -22, 79, -12, 88, -30, 109, -41, 123, -71, -128, -56, -128, -45, -128, -31, -128, -5, -128, 14, -128, 23, -128, 21, -122, 11, -93, -11, -58, -45, -56, -77, -51, -101, -44, -128, -54, -128, -62, -128, -93, -128, -108, -128, -118, -128, -94, -128, -74, -128, -45, -128, -19, -128, -11, -128, 52, -128, 80, -128, 77]",esp32_1
CSI_DATA,153984,2025-08-27 15:42:53.808,0,lie_down,00:00:00:00:00:00,-66,11,0,0,0,0,0,0,0,0,0,-97,0,1,0,290611814,0,14,0,0,0,104,0,"[0, 0, -128, -128, -128, -128, -128, -128, -128, -128, -128, -128, -128, -128, -128, -128, -128, -128, -128, -116, -128, -109, -128, -104, -128, -98, -128, -90, -128, -92, -116, -90, -98, -77, -80, -66, -66, -51, -57, -30, -51, -12, -52, 2, -61, 21, -64, 28, -75, 42, -85, 42, 39, -119, 56, -124, 73, -117, 82, -108, 93, -92, 96, -81, 84, -66, 72, -52, 51, -49, 31, -43, 3, -54, -23, -66, -25, -81, -36, -103, -39, -122, -43, -128, -36, -128, -31, -128, -20, -128, -26, -125, -36, -105, -54, -93, -89, -91, -117, -74, -128, -78, -128, -96]",esp32_1
CSI_DATA,157640,2025-08-27 15:42:53.829,0,lie_down,00:00:00:00:00:00,-42,11,0,0,0,0,0,0,0,0,0,-97,0,1,0,1444768958,0,14,0,0,0,104,0,"[0, 0, 127, -60, 127, -62, 127, -62, 127, -55, 127, -46, 127, -37, 127, -28, 127, -19, 127, -11, 127, -3, 127, 4, 127, 10, 127, 10, 101, 3, 64, -12, 33, -35, 12, -62, 3, -89, 2, -114, 8, -128, 20, -128, 33, -128, 46, -128, 57, -124, 61, -112, 44, 127, 20, 127, -8, 127, -25, 127, -35, 127, -37, 127, -27, 127, -5, 103, 25, 82, 60, 67, 99, 58, 127, 56, 127, 61, 127, 72, 127, 87, 127, 101, 127, 115, 127, 124, 127, 125, 127, 118, 127, 103, 127, 84, 127, 57, 127, 25, 127, -3, 127, -20]",esp32_2
CSI_DATA,153985,2025-08-27 15:42:53.840,0,lie_down,00:00:00:00:00:00,-66,11,0,0,0,0,0,0,0,0,0,-97,0,1,0,290616206,0,14,0,0,0,104,0,"[0, 0, 50, -128, 66, -128, 73, -128, 85, -128, 87, -128, 76, -128, 71, -128, 52, -128, 46, -128, 40, -128, 34, -128, 29, -128, 25, -128, 29, -128, 27, -128, 28, -128, 27, -113, 20, -85, 0, -69, -13, -54, -37, -49, -61, -50, -72, -53, -75, -52, -83, -60, 127, -5, 127, 10, 127, 31, 127, 46, 127, 64, 121, 68, 100, 67, 83, 61, 64, 45, 65, 10, 48, -12, 56, -36, 78, -68, 97, -90, 119, -102, 117, -95, 127, -96, 127, -92, 127, -96, 126, -91, 100, -101, 80, -108, 43, -121, 44, -128, 33, -128, 10, -128]",esp32_1
CSI_DATA,157641,2025-08-27 15:42:53.861,0,lie_down,00:00:00:00:00:00,-43,11,0,0,0,0,0,0,0,0,0,-97,0,1,0,1445353792,0,14,0,0,0,104,0,"[0, 0, -128, 127, -128, 127, -128, 127, -128, 127, -128, 127, -128, 127, -128, 127, -128, 127, -128, 127, -128, 127, -128, 122, -118, 98, -95, 75, -67, 55, -36, 41, -3, 34, 27, 35, 51, 45, 70, 61, 78, 76, 77, 90, 69, 100, 56, 104, 41, 102, 30, 97, -128, -128, -128, -128, -128, -128, -107, -128, -84, -128, -66, -120, -55, -91, -53, -58, -61, -25, -77, 5, -97, 31, -120, 52, -128, 66, -128, 75, -128, 81, -128, 81, -128, 78, -128, 75, -128, 75, -128, 77, -128, 85, -128, 99, -128, 119, -128, 127, -128, 127, -128, 127]",esp32_2
CSI_DATA,153986,2025-08-27 15:42:53.883,0,lie_down,00:00:00:00:00:00,-66,11,0,0,0,0,0,0,0,0,0,-97,0,1,0,290626513,0,14,0,0,0,104,0,"[0, 0, -98, -128, -87, -128, -76, -128, -59, -128, -51, -128, -46, -128, -46, -128, -57, -128, -58, -128, -65, -128, -64, -128, -65, -128, -66, -128, -55, -128, -53, -128, -40, -116, -30, -99, -26, -76, -32, -53, -36, -34, -51, -23, -64, -15, -74, -6, -86, -1, -88, -8, 103, -75, 120, -64, 127, -50, 127, -34, 127, -16, 126, -2, 106, 5, 88, 4, 66, -1, 53, -15, 31, -36, 21, -64, 25, -80, 37, -114, 44, -124, 45, -128, 56, -128, 65, -128, 64, -128, 57, -122, 33, -115, 9, -114, -28, -124, -47, -128, -69, -128, -95, -128]",esp32_1
CSI_DATA,157642,2025-08-27 15:42:53.893,0,lie_down,00:00:00:00:00:00,-43,11,0,0,0,0,0,0,0,0,0,-97,0,1,0,1445363752,0,14,0,0,0,104,0,"[0, 0, 122, -128, 123, -128, 127, -128, 127, -128, 127, -128, 127, -128, 127, -128, 127, -128, 127, -128, 124, -128, 114, -128, 101, -128, 83, -110, 59, -81, 29, -55, -5, -36, -39, -27, -69, -30, -93, -40, -108, -54, -114, -70, -111, -84, -97, -93, -80, -95, -69, -94, 127, 127, 127, 127, 127, 127, 127, 127, 115, 127, 89, 127, 72, 95, 65, 59, 66, 20, 75, -20, 93, -57, 116, -86, 127, -108, 127, -125, 127, -128, 127, -128, 127, -128, 127, -128, 127, -128, 127, -128, 127, -128, 127, -128, 127, -128, 127, -128, 127, -128, 127, -128]",esp32_2
CSI_DATA,153987,2025-08-27 15:42:53.909,0,lie_down,00:00:00:00:00:00,-66,11,0,0,0,0,0,0,0,0,0,-97,0,1,0,290636159,0,14,0,0,0,104,0,"[0, 0, -100, -128, -87, -128, -82, -128, -64, -128, -57, -128, -51, -128, -44, -128, -53, -128, -58, -128, -64, -128, -62, -128, -60, -128, -64, -128, -55, -128, -44, -128, -36, -121, -26, -98, -29, -76, -27, -57, -40, -36, -52, -21, -66, -14, -74, -9, -86, -3, -91, -9, 99, -78, 114, -72, 127, -57, 127, -43, 127, -23, 127, -10, 107, 2, 95, 6, 68, -3, 51, -16, 33, -37, 19, -64, 21, -85, 26, -112, 37, -124, 36, -128, 48, -128, 53, -128, 67, -128, 57, -128, 34, -122, 12, -121, -32, -121, -45, -128, -70, -128, -104, -128]",esp32_1
CSI_DATA,157643,2025-08-27 15:42:53.917,0,lie_down,00:00:00:00:00:00,-42,11,0,0,0,0,0,0,0,0,0,-97,0,1,0,1445373947,0,14,0,0,0,104,0,"[0, 0, -128, 35, -128, 36, -128, 32, -128, 28, -128, 25, -128, 20, -128, 14, -128, 8, -128, 1, -128, -4, -128, -9, -128, -13, -113, -13, -83, -9, -53, 3, -26, 22, -8, 43, 1, 65, 2, 86, -2, 102, -12, 110, -23, 112, -33, 106, -40, 96, -43, 86, -15, -128, 4, -128, 25, -128, 38, -128, 44, -128, 41, -121, 28, -96, 7, -75, -20, -59, -51, -50, -83, -47, -111, -49, -128, -56, -128, -68, -128, -80, -128, -92, -128, -103, -128, -107, -128, -106, -128, -99, -128, -85, -128, -67, -128, -47, -128, -25, -128, -6, -128, 5]",esp32_2
CSI_DATA,153988,2025-08-27 15:42:53.941,0,lie_down,00:00:00:00:00:00,-66,11,0,0,0,0,0,0,0,0,0,-97,0,1,0,290646145,0,14,0,0,0,104,0,"[0, 0, -128, -128, -128, -128, -128, -128, -128, -128, -118, -128, -113, -128, -108, -128, -122, -128, -121, -128, -128, -128, -126, -128, -126, -128, -120, -128, -113, -128, -98, -128, -81, -118, -64, -94, -52, -75, -56, -49, -50, -31, -59, -9, -73, 5, -83, 14, -96, 30, -104, 21, 111, -107, 127, -99, 127, -80, 127, -64, 127, -47, 127, -32, 126, -19, 101, -8, 75, -9, 57, -26, 23, -49, 7, -81, 11, -102, 16, -128, 21, -128, 16, -128, 29, -128, 34, -128, 47, -128, 34, -128, 17, -128, -10, -126, -59, -128, -82, -128, -121, -128, -128, -128]",esp32_1
CSI_DATA,157644,2025-08-27 15:42:53.949,0,lie_down,00:00:00:00:00:00,-42,11,0,0,0,0,0,0,0,0,0,-97,0,1,0,1445383723,0,14,0,0,0,104,0,"[0, 0, 127, 127, 127, 127, 127, 127, 127, 127, 127, 127, 127, 127, 127, 127, 127, 127, 127, 127, 127, 127, 127, 127, 110, 127, 87, 115, 67, 81, 53, 44, 46, 6, 48, -29, 59, -57, 76, -79, 92, -89, 108, -87, 122, -77, 125, -64, 121, -51, 115, -41, -128, 127, -128, 127, -128, 127, -128, 116, -128, 89, -128, 69, -116, 58, -77, 59, -38, 69, -1, 90, 30, 118, 54, 127, 69, 127, 78, 127, 84, 127, 84, 127, 80, 127, 76, 127, 75, 127, 77, 127, 86, 127, 104, 127, 127, 127, 127, 127, 127, 127, 127, 127]",esp32_2
CSI_DATA,153989,2025-08-27 15:42:53.974,0,lie_down,00:00:00:00:00:00,-66,11,0,0,0,0,0,0,0,0,0,-97,0,1,0,290656149,0,14,0,0,0,104,0,"[0, 0, -128, -128, -128, -128, -128, -128, -120, -128, -109, -128, -99, -128, -91, -128, -100, -128, -98, -128, -101, -128, -98, -128, -96, -120, -95, -117, -88, -111, -77, -98, -65, -89, -50, -72, -44, -58, -38, -41, -46, -16, -49, -6, -61, 3, -66, 13, -76, 20, -78, 18, 75, -87, 87, -82, 102, -71, 110, -61, 112, -48, 107, -32, 96, -19, 81, -13, 58, -15, 42, -25, 15, -42, -1, -57, 3, -78, -4, -105, 5, -115, 3, -128, 10, -128, 15, -128, 24, -128, 19, -117, 7, -102, -18, -101, -52, -100, -69, -108, -101, -117, -128, -128]",esp32_1
CSI_DATA,157645,2025-08-27 15:42:53.981,0,lie_down,00:00:00:00:00:00,-42,11,0,0,0,0,0,0,0,0,0,-97,0,1,0,1445393693,0,14,0,0,0,104,0,"[0, 0, 127, 127, 127, 127, 127, 127, 127, 127, 127, 127, 127, 127, 127, 127, 127, 127, 127, 127, 127, 127, 109, 127, 85, 127, 65, 108, 50, 76, 40, 42, 37, 7, 42, -23, 55, -48, 73, -65, 90, -71, 105, -68, 116, -58, 117, -44, 111, -31, 105, -22, -128, 127, -128, 127, -128, 119, -128, 93, -128, 70, -128, 54, -104, 46, -70, 48, -37, 59, -6, 78, 20, 104, 40, 127, 52, 127, 60, 127, 63, 127, 60, 127, 55, 127, 51, 127, 49, 127, 53, 127, 63, 127, 80, 127, 103, 127, 127, 127, 127, 127, 127, 127]",esp32_2
CSI_DATA,153990,2025-08-27 15:42:53.997,0,lie_down,00:00:00:00:00:00,-66,11,0,0,0,0,0,0,0,0,0,-97,0,1,0,290666762,0,14,0,0,0,104,0,"[0, 0, 127, 127, 127, 127, 127, 127, 127, 127, 126, 127, 113, 127, 113, 127, 117, 127, 121, 127, 125, 127, 119, 127, 123, 127, 115, 127, 115, 127, 98, 127, 79, 123, 60, 100, 54, 72, 52, 50, 55, 28, 64, 11, 73, -3, 85, -16, 103, -26, 110, -17, -100, 116, -119, 108, -128, 92, -128, 79, -128, 54, -128, 42, -122, 25, -109, 17, -74, 20, -57, 26, -20, 53, -1, 76, -7, 101, -9, 127, -14, 127, -7, 127, -21, 127, -30, 127, -43, 127, -36, 127, -14, 127, 18, 127, 65, 127, 89, 127, 119, 127, 127, 127]",esp32_1
CSI_DATA,153991,2025-08-27 15:42:54.029,0,lie_down,00:00:00:00:00:00,-66,11,0,0,0,0,0,0,0,0,0,-97,0,1,0,290677264,0,14,0,0,0,104,0,"[0, 0, -128, 64, -128, 51, -128, 32, -128, 27, -128, 16, -128, 18, -128, 18, -128, 25, -128, 26, -128, 29, -128, 43, -128, 45, -128, 43, -128, 32, -128, 23, -115, 21, -103, 17, -80, 18, -62, 25, -44, 36, -24, 43, -17, 59, -8, 69, -17, 87, -24, 92, -47, -117, -39, -128, -22, -128, -14, -128, 10, -128, 23, -128, 22, -113, 20, -91, 10, -73, -8, -45, -31, -38, -62, -38, -78, -37, -107, -50, -114, -60, -128, -78, -127, -92, -128, -92, -116, -81, -106, -66, -103, -45, -109, -23, -127, -3, -128, 36, -128, 57, -128, 62]",esp32_1
CSI_DATA,153992,2025-08-27 15:42:54.056,0,lie_down,00:00:00:00:00:00,-66,11,0,0,0,0,0,0,0,0,0,-97,0,1,0,290686206,0,14,0,0,0,104,0,"[0, 0, -128, -25, -128, -43, -128, -69, -128, -75, -128, -65, -128, -70, -128, -58, -128, -50, -128, -38, -128, -28, -128, -22, -128, -16, -128, -15, -128, -24, -128, -17, -128, -25, -119, -21, -93, -12, -76, 8, -57, 26, -44, 30, -41, 55, -43, 70, -59, 88, -67, 91, -14, -128, 3, -128, 20, -128, 31, -128, 53, -128, 64, -128, 66, -113, 55, -89, 36, -72, 15, -54, -26, -60, -50, -58, -72, -62, -95, -79, -112, -106, -126, -128, -118, -128, -115, -128, -102, -128, -95, -113, -97, -92, -108, -62, -128, -55, -128, -13, -128, -1, -128, -10]",esp32_1
CSI_DATA,157647,2025-08-27 15:42:54.066,0,lie_down,00:00:00:00:00:00,-43,11,0,0,0,0,0,0,0,0,0,-97,0,1,0,1445413722,0,14,0,0,0,104,0,"[0, 0, -128, -33, -128, -34, -128, -37, -128, -38, -128, -39, -128, -41, -128, -42, -128, -44, -128, -46, -128, -46, -128, -45, -128, -42, -100, -35, -72, -24, -47, -7, -26, 16, -13, 38, -10, 60, -13, 80, -20, 94, -31, 100, -40, 99, -48, 93, -53, 83, -55, 72, 60, -128, 75, -128, 87, -128, 91, -128, 88, -113, 77, -90, 56, -71, 30, -60, 0, -56, -31, -58, -61, -67, -86, -78, -107, -91, -124, -108, -128, -124, -128, -128, -128, -128, -128, -128, -128, -128, -128, -128, -128, -128, -128, -113, -128, -94, -128, -75, -128, -61, -128, -55]",esp32_2
CSI_DATA,157648,2025-08-27 15:42:54.098,0,lie_down,00:00:00:00:00:00,-43,11,0,0,0,0,0,0,0,0,0,-97,0,1,0,1445423703,0,14,0,0,0,104,0,"[0, 0, 121, 127, 121, 127, 122, 127, 119, 127, 113, 127, 105, 127, 97, 127, 88, 127, 76, 127, 63, 127, 48, 127, 36, 127, 27, 101, 22, 72, 22, 42, 29, 13, 40, -11, 55, -26, 72, -35, 87, -37, 99, -32, 104, -22, 103, -12, 96, -3, 89, 3, -128, 72, -128, 53, -128, 29, -128, 12, -128, 1, -120, -4, -94, 1, -69, 14, -46, 34, -27, 59, -15, 87, -8, 114, -8, 127, -11, 127, -17, 127, -24, 127, -31, 127, -36, 127, -37, 127, -32, 127, -20, 127, -3, 127, 20, 127, 45, 127, 69, 127, 85, 127]",esp32_2
CSI_DATA,157649,2025-08-27 15:42:54.124,0,lie_down,00:00:00:00:00:00,-43,11,0,0,0,0,0,0,0,0,0,-97,0,1,0,1445433718,0,14,0,0,0,104,0,"[0, 0, 127, 127, 127, 127, 127, 127, 127, 127, 127, 127, 127, 127, 127, 127, 127, 127, 127, 127, 127, 127, 110, 127, 87, 121, 67, 95, 50, 66, 38, 34, 33, 1, 36, -28, 48, -51, 64, -68, 80, -76, 93, -74, 102, -66, 104, -54, 101, -41, 96, -31, -128, 127, -128, 123, -128, 94, -128, 70, -128, 51, -128, 38, -100, 34, -67, 38, -36, 52, -8, 72, 16, 98, 34, 124, 43, 127, 48, 127, 50, 127, 47, 127, 42, 127, 40, 127, 40, 127, 42, 127, 52, 127, 69, 127, 91, 127, 117, 127, 127, 127, 127, 127]",esp32_2
CSI_DATA,153994,2025-08-27 15:42:54.148,0,lie_down,00:00:00:00:00:00,-66,11,0,0,0,0,0,0,0,0,0,-97,0,1,0,290706189,0,14,0,0,0,104,0,"[0, 0, -128, 127, -128, 127, -128, 127, -128, 127, -128, 127, -128, 127, -128, 127, -128, 127, -128, 127, -128, 127, -128, 127, -128, 127, -126, 127, -127, 120, -118, 108, -100, 89, -80, 74, -69, 61, -46, 60, -24, 58, 5, 55, 25, 68, 35, 79, 31, 92, 24, 103, -118, -82, -113, -102, -115, -115, -95, -128, -77, -128, -64, -128, -43, -123, -28, -100, -25, -77, -39, -43, -47, -23, -72, -1, -104, 17, -128, 28, -128, 23, -128, 1, -128, -9, -128, -16, -128, -2, -128, 9, -128, 28, -128, 50, -122, 64, -123, 123, -128, 127, -128, 127]",esp32_1
CSI_DATA,157650,2025-08-27 15:42:54.150,0,lie_down,00:00:00:00:00:00,-42,11,0,0,0,0,0,0,0,0,0,-97,0,1,0,1445443774,0,14,0,0,0,104,0,"[0, 0, -50, 127, -51, 127, -55, 127, -60, 127, -65, 127, -68, 127, -71, 127, -73, 127, -75, 127, -75, 127, -74, 127, -69, 127, -55, 126, -36, 94, -12, 65, 18, 42, 48, 29, 75, 28, 98, 36, 113, 47, 121, 61, 118, 74, 105, 81, 89, 85, 76, 85, -128, -31, -128, -53, -128, -74, -128, -86, -128, -88, -128, -77, -109, -55, -90, -26, -79, 9, -77, 48, -83, 88, -94, 121, -110, 127, -128, 127, -128, 127, -128, 127, -128, 127, -128, 127, -128, 127, -128, 127, -128, 127, -128, 127, -124, 127, -101, 127, -78, 127, -63, 127]",esp32_2
CSI_DATA,153995,2025-08-27 15:42:54.172,0,lie_down,00:00:00:00:00:00,-67,11,0,0,0,0,0,0,0,0,0,-97,0,1,0,290718037,0,14,0,0,0,104,0,"[0, 0, 127, 127, 127, 127, 127, 127, 121, 127, 110, 127, 95, 127, 94, 127, 100, 127, 101, 127, 105, 127, 107, 127, 97, 127, 97, 120, 89, 114, 75, 107, 63, 98, 53, 78, 49, 57, 45, 37, 40, 19, 48, 8, 64, -7, 70, -14, 81, -21, 90, -19, -78, 91, -90, 90, -106, 73, -118, 63, -121, 53, -110, 35, -97, 22, -83, 12, -57, 19, -39, 26, -15, 51, 1, 65, 0, 84, 5, 111, -4, 125, -2, 127, -16, 127, -18, 127, -26, 127, -20, 125, -3, 113, 18, 104, 56, 104, 76, 112, 101, 117, 127, 127]",esp32_1
CSI_DATA,157651,2025-08-27 15:42:54.183,0,lie_down,00:00:00:00:00:00,-43,11,0,0,0,0,0,0,0,0,0,-97,0,1,0,1445453859,0,14,0,0,0,104,0,"[0, 0, 127, 99, 127, 100, 127, 102, 127, 105, 127, 107, 127, 107, 127, 107, 127, 107, 127, 106, 127, 102, 127, 97, 127, 87, 115, 71, 86, 48, 60, 20, 41, -12, 33, -45, 35, -74, 46, -97, 61, -111, 77, -116, 90, -110, 97, -97, 98, -82, 96, -69, -73, 127, -92, 127, -109, 127, -116, 127, -113, 127, -99, 120, -73, 97, -41, 83, -2, 78, 39, 82, 77, 93, 107, 108, 127, 127, 127, 127, 127, 127, 127, 127, 127, 127, 127, 127, 127, 127, 127, 127, 127, 127, 127, 127, 127, 127, 127, 126, 127, 109, 127, 100]",esp32_2
CSI_DATA,153996,2025-08-27 15:42:54.197,0,lie_down,00:00:00:00:00:00,-66,11,0,0,0,0,0,0,0,0,0,-97,0,1,0,290726151,0,14,0,0,0,104,0,"[0, 0, -110, -128, -112, -128, -105, -128, -79, -128, -67, -128, -65, -128, -62, -128, -75, -128, -81, -128, -88, -128, -82, -128, -82, -128, -80, -128, -78, -128, -67, -128, -55, -126, -44, -99, -41, -81, -38, -55, -50, -32, -58, -20, -78, -7, -90, -2, -102, 8, -112, 2, 114, -86, 127, -74, 127, -59, 127, -43, 127, -21, 127, -8, 122, 1, 101, 2, 72, -1, 57, -18, 28, -44, 19, -71, 29, -99, 32, -121, 44, -128, 34, -128, 53, -128, 56, -128, 70, -128, 57, -128, 42, -128, 13, -128, -38, -128, -55, -128, -83, -128, -120, -128]",esp32_1
CSI_DATA,157652,2025-08-27 15:42:54.211,0,lie_down,00:00:00:00:00:00,-43,11,0,0,0,0,0,0,0,0,0,-97,0,1,0,1445475668,0,14,0,0,0,104,0,"[0, 0, -128, -128, -128, -128, -128, -128, -128, -128, -128, -128, -128, -128, -128, -128, -128, -128, -125, -128, -107, -128, -89, -128, -70, -122, -54, -97, -40, -68, -32, -37, -30, -5, -34, 22, -46, 43, -61, 58, -76, 63, -90, 62, -99, 55, -100, 44, -96, 34, -90, 25, 127, -94, 127, -74, 127, -51, 127, -31, 127, -16, 124, -9, 95, -10, 67, -20, 42, -38, 19, -62, 1, -91, -11, -117, -16, -128, -17, -128, -16, -128, -13, -128, -8, -128, -4, -128, -3, -128, -8, -128, -19, -128, -36, -128, -60, -128, -87, -128, -111, -128, -125, -128]",esp32_2
CSI_DATA,153997,2025-08-27 15:42:54.229,0,lie_down,00:00:00:00:00:00,-67,11,0,0,0,0,0,0,0,0,0,-97,0,1,0,290736168,0,14,0,0,0,104,0,"[0, 0, 127, -128, 127, -128, 127, -128, 127, -128, 127, -123, 127, -106, 127, -99, 127, -101, 127, -101, 127, -102, 127, -109, 127, -110, 122, -100, 126, -92, 109, -74, 95, -64, 84, -60, 59, -48, 43, -47, 23, -46, 1, -49, -11, -66, -20, -70, -18, -88, -11, -94, 96, 80, 91, 94, 84, 104, 73, 111, 59, 121, 42, 114, 30, 102, 18, 89, 21, 70, 28, 36, 43, 20, 64, 0, 85, -16, 112, -17, 127, -10, 127, 2, 127, 16, 127, 18, 127, 11, 127, 7, 116, -12, 115, -36, 113, -51, 115, -98, 127, -120, 127, -128]",esp32_1
CSI_DATA,157653,2025-08-27 15:42:54.242,0,lie_down,00:00:00:00:00:00,-43,11,0,0,0,0,0,0,0,0,0,-97,0,1,0,1445479269,0,14,0,0,0,104,0,"[0, 0, -128, -49, -128, -48, -128, -46, -128, -48, -128, -48, -128, -49, -128, -53, -128, -58, -128, -63, -128, -66, -128, -66, -128, -61, -128, -49, -94, -32, -61, -7, -33, 22, -15, 53, -9, 83, -12, 110, -22, 127, -38, 127, -54, 127, -66, 127, -73, 112, -75, 99, 106, -128, 121, -128, 127, -128, 127, -128, 127, -128, 113, -106, 84, -86, 49, -73, 10, -69, -31, -73, -69, -84, -101, -98, -128, -118, -128, -128, -128, -128, -128, -128, -128, -128, -128, -128, -128, -128, -128, -128, -128, -128, -128, -128, -128, -128, -128, -110, -128, -88, -128, -76]",esp32_2
CSI_DATA,153998,2025-08-27 15:42:54.258,0,lie_down,00:00:00:00:00:00,-67,11,0,0,0,0,0,0,0,0,0,-97,0,1,0,290746154,0,14,0,0,0,104,0,"[0, 0, 78, -128, 99, -128, 108, -128, 124, -128, 123, -128, 119, -128, 102, -128, 78, -128, 71, -128, 53, -128, 47, -128, 43, -128, 37, -128, 45, -128, 45, -128, 40, -128, 43, -124, 31, -89, 7, -75, -16, -58, -46, -53, -71, -47, -86, -59, -96, -57, -94, -66, 127, 21, 127, 37, 127, 63, 127, 79, 127, 100, 122, 103, 93, 98, 80, 89, 59, 63, 50, 26, 48, -10, 63, -34, 86, -74, 112, -100, 127, -109, 127, -107, 127, -94, 127, -97, 127, -94, 127, -93, 123, -98, 100, -121, 60, -128, 54, -128, 47, -128, 34, -128]",esp32_1
CSI_DATA,153999,2025-08-27 15:42:54.288,0,lie_down,00:00:00:00:00:00,-66,11,0,0,0,0,0,0,0,0,0,-97,0,1,0,290756203,0,14,0,0,0,104,0,"[0, 0, -128, -44, -128, -60, -128, -82, -128, -91, -128, -90, -128, -82, -128, -80, -128, -65, -128, -52, -128, -36, -128, -31, -128, -31, -128, -25, -128, -33, -128, -30, -128, -28, -120, -20, -89, -15, -76, 3, -60, 24, -49, 35, -47, 58, -47, 73, -60, 86, -69, 94, -4, -128, 16, -128, 32, -128, 47, -128, 65, -128, 78, -128, 67, -106, 61, -86, 38, -73, 18, -56, -18, -66, -53, -63, -72, -68, -89, -90, -104, -114, -120, -128, -117, -128, -109, -128, -98, -128, -91, -120, -93, -90, -112, -70, -128, -64, -128, -22, -128, -5, -128, -33]",esp32_1
CSI_DATA,157655,2025-08-27 15:42:54.332,0,lie_down,00:00:00:00:00:00,-43,11,0,0,0,0,0,0,0,0,0,-97,0,1,0,1445493705,0,14,0,0,0,104,0,"[0, 0, 127, -13, 127, -14, 127, -10, 127, -5, 127, -3, 127, 0, 127, 5, 127, 9, 127, 14, 127, 18, 127, 22, 127, 24, 100, 20, 73, 13, 46, -1, 22, -20, 7, -41, 1, -63, 1, -83, 7, -98, 16, -105, 27, -105, 38, -98, 45, -88, 47, -78, -12, 127, -29, 127, -47, 127, -58, 127, -61, 127, -55, 105, -40, 83, -19, 65, 9, 54, 41, 48, 72, 49, 99, 55, 122, 64, 127, 77, 127, 91, 127, 103, 127, 114, 127, 120, 127, 117, 127, 110, 127, 97, 127, 80, 127, 63, 127, 42, 127, 24, 127, 14]",esp32_2
CSI_DATA,157656,2025-08-27 15:42:54.368,0,lie_down,00:00:00:00:00:00,-43,11,0,0,0,0,0,0,0,0,0,-97,0,1,0,1445503724,0,14,0,0,0,104,0,"[0, 0, -128, -128, -128, -128, -128, -128, -128, -128, -128, -128, -128, -128, -128, -128, -128, -128, -123, -128, -105, -128, -87, -128, -68, -128, -52, -108, -41, -77, -35, -43, -34, -10, -41, 18, -56, 38, -74, 52, -90, 56, -105, 53, -114, 44, -113, 31, -106, 20, -99, 11, 127, -122, 127, -101, 127, -74, 127, -50, 127, -33, 127, -23, 101, -22, 71, -30, 42, -47, 16, -71, -4, -99, -17, -128, -23, -128, -23, -128, -22, -128, -19, -128, -13, -128, -7, -128, -4, -128, -8, -128, -20, -128, -39, -128, -60, -128, -86, -128, -113, -128, -128, -128]",esp32_2
CSI_DATA,157657,2025-08-27 15:42:54.394,0,lie_down,00:00:00:00:00:00,-43,11,0,0,0,0,0,0,0,0,0,-97,0,1,0,1445518716,0,14,0,0,0,104,0,"[0, 0, -128, 100, -128, 104, -128, 101, -128, 96, -128, 90, -128, 83, -128, 73, -128, 62, -128, 51, -128, 41, -128, 30, -128, 19, -115, 13, -81, 12, -48, 18, -16, 31, 8, 47, 23, 68, 29, 90, 28, 108, 20, 120, 8, 125, -6, 122, -19, 113, -26, 102, -44, -128, -24, -128, -1, -128, 17, -128, 27, -128, 28, -128, 18, -100, 0, -75, -27, -53, -58, -38, -91, -28, -121, -24, -128, -27, -128, -34, -128, -42, -128, -52, -128, -62, -128, -70, -128, -70, -128, -62, -128, -48, -128, -30, -128, -9, -128, 16, -128, 40, -128, 55]",esp32_2
CSI_DATA,154002,2025-08-27 15:42:54.416,0,lie_down,00:00:00:00:00:00,-66,11,0,0,0,0,0,0,0,0,0,-97,0,1,0,290786140,0,14,0,0,0,104,0,"[0, 0, -128, -128, -128, -128, -128, -128, -128, -128, -128, -128, -128, -128, -122, -128, -127, -128, -124, -128, -128, -128, -128, -128, -125, -123, -121, -119, -109, -117, -93, -106, -82, -94, -69, -76, -54, -54, -47, -37, -51, -11, -58, -5, -64, 20, -77, 21, -84, 31, -96, 25, 69, -111, 85, -113, 101, -104, 113, -91, 120, -74, 116, -64, 102, -41, 87, -33, 65, -28, 39, -37, 9, -47, -11, -70, -11, -90, -22, -114, -18, -128, -24, -128, -8, -128, -7, -128, 2, -128, -4, -128, -21, -122, -38, -120, -79, -113, -102, -115, -128, -120, -128, -128]",esp32_1
CSI_DATA,157658,2025-08-27 15:42:54.427,0,lie_down,00:00:00:00:00:00,-43,11,0,0,0,0,0,0,0,0,0,-97,0,1,0,1445524010,0,14,0,0,0,104,0,"[0, 0, -117, 127, -119, 127, -119, 127, -123, 127, -124, 127, -122, 127, -121, 127, -121, 127, -118, 127, -113, 127, -106, 127, -95, 127, -77, 110, -53, 80, -24, 55, 10, 37, 41, 29, 69, 31, 92, 41, 106, 55, 111, 69, 107, 80, 95, 88, 79, 90, 68, 88, -128, -119, -128, -128, -128, -128, -128, -128, -121, -128, -96, -119, -77, -88, -69, -52, -70, -15, -79, 22, -95, 58, -115, 87, -128, 110, -128, 127, -128, 127, -128, 127, -128, 127, -128, 127, -128, 127, -128, 127, -128, 127, -128, 127, -128, 127, -128, 127, -123, 127, -111, 127]",esp32_2
CSI_DATA,154003,2025-08-27 15:42:54.438,0,lie_down,00:00:00:00:00:00,-66,11,0,0,0,0,0,0,0,0,0,-97,0,1,0,290796136,0,14,0,0,0,104,0,"[0, 0, -128, -128, -128, -128, -128, -128, -128, -128, -128, -128, -128, -128, -128, -128, -128, -128, -128, -128, -128, -127, -128, -125, -128, -118, -128, -115, -128, -113, -128, -103, -118, -91, -92, -63, -76, -56, -69, -32, -64, -4, -58, 6, -68, 30, -76, 38, -91, 55, -107, 52, 56, -128, 79, -128, 100, -128, 107, -121, 119, -107, 121, -93, 111, -62, 93, -51, 68, -50, 44, -45, 4, -66, -24, -87, -29, -94, -36, -121, -42, -128, -55, -128, -43, -128, -43, -128, -24, -128, -28, -128, -39, -128, -65, -122, -121, -113, -128, -104, -128, -106, -128, -128]",esp32_1
CSI_DATA,157659,2025-08-27 15:42:54.449,0,lie_down,00:00:00:00:00:00,-43,11,0,0,0,0,0,0,0,0,0,-97,0,1,0,1445534151,0,14,0,0,0,104,0,"[0, 0, -128, -99, -128, -101, -128, -106, -128, -108, -128, -105, -128, -104, -128, -104, -128, -102, -128, -100, -128, -97, -128, -91, -128, -80, -101, -64, -73, -45, -49, -19, -31, 11, -23, 40, -24, 66, -32, 87, -44, 100, -57, 103, -68, 100, -75, 91, -77, 79, -76, 67, 124, -128, 127, -128, 127, -128, 127, -118, 127, -96, 110, -76, 83, -62, 51, -56, 17, -60, -17, -70, -48, -87, -73, -107, -92, -128, -107, -128, -116, -128, -120, -128, -121, -128, -120, -128, -118, -128, -116, -128, -121, -128, -128, -128, -128, -128, -128, -128, -128, -121, -128, -119]",esp32_2
CSI_DATA,154004,2025-08-27 15:42:54.471,0,lie_down,00:00:00:00:00:00,-66,11,0,0,0,0,0,0,0,0,0,-97,0,1,0,290806167,0,14,0,0,0,104,0,"[0, 0, -128, 127, -128, 127, -128, 127, -128, 127, -128, 127, -128, 127, -128, 122, -128, 113, -128, 112, -117, 114, -110, 114, -105, 114, -100, 114, -94, 103, -94, 92, -85, 80, -69, 63, -53, 49, -34, 45, -17, 46, 8, 44, 19, 60, 27, 61, 28, 76, 24, 85, -103, -56, -101, -71, -99, -88, -88, -94, -75, -104, -59, -103, -46, -89, -35, -80, -29, -53, -33, -34, -43, -17, -57, 5, -81, 19, -103, 25, -115, 25, -128, 20, -128, 8, -128, 2, -128, 13, -121, 17, -109, 30, -97, 53, -99, 64, -99, 101, -105, 127, -117, 127]",esp32_1
CSI_DATA,154005,2025-08-27 15:42:54.503,0,lie_down,00:00:00:00:00:00,-67,11,0,0,0,0,0,0,0,0,0,-97,0,1,0,290821255,0,14,0,0,0,104,0,"[0, 0, -128, -53, -128, -66, -128, -94, -128, -97, -128, -102, -128, -91, -128, -87, -128, -71, -128, -60, -128, -48, -128, -35, -128, -34, -128, -29, -128, -44, -128, -41, -128, -37, -123, -29, -101, -23, -85, -5, -73, 20, -56, 35, -53, 56, -59, 72, -71, 85, -84, 91, -23, -128, 0, -128, 11, -128, 31, -128, 43, -128, 62, -128, 58, -112, 51, -103, 28, -79, 3, -58, -28, -66, -64, -74, -81, -72, -93, -94, -111, -111, -125, -128, -120, -128, -111, -128, -106, -128, -94, -121, -103, -92, -114, -76, -128, -63, -128, -20, -128, -10, -128, -30]",esp32_1
