type,seq,timestamp,taget_seq,taget,mac,rssi,rate,sig_mode,mcs,cwb,smoothing,not_sounding,aggregation,stbc,fec_coding,sgi,noise_floor,ampdu_cnt,channel_primary,channel_secondary,local_timestamp,ant,sig_len,rx_state,agc_gain,fft_gain,len,first_word_invalid,data,device_id
CSI_DATA,113891,2025-07-23 16:47:57.575,0,lie_down,00:00:00:00:00:00,-74,11,0,0,0,0,0,0,0,0,0,-97,0,1,0,1285849464,0,14,0,0,0,104,0,"[0, 0, 92, -84, 96, -72, 104, -58, 126, -40, 127, -29, 127, -24, 127, -20, 127, -19, 127, -28, 127, -41, 127, -57, 127, -77, 127, -95, 127, -107, 127, -116, 127, -121, 127, -124, 127, -124, 127, -117, 123, -100, 82, -74, 45, -42, 21, -10, 2, 19, -13, 41, -111, 45, -108, 33, -101, 16, -96, 1, -92, -11, -89, -24, -88, -44, -84, -65, -75, -82, -70, -96, -69, -107, -59, -116, -46, -121, -33, -121, -20, -117, -9, -108, 2, -105, 16, -113, 32, -117, 52, -111, 65, -113, 71, -116, 82, -117, 92, -124, 96, -128, 94, -128]",esp32_2
CSI_DATA,214640,2025-07-23 16:47:57.577,0,lie_down,00:00:00:00:00:00,-62,11,0,0,0,0,0,0,0,0,0,-97,0,1,0,2665107771,0,14,0,0,0,104,0,"[0, 0, 58, 18, 33, -14, 14, -47, -2, -82, -15, -115, -21, -128, -21, -128, -19, -128, -13, -128, -4, -128, 2, -128, 8, -128, 17, -128, 24, -128, 24, -128, 19, -128, 11, -125, -1, -108, -17, -94, -34, -82, -50, -75, -65, -74, -73, -76, -76, -82, -77, -87, 16, 78, 15, 91, 12, 105, 7, 117, -2, 127, -12, 127, -20, 125, -23, 120, -19, 111, -11, 99, 0, 86, 17, 75, 41, 64, 67, 56, 90, 52, 113, 51, 127, 54, 127, 60, 127, 67, 127, 74, 127, 81, 127, 89, 127, 97, 127, 99, 127, 95, 127, 91]",esp32_1
CSI_DATA,113892,2025-07-23 16:47:57.608,0,lie_down,00:00:00:00:00:00,-74,11,0,0,0,0,0,0,0,0,0,-97,0,1,0,1285849874,0,14,0,0,0,104,0,"[0, 0, -66, -103, -46, -106, -23, -119, -4, -128, 11, -128, 24, -128, 35, -128, 43, -128, 43, -128, 34, -128, 15, -128, -5, -128, -20, -128, -34, -128, -48, -128, -59, -128, -61, -128, -60, -128, -59, -128, -52, -128, -43, -99, -30, -64, -7, -29, 17, 1, 34, 19, 18, 109, 15, 107, 2, 104, -15, 96, -34, 84, -53, 74, -70, 66, -87, 56, -103, 49, -118, 44, -127, 38, -125, 37, -125, 34, -125, 18, -119, 4, -113, -8, -108, -26, -103, -40, -99, -55, -94, -74, -91, -87, -91, -95, -93, -105, -99, -114, -106, -120, -104, -125]",esp32_2
CSI_DATA,113893,2025-07-23 16:47:57.633,0,lie_down,00:00:00:00:00:00,-75,11,0,0,0,0,0,0,0,0,0,-97,0,1,0,1285857623,0,14,0,0,0,104,0,"[0, 0, -124, -88, -103, -101, -77, -121, -56, -128, -39, -128, -27, -128, -24, -128, -21, -128, -18, -128, -27, -128, -48, -128, -68, -128, -90, -128, -110, -128, -126, -128, -128, -128, -128, -128, -128, -128, -120, -128, -101, -128, -80, -105, -57, -70, -31, -34, 1, 4, 31, 27, 85, 96, 76, 92, 55, 92, 33, 95, 14, 98, -11, 95, -37, 91, -56, 94, -76, 96, -95, 92, -102, 89, -100, 91, -104, 90, -113, 80, -110, 61, -96, 36, -91, 14, -96, -2, -103, -21, -107, -44, -113, -62, -122, -79, -128, -97, -128, -106, -128, -106, -128, -105]",esp32_2
CSI_DATA,214642,2025-07-23 16:47:57.643,0,lie_down,00:00:00:00:00:00,-63,11,0,0,0,0,0,0,0,0,0,-97,0,1,0,2665127837,0,14,0,0,0,104,0,"[0, 0, 21, -70, -19, -44, -63, -22, -103, -8, -128, 1, -128, 3, -128, 1, -128, -4, -128, -12, -128, -23, -128, -35, -128, -46, -128, -51, -128, -52, -128, -49, -128, -39, -128, -24, -121, -6, -108, 15, -100, 35, -98, 54, -98, 70, -102, 80, -112, 84, -120, 85, 99, -29, 112, -24, 127, -16, 127, -8, 127, 1, 127, 10, 127, 18, 127, 22, 127, 22, 123, 14, 106, -2, 91, -21, 80, -42, 72, -70, 65, -104, 60, -128, 62, -128, 70, -128, 79, -128, 90, -128, 102, -128, 113, -128, 120, -128, 121, -128, 116, -128, 111, -128]",esp32_1
CSI_DATA,113894,2025-07-23 16:47:57.660,0,lie_down,00:00:00:00:00:00,-74,11,0,0,0,0,0,0,0,0,0,-97,0,1,0,1285870829,0,14,0,0,0,104,0,"[0, 0, 127, -64, 127, -58, 127, -39, 127, -13, 127, 15, 127, 44, 127, 69, 127, 86, 127, 102, 127, 120, 127, 127, 127, 127, 127, 127, 127, 119, 127, 111, 127, 101, 127, 78, 127, 58, 127, 45, 127, 30, 127, 16, 100, 10, 58, 8, 15, 10, -15, 15, -98, 33, -94, 27, -81, 13, -67, -4, -60, -21, -56, -39, -52, -63, -50, -85, -50, -104, -49, -115, -47, -117, -45, -122, -43, -128, -44, -123, -41, -105, -37, -80, -24, -63, 1, -50, 28, -34, 57, -23, 82, -23, 106, -24, 127, -24, 127, -29, 127, -41, 127, -52]",esp32_2
CSI_DATA,214644,2025-07-23 16:47:57.729,0,lie_down,00:00:00:00:00:00,-62,11,0,0,0,0,0,0,0,0,0,-97,0,1,0,2665147786,0,14,0,0,0,104,0,"[0, 0, -20, -49, -32, -9, -50, 29, -67, 59, -86, 84, -106, 106, -128, 121, -128, 127, -128, 127, -128, 127, -128, 123, -128, 115, -128, 102, -128, 89, -128, 79, -108, 72, -85, 70, -64, 73, -43, 78, -27, 85, -16, 93, -6, 102, -2, 111, -5, 121, -11, 126, 63, -61, 73, -63, 85, -65, 98, -64, 111, -61, 119, -55, 120, -47, 115, -39, 103, -33, 88, -34, 69, -41, 48, -49, 26, -57, 6, -72, -15, -93, -32, -118, -44, -128, -54, -128, -60, -128, -60, -128, -55, -128, -49, -128, -42, -128, -36, -128, -28, -128, -21, -128]",esp32_1
CSI_DATA,214645,2025-07-23 16:47:57.754,0,lie_down,00:00:00:00:00:00,-62,11,0,0,0,0,0,0,0,0,0,-97,0,1,0,2665157813,0,14,0,0,0,104,0,"[0, 0, -60, -23, -49, 17, -46, 56, -44, 93, -46, 126, -52, 127, -64, 127, -79, 127, -92, 127, -102, 127, -108, 127, -109, 127, -106, 127, -101, 127, -89, 127, -70, 124, -50, 111, -30, 104, -10, 101, 7, 101, 22, 105, 32, 111, 35, 118, 32, 126, 28, 127, 5, -91, 9, -102, 16, -114, 26, -124, 39, -128, 49, -128, 56, -122, 57, -113, 52, -102, 39, -91, 23, -82, 2, -74, -23, -67, -52, -65, -80, -71, -105, -82, -128, -95, -128, -108, -128, -118, -128, -127, -128, -128, -128, -128, -128, -128, -128, -128, -128, -128, -123, -128]",esp32_1
CSI_DATA,113896,2025-07-23 16:47:57.754,0,lie_down,00:00:00:00:00:00,-74,11,0,0,0,0,0,0,0,0,0,-97,0,1,0,1285887586,0,14,0,0,0,104,0,"[0, 0, -128, -114, -128, -111, -128, -108, -118, -117, -86, -128, -55, -128, -25, -128, 3, -128, 25, -128, 41, -128, 48, -128, 50, -128, 53, -128, 53, -128, 43, -128, 31, -128, 24, -128, 21, -128, 18, -128, 7, -128, -6, -128, -11, -126, -8, -79, -3, -32, 3, -1, 95, -7, 79, -1, 57, 12, 42, 29, 25, 46, 7, 66, -5, 86, -19, 107, -32, 127, -36, 127, -38, 127, -27, 127, -5, 127, 9, 127, 16, 127, 17, 109, 17, 77, 22, 46, 18, 15, -2, -19, -27, -52, -51, -82, -74, -107, -97, -117, -125, -121, -128, -128]",esp32_2
CSI_DATA,113897,2025-07-23 16:47:57.782,0,lie_down,00:00:00:00:00:00,-74,11,0,0,0,0,0,0,0,0,0,-97,0,1,0,1285897567,0,14,0,0,0,104,0,"[0, 0, 87, -128, 84, -128, 92, -128, 97, -128, 99, -99, 111, -66, 127, -31, 127, 4, 127, 27, 127, 44, 127, 62, 127, 75, 127, 83, 127, 90, 127, 88, 127, 75, 127, 60, 127, 50, 127, 47, 127, 39, 127, 25, 119, 17, 72, 12, 32, 4, 3, -2, 48, 67, 33, 55, 15, 42, -5, 36, -33, 33, -63, 28, -86, 25, -109, 26, -128, 28, -128, 33, -128, 41, -128, 41, -128, 42, -128, 49, -114, 55, -100, 59, -78, 64, -46, 60, -9, 39, 27, 11, 58, -15, 81, -43, 100, -74, 114, -105, 117, -128, 114, -128]",esp32_2
CSI_DATA,214646,2025-07-23 16:47:57.785,0,lie_down,00:00:00:00:00:00,-61,11,0,0,0,0,0,0,0,0,0,-97,0,1,0,2665167795,0,14,0,0,0,104,0,"[0, 0, -19, -60, -40, -32, -65, -6, -92, 14, -117, 27, -128, 35, -128, 39, -128, 37, -128, 31, -128, 24, -128, 18, -128, 11, -128, 6, -128, 2, -128, 3, -127, 9, -110, 18, -95, 29, -83, 42, -76, 54, -74, 64, -75, 73, -78, 79, -86, 82, -90, 81, 59, -59, 70, -60, 83, -60, 95, -58, 105, -54, 111, -48, 111, -41, 106, -35, 96, -30, 82, -31, 66, -39, 47, -48, 30, -60, 15, -77, 2, -99, -10, -125, -15, -128, -16, -128, -15, -128, -10, -128, -3, -128, 7, -128, 17, -128, 23, -128, 25, -128, 24, -128]",esp32_1
CSI_DATA,214647,2025-07-23 16:47:57.805,0,lie_down,00:00:00:00:00:00,-61,11,0,0,0,0,0,0,0,0,0,-97,0,1,0,2665197904,0,14,0,0,0,104,0,"[0, 0, -14, 73, 19, 59, 52, 50, 79, 50, 104, 52, 127, 55, 127, 61, 127, 69, 127, 77, 127, 84, 127, 91, 127, 96, 127, 96, 127, 92, 122, 84, 110, 72, 100, 59, 95, 45, 95, 31, 95, 20, 99, 13, 104, 7, 108, 4, 112, 6, 115, 11, -67, 49, -79, 48, -92, 44, -103, 39, -112, 34, -115, 27, -113, 18, -108, 12, -98, 12, -87, 19, -72, 30, -59, 43, -50, 61, -44, 81, -38, 102, -37, 124, -42, 127, -51, 127, -62, 127, -74, 127, -84, 127, -93, 127, -97, 127, -95, 127, -89, 127, -83, 127]",esp32_1
CSI_DATA,113898,2025-07-23 16:47:57.805,0,lie_down,00:00:00:00:00:00,-73,11,0,0,0,0,0,0,0,0,0,-97,0,1,0,1285907593,0,14,0,0,0,104,0,"[0, 0, 89, -100, 84, -92, 81, -80, 80, -63, 79, -40, 82, -14, 91, 12, 103, 35, 116, 56, 127, 77, 127, 98, 127, 114, 127, 124, 127, 127, 127, 127, 127, 122, 127, 113, 127, 103, 127, 90, 109, 74, 86, 57, 64, 41, 40, 24, 19, 9, 8, 0, 28, 34, 22, 29, 9, 24, -7, 20, -23, 16, -39, 13, -58, 9, -73, 8, -87, 10, -99, 13, -107, 19, -106, 26, -102, 31, -94, 36, -83, 38, -69, 39, -50, 43, -28, 44, -5, 36, 18, 25, 40, 10, 59, -9, 75, -30, 85, -51, 90, -70, 92, -83]",esp32_2
CSI_DATA,214648,2025-07-23 16:47:57.838,0,lie_down,00:00:00:00:00:00,-61,11,0,0,0,0,0,0,0,0,0,-97,0,1,0,2665198612,0,14,0,0,0,104,0,"[0, 0, 70, 2, 55, -28, 47, -59, 40, -89, 37, -114, 38, -128, 45, -128, 56, -128, 66, -128, 75, -128, 81, -128, 83, -128, 84, -128, 82, -128, 74, -128, 61, -120, 50, -109, 36, -103, 22, -100, 9, -99, -1, -102, -6, -107, -7, -111, -4, -114, 1, -115, 47, 64, 49, 74, 48, 88, 45, 99, 39, 109, 30, 113, 21, 114, 16, 110, 16, 99, 20, 86, 29, 73, 43, 58, 62, 44, 85, 35, 106, 30, 125, 32, 127, 36, 127, 41, 127, 47, 127, 55, 127, 65, 127, 76, 127, 84, 127, 83, 127, 79, 127, 76]",esp32_1
CSI_DATA,113899,2025-07-23 16:47:57.839,0,lie_down,00:00:00:00:00:00,-73,11,0,0,0,0,0,0,0,0,0,-97,0,1,0,1285920209,0,14,0,0,0,104,0,"[0, 0, 108, 127, 101, 127, 80, 127, 50, 127, 18, 127, -20, 127, -68, 127, -116, 125, -128, 127, -128, 127, -128, 127, -128, 127, -128, 127, -128, 127, -128, 127, -128, 127, -128, 127, -128, 127, -128, 118, -128, 101, -128, 78, -120, 55, -76, 37, -30, 22, 4, 5, -48, 56, -42, 38, -34, 12, -27, -11, -18, -35, -8, -65, -5, -97, -6, -126, -7, -128, -9, -128, -16, -128, -29, -128, -42, -128, -52, -128, -64, -128, -75, -116, -80, -88, -77, -51, -65, -5, -54, 37, -40, 66, -19, 98, 4, 127, 35, 127, 69, 127, 89, 127]",esp32_2
CSI_DATA,113900,2025-07-23 16:47:57.868,0,lie_down,00:00:00:00:00:00,-74,11,0,0,0,0,0,0,0,0,0,-97,0,1,0,1285928591,0,14,0,0,0,104,0,"[0, 0, -128, 104, -128, 93, -128, 71, -128, 45, -128, 16, -127, -23, -121, -66, -122, -105, -128, -128, -128, -128, -128, -128, -128, -128, -128, -128, -128, -128, -128, -128, -128, -128, -128, -128, -128, -128, -122, -128, -100, -128, -79, -128, -59, -101, -43, -62, -22, -26, 0, -3, -43, -39, -33, -38, -12, -33, 13, -23, 38, -18, 62, -17, 89, -16, 118, -17, 127, -22, 127, -30, 127, -35, 127, -38, 127, -45, 127, -54, 127, -66, 100, -78, 68, -83, 37, -80, 4, -65, -36, -49, -73, -36, -107, -13, -128, 17, -128, 47, -128, 72, -128, 86]",esp32_2
CSI_DATA,214649,2025-07-23 16:47:57.870,0,lie_down,00:00:00:00:00:00,-61,11,0,0,0,0,0,0,0,0,0,-97,0,1,0,2665198923,0,14,0,0,0,104,0,"[0, 0, 61, 36, 59, 1, 66, -32, 74, -61, 83, -83, 95, -102, 112, -116, 127, -126, 127, -128, 127, -125, 127, -121, 127, -115, 127, -105, 127, -95, 125, -86, 109, -79, 93, -76, 79, -77, 66, -82, 54, -87, 45, -93, 42, -98, 44, -102, 50, -104, 54, -104, 17, 79, 14, 91, 9, 101, 1, 108, -9, 114, -20, 116, -29, 113, -31, 106, -26, 95, -16, 85, -1, 79, 16, 73, 36, 67, 58, 66, 81, 73, 101, 84, 120, 99, 127, 113, 127, 123, 127, 127, 127, 127, 127, 127, 127, 127, 125, 127, 110, 127, 98, 127]",esp32_1
CSI_DATA,113901,2025-07-23 16:47:57.894,0,lie_down,00:00:00:00:00:00,-74,11,0,0,0,0,0,0,0,0,0,-97,0,1,0,1285937592,0,14,0,0,0,104,0,"[0, 0, -7, -128, 1, -128, 25, -128, 51, -128, 81, -124, 113, -100, 127, -78, 127, -57, 127, -37, 127, -19, 127, -8, 127, -5, 127, -6, 127, -3, 127, 0, 127, 6, 127, 15, 127, 12, 127, 5, 127, 3, 127, -2, 120, -5, 71, -4, 27, -3, -2, -3, 65, -12, 51, 0, 29, 15, 8, 31, -7, 52, -22, 76, -43, 103, -60, 126, -68, 127, -71, 127, -62, 127, -44, 127, -32, 127, -23, 127, -7, 127, 12, 125, 33, 96, 59, 64, 73, 23, 78, -24, 84, -67, 86, -108, 77, -128, 59, -128, 41, -128, 26, -128]",esp32_2
CSI_DATA,214650,2025-07-23 16:47:57.901,0,lie_down,00:00:00:00:00:00,-62,11,0,0,0,0,0,0,0,0,0,-97,0,1,0,2665207798,0,14,0,0,0,104,0,"[0, 0, 68, -20, 43, -41, 26, -65, 14, -93, 5, -119, -2, -128, -4, -128, -1, -128, 5, -128, 12, -128, 19, -128, 25, -128, 29, -128, 29, -128, 24, -128, 18, -128, 11, -118, 3, -108, -7, -100, -19, -96, -29, -96, -37, -97, -39, -99, -38, -102, -35, -105, 65, 42, 70, 52, 75, 64, 77, 77, 75, 89, 66, 96, 55, 98, 49, 96, 48, 87, 49, 73, 52, 56, 60, 40, 75, 24, 93, 9, 111, -3, 127, -10, 127, -13, 127, -14, 127, -12, 127, -5, 127, 4, 127, 12, 127, 19, 127, 24, 127, 26, 127, 28]",esp32_1
CSI_DATA,113902,2025-07-23 16:47:57.922,0,lie_down,00:00:00:00:00:00,-74,11,0,0,0,0,0,0,0,0,0,-97,0,1,0,1285947616,0,14,0,0,0,104,0,"[0, 0, 72, 127, 58, 127, 39, 127, 11, 127, -26, 123, -68, 116, -118, 111, -128, 107, -128, 108, -128, 118, -128, 123, -128, 121, -128, 121, -128, 121, -128, 120, -128, 117, -128, 106, -128, 93, -128, 81, -128, 66, -128, 50, -109, 38, -56, 29, -15, 22, 12, 15, -56, 23, -48, 8, -37, -11, -29, -35, -22, -63, -11, -87, 1, -113, 2, -128, -8, -128, -15, -128, -15, -128, -25, -128, -43, -128, -54, -128, -60, -123, -69, -91, -77, -63, -77, -33, -68, 11, -57, 59, -43, 98, -24, 127, -8, 127, 18, 127, 54, 127, 70, 127]",esp32_2
CSI_DATA,113903,2025-07-23 16:47:57.954,0,lie_down,00:00:00:00:00:00,-75,11,0,0,0,0,0,0,0,0,0,-97,0,1,0,1285967850,0,14,0,0,0,104,0,"[0, 0, -32, 127, -37, 127, -56, 127, -80, 117, -99, 87, -126, 59, -128, 27, -128, 3, -128, -12, -128, -24, -128, -33, -128, -42, -128, -47, -128, -51, -128, -50, -128, -40, -128, -34, -128, -34, -128, -30, -128, -25, -128, -19, -84, -4, -44, 14, -10, 19, 21, 19, -69, -20, -48, -31, -28, -43, -8, -58, 18, -71, 38, -85, 47, -100, 57, -114, 64, -128, 62, -128, 57, -128, 54, -128, 44, -128, 27, -122, 10, -104, -7, -83, -29, -59, -53, -26, -69, 15, -78, 54, -83, 88, -85, 122, -80, 127, -70, 127, -60, 127, -48, 127]",esp32_2
CSI_DATA,214652,2025-07-23 16:47:57.986,0,lie_down,00:00:00:00:00:00,-61,11,0,0,0,0,0,0,0,0,0,-97,0,1,0,2665236475,0,14,0,0,0,104,0,"[0, 0, -60, -53, -66, -22, -77, 5, -92, 30, -108, 50, -124, 64, -128, 73, -128, 75, -128, 74, -128, 72, -128, 69, -128, 64, -128, 56, -128, 49, -128, 45, -128, 43, -112, 44, -100, 48, -91, 54, -84, 62, -79, 67, -76, 71, -78, 75, -82, 76, -86, 75, -12, -82, -7, -92, 0, -103, 9, -111, 20, -117, 31, -118, 39, -114, 42, -108, 39, -99, 29, -90, 13, -83, -6, -79, -26, -76, -48, -81, -68, -93, -86, -108, -103, -126, -116, -128, -122, -128, -122, -128, -117, -128, -110, -128, -103, -128, -92, -128, -78, -128, -67, -128]",esp32_1
CSI_DATA,214653,2025-07-23 16:47:58.018,0,lie_down,00:00:00:00:00:00,-61,11,0,0,0,0,0,0,0,0,0,-97,0,1,0,2665237813,0,14,0,0,0,104,0,"[0, 0, 68, -38, 39, -57, 18, -78, 1, -102, -12, -125, -19, -128, -21, -128, -19, -128, -15, -128, -11, -128, -7, -128, -2, -128, 3, -128, 8, -128, 7, -128, 2, -128, -4, -124, -11, -113, -20, -105, -31, -100, -42, -99, -48, -98, -50, -99, -48, -103, -44, -107, 76, 23, 84, 31, 94, 43, 101, 55, 101, 67, 94, 77, 86, 83, 79, 82, 74, 75, 72, 62, 71, 45, 73, 27, 83, 8, 99, -11, 115, -27, 127, -41, 127, -50, 127, -55, 127, -55, 127, -49, 127, -41, 127, -32, 127, -22, 127, -17, 127, -12, 127, -7]",esp32_1
CSI_DATA,214654,2025-07-23 16:47:58.037,0,lie_down,00:00:00:00:00:00,-61,11,0,0,0,0,0,0,0,0,0,-97,0,1,0,2665247786,0,14,0,0,0,104,0,"[0, 0, 14, 78, 40, 56, 70, 38, 96, 28, 118, 21, 127, 18, 127, 19, 127, 22, 127, 27, 127, 34, 127, 41, 127, 45, 127, 48, 127, 47, 127, 42, 127, 34, 121, 23, 114, 12, 110, 2, 107, -9, 107, -16, 109, -19, 111, -21, 116, -21, 119, -20, -40, 75, -51, 79, -63, 82, -76, 85, -91, 86, -100, 82, -102, 74, -101, 65, -93, 58, -80, 56, -61, 61, -43, 67, -28, 76, -14, 93, 0, 116, 12, 127, 15, 127, 12, 127, 8, 127, -1, 127, -12, 127, -22, 127, -30, 127, -35, 127, -36, 127, -33, 127]",esp32_1
CSI_DATA,214655,2025-07-23 16:47:58.057,0,lie_down,00:00:00:00:00:00,-61,11,0,0,0,0,0,0,0,0,0,-97,0,1,0,2665257776,0,14,0,0,0,104,0,"[0, 0, -27, 76, 7, 73, 40, 74, 66, 80, 88, 90, 107, 100, 121, 108, 127, 116, 127, 124, 127, 127, 127, 127, 122, 127, 114, 127, 105, 126, 97, 115, 91, 102, 88, 88, 88, 75, 92, 65, 95, 56, 98, 51, 102, 50, 102, 50, 102, 54, 102, 58, -67, 47, -79, 46, -95, 42, -109, 38, -119, 32, -123, 25, -121, 17, -115, 8, -105, 6, -95, 10, -81, 21, -68, 36, -63, 54, -61, 77, -58, 103, -60, 127, -68, 127, -82, 127, -97, 127, -112, 127, -125, 127, -128, 127, -128, 127, -128, 127, -126, 127, -115, 123]",esp32_1
CSI_DATA,113905,2025-07-23 16:47:58.057,0,lie_down,00:00:00:00:00:00,-74,11,0,0,0,0,0,0,0,0,0,-97,0,1,0,1285977590,0,14,0,0,0,104,0,"[0, 0, -78, 127, -82, 127, -92, 127, -103, 111, -115, 75, -128, 41, -128, 8, -128, -17, -128, -34, -128, -48, -128, -59, -128, -64, -128, -66, -128, -70, -128, -70, -128, -64, -128, -57, -128, -49, -128, -40, -128, -29, -127, -20, -81, -13, -38, 0, 5, 14, 35, 23, -49, -60, -34, -59, -8, -58, 19, -60, 45, -68, 62, -79, 75, -88, 91, -96, 103, -101, 108, -107, 107, -116, 96, -114, 74, -105, 52, -102, 31, -95, 5, -78, -22, -55, -47, -28, -72, 10, -88, 51, -100, 86, -112, 119, -117, 127, -112, 127, -104, 127, -98, 127]",esp32_2
CSI_DATA,214656,2025-07-23 16:47:58.085,0,lie_down,00:00:00:00:00:00,-61,11,0,0,0,0,0,0,0,0,0,-97,0,1,0,2665267805,0,14,0,0,0,104,0,"[0, 0, -23, -67, -45, -43, -71, -24, -93, -12, -114, -3, -128, 3, -128, 5, -128, 5, -128, 1, -128, -2, -128, -4, -128, -6, -128, -8, -128, -9, -128, -7, -128, -1, -120, 7, -113, 16, -108, 25, -103, 33, -101, 37, -102, 41, -103, 44, -106, 43, -108, 41, 35, -70, 46, -75, 60, -79, 72, -81, 84, -81, 92, -75, 94, -68, 92, -62, 85, -55, 72, -51, 54, -56, 35, -63, 17, -73, 1, -90, -12, -112, -23, -128, -30, -128, -29, -128, -23, -128, -16, -128, -6, -128, 5, -128, 13, -128, 19, -128, 22, -128, 22, -128]",esp32_1
CSI_DATA,113906,2025-07-23 16:47:58.090,0,lie_down,00:00:00:00:00:00,-74,11,0,0,0,0,0,0,0,0,0,-97,0,1,0,1285987594,0,14,0,0,0,104,0,"[0, 0, 67, 121, 55, 112, 36, 104, 13, 95, -11, 86, -38, 82, -70, 84, -96, 88, -115, 94, -128, 107, -128, 120, -128, 127, -128, 127, -128, 127, -128, 127, -128, 127, -128, 118, -128, 104, -108, 90, -83, 73, -57, 52, -33, 30, -13, 10, 6, -5, 20, -11, -46, -18, -38, -22, -30, -30, -23, -41, -12, -52, -1, -63, 7, -72, 11, -80, 12, -90, 10, -100, 6, -101, 0, -95, -8, -87, -15, -73, -19, -56, -20, -38, -25, -14, -27, 11, -22, 35, -14, 59, -4, 80, 10, 101, 24, 119, 37, 127, 54, 127, 68, 127]",esp32_2
CSI_DATA,214657,2025-07-23 16:47:58.106,0,lie_down,00:00:00:00:00:00,-62,11,0,0,0,0,0,0,0,0,0,-97,0,1,0,2665277769,0,14,0,0,0,104,0,"[0, 0, 61, -39, 31, -54, 9, -73, -9, -95, -23, -115, -33, -128, -40, -128, -42, -128, -40, -128, -36, -128, -32, -128, -29, -128, -27, -128, -26, -128, -28, -128, -29, -128, -30, -119, -35, -111, -42, -105, -51, -100, -56, -98, -59, -98, -60, -98, -57, -100, -55, -101, 71, 12, 81, 18, 93, 29, 101, 42, 103, 54, 97, 64, 88, 69, 80, 69, 73, 63, 68, 51, 65, 34, 67, 14, 77, -6, 91, -27, 105, -46, 120, -61, 127, -72, 127, -77, 127, -77, 127, -71, 127, -63, 127, -52, 127, -39, 127, -28, 127, -20, 127, -14]",esp32_1
CSI_DATA,113907,2025-07-23 16:47:58.124,0,lie_down,00:00:00:00:00:00,-74,11,0,0,0,0,0,0,0,0,0,-97,0,1,0,1285997607,0,14,0,0,0,104,0,"[0, 0, -128, -74, -128, -71, -128, -77, -120, -91, -86, -108, -58, -128, -31, -128, -6, -128, 10, -128, 16, -128, 20, -128, 23, -128, 27, -128, 31, -128, 28, -128, 21, -128, 16, -128, 9, -128, 0, -128, -6, -128, -10, -121, -10, -79, -10, -39, -11, 6, -9, 39, 70, -31, 69, -15, 67, 7, 66, 28, 65, 53, 60, 78, 53, 95, 56, 110, 65, 120, 70, 126, 75, 127, 79, 124, 78, 105, 78, 81, 68, 57, 51, 29, 34, -3, 13, -39, -14, -69, -47, -85, -83, -93, -120, -108, -128, -118, -128, -109, -128, -96, -128, -96]",esp32_2
CSI_DATA,214658,2025-07-23 16:47:58.128,0,lie_down,00:00:00:00:00:00,-62,11,0,0,0,0,0,0,0,0,0,-97,0,1,0,2665290083,0,14,0,0,0,104,0,"[0, 0, 50, -55, 18, -64, -8, -75, -29, -91, -46, -105, -60, -118, -71, -128, -79, -128, -82, -128, -82, -128, -82, -128, -79, -128, -75, -128, -71, -128, -69, -128, -67, -122, -66, -112, -68, -104, -70, -97, -73, -90, -76, -86, -80, -84, -79, -82, -77, -84, -75, -86, 72, -11, 82, -7, 97, 1, 107, 12, 111, 23, 108, 32, 101, 38, 94, 40, 86, 37, 79, 26, 71, 8, 67, -12, 73, -32, 83, -52, 93, -74, 102, -93, 118, -109, 127, -120, 127, -123, 127, -121, 127, -115, 127, -106, 127, -94, 127, -82, 127, -69, 127, -60]",esp32_1
CSI_DATA,214659,2025-07-23 16:47:58.148,0,lie_down,00:00:00:00:00:00,-62,11,0,0,0,0,0,0,0,0,0,-97,0,1,0,2665297807,0,14,0,0,0,104,0,"[0, 0, 42, -66, 12, -67, -15, -71, -39, -81, -57, -93, -74, -103, -89, -111, -99, -118, -103, -125, -105, -128, -106, -128, -104, -128, -99, -128, -94, -128, -90, -125, -86, -115, -82, -106, -81, -96, -82, -88, -83, -82, -85, -80, -87, -77, -85, -75, -83, -75, -82, -77, 65, -27, 76, -26, 92, -21, 105, -13, 113, -3, 113, 5, 107, 13, 100, 17, 93, 16, 85, 8, 75, -7, 68, -24, 68, -43, 71, -65, 75, -88, 81, -110, 96, -128, 114, -128, 127, -128, 127, -128, 127, -128, 127, -128, 127, -128, 127, -115, 127, -98, 127, -86]",esp32_1
CSI_DATA,113908,2025-07-23 16:47:58.148,0,lie_down,00:00:00:00:00:00,-74,11,0,0,0,0,0,0,0,0,0,-97,0,1,0,1286007585,0,14,0,0,0,104,0,"[0, 0, 127, 6, 127, 10, 116, 21, 94, 33, 72, 48, 55, 72, 42, 97, 30, 118, 23, 127, 21, 127, 23, 127, 23, 127, 23, 127, 25, 127, 27, 127, 26, 127, 24, 127, 22, 127, 22, 127, 20, 105, 13, 77, 10, 49, 8, 19, 4, -8, -1, -27, -43, 31, -46, 27, -47, 14, -47, -3, -49, -16, -53, -30, -56, -45, -60, -55, -66, -59, -69, -61, -68, -61, -68, -57, -64, -50, -59, -40, -53, -25, -41, -8, -24, 8, -5, 21, 18, 33, 43, 41, 68, 41, 94, 43, 118, 47, 127, 40, 127, 28, 127, 19]",esp32_2
CSI_DATA,214660,2025-07-23 16:47:58.176,0,lie_down,00:00:00:00:00:00,-61,11,0,0,0,0,0,0,0,0,0,-97,0,1,0,2665322300,0,14,0,0,0,104,0,"[0, 0, 24, 79, 40, 52, 60, 27, 78, 7, 96, -7, 114, -20, 127, -30, 127, -36, 127, -38, 127, -37, 127, -35, 127, -30, 127, -24, 127, -20, 127, -17, 127, -14, 127, -12, 127, -13, 127, -16, 126, -20, 117, -23, 113, -27, 111, -30, 111, -29, 109, -26, -14, 71, -20, 77, -31, 85, -43, 92, -53, 95, -62, 96, -67, 91, -66, 84, -60, 78, -49, 74, -32, 77, -13, 82, 5, 87, 20, 99, 33, 117, 44, 127, 52, 127, 56, 127, 55, 127, 47, 127, 39, 127, 30, 127, 22, 127, 15, 127, 10, 127, 7, 127]",esp32_1
CSI_DATA,113909,2025-07-23 16:47:58.180,0,lie_down,00:00:00:00:00:00,-75,11,0,0,0,0,0,0,0,0,0,-97,0,1,0,1286017631,0,14,0,0,0,104,0,"[0, 0, -128, -128, -128, -128, -112, -128, -77, -128, -42, -128, -2, -128, 36, -128, 69, -128, 105, -128, 127, -128, 127, -128, 127, -128, 127, -128, 127, -128, 127, -128, 127, -128, 127, -128, 127, -128, 113, -128, 82, -128, 50, -114, 31, -73, 16, -33, -6, 2, -24, 31, 92, 9, 78, 25, 66, 40, 52, 53, 36, 69, 25, 85, 16, 99, 4, 112, -2, 124, 0, 127, 2, 127, 6, 127, 13, 122, 15, 100, 20, 76, 30, 47, 30, 17, 23, -14, 14, -56, 2, -96, -17, -121, -45, -128, -73, -128, -96, -128, -118, -128, -128, -128]",esp32_2
CSI_DATA,214661,2025-07-23 16:47:58.200,0,lie_down,00:00:00:00:00:00,-62,11,0,0,0,0,0,0,0,0,0,-97,0,1,0,2665345193,0,14,0,0,0,104,0,"[0, 0, 50, -90, 15, -73, -21, -59, -56, -53, -92, -51, -126, -52, -128, -58, -128, -65, -128, -75, -128, -88, -128, -100, -128, -110, -128, -118, -128, -124, -128, -125, -128, -120, -128, -109, -128, -99, -128, -87, -126, -74, -122, -63, -121, -51, -122, -40, -125, -38, -127, -39, 67, -45, 81, -48, 98, -46, 113, -43, 127, -40, 127, -34, 127, -26, 127, -21, 126, -20, 116, -24, 102, -36, 89, -50, 84, -65, 82, -87, 78, -114, 76, -128, 82, -128, 93, -128, 104, -128, 116, -128, 127, -128, 127, -128, 127, -128, 127, -128, 127, -128, 127, -128]",esp32_1
CSI_DATA,214662,2025-07-23 16:47:58.220,0,lie_down,00:00:00:00:00:00,-62,11,0,0,0,0,0,0,0,0,0,-97,0,1,0,2665377449,0,14,0,0,0,104,0,"[0, 0, 71, -53, 26, -47, -18, -46, -52, -54, -83, -63, -125, -77, -128, -93, -128, -108, -128, -127, -128, -128, -128, -128, -128, -128, -128, -128, -128, -128, -128, -128, -128, -128, -116, -124, -104, -103, -101, -82, -101, -62, -103, -43, -109, -29, -115, -21, -121, -16, -127, -15, 81, 16, 94, 24, 107, 37, 117, 52, 125, 66, 125, 75, 121, 83, 115, 88, 109, 86, 102, 75, 93, 57, 89, 37, 92, 16, 99, -11, 105, -39, 112, -69, 127, -96, 127, -118, 127, -128, 127, -128, 127, -128, 127, -128, 127, -128, 127, -126, 127, -109, 127, -93]",esp32_1
CSI_DATA,214663,2025-07-23 16:47:58.240,0,lie_down,00:00:00:00:00:00,-62,11,0,0,0,0,0,0,0,0,0,-97,0,1,0,2665414490,0,14,0,0,0,104,0,"[0, 0, 6, 50, 35, 19, 67, -7, 94, -25, 118, -40, 127, -51, 127, -58, 127, -63, 127, -62, 127, -58, 127, -54, 127, -51, 127, -46, 127, -42, 127, -39, 127, -38, 107, -44, 88, -54, 71, -62, 56, -71, 45, -81, 40, -90, 38, -100, 40, -107, 41, -110, -86, 17, -97, 15, -110, 8, -122, 1, -128, -7, -128, -17, -128, -24, -117, -27, -103, -26, -88, -20, -70, -5, -51, 13, -36, 35, -25, 61, -16, 92, -11, 126, -12, 127, -16, 127, -21, 127, -30, 127, -40, 127, -51, 127, -60, 127, -63, 127, -60, 127, -55, 127]",esp32_1
CSI_DATA,214664,2025-07-23 16:47:58.262,0,lie_down,00:00:00:00:00:00,-61,11,0,0,0,0,0,0,0,0,0,-97,0,1,0,2665462906,0,14,0,0,0,104,0,"[0, 0, -71, -6, -62, 24, -59, 52, -55, 81, -48, 106, -47, 125, -49, 127, -55, 127, -68, 127, -77, 127, -76, 127, -70, 127, -60, 127, -51, 127, -43, 127, -34, 127, -24, 125, -13, 122, -1, 122, 8, 120, 12, 120, 8, 125, -2, 126, -8, 122, -9, 118, -17, -81, -14, -89, -12, -100, -7, -107, 2, -109, 9, -106, 10, -99, 7, -88, -1, -74, -15, -63, -30, -56, -52, -49, -80, -44, -107, -44, -128, -48, -128, -56, -128, -70, -128, -88, -128, -99, -128, -104, -128, -110, -128, -120, -128, -128, -128, -128, -128, -121, -111, -106]",esp32_1
CSI_DATA,113911,2025-07-23 16:47:58.281,0,lie_down,00:00:00:00:00:00,-75,11,0,0,0,0,0,0,0,0,0,-97,0,1,0,1286039834,0,14,0,0,0,104,0,"[0, 0, -128, -128, -126, -128, -107, -128, -83, -128, -55, -128, -20, -128, 13, -128, 43, -128, 72, -128, 97, -128, 119, -128, 127, -128, 127, -128, 127, -128, 127, -128, 127, -128, 127, -128, 109, -128, 83, -128, 64, -128, 49, -123, 26, -79, 2, -38, -12, -4, -20, 17, 90, 61, 80, 61, 65, 63, 49, 67, 31, 75, 9, 88, -10, 96, -20, 105, -26, 114, -31, 118, -36, 120, -34, 120, -26, 116, -15, 107, -2, 88, 9, 56, 15, 26, 18, -3, 21, -36, 21, -76, 11, -117, -8, -128, -30, -128, -52, -128, -75, -128, -97, -128]",esp32_2
CSI_DATA,214665,2025-07-23 16:47:58.288,0,lie_down,00:00:00:00:00:00,-61,11,0,0,0,0,0,0,0,0,0,-97,0,1,0,2665488294,0,14,0,0,0,104,0,"[0, 0, -69, 58, -39, 64, -11, 71, 14, 83, 35, 95, 52, 106, 67, 117, 77, 127, 83, 127, 87, 127, 90, 127, 89, 127, 85, 127, 79, 127, 74, 127, 70, 127, 65, 127, 60, 127, 59, 126, 60, 120, 61, 116, 62, 112, 60, 108, 57, 107, 52, 106, -73, 12, -80, 10, -92, 7, -101, 2, -105, -2, -102, -7, -98, -9, -93, -7, -90, -1, -88, 12, -84, 29, -85, 48, -94, 66, -106, 84, -117, 101, -128, 113, -128, 125, -128, 127, -128, 127, -128, 127, -128, 119, -128, 109, -128, 100, -128, 91, -128, 79, -128, 67]",esp32_1
CSI_DATA,214666,2025-07-23 16:47:58.305,0,lie_down,00:00:00:00:00:00,-61,11,0,0,0,0,0,0,0,0,0,-97,0,1,0,2665535896,0,14,0,0,0,104,0,"[0, 0, -85, -6, -59, 10, -35, 28, -14, 52, 5, 78, 20, 102, 29, 124, 34, 127, 32, 127, 26, 127, 20, 127, 12, 127, 2, 127, -9, 127, -15, 127, -20, 127, -23, 127, -23, 127, -19, 127, -13, 118, -5, 110, 3, 105, 10, 101, 15, 98, 17, 96, -49, -30, -57, -37, -68, -46, -77, -56, -81, -66, -80, -74, -78, -79, -77, -82, -78, -82, -80, -80, -80, -72, -83, -62, -93, -52, -107, -42, -121, -32, -128, -22, -128, -16, -128, -13, -128, -13, -128, -15, -128, -19, -128, -24, -128, -31, -128, -34, -128, -37, -128, -41]",esp32_1
CSI_DATA,113912,2025-07-23 16:47:58.305,0,lie_down,00:00:00:00:00:00,-75,11,0,0,0,0,0,0,0,0,0,-97,0,1,0,1286047587,0,14,0,0,0,104,0,"[0, 0, -44, 127, -46, 127, -45, 126, -44, 111, -47, 97, -61, 79, -79, 66, -98, 61, -118, 56, -128, 52, -128, 53, -128, 54, -128, 59, -128, 66, -128, 71, -128, 74, -128, 74, -128, 70, -118, 65, -96, 57, -69, 44, -42, 32, -22, 19, -1, 4, 21, -7, 9, -70, 14, -66, 18, -62, 23, -55, 32, -46, 39, -39, 49, -35, 62, -31, 68, -29, 73, -26, 77, -25, 73, -24, 66, -26, 61, -28, 49, -28, 30, -23, 11, -19, -8, -10, -28, 5, -45, 22, -57, 41, -65, 66, -73, 89, -75, 107, -68, 122, -64, 127]",esp32_2
CSI_DATA,214667,2025-07-23 16:47:58.333,0,lie_down,00:00:00:00:00:00,-61,11,0,0,0,0,0,0,0,0,0,-97,0,1,0,2665562338,0,14,0,0,0,104,0,"[0, 0, 77, -11, 44, -21, 11, -34, -21, -53, -50, -74, -76, -96, -94, -117, -106, -128, -112, -128, -115, -128, -114, -128, -107, -128, -93, -128, -78, -128, -66, -128, -55, -128, -44, -128, -39, -128, -40, -119, -44, -99, -52, -84, -60, -73, -67, -65, -74, -62, -78, -62, 49, 34, 57, 45, 67, 57, 75, 69, 78, 83, 75, 93, 71, 98, 68, 102, 66, 100, 66, 92, 65, 80, 68, 66, 80, 51, 95, 35, 108, 20, 119, 7, 127, -3, 127, -12, 127, -18, 127, -20, 127, -21, 127, -18, 127, -14, 127, -12, 127, -7, 127, -1]",esp32_1
CSI_DATA,113913,2025-07-23 16:47:58.338,0,lie_down,00:00:00:00:00:00,-75,11,0,0,0,0,0,0,0,0,0,-97,0,1,0,1286069399,0,14,0,0,0,104,0,"[0, 0, -67, -128, -73, -128, -65, -128, -50, -128, -38, -128, -17, -128, 16, -128, 46, -128, 75, -128, 104, -128, 127, -128, 127, -128, 127, -128, 127, -128, 127, -128, 127, -128, 127, -128, 125, -128, 100, -128, 74, -128, 52, -128, 35, -95, 15, -52, -3, -15, -9, 11, 51, 116, 46, 112, 42, 105, 34, 101, 20, 98, 2, 95, -19, 90, -39, 87, -56, 88, -68, 92, -76, 94, -75, 95, -69, 92, -60, 88, -50, 77, -38, 59, -17, 47, 4, 30, 19, 2, 33, -33, 38, -70, 33, -111, 28, -128, 23, -128, 3, -128, -22, -128]",esp32_2
CSI_DATA,214668,2025-07-23 16:47:58.353,0,lie_down,00:00:00:00:00:00,-61,11,0,0,0,0,0,0,0,0,0,-97,0,1,0,2665590974,0,14,0,0,0,104,0,"[0, 0, 67, -15, 29, -22, -8, -32, -43, -50, -74, -67, -102, -85, -125, -104, -128, -123, -128, -128, -128, -128, -128, -128, -128, -128, -128, -128, -117, -128, -100, -128, -86, -128, -74, -123, -67, -102, -65, -80, -67, -58, -73, -39, -80, -25, -87, -14, -94, -8, -100, -8, 44, 49, 49, 60, 55, 76, 57, 93, 55, 106, 50, 113, 42, 116, 37, 117, 36, 112, 35, 102, 36, 86, 43, 67, 57, 49, 74, 31, 89, 13, 105, -5, 126, -19, 127, -30, 127, -35, 127, -36, 127, -36, 127, -35, 127, -33, 127, -29, 127, -22, 127, -16]",esp32_1
CSI_DATA,113914,2025-07-23 16:47:58.364,0,lie_down,00:00:00:00:00:00,-74,11,0,0,0,0,0,0,0,0,0,-97,0,1,0,1286077595,0,14,0,0,0,104,0,"[0, 0, -128, 127, -128, 127, -128, 127, -128, 127, -128, 127, -128, 127, -128, 107, -128, 78, -128, 61, -128, 54, -128, 53, -128, 52, -128, 45, -128, 46, -128, 54, -128, 61, -128, 65, -128, 68, -128, 68, -128, 61, -128, 53, -93, 48, -51, 35, -12, 19, 20, 5, 94, -106, 95, -100, 92, -89, 90, -74, 92, -59, 92, -45, 98, -31, 110, -19, 116, -2, 116, 15, 122, 20, 127, 21, 124, 24, 108, 26, 98, 17, 85, 0, 59, -9, 22, -14, -17, -13, -55, 1, -91, 20, -121, 42, -128, 73, -128, 107, -128, 127, -128, 127]",esp32_2
CSI_DATA,214669,2025-07-23 16:47:58.380,0,lie_down,00:00:00:00:00:00,-62,11,0,0,0,0,0,0,0,0,0,-97,0,1,0,2665613368,0,14,0,0,0,104,0,"[0, 0, 58, -1, 20, -21, -16, -41, -49, -66, -77, -93, -99, -118, -117, -128, -128, -128, -128, -128, -128, -128, -128, -128, -124, -128, -111, -128, -95, -128, -82, -128, -72, -128, -64, -110, -61, -84, -62, -61, -67, -38, -77, -18, -87, -2, -95, 7, -103, 9, -111, 11, 11, 76, 8, 90, 2, 108, -5, 124, -15, 127, -25, 127, -34, 127, -41, 126, -39, 117, -31, 103, -22, 86, -5, 68, 20, 52, 48, 39, 75, 28, 101, 17, 127, 10, 127, 8, 127, 11, 127, 15, 127, 19, 127, 24, 127, 28, 127, 30, 127, 32, 127, 34]",esp32_1
CSI_DATA,113915,2025-07-23 16:47:58.384,0,lie_down,00:00:00:00:00:00,-75,11,0,0,0,0,0,0,0,0,0,-97,0,1,0,1286088460,0,14,0,0,0,104,0,"[0, 0, -128, -128, -128, -128, -128, -128, -128, -128, -122, -128, -91, -128, -62, -128, -28, -128, 11, -128, 36, -128, 55, -128, 75, -128, 93, -128, 105, -128, 105, -128, 102, -128, 95, -128, 80, -128, 62, -128, 43, -128, 25, -128, 13, -124, -1, -77, -19, -25, -33, 12, 127, 65, 127, 61, 121, 56, 106, 57, 91, 65, 69, 70, 51, 76, 37, 84, 19, 96, 0, 108, -13, 117, -16, 125, -11, 127, -7, 124, -2, 109, 8, 90, 14, 68, 16, 42, 18, 4, 16, -41, 5, -79, -14, -117, -35, -128, -63, -128, -99, -128, -128, -128]",esp32_2
CSI_DATA,214670,2025-07-23 16:47:58.400,0,lie_down,00:00:00:00:00:00,-62,11,0,0,0,0,0,0,0,0,0,-97,0,1,0,2665659142,0,14,0,0,0,104,0,"[0, 0, -10, 35, 25, 15, 60, -2, 90, -12, 119, -20, 127, -26, 127, -31, 127, -36, 127, -36, 127, -32, 127, -28, 127, -26, 127, -25, 127, -25, 127, -27, 104, -31, 80, -37, 59, -47, 42, -60, 28, -72, 19, -83, 12, -94, 8, -101, 8, -107, 9, -112, -69, -48, -72, -60, -75, -75, -76, -89, -74, -100, -68, -106, -59, -106, -49, -101, -40, -91, -33, -73, -28, -47, -27, -19, -29, 7, -37, 37, -47, 70, -60, 101, -75, 127, -92, 127, -108, 127, -121, 127, -128, 127, -128, 127, -128, 127, -128, 127, -119, 127, -107, 110]",esp32_1
CSI_DATA,113916,2025-07-23 16:47:58.405,0,lie_down,00:00:00:00:00:00,-74,11,0,0,0,0,0,0,0,0,0,-97,0,1,0,1286097614,0,14,0,0,0,104,0,"[0, 0, 127, -128, 127, -128, 127, -128, 127, -128, 127, -117, 127, -91, 127, -59, 127, -29, 127, 1, 127, 30, 127, 55, 127, 76, 127, 90, 127, 95, 127, 94, 127, 89, 127, 80, 127, 68, 127, 54, 127, 39, 127, 18, 110, -1, 67, -11, 27, -21, -9, -29, -78, 123, -74, 114, -68, 104, -66, 92, -69, 77, -73, 60, -76, 38, -82, 18, -90, 1, -101, -11, -105, -18, -105, -26, -103, -31, -99, -30, -95, -21, -89, -6, -71, 7, -42, 14, -3, 20, 37, 28, 74, 26, 111, 10, 127, -9, 127, -33, 127, -62, 127, -82]",esp32_2
CSI_DATA,214671,2025-07-23 16:47:58.425,0,lie_down,00:00:00:00:00:00,-61,11,0,0,0,0,0,0,0,0,0,-97,0,1,0,2665673556,0,14,0,0,0,104,0,"[0, 0, -32, 37, 5, 53, 42, 68, 67, 84, 88, 101, 108, 116, 122, 127, 127, 127, 127, 127, 127, 127, 127, 127, 122, 127, 115, 127, 107, 111, 100, 91, 94, 68, 88, 46, 85, 25, 88, 5, 91, -10, 96, -22, 103, -31, 109, -36, 115, -36, 117, -34, -44, -81, -40, -94, -33, -108, -26, -120, -18, -128, -10, -128, -1, -125, 8, -114, 11, -98, 5, -76, -7, -50, -22, -23, -41, -1, -67, 18, -97, 36, -128, 52, -128, 60, -128, 62, -128, 59, -128, 53, -128, 45, -128, 36, -128, 30, -128, 25, -128, 19, -128, 14]",esp32_1
CSI_DATA,113917,2025-07-23 16:47:58.431,0,lie_down,00:00:00:00:00:00,-75,11,0,0,0,0,0,0,0,0,0,-97,0,1,0,1286107574,0,14,0,0,0,104,0,"[0, 0, -128, 81, -128, 88, -128, 84, -128, 74, -128, 60, -123, 40, -117, 17, -113, -4, -113, -26, -123, -48, -128, -67, -128, -87, -128, -106, -128, -120, -128, -123, -128, -121, -128, -117, -128, -102, -128, -84, -117, -68, -99, -49, -77, -27, -54, -8, -30, 10, -10, 23, 41, -94, 41, -91, 39, -82, 36, -69, 37, -56, 42, -45, 45, -29, 46, -15, 50, -5, 57, 6, 64, 14, 69, 19, 72, 22, 75, 18, 69, 12, 55, 6, 43, -4, 27, -16, 7, -24, -16, -29, -47, -28, -81, -21, -110, -11, -128, 5, -128, 23, -128, 36]",esp32_2
CSI_DATA,214672,2025-07-23 16:47:58.446,0,lie_down,00:00:00:00:00:00,-61,11,0,0,0,0,0,0,0,0,0,-97,0,1,0,2665732745,0,14,0,0,0,104,0,"[0, 0, -47, 77, -27, 90, -5, 103, 14, 119, 27, 127, 38, 127, 47, 127, 52, 127, 51, 127, 49, 127, 50, 127, 54, 127, 57, 127, 56, 127, 56, 127, 58, 125, 62, 115, 66, 110, 71, 103, 75, 97, 76, 94, 73, 94, 70, 95, 68, 97, 67, 98, -86, -19, -93, -27, -97, -40, -98, -52, -92, -61, -81, -63, -69, -57, -60, -48, -52, -34, -48, -12, -48, 12, -56, 36, -75, 58, -99, 81, -121, 98, -128, 106, -128, 109, -128, 107, -128, 102, -128, 97, -128, 87, -128, 71, -128, 57, -128, 46, -128, 42, -128, 42]",esp32_1
CSI_DATA,113918,2025-07-23 16:47:58.446,0,lie_down,00:00:00:00:00:00,-74,11,0,0,0,0,0,0,0,0,0,-97,0,1,0,1286117579,0,14,0,0,0,104,0,"[0, 0, -128, 127, -128, 127, -128, 127, -128, 127, -128, 124, -128, 95, -128, 60, -128, 18, -128, -29, -128, -73, -128, -111, -128, -128, -128, -128, -128, -128, -128, -128, -128, -128, -128, -128, -128, -128, -128, -128, -128, -123, -128, -91, -119, -60, -85, -23, -58, 12, -38, 30, -37, -128, -29, -128, -23, -128, -19, -122, -4, -106, 12, -89, 29, -68, 49, -50, 66, -38, 83, -26, 99, -14, 111, -7, 119, -6, 117, -8, 108, -15, 95, -34, 73, -46, 42, -41, 6, -37, -36, -36, -77, -28, -119, -15, -128, 5, -128, 42, -128, 79, -128, 96]",esp32_2
CSI_DATA,214673,2025-07-23 16:47:58.468,0,lie_down,00:00:00:00:00:00,-61,11,0,0,0,0,0,0,0,0,0,-97,0,1,0,2665757657,0,14,0,0,0,104,0,"[0, 0, 105, -60, 89, -82, 81, -101, 72, -120, 61, -128, 51, -128, 44, -128, 40, -128, 40, -128, 40, -128, 40, -128, 40, -128, 39, -128, 40, -128, 40, -128, 44, -128, 47, -128, 45, -128, 42, -128, 36, -128, 29, -128, 26, -128, 24, -128, 26, -128, 30, -128, 93, 24, 98, 33, 104, 44, 104, 54, 99, 64, 89, 70, 78, 68, 71, 59, 70, 42, 77, 22, 87, 1, 102, -19, 126, -37, 127, -48, 127, -55, 127, -58, 127, -54, 127, -45, 127, -30, 127, -15, 127, -3, 127, 9, 127, 18, 127, 17, 127, 12, 127, 8]",esp32_1
CSI_DATA,113919,2025-07-23 16:47:58.478,0,lie_down,00:00:00:00:00:00,-75,11,0,0,0,0,0,0,0,0,0,-97,0,1,0,1286129085,0,14,0,0,0,104,0,"[0, 0, -128, 127, -122, 127, -115, 127, -109, 127, -100, 118, -92, 97, -90, 73, -98, 47, -107, 21, -118, -4, -128, -27, -128, -46, -128, -58, -128, -64, -128, -65, -128, -69, -128, -69, -128, -63, -128, -55, -128, -41, -107, -28, -79, -17, -50, -4, -26, 11, -12, 24, -43, -91, -42, -85, -40, -77, -35, -71, -24, -64, -11, -54, 2, -45, 15, -39, 29, -33, 45, -29, 57, -28, 66, -23, 70, -22, 68, -27, 62, -34, 53, -42, 37, -46, 19, -41, 0, -32, -27, -22, -54, -8, -77, 6, -98, 22, -116, 43, -128, 68, -128, 90]",esp32_2
CSI_DATA,214674,2025-07-23 16:47:58.494,0,lie_down,00:00:00:00:00:00,-61,11,0,0,0,0,0,0,0,0,0,-97,0,1,0,2665793838,0,14,0,0,0,104,0,"[0, 0, -1, -113, -19, -101, -39, -89, -60, -81, -79, -75, -98, -70, -117, -69, -128, -70, -128, -75, -128, -83, -128, -94, -128, -104, -128, -112, -128, -120, -128, -123, -128, -121, -120, -118, -109, -111, -101, -101, -95, -90, -92, -81, -93, -74, -94, -69, -95, -69, -95, -71, 27, -76, 37, -81, 49, -84, 59, -85, 65, -84, 67, -80, 65, -74, 60, -72, 52, -73, 40, -78, 26, -89, 18, -103, 14, -118, 11, -128, 8, -128, 9, -128, 15, -128, 24, -128, 35, -128, 45, -128, 55, -128, 60, -128, 61, -128, 57, -128, 51, -128, 45, -128]",esp32_1
CSI_DATA,113920,2025-07-23 16:47:58.500,0,lie_down,00:00:00:00:00:00,-75,11,0,0,0,0,0,0,0,0,0,-97,0,1,0,1286137613,0,14,0,0,0,104,0,"[0, 0, 127, 127, 127, 127, 127, 127, 127, 127, 127, 127, 127, 125, 124, 127, 81, 127, 35, 127, -3, 127, -39, 127, -75, 127, -101, 127, -124, 127, -128, 127, -128, 127, -128, 127, -121, 127, -109, 127, -92, 127, -66, 127, -35, 127, -4, 93, 22, 59, 38, 36, -94, 127, -89, 126, -82, 113, -75, 95, -72, 73, -68, 47, -63, 21, -60, -3, -58, -30, -52, -58, -50, -80, -60, -96, -75, -102, -87, -96, -85, -87, -79, -69, -73, -44, -62, -13, -47, 21, -29, 54, -2, 84, 35, 116, 72, 127, 108, 127, 127, 127, 127, 127]",esp32_2
CSI_DATA,214675,2025-07-23 16:47:58.511,0,lie_down,00:00:00:00:00:00,-61,11,0,0,0,0,0,0,0,0,0,-97,0,1,0,2665818131,0,14,0,0,0,104,0,"[0, 0, 64, 78, 65, 53, 72, 28, 79, 6, 87, -15, 99, -35, 114, -52, 127, -67, 127, -79, 127, -82, 127, -78, 127, -69, 127, -57, 127, -48, 127, -37, 127, -24, 127, -15, 127, -10, 127, -11, 114, -16, 105, -22, 101, -28, 97, -34, 97, -38, 98, -38, 26, 65, 23, 74, 17, 85, 12, 92, 8, 98, 5, 99, 1, 98, 0, 95, 4, 93, 13, 92, 28, 90, 41, 88, 52, 90, 63, 95, 78, 104, 93, 113, 103, 126, 110, 127, 112, 127, 108, 127, 104, 127, 103, 127, 102, 127, 96, 127, 87, 127, 80, 127]",esp32_1
CSI_DATA,113921,2025-07-23 16:47:58.522,0,lie_down,00:00:00:00:00:00,-75,11,0,0,0,0,0,0,0,0,0,-97,0,1,0,1286150159,0,14,0,0,0,104,0,"[0, 0, 127, 127, 127, 127, 127, 127, 127, 127, 127, 125, 127, 116, 127, 117, 97, 124, 49, 127, 1, 127, -42, 127, -75, 127, -99, 127, -125, 127, -128, 127, -128, 127, -128, 127, -128, 127, -128, 127, -109, 127, -83, 127, -54, 127, -21, 102, 11, 62, 36, 38, -43, 127, -42, 127, -42, 127, -45, 111, -42, 90, -36, 68, -39, 43, -46, 17, -56, -13, -67, -45, -73, -66, -81, -76, -92, -80, -99, -76, -99, -71, -91, -55, -81, -28, -68, -2, -55, 26, -33, 57, -3, 88, 32, 120, 74, 127, 119, 127, 127, 127, 127, 127]",esp32_2
CSI_DATA,214676,2025-07-23 16:47:58.534,0,lie_down,00:00:00:00:00:00,-61,11,0,0,0,0,0,0,0,0,0,-97,0,1,0,2665850246,0,14,0,0,0,104,0,"[0, 0, -67, 106, -33, 97, 3, 92, 35, 93, 65, 97, 94, 103, 121, 113, 127, 126, 127, 127, 127, 127, 127, 127, 127, 127, 127, 127, 127, 127, 119, 127, 102, 127, 86, 127, 76, 127, 73, 127, 73, 119, 77, 106, 82, 95, 88, 90, 94, 91, 95, 94, -75, 57, -88, 56, -104, 53, -117, 49, -128, 44, -128, 38, -128, 31, -125, 28, -119, 32, -112, 41, -102, 55, -94, 70, -93, 86, -95, 109, -97, 127, -100, 127, -112, 127, -127, 127, -128, 127, -128, 127, -128, 127, -128, 127, -128, 127, -128, 127, -128, 127, -128, 127]",esp32_1
CSI_DATA,113922,2025-07-23 16:47:58.546,0,lie_down,00:00:00:00:00:00,-75,11,0,0,0,0,0,0,0,0,0,-97,0,1,0,1286184786,0,14,0,0,0,104,0,"[0, 0, 127, 127, 127, 127, 127, 127, 127, 127, 127, 127, 117, 127, 75, 127, 31, 127, -17, 120, -70, 97, -124, 79, -128, 62, -128, 41, -128, 18, -128, -5, -128, -21, -128, -26, -128, -27, -128, -25, -128, -23, -128, -19, -128, -9, -123, 8, -82, 30, -51, 47, 69, 127, 61, 127, 49, 127, 35, 118, 22, 96, 13, 67, 0, 37, -19, 10, -37, -12, -52, -31, -70, -52, -84, -69, -96, -76, -104, -77, -104, -69, -102, -53, -100, -30, -99, -1, -92, 33, -73, 70, -46, 104, -14, 127, 20, 127, 57, 127, 105, 127, 127, 127]",esp32_2
CSI_DATA,214677,2025-07-23 16:47:58.561,0,lie_down,00:00:00:00:00:00,-61,11,0,0,0,0,0,0,0,0,0,-97,0,1,0,2665890359,0,14,0,0,0,104,0,"[0, 0, -48, -90, -50, -61, -59, -33, -69, -5, -81, 19, -95, 40, -115, 56, -128, 67, -128, 74, -128, 79, -128, 78, -128, 71, -128, 58, -128, 43, -128, 30, -128, 20, -128, 13, -128, 10, -126, 12, -113, 17, -102, 23, -95, 33, -91, 41, -94, 45, -98, 48, -8, -73, -5, -81, -1, -91, 5, -100, 14, -107, 22, -109, 28, -108, 30, -106, 27, -103, 18, -99, 4, -99, -9, -98, -23, -96, -38, -102, -53, -113, -66, -128, -79, -128, -89, -128, -93, -128, -92, -128, -91, -128, -88, -128, -84, -128, -80, -128, -72, -128, -64, -128]",esp32_1
CSI_DATA,113923,2025-07-23 16:47:58.566,0,lie_down,00:00:00:00:00:00,-74,11,0,0,0,0,0,0,0,0,0,-97,0,1,0,1286212329,0,14,0,0,0,104,0,"[0, 0, -128, -128, -128, -128, -128, -128, -128, -128, -128, -128, -128, -128, -114, -128, -63, -128, -6, -110, 47, -96, 102, -89, 127, -73, 127, -54, 127, -43, 127, -35, 127, -26, 127, -20, 127, -10, 127, 0, 127, -2, 127, -10, 127, -13, 114, -21, 69, -36, 40, -46, -79, -128, -73, -124, -64, -111, -54, -95, -42, -77, -25, -52, -6, -26, 8, -3, 24, 20, 43, 39, 59, 55, 77, 62, 95, 63, 103, 63, 100, 51, 101, 30, 101, 7, 89, -12, 71, -38, 49, -73, 21, -100, -15, -128, -55, -128, -89, -128, -128, -128, -128, -128]",esp32_2
CSI_DATA,214678,2025-07-23 16:47:58.582,0,lie_down,00:00:00:00:00:00,-62,11,0,0,0,0,0,0,0,0,0,-97,0,1,0,2665925080,0,14,0,0,0,104,0,"[0, 0, 12, 104, 24, 65, 44, 27, 65, -6, 85, -34, 110, -61, 127, -82, 127, -96, 127, -101, 127, -99, 127, -93, 127, -83, 127, -70, 127, -56, 127, -43, 127, -34, 127, -29, 127, -29, 127, -34, 117, -43, 101, -52, 94, -62, 90, -72, 90, -81, 92, -84, -41, 77, -50, 84, -63, 90, -77, 94, -91, 98, -100, 97, -104, 92, -104, 87, -99, 83, -89, 81, -73, 86, -55, 90, -37, 94, -20, 106, -2, 127, 12, 127, 22, 127, 31, 127, 38, 127, 41, 127, 40, 127, 35, 127, 26, 127, 18, 127, 12, 127, 8, 127]",esp32_1
CSI_DATA,113924,2025-07-23 16:47:58.590,0,lie_down,00:00:00:00:00:00,-75,11,0,0,0,0,0,0,0,0,0,-97,0,1,0,1286264197,0,14,0,0,0,104,0,"[0, 0, 127, -92, 127, -102, 127, -100, 127, -95, 127, -79, 127, -53, 127, -22, 127, 16, 119, 61, 89, 110, 70, 127, 55, 127, 36, 127, 22, 127, 16, 127, 9, 127, 1, 127, -2, 127, 3, 127, 7, 127, 6, 127, 6, 104, 14, 52, 22, 4, 21, -35, 50, 127, 52, 125, 48, 112, 40, 98, 30, 76, 19, 51, 13, 24, 4, -1, -13, -18, -31, -26, -45, -40, -55, -43, -60, -36, -61, -35, -61, -28, -57, -14, -40, -2, -8, 4, 27, 17, 64, 40, 103, 42, 127, 29, 127, 18, 127, 0, 127, -22, 127, -44]",esp32_2
CSI_DATA,214679,2025-07-23 16:47:58.605,0,lie_down,00:00:00:00:00:00,-62,11,0,0,0,0,0,0,0,0,0,-97,0,1,0,2665949511,0,14,0,0,0,104,0,"[0, 0, 67, -39, 28, -39, -8, -41, -39, -48, -70, -60, -100, -75, -125, -89, -128, -104, -128, -121, -128, -128, -128, -128, -128, -128, -128, -128, -128, -128, -114, -128, -99, -128, -85, -118, -76, -99, -74, -81, -77, -62, -83, -47, -90, -34, -95, -26, -101, -24, -105, -24, 76, 17, 84, 26, 93, 40, 98, 54, 103, 66, 101, 73, 95, 78, 89, 80, 84, 76, 79, 66, 74, 47, 73, 27, 80, 9, 88, -8, 98, -30, 110, -54, 127, -74, 127, -87, 127, -93, 127, -96, 127, -98, 127, -98, 127, -95, 127, -87, 127, -73, 127, -61]",esp32_1
CSI_DATA,113925,2025-07-23 16:47:58.613,0,lie_down,00:00:00:00:00:00,-76,11,0,0,0,0,0,0,0,0,0,-97,0,1,0,1286287682,0,14,0,0,0,104,0,"[0, 0, -128, -128, -128, -128, -128, -128, -128, -128, -128, -128, -122, -128, -80, -128, -36, -128, 13, -117, 68, -85, 123, -61, 127, -44, 127, -24, 127, -3, 127, 13, 127, 22, 127, 25, 127, 26, 127, 25, 127, 20, 127, 11, 88, -3, 34, -12, -16, -23, -47, -39, 86, -123, 72, -115, 54, -102, 37, -86, 17, -79, -8, -64, -35, -38, -52, -14, -61, 0, -72, 11, -79, 27, -79, 36, -76, 34, -67, 27, -54, 15, -42, 0, -30, -26, -18, -60, -3, -93, 8, -125, 8, -128, 0, -128, -16, -128, -41, -128, -64, -128, -80, -128]",esp32_2
CSI_DATA,113926,2025-07-23 16:47:58.633,0,lie_down,00:00:00:00:00:00,-76,11,0,0,0,0,0,0,0,0,0,-97,0,1,0,1286325013,0,14,0,0,0,104,0,"[0, 0, 127, -114, 127, -120, 127, -112, 127, -101, 127, -91, 125, -70, 102, -43, 84, -13, 71, 20, 57, 47, 47, 72, 39, 92, 25, 106, 13, 117, 3, 120, -1, 120, 2, 116, 10, 96, 20, 65, 27, 34, 36, 4, 46, -23, 62, -48, 85, -74, 103, -94, 67, 17, 64, 11, 56, 0, 48, -15, 49, -31, 54, -46, 56, -66, 65, -86, 73, -95, 81, -97, 102, -94, 121, -87, 127, -85, 127, -83, 127, -74, 127, -55, 127, -38, 127, -38, 127, -45, 127, -42, 127, -41, 127, -43, 127, -44, 127, -55, 127, -75, 127, -90]",esp32_2
CSI_DATA,113927,2025-07-23 16:47:58.654,0,lie_down,00:00:00:00:00:00,-75,11,0,0,0,0,0,0,0,0,0,-97,0,1,0,1286359208,0,14,0,0,0,104,0,"[0, 0, -128, 127, -122, 127, -103, 127, -100, 113, -96, 90, -84, 58, -77, 28, -77, 0, -80, -27, -86, -49, -92, -67, -94, -83, -90, -94, -84, -100, -75, -101, -68, -97, -58, -88, -52, -67, -53, -36, -53, -7, -54, 20, -62, 48, -71, 76, -74, 95, -75, 105, -23, -16, -23, -9, -25, 3, -25, 19, -24, 35, -34, 49, -50, 60, -62, 75, -76, 89, -107, 98, -128, 105, -128, 107, -128, 106, -128, 106, -128, 111, -128, 114, -128, 118, -128, 127, -128, 127, -128, 127, -128, 127, -128, 127, -128, 127, -128, 127, -128, 127, -128, 127]",esp32_2
CSI_DATA,113928,2025-07-23 16:47:58.675,0,lie_down,00:00:00:00:00:00,-74,11,0,0,0,0,0,0,0,0,0,-97,0,1,0,1286385503,0,14,0,0,0,104,0,"[0, 0, -128, 81, -128, 88, -128, 87, -128, 79, -126, 64, -104, 42, -80, 14, -55, -18, -35, -48, -16, -72, 4, -94, 21, -115, 35, -128, 51, -128, 60, -128, 60, -128, 60, -128, 53, -123, 38, -109, 22, -96, 0, -82, -29, -65, -57, -57, -83, -52, -100, -45, -15, 1, -14, 10, -13, 19, -14, 25, -24, 33, -40, 43, -58, 50, -79, 52, -101, 45, -125, 35, -128, 27, -128, 14, -128, -5, -128, -27, -128, -50, -128, -68, -128, -80, -128, -88, -128, -92, -128, -94, -128, -87, -128, -73, -128, -53, -128, -31, -128, -9, -128, 8]",esp32_2
CSI_DATA,113929,2025-07-23 16:47:58.704,0,lie_down,00:00:00:00:00:00,-73,11,0,0,0,0,0,0,0,0,0,-97,0,1,0,1286410070,0,14,0,0,0,104,0,"[0, 0, -115, 127, -99, 127, -94, 127, -89, 127, -80, 127, -73, 93, -66, 53, -56, 5, -45, -46, -40, -91, -32, -128, -19, -128, -2, -128, 15, -128, 23, -128, 25, -128, 30, -128, 33, -128, 26, -128, 9, -128, -16, -106, -41, -87, -65, -67, -86, -56, -100, -56, 9, 8, 13, 10, 20, 18, 21, 24, 17, 31, 10, 43, -1, 58, -20, 75, -45, 89, -72, 93, -103, 101, -128, 111, -128, 113, -128, 113, -128, 112, -128, 109, -128, 107, -128, 101, -128, 94, -128, 95, -128, 105, -128, 117, -128, 127, -128, 127, -128, 127, -128, 127]",esp32_2
CSI_DATA,214682,2025-07-23 16:47:58.706,0,lie_down,00:00:00:00:00:00,-62,11,0,0,0,0,0,0,0,0,0,-97,0,1,0,2666055153,0,14,0,0,0,104,0,"[0, 0, 48, 32, 40, -5, 40, -44, 43, -79, 48, -110, 55, -128, 67, -128, 82, -128, 92, -128, 99, -128, 106, -128, 110, -128, 113, -128, 111, -128, 100, -128, 85, -117, 68, -104, 49, -96, 28, -93, 9, -92, -6, -93, -18, -97, -24, -103, -25, -111, -22, -117, -15, 84, -21, 92, -31, 100, -43, 107, -54, 110, -63, 108, -69, 104, -69, 97, -63, 86, -48, 77, -29, 74, -7, 71, 18, 68, 44, 72, 69, 81, 89, 93, 109, 109, 127, 124, 127, 127, 127, 127, 127, 127, 127, 127, 127, 127, 125, 127, 109, 127, 95, 127]",esp32_1
CSI_DATA,113930,2025-07-23 16:47:58.725,0,lie_down,00:00:00:00:00:00,-72,11,0,0,0,0,0,0,0,0,0,-97,0,1,0,1286444990,0,14,0,0,0,104,0,"[0, 0, 102, 127, 101, 127, 91, 127, 70, 127, 43, 127, 13, 105, -16, 67, -41, 30, -67, -5, -93, -43, -115, -86, -126, -127, -128, -128, -128, -128, -128, -128, -115, -128, -97, -128, -85, -128, -82, -128, -83, -127, -82, -94, -85, -61, -92, -31, -103, -4, -112, 14, 11, -18, 15, -15, 18, -16, 20, -15, 24, -4, 27, 9, 29, 28, 34, 51, 34, 80, 28, 113, 17, 127, 6, 127, -12, 127, -35, 127, -52, 127, -67, 127, -83, 127, -92, 127, -91, 127, -86, 127, -76, 127, -58, 127, -30, 127, 3, 127, 37, 127, 63, 127]",esp32_2
CSI_DATA,214683,2025-07-23 16:47:58.732,0,lie_down,00:00:00:00:00:00,-61,11,0,0,0,0,0,0,0,0,0,-97,0,1,0,2666076229,0,14,0,0,0,104,0,"[0, 0, -18, 60, 16, 42, 52, 29, 84, 25, 112, 22, 127, 20, 127, 24, 127, 29, 127, 35, 127, 43, 127, 53, 127, 59, 127, 63, 127, 62, 127, 57, 127, 47, 113, 34, 100, 20, 92, 5, 88, -12, 88, -26, 91, -37, 93, -44, 100, -46, 106, -45, -82, 24, -92, 19, -104, 11, -115, 3, -122, -4, -123, -11, -118, -17, -109, -19, -99, -16, -90, -8, -78, 8, -67, 26, -60, 42, -55, 64, -52, 92, -54, 118, -59, 127, -68, 127, -79, 127, -90, 127, -99, 127, -107, 127, -113, 127, -112, 127, -104, 127, -95, 127]",esp32_1
CSI_DATA,113931,2025-07-23 16:47:58.748,0,lie_down,00:00:00:00:00:00,-72,11,0,0,0,0,0,0,0,0,0,-97,0,1,0,1286475092,0,14,0,0,0,104,0,"[0, 0, 127, -128, 127, -128, 127, -128, 127, -123, 119, -87, 86, -46, 60, -8, 27, 30, -10, 72, -47, 106, -82, 127, -108, 127, -128, 127, -128, 127, -128, 127, -128, 127, -128, 127, -128, 111, -128, 100, -102, 93, -72, 87, -43, 87, -17, 91, 4, 99, 19, 109, -11, 12, -15, 7, -17, 2, -13, -3, -4, -9, 6, -18, 21, -32, 48, -46, 82, -55, 115, -64, 127, -67, 127, -60, 127, -51, 127, -47, 127, -43, 127, -38, 127, -37, 127, -37, 127, -37, 127, -40, 127, -51, 127, -68, 127, -89, 127, -108, 127, -128, 127, -128]",esp32_2
CSI_DATA,214684,2025-07-23 16:47:58.758,0,lie_down,00:00:00:00:00:00,-61,11,0,0,0,0,0,0,0,0,0,-97,0,1,0,2666110206,0,14,0,0,0,104,0,"[0, 0, 59, -3, 33, -31, 15, -60, -2, -89, -15, -117, -21, -128, -22, -128, -17, -128, -10, -128, -5, -128, 0, -128, 6, -128, 14, -128, 20, -128, 19, -128, 13, -128, 6, -126, -4, -112, -17, -102, -31, -94, -44, -89, -55, -87, -60, -89, -60, -97, -59, -102, 49, 67, 50, 77, 50, 90, 48, 101, 42, 111, 32, 116, 24, 114, 20, 107, 20, 95, 25, 81, 35, 68, 50, 53, 68, 37, 89, 24, 112, 17, 127, 14, 127, 15, 127, 16, 127, 19, 127, 27, 127, 36, 127, 45, 127, 54, 127, 56, 127, 55, 127, 54]",esp32_1
CSI_DATA,113932,2025-07-23 16:47:58.771,0,lie_down,00:00:00:00:00:00,-73,11,0,0,0,0,0,0,0,0,0,-97,0,1,0,1286508188,0,14,0,0,0,104,0,"[0, 0, 91, 117, 82, 105, 69, 91, 49, 75, 25, 62, 3, 46, -19, 23, -39, 0, -55, -22, -70, -45, -85, -66, -94, -84, -96, -98, -91, -109, -82, -117, -72, -118, -63, -112, -54, -101, -43, -85, -37, -65, -36, -44, -39, -25, -46, -7, -53, 9, -57, 22, -6, 2, -7, 2, -7, 1, -7, 1, -4, 5, 1, 12, 7, 20, 13, 32, 20, 46, 26, 59, 28, 77, 29, 96, 34, 116, 38, 127, 38, 127, 36, 127, 34, 127, 34, 127, 35, 127, 39, 127, 47, 127, 57, 127, 67, 127, 79, 127, 90, 127, 96, 127]",esp32_2
CSI_DATA,214685,2025-07-23 16:47:58.779,0,lie_down,00:00:00:00:00:00,-62,11,0,0,0,0,0,0,0,0,0,-97,0,1,0,2666149351,0,14,0,0,0,104,0,"[0, 0, 36, 44, 40, 9, 51, -24, 64, -52, 77, -74, 90, -95, 107, -111, 124, -120, 127, -124, 127, -126, 127, -124, 127, -118, 127, -106, 127, -95, 127, -86, 114, -78, 98, -72, 83, -72, 68, -75, 53, -79, 42, -85, 36, -90, 34, -95, 38, -101, 43, -103, -20, 76, -26, 84, -34, 92, -44, 96, -54, 98, -62, 96, -66, 90, -63, 83, -54, 76, -40, 71, -24, 70, -4, 71, 17, 74, 38, 82, 56, 94, 71, 110, 85, 127, 97, 127, 104, 127, 104, 127, 100, 127, 93, 127, 85, 127, 76, 127, 64, 127, 56, 127]",esp32_1
CSI_DATA,113933,2025-07-23 16:47:58.793,0,lie_down,00:00:00:00:00:00,-73,11,0,0,0,0,0,0,0,0,0,-97,0,1,0,1286558157,0,14,0,0,0,104,0,"[0, 0, 127, -73, 123, -57, 107, -37, 90, -16, 66, 6, 41, 28, 21, 49, -2, 73, -30, 92, -53, 105, -75, 118, -95, 127, -109, 127, -121, 119, -128, 106, -127, 89, -117, 72, -103, 55, -83, 42, -64, 30, -45, 18, -20, 10, 9, 10, 32, 15, 44, 19, 22, 30, 21, 33, 21, 38, 20, 41, 20, 41, 28, 40, 36, 38, 41, 39, 50, 39, 65, 37, 80, 37, 94, 33, 106, 31, 118, 31, 127, 24, 127, 14, 127, 9, 127, 3, 127, -13, 127, -30, 127, -44, 127, -57, 127, -66, 127, -76, 127, -86, 127, -93]",esp32_2
CSI_DATA,214686,2025-07-23 16:47:58.801,0,lie_down,00:00:00:00:00:00,-62,11,0,0,0,0,0,0,0,0,0,-97,0,1,0,2666195010,0,14,0,0,0,104,0,"[0, 0, 51, 36, 47, -4, 52, -41, 58, -75, 66, -104, 77, -128, 91, -128, 108, -128, 121, -128, 127, -128, 127, -128, 127, -128, 127, -128, 127, -128, 121, -128, 105, -117, 88, -107, 72, -104, 56, -104, 40, -104, 28, -108, 20, -113, 18, -117, 21, -121, 24, -124, 2, 88, -4, 98, -13, 109, -23, 117, -32, 119, -42, 117, -48, 111, -46, 103, -38, 93, -24, 84, -7, 81, 15, 77, 40, 75, 66, 79, 89, 89, 109, 103, 127, 120, 127, 127, 127, 127, 127, 127, 127, 127, 127, 127, 127, 127, 127, 127, 110, 127, 95, 127]",esp32_1
CSI_DATA,113934,2025-07-23 16:47:58.816,0,lie_down,00:00:00:00:00:00,-74,11,0,0,0,0,0,0,0,0,0,-97,0,1,0,1286584015,0,14,0,0,0,104,0,"[0, 0, -128, -109, -128, -109, -128, -111, -84, -114, -45, -120, -2, -128, 41, -128, 79, -128, 111, -128, 127, -128, 127, -128, 127, -128, 127, -128, 127, -128, 127, -128, 127, -128, 127, -112, 127, -84, 127, -58, 120, -37, 87, -14, 49, 10, 13, 28, -24, 36, -51, 39, 89, 15, 95, 16, 101, 16, 107, 15, 112, 9, 111, 3, 104, -6, 99, -23, 93, -43, 83, -65, 69, -87, 56, -108, 44, -128, 25, -128, 1, -128, -24, -128, -54, -128, -80, -128, -100, -128, -127, -128, -128, -128, -128, -128, -128, -128, -128, -128, -128, -128, -128, -128]",esp32_2
CSI_DATA,214687,2025-07-23 16:47:58.826,0,lie_down,00:00:00:00:00:00,-62,11,0,0,0,0,0,0,0,0,0,-97,0,1,0,2666222871,0,14,0,0,0,104,0,"[0, 0, -20, 54, 15, 42, 47, 34, 75, 34, 101, 38, 125, 41, 127, 47, 127, 51, 127, 56, 127, 64, 127, 71, 127, 76, 127, 79, 127, 77, 127, 70, 122, 60, 111, 47, 104, 33, 100, 18, 98, 7, 99, -2, 101, -9, 104, -12, 108, -13, 110, -11, -77, 17, -87, 13, -96, 5, -104, -3, -109, -12, -108, -18, -103, -21, -95, -20, -86, -14, -77, -3, -67, 14, -59, 33, -57, 52, -60, 74, -63, 97, -68, 119, -79, 127, -92, 127, -104, 127, -115, 127, -124, 127, -128, 127, -128, 127, -128, 127, -119, 123, -108, 106]",esp32_1
CSI_DATA,113935,2025-07-23 16:47:58.836,0,lie_down,00:00:00:00:00:00,-73,11,0,0,0,0,0,0,0,0,0,-97,0,1,0,1286618225,0,14,0,0,0,104,0,"[0, 0, -116, 19, -100, -2, -87, -19, -78, -38, -67, -63, -55, -89, -49, -113, -42, -128, -32, -128, -26, -128, -19, -128, -9, -128, -1, -128, 7, -128, 19, -128, 25, -128, 30, -128, 37, -122, 42, -102, 41, -75, 39, -48, 35, -24, 29, 0, 22, 24, 13, 38, 77, -30, 82, -35, 88, -42, 93, -47, 96, -48, 89, -52, 75, -56, 62, -60, 51, -69, 36, -75, 13, -77, -11, -78, -32, -75, -53, -68, -77, -62, -99, -56, -118, -48, -128, -38, -128, -26, -128, -16, -128, -1, -128, 21, -128, 34, -128, 38, -128, 44, -128, 50]",esp32_2
CSI_DATA,214688,2025-07-23 16:47:58.847,0,lie_down,00:00:00:00:00:00,-61,11,0,0,0,0,0,0,0,0,0,-97,0,1,0,2666247790,0,14,0,0,0,104,0,"[0, 0, -44, 39, -10, 44, 22, 51, 51, 66, 75, 81, 95, 95, 112, 109, 121, 119, 123, 127, 122, 127, 119, 127, 114, 127, 107, 127, 98, 127, 89, 127, 81, 112, 76, 95, 76, 80, 80, 66, 84, 54, 90, 45, 96, 41, 101, 40, 103, 41, 104, 44, -78, -15, -85, -23, -93, -36, -99, -48, -100, -56, -95, -61, -86, -61, -78, -59, -72, -52, -69, -38, -66, -21, -67, -1, -77, 19, -91, 40, -102, 60, -114, 77, -128, 90, -128, 101, -128, 105, -128, 104, -128, 100, -128, 94, -128, 84, -128, 73, -128, 61, -128, 50]",esp32_1
CSI_DATA,113936,2025-07-23 16:47:58.860,0,lie_down,00:00:00:00:00:00,-73,11,0,0,0,0,0,0,0,0,0,-97,0,1,0,1286645538,0,14,0,0,0,104,0,"[0, 0, -19, -85, -2, -86, 23, -86, 48, -85, 67, -87, 86, -91, 104, -95, 117, -99, 127, -102, 127, -102, 127, -101, 127, -100, 127, -95, 127, -89, 127, -79, 127, -64, 127, -48, 119, -32, 106, -16, 88, -1, 67, 12, 49, 23, 33, 33, 18, 40, 4, 42, -8, 97, -7, 102, -2, 105, 6, 107, 11, 107, 18, 102, 27, 95, 33, 86, 39, 69, 47, 46, 55, 22, 58, 0, 57, -22, 54, -46, 44, -68, 29, -90, 16, -106, 6, -120, -5, -128, -18, -128, -34, -128, -46, -128, -52, -128, -57, -127, -62, -116, -63, -112]",esp32_2
CSI_DATA,214689,2025-07-23 16:47:58.871,0,lie_down,00:00:00:00:00:00,-61,11,0,0,0,0,0,0,0,0,0,-97,0,1,0,2666280375,0,14,0,0,0,104,0,"[0, 0, -24, -56, -39, -25, -60, 3, -81, 24, -102, 42, -122, 56, -128, 66, -128, 71, -128, 71, -128, 68, -128, 62, -128, 57, -128, 52, -128, 48, -128, 45, -128, 43, -122, 43, -107, 47, -95, 54, -85, 63, -78, 70, -75, 77, -74, 82, -78, 85, -83, 84, 45, -67, 56, -71, 67, -72, 78, -72, 88, -70, 92, -65, 90, -58, 85, -52, 74, -48, 59, -50, 42, -58, 23, -67, 6, -79, -9, -98, -22, -119, -33, -128, -39, -128, -41, -128, -41, -128, -36, -128, -28, -128, -17, -128, -7, -128, 0, -128, 5, -128, 7, -128]",esp32_1
CSI_DATA,113937,2025-07-23 16:47:58.881,0,lie_down,00:00:00:00:00:00,-73,11,0,0,0,0,0,0,0,0,0,-97,0,1,0,1286670342,0,14,0,0,0,104,0,"[0, 0, -6, -128, 30, -128, 65, -128, 97, -128, 119, -128, 127, -128, 127, -128, 127, -128, 127, -128, 127, -128, 127, -128, 127, -128, 127, -128, 127, -128, 127, -128, 127, -128, 127, -107, 127, -80, 127, -56, 127, -33, 127, -8, 107, 13, 82, 31, 64, 46, 53, 57, -57, 127, -56, 127, -55, 127, -44, 127, -30, 127, -14, 127, 7, 127, 26, 127, 43, 127, 63, 103, 77, 66, 87, 26, 91, -16, 81, -57, 64, -93, 46, -127, 29, -128, 8, -128, -9, -128, -24, -128, -46, -128, -71, -128, -88, -128, -87, -128, -79, -128, -73, -128]",esp32_2
CSI_DATA,214690,2025-07-23 16:47:58.892,0,lie_down,00:00:00:00:00:00,-61,11,0,0,0,0,0,0,0,0,0,-97,0,1,0,2666304875,0,14,0,0,0,104,0,"[0, 0, 40, 43, 43, 6, 54, -29, 63, -58, 74, -83, 87, -102, 102, -119, 119, -128, 127, -128, 127, -128, 127, -128, 127, -128, 127, -121, 127, -112, 123, -104, 107, -95, 91, -89, 78, -89, 64, -92, 50, -93, 41, -98, 36, -104, 34, -108, 36, -111, 38, -111, -17, 79, -24, 85, -33, 92, -42, 97, -52, 99, -59, 97, -63, 92, -61, 85, -51, 78, -36, 74, -18, 74, 2, 73, 26, 74, 48, 82, 67, 97, 83, 116, 98, 127, 111, 127, 117, 127, 118, 127, 114, 127, 106, 127, 97, 127, 85, 127, 71, 127, 61, 127]",esp32_1
CSI_DATA,113938,2025-07-23 16:47:58.904,0,lie_down,00:00:00:00:00:00,-73,11,0,0,0,0,0,0,0,0,0,-97,0,1,0,1286705062,0,14,0,0,0,104,0,"[0, 0, -85, -39, -89, -55, -92, -69, -98, -81, -105, -91, -109, -98, -114, -106, -118, -116, -121, -121, -125, -121, -127, -124, -125, -127, -117, -125, -107, -127, -95, -128, -82, -126, -69, -121, -58, -117, -48, -110, -37, -101, -24, -91, -10, -81, 3, -67, 15, -52, 23, -41, 42, 95, 49, 97, 56, 93, 65, 84, 73, 78, 78, 70, 80, 58, 80, 42, 73, 26, 61, 11, 47, -6, 28, -21, 8, -31, -11, -40, -29, -45, -46, -46, -62, -43, -77, -35, -88, -22, -95, -12, -100, -5, -102, 1, -100, 7, -96, 10, -94, 6, -94, -1]",esp32_2
CSI_DATA,214691,2025-07-23 16:47:58.914,0,lie_down,00:00:00:00:00:00,-62,11,0,0,0,0,0,0,0,0,0,-97,0,1,0,2666340622,0,14,0,0,0,104,0,"[0, 0, 10, 55, 32, 28, 58, 4, 80, -15, 100, -29, 121, -39, 127, -45, 127, -48, 127, -47, 127, -42, 127, -38, 127, -35, 127, -29, 127, -24, 127, -22, 127, -23, 122, -27, 110, -33, 99, -41, 91, -49, 86, -56, 83, -63, 83, -67, 86, -69, 90, -68, -52, 58, -60, 60, -71, 60, -82, 58, -91, 55, -96, 51, -94, 46, -86, 41, -76, 39, -62, 43, -46, 52, -28, 63, -13, 75, -1, 93, 9, 116, 14, 127, 16, 127, 15, 127, 13, 127, 8, 127, 0, 127, -11, 127, -19, 127, -24, 127, -27, 127, -28, 127]",esp32_1
CSI_DATA,113939,2025-07-23 16:47:58.926,0,lie_down,00:00:00:00:00:00,-73,11,0,0,0,0,0,0,0,0,0,-97,0,1,0,1286737419,0,14,0,0,0,104,0,"[0, 0, -75, 127, -93, 127, -117, 127, -128, 127, -128, 127, -128, 127, -128, 127, -128, 127, -128, 127, -128, 127, -128, 127, -128, 127, -128, 127, -128, 127, -128, 127, -128, 127, -128, 127, -128, 127, -128, 122, -128, 103, -128, 83, -128, 58, -122, 35, -99, 15, -80, 1, 127, -45, 127, -58, 127, -74, 127, -89, 127, -106, 127, -116, 116, -123, 94, -126, 62, -117, 31, -106, 5, -89, -25, -59, -46, -28, -54, 1, -59, 38, -61, 73, -56, 104, -52, 127, -36, 127, -9, 127, 2, 127, 4, 127, 4, 127, -1, 127, -9, 127, -22, 127]",esp32_2
CSI_DATA,214692,2025-07-23 16:47:58.937,0,lie_down,00:00:00:00:00:00,-61,11,0,0,0,0,0,0,0,0,0,-97,0,1,0,2666365101,0,14,0,0,0,104,0,"[0, 0, 9, 62, 31, 34, 57, 10, 82, -7, 105, -18, 127, -27, 127, -32, 127, -34, 127, -32, 127, -27, 127, -22, 127, -17, 127, -11, 127, -7, 127, -7, 127, -9, 127, -14, 118, -22, 108, -32, 101, -41, 96, -48, 95, -53, 96, -57, 99, -58, 101, -56, -51, 61, -61, 64, -72, 64, -84, 63, -93, 60, -97, 55, -96, 50, -91, 46, -81, 43, -66, 44, -51, 55, -34, 67, -18, 78, -5, 96, 5, 118, 11, 127, 13, 127, 13, 127, 9, 127, 0, 127, -10, 127, -19, 127, -27, 127, -32, 127, -33, 127, -34, 127]",esp32_1
CSI_DATA,113940,2025-07-23 16:47:58.951,0,lie_down,00:00:00:00:00:00,-72,11,0,0,0,0,0,0,0,0,0,-97,0,1,0,1286781223,0,14,0,0,0,104,0,"[0, 0, -128, -96, -128, -110, -128, -124, -128, -128, -128, -128, -128, -128, -128, -128, -128, -128, -128, -128, -128, -128, -128, -128, -128, -128, -128, -128, -128, -128, -128, -128, -128, -128, -128, -128, -128, -128, -111, -128, -98, -128, -83, -128, -68, -128, -49, -122, -27, -103, -11, -90, 27, 127, 36, 127, 51, 127, 71, 127, 89, 127, 94, 127, 95, 109, 98, 83, 95, 56, 82, 30, 61, 0, 37, -22, 13, -35, -14, -40, -40, -41, -64, -43, -84, -44, -96, -34, -106, -14, -114, -1, -119, 5, -120, 8, -117, 6, -116, 0, -122, -15, -125, -30]",esp32_2
CSI_DATA,214693,2025-07-23 16:47:58.964,0,lie_down,00:00:00:00:00:00,-61,11,0,0,0,0,0,0,0,0,0,-97,0,1,0,2666390850,0,14,0,0,0,104,0,"[0, 0, -19, 58, 15, 44, 48, 36, 81, 35, 108, 35, 127, 36, 127, 40, 127, 45, 127, 50, 127, 58, 127, 65, 127, 69, 127, 69, 127, 68, 127, 63, 127, 54, 124, 43, 116, 31, 111, 19, 108, 7, 109, -3, 109, -10, 110, -14, 113, -13, 114, -9, -74, 23, -85, 19, -100, 14, -110, 8, -114, 0, -111, -7, -105, -12, -97, -13, -89, -7, -79, 5, -68, 20, -59, 40, -57, 63, -58, 88, -59, 111, -62, 127, -71, 127, -86, 127, -101, 127, -113, 127, -122, 127, -128, 127, -128, 127, -128, 127, -119, 127, -109, 119]",esp32_1
CSI_DATA,113941,2025-07-23 16:47:58.974,0,lie_down,00:00:00:00:00:00,-72,11,0,0,0,0,0,0,0,0,0,-97,0,1,0,1286813917,0,14,0,0,0,104,0,"[0, 0, 87, 127, 93, 127, 107, 127, 127, 127, 127, 127, 127, 127, 127, 127, 127, 127, 127, 127, 127, 127, 127, 127, 127, 127, 117, 127, 98, 127, 79, 127, 62, 127, 46, 127, 38, 127, 29, 127, 19, 127, 15, 127, 13, 127, 0, 127, -18, 103, -29, 83, 73, -128, 65, -128, 52, -128, 32, -128, 10, -128, -5, -128, -18, -128, -37, -119, -49, -94, -47, -64, -42, -33, -37, -7, -26, 16, -6, 39, 14, 61, 29, 72, 49, 74, 74, 71, 89, 63, 91, 52, 96, 47, 102, 48, 98, 48, 92, 57, 87, 77, 81, 93]",esp32_2
CSI_DATA,214694,2025-07-23 16:47:58.984,0,lie_down,00:00:00:00:00:00,-62,11,0,0,0,0,0,0,0,0,0,-97,0,1,0,2666437999,0,14,0,0,0,104,0,"[0, 0, 65, -19, 33, -38, 4, -60, -17, -92, -30, -122, -41, -128, -48, -128, -51, -128, -57, -128, -60, -128, -57, -128, -50, -128, -38, -128, -25, -128, -21, -128, -25, -128, -30, -128, -35, -128, -43, -115, -52, -106, -60, -100, -68, -93, -76, -91, -80, -97, -80, -104, 68, 40, 74, 54, 78, 70, 79, 83, 77, 92, 70, 98, 60, 97, 54, 89, 53, 77, 54, 58, 61, 40, 73, 21, 90, 5, 114, -9, 127, -21, 127, -29, 127, -35, 127, -37, 127, -33, 127, -23, 127, -11, 127, -3, 127, -2, 127, -2, 127, 4, 127, 10]",esp32_1
CSI_DATA,113942,2025-07-23 16:47:58.996,0,lie_down,00:00:00:00:00:00,-72,11,0,0,0,0,0,0,0,0,0,-97,0,1,0,1286843811,0,14,0,0,0,104,0,"[0, 0, 127, -86, 127, -101, 127, -109, 127, -115, 127, -128, 127, -128, 127, -128, 127, -128, 127, -128, 127, -127, 127, -116, 127, -102, 127, -85, 127, -69, 127, -52, 127, -31, 127, -11, 127, -1, 127, 5, 127, 14, 127, 22, 127, 23, 127, 23, 96, 27, 77, 34, -128, -51, -128, -45, -128, -33, -128, -13, -128, 5, -128, 22, -128, 37, -115, 48, -92, 54, -62, 58, -29, 56, 2, 41, 28, 20, 45, -1, 57, -23, 67, -45, 71, -64, 70, -80, 66, -96, 60, -105, 55, -106, 52, -105, 54, -99, 63, -89, 77, -82, 88, -80]",esp32_2
CSI_DATA,214695,2025-07-23 16:47:59.005,0,lie_down,00:00:00:00:00:00,-61,11,0,0,0,0,0,0,0,0,0,-97,0,1,0,2666469205,0,14,0,0,0,104,0,"[0, 0, -33, 61, 3, 52, 39, 47, 70, 50, 96, 55, 122, 61, 127, 67, 127, 74, 127, 83, 127, 92, 127, 100, 127, 104, 127, 104, 127, 98, 127, 90, 124, 81, 115, 69, 108, 55, 106, 42, 105, 31, 107, 22, 111, 15, 113, 12, 114, 12, 115, 14, -78, 21, -89, 16, -102, 8, -111, 0, -116, -7, -116, -12, -110, -16, -100, -16, -91, -11, -85, -1, -76, 17, -68, 36, -66, 55, -69, 77, -73, 102, -78, 127, -89, 127, -105, 127, -120, 127, -128, 127, -128, 127, -128, 127, -128, 127, -128, 127, -128, 127, -128, 110]",esp32_1
CSI_DATA,113943,2025-07-23 16:47:59.016,0,lie_down,00:00:00:00:00:00,-72,11,0,0,0,0,0,0,0,0,0,-97,0,1,0,1286879235,0,14,0,164,93,104,0,"[0, 0, -128, -19, -128, -19, -128, -26, -128, -27, -128, -19, -128, -10, -128, -5, -128, -3, -128, -6, -128, -10, -128, -15, -128, -25, -128, -44, -128, -65, -128, -77, -128, -87, -128, -99, -128, -110, -128, -118, -128, -115, -128, -109, -126, -97, -100, -81, -71, -73, -50, -69, 94, 118, 103, 119, 119, 115, 127, 102, 127, 79, 127, 55, 125, 37, 114, 19, 95, -1, 67, -21, 36, -35, 12, -37, -4, -28, -29, -20, -62, -15, -85, -9, -92, 8, -97, 33, -99, 50, -97, 58, -95, 61, -92, 56, -90, 51, -93, 45, -105, 29, -122, 12]",esp32_2
CSI_DATA,214696,2025-07-23 16:47:59.031,0,lie_down,00:00:00:00:00:00,-62,11,0,0,0,0,0,0,0,0,0,-97,0,1,0,2666498266,0,14,0,0,0,104,0,"[0, 0, -14, -62, -31, -35, -53, -10, -75, 9, -97, 22, -119, 33, -128, 40, -128, 41, -128, 40, -128, 38, -128, 35, -128, 32, -128, 27, -128, 22, -128, 20, -128, 21, -128, 22, -116, 28, -106, 37, -98, 44, -93, 49, -90, 55, -89, 60, -93, 62, -97, 62, 44, -65, 53, -67, 64, -68, 74, -68, 85, -66, 90, -60, 90, -54, 85, -51, 75, -49, 61, -51, 44, -59, 27, -68, 11, -79, -1, -97, -12, -119, -21, -128, -26, -128, -25, -128, -21, -128, -15, -128, -6, -128, 2, -128, 9, -128, 15, -128, 21, -128, 24, -128]",esp32_1
CSI_DATA,214697,2025-07-23 16:47:59.060,0,lie_down,00:00:00:00:00:00,-62,11,0,0,0,0,0,0,0,0,0,-97,0,1,0,2666525042,0,14,0,0,0,104,0,"[0, 0, 71, -32, 32, -49, -3, -68, -34, -94, -56, -120, -72, -128, -85, -128, -92, -128, -95, -128, -95, -128, -91, -128, -84, -128, -74, -128, -66, -128, -62, -128, -61, -128, -61, -128, -63, -128, -69, -119, -77, -108, -87, -100, -94, -94, -96, -91, -97, -94, -94, -97, 81, 36, 89, 46, 97, 62, 102, 78, 100, 89, 91, 94, 81, 94, 75, 89, 72, 80, 74, 63, 77, 41, 85, 19, 101, -2, 123, -23, 127, -43, 127, -59, 127, -70, 127, -76, 127, -74, 127, -68, 127, -60, 127, -50, 127, -38, 127, -29, 127, -18, 127, -7]",esp32_1
CSI_DATA,214698,2025-07-23 16:47:59.091,0,lie_down,00:00:00:00:00:00,-61,11,0,0,0,0,0,0,0,0,0,-97,0,1,0,2666552656,0,14,0,0,0,104,0,"[0, 0, -44, -52, -50, -15, -60, 18, -71, 45, -85, 68, -99, 87, -117, 101, -128, 109, -128, 112, -128, 114, -128, 114, -128, 112, -128, 104, -128, 95, -128, 88, -126, 82, -111, 78, -98, 77, -86, 81, -75, 83, -68, 86, -64, 91, -61, 95, -63, 97, -66, 97, 11, -80, 17, -87, 25, -94, 35, -98, 44, -101, 51, -98, 54, -91, 51, -84, 40, -79, 24, -74, 5, -74, -14, -78, -34, -83, -55, -92, -74, -105, -90, -123, -102, -128, -112, -128, -117, -128, -115, -128, -109, -128, -101, -128, -91, -128, -80, -128, -68, -128, -58, -128]",esp32_1
CSI_DATA,214699,2025-07-23 16:47:59.119,0,lie_down,00:00:00:00:00:00,-61,11,0,0,0,0,0,0,0,0,0,-97,0,1,0,2666579218,0,14,0,0,0,104,0,"[0, 0, -6, 67, 21, 46, 50, 29, 76, 18, 101, 11, 126, 5, 127, 4, 127, 6, 127, 11, 127, 18, 127, 24, 127, 28, 127, 32, 127, 32, 127, 31, 127, 27, 127, 19, 118, 9, 111, -1, 107, -11, 105, -18, 105, -23, 104, -27, 107, -28, 109, -26, -58, 49, -68, 51, -80, 50, -91, 47, -99, 43, -101, 39, -98, 35, -91, 31, -82, 31, -73, 35, -59, 46, -45, 60, -34, 74, -28, 94, -21, 116, -18, 127, -19, 127, -23, 127, -29, 127, -39, 127, -50, 127, -60, 127, -69, 127, -72, 127, -68, 127, -63, 127]",esp32_1
CSI_DATA,113946,2025-07-23 16:47:59.126,0,lie_down,00:00:00:00:00:00,-73,11,0,0,0,0,0,0,0,0,0,-97,0,1,0,1286972797,0,14,0,0,0,104,0,"[0, 0, 121, 127, 127, 127, 127, 127, 127, 127, 127, 127, 127, 127, 127, 127, 127, 127, 127, 127, 127, 127, 127, 127, 127, 127, 116, 127, 103, 127, 90, 127, 74, 127, 57, 127, 42, 127, 32, 127, 27, 127, 21, 127, 8, 127, -5, 114, -16, 88, -25, 67, 26, -128, 13, -128, -2, -128, -21, -128, -42, -128, -53, -128, -61, -119, -69, -96, -71, -71, -64, -42, -50, -12, -32, 14, -12, 34, 5, 52, 21, 64, 39, 74, 62, 75, 84, 65, 98, 56, 103, 48, 101, 42, 101, 43, 103, 48, 99, 52, 96, 71, 97, 99]",esp32_2
CSI_DATA,214700,2025-07-23 16:47:59.146,0,lie_down,00:00:00:00:00:00,-61,11,0,0,0,0,0,0,0,0,0,-97,0,1,0,2666613232,0,14,0,0,0,104,0,"[0, 0, 75, -22, 38, -44, 6, -71, -22, -102, -42, -128, -58, -128, -67, -128, -70, -128, -70, -128, -69, -128, -65, -128, -59, -128, -51, -128, -41, -128, -37, -128, -39, -128, -42, -128, -47, -128, -56, -128, -67, -119, -78, -113, -86, -109, -90, -108, -91, -111, -88, -116, 73, 55, 80, 67, 86, 82, 88, 97, 84, 108, 73, 113, 63, 110, 56, 102, 56, 88, 62, 70, 69, 49, 82, 28, 104, 7, 127, -11, 127, -26, 127, -37, 127, -42, 127, -43, 127, -39, 127, -30, 127, -19, 127, -9, 127, 0, 127, 7, 127, 14, 127, 19]",esp32_1
CSI_DATA,113947,2025-07-23 16:47:59.146,0,lie_down,00:00:00:00:00:00,-72,11,0,0,0,0,0,0,0,0,0,-97,0,1,0,1287022450,0,14,0,0,0,104,0,"[0, 0, 127, 127, 127, 127, 127, 127, 127, 127, 127, 127, 127, 127, 127, 127, 127, 127, 127, 127, 127, 127, 127, 127, 127, 127, 127, 127, 127, 127, 112, 127, 98, 127, 81, 127, 63, 127, 51, 127, 46, 127, 42, 127, 34, 127, 22, 123, 7, 96, -10, 76, -36, -128, -49, -128, -65, -128, -80, -128, -92, -128, -99, -108, -100, -82, -97, -53, -89, -26, -73, -3, -47, 22, -16, 37, 11, 42, 38, 48, 61, 50, 80, 40, 101, 25, 117, 12, 120, -1, 118, -8, 112, -7, 106, -2, 102, 3, 95, 15, 94, 39, 101, 66]",esp32_2
CSI_DATA,113948,2025-07-23 16:47:59.170,0,lie_down,00:00:00:00:00:00,-72,11,0,0,0,0,0,0,0,0,0,-97,0,1,0,1287050717,0,14,0,0,0,104,0,"[0, 0, 119, 127, 127, 127, 127, 127, 127, 127, 127, 127, 127, 127, 127, 127, 127, 127, 127, 127, 127, 127, 127, 127, 127, 127, 114, 127, 89, 127, 69, 127, 53, 127, 38, 127, 24, 127, 12, 127, 4, 127, 2, 127, 1, 127, -7, 124, -19, 93, -26, 75, 17, -128, 1, -128, -14, -128, -29, -128, -45, -128, -53, -128, -62, -110, -71, -83, -72, -56, -62, -29, -44, -1, -24, 25, -2, 42, 20, 52, 42, 58, 65, 59, 87, 56, 104, 45, 112, 32, 111, 26, 106, 19, 105, 14, 101, 20, 88, 41, 83, 74, 87, 98]",esp32_2
CSI_DATA,113949,2025-07-23 16:47:59.191,0,lie_down,00:00:00:00:00:00,-72,11,0,0,0,0,0,0,0,0,0,-97,0,1,0,1287078922,0,14,0,0,0,104,0,"[0, 0, 127, -128, 127, -128, 127, -128, 127, -128, 127, -128, 127, -128, 127, -128, 127, -128, 127, -128, 127, -128, 127, -128, 127, -128, 127, -128, 127, -128, 127, -128, 127, -118, 127, -102, 127, -86, 127, -70, 127, -59, 127, -50, 127, -36, 120, -20, 96, -6, 79, 3, -128, 40, -128, 47, -128, 62, -128, 82, -128, 99, -110, 106, -87, 103, -58, 98, -29, 88, -5, 68, 15, 42, 31, 12, 45, -23, 52, -51, 47, -74, 35, -97, 22, -115, 11, -127, -1, -128, -7, -128, -7, -123, -2, -119, 2, -113, 13, -113, 37, -117, 59, -118]",esp32_2
CSI_DATA,113950,2025-07-23 16:47:59.213,0,lie_down,00:00:00:00:00:00,-73,11,0,0,0,0,0,0,0,0,0,-97,0,1,0,1287110653,0,14,0,0,0,104,0,"[0, 0, 106, 127, 115, 127, 127, 127, 127, 127, 127, 127, 127, 127, 127, 127, 127, 127, 127, 127, 127, 127, 121, 127, 111, 127, 100, 127, 85, 127, 66, 127, 51, 127, 42, 127, 35, 127, 29, 127, 22, 127, 12, 127, 2, 118, -9, 91, -16, 67, -20, 54, 24, -128, 11, -128, -3, -128, -16, -128, -29, -123, -44, -108, -55, -89, -56, -65, -53, -41, -51, -18, -42, 4, -29, 21, -12, 35, 12, 45, 40, 49, 61, 49, 76, 47, 91, 44, 98, 35, 95, 26, 94, 19, 93, 16, 90, 26, 86, 41, 81, 58, 78, 71]",esp32_2
CSI_DATA,214702,2025-07-23 16:47:59.223,0,lie_down,00:00:00:00:00:00,-61,11,0,0,0,0,0,0,0,0,0,-97,0,1,0,2666697674,0,14,0,0,0,104,0,"[0, 0, 70, -31, 36, -42, 2, -55, -21, -77, -33, -103, -46, -123, -56, -128, -62, -128, -70, -128, -74, -128, -70, -128, -64, -128, -50, -128, -33, -128, -28, -128, -31, -128, -32, -122, -32, -115, -37, -105, -47, -98, -55, -94, -64, -85, -72, -81, -74, -87, -72, -93, 73, 18, 82, 28, 90, 40, 94, 51, 92, 59, 84, 66, 75, 69, 71, 68, 68, 58, 66, 37, 67, 14, 70, -3, 81, -20, 99, -36, 115, -49, 127, -60, 127, -69, 127, -76, 127, -74, 127, -68, 127, -59, 127, -51, 127, -52, 127, -54, 127, -47, 127, -37]",esp32_1
CSI_DATA,113951,2025-07-23 16:47:59.239,0,lie_down,00:00:00:00:00:00,-72,11,0,0,0,0,0,0,0,0,0,-97,0,1,0,1287136088,0,14,0,0,0,104,0,"[0, 0, -34, 127, -41, 127, -38, 127, -33, 127, -26, 127, -20, 127, -18, 127, -13, 127, -13, 127, -20, 127, -27, 127, -39, 127, -57, 127, -77, 127, -95, 127, -111, 127, -123, 127, -128, 127, -128, 127, -128, 127, -122, 124, -110, 104, -98, 80, -86, 55, -77, 34, 127, -101, 127, -110, 115, -123, 101, -128, 87, -128, 65, -128, 40, -128, 18, -113, -4, -90, -26, -61, -36, -28, -39, 4, -38, 34, -32, 63, -20, 90, -3, 111, 14, 121, 35, 122, 52, 122, 58, 118, 58, 112, 55, 110, 49, 109, 38, 108, 25, 115, 19, 124]",esp32_2
CSI_DATA,214703,2025-07-23 16:47:59.246,0,lie_down,00:00:00:00:00:00,-62,11,0,0,0,0,0,0,0,0,0,-97,0,1,0,2666734453,0,14,0,0,0,104,0,"[0, 0, 69, 17, 47, -13, 32, -46, 20, -82, 11, -113, 5, -128, 5, -128, 12, -128, 22, -128, 31, -128, 39, -128, 43, -128, 46, -128, 47, -128, 43, -128, 34, -128, 25, -128, 14, -126, 2, -119, -12, -115, -23, -112, -27, -109, -27, -112, -28, -120, -30, -126, 38, 74, 38, 86, 36, 97, 33, 109, 25, 116, 14, 117, 8, 114, 10, 107, 16, 95, 23, 79, 30, 67, 47, 56, 72, 46, 102, 40, 127, 35, 127, 35, 127, 40, 127, 48, 127, 56, 127, 64, 127, 73, 127, 84, 127, 94, 127, 100, 127, 98, 127, 92]",esp32_1
CSI_DATA,113952,2025-07-23 16:47:59.263,0,lie_down,00:00:00:00:00:00,-73,11,0,0,0,0,0,0,0,0,0,-97,0,1,0,1287185821,0,14,0,0,0,104,0,"[0, 0, -128, 127, -128, 127, -128, 127, -128, 127, -128, 127, -128, 127, -128, 127, -128, 127, -128, 127, -128, 127, -128, 127, -128, 127, -128, 127, -128, 127, -128, 112, -128, 98, -128, 81, -128, 58, -128, 45, -128, 38, -128, 22, -125, 10, -99, 3, -76, -6, -62, -18, 127, -12, 127, -18, 127, -37, 127, -56, 127, -68, 125, -83, 103, -95, 75, -100, 47, -89, 19, -73, -6, -57, -30, -33, -55, -4, -68, 20, -68, 40, -66, 64, -59, 88, -48, 106, -37, 121, -32, 127, -35, 127, -33, 126, -28, 122, -34, 118, -50, 115, -69, 111]",esp32_2
CSI_DATA,214704,2025-07-23 16:47:59.273,0,lie_down,00:00:00:00:00:00,-62,11,0,0,0,0,0,0,0,0,0,-97,0,1,0,2666762246,0,14,0,0,0,104,0,"[0, 0, -86, 18, -49, 43, -13, 69, 10, 102, 26, 127, 40, 127, 51, 127, 58, 127, 60, 127, 57, 127, 50, 127, 43, 127, 35, 127, 25, 127, 21, 127, 24, 127, 28, 127, 35, 127, 44, 127, 55, 123, 67, 118, 76, 111, 81, 109, 82, 113, 80, 115, -77, -64, -82, -77, -83, -94, -80, -108, -75, -116, -67, -117, -59, -113, -55, -105, -57, -92, -63, -74, -73, -52, -87, -30, -108, -12, -128, 2, -128, 16, -128, 27, -128, 33, -128, 32, -128, 24, -128, 13, -128, 2, -128, -8, -128, -12, -128, -15, -128, -19, -128, -24]",esp32_1
CSI_DATA,113953,2025-07-23 16:47:59.284,0,lie_down,00:00:00:00:00:00,-72,11,0,0,0,0,0,0,0,0,0,-97,0,1,0,1287220613,0,14,0,0,0,104,0,"[0, 0, 127, 12, 127, 15, 127, 13, 127, 10, 127, 6, 127, 0, 127, -1, 127, 0, 127, 0, 127, 4, 127, 11, 127, 18, 127, 29, 127, 43, 127, 54, 120, 63, 111, 70, 100, 72, 91, 75, 82, 75, 71, 68, 60, 61, 45, 54, 28, 47, 15, 41, -77, -71, -81, -67, -88, -60, -95, -48, -99, -32, -93, -17, -81, -5, -69, 7, -53, 19, -31, 28, -11, 31, 8, 29, 29, 25, 48, 19, 61, 6, 68, -8, 73, -22, 77, -34, 75, -41, 69, -48, 64, -51, 65, -48, 66, -43, 67, -35, 72, -24, 80, -17]",esp32_2
CSI_DATA,214705,2025-07-23 16:47:59.304,0,lie_down,00:00:00:00:00:00,-61,11,0,0,0,0,0,0,0,0,0,-97,0,1,0,2666794313,0,14,0,0,0,104,0,"[0, 0, 58, -40, 22, -49, -7, -63, -33, -77, -56, -91, -73, -109, -83, -126, -91, -128, -98, -128, -99, -128, -97, -128, -90, -128, -80, -128, -74, -128, -68, -128, -62, -128, -58, -119, -57, -105, -60, -95, -65, -83, -73, -73, -83, -71, -88, -72, -88, -73, -86, -76, 78, 15, 85, 22, 93, 30, 98, 39, 98, 49, 93, 58, 84, 63, 76, 61, 71, 51, 71, 36, 72, 19, 73, -3, 78, -26, 88, -46, 100, -62, 115, -77, 127, -90, 127, -102, 127, -107, 127, -102, 127, -95, 127, -88, 127, -81, 127, -73, 127, -60, 127, -49]",esp32_1
CSI_DATA,113954,2025-07-23 16:47:59.304,0,lie_down,00:00:00:00:00:00,-73,11,0,0,0,0,0,0,0,0,0,-97,0,1,0,1287244925,0,14,0,0,0,104,0,"[0, 0, -54, 116, -62, 127, -64, 127, -67, 127, -68, 127, -68, 127, -66, 127, -59, 127, -52, 127, -50, 127, -51, 127, -59, 127, -71, 127, -84, 118, -91, 108, -93, 97, -99, 86, -102, 77, -99, 64, -93, 53, -86, 41, -77, 31, -64, 23, -53, 13, -47, 4, 87, -56, 88, -61, 80, -67, 68, -74, 55, -77, 47, -78, 38, -76, 20, -71, 1, -57, -13, -38, -22, -19, -29, 1, -32, 24, -31, 42, -24, 55, -14, 67, -9, 78, -3, 84, 8, 84, 17, 79, 19, 76, 18, 73, 18, 68, 15, 68, 2, 75, -16, 80]",esp32_2
CSI_DATA,113955,2025-07-23 16:47:59.332,0,lie_down,00:00:00:00:00:00,-72,11,0,0,0,0,0,0,0,0,0,-97,0,1,0,1287269329,0,14,0,0,0,104,0,"[0, 0, 127, -16, 127, -19, 127, -22, 127, -31, 127, -41, 127, -45, 127, -50, 127, -54, 127, -51, 127, -41, 127, -29, 127, -14, 127, 8, 127, 36, 127, 55, 127, 69, 127, 82, 127, 88, 127, 92, 127, 94, 127, 93, 104, 90, 80, 79, 54, 68, 34, 64, -128, -71, -128, -63, -128, -50, -128, -31, -128, -9, -128, 11, -128, 25, -108, 39, -75, 51, -40, 55, -9, 52, 24, 38, 58, 17, 84, 0, 97, -22, 101, -49, 107, -70, 108, -85, 101, -97, 95, -104, 91, -104, 86, -99, 86, -88, 93, -75, 106, -61, 121, -48]",esp32_2
CSI_DATA,214706,2025-07-23 16:47:59.335,0,lie_down,00:00:00:00:00:00,-62,11,0,0,0,0,0,0,0,0,0,-97,0,1,0,2666830434,0,14,0,0,0,104,0,"[0, 0, 34, 66, 43, 29, 60, -5, 75, -35, 90, -58, 108, -77, 127, -92, 127, -99, 127, -102, 127, -102, 127, -99, 127, -94, 127, -84, 127, -76, 127, -69, 127, -64, 122, -62, 109, -65, 97, -71, 85, -76, 77, -81, 73, -85, 73, -90, 76, -93, 77, -94, -27, 83, -34, 89, -43, 93, -54, 96, -64, 100, -72, 98, -74, 92, -70, 84, -60, 76, -43, 72, -24, 74, -5, 78, 18, 83, 40, 95, 57, 112, 72, 127, 85, 127, 96, 127, 102, 127, 99, 127, 92, 127, 84, 127, 74, 127, 62, 127, 50, 127, 42, 127]",esp32_1
CSI_DATA,113956,2025-07-23 16:47:59.354,0,lie_down,00:00:00:00:00:00,-72,11,0,0,0,0,0,0,0,0,0,-97,0,1,0,1287318650,0,14,0,0,0,104,0,"[0, 0, 17, 127, 17, 127, 19, 127, 21, 127, 28, 127, 33, 127, 32, 127, 32, 127, 30, 127, 21, 127, 14, 127, 9, 127, 1, 127, -9, 127, -22, 127, -36, 125, -44, 121, -46, 114, -49, 103, -52, 90, -50, 77, -47, 64, -44, 48, -40, 31, -36, 16, 53, -96, 46, -99, 32, -106, 18, -110, 8, -106, 0, -96, -12, -82, -24, -66, -34, -45, -36, -27, -31, -10, -25, 11, -18, 33, -8, 50, 7, 61, 23, 69, 38, 76, 51, 75, 57, 66, 60, 63, 65, 60, 66, 55, 59, 58, 51, 63, 44, 71, 34, 78]",esp32_2
CSI_DATA,214707,2025-07-23 16:47:59.364,0,lie_down,00:00:00:00:00:00,-62,11,0,0,0,0,0,0,0,0,0,-97,0,1,0,2666855121,0,14,0,0,0,104,0,"[0, 0, 5, 71, 29, 43, 57, 24, 80, 5, 102, -15, 127, -27, 127, -32, 127, -32, 127, -25, 127, -16, 127, -11, 127, -4, 127, 2, 127, 4, 127, 4, 127, 2, 127, -5, 124, -15, 117, -25, 108, -34, 104, -42, 104, -47, 104, -48, 106, -49, 108, -49, -60, 65, -67, 66, -78, 64, -89, 63, -99, 62, -102, 57, -101, 52, -95, 48, -84, 47, -72, 49, -56, 57, -37, 70, -21, 84, -10, 100, 0, 123, 8, 127, 11, 127, 12, 127, 12, 127, 8, 127, 0, 127, -10, 127, -24, 127, -37, 127, -41, 127, -40, 127]",esp32_1
CSI_DATA,113957,2025-07-23 16:47:59.376,0,lie_down,00:00:00:00:00:00,-72,11,0,0,0,0,0,0,0,0,0,-97,0,1,0,1287354313,0,14,0,0,0,104,0,"[0, 0, 125, 127, 127, 127, 127, 127, 127, 127, 127, 127, 127, 127, 127, 127, 127, 127, 127, 127, 127, 127, 127, 127, 127, 127, 126, 127, 103, 127, 83, 127, 66, 127, 52, 127, 38, 127, 25, 127, 16, 127, 8, 127, 0, 124, -9, 96, -19, 67, -25, 47, -33, -128, -46, -128, -63, -128, -77, -128, -87, -128, -90, -106, -87, -80, -82, -54, -70, -30, -51, -5, -26, 23, -2, 45, 19, 54, 46, 56, 74, 54, 96, 53, 115, 51, 127, 41, 127, 23, 127, 11, 123, 7, 116, 7, 109, 10, 103, 18, 101, 41, 105, 70]",esp32_2
CSI_DATA,214708,2025-07-23 16:47:59.387,0,lie_down,00:00:00:00:00:00,-62,11,0,0,0,0,0,0,0,0,0,-97,0,1,0,2666902107,0,14,0,0,0,104,0,"[0, 0, -70, -26, -58, 3, -47, 34, -45, 64, -49, 89, -54, 111, -63, 127, -72, 127, -72, 127, -74, 127, -81, 127, -90, 127, -98, 127, -101, 127, -96, 127, -83, 114, -72, 106, -63, 102, -51, 97, -41, 96, -32, 95, -22, 94, -16, 98, -18, 106, -23, 111, -33, -73, -31, -84, -27, -92, -22, -100, -15, -105, -7, -107, -1, -101, 0, -93, -5, -82, -18, -68, -34, -62, -50, -54, -67, -47, -92, -47, -114, -53, -128, -62, -128, -72, -128, -80, -128, -90, -128, -103, -128, -114, -128, -117, -128, -111, -128, -106, -128, -102, -128, -97]",esp32_1
CSI_DATA,113958,2025-07-23 16:47:59.398,0,lie_down,00:00:00:00:00:00,-72,11,0,0,0,0,0,0,0,0,0,-97,0,1,0,1287378827,0,14,0,0,0,104,0,"[0, 0, -128, 14, -128, 15, -128, 17, -128, 25, -128, 40, -128, 51, -128, 50, -128, 43, -128, 33, -128, 22, -128, 13, -128, 2, -128, -17, -128, -42, -128, -60, -128, -69, -128, -75, -128, -80, -128, -86, -128, -90, -118, -89, -98, -83, -73, -72, -45, -64, -25, -62, 127, 68, 127, 60, 127, 45, 127, 26, 127, 7, 127, -11, 116, -28, 91, -42, 63, -48, 29, -46, -4, -41, -35, -32, -63, -17, -86, 2, -100, 22, -109, 41, -115, 59, -112, 82, -107, 100, -98, 104, -86, 108, -83, 104, -82, 84, -89, 65, -106, 52, -123, 42]",esp32_2
CSI_DATA,214709,2025-07-23 16:47:59.419,0,lie_down,00:00:00:00:00:00,-62,11,0,0,0,0,0,0,0,0,0,-97,0,1,0,2666940451,0,14,0,0,0,104,0,"[0, 0, -70, 11, -43, 30, -20, 51, 0, 76, 15, 100, 25, 121, 32, 127, 34, 127, 32, 127, 28, 127, 24, 127, 18, 127, 12, 127, 7, 127, 5, 127, 7, 127, 10, 126, 15, 114, 22, 104, 31, 97, 40, 93, 47, 91, 50, 92, 51, 95, 50, 98, -64, -50, -67, -61, -70, -74, -70, -84, -64, -92, -55, -95, -48, -92, -44, -85, -42, -75, -45, -61, -52, -44, -63, -26, -81, -10, -103, 2, -122, 11, -128, 18, -128, 20, -128, 20, -128, 19, -128, 12, -128, 4, -128, -5, -128, -13, -128, -17, -128, -19, -128, -22]",esp32_1
CSI_DATA,113959,2025-07-23 16:47:59.419,0,lie_down,00:00:00:00:00:00,-73,11,0,0,0,0,0,0,0,0,0,-97,0,1,0,1287403194,0,14,0,0,0,104,0,"[0, 0, -128, 17, -128, 19, -128, 22, -128, 28, -128, 38, -128, 43, -128, 41, -128, 39, -128, 36, -128, 31, -128, 24, -128, 17, -128, 5, -128, -12, -128, -26, -128, -38, -125, -48, -117, -53, -110, -55, -98, -57, -86, -56, -71, -52, -52, -46, -33, -43, -16, -42, 111, 26, 114, 20, 116, 11, 113, 0, 106, -14, 96, -26, 79, -35, 57, -41, 38, -42, 19, -39, -7, -31, -31, -20, -48, -8, -63, 8, -75, 28, -76, 42, -71, 52, -68, 62, -63, 69, -51, 74, -43, 77, -47, 73, -52, 64, -55, 56, -67, 45, -83, 38]",esp32_2
CSI_DATA,113960,2025-07-23 16:47:59.441,0,lie_down,00:00:00:00:00:00,-73,11,0,0,0,0,0,0,0,0,0,-97,0,1,0,1287439593,0,14,0,0,0,104,0,"[0, 0, 12, -125, 15, -128, 19, -128, 14, -128, 9, -128, 7, -128, 3, -128, 1, -128, 3, -128, 6, -128, 11, -128, 21, -128, 33, -128, 46, -125, 55, -119, 65, -112, 74, -102, 76, -91, 76, -83, 74, -75, 68, -62, 59, -48, 51, -36, 45, -22, 37, -10, -51, 95, -44, 96, -36, 98, -25, 98, -12, 96, 0, 87, 9, 74, 15, 57, 21, 38, 25, 16, 24, -8, 17, -28, 9, -41, -2, -56, -17, -71, -35, -75, -48, -75, -55, -75, -58, -68, -59, -62, -56, -59, -52, -53, -43, -51, -29, -56, -18, -64, -11, -71]",esp32_2
CSI_DATA,214710,2025-07-23 16:47:59.463,0,lie_down,00:00:00:00:00:00,-62,11,0,0,0,0,0,0,0,0,0,-97,0,1,0,2666976603,0,14,0,0,0,104,0,"[0, 0, -22, 76, 7, 61, 37, 49, 63, 44, 87, 44, 110, 44, 127, 46, 127, 52, 127, 59, 127, 67, 127, 75, 127, 82, 127, 86, 127, 85, 127, 81, 118, 73, 109, 62, 103, 51, 100, 40, 98, 28, 98, 21, 101, 16, 103, 14, 105, 15, 107, 17, -66, 48, -76, 46, -88, 42, -98, 37, -106, 32, -106, 26, -102, 22, -94, 18, -85, 17, -75, 23, -61, 37, -50, 51, -44, 67, -40, 88, -38, 110, -38, 127, -43, 127, -53, 127, -63, 127, -72, 127, -82, 127, -91, 127, -96, 127, -95, 127, -88, 127, -81, 127]",esp32_1
CSI_DATA,113961,2025-07-23 16:47:59.463,0,lie_down,00:00:00:00:00:00,-73,11,0,0,0,0,0,0,0,0,0,-97,0,1,0,1287503013,0,14,0,0,0,104,0,"[0, 0, 59, 127, 67, 127, 77, 127, 86, 127, 94, 127, 98, 127, 100, 127, 98, 127, 92, 127, 85, 127, 74, 127, 56, 127, 39, 127, 22, 127, 6, 127, -7, 127, -19, 127, -29, 127, -34, 127, -34, 118, -31, 103, -27, 84, -28, 66, -30, 48, -28, 29, -14, -120, -22, -121, -32, -119, -43, -111, -51, -100, -54, -83, -52, -63, -46, -41, -40, -20, -29, 1, -12, 20, 4, 34, 23, 43, 46, 51, 67, 55, 82, 49, 93, 40, 98, 31, 97, 23, 93, 17, 87, 11, 80, 12, 70, 21, 59, 32, 53, 48, 52, 62]",esp32_2
CSI_DATA,113962,2025-07-23 16:47:59.490,0,lie_down,00:00:00:00:00:00,-72,11,0,0,0,0,0,0,0,0,0,-97,0,1,0,1287524660,0,14,0,0,0,104,0,"[0, 0, -128, 2, -128, 5, -128, 10, -128, 16, -128, 21, -128, 29, -128, 32, -128, 30, -128, 27, -128, 22, -128, 15, -128, 3, -128, -15, -128, -32, -128, -45, -122, -56, -114, -65, -110, -71, -105, -74, -94, -73, -78, -66, -64, -59, -51, -51, -33, -43, -19, -36, 107, 28, 109, 23, 108, 13, 105, 3, 98, -9, 87, -19, 71, -24, 52, -28, 31, -29, 16, -24, -1, -20, -27, -9, -57, -4, -82, 4, -82, 31, -74, 56, -69, 70, -57, 75, -51, 78, -51, 78, -49, 73, -48, 66, -51, 56, -56, 47, -65, 39, -74, 31]",esp32_2
CSI_DATA,214711,2025-07-23 16:47:59.493,0,lie_down,00:00:00:00:00:00,-61,11,0,0,0,0,0,0,0,0,0,-97,0,1,0,2666998869,0,14,0,0,0,104,0,"[0, 0, -73, 34, -43, 46, -15, 60, 11, 81, 33, 101, 49, 118, 61, 127, 67, 127, 67, 127, 64, 127, 60, 127, 54, 127, 48, 127, 42, 127, 36, 127, 34, 127, 34, 127, 39, 115, 45, 103, 51, 95, 58, 90, 63, 88, 66, 88, 66, 91, 65, 93, -79, -30, -85, -38, -93, -51, -96, -63, -94, -71, -87, -75, -78, -75, -71, -71, -68, -62, -68, -48, -68, -29, -73, -8, -86, 10, -103, 28, -120, 44, -128, 58, -128, 66, -128, 70, -128, 71, -128, 68, -128, 62, -128, 54, -128, 44, -128, 35, -128, 26, -128, 19]",esp32_1
CSI_DATA,113963,2025-07-23 16:47:59.510,0,lie_down,00:00:00:00:00:00,-72,11,0,0,0,0,0,0,0,0,0,-97,0,1,0,1287549878,0,14,0,0,0,104,0,"[0, 0, 105, 127, 119, 127, 127, 127, 127, 127, 127, 127, 127, 127, 127, 127, 127, 127, 127, 127, 127, 127, 122, 127, 96, 127, 69, 127, 49, 127, 28, 127, 3, 127, -16, 127, -26, 127, -31, 127, -34, 127, -36, 127, -37, 127, -40, 110, -43, 74, -42, 49, -46, -128, -58, -128, -72, -128, -85, -128, -96, -128, -98, -113, -92, -85, -80, -52, -62, -19, -39, 11, -9, 37, 26, 55, 54, 63, 78, 70, 110, 72, 127, 63, 127, 46, 127, 28, 127, 8, 127, -3, 127, -5, 120, 2, 105, 14, 87, 33, 81, 66, 85, 99]",esp32_2
CSI_DATA,214712,2025-07-23 16:47:59.526,0,lie_down,00:00:00:00:00:00,-61,11,0,0,0,0,0,0,0,0,0,-97,0,1,0,2667028876,0,14,0,0,0,104,0,"[0, 0, -77, 2, -55, 24, -38, 48, -23, 76, -11, 103, -6, 125, -4, 127, -7, 127, -14, 127, -22, 127, -27, 127, -32, 127, -37, 127, -42, 127, -41, 127, -34, 127, -27, 127, -21, 117, -11, 110, 1, 105, 11, 103, 18, 104, 22, 105, 21, 109, 18, 111, -60, -60, -62, -70, -64, -82, -63, -93, -57, -101, -48, -105, -40, -102, -35, -94, -35, -82, -42, -68, -51, -54, -62, -40, -81, -26, -103, -16, -125, -10, -128, -8, -128, -9, -128, -12, -128, -18, -128, -25, -128, -34, -128, -44, -128, -52, -128, -53, -128, -51, -128, -50]",esp32_1
CSI_DATA,113964,2025-07-23 16:47:59.536,0,lie_down,00:00:00:00:00:00,-73,11,0,0,0,0,0,0,0,0,0,-97,0,1,0,1287578123,0,14,0,0,0,104,0,"[0, 0, -96, -97, -106, -111, -114, -118, -128, -121, -128, -119, -128, -114, -128, -110, -128, -108, -128, -104, -124, -100, -115, -98, -103, -101, -88, -108, -73, -115, -60, -120, -49, -120, -37, -119, -28, -117, -23, -113, -18, -104, -14, -94, -10, -81, -4, -66, 2, -49, 9, -37, 39, 100, 43, 99, 49, 93, 56, 82, 61, 71, 59, 59, 50, 44, 41, 26, 32, 8, 17, -9, -2, -23, -18, -29, -34, -30, -57, -31, -78, -27, -89, -17, -95, -9, -98, 2, -93, 14, -86, 17, -82, 14, -76, 10, -67, 3, -59, -9, -56, -29, -59, -46]",esp32_2
CSI_DATA,214713,2025-07-23 16:47:59.553,0,lie_down,00:00:00:00:00:00,-61,11,0,0,0,0,0,0,0,0,0,-97,0,1,0,2667049966,0,14,0,0,0,104,0,"[0, 0, 24, -74, -6, -61, -37, -52, -65, -49, -90, -49, -113, -52, -128, -57, -128, -63, -128, -69, -128, -78, -128, -87, -128, -93, -128, -97, -128, -97, -128, -91, -123, -80, -111, -69, -104, -59, -102, -46, -102, -35, -104, -28, -106, -20, -108, -16, -110, -17, -111, -20, 71, -47, 82, -45, 95, -39, 105, -33, 111, -26, 112, -18, 107, -11, 98, -9, 88, -11, 77, -21, 62, -36, 51, -53, 48, -71, 46, -94, 44, -118, 45, -128, 53, -128, 65, -128, 78, -128, 91, -128, 101, -128, 110, -128, 114, -128, 111, -128, 103, -128, 95, -128]",esp32_1
CSI_DATA,113965,2025-07-23 16:47:59.559,0,lie_down,00:00:00:00:00:00,-72,11,0,0,0,0,0,0,0,0,0,-97,0,1,0,1287612779,0,14,0,0,0,104,0,"[0, 0, -128, 52, -128, 55, -128, 62, -128, 69, -128, 73, -128, 77, -128, 82, -128, 83, -128, 79, -128, 78, -128, 72, -128, 57, -128, 41, -128, 26, -128, 17, -128, 6, -125, -4, -122, -8, -114, -12, -103, -16, -89, -17, -75, -15, -61, -17, -47, -22, -36, -25, 108, 6, 107, -1, 105, -8, 102, -16, 94, -23, 83, -30, 71, -38, 53, -41, 31, -33, 10, -21, -7, -11, -25, 4, -42, 16, -52, 31, -53, 48, -51, 65, -47, 77, -39, 82, -38, 85, -38, 82, -35, 78, -33, 70, -33, 57, -36, 50, -48, 45, -64, 38]",esp32_2
CSI_DATA,113966,2025-07-23 16:47:59.586,0,lie_down,00:00:00:00:00:00,-72,11,0,0,0,0,0,0,0,0,0,-97,0,1,0,1287637652,0,14,0,0,0,104,0,"[0, 0, 29, -128, 33, -128, 32, -128, 31, -128, 27, -128, 21, -128, 17, -128, 11, -128, 10, -128, 15, -128, 23, -128, 34, -128, 45, -128, 59, -128, 73, -119, 83, -108, 86, -100, 86, -94, 86, -87, 82, -78, 75, -68, 68, -54, 59, -40, 48, -26, 38, -15, -57, 97, -50, 101, -42, 103, -32, 103, -21, 100, -8, 91, 4, 76, 14, 57, 19, 33, 18, 11, 14, -11, 9, -35, 0, -55, -11, -68, -26, -77, -41, -82, -54, -85, -65, -84, -70, -74, -71, -63, -70, -57, -58, -56, -43, -56, -28, -56, -11, -60, 2, -69]",esp32_2
CSI_DATA,214714,2025-07-23 16:47:59.591,0,lie_down,00:00:00:00:00:00,-62,11,0,0,0,0,0,0,0,0,0,-97,0,1,0,2667083325,0,14,0,0,0,104,0,"[0, 0, -71, -38, -60, -2, -57, 32, -53, 61, -49, 90, -53, 119, -63, 127, -80, 127, -100, 127, -111, 127, -117, 127, -116, 127, -112, 127, -109, 127, -99, 127, -87, 127, -70, 113, -52, 108, -38, 111, -26, 110, -17, 115, -13, 119, -15, 116, -17, 118, -19, 118, 2, -96, 8, -102, 16, -111, 25, -114, 35, -116, 39, -109, 38, -103, 35, -102, 28, -95, 14, -86, -3, -77, -25, -75, -51, -78, -77, -80, -103, -88, -125, -102, -128, -119, -128, -128, -128, -128, -128, -128, -128, -128, -128, -128, -128, -128, -128, -128, -112, -128, -102, -128]",esp32_1
CSI_DATA,214715,2025-07-23 16:47:59.616,0,lie_down,00:00:00:00:00:00,-61,11,0,0,0,0,0,0,0,0,0,-97,0,1,0,2667120620,0,14,0,0,0,104,0,"[0, 0, 71, 26, 61, -6, 56, -36, 54, -66, 54, -93, 56, -116, 63, -128, 73, -128, 83, -128, 92, -128, 98, -128, 104, -128, 108, -128, 108, -128, 100, -128, 89, -121, 78, -111, 66, -105, 54, -102, 40, -101, 29, -105, 24, -108, 25, -110, 29, -112, 32, -113, 33, 79, 32, 89, 29, 99, 23, 108, 14, 114, 4, 116, -3, 111, -4, 102, 1, 89, 12, 75, 26, 66, 45, 57, 68, 51, 94, 50, 117, 54, 127, 62, 127, 73, 127, 85, 127, 96, 127, 106, 127, 115, 127, 123, 127, 127, 127, 125, 127, 117, 127, 110]",esp32_1
CSI_DATA,113967,2025-07-23 16:47:59.616,0,lie_down,00:00:00:00:00:00,-72,11,0,0,0,0,0,0,0,0,0,-97,0,1,0,1287662429,0,14,0,0,0,104,0,"[0, 0, 127, 16, 127, 17, 127, 22, 127, 20, 127, 9, 127, 0, 127, -3, 127, -4, 127, 1, 127, 12, 127, 24, 127, 37, 127, 57, 127, 82, 127, 103, 127, 120, 127, 127, 127, 127, 127, 127, 116, 127, 95, 121, 74, 114, 54, 96, 31, 72, 15, 53, -128, -24, -128, -11, -128, 2, -128, 16, -128, 33, -128, 48, -115, 61, -81, 66, -46, 60, -10, 51, 26, 37, 54, 14, 77, -12, 103, -37, 115, -60, 109, -84, 101, -108, 93, -124, 81, -128, 71, -128, 68, -125, 68, -112, 65, -89, 67, -60, 88, -35, 116, -18]",esp32_2
CSI_DATA,214716,2025-07-23 16:47:59.652,0,lie_down,00:00:00:00:00:00,-62,11,0,0,0,0,0,0,0,0,0,-97,0,1,0,2667157179,0,14,0,0,0,104,0,"[0, 0, -51, 70, -16, 66, 18, 65, 49, 72, 75, 80, 99, 88, 121, 99, 127, 112, 127, 125, 127, 127, 127, 127, 127, 127, 127, 127, 119, 127, 108, 127, 99, 120, 93, 104, 90, 90, 91, 78, 93, 66, 97, 57, 102, 53, 105, 52, 107, 54, 107, 58, -91, 16, -102, 10, -114, -2, -121, -13, -124, -21, -120, -26, -113, -30, -103, -30, -95, -24, -87, -12, -77, 8, -72, 29, -76, 49, -84, 74, -91, 100, -100, 124, -116, 127, -128, 127, -128, 127, -128, 127, -128, 127, -128, 127, -128, 127, -128, 127, -128, 111, -128, 97]",esp32_1
CSI_DATA,113969,2025-07-23 16:47:59.699,0,lie_down,00:00:00:00:00:00,-72,11,0,0,0,0,0,0,0,0,0,-97,0,1,0,1287737497,0,14,0,0,0,104,0,"[0, 0, 70, -128, 80, -128, 86, -128, 83, -128, 78, -128, 70, -128, 63, -128, 57, -128, 56, -128, 58, -128, 64, -128, 80, -128, 96, -128, 115, -128, 127, -128, 127, -128, 127, -128, 127, -128, 127, -128, 127, -116, 127, -95, 116, -72, 96, -52, 80, -30, 68, -12, -111, 127, -106, 127, -92, 127, -75, 127, -57, 127, -36, 127, -13, 123, 7, 94, 23, 65, 29, 32, 26, -6, 20, -38, 11, -68, -6, -101, -29, -124, -53, -128, -75, -128, -92, -128, -95, -126, -94, -115, -93, -106, -87, -92, -70, -79, -43, -83, -14, -106, 4, -126]",esp32_2
CSI_DATA,113970,2025-07-23 16:47:59.731,0,lie_down,00:00:00:00:00:00,-72,11,0,0,0,0,0,0,0,0,0,-97,0,1,0,1287796724,0,14,0,0,0,104,0,"[0, 0, 127, 0, 127, 4, 127, -3, 127, -11, 127, -15, 127, -22, 127, -29, 127, -34, 127, -30, 127, -18, 127, -6, 127, 4, 127, 18, 127, 37, 127, 59, 127, 74, 127, 84, 127, 93, 127, 96, 127, 93, 127, 92, 110, 87, 88, 73, 63, 60, 37, 54, -128, -62, -128, -55, -128, -42, -128, -22, -128, -4, -128, 12, -124, 27, -99, 37, -66, 41, -28, 40, 9, 30, 41, 14, 70, -4, 94, -29, 107, -63, 107, -90, 102, -104, 100, -118, 94, -128, 79, -127, 66, -116, 63, -103, 61, -86, 67, -63, 83, -37, 99, -20]",esp32_2
CSI_DATA,214718,2025-07-23 16:47:59.738,0,lie_down,00:00:00:00:00:00,-60,11,0,0,0,0,0,0,0,0,0,-97,0,1,0,2667828857,0,14,0,0,0,104,0,"[0, 0, 32, -83, 5, -79, -21, -78, -44, -81, -65, -85, -85, -93, -101, -103, -115, -110, -122, -118, -125, -128, -124, -128, -120, -128, -112, -128, -102, -128, -93, -128, -83, -121, -76, -109, -73, -97, -73, -85, -77, -75, -82, -69, -86, -66, -87, -64, -87, -67, -85, -70, 71, -48, 82, -46, 96, -40, 107, -33, 113, -26, 112, -18, 106, -12, 97, -9, 87, -11, 77, -20, 67, -35, 59, -53, 57, -72, 60, -94, 64, -115, 70, -128, 83, -128, 98, -128, 111, -128, 122, -128, 127, -128, 127, -128, 127, -128, 127, -128, 121, -128, 112, -114]",esp32_1
CSI_DATA,113971,2025-07-23 16:47:59.760,0,lie_down,00:00:00:00:00:00,-72,11,0,0,0,0,0,0,0,0,0,-97,0,1,0,1287822399,0,14,0,0,0,104,0,"[0, 0, 112, 127, 127, 127, 127, 127, 127, 127, 127, 127, 127, 127, 127, 127, 127, 127, 127, 127, 127, 127, 127, 127, 127, 127, 110, 127, 88, 127, 63, 127, 43, 127, 29, 127, 11, 127, -3, 127, -8, 127, -10, 127, -15, 127, -22, 105, -31, 72, -38, 44, -79, -128, -89, -128, -101, -128, -115, -128, -125, -128, -122, -110, -113, -78, -103, -47, -88, -18, -67, 7, -33, 29, 6, 44, 37, 49, 68, 47, 99, 41, 121, 38, 127, 33, 127, 17, 127, 0, 127, -10, 127, -20, 121, -16, 101, 0, 90, 21, 90, 51, 90, 78]",esp32_2
CSI_DATA,214719,2025-07-23 16:47:59.763,0,lie_down,00:00:00:00:00:00,-61,11,0,0,0,0,0,0,0,0,0,-97,0,1,0,2667840092,0,14,0,0,0,104,0,"[0, 0, -71, -61, -74, -30, -83, 0, -91, 27, -100, 49, -114, 67, -128, 81, -128, 91, -128, 94, -128, 95, -128, 94, -128, 89, -128, 79, -128, 68, -128, 60, -128, 54, -128, 51, -117, 51, -104, 53, -92, 58, -84, 65, -80, 72, -81, 77, -86, 79, -91, 78, -17, -93, -12, -103, -4, -113, 6, -121, 18, -125, 28, -124, 33, -117, 32, -108, 25, -97, 11, -88, -7, -84, -28, -82, -50, -80, -74, -86, -96, -99, -114, -118, -127, -128, -128, -128, -128, -128, -128, -128, -128, -128, -123, -128, -113, -128, -104, -128, -92, -128, -83, -128]",esp32_1
CSI_DATA,113972,2025-07-23 16:47:59.783,0,lie_down,00:00:00:00:00:00,-72,11,0,0,0,0,0,0,0,0,0,-97,0,1,0,1287870309,0,14,0,0,0,104,0,"[0, 0, -55, -121, -69, -128, -78, -128, -84, -128, -89, -128, -94, -128, -97, -128, -95, -128, -91, -128, -85, -128, -75, -128, -59, -128, -43, -128, -29, -128, -14, -128, 1, -128, 12, -128, 19, -128, 24, -128, 24, -115, 24, -102, 25, -90, 25, -74, 24, -53, 22, -36, 28, 108, 35, 107, 43, 103, 53, 95, 61, 84, 61, 68, 56, 48, 52, 30, 44, 14, 27, -3, 6, -22, -14, -36, -29, -41, -44, -40, -63, -35, -79, -28, -89, -21, -93, -12, -90, -3, -83, 4, -77, 6, -67, 3, -56, -5, -46, -16, -42, -35, -46, -57]",esp32_2
CSI_DATA,214720,2025-07-23 16:47:59.791,0,lie_down,00:00:00:00:00:00,-61,11,0,0,0,0,0,0,0,0,0,-97,0,1,0,2667848802,0,14,0,0,0,104,0,"[0, 0, 86, 32, 77, 1, 73, -28, 70, -58, 69, -83, 73, -106, 82, -126, 94, -128, 105, -128, 114, -128, 122, -128, 127, -128, 127, -128, 127, -128, 125, -122, 115, -108, 103, -97, 89, -89, 75, -86, 60, -87, 48, -91, 41, -97, 40, -101, 43, -104, 47, -104, 47, 76, 47, 88, 46, 102, 41, 113, 33, 122, 22, 126, 12, 122, 9, 114, 12, 103, 21, 90, 34, 80, 51, 68, 72, 58, 95, 54, 118, 56, 127, 64, 127, 75, 127, 87, 127, 96, 127, 109, 127, 122, 127, 127, 127, 127, 127, 127, 127, 122, 127, 113]",esp32_1
CSI_DATA,113973,2025-07-23 16:47:59.817,0,lie_down,00:00:00:00:00:00,-72,11,0,0,0,0,0,0,0,0,0,-97,0,1,0,1287894636,0,14,0,0,0,104,0,"[0, 0, 127, -28, 127, -33, 127, -41, 127, -50, 127, -61, 127, -71, 127, -76, 127, -72, 127, -66, 127, -59, 127, -48, 127, -35, 127, -19, 127, -1, 127, 12, 127, 23, 127, 33, 127, 38, 125, 39, 116, 37, 104, 35, 88, 35, 67, 31, 48, 25, 35, 21, -112, -6, -112, 0, -112, 7, -108, 14, -98, 26, -85, 36, -67, 40, -46, 40, -25, 36, -4, 26, 14, 14, 28, -1, 40, -17, 48, -33, 47, -51, 42, -67, 38, -75, 33, -81, 27, -84, 23, -81, 19, -72, 17, -62, 22, -51, 34, -39, 50, -28, 63, -20]",esp32_2
CSI_DATA,214721,2025-07-23 16:47:59.823,0,lie_down,00:00:00:00:00:00,-61,11,0,0,0,0,0,0,0,0,0,-97,0,1,0,2667860178,0,14,0,0,0,104,0,"[0, 0, -87, -15, -68, 11, -53, 38, -40, 68, -30, 97, -24, 122, -25, 127, -30, 127, -37, 127, -44, 127, -50, 127, -56, 127, -62, 127, -67, 127, -67, 127, -62, 127, -55, 127, -44, 117, -30, 109, -16, 102, -4, 100, 4, 102, 7, 106, 7, 110, 4, 114, -57, -69, -58, -80, -59, -95, -58, -107, -51, -116, -41, -121, -32, -119, -27, -112, -28, -100, -34, -86, -43, -73, -56, -59, -76, -46, -99, -37, -122, -32, -128, -31, -128, -35, -128, -41, -128, -48, -128, -57, -128, -66, -128, -75, -128, -83, -128, -85, -128, -83, -128, -81]",esp32_1
CSI_DATA,214722,2025-07-23 16:47:59.853,0,lie_down,00:00:00:00:00:00,-61,11,0,0,0,0,0,0,0,0,0,-97,0,1,0,2667869132,0,14,0,0,0,104,0,"[0, 0, -71, 62, -40, 63, -9, 67, 20, 77, 46, 88, 68, 100, 87, 112, 100, 124, 106, 127, 108, 127, 107, 127, 102, 127, 93, 127, 83, 127, 74, 127, 67, 127, 61, 127, 59, 112, 62, 99, 65, 86, 71, 79, 79, 76, 83, 74, 85, 75, 85, 78, -84, 15, -96, 10, -110, 1, -121, -8, -127, -18, -125, -28, -119, -35, -110, -36, -102, -32, -96, -21, -88, -6, -83, 12, -85, 33, -91, 54, -98, 76, -108, 97, -123, 114, -128, 127, -128, 127, -128, 127, -128, 127, -128, 127, -128, 121, -128, 110, -128, 97, -128, 85]",esp32_1
CSI_DATA,214723,2025-07-23 16:47:59.880,0,lie_down,00:00:00:00:00:00,-61,11,0,0,0,0,0,0,0,0,0,-97,0,1,0,2667879200,0,14,0,144,47,104,0,"[0, 0, 91, -26, 64, -42, 41, -61, 21, -83, 4, -104, -8, -124, -16, -128, -19, -128, -18, -128, -15, -128, -13, -128, -9, -128, -1, -128, 6, -128, 8, -128, 7, -128, 5, -128, 2, -128, -5, -122, -15, -115, -25, -111, -31, -110, -33, -110, -32, -113, -29, -116, 78, 23, 86, 31, 95, 42, 102, 55, 102, 68, 94, 78, 86, 82, 80, 81, 76, 74, 74, 60, 73, 44, 77, 25, 89, 5, 105, -13, 121, -29, 127, -40, 127, -46, 127, -51, 127, -50, 127, -43, 127, -33, 127, -24, 127, -16, 127, -12, 127, -6, 127, 0]",esp32_1
CSI_DATA,113975,2025-07-23 16:47:59.894,0,lie_down,00:00:00:00:00:00,-72,11,0,0,0,0,0,0,0,0,0,-97,0,1,0,1287969018,0,14,0,0,0,104,0,"[0, 0, 127, -53, 127, -71, 127, -78, 127, -90, 127, -109, 127, -120, 127, -122, 127, -118, 127, -104, 127, -90, 127, -76, 127, -59, 127, -36, 127, -9, 127, 13, 127, 26, 127, 37, 127, 44, 127, 48, 127, 44, 127, 38, 127, 35, 127, 27, 99, 18, 68, 16, -128, -55, -128, -46, -128, -33, -128, -21, -128, -5, -128, 16, -108, 32, -84, 41, -55, 40, -20, 32, 10, 26, 33, 13, 53, -11, 68, -31, 73, -49, 70, -68, 64, -80, 59, -94, 53, -103, 45, -99, 41, -93, 47, -81, 58, -62, 72, -50, 96, -41, 122, -33]",esp32_2
CSI_DATA,214724,2025-07-23 16:47:59.904,0,lie_down,00:00:00:00:00:00,-62,11,0,0,0,0,0,0,0,0,0,-97,0,1,0,2667889088,0,14,0,0,0,104,0,"[0, 0, 81, 50, 78, 18, 83, -10, 87, -37, 93, -59, 102, -80, 114, -96, 127, -105, 127, -109, 127, -112, 127, -112, 127, -110, 127, -103, 127, -93, 127, -85, 127, -79, 126, -75, 117, -73, 107, -74, 95, -78, 89, -81, 86, -84, 85, -85, 90, -84, 96, -83, 41, 73, 41, 84, 39, 97, 34, 109, 26, 118, 16, 125, 7, 125, 2, 119, 3, 109, 11, 97, 21, 87, 37, 76, 58, 67, 82, 65, 104, 68, 124, 79, 127, 94, 127, 109, 127, 122, 127, 127, 127, 127, 127, 127, 127, 127, 127, 127, 127, 127, 118, 127]",esp32_1
CSI_DATA,113976,2025-07-23 16:47:59.922,0,lie_down,00:00:00:00:00:00,-73,11,0,0,0,0,0,0,0,0,0,-97,0,1,0,1288014327,0,14,0,0,0,104,0,"[0, 0, 127, 103, 127, 105, 127, 108, 127, 108, 127, 100, 127, 95, 127, 99, 127, 101, 127, 106, 127, 117, 127, 127, 127, 127, 127, 127, 127, 127, 127, 127, 127, 127, 127, 127, 127, 127, 127, 127, 121, 127, 110, 127, 95, 126, 71, 101, 41, 75, 14, 61, -52, -128, -63, -128, -75, -128, -86, -124, -96, -113, -97, -91, -92, -61, -84, -34, -73, -15, -56, 4, -32, 24, -10, 32, 10, 33, 39, 31, 62, 23, 74, 12, 85, 5, 93, 1, 91, -8, 87, -19, 84, -21, 88, -11, 93, 7, 95, 25, 102, 45, 109, 57]",esp32_2
CSI_DATA,113977,2025-07-23 16:47:59.956,0,lie_down,00:00:00:00:00:00,-73,11,0,0,0,0,0,0,0,0,0,-97,0,1,0,1288051254,0,14,0,0,0,104,0,"[0, 0, 8, -128, 9, -128, 9, -128, 4, -128, -3, -128, -5, -128, -3, -128, -2, -128, 2, -128, 8, -128, 17, -128, 30, -128, 44, -128, 56, -128, 61, -128, 64, -128, 68, -128, 70, -128, 64, -128, 53, -128, 43, -124, 35, -107, 27, -86, 24, -63, 24, -43, -94, 27, -93, 33, -87, 43, -76, 51, -66, 56, -56, 60, -39, 62, -23, 60, -13, 52, -2, 37, 5, 22, 11, 8, 18, -6, 20, -20, 17, -31, 9, -37, 4, -43, 1, -47, -5, -51, -9, -53, -9, -52, -5, -54, 2, -61, 8, -70, 13, -78, 21, -87]",esp32_2
CSI_DATA,113978,2025-07-23 16:47:59.982,0,lie_down,00:00:00:00:00:00,-73,11,0,0,0,0,0,0,0,0,0,-97,0,1,0,1288770662,0,14,0,0,0,104,0,"[0, 0, -128, 43, -128, 45, -128, 37, -128, 26, -128, 14, -117, -10, -106, -39, -100, -63, -102, -86, -107, -107, -113, -125, -122, -128, -128, -128, -128, -128, -128, -128, -128, -128, -128, -118, -124, -101, -109, -83, -92, -67, -72, -51, -48, -33, -20, -18, 7, -10, 25, -6, 72, 43, 70, 43, 69, 46, 69, 47, 64, 48, 55, 50, 49, 50, 45, 53, 40, 54, 36, 51, 31, 49, 27, 45, 22, 35, 12, 23, -2, 11, -17, 5, -33, -5, -49, -18, -68, -28, -91, -38, -118, -40, -128, -36, -128, -28, -128, -13, -128, -2, -128, 1]",esp32_2
CSI_DATA,214726,2025-07-23 16:47:59.986,0,lie_down,00:00:00:00:00:00,-61,11,0,0,0,0,0,0,0,0,0,-97,0,1,0,2667908778,0,14,0,0,0,104,0,"[0, 0, -84, -27, -82, 7, -85, 35, -89, 61, -95, 86, -103, 104, -114, 117, -126, 126, -128, 127, -128, 127, -128, 127, -128, 127, -128, 122, -128, 115, -128, 108, -116, 102, -105, 98, -96, 97, -87, 99, -77, 102, -69, 105, -67, 108, -70, 108, -76, 107, -80, 104, -42, -76, -41, -88, -40, -100, -35, -109, -25, -119, -15, -123, -7, -121, -4, -114, -6, -103, -13, -90, -25, -80, -43, -69, -66, -59, -92, -56, -117, -60, -128, -70, -128, -84, -128, -99, -128, -112, -128, -125, -128, -128, -128, -128, -128, -128, -128, -128, -128, -128, -124, -125]",esp32_1
CSI_DATA,113979,2025-07-23 16:48:00.008,0,lie_down,00:00:00:00:00:00,-74,11,0,0,0,0,0,0,0,0,0,-97,0,1,0,1288787971,0,14,0,0,0,104,0,"[0, 0, 127, -128, 127, -128, 127, -128, 127, -113, 123, -66, 112, -19, 114, 28, 123, 75, 127, 111, 127, 127, 127, 127, 127, 127, 127, 127, 127, 127, 127, 127, 127, 127, 127, 127, 127, 120, 112, 91, 83, 59, 45, 29, 11, 5, -15, -18, -42, -43, -58, -60, -37, 98, -48, 90, -59, 82, -66, 73, -69, 62, -70, 54, -67, 47, -62, 35, -55, 23, -47, 17, -34, 10, -15, -2, 7, -11, 32, -21, 64, -31, 101, -40, 127, -52, 127, -68, 127, -85, 127, -106, 127, -128, 127, -128, 127, -128, 127, -128, 127, -128, 127, -128]",esp32_2
CSI_DATA,214727,2025-07-23 16:48:00.014,0,lie_down,00:00:00:00:00:00,-62,11,0,0,0,0,0,0,0,0,0,-97,0,1,0,2667918782,0,14,0,0,0,104,0,"[0, 0, 49, 53, 60, 24, 78, -1, 94, -20, 107, -35, 122, -47, 127, -56, 127, -61, 127, -61, 127, -59, 127, -56, 127, -52, 127, -46, 127, -42, 127, -41, 125, -42, 113, -45, 104, -50, 97, -57, 91, -63, 88, -68, 88, -71, 90, -73, 94, -73, 98, -70, -10, 78, -16, 85, -26, 91, -38, 94, -48, 96, -55, 95, -58, 88, -56, 81, -48, 74, -33, 69, -16, 68, 3, 69, 23, 72, 45, 82, 65, 98, 79, 117, 88, 127, 94, 127, 94, 127, 91, 127, 85, 127, 76, 127, 67, 127, 58, 127, 47, 127, 40, 127]",esp32_1
CSI_DATA,214728,2025-07-23 16:48:00.041,0,lie_down,00:00:00:00:00:00,-61,11,0,0,0,0,0,0,0,0,0,-97,0,1,0,2667928878,0,14,0,0,0,104,0,"[0, 0, 19, 67, 42, 45, 69, 28, 92, 17, 113, 9, 127, 3, 127, 1, 127, 2, 127, 6, 127, 13, 127, 18, 127, 21, 127, 22, 127, 21, 127, 18, 127, 13, 120, 3, 112, -7, 107, -15, 102, -24, 102, -31, 105, -35, 107, -36, 111, -35, 114, -33, -48, 67, -58, 68, -70, 67, -80, 65, -90, 63, -95, 59, -93, 52, -87, 44, -77, 41, -62, 44, -44, 52, -27, 61, -12, 72, 1, 90, 12, 113, 18, 127, 20, 127, 18, 127, 13, 127, 3, 127, -8, 127, -18, 127, -26, 127, -32, 127, -32, 127, -29, 127]",esp32_1
CSI_DATA,113980,2025-07-23 16:48:00.041,0,lie_down,00:00:00:00:00:00,-75,11,0,0,0,0,0,0,0,0,0,-97,0,1,0,1288791548,0,14,0,0,0,104,0,"[0, 0, 127, 127, 127, 127, 109, 127, 70, 127, 25, 124, -18, 109, -63, 98, -108, 95, -128, 96, -128, 103, -128, 113, -128, 121, -128, 127, -128, 127, -128, 127, -128, 121, -128, 108, -128, 92, -111, 76, -70, 55, -32, 32, 3, 12, 35, -9, 65, -26, 87, -37, -99, -35, -87, -48, -78, -57, -72, -59, -61, -64, -50, -69, -40, -72, -28, -69, -14, -59, 0, -49, 9, -32, 7, -5, 2, 23, 7, 51, 20, 82, 31, 116, 34, 127, 40, 127, 57, 127, 78, 127, 103, 127, 125, 127, 127, 127, 127, 127, 127, 127, 127, 127]",esp32_2
CSI_DATA,113981,2025-07-23 16:48:00.069,0,lie_down,00:00:00:00:00:00,-74,11,0,0,0,0,0,0,0,0,0,-97,0,1,0,1288800621,0,14,0,0,0,104,0,"[0, 0, 127, 47, 127, 46, 127, 50, 100, 53, 49, 66, 7, 91, -27, 120, -59, 127, -84, 127, -105, 127, -123, 127, -128, 127, -122, 127, -116, 127, -111, 127, -102, 127, -87, 127, -68, 127, -43, 99, -18, 68, 3, 31, 25, -3, 49, -32, 71, -58, 85, -74, -70, 71, -73, 59, -78, 46, -80, 34, -81, 25, -79, 19, -72, 9, -58, -2, -41, -4, -27, -5, -5, -6, 23, 1, 49, 17, 78, 30, 112, 45, 127, 64, 127, 80, 127, 88, 127, 92, 127, 95, 127, 93, 127, 90, 127, 85, 127, 71, 127, 60, 127, 58]",esp32_2
CSI_DATA,214729,2025-07-23 16:48:00.073,0,lie_down,00:00:00:00:00:00,-61,11,0,0,0,0,0,0,0,0,0,-97,0,1,0,2667938793,0,14,0,0,0,104,0,"[0, 0, -3, 68, 27, 53, 59, 42, 86, 38, 109, 35, 127, 35, 127, 39, 127, 44, 127, 49, 127, 56, 127, 63, 127, 65, 127, 65, 127, 63, 127, 57, 124, 47, 112, 35, 104, 21, 101, 7, 100, -4, 102, -11, 106, -16, 109, -18, 112, -16, 115, -13, -70, 45, -81, 43, -94, 38, -103, 31, -109, 25, -108, 19, -104, 13, -97, 9, -86, 10, -71, 15, -55, 29, -41, 46, -34, 63, -29, 86, -23, 113, -22, 127, -28, 127, -37, 127, -49, 127, -60, 127, -71, 127, -81, 127, -88, 127, -88, 127, -81, 127, -73, 127]",esp32_1
CSI_DATA,214730,2025-07-23 16:48:00.100,0,lie_down,00:00:00:00:00:00,-62,11,0,0,0,0,0,0,0,0,0,-97,0,1,0,2667948769,0,14,0,0,0,104,0,"[0, 0, 69, -12, 39, -45, 17, -79, -3, -115, -18, -128, -28, -128, -30, -128, -27, -128, -23, -128, -19, -128, -15, -128, -10, -128, -1, -128, 5, -128, 4, -128, -2, -128, -10, -128, -22, -126, -38, -113, -55, -104, -71, -101, -84, -99, -91, -100, -92, -106, -89, -111, 47, 90, 47, 104, 43, 120, 38, 127, 29, 127, 18, 127, 7, 127, 2, 125, 6, 110, 17, 89, 32, 70, 52, 50, 81, 33, 113, 21, 127, 11, 127, 7, 127, 10, 127, 16, 127, 24, 127, 35, 127, 46, 127, 57, 127, 65, 127, 66, 127, 64, 127, 62]",esp32_1
CSI_DATA,113983,2025-07-23 16:48:00.163,0,lie_down,00:00:00:00:00:00,-74,11,0,0,0,0,0,0,0,0,0,-97,0,1,0,1288820613,0,14,0,0,0,104,0,"[0, 0, 127, -40, 126, -12, 86, 14, 44, 36, 4, 67, -29, 102, -54, 127, -74, 127, -84, 127, -85, 127, -86, 127, -87, 127, -85, 127, -80, 127, -71, 127, -63, 127, -56, 127, -41, 99, -19, 62, -2, 25, 13, -12, 30, -44, 45, -70, 63, -93, 79, -111, -24, 91, -37, 82, -50, 71, -57, 67, -58, 62, -58, 52, -58, 38, -47, 25, -29, 16, -8, 10, 21, -2, 54, -13, 89, -18, 126, -19, 127, -20, 127, -26, 127, -32, 127, -39, 127, -45, 127, -52, 127, -64, 127, -70, 127, -72, 127, -80, 127, -82, 127, -79]",esp32_2
CSI_DATA,214732,2025-07-23 16:48:00.188,0,lie_down,00:00:00:00:00:00,-62,11,0,0,0,0,0,0,0,0,0,-97,0,1,0,2667968820,0,14,0,0,0,104,0,"[0, 0, 17, -45, -16, -34, -48, -26, -79, -23, -108, -21, -128, -23, -128, -28, -128, -34, -128, -44, -128, -55, -128, -63, -128, -69, -128, -72, -128, -72, -128, -67, -128, -58, -112, -45, -99, -31, -91, -16, -84, -2, -83, 10, -84, 20, -85, 26, -89, 31, -92, 32, 76, -1, 85, 5, 94, 14, 101, 24, 106, 34, 104, 41, 98, 45, 93, 45, 85, 41, 76, 31, 67, 15, 61, -3, 60, -21, 62, -43, 64, -68, 67, -94, 77, -116, 91, -128, 102, -128, 110, -128, 119, -128, 127, -128, 127, -128, 127, -128, 118, -113, 108, -99]",esp32_1
CSI_DATA,113984,2025-07-23 16:48:00.193,0,lie_down,00:00:00:00:00:00,-74,11,0,0,0,0,0,0,0,0,0,-97,0,1,0,1288833267,0,14,0,40,81,104,0,"[0, 0, 127, -25, 102, -10, 55, 11, 11, 35, -28, 60, -63, 84, -94, 112, -122, 127, -128, 127, -128, 127, -128, 127, -128, 127, -128, 127, -128, 127, -127, 127, -109, 127, -87, 107, -65, 73, -43, 36, -13, 2, 16, -31, 36, -60, 56, -84, 78, -100, 94, -108, -44, 63, -62, 60, -74, 53, -80, 44, -84, 34, -83, 21, -80, 10, -70, 5, -52, 3, -25, -1, 8, -5, 39, -8, 75, -11, 118, -6, 127, 1, 127, -2, 127, -2, 127, -1, 127, -6, 127, -7, 127, -11, 127, -24, 127, -39, 127, -50, 127, -52, 127, -50]",esp32_2
CSI_DATA,214733,2025-07-23 16:48:00.216,0,lie_down,00:00:00:00:00:00,-62,11,0,0,0,0,0,0,0,0,0,-97,0,1,0,2667978771,0,14,0,0,0,104,0,"[0, 0, 51, 2, 22, -25, -1, -54, -21, -85, -37, -116, -46, -128, -50, -128, -51, -128, -49, -128, -44, -128, -38, -128, -32, -128, -22, -128, -12, -128, -8, -128, -8, -128, -10, -128, -13, -128, -20, -113, -33, -100, -45, -89, -56, -80, -64, -76, -69, -78, -72, -80, 35, 70, 34, 83, 31, 99, 29, 112, 21, 120, 10, 125, 1, 125, -3, 120, 0, 110, 8, 98, 17, 85, 31, 72, 52, 58, 76, 48, 98, 40, 117, 35, 127, 35, 127, 38, 127, 42, 127, 48, 127, 55, 127, 61, 127, 65, 127, 64, 127, 63, 127, 63]",esp32_1
CSI_DATA,113985,2025-07-23 16:48:00.220,0,lie_down,00:00:00:00:00:00,-74,11,0,0,0,0,0,0,0,0,0,-97,0,1,0,1288840702,0,14,0,0,0,104,0,"[0, 0, 44, -128, 42, -113, 46, -68, 59, -17, 74, 38, 94, 83, 118, 118, 127, 127, 127, 127, 127, 127, 127, 127, 127, 127, 127, 127, 127, 127, 127, 127, 127, 127, 113, 112, 76, 88, 33, 62, -4, 33, -37, 9, -70, -8, -96, -26, -118, -46, -128, -61, -10, 86, -22, 86, -43, 85, -58, 84, -64, 82, -70, 74, -74, 61, -69, 47, -57, 35, -41, 19, -15, -9, 9, -46, 29, -77, 58, -108, 88, -128, 112, -128, 127, -128, 127, -128, 127, -128, 127, -128, 127, -128, 127, -128, 127, -128, 119, -128, 94, -128, 77, -128]",esp32_2
CSI_DATA,214734,2025-07-23 16:48:00.245,0,lie_down,00:00:00:00:00:00,-62,11,0,0,0,0,0,0,0,0,0,-97,0,1,0,2667991063,0,14,0,0,0,104,0,"[0, 0, 21, 55, 30, 15, 44, -19, 60, -49, 75, -76, 95, -100, 115, -117, 127, -128, 127, -128, 127, -128, 127, -128, 127, -128, 127, -116, 127, -107, 127, -96, 127, -87, 127, -79, 122, -73, 108, -72, 90, -73, 75, -78, 67, -83, 62, -86, 59, -88, 58, -89, -32, 68, -41, 76, -52, 85, -64, 91, -76, 92, -84, 87, -91, 81, -92, 77, -84, 75, -73, 76, -59, 76, -40, 79, -19, 88, -1, 100, 14, 112, 26, 125, 36, 127, 47, 127, 56, 127, 59, 127, 56, 127, 52, 127, 44, 127, 34, 127, 27, 127, 22, 127]",esp32_1
CSI_DATA,113986,2025-07-23 16:48:00.245,0,lie_down,00:00:00:00:00:00,-73,11,0,0,0,0,0,0,0,0,0,-97,0,1,0,1288850591,0,14,0,0,0,104,0,"[0, 0, 127, 38, 103, 25, 53, 22, 1, 22, -53, 25, -102, 39, -128, 59, -128, 79, -128, 92, -128, 102, -128, 111, -128, 117, -128, 124, -128, 125, -128, 112, -128, 90, -128, 62, -115, 37, -82, 12, -46, -16, -15, -38, 21, -51, 57, -68, 82, -84, 100, -90, -70, 4, -74, -9, -78, -26, -82, -43, -83, -57, -79, -65, -67, -71, -51, -73, -32, -64, -9, -47, 14, -30, 35, -9, 61, 18, 90, 46, 122, 68, 127, 91, 127, 121, 127, 127, 127, 127, 127, 127, 127, 127, 127, 127, 127, 127, 127, 127, 127, 112, 127, 97]",esp32_2
CSI_DATA,214735,2025-07-23 16:48:00.269,0,lie_down,00:00:00:00:00:00,-62,11,0,0,0,0,0,0,0,0,0,-97,0,1,0,2668001381,0,14,0,0,0,104,0,"[0, 0, -57, -25, -41, 4, -29, 34, -21, 66, -15, 95, -15, 120, -18, 127, -24, 127, -33, 127, -43, 127, -51, 127, -57, 127, -64, 127, -72, 127, -74, 127, -70, 127, -63, 127, -56, 122, -48, 114, -37, 107, -25, 103, -17, 100, -12, 98, -10, 99, -10, 98, -33, -56, -35, -67, -36, -81, -35, -92, -30, -101, -23, -106, -16, -106, -14, -103, -18, -97, -25, -91, -31, -84, -42, -76, -59, -69, -79, -65, -96, -65, -111, -68, -126, -73, -128, -78, -128, -83, -128, -89, -128, -98, -128, -105, -128, -110, -128, -107, -128, -99, -119, -94]",esp32_1
CSI_DATA,113987,2025-07-23 16:48:00.269,0,lie_down,00:00:00:00:00:00,-73,11,0,0,0,0,0,0,0,0,0,-97,0,1,0,1288860612,0,14,0,0,0,104,0,"[0, 0, 90, -30, 65, -19, 38, -6, 9, 8, -15, 25, -37, 48, -60, 73, -73, 92, -83, 108, -89, 124, -87, 127, -85, 127, -87, 127, -84, 127, -75, 126, -66, 110, -60, 90, -51, 66, -41, 39, -32, 16, -23, -5, -11, -27, -1, -48, 7, -65, 14, -76, -41, 15, -48, 10, -56, 3, -63, -5, -67, -13, -66, -18, -61, -25, -54, -29, -43, -31, -25, -31, -5, -27, 16, -22, 36, -21, 59, -17, 90, -9, 118, -4, 127, -1, 127, 0, 127, -1, 127, -4, 127, -8, 127, -15, 127, -21, 127, -27, 127, -34, 127, -43]",esp32_2
CSI_DATA,113988,2025-07-23 16:48:00.301,0,lie_down,00:00:00:00:00:00,-73,11,0,0,0,0,0,0,0,0,0,-97,0,1,0,1288870646,0,14,0,0,0,104,0,"[0, 0, 94, -5, 60, -4, 26, 1, -4, 9, -30, 22, -53, 36, -77, 51, -95, 69, -106, 88, -112, 101, -117, 109, -119, 118, -118, 122, -113, 118, -106, 109, -94, 94, -79, 76, -63, 54, -50, 30, -36, 12, -23, -7, -11, -28, 2, -46, 15, -60, 26, -70, -46, -7, -49, -13, -53, -23, -55, -35, -51, -44, -43, -47, -37, -51, -31, -53, -20, -51, -8, -46, 7, -38, 24, -23, 43, -5, 63, 11, 85, 22, 110, 35, 127, 50, 127, 62, 127, 72, 127, 73, 127, 67, 127, 61, 127, 52, 127, 44, 127, 39, 127, 33]",esp32_2
CSI_DATA,214737,2025-07-23 16:48:00.372,0,lie_down,00:00:00:00:00:00,-60,11,0,0,0,0,0,0,0,0,0,-97,0,1,0,2668021528,0,14,0,0,0,104,0,"[0, 0, 79, 20, 72, -5, 68, -32, 65, -57, 64, -78, 67, -98, 74, -117, 84, -128, 93, -128, 100, -128, 108, -128, 117, -128, 127, -128, 127, -128, 127, -128, 127, -122, 123, -111, 118, -102, 110, -95, 101, -91, 92, -88, 86, -86, 83, -82, 82, -78, 81, -76, 50, 43, 56, 50, 60, 59, 61, 68, 61, 78, 56, 85, 51, 87, 51, 86, 55, 80, 62, 74, 70, 69, 79, 64, 92, 59, 108, 58, 123, 60, 127, 66, 127, 74, 127, 82, 127, 87, 127, 92, 127, 98, 127, 103, 127, 106, 127, 102, 127, 93, 124, 84]",esp32_1
CSI_DATA,113990,2025-07-23 16:48:00.398,0,lie_down,00:00:00:00:00:00,-73,11,0,0,0,0,0,0,0,0,0,-97,0,1,0,1288890574,0,14,0,0,0,104,0,"[0, 0, -73, -110, -32, -76, 11, -44, 54, -15, 93, 0, 127, 6, 127, 10, 127, 5, 127, -5, 127, -11, 127, -19, 127, -33, 127, -42, 127, -42, 127, -37, 127, -28, 127, -17, 127, -7, 98, 8, 63, 23, 24, 37, -12, 51, -39, 65, -61, 75, -82, 81, 8, 80, 1, 85, -9, 91, -19, 98, -28, 99, -38, 95, -48, 86, -50, 75, -47, 57, -52, 33, -57, 11, -51, -23, -47, -66, -44, -103, -44, -128, -48, -128, -52, -128, -57, -128, -69, -128, -81, -128, -94, -128, -110, -128, -122, -128, -128, -128, -128, -128, -128, -128]",esp32_2
CSI_DATA,214738,2025-07-23 16:48:00.400,0,lie_down,00:00:00:00:00:00,-60,11,0,0,0,0,0,0,0,0,0,-97,0,1,0,2668029165,0,14,0,0,0,104,0,"[0, 0, 74, -48, 52, -61, 34, -76, 19, -95, 5, -114, -6, -128, -13, -128, -16, -128, -15, -128, -12, -128, -9, -128, -6, -128, 0, -128, 6, -128, 12, -128, 16, -128, 19, -128, 20, -128, 20, -128, 18, -128, 17, -128, 17, -128, 18, -123, 20, -118, 22, -114, 70, -9, 78, -7, 89, -3, 98, 5, 101, 13, 100, 20, 97, 23, 96, 23, 96, 19, 98, 10, 99, -1, 103, -13, 113, -25, 125, -35, 127, -44, 127, -51, 127, -55, 127, -57, 127, -56, 127, -51, 127, -45, 127, -38, 127, -31, 127, -29, 127, -26, 127, -23]",esp32_1
CSI_DATA,113991,2025-07-23 16:48:00.429,0,lie_down,00:00:00:00:00:00,-73,11,0,0,0,0,0,0,0,0,0,-97,0,1,0,1288900626,0,14,0,0,0,104,0,"[0, 0, 36, 116, 2, 72, -30, 42, -72, 19, -117, -2, -128, -18, -128, -23, -128, -18, -128, -7, -128, 3, -128, 11, -128, 19, -128, 22, -128, 23, -128, 20, -128, 14, -128, 4, -128, -7, -94, -18, -54, -31, -17, -45, 14, -60, 43, -75, 68, -86, 84, -91, 2, -90, 11, -93, 21, -95, 27, -95, 34, -99, 40, -100, 46, -91, 53, -78, 57, -59, 54, -34, 47, -5, 42, 26, 36, 59, 28, 96, 23, 127, 28, 127, 30, 127, 30, 127, 44, 127, 59, 127, 65, 127, 76, 127, 96, 127, 110, 127, 116, 127, 120, 127]",esp32_2
CSI_DATA,214739,2025-07-23 16:48:00.430,0,lie_down,00:00:00:00:00:00,-60,11,0,0,0,0,0,0,0,0,0,-97,0,1,0,2668038782,0,14,0,0,0,104,0,"[0, 0, -59, -69, -73, -46, -89, -29, -105, -16, -120, -4, -128, 6, -128, 13, -128, 15, -128, 15, -128, 15, -128, 14, -128, 12, -128, 10, -128, 6, -128, 4, -128, 2, -128, 1, -128, 0, -128, 0, -128, -1, -128, -3, -128, -4, -128, -7, -127, -12, -123, -17, -12, -79, -6, -86, 1, -94, 7, -101, 14, -105, 20, -104, 21, -100, 18, -97, 13, -93, 2, -92, -12, -96, -26, -101, -38, -108, -51, -120, -62, -128, -70, -128, -75, -128, -75, -128, -72, -128, -66, -128, -58, -128, -50, -128, -43, -128, -37, -128, -33, -128, -30, -128]",esp32_1
CSI_DATA,113992,2025-07-23 16:48:00.457,0,lie_down,00:00:00:00:00:00,-73,11,0,0,0,0,0,0,0,0,0,-97,0,1,0,1288910608,0,14,0,0,0,104,0,"[0, 0, 107, -56, 82, -11, 59, 34, 42, 79, 37, 120, 42, 127, 55, 127, 68, 127, 82, 127, 98, 127, 113, 127, 121, 127, 127, 127, 127, 127, 117, 127, 99, 127, 77, 127, 48, 119, 20, 95, -6, 72, -35, 47, -61, 25, -89, 7, -115, -10, -127, -27, -91, -9, -93, -16, -98, -27, -100, -38, -94, -46, -87, -54, -84, -57, -76, -52, -63, -49, -43, -49, -16, -42, 14, -36, 46, -37, 83, -35, 120, -36, 127, -36, 127, -37, 127, -52, 127, -74, 127, -88, 127, -96, 127, -112, 127, -128, 127, -128, 127, -128, 127, -128]",esp32_2
CSI_DATA,214740,2025-07-23 16:48:00.462,0,lie_down,00:00:00:00:00:00,-60,11,0,0,0,0,0,0,0,0,0,-97,0,1,0,2668048770,0,14,0,0,0,104,0,"[0, 0, -3, 89, 24, 85, 50, 84, 71, 87, 89, 92, 105, 96, 118, 101, 127, 106, 127, 111, 127, 116, 127, 119, 127, 120, 127, 120, 127, 118, 127, 115, 123, 111, 117, 106, 114, 102, 113, 99, 109, 96, 106, 95, 101, 95, 94, 95, 87, 96, 82, 97, -49, 65, -59, 67, -72, 66, -83, 65, -89, 62, -88, 57, -85, 52, -80, 50, -73, 53, -63, 60, -51, 73, -41, 88, -39, 105, -41, 125, -43, 127, -48, 127, -59, 127, -72, 127, -84, 127, -96, 127, -106, 127, -113, 127, -115, 127, -109, 127, -96, 127, -84, 126]",esp32_1
CSI_DATA,113993,2025-07-23 16:48:00.482,0,lie_down,00:00:00:00:00:00,-73,11,0,0,0,0,0,0,0,0,0,-97,0,1,0,1288920756,0,14,0,0,0,104,0,"[0, 0, -25, -114, 13, -83, 51, -58, 94, -42, 127, -37, 127, -40, 127, -47, 127, -55, 127, -68, 127, -83, 127, -95, 127, -111, 127, -122, 127, -118, 127, -110, 127, -96, 127, -72, 127, -46, 103, -19, 78, 11, 53, 38, 26, 61, 4, 80, -13, 99, -20, 114, -28, 76, -38, 80, -53, 81, -62, 83, -66, 87, -71, 89, -69, 86, -63, 76, -59, 62, -55, 43, -47, 22, -37, -3, -27, -37, -15, -71, -9, -98, -14, -128, -19, -128, -22, -128, -26, -128, -36, -128, -54, -128, -75, -128, -90, -128, -96, -128, -94, -128, -89, -128]",esp32_2
CSI_DATA,214741,2025-07-23 16:48:00.493,0,lie_down,00:00:00:00:00:00,-60,11,0,0,0,0,0,0,0,0,0,-97,0,1,0,2668067900,0,14,0,0,0,104,0,"[0, 0, -45, -69, -70, -54, -94, -43, -114, -38, -128, -35, -128, -35, -128, -36, -128, -38, -128, -41, -128, -44, -128, -44, -128, -41, -128, -37, -128, -33, -128, -27, -128, -20, -128, -14, -128, -9, -128, -5, -128, -2, -128, -2, -128, -3, -128, -6, -128, -12, -123, -18, 28, -83, 36, -86, 47, -89, 58, -90, 68, -89, 72, -84, 70, -76, 64, -69, 53, -67, 37, -69, 19, -75, 3, -86, -9, -100, -20, -118, -29, -128, -35, -128, -34, -128, -27, -128, -17, -128, -6, -128, 6, -128, 16, -128, 23, -128, 25, -128, 23, -128, 20, -128]",esp32_1
CSI_DATA,214742,2025-07-23 16:48:00.524,0,lie_down,00:00:00:00:00:00,-61,11,0,0,0,0,0,0,0,0,0,-97,0,1,0,2668068788,0,14,0,0,0,104,0,"[0, 0, 61, 32, 74, 1, 93, -24, 109, -42, 123, -56, 127, -67, 127, -73, 127, -76, 127, -77, 127, -76, 127, -77, 127, -76, 127, -73, 127, -74, 127, -75, 120, -78, 112, -81, 107, -86, 102, -90, 99, -91, 97, -91, 97, -90, 98, -88, 100, -84, 102, -78, 0, 89, -7, 96, -15, 101, -24, 105, -34, 108, -41, 105, -42, 97, -39, 89, -28, 81, -10, 75, 10, 74, 32, 76, 57, 81, 80, 94, 98, 113, 111, 127, 122, 127, 127, 127, 127, 127, 117, 127, 105, 127, 92, 127, 80, 127, 69, 127, 59, 127, 52, 127]",esp32_1
CSI_DATA,113994,2025-07-23 16:48:00.524,0,lie_down,00:00:00:00:00:00,-73,11,0,0,0,0,0,0,0,0,0,-97,0,1,0,1288932925,0,14,0,0,0,104,0,"[0, 0, 69, -19, 56, 2, 47, 31, 42, 60, 39, 86, 38, 110, 46, 127, 58, 127, 66, 127, 73, 127, 84, 127, 91, 127, 95, 127, 96, 127, 88, 127, 74, 116, 58, 100, 41, 81, 24, 62, 7, 47, -10, 35, -29, 28, -46, 20, -61, 11, -70, 4, -48, -22, -50, -29, -53, -37, -54, -42, -55, -46, -52, -49, -50, -48, -49, -48, -42, -47, -32, -44, -20, -37, -8, -27, 8, -19, 28, -14, 48, -7, 66, -3, 86, -5, 110, -10, 127, -16, 127, -24, 127, -35, 127, -45, 127, -51, 127, -54, 127, -58, 127, -60]",esp32_2
CSI_DATA,113995,2025-07-23 16:48:00.553,0,lie_down,00:00:00:00:00:00,-73,11,0,0,0,0,0,0,0,0,0,-97,0,1,0,1288940618,0,14,0,0,0,104,0,"[0, 0, -128, 9, -111, -26, -84, -64, -66, -100, -58, -128, -50, -128, -53, -128, -69, -128, -86, -128, -107, -128, -125, -128, -128, -128, -128, -128, -128, -128, -123, -128, -110, -128, -88, -128, -62, -128, -38, -116, -13, -88, 14, -63, 44, -43, 71, -28, 93, -15, 108, -1, 64, 56, 64, 62, 65, 69, 67, 79, 68, 88, 63, 90, 53, 94, 52, 97, 53, 92, 44, 79, 31, 66, 15, 55, -9, 43, -36, 26, -62, 5, -92, -12, -128, -22, -128, -25, -128, -21, -128, -17, -128, -6, -128, 14, -128, 31, -128, 47, -128, 59, -128, 60]",esp32_2
CSI_DATA,113996,2025-07-23 16:48:00.576,0,lie_down,00:00:00:00:00:00,-73,11,0,0,0,0,0,0,0,0,0,-97,0,1,0,1288950613,0,14,0,0,0,104,0,"[0, 0, 124, 36, 91, 55, 61, 76, 32, 104, 12, 127, -4, 127, -17, 127, -19, 127, -13, 127, 1, 127, 17, 127, 28, 127, 37, 127, 39, 127, 37, 127, 33, 127, 24, 127, 12, 127, -5, 120, -20, 85, -36, 53, -52, 22, -66, -7, -82, -31, -96, -43, -53, -58, -55, -64, -58, -74, -62, -86, -59, -97, -53, -102, -50, -105, -45, -104, -37, -95, -31, -84, -24, -70, -15, -50, -2, -31, 19, -8, 43, 16, 71, 35, 106, 53, 127, 63, 127, 67, 127, 70, 127, 67, 127, 63, 127, 51, 127, 32, 127, 19, 127, 17]",esp32_2
CSI_DATA,214745,2025-07-23 16:48:01.010,0,lie_down,00:00:00:00:00:00,-61,11,0,0,0,0,0,0,0,0,0,-97,0,1,0,2668102772,0,14,0,0,0,104,0,"[0, 0, -48, -17, -65, 18, -85, 48, -104, 71, -121, 89, -128, 101, -128, 107, -128, 109, -128, 108, -128, 105, -128, 101, -128, 96, -128, 91, -121, 87, -100, 83, -79, 83, -60, 87, -45, 94, -32, 102, -22, 109, -16, 115, -14, 121, -16, 124, -21, 126, -26, 126, 63, -70, 73, -70, 85, -69, 97, -66, 108, -60, 110, -50, 104, -40, 93, -33, 76, -30, 54, -32, 29, -41, 4, -54, -20, -70, -40, -91, -57, -117, -69, -128, -77, -128, -82, -128, -80, -128, -72, -128, -60, -128, -49, -128, -40, -128, -33, -128, -26, -128, -21, -128]",esp32_1
CSI_DATA,113998,2025-07-23 16:48:01.010,0,lie_down,00:00:00:00:00:00,-73,11,0,0,0,0,0,0,0,0,0,-97,0,1,0,1288970636,0,14,0,0,0,104,0,"[0, 0, -128, -2, -117, -30, -84, -61, -58, -93, -43, -126, -34, -128, -27, -128, -25, -128, -26, -128, -31, -128, -43, -128, -56, -128, -62, -128, -66, -128, -74, -128, -71, -128, -55, -128, -42, -128, -34, -128, -17, -92, 8, -58, 29, -28, 45, 1, 59, 26, 67, 44, 79, 12, 78, 19, 82, 33, 84, 46, 84, 57, 83, 63, 83, 67, 78, 69, 68, 63, 56, 53, 48, 38, 36, 21, 14, 7, -15, -10, -44, -29, -74, -42, -108, -53, -128, -68, -128, -71, -128, -60, -128, -51, -128, -43, -128, -31, -128, -13, -128, 1, -128, 3]",esp32_2
CSI_DATA,214746,2025-07-23 16:48:01.015,0,lie_down,00:00:00:00:00:00,-61,11,0,0,0,0,0,0,0,0,0,-97,0,1,0,2668108875,0,14,0,0,0,104,0,"[0, 0, -18, -46, -54, -27, -90, -10, -122, -2, -128, 0, -128, 1, -128, 0, -128, -1, -128, -3, -128, -6, -128, -8, -128, -8, -128, -6, -128, -1, -128, 9, -113, 22, -96, 36, -83, 51, -74, 67, -69, 81, -68, 91, -69, 99, -71, 105, -76, 106, -80, 103, 96, -3, 104, 6, 112, 18, 118, 28, 122, 39, 119, 49, 109, 54, 94, 53, 78, 44, 62, 28, 49, 3, 39, -25, 32, -52, 30, -83, 32, -115, 38, -128, 50, -128, 64, -128, 76, -128, 90, -128, 102, -128, 109, -128, 110, -128, 104, -128, 92, -128, 79, -128]",esp32_1
CSI_DATA,113999,2025-07-23 16:48:01.015,0,lie_down,00:00:00:00:00:00,-74,11,0,0,0,0,0,0,0,0,0,-97,0,1,0,1288982806,0,14,0,0,0,104,0,"[0, 0, 2, -125, 25, -98, 56, -77, 91, -56, 126, -36, 127, -26, 127, -26, 127, -27, 127, -28, 127, -38, 127, -51, 127, -62, 127, -73, 127, -78, 127, -74, 127, -65, 127, -53, 127, -40, 127, -28, 98, -14, 60, 3, 31, 20, 3, 36, -25, 51, -46, 60, 14, 82, 3, 84, -9, 84, -18, 86, -26, 90, -31, 90, -35, 88, -37, 84, -33, 74, -30, 61, -24, 48, -9, 28, 6, 5, 20, -20, 28, -48, 34, -77, 39, -111, 45, -128, 45, -128, 33, -128, 22, -128, 14, -128, 1, -128, -12, -128, -18, -128, -19, -128]",esp32_2
CSI_DATA,214747,2025-07-23 16:48:01.023,0,lie_down,00:00:00:00:00:00,-61,11,0,0,0,0,0,0,0,0,0,-97,0,1,0,2668118780,0,14,0,0,0,104,0,"[0, 0, -12, -45, -46, -23, -82, -3, -113, 10, -128, 18, -128, 22, -128, 23, -128, 23, -128, 18, -128, 12, -128, 7, -128, 6, -128, 6, -128, 7, -128, 11, -118, 20, -97, 32, -79, 45, -65, 61, -56, 76, -52, 88, -52, 98, -54, 106, -59, 110, -63, 110, 93, -2, 102, 7, 110, 19, 117, 31, 121, 42, 118, 52, 109, 57, 98, 56, 83, 49, 68, 35, 54, 12, 42, -13, 35, -39, 33, -69, 33, -103, 34, -128, 42, -128, 55, -128, 67, -128, 78, -128, 88, -128, 97, -128, 102, -128, 99, -128, 89, -128, 78, -128]",esp32_1
CSI_DATA,114000,2025-07-23 16:48:01.023,0,lie_down,00:00:00:00:00:00,-74,11,0,0,0,0,0,0,0,0,0,-97,0,1,0,1289000597,0,14,0,0,0,104,0,"[0, 0, 73, -99, 80, -59, 98, -20, 115, 13, 127, 53, 127, 88, 127, 114, 127, 127, 127, 127, 127, 127, 127, 127, 127, 127, 127, 127, 127, 127, 127, 127, 127, 116, 127, 101, 127, 85, 127, 76, 105, 66, 60, 52, 16, 37, -24, 22, -55, 13, -71, 7, -48, 70, -54, 73, -67, 73, -79, 66, -85, 61, -92, 58, -97, 52, -95, 46, -87, 38, -74, 33, -55, 28, -34, 12, -9, -2, 18, -9, 46, -21, 71, -39, 100, -59, 127, -83, 127, -105, 127, -128, 127, -128, 127, -128, 127, -128, 127, -128, 122, -128, 113, -128]",esp32_2
CSI_DATA,214748,2025-07-23 16:48:01.030,0,lie_down,00:00:00:00:00:00,-61,11,0,0,0,0,0,0,0,0,0,-97,0,1,0,2668128801,0,14,0,0,0,104,0,"[0, 0, 15, 43, 38, 8, 66, -24, 89, -48, 111, -66, 127, -82, 127, -93, 127, -99, 127, -100, 127, -97, 127, -91, 127, -83, 127, -74, 127, -66, 127, -59, 114, -56, 89, -58, 65, -64, 45, -73, 29, -84, 18, -93, 13, -103, 12, -113, 14, -120, 18, -122, -86, 32, -97, 30, -110, 24, -122, 17, -128, 8, -128, -1, -127, -10, -116, -16, -101, -15, -84, -7, -65, 8, -44, 25, -25, 45, -12, 71, -2, 101, 4, 127, 6, 127, 6, 127, 4, 127, -2, 127, -11, 127, -18, 127, -25, 127, -28, 127, -28, 127, -27, 127]",esp32_1
CSI_DATA,114001,2025-07-23 16:48:01.030,0,lie_down,00:00:00:00:00:00,-74,11,0,0,0,0,0,0,0,0,0,-97,0,1,0,1289010610,0,14,0,0,0,104,0,"[0, 0, -105, 79, -94, 45, -91, 2, -94, -46, -98, -87, -106, -125, -119, -128, -128, -128, -128, -128, -128, -128, -128, -128, -128, -128, -128, -128, -128, -128, -128, -128, -128, -128, -128, -128, -128, -128, -111, -122, -75, -90, -39, -66, -5, -49, 27, -23, 58, 4, 82, 18, 64, -64, 70, -60, 80, -55, 89, -50, 96, -44, 105, -35, 107, -27, 102, -26, 95, -20, 81, -10, 63, -9, 45, -6, 21, 1, -14, 6, -50, 15, -85, 22, -124, 26, -128, 39, -128, 60, -128, 78, -128, 97, -128, 116, -128, 127, -128, 127, -128, 127, -128, 127]",esp32_2
CSI_DATA,214749,2025-07-23 16:48:01.036,0,lie_down,00:00:00:00:00:00,-61,11,0,0,0,0,0,0,0,0,0,-97,0,1,0,2668138835,0,14,0,0,0,104,0,"[0, 0, -61, -1, -33, 40, -8, 80, 14, 123, 28, 127, 36, 127, 41, 127, 38, 127, 30, 127, 20, 127, 15, 127, 11, 127, 3, 127, -3, 127, -2, 127, 4, 127, 16, 127, 32, 117, 50, 97, 69, 82, 90, 73, 108, 69, 119, 70, 124, 77, 124, 86, -11, -109, -3, -124, 7, -128, 17, -128, 32, -128, 48, -128, 57, -128, 60, -128, 53, -121, 37, -104, 17, -87, -10, -69, -45, -56, -84, -51, -120, -49, -128, -53, -128, -61, -128, -70, -128, -79, -128, -93, -128, -106, -128, -117, -128, -123, -128, -120, -128, -109, -128, -101]",esp32_1
CSI_DATA,214750,2025-07-23 16:48:01.040,0,lie_down,00:00:00:00:00:00,-61,11,0,0,0,0,0,0,0,0,0,-97,0,1,0,2668148776,0,14,0,0,0,104,0,"[0, 0, -29, 47, 11, 41, 51, 38, 87, 44, 117, 52, 127, 58, 127, 65, 127, 73, 127, 82, 127, 92, 127, 100, 127, 106, 127, 106, 127, 101, 127, 91, 121, 76, 105, 55, 94, 33, 89, 12, 87, -7, 90, -23, 95, -35, 100, -41, 107, -44, 112, -43, -83, -21, -92, -32, -103, -48, -109, -62, -110, -75, -106, -83, -98, -85, -87, -84, -78, -77, -70, -63, -63, -41, -60, -16, -64, 9, -74, 34, -84, 62, -95, 88, -112, 110, -128, 126, -128, 127, -128, 127, -128, 127, -128, 127, -128, 127, -128, 121, -128, 104, -128, 87]",esp32_1
CSI_DATA,114002,2025-07-23 16:48:01.040,0,lie_down,00:00:00:00:00:00,-74,11,0,0,0,0,0,0,0,0,0,-97,0,1,0,1289020579,0,14,0,0,0,104,0,"[0, 0, -128, 24, -124, 2, -88, -36, -55, -70, -35, -103, -24, -128, -15, -128, -17, -128, -26, -128, -32, -128, -38, -128, -49, -128, -57, -128, -60, -128, -60, -128, -53, -128, -43, -128, -37, -128, -23, -128, -1, -123, 13, -83, 21, -43, 35, -3, 51, 36, 62, 62, 81, -22, 86, -10, 94, 3, 100, 17, 103, 32, 105, 45, 102, 52, 97, 51, 91, 44, 78, 38, 58, 31, 43, 20, 24, 10, -11, -5, -50, -18, -82, -28, -118, -39, -128, -46, -128, -51, -128, -52, -128, -42, -128, -25, -128, -8, -128, 14, -128, 27, -128, 29]",esp32_2
CSI_DATA,214751,2025-07-23 16:48:01.045,0,lie_down,00:00:00:00:00:00,-61,11,0,0,0,0,0,0,0,0,0,-97,0,1,0,2668158771,0,14,0,0,0,104,0,"[0, 0, 7, 55, 35, 28, 66, 3, 95, -16, 122, -29, 127, -40, 127, -46, 127, -48, 127, -46, 127, -41, 127, -32, 127, -24, 127, -15, 127, -8, 127, -5, 127, -6, 123, -13, 102, -24, 84, -38, 71, -51, 64, -64, 60, -77, 60, -87, 64, -95, 67, -99, -78, 41, -92, 39, -106, 34, -119, 29, -128, 20, -128, 10, -128, 0, -125, -6, -112, -5, -96, 0, -80, 11, -62, 28, -47, 46, -37, 69, -28, 98, -23, 127, -22, 127, -24, 127, -29, 127, -36, 127, -44, 127, -52, 127, -59, 127, -60, 127, -56, 127, -54, 127]",esp32_1
CSI_DATA,114003,2025-07-23 16:48:01.047,0,lie_down,00:00:00:00:00:00,-74,11,0,0,0,0,0,0,0,0,0,-97,0,1,0,1289031837,0,14,0,0,0,104,0,"[0, 0, 127, 42, 126, 44, 86, 63, 40, 84, -10, 109, -48, 127, -73, 127, -96, 127, -116, 127, -125, 127, -127, 127, -124, 127, -118, 127, -115, 127, -107, 127, -91, 127, -79, 127, -73, 127, -65, 127, -54, 112, -46, 65, -39, 21, -33, -22, -27, -62, -23, -92, -76, -19, -85, -35, -92, -53, -94, -72, -91, -84, -82, -87, -73, -93, -70, -101, -67, -102, -60, -91, -47, -68, -34, -41, -20, -18, 7, 11, 36, 40, 63, 68, 95, 92, 123, 110, 127, 127, 127, 127, 127, 127, 127, 127, 127, 127, 127, 114, 127, 98, 127, 95]",esp32_2
CSI_DATA,214753,2025-07-23 16:48:01.059,0,lie_down,00:00:00:00:00:00,-61,11,0,0,0,0,0,0,0,0,0,-97,0,1,0,2668178817,0,14,0,200,-125,104,0,"[0, 0, 47, 32, 40, -3, 39, -39, 40, -76, 42, -108, 46, -128, 58, -128, 73, -128, 86, -128, 97, -128, 107, -128, 114, -128, 119, -128, 119, -128, 110, -128, 96, -113, 78, -96, 59, -85, 39, -79, 18, -75, -1, -74, -17, -77, -26, -83, -29, -93, -28, -101, -12, 74, -17, 85, -26, 96, -35, 105, -48, 110, -60, 111, -66, 107, -69, 102, -64, 94, -54, 84, -39, 79, -20, 74, 3, 69, 26, 72, 48, 79, 67, 89, 87, 102, 106, 116, 122, 126, 127, 127, 127, 127, 127, 127, 127, 127, 120, 127, 107, 127, 95, 127]",esp32_1
CSI_DATA,214754,2025-07-23 16:48:01.064,0,lie_down,00:00:00:00:00:00,-62,11,0,0,0,0,0,0,0,0,0,-97,0,1,0,2668188794,0,14,0,0,0,104,0,"[0, 0, 41, -76, -1, -58, -44, -45, -84, -40, -124, -38, -128, -43, -128, -51, -128, -62, -128, -78, -128, -97, -128, -114, -128, -127, -128, -128, -128, -128, -128, -128, -128, -121, -128, -101, -114, -79, -103, -55, -96, -28, -95, -5, -99, 13, -105, 25, -114, 31, -121, 32, 91, -14, 103, -10, 118, 0, 127, 11, 127, 21, 127, 31, 127, 40, 127, 45, 127, 44, 125, 36, 114, 21, 105, 3, 101, -14, 100, -39, 100, -71, 101, -103, 110, -128, 123, -128, 127, -128, 127, -128, 127, -128, 127, -128, 127, -128, 127, -128, 127, -128, 127, -128]",esp32_1
CSI_DATA,214755,2025-07-23 16:48:01.064,0,lie_down,00:00:00:00:00:00,-62,11,0,0,0,0,0,0,0,0,0,-97,0,1,0,2668204864,0,14,0,0,0,104,0,"[0, 0, 67, -58, 31, -54, -3, -55, -36, -63, -66, -74, -95, -87, -121, -102, -128, -119, -128, -128, -128, -128, -128, -128, -128, -128, -128, -128, -113, -128, -95, -128, -78, -128, -63, -128, -54, -128, -53, -110, -56, -90, -63, -76, -71, -64, -78, -58, -86, -56, -90, -56, 71, -11, 82, -8, 97, -2, 110, 5, 118, 14, 121, 23, 121, 28, 120, 30, 119, 29, 115, 23, 110, 13, 108, 1, 112, -13, 118, -29, 121, -47, 123, -65, 127, -82, 127, -96, 127, -103, 127, -108, 127, -113, 127, -115, 127, -114, 127, -107, 127, -97, 127, -86]",esp32_1
CSI_DATA,114005,2025-07-23 16:48:01.064,0,lie_down,00:00:00:00:00:00,-72,11,0,0,0,0,0,0,0,0,0,-97,0,1,0,1289053687,0,14,0,0,0,104,0,"[0, 0, 127, 3, 125, 29, 99, 58, 80, 87, 70, 123, 69, 127, 73, 127, 80, 127, 92, 127, 105, 127, 122, 127, 127, 127, 127, 127, 127, 127, 127, 127, 127, 127, 118, 127, 96, 127, 70, 114, 40, 88, 7, 65, -23, 40, -50, 19, -74, 4, -93, -6, -76, -43, -74, -59, -74, -77, -75, -88, -73, -94, -68, -102, -66, -109, -61, -109, -51, -102, -38, -92, -24, -75, -11, -58, 7, -44, 28, -23, 55, 0, 83, 18, 111, 34, 127, 47, 127, 49, 127, 49, 127, 46, 127, 31, 127, 13, 127, -2, 127, -13, 127, -17]",esp32_2
CSI_DATA,214756,2025-07-23 16:48:01.077,0,lie_down,00:00:00:00:00:00,-61,11,0,0,0,0,0,0,0,0,0,-97,0,1,0,2668208829,0,14,0,0,0,104,0,"[0, 0, 46, 71, 44, 39, 49, 8, 56, -20, 65, -48, 78, -74, 96, -96, 116, -113, 127, -123, 127, -126, 127, -124, 127, -116, 127, -103, 127, -89, 127, -74, 127, -58, 127, -47, 127, -42, 111, -41, 93, -43, 78, -48, 69, -56, 63, -64, 64, -70, 66, -73, 6, 65, 4, 74, -1, 85, -7, 96, -12, 106, -19, 111, -26, 113, -29, 113, -28, 109, -22, 106, -12, 106, -1, 105, 11, 103, 25, 105, 39, 111, 50, 121, 61, 127, 72, 127, 81, 127, 88, 127, 90, 127, 88, 127, 87, 127, 82, 127, 74, 127, 68, 127]",esp32_1
CSI_DATA,114007,2025-07-23 16:48:01.078,0,lie_down,00:00:00:00:00:00,-72,11,0,0,0,0,0,0,0,0,0,-97,0,1,0,1289070594,0,14,0,0,0,104,0,"[0, 0, 70, 35, 51, 43, 29, 59, 10, 77, -6, 94, -18, 113, -25, 127, -26, 127, -22, 127, -16, 127, -7, 127, 0, 127, 8, 127, 15, 127, 21, 127, 22, 127, 18, 117, 13, 91, 6, 69, -1, 45, -10, 22, -20, 4, -30, -12, -40, -28, -45, -40, -44, -38, -40, -42, -39, -51, -39, -59, -34, -62, -30, -64, -28, -66, -23, -67, -18, -64, -12, -56, -5, -46, 3, -36, 10, -25, 18, -11, 29, 4, 45, 20, 63, 32, 83, 39, 99, 46, 109, 49, 121, 49, 127, 47, 127, 42, 127, 36, 127, 30, 127, 27]",esp32_2
CSI_DATA,214757,2025-07-23 16:48:01.080,0,lie_down,00:00:00:00:00:00,-61,11,0,0,0,0,0,0,0,0,0,-97,0,1,0,2668218797,0,14,0,0,0,104,0,"[0, 0, 57, -68, 28, -61, 1, -57, -25, -59, -51, -64, -77, -73, -102, -85, -122, -96, -128, -110, -128, -126, -128, -128, -128, -128, -128, -128, -113, -128, -97, -128, -81, -128, -68, -128, -61, -125, -58, -111, -58, -97, -59, -87, -62, -78, -66, -72, -70, -70, -71, -71, 58, -30, 67, -32, 80, -31, 92, -29, 101, -27, 104, -23, 105, -19, 105, -17, 105, -19, 104, -23, 100, -31, 97, -39, 99, -50, 103, -63, 105, -78, 107, -93, 115, -108, 125, -118, 127, -123, 127, -125, 127, -126, 127, -125, 127, -121, 127, -113, 127, -103, 126, -93]",esp32_1
CSI_DATA,214758,2025-07-23 16:48:01.084,0,lie_down,00:00:00:00:00:00,-61,11,0,0,0,0,0,0,0,0,0,-97,0,1,0,2668228783,0,14,0,0,0,104,0,"[0, 0, 75, -66, 38, -67, 2, -72, -30, -85, -60, -100, -86, -117, -110, -128, -127, -128, -128, -128, -128, -128, -128, -128, -128, -128, -121, -128, -106, -128, -91, -128, -79, -128, -70, -128, -65, -128, -65, -128, -70, -126, -78, -116, -82, -109, -84, -104, -84, -105, -84, -109, 80, -23, 92, -21, 108, -16, 122, -9, 127, -2, 127, 3, 127, 8, 127, 9, 127, 5, 126, -4, 121, -17, 119, -33, 127, -50, 127, -68, 127, -87, 127, -104, 127, -120, 127, -128, 127, -128, 127, -128, 127, -128, 127, -124, 127, -116, 127, -106, 127, -92, 127, -79]",esp32_1
CSI_DATA,114008,2025-07-23 16:48:01.086,0,lie_down,00:00:00:00:00:00,-72,11,0,0,0,0,0,0,0,0,0,-97,0,1,0,1289080619,0,14,0,0,0,104,0,"[0, 0, -76, -43, -50, -50, -20, -62, 4, -77, 20, -94, 34, -115, 47, -128, 57, -128, 59, -128, 57, -128, 52, -128, 44, -128, 35, -128, 28, -128, 20, -128, 14, -128, 13, -128, 11, -110, 9, -83, 8, -55, 8, -29, 13, -2, 17, 24, 21, 45, 27, 57, 53, 24, 52, 30, 53, 38, 53, 46, 50, 54, 46, 59, 42, 62, 39, 66, 34, 65, 27, 59, 16, 49, 6, 38, -6, 25, -21, 10, -37, -5, -49, -20, -66, -35, -88, -46, -106, -55, -121, -59, -128, -59, -128, -59, -128, -57, -128, -50, -128, -42, -128, -39]",esp32_2
CSI_DATA,214759,2025-07-23 16:48:01.088,0,lie_down,00:00:00:00:00:00,-61,11,0,0,0,0,0,0,0,0,0,-97,0,1,0,2668238778,0,14,0,0,0,104,0,"[0, 0, 28, -75, -3, -73, -33, -74, -57, -81, -77, -91, -96, -101, -114, -110, -127, -119, -128, -128, -128, -128, -128, -128, -127, -128, -118, -128, -105, -128, -96, -128, -89, -127, -84, -115, -81, -104, -83, -93, -86, -85, -91, -81, -94, -78, -94, -76, -94, -80, -92, -85, 61, -47, 72, -49, 87, -47, 100, -43, 107, -37, 107, -31, 104, -26, 100, -24, 95, -26, 87, -34, 78, -48, 71, -63, 72, -78, 75, -97, 78, -117, 81, -128, 91, -128, 105, -128, 120, -128, 127, -128, 127, -128, 127, -128, 127, -128, 127, -128, 127, -124, 117, -110]",esp32_1
CSI_DATA,114009,2025-07-23 16:48:01.091,0,lie_down,00:00:00:00:00:00,-72,11,0,0,0,0,0,0,0,0,0,-97,0,1,0,1289090580,0,14,0,0,0,104,0,"[0, 0, 70, 121, 28, 105, -26, 89, -83, 78, -128, 78, -128, 87, -128, 98, -128, 118, -128, 127, -128, 127, -128, 127, -128, 127, -128, 127, -128, 127, -128, 127, -128, 127, -128, 127, -128, 116, -108, 84, -72, 51, -38, 18, -4, -13, 25, -39, 48, -60, 65, -77, -77, -54, -72, -66, -66, -80, -59, -97, -51, -115, -46, -122, -40, -122, -32, -125, -24, -125, -20, -113, -14, -93, -3, -66, 4, -35, 11, -5, 22, 30, 33, 70, 52, 104, 75, 127, 91, 127, 107, 127, 127, 127, 127, 127, 127, 127, 127, 127, 127, 127, 127, 127]",esp32_2
CSI_DATA,214760,2025-07-23 16:48:01.094,0,lie_down,00:00:00:00:00:00,-61,11,0,0,0,0,0,0,0,0,0,-97,0,1,0,2668248795,0,14,0,0,0,104,0,"[0, 0, -5, -71, -38, -58, -70, -51, -96, -51, -119, -53, -128, -57, -128, -62, -128, -68, -128, -77, -128, -84, -128, -90, -128, -94, -128, -91, -128, -85, -128, -75, -127, -62, -118, -49, -112, -36, -114, -24, -115, -14, -118, -9, -123, -6, -125, -6, -126, -11, -127, -17, 63, -54, 75, -54, 89, -49, 101, -43, 109, -38, 111, -32, 108, -26, 101, -23, 92, -25, 80, -31, 66, -43, 55, -58, 48, -75, 44, -97, 42, -122, 41, -128, 46, -128, 59, -128, 72, -128, 83, -128, 93, -128, 100, -128, 103, -128, 100, -128, 91, -128, 81, -128]",esp32_1
CSI_DATA,114011,2025-07-23 16:48:01.106,0,lie_down,00:00:00:00:00:00,-71,11,0,0,0,0,0,0,0,0,0,-97,0,1,0,1289113270,0,14,0,0,0,104,0,"[0, 0, 27, -79, 36, -56, 48, -30, 64, -6, 82, 16, 104, 33, 127, 46, 127, 54, 127, 56, 127, 55, 127, 50, 127, 44, 127, 39, 127, 32, 127, 24, 127, 18, 126, 14, 103, 9, 77, 6, 47, 5, 19, 4, -3, 3, -23, 4, -43, 7, -55, 8, -8, 57, -16, 59, -28, 62, -36, 66, -42, 67, -49, 68, -55, 68, -55, 67, -54, 64, -51, 58, -45, 45, -35, 31, -23, 17, -10, -2, 2, -23, 13, -43, 24, -63, 33, -86, 38, -108, 40, -128, 41, -128, 38, -128, 34, -128, 29, -128, 26, -128, 26, -128]",esp32_2
CSI_DATA,214761,2025-07-23 16:48:01.112,0,lie_down,00:00:00:00:00:00,-61,11,0,0,0,0,0,0,0,0,0,-97,0,1,0,2668259125,0,14,0,0,0,104,0,"[0, 0, -54, -14, -56, 20, -63, 53, -70, 82, -78, 106, -89, 124, -103, 127, -118, 127, -128, 127, -128, 127, -128, 127, -128, 127, -128, 127, -120, 117, -105, 106, -87, 99, -71, 95, -57, 94, -44, 98, -32, 103, -24, 108, -21, 113, -23, 116, -28, 118, -33, 118, -9, -83, -3, -92, 3, -102, 12, -111, 23, -114, 34, -111, 41, -106, 42, -98, 35, -89, 22, -81, 6, -75, -14, -69, -39, -67, -66, -71, -87, -80, -104, -93, -120, -108, -128, -123, -128, -128, -128, -128, -128, -128, -128, -128, -124, -128, -111, -128, -95, -128, -83, -121]",esp32_1
CSI_DATA,114012,2025-07-23 16:48:01.126,0,lie_down,00:00:00:00:00:00,-71,11,0,0,0,0,0,0,0,0,0,-97,0,1,0,1289120647,0,14,0,0,0,104,0,"[0, 0, 127, -18, 115, 16, 87, 53, 68, 89, 55, 127, 45, 127, 43, 127, 51, 127, 66, 127, 82, 127, 96, 127, 108, 127, 118, 127, 124, 127, 120, 127, 110, 127, 96, 127, 79, 127, 62, 102, 38, 63, 14, 28, -9, -1, -32, -29, -52, -54, -65, -69, -93, 24, -102, 10, -112, -5, -120, -17, -128, -27, -128, -37, -128, -44, -128, -47, -124, -46, -106, -43, -86, -40, -63, -40, -36, -39, -5, -30, 32, -19, 69, -11, 106, -8, 127, -13, 127, -19, 127, -25, 127, -38, 127, -54, 127, -64, 127, -69, 127, -74, 127, -76]",esp32_2
CSI_DATA,214762,2025-07-23 16:48:01.131,0,lie_down,00:00:00:00:00:00,-61,11,0,0,0,0,0,0,0,0,0,-97,0,1,0,2668278826,0,14,0,0,0,104,0,"[0, 0, 40, 30, 45, -8, 59, -44, 73, -75, 86, -99, 101, -118, 119, -128, 127, -128, 127, -128, 127, -128, 127, -128, 127, -128, 127, -121, 127, -109, 127, -100, 109, -93, 91, -90, 76, -92, 61, -97, 48, -103, 40, -110, 37, -115, 37, -120, 42, -123, 47, -121, -11, 77, -16, 87, -24, 97, -35, 105, -47, 109, -58, 109, -64, 106, -66, 100, -59, 92, -46, 85, -30, 82, -10, 80, 14, 79, 36, 86, 56, 98, 74, 114, 89, 127, 103, 127, 112, 127, 113, 127, 110, 127, 102, 127, 91, 127, 79, 127, 66, 127, 55, 127]",esp32_1
CSI_DATA,114013,2025-07-23 16:48:01.153,0,lie_down,00:00:00:00:00:00,-72,11,0,0,0,0,0,0,0,0,0,-97,0,1,0,1289140990,0,14,0,0,-128,104,0,"[0, 0, 18, 93, -5, 83, -28, 74, -54, 69, -84, 68, -110, 70, -128, 75, -128, 84, -128, 95, -128, 107, -128, 118, -128, 126, -128, 127, -128, 127, -128, 126, -126, 116, -106, 100, -86, 80, -69, 59, -51, 38, -32, 20, -14, 2, 0, -18, 9, -37, 17, -51, -13, -68, -6, -71, 3, -76, 12, -82, 18, -86, 23, -88, 29, -91, 35, -89, 37, -84, 32, -76, 27, -65, 22, -50, 15, -33, 8, -13, 4, 8, 1, 32, 1, 56, 6, 79, 14, 102, 21, 119, 29, 127, 38, 127, 47, 127, 55, 127, 62, 127, 65, 127]",esp32_2
CSI_DATA,214763,2025-07-23 16:48:01.157,0,lie_down,00:00:00:00:00:00,-61,11,0,0,0,0,0,0,0,0,0,-97,0,1,0,2668308789,0,14,0,0,0,104,0,"[0, 0, -50, 29, -19, 49, 7, 70, 27, 96, 41, 120, 51, 127, 57, 127, 59, 127, 56, 127, 52, 127, 47, 127, 41, 127, 35, 127, 30, 127, 29, 127, 32, 122, 37, 105, 44, 93, 56, 84, 68, 77, 80, 75, 88, 75, 91, 78, 89, 84, 85, 89, -68, -42, -73, -52, -79, -65, -81, -76, -79, -82, -74, -84, -67, -84, -63, -79, -62, -69, -65, -55, -69, -37, -77, -19, -95, -1, -116, 14, -128, 27, -128, 37, -128, 44, -128, 46, -128, 43, -128, 36, -128, 27, -128, 16, -128, 7, -128, 3, -128, -2, -128, -8]",esp32_1
CSI_DATA,214764,2025-07-23 16:48:01.180,0,lie_down,00:00:00:00:00:00,-61,11,0,0,0,0,0,0,0,0,0,-97,0,1,0,2668336180,0,14,0,0,0,104,0,"[0, 0, -38, -38, -56, -2, -78, 30, -100, 56, -120, 77, -128, 93, -128, 104, -128, 107, -128, 103, -128, 98, -128, 93, -128, 87, -128, 77, -128, 66, -128, 58, -111, 54, -86, 56, -63, 61, -42, 69, -26, 78, -16, 88, -9, 98, -7, 107, -10, 117, -14, 121, 79, -55, 90, -53, 100, -51, 110, -47, 121, -40, 124, -29, 119, -21, 109, -17, 93, -15, 74, -20, 54, -33, 32, -47, 10, -63, -8, -86, -22, -113, -34, -128, -41, -128, -43, -128, -42, -128, -39, -128, -32, -128, -22, -128, -13, -128, -8, -128, -6, -128, -4, -128]",esp32_1
CSI_DATA,114014,2025-07-23 16:48:01.185,0,lie_down,00:00:00:00:00:00,-71,11,0,0,0,0,0,0,0,0,0,-97,0,1,0,1289141333,0,14,0,0,0,104,0,"[0, 0, 44, -82, 55, -61, 71, -41, 87, -21, 104, -5, 123, 8, 127, 19, 127, 25, 127, 24, 127, 21, 127, 17, 127, 10, 127, 2, 127, -5, 127, -10, 127, -11, 127, -13, 113, -13, 89, -9, 62, -4, 34, 2, 9, 10, -12, 18, -31, 23, -44, 27, -40, 52, -47, 48, -57, 47, -65, 47, -72, 45, -79, 42, -84, 39, -85, 37, -80, 33, -72, 28, -63, 22, -49, 14, -32, 4, -15, -5, 0, -17, 14, -31, 31, -45, 49, -61, 59, -80, 64, -97, 67, -114, 68, -128, 66, -128, 58, -128, 50, -128, 46, -128]",esp32_2
CSI_DATA,214765,2025-07-23 16:48:01.202,0,lie_down,00:00:00:00:00:00,-62,11,0,0,0,0,0,0,0,0,0,-97,0,1,0,2668360708,0,14,0,0,0,104,0,"[0, 0, 24, 30, 20, -22, 22, -72, 28, -119, 34, -128, 41, -128, 52, -128, 67, -128, 79, -128, 88, -128, 96, -128, 102, -128, 106, -128, 103, -128, 92, -128, 76, -128, 56, -128, 31, -121, 6, -102, -19, -86, -44, -72, -66, -66, -82, -67, -96, -73, -105, -78, -86, 53, -101, 56, -120, 55, -128, 50, -128, 43, -128, 35, -128, 27, -128, 19, -128, 15, -124, 16, -99, 23, -72, 34, -41, 48, -12, 70, 13, 95, 34, 123, 55, 127, 75, 127, 90, 127, 96, 127, 96, 127, 95, 127, 89, 127, 79, 127, 67, 127, 58, 127]",esp32_1
CSI_DATA,114015,2025-07-23 16:48:01.213,0,lie_down,00:00:00:00:00:00,-71,11,0,0,0,0,0,0,0,0,0,-97,0,1,0,1289150613,0,14,0,0,0,104,0,"[0, 0, -87, 49, -84, 23, -82, -4, -86, -31, -94, -55, -104, -75, -115, -93, -128, -112, -128, -122, -128, -123, -128, -122, -128, -118, -128, -112, -128, -104, -128, -91, -128, -75, -128, -62, -108, -52, -84, -41, -59, -29, -33, -20, -8, -14, 14, -7, 32, -2, 43, 0, 56, -31, 62, -26, 68, -19, 75, -13, 83, -9, 88, -3, 89, 3, 88, 6, 87, 6, 81, 5, 70, 4, 54, 6, 39, 8, 22, 8, 0, 10, -24, 13, -47, 17, -69, 27, -86, 37, -100, 46, -111, 56, -119, 69, -122, 82, -116, 93, -111, 96, -107, 94]",esp32_2
CSI_DATA,214766,2025-07-23 16:48:01.224,0,lie_down,00:00:00:00:00:00,-62,11,0,0,0,0,0,0,0,0,0,-97,0,1,0,2668400669,0,14,0,0,0,104,0,"[0, 0, -67, 56, -34, 47, 2, 43, 34, 46, 65, 52, 95, 60, 123, 72, 127, 84, 127, 97, 127, 112, 127, 127, 127, 127, 127, 127, 127, 127, 127, 127, 115, 127, 101, 127, 89, 127, 82, 115, 78, 99, 76, 85, 77, 74, 79, 66, 82, 61, 86, 59, -57, 17, -69, 15, -82, 13, -94, 10, -105, 9, -112, 7, -114, 3, -117, 1, -119, 2, -118, 5, -114, 12, -111, 21, -113, 29, -116, 43, -119, 60, -121, 77, -126, 92, -128, 104, -128, 114, -128, 121, -128, 125, -128, 126, -128, 124, -128, 119, -128, 109, -128, 99]",esp32_1
CSI_DATA,114016,2025-07-23 16:48:01.239,0,lie_down,00:00:00:00:00:00,-71,11,0,0,0,0,0,0,0,0,0,-97,0,1,0,1289160631,0,14,0,172,-78,104,0,"[0, 0, -128, -65, -95, -82, -56, -99, -24, -119, 3, -128, 23, -128, 37, -128, 45, -128, 50, -128, 49, -128, 39, -128, 25, -128, 14, -128, 3, -128, -8, -128, -12, -128, -11, -128, -13, -128, -13, -128, -10, -114, -7, -70, -2, -29, 6, 10, 14, 41, 20, 61, 98, 27, 95, 40, 93, 54, 94, 71, 94, 85, 89, 95, 87, 106, 88, 111, 81, 109, 71, 104, 59, 94, 46, 75, 31, 53, 15, 30, -8, 4, -36, -26, -68, -52, -98, -69, -124, -86, -128, -100, -128, -102, -128, -95, -128, -87, -128, -76, -128, -71, -128, -76]",esp32_2
CSI_DATA,214767,2025-07-23 16:48:01.249,0,lie_down,00:00:00:00:00:00,-60,11,0,0,0,0,0,0,0,0,0,-97,0,1,0,2668433243,0,14,0,0,0,104,0,"[0, 0, 28, -78, 3, -77, -20, -80, -41, -87, -59, -94, -76, -101, -91, -110, -104, -119, -111, -127, -115, -128, -116, -128, -114, -128, -108, -128, -101, -128, -92, -128, -84, -128, -75, -128, -69, -128, -67, -120, -65, -113, -65, -107, -65, -102, -64, -98, -62, -97, -59, -97, 51, -48, 60, -49, 72, -49, 83, -47, 89, -44, 90, -41, 89, -39, 88, -39, 85, -43, 81, -51, 76, -64, 74, -76, 76, -88, 82, -103, 87, -118, 91, -128, 101, -128, 113, -128, 124, -128, 127, -128, 127, -128, 127, -128, 127, -128, 127, -123, 118, -110, 105, -101]",esp32_1
CSI_DATA,214768,2025-07-23 16:48:01.270,0,lie_down,00:00:00:00:00:00,-61,11,0,0,0,0,0,0,0,0,0,-97,0,1,0,2668469188,0,14,0,0,0,104,0,"[0, 0, 21, -86, -19, -86, -54, -87, -82, -97, -106, -106, -126, -114, -128, -123, -128, -128, -128, -128, -128, -128, -128, -128, -128, -128, -128, -128, -128, -128, -128, -128, -128, -128, -125, -119, -121, -108, -120, -97, -120, -87, -122, -81, -124, -79, -123, -78, -120, -79, -117, -82, 81, -54, 93, -53, 109, -46, 122, -37, 127, -31, 126, -25, 120, -21, 113, -24, 105, -30, 94, -43, 83, -63, 77, -86, 81, -109, 91, -128, 99, -128, 108, -128, 126, -128, 127, -128, 127, -128, 127, -128, 127, -128, 127, -128, 127, -128, 127, -128, 127, -128, 127, -121]",esp32_1
CSI_DATA,114017,2025-07-23 16:48:01.270,0,lie_down,00:00:00:00:00:00,-71,11,0,0,0,0,0,0,0,0,0,-97,0,1,0,1289171057,0,14,0,172,-78,104,0,"[0, 0, -105, -16, -81, -27, -56, -44, -36, -67, -19, -91, -6, -114, 4, -128, 10, -128, 10, -128, 7, -128, 4, -128, 2, -128, -2, -128, -9, -128, -14, -128, -15, -128, -13, -128, -12, -128, -11, -111, -10, -82, -6, -54, 1, -26, 6, 1, 9, 26, 8, 43, 60, -24, 63, -14, 68, -4, 73, 5, 77, 16, 77, 24, 77, 29, 77, 32, 75, 30, 70, 28, 63, 23, 53, 16, 39, 7, 22, -1, 0, -11, -26, -21, -51, -31, -76, -37, -99, -37, -117, -37, -128, -36, -128, -33, -128, -27, -128, -19, -128, -15, -128, -15]",esp32_2
CSI_DATA,214769,2025-07-23 16:48:01.292,0,lie_down,00:00:00:00:00:00,-62,11,0,0,0,0,0,0,0,0,0,-97,0,1,0,2668493075,0,14,0,0,0,104,0,"[0, 0, -8, 67, 27, 57, 60, 50, 91, 50, 116, 52, 127, 57, 127, 61, 127, 64, 127, 68, 127, 75, 127, 81, 127, 83, 127, 82, 127, 78, 127, 71, 127, 60, 123, 46, 117, 33, 117, 23, 117, 14, 118, 6, 120, 1, 121, 0, 122, 2, 121, 7, -70, 40, -82, 38, -97, 34, -107, 29, -113, 22, -111, 17, -104, 15, -95, 14, -85, 18, -75, 28, -63, 44, -54, 65, -52, 92, -54, 120, -55, 127, -59, 127, -72, 127, -89, 127, -104, 127, -117, 127, -128, 127, -128, 127, -128, 127, -128, 127, -115, 127, -101, 124]",esp32_1
CSI_DATA,114018,2025-07-23 16:48:01.302,0,lie_down,00:00:00:00:00:00,-72,11,0,0,0,0,0,0,0,0,0,-97,0,1,0,1289180581,0,14,0,172,-78,104,0,"[0, 0, -128, 62, -126, 25, -111, -18, -106, -62, -104, -105, -104, -128, -107, -128, -115, -128, -122, -128, -128, -128, -128, -128, -128, -128, -128, -128, -128, -128, -128, -128, -128, -128, -128, -128, -110, -128, -93, -128, -73, -98, -49, -62, -26, -28, -7, 8, 10, 41, 23, 59, 32, -86, 45, -84, 62, -81, 79, -74, 93, -66, 102, -59, 109, -59, 113, -57, 112, -50, 103, -49, 90, -49, 71, -41, 44, -32, 12, -28, -22, -21, -58, -10, -98, 4, -128, 23, -128, 42, -128, 60, -128, 79, -128, 93, -128, 107, -128, 123, -128, 127, -128, 127]",esp32_2
CSI_DATA,214770,2025-07-23 16:48:01.315,0,lie_down,00:00:00:00:00:00,-62,11,0,0,0,0,0,0,0,0,0,-97,0,1,0,2668517433,0,14,0,0,0,104,0,"[0, 0, -7, -74, -35, -55, -63, -39, -94, -29, -121, -25, -128, -22, -128, -21, -128, -24, -128, -30, -128, -37, -128, -43, -128, -47, -128, -50, -128, -51, -128, -45, -128, -35, -123, -25, -114, -14, -109, -1, -105, 11, -106, 20, -109, 27, -111, 30, -114, 28, -118, 26, 61, -53, 69, -56, 84, -57, 98, -55, 107, -51, 108, -43, 103, -37, 97, -34, 88, -36, 74, -41, 57, -51, 43, -67, 35, -90, 29, -114, 21, -128, 16, -128, 20, -128, 30, -128, 40, -128, 51, -128, 61, -128, 71, -128, 76, -128, 77, -128, 74, -128, 70, -128]",esp32_1
CSI_DATA,214771,2025-07-23 16:48:01.340,0,lie_down,00:00:00:00:00:00,-61,11,0,0,0,0,0,0,0,0,0,-97,0,1,0,2668553807,0,14,0,0,0,104,0,"[0, 0, -75, -13, -65, 19, -57, 51, -53, 81, -53, 108, -55, 127, -60, 127, -69, 127, -78, 127, -86, 127, -91, 127, -94, 127, -97, 127, -96, 127, -87, 127, -74, 121, -63, 110, -50, 103, -34, 102, -19, 102, -7, 105, -1, 110, 1, 115, -4, 119, -10, 120, -38, -74, -38, -87, -37, -100, -33, -109, -24, -116, -14, -117, -6, -110, -4, -100, -9, -88, -21, -74, -36, -63, -56, -53, -82, -44, -110, -42, -128, -45, -128, -54, -128, -67, -128, -79, -128, -90, -128, -100, -128, -111, -128, -120, -128, -126, -128, -121, -128, -110, -128, -102]",esp32_1
CSI_DATA,214772,2025-07-23 16:48:01.359,0,lie_down,00:00:00:00:00:00,-62,11,0,0,0,0,0,0,0,0,0,-97,0,1,0,2668578109,0,14,0,0,0,104,0,"[0, 0, 38, -52, 9, -57, -21, -63, -47, -76, -67, -90, -84, -100, -99, -110, -106, -114, -109, -113, -113, -120, -116, -128, -116, -128, -107, -128, -92, -128, -84, -115, -79, -96, -77, -81, -78, -70, -79, -58, -83, -48, -88, -40, -92, -31, -98, -29, -104, -32, -108, -37, 72, 12, 81, 20, 88, 31, 93, 43, 92, 52, 85, 57, 77, 57, 71, 51, 63, 40, 54, 22, 51, 3, 54, -17, 65, -38, 81, -63, 96, -84, 111, -97, 127, -110, 127, -121, 127, -123, 127, -119, 127, -111, 127, -100, 127, -90, 127, -83, 127, -73, 127, -66]",esp32_1
CSI_DATA,114020,2025-07-23 16:48:01.374,0,lie_down,00:00:00:00:00:00,-73,11,0,0,0,0,0,0,0,0,0,-97,0,1,0,1289201119,0,14,0,172,-78,104,0,"[0, 0, -84, -128, -45, -128, 4, -128, 48, -128, 90, -128, 127, -128, 127, -128, 127, -128, 127, -128, 127, -128, 127, -128, 127, -128, 127, -128, 127, -128, 127, -128, 127, -128, 127, -128, 127, -128, 111, -128, 78, -95, 40, -64, 9, -31, -15, 3, -39, 29, -58, 44, 98, 22, 90, 32, 80, 46, 74, 64, 71, 80, 65, 91, 59, 98, 53, 98, 50, 95, 45, 84, 36, 67, 31, 48, 29, 19, 23, -18, 9, -53, -10, -87, -28, -120, -48, -128, -61, -128, -80, -128, -109, -128, -125, -128, -128, -128, -128, -128, -128, -128, -128, -128]",esp32_2
CSI_DATA,214773,2025-07-23 16:48:01.384,0,lie_down,00:00:00:00:00:00,-62,11,0,0,0,0,0,0,0,0,0,-97,0,1,0,2668614657,0,14,0,0,0,104,0,"[0, 0, 19, 52, 39, 22, 65, -4, 88, -24, 107, -40, 126, -53, 127, -61, 127, -64, 127, -64, 127, -61, 127, -58, 127, -53, 127, -46, 127, -42, 127, -41, 116, -43, 99, -49, 84, -57, 72, -65, 63, -74, 59, -83, 57, -90, 58, -95, 61, -97, 65, -97, -59, 51, -68, 52, -79, 52, -88, 50, -94, 46, -96, 42, -93, 37, -84, 32, -72, 30, -56, 35, -38, 45, -19, 58, 0, 73, 16, 92, 29, 116, 37, 127, 40, 127, 41, 127, 38, 127, 31, 127, 20, 127, 9, 127, 1, 127, -5, 127, -11, 127, -14, 127]",esp32_1
CSI_DATA,114021,2025-07-23 16:48:01.395,0,lie_down,00:00:00:00:00:00,-73,11,0,0,0,0,0,0,0,0,0,-97,0,1,0,1289210591,0,14,0,172,-78,104,0,"[0, 0, 17, -128, 40, -128, 70, -107, 103, -72, 127, -44, 127, -26, 127, -14, 127, -5, 127, 0, 127, -3, 127, -12, 127, -15, 127, -13, 127, -12, 127, -18, 127, -25, 127, -28, 127, -25, 127, -19, 108, -15, 68, -17, 28, -16, -12, -12, -47, -15, -71, -18, 59, 52, 51, 63, 36, 74, 21, 83, 12, 90, 5, 95, -5, 99, -11, 99, -9, 91, -7, 83, -2, 75, 10, 54, 22, 25, 31, -4, 38, -34, 40, -68, 47, -104, 56, -128, 58, -128, 56, -128, 49, -128, 38, -128, 26, -128, 14, -128, 3, -128, -3, -128]",esp32_2
CSI_DATA,214774,2025-07-23 16:48:01.405,0,lie_down,00:00:00:00:00:00,-62,11,0,0,0,0,0,0,0,0,0,-97,0,1,0,2668639394,0,14,0,0,0,104,0,"[0, 0, -67, -9, -52, 34, -45, 72, -37, 111, -27, 127, -22, 127, -20, 127, -22, 127, -39, 127, -55, 127, -60, 127, -56, 127, -41, 127, -24, 127, -13, 127, -2, 127, 13, 127, 32, 122, 52, 114, 68, 108, 81, 107, 86, 112, 84, 119, 81, 123, 77, 125, 23, -93, 33, -104, 47, -116, 59, -123, 71, -120, 76, -112, 75, -102, 69, -88, 55, -74, 35, -64, 10, -54, -22, -50, -59, -54, -98, -63, -128, -70, -128, -79, -128, -95, -128, -119, -128, -128, -128, -128, -128, -128, -128, -128, -128, -128, -128, -128, -128, -128, -128, -128]",esp32_1
CSI_DATA,114022,2025-07-23 16:48:01.421,0,lie_down,00:00:00:00:00:00,-73,11,0,0,0,0,0,0,0,0,0,-97,0,1,0,1289221317,0,14,0,172,-78,104,0,"[0, 0, 127, -45, 127, -19, 123, 15, 105, 54, 91, 94, 83, 127, 82, 127, 82, 127, 87, 127, 97, 127, 106, 127, 114, 127, 117, 127, 117, 127, 112, 127, 103, 127, 96, 127, 87, 127, 68, 127, 49, 90, 38, 50, 26, 14, 10, -17, -5, -48, -12, -67, -19, 59, -33, 55, -48, 48, -63, 39, -80, 31, -93, 30, -98, 30, -96, 24, -90, 20, -81, 21, -69, 24, -49, 21, -23, 16, 8, 19, 40, 19, 73, 18, 111, 18, 127, 8, 127, -7, 127, -21, 127, -37, 127, -54, 127, -70, 127, -81, 127, -85, 127, -83]",esp32_2
CSI_DATA,214775,2025-07-23 16:48:01.427,0,lie_down,00:00:00:00:00:00,-62,11,0,0,0,0,0,0,0,0,0,-97,0,1,0,2668664349,0,14,0,0,0,104,0,"[0, 0, 40, -22, 6, -43, -22, -66, -44, -94, -63, -118, -77, -128, -88, -128, -97, -128, -102, -128, -103, -128, -102, -128, -96, -128, -88, -128, -83, -128, -80, -123, -78, -103, -77, -84, -79, -65, -86, -48, -95, -33, -108, -20, -119, -12, -122, -8, -123, -11, -125, -15, 26, 70, 24, 81, 21, 98, 15, 112, 6, 119, -4, 117, -15, 110, -21, 101, -17, 88, -7, 71, 6, 49, 25, 27, 52, 9, 80, -3, 107, -14, 127, -25, 127, -30, 127, -27, 127, -17, 127, -5, 127, 5, 127, 14, 127, 19, 127, 20, 127, 22, 127, 26]",esp32_1
CSI_DATA,114023,2025-07-23 16:48:01.444,0,lie_down,00:00:00:00:00:00,-72,11,0,0,0,0,0,0,0,0,0,-97,0,1,0,1289230616,0,14,0,172,-78,104,0,"[0, 0, 101, 122, 65, 109, 19, 110, -25, 107, -66, 104, -112, 109, -128, 119, -128, 127, -128, 127, -128, 127, -128, 127, -128, 127, -128, 127, -128, 127, -128, 127, -128, 127, -128, 127, -128, 111, -122, 89, -90, 67, -56, 46, -19, 22, 15, 0, 45, -10, 66, -14, -60, 34, -65, 14, -70, -8, -76, -22, -80, -36, -79, -49, -77, -58, -74, -60, -71, -56, -68, -51, -60, -40, -49, -16, -40, 10, -23, 38, 4, 66, 30, 96, 50, 126, 73, 127, 100, 127, 125, 127, 127, 127, 127, 127, 127, 127, 127, 127, 127, 127, 127, 127]",esp32_2
CSI_DATA,214776,2025-07-23 16:48:01.452,0,lie_down,00:00:00:00:00:00,-61,11,0,0,0,0,0,0,0,0,0,-97,0,1,0,2668717215,0,14,0,0,0,104,0,"[0, 0, -60, 64, -27, 68, 2, 75, 27, 89, 46, 104, 62, 116, 75, 127, 84, 127, 88, 127, 87, 127, 84, 127, 80, 127, 74, 127, 67, 127, 62, 127, 60, 120, 60, 105, 63, 93, 68, 82, 74, 73, 80, 69, 86, 67, 89, 69, 89, 73, 87, 77, -79, -6, -88, -13, -100, -23, -108, -34, -110, -42, -105, -49, -96, -53, -87, -52, -78, -45, -70, -32, -64, -13, -62, 9, -67, 31, -78, 54, -88, 77, -99, 97, -116, 115, -128, 126, -128, 127, -128, 127, -128, 127, -128, 120, -128, 112, -128, 101, -128, 87, -128, 75]",esp32_1
CSI_DATA,114024,2025-07-23 16:48:01.468,0,lie_down,00:00:00:00:00:00,-72,11,0,0,0,0,0,0,0,0,0,-97,0,1,0,1289243568,0,14,0,172,-78,104,0,"[0, 0, 60, -128, 59, -91, 68, -41, 80, 9, 91, 61, 105, 107, 118, 127, 127, 127, 127, 127, 127, 127, 127, 127, 127, 127, 127, 127, 127, 127, 127, 127, 127, 127, 123, 127, 103, 127, 82, 127, 61, 107, 45, 64, 33, 26, 25, -14, 18, -50, 14, -72, 63, 16, 62, 32, 57, 54, 52, 75, 48, 91, 43, 103, 40, 108, 40, 112, 40, 107, 42, 91, 47, 72, 48, 43, 53, 9, 64, -24, 76, -62, 87, -95, 100, -128, 110, -128, 111, -128, 111, -128, 110, -128, 107, -128, 100, -128, 91, -128, 83, -128, 78, -128]",esp32_2
CSI_DATA,214777,2025-07-23 16:48:01.470,0,lie_down,00:00:00:00:00:00,-62,11,0,0,0,0,0,0,0,0,0,-97,0,1,0,2668738223,0,14,0,0,0,104,0,"[0, 0, -73, 24, -48, 51, -27, 78, -10, 108, 1, 127, 5, 127, 4, 127, -2, 127, -4, 127, -6, 127, -9, 127, -13, 127, -16, 127, -18, 127, -13, 127, -2, 127, 9, 119, 21, 109, 35, 103, 49, 99, 61, 99, 70, 102, 73, 106, 69, 112, 64, 115, -51, -73, -54, -86, -55, -101, -51, -112, -44, -120, -32, -123, -20, -120, -12, -112, -11, -97, -18, -77, -29, -57, -43, -36, -65, -17, -92, -4, -120, 6, -128, 10, -128, 11, -128, 10, -128, 2, -128, -9, -128, -19, -128, -30, -128, -37, -128, -39, -128, -38, -128, -38]",esp32_1
CSI_DATA,214778,2025-07-23 16:48:01.491,0,lie_down,00:00:00:00:00:00,-62,11,0,0,0,0,0,0,0,0,0,-97,0,1,0,2668772259,0,14,0,0,0,104,0,"[0, 0, -45, -36, -38, 4, -37, 41, -41, 72, -49, 100, -59, 126, -74, 127, -89, 127, -97, 127, -101, 127, -108, 127, -116, 127, -123, 127, -125, 127, -116, 127, -101, 120, -85, 106, -69, 98, -54, 95, -38, 94, -22, 96, -9, 100, -2, 103, -1, 109, -3, 112, 21, -78, 29, -84, 37, -92, 46, -96, 56, -97, 63, -91, 65, -85, 62, -80, 52, -74, 35, -69, 14, -68, -7, -67, -30, -67, -54, -76, -73, -90, -90, -104, -106, -120, -121, -128, -128, -128, -128, -128, -128, -128, -128, -128, -123, -128, -114, -128, -99, -128, -85, -128]",esp32_1
CSI_DATA,114025,2025-07-23 16:48:01.491,0,lie_down,00:00:00:00:00:00,-71,11,0,0,0,0,0,0,0,0,0,-97,0,1,0,1289250571,0,14,0,172,-78,104,0,"[0, 0, 59, 121, 27, 92, -13, 60, -57, 26, -94, 0, -126, -23, -128, -48, -128, -66, -128, -80, -128, -91, -128, -99, -128, -104, -128, -111, -128, -113, -128, -104, -128, -96, -128, -95, -128, -88, -128, -72, -103, -50, -68, -26, -35, -1, -6, 25, 13, 47, 26, 61, -50, 29, -69, 21, -85, 10, -95, -2, -105, -14, -110, -25, -108, -33, -104, -35, -102, -31, -98, -26, -89, -18, -70, 0, -51, 29, -37, 59, -14, 83, 12, 109, 32, 127, 49, 127, 67, 127, 85, 127, 98, 127, 110, 127, 124, 127, 127, 127, 127, 127, 120, 127]",esp32_2
CSI_DATA,114026,2025-07-23 16:48:01.513,0,lie_down,00:00:00:00:00:00,-71,11,0,0,0,0,0,0,0,0,0,-97,0,1,0,1289260599,0,14,0,172,-78,104,0,"[0, 0, -128, 32, -92, 6, -43, -22, 4, -51, 46, -84, 82, -115, 119, -128, 127, -128, 127, -128, 127, -128, 127, -128, 127, -128, 127, -128, 127, -128, 127, -128, 127, -128, 127, -128, 127, -128, 127, -103, 94, -75, 53, -51, 14, -35, -25, -24, -62, -18, -84, -16, -30, -76, -12, -86, 7, -99, 26, -110, 43, -119, 57, -122, 64, -119, 63, -116, 59, -114, 52, -107, 30, -97, 9, -86, -12, -73, -42, -56, -83, -41, -126, -27, -128, -13, -128, 2, -128, 16, -128, 29, -128, 45, -128, 61, -128, 68, -128, 70, -128, 70, -128, 65]",esp32_2
CSI_DATA,214779,2025-07-23 16:48:01.519,0,lie_down,00:00:00:00:00:00,-62,11,0,0,0,0,0,0,0,0,0,-97,0,1,0,2668797663,0,14,0,0,0,104,0,"[0, 0, 34, -73, 4, -51, -30, -34, -62, -18, -92, -1, -123, 7, -128, 12, -128, 11, -128, -6, -128, -26, -128, -35, -128, -37, -128, -32, -128, -27, -128, -26, -128, -25, -128, -17, -128, -4, -128, 9, -114, 21, -107, 30, -109, 32, -110, 33, -110, 37, -112, 39, 70, -14, 79, -12, 90, -9, 103, -5, 115, 0, 123, 6, 124, 8, 119, 9, 113, 10, 106, 12, 94, 6, 81, -10, 72, -27, 66, -46, 62, -74, 61, -106, 64, -128, 71, -128, 75, -128, 76, -128, 80, -128, 92, -128, 115, -128, 127, -128, 125, -128, 118, -128]",esp32_1
CSI_DATA,114027,2025-07-23 16:48:01.534,0,lie_down,00:00:00:00:00:00,-72,11,0,0,0,0,0,0,0,0,0,-97,0,1,0,1289270610,0,14,0,172,-78,104,0,"[0, 0, 54, -122, 52, -75, 54, -27, 53, 26, 48, 81, 46, 127, 48, 127, 47, 127, 50, 127, 58, 127, 59, 127, 57, 127, 48, 127, 36, 127, 28, 127, 20, 127, 13, 127, 6, 127, 0, 127, 1, 121, 6, 72, 14, 27, 26, -12, 39, -45, 47, -67, 62, 37, 58, 55, 53, 77, 48, 93, 44, 106, 41, 117, 38, 124, 39, 126, 40, 121, 42, 108, 48, 88, 48, 61, 51, 32, 66, 2, 79, -25, 95, -51, 113, -87, 118, -125, 116, -128, 121, -128, 124, -128, 124, -128, 120, -128, 105, -128, 93, -128, 90, -128]",esp32_2
CSI_DATA,214780,2025-07-23 16:48:01.542,0,lie_down,00:00:00:00:00:00,-61,11,0,0,0,0,0,0,0,0,0,-97,0,1,0,2668834570,0,14,0,0,0,104,0,"[0, 0, -46, 86, -16, 75, 15, 66, 43, 66, 69, 70, 93, 76, 115, 86, 127, 96, 127, 104, 127, 114, 127, 125, 127, 127, 127, 127, 124, 127, 113, 127, 104, 126, 97, 115, 94, 105, 95, 97, 96, 89, 97, 84, 101, 82, 103, 82, 102, 86, 97, 91, -50, 47, -59, 48, -69, 48, -78, 48, -85, 49, -88, 49, -88, 47, -87, 46, -82, 48, -77, 55, -68, 65, -60, 76, -57, 89, -57, 105, -59, 123, -62, 127, -68, 127, -77, 127, -88, 127, -99, 127, -109, 127, -116, 127, -120, 127, -119, 127, -112, 127, -105, 127]",esp32_1
CSI_DATA,114028,2025-07-23 16:48:01.555,0,lie_down,00:00:00:00:00:00,-72,11,0,0,0,0,0,0,0,0,0,-97,0,1,0,1289280614,0,14,0,172,-78,104,0,"[0, 0, 57, -121, 56, -81, 59, -35, 64, 17, 70, 70, 76, 116, 82, 127, 87, 127, 94, 127, 101, 127, 104, 127, 106, 127, 103, 127, 92, 127, 80, 127, 69, 127, 54, 127, 42, 127, 33, 127, 25, 118, 19, 68, 19, 23, 21, -20, 26, -55, 33, -74, 62, 30, 59, 44, 55, 61, 50, 77, 43, 92, 36, 103, 32, 115, 33, 122, 39, 117, 42, 107, 41, 95, 46, 74, 53, 48, 62, 25, 76, -3, 90, -35, 103, -61, 116, -95, 122, -128, 120, -128, 117, -128, 116, -128, 113, -128, 108, -128, 99, -128, 93, -128]",esp32_2
CSI_DATA,214781,2025-07-23 16:48:01.566,0,lie_down,00:00:00:00:00:00,-61,11,0,0,0,0,0,0,0,0,0,-97,0,1,0,2668861737,0,14,0,0,0,104,0,"[0, 0, -78, 1, -64, 34, -55, 66, -50, 95, -52, 121, -57, 127, -64, 127, -73, 127, -82, 127, -87, 127, -90, 127, -89, 127, -88, 127, -83, 127, -71, 127, -56, 125, -44, 120, -34, 119, -24, 123, -16, 126, -12, 127, -12, 127, -17, 127, -27, 127, -36, 127, -47, -62, -48, -70, -50, -78, -50, -86, -45, -93, -37, -94, -32, -90, -32, -85, -37, -74, -48, -61, -60, -50, -76, -38, -96, -29, -119, -25, -128, -25, -128, -28, -128, -36, -128, -44, -128, -54, -128, -65, -128, -77, -128, -89, -128, -95, -128, -93, -128, -85, -128, -78]",esp32_1
CSI_DATA,114029,2025-07-23 16:48:01.581,0,lie_down,00:00:00:00:00:00,-73,11,0,0,0,0,0,0,0,0,0,-97,0,1,0,1289290565,0,14,0,172,-78,104,0,"[0, 0, 69, -44, 57, -24, 44, 1, 28, 29, 13, 55, -1, 82, -13, 111, -23, 127, -31, 127, -37, 127, -45, 127, -53, 127, -57, 127, -60, 127, -59, 127, -55, 127, -50, 127, -45, 112, -40, 90, -31, 67, -17, 43, -1, 21, 15, 4, 29, -13, 42, -24, 29, 24, 23, 31, 16, 40, 8, 50, 3, 60, 2, 67, -3, 71, -8, 72, -8, 71, -4, 71, 3, 66, 11, 56, 19, 46, 32, 37, 48, 26, 62, 13, 77, -1, 94, -15, 107, -25, 114, -37, 119, -51, 127, -63, 127, -73, 125, -82, 118, -85, 114, -82]",esp32_2
CSI_DATA,114030,2025-07-23 16:48:01.602,0,lie_down,00:00:00:00:00:00,-72,11,0,0,0,0,0,0,0,0,0,-97,0,1,0,1289303575,0,14,0,172,-78,104,0,"[0, 0, -1, -128, 13, -103, 35, -62, 60, -16, 80, 30, 99, 72, 117, 116, 127, 127, 127, 127, 127, 127, 127, 127, 127, 127, 127, 127, 127, 127, 127, 127, 112, 127, 95, 127, 78, 127, 63, 127, 49, 117, 40, 78, 35, 34, 34, -7, 39, -37, 42, -55, 37, -33, 50, -26, 63, -15, 73, -2, 84, 9, 94, 17, 102, 25, 110, 32, 114, 30, 111, 23, 111, 12, 110, -10, 104, -39, 101, -61, 101, -82, 96, -109, 89, -128, 81, -128, 69, -128, 58, -128, 48, -128, 36, -128, 22, -128, 5, -128, -10, -128, -13, -128]",esp32_2
CSI_DATA,114031,2025-07-23 16:48:01.629,0,lie_down,00:00:00:00:00:00,-72,11,0,0,0,0,0,0,0,0,0,-97,0,1,0,1289342221,0,14,0,172,-78,104,0,"[0, 0, -61, 28, -39, 17, -11, 6, 15, -4, 38, -16, 60, -32, 83, -47, 107, -58, 127, -66, 127, -70, 127, -72, 127, -71, 127, -65, 127, -57, 127, -48, 127, -41, 127, -33, 122, -25, 99, -20, 72, -19, 48, -24, 30, -31, 12, -39, -4, -50, -14, -58, -34, -5, -36, -13, -38, -25, -36, -36, -33, -45, -30, -52, -27, -53, -27, -50, -31, -43, -36, -35, -41, -24, -50, -12, -65, -2, -82, 12, -97, 26, -113, 35, -128, 45, -128, 54, -128, 56, -128, 57, -128, 59, -128, 62, -128, 61, -128, 59, -128, 57, -128, 55]",esp32_2
CSI_DATA,114032,2025-07-23 16:48:01.651,0,lie_down,00:00:00:00:00:00,-72,11,0,0,0,0,0,0,0,0,0,-97,0,1,0,1289357958,0,14,0,172,-78,104,0,"[0, 0, -39, 74, -20, 42, 2, 3, 20, -43, 36, -90, 49, -128, 64, -128, 84, -128, 100, -128, 108, -128, 117, -128, 124, -128, 127, -128, 127, -128, 127, -128, 127, -128, 123, -128, 102, -128, 75, -117, 49, -95, 19, -76, -12, -57, -41, -42, -68, -40, -85, -46, -62, 19, -73, 4, -85, -13, -91, -24, -90, -35, -88, -46, -86, -52, -81, -48, -74, -39, -69, -25, -65, -4, -62, 24, -63, 57, -72, 94, -81, 127, -93, 127, -110, 127, -126, 127, -128, 127, -128, 127, -128, 127, -128, 127, -128, 127, -128, 127, -113, 127, -104, 127]",esp32_2
CSI_DATA,214784,2025-07-23 16:48:01.665,0,lie_down,00:00:00:00:00:00,-62,11,0,0,0,0,0,0,0,0,0,-97,0,1,0,2668981159,0,14,0,0,0,104,0,"[0, 0, 66, -42, 29, -50, -5, -62, -33, -80, -58, -97, -79, -114, -96, -128, -108, -128, -114, -128, -116, -128, -115, -128, -109, -128, -98, -128, -89, -128, -82, -128, -75, -128, -71, -117, -72, -100, -77, -84, -84, -70, -94, -61, -103, -57, -108, -56, -111, -60, -113, -66, 69, 31, 77, 38, 85, 50, 88, 64, 86, 72, 78, 75, 70, 75, 63, 71, 58, 60, 58, 43, 57, 22, 63, -2, 77, -25, 96, -47, 111, -67, 126, -83, 127, -96, 127, -105, 127, -106, 127, -102, 127, -94, 127, -86, 127, -78, 127, -69, 127, -57, 127, -47]",esp32_1
CSI_DATA,114033,2025-07-23 16:48:01.674,0,lie_down,00:00:00:00:00:00,-73,11,0,0,0,0,0,0,0,0,0,-97,0,1,0,1289394821,0,14,0,172,-78,104,0,"[0, 0, -104, 35, -85, -15, -63, -70, -47, -114, -36, -128, -33, -128, -40, -128, -46, -128, -47, -128, -50, -128, -60, -128, -68, -128, -72, -128, -74, -128, -75, -128, -70, -128, -57, -128, -46, -128, -36, -116, -25, -69, -14, -26, -3, 13, 5, 48, 8, 79, 9, 99, 7, -92, 22, -91, 41, -95, 58, -95, 74, -92, 84, -88, 89, -82, 90, -78, 80, -72, 63, -59, 40, -43, 15, -27, -11, -10, -42, 3, -82, 18, -128, 39, -128, 62, -128, 87, -128, 109, -128, 125, -128, 127, -128, 127, -128, 127, -128, 127, -128, 127, -128, 127]",esp32_2
CSI_DATA,214785,2025-07-23 16:48:01.694,0,lie_down,00:00:00:00:00:00,-62,11,0,0,0,0,0,0,0,0,0,-97,0,1,0,2669006804,0,14,0,0,0,104,0,"[0, 0, -47, 31, -7, 35, 31, 44, 65, 59, 95, 74, 121, 89, 127, 104, 127, 117, 127, 127, 127, 127, 127, 127, 127, 127, 127, 127, 127, 127, 114, 117, 102, 98, 91, 77, 86, 54, 87, 32, 89, 12, 95, -5, 103, -17, 110, -23, 118, -24, 124, -23, -56, -48, -60, -61, -64, -77, -64, -90, -59, -101, -53, -106, -45, -106, -38, -102, -35, -91, -36, -77, -37, -56, -43, -31, -57, -9, -75, 10, -93, 31, -112, 52, -128, 69, -128, 81, -128, 86, -128, 86, -128, 83, -128, 77, -128, 70, -128, 62, -128, 49, -128, 38]",esp32_1
CSI_DATA,114034,2025-07-23 16:48:01.694,0,lie_down,00:00:00:00:00:00,-73,11,0,0,0,0,0,0,0,0,0,-97,0,1,0,1289448177,0,14,0,172,-78,104,0,"[0, 0, 41, -56, 59, -37, 81, -28, 102, -23, 124, -18, 127, -21, 127, -34, 127, -45, 127, -55, 127, -69, 127, -83, 127, -93, 127, -101, 127, -105, 127, -102, 118, -91, 98, -79, 81, -68, 66, -53, 51, -34, 36, -16, 26, 1, 17, 17, 8, 31, 2, 42, -53, 52, -58, 46, -63, 38, -70, 31, -74, 23, -74, 18, -73, 11, -70, 0, -64, -9, -55, -20, -42, -31, -27, -43, -11, -57, 3, -70, 12, -84, 22, -100, 34, -113, 41, -124, 41, -128, 41, -128, 40, -128, 35, -128, 30, -128, 26, -128, 25, -128, 30, -123]",esp32_2
CSI_DATA,214786,2025-07-23 16:48:01.715,0,lie_down,00:00:00:00:00:00,-62,11,0,0,0,0,0,0,0,0,0,-97,0,1,0,2669042710,0,14,0,0,0,104,0,"[0, 0, -60, -32, -49, 11, -46, 52, -42, 92, -43, 127, -49, 127, -59, 127, -72, 127, -85, 127, -97, 127, -106, 127, -112, 127, -115, 127, -114, 127, -105, 127, -91, 127, -75, 127, -56, 127, -36, 124, -18, 119, -3, 118, 9, 121, 15, 124, 15, 127, 15, 127, -8, -81, -5, -93, -2, -108, 5, -121, 16, -128, 28, -128, 35, -128, 38, -128, 34, -121, 24, -111, 11, -100, -7, -89, -33, -81, -61, -80, -88, -83, -112, -92, -128, -104, -128, -118, -128, -128, -128, -128, -128, -128, -128, -128, -128, -128, -128, -128, -128, -128, -126, -128]",esp32_1
CSI_DATA,114035,2025-07-23 16:48:01.715,0,lie_down,00:00:00:00:00:00,-73,11,0,0,0,0,0,0,0,0,0,-97,0,1,0,1289470630,0,14,0,172,-78,104,0,"[0, 0, 45, 120, 22, 127, -6, 127, -33, 127, -49, 127, -60, 127, -72, 127, -76, 127, -75, 127, -62, 127, -44, 127, -27, 127, -10, 127, 4, 127, 16, 127, 20, 127, 19, 127, 16, 127, 9, 127, 0, 114, -11, 81, -23, 54, -36, 29, -47, 6, -56, -12, -2, -99, 2, -96, 8, -94, 19, -91, 33, -83, 44, -74, 48, -68, 54, -63, 65, -53, 69, -38, 67, -24, 61, -9, 54, 13, 49, 32, 51, 50, 52, 75, 54, 102, 64, 127, 69, 127, 72, 127, 80, 127, 90, 127, 98, 127, 100, 127, 98, 127, 97, 127]",esp32_2
CSI_DATA,214787,2025-07-23 16:48:01.738,0,lie_down,00:00:00:00:00:00,-62,11,0,0,0,0,0,0,0,0,0,-97,0,1,0,2669067218,0,14,0,0,0,104,0,"[0, 0, 37, -86, 3, -65, -38, -46, -79, -38, -114, -39, -128, -40, -128, -46, -128, -55, -128, -62, -128, -75, -128, -91, -128, -105, -128, -113, -128, -117, -128, -116, -128, -104, -128, -90, -128, -75, -126, -56, -121, -42, -118, -32, -118, -21, -122, -14, -128, -14, -128, -16, 65, -48, 79, -51, 95, -53, 110, -52, 124, -49, 127, -45, 127, -41, 127, -37, 127, -32, 117, -35, 106, -45, 96, -57, 88, -71, 83, -93, 77, -117, 71, -128, 72, -128, 81, -128, 92, -128, 100, -128, 107, -128, 116, -128, 122, -128, 127, -128, 127, -128, 121, -128]",esp32_1
CSI_DATA,114036,2025-07-23 16:48:01.738,0,lie_down,00:00:00:00:00:00,-73,11,0,0,0,0,0,0,0,0,0,-97,0,1,0,1289505189,0,14,0,172,-78,104,0,"[0, 0, 31, 103, 2, 101, -24, 108, -49, 115, -76, 126, -98, 127, -108, 127, -114, 127, -119, 127, -117, 127, -116, 127, -107, 127, -95, 127, -88, 127, -76, 127, -58, 127, -48, 127, -43, 127, -33, 127, -24, 127, -23, 115, -26, 81, -32, 49, -38, 18, -45, -7, -7, -98, 10, -97, 26, -94, 35, -89, 45, -82, 57, -74, 64, -68, 66, -57, 67, -44, 67, -29, 67, -10, 62, 9, 49, 34, 45, 61, 46, 87, 39, 112, 34, 127, 42, 127, 51, 127, 61, 127, 74, 127, 83, 127, 90, 127, 95, 127, 90, 127, 77, 127]",esp32_2
CSI_DATA,214788,2025-07-23 16:48:01.759,0,lie_down,00:00:00:00:00:00,-61,11,0,0,0,0,0,0,0,0,0,-97,0,1,0,2669092023,0,14,0,144,47,104,0,"[0, 0, 70, -28, 41, -43, 20, -62, -2, -80, -23, -96, -37, -114, -45, -128, -47, -128, -41, -128, -36, -128, -32, -128, -28, -128, -24, -128, -21, -128, -18, -128, -15, -128, -16, -128, -22, -125, -29, -116, -35, -108, -40, -103, -42, -103, -41, -105, -40, -108, -39, -110, 72, 20, 80, 25, 85, 32, 88, 40, 90, 48, 88, 56, 86, 58, 83, 54, 80, 46, 78, 36, 81, 25, 87, 9, 95, -8, 108, -25, 125, -41, 127, -50, 127, -55, 127, -58, 127, -61, 127, -60, 127, -53, 127, -41, 127, -26, 127, -14, 127, -6, 127, -2]",esp32_1
CSI_DATA,114037,2025-07-23 16:48:01.765,0,lie_down,00:00:00:00:00:00,-74,11,0,0,0,0,0,0,0,0,0,-97,0,1,0,1289533148,0,14,0,172,-78,104,0,"[0, 0, -71, 106, -80, 88, -104, 70, -128, 62, -128, 65, -128, 70, -128, 74, -128, 86, -128, 102, -128, 118, -128, 127, -128, 127, -128, 127, -128, 127, -128, 127, -128, 127, -128, 127, -128, 127, -128, 127, -128, 127, -128, 107, -102, 78, -77, 51, -58, 23, -48, -3, 84, -55, 86, -46, 84, -36, 84, -25, 86, -14, 85, -4, 84, 10, 85, 25, 77, 35, 61, 42, 45, 54, 27, 73, 7, 87, -15, 92, -31, 97, -40, 101, -52, 110, -69, 126, -79, 127, -76, 127, -73, 127, -74, 127, -76, 127, -77, 127, -68, 127, -58, 127]",esp32_2
CSI_DATA,214789,2025-07-23 16:48:01.781,0,lie_down,00:00:00:00:00:00,-62,11,0,0,0,0,0,0,0,0,0,-97,0,1,0,2669118513,0,14,0,0,0,104,0,"[0, 0, 52, -49, 17, -60, -13, -75, -37, -96, -55, -115, -69, -128, -81, -128, -88, -128, -88, -128, -86, -128, -83, -128, -78, -128, -72, -128, -66, -128, -62, -128, -61, -126, -62, -110, -68, -96, -76, -86, -86, -79, -97, -76, -103, -77, -105, -79, -103, -85, -100, -91, 79, 14, 87, 23, 98, 36, 104, 49, 105, 60, 98, 67, 89, 69, 80, 66, 74, 58, 71, 43, 68, 23, 70, 0, 82, -23, 97, -46, 110, -67, 125, -85, 127, -98, 127, -107, 127, -107, 127, -101, 127, -94, 127, -85, 127, -75, 127, -64, 127, -52, 127, -42]",esp32_1
CSI_DATA,114038,2025-07-23 16:48:01.788,0,lie_down,00:00:00:00:00:00,-74,11,0,0,0,0,0,0,0,0,0,-97,0,1,0,1289557349,0,14,0,172,-78,104,0,"[0, 0, -3, -128, 12, -128, 33, -128, 55, -127, 71, -128, 82, -128, 96, -128, 118, -128, 127, -128, 127, -128, 127, -128, 127, -128, 127, -128, 127, -128, 127, -128, 125, -128, 112, -128, 99, -128, 84, -128, 67, -128, 51, -128, 41, -128, 37, -98, 34, -64, 27, -41, -48, 90, -49, 76, -56, 63, -66, 52, -71, 42, -72, 29, -76, 12, -84, -4, -90, -17, -87, -32, -80, -47, -67, -64, -46, -80, -37, -92, -37, -106, -29, -123, -18, -128, -11, -128, -7, -128, -3, -128, 3, -128, 5, -128, -2, -128, -12, -128, -17, -128, -21, -128]",esp32_2
CSI_DATA,214790,2025-07-23 16:48:01.802,0,lie_down,00:00:00:00:00:00,-62,11,0,0,0,0,0,0,0,0,0,-97,0,1,0,2669163512,0,14,0,0,0,104,0,"[0, 0, 37, 39, 36, 0, 43, -35, 49, -66, 55, -93, 63, -116, 76, -128, 91, -128, 103, -128, 108, -128, 111, -128, 113, -128, 114, -128, 110, -128, 99, -116, 84, -104, 68, -94, 51, -87, 34, -84, 18, -84, 3, -87, -8, -92, -14, -97, -15, -104, -13, -107, -30, 72, -39, 77, -49, 83, -58, 88, -70, 90, -80, 86, -84, 78, -83, 70, -73, 62, -57, 56, -37, 55, -14, 55, 10, 56, 33, 64, 54, 79, 73, 96, 89, 116, 105, 127, 115, 127, 118, 127, 117, 127, 113, 127, 105, 127, 93, 127, 78, 127, 68, 127]",esp32_1
CSI_DATA,114039,2025-07-23 16:48:01.809,0,lie_down,00:00:00:00:00:00,-74,11,0,0,0,0,0,0,0,0,0,-97,0,1,0,1289606793,0,14,0,0,0,104,0,"[0, 0, -6, -128, 0, -128, 9, -128, 22, -128, 39, -128, 56, -128, 77, -128, 93, -128, 99, -128, 107, -128, 117, -128, 117, -128, 111, -128, 106, -128, 98, -128, 88, -128, 78, -128, 68, -128, 56, -128, 40, -128, 24, -128, 21, -128, 19, -122, 15, -85, 19, -53, -62, 77, -61, 68, -61, 57, -62, 44, -61, 27, -57, 9, -54, -4, -55, -21, -55, -40, -50, -51, -52, -64, -51, -85, -38, -102, -29, -110, -28, -116, -22, -125, -16, -128, -16, -128, -11, -128, 2, -128, 6, -128, 3, -128, 6, -128, 3, -128, -10, -128, -22, -128]",esp32_2
CSI_DATA,214791,2025-07-23 16:48:01.830,0,lie_down,00:00:00:00:00:00,-62,11,0,0,0,0,0,0,0,0,0,-97,0,1,0,2669200561,0,14,0,0,0,104,0,"[0, 0, -56, -60, -44, -22, -38, 17, -35, 55, -35, 90, -39, 122, -49, 127, -62, 127, -73, 127, -81, 127, -90, 127, -97, 127, -101, 127, -100, 127, -93, 127, -79, 127, -64, 115, -48, 104, -31, 98, -14, 93, 2, 92, 16, 95, 25, 100, 29, 108, 30, 114, 13, -81, 20, -90, 28, -102, 39, -111, 52, -116, 63, -113, 69, -107, 72, -101, 68, -94, 56, -86, 39, -79, 18, -72, -8, -69, -36, -72, -62, -80, -85, -90, -109, -104, -128, -117, -128, -128, -128, -128, -128, -128, -128, -128, -128, -128, -128, -128, -128, -128, -117, -128]",esp32_1
CSI_DATA,114040,2025-07-23 16:48:01.834,0,lie_down,00:00:00:00:00:00,-75,11,0,0,0,0,0,0,0,0,0,-97,0,1,0,1289640177,0,14,0,0,0,104,0,"[0, 0, 120, 59, 115, 58, 106, 63, 95, 81, 86, 101, 80, 118, 75, 127, 76, 127, 82, 127, 86, 127, 94, 127, 108, 127, 125, 127, 127, 127, 127, 127, 127, 127, 127, 127, 127, 127, 127, 127, 115, 127, 96, 127, 81, 97, 61, 59, 35, 29, 15, 16, -77, -65, -72, -67, -64, -64, -52, -57, -36, -53, -15, -49, 6, -40, 24, -31, 40, -21, 60, -11, 77, 2, 92, 12, 106, 17, 120, 27, 127, 39, 127, 46, 127, 51, 127, 56, 127, 57, 127, 61, 127, 70, 127, 72, 127, 67, 127, 62, 127, 60, 127, 58]",esp32_2
CSI_DATA,214792,2025-07-23 16:48:01.852,0,lie_down,00:00:00:00:00:00,-62,11,0,0,0,0,0,0,0,0,0,-97,0,1,0,2669229289,0,14,0,0,0,104,0,"[0, 0, 72, 15, 45, -10, 23, -38, 1, -68, -15, -97, -24, -124, -29, -128, -28, -128, -25, -128, -21, -128, -17, -128, -10, -128, -3, -128, 3, -128, 5, -128, 2, -128, -3, -127, -10, -111, -21, -100, -34, -89, -48, -83, -60, -81, -69, -81, -73, -84, -73, -90, 32, 65, 35, 77, 37, 93, 34, 108, 27, 119, 18, 124, 9, 124, 4, 122, 3, 114, 7, 101, 13, 85, 25, 68, 45, 52, 67, 38, 89, 27, 110, 21, 127, 20, 127, 20, 127, 23, 127, 31, 127, 39, 127, 51, 127, 60, 127, 64, 127, 65, 127, 64]",esp32_1
CSI_DATA,114041,2025-07-23 16:48:01.855,0,lie_down,00:00:00:00:00:00,-74,11,0,0,0,0,0,0,0,0,0,-97,0,1,0,1289665657,0,14,0,0,0,104,0,"[0, 0, -80, 13, -73, -2, -66, -13, -62, -25, -66, -37, -70, -49, -78, -63, -90, -75, -103, -83, -122, -89, -128, -95, -128, -99, -128, -103, -128, -102, -128, -90, -128, -75, -128, -64, -128, -58, -128, -53, -128, -44, -111, -32, -91, -18, -66, -5, -38, -1, -19, 0, 64, 15, 60, 20, 52, 28, 46, 34, 38, 36, 30, 39, 23, 41, 9, 41, -7, 42, -21, 41, -32, 39, -43, 41, -59, 41, -74, 36, -83, 34, -94, 35, -108, 33, -115, 30, -116, 28, -116, 25, -119, 23, -122, 23, -117, 27, -110, 31, -105, 30, -103, 25]",esp32_2
CSI_DATA,214793,2025-07-23 16:48:01.873,0,lie_down,00:00:00:00:00:00,-61,11,0,0,0,0,0,0,0,0,0,-97,0,1,0,2669259207,0,14,0,35,-89,104,0,"[0, 0, -68, -7, -40, 16, -20, 44, 1, 76, 17, 105, 28, 127, 33, 127, 31, 127, 24, 127, 16, 127, 9, 127, 4, 127, 2, 127, 0, 127, -1, 127, 3, 127, 11, 117, 22, 101, 35, 87, 49, 76, 62, 69, 71, 68, 77, 73, 82, 80, 84, 85, -26, -68, -29, -81, -29, -97, -26, -111, -19, -120, -11, -124, -4, -121, 1, -114, 3, -102, 0, -87, -7, -75, -20, -61, -40, -47, -66, -34, -91, -23, -113, -16, -128, -15, -128, -18, -128, -21, -128, -24, -128, -31, -128, -41, -128, -53, -128, -62, -128, -66, -128, -66]",esp32_1
CSI_DATA,114042,2025-07-23 16:48:01.877,0,lie_down,00:00:00:00:00:00,-74,11,0,0,0,0,0,0,0,0,0,-97,0,1,0,1289701386,0,14,0,0,0,104,0,"[0, 0, -30, 127, -38, 120, -48, 110, -63, 100, -90, 87, -124, 83, -128, 87, -128, 93, -128, 99, -128, 112, -128, 127, -128, 127, -128, 127, -128, 127, -128, 127, -128, 127, -128, 127, -128, 127, -128, 127, -128, 127, -121, 127, -91, 118, -61, 91, -32, 59, -6, 35, 50, -93, 57, -83, 60, -72, 65, -60, 72, -42, 78, -22, 78, -8, 76, 6, 73, 26, 67, 46, 59, 61, 46, 80, 34, 101, 28, 118, 23, 127, 16, 127, 7, 127, -6, 127, -19, 127, -28, 127, -34, 127, -28, 127, -25, 127, -32, 127, -30, 127, -21, 127]",esp32_2
CSI_DATA,214794,2025-07-23 16:48:01.898,0,lie_down,00:00:00:00:00:00,-62,11,0,0,0,0,0,0,0,0,0,-97,0,1,0,2669284638,0,14,0,35,-89,104,0,"[0, 0, 60, 32, 43, -5, 33, -42, 26, -80, 22, -114, 20, -128, 26, -128, 36, -128, 43, -128, 48, -128, 52, -128, 55, -128, 58, -128, 58, -128, 50, -128, 36, -128, 21, -117, 5, -107, -12, -101, -31, -98, -47, -99, -58, -101, -64, -107, -64, -115, -63, -122, -2, 77, -7, 91, -15, 107, -24, 118, -35, 123, -47, 120, -54, 113, -55, 104, -49, 92, -35, 79, -17, 68, 6, 58, 34, 50, 65, 47, 95, 49, 120, 57, 127, 71, 127, 85, 127, 98, 127, 112, 127, 125, 127, 127, 127, 127, 127, 127, 127, 127, 127, 126]",esp32_1
CSI_DATA,114043,2025-07-23 16:48:01.901,0,lie_down,00:00:00:00:00:00,-74,11,0,0,0,0,0,0,0,0,0,-97,0,1,0,1289726274,0,14,0,0,0,104,0,"[0, 0, -128, 4, -128, -15, -115, -34, -108, -51, -112, -71, -121, -92, -128, -119, -128, -128, -128, -128, -128, -128, -128, -128, -128, -128, -128, -128, -128, -128, -128, -128, -128, -128, -128, -128, -128, -118, -128, -93, -128, -73, -128, -55, -126, -33, -87, -13, -55, 3, -30, 12, 104, 42, 95, 44, 87, 47, 77, 53, 62, 57, 41, 56, 21, 60, 2, 64, -24, 65, -52, 68, -69, 68, -85, 73, -109, 82, -128, 79, -128, 71, -128, 66, -128, 60, -128, 57, -128, 59, -128, 57, -128, 54, -128, 56, -128, 56, -128, 54, -128, 47, -128, 37]",esp32_2
CSI_DATA,214795,2025-07-23 16:48:01.922,0,lie_down,00:00:00:00:00:00,-62,11,0,0,0,0,0,0,0,0,0,-97,0,1,0,2669319247,0,14,0,35,-89,104,0,"[0, 0, -51, -30, -39, 8, -32, 42, -24, 74, -15, 103, -11, 127, -10, 127, -13, 127, -24, 127, -33, 127, -35, 127, -32, 127, -25, 127, -19, 127, -13, 127, -7, 127, 1, 127, 13, 119, 25, 109, 36, 99, 47, 94, 54, 99, 57, 102, 57, 103, 56, 103, 8, -76, 12, -87, 17, -99, 25, -107, 38, -111, 50, -109, 56, -102, 55, -91, 47, -79, 34, -70, 16, -63, -9, -55, -39, -52, -69, -52, -96, -54, -121, -64, -128, -79, -128, -96, -128, -113, -128, -127, -128, -128, -128, -128, -128, -128, -128, -128, -128, -128, -109, -127]",esp32_1
CSI_DATA,114044,2025-07-23 16:48:01.922,0,lie_down,00:00:00:00:00:00,-74,11,0,0,0,0,0,0,0,0,0,-97,0,1,0,1289755029,0,14,0,0,0,104,0,"[0, 0, 41, -63, 51, -49, 63, -37, 74, -24, 81, -15, 94, -10, 110, -7, 125, -8, 127, -17, 127, -29, 127, -38, 127, -46, 127, -56, 127, -64, 127, -70, 127, -73, 127, -73, 127, -72, 126, -70, 106, -66, 84, -60, 59, -49, 35, -36, 15, -22, 1, -11, -65, 36, -64, 31, -65, 24, -65, 17, -62, 11, -57, 2, -50, -11, -43, -25, -36, -35, -27, -46, -16, -61, -6, -74, 2, -84, 11, -95, 19, -106, 26, -114, 32, -124, 37, -128, 38, -124, 35, -121, 32, -123, 33, -124, 34, -121, 33, -115, 33, -106, 35, -99]",esp32_2
CSI_DATA,214796,2025-07-23 16:48:01.944,0,lie_down,00:00:00:00:00:00,-62,11,0,0,0,0,0,0,0,0,0,-97,0,1,0,2669357297,0,14,0,35,-89,104,0,"[0, 0, 72, 13, 53, -17, 38, -46, 25, -77, 15, -106, 9, -128, 6, -128, 6, -128, 8, -128, 11, -128, 14, -128, 15, -128, 18, -128, 21, -128, 20, -128, 16, -128, 9, -128, -1, -128, -12, -119, -25, -110, -38, -104, -47, -102, -52, -103, -54, -107, -54, -112, 24, 75, 23, 89, 19, 106, 12, 118, 1, 127, -13, 127, -24, 123, -28, 113, -25, 98, -12, 80, 4, 64, 24, 51, 51, 39, 83, 33, 112, 32, 127, 36, 127, 45, 127, 55, 127, 66, 127, 79, 127, 90, 127, 99, 127, 108, 127, 108, 127, 102, 127, 95]",esp32_1
CSI_DATA,214797,2025-07-23 16:48:01.965,0,lie_down,00:00:00:00:00:00,-62,11,0,0,0,0,0,0,0,0,0,-97,0,1,0,2669405148,0,14,0,35,-89,104,0,"[0, 0, 69, -2, 49, -26, 34, -50, 21, -78, 10, -102, 5, -122, 5, -128, 6, -128, 8, -128, 11, -128, 13, -128, 15, -128, 19, -128, 20, -128, 19, -128, 15, -128, 8, -123, -1, -114, -9, -109, -18, -104, -28, -101, -34, -101, -37, -103, -35, -108, -32, -111, 47, 56, 49, 67, 49, 80, 46, 90, 41, 98, 32, 102, 24, 99, 20, 91, 22, 78, 29, 63, 39, 48, 54, 34, 76, 21, 101, 13, 124, 9, 127, 10, 127, 14, 127, 19, 127, 26, 127, 36, 127, 46, 127, 56, 127, 64, 127, 65, 127, 62, 127, 59]",esp32_1
CSI_DATA,114046,2025-07-23 16:48:01.977,0,lie_down,00:00:00:00:00:00,-74,11,0,0,0,0,0,0,0,0,0,-97,0,1,0,1289815566,0,14,0,0,0,104,0,"[0, 0, 55, -48, 72, -27, 93, -12, 113, 3, 127, 17, 127, 22, 127, 18, 127, 14, 127, 9, 127, -4, 127, -22, 127, -36, 127, -46, 127, -58, 127, -71, 127, -81, 127, -84, 127, -83, 127, -83, 127, -79, 127, -68, 109, -55, 70, -43, 41, -29, 20, -14, -108, 63, -115, 60, -119, 53, -112, 44, -107, 28, -105, 8, -100, -13, -90, -35, -75, -56, -61, -78, -46, -96, -25, -118, -7, -128, 0, -128, 2, -128, 4, -128, 9, -128, 18, -128, 24, -128, 27, -128, 25, -128, 26, -128, 31, -128, 30, -128, 26, -128, 25, -107]",esp32_2
CSI_DATA,214798,2025-07-23 16:48:01.985,0,lie_down,00:00:00:00:00:00,-62,11,0,0,0,0,0,0,0,0,0,-97,0,1,0,2669433809,0,14,0,35,-89,104,0,"[0, 0, 23, 76, 44, 50, 70, 26, 92, 10, 112, -2, 127, -12, 127, -18, 127, -19, 127, -16, 127, -12, 127, -8, 127, -5, 127, -2, 127, 0, 127, 0, 127, -3, 127, -9, 125, -18, 118, -28, 112, -37, 109, -43, 109, -46, 110, -48, 114, -48, 117, -45, -40, 75, -49, 79, -61, 79, -72, 79, -82, 78, -88, 76, -87, 71, -81, 64, -70, 59, -53, 60, -35, 68, -17, 80, 0, 94, 16, 115, 27, 127, 33, 127, 35, 127, 32, 127, 26, 127, 18, 127, 7, 127, -3, 127, -12, 127, -19, 127, -22, 127, -20, 127]",esp32_1
CSI_DATA,114047,2025-07-23 16:48:01.996,0,lie_down,00:00:00:00:00:00,-74,11,0,0,0,0,0,0,0,0,0,-97,0,1,0,1289857430,0,14,0,0,0,104,0,"[0, 0, 71, -33, 81, -17, 93, 2, 112, 26, 127, 47, 127, 60, 127, 74, 127, 86, 127, 95, 127, 97, 127, 94, 127, 92, 127, 90, 127, 83, 127, 71, 127, 54, 127, 42, 127, 35, 127, 26, 127, 15, 127, 4, 127, -2, 100, -5, 59, -10, 31, -12, -128, 14, -128, 7, -124, -5, -117, -15, -107, -21, -90, -27, -73, -40, -55, -57, -37, -73, -18, -87, 5, -104, 33, -125, 55, -128, 75, -128, 89, -128, 92, -128, 94, -128, 97, -128, 98, -128, 100, -128, 98, -128, 89, -128, 87, -128, 87, -128, 86, -117, 86, -108]",esp32_2
CSI_DATA,214799,2025-07-23 16:48:02.014,0,lie_down,00:00:00:00:00:00,-61,11,0,0,0,0,0,0,0,0,0,-97,0,1,0,2669456319,0,14,0,35,-89,104,0,"[0, 0, 50, 91, 69, 53, 94, 21, 117, -3, 127, -24, 127, -40, 127, -49, 127, -53, 127, -52, 127, -48, 127, -44, 127, -39, 127, -31, 127, -24, 127, -22, 127, -23, 127, -27, 127, -34, 127, -45, 127, -56, 127, -66, 126, -73, 127, -76, 127, -74, 127, -70, -15, 102, -24, 110, -35, 118, -48, 125, -61, 127, -72, 124, -76, 117, -75, 107, -64, 98, -45, 94, -22, 98, 2, 101, 27, 107, 50, 124, 69, 127, 84, 127, 96, 127, 102, 127, 101, 127, 94, 127, 84, 127, 73, 127, 62, 127, 51, 127, 42, 127, 38, 127]",esp32_1
CSI_DATA,114048,2025-07-23 16:48:02.025,0,lie_down,00:00:00:00:00:00,-73,11,0,0,0,0,0,0,0,0,0,-97,0,1,0,1289910190,0,14,0,0,0,104,0,"[0, 0, -63, -93, -63, -112, -59, -128, -56, -128, -58, -128, -66, -128, -78, -128, -91, -128, -101, -128, -108, -128, -120, -128, -128, -128, -128, -128, -128, -128, -128, -128, -128, -128, -128, -128, -128, -128, -128, -128, -120, -128, -107, -103, -90, -81, -70, -57, -48, -35, -28, -23, 53, 122, 48, 125, 39, 122, 30, 111, 15, 98, -6, 81, -28, 62, -52, 43, -80, 29, -108, 18, -128, 6, -128, -4, -128, -12, -128, -15, -128, -10, -128, -4, -128, -5, -128, -1, -128, 11, -128, 13, -128, 9, -128, 8, -128, 1, -116, -9, -89, -25, -76, -46]",esp32_2
CSI_DATA,214800,2025-07-23 16:48:02.035,0,lie_down,00:00:00:00:00:00,-62,11,0,0,0,0,0,0,0,0,0,-97,0,1,0,2669490237,0,14,0,0,0,104,0,"[0, 0, -4, 91, 22, 67, 51, 51, 78, 40, 106, 31, 127, 24, 127, 19, 127, 20, 127, 30, 127, 41, 127, 48, 127, 52, 127, 55, 127, 53, 127, 52, 127, 49, 127, 40, 124, 27, 119, 15, 115, 2, 118, -8, 123, -13, 124, -13, 123, -11, 123, -6, -46, 62, -57, 67, -75, 70, -89, 70, -100, 69, -105, 65, -105, 58, -102, 53, -96, 50, -87, 51, -69, 55, -50, 64, -38, 79, -27, 97, -14, 120, -5, 127, -4, 127, -8, 127, -13, 127, -20, 127, -29, 127, -42, 127, -55, 127, -63, 127, -64, 127, -63, 127]",esp32_1
CSI_DATA,114049,2025-07-23 16:48:02.046,0,lie_down,00:00:00:00:00:00,-74,11,0,0,0,0,0,0,0,0,0,-97,0,1,0,1289934664,0,14,0,0,0,104,0,"[0, 0, -107, 42, -124, 30, -128, 20, -128, 19, -128, 26, -128, 36, -128, 43, -128, 53, -128, 61, -128, 75, -128, 97, -128, 111, -128, 110, -128, 107, -128, 112, -128, 114, -128, 114, -128, 109, -128, 100, -125, 92, -101, 80, -78, 70, -61, 61, -43, 47, -22, 30, 112, -85, 113, -80, 112, -68, 104, -58, 87, -43, 76, -24, 66, -3, 51, 22, 32, 49, 18, 83, 15, 119, 7, 127, -3, 127, -3, 127, 0, 127, -1, 127, 0, 127, 5, 127, 2, 127, -2, 127, -4, 127, -6, 127, -8, 127, -15, 114, -33, 91, -51, 81]",esp32_2
CSI_DATA,214801,2025-07-23 16:48:02.059,0,lie_down,00:00:00:00:00:00,-62,11,0,0,0,0,0,0,0,0,0,-97,0,1,0,2669516126,0,14,0,0,0,104,0,"[0, 0, -15, -118, -39, -82, -69, -51, -98, -27, -127, -9, -128, 3, -128, 11, -128, 12, -128, 7, -128, 0, -128, -8, -128, -15, -128, -21, -128, -26, -128, -27, -128, -23, -128, -15, -128, -4, -128, 8, -128, 21, -128, 32, -128, 42, -128, 47, -128, 50, -128, 50, 39, -88, 51, -97, 66, -103, 83, -107, 101, -110, 112, -106, 117, -98, 115, -89, 107, -80, 93, -77, 72, -82, 49, -89, 28, -98, 8, -114, -11, -128, -29, -128, -38, -128, -40, -128, -39, -128, -37, -128, -29, -128, -14, -128, 1, -128, 12, -128, 18, -128, 20, -128]",esp32_1
CSI_DATA,114050,2025-07-23 16:48:02.071,0,lie_down,00:00:00:00:00:00,-74,11,0,0,0,0,0,0,0,0,0,-97,0,1,0,1289960252,0,14,0,0,0,104,0,"[0, 0, 25, -128, 33, -128, 44, -128, 42, -128, 36, -128, 34, -128, 27, -128, 13, -128, 5, -128, -4, -128, -15, -128, -21, -128, -26, -128, -33, -128, -41, -128, -52, -128, -56, -128, -55, -128, -52, -128, -52, -128, -55, -127, -52, -105, -41, -77, -30, -52, -26, -41, 1, 127, -2, 127, -11, 127, -19, 127, -26, 113, -38, 89, -57, 60, -77, 33, -96, 4, -119, -27, -128, -54, -128, -75, -128, -92, -128, -106, -128, -115, -128, -116, -128, -113, -128, -107, -128, -99, -128, -90, -128, -85, -128, -81, -124, -77, -93, -74, -63, -82, -40, -96]",esp32_2
CSI_DATA,214802,2025-07-23 16:48:02.092,0,lie_down,00:00:00:00:00:00,-62,11,0,0,0,0,0,0,0,0,0,-97,0,1,0,2669587173,0,14,0,0,0,104,0,"[0, 0, 16, 78, 29, 44, 48, 12, 66, -13, 86, -33, 106, -49, 127, -60, 127, -69, 127, -75, 127, -76, 127, -74, 127, -66, 127, -54, 127, -45, 127, -40, 127, -37, 119, -36, 104, -39, 92, -47, 81, -56, 73, -66, 66, -78, 63, -86, 68, -91, 73, -92, -38, 62, -47, 67, -58, 72, -71, 77, -84, 78, -94, 73, -98, 65, -97, 59, -91, 53, -78, 51, -61, 53, -40, 56, -19, 61, 0, 72, 17, 90, 30, 112, 41, 127, 50, 127, 55, 127, 53, 127, 47, 127, 39, 127, 36, 127, 31, 127, 22, 127, 16, 127]",esp32_1
CSI_DATA,114051,2025-07-23 16:48:02.092,0,lie_down,00:00:00:00:00:00,-73,11,0,0,0,0,0,0,0,0,0,-97,0,1,0,1289985290,0,14,0,0,0,104,0,"[0, 0, -77, -11, -78, -14, -109, -26, -128, -30, -128, -20, -128, -9, -128, 0, -128, 11, -128, 19, -128, 28, -128, 38, -128, 48, -128, 61, -128, 71, -128, 76, -128, 75, -128, 68, -128, 67, -128, 70, -128, 67, -110, 58, -93, 49, -72, 40, -51, 28, -37, 17, 127, -69, 127, -60, 127, -51, 113, -42, 101, -27, 90, -8, 75, 10, 55, 35, 28, 69, 3, 104, -15, 127, -29, 127, -42, 127, -53, 127, -55, 127, -52, 127, -52, 127, -49, 127, -37, 127, -31, 127, -35, 127, -39, 127, -40, 127, -43, 112, -52, 78, -62, 49]",esp32_2
CSI_DATA,114052,2025-07-23 16:48:02.114,0,lie_down,00:00:00:00:00:00,-74,11,0,0,0,0,0,0,0,0,0,-97,0,1,0,1290020452,0,14,0,0,0,104,0,"[0, 0, -87, 103, -108, 116, -119, 127, -124, 127, -122, 127, -120, 127, -117, 127, -106, 127, -94, 127, -83, 127, -75, 127, -64, 127, -51, 127, -43, 127, -41, 127, -37, 127, -28, 127, -23, 127, -20, 127, -15, 127, -12, 127, -12, 117, -11, 92, -6, 67, 0, 49, -16, -128, -13, -128, -7, -128, 0, -128, 7, -117, 23, -96, 46, -74, 69, -44, 91, -4, 113, 37, 127, 73, 127, 100, 127, 121, 127, 127, 127, 127, 127, 127, 127, 127, 127, 127, 127, 127, 127, 127, 127, 114, 127, 101, 119, 90, 77, 78, 37, 69, 9, 69]",esp32_2
CSI_DATA,114053,2025-07-23 16:48:02.139,0,lie_down,00:00:00:00:00:00,-74,11,0,0,0,0,0,0,0,0,0,-97,0,1,0,1290044346,0,14,0,0,0,104,0,"[0, 0, -14, -115, -15, -128, -14, -128, -21, -128, -36, -128, -51, -128, -62, -128, -79, -128, -96, -128, -113, -128, -128, -128, -128, -128, -128, -128, -128, -128, -128, -128, -128, -128, -128, -128, -125, -128, -118, -128, -107, -118, -90, -102, -74, -84, -59, -65, -43, -48, -28, -34, 127, 44, 127, 47, 120, 54, 105, 59, 87, 63, 64, 61, 34, 57, 1, 59, -34, 63, -72, 62, -108, 61, -128, 66, -128, 75, -128, 80, -128, 84, -128, 88, -128, 89, -128, 93, -128, 95, -128, 89, -128, 79, -128, 68, -128, 52, -104, 28, -75, 0, -56, -19]",esp32_2
CSI_DATA,114054,2025-07-23 16:48:02.160,0,lie_down,00:00:00:00:00:00,-73,11,0,0,0,0,0,0,0,0,0,-97,0,1,0,1290081036,0,14,0,0,0,104,0,"[0, 0, 58, 14, 80, 34, 106, 45, 125, 43, 127, 36, 127, 29, 127, 23, 127, 10, 127, -5, 127, -20, 127, -31, 127, -41, 127, -43, 127, -42, 127, -45, 127, -49, 127, -49, 127, -46, 127, -41, 127, -32, 127, -18, 105, -7, 82, -3, 54, -4, 29, -5, 16, 127, 12, 127, 7, 127, -1, 112, -12, 97, -24, 79, -34, 48, -41, 7, -53, -29, -59, -63, -55, -100, -53, -128, -54, -128, -60, -128, -68, -128, -79, -128, -84, -128, -78, -128, -75, -128, -73, -128, -61, -128, -48, -128, -44, -128, -32, -115, -9, -80, 11, -52]",esp32_2
CSI_DATA,114055,2025-07-23 16:48:02.181,0,lie_down,00:00:00:00:00:00,-74,11,0,0,0,0,0,0,0,0,0,-97,0,1,0,1290140541,0,14,0,0,0,104,0,"[0, 0, -39, -37, -53, -58, -76, -76, -98, -90, -116, -95, -128, -94, -128, -89, -128, -83, -128, -78, -128, -68, -128, -54, -128, -44, -128, -39, -128, -33, -128, -23, -128, -14, -128, -11, -128, -12, -128, -14, -128, -14, -128, -11, -125, -9, -94, -2, -64, 3, -40, 1, 45, -128, 54, -128, 61, -120, 66, -107, 73, -84, 79, -58, 77, -28, 71, 6, 65, 37, 59, 68, 49, 106, 40, 127, 35, 127, 29, 127, 23, 127, 15, 127, 5, 127, -2, 127, -5, 127, -2, 127, 7, 127, 8, 127, 9, 127, 10, 124, -1, 84, -11, 52]",esp32_2
CSI_DATA,214804,2025-07-23 16:48:02.191,0,lie_down,00:00:00:00:00:00,-62,11,0,0,0,0,0,0,0,0,0,-97,0,1,0,2669647211,0,14,0,0,0,104,0,"[0, 0, 80, 47, 60, 5, 51, -35, 36, -75, 21, -114, 18, -128, 20, -128, 28, -128, 44, -128, 60, -128, 70, -128, 74, -128, 72, -128, 67, -128, 62, -128, 51, -128, 37, -128, 20, -128, 1, -125, -19, -116, -39, -112, -49, -112, -52, -117, -56, -126, -59, -128, -7, 83, -8, 98, -12, 115, -22, 126, -36, 127, -49, 127, -56, 127, -57, 127, -53, 118, -46, 104, -32, 93, -10, 81, 20, 70, 56, 66, 88, 66, 118, 71, 127, 80, 127, 91, 127, 100, 127, 112, 127, 126, 127, 127, 127, 127, 127, 127, 127, 127, 127, 127]",esp32_1
CSI_DATA,114056,2025-07-23 16:48:02.202,0,lie_down,00:00:00:00:00:00,-74,11,0,0,0,0,0,0,0,0,0,-97,0,1,0,1290166333,0,14,0,0,0,104,0,"[0, 0, -41, -10, -62, -22, -83, -26, -103, -27, -124, -24, -128, -11, -128, 6, -128, 24, -128, 43, -128, 66, -128, 88, -128, 106, -128, 119, -128, 127, -128, 127, -128, 127, -128, 126, -128, 115, -128, 102, -128, 95, -128, 85, -106, 68, -75, 53, -46, 40, -28, 28, -56, -114, -49, -111, -35, -110, -16, -107, -2, -95, 13, -78, 36, -63, 59, -43, 68, -17, 81, 9, 102, 38, 115, 70, 122, 101, 127, 127, 127, 127, 127, 127, 127, 127, 127, 127, 127, 127, 123, 127, 116, 127, 105, 127, 90, 112, 70, 87, 50, 59, 35, 37]",esp32_2
CSI_DATA,214805,2025-07-23 16:48:02.222,0,lie_down,00:00:00:00:00:00,-62,11,0,0,0,0,0,0,0,0,0,-97,0,1,0,2669684195,0,14,0,0,0,104,0,"[0, 0, 67, 43, 41, 6, 24, -30, 10, -67, -1, -101, -6, -128, -6, -128, -2, -128, 0, -128, 1, -128, 4, -128, 10, -128, 18, -128, 24, -128, 22, -128, 15, -128, 7, -128, -4, -115, -19, -103, -35, -92, -52, -85, -68, -80, -79, -81, -84, -87, -85, -94, -8, 71, -12, 83, -18, 97, -26, 107, -38, 115, -50, 116, -58, 111, -61, 103, -55, 92, -41, 82, -23, 72, -1, 61, 26, 51, 55, 47, 83, 48, 111, 54, 127, 64, 127, 74, 127, 84, 127, 96, 127, 111, 127, 123, 127, 127, 127, 127, 127, 122, 127, 115]",esp32_1
CSI_DATA,114057,2025-07-23 16:48:02.232,0,lie_down,00:00:00:00:00:00,-74,11,0,0,0,0,0,0,0,0,0,-97,0,1,0,1290201051,0,14,0,0,0,104,0,"[0, 0, 10, -21, 21, -42, 31, -64, 33, -83, 37, -100, 42, -122, 37, -128, 24, -128, 4, -128, -19, -128, -40, -128, -57, -128, -61, -128, -58, -128, -68, -128, -83, -128, -88, -128, -81, -128, -73, -128, -68, -128, -57, -128, -52, -128, -53, -99, -49, -63, -43, -38, 117, -21, 114, -10, 110, 3, 101, 13, 88, 25, 70, 38, 43, 51, 4, 65, -37, 76, -68, 77, -91, 75, -120, 83, -128, 87, -128, 75, -128, 71, -128, 82, -128, 84, -128, 76, -128, 67, -128, 62, -128, 61, -128, 57, -128, 50, -116, 42, -91, 29, -75, 7]",esp32_2
CSI_DATA,114058,2025-07-23 16:48:02.253,0,lie_down,00:00:00:00:00:00,-74,11,0,0,0,0,0,0,0,0,0,-97,0,1,0,1290225887,0,14,0,0,0,104,0,"[0, 0, -11, -11, 5, -26, 21, -45, 34, -64, 34, -87, 26, -115, 18, -128, 12, -128, 9, -128, 3, -128, -14, -128, -33, -128, -39, -128, -35, -128, -39, -128, -42, -128, -39, -128, -40, -128, -46, -128, -50, -128, -50, -128, -41, -128, -35, -113, -35, -79, -30, -51, 106, -46, 106, -35, 99, -19, 89, -2, 73, 11, 51, 17, 28, 26, 4, 42, -23, 57, -57, 70, -91, 71, -117, 70, -128, 75, -128, 75, -128, 70, -128, 63, -128, 63, -128, 69, -128, 67, -128, 56, -128, 50, -128, 48, -128, 44, -124, 39, -103, 23, -79, 8]",esp32_2
CSI_DATA,214806,2025-07-23 16:48:02.256,0,lie_down,00:00:00:00:00:00,-62,11,0,0,0,0,0,0,0,0,0,-97,0,1,0,2669712303,0,14,0,0,0,104,0,"[0, 0, -73, -35, -48, -1, -29, 32, -14, 67, -4, 102, 2, 127, 2, 127, 1, 127, -1, 127, -6, 127, -11, 127, -17, 127, -23, 127, -27, 127, -26, 127, -20, 127, -11, 127, 1, 116, 16, 104, 32, 92, 47, 84, 62, 82, 73, 84, 76, 91, 74, 95, 4, -72, 6, -83, 10, -98, 18, -108, 29, -115, 41, -116, 48, -111, 49, -104, 43, -94, 31, -82, 16, -71, -4, -60, -30, -50, -59, -45, -87, -46, -113, -51, -128, -59, -128, -70, -128, -79, -128, -89, -128, -101, -128, -113, -128, -122, -128, -122, -128, -117, -128, -114]",esp32_1
CSI_DATA,214807,2025-07-23 16:48:02.277,0,lie_down,00:00:00:00:00:00,-62,11,0,0,0,0,0,0,0,0,0,-97,0,1,0,2669737672,0,14,0,0,0,104,0,"[0, 0, 65, 42, 45, 6, 33, -31, 21, -68, 13, -104, 10, -128, 12, -128, 18, -128, 26, -128, 33, -128, 38, -128, 42, -128, 45, -128, 47, -128, 43, -128, 35, -128, 25, -128, 10, -116, -6, -104, -23, -95, -39, -91, -54, -90, -64, -92, -68, -99, -70, -107, -10, 67, -13, 80, -21, 94, -30, 105, -41, 112, -54, 113, -62, 108, -63, 102, -58, 91, -48, 79, -34, 70, -12, 60, 17, 52, 46, 49, 75, 51, 101, 58, 127, 69, 127, 80, 127, 92, 127, 106, 127, 120, 127, 127, 127, 127, 127, 127, 127, 127, 127, 127]",esp32_1
CSI_DATA,114059,2025-07-23 16:48:02.277,0,lie_down,00:00:00:00:00:00,-75,11,0,0,0,0,0,0,0,0,0,-97,0,1,0,1290253044,0,14,0,0,0,104,0,"[0, 0, 11, 25, 0, 41, -8, 68, -9, 85, -5, 99, 6, 116, 18, 127, 27, 127, 32, 127, 40, 127, 56, 127, 69, 127, 85, 127, 107, 127, 117, 127, 117, 127, 115, 127, 112, 127, 109, 127, 98, 127, 85, 127, 76, 127, 62, 97, 46, 59, 37, 33, -110, 35, -106, 28, -106, 17, -100, 1, -84, -14, -59, -26, -33, -40, -7, -61, 24, -81, 56, -79, 94, -71, 126, -75, 127, -83, 127, -91, 127, -111, 127, -126, 127, -120, 127, -109, 127, -105, 127, -103, 127, -87, 125, -71, 121, -58, 105, -37, 81, -20, 60, -14]",esp32_2
CSI_DATA,114060,2025-07-23 16:48:02.300,0,lie_down,00:00:00:00:00:00,-75,11,0,0,0,0,0,0,0,0,0,-97,0,1,0,1290290766,0,14,0,0,0,104,0,"[0, 0, 1, 47, -10, 58, -19, 70, -25, 84, -22, 98, -24, 109, -26, 127, -24, 127, -18, 127, -6, 127, 10, 127, 26, 127, 37, 127, 43, 127, 51, 127, 56, 127, 58, 127, 61, 127, 63, 127, 61, 127, 59, 127, 58, 127, 48, 127, 39, 100, 36, 70, -127, -43, -120, -48, -106, -53, -89, -57, -61, -61, -28, -60, 3, -61, 41, -66, 80, -70, 109, -74, 127, -70, 127, -63, 127, -61, 127, -55, 127, -48, 127, -45, 127, -39, 127, -37, 127, -28, 127, -15, 127, -7, 127, 1, 127, 6, 103, 8, 79, 13, 64, 10]",esp32_2
CSI_DATA,214808,2025-07-23 16:48:02.309,0,lie_down,00:00:00:00:00:00,-61,11,0,0,0,0,0,0,0,0,0,-97,0,1,0,2669770203,0,14,0,0,0,104,0,"[0, 0, -78, -20, -47, 7, -23, 37, -2, 66, 17, 95, 32, 121, 44, 127, 47, 127, 40, 127, 29, 127, 22, 127, 20, 127, 22, 127, 22, 127, 21, 127, 22, 127, 25, 119, 35, 97, 48, 82, 59, 67, 74, 58, 88, 59, 94, 60, 96, 61, 96, 62, -3, -64, 0, -76, 5, -93, 11, -106, 21, -114, 29, -113, 32, -109, 34, -106, 33, -100, 28, -89, 18, -71, -1, -56, -27, -47, -53, -38, -81, -33, -109, -30, -128, -31, -128, -37, -128, -40, -128, -42, -128, -49, -128, -63, -128, -85, -128, -95, -128, -91, -128, -84]",esp32_1
CSI_DATA,114061,2025-07-23 16:48:02.323,0,lie_down,00:00:00:00:00:00,-75,11,0,0,0,0,0,0,0,0,0,-97,0,1,0,1290318617,0,14,0,0,0,104,0,"[0, 0, -38, 17, -51, 10, -62, 9, -76, 10, -91, 12, -107, 16, -128, 26, -128, 45, -128, 64, -128, 79, -128, 103, -128, 127, -128, 127, -128, 127, -128, 127, -128, 127, -128, 127, -128, 127, -128, 127, -128, 127, -128, 127, -112, 127, -82, 114, -56, 93, -37, 78, 8, -118, 16, -118, 24, -108, 32, -94, 47, -79, 65, -60, 76, -32, 85, 5, 100, 34, 110, 61, 113, 93, 113, 122, 109, 127, 109, 127, 113, 127, 113, 127, 109, 127, 100, 127, 87, 127, 78, 127, 68, 127, 56, 127, 43, 122, 26, 96, 19, 76, 18, 59]",esp32_2
CSI_DATA,214809,2025-07-23 16:48:02.338,0,lie_down,00:00:00:00:00:00,-62,11,0,0,0,0,0,0,0,0,0,-97,0,1,0,2669819524,0,14,0,0,0,104,0,"[0, 0, -14, 86, 9, 51, 41, 19, 67, -8, 91, -28, 117, -46, 127, -60, 127, -68, 127, -70, 127, -69, 127, -64, 127, -58, 127, -53, 127, -48, 127, -44, 127, -42, 124, -45, 104, -52, 86, -62, 70, -72, 60, -82, 53, -94, 50, -105, 53, -114, 58, -119, -72, 22, -84, 21, -97, 18, -111, 13, -124, 7, -128, -1, -127, -9, -122, -14, -110, -15, -94, -10, -76, 4, -56, 19, -39, 37, -27, 62, -16, 92, -7, 125, -3, 127, -3, 127, -4, 127, -12, 127, -22, 127, -32, 127, -43, 127, -51, 127, -55, 127, -55, 127]",esp32_1
CSI_DATA,114062,2025-07-23 16:48:02.346,0,lie_down,00:00:00:00:00:00,-75,11,0,0,0,0,0,0,0,0,0,-97,0,1,0,1290369503,0,14,0,0,0,104,0,"[0, 0, 35, -14, 57, -11, 83, -17, 104, -27, 112, -43, 123, -58, 127, -71, 127, -93, 127, -120, 127, -128, 127, -128, 127, -128, 127, -128, 127, -128, 127, -128, 127, -128, 127, -128, 127, -128, 127, -128, 112, -128, 91, -128, 74, -128, 58, -119, 37, -90, 17, -69, 53, 121, 46, 125, 36, 127, 24, 121, 5, 106, -20, 89, -42, 70, -62, 46, -80, 20, -101, -5, -127, -29, -128, -57, -128, -83, -128, -108, -128, -124, -128, -128, -128, -128, -128, -128, -128, -128, -128, -128, -128, -127, -120, -107, -104, -87, -80, -74, -52, -64, -25, -53]",esp32_2
CSI_DATA,114063,2025-07-23 16:48:02.367,0,lie_down,00:00:00:00:00:00,-74,11,0,0,0,0,0,0,0,0,0,-97,0,1,0,1290400896,0,14,0,0,0,104,0,"[0, 0, 14, 7, 22, 30, 29, 40, 42, 47, 55, 58, 74, 65, 103, 71, 125, 78, 127, 76, 127, 73, 127, 78, 127, 81, 127, 71, 127, 68, 127, 69, 127, 64, 127, 56, 127, 48, 127, 44, 127, 42, 127, 34, 127, 23, 119, 14, 91, 1, 66, -8, -1, 115, -7, 109, -16, 97, -31, 84, -38, 70, -34, 56, -39, 37, -47, 6, -48, -28, -49, -60, -44, -89, -36, -118, -31, -128, -26, -128, -22, -128, -17, -128, -12, -128, -10, -128, -1, -128, 12, -128, 14, -128, 11, -128, 7, -125, 3, -109, 6, -92, 11, -62]",esp32_2
CSI_DATA,114064,2025-07-23 16:48:02.398,0,lie_down,00:00:00:00:00:00,-74,11,0,0,0,0,0,0,0,0,0,-97,0,1,0,1290426058,0,14,0,0,0,104,0,"[0, 0, -5, -26, 5, -35, 10, -43, 10, -53, 6, -67, 1, -80, -2, -91, -10, -103, -22, -116, -32, -128, -44, -128, -59, -128, -72, -128, -82, -128, -91, -128, -96, -128, -95, -128, -92, -128, -89, -128, -86, -128, -78, -113, -67, -90, -56, -68, -44, -49, -31, -36, 78, 0, 77, 5, 70, 13, 64, 22, 58, 28, 42, 31, 22, 37, 4, 47, -13, 58, -36, 63, -56, 66, -72, 67, -86, 68, -96, 70, -105, 70, -114, 66, -118, 60, -116, 53, -109, 48, -100, 47, -95, 42, -85, 31, -72, 23, -60, 18, -50, 13, -42, 9]",esp32_2
CSI_DATA,114065,2025-07-23 16:48:02.428,0,lie_down,00:00:00:00:00:00,-75,11,0,0,0,0,0,0,0,0,0,-97,0,1,0,1290472318,0,14,0,0,0,104,0,"[0, 0, 19, 36, 13, 47, 15, 60, 15, 78, 18, 90, 36, 100, 59, 116, 76, 127, 88, 127, 108, 127, 127, 127, 127, 127, 127, 127, 127, 127, 127, 127, 127, 127, 127, 127, 127, 127, 127, 127, 127, 127, 127, 107, 127, 94, 123, 73, 90, 43, 70, 23, -124, 7, -120, -1, -113, -14, -104, -28, -88, -44, -69, -56, -46, -65, -18, -78, 10, -95, 35, -107, 59, -113, 81, -120, 104, -127, 120, -128, 127, -128, 127, -127, 127, -123, 127, -119, 127, -113, 127, -100, 122, -82, 106, -66, 92, -56, 80, -50, 66, -37, 55, -18]",esp32_2
CSI_DATA,214811,2025-07-23 16:48:02.434,0,lie_down,00:00:00:00:00:00,-62,11,0,0,0,0,0,0,0,0,0,-97,0,1,0,2669917067,0,14,0,0,0,104,0,"[0, 0, 76, -45, 32, -43, -9, -44, -45, -52, -78, -64, -107, -76, -128, -88, -128, -99, -128, -112, -128, -124, -128, -128, -128, -128, -128, -128, -128, -128, -128, -119, -117, -102, -104, -82, -98, -63, -98, -43, -99, -25, -105, -9, -112, 2, -118, 7, -126, 8, -128, 6, 61, 33, 70, 43, 80, 58, 86, 74, 89, 86, 84, 94, 76, 98, 69, 96, 63, 89, 58, 76, 54, 54, 55, 30, 62, 6, 73, -19, 85, -45, 100, -72, 122, -96, 127, -115, 127, -126, 127, -128, 127, -128, 127, -128, 127, -122, 127, -108, 127, -91, 127, -77]",esp32_1
CSI_DATA,214812,2025-07-23 16:48:02.459,0,lie_down,00:00:00:00:00:00,-62,11,0,0,0,0,0,0,0,0,0,-97,0,1,0,2669945962,0,14,0,0,0,104,0,"[0, 0, 64, -47, 23, -38, -16, -32, -52, -34, -85, -38, -115, -43, -128, -49, -128, -54, -128, -63, -128, -73, -128, -83, -128, -88, -128, -89, -128, -86, -128, -77, -128, -64, -114, -49, -104, -31, -98, -12, -95, 5, -95, 20, -99, 32, -103, 41, -109, 45, -115, 44, 60, 27, 70, 37, 79, 50, 86, 63, 90, 74, 87, 81, 81, 85, 73, 85, 66, 79, 59, 67, 53, 46, 52, 22, 57, -1, 65, -27, 74, -55, 86, -83, 104, -108, 124, -128, 127, -128, 127, -128, 127, -128, 127, -128, 127, -128, 127, -128, 127, -114, 127, -98]",esp32_1
CSI_DATA,114066,2025-07-23 16:48:02.459,0,lie_down,00:00:00:00:00:00,-75,11,0,0,0,0,0,0,0,0,0,-97,0,1,0,1290480469,0,14,0,0,0,104,0,"[0, 0, -36, -9, -49, -19, -60, -27, -73, -35, -92, -39, -118, -38, -128, -28, -128, -13, -128, 0, -128, 8, -128, 17, -128, 35, -128, 53, -128, 70, -128, 85, -128, 92, -128, 90, -128, 88, -128, 87, -128, 80, -128, 75, -128, 73, -125, 67, -91, 55, -65, 45, 27, -124, 37, -119, 41, -110, 45, -98, 56, -79, 69, -50, 78, -19, 88, 7, 94, 35, 91, 71, 90, 102, 88, 127, 82, 127, 77, 127, 73, 127, 68, 127, 61, 127, 53, 127, 41, 127, 30, 127, 27, 127, 28, 127, 24, 115, 16, 91, 6, 67, 2, 49]",esp32_2
CSI_DATA,214813,2025-07-23 16:48:02.489,0,lie_down,00:00:00:00:00:00,-61,11,0,0,0,0,0,0,0,0,0,-97,0,1,0,2669966851,0,14,0,0,0,104,0,"[0, 0, 24, -76, -1, -48, -30, -22, -60, 0, -86, 19, -112, 35, -128, 44, -128, 47, -128, 46, -128, 41, -128, 37, -128, 34, -128, 30, -128, 24, -128, 20, -128, 21, -121, 28, -102, 38, -84, 49, -71, 59, -62, 68, -58, 78, -58, 89, -62, 97, -66, 101, 64, -15, 76, -12, 89, -7, 101, -2, 111, 5, 117, 13, 115, 19, 108, 23, 97, 22, 82, 15, 68, 3, 55, -13, 45, -30, 37, -53, 28, -83, 24, -115, 25, -128, 29, -128, 34, -128, 39, -128, 46, -128, 57, -128, 70, -128, 78, -128, 79, -128, 76, -128]",esp32_1
CSI_DATA,214814,2025-07-23 16:48:02.519,0,lie_down,00:00:00:00:00:00,-62,11,0,0,0,0,0,0,0,0,0,-97,0,1,0,2670001145,0,14,0,0,0,104,0,"[0, 0, -6, -85, -18, -45, -35, -6, -53, 28, -72, 56, -92, 79, -115, 99, -128, 112, -128, 120, -128, 126, -128, 127, -128, 127, -128, 114, -128, 99, -128, 88, -125, 81, -106, 78, -86, 77, -65, 82, -49, 87, -34, 92, -22, 99, -16, 109, -17, 120, -19, 127, 56, -44, 68, -45, 81, -46, 95, -46, 108, -44, 117, -37, 119, -29, 114, -25, 104, -23, 87, -24, 67, -30, 46, -39, 23, -51, 3, -71, -14, -96, -30, -123, -42, -128, -51, -128, -53, -128, -50, -128, -43, -128, -37, -128, -32, -128, -27, -128, -18, -128, -11, -128]",esp32_1
CSI_DATA,114068,2025-07-23 16:48:02.546,0,lie_down,00:00:00:00:00:00,-75,11,0,0,0,0,0,0,0,0,0,-97,0,1,0,1290545537,0,14,0,0,0,104,0,"[0, 0, -11, -40, -6, -55, -9, -64, -15, -76, -18, -92, -23, -113, -39, -128, -59, -128, -77, -128, -104, -128, -128, -128, -128, -128, -128, -128, -128, -128, -128, -128, -128, -128, -128, -128, -128, -128, -128, -128, -128, -128, -128, -128, -128, -104, -115, -75, -89, -52, -66, -40, 119, -41, 119, -38, 115, -28, 107, -9, 93, 14, 76, 31, 58, 48, 36, 64, 10, 83, -22, 98, -56, 107, -80, 124, -100, 127, -118, 127, -128, 127, -128, 127, -128, 127, -128, 127, -128, 127, -128, 118, -125, 105, -112, 87, -103, 73, -88, 59, -68, 37, -48, 13]",esp32_2
CSI_DATA,214815,2025-07-23 16:48:02.563,0,lie_down,00:00:00:00:00:00,-62,11,0,0,0,0,0,0,0,0,0,-97,0,1,0,2670027022,0,14,0,0,0,104,0,"[0, 0, 76, 37, 48, 6, 27, -25, 7, -61, -9, -95, -21, -127, -28, -128, -28, -128, -23, -128, -18, -128, -14, -128, -9, -128, -2, -128, 5, -128, 5, -128, 1, -128, -6, -128, -16, -115, -29, -102, -45, -90, -61, -80, -74, -77, -84, -79, -90, -85, -92, -90, 4, 66, 3, 79, -1, 94, -8, 109, -18, 119, -30, 122, -38, 119, -41, 112, -37, 102, -28, 91, -15, 77, 5, 63, 32, 53, 60, 44, 89, 38, 116, 38, 127, 44, 127, 51, 127, 60, 127, 71, 127, 84, 127, 97, 127, 108, 127, 111, 127, 109, 127, 107]",esp32_1
CSI_DATA,114069,2025-07-23 16:48:02.578,0,lie_down,00:00:00:00:00:00,-75,11,0,0,0,0,0,0,0,0,0,-97,0,1,0,1290591185,0,14,0,0,0,104,0,"[0, 0, 21, 2, 36, 15, 47, 16, 74, 12, 98, 2, 114, -4, 127, -9, 127, -26, 127, -47, 127, -63, 127, -84, 127, -113, 127, -128, 127, -128, 127, -128, 127, -128, 127, -128, 127, -128, 127, -128, 127, -128, 127, -119, 123, -102, 95, -78, 64, -56, 38, -43, 71, 93, 61, 89, 53, 92, 41, 96, 24, 95, 4, 85, -19, 59, -43, 24, -68, -1, -90, -19, -100, -44, -105, -73, -116, -92, -127, -112, -128, -128, -128, -128, -128, -128, -128, -128, -121, -128, -106, -128, -90, -128, -85, -128, -81, -119, -65, -96, -46, -80, -34, -71]",esp32_2
CSI_DATA,214816,2025-07-23 16:48:02.601,0,lie_down,00:00:00:00:00:00,-62,11,0,0,0,0,0,0,0,0,0,-97,0,1,0,2670052511,0,14,0,0,0,104,0,"[0, 0, 50, -68, 15, -47, -22, -29, -56, -20, -87, -15, -117, -9, -128, -9, -128, -12, -128, -18, -128, -26, -128, -36, -128, -41, -128, -43, -128, -44, -128, -42, -128, -35, -128, -24, -115, -10, -104, 5, -96, 21, -93, 35, -95, 46, -98, 55, -103, 60, -107, 60, 67, 0, 78, 6, 90, 14, 100, 23, 106, 31, 107, 39, 104, 45, 99, 47, 90, 42, 79, 31, 69, 13, 60, -7, 56, -27, 56, -53, 55, -83, 58, -114, 68, -128, 82, -128, 96, -128, 110, -128, 123, -128, 127, -128, 127, -128, 127, -128, 127, -128, 127, -128]",esp32_1
CSI_DATA,114070,2025-07-23 16:48:02.610,0,lie_down,00:00:00:00:00:00,-74,11,0,0,0,0,0,0,0,0,0,-97,0,1,0,1290639172,0,14,0,0,0,104,0,"[0, 0, -34, -21, -37, -35, -41, -46, -57, -65, -78, -80, -95, -87, -112, -88, -127, -90, -128, -94, -128, -89, -128, -79, -128, -69, -128, -63, -128, -58, -128, -46, -128, -33, -128, -30, -128, -26, -128, -14, -128, -3, -128, 2, -128, 3, -121, 6, -88, 9, -61, 9, 80, -98, 84, -91, 87, -78, 86, -60, 85, -38, 79, -16, 69, 5, 61, 29, 52, 62, 37, 94, 18, 120, 0, 127, -15, 127, -27, 127, -35, 127, -42, 127, -51, 127, -59, 127, -62, 127, -59, 127, -59, 127, -58, 127, -49, 122, -44, 99, -44, 75, -45, 54]",esp32_2
CSI_DATA,114071,2025-07-23 16:48:02.635,0,lie_down,00:00:00:00:00:00,-75,11,0,0,0,0,0,0,0,0,0,-97,0,1,0,1290663566,0,14,0,0,0,104,0,"[0, 0, 33, -14, 47, -15, 61, -18, 86, -23, 103, -34, 112, -49, 124, -61, 127, -82, 127, -112, 127, -128, 127, -128, 127, -128, 127, -128, 127, -128, 127, -128, 127, -128, 127, -128, 127, -128, 124, -128, 108, -128, 84, -128, 64, -128, 47, -123, 28, -90, 15, -71, 63, 113, 53, 108, 40, 108, 26, 104, 10, 98, -12, 90, -37, 77, -57, 58, -80, 26, -107, -6, -127, -27, -128, -48, -128, -71, -128, -96, -128, -116, -128, -128, -128, -128, -128, -128, -128, -128, -128, -128, -127, -123, -113, -111, -96, -106, -78, -94, -56, -75, -34, -58]",esp32_2
CSI_DATA,114072,2025-07-23 16:48:02.666,0,lie_down,00:00:00:00:00:00,-74,11,0,0,0,0,0,0,0,0,0,-97,0,1,0,1290700534,0,14,0,0,0,104,0,"[0, 0, 37, 22, 40, 31, 54, 38, 70, 48, 86, 54, 103, 53, 125, 53, 127, 55, 127, 48, 127, 39, 127, 29, 127, 17, 127, 8, 127, -4, 127, -19, 127, -25, 127, -30, 127, -35, 127, -37, 127, -38, 127, -40, 127, -42, 123, -38, 87, -34, 59, -35, -43, 116, -51, 110, -60, 100, -66, 88, -69, 69, -73, 44, -79, 17, -80, -12, -73, -44, -63, -77, -57, -105, -49, -128, -39, -128, -26, -128, -19, -128, -18, -128, -11, -128, 0, -128, 8, -128, 14, -128, 16, -128, 14, -128, 20, -128, 26, -115, 26, -92, 27, -72]",esp32_2
CSI_DATA,114073,2025-07-23 16:48:02.697,0,lie_down,00:00:00:00:00:00,-74,11,0,0,0,0,0,0,0,0,0,-97,0,1,0,1290737223,0,14,0,0,0,104,0,"[0, 0, 45, 7, 55, 14, 66, 18, 88, 23, 105, 21, 123, 15, 127, 9, 127, -4, 127, -26, 127, -47, 127, -62, 127, -77, 127, -96, 127, -114, 127, -125, 127, -128, 127, -128, 127, -128, 127, -128, 127, -128, 127, -121, 127, -105, 106, -89, 77, -72, 54, -59, 9, 127, 1, 127, -9, 126, -20, 112, -32, 94, -48, 73, -68, 50, -84, 18, -94, -14, -101, -45, -105, -77, -107, -109, -106, -128, -107, -128, -106, -128, -103, -128, -96, -128, -86, -128, -80, -128, -76, -128, -64, -128, -48, -128, -39, -128, -34, -114, -24, -82, -16, -61]",esp32_2
CSI_DATA,214818,2025-07-23 16:48:02.703,0,lie_down,00:00:00:00:00:00,-62,11,0,0,0,0,0,0,0,0,0,-97,0,1,0,2670780866,0,14,0,0,0,104,0,"[0, 0, -52, 70, -19, 48, 16, 31, 47, 21, 77, 15, 107, 8, 127, 4, 127, 4, 127, 9, 127, 16, 127, 22, 127, 27, 127, 33, 127, 37, 127, 36, 127, 32, 122, 23, 107, 9, 96, -7, 88, -21, 84, -35, 84, -47, 86, -56, 91, -61, 95, -63, -65, -3, -76, -9, -89, -18, -98, -26, -104, -34, -104, -40, -99, -45, -92, -49, -86, -46, -78, -36, -69, -18, -59, 1, -53, 20, -53, 44, -54, 72, -57, 102, -65, 127, -74, 127, -85, 127, -98, 127, -111, 127, -124, 127, -128, 127, -128, 127, -128, 127, -124, 127]",esp32_1
CSI_DATA,214819,2025-07-23 16:48:02.735,0,lie_down,00:00:00:00:00:00,-61,11,0,0,0,0,0,0,0,0,0,-97,0,1,0,2670790780,0,14,0,0,0,104,0,"[0, 0, -21, 83, 0, 51, 26, 21, 51, -2, 76, -21, 100, -36, 127, -49, 127, -56, 127, -58, 127, -56, 127, -54, 127, -51, 127, -42, 127, -32, 127, -27, 127, -25, 121, -28, 103, -35, 87, -44, 73, -54, 64, -64, 59, -75, 57, -84, 60, -93, 64, -96, -65, 21, -74, 21, -86, 19, -98, 14, -109, 8, -113, 2, -112, -4, -108, -8, -99, -8, -86, -3, -71, 10, -57, 23, -44, 39, -32, 60, -22, 85, -15, 114, -13, 127, -13, 127, -16, 127, -22, 127, -31, 127, -40, 127, -48, 127, -52, 127, -55, 127, -57, 127]",esp32_1
CSI_DATA,114074,2025-07-23 16:48:02.739,0,lie_down,00:00:00:00:00:00,-75,11,0,0,0,0,0,0,0,0,0,-97,0,1,0,1290761371,0,14,0,0,0,104,0,"[0, 0, 26, -4, 39, 5, 59, 20, 76, 32, 91, 28, 113, 22, 127, 17, 127, 0, 127, -11, 127, -16, 127, -32, 127, -55, 127, -79, 127, -103, 127, -120, 127, -124, 127, -122, 127, -128, 127, -128, 127, -122, 127, -113, 127, -94, 116, -69, 81, -54, 55, -44, 15, 117, 10, 119, -2, 113, -11, 100, -23, 83, -43, 56, -58, 27, -61, 8, -70, -15, -93, -50, -105, -86, -99, -118, -96, -128, -96, -128, -87, -128, -71, -128, -60, -128, -61, -128, -64, -128, -51, -128, -35, -128, -27, -128, -19, -128, -10, -118, -5, -90, -9, -70]",esp32_2
CSI_DATA,214820,2025-07-23 16:48:02.759,0,lie_down,00:00:00:00:00:00,-62,11,0,0,0,0,0,0,0,0,0,-97,0,1,0,2670801081,0,14,0,0,0,104,0,"[0, 0, -85, 69, -38, 55, 9, 43, 53, 40, 94, 42, 127, 46, 127, 51, 127, 56, 127, 68, 127, 83, 127, 94, 127, 101, 127, 106, 127, 105, 127, 99, 127, 88, 127, 71, 126, 51, 119, 30, 115, 10, 116, -9, 119, -24, 123, -34, 127, -38, 127, -40, -77, -19, -89, -29, -103, -43, -113, -56, -120, -69, -119, -76, -111, -82, -102, -84, -94, -78, -86, -64, -76, -41, -70, -15, -71, 10, -79, 39, -88, 74, -98, 109, -115, 127, -128, 127, -128, 127, -128, 127, -128, 127, -128, 127, -128, 127, -128, 127, -128, 127, -128, 127]",esp32_1
CSI_DATA,214821,2025-07-23 16:48:02.791,0,lie_down,00:00:00:00:00:00,-62,11,0,0,0,0,0,0,0,0,0,-97,0,1,0,2670810809,0,14,0,0,0,104,0,"[0, 0, -80, -32, -50, -6, -27, 21, -8, 53, 8, 83, 21, 111, 29, 127, 31, 127, 28, 127, 25, 127, 21, 127, 16, 127, 9, 127, 2, 127, 0, 127, 3, 127, 6, 127, 12, 110, 24, 95, 38, 83, 52, 74, 65, 70, 73, 70, 78, 75, 81, 79, -10, -61, -9, -75, -7, -91, -3, -103, 5, -111, 14, -113, 22, -110, 25, -105, 23, -96, 14, -86, 3, -74, -13, -60, -36, -48, -62, -39, -86, -34, -111, -33, -128, -34, -128, -38, -128, -44, -128, -53, -128, -64, -128, -76, -128, -85, -128, -86, -128, -86, -128, -88]",esp32_1
CSI_DATA,214822,2025-07-23 16:48:02.822,0,lie_down,00:00:00:00:00:00,-62,11,0,0,0,0,0,0,0,0,0,-97,0,1,0,2670820804,0,14,0,0,0,104,0,"[0, 0, 74, -38, 36, -37, 0, -36, -34, -43, -65, -52, -92, -62, -116, -74, -128, -85, -128, -96, -128, -107, -128, -117, -128, -122, -128, -123, -128, -121, -121, -112, -108, -98, -96, -82, -89, -64, -86, -45, -86, -28, -92, -14, -99, -4, -104, 3, -110, 6, -116, 5, 52, 32, 58, 41, 66, 54, 73, 68, 75, 79, 72, 85, 65, 88, 58, 86, 54, 80, 51, 67, 49, 49, 49, 27, 57, 6, 70, -16, 81, -39, 94, -63, 114, -83, 127, -99, 127, -108, 127, -111, 127, -111, 127, -108, 127, -103, 127, -95, 127, -79, 127, -64]",esp32_1
CSI_DATA,114076,2025-07-23 16:48:02.829,0,lie_down,00:00:00:00:00:00,-75,11,0,0,0,0,0,0,0,0,0,-97,0,1,0,1290844632,0,14,0,0,0,104,0,"[0, 0, 13, -32, 30, -33, 47, -38, 62, -43, 70, -57, 74, -77, 77, -102, 78, -128, 81, -128, 82, -128, 81, -128, 79, -128, 73, -128, 71, -128, 63, -128, 48, -128, 40, -128, 36, -128, 26, -128, 11, -128, 5, -128, 0, -128, -11, -128, -19, -112, -24, -78, 102, 63, 94, 69, 79, 78, 59, 84, 38, 86, 11, 82, -19, 71, -47, 61, -78, 53, -109, 45, -128, 31, -128, 19, -128, 8, -128, -10, -128, -24, -128, -34, -128, -44, -128, -48, -128, -48, -128, -52, -128, -60, -128, -66, -109, -66, -89, -60, -69, -51, -51, -44]",esp32_2
CSI_DATA,214823,2025-07-23 16:48:02.853,0,lie_down,00:00:00:00:00:00,-62,11,0,0,0,0,0,0,0,0,0,-97,0,1,0,2670830790,0,14,0,0,0,104,0,"[0, 0, -96, 9, -54, 21, -14, 35, 23, 57, 54, 78, 81, 97, 103, 115, 117, 127, 126, 127, 127, 127, 127, 127, 126, 127, 116, 127, 104, 127, 93, 127, 85, 127, 78, 118, 73, 96, 75, 75, 82, 55, 94, 40, 103, 29, 111, 25, 120, 26, 126, 29, -40, -59, -45, -71, -51, -88, -52, -105, -48, -117, -39, -121, -31, -121, -25, -118, -23, -108, -26, -93, -31, -74, -42, -52, -60, -32, -83, -12, -105, 8, -128, 27, -128, 42, -128, 50, -128, 53, -128, 52, -128, 48, -128, 41, -128, 32, -128, 24, -128, 13, -128, 3]",esp32_1
CSI_DATA,114077,2025-07-23 16:48:02.854,0,lie_down,00:00:00:00:00:00,-75,11,0,0,0,0,0,0,0,0,0,-97,0,1,0,1290869004,0,14,0,0,0,104,0,"[0, 0, 10, 13, 4, 23, 2, 34, 0, 42, 0, 48, 7, 55, 19, 68, 30, 81, 42, 90, 57, 97, 70, 108, 87, 120, 102, 126, 110, 127, 117, 127, 126, 126, 127, 122, 127, 113, 127, 99, 122, 84, 107, 72, 92, 61, 78, 47, 60, 28, 47, 12, -68, 28, -69, 23, -65, 13, -59, 2, -51, -10, -42, -18, -30, -30, -12, -43, 3, -52, 12, -66, 25, -78, 41, -79, 56, -83, 70, -93, 79, -93, 85, -84, 89, -81, 92, -77, 96, -73, 97, -63, 95, -51, 89, -42, 76, -32, 61, -26, 51, -19, 48, -15]",esp32_2
CSI_DATA,114078,2025-07-23 16:48:02.886,0,lie_down,00:00:00:00:00:00,-76,11,0,0,0,0,0,0,0,0,0,-97,0,1,0,1290897763,0,14,0,0,-128,104,0,"[0, 0, 28, -23, 47, -4, 60, 3, 83, 9, 100, 10, 112, 4, 127, -4, 127, -23, 127, -50, 127, -73, 127, -92, 127, -112, 127, -128, 127, -128, 127, -128, 127, -128, 127, -128, 127, -128, 127, -128, 127, -128, 127, -128, 127, -128, 100, -113, 74, -97, 54, -84, -14, 127, -23, 124, -34, 115, -46, 98, -57, 76, -70, 54, -81, 27, -90, -2, -95, -31, -95, -59, -104, -85, -110, -112, -103, -128, -97, -128, -96, -128, -91, -128, -78, -128, -64, -128, -53, -128, -41, -128, -27, -128, -16, -128, -12, -128, -12, -101, -5, -84, 4, -79]",esp32_2
CSI_DATA,114079,2025-07-23 16:48:02.915,0,lie_down,00:00:00:00:00:00,-75,11,0,0,0,0,0,0,0,0,0,-97,0,1,0,1290931078,0,14,0,0,-128,104,0,"[0, 0, -31, -18, -28, -33, -28, -46, -29, -53, -37, -63, -53, -79, -76, -90, -104, -97, -126, -104, -128, -111, -128, -123, -128, -128, -128, -127, -128, -117, -128, -112, -128, -107, -128, -94, -128, -82, -128, -76, -128, -67, -128, -55, -128, -37, -128, -19, -112, -7, -84, 2, 93, -61, 95, -52, 90, -41, 86, -24, 81, 0, 72, 22, 61, 45, 45, 68, 28, 82, 11, 95, -7, 112, -24, 127, -44, 127, -62, 127, -71, 127, -81, 127, -96, 127, -102, 127, -99, 127, -98, 127, -94, 111, -87, 96, -85, 76, -76, 59, -63, 47, -56, 32]",esp32_2
CSI_DATA,214825,2025-07-23 16:48:02.936,0,lie_down,00:00:00:00:00:00,-62,11,0,0,0,0,0,0,0,0,0,-97,0,1,0,2670850783,0,14,0,0,0,104,0,"[0, 0, -3, -89, -12, -47, -27, -7, -43, 28, -61, 60, -80, 87, -100, 110, -120, 127, -128, 127, -128, 127, -128, 127, -128, 127, -128, 127, -128, 125, -128, 112, -120, 100, -99, 92, -78, 88, -56, 88, -37, 89, -21, 93, -9, 100, 0, 108, 4, 118, 4, 125, 66, -29, 77, -32, 90, -32, 103, -30, 116, -26, 123, -19, 121, -13, 117, -8, 107, -7, 92, -11, 74, -21, 55, -33, 33, -48, 13, -69, -5, -95, -19, -126, -29, -128, -37, -128, -43, -128, -44, -128, -38, -128, -30, -128, -21, -128, -14, -128, -5, -128, 2, -128]",esp32_1
CSI_DATA,114080,2025-07-23 16:48:02.942,0,lie_down,00:00:00:00:00:00,-75,11,0,0,0,0,0,0,0,0,0,-97,0,1,0,1290955473,0,14,0,0,-128,104,0,"[0, 0, 31, 30, 23, 43, 14, 53, 14, 65, 24, 79, 36, 92, 53, 109, 73, 126, 89, 127, 111, 127, 127, 127, 127, 127, 127, 127, 127, 127, 127, 127, 127, 127, 127, 127, 127, 127, 127, 127, 127, 114, 127, 97, 127, 74, 127, 50, 110, 28, 86, 12, -115, 25, -113, 13, -109, -1, -101, -17, -88, -36, -68, -51, -43, -60, -16, -74, 7, -93, 29, -108, 52, -118, 73, -128, 91, -128, 108, -128, 122, -128, 127, -128, 127, -126, 127, -121, 127, -105, 127, -89, 127, -80, 127, -68, 121, -54, 102, -34, 82, -16, 69, -8]",esp32_2
CSI_DATA,214826,2025-07-23 16:48:02.966,0,lie_down,00:00:00:00:00:00,-62,11,0,0,0,0,0,0,0,0,0,-97,0,1,0,2670868169,0,14,0,0,0,104,0,"[0, 0, 61, -60, 24, -42, -14, -26, -51, -18, -85, -13, -118, -10, -128, -9, -128, -10, -128, -14, -128, -21, -128, -28, -128, -34, -128, -40, -128, -44, -128, -42, -128, -35, -128, -25, -113, -12, -100, 4, -91, 21, -87, 38, -86, 52, -86, 62, -90, 70, -95, 73, 66, 17, 76, 24, 85, 35, 94, 47, 100, 59, 99, 66, 94, 71, 86, 72, 79, 67, 71, 54, 63, 34, 57, 12, 57, -11, 60, -38, 64, -68, 71, -100, 84, -128, 99, -128, 115, -128, 127, -128, 127, -128, 127, -128, 127, -128, 127, -128, 127, -128, 127, -128]",esp32_1
CSI_DATA,114081,2025-07-23 16:48:02.972,0,lie_down,00:00:00:00:00:00,-75,11,0,0,0,0,0,0,0,0,0,-97,0,1,0,1290986010,0,14,0,172,-78,104,0,"[0, 0, -30, -26, -29, -35, -28, -39, -42, -53, -59, -72, -74, -86, -87, -95, -105, -106, -128, -116, -128, -125, -128, -128, -128, -128, -128, -125, -128, -120, -128, -114, -128, -105, -128, -92, -128, -81, -128, -70, -128, -53, -128, -39, -128, -24, -128, -6, -123, 0, -97, -5, 98, -98, 99, -87, 99, -66, 97, -43, 91, -19, 82, 7, 75, 31, 64, 56, 50, 89, 34, 118, 16, 127, -7, 127, -27, 127, -43, 127, -57, 127, -67, 127, -75, 127, -83, 127, -86, 127, -87, 127, -88, 127, -88, 120, -86, 101, -78, 76, -66, 54, -54, 36]",esp32_2
CSI_DATA,214827,2025-07-23 16:48:02.994,0,lie_down,00:00:00:00:00:00,-62,11,0,0,0,0,0,0,0,0,0,-97,0,1,0,2670876351,0,14,0,0,0,104,0,"[0, 0, 86, -15, 43, -21, 4, -32, -33, -49, -66, -64, -93, -81, -114, -97, -128, -110, -128, -127, -128, -128, -128, -128, -128, -128, -128, -128, -126, -128, -113, -128, -101, -119, -92, -100, -87, -81, -85, -59, -88, -39, -95, -24, -104, -14, -111, -9, -119, -7, -123, -8, 40, 50, 45, 63, 50, 80, 52, 96, 50, 108, 44, 114, 36, 114, 30, 110, 27, 100, 28, 85, 31, 66, 39, 44, 56, 21, 77, 0, 96, -20, 116, -38, 127, -54, 127, -66, 127, -72, 127, -72, 127, -70, 127, -63, 127, -54, 127, -43, 127, -32, 127, -23]",esp32_1
CSI_DATA,114082,2025-07-23 16:48:02.997,0,lie_down,00:00:00:00:00:00,-75,11,0,0,0,0,0,0,0,0,0,-97,0,1,0,1291018141,0,14,0,0,0,104,0,"[0, 0, 20, -20, 31, -9, 48, 1, 67, 8, 80, 6, 92, 1, 114, -6, 127, -24, 127, -47, 127, -67, 127, -89, 127, -109, 127, -126, 127, -128, 127, -128, 127, -128, 127, -128, 127, -128, 127, -128, 127, -128, 127, -128, 126, -128, 96, -118, 71, -100, 49, -88, 25, 117, 16, 115, -2, 109, -20, 98, -34, 83, -52, 61, -74, 42, -89, 21, -100, -6, -114, -30, -122, -53, -126, -79, -125, -105, -124, -125, -124, -128, -123, -128, -118, -128, -104, -128, -87, -128, -73, -128, -57, -128, -42, -127, -34, -107, -30, -89, -20, -74, -9, -64]",esp32_2
CSI_DATA,214828,2025-07-23 16:48:03.018,0,lie_down,00:00:00:00:00:00,-62,11,0,0,0,0,0,0,0,0,0,-97,0,1,0,2670883006,0,14,0,0,0,104,0,"[0, 0, -2, -95, -17, -54, -36, -13, -57, 23, -78, 55, -100, 81, -126, 101, -128, 116, -128, 123, -128, 124, -128, 121, -128, 115, -128, 106, -128, 94, -128, 82, -128, 73, -128, 69, -115, 69, -94, 74, -74, 81, -59, 90, -48, 100, -44, 110, -46, 121, -48, 127, 60, -46, 71, -48, 86, -54, 97, -59, 105, -49, 116, -39, 120, -37, 115, -34, 106, -31, 91, -34, 70, -43, 48, -53, 27, -66, 5, -86, -14, -113, -27, -128, -37, -128, -45, -128, -49, -128, -46, -128, -40, -128, -32, -128, -22, -128, -11, -128, -3, -128, 3, -128]",esp32_1
CSI_DATA,214829,2025-07-23 16:48:03.050,0,lie_down,00:00:00:00:00:00,-62,11,0,0,0,0,0,0,0,0,0,-97,0,1,0,2670892262,0,14,0,0,0,104,0,"[0, 0, 62, -61, 24, -44, -15, -30, -53, -22, -88, -17, -119, -14, -128, -14, -128, -16, -128, -22, -128, -30, -128, -37, -128, -44, -128, -47, -128, -48, -128, -45, -128, -38, -128, -29, -114, -16, -102, 1, -93, 18, -91, 33, -92, 47, -93, 58, -97, 63, -101, 65, 65, 17, 76, 25, 86, 35, 93, 45, 98, 56, 98, 63, 93, 67, 87, 68, 79, 61, 71, 48, 64, 29, 59, 7, 60, -16, 63, -41, 66, -71, 73, -102, 85, -128, 103, -128, 119, -128, 127, -128, 127, -128, 127, -128, 127, -128, 127, -128, 127, -128, 127, -128]",esp32_1
CSI_DATA,214830,2025-07-23 16:48:03.081,0,lie_down,00:00:00:00:00:00,-61,11,0,0,0,0,0,0,0,0,0,-97,0,1,0,2670903750,0,14,0,0,0,104,0,"[0, 0, 38, -96, 6, -64, -32, -35, -67, -12, -103, 8, -128, 21, -128, 28, -128, 32, -128, 29, -128, 21, -128, 13, -128, 5, -128, -5, -128, -11, -128, -13, -128, -10, -128, -2, -128, 9, -124, 24, -111, 40, -104, 57, -101, 71, -101, 83, -107, 90, -111, 92, 79, -19, 92, -17, 108, -11, 123, -5, 127, 2, 127, 10, 127, 17, 126, 20, 115, 19, 102, 11, 86, -8, 68, -29, 57, -50, 51, -78, 45, -112, 41, -128, 43, -128, 50, -128, 58, -128, 69, -128, 83, -128, 97, -128, 109, -128, 114, -128, 112, -128, 109, -128]",esp32_1
CSI_DATA,114084,2025-07-23 16:48:03.082,0,lie_down,00:00:00:00:00:00,-77,11,0,0,0,0,0,0,0,0,0,-97,0,1,0,1291673680,0,14,0,0,0,104,0,"[0, 0, -17, -26, -6, -31, 9, -37, 22, -48, 25, -69, 23, -89, 24, -110, 20, -128, 18, -128, 11, -128, -8, -128, -24, -128, -29, -128, -32, -128, -39, -128, -46, -128, -49, -128, -54, -128, -59, -128, -57, -128, -56, -128, -59, -128, -61, -128, -64, -128, -68, -128, 75, -71, 79, -63, 80, -46, 80, -23, 82, -6, 71, 6, 49, 24, 38, 50, 27, 73, 1, 87, -26, 98, -47, 109, -68, 115, -89, 120, -104, 122, -116, 120, -128, 106, -128, 88, -118, 79, -118, 69, -120, 59, -107, 47, -88, 27, -80, 14, -70, 2, -55, -11]",esp32_2
CSI_DATA,114085,2025-07-23 16:48:03.113,0,lie_down,00:00:00:00:00:00,-75,11,0,0,0,0,0,0,0,0,0,-97,0,1,0,1291683591,0,14,0,0,0,104,0,"[0, 0, -16, 29, -33, 33, -52, 34, -66, 37, -70, 48, -75, 68, -80, 87, -83, 110, -86, 127, -90, 127, -88, 127, -79, 127, -69, 127, -67, 127, -63, 127, -54, 127, -45, 127, -35, 127, -29, 127, -21, 127, -5, 127, 10, 127, 18, 127, 20, 113, 22, 85, -91, -75, -77, -77, -66, -86, -51, -94, -29, -88, -4, -80, 25, -75, 54, -69, 82, -58, 108, -45, 127, -31, 127, -14, 127, 7, 127, 25, 127, 38, 127, 49, 127, 56, 127, 60, 127, 68, 127, 80, 127, 82, 127, 76, 105, 71, 81, 64, 59, 53, 42, 40]",esp32_2
CSI_DATA,114086,2025-07-23 16:48:03.135,0,lie_down,00:00:00:00:00:00,-75,11,0,0,0,0,0,0,0,0,0,-97,0,1,0,1291694173,0,14,0,172,-78,104,0,"[0, 0, 22, -25, 39, -15, 61, -6, 79, -4, 93, -18, 107, -42, 115, -65, 127, -85, 127, -103, 127, -125, 127, -128, 127, -128, 127, -128, 127, -128, 127, -128, 127, -128, 127, -128, 127, -128, 127, -128, 112, -128, 88, -128, 67, -128, 46, -128, 31, -117, 22, -89, 62, 111, 46, 115, 33, 116, 22, 108, 3, 99, -26, 88, -58, 68, -85, 45, -103, 21, -122, -5, -128, -31, -128, -52, -128, -76, -128, -101, -128, -120, -128, -128, -128, -128, -128, -128, -128, -128, -124, -128, -110, -128, -92, -123, -79, -110, -64, -94, -44, -74, -29, -63]",esp32_2
CSI_DATA,114087,2025-07-23 16:48:03.172,0,lie_down,00:00:00:00:00:00,-75,11,0,0,0,0,0,0,0,0,0,-97,0,1,0,1291703600,0,14,0,172,-78,104,0,"[0, 0, 13, 35, -8, 46, -22, 56, -20, 72, -18, 88, -21, 103, -13, 123, 1, 127, 19, 127, 43, 127, 70, 127, 94, 127, 111, 127, 122, 127, 127, 127, 127, 127, 127, 127, 127, 127, 127, 127, 127, 127, 127, 127, 124, 127, 107, 115, 88, 82, 71, 54, -128, 6, -122, -2, -113, -15, -106, -31, -92, -48, -70, -63, -40, -79, -5, -87, 25, -93, 55, -100, 84, -101, 105, -108, 127, -117, 127, -112, 127, -104, 127, -96, 127, -87, 127, -78, 127, -67, 127, -55, 127, -41, 127, -25, 124, -12, 101, -10, 86, -9, 76, 0]",esp32_2
CSI_DATA,214832,2025-07-23 16:48:03.192,0,lie_down,00:00:00:00:00:00,-62,11,0,0,0,0,0,0,0,0,0,-97,0,1,0,2670920893,0,14,0,0,0,104,0,"[0, 0, 41, -73, 12, -49, -20, -27, -51, -13, -80, -3, -108, 6, -128, 11, -128, 13, -128, 11, -128, 5, -128, -2, -128, -8, -128, -13, -128, -17, -128, -19, -128, -17, -123, -10, -108, 2, -95, 15, -86, 28, -81, 40, -78, 52, -78, 61, -84, 67, -89, 70, 62, -5, 72, -1, 84, 6, 95, 12, 104, 20, 106, 28, 103, 33, 96, 36, 87, 33, 77, 24, 66, 8, 56, -9, 49, -27, 45, -50, 42, -77, 41, -106, 46, -128, 56, -128, 66, -128, 78, -128, 90, -128, 99, -128, 106, -128, 109, -128, 109, -128, 107, -128]",esp32_1
CSI_DATA,114088,2025-07-23 16:48:03.203,0,lie_down,00:00:00:00:00:00,-75,11,0,0,0,0,0,0,0,0,0,-97,0,1,0,1291713600,0,14,0,172,-78,104,0,"[0, 0, -29, -19, -20, -39, -11, -55, -18, -62, -32, -74, -48, -89, -66, -100, -83, -112, -103, -125, -128, -128, -128, -128, -128, -128, -128, -128, -128, -128, -128, -128, -128, -128, -128, -128, -128, -114, -128, -103, -128, -92, -128, -74, -128, -55, -128, -33, -105, -9, -86, 5, 86, -85, 87, -76, 85, -56, 83, -34, 86, -15, 81, 2, 67, 27, 55, 54, 40, 79, 21, 101, 1, 119, -19, 127, -38, 127, -52, 127, -65, 127, -77, 127, -85, 127, -92, 127, -96, 127, -95, 127, -92, 125, -89, 109, -85, 91, -76, 73, -59, 47, -39, 24]",esp32_2
CSI_DATA,214833,2025-07-23 16:48:03.224,0,lie_down,00:00:00:00:00:00,-61,11,0,0,0,0,0,0,0,0,0,-97,0,1,0,2670930771,0,14,0,0,0,104,0,"[0, 0, 83, -13, 43, -20, 7, -31, -23, -50, -51, -68, -77, -84, -98, -101, -115, -117, -123, -128, -126, -128, -127, -128, -124, -128, -115, -128, -104, -128, -94, -128, -84, -121, -77, -103, -75, -84, -75, -65, -79, -48, -87, -34, -96, -23, -104, -17, -111, -17, -116, -21, 37, 48, 41, 61, 46, 76, 47, 90, 43, 101, 37, 107, 30, 108, 24, 105, 22, 95, 24, 82, 28, 64, 37, 45, 53, 26, 73, 7, 93, -11, 112, -30, 127, -44, 127, -53, 127, -55, 127, -52, 127, -49, 127, -43, 127, -37, 127, -30, 127, -19, 127, -9]",esp32_1
CSI_DATA,214834,2025-07-23 16:48:03.253,0,lie_down,00:00:00:00:00:00,-61,11,0,0,0,0,0,0,0,0,0,-97,0,1,0,2670941727,0,14,0,0,0,104,0,"[0, 0, -75, 44, -37, 38, 1, 35, 36, 41, 68, 49, 97, 56, 122, 64, 127, 73, 127, 83, 127, 95, 127, 106, 127, 111, 127, 112, 127, 110, 127, 103, 117, 89, 104, 72, 95, 54, 91, 36, 90, 19, 92, 6, 97, -2, 103, -9, 110, -12, 115, -11, -59, -27, -66, -35, -74, -49, -82, -62, -85, -72, -82, -79, -75, -81, -69, -79, -63, -73, -58, -60, -54, -42, -54, -22, -59, -2, -69, 22, -80, 48, -93, 73, -111, 96, -128, 113, -128, 124, -128, 127, -128, 127, -128, 127, -128, 123, -128, 113, -128, 98, -128, 83]",esp32_1
CSI_DATA,214835,2025-07-23 16:48:03.275,0,lie_down,00:00:00:00:00:00,-62,11,0,0,0,0,0,0,0,0,0,-97,0,1,0,2670950786,0,14,0,0,0,104,0,"[0, 0, -33, -94, -27, -46, -29, 2, -34, 47, -41, 87, -51, 121, -65, 127, -81, 127, -95, 127, -106, 127, -115, 127, -119, 127, -121, 127, -121, 127, -112, 127, -95, 127, -76, 127, -54, 120, -33, 112, -13, 108, 6, 107, 23, 110, 34, 116, 39, 125, 40, 127, 52, -56, 64, -63, 78, -71, 94, -75, 110, -75, 120, -70, 123, -63, 119, -55, 106, -48, 88, -47, 68, -51, 42, -56, 12, -64, -17, -78, -44, -99, -68, -124, -89, -128, -109, -128, -123, -128, -128, -128, -128, -128, -126, -128, -117, -128, -105, -128, -90, -128, -76, -128]",esp32_1
CSI_DATA,114090,2025-07-23 16:48:03.281,0,lie_down,00:00:00:00:00:00,-75,11,0,0,0,0,0,0,0,0,0,-97,0,1,0,1291734111,0,14,0,172,-78,104,0,"[0, 0, 28, -3, 35, 8, 50, 17, 66, 25, 79, 33, 94, 35, 116, 28, 127, 23, 127, 13, 127, -3, 127, -20, 127, -36, 127, -51, 127, -67, 127, -83, 127, -88, 127, -93, 127, -103, 127, -107, 127, -100, 127, -89, 127, -83, 126, -77, 94, -67, 67, -57, -34, 120, -44, 108, -50, 93, -57, 78, -70, 61, -78, 40, -78, 12, -82, -20, -86, -49, -85, -73, -81, -97, -70, -127, -57, -128, -49, -128, -41, -128, -34, -128, -27, -128, -18, -128, -9, -128, 2, -128, 9, -128, 9, -128, 11, -120, 13, -101, 18, -81, 24, -70]",esp32_2
CSI_DATA,214836,2025-07-23 16:48:03.307,0,lie_down,00:00:00:00:00:00,-62,11,0,0,0,0,0,0,0,0,0,-97,0,1,0,2670966793,0,14,0,0,0,104,0,"[0, 0, -91, -2, -49, 9, -10, 24, 27, 47, 58, 71, 83, 91, 103, 108, 116, 123, 125, 127, 127, 127, 127, 127, 127, 127, 119, 127, 107, 127, 96, 127, 87, 127, 79, 108, 76, 86, 79, 65, 84, 46, 91, 29, 100, 18, 108, 12, 117, 11, 121, 12, -29, -62, -32, -75, -34, -92, -33, -108, -28, -118, -20, -122, -10, -121, -3, -116, -3, -106, -9, -92, -17, -73, -30, -52, -50, -33, -75, -17, -100, 0, -125, 16, -128, 27, -128, 31, -128, 32, -128, 30, -128, 23, -128, 15, -128, 7, -128, 1, -128, -7, -128, -14]",esp32_1
CSI_DATA,114091,2025-07-23 16:48:03.307,0,lie_down,00:00:00:00:00:00,-75,11,0,0,0,0,0,0,0,0,0,-97,0,1,0,1291743589,0,14,0,172,-78,104,0,"[0, 0, 19, -2, 23, 6, 36, 8, 50, 9, 61, 13, 71, 14, 87, 9, 102, -1, 114, -12, 127, -23, 127, -35, 127, -48, 127, -61, 127, -76, 127, -88, 127, -95, 127, -95, 127, -96, 127, -99, 127, -97, 121, -89, 101, -80, 82, -70, 60, -57, 41, -45, -12, 81, -23, 75, -30, 70, -32, 59, -39, 45, -48, 32, -55, 16, -61, -4, -64, -25, -64, -46, -63, -66, -59, -81, -55, -95, -53, -113, -49, -122, -46, -125, -38, -128, -29, -128, -25, -125, -20, -120, -13, -109, -8, -97, -1, -85, 10, -70, 14, -57, 14, -47]",esp32_2
CSI_DATA,114092,2025-07-23 16:48:03.337,0,lie_down,00:00:00:00:00:00,-75,11,0,0,0,0,0,0,0,0,0,-97,0,1,0,1291753642,0,14,0,0,0,104,0,"[0, 0, 6, 33, -3, 46, -10, 59, -9, 80, -2, 100, 4, 116, 8, 127, 23, 127, 48, 127, 71, 127, 92, 127, 116, 127, 127, 127, 127, 127, 127, 127, 127, 127, 127, 127, 127, 127, 127, 127, 127, 127, 127, 127, 127, 127, 127, 104, 101, 71, 82, 54, -124, 32, -126, 18, -120, 0, -108, -18, -93, -33, -73, -44, -51, -57, -28, -77, 2, -99, 33, -114, 62, -121, 88, -128, 108, -128, 127, -128, 127, -128, 127, -128, 127, -122, 127, -112, 127, -101, 127, -84, 127, -66, 127, -53, 127, -47, 115, -35, 92, -16, 82, -6]",esp32_2
CSI_DATA,214837,2025-07-23 16:48:03.345,0,lie_down,00:00:00:00:00:00,-62,11,0,0,0,0,0,0,0,0,0,-97,0,1,0,2670975371,0,14,0,144,47,104,0,"[0, 0, 68, 50, 43, 16, 22, -19, 1, -55, -14, -89, -23, -120, -29, -128, -28, -128, -24, -128, -21, -128, -19, -128, -14, -128, -8, -128, -2, -128, -1, -128, -4, -128, -10, -128, -20, -116, -32, -98, -47, -84, -63, -75, -77, -70, -86, -69, -94, -73, -99, -78, -15, 65, -20, 78, -29, 92, -39, 101, -49, 105, -59, 105, -64, 102, -64, 95, -58, 85, -45, 75, -30, 66, -7, 58, 23, 52, 54, 51, 84, 53, 110, 58, 127, 68, 127, 77, 127, 88, 127, 102, 127, 114, 127, 125, 127, 127, 127, 127, 127, 127, 127, 127]",esp32_1
CSI_DATA,114093,2025-07-23 16:48:03.383,0,lie_down,00:00:00:00:00:00,-75,11,0,0,0,0,0,0,0,0,0,-97,0,1,0,1291765739,0,14,0,0,0,104,0,"[0, 0, 45, -7, 58, 9, 72, 13, 85, 9, 97, 9, 116, 7, 127, -4, 127, -20, 127, -40, 127, -66, 127, -95, 127, -117, 127, -128, 127, -128, 127, -128, 127, -128, 127, -128, 127, -128, 127, -128, 127, -128, 127, -128, 127, -128, 99, -124, 71, -102, 44, -84, -1, 122, -11, 122, -24, 114, -40, 96, -56, 79, -70, 59, -81, 31, -91, 1, -102, -24, -107, -52, -108, -80, -108, -107, -108, -128, -108, -128, -104, -128, -93, -128, -87, -128, -83, -128, -71, -128, -55, -128, -41, -128, -26, -128, -13, -128, -6, -108, 1, -84, 10, -67]",esp32_2
CSI_DATA,214839,2025-07-23 16:48:03.425,0,lie_down,00:00:00:00:00:00,-62,11,0,0,0,0,0,0,0,0,0,-97,0,1,0,2670990780,0,14,0,144,47,104,0,"[0, 0, 16, 86, 19, 43, 28, 0, 39, -37, 51, -70, 65, -101, 81, -126, 98, -128, 114, -128, 124, -128, 127, -128, 127, -128, 127, -128, 127, -128, 123, -128, 105, -114, 88, -104, 69, -99, 48, -96, 27, -94, 9, -96, -3, -101, -11, -108, -14, -119, -13, -126, -56, 42, -66, 47, -80, 53, -94, 54, -107, 53, -115, 48, -117, 42, -112, 37, -102, 32, -86, 30, -67, 37, -44, 44, -20, 53, 1, 69, 21, 92, 39, 117, 57, 127, 73, 127, 82, 127, 86, 127, 83, 127, 78, 127, 68, 127, 57, 127, 47, 127, 38, 127]",esp32_1
CSI_DATA,114094,2025-07-23 16:48:03.425,0,lie_down,00:00:00:00:00:00,-75,11,0,0,0,0,0,0,0,0,0,-97,0,1,0,1291774856,0,14,0,0,0,104,0,"[0, 0, 0, -23, 16, -22, 30, -25, 35, -32, 37, -42, 41, -57, 47, -72, 50, -89, 48, -109, 43, -125, 36, -128, 30, -128, 25, -128, 19, -128, 14, -128, 7, -128, 0, -128, -6, -128, -10, -128, -10, -128, -17, -128, -23, -128, -23, -101, -25, -75, -24, -59, 73, 38, 68, 42, 61, 48, 46, 52, 28, 54, 9, 52, -8, 47, -27, 44, -47, 44, -63, 41, -80, 33, -95, 26, -108, 19, -122, 6, -128, -4, -128, -11, -128, -21, -128, -27, -119, -31, -109, -36, -99, -37, -90, -39, -80, -40, -65, -34, -46, -29, -34, -26]",esp32_2
CSI_DATA,214840,2025-07-23 16:48:03.447,0,lie_down,00:00:00:00:00:00,-62,11,0,0,0,0,0,0,0,0,0,-97,0,1,0,2671000784,0,14,0,144,47,104,0,"[0, 0, 13, -98, -5, -57, -31, -17, -55, 20, -79, 52, -103, 79, -128, 101, -128, 115, -128, 121, -128, 123, -128, 122, -128, 116, -128, 109, -128, 98, -128, 86, -128, 79, -128, 76, -108, 77, -85, 81, -64, 88, -48, 98, -37, 108, -32, 118, -32, 127, -33, 127, 73, -29, 85, -30, 100, -28, 117, -24, 127, -18, 127, -11, 127, -5, 127, -1, 117, 1, 101, -3, 82, -17, 60, -33, 38, -49, 20, -73, 5, -105, -6, -128, -12, -128, -16, -128, -17, -128, -13, -128, -6, -128, 4, -128, 15, -128, 24, -128, 30, -128, 33, -128]",esp32_1
CSI_DATA,114095,2025-07-23 16:48:03.447,0,lie_down,00:00:00:00:00:00,-75,11,0,0,0,0,0,0,0,0,0,-97,0,1,0,1291783594,0,14,0,0,0,104,0,"[0, 0, -40, -5, -46, -15, -53, -19, -70, -24, -91, -30, -111, -37, -128, -32, -128, -25, -128, -19, -128, -8, -128, 10, -128, 33, -128, 57, -128, 76, -128, 90, -128, 99, -128, 101, -128, 99, -128, 99, -128, 98, -128, 96, -128, 90, -128, 80, -103, 65, -77, 57, 19, -124, 28, -115, 38, -108, 49, -96, 61, -72, 70, -47, 77, -29, 83, -4, 85, 34, 90, 69, 93, 97, 83, 127, 74, 127, 72, 127, 59, 127, 49, 127, 47, 127, 39, 127, 28, 127, 20, 127, 16, 127, 8, 127, -7, 127, -11, 120, -8, 93, -8, 76]",esp32_2
CSI_DATA,214841,2025-07-23 16:48:03.481,0,lie_down,00:00:00:00:00:00,-62,11,0,0,0,0,0,0,0,0,0,-97,0,1,0,2671010815,0,14,0,0,0,104,0,"[0, 0, 78, 36, 47, 8, 21, -23, -3, -56, -25, -87, -42, -116, -50, -128, -53, -128, -55, -128, -54, -128, -52, -128, -48, -128, -39, -128, -29, -128, -23, -128, -22, -128, -25, -128, -33, -117, -44, -98, -57, -80, -71, -68, -84, -61, -94, -59, -101, -62, -106, -67, 4, 67, 1, 81, -3, 97, -9, 109, -18, 117, -29, 119, -38, 117, -41, 110, -35, 101, -25, 90, -13, 77, 7, 62, 35, 50, 66, 42, 94, 35, 119, 32, 127, 35, 127, 41, 127, 48, 127, 58, 127, 69, 127, 80, 127, 90, 127, 95, 127, 94, 127, 92]",esp32_1
CSI_DATA,214842,2025-07-23 16:48:03.513,0,lie_down,00:00:00:00:00:00,-62,11,0,0,0,0,0,0,0,0,0,-97,0,1,0,2671020806,0,14,0,0,0,104,0,"[0, 0, -91, -39, -56, -8, -25, 25, 4, 62, 28, 99, 46, 127, 58, 127, 62, 127, 62, 127, 60, 127, 58, 127, 53, 127, 46, 127, 37, 127, 30, 127, 28, 127, 29, 127, 36, 126, 48, 106, 63, 89, 78, 75, 93, 66, 105, 63, 113, 66, 115, 72, -7, -77, -4, -90, -1, -108, 5, -121, 16, -128, 28, -128, 36, -128, 41, -123, 39, -114, 26, -99, 10, -82, -11, -66, -41, -55, -74, -47, -105, -40, -128, -35, -128, -37, -128, -42, -128, -50, -128, -61, -128, -72, -128, -84, -128, -94, -128, -99, -128, -99, -128, -100]",esp32_1
CSI_DATA,114097,2025-07-23 16:48:03.540,0,lie_down,00:00:00:00:00:00,-75,11,0,0,0,0,0,0,0,0,0,-97,0,1,0,1291803590,0,14,0,0,0,104,0,"[0, 0, 30, 8, 41, 18, 49, 27, 60, 37, 79, 38, 98, 40, 117, 47, 127, 44, 127, 33, 127, 20, 127, 6, 127, -12, 127, -23, 127, -27, 127, -42, 127, -57, 127, -69, 127, -82, 127, -87, 127, -82, 127, -79, 127, -78, 127, -74, 111, -66, 80, -59, -36, 115, -49, 110, -60, 102, -65, 89, -72, 65, -82, 35, -85, 7, -85, -20, -83, -51, -83, -82, -79, -111, -66, -128, -49, -128, -42, -128, -37, -128, -28, -128, -20, -128, -10, -128, 7, -128, 23, -128, 27, -128, 21, -128, 16, -128, 22, -115, 30, -91, 27, -71]",esp32_2
CSI_DATA,214843,2025-07-23 16:48:03.550,0,lie_down,00:00:00:00:00:00,-62,11,0,0,0,0,0,0,0,0,0,-97,0,1,0,2671030783,0,14,0,0,0,104,0,"[0, 0, 53, 68, 37, 29, 29, -10, 20, -50, 12, -87, 10, -121, 13, -128, 22, -128, 31, -128, 38, -128, 44, -128, 50, -128, 55, -128, 58, -128, 55, -128, 46, -128, 33, -128, 19, -118, 4, -108, -15, -99, -34, -94, -49, -92, -57, -95, -62, -102, -64, -109, -28, 63, -34, 73, -42, 86, -52, 95, -65, 100, -77, 98, -83, 93, -82, 87, -74, 79, -60, 71, -43, 66, -18, 61, 12, 59, 42, 63, 68, 71, 93, 82, 119, 98, 127, 114, 127, 127, 127, 127, 127, 127, 127, 127, 127, 127, 127, 127, 127, 127, 127, 127]",esp32_1
CSI_DATA,114098,2025-07-23 16:48:03.576,0,lie_down,00:00:00:00:00:00,-75,11,0,0,0,0,0,0,0,0,0,-97,0,1,0,1291813574,0,14,0,0,0,104,0,"[0, 0, 33, -5, 39, 13, 50, 27, 63, 31, 78, 33, 98, 36, 119, 32, 127, 19, 127, 5, 127, -3, 127, -12, 127, -28, 127, -50, 127, -66, 127, -76, 127, -86, 127, -93, 127, -98, 127, -100, 127, -97, 127, -93, 127, -85, 127, -76, 96, -69, 69, -63, -21, 122, -26, 113, -36, 98, -51, 83, -62, 67, -69, 48, -76, 24, -81, -7, -81, -37, -85, -62, -87, -88, -84, -119, -81, -128, -76, -128, -65, -128, -52, -128, -44, -128, -36, -128, -28, -128, -19, -128, -8, -128, -2, -128, 4, -128, 16, -109, 20, -85, 15, -65]",esp32_2
