type,seq,timestamp,taget_seq,taget,mac,rssi,rate,sig_mode,mcs,cwb,smoothing,not_sounding,aggregation,stbc,fec_coding,sgi,noise_floor,ampdu_cnt,channel_primary,channel_secondary,local_timestamp,ant,sig_len,rx_state,agc_gain,fft_gain,len,first_word_invalid,data,device_id
CSI_DATA,142310,2025-08-27 15:35:46.636,0,sit,00:00:00:00:00:00,-40,11,0,0,0,0,0,0,0,0,0,-97,0,1,0,1017265608,0,14,0,0,0,104,0,"[0, 0, -128, 119, -128, 100, -128, 94, -128, 95, -128, 102, -128, 113, -128, 125, -128, 127, -128, 127, -128, 127, -128, 121, -128, 106, -128, 90, -128, 74, -128, 62, -98, 57, -69, 60, -46, 72, -33, 91, -29, 109, -34, 126, -48, 127, -65, 127, -81, 122, -92, 109, -128, -23, -128, -43, -128, -61, -128, -67, -128, -62, -128, -46, -128, -25, -128, -1, -128, 22, -128, 38, -128, 46, -128, 47, -128, 41, -128, 35, -128, 33, -128, 35, -128, 41, -128, 55, -128, 76, -128, 102, -128, 127, -128, 127, -128, 127, -128, 127, -128, 127, -128, 127]",esp32_2
CSI_DATA,142311,2025-08-27 15:35:46.658,0,sit,00:00:00:00:00:00,-41,11,0,0,0,0,0,0,0,0,0,-97,0,1,0,1017302616,0,14,0,0,0,104,0,"[0, 0, 127, 127, 127, 127, 127, 127, 127, 127, 127, 127, 127, 113, 127, 96, 127, 86, 127, 84, 127, 87, 127, 93, 127, 97, 127, 97, 127, 88, 109, 71, 88, 48, 76, 21, 76, -5, 86, -28, 101, -42, 118, -45, 127, -38, 127, -23, 127, -4, 127, 12, 79, 127, 57, 127, 32, 127, 16, 127, 11, 127, 17, 127, 33, 127, 56, 124, 83, 124, 107, 127, 126, 127, 127, 127, 127, 127, 127, 127, 127, 127, 127, 127, 127, 127, 127, 127, 127, 127, 127, 127, 127, 121, 127, 124, 127, 127, 127, 127, 127, 127, 127, 127]",esp32_2
CSI_DATA,142312,2025-08-27 15:35:46.678,0,sit,00:00:00:00:00:00,-40,11,0,0,0,0,0,0,0,0,0,-97,0,1,0,1017325968,0,14,0,0,0,104,0,"[0, 0, -128, -101, -128, -100, -128, -90, -128, -72, -128, -50, -128, -27, -128, -10, -128, 1, -128, 6, -128, 6, -128, -1, -128, -12, -128, -22, -128, -28, -128, -23, -110, -9, -89, 10, -79, 32, -79, 56, -87, 74, -100, 83, -114, 84, -127, 76, -128, 59, -128, 41, -128, -128, -128, -128, -128, -128, -125, -128, -111, -128, -105, -128, -110, -105, -125, -86, -128, -72, -128, -67, -128, -71, -128, -79, -128, -91, -128, -102, -128, -106, -128, -102, -128, -93, -128, -78, -128, -57, -128, -35, -128, -16, -128, -4, -128, 0, -128, -3, -128, -18, -128, -39]",esp32_2
CSI_DATA,142313,2025-08-27 15:35:46.699,0,sit,00:00:00:00:00:00,-40,11,0,0,0,0,0,0,0,0,0,-97,0,1,0,1017360342,0,14,0,0,0,104,0,"[0, 0, -89, 127, -93, 127, -81, 127, -63, 127, -38, 127, -13, 127, 7, 127, 18, 127, 22, 127, 19, 127, 10, 127, 0, 127, -10, 127, -16, 127, -15, 127, -2, 108, 18, 85, 41, 73, 65, 69, 84, 76, 94, 90, 96, 107, 87, 121, 70, 127, 53, 127, -128, 127, -128, 127, -128, 127, -128, 127, -128, 117, -124, 111, -99, 117, -77, 127, -63, 127, -58, 127, -62, 127, -71, 127, -82, 127, -92, 127, -95, 127, -91, 127, -82, 127, -65, 127, -42, 127, -17, 127, 5, 127, 19, 127, 23, 127, 17, 127, 3, 127, -13, 127]",esp32_2
CSI_DATA,139224,2025-08-27 15:35:46.709,0,sit,00:00:00:00:00:00,-66,11,0,0,0,0,0,0,0,0,0,-97,0,1,0,4157895549,0,14,0,0,0,104,0,"[0, 0, 127, 127, 127, 127, 127, 127, 127, 127, 127, 107, 126, 70, 127, 39, 127, 10, 127, -13, 127, -32, 127, -43, 127, -44, 127, -41, 127, -23, 127, -11, 127, 15, 127, 37, 104, 50, 73, 59, 32, 59, -1, 53, -32, 41, -55, 28, -80, 11, -88, -12, -80, -85, -82, -87, -89, -87, -96, -88, -102, -90, -102, -94, -100, -89, -106, -88, -103, -80, -108, -81, -96, -63, -92, -57, -90, -53, -87, -42, -75, -28, -60, -18, -45, -5, -27, 8, -7, 18, 19, 33, 43, 41, 74, 61, 114, 88, 126, 107, 127, 127, 127, 127]",esp32_1
CSI_DATA,142314,2025-08-27 15:35:46.729,0,sit,00:00:00:00:00:00,-40,11,0,0,0,0,0,0,0,0,0,-97,0,1,0,1017393317,0,14,0,27,-59,104,0,"[0, 0, 127, 57, 127, 61, 127, 54, 127, 39, 127, 17, 127, -7, 127, -27, 127, -40, 127, -46, 127, -47, 127, -39, 127, -26, 127, -14, 127, -5, 127, -3, 113, -12, 89, -27, 75, -49, 72, -73, 77, -93, 89, -105, 105, -107, 121, -99, 127, -82, 127, -65, 127, 123, 127, 127, 127, 127, 127, 127, 127, 124, 117, 104, 119, 81, 127, 60, 127, 44, 127, 36, 127, 37, 127, 44, 127, 55, 127, 64, 127, 66, 127, 60, 127, 50, 127, 34, 127, 12, 127, -12, 127, -34, 127, -49, 127, -55, 127, -52, 127, -37, 127, -16]",esp32_2
CSI_DATA,139225,2025-08-27 15:35:46.731,0,sit,00:00:00:00:00:00,-66,11,0,0,0,0,0,0,0,0,0,-97,0,1,0,4157943782,0,14,0,0,0,104,0,"[0, 0, -35, -128, -24, -128, -30, -128, -35, -128, -44, -128, -64, -128, -85, -120, -117, -102, -128, -86, -128, -78, -128, -78, -128, -82, -128, -91, -128, -105, -128, -116, -128, -114, -98, -124, -60, -114, -24, -101, 8, -72, 33, -45, 49, -13, 62, 17, 67, 42, 60, 68, 23, 121, 32, 127, 28, 125, 34, 127, 35, 127, 42, 127, 44, 127, 41, 127, 45, 127, 54, 127, 50, 122, 52, 107, 64, 99, 62, 86, 60, 76, 48, 51, 40, 33, 30, 11, 21, -14, 10, -37, -12, -71, -21, -111, -46, -128, -44, -128, -48, -128, -52, -128]",esp32_1
CSI_DATA,139226,2025-08-27 15:35:46.752,0,sit,00:00:00:00:00:00,-66,11,0,0,0,0,0,0,0,0,0,-97,0,1,0,4157968099,0,14,0,0,0,104,0,"[0, 0, 114, 127, 101, 127, 108, 127, 94, 127, 89, 127, 90, 118, 107, 94, 126, 62, 127, 47, 127, 27, 127, 22, 127, 24, 127, 34, 127, 43, 127, 60, 127, 78, 119, 85, 78, 88, 41, 79, 6, 65, -18, 48, -41, 25, -54, -3, -69, -25, -70, -54, -79, -87, -80, -92, -82, -92, -91, -97, -94, -100, -97, -108, -90, -103, -91, -108, -89, -94, -96, -92, -96, -73, -87, -64, -87, -66, -86, -52, -74, -44, -63, -20, -47, -8, -35, 3, -23, 16, 4, 39, 23, 53, 55, 76, 86, 115, 97, 127, 116, 127, 127, 127]",esp32_1
CSI_DATA,142315,2025-08-27 15:35:46.752,0,sit,00:00:00:00:00:00,-40,11,0,0,0,0,0,0,0,0,0,-97,0,1,0,1017422464,0,14,0,27,-59,104,0,"[0, 0, 44, -128, 52, -128, 47, -128, 33, -128, 8, -128, -19, -128, -41, -128, -58, -128, -62, -128, -57, -128, -50, -128, -41, -128, -33, -128, -26, -128, -22, -128, -27, -111, -39, -83, -60, -65, -85, -57, -104, -58, -120, -71, -125, -92, -116, -109, -100, -121, -84, -128, 127, -128, 127, -128, 127, -128, 127, -128, 127, -120, 115, -112, 87, -117, 65, -128, 50, -128, 48, -128, 52, -128, 62, -128, 73, -128, 79, -128, 76, -128, 67, -128, 55, -128, 37, -128, 11, -128, -19, -128, -45, -128, -61, -128, -63, -128, -52, -128, -35, -128, -17, -128]",esp32_2
CSI_DATA,142316,2025-08-27 15:35:46.775,0,sit,00:00:00:00:00:00,-40,11,0,0,0,0,0,0,0,0,0,-97,0,1,0,1017481156,0,14,0,0,0,104,0,"[0, 0, 127, 127, 127, 127, 127, 127, 127, 127, 127, 127, 127, 104, 127, 82, 127, 70, 127, 68, 127, 70, 127, 74, 127, 76, 127, 74, 127, 67, 109, 55, 90, 35, 77, 12, 75, -13, 83, -35, 95, -49, 111, -54, 127, -45, 127, -29, 127, -12, 127, 1, 59, 127, 40, 127, 19, 127, 8, 127, 6, 127, 15, 127, 34, 120, 59, 114, 86, 119, 107, 127, 119, 127, 125, 127, 125, 127, 124, 127, 125, 127, 126, 127, 127, 127, 127, 127, 127, 127, 127, 114, 127, 108, 127, 115, 127, 127, 127, 127, 127, 127, 127, 127]",esp32_2
CSI_DATA,139227,2025-08-27 15:35:46.779,0,sit,00:00:00:00:00:00,-65,11,0,0,0,0,0,0,0,0,0,-97,0,1,0,4158004105,0,14,0,0,0,104,0,"[0, 0, 117, -128, 117, -128, 120, -128, 90, -128, 62, -128, 30, -128, -7, -128, -48, -128, -80, -128, -109, -128, -124, -128, -128, -128, -128, -128, -116, -128, -89, -128, -51, -128, -20, -128, 11, -128, 38, -111, 46, -66, 56, -22, 54, 18, 46, 58, 29, 89, 10, 106, -34, 127, -38, 127, -37, 127, -34, 127, -35, 127, -33, 127, -32, 127, -29, 127, -25, 127, -22, 127, -7, 127, 7, 127, -1, 127, 9, 118, 15, 96, 30, 91, 28, 63, 30, 36, 23, 1, 24, -31, 19, -77, 27, -119, 50, -128, 52, -128, 58, -128, 97, -128]",esp32_1
CSI_DATA,139228,2025-08-27 15:35:46.796,0,sit,00:00:00:00:00:00,-65,11,0,0,0,0,0,0,0,0,0,-97,0,1,0,4158029474,0,14,0,0,0,104,0,"[0, 0, -122, 127, -128, 127, -102, 127, -128, 127, -65, 127, -43, 127, -17, 127, 24, 127, 19, 127, 30, 127, 43, 127, 48, 127, 74, 127, 51, 127, 40, 127, 14, 127, -17, 127, -26, 114, -45, 76, -52, 44, -49, 2, -34, -25, -25, -50, -10, -71, 11, -88, 46, -94, 57, -128, 45, -101, 59, -128, 44, -109, 65, -128, 45, -128, 52, -128, 37, -128, 37, -104, 49, -115, 39, -108, 27, -97, 16, -90, 1, -94, -5, -61, -13, -61, -7, -32, -17, -9, -28, 35, -30, 65, -33, 102, -54, 99, -89, 127, -105, 127, -128, 127]",esp32_1
CSI_DATA,142317,2025-08-27 15:35:46.796,0,sit,00:00:00:00:00:00,-40,11,0,0,0,0,0,0,0,0,0,-97,0,1,0,1017507580,0,14,0,27,-59,104,0,"[0, 0, 127, -128, 127, -128, 127, -128, 127, -128, 127, -128, 127, -128, 110, -128, 94, -128, 85, -128, 82, -128, 84, -128, 85, -128, 83, -128, 78, -128, 64, -120, 43, -101, 18, -89, -5, -88, -25, -97, -39, -110, -44, -127, -39, -128, -26, -128, -8, -128, 8, -128, 127, -80, 127, -58, 127, -34, 127, -21, 127, -17, 127, -24, 127, -43, 125, -68, 127, -98, 127, -125, 127, -128, 127, -128, 127, -128, 127, -128, 127, -128, 127, -128, 127, -128, 127, -128, 127, -128, 127, -128, 127, -128, 127, -128, 127, -128, 127, -128, 127, -128, 127, -128]",esp32_2
CSI_DATA,139229,2025-08-27 15:35:46.817,0,sit,00:00:00:00:00:00,-65,11,0,0,0,0,0,0,0,0,0,-97,0,1,0,4158063916,0,14,0,0,0,104,0,"[0, 0, 104, 127, 97, 127, 96, 127, 95, 127, 95, 127, 95, 117, 113, 91, 127, 64, 127, 49, 127, 37, 127, 36, 127, 39, 127, 41, 127, 58, 127, 69, 127, 75, 114, 91, 78, 84, 41, 80, 9, 63, -19, 40, -41, 16, -55, -6, -65, -33, -65, -55, -76, -85, -84, -100, -78, -98, -89, -104, -89, -103, -91, -113, -90, -101, -93, -104, -95, -97, -95, -90, -86, -82, -86, -70, -90, -66, -88, -56, -82, -44, -66, -25, -56, -20, -35, -2, -20, 12, 3, 32, 31, 53, 58, 81, 87, 100, 91, 127, 111, 127, 127, 127]",esp32_1
CSI_DATA,142318,2025-08-27 15:35:46.817,0,sit,00:00:00:00:00:00,-40,11,0,0,0,0,0,0,0,0,0,-97,0,1,0,1017531840,0,14,0,27,-59,104,0,"[0, 0, -128, -43, -128, -53, -128, -54, -128, -45, -128, -25, -128, -3, -128, 18, -128, 35, -128, 45, -128, 50, -128, 48, -128, 42, -128, 35, -128, 27, -121, 25, -95, 30, -73, 40, -58, 56, -52, 76, -53, 94, -63, 107, -77, 112, -93, 107, -105, 95, -111, 83, -128, -128, -128, -128, -128, -128, -122, -128, -107, -121, -100, -100, -103, -76, -117, -54, -128, -39, -128, -32, -128, -34, -128, -41, -128, -51, -128, -58, -128, -59, -128, -55, -128, -44, -128, -27, -128, -3, -128, 23, -128, 46, -128, 63, -128, 70, -128, 67, -128, 52, -128, 32]",esp32_2
CSI_DATA,139230,2025-08-27 15:35:46.842,0,sit,00:00:00:00:00:00,-65,11,0,0,0,0,0,0,0,0,0,-97,0,1,0,4158112086,0,14,0,0,0,104,0,"[0, 0, 127, -128, 127, -128, 127, -128, 127, -128, 126, -128, 77, -128, 48, -128, 5, -128, -21, -128, -52, -128, -62, -128, -74, -128, -73, -128, -46, -128, -24, -128, -2, -128, 27, -128, 50, -128, 59, -102, 66, -59, 60, -6, 41, 35, 22, 67, -2, 88, -18, 99, -62, 127, -68, 127, -69, 127, -72, 127, -76, 127, -78, 127, -77, 127, -76, 127, -62, 127, -55, 127, -53, 127, -41, 127, -18, 127, -6, 122, -4, 106, 2, 91, 10, 75, 13, 50, 23, 9, 31, -23, 46, -63, 52, -113, 73, -128, 101, -128, 127, -128, 127, -128]",esp32_1
CSI_DATA,142319,2025-08-27 15:35:46.842,0,sit,00:00:00:00:00:00,-40,11,0,0,0,0,0,0,0,0,0,-97,0,1,0,1017566304,0,14,0,27,-59,104,0,"[0, 0, 127, -115, 127, -88, 127, -73, 127, -67, 127, -69, 127, -79, 127, -93, 127, -108, 127, -119, 127, -126, 127, -125, 127, -118, 123, -107, 112, -92, 92, -79, 68, -72, 44, -71, 24, -79, 10, -94, 2, -110, 4, -126, 13, -128, 26, -128, 42, -128, 54, -124, 127, 50, 127, 65, 127, 76, 127, 76, 127, 67, 127, 50, 122, 27, 127, 3, 127, -20, 127, -40, 127, -50, 127, -51, 127, -46, 127, -40, 127, -36, 127, -38, 127, -46, 127, -62, 127, -85, 127, -112, 127, -128, 127, -128, 127, -128, 127, -128, 127, -128, 127, -128]",esp32_2
CSI_DATA,142320,2025-08-27 15:35:46.861,0,sit,00:00:00:00:00:00,-40,11,0,0,0,0,0,0,0,0,0,-97,0,1,0,1017594044,0,14,0,27,-59,104,0,"[0, 0, 127, 127, 127, 127, 127, 127, 127, 127, 127, 126, 127, 91, 127, 62, 127, 42, 127, 28, 127, 20, 127, 20, 127, 22, 127, 24, 127, 22, 120, 13, 98, -3, 81, -23, 73, -46, 74, -69, 83, -86, 96, -95, 111, -95, 125, -87, 127, -72, 127, -56, 66, 127, 46, 127, 24, 127, 13, 127, 12, 127, 22, 127, 42, 113, 70, 103, 101, 103, 127, 111, 127, 126, 127, 127, 127, 127, 127, 127, 127, 127, 127, 127, 127, 127, 127, 127, 127, 108, 127, 88, 127, 73, 127, 70, 127, 79, 127, 97, 127, 121, 127, 127]",esp32_2
CSI_DATA,139231,2025-08-27 15:35:46.870,0,sit,00:00:00:00:00:00,-65,11,0,0,0,0,0,0,0,0,0,-97,0,1,0,4158126016,0,14,0,0,0,104,0,"[0, 0, 97, 127, 97, 127, 96, 127, 88, 127, 90, 127, 90, 127, 109, 104, 120, 87, 127, 57, 127, 42, 127, 42, 127, 47, 127, 55, 127, 68, 127, 86, 127, 83, 110, 101, 66, 91, 35, 82, 2, 62, -17, 41, -39, 15, -50, -7, -56, -34, -54, -58, -84, -81, -96, -92, -87, -85, -99, -95, -101, -93, -103, -108, -96, -99, -101, -101, -95, -96, -101, -86, -99, -67, -95, -63, -96, -58, -90, -47, -83, -41, -62, -21, -56, -16, -39, 2, -23, 14, -3, 31, 28, 48, 48, 83, 83, 99, 96, 127, 113, 127, 127, 127]",esp32_1
CSI_DATA,142321,2025-08-27 15:35:46.882,0,sit,00:00:00:00:00:00,-40,11,0,0,0,0,0,0,0,0,0,-97,0,1,0,1017629468,0,14,0,0,0,104,0,"[0, 0, 70, 127, 48, 127, 34, 127, 29, 127, 32, 127, 43, 127, 59, 127, 75, 127, 86, 127, 93, 127, 93, 127, 87, 124, 79, 115, 70, 102, 62, 83, 59, 59, 63, 37, 73, 19, 88, 7, 103, 2, 118, 5, 127, 14, 127, 26, 125, 40, 117, 52, -96, 127, -106, 127, -109, 127, -103, 125, -90, 110, -68, 101, -43, 101, -18, 112, 3, 127, 17, 127, 23, 127, 21, 127, 14, 127, 8, 127, 5, 127, 7, 127, 16, 127, 35, 127, 58, 127, 85, 127, 113, 127, 127, 127, 127, 127, 127, 127, 127, 127, 127, 127]",esp32_2
CSI_DATA,139232,2025-08-27 15:35:46.892,0,sit,00:00:00:00:00:00,-65,11,0,0,0,0,0,0,0,0,0,-97,0,1,0,4158165668,0,14,0,0,0,104,0,"[0, 0, -128, 127, -128, 127, -128, 127, -128, 127, -128, 127, -128, 127, -97, 127, -57, 127, -33, 127, -10, 127, 5, 127, 9, 127, 8, 127, -18, 127, -35, 127, -54, 127, -73, 127, -85, 127, -83, 85, -72, 43, -60, -9, -39, -43, -7, -64, 14, -85, 43, -89, 97, -109, 100, -114, 117, -117, 118, -125, 127, -128, 127, -128, 123, -128, 127, -128, 118, -128, 99, -127, 93, -128, 84, -128, 64, -114, 48, -111, 34, -103, 21, -92, 17, -75, 5, -59, -14, -18, -38, 12, -55, 48, -84, 88, -108, 109, -128, 127, -128, 127, -128, 127]",esp32_1
CSI_DATA,139233,2025-08-27 15:35:46.908,0,sit,00:00:00:00:00:00,-65,11,0,0,0,0,0,0,0,0,0,-97,0,1,0,4158222468,0,14,0,0,0,104,0,"[0, 0, -128, 18, -128, 8, -128, 2, -128, 6, -128, 19, -128, 44, -128, 67, -128, 101, -128, 125, -128, 127, -128, 127, -128, 127, -128, 127, -128, 127, -128, 127, -128, 112, -128, 84, -128, 39, -114, 8, -77, -21, -37, -41, 6, -47, 36, -42, 70, -34, 98, -19, 127, -61, 127, -64, 127, -63, 127, -69, 127, -68, 127, -74, 127, -70, 127, -68, 127, -74, 127, -66, 127, -81, 127, -77, 106, -73, 92, -73, 81, -76, 60, -79, 46, -68, 27, -58, -5, -39, -37, -14, -71, 1, -114, 27, -128, 23, -128, 44, -128, 48, -128, 20]",esp32_1
CSI_DATA,142322,2025-08-27 15:35:46.908,0,sit,00:00:00:00:00:00,-40,11,0,0,0,0,0,0,0,0,0,-97,0,1,0,1017651764,0,14,0,0,0,104,0,"[0, 0, -128, -31, -128, -48, -128, -50, -128, -44, -128, -28, -128, -8, -128, 13, -128, 33, -128, 48, -128, 59, -128, 63, -128, 61, -128, 55, -122, 48, -99, 46, -75, 51, -53, 60, -38, 73, -30, 91, -30, 108, -34, 121, -43, 127, -56, 127, -70, 124, -79, 112, -128, -128, -128, -128, -105, -128, -87, -128, -77, -128, -74, -107, -83, -81, -102, -60, -128, -46, -128, -38, -128, -38, -128, -45, -128, -56, -128, -64, -128, -67, -128, -63, -128, -52, -128, -32, -128, -6, -128, 21, -128, 46, -128, 67, -128, 86, -128, 94, -128, 81, -128, 60]",esp32_2
CSI_DATA,139234,2025-08-27 15:35:46.930,0,sit,00:00:00:00:00:00,-65,11,0,0,0,0,0,0,0,0,0,-97,0,1,0,4158247540,0,14,0,0,0,104,0,"[0, 0, 56, 127, 44, 127, 49, 127, 43, 127, 49, 127, 61, 127, 80, 127, 98, 113, 121, 94, 127, 82, 127, 88, 127, 94, 127, 101, 127, 113, 127, 119, 115, 123, 80, 123, 44, 107, 14, 90, -10, 64, -22, 35, -36, 6, -39, -25, -44, -49, -32, -68, -80, -88, -82, -97, -84, -102, -90, -104, -91, -110, -91, -118, -88, -113, -88, -114, -83, -110, -92, -102, -86, -87, -83, -73, -87, -71, -83, -60, -83, -52, -72, -29, -60, -18, -43, -2, -35, 10, -18, 33, 7, 56, 27, 84, 56, 116, 61, 127, 71, 127, 86, 127]",esp32_1
CSI_DATA,142323,2025-08-27 15:35:46.930,0,sit,00:00:00:00:00:00,-40,11,0,0,0,0,0,0,0,0,0,-97,0,1,0,1017688566,0,14,0,0,0,104,0,"[0, 0, 127, 127, 127, 127, 127, 127, 108, 127, 98, 127, 97, 127, 105, 127, 115, 127, 123, 115, 127, 106, 126, 103, 120, 98, 113, 90, 102, 78, 91, 61, 83, 39, 80, 18, 85, -1, 97, -16, 110, -23, 124, -23, 127, -16, 127, -5, 127, 9, 127, 22, -16, 127, -33, 127, -47, 127, -50, 127, -42, 127, -25, 127, -1, 117, 26, 119, 53, 127, 75, 127, 89, 127, 93, 127, 89, 127, 86, 127, 84, 127, 85, 127, 91, 127, 106, 127, 126, 127, 127, 127, 127, 127, 127, 127, 127, 127, 127, 127, 127, 127, 127, 127]",esp32_2
CSI_DATA,139235,2025-08-27 15:35:46.953,0,sit,00:00:00:00:00:00,-65,11,0,0,0,0,0,0,0,0,0,-97,0,1,0,4158283585,0,14,0,0,0,104,0,"[0, 0, 33, -128, 40, -128, 25, -128, 30, -128, -3, -128, -18, -128, -45, -128, -69, -128, -86, -114, -99, -118, -116, -128, -128, -128, -128, -128, -97, -128, -91, -128, -58, -128, -35, -128, -11, -108, 10, -88, 25, -52, 31, -22, 29, 6, 24, 30, 12, 60, 2, 77, 41, 106, 54, 124, 40, 110, 45, 127, 47, 121, 53, 127, 51, 123, 56, 126, 51, 123, 53, 111, 48, 101, 58, 96, 50, 95, 61, 83, 64, 79, 50, 46, 52, 39, 41, 9, 26, -1, 15, -26, 2, -54, 1, -91, -15, -120, -7, -128, -8, -128, -11, -128]",esp32_1
CSI_DATA,139236,2025-08-27 15:35:46.974,0,sit,00:00:00:00:00:00,-65,11,0,0,0,0,0,0,0,0,0,-97,0,1,0,4158320601,0,14,0,0,0,104,0,"[0, 0, 34, -128, 35, -128, 27, -128, 28, -128, 8, -128, -5, -128, -37, -128, -70, -128, -102, -128, -127, -128, -128, -128, -128, -128, -128, -128, -126, -128, -101, -128, -77, -128, -36, -128, -4, -128, 26, -102, 31, -61, 33, -24, 31, 13, 21, 46, 14, 73, -9, 88, 72, 124, 66, 127, 65, 127, 71, 127, 74, 127, 65, 127, 65, 127, 64, 127, 65, 127, 72, 127, 71, 123, 73, 108, 79, 103, 81, 95, 81, 78, 67, 54, 58, 37, 51, 16, 44, -3, 34, -33, 17, -68, 10, -114, -20, -128, -12, -128, -4, -128, -10, -128]",esp32_1
CSI_DATA,139237,2025-08-27 15:35:47.000,0,sit,00:00:00:00:00:00,-65,11,0,0,0,0,0,0,0,0,0,-97,0,1,0,4158357349,0,14,0,0,0,104,0,"[0, 0, 94, -128, 80, -128, 101, -128, 77, -128, 94, -128, 64, -128, 39, -128, -4, -128, -57, -128, -91, -128, -114, -128, -105, -128, -77, -128, -87, -128, -41, -128, -17, -128, 10, -128, 45, -128, 67, -93, 60, -49, 50, -14, 30, 30, 12, 51, -13, 76, -43, 81, 81, 127, 66, 126, 84, 127, 72, 127, 86, 127, 60, 127, 49, 127, 42, 127, 42, 127, 65, 127, 80, 127, 77, 110, 76, 108, 67, 92, 56, 80, 80, 64, 61, 35, 65, 24, 53, 4, 45, -28, 43, -61, 34, -97, 18, -128, 13, -128, 13, -128, 39, -128]",esp32_1
CSI_DATA,142325,2025-08-27 15:35:47.017,0,sit,00:00:00:00:00:00,-40,11,0,0,0,0,0,0,0,0,0,-97,0,1,0,1017761680,0,14,0,0,0,104,0,"[0, 0, -128, -128, -128, -128, -128, -128, -128, -128, -128, -128, -128, -128, -127, -126, -128, -102, -128, -84, -128, -71, -128, -62, -128, -56, -128, -50, -114, -41, -99, -26, -85, -8, -79, 12, -80, 31, -87, 48, -99, 59, -111, 64, -123, 61, -128, 52, -128, 39, -128, 25, 5, -128, 22, -128, 35, -128, 38, -128, 31, -128, 15, -121, -10, -108, -39, -107, -69, -115, -94, -128, -113, -128, -122, -128, -123, -128, -122, -128, -119, -128, -119, -128, -125, -128, -128, -128, -128, -128, -128, -128, -128, -128, -128, -128, -128, -128, -128, -128, -128, -128, -128, -128]",esp32_2
CSI_DATA,139238,2025-08-27 15:35:47.026,0,sit,00:00:00:00:00:00,-65,11,0,0,0,0,0,0,0,0,0,-97,0,1,0,4158405745,0,14,0,0,0,104,0,"[0, 0, -97, -128, -80, -128, -78, -128, -77, -128, -73, -128, -88, -128, -101, -128, -116, -119, -128, -110, -128, -100, -128, -105, -128, -112, -128, -112, -128, -128, -128, -128, -118, -128, -77, -128, -45, -115, -15, -94, 2, -57, 14, -26, 22, 13, 18, 37, 13, 58, 2, 77, 121, 40, 127, 43, 127, 50, 127, 53, 127, 61, 127, 69, 127, 67, 127, 73, 127, 68, 127, 52, 120, 53, 107, 41, 114, 28, 109, 18, 97, 5, 87, -3, 73, -6, 57, -22, 36, -36, 19, -55, -13, -67, -39, -93, -69, -111, -86, -128, -101, -128, -110, -128]",esp32_1
CSI_DATA,142326,2025-08-27 15:35:47.039,0,sit,00:00:00:00:00:00,-41,11,0,0,0,0,0,0,0,0,0,-97,0,1,0,1017801613,0,14,0,0,0,104,0,"[0, 0, 127, 127, 127, 127, 127, 127, 107, 127, 95, 127, 92, 127, 98, 127, 107, 127, 116, 109, 121, 95, 122, 87, 119, 80, 113, 70, 103, 58, 91, 39, 83, 17, 81, -5, 84, -25, 95, -43, 109, -54, 123, -56, 127, -52, 127, -42, 127, -27, 127, -14, -96, 127, -105, 127, -109, 127, -102, 127, -85, 117, -60, 105, -29, 102, 4, 113, 31, 127, 53, 127, 66, 127, 68, 127, 63, 127, 58, 127, 56, 127, 58, 127, 68, 127, 87, 127, 112, 127, 127, 127, 127, 127, 127, 127, 127, 127, 127, 127, 127, 127, 127, 127]",esp32_2
CSI_DATA,139239,2025-08-27 15:35:47.048,0,sit,00:00:00:00:00:00,-65,11,0,0,0,0,0,0,0,0,0,-97,0,1,0,4158430488,0,14,0,0,0,104,0,"[0, 0, 127, -128, 127, -128, 127, -128, 127, -128, 115, -128, 89, -128, 59, -128, 25, -128, 4, -128, -13, -128, -20, -128, -22, -128, -21, -128, -2, -128, 16, -128, 36, -128, 55, -128, 58, -116, 63, -78, 52, -43, 44, 3, 17, 32, -10, 49, -41, 62, -64, 57, -11, 127, -14, 127, -14, 127, -13, 127, -19, 127, -20, 127, -19, 127, -19, 127, -12, 127, -17, 127, -7, 127, 3, 127, 6, 117, 10, 105, 23, 92, 39, 85, 39, 72, 43, 51, 39, 18, 40, -15, 38, -45, 50, -92, 75, -123, 85, -128, 105, -128, 127, -128]",esp32_1
CSI_DATA,142327,2025-08-27 15:35:47.059,0,sit,00:00:00:00:00:00,-40,11,0,0,0,0,0,0,0,0,0,-97,0,1,0,1017822515,0,14,0,0,0,104,0,"[0, 0, -128, 127, -128, 127, -128, 125, -128, 104, -128, 93, -128, 92, -128, 97, -128, 107, -115, 114, -100, 121, -90, 125, -82, 123, -70, 116, -56, 107, -37, 95, -16, 86, 7, 82, 29, 86, 47, 97, 58, 111, 63, 126, 59, 127, 46, 127, 29, 127, 15, 127, -128, -122, -128, -128, -128, -128, -128, -120, -113, -100, -101, -70, -101, -35, -113, -3, -128, 25, -128, 44, -128, 53, -128, 53, -128, 47, -128, 43, -128, 44, -128, 50, -128, 60, -128, 80, -128, 109, -128, 127, -128, 127, -128, 127, -128, 127, -128, 127, -128, 127, -128, 127]",esp32_2
CSI_DATA,139240,2025-08-27 15:35:47.071,0,sit,00:00:00:00:00:00,-65,11,0,0,0,0,0,0,0,0,0,-97,0,1,0,4158466213,0,14,0,0,0,104,0,"[0, 0, 55, 127, 46, 127, 43, 127, 38, 127, 44, 127, 58, 127, 72, 127, 92, 127, 108, 113, 127, 112, 127, 115, 127, 127, 127, 127, 127, 127, 110, 127, 85, 127, 54, 127, 18, 110, 3, 87, -16, 52, -18, 15, -18, -15, -16, -40, -4, -60, 13, -69, -106, -43, -116, -53, -120, -59, -125, -63, -128, -67, -128, -77, -125, -79, -125, -86, -116, -76, -117, -64, -112, -62, -105, -50, -101, -34, -100, -23, -96, -12, -80, -10, -70, 0, -54, 8, -42, 32, -18, 49, 0, 69, 26, 93, 45, 110, 64, 127, 77, 127, 80, 127]",esp32_1
CSI_DATA,142328,2025-08-27 15:35:47.081,0,sit,00:00:00:00:00:00,-40,11,0,0,0,0,0,0,0,0,0,-97,0,1,0,1017850804,0,14,0,0,0,104,0,"[0, 0, -128, -128, -128, -128, -128, -128, -128, -128, -128, -128, -122, -128, -116, -105, -117, -81, -120, -62, -121, -48, -120, -39, -115, -32, -108, -25, -97, -18, -83, -7, -70, 9, -62, 26, -61, 43, -64, 59, -71, 71, -82, 76, -94, 77, -103, 71, -109, 60, -111, 49, 25, -128, 38, -128, 48, -128, 48, -128, 39, -116, 21, -98, -4, -88, -32, -88, -59, -96, -83, -111, -100, -128, -107, -128, -107, -128, -106, -128, -106, -128, -107, -128, -113, -128, -126, -128, -128, -128, -128, -115, -128, -107, -128, -108, -128, -119, -128, -128, -128, -128, -128, -128]",esp32_2
CSI_DATA,139241,2025-08-27 15:35:47.093,0,sit,00:00:00:00:00:00,-64,11,0,0,0,0,0,0,0,0,0,-97,0,1,0,4158503817,0,14,0,0,0,104,0,"[0, 0, -128, -13, -128, -20, -128, -29, -128, -21, -128, -6, -128, 2, -128, 30, -128, 51, -128, 72, -128, 84, -128, 95, -128, 95, -128, 95, -128, 76, -128, 58, -128, 28, -128, 14, -105, -8, -76, -20, -39, -22, -11, -23, 20, -13, 39, 0, 55, 20, 58, 42, 70, -90, 76, -94, 80, -96, 83, -101, 93, -100, 99, -103, 95, -93, 99, -100, 92, -91, 85, -90, 75, -95, 66, -93, 56, -81, 50, -84, 41, -80, 26, -83, 14, -73, 3, -62, -12, -44, -33, -26, -56, -12, -82, 2, -120, 7, -128, 20, -128, 22, -128, 10]",esp32_1
CSI_DATA,142329,2025-08-27 15:35:47.103,0,sit,00:00:00:00:00:00,-41,11,0,0,0,0,0,0,0,0,0,-97,0,1,0,1017894351,0,14,0,0,0,104,0,"[0, 0, 127, -37, 127, -8, 127, 8, 127, 13, 127, 8, 127, -4, 127, -22, 127, -40, 127, -56, 127, -71, 118, -81, 107, -84, 94, -83, 79, -78, 60, -75, 36, -75, 15, -80, -2, -92, -15, -108, -21, -123, -20, -128, -14, -128, -3, -128, 13, -128, 25, -128, 122, 127, 99, 127, 73, 127, 55, 127, 48, 127, 51, 101, 66, 70, 93, 46, 127, 30, 127, 21, 127, 22, 127, 30, 127, 42, 127, 51, 127, 54, 127, 49, 127, 36, 127, 14, 127, -16, 127, -49, 127, -82, 127, -113, 127, -128, 127, -128, 127, -128, 127, -128]",esp32_2
CSI_DATA,139242,2025-08-27 15:35:47.114,0,sit,00:00:00:00:00:00,-65,11,0,0,0,0,0,0,0,0,0,-97,0,1,0,4158530327,0,14,0,0,0,104,0,"[0, 0, 127, -128, 127, -128, 127, -116, 127, -111, 127, -108, 127, -111, 119, -118, 101, -128, 88, -128, 77, -128, 77, -128, 80, -128, 86, -128, 113, -128, 117, -128, 118, -123, 117, -93, 103, -59, 82, -30, 51, -8, 20, 14, -14, 21, -38, 19, -61, 10, -76, -3, 2, 126, -4, 127, -9, 127, -12, 127, -17, 127, -22, 127, -26, 127, -27, 127, -26, 127, -21, 127, -15, 127, -6, 125, 4, 107, 15, 102, 21, 90, 25, 85, 26, 72, 40, 57, 43, 27, 55, 2, 63, -27, 80, -59, 99, -80, 127, -119, 127, -128, 127, -128]",esp32_1
CSI_DATA,142330,2025-08-27 15:35:47.127,0,sit,00:00:00:00:00:00,-40,11,0,0,0,0,0,0,0,0,0,-97,0,1,0,1017935706,0,14,0,0,0,104,0,"[0, 0, -128, 121, -128, 91, -128, 65, -128, 50, -128, 43, -128, 45, -128, 53, -128, 64, -125, 74, -110, 82, -98, 87, -87, 88, -74, 86, -58, 82, -39, 76, -19, 73, 2, 74, 20, 81, 33, 94, 40, 108, 41, 122, 34, 127, 22, 127, 7, 127, -4, 127, -128, -128, -128, -128, -111, -128, -90, -128, -76, -106, -71, -77, -77, -45, -95, -16, -121, 6, -128, 18, -128, 21, -128, 17, -128, 10, -128, 4, -128, 4, -128, 10, -128, 20, -128, 39, -128, 66, -128, 96, -128, 127, -128, 127, -128, 127, -128, 127, -128, 127, -128, 127]",esp32_2
CSI_DATA,139243,2025-08-27 15:35:47.135,0,sit,00:00:00:00:00:00,-64,11,0,0,0,0,0,0,0,0,0,-97,0,1,0,4158562934,0,14,0,0,0,104,0,"[0, 0, 127, 119, 127, 127, 127, 127, 127, 122, 127, 99, 127, 71, 127, 40, 127, 11, 127, -14, 127, -30, 127, -31, 127, -29, 127, -23, 127, -4, 127, 21, 127, 44, 127, 56, 117, 64, 77, 54, 32, 44, 0, 23, -23, -4, -38, -32, -44, -66, -38, -89, -110, 107, -122, 109, -126, 113, -128, 111, -128, 110, -128, 112, -128, 106, -128, 101, -128, 99, -128, 92, -121, 102, -109, 102, -101, 87, -88, 93, -74, 89, -57, 101, -43, 93, -20, 85, 2, 63, 30, 55, 67, 41, 102, 34, 127, 42, 127, 40, 127, 49, 127, 76]",esp32_1
CSI_DATA,142331,2025-08-27 15:35:47.155,0,sit,00:00:00:00:00:00,-39,11,0,0,0,0,0,0,0,0,0,-97,0,1,0,1017956299,0,14,0,0,0,104,0,"[0, 0, 24, 127, -3, 127, -22, 127, -30, 127, -24, 127, -8, 127, 11, 127, 31, 127, 49, 127, 63, 127, 71, 124, 76, 110, 79, 95, 77, 78, 76, 56, 79, 31, 85, 6, 96, -12, 112, -25, 127, -31, 127, -29, 127, -22, 127, -11, 127, 3, 127, 14, -128, 96, -128, 74, -128, 48, -128, 33, -128, 30, -113, 37, -79, 57, -54, 87, -40, 124, -35, 127, -40, 127, -50, 127, -61, 127, -71, 127, -73, 127, -68, 127, -52, 127, -26, 127, 4, 127, 38, 127, 73, 127, 104, 127, 127, 127, 127, 127, 127, 127, 127, 127]",esp32_2
CSI_DATA,142332,2025-08-27 15:35:47.178,0,sit,00:00:00:00:00:00,-40,11,0,0,0,0,0,0,0,0,0,-97,0,1,0,1018004296,0,14,0,0,0,104,0,"[0, 0, 127, -128, 127, -128, 127, -128, 127, -128, 127, -128, 127, -128, 97, -128, 68, -128, 46, -128, 27, -128, 12, -128, 1, -122, -10, -113, -21, -103, -30, -88, -41, -73, -53, -60, -71, -53, -89, -54, -104, -57, -116, -66, -119, -80, -111, -92, -99, -100, -90, -104, 127, 2, 127, 17, 127, 29, 127, 31, 126, 24, 102, 5, 85, -23, 80, -56, 86, -92, 104, -123, 125, -128, 127, -128, 127, -128, 127, -128, 127, -128, 127, -128, 127, -128, 127, -128, 111, -128, 90, -128, 74, -128, 67, -128, 77, -128, 94, -128, 116, -128, 127, -128]",esp32_2
CSI_DATA,142333,2025-08-27 15:35:47.199,0,sit,00:00:00:00:00:00,-40,11,0,0,0,0,0,0,0,0,0,-97,0,1,0,1018031028,0,14,0,0,0,104,0,"[0, 0, -14, 127, -36, 127, -51, 127, -56, 127, -50, 127, -35, 127, -16, 127, 4, 127, 23, 127, 38, 121, 48, 108, 55, 96, 59, 82, 62, 67, 64, 49, 68, 29, 75, 10, 87, -6, 102, -16, 116, -20, 127, -18, 127, -13, 127, -5, 127, 7, 127, 18, -128, 54, -128, 34, -128, 12, -128, 2, -128, 4, -100, 16, -72, 39, -54, 70, -45, 106, -45, 127, -52, 127, -64, 127, -77, 127, -85, 127, -86, 127, -80, 127, -67, 127, -46, 127, -20, 127, 8, 127, 37, 127, 61, 127, 80, 127, 90, 127, 85, 127, 71, 127]",esp32_2
CSI_DATA,142334,2025-08-27 15:35:47.222,0,sit,00:00:00:00:00:00,-40,11,0,0,0,0,0,0,0,0,0,-97,0,1,0,1018065503,0,14,0,0,0,104,0,"[0, 0, 127, -128, 127, -128, 127, -100, 127, -76, 127, -62, 127, -58, 127, -62, 127, -70, 127, -80, 111, -90, 90, -97, 73, -98, 58, -96, 41, -93, 22, -87, 1, -82, -20, -82, -40, -88, -57, -99, -69, -112, -74, -127, -70, -128, -59, -128, -45, -128, -34, -128, 127, 127, 126, 127, 94, 127, 72, 127, 59, 127, 57, 90, 67, 52, 91, 18, 125, -9, 127, -23, 127, -27, 127, -24, 127, -16, 127, -10, 127, -10, 127, -15, 127, -28, 127, -51, 127, -80, 127, -114, 127, -128, 127, -128, 127, -128, 127, -128, 127, -128, 127, -128]",esp32_2
CSI_DATA,139245,2025-08-27 15:35:47.226,0,sit,00:00:00:00:00:00,-63,11,0,0,0,0,0,0,0,0,0,-97,0,1,0,4158618658,0,14,0,0,0,104,0,"[0, 0, 43, -128, 54, -128, 54, -128, 50, -128, 42, -128, 21, -128, 5, -128, -16, -128, -35, -128, -44, -128, -52, -128, -50, -128, -47, -128, -20, -128, -3, -128, 10, -128, 31, -128, 37, -94, 37, -66, 27, -34, 4, -12, -13, 7, -34, 18, -50, 24, -67, 21, 113, 22, 122, 32, 122, 40, 127, 44, 127, 51, 127, 59, 123, 60, 117, 63, 112, 63, 116, 54, 110, 51, 105, 40, 104, 32, 104, 21, 98, 14, 90, 5, 76, -2, 65, -14, 57, -31, 48, -48, 27, -68, 19, -97, 0, -118, 4, -128, 6, -128, 5, -128]",esp32_1
CSI_DATA,142335,2025-08-27 15:35:47.245,0,sit,00:00:00:00:00:00,-41,11,0,0,0,0,0,0,0,0,0,-97,0,1,0,1018103318,0,14,0,0,0,104,0,"[0, 0, -128, -128, -128, -128, -128, -128, -128, -128, -128, -117, -128, -92, -128, -65, -128, -38, -128, -14, -126, 7, -116, 23, -107, 35, -96, 44, -80, 51, -62, 57, -43, 66, -27, 77, -15, 92, -7, 110, -5, 125, -8, 127, -15, 127, -26, 127, -38, 127, -47, 127, 40, -128, 54, -128, 64, -128, 62, -128, 48, -115, 23, -87, -11, -68, -51, -63, -91, -68, -127, -81, -128, -100, -128, -118, -128, -128, -128, -128, -128, -128, -128, -128, -128, -128, -128, -110, -128, -84, -128, -58, -128, -35, -128, -20, -128, -11, -128, -12, -128, -25, -128, -43]",esp32_2
CSI_DATA,139246,2025-08-27 15:35:47.257,0,sit,00:00:00:00:00:00,-65,11,0,0,0,0,0,0,0,0,0,-97,0,1,0,4158677891,0,14,0,0,0,104,0,"[0, 0, 127, -128, 127, -128, 127, -128, 127, -128, 127, -128, 127, -128, 120, -128, 97, -128, 86, -128, 69, -128, 69, -128, 74, -128, 83, -128, 103, -128, 114, -128, 115, -128, 116, -110, 104, -71, 84, -37, 58, -13, 18, 7, -17, 13, -45, 15, -68, 4, -80, -9, 58, 127, 54, 127, 51, 127, 47, 127, 42, 127, 40, 127, 29, 127, 28, 127, 32, 127, 37, 127, 32, 127, 36, 125, 46, 107, 56, 97, 60, 90, 63, 77, 60, 64, 60, 44, 66, 18, 69, -11, 74, -39, 78, -84, 97, -105, 118, -128, 127, -128, 127, -128]",esp32_1
CSI_DATA,142336,2025-08-27 15:35:47.270,0,sit,00:00:00:00:00:00,-41,11,0,0,0,0,0,0,0,0,0,-97,0,1,0,1018151169,0,14,0,0,0,104,0,"[0, 0, 127, 127, 127, 127, 103, 127, 81, 127, 68, 127, 62, 127, 63, 127, 69, 127, 74, 123, 80, 100, 84, 80, 86, 61, 86, 42, 82, 25, 77, 6, 72, -16, 71, -38, 75, -58, 82, -75, 91, -86, 102, -91, 112, -90, 120, -85, 124, -76, 125, -67, -128, 100, -128, 76, -128, 47, -128, 27, -128, 21, -94, 28, -55, 47, -23, 77, -2, 111, 9, 127, 11, 127, 6, 127, -3, 127, -10, 127, -11, 127, -6, 127, 7, 127, 32, 127, 65, 127, 101, 127, 127, 127, 127, 127, 127, 127, 127, 127, 127, 127, 127, 127]",esp32_2
CSI_DATA,139247,2025-08-27 15:35:47.289,0,sit,00:00:00:00:00:00,-64,11,0,0,0,0,0,0,0,0,0,-97,0,1,0,4158702483,0,14,0,0,0,104,0,"[0, 0, 127, 127, 127, 127, 127, 127, 127, 127, 127, 116, 127, 93, 127, 63, 127, 45, 127, 27, 127, 23, 127, 28, 127, 33, 127, 35, 127, 43, 127, 65, 127, 64, 117, 79, 76, 68, 45, 55, 16, 36, -2, 15, -12, -10, -15, -35, -17, -64, -6, -77, -105, 64, -120, 68, -114, 58, -128, 63, -128, 55, -128, 55, -128, 53, -128, 49, -119, 48, -118, 42, -109, 48, -101, 54, -102, 48, -90, 56, -80, 66, -57, 64, -48, 68, -26, 60, -12, 59, 19, 57, 41, 49, 75, 55, 105, 65, 127, 80, 127, 95, 127, 123]",esp32_1
CSI_DATA,142337,2025-08-27 15:35:47.292,0,sit,00:00:00:00:00:00,-40,11,0,0,0,0,0,0,0,0,0,-97,0,1,0,1018177105,0,14,0,0,0,104,0,"[0, 0, -59, -128, -33, -128, -10, -128, 4, -128, 6, -128, 2, -128, -7, -128, -20, -128, -33, -128, -44, -110, -53, -93, -58, -76, -63, -58, -65, -41, -65, -22, -65, -1, -69, 17, -78, 31, -89, 44, -100, 51, -112, 53, -123, 49, -126, 42, -125, 33, -123, 26, 127, -40, 127, -20, 127, 0, 127, 10, 118, 10, 85, -2, 56, -27, 35, -59, 24, -96, 22, -128, 29, -128, 40, -128, 52, -128, 59, -128, 58, -128, 51, -128, 38, -128, 17, -128, -8, -128, -38, -128, -69, -128, -99, -128, -122, -128, -128, -128, -128, -128, -127, -128]",esp32_2
CSI_DATA,142338,2025-08-27 15:35:47.314,0,sit,00:00:00:00:00:00,-41,11,0,0,0,0,0,0,0,0,0,-97,0,1,0,1018211250,0,14,0,0,0,104,0,"[0, 0, -128, -128, -128, -128, -128, -128, -128, -128, -128, -128, -128, -122, -128, -96, -128, -70, -128, -43, -127, -17, -114, 3, -101, 18, -88, 30, -73, 40, -55, 50, -38, 62, -25, 76, -17, 91, -12, 108, -11, 123, -15, 127, -20, 127, -27, 127, -36, 127, -42, 127, 71, -128, 85, -128, 93, -128, 87, -128, 70, -112, 42, -85, 5, -68, -37, -65, -80, -74, -117, -89, -128, -110, -128, -128, -128, -128, -128, -128, -128, -128, -128, -128, -128, -128, -128, -128, -128, -104, -128, -79, -128, -58, -128, -46, -128, -39, -128, -40, -128, -56, -128, -78]",esp32_2
CSI_DATA,139248,2025-08-27 15:35:47.321,0,sit,00:00:00:00:00:00,-64,11,0,0,0,0,0,0,0,0,0,-97,0,1,0,4158738634,0,14,0,0,0,104,0,"[0, 0, -128, -128, -128, -128, -128, -128, -126, -128, -118, -128, -114, -125, -119, -100, -128, -82, -128, -72, -128, -60, -128, -61, -128, -68, -128, -81, -128, -90, -128, -98, -111, -100, -88, -95, -53, -82, -27, -62, -7, -35, 1, -16, 9, 14, 4, 37, -2, 58, -16, 69, 106, -53, 118, -49, 118, -42, 123, -43, 127, -40, 127, -33, 127, -28, 127, -25, 123, -26, 117, -31, 105, -38, 98, -42, 92, -36, 87, -44, 82, -48, 57, -55, 50, -59, 36, -55, 21, -56, -1, -54, -29, -59, -55, -69, -93, -83, -111, -99, -128, -112, -128, -128]",esp32_1
CSI_DATA,142339,2025-08-27 15:35:47.336,0,sit,00:00:00:00:00:00,-41,11,0,0,0,0,0,0,0,0,0,-97,0,1,0,1018235771,0,14,0,0,0,104,0,"[0, 0, 127, -57, 127, -27, 127, -11, 127, -1, 127, 0, 127, -6, 127, -17, 127, -29, 127, -40, 121, -52, 99, -63, 77, -72, 55, -76, 31, -74, 8, -73, -15, -74, -36, -77, -55, -84, -73, -95, -85, -108, -91, -119, -90, -127, -83, -128, -73, -128, -65, -128, -40, 127, -58, 127, -73, 127, -74, 127, -58, 127, -31, 94, 6, 64, 53, 47, 100, 43, 127, 46, 127, 58, 127, 75, 127, 90, 127, 101, 127, 103, 127, 95, 127, 78, 127, 48, 127, 12, 127, -27, 127, -67, 127, -101, 127, -128, 127, -128, 127, -128, 127, -128]",esp32_2
CSI_DATA,139249,2025-08-27 15:35:47.353,0,sit,00:00:00:00:00:00,-65,11,0,0,0,0,0,0,0,0,0,-97,0,1,0,4158774462,0,14,0,0,0,104,0,"[0, 0, -128, 127, -128, 127, -128, 127, -128, 127, -128, 127, -114, 127, -90, 127, -72, 127, -57, 127, -44, 127, -44, 127, -48, 127, -59, 127, -70, 127, -83, 127, -89, 127, -94, 106, -83, 65, -66, 39, -41, 15, -15, -8, 16, -13, 40, -17, 63, -4, 79, 11, -64, -114, -66, -125, -58, -126, -60, -128, -53, -128, -51, -128, -46, -128, -46, -128, -45, -128, -39, -119, -53, -113, -55, -107, -51, -93, -57, -83, -61, -78, -74, -66, -71, -55, -71, -35, -59, -9, -59, 15, -62, 44, -66, 73, -83, 102, -89, 127, -104, 127, -128, 127]",esp32_1
CSI_DATA,142340,2025-08-27 15:35:47.357,0,sit,00:00:00:00:00:00,-41,11,0,0,0,0,0,0,0,0,0,-97,0,1,0,1018274635,0,14,0,0,0,104,0,"[0, 0, 127, 127, 127, 127, 127, 127, 127, 127, 127, 127, 118, 127, 107, 127, 102, 127, 97, 109, 93, 81, 90, 57, 87, 36, 84, 16, 78, -4, 71, -23, 64, -43, 58, -61, 57, -80, 60, -97, 67, -109, 75, -115, 82, -118, 87, -116, 92, -109, 94, -102, -128, 127, -128, 108, -128, 75, -128, 51, -128, 37, -91, 35, -50, 45, -12, 68, 18, 100, 39, 127, 49, 127, 50, 127, 45, 127, 40, 127, 41, 127, 46, 127, 58, 127, 80, 127, 109, 127, 127, 127, 127, 127, 127, 127, 127, 127, 127, 127, 127, 127, 127, 127]",esp32_2
CSI_DATA,139250,2025-08-27 15:35:47.381,0,sit,00:00:00:00:00:00,-64,11,0,0,0,0,0,0,0,0,0,-97,0,1,0,4158799139,0,14,0,0,0,104,0,"[0, 0, -128, -128, -128, -128, -128, -128, -128, -128, -128, -128, -128, -115, -128, -92, -128, -71, -128, -61, -128, -49, -128, -56, -128, -60, -128, -68, -128, -81, -128, -89, -122, -95, -92, -93, -60, -81, -35, -61, -12, -37, 1, -11, 3, 16, 5, 41, -3, 66, -16, 72, 99, -72, 110, -76, 111, -66, 122, -67, 123, -65, 127, -61, 125, -53, 126, -50, 120, -48, 114, -51, 105, -55, 90, -58, 93, -58, 81, -57, 74, -64, 53, -68, 45, -68, 27, -67, 9, -60, -11, -62, -40, -61, -67, -69, -104, -74, -126, -88, -128, -105, -128, -126]",esp32_1
CSI_DATA,142341,2025-08-27 15:35:47.385,0,sit,00:00:00:00:00:00,-41,11,0,0,0,0,0,0,0,0,0,-97,0,1,0,1018298760,0,14,0,0,0,104,0,"[0, 0, 127, 127, 127, 127, 127, 127, 127, 127, 127, 127, 114, 127, 103, 127, 99, 127, 95, 108, 91, 77, 86, 53, 80, 33, 74, 14, 67, -6, 59, -24, 50, -43, 45, -60, 44, -78, 47, -95, 52, -108, 58, -116, 65, -120, 70, -118, 75, -112, 78, -105, -128, 116, -128, 87, -128, 55, -128, 33, -128, 20, -89, 19, -48, 30, -14, 55, 15, 90, 37, 127, 47, 127, 48, 127, 43, 127, 39, 127, 37, 127, 42, 127, 56, 127, 78, 127, 105, 127, 127, 127, 127, 127, 127, 127, 127, 127, 127, 127, 127, 127, 127, 127]",esp32_2
CSI_DATA,142342,2025-08-27 15:35:47.406,0,sit,00:00:00:00:00:00,-41,11,0,0,0,0,0,0,0,0,0,-97,0,1,0,1018333227,0,14,0,0,0,104,0,"[0, 0, -128, 56, -128, 30, -128, 14, -128, 5, -128, 5, -128, 9, -128, 16, -128, 25, -128, 31, -103, 39, -82, 49, -62, 57, -40, 61, -18, 59, 4, 57, 27, 57, 48, 58, 65, 62, 82, 68, 93, 77, 99, 85, 100, 93, 96, 99, 90, 104, 84, 104, 103, -128, 114, -128, 118, -128, 109, -119, 88, -88, 57, -59, 16, -37, -30, -29, -74, -32, -112, -42, -128, -59, -128, -77, -128, -92, -128, -103, -128, -104, -128, -94, -128, -76, -128, -49, -128, -17, -128, 19, -128, 56, -128, 86, -128, 110, -128, 127, -128, 127, -128, 127]",esp32_2
CSI_DATA,139251,2025-08-27 15:35:47.410,0,sit,00:00:00:00:00:00,-64,11,0,0,0,0,0,0,0,0,0,-97,0,1,0,4158824062,0,14,0,0,0,104,0,"[0, 0, -128, 127, -128, 127, -113, 127, -128, 127, -114, 127, -97, 127, -48, 127, -46, 127, 5, 127, 25, 127, 28, 127, 22, 127, 7, 127, -24, 127, -50, 127, -40, 127, -76, 127, -72, 102, -65, 63, -36, 22, -6, 2, 19, -20, 43, -30, 66, -31, 92, -21, -94, -101, -109, -128, -86, -115, -108, -128, -89, -128, -109, -128, -75, -128, -87, -128, -71, -128, -79, -104, -91, -112, -95, -102, -103, -87, -104, -81, -119, -80, -75, -53, -98, -55, -69, -16, -88, 11, -81, 29, -62, 72, -81, 108, -40, 122, -62, 127, -74, 127, -101, 127]",esp32_1
CSI_DATA,142343,2025-08-27 15:35:47.432,0,sit,00:00:00:00:00:00,-41,11,0,0,0,0,0,0,0,0,0,-97,0,1,0,1018370268,0,14,0,0,0,104,0,"[0, 0, 127, -128, 127, -128, 127, -128, 127, -128, 127, -128, 127, -128, 127, -121, 127, -110, 101, -100, 72, -94, 47, -89, 24, -82, 4, -73, -15, -62, -32, -51, -49, -40, -67, -33, -84, -30, -101, -30, -114, -31, -123, -34, -128, -39, -126, -44, -121, -49, -115, -53, 89, 127, 63, 127, 32, 127, 12, 127, 4, 127, 6, 91, 21, 50, 48, 14, 83, -14, 118, -33, 127, -41, 127, -41, 127, -38, 127, -35, 127, -36, 127, -41, 127, -55, 127, -79, 127, -108, 127, -128, 127, -128, 127, -128, 127, -128, 127, -128, 127, -128, 127, -128]",esp32_2
CSI_DATA,139252,2025-08-27 15:35:47.438,0,sit,00:00:00:00:00:00,-65,11,0,0,0,0,0,0,0,0,0,-97,0,1,0,4158870102,0,14,0,0,0,104,0,"[0, 0, -108, 127, -124, 127, -100, 127, -111, 127, -88, 127, -70, 127, -44, 127, -26, 127, -4, 127, 9, 127, 16, 127, 8, 127, -2, 127, -24, 127, -40, 127, -40, 127, -59, 115, -59, 77, -50, 49, -34, 18, -8, 2, 19, -12, 35, -18, 52, -18, 71, -11, -86, -68, -95, -91, -83, -87, -95, -106, -80, -97, -90, -118, -75, -109, -75, -112, -66, -104, -74, -84, -75, -81, -75, -73, -85, -65, -84, -55, -89, -52, -69, -33, -77, -32, -61, -12, -68, 14, -58, 27, -54, 58, -53, 84, -38, 103, -52, 127, -57, 127, -70, 127]",esp32_1
CSI_DATA,142344,2025-08-27 15:35:47.463,0,sit,00:00:00:00:00:00,-41,11,0,0,0,0,0,0,0,0,0,-97,0,1,0,1018395789,0,14,0,0,0,104,0,"[0, 0, 127, 12, 127, 31, 127, 48, 127, 56, 127, 53, 127, 44, 127, 31, 127, 15, 127, 1, 117, -14, 93, -27, 71, -37, 51, -45, 31, -51, 11, -56, -10, -62, -27, -70, -42, -81, -53, -94, -60, -104, -62, -114, -59, -120, -53, -122, -46, -123, -40, -121, -91, 127, -104, 127, -113, 127, -108, 127, -90, 98, -61, 69, -22, 49, 23, 40, 68, 43, 106, 57, 127, 75, 127, 93, 127, 108, 127, 117, 127, 118, 127, 110, 127, 96, 127, 73, 127, 44, 127, 14, 127, -16, 127, -41, 127, -57, 127, -65, 127, -61, 127, -50]",esp32_2
CSI_DATA,139254,2025-08-27 15:35:47.516,0,sit,00:00:00:00:00:00,-64,11,0,0,0,0,0,0,0,0,0,-97,0,1,0,4158919954,0,14,0,0,0,104,0,"[0, 0, 83, -128, 86, -128, 90, -128, 81, -128, 76, -128, 51, -128, 37, -128, 10, -128, -6, -128, -26, -128, -29, -128, -24, -128, -11, -128, 4, -128, 23, -128, 39, -128, 53, -125, 58, -85, 48, -54, 32, -26, 3, -5, -28, 9, -48, 13, -60, 10, -76, 3, 119, 46, 115, 56, 125, 67, 118, 74, 123, 84, 114, 88, 108, 89, 104, 96, 101, 84, 106, 78, 100, 66, 100, 57, 98, 46, 101, 38, 92, 31, 92, 16, 80, 6, 76, -2, 67, -21, 59, -41, 48, -64, 33, -93, 28, -128, 31, -128, 36, -128, 44, -128]",esp32_1
CSI_DATA,139255,2025-08-27 15:35:47.548,0,sit,00:00:00:00:00:00,-64,11,0,0,0,0,0,0,0,0,0,-97,0,1,0,4158955954,0,14,0,0,0,104,0,"[0, 0, -128, 64, -128, 56, -128, 43, -128, 44, -128, 46, -128, 57, -128, 69, -128, 86, -124, 100, -127, 113, -128, 123, -128, 125, -128, 119, -128, 101, -128, 80, -128, 52, -122, 27, -98, 7, -71, -1, -39, -6, -4, -4, 20, 8, 35, 22, 43, 47, 42, 59, -28, -116, -20, -128, -16, -128, -13, -128, -6, -128, 0, -128, 4, -128, 1, -128, 1, -128, 0, -118, -4, -121, -12, -108, -20, -96, -29, -94, -26, -88, -38, -83, -44, -76, -48, -64, -50, -35, -62, -16, -73, 9, -92, 30, -115, 45, -128, 68, -128, 80, -128, 76]",esp32_1
CSI_DATA,142346,2025-08-27 15:35:47.557,0,sit,00:00:00:00:00:00,-41,11,0,0,0,0,0,0,0,0,0,-97,0,1,0,1018484804,0,14,0,0,0,104,0,"[0, 0, 127, -76, 127, -50, 127, -32, 127, -17, 127, -8, 127, -6, 127, -11, 127, -19, 127, -28, 123, -39, 94, -47, 68, -53, 45, -59, 21, -62, -2, -63, -24, -66, -44, -71, -61, -77, -76, -86, -85, -95, -91, -102, -91, -108, -87, -112, -80, -113, -73, -112, -73, 127, -89, 127, -102, 127, -101, 127, -87, 120, -60, 86, -22, 58, 24, 41, 73, 37, 118, 44, 127, 60, 127, 77, 127, 90, 127, 99, 127, 101, 127, 94, 127, 78, 127, 52, 127, 21, 127, -14, 127, -52, 127, -86, 127, -116, 127, -128, 127, -128, 127, -128]",esp32_2
CSI_DATA,139256,2025-08-27 15:35:47.581,0,sit,00:00:00:00:00:00,-65,11,0,0,0,0,0,0,0,0,0,-97,0,1,0,4158980158,0,14,0,0,0,104,0,"[0, 0, -110, -128, -102, -128, -93, -128, -85, -128, -95, -128, -93, -128, -110, -128, -128, -113, -128, -99, -128, -104, -128, -114, -128, -124, -128, -128, -128, -128, -117, -128, -89, -128, -56, -127, -30, -96, -10, -70, -2, -33, -2, -6, -9, 20, -22, 38, -35, 61, -53, 61, 116, -51, 127, -49, 127, -42, 127, -40, 127, -35, 127, -29, 127, -24, 127, -25, 127, -25, 125, -26, 111, -26, 105, -34, 109, -35, 100, -43, 95, -50, 69, -53, 64, -59, 44, -66, 34, -65, 7, -66, -18, -82, -45, -90, -77, -104, -91, -128, -107, -128, -128, -128]",esp32_1
CSI_DATA,142347,2025-08-27 15:35:47.581,0,sit,00:00:00:00:00:00,-41,11,0,0,0,0,0,0,0,0,0,-97,0,1,0,1018505805,0,14,0,0,0,104,0,"[0, 0, -87, -128, -62, -128, -43, -128, -27, -128, -17, -128, -13, -128, -15, -128, -22, -128, -30, -128, -37, -118, -44, -91, -49, -66, -52, -40, -53, -15, -53, 9, -53, 31, -55, 52, -60, 69, -68, 84, -74, 94, -81, 100, -88, 101, -91, 98, -90, 92, -89, 87, 127, 107, 127, 120, 127, 127, 127, 121, 99, 102, 68, 72, 45, 30, 34, -17, 34, -65, 42, -107, 59, -128, 76, -128, 91, -128, 100, -128, 101, -128, 93, -128, 76, -128, 51, -128, 20, -128, -15, -128, -52, -128, -85, -128, -116, -128, -128, -128, -128, -128, -128, -128]",esp32_2
CSI_DATA,139257,2025-08-27 15:35:47.613,0,sit,00:00:00:00:00:00,-64,11,0,0,0,0,0,0,0,0,0,-97,0,1,0,4159006730,0,14,0,0,0,104,0,"[0, 0, -128, 69, -128, 53, -128, 42, -128, 42, -128, 46, -128, 56, -128, 69, -128, 87, -128, 99, -128, 113, -128, 123, -128, 120, -128, 118, -128, 100, -128, 78, -128, 50, -128, 26, -104, 8, -77, 0, -38, -6, -7, -6, 20, 13, 35, 29, 41, 49, 38, 66, -35, -125, -29, -128, -29, -128, -20, -128, -13, -128, -6, -128, -1, -128, -1, -128, 1, -128, -2, -128, -12, -126, -19, -116, -20, -102, -28, -96, -32, -86, -43, -89, -46, -79, -59, -64, -61, -40, -71, -18, -82, 4, -97, 30, -128, 41, -128, 68, -128, 80, -128, 77]",esp32_1
CSI_DATA,142348,2025-08-27 15:35:47.613,0,sit,00:00:00:00:00:00,-41,11,0,0,0,0,0,0,0,0,0,-97,0,1,0,1018532585,0,14,0,0,0,104,0,"[0, 0, -128, 1, -128, -15, -128, -30, -128, -37, -128, -36, -128, -31, -128, -22, -128, -10, -128, 2, -109, 14, -85, 24, -62, 31, -41, 38, -20, 42, 1, 45, 21, 49, 38, 53, 53, 60, 66, 69, 76, 77, 81, 84, 80, 89, 75, 93, 70, 94, 64, 92, 127, -128, 127, -128, 127, -122, 127, -90, 111, -63, 78, -41, 36, -29, -7, -30, -49, -41, -85, -59, -112, -81, -128, -100, -128, -116, -128, -126, -128, -126, -128, -118, -128, -104, -128, -83, -128, -56, -128, -26, -128, 3, -128, 27, -128, 45, -128, 57, -128, 56, -128, 46]",esp32_2
CSI_DATA,139258,2025-08-27 15:35:47.646,0,sit,00:00:00:00:00:00,-64,11,0,0,0,0,0,0,0,0,0,-97,0,1,0,4159055719,0,14,0,0,0,104,0,"[0, 0, 99, 127, 92, 127, 87, 127, 80, 127, 78, 127, 89, 127, 95, 120, 111, 106, 124, 99, 127, 94, 127, 108, 127, 117, 127, 121, 127, 127, 109, 127, 84, 127, 49, 114, 25, 90, 10, 65, 2, 31, 3, 6, 9, -19, 22, -40, 36, -55, 55, -56, -109, 61, -117, 57, -125, 45, -128, 44, -128, 38, -128, 35, -128, 31, -128, 29, -122, 30, -120, 30, -104, 35, -100, 40, -100, 40, -93, 48, -87, 51, -66, 63, -61, 60, -45, 63, -34, 63, -12, 69, 15, 74, 44, 86, 72, 101, 85, 125, 106, 127, 127, 127]",esp32_1
CSI_DATA,142349,2025-08-27 15:35:47.646,0,sit,00:00:00:00:00:00,-41,11,0,0,0,0,0,0,0,0,0,-97,0,1,0,1018567811,0,14,0,0,0,104,0,"[0, 0, 127, -128, 127, -128, 127, -128, 127, -128, 127, -128, 127, -128, 113, -128, 88, -128, 63, -128, 38, -119, 17, -100, -1, -80, -18, -60, -33, -39, -46, -20, -59, -2, -72, 13, -86, 23, -101, 31, -113, 35, -123, 36, -128, 35, -128, 31, -125, 25, -120, 22, 127, 127, 111, 127, 74, 127, 45, 127, 26, 127, 16, 100, 18, 52, 35, 7, 61, -33, 92, -65, 124, -86, 127, -95, 127, -98, 127, -100, 127, -102, 127, -107, 127, -118, 127, -128, 127, -128, 112, -128, 95, -128, 83, -128, 77, -128, 78, -128, 88, -128, 102, -128]",esp32_2
CSI_DATA,142350,2025-08-27 15:35:47.677,0,sit,00:00:00:00:00:00,-41,11,0,0,0,0,0,0,0,0,0,-97,0,1,0,1018603377,0,14,0,0,0,104,0,"[0, 0, -128, 30, -128, 8, -128, -6, -128, -15, -128, -17, -128, -15, -128, -7, -128, 3, -128, 12, -122, 23, -96, 34, -70, 43, -45, 50, -19, 51, 5, 53, 27, 57, 47, 62, 63, 68, 79, 76, 89, 84, 94, 91, 96, 97, 92, 99, 86, 101, 80, 100, 127, -128, 127, -128, 127, -128, 127, -113, 119, -81, 84, -55, 39, -38, -10, -35, -57, -42, -98, -57, -128, -78, -128, -99, -128, -116, -128, -128, -128, -128, -128, -123, -128, -107, -128, -82, -128, -51, -128, -18, -128, 17, -128, 46, -128, 72, -128, 92, -128, 96, -128, 89]",esp32_2
CSI_DATA,142351,2025-08-27 15:35:47.705,0,sit,00:00:00:00:00:00,-41,11,0,0,0,0,0,0,0,0,0,-97,0,1,0,1018629929,0,14,0,27,-59,104,0,"[0, 0, -22, -128, -1, -128, 14, -128, 24, -128, 27, -128, 26, -128, 19, -128, 8, -128, -3, -128, -14, -126, -24, -99, -32, -73, -40, -47, -46, -22, -52, 0, -56, 22, -61, 40, -68, 55, -77, 68, -86, 76, -95, 80, -102, 79, -103, 74, -100, 69, -97, 65, 127, 127, 127, 127, 127, 127, 118, 127, 85, 117, 58, 83, 40, 39, 36, -8, 42, -54, 58, -96, 80, -128, 101, -128, 118, -128, 127, -128, 127, -128, 121, -128, 105, -128, 83, -128, 54, -128, 21, -128, -12, -128, -40, -128, -62, -128, -78, -128, -82, -128, -78, -128]",esp32_2
CSI_DATA,139260,2025-08-27 15:35:47.719,0,sit,00:00:00:00:00:00,-63,11,0,0,0,0,0,0,0,0,0,-97,0,1,0,4159758998,0,14,0,0,0,104,0,"[0, 0, -128, -77, -128, -77, -128, -82, -128, -75, -128, -60, -128, -38, -128, -22, -128, 2, -128, 19, -128, 31, -128, 31, -128, 23, -128, 15, -128, -2, -128, -18, -128, -36, -120, -45, -85, -47, -52, -40, -28, -17, -8, -6, 6, 21, 10, 42, 5, 69, -8, 78, 27, -121, 41, -125, 46, -124, 52, -126, 61, -126, 66, -123, 61, -114, 60, -115, 52, -115, 50, -114, 38, -116, 29, -119, 29, -110, 23, -112, 21, -108, 5, -116, 7, -104, -5, -96, -13, -74, -29, -59, -50, -45, -78, -36, -117, -29, -128, -25, -128, -27, -128, -46]",esp32_1
CSI_DATA,139261,2025-08-27 15:35:47.748,0,sit,00:00:00:00:00:00,-63,11,0,0,0,0,0,0,0,0,0,-97,0,1,0,4159768517,0,14,0,0,0,104,0,"[0, 0, 127, 126, 127, 127, 127, 127, 127, 122, 127, 106, 127, 80, 127, 56, 127, 32, 127, 12, 127, 2, 127, 9, 127, 16, 127, 31, 127, 45, 127, 57, 127, 79, 117, 79, 80, 68, 50, 54, 23, 28, 4, 4, -2, -24, -2, -50, 10, -74, 28, -85, -63, 127, -70, 127, -81, 124, -85, 124, -98, 122, -95, 119, -93, 113, -93, 108, -88, 109, -88, 109, -64, 118, -55, 125, -57, 114, -52, 119, -48, 114, -33, 125, -29, 115, -14, 103, -3, 89, 17, 75, 42, 65, 76, 61, 118, 63, 127, 63, 127, 71, 127, 96]",esp32_1
CSI_DATA,139262,2025-08-27 15:35:47.772,0,sit,00:00:00:00:00:00,-63,11,0,0,0,0,0,0,0,0,0,-97,0,1,0,4159778475,0,14,0,0,0,104,0,"[0, 0, 127, -57, 127, -45, 127, -31, 127, -34, 127, -36, 127, -55, 127, -69, 127, -99, 127, -115, 127, -128, 127, -128, 127, -128, 127, -128, 127, -108, 127, -79, 127, -44, 127, -18, 124, 1, 81, 10, 43, 9, -1, -5, -23, -24, -38, -44, -38, -76, -34, -94, 49, 127, 40, 127, 34, 127, 27, 127, 21, 127, 16, 127, 9, 127, 9, 127, 19, 127, 20, 127, 34, 127, 38, 127, 43, 127, 49, 127, 55, 125, 56, 127, 56, 116, 65, 101, 65, 69, 75, 45, 85, 13, 109, -21, 127, -29, 127, -63, 127, -76, 127, -73]",esp32_1
CSI_DATA,142353,2025-08-27 15:35:47.796,0,sit,00:00:00:00:00:00,-41,11,0,0,0,0,0,0,0,0,0,-97,0,1,0,1018689652,0,14,0,0,0,104,0,"[0, 0, 127, 127, 127, 127, 120, 127, 98, 127, 78, 127, 64, 127, 58, 127, 56, 127, 54, 127, 53, 118, 51, 88, 51, 60, 52, 34, 51, 8, 49, -17, 47, -39, 47, -59, 50, -76, 54, -91, 60, -101, 66, -106, 72, -108, 73, -106, 72, -100, 71, -94, -128, -49, -128, -68, -128, -85, -128, -89, -126, -80, -88, -58, -56, -24, -33, 19, -22, 65, -22, 111, -31, 127, -42, 127, -55, 127, -64, 127, -65, 127, -59, 127, -43, 127, -18, 127, 14, 127, 52, 127, 93, 127, 127, 127, 127, 127, 127, 127, 127, 127, 127, 127]",esp32_2
CSI_DATA,139263,2025-08-27 15:35:47.815,0,sit,00:00:00:00:00:00,-63,11,0,0,0,0,0,0,0,0,0,-97,0,1,0,4159788443,0,14,0,0,0,104,0,"[0, 0, 127, -128, 127, -128, 127, -128, 127, -128, 127, -128, 108, -128, 86, -128, 74, -128, 62, -128, 56, -128, 57, -128, 65, -128, 77, -128, 104, -128, 112, -128, 109, -124, 111, -91, 91, -56, 71, -35, 38, -14, 0, -10, -28, -11, -53, -19, -63, -36, -63, -54, 115, 72, 117, 84, 117, 91, 114, 102, 109, 104, 110, 112, 97, 107, 103, 110, 98, 105, 101, 86, 102, 89, 107, 79, 110, 67, 116, 66, 120, 60, 111, 58, 106, 52, 97, 39, 92, 16, 87, -4, 78, -37, 81, -68, 84, -87, 100, -128, 115, -128, 127, -128]",esp32_1
CSI_DATA,142354,2025-08-27 15:35:47.829,0,sit,00:00:00:00:00:00,-42,11,0,0,0,0,0,0,0,0,0,-97,0,1,0,1018773969,0,14,0,0,0,104,0,"[0, 0, 127, 127, 127, 127, 113, 127, 94, 127, 78, 127, 66, 127, 60, 127, 57, 127, 54, 127, 50, 124, 47, 91, 44, 60, 42, 28, 39, -1, 33, -27, 28, -52, 24, -75, 24, -95, 26, -112, 28, -123, 32, -128, 38, -128, 41, -128, 40, -125, 39, -119, -128, -128, -128, -128, -128, -128, -104, -128, -70, -128, -43, -111, -26, -60, -21, -5, -28, 48, -44, 93, -67, 127, -87, 127, -105, 127, -117, 127, -116, 127, -104, 127, -86, 127, -57, 127, -20, 127, 21, 127, 65, 127, 108, 127, 127, 127, 127, 127, 127, 127, 127, 127]",esp32_2
CSI_DATA,139264,2025-08-27 15:35:47.841,0,sit,00:00:00:00:00:00,-64,11,0,0,0,0,0,0,0,0,0,-97,0,1,0,4159798448,0,14,0,0,0,104,0,"[0, 0, 73, -128, 80, -128, 77, -128, 73, -128, 58, -128, 37, -128, 13, -128, -13, -128, -24, -128, -36, -128, -44, -128, -36, -128, -25, -128, 0, -128, 19, -128, 32, -128, 46, -124, 50, -89, 44, -55, 25, -25, -2, -7, -29, 10, -50, 13, -70, 10, -82, -5, 125, 28, 127, 37, 127, 49, 127, 51, 127, 62, 127, 65, 121, 63, 121, 64, 117, 61, 120, 46, 115, 40, 114, 34, 121, 24, 126, 19, 121, 14, 113, 7, 104, 3, 91, -5, 80, -20, 67, -36, 51, -56, 37, -92, 28, -114, 28, -128, 35, -128, 37, -128]",esp32_1
CSI_DATA,142355,2025-08-27 15:35:47.847,0,sit,00:00:00:00:00:00,-41,11,0,0,0,0,0,0,0,0,0,-97,0,1,0,1018803121,0,14,0,27,-59,104,0,"[0, 0, -128, -128, -128, -128, -128, -128, -128, -128, -128, -128, -128, -128, -128, -114, -128, -91, -128, -67, -124, -42, -98, -21, -76, -2, -55, 16, -33, 32, -12, 46, 6, 60, 21, 74, 31, 87, 40, 102, 44, 113, 45, 119, 43, 123, 41, 122, 38, 118, 35, 113, 127, -81, 127, -54, 127, -23, 127, 1, 127, 15, 102, 18, 54, 7, 12, -18, -25, -50, -54, -87, -71, -124, -77, -128, -79, -128, -79, -128, -82, -128, -88, -128, -100, -128, -120, -128, -128, -128, -128, -123, -128, -106, -128, -95, -128, -89, -128, -89, -128, -99, -128, -113]",esp32_2
CSI_DATA,139265,2025-08-27 15:35:47.868,0,sit,00:00:00:00:00:00,-64,11,0,0,0,0,0,0,0,0,0,-97,0,1,0,4159808438,0,14,0,0,0,104,0,"[0, 0, 127, -128, 127, -128, 127, -128, 127, -128, 118, -128, 94, -128, 72, -128, 56, -128, 42, -128, 40, -128, 38, -128, 49, -128, 59, -128, 85, -128, 98, -128, 94, -124, 99, -92, 83, -59, 64, -34, 38, -13, 1, -3, -27, 1, -52, -7, -67, -23, -72, -39, 105, 74, 107, 84, 102, 92, 101, 100, 97, 108, 96, 111, 90, 109, 89, 109, 84, 102, 89, 87, 93, 86, 97, 79, 104, 64, 108, 63, 105, 56, 101, 56, 98, 48, 92, 35, 83, 12, 77, -9, 67, -33, 70, -64, 73, -93, 88, -128, 100, -128, 119, -128]",esp32_1
CSI_DATA,142356,2025-08-27 15:35:47.884,0,sit,00:00:00:00:00:00,-41,11,0,0,0,0,0,0,0,0,0,-97,0,1,0,1018823750,0,14,0,0,0,104,0,"[0, 0, -128, -128, -128, -128, -128, -128, -128, -128, -128, -128, -128, -128, -128, -128, -128, -128, -128, -105, -128, -73, -103, -45, -81, -21, -61, 3, -40, 25, -19, 44, -1, 61, 12, 78, 24, 96, 33, 114, 38, 126, 38, 127, 36, 127, 34, 127, 31, 127, 28, 127, 127, -33, 127, -6, 127, 24, 127, 43, 127, 52, 114, 45, 64, 23, 22, -12, -13, -56, -36, -105, -48, -128, -50, -128, -49, -128, -46, -128, -48, -128, -56, -128, -73, -128, -97, -128, -128, -128, -128, -128, -128, -128, -128, -128, -128, -128, -128, -128, -128, -128, -128, -128]",esp32_2
CSI_DATA,142357,2025-08-27 15:35:47.910,0,sit,00:00:00:00:00:00,-41,11,0,0,0,0,0,0,0,0,0,-97,0,1,0,1018858535,0,14,0,0,0,104,0,"[0, 0, 67, -128, 80, -128, 92, -128, 96, -128, 90, -128, 80, -128, 68, -128, 53, -128, 37, -128, 20, -128, 5, -106, -8, -78, -20, -51, -30, -27, -41, -4, -50, 18, -60, 36, -71, 48, -83, 58, -93, 64, -102, 67, -105, 67, -102, 63, -97, 57, -92, 53, 127, 127, 118, 127, 79, 127, 47, 127, 25, 127, 11, 106, 10, 60, 22, 15, 44, -29, 72, -67, 102, -92, 127, -105, 127, -112, 127, -115, 127, -118, 127, -121, 127, -128, 126, -128, 102, -128, 76, -128, 51, -128, 30, -128, 15, -128, 7, -128, 11, -128, 20, -128]",esp32_2
CSI_DATA,139267,2025-08-27 15:35:47.951,0,sit,00:00:00:00:00:00,-64,11,0,0,0,0,0,0,0,0,0,-97,0,1,0,4159828505,0,14,0,0,0,104,0,"[0, 0, 63, -128, 74, -128, 73, -128, 67, -128, 48, -128, 27, -128, -4, -128, -30, -128, -51, -128, -72, -128, -74, -128, -66, -128, -55, -128, -21, -128, 1, -128, 28, -128, 50, -128, 60, -112, 54, -75, 29, -34, -3, -8, -34, 14, -62, 17, -91, 19, -106, 2, 127, 4, 127, 16, 127, 32, 127, 38, 127, 49, 127, 53, 127, 56, 127, 56, 127, 49, 127, 31, 127, 25, 127, 15, 127, 12, 127, 0, 127, -5, 127, -16, 127, -13, 117, -25, 103, -41, 84, -54, 55, -87, 36, -114, 14, -128, 16, -128, 10, -128, 11, -128]",esp32_1
CSI_DATA,139268,2025-08-27 15:35:47.986,0,sit,00:00:00:00:00:00,-64,11,0,0,0,0,0,0,0,0,0,-97,0,1,0,4159838446,0,14,0,0,0,104,0,"[0, 0, 117, 127, 102, 127, 99, 127, 91, 127, 90, 127, 98, 127, 109, 112, 125, 97, 127, 86, 127, 88, 127, 101, 127, 112, 127, 120, 127, 127, 119, 127, 93, 127, 56, 115, 28, 94, 12, 63, 3, 31, 0, 4, 10, -22, 24, -43, 42, -58, 62, -60, -104, 83, -110, 79, -119, 74, -122, 67, -128, 68, -128, 61, -124, 59, -126, 56, -118, 59, -118, 64, -106, 71, -100, 73, -101, 73, -99, 79, -93, 78, -80, 88, -71, 80, -58, 79, -45, 75, -22, 71, 5, 77, 35, 87, 74, 104, 91, 118, 109, 127, 127, 127]",esp32_1
CSI_DATA,142359,2025-08-27 15:35:47.999,0,sit,00:00:00:00:00:00,-42,11,0,0,0,0,0,0,0,0,0,-97,0,1,0,1019577774,0,14,0,0,0,104,0,"[0, 0, -128, 127, -128, 127, -128, 127, -128, 127, -128, 127, -128, 127, -128, 127, -128, 127, -128, 127, -128, 127, -121, 127, -100, 121, -81, 96, -62, 68, -43, 39, -22, 12, -1, -12, 19, -30, 40, -44, 55, -51, 65, -55, 70, -55, 70, -50, 65, -44, 59, -41, 127, -123, 127, -97, 127, -65, 127, -38, 127, -16, 127, 1, 127, 7, 104, -2, 52, -20, 4, -47, -35, -81, -62, -113, -79, -128, -87, -128, -90, -128, -88, -128, -84, -128, -83, -116, -87, -69, -95, -12, -113, 50, -128, 114, -128, 127, -128, 127, -128, 127, -128, 127]",esp32_2
CSI_DATA,139269,2025-08-27 15:35:48.014,0,sit,00:00:00:00:00:00,-64,11,0,0,0,0,0,0,0,0,0,-97,0,1,0,4159848450,0,14,0,0,0,104,0,"[0, 0, 127, -98, 127, -83, 127, -71, 127, -67, 127, -72, 127, -78, 127, -92, 125, -112, 120, -126, 117, -128, 124, -128, 127, -128, 127, -128, 127, -126, 127, -98, 127, -67, 127, -34, 105, -14, 72, -2, 38, 4, 1, -2, -23, -19, -39, -36, -43, -60, -38, -76, 84, 102, 80, 114, 76, 121, 73, 127, 66, 127, 62, 127, 57, 127, 56, 127, 54, 127, 61, 115, 71, 115, 76, 113, 79, 98, 82, 94, 87, 92, 86, 94, 82, 89, 86, 72, 80, 48, 82, 23, 82, -4, 97, -32, 111, -51, 127, -85, 127, -106, 127, -103]",esp32_1
CSI_DATA,142360,2025-08-27 15:35:48.031,0,sit,00:00:00:00:00:00,-41,11,0,0,0,0,0,0,0,0,0,-97,0,1,0,1019588377,0,14,0,27,-59,104,0,"[0, 0, 127, -128, 127, -128, 127, -128, 127, -128, 127, -128, 114, -128, 95, -128, 76, -128, 60, -128, 44, -128, 32, -128, 24, -128, 19, -112, 16, -83, 13, -53, 9, -23, 3, 3, -5, 25, -14, 44, -23, 58, -29, 66, -34, 70, -35, 66, -33, 59, -29, 54, -128, 127, -128, 127, -128, 127, -128, 127, -128, 109, -128, 81, -128, 59, -85, 45, -35, 40, 14, 44, 58, 55, 92, 69, 116, 83, 127, 96, 127, 102, 127, 99, 124, 86, 111, 60, 95, 23, 80, -23, 70, -78, 67, -128, 70, -128, 80, -128, 98, -128, 116, -128]",esp32_2
CSI_DATA,139270,2025-08-27 15:35:48.036,0,sit,00:00:00:00:00:00,-64,11,0,0,0,0,0,0,0,0,0,-97,0,1,0,4159858692,0,14,0,0,0,104,0,"[0, 0, -25, 127, -30, 127, -34, 127, -26, 127, -17, 127, 3, 127, 23, 127, 43, 127, 57, 127, 66, 127, 71, 127, 62, 127, 57, 127, 31, 127, 9, 127, -7, 127, -28, 127, -34, 93, -30, 60, -20, 26, 2, 7, 30, -5, 50, -13, 69, -11, 84, -3, -127, 24, -128, 19, -128, 5, -128, 0, -128, -3, -128, -12, -128, -13, -128, -11, -128, -9, -128, -1, -128, 2, -123, 11, -128, 16, -128, 21, -125, 23, -116, 32, -107, 30, -94, 41, -84, 46, -61, 60, -39, 75, -18, 98, -5, 119, -4, 127, 6, 127, 11, 127]",esp32_1
CSI_DATA,142361,2025-08-27 15:35:48.066,0,sit,00:00:00:00:00:00,-41,11,0,0,0,0,0,0,0,0,0,-97,0,1,0,1019597706,0,14,0,0,0,104,0,"[0, 0, -128, -128, -128, -128, -128, -128, -128, -128, -128, -128, -128, -128, -128, -128, -128, -128, -128, -128, -128, -128, -116, -128, -100, -128, -80, -105, -57, -80, -34, -54, -11, -28, 8, -3, 22, 20, 31, 42, 35, 61, 35, 75, 32, 82, 28, 80, 26, 73, 24, 67, 36, 127, 12, 127, -17, 127, -38, 127, -51, 127, -54, 127, -45, 127, -23, 106, 9, 60, 47, 22, 89, -7, 127, -26, 127, -35, 127, -38, 127, -40, 127, -40, 127, -40, 127, -47, 91, -61, 39, -83, -16, -116, -71, -128, -124, -128, -128, -128, -128, -128, -128, -128]",esp32_2
CSI_DATA,139271,2025-08-27 15:35:48.068,0,sit,00:00:00:00:00:00,-64,11,0,0,0,0,0,0,0,0,0,-97,0,1,0,4159868429,0,14,0,0,0,104,0,"[0, 0, 127, 127, 127, 127, 127, 127, 127, 127, 127, 127, 127, 127, 127, 119, 127, 89, 127, 86, 127, 79, 127, 96, 127, 105, 127, 125, 127, 127, 127, 127, 127, 127, 97, 127, 60, 114, 33, 78, 13, 41, 4, 6, 17, -32, 33, -55, 58, -78, 80, -80, -86, 127, -103, 127, -110, 127, -117, 127, -128, 127, -128, 127, -127, 124, -127, 123, -114, 125, -114, 123, -100, 127, -90, 127, -92, 127, -88, 127, -82, 127, -65, 127, -62, 127, -46, 127, -34, 115, 0, 106, 27, 100, 72, 100, 115, 118, 127, 127, 127, 127, 127, 127]",esp32_1
CSI_DATA,142362,2025-08-27 15:35:48.097,0,sit,00:00:00:00:00:00,-41,11,0,0,0,0,0,0,0,0,0,-97,0,1,0,1019607773,0,14,0,0,0,104,0,"[0, 0, -126, -128, -109, -128, -99, -128, -93, -128, -90, -128, -88, -128, -89, -128, -91, -128, -91, -128, -86, -128, -78, -128, -68, -128, -56, -121, -41, -93, -25, -63, -10, -33, 3, -4, 11, 23, 15, 46, 16, 65, 14, 80, 8, 87, 5, 84, 4, 76, 3, 70, -2, 127, -26, 127, -53, 127, -71, 127, -82, 127, -80, 127, -65, 127, -37, 104, 2, 64, 47, 32, 94, 9, 127, -4, 127, -8, 127, -8, 127, -8, 127, -9, 127, -12, 127, -22, 107, -41, 60, -71, 12, -113, -36, -128, -77, -128, -110, -128, -128, -128, -128, -128]",esp32_2
CSI_DATA,139272,2025-08-27 15:35:48.099,0,sit,00:00:00:00:00:00,-67,11,0,0,0,0,0,0,0,0,0,-97,0,1,0,4159879202,0,14,0,0,0,104,0,"[0, 0, -128, 104, -128, 96, -128, 79, -128, 80, -128, 93, -128, 97, -128, 122, -128, 127, -128, 127, -128, 127, -128, 127, -128, 127, -128, 127, -128, 127, -128, 127, -128, 127, -128, 96, -128, 54, -104, 35, -66, 17, -4, 12, 40, 31, 80, 54, 96, 95, 101, 127, -57, -128, -51, -128, -53, -128, -43, -128, -37, -128, -28, -128, -34, -128, -29, -128, -30, -128, -37, -128, -52, -128, -58, -128, -66, -116, -72, -116, -69, -109, -75, -124, -71, -95, -69, -87, -74, -56, -80, -32, -91, -4, -103, 21, -124, 35, -128, 75, -128, 97, -128, 84]",esp32_1
CSI_DATA,139273,2025-08-27 15:35:48.127,0,sit,00:00:00:00:00:00,-63,11,0,0,0,0,0,0,0,0,0,-97,0,1,0,4159889341,0,14,0,0,0,104,0,"[0, 0, 62, -128, 68, -128, 66, -128, 59, -128, 47, -128, 26, -128, 4, -128, -14, -128, -27, -128, -36, -128, -40, -128, -33, -128, -21, -128, 9, -128, 28, -128, 37, -128, 52, -118, 52, -79, 42, -54, 21, -25, -3, -12, -29, -2, -53, 3, -72, -7, -78, -21, 124, -13, 127, -6, 127, 2, 127, 8, 127, 20, 127, 24, 127, 26, 127, 28, 127, 23, 127, 9, 124, 8, 122, -1, 127, -7, 127, -9, 127, -17, 120, -18, 107, -18, 102, -28, 90, -36, 72, -50, 55, -67, 38, -93, 21, -111, 26, -128, 23, -128, 26, -128]",esp32_1
CSI_DATA,142363,2025-08-27 15:35:48.129,0,sit,00:00:00:00:00:00,-42,11,0,0,0,0,0,0,0,0,0,-97,0,1,0,1019619017,0,14,0,0,0,104,0,"[0, 0, 127, 127, 123, 127, 115, 127, 108, 127, 103, 127, 100, 127, 101, 127, 102, 127, 99, 127, 94, 127, 85, 127, 73, 127, 59, 112, 43, 86, 26, 58, 9, 31, -6, 4, -15, -21, -19, -44, -21, -63, -19, -77, -14, -83, -11, -81, -9, -74, -7, -68, -5, -128, 17, -128, 43, -128, 61, -128, 70, -128, 68, -128, 54, -128, 28, -100, -6, -61, -48, -30, -91, -6, -128, 8, -128, 12, -128, 11, -128, 9, -128, 9, -128, 12, -128, 21, -102, 39, -55, 66, -7, 104, 40, 127, 83, 127, 117, 127, 127, 127, 127, 127]",esp32_2
CSI_DATA,139274,2025-08-27 15:35:48.154,0,sit,00:00:00:00:00:00,-63,11,0,0,0,0,0,0,0,0,0,-97,0,1,0,4159898509,0,14,0,0,0,104,0,"[0, 0, 112, 127, 96, 127, 90, 127, 85, 127, 88, 127, 96, 127, 112, 127, 127, 127, 127, 126, 127, 127, 127, 127, 127, 127, 127, 127, 127, 127, 112, 127, 79, 127, 45, 127, 17, 106, 6, 77, 0, 36, 10, 5, 27, -20, 47, -37, 71, -57, 90, -51, -106, 109, -125, 106, -128, 97, -128, 99, -128, 91, -128, 88, -128, 78, -128, 74, -128, 81, -128, 87, -123, 93, -113, 100, -119, 101, -118, 109, -114, 105, -97, 115, -87, 107, -74, 103, -61, 99, -33, 100, -2, 104, 32, 116, 71, 126, 90, 127, 112, 127, 127, 127]",esp32_1
CSI_DATA,142364,2025-08-27 15:35:48.154,0,sit,00:00:00:00:00:00,-42,11,0,0,0,0,0,0,0,0,0,-97,0,1,0,1019627688,0,14,0,0,0,104,0,"[0, 0, 127, 127, 127, 127, 127, 127, 127, 127, 127, 122, 127, 103, 127, 84, 127, 64, 127, 44, 127, 30, 127, 23, 127, 19, 126, 15, 97, 13, 66, 12, 35, 9, 4, 5, -23, -3, -44, -15, -59, -24, -69, -32, -71, -39, -69, -41, -66, -39, -60, -37, -128, -128, -128, -128, -128, -128, -128, -128, -128, -128, -118, -128, -88, -127, -68, -82, -56, -31, -51, 21, -55, 71, -66, 109, -80, 127, -94, 127, -101, 127, -101, 127, -90, 127, -67, 127, -31, 107, 17, 83, 76, 64, 127, 53, 127, 49, 127, 50, 127, 59, 127, 74]",esp32_2
CSI_DATA,139276,2025-08-27 15:35:48.240,0,sit,00:00:00:00:00:00,-64,11,0,0,0,0,0,0,0,0,0,-97,0,1,0,4159920436,0,14,0,0,0,104,0,"[0, 0, 47, 127, 37, 127, 40, 127, 35, 127, 43, 127, 55, 127, 75, 127, 93, 127, 110, 127, 121, 127, 127, 127, 127, 127, 120, 127, 95, 127, 69, 127, 44, 127, 15, 127, -2, 98, -9, 64, -11, 28, 4, 2, 22, -21, 43, -34, 62, -45, 80, -35, -121, 58, -128, 56, -128, 41, -128, 39, -128, 37, -128, 30, -128, 28, -128, 26, -128, 30, -128, 38, -122, 44, -120, 48, -123, 52, -123, 57, -120, 60, -106, 65, -95, 64, -84, 65, -73, 70, -47, 73, -22, 82, 6, 96, 32, 116, 46, 127, 56, 127, 73, 127]",esp32_1
CSI_DATA,142366,2025-08-27 15:35:48.256,0,sit,00:00:00:00:00:00,-42,11,0,0,0,0,0,0,0,0,0,-97,0,1,0,1019648059,0,14,0,0,0,104,0,"[0, 0, -128, 14, -128, 2, -128, -8, -128, -10, -128, -4, -128, 4, -128, 13, -128, 22, -128, 27, -128, 29, -128, 30, -128, 28, -128, 25, -106, 18, -74, 10, -41, 3, -10, -2, 17, -1, 41, 3, 59, 7, 70, 11, 75, 18, 74, 24, 69, 25, 64, 25, 127, 48, 127, 68, 127, 90, 127, 104, 127, 109, 127, 101, 127, 78, 98, 45, 68, 3, 46, -44, 33, -90, 28, -128, 31, -128, 35, -128, 39, -128, 39, -128, 34, -128, 20, -128, -6, -117, -43, -78, -90, -40, -128, -7, -128, 17, -128, 32, -128, 39, -128, 38]",esp32_2
CSI_DATA,139277,2025-08-27 15:35:48.273,0,sit,00:00:00:00:00:00,-64,11,0,0,0,0,0,0,0,0,0,-97,0,1,0,4159928469,0,14,0,0,0,104,0,"[0, 0, 127, -59, 127, -47, 127, -39, 127, -45, 127, -50, 127, -61, 127, -79, 127, -98, 127, -117, 127, -128, 127, -128, 127, -128, 127, -123, 127, -102, 127, -74, 127, -48, 127, -19, 105, -2, 72, 8, 34, 8, 1, -2, -26, -23, -39, -39, -42, -64, -31, -83, 56, 118, 56, 125, 50, 127, 46, 127, 43, 127, 32, 127, 33, 127, 31, 127, 33, 127, 34, 127, 49, 127, 53, 127, 54, 115, 58, 109, 65, 107, 72, 108, 67, 99, 69, 89, 72, 63, 76, 39, 85, 13, 100, -14, 122, -25, 127, -50, 127, -68, 127, -62]",esp32_1
CSI_DATA,142367,2025-08-27 15:35:48.288,0,sit,00:00:00:00:00:00,-41,11,0,0,0,0,0,0,0,0,0,-97,0,1,0,1019664036,0,14,0,0,0,104,0,"[0, 0, 127, 127, 110, 127, 101, 127, 91, 127, 82, 127, 78, 127, 81, 127, 84, 127, 87, 127, 86, 127, 81, 127, 71, 127, 60, 127, 47, 102, 32, 72, 18, 41, 8, 11, 2, -18, 0, -43, 1, -64, 6, -79, 11, -87, 15, -85, 16, -79, 17, -73, -90, -128, -65, -128, -34, -128, -9, -128, 9, -128, 18, -128, 15, -128, 0, -113, -26, -69, -61, -30, -100, 0, -128, 18, -128, 26, -128, 28, -128, 28, -128, 28, -128, 28, -128, 33, -116, 45, -68, 68, -19, 102, 30, 127, 77, 127, 115, 127, 127, 127, 127, 127]",esp32_2
CSI_DATA,139278,2025-08-27 15:35:48.294,0,sit,00:00:00:00:00:00,-64,11,0,0,0,0,0,0,0,0,0,-97,0,1,0,4159939448,0,14,0,0,0,104,0,"[0, 0, -128, -115, -128, -121, -128, -119, -128, -105, -128, -84, -128, -67, -128, -48, -128, -25, -128, -18, -128, -8, -128, -17, -128, -30, -128, -37, -128, -55, -128, -71, -128, -81, -103, -79, -67, -66, -36, -53, -15, -25, -2, -2, 2, 28, -3, 52, -17, 76, -39, 83, 40, -123, 50, -128, 55, -126, 62, -128, 70, -128, 75, -125, 72, -120, 73, -121, 65, -113, 68, -114, 50, -121, 46, -122, 48, -116, 45, -122, 36, -122, 18, -121, 16, -115, 7, -109, -3, -88, -21, -77, -43, -66, -69, -65, -112, -66, -128, -65, -128, -71, -128, -89]",esp32_1
CSI_DATA,142368,2025-08-27 15:35:48.316,0,sit,00:00:00:00:00:00,-41,11,0,0,0,0,0,0,0,0,0,-97,0,1,0,1019667740,0,14,0,0,0,104,0,"[0, 0, -128, 127, -128, 127, -128, 127, -128, 127, -128, 127, -128, 127, -128, 127, -128, 127, -116, 127, -94, 127, -79, 127, -67, 127, -55, 127, -45, 109, -34, 77, -21, 46, -6, 18, 11, -7, 30, -25, 46, -38, 59, -47, 67, -49, 69, -45, 67, -39, 63, -35, 127, -128, 127, -128, 127, -128, 127, -128, 127, -128, 127, -128, 123, -108, 79, -86, 29, -74, -23, -71, -73, -78, -113, -89, -128, -105, -128, -121, -128, -128, -128, -128, -128, -120, -128, -96, -122, -59, -104, -7, -94, 54, -91, 122, -96, 127, -110, 127, -128, 127, -128, 127]",esp32_2
CSI_DATA,139279,2025-08-27 15:35:48.327,0,sit,00:00:00:00:00:00,-64,11,0,0,0,0,0,0,0,0,0,-97,0,1,0,4159958488,0,14,0,0,0,104,0,"[0, 0, -128, -128, -128, -128, -128, -128, -128, -128, -128, -113, -128, -92, -128, -75, -128, -55, -128, -39, -128, -42, -128, -49, -128, -58, -128, -76, -128, -91, -128, -102, -119, -106, -87, -100, -53, -82, -27, -61, -12, -28, -5, -1, -6, 28, -16, 51, -33, 73, -54, 76, 50, -122, 62, -128, 68, -123, 74, -127, 84, -122, 91, -123, 88, -110, 86, -114, 81, -111, 78, -108, 65, -119, 58, -122, 58, -114, 53, -119, 50, -117, 38, -120, 28, -118, 21, -108, 7, -92, -10, -87, -33, -81, -61, -79, -102, -81, -124, -85, -128, -96, -128, -120]",esp32_1
CSI_DATA,142369,2025-08-27 15:35:48.348,0,sit,00:00:00:00:00:00,-41,11,0,0,0,0,0,0,0,0,0,-97,0,1,0,1019677730,0,14,0,0,0,104,0,"[0, 0, -57, 127, -68, 127, -71, 127, -70, 127, -63, 127, -52, 127, -39, 127, -27, 127, -15, 127, -6, 127, -1, 127, 0, 127, -1, 127, -2, 108, -3, 77, -2, 46, 0, 17, 6, -9, 16, -30, 26, -47, 35, -59, 43, -63, 47, -60, 46, -53, 44, -47, 21, -128, 42, -128, 65, -128, 79, -128, 84, -128, 79, -128, 61, -128, 32, -101, -5, -74, -46, -53, -88, -41, -124, -38, -128, -41, -128, -48, -128, -52, -128, -51, -128, -46, -128, -32, -120, -7, -88, 28, -58, 74, -33, 127, -15, 127, -5, 127, -3, 127, -5, 127]",esp32_2
CSI_DATA,139280,2025-08-27 15:35:48.359,0,sit,00:00:00:00:00:00,-63,11,0,0,0,0,0,0,0,0,0,-97,0,1,0,4159968444,0,14,0,0,0,104,0,"[0, 0, 127, -26, 127, -22, 127, -13, 127, -18, 127, -22, 127, -37, 127, -55, 127, -76, 127, -88, 127, -98, 127, -103, 127, -97, 127, -85, 127, -66, 127, -40, 127, -15, 127, 6, 93, 14, 62, 17, 30, 7, 1, -7, -13, -27, -24, -51, -15, -70, -8, -83, 66, 106, 57, 113, 58, 120, 52, 127, 46, 127, 41, 127, 39, 127, 37, 127, 39, 127, 45, 117, 51, 123, 58, 119, 56, 104, 65, 106, 66, 102, 70, 107, 68, 97, 71, 88, 72, 62, 78, 45, 85, 20, 100, 2, 126, -10, 127, -32, 127, -45, 127, -38]",esp32_1
CSI_DATA,142370,2025-08-27 15:35:48.380,0,sit,00:00:00:00:00:00,-41,11,0,0,0,0,0,0,0,0,0,-97,0,1,0,1019687713,0,14,0,0,0,104,0,"[0, 0, -128, 127, -128, 127, -128, 127, -128, 127, -128, 127, -116, 127, -98, 127, -81, 127, -63, 127, -47, 127, -38, 127, -31, 127, -26, 127, -22, 110, -16, 80, -9, 50, -1, 21, 10, -3, 23, -23, 36, -37, 47, -47, 55, -50, 58, -48, 57, -42, 54, -37, 76, -128, 96, -128, 114, -128, 122, -128, 122, -128, 110, -128, 85, -121, 51, -94, 10, -75, -35, -63, -80, -60, -117, -64, -128, -72, -128, -83, -128, -90, -128, -90, -128, -84, -128, -67, -122, -37, -98, 3, -76, 54, -61, 111, -53, 127, -53, 127, -60, 127, -71, 127]",esp32_2
CSI_DATA,139281,2025-08-27 15:35:48.391,0,sit,00:00:00:00:00:00,-63,11,0,0,0,0,0,0,0,0,0,-97,0,1,0,4159980549,0,14,0,0,0,104,0,"[0, 0, 32, -128, 39, -128, 40, -128, 30, -128, 3, -128, -22, -128, -39, -128, -65, -128, -69, -128, -64, -128, -65, -128, -52, -128, -52, -128, -24, -128, 7, -128, 23, -128, 44, -128, 42, -101, 34, -66, 14, -29, -12, -9, -45, 2, -68, 2, -89, -4, -96, -17, 127, -45, 127, -40, 127, -36, 127, -31, 127, -20, 127, -14, 127, -23, 127, -20, 127, -21, 127, -23, 127, -8, 127, -22, 127, -22, 127, -33, 127, -41, 127, -57, 117, -51, 121, -61, 96, -63, 77, -79, 51, -99, 24, -118, 14, -128, 24, -128, 20, -128, 9, -128]",esp32_1
CSI_DATA,142371,2025-08-27 15:35:48.412,0,sit,00:00:00:00:00:00,-41,11,0,0,0,0,0,0,0,0,0,-97,0,1,0,1019697771,0,14,0,0,0,104,0,"[0, 0, 127, -128, 127, -128, 127, -128, 127, -128, 127, -128, 127, -128, 127, -128, 127, -128, 127, -128, 127, -128, 127, -128, 127, -113, 122, -96, 100, -76, 75, -53, 47, -31, 19, -13, -8, -1, -34, 6, -56, 8, -71, 8, -81, 4, -83, -2, -79, -7, -74, -10, -128, 127, -128, 115, -128, 83, -128, 56, -128, 34, -128, 19, -128, 15, -116, 24, -68, 43, -24, 70, 12, 103, 38, 127, 52, 127, 59, 127, 60, 127, 56, 127, 53, 127, 54, 127, 60, 117, 71, 65, 94, 8, 127, -50, 127, -106, 127, -128, 127, -128, 127, -128]",esp32_2
CSI_DATA,142372,2025-08-27 15:35:48.434,0,sit,00:00:00:00:00:00,-41,11,0,0,0,0,0,0,0,0,0,-97,0,1,0,1019708134,0,14,0,0,0,104,0,"[0, 0, 127, -47, 127, -31, 127, -21, 127, -16, 127, -14, 127, -18, 127, -25, 127, -34, 127, -42, 127, -45, 127, -44, 127, -38, 127, -33, 127, -25, 95, -16, 60, -9, 28, -6, -3, -8, -29, -15, -49, -22, -63, -30, -68, -38, -68, -43, -64, -47, -60, -47, -128, 66, -128, 40, -128, 10, -128, -14, -128, -30, -128, -34, -128, -26, -120, -5, -79, 26, -46, 65, -20, 106, -5, 127, -1, 127, -4, 127, -7, 127, -9, 127, -10, 127, -3, 127, 14, 127, 42, 95, 82, 50, 127, 7, 127, -30, 127, -60, 127, -77, 127, -80]",esp32_2
CSI_DATA,139283,2025-08-27 15:35:48.471,0,sit,00:00:00:00:00:00,-63,11,0,0,0,0,0,0,0,0,0,-97,0,1,0,4160000850,0,14,0,0,0,104,0,"[0, 0, -79, 127, -77, 127, -73, 127, -66, 127, -44, 127, -26, 127, 0, 127, 13, 127, 30, 127, 35, 127, 34, 127, 26, 127, 10, 127, -20, 127, -39, 127, -48, 127, -64, 118, -60, 78, -48, 45, -25, 17, 4, -1, 33, -6, 61, -4, 79, 3, 91, 22, -128, 7, -128, -2, -128, -15, -128, -17, -128, -25, -128, -33, -128, -33, -128, -38, -128, -33, -128, -23, -128, -18, -128, -12, -128, -4, -128, -3, -128, 6, -127, 13, -118, 13, -106, 21, -101, 37, -81, 52, -68, 72, -52, 98, -36, 118, -46, 127, -42, 127, -42, 127]",esp32_1
CSI_DATA,139284,2025-08-27 15:35:48.507,0,sit,00:00:00:00:00:00,-64,11,0,0,0,0,0,0,0,0,0,-97,0,1,0,4160008772,0,14,0,0,0,104,0,"[0, 0, 127, 70, 127, 73, 127, 75, 127, 61, 127, 40, 127, 17, 127, -7, 127, -37, 127, -54, 127, -68, 127, -60, 127, -51, 127, -30, 127, -4, 127, 20, 127, 54, 127, 62, 101, 60, 71, 51, 30, 24, -2, -7, -17, -44, -15, -73, 0, -105, 18, -118, 19, 127, 10, 127, 5, 127, -6, 127, -13, 127, -23, 127, -23, 127, -31, 127, -19, 127, -18, 127, 0, 127, 9, 127, 5, 127, 14, 127, 22, 127, 35, 127, 38, 127, 49, 127, 55, 114, 72, 94, 90, 68, 120, 49, 127, 47, 127, 32, 127, 32, 127, 47]",esp32_1
CSI_DATA,142374,2025-08-27 15:35:48.517,0,sit,00:00:00:00:00:00,-41,11,0,0,0,0,0,0,0,0,0,-97,0,1,0,1019729361,0,14,0,0,0,104,0,"[0, 0, 127, 87, 127, 100, 127, 109, 127, 110, 127, 102, 127, 91, 127, 78, 127, 63, 127, 51, 127, 41, 127, 34, 127, 30, 127, 26, 118, 23, 88, 19, 57, 12, 30, 2, 7, -11, -12, -27, -25, -43, -32, -56, -32, -65, -30, -69, -26, -69, -21, -67, -128, 53, -128, 30, -128, 2, -128, -19, -128, -32, -128, -35, -128, -26, -107, -5, -77, 26, -53, 63, -36, 102, -28, 127, -30, 127, -36, 127, -42, 127, -47, 127, -47, 127, -36, 127, -16, 127, 12, 105, 54, 75, 106, 51, 127, 34, 127, 26, 127, 29, 127, 38]",esp32_2
CSI_DATA,139285,2025-08-27 15:35:48.529,0,sit,00:00:00:00:00:00,-64,11,0,0,0,0,0,0,0,0,0,-97,0,1,0,4160025079,0,14,0,0,0,104,0,"[0, 0, -128, 38, -128, 33, -128, 24, -128, 32, -128, 42, -128, 57, -128, 80, -128, 99, -128, 113, -128, 127, -128, 127, -128, 127, -128, 119, -128, 90, -128, 57, -128, 33, -128, 3, -106, -15, -69, -19, -30, -15, 8, 4, 26, 31, 41, 56, 36, 83, 27, 98, -65, -127, -62, -128, -59, -128, -56, -128, -49, -128, -45, -128, -39, -128, -41, -128, -41, -128, -47, -128, -54, -128, -60, -128, -63, -128, -71, -127, -71, -118, -76, -124, -79, -110, -81, -101, -84, -73, -91, -53, -103, -26, -120, 4, -128, 13, -128, 40, -128, 57, -128, 45]",esp32_1
CSI_DATA,142375,2025-08-27 15:35:48.549,0,sit,00:00:00:00:00:00,-41,11,0,0,0,0,0,0,0,0,0,-97,0,1,0,1019737749,0,14,0,0,0,104,0,"[0, 0, -128, -128, -128, -128, -128, -128, -128, -128, -128, -128, -128, -128, -128, -128, -128, -121, -128, -105, -128, -93, -128, -83, -128, -73, -122, -62, -98, -51, -74, -40, -48, -25, -26, -9, -9, 8, 3, 27, 10, 43, 11, 56, 9, 65, 5, 69, 2, 67, -1, 63, 127, 26, 127, 44, 127, 63, 127, 76, 127, 80, 127, 74, 116, 57, 92, 30, 73, -4, 60, -41, 56, -78, 59, -108, 68, -128, 79, -128, 88, -128, 89, -128, 85, -128, 73, -128, 50, -117, 16, -97, -28, -83, -77, -75, -128, -74, -128, -81, -128, -96, -128, -112]",esp32_2
CSI_DATA,142376,2025-08-27 15:35:48.574,0,sit,00:00:00:00:00:00,-41,11,0,0,0,0,0,0,0,0,0,-97,0,1,0,1019747714,0,14,0,0,0,104,0,"[0, 0, -128, -128, -128, -128, -128, -128, -128, -128, -128, -128, -128, -128, -128, -128, -128, -128, -128, -128, -128, -128, -128, -128, -128, -128, -110, -110, -88, -91, -66, -70, -46, -46, -28, -22, -17, 3, -10, 27, -9, 47, -13, 62, -20, 71, -24, 73, -26, 70, -28, 65, 127, 74, 127, 93, 127, 113, 127, 122, 127, 122, 127, 110, 116, 86, 96, 51, 83, 10, 80, -32, 86, -72, 98, -104, 113, -128, 127, -128, 127, -128, 127, -128, 127, -128, 119, -128, 90, -117, 50, -106, 1, -103, -54, -108, -108, -123, -128, -128, -128, -128, -128, -128]",esp32_2
CSI_DATA,139287,2025-08-27 15:35:48.593,0,sit,00:00:00:00:00:00,-64,11,0,0,0,0,0,0,0,0,0,-97,0,1,0,4160039275,0,14,0,0,0,104,0,"[0, 0, -128, -128, -128, -128, -126, -128, -114, -128, -119, -124, -125, -105, -128, -87, -128, -75, -128, -70, -128, -69, -128, -86, -128, -98, -128, -105, -128, -119, -128, -125, -99, -125, -65, -109, -39, -90, -16, -57, -4, -25, -6, 4, -21, 32, -29, 50, -54, 67, -71, 63, 58, -116, 73, -122, 74, -115, 82, -116, 92, -119, 97, -117, 95, -109, 98, -113, 91, -107, 89, -108, 81, -115, 68, -118, 75, -111, 69, -115, 64, -116, 47, -124, 40, -116, 29, -116, 19, -103, -2, -98, -26, -94, -50, -97, -84, -108, -101, -119, -123, -128, -128, -128]",esp32_1
CSI_DATA,142377,2025-08-27 15:35:48.605,0,sit,00:00:00:00:00:00,-41,11,0,0,0,0,0,0,0,0,0,-97,0,1,0,1019757959,0,14,0,0,0,104,0,"[0, 0, -128, 127, -128, 127, -128, 127, -128, 127, -128, 127, -128, 127, -128, 127, -128, 127, -121, 127, -107, 127, -95, 127, -85, 127, -74, 127, -63, 109, -48, 82, -31, 56, -13, 33, 7, 16, 30, 5, 49, -2, 65, -4, 75, -1, 77, 5, 74, 12, 69, 16, -46, -128, -23, -128, 4, -128, 24, -128, 35, -128, 37, -128, 26, -128, 4, -108, -27, -82, -64, -63, -103, -53, -128, -50, -128, -55, -128, -64, -128, -71, -128, -75, -128, -73, -128, -63, -128, -40, -121, -8, -100, 36, -86, 87, -83, 127, -89, 127, -104, 127, -121, 127]",esp32_2
CSI_DATA,139288,2025-08-27 15:35:48.625,0,sit,00:00:00:00:00:00,-64,11,0,0,0,0,0,0,0,0,0,-97,0,1,0,4160053518,0,14,0,0,0,104,0,"[0, 0, -126, 127, -128, 127, -114, 127, -103, 127, -80, 127, -60, 127, -45, 127, -25, 127, -13, 127, -13, 127, -20, 127, -29, 127, -47, 127, -67, 127, -81, 127, -83, 127, -88, 95, -77, 57, -56, 31, -24, 11, 9, 6, 38, 7, 60, 15, 74, 29, 82, 46, -124, -14, -128, -25, -128, -35, -128, -44, -128, -48, -128, -57, -128, -57, -128, -63, -128, -58, -128, -46, -128, -40, -128, -37, -128, -28, -128, -23, -128, -15, -124, -9, -119, -5, -109, 5, -110, 18, -96, 38, -87, 56, -81, 88, -76, 105, -80, 127, -89, 127, -97, 127]",esp32_1
CSI_DATA,142378,2025-08-27 15:35:48.635,0,sit,00:00:00:00:00:00,-41,11,0,0,0,0,0,0,0,0,0,-97,0,1,0,1019767704,0,14,0,0,0,104,0,"[0, 0, 127, 127, 127, 127, 127, 127, 127, 127, 127, 127, 127, 127, 127, 127, 127, 127, 127, 127, 127, 127, 127, 127, 127, 127, 122, 112, 100, 95, 77, 73, 56, 48, 39, 24, 27, -2, 22, -28, 21, -48, 24, -63, 30, -72, 36, -75, 39, -74, 40, -69, -128, 37, -128, 12, -128, -17, -128, -37, -128, -47, -128, -46, -128, -33, -121, -9, -97, 24, -80, 65, -72, 105, -73, 127, -82, 127, -94, 127, -103, 127, -108, 127, -106, 127, -92, 127, -67, 127, -32, 127, 14, 122, 68, 118, 127, 123, 127, 127, 127, 127, 127, 127]",esp32_2
CSI_DATA,142379,2025-08-27 15:35:48.657,0,sit,00:00:00:00:00:00,-40,11,0,0,0,0,0,0,0,0,0,-97,0,1,0,1019778120,0,14,0,0,0,104,0,"[0, 0, 127, -43, 127, -26, 127, -15, 127, -6, 127, 0, 127, 1, 127, -3, 127, -8, 127, -14, 127, -17, 127, -16, 127, -13, 127, -10, 127, -6, 108, -3, 76, -5, 46, -11, 19, -22, -3, -37, -18, -52, -26, -66, -27, -77, -24, -84, -18, -86, -11, -85, -128, 127, -128, 127, -128, 127, -128, 127, -128, 127, -128, 123, -117, 102, -79, 92, -38, 95, 4, 107, 39, 127, 64, 127, 78, 127, 86, 127, 88, 127, 85, 127, 80, 127, 79, 127, 81, 127, 89, 112, 108, 69, 127, 28, 127, -11, 127, -44, 127, -63, 127, -69]",esp32_2
CSI_DATA,142380,2025-08-27 15:35:48.688,0,sit,00:00:00:00:00:00,-40,11,0,0,0,0,0,0,0,0,0,-97,0,1,0,1019787978,0,14,0,0,0,104,0,"[0, 0, -13, 127, -28, 127, -40, 127, -47, 127, -48, 127, -45, 127, -39, 127, -32, 127, -25, 127, -18, 127, -15, 127, -15, 127, -16, 127, -17, 127, -13, 100, -6, 70, 3, 44, 16, 23, 33, 6, 49, -5, 64, -10, 75, -10, 78, -7, 77, -1, 74, 4, -128, -128, -128, -128, -128, -128, -128, -128, -127, -128, -104, -128, -88, -109, -82, -75, -85, -39, -99, -3, -120, 27, -128, 47, -128, 59, -128, 64, -128, 65, -128, 61, -128, 57, -128, 55, -128, 59, -119, 70, -84, 92, -50, 123, -20, 127, 2, 127, 14, 127, 18, 127]",esp32_2
CSI_DATA,139290,2025-08-27 15:35:48.720,0,sit,00:00:00:00:00:00,-63,11,0,0,0,0,0,0,0,0,0,-97,0,1,0,4160068424,0,14,0,0,0,104,0,"[0, 0, 7, 127, 5, 127, 8, 127, 9, 127, 21, 127, 34, 127, 56, 127, 78, 127, 87, 127, 101, 127, 104, 127, 92, 127, 83, 127, 52, 127, 31, 127, 10, 127, -13, 122, -23, 82, -23, 53, -11, 21, 8, -1, 34, -15, 53, -20, 77, -23, 88, -8, -103, 67, -114, 64, -121, 58, -128, 56, -128, 51, -128, 46, -128, 39, -128, 37, -126, 38, -128, 44, -119, 49, -113, 58, -116, 56, -116, 63, -109, 64, -102, 72, -88, 71, -84, 76, -74, 82, -57, 90, -35, 96, -14, 112, 6, 127, 15, 127, 23, 127, 32, 127]",esp32_1
CSI_DATA,139291,2025-08-27 15:35:48.748,0,sit,00:00:00:00:00:00,-63,11,0,0,0,0,0,0,0,0,0,-97,0,1,0,4160079054,0,14,0,164,84,104,0,"[0, 0, -128, -61, -128, -63, -128, -61, -128, -51, -128, -38, -128, -17, -128, 0, -128, 20, -128, 30, -128, 40, -128, 31, -128, 19, -128, 7, -128, -16, -128, -34, -128, -48, -108, -59, -74, -51, -42, -39, -16, -17, -1, 4, 7, 34, 2, 58, -12, 81, -31, 85, -26, -118, -17, -128, -13, -128, -9, -128, 0, -128, 4, -128, 8, -128, 9, -128, 8, -128, 8, -128, -6, -128, -9, -128, -9, -124, -15, -122, -17, -122, -33, -124, -32, -118, -39, -104, -49, -87, -57, -74, -72, -59, -97, -52, -123, -42, -128, -37, -128, -35, -128, -48]",esp32_1
CSI_DATA,142382,2025-08-27 15:35:48.767,0,sit,00:00:00:00:00:00,-41,11,0,0,0,0,0,0,0,0,0,-97,0,1,0,1019807744,0,14,0,0,0,104,0,"[0, 0, 127, 11, 127, 26, 127, 37, 127, 45, 127, 47, 127, 43, 127, 37, 127, 29, 127, 22, 127, 17, 127, 16, 127, 17, 127, 17, 127, 17, 110, 16, 77, 9, 48, -3, 24, -18, 6, -36, -7, -54, -12, -70, -11, -81, -6, -88, 0, -89, 6, -86, -128, 127, -128, 127, -128, 127, -128, 127, -128, 127, -128, 111, -114, 93, -77, 87, -37, 92, 1, 105, 33, 125, 55, 127, 68, 127, 75, 127, 76, 127, 73, 127, 69, 127, 68, 127, 71, 127, 82, 124, 104, 86, 127, 52, 127, 20, 127, -7, 127, -23, 127, -27]",esp32_2
CSI_DATA,139292,2025-08-27 15:35:48.781,0,sit,00:00:00:00:00:00,-63,11,0,0,0,0,0,0,0,0,0,-97,0,1,0,4160090793,0,14,0,0,0,104,0,"[0, 0, -53, -128, -46, -128, -52, -128, -44, -128, -52, -128, -65, -128, -81, -121, -105, -118, -116, -120, -128, -123, -128, -128, -128, -128, -118, -128, -92, -128, -62, -128, -38, -128, -10, -120, 4, -84, 12, -55, 7, -21, -5, 3, -29, 22, -50, 32, -72, 37, -88, 27, 84, -88, 94, -87, 101, -83, 109, -86, 116, -83, 120, -76, 115, -69, 117, -68, 115, -67, 116, -71, 104, -74, 100, -83, 100, -79, 101, -83, 94, -84, 77, -93, 67, -89, 62, -93, 51, -90, 33, -92, 11, -97, -9, -112, -34, -125, -44, -128, -56, -128, -69, -128]",esp32_1
CSI_DATA,142383,2025-08-27 15:35:48.800,0,sit,00:00:00:00:00:00,-41,11,0,0,0,0,0,0,0,0,0,-97,0,1,0,1019818058,0,14,0,0,0,104,0,"[0, 0, 127, -128, 127, -128, 127, -128, 127, -128, 127, -128, 127, -128, 127, -128, 127, -128, 127, -128, 127, -128, 127, -128, 127, -128, 120, -124, 102, -102, 82, -78, 56, -56, 29, -39, 2, -30, -24, -29, -47, -32, -63, -38, -72, -48, -72, -56, -68, -62, -62, -65, 125, 127, 101, 127, 69, 127, 43, 127, 24, 127, 14, 127, 18, 127, 33, 111, 58, 81, 90, 58, 123, 45, 127, 39, 127, 41, 127, 48, 127, 54, 127, 58, 127, 59, 127, 50, 127, 31, 127, 1, 127, -39, 127, -85, 127, -128, 127, -128, 127, -128, 127, -128]",esp32_2
CSI_DATA,139293,2025-08-27 15:35:48.811,0,sit,00:00:00:00:00:00,-63,11,0,0,0,0,0,0,0,0,0,-97,0,1,0,4160098492,0,14,0,0,0,104,0,"[0, 0, -128, 127, -128, 127, -128, 119, -128, 118, -107, 118, -88, 122, -76, 127, -66, 127, -62, 127, -66, 127, -73, 127, -88, 127, -99, 127, -121, 127, -123, 121, -118, 94, -107, 58, -85, 29, -57, 10, -25, 3, 12, 5, 37, 18, 51, 33, 60, 49, 55, 70, -110, -34, -118, -41, -124, -55, -125, -60, -127, -66, -125, -76, -122, -75, -116, -80, -114, -74, -117, -67, -117, -72, -118, -61, -115, -53, -120, -49, -118, -40, -119, -36, -107, -30, -108, -19, -104, -1, -101, 19, -96, 42, -97, 67, -101, 78, -116, 114, -128, 127, -128, 127]",esp32_1
CSI_DATA,142384,2025-08-27 15:35:48.830,0,sit,00:00:00:00:00:00,-41,11,0,0,0,0,0,0,0,0,0,-97,0,1,0,1019828939,0,14,0,0,0,104,0,"[0, 0, -63, 127, -80, 127, -88, 127, -94, 127, -94, 127, -89, 127, -81, 127, -73, 127, -66, 127, -60, 127, -56, 127, -54, 127, -50, 127, -45, 127, -37, 106, -24, 78, -8, 52, 11, 33, 33, 20, 53, 14, 71, 13, 83, 17, 86, 24, 84, 30, 79, 35, -128, -94, -128, -115, -128, -128, -128, -128, -128, -128, -128, -122, -109, -94, -99, -61, -100, -25, -111, 11, -128, 42, -128, 64, -128, 76, -128, 81, -128, 83, -128, 81, -128, 77, -128, 75, -128, 78, -128, 89, -102, 111, -72, 127, -46, 127, -25, 127, -14, 127, -11, 127]",esp32_2
CSI_DATA,139294,2025-08-27 15:35:48.840,0,sit,00:00:00:00:00:00,-64,11,0,0,0,0,0,0,0,0,0,-97,0,1,0,4160111170,0,14,0,0,0,104,0,"[0, 0, 127, -128, 127, -128, 127, -124, 117, -126, 97, -118, 76, -123, 59, -128, 49, -128, 44, -128, 40, -128, 48, -128, 59, -128, 75, -128, 98, -128, 105, -128, 102, -100, 96, -68, 81, -39, 55, -21, 18, -6, -12, -4, -38, -9, -63, -24, -67, -43, -65, -60, 112, 36, 114, 38, 119, 48, 121, 53, 124, 63, 122, 65, 118, 73, 117, 78, 119, 75, 115, 62, 115, 58, 114, 55, 117, 40, 123, 34, 118, 33, 117, 29, 112, 21, 109, 10, 103, -8, 102, -25, 93, -43, 98, -68, 97, -86, 105, -120, 116, -128, 127, -128]",esp32_1
CSI_DATA,142385,2025-08-27 15:35:48.858,0,sit,00:00:00:00:00:00,-41,11,0,0,0,0,0,0,0,0,0,-97,0,1,0,1019837695,0,14,0,0,0,104,0,"[0, 0, -128, -128, -128, -128, -128, -128, -128, -128, -128, -128, -128, -128, -128, -128, -128, -128, -128, -128, -128, -128, -124, -128, -111, -128, -95, -128, -77, -124, -59, -99, -44, -69, -35, -39, -33, -11, -37, 15, -46, 34, -57, 46, -69, 51, -77, 51, -81, 46, -83, 38, 127, -128, 127, -113, 127, -81, 127, -54, 127, -34, 127, -24, 127, -26, 107, -39, 80, -62, 60, -92, 48, -125, 47, -128, 51, -128, 59, -128, 64, -128, 67, -128, 67, -128, 58, -128, 39, -128, 11, -128, -26, -128, -68, -128, -111, -128, -128, -128, -128, -128, -128, -128]",esp32_2
CSI_DATA,139295,2025-08-27 15:35:48.865,0,sit,00:00:00:00:00:00,-64,11,0,0,0,0,0,0,0,0,0,-97,0,1,0,4160118501,0,14,0,0,0,104,0,"[0, 0, -128, -111, -128, -110, -128, -109, -128, -92, -128, -60, -128, -41, -128, -14, -128, 6, -128, 14, -128, 19, -128, 8, -128, -11, -128, -27, -128, -53, -128, -73, -128, -87, -125, -86, -81, -76, -44, -53, -19, -18, 3, 8, 1, 51, -6, 75, -31, 101, -51, 108, -11, -128, -10, -128, -6, -128, 4, -128, 14, -128, 25, -128, 22, -128, 26, -128, 23, -128, 28, -128, 13, -128, 9, -128, 4, -128, 2, -128, -6, -128, -31, -128, -32, -128, -43, -128, -53, -116, -72, -104, -97, -89, -119, -86, -128, -81, -128, -78, -128, -83, -128, -96]",esp32_1
CSI_DATA,142386,2025-08-27 15:35:48.890,0,sit,00:00:00:00:00:00,-41,11,0,0,0,0,0,0,0,0,0,-97,0,1,0,1019847979,0,14,0,0,0,104,0,"[0, 0, -128, 127, -128, 127, -128, 127, -128, 127, -128, 113, -128, 102, -128, 97, -128, 95, -128, 90, -128, 85, -128, 79, -128, 70, -128, 58, -128, 46, -110, 36, -79, 30, -49, 27, -21, 31, 2, 42, 19, 54, 29, 67, 33, 79, 30, 86, 23, 89, 16, 89, -89, -128, -63, -128, -32, -128, -8, -128, 7, -128, 11, -128, 2, -128, -19, -115, -47, -94, -82, -80, -117, -76, -128, -78, -128, -86, -128, -97, -128, -106, -128, -112, -128, -112, -128, -103, -128, -81, -128, -48, -128, -10, -128, 31, -128, 75, -128, 118, -128, 127, -128, 127]",esp32_2
CSI_DATA,139296,2025-08-27 15:35:48.897,0,sit,00:00:00:00:00:00,-64,11,0,0,0,0,0,0,0,0,0,-97,0,1,0,4160128433,0,14,0,0,0,104,0,"[0, 0, -59, -128, -51, -128, -57, -128, -49, -128, -58, -128, -72, -128, -86, -121, -112, -116, -127, -119, -128, -124, -128, -128, -128, -128, -121, -128, -95, -128, -65, -128, -35, -128, -10, -117, 9, -85, 11, -52, 6, -18, -10, 4, -32, 24, -52, 34, -74, 38, -91, 26, 78, -100, 83, -98, 95, -96, 96, -95, 109, -96, 114, -89, 112, -83, 117, -83, 112, -79, 109, -85, 97, -85, 93, -88, 94, -85, 92, -93, 86, -92, 67, -106, 58, -103, 52, -108, 43, -100, 24, -103, 7, -108, -13, -125, -38, -128, -51, -128, -64, -128, -67, -128]",esp32_1
CSI_DATA,139298,2025-08-27 15:35:48.970,0,sit,00:00:00:00:00:00,-64,11,0,0,0,0,0,0,0,0,0,-97,0,1,0,4160148477,0,14,0,0,0,104,0,"[0, 0, 127, 127, 117, 127, 122, 127, 107, 127, 113, 105, 114, 85, 127, 72, 127, 59, 127, 54, 127, 60, 127, 77, 127, 94, 127, 104, 127, 116, 125, 119, 92, 119, 58, 104, 31, 77, 10, 50, 1, 17, 2, -11, 17, -38, 30, -54, 53, -65, 76, -61, -32, 117, -43, 120, -47, 120, -55, 126, -66, 127, -66, 127, -67, 123, -75, 123, -71, 121, -74, 121, -61, 118, -53, 119, -58, 111, -49, 117, -42, 117, -24, 126, -20, 120, -8, 118, -1, 109, 20, 104, 37, 104, 61, 104, 89, 116, 102, 122, 121, 127, 127, 127]",esp32_1
CSI_DATA,142388,2025-08-27 15:35:48.988,0,sit,00:00:00:00:00:00,-40,11,0,0,0,0,0,0,0,0,0,-97,0,1,0,1019867742,0,14,0,0,0,104,0,"[0, 0, 127, 127, 127, 127, 127, 127, 127, 127, 127, 127, 127, 127, 127, 127, 127, 127, 127, 127, 127, 127, 127, 127, 127, 125, 127, 113, 115, 98, 93, 79, 72, 55, 55, 29, 46, 3, 45, -22, 49, -43, 57, -58, 67, -65, 76, -65, 81, -62, 84, -56, -117, 127, -128, 127, -128, 127, -128, 127, -128, 127, -128, 122, -108, 105, -75, 101, -40, 109, -7, 126, 20, 127, 36, 127, 41, 127, 41, 127, 40, 127, 38, 127, 35, 127, 39, 127, 50, 127, 68, 127, 97, 127, 127, 127, 127, 122, 127, 121, 127, 126, 127, 127]",esp32_2
CSI_DATA,139299,2025-08-27 15:35:48.992,0,sit,00:00:00:00:00:00,-64,11,0,0,0,0,0,0,0,0,0,-97,0,1,0,4160158445,0,14,0,0,0,104,0,"[0, 0, 127, 52, 127, 57, 127, 52, 127, 38, 127, 22, 127, 1, 127, -17, 127, -34, 127, -48, 127, -49, 127, -42, 127, -30, 127, -13, 127, 10, 127, 29, 127, 46, 108, 53, 70, 47, 42, 39, 14, 15, -6, -14, -13, -40, -8, -64, 7, -83, 27, -94, 31, 113, 28, 123, 28, 127, 21, 127, 18, 127, 12, 127, 7, 127, 4, 127, 4, 127, 4, 127, 12, 127, 17, 127, 17, 121, 28, 117, 29, 115, 40, 116, 44, 111, 58, 98, 66, 87, 77, 75, 87, 60, 112, 50, 127, 45, 127, 42, 127, 40, 127, 48]",esp32_1
CSI_DATA,142389,2025-08-27 15:35:49.013,0,sit,00:00:00:00:00:00,-40,11,0,0,0,0,0,0,0,0,0,-97,0,1,0,1019880240,0,14,0,0,0,104,0,"[0, 0, -128, -128, -128, -128, -128, -128, -128, -128, -128, -128, -119, -128, -113, -128, -110, -128, -104, -128, -96, -128, -88, -128, -79, -128, -68, -128, -56, -112, -45, -89, -36, -63, -33, -39, -35, -17, -42, 3, -52, 17, -64, 25, -75, 27, -81, 25, -82, 20, -81, 14, 127, -128, 127, -128, 127, -106, 127, -82, 127, -62, 127, -48, 117, -44, 91, -51, 67, -68, 48, -93, 37, -120, 33, -128, 35, -128, 41, -128, 45, -128, 46, -128, 45, -128, 39, -128, 24, -128, 2, -128, -27, -128, -62, -128, -99, -128, -128, -128, -128, -128, -128, -128]",esp32_2
CSI_DATA,139300,2025-08-27 15:35:49.019,0,sit,00:00:00:00:00:00,-64,11,0,0,0,0,0,0,0,0,0,-97,0,1,0,4160168431,0,14,0,0,0,104,0,"[0, 0, 127, -15, 127, -9, 127, -9, 127, -21, 127, -27, 127, -48, 127, -64, 127, -83, 127, -101, 127, -107, 127, -110, 127, -98, 127, -85, 127, -57, 127, -33, 127, -6, 118, 15, 81, 24, 49, 18, 20, 8, -13, -11, -28, -35, -33, -61, -23, -84, -8, -95, 67, 94, 67, 104, 67, 109, 66, 121, 65, 127, 60, 127, 52, 127, 50, 127, 49, 127, 49, 121, 57, 126, 60, 120, 63, 105, 67, 103, 71, 95, 80, 96, 81, 89, 89, 79, 93, 58, 99, 43, 108, 28, 122, 13, 127, 0, 127, -13, 127, -27, 127, -16]",esp32_1
CSI_DATA,139301,2025-08-27 15:35:49.041,0,sit,00:00:00:00:00:00,-64,11,0,0,0,0,0,0,0,0,0,-97,0,1,0,4160178453,0,14,0,0,0,104,0,"[0, 0, 127, 127, 127, 119, 127, 108, 127, 93, 127, 70, 127, 52, 127, 36, 127, 21, 127, 18, 127, 15, 127, 27, 127, 41, 127, 55, 127, 78, 127, 87, 110, 92, 78, 82, 45, 67, 22, 43, 6, 12, -2, -14, 4, -42, 16, -63, 33, -77, 56, -82, -10, 115, -15, 125, -24, 127, -31, 127, -36, 127, -42, 127, -43, 127, -48, 127, -49, 127, -47, 127, -34, 127, -31, 127, -33, 117, -23, 121, -16, 117, 0, 123, 8, 118, 21, 115, 26, 100, 44, 92, 61, 89, 86, 90, 110, 93, 127, 100, 127, 100, 127, 113]",esp32_1
CSI_DATA,139302,2025-08-27 15:35:49.064,0,sit,00:00:00:00:00:00,-64,11,0,0,0,0,0,0,0,0,0,-97,0,1,0,4160188792,0,14,0,0,0,104,0,"[0, 0, -128, 127, -128, 127, -127, 127, -102, 127, -83, 127, -61, 127, -40, 127, -31, 127, -21, 127, -23, 127, -28, 127, -49, 127, -61, 127, -88, 127, -99, 127, -100, 121, -100, 79, -84, 43, -57, 11, -21, 0, 15, -7, 46, -3, 73, 12, 85, 31, 83, 52, -116, -31, -123, -40, -128, -54, -128, -58, -128, -65, -128, -75, -128, -76, -128, -83, -128, -81, -128, -66, -123, -67, -122, -56, -122, -42, -128, -34, -123, -26, -124, -19, -120, -13, -116, -2, -112, 22, -111, 39, -106, 60, -103, 87, -108, 103, -114, 127, -121, 127, -128, 127]",esp32_1
CSI_DATA,142391,2025-08-27 15:35:49.073,0,sit,00:00:00:00:00:00,-40,11,0,0,0,0,0,0,0,0,0,-97,0,1,0,1019897711,0,14,0,0,0,104,0,"[0, 0, 49, 127, 30, 127, 19, 127, 10, 127, 3, 127, 2, 127, 3, 127, 7, 127, 10, 127, 11, 127, 9, 127, 5, 127, 1, 127, -3, 127, -1, 119, 6, 88, 15, 59, 30, 37, 49, 22, 67, 13, 84, 11, 96, 14, 100, 19, 96, 25, 92, 30, -128, 92, -128, 63, -128, 30, -128, 5, -128, -12, -128, -16, -128, -7, -128, 14, -114, 45, -105, 81, -103, 116, -108, 127, -121, 127, -128, 127, -128, 127, -128, 127, -128, 127, -128, 127, -110, 127, -79, 127, -43, 127, -6, 127, 29, 127, 59, 127, 80, 127, 88, 127]",esp32_2
CSI_DATA,139303,2025-08-27 15:35:49.083,0,sit,00:00:00:00:00:00,-64,11,0,0,0,0,0,0,0,0,0,-97,0,1,0,4160198444,0,14,0,0,0,104,0,"[0, 0, -12, 127, -13, 127, 1, 127, 7, 127, 20, 127, 44, 127, 65, 127, 88, 127, 99, 127, 103, 127, 108, 127, 88, 127, 80, 127, 51, 127, 21, 127, 1, 127, -24, 123, -34, 82, -28, 42, -15, 8, 10, -15, 36, -32, 59, -34, 83, -36, 99, -17, -111, 47, -123, 49, -128, 39, -128, 40, -128, 36, -128, 27, -128, 28, -128, 18, -128, 21, -128, 26, -128, 27, -127, 31, -128, 39, -125, 44, -117, 53, -99, 61, -98, 67, -82, 77, -83, 88, -59, 100, -44, 112, -24, 127, -12, 127, -9, 127, -5, 127, -1, 127]",esp32_1
CSI_DATA,139304,2025-08-27 15:35:49.102,0,sit,00:00:00:00:00:00,-65,11,0,0,0,0,0,0,0,0,0,-97,0,1,0,4160208467,0,14,0,0,0,104,0,"[0, 0, 124, 127, 110, 127, 115, 127, 109, 123, 108, 103, 119, 81, 127, 62, 127, 55, 127, 49, 127, 55, 127, 75, 127, 94, 127, 104, 127, 120, 127, 126, 92, 127, 55, 106, 25, 82, 6, 51, -7, 15, -5, -17, 10, -50, 25, -63, 51, -81, 74, -76, -48, 114, -50, 118, -60, 118, -67, 119, -80, 127, -86, 126, -87, 122, -93, 118, -85, 115, -89, 118, -74, 112, -64, 113, -65, 107, -58, 111, -46, 114, -31, 120, -23, 118, -9, 122, 4, 112, 20, 113, 41, 114, 66, 117, 90, 127, 104, 127, 119, 127, 127, 127]",esp32_1
CSI_DATA,142392,2025-08-27 15:35:49.102,0,sit,00:00:00:00:00:00,-41,11,0,0,0,0,0,0,0,0,0,-97,0,1,0,1019907703,0,14,0,0,0,104,0,"[0, 0, -128, 127, -128, 127, -128, 127, -128, 127, -128, 127, -128, 127, -128, 127, -128, 127, -120, 127, -108, 127, -101, 127, -95, 127, -86, 127, -75, 120, -60, 96, -40, 73, -18, 55, 5, 45, 28, 41, 48, 42, 64, 47, 72, 55, 72, 61, 67, 65, 61, 67, -128, -77, -128, -101, -128, -124, -128, -128, -128, -128, -128, -120, -118, -95, -109, -64, -110, -30, -120, 5, -128, 34, -128, 53, -128, 62, -128, 64, -128, 63, -128, 61, -128, 59, -128, 62, -128, 71, -128, 88, -123, 115, -103, 127, -89, 127, -82, 127, -84, 127, -92, 127]",esp32_2
CSI_DATA,139305,2025-08-27 15:35:49.129,0,sit,00:00:00:00:00:00,-65,11,0,0,0,0,0,0,0,0,0,-97,0,1,0,4160218492,0,14,0,0,0,104,0,"[0, 0, 127, 86, 127, 78, 127, 73, 127, 55, 127, 37, 127, 14, 127, -4, 127, -22, 127, -30, 127, -34, 127, -27, 127, -8, 127, 9, 127, 30, 127, 50, 127, 68, 100, 70, 58, 65, 33, 40, 3, 13, -13, -14, -16, -45, -10, -68, 8, -97, 31, -100, 8, 117, 7, 127, 2, 127, -5, 127, -10, 127, -17, 127, -20, 127, -25, 127, -26, 127, -26, 127, -12, 127, -4, 127, -7, 124, -2, 121, 12, 117, 21, 122, 31, 118, 47, 108, 52, 92, 76, 84, 90, 76, 113, 69, 127, 73, 127, 66, 127, 73, 127, 78]",esp32_1
CSI_DATA,142393,2025-08-27 15:35:49.129,0,sit,00:00:00:00:00:00,-41,11,0,0,0,0,0,0,0,0,0,-97,0,1,0,1019917750,0,14,0,0,0,104,0,"[0, 0, -44, 127, -60, 127, -65, 127, -68, 127, -69, 127, -64, 127, -57, 127, -50, 127, -43, 127, -39, 127, -38, 127, -39, 127, -38, 127, -35, 127, -27, 108, -15, 81, 2, 57, 21, 39, 42, 29, 61, 26, 76, 28, 85, 34, 86, 41, 82, 46, 76, 50, -128, 28, -128, 0, -128, -30, -128, -51, -128, -61, -128, -59, -128, -43, -126, -18, -115, 14, -112, 49, -118, 83, -128, 107, -128, 121, -128, 127, -128, 127, -128, 127, -128, 126, -128, 123, -128, 125, -104, 127, -73, 127, -43, 127, -17, 127, 3, 127, 12, 127, 12, 127]",esp32_2
CSI_DATA,139306,2025-08-27 15:35:49.148,0,sit,00:00:00:00:00:00,-65,11,0,0,0,0,0,0,0,0,0,-97,0,1,0,4160228487,0,14,0,0,0,104,0,"[0, 0, 112, -128, 102, -128, 87, -128, 69, -128, 46, -128, 22, -128, 4, -128, -16, -128, -26, -128, -24, -128, -19, -128, -2, -128, 12, -128, 46, -128, 62, -128, 71, -128, 79, -98, 72, -57, 51, -26, 18, -2, -19, 10, -51, 20, -74, 7, -91, -8, -101, -25, 119, 13, 125, 20, 127, 27, 127, 34, 127, 41, 127, 48, 127, 52, 127, 54, 127, 53, 127, 43, 125, 42, 121, 34, 124, 21, 123, 11, 126, 2, 115, -5, 112, -18, 106, -31, 107, -50, 97, -65, 93, -85, 92, -106, 84, -122, 91, -128, 97, -128, 100, -128]",esp32_1
CSI_DATA,142394,2025-08-27 15:35:49.160,0,sit,00:00:00:00:00:00,-41,11,0,0,0,0,0,0,0,0,0,-97,0,1,0,1019927702,0,14,0,0,0,104,0,"[0, 0, 127, 127, 127, 127, 127, 127, 127, 127, 122, 127, 111, 127, 106, 127, 104, 127, 99, 127, 92, 127, 82, 127, 70, 127, 60, 127, 50, 127, 41, 101, 37, 73, 37, 47, 44, 23, 56, 4, 69, -8, 81, -13, 91, -11, 96, -8, 95, -2, 91, 4, -128, 127, -128, 127, -128, 127, -128, 112, -128, 87, -128, 70, -128, 63, -110, 68, -82, 86, -59, 112, -45, 127, -40, 127, -43, 127, -50, 127, -57, 127, -61, 127, -61, 127, -52, 127, -33, 127, -5, 127, 29, 127, 69, 127, 110, 127, 127, 127, 127, 127, 127, 127]",esp32_2
CSI_DATA,139307,2025-08-27 15:35:49.176,0,sit,00:00:00:00:00:00,-64,11,0,0,0,0,0,0,0,0,0,-97,0,1,0,4160238442,0,14,0,0,0,104,0,"[0, 0, -75, 127, -69, 127, -56, 127, -41, 127, -23, 127, -6, 127, 20, 127, 33, 127, 43, 127, 51, 127, 41, 127, 32, 127, 14, 127, -14, 127, -35, 127, -45, 127, -54, 96, -53, 58, -40, 28, -17, 3, 15, -9, 44, -14, 70, -15, 86, -6, 93, 14, -112, 14, -121, 12, -127, 3, -128, -2, -128, -7, -128, -12, -128, -16, -128, -23, -128, -21, -128, -12, -128, -13, -121, -3, -122, 5, -124, 10, -116, 19, -108, 28, -102, 39, -95, 53, -91, 63, -84, 78, -76, 95, -69, 113, -59, 127, -65, 127, -63, 127, -61, 127]",esp32_1
CSI_DATA,142395,2025-08-27 15:35:49.192,0,sit,00:00:00:00:00:00,-41,11,0,0,0,0,0,0,0,0,0,-97,0,1,0,1019965033,0,14,0,0,0,104,0,"[0, 0, 127, -128, 127, -128, 127, -128, 127, -128, 127, -128, 127, -128, 127, -128, 127, -128, 127, -128, 127, -128, 127, -115, 127, -101, 127, -87, 127, -74, 102, -64, 72, -60, 44, -61, 23, -71, 8, -86, 0, -100, -1, -112, 4, -120, 15, -120, 27, -114, 34, -106, 127, 89, 127, 114, 127, 127, 127, 127, 127, 127, 127, 127, 127, 111, 126, 80, 127, 47, 127, 19, 127, -3, 127, -15, 127, -17, 127, -13, 127, -9, 127, -5, 127, -1, 127, -5, 127, -20, 127, -44, 127, -77, 127, -115, 127, -128, 127, -128, 127, -128, 127, -128]",esp32_2
CSI_DATA,139308,2025-08-27 15:35:49.200,0,sit,00:00:00:00:00:00,-64,11,0,0,0,0,0,0,0,0,0,-97,0,1,0,4160262770,0,14,0,0,0,104,0,"[0, 0, 127, -108, 127, -104, 126, -95, 111, -102, 92, -106, 66, -113, 58, -128, 54, -128, 52, -128, 58, -128, 69, -128, 82, -128, 96, -128, 117, -128, 121, -115, 113, -85, 104, -49, 77, -20, 49, -6, 11, 0, -23, 1, -50, -10, -65, -29, -72, -48, -67, -74, 94, 49, 100, 53, 106, 61, 107, 67, 116, 77, 112, 82, 112, 85, 109, 92, 109, 92, 106, 80, 105, 82, 100, 78, 102, 57, 104, 50, 108, 41, 107, 30, 103, 28, 111, 15, 112, -8, 115, -24, 113, -42, 117, -61, 127, -76, 127, -97, 127, -108, 127, -106]",esp32_1
CSI_DATA,139309,2025-08-27 15:35:49.222,0,sit,00:00:00:00:00:00,-65,11,0,0,0,0,0,0,0,0,0,-97,0,1,0,4160301525,0,14,0,0,0,104,0,"[0, 0, 127, -33, 127, -27, 127, -30, 127, -47, 125, -54, 112, -79, 114, -94, 112, -114, 123, -127, 127, -128, 127, -128, 127, -128, 127, -112, 127, -82, 127, -55, 127, -23, 114, 4, 76, 20, 42, 18, 8, 8, -32, -10, -46, -34, -52, -58, -48, -80, -32, -102, 69, 79, 71, 91, 71, 99, 76, 105, 78, 117, 75, 126, 63, 127, 59, 127, 58, 127, 56, 123, 63, 123, 58, 112, 66, 91, 75, 85, 77, 80, 86, 68, 91, 64, 103, 54, 115, 35, 122, 26, 127, 20, 127, -3, 127, -2, 127, -23, 127, -30, 127, -15]",esp32_1
CSI_DATA,139310,2025-08-27 15:35:49.242,0,sit,00:00:00:00:00:00,-65,11,0,0,0,0,0,0,0,0,0,-97,0,1,0,4160339571,0,14,0,0,0,104,0,"[0, 0, 60, 127, 63, 127, 78, 127, 80, 123, 86, 109, 105, 90, 124, 84, 127, 78, 127, 84, 127, 89, 127, 109, 127, 124, 127, 127, 122, 127, 90, 127, 54, 127, 28, 104, 4, 71, -6, 35, -7, 0, 1, -29, 26, -53, 45, -65, 73, -73, 91, -59, -63, 97, -72, 101, -74, 99, -87, 105, -96, 113, -105, 109, -108, 104, -116, 97, -111, 95, -114, 97, -96, 95, -85, 94, -80, 86, -69, 94, -57, 98, -34, 110, -30, 119, -14, 124, -9, 127, 8, 127, 21, 127, 35, 127, 54, 127, 57, 127, 66, 127, 72, 127]",esp32_1
CSI_DATA,139311,2025-08-27 15:35:49.267,0,sit,00:00:00:00:00:00,-65,11,0,0,0,0,0,0,0,0,0,-97,0,1,0,4160374260,0,14,0,0,0,104,0,"[0, 0, -128, -103, -128, -87, -128, -66, -128, -36, -128, -7, -128, 14, -128, 36, -128, 48, -128, 57, -128, 58, -128, 54, -128, 35, -128, 15, -128, -19, -128, -40, -128, -53, -99, -67, -52, -54, -21, -40, 10, -11, 30, 25, 37, 63, 28, 84, 15, 110, -8, 123, 19, -112, 22, -121, 28, -128, 34, -128, 43, -128, 52, -128, 56, -128, 65, -128, 69, -128, 53, -128, 53, -128, 37, -123, 18, -111, 0, -112, -15, -114, -27, -112, -44, -112, -59, -118, -84, -116, -100, -110, -121, -113, -128, -112, -128, -122, -128, -116, -128, -117, -128, -128]",esp32_1
CSI_DATA,139312,2025-08-27 15:35:49.289,0,sit,00:00:00:00:00:00,-65,11,0,0,0,0,0,0,0,0,0,-97,0,1,0,4160399858,0,14,0,0,0,104,0,"[0, 0, -114, 127, -94, 127, -67, 127, -44, 127, -16, 127, 6, 127, 29, 127, 44, 127, 48, 127, 45, 127, 37, 127, 22, 127, 1, 127, -29, 127, -44, 127, -58, 127, -66, 92, -58, 51, -39, 12, -9, -18, 26, -33, 64, -35, 86, -29, 109, -18, 119, 10, -102, -40, -115, -38, -124, -53, -128, -58, -128, -68, -128, -78, -128, -83, -128, -90, -125, -87, -128, -83, -116, -77, -106, -58, -108, -38, -108, -22, -114, -2, -106, 12, -108, 29, -116, 53, -125, 69, -127, 86, -128, 108, -128, 123, -128, 127, -128, 127, -128, 127, -128, 127]",esp32_1
CSI_DATA,142397,2025-08-27 15:35:49.289,0,sit,00:00:00:00:00:00,-40,11,0,0,0,0,0,0,0,0,0,-97,0,1,0,1019969710,0,14,0,0,0,104,0,"[0, 0, 127, 91, 127, 99, 127, 102, 127, 102, 127, 97, 127, 89, 127, 82, 127, 78, 127, 74, 127, 71, 127, 70, 127, 67, 127, 60, 127, 50, 108, 35, 89, 15, 76, -6, 70, -28, 71, -47, 77, -61, 86, -67, 95, -64, 102, -56, 104, -44, 101, -34, 126, 127, 102, 127, 71, 127, 45, 127, 27, 127, 17, 127, 21, 127, 38, 127, 64, 123, 95, 118, 125, 121, 127, 127, 127, 127, 127, 127, 127, 127, 127, 127, 127, 127, 127, 127, 127, 127, 127, 116, 127, 88, 127, 64, 127, 48, 127, 37, 127, 36, 127, 42]",esp32_2
CSI_DATA,139313,2025-08-27 15:35:49.310,0,sit,00:00:00:00:00:00,-65,11,0,0,0,0,0,0,0,0,0,-97,0,1,0,4160434454,0,14,0,0,0,104,0,"[0, 0, 100, 127, 98, 127, 109, 127, 119, 100, 127, 84, 127, 61, 127, 47, 127, 49, 127, 39, 127, 42, 127, 52, 127, 86, 127, 109, 127, 127, 127, 127, 99, 127, 59, 107, 21, 79, 0, 42, -12, -7, -11, -45, -5, -87, 15, -104, 44, -125, 74, -122, -79, 109, -80, 114, -96, 127, -101, 127, -123, 127, -128, 127, -128, 122, -128, 127, -128, 114, -128, 110, -114, 112, -97, 114, -76, 90, -55, 104, -37, 115, -21, 127, -6, 127, 20, 127, 38, 127, 42, 127, 64, 127, 71, 127, 104, 127, 116, 127, 120, 127, 113, 127]",esp32_1
CSI_DATA,142398,2025-08-27 15:35:49.316,0,sit,00:00:00:00:00:00,-40,11,0,0,0,0,0,0,0,0,0,-97,0,1,0,1019970084,0,14,0,0,0,104,0,"[0, 0, -128, -128, -128, -128, -117, -128, -106, -128, -97, -128, -92, -128, -90, -128, -89, -128, -85, -128, -79, -128, -70, -128, -59, -128, -49, -128, -42, -128, -39, -109, -43, -80, -51, -55, -64, -39, -81, -29, -96, -26, -107, -30, -112, -39, -109, -47, -100, -54, -90, -58, 109, -128, 127, -128, 127, -128, 127, -128, 127, -128, 127, -128, 115, -117, 88, -116, 60, -127, 34, -128, 15, -128, 8, -128, 11, -128, 20, -128, 27, -128, 32, -128, 35, -128, 30, -128, 16, -128, -8, -128, -38, -128, -73, -128, -110, -128, -128, -128, -128, -128, -128, -128]",esp32_2
CSI_DATA,139314,2025-08-27 15:35:49.334,0,sit,00:00:00:00:00:00,-65,11,0,0,0,0,0,0,0,0,0,-97,0,1,0,4160471871,0,14,0,0,0,104,0,"[0, 0, -15, 127, 5, 127, 33, 127, 50, 119, 75, 106, 97, 95, 127, 94, 127, 93, 127, 103, 127, 110, 127, 127, 127, 127, 127, 127, 118, 127, 82, 127, 53, 127, 9, 107, -8, 69, -26, 32, -26, -8, -12, -40, 5, -76, 23, -87, 52, -104, 75, -101, -106, 6, -123, 3, -128, -4, -128, -10, -128, -13, -128, -24, -128, -30, -128, -42, -128, -41, -128, -35, -126, -27, -115, -17, -108, -8, -96, 11, -89, 31, -73, 62, -65, 78, -61, 107, -64, 116, -58, 127, -48, 127, -46, 127, -42, 127, -37, 127, -37, 127, -24, 127]",esp32_1
CSI_DATA,142399,2025-08-27 15:35:49.348,0,sit,00:00:00:00:00:00,-40,11,0,0,0,0,0,0,0,0,0,-97,0,1,0,1019977692,0,14,0,0,0,104,0,"[0, 0, 127, -128, 127, -128, 127, -128, 127, -128, 127, -128, 127, -128, 127, -128, 127, -128, 127, -128, 127, -128, 123, -128, 114, -128, 102, -128, 86, -110, 63, -91, 36, -78, 11, -71, -10, -74, -27, -84, -38, -96, -42, -109, -38, -119, -26, -121, -12, -116, -2, -111, 127, -59, 127, -32, 127, -2, 127, 19, 127, 32, 127, 34, 127, 23, 127, 2, 127, -27, 127, -60, 127, -90, 127, -109, 127, -118, 127, -122, 127, -122, 127, -119, 127, -114, 127, -113, 127, -118, 127, -128, 127, -128, 126, -128, 118, -128, 118, -128, 125, -128, 127, -128]",esp32_2
CSI_DATA,139315,2025-08-27 15:35:49.358,0,sit,00:00:00:00:00:00,-66,11,0,0,0,0,0,0,0,0,0,-97,0,1,0,4160496440,0,14,0,0,0,104,0,"[0, 0, 127, 74, 127, 49, 127, 19, 117, -8, 107, -35, 112, -66, 123, -96, 127, -118, 127, -128, 127, -128, 127, -128, 127, -115, 127, -100, 127, -75, 127, -45, 127, -11, 103, 8, 61, 23, 21, 28, -19, 18, -48, 6, -77, -14, -85, -40, -94, -70, -85, -91, -60, 88, -66, 103, -69, 113, -82, 123, -94, 127, -111, 127, -112, 125, -120, 121, -117, 114, -112, 104, -93, 98, -70, 92, -62, 81, -38, 84, -7, 82, 20, 91, 43, 93, 69, 100, 87, 91, 106, 102, 123, 107, 127, 109, 127, 117, 127, 118, 127, 114, 127, 114]",esp32_1
CSI_DATA,139316,2025-08-27 15:35:49.379,0,sit,00:00:00:00:00:00,-65,11,0,0,0,0,0,0,0,0,0,-97,0,1,0,4160522599,0,14,0,0,0,104,0,"[0, 0, 114, 96, 105, 66, 107, 44, 98, 8, 94, -24, 107, -51, 117, -75, 127, -93, 127, -107, 127, -111, 127, -101, 127, -84, 127, -68, 127, -44, 127, -20, 127, 13, 92, 24, 48, 30, 14, 21, -20, 9, -50, -9, -69, -31, -75, -58, -75, -85, -61, -105, -65, 67, -72, 76, -78, 92, -90, 100, -101, 106, -116, 108, -118, 101, -124, 100, -122, 91, -121, 82, -99, 84, -85, 81, -69, 68, -46, 71, -26, 72, -2, 86, 17, 95, 40, 96, 62, 98, 82, 106, 99, 107, 118, 118, 127, 127, 127, 127, 127, 127, 127, 127]",esp32_1
CSI_DATA,142400,2025-08-27 15:35:49.379,0,sit,00:00:00:00:00:00,-40,11,0,0,0,0,0,0,0,0,0,-97,0,1,0,1019995141,0,14,0,0,0,104,0,"[0, 0, 127, -123, 127, -113, 127, -99, 127, -89, 127, -83, 127, -79, 127, -75, 127, -71, 127, -67, 127, -63, 127, -54, 127, -43, 127, -34, 127, -29, 97, -32, 67, -41, 44, -55, 31, -74, 27, -94, 29, -110, 37, -122, 48, -126, 60, -119, 72, -105, 78, -92, 127, 116, 127, 127, 127, 127, 127, 127, 127, 127, 124, 127, 110, 117, 110, 89, 122, 61, 127, 38, 127, 20, 127, 13, 127, 15, 127, 21, 127, 29, 127, 36, 127, 39, 127, 34, 127, 20, 127, 0, 127, -29, 127, -61, 127, -91, 127, -120, 127, -128, 127, -128]",esp32_2
CSI_DATA,139317,2025-08-27 15:35:49.398,0,sit,00:00:00:00:00:00,-66,11,0,0,0,0,0,0,0,0,0,-97,0,1,0,4160557246,0,14,0,0,0,104,0,"[0, 0, 32, -128, 17, -128, -13, -117, -33, -94, -61, -66, -92, -51, -128, -31, -128, -20, -128, -11, -128, -11, -128, -27, -128, -47, -128, -58, -128, -84, -128, -88, -105, -91, -56, -82, -11, -64, 23, -42, 47, -8, 62, 27, 78, 64, 71, 92, 66, 124, 39, 127, 71, 64, 85, 66, 93, 77, 105, 82, 122, 95, 122, 106, 123, 113, 121, 121, 114, 122, 119, 108, 99, 85, 92, 70, 91, 50, 81, 31, 78, 5, 66, -34, 63, -53, 57, -97, 59, -108, 56, -128, 53, -128, 53, -128, 39, -128, 41, -128, 38, -128, 40, -128]",esp32_1
CSI_DATA,142401,2025-08-27 15:35:49.409,0,sit,00:00:00:00:00:00,-40,11,0,0,0,0,0,0,0,0,0,-97,0,1,0,1019997702,0,14,0,0,0,104,0,"[0, 0, -128, 43, -128, 31, -128, 24, -128, 20, -128, 19, -128, 19, -128, 19, -128, 17, -128, 15, -128, 12, -128, 7, -128, 1, -128, -2, -128, -2, -103, 7, -75, 26, -56, 46, -46, 66, -45, 87, -51, 104, -62, 113, -74, 115, -85, 107, -94, 92, -97, 77, -128, -128, -128, -128, -128, -128, -128, -128, -108, -128, -90, -128, -84, -128, -92, -114, -110, -89, -128, -69, -128, -59, -128, -58, -128, -65, -128, -77, -128, -89, -128, -96, -128, -99, -128, -92, -128, -75, -128, -49, -128, -20, -128, 9, -128, 39, -128, 65, -128, 76, -128, 75]",esp32_2
CSI_DATA,139318,2025-08-27 15:35:49.424,0,sit,00:00:00:00:00:00,-66,11,0,0,0,0,0,0,0,0,0,-97,0,1,0,4160610901,0,14,0,0,0,104,0,"[0, 0, 99, -128, 85, -128, 53, -128, 33, -128, 2, -94, -34, -72, -73, -50, -109, -34, -128, -30, -128, -28, -128, -40, -128, -49, -128, -58, -128, -83, -128, -86, -101, -95, -54, -99, -15, -85, 28, -70, 62, -45, 82, -18, 105, 18, 120, 47, 121, 78, 110, 103, -32, 70, -28, 82, -20, 89, -14, 103, -9, 116, -8, 127, 0, 127, -1, 127, 4, 127, 10, 127, 13, 118, 21, 108, 28, 94, 40, 75, 46, 54, 45, 19, 50, -8, 63, -41, 70, -68, 73, -102, 75, -128, 92, -128, 88, -128, 100, -128, 106, -128, 108, -128]",esp32_1
CSI_DATA,142402,2025-08-27 15:35:49.433,0,sit,00:00:00:00:00:00,-40,11,0,0,0,0,0,0,0,0,0,-97,0,1,0,1020010261,0,14,0,0,0,104,0,"[0, 0, -118, 127, -123, 127, -126, 127, -125, 127, -119, 127, -112, 127, -109, 127, -107, 127, -105, 127, -103, 127, -101, 127, -94, 127, -81, 127, -63, 112, -38, 89, -9, 72, 19, 65, 44, 68, 63, 78, 75, 93, 78, 109, 72, 124, 58, 127, 38, 127, 22, 125, -128, 127, -128, 109, -128, 78, -128, 53, -128, 34, -128, 26, -128, 30, -128, 46, -124, 71, -117, 103, -119, 127, -127, 127, -128, 127, -128, 127, -128, 127, -128, 127, -128, 127, -128, 127, -128, 127, -128, 127, -115, 127, -96, 127, -83, 127, -75, 127, -72, 127, -74, 127]",esp32_2
CSI_DATA,139319,2025-08-27 15:35:49.446,0,sit,00:00:00:00:00:00,-69,11,0,0,0,0,0,0,0,0,0,-97,0,1,0,4160644841,0,14,0,0,0,104,0,"[0, 0, 127, -120, 127, -123, 127, -110, 127, -112, 88, -115, 49, -119, 5, -128, -33, -128, -65, -128, -93, -128, -119, -128, -126, -128, -116, -128, -103, -128, -78, -128, -55, -128, -19, -128, 25, -128, 60, -96, 92, -54, 121, -1, 127, 53, 127, 106, 127, 127, 119, 127, -78, -29, -80, -19, -103, -11, -108, -5, -113, 10, -115, 29, -116, 42, -114, 47, -117, 51, -96, 55, -107, 62, -87, 64, -63, 60, -36, 56, -25, 44, -5, 51, 15, 37, 41, 23, 69, 6, 94, -15, 122, -34, 127, -48, 127, -60, 127, -89, 127, -104, 127, -98]",esp32_1
CSI_DATA,142403,2025-08-27 15:35:49.457,0,sit,00:00:00:00:00:00,-40,11,0,0,0,0,0,0,0,0,0,-97,0,1,0,1020017716,0,14,0,0,0,104,0,"[0, 0, -128, -128, -128, -128, -128, -128, -128, -128, -128, -128, -128, -128, -128, -128, -128, -128, -128, -128, -128, -128, -128, -128, -128, -128, -113, -110, -94, -85, -79, -55, -72, -23, -73, 5, -81, 27, -96, 42, -114, 49, -128, 46, -128, 35, -128, 20, -128, 4, -128, -10, -64, -128, -41, -128, -16, -128, 2, -128, 14, -128, 16, -128, 5, -128, -14, -128, -41, -128, -73, -128, -102, -128, -121, -128, -128, -128, -128, -128, -128, -128, -128, -128, -128, -128, -128, -128, -128, -128, -128, -128, -128, -128, -128, -128, -128, -128, -128, -128, -128, -128, -128, -128]",esp32_2
CSI_DATA,139320,2025-08-27 15:35:49.467,0,sit,00:00:00:00:00:00,-65,11,0,0,0,0,0,0,0,0,0,-97,0,1,0,4160660309,0,14,0,0,0,104,0,"[0, 0, 107, -128, 94, -128, 72, -128, 48, -128, 21, -128, -17, -128, -48, -112, -90, -100, -111, -100, -128, -102, -128, -112, -128, -121, -128, -128, -128, -128, -118, -128, -84, -128, -45, -128, -4, -115, 27, -90, 54, -52, 73, -16, 86, 23, 84, 55, 80, 83, 65, 109, -40, 74, -32, 79, -29, 82, -20, 94, -9, 100, -2, 111, 1, 116, -1, 123, 5, 124, 18, 123, 20, 111, 21, 102, 27, 90, 40, 78, 36, 55, 36, 33, 40, 9, 44, -24, 50, -54, 53, -87, 56, -121, 63, -128, 66, -128, 85, -128, 93, -128, 98, -128]",esp32_1
CSI_DATA,142404,2025-08-27 15:35:49.477,0,sit,00:00:00:00:00:00,-41,11,0,0,0,0,0,0,0,0,0,-97,0,1,0,1020027757,0,14,0,0,0,104,0,"[0, 0, 110, 127, 103, 127, 94, 127, 85, 127, 77, 127, 71, 127, 65, 127, 59, 127, 51, 127, 40, 127, 28, 127, 18, 127, 12, 127, 12, 105, 18, 72, 31, 43, 49, 22, 71, 10, 93, 5, 110, 9, 122, 21, 126, 35, 121, 49, 109, 61, 96, 69, -116, 127, -128, 127, -128, 127, -128, 127, -128, 127, -128, 110, -106, 100, -80, 101, -55, 112, -33, 127, -16, 127, -7, 127, -8, 127, -13, 127, -19, 127, -24, 127, -26, 127, -23, 127, -13, 127, 1, 127, 23, 127, 48, 127, 72, 127, 94, 127, 110, 127, 118, 127]",esp32_2
CSI_DATA,139321,2025-08-27 15:35:49.493,0,sit,00:00:00:00:00:00,-66,11,0,0,0,0,0,0,0,0,0,-97,0,1,0,4160694940,0,14,0,0,0,104,0,"[0, 0, 127, -5, 127, -8, 127, -20, 127, -25, 127, -46, 123, -75, 105, -102, 77, -128, 86, -128, 83, -128, 94, -128, 108, -128, 114, -128, 127, -128, 127, -128, 127, -120, 127, -74, 113, -37, 94, -3, 57, 29, 23, 51, -27, 62, -59, 55, -93, 54, -111, 38, -86, 37, -82, 44, -84, 48, -82, 57, -88, 66, -88, 78, -81, 87, -89, 88, -81, 93, -80, 92, -78, 85, -65, 81, -51, 83, -38, 71, -22, 64, 2, 54, 16, 37, 45, 29, 77, 21, 103, 1, 127, -5, 127, -26, 127, -13, 127, -16, 127, -8, 127, -11]",esp32_1
CSI_DATA,142405,2025-08-27 15:35:49.501,0,sit,00:00:00:00:00:00,-41,11,0,0,0,0,0,0,0,0,0,-97,0,1,0,1020037721,0,14,0,0,0,104,0,"[0, 0, -121, -128, -110, -128, -103, -128, -96, -128, -91, -128, -85, -128, -78, -128, -71, -128, -61, -128, -48, -128, -34, -128, -24, -128, -18, -128, -17, -100, -21, -67, -32, -35, -50, -11, -72, 4, -96, 9, -115, 6, -128, -6, -128, -22, -128, -37, -120, -49, -108, -59, 127, -128, 127, -128, 127, -128, 127, -128, 127, -116, 127, -100, 108, -92, 83, -95, 57, -106, 34, -126, 17, -128, 9, -128, 8, -128, 11, -128, 14, -128, 17, -128, 19, -128, 17, -128, 8, -128, -10, -128, -32, -128, -56, -128, -82, -128, -105, -128, -119, -128, -124, -128]",esp32_2
CSI_DATA,139322,2025-08-27 15:35:49.512,0,sit,00:00:00:00:00:00,-66,11,0,0,0,0,0,0,0,0,0,-97,0,1,0,4160732016,0,14,0,0,0,104,0,"[0, 0, 127, 111, 127, 101, 127, 80, 127, 48, 127, 17, 127, -20, 127, -50, 127, -79, 127, -104, 127, -125, 127, -127, 127, -122, 127, -113, 127, -92, 127, -66, 127, -28, 127, -3, 111, 22, 71, 30, 23, 35, -14, 33, -52, 13, -72, -3, -97, -28, -98, -56, -105, 2, -106, 11, -103, 18, -103, 28, -105, 37, -113, 43, -110, 51, -112, 51, -114, 56, -112, 50, -104, 66, -96, 62, -82, 46, -70, 50, -51, 41, -26, 58, -6, 52, 30, 51, 59, 43, 92, 49, 121, 57, 127, 63, 127, 90, 127, 94, 127, 102, 127, 123]",esp32_1
CSI_DATA,142406,2025-08-27 15:35:49.525,0,sit,00:00:00:00:00:00,-41,11,0,0,0,0,0,0,0,0,0,-97,0,1,0,1020047707,0,14,0,0,0,104,0,"[0, 0, 127, -128, 127, -128, 127, -128, 127, -128, 127, -128, 127, -128, 127, -128, 127, -128, 127, -128, 127, -128, 124, -128, 110, -121, 89, -95, 64, -72, 36, -55, 5, -45, -25, -43, -49, -52, -68, -67, -77, -84, -79, -101, -72, -114, -57, -120, -39, -121, -26, -118, 127, -29, 127, -8, 127, 16, 127, 32, 127, 39, 127, 36, 127, 23, 122, 2, 114, -25, 113, -55, 119, -84, 127, -105, 127, -122, 127, -128, 127, -128, 127, -128, 127, -128, 127, -128, 127, -128, 127, -128, 127, -128, 127, -128, 127, -128, 127, -128, 127, -128, 127, -128]",esp32_2
CSI_DATA,139323,2025-08-27 15:35:49.534,0,sit,00:00:00:00:00:00,-65,11,0,0,0,0,0,0,0,0,0,-97,0,1,0,4160756744,0,14,0,0,0,104,0,"[0, 0, 127, -54, 127, -42, 127, -48, 127, -62, 100, -77, 64, -103, 42, -117, 13, -128, 22, -128, 21, -128, 22, -128, 33, -128, 30, -128, 44, -128, 56, -128, 72, -128, 79, -118, 76, -83, 69, -42, 46, -12, 35, 26, 2, 48, -32, 64, -60, 65, -76, 59, -103, 26, -93, 29, -97, 41, -94, 52, -93, 59, -90, 66, -87, 84, -90, 88, -83, 99, -90, 92, -87, 97, -80, 86, -68, 70, -57, 61, -42, 51, -27, 54, -3, 32, 21, 20, 48, -6, 80, -31, 111, -41, 127, -63, 127, -49, 127, -54, 127, -52, 127, -42]",esp32_1
CSI_DATA,142407,2025-08-27 15:35:49.545,0,sit,00:00:00:00:00:00,-41,11,0,0,0,0,0,0,0,0,0,-97,0,1,0,1020059307,0,14,0,0,0,104,0,"[0, 0, -128, -85, -128, -88, -128, -88, -128, -87, -128, -84, -128, -81, -128, -81, -128, -81, -128, -81, -128, -80, -128, -78, -128, -72, -112, -60, -84, -41, -59, -17, -40, 11, -31, 39, -32, 65, -41, 87, -54, 102, -69, 107, -84, 104, -96, 93, -103, 78, -104, 64, -78, -128, -57, -128, -32, -128, -14, -128, -2, -128, 2, -128, -6, -128, -23, -114, -49, -99, -80, -90, -110, -90, -128, -96, -128, -107, -128, -119, -128, -128, -128, -128, -128, -128, -128, -128, -128, -127, -128, -111, -128, -95, -128, -81, -128, -70, -128, -62, -128, -60, -128, -66]",esp32_2
CSI_DATA,139324,2025-08-27 15:35:49.557,0,sit,00:00:00:00:00:00,-65,11,0,0,0,0,0,0,0,0,0,-97,0,1,0,4160804794,0,14,0,0,0,104,0,"[0, 0, -128, -59, -128, -52, -128, -43, -128, -16, -128, 11, -119, 44, -108, 79, -108, 110, -112, 127, -112, 127, -128, 127, -128, 127, -128, 127, -128, 127, -128, 127, -128, 92, -128, 65, -121, 28, -92, 5, -52, -13, -17, -27, 17, -24, 46, -18, 72, -1, 86, 14, 109, -22, 110, -25, 105, -37, 105, -44, 104, -51, 105, -61, 104, -72, 108, -88, 113, -95, 106, -95, 110, -109, 110, -108, 102, -93, 95, -83, 85, -77, 68, -76, 48, -59, 22, -50, -15, -28, -50, -18, -86, -10, -123, -10, -128, -14, -128, -15, -128, -24, -128, -52]",esp32_1
CSI_DATA,142408,2025-08-27 15:35:49.568,0,sit,00:00:00:00:00:00,-41,11,0,0,0,0,0,0,0,0,0,-97,0,1,0,1020077777,0,14,0,0,0,104,0,"[0, 0, -128, 3, -128, -3, -128, -8, -128, -10, -128, -10, -128, -10, -128, -12, -128, -15, -128, -18, -128, -19, -128, -20, -128, -20, -119, -17, -90, -10, -62, 5, -38, 28, -24, 52, -20, 76, -23, 98, -33, 113, -46, 119, -58, 119, -69, 112, -78, 98, -82, 85, -128, -128, -126, -128, -99, -128, -76, -128, -58, -128, -46, -128, -45, -117, -56, -90, -76, -66, -105, -47, -128, -36, -128, -33, -128, -36, -128, -45, -128, -54, -128, -60, -128, -62, -128, -58, -128, -49, -128, -35, -128, -18, -128, -2, -128, 14, -128, 27, -128, 31, -128, 29]",esp32_2
CSI_DATA,142409,2025-08-27 15:35:49.590,0,sit,00:00:00:00:00:00,-41,11,0,0,0,0,0,0,0,0,0,-97,0,1,0,1020111462,0,14,0,0,0,104,0,"[0, 0, -128, 105, -128, 92, -128, 84, -128, 78, -128, 75, -128, 73, -128, 71, -128, 67, -128, 61, -128, 55, -128, 48, -128, 40, -115, 34, -79, 32, -43, 37, -10, 50, 16, 68, 32, 89, 40, 113, 39, 127, 30, 127, 18, 127, 3, 127, -13, 127, -25, 127, -128, -128, -118, -128, -84, -128, -56, -128, -36, -128, -25, -128, -27, -114, -42, -78, -68, -46, -101, -21, -128, -5, -128, 2, -128, 3, -128, -2, -128, -8, -128, -11, -128, -11, -128, -3, -128, 13, -128, 34, -128, 57, -128, 82, -128, 108, -128, 127, -128, 127, -128, 127]",esp32_2
CSI_DATA,142410,2025-08-27 15:35:49.614,0,sit,00:00:00:00:00:00,-42,11,0,0,0,0,0,0,0,0,0,-97,0,1,0,1020149310,0,14,0,0,0,104,0,"[0, 0, 127, 127, 127, 127, 127, 127, 127, 127, 127, 127, 127, 127, 124, 127, 118, 127, 108, 127, 94, 127, 79, 117, 64, 98, 52, 74, 41, 47, 34, 18, 31, -12, 34, -39, 46, -62, 62, -79, 79, -86, 95, -85, 107, -76, 112, -63, 112, -50, 110, -38, -128, 125, -128, 106, -128, 80, -128, 58, -128, 40, -113, 29, -82, 28, -52, 37, -23, 54, 1, 77, 18, 103, 27, 127, 29, 127, 29, 127, 30, 127, 31, 127, 34, 127, 43, 127, 57, 127, 76, 127, 99, 127, 127, 127, 127, 127, 127, 127, 127, 127, 127, 127]",esp32_2
CSI_DATA,142411,2025-08-27 15:35:49.636,0,sit,00:00:00:00:00:00,-41,11,0,0,0,0,0,0,0,0,0,-97,0,1,0,1020194476,0,14,0,0,0,104,0,"[0, 0, 127, 127, 127, 127, 127, 127, 127, 127, 127, 127, 127, 127, 127, 127, 127, 127, 127, 127, 123, 127, 103, 127, 84, 127, 69, 121, 58, 86, 49, 48, 43, 11, 45, -23, 58, -54, 79, -78, 100, -91, 122, -95, 127, -87, 127, -73, 127, -57, 127, -41, -128, 127, -128, 127, -128, 114, -128, 87, -128, 64, -128, 51, -118, 50, -85, 60, -53, 83, -26, 113, -7, 127, 4, 127, 6, 127, 5, 127, 6, 127, 9, 127, 13, 127, 22, 127, 40, 127, 66, 127, 102, 127, 127, 127, 127, 127, 127, 127, 127, 127, 127, 127]",esp32_2
CSI_DATA,139326,2025-08-27 15:35:49.644,0,sit,00:00:00:00:00:00,-63,11,0,0,0,0,0,0,0,0,0,-97,0,1,0,4160865587,0,14,0,0,0,104,0,"[0, 0, 55, 127, 48, 127, 56, 127, 60, 127, 70, 122, 105, 80, 127, 63, 127, 39, 127, 29, 127, 26, 127, 44, 127, 61, 127, 86, 127, 102, 127, 115, 127, 127, 114, 119, 66, 102, 35, 76, 4, 44, -15, 2, -17, -33, -12, -63, -6, -94, 15, -110, -122, -38, -121, -39, -118, -32, -123, -26, -128, -17, -128, -8, -128, -2, -128, -2, -128, 10, -128, 10, -128, 20, -128, 23, -128, 9, -128, 12, -128, 8, -112, 29, -83, 33, -54, 43, -29, 55, 1, 86, 30, 115, 58, 127, 87, 127, 94, 127, 105, 127, 104, 127]",esp32_1
CSI_DATA,139327,2025-08-27 15:35:49.837,0,sit,00:00:00:00:00:00,-64,11,0,0,0,0,0,0,0,0,0,-97,0,1,0,4160890823,0,14,0,0,0,104,0,"[0, 0, -117, -128, -103, -128, -98, -128, -89, -98, -93, -54, -97, -18, -116, 16, -128, 47, -128, 67, -128, 74, -128, 79, -128, 64, -128, 57, -128, 32, -128, 10, -128, -17, -128, -33, -90, -40, -53, -40, -11, -30, 18, -17, 45, 5, 58, 27, 74, 57, 68, 78, 92, 51, 95, 43, 88, 31, 99, 21, 105, 13, 112, 8, 115, -1, 127, -5, 127, -16, 127, -11, 127, -23, 127, -25, 127, -13, 121, -15, 104, -14, 79, -34, 57, -38, 28, -45, -2, -47, -33, -68, -65, -86, -92, -105, -121, -128, -128, -128, -128, -128, -128, -128]",esp32_1
CSI_DATA,139328,2025-08-27 15:35:49.837,0,sit,00:00:00:00:00:00,-63,11,0,0,0,0,0,0,0,0,0,-97,0,1,0,4160926218,0,14,0,0,0,104,0,"[0, 0, -128, 127, -128, 113, -128, 97, -106, 101, -60, 101, -22, 105, 17, 123, 46, 127, 68, 127, 77, 127, 85, 127, 71, 127, 63, 127, 31, 127, 1, 127, -12, 127, -40, 127, -52, 89, -48, 50, -44, 6, -26, -34, -4, -60, 20, -83, 46, -89, 71, -87, 61, -88, 56, -93, 51, -102, 42, -114, 36, -119, 25, -128, 21, -128, 17, -128, 14, -128, 4, -128, 10, -128, 9, -128, -1, -128, -7, -128, -12, -108, -16, -83, -22, -60, -34, -25, -58, 8, -77, 38, -96, 71, -123, 102, -128, 120, -128, 127, -128, 127, -128, 127]",esp32_1
CSI_DATA,139329,2025-08-27 15:35:49.843,0,sit,00:00:00:00:00:00,-64,11,0,0,0,0,0,0,0,0,0,-97,0,1,0,4160954085,0,14,0,0,0,104,0,"[0, 0, -80, 127, -67, 127, -40, 127, -22, 127, 9, 109, 50, 88, 86, 77, 118, 68, 127, 73, 127, 78, 127, 89, 127, 106, 127, 114, 127, 125, 127, 127, 101, 124, 56, 118, 22, 95, -12, 76, -36, 39, -48, 7, -58, -34, -60, -57, -52, -87, -36, -102, 21, -107, 12, -106, 9, -110, -6, -114, -16, -125, -24, -128, -33, -128, -37, -128, -43, -128, -56, -128, -55, -128, -49, -128, -56, -123, -53, -112, -50, -94, -51, -66, -40, -40, -39, -9, -37, 20, -38, 61, -38, 96, -38, 127, -45, 127, -61, 127, -68, 127, -71, 127]",esp32_1
CSI_DATA,139330,2025-08-27 15:35:49.847,0,sit,00:00:00:00:00:00,-65,11,0,0,0,0,0,0,0,0,0,-97,0,1,0,4160988607,0,14,0,0,0,104,0,"[0, 0, 81, 127, 78, 127, 90, 127, 91, 127, 108, 120, 126, 70, 127, 41, 127, 16, 127, -2, 127, -20, 127, -6, 127, 9, 127, 21, 127, 47, 127, 77, 127, 94, 127, 113, 88, 110, 34, 98, -16, 74, -52, 52, -83, 14, -101, -18, -113, -57, -107, -96, -95, -118, -104, -119, -110, -108, -128, -109, -128, -112, -128, -113, -128, -105, -128, -114, -128, -105, -128, -108, -128, -95, -128, -80, -128, -88, -128, -74, -128, -60, -107, -21, -89, 1, -60, 23, -36, 45, -7, 80, 26, 115, 48, 127, 74, 127, 84, 127, 92, 127, 103, 127]",esp32_1
CSI_DATA,142412,2025-08-27 15:35:49.847,0,sit,00:00:00:00:00:00,-41,11,0,0,0,0,0,0,0,0,0,-97,0,1,0,1020233668,0,14,0,0,0,104,0,"[0, 0, 127, -128, 127, -128, 127, -128, 127, -128, 127, -118, 127, -103, 127, -91, 127, -81, 127, -71, 127, -62, 127, -53, 127, -44, 127, -36, 123, -32, 86, -32, 48, -38, 16, -50, -9, -69, -26, -94, -34, -118, -34, -128, -25, -128, -9, -128, 9, -128, 23, -128, 114, 127, 87, 127, 54, 127, 29, 127, 13, 127, 8, 127, 14, 127, 33, 108, 62, 83, 93, 65, 127, 55, 127, 52, 127, 56, 127, 62, 127, 67, 127, 70, 127, 70, 127, 61, 127, 41, 127, 14, 127, -22, 127, -62, 127, -102, 127, -128, 127, -128, 127, -128]",esp32_2
CSI_DATA,142413,2025-08-27 15:35:49.847,0,sit,00:00:00:00:00:00,-39,11,0,0,0,0,0,0,0,0,0,-97,0,1,0,1020256797,0,14,0,0,0,104,0,"[0, 0, 127, 127, 127, 127, 127, 127, 127, 127, 127, 127, 127, 127, 127, 127, 127, 127, 127, 127, 127, 127, 127, 127, 127, 127, 115, 114, 96, 87, 78, 57, 65, 26, 59, -5, 62, -33, 73, -55, 86, -69, 101, -76, 116, -72, 126, -63, 127, -50, 127, -38, -92, 127, -112, 127, -128, 127, -128, 127, -128, 127, -117, 127, -93, 114, -65, 106, -34, 109, -4, 122, 24, 127, 44, 127, 53, 127, 61, 127, 68, 127, 71, 127, 72, 127, 76, 127, 84, 127, 97, 127, 119, 127, 127, 127, 127, 127, 127, 127, 127, 127, 127, 127]",esp32_2
CSI_DATA,139331,2025-08-27 15:35:49.853,0,sit,00:00:00:00:00:00,-65,11,0,0,0,0,0,0,0,0,0,-97,0,1,0,4161025214,0,14,0,0,0,104,0,"[0, 0, -11, 127, -5, 127, 7, 127, 33, 127, 51, 120, 85, 97, 108, 91, 127, 84, 127, 82, 127, 79, 127, 88, 127, 112, 127, 122, 127, 127, 120, 127, 97, 127, 52, 127, 4, 114, -17, 85, -38, 48, -50, 7, -55, -27, -47, -58, -41, -75, -19, -95, -68, -82, -75, -84, -85, -96, -86, -91, -102, -103, -103, -106, -115, -113, -113, -120, -109, -117, -126, -109, -117, -104, -107, -94, -109, -71, -104, -62, -87, -51, -81, -37, -65, -13, -59, 7, -49, 40, -41, 64, -32, 96, -22, 123, -13, 127, -6, 127, -5, 127, -9, 127]",esp32_1
CSI_DATA,142414,2025-08-27 15:35:49.858,0,sit,00:00:00:00:00:00,-39,11,0,0,0,0,0,0,0,0,0,-97,0,1,0,1020282651,0,14,0,0,0,104,0,"[0, 0, -128, 93, -128, 82, -128, 73, -128, 64, -128, 56, -128, 46, -128, 37, -128, 30, -128, 21, -128, 14, -128, 9, -128, 7, -128, 8, -118, 12, -88, 19, -60, 33, -38, 49, -25, 68, -18, 89, -17, 107, -24, 120, -35, 127, -48, 125, -60, 117, -68, 108, -107, -128, -86, -128, -60, -128, -39, -128, -22, -128, -14, -128, -18, -128, -31, -116, -51, -96, -78, -83, -106, -76, -128, -73, -128, -76, -128, -82, -128, -88, -128, -91, -128, -93, -128, -89, -128, -76, -128, -55, -128, -31, -128, -6, -128, 21, -128, 47, -128, 65, -128, 72]",esp32_2
CSI_DATA,139332,2025-08-27 15:35:49.860,0,sit,00:00:00:00:00:00,-65,11,0,0,0,0,0,0,0,0,0,-97,0,1,0,4161073581,0,14,0,0,0,104,0,"[0, 0, -128, -128, -125, -107, -125, -80, -114, -39, -114, -1, -117, 34, -120, 63, -128, 93, -128, 110, -128, 121, -128, 124, -128, 110, -128, 97, -128, 72, -128, 41, -128, 7, -128, -17, -92, -36, -51, -44, -9, -47, 26, -44, 61, -25, 84, -7, 105, 21, 106, 40, 95, 12, 105, 8, 109, -3, 120, -8, 127, -7, 127, -12, 127, -10, 127, -11, 127, -15, 127, -11, 127, -21, 118, -26, 101, -21, 87, -27, 61, -32, 42, -59, 19, -69, -7, -78, -35, -85, -55, -95, -86, -108, -109, -125, -128, -128, -128, -128, -128, -128, -128, -128]",esp32_1
CSI_DATA,139333,2025-08-27 15:35:49.860,0,sit,00:00:00:00:00:00,-65,11,0,0,0,0,0,0,0,0,0,-97,0,1,0,4161098019,0,14,0,0,0,104,0,"[0, 0, -128, -39, -128, -23, -128, -7, -121, 22, -88, 51, -64, 81, -43, 113, -35, 127, -27, 127, -32, 127, -36, 127, -49, 127, -62, 127, -82, 127, -89, 127, -98, 119, -93, 79, -86, 39, -62, 3, -39, -29, -10, -62, 21, -82, 48, -84, 81, -84, 100, -70, 92, -3, 100, -10, 101, -26, 108, -32, 119, -36, 119, -41, 117, -49, 123, -53, 123, -57, 112, -53, 103, -63, 90, -62, 69, -48, 50, -47, 25, -46, 3, -53, -24, -48, -58, -46, -94, -39, -127, -37, -128, -34, -128, -33, -128, -44, -128, -38, -128, -42, -128, -58]",esp32_1
CSI_DATA,142415,2025-08-27 15:35:49.860,0,sit,00:00:00:00:00:00,-39,11,0,0,0,0,0,0,0,0,0,-97,0,1,0,1020317264,0,14,0,0,0,104,0,"[0, 0, -128, -128, -128, -128, -128, -128, -128, -128, -128, -128, -128, -128, -128, -128, -128, -128, -128, -128, -128, -128, -128, -128, -128, -126, -124, -105, -101, -80, -82, -50, -70, -15, -68, 16, -76, 41, -90, 61, -107, 71, -125, 71, -128, 63, -128, 48, -128, 29, -128, 13, -4, -128, 19, -128, 44, -128, 60, -128, 69, -128, 67, -128, 52, -128, 29, -128, 2, -128, -30, -128, -59, -128, -80, -128, -95, -128, -106, -128, -115, -128, -120, -128, -123, -128, -126, -128, -128, -128, -128, -128, -128, -128, -128, -128, -128, -128, -128, -128, -128, -128, -128, -128]",esp32_2
CSI_DATA,139334,2025-08-27 15:35:49.866,0,sit,00:00:00:00:00:00,-65,11,0,0,0,0,0,0,0,0,0,-97,0,1,0,4161135196,0,14,0,0,0,104,0,"[0, 0, 43, 127, 43, 127, 55, 127, 57, 127, 67, 107, 79, 45, 103, -7, 121, -63, 127, -101, 127, -128, 127, -128, 127, -128, 127, -128, 127, -128, 127, -100, 127, -62, 127, -21, 127, 20, 88, 57, 47, 79, 4, 96, -38, 112, -77, 109, -116, 114, -128, 100, 107, -73, 102, -82, 93, -87, 82, -100, 73, -108, 65, -124, 52, -127, 39, -128, 29, -128, 14, -128, 6, -121, -9, -111, -11, -102, -16, -81, -16, -53, -20, -15, -13, 26, -5, 66, 11, 103, 19, 127, 27, 127, 38, 127, 54, 127, 55, 127, 61, 127, 67, 127]",esp32_1
CSI_DATA,142416,2025-08-27 15:35:49.866,0,sit,00:00:00:00:00:00,-40,11,0,0,0,0,0,0,0,0,0,-97,0,1,0,1020345828,0,14,0,27,-59,104,0,"[0, 0, 127, 26, 127, 30, 127, 30, 127, 32, 127, 34, 127, 34, 127, 37, 127, 40, 127, 43, 127, 44, 127, 46, 127, 46, 127, 40, 105, 29, 78, 11, 57, -14, 46, -40, 46, -64, 54, -86, 66, -101, 81, -107, 96, -104, 108, -91, 116, -73, 118, -56, 127, 127, 114, 127, 87, 127, 65, 127, 48, 127, 36, 127, 35, 127, 45, 121, 64, 101, 90, 86, 118, 78, 127, 77, 127, 83, 127, 93, 127, 103, 127, 111, 127, 115, 127, 112, 127, 102, 127, 88, 127, 72, 127, 56, 127, 37, 127, 21, 127, 12, 127, 11]",esp32_2
CSI_DATA,139335,2025-08-27 15:35:49.873,0,sit,00:00:00:00:00:00,-64,11,0,0,0,0,0,0,0,0,0,-97,0,1,0,4161158604,0,14,0,0,0,104,0,"[0, 0, -128, -128, -114, -128, -115, -128, -98, -128, -88, -105, -87, -59, -91, -7, -100, 44, -108, 81, -114, 113, -128, 127, -128, 127, -128, 127, -128, 127, -128, 109, -128, 85, -128, 42, -117, 7, -89, -27, -58, -51, -27, -76, 16, -92, 49, -98, 80, -107, 105, -101, -75, 103, -70, 107, -59, 102, -49, 109, -32, 111, -24, 120, -7, 119, -2, 124, 19, 122, 32, 123, 35, 109, 43, 106, 41, 96, 44, 81, 37, 61, 26, 33, 1, 7, -12, -29, -28, -55, -53, -95, -82, -128, -104, -128, -128, -128, -128, -128, -128, -128, -128, -128]",esp32_1
CSI_DATA,142417,2025-08-27 15:35:49.874,0,sit,00:00:00:00:00:00,-40,11,0,0,0,0,0,0,0,0,0,-97,0,1,0,1020390439,0,14,0,27,-59,104,0,"[0, 0, 127, 127, 127, 127, 127, 127, 127, 127, 127, 127, 124, 127, 119, 127, 113, 127, 104, 127, 91, 127, 75, 127, 61, 127, 49, 106, 41, 82, 37, 54, 39, 25, 47, 0, 62, -18, 82, -28, 100, -29, 114, -21, 124, -6, 124, 11, 115, 27, 105, 40, -58, 127, -72, 127, -86, 127, -94, 127, -95, 127, -86, 115, -69, 101, -46, 96, -20, 99, 6, 110, 28, 127, 42, 127, 47, 127, 49, 127, 47, 127, 44, 127, 41, 127, 43, 127, 49, 127, 60, 127, 77, 127, 98, 127, 123, 127, 127, 127, 127, 127, 127, 127]",esp32_2
CSI_DATA,139336,2025-08-27 15:35:49.878,0,sit,00:00:00:00:00:00,-64,11,0,0,0,0,0,0,0,0,0,-97,0,1,0,4161183741,0,14,0,0,0,104,0,"[0, 0, 127, -128, 127, -128, 114, -128, 109, -128, 54, -128, 16, -111, -21, -91, -62, -74, -82, -64, -117, -69, -128, -69, -128, -78, -128, -82, -128, -81, -128, -109, -108, -83, -96, -114, -55, -94, -15, -86, 15, -66, 51, -47, 71, -16, 89, 9, 102, 38, 108, 64, -109, -6, -123, 1, -100, 10, -120, 22, -101, 27, -114, 52, -94, 64, -91, 74, -85, 84, -72, 78, -81, 93, -69, 90, -58, 89, -50, 82, -38, 79, -21, 53, -14, 39, -4, 8, 9, -32, 28, -67, 43, -105, 62, -128, 85, -128, 115, -128, 127, -128, 127, -128]",esp32_1
CSI_DATA,142418,2025-08-27 15:35:49.878,0,sit,00:00:00:00:00:00,-40,11,0,0,0,0,0,0,0,0,0,-97,0,1,0,1020438880,0,14,0,0,0,104,0,"[0, 0, 127, 127, 127, 127, 127, 127, 127, 127, 127, 127, 122, 127, 116, 127, 110, 127, 101, 127, 90, 127, 75, 127, 60, 127, 47, 127, 37, 107, 37, 73, 47, 37, 64, 11, 87, -3, 111, -9, 127, -3, 127, 12, 127, 30, 127, 48, 127, 66, 110, 79, -95, 127, -108, 127, -117, 127, -120, 127, -116, 127, -102, 118, -79, 108, -51, 108, -20, 118, 12, 127, 38, 127, 51, 127, 53, 127, 49, 127, 41, 127, 30, 127, 20, 127, 14, 127, 12, 127, 16, 127, 28, 127, 47, 127, 73, 127, 101, 127, 121, 127, 127, 127]",esp32_2
CSI_DATA,142419,2025-08-27 15:35:49.878,0,sit,00:00:00:00:00:00,-40,11,0,0,0,0,0,0,0,0,0,-97,0,1,0,1020464244,0,14,0,0,0,104,0,"[0, 0, -128, 56, -128, 59, -128, 62, -128, 66, -128, 69, -128, 69, -128, 68, -128, 64, -128, 57, -128, 49, -128, 41, -128, 34, -108, 29, -83, 28, -58, 33, -35, 45, -19, 61, -13, 79, -14, 98, -23, 113, -38, 122, -54, 120, -70, 109, -84, 91, -91, 74, -126, -98, -116, -103, -102, -105, -89, -101, -78, -91, -70, -77, -69, -58, -76, -38, -91, -19, -112, -1, -128, 12, -128, 17, -128, 15, -128, 9, -128, 0, -128, -8, -128, -18, -128, -25, -128, -27, -128, -25, -128, -21, -128, -12, -128, 1, -128, 15, -128, 24, -128, 27]",esp32_2
CSI_DATA,139337,2025-08-27 15:35:49.889,0,sit,00:00:00:00:00:00,-64,11,0,0,0,0,0,0,0,0,0,-97,0,1,0,4161221412,0,14,0,0,0,104,0,"[0, 0, -128, 127, -128, 127, -128, 127, -128, 127, -106, 127, -66, 127, -25, 114, 13, 115, 52, 107, 82, 113, 108, 122, 120, 127, 125, 127, 106, 127, 91, 127, 70, 127, 32, 127, 7, 111, -15, 84, -33, 45, -44, 7, -51, -28, -46, -60, -41, -87, -28, -110, 92, -76, 92, -79, 89, -78, 80, -86, 74, -92, 69, -104, 55, -105, 50, -117, 41, -125, 23, -128, 23, -128, 14, -128, 2, -126, -2, -124, -9, -115, -6, -90, -8, -73, -12, -43, -19, -8, -28, 30, -38, 75, -54, 122, -66, 127, -101, 127, -123, 127, -128, 127]",esp32_1
CSI_DATA,142420,2025-08-27 15:35:49.889,0,sit,00:00:00:00:00:00,-40,11,0,0,0,0,0,0,0,0,0,-97,0,1,0,1020498864,0,14,0,0,0,104,0,"[0, 0, 127, -66, 127, -75, 127, -86, 127, -95, 127, -101, 127, -106, 127, -109, 127, -108, 127, -103, 127, -96, 127, -84, 127, -72, 107, -63, 77, -60, 45, -67, 16, -82, -4, -104, -11, -128, -6, -128, 8, -128, 30, -128, 55, -128, 80, -128, 103, -128, 115, -125, 127, 106, 127, 111, 127, 110, 113, 102, 100, 88, 92, 67, 93, 42, 105, 16, 125, -10, 127, -33, 127, -49, 127, -54, 127, -52, 127, -49, 127, -44, 127, -39, 127, -33, 127, -29, 127, -26, 127, -25, 127, -27, 127, -34, 127, -44, 127, -55, 127, -58, 127, -54]",esp32_2
CSI_DATA,142421,2025-08-27 15:35:49.889,0,sit,00:00:00:00:00:00,-41,11,0,0,0,0,0,0,0,0,0,-97,0,1,0,1020524123,0,14,0,0,0,104,0,"[0, 0, -128, -128, -128, -128, -128, -116, -128, -97, -128, -76, -128, -60, -128, -49, -128, -42, -128, -39, -128, -35, -128, -30, -128, -21, -111, -6, -92, 14, -75, 39, -66, 68, -69, 96, -83, 119, -105, 127, -128, 127, -128, 127, -128, 111, -128, 82, -128, 50, -128, 25, -40, -128, -26, -128, -13, -128, -8, -128, -10, -119, -21, -96, -42, -78, -70, -68, -103, -66, -128, -72, -128, -85, -128, -101, -128, -119, -128, -128, -128, -128, -128, -128, -128, -128, -128, -128, -128, -128, -128, -128, -128, -128, -128, -128, -128, -128, -128, -128, -128, -128, -128, -128]",esp32_2
CSI_DATA,142422,2025-08-27 15:35:49.898,0,sit,00:00:00:00:00:00,-41,11,0,0,0,0,0,0,0,0,0,-97,0,1,0,1020567626,0,14,0,0,0,104,0,"[0, 0, 127, -128, 127, -128, 127, -128, 127, -128, 127, -128, 126, -128, 104, -128, 85, -128, 69, -128, 53, -128, 39, -121, 26, -105, 9, -87, -13, -70, -37, -56, -64, -46, -91, -46, -118, -56, -128, -75, -128, -96, -128, -118, -128, -128, -114, -128, -89, -128, -70, -128, 127, 64, 127, 76, 127, 84, 123, 81, 99, 65, 79, 39, 69, 5, 71, -33, 86, -70, 109, -101, 127, -122, 127, -128, 127, -128, 127, -126, 127, -122, 127, -117, 127, -116, 127, -125, 127, -128, 127, -128, 127, -128, 127, -128, 127, -128, 127, -128, 127, -128, 127, -128]",esp32_2
CSI_DATA,142423,2025-08-27 15:35:49.908,0,sit,00:00:00:00:00:00,-40,11,0,0,0,0,0,0,0,0,0,-97,0,1,0,1020597924,0,14,0,0,0,104,0,"[0, 0, 127, -128, 127, -128, 127, -128, 127, -128, 127, -128, 127, -128, 127, -128, 127, -128, 117, -128, 100, -128, 84, -128, 68, -120, 50, -99, 28, -78, 3, -58, -24, -42, -53, -35, -80, -37, -103, -46, -118, -59, -126, -75, -124, -91, -113, -101, -97, -107, -83, -108, 127, 127, 127, 127, 127, 127, 102, 127, 83, 105, 69, 73, 67, 34, 80, -6, 107, -42, 127, -71, 127, -88, 127, -90, 127, -82, 127, -69, 127, -57, 127, -47, 127, -41, 127, -44, 127, -59, 127, -85, 127, -122, 127, -128, 127, -128, 127, -128, 127, -128, 127, -128]",esp32_2
CSI_DATA,139338,2025-08-27 15:35:49.919,0,sit,00:00:00:00:00:00,-63,11,0,0,0,0,0,0,0,0,0,-97,0,1,0,4161246934,0,14,0,0,0,104,0,"[0, 0, -16, -128, -8, -128, -7, -128, -1, -128, -8, -128, -30, -128, -46, -128, -75, -102, -102, -80, -127, -63, -128, -64, -128, -66, -128, -67, -128, -82, -128, -91, -128, -94, -103, -102, -69, -98, -32, -84, 0, -64, 28, -40, 51, -10, 61, 16, 79, 48, 75, 77, 2, 120, 3, 121, 6, 117, 16, 115, 25, 117, 32, 116, 41, 111, 50, 111, 61, 109, 79, 110, 83, 103, 86, 93, 96, 92, 93, 87, 87, 76, 83, 58, 63, 45, 50, 26, 30, 2, 15, -25, -9, -63, -25, -105, -54, -128, -52, -128, -56, -128, -63, -128]",esp32_1
CSI_DATA,142424,2025-08-27 15:35:49.930,0,sit,00:00:00:00:00:00,-40,11,0,0,0,0,0,0,0,0,0,-97,0,1,0,1020644712,0,14,0,0,0,104,0,"[0, 0, 11, 127, 9, 127, 16, 127, 24, 127, 31, 127, 36, 127, 36, 127, 32, 127, 23, 127, 9, 127, -6, 127, -18, 127, -24, 127, -22, 127, -12, 108, 8, 75, 33, 51, 63, 40, 91, 41, 111, 53, 122, 73, 122, 95, 109, 113, 87, 122, 69, 127, -128, 117, -128, 100, -128, 81, -123, 69, -103, 65, -78, 70, -53, 85, -34, 109, -22, 127, -17, 127, -21, 127, -31, 127, -47, 127, -64, 127, -76, 127, -84, 127, -89, 127, -86, 127, -73, 127, -54, 127, -34, 127, -15, 127, 0, 127, 12, 127, 20, 127, 23, 127]",esp32_2
CSI_DATA,139339,2025-08-27 15:35:49.941,0,sit,00:00:00:00:00:00,-63,11,0,0,0,0,0,0,0,0,0,-97,0,1,0,4161270962,0,14,0,0,0,104,0,"[0, 0, 114, -128, 123, -128, 107, -128, 108, -128, 75, -128, 55, -128, 24, -128, -5, -128, -20, -128, -44, -128, -59, -128, -71, -128, -81, -128, -48, -128, -33, -128, -18, -128, 11, -128, 22, -110, 38, -81, 40, -43, 32, -7, 22, 29, 5, 58, -12, 75, -33, 86, 4, 110, 6, 115, 4, 109, 11, 113, 19, 112, 24, 114, 29, 114, 38, 117, 44, 121, 57, 108, 53, 112, 60, 110, 68, 109, 76, 105, 72, 95, 60, 81, 51, 70, 47, 45, 42, 19, 35, -10, 24, -46, 27, -95, 24, -116, 39, -128, 57, -128, 72, -128]",esp32_1
CSI_DATA,142425,2025-08-27 15:35:49.953,0,sit,00:00:00:00:00:00,-40,11,0,0,0,0,0,0,0,0,0,-97,0,1,0,1020670135,0,14,0,0,0,104,0,"[0, 0, -128, 49, -128, 55, -128, 63, -128, 74, -128, 88, -128, 100, -128, 106, -128, 106, -128, 99, -128, 85, -128, 67, -128, 47, -128, 31, -128, 22, -108, 23, -69, 36, -41, 58, -25, 87, -23, 119, -34, 127, -56, 127, -82, 127, -109, 127, -128, 127, -128, 109, -128, -117, -115, -116, -96, -107, -82, -91, -76, -71, -78, -47, -88, -22, -108, -1, -128, 15, -128, 25, -128, 28, -128, 24, -128, 16, -128, 10, -128, 7, -128, 6, -128, 7, -128, 12, -128, 22, -128, 35, -128, 48, -128, 59, -128, 65, -128, 68, -128, 64, -128, 56]",esp32_2
CSI_DATA,139340,2025-08-27 15:35:49.963,0,sit,00:00:00:00:00:00,-65,11,0,0,0,0,0,0,0,0,0,-97,0,1,0,4161307764,0,14,0,0,0,104,0,"[0, 0, -128, -53, -128, -50, -128, -52, -128, -38, -128, -12, -128, 6, -128, 24, -128, 47, -128, 53, -128, 58, -128, 56, -128, 57, -128, 50, -128, 29, -128, 10, -128, -13, -128, -29, -94, -41, -60, -40, -26, -27, 9, -17, 31, 9, 41, 33, 49, 61, 40, 80, 59, -105, 63, -108, 53, -108, 58, -112, 60, -118, 62, -123, 52, -127, 56, -128, 50, -128, 60, -128, 64, -128, 57, -125, 61, -112, 52, -107, 40, -104, 19, -98, 9, -86, -8, -69, -26, -49, -51, -34, -81, -21, -112, -7, -128, -19, -128, -24, -128, -24, -128, -43]",esp32_1
CSI_DATA,142426,2025-08-27 15:35:49.973,0,sit,00:00:00:00:00:00,-41,11,0,0,0,0,0,0,0,0,0,-97,0,1,0,1020704152,0,14,0,0,0,104,0,"[0, 0, -103, -128, -111, -128, -128, -128, -128, -128, -128, -128, -128, -128, -128, -128, -128, -128, -128, -128, -128, -128, -128, -128, -128, -128, -120, -124, -94, -89, -74, -43, -69, 9, -81, 55, -108, 88, -128, 110, -128, 114, -128, 101, -128, 75, -128, 37, -128, -7, -128, -40, 127, -91, 127, -75, 127, -58, 106, -48, 78, -45, 48, -52, 17, -69, -9, -96, -30, -127, -46, -128, -54, -128, -55, -128, -52, -128, -51, -128, -52, -128, -58, -128, -67, -128, -78, -128, -90, -128, -101, -128, -112, -128, -121, -128, -128, -128, -128, -128, -128, -128, -121, -128]",esp32_2
CSI_DATA,139341,2025-08-27 15:35:49.985,0,sit,00:00:00:00:00:00,-65,11,0,0,0,0,0,0,0,0,0,-97,0,1,0,4161354441,0,14,0,0,0,104,0,"[0, 0, 127, 50, 127, 42, 127, 31, 127, -1, 127, -32, 127, -68, 127, -105, 127, -128, 127, -128, 127, -128, 127, -128, 127, -128, 127, -128, 127, -128, 127, -127, 127, -81, 127, -42, 110, -5, 78, 27, 30, 45, -9, 67, -48, 75, -88, 71, -120, 59, -128, 35, -128, 4, -128, 7, -128, 16, -128, 23, -128, 33, -128, 40, -128, 56, -128, 62, -128, 66, -128, 71, -128, 78, -128, 77, -128, 67, -117, 56, -94, 55, -80, 51, -49, 41, -9, 32, 36, 16, 84, 9, 122, 1, 127, 5, 127, 18, 127, 10, 127, 30, 127, 42]",esp32_1
CSI_DATA,142427,2025-08-27 15:35:50.002,0,sit,00:00:00:00:00:00,-40,11,0,0,0,0,0,0,0,0,0,-97,0,1,0,1020741113,0,14,0,0,0,104,0,"[0, 0, 78, -128, 54, -128, 28, -128, 1, -128, -26, -128, -48, -128, -62, -128, -67, -128, -65, -128, -58, -128, -47, -128, -35, -128, -29, -117, -30, -77, -40, -36, -61, 3, -93, 31, -128, 42, -128, 40, -128, 25, -128, -1, -128, -32, -128, -65, -128, -95, -128, -113, 127, 26, 127, 34, 127, 40, 112, 35, 90, 22, 69, -1, 53, -31, 45, -65, 45, -100, 52, -128, 64, -128, 77, -128, 89, -128, 99, -128, 103, -128, 102, -128, 101, -128, 98, -128, 93, -128, 87, -128, 83, -128, 85, -128, 92, -128, 99, -128, 107, -128, 114, -128]",esp32_2
CSI_DATA,139342,2025-08-27 15:35:50.006,0,sit,00:00:00:00:00:00,-64,11,0,0,0,0,0,0,0,0,0,-97,0,1,0,4161392070,0,14,0,0,0,104,0,"[0, 0, -15, -128, -10, -128, -19, -128, -24, -128, -38, -128, -58, -128, -80, -128, -98, -128, -114, -128, -125, -128, -128, -128, -128, -128, -116, -128, -80, -128, -54, -128, -27, -128, -2, -119, 20, -73, 33, -44, 34, -4, 21, 30, 8, 59, -12, 80, -24, 103, -47, 104, 121, 64, 125, 71, 115, 78, 122, 80, 119, 75, 127, 81, 122, 70, 127, 73, 127, 70, 127, 58, 127, 56, 127, 48, 127, 50, 127, 43, 123, 36, 100, 24, 88, 18, 67, -3, 50, -17, 31, -41, 4, -74, -10, -105, -41, -128, -34, -128, -39, -128, -43, -128]",esp32_1
CSI_DATA,142428,2025-08-27 15:35:50.018,0,sit,00:00:00:00:00:00,-40,11,0,0,0,0,0,0,0,0,0,-97,0,1,0,1020768244,0,14,0,0,0,104,0,"[0, 0, 127, -128, 127, -127, 127, -123, 127, -123, 127, -125, 127, -128, 127, -128, 127, -128, 127, -128, 116, -126, 101, -114, 81, -97, 55, -81, 23, -69, -13, -63, -49, -65, -79, -78, -101, -103, -114, -128, -113, -128, -100, -128, -78, -128, -50, -128, -19, -128, 4, -128, 127, 127, 108, 127, 78, 127, 54, 127, 40, 95, 36, 57, 44, 16, 65, -22, 96, -54, 127, -79, 127, -92, 127, -94, 127, -90, 127, -85, 127, -83, 127, -81, 127, -83, 127, -94, 127, -108, 127, -124, 127, -128, 127, -128, 127, -128, 127, -128, 127, -128, 127, -128]",esp32_2
CSI_DATA,139343,2025-08-27 15:35:50.030,0,sit,00:00:00:00:00:00,-65,11,0,0,0,0,0,0,0,0,0,-97,0,1,0,4161416500,0,14,0,0,0,104,0,"[0, 0, 127, 127, 127, 127, 127, 127, 127, 127, 127, 127, 127, 111, 127, 105, 127, 95, 127, 90, 127, 92, 127, 111, 127, 124, 127, 125, 113, 127, 87, 118, 56, 104, 20, 75, 1, 50, -12, 12, -12, -18, 3, -53, 20, -78, 34, -92, 54, -108, 78, -102, -62, 127, -74, 125, -88, 124, -91, 118, -100, 118, -102, 115, -101, 108, -104, 103, -98, 105, -91, 113, -81, 107, -71, 107, -70, 112, -61, 115, -56, 115, -36, 106, -27, 105, -12, 103, 1, 103, 23, 105, 54, 98, 80, 105, 117, 107, 127, 126, 127, 127, 127, 127]",esp32_1
CSI_DATA,142429,2025-08-27 15:35:50.045,0,sit,00:00:00:00:00:00,-41,11,0,0,0,0,0,0,0,0,0,-97,0,1,0,1020801666,0,14,0,0,0,104,0,"[0, 0, 127, -128, 127, -128, 127, -128, 127, -128, 127, -128, 127, -128, 127, -128, 125, -128, 116, -128, 104, -128, 92, -121, 77, -85, 57, -47, 30, -8, -3, 27, -41, 56, -80, 72, -121, 74, -128, 66, -128, 50, -128, 27, -128, 2, -128, -23, -128, -42, -128, -53, -18, 127, -38, 127, -59, 127, -69, 127, -66, 118, -50, 71, -19, 25, 23, -12, 72, -41, 124, -58, 127, -64, 127, -62, 127, -55, 127, -48, 127, -46, 127, -48, 127, -57, 127, -77, 127, -100, 127, -126, 127, -128, 127, -128, 127, -128, 127, -128, 127, -128, 127, -128]",esp32_2
CSI_DATA,139344,2025-08-27 15:35:50.049,0,sit,00:00:00:00:00:00,-67,11,0,0,0,0,0,0,0,0,0,-97,0,1,0,4161442394,0,14,0,0,0,104,0,"[0, 0, 127, 127, 127, 127, 127, 127, 127, 115, 127, 88, 127, 73, 127, 62, 127, 45, 127, 54, 127, 50, 127, 77, 127, 95, 127, 109, 127, 121, 127, 114, 87, 115, 47, 84, -5, 56, -31, 5, -48, -44, -51, -72, -49, -121, -26, -128, 5, -128, 46, -128, -106, 127, -121, 127, -121, 127, -127, 127, -128, 127, -128, 127, -128, 118, -128, 116, -128, 115, -117, 112, -97, 116, -69, 120, -67, 112, -50, 118, -38, 127, -7, 127, 1, 127, 18, 127, 25, 127, 49, 127, 82, 127, 112, 127, 127, 127, 127, 127, 127, 127, 127, 127]",esp32_1
CSI_DATA,139345,2025-08-27 15:35:50.071,0,sit,00:00:00:00:00:00,-65,11,0,0,0,0,0,0,0,0,0,-97,0,1,0,4161476845,0,14,0,0,0,104,0,"[0, 0, -128, 20, -128, 20, -128, 24, -128, 37, -128, 44, -128, 61, -128, 72, -128, 83, -128, 94, -128, 94, -128, 95, -128, 74, -128, 51, -128, 32, -128, 5, -128, -19, -100, -31, -65, -48, -26, -42, 6, -33, 38, -10, 61, 20, 69, 46, 67, 69, 57, 88, -31, -122, -24, -127, -18, -128, -10, -128, 6, -128, 10, -128, 21, -128, 37, -128, 31, -128, 30, -128, 17, -128, 7, -114, -22, -99, -34, -98, -42, -90, -64, -97, -66, -86, -85, -99, -96, -82, -109, -81, -121, -73, -128, -54, -128, -46, -128, -20, -128, -11, -128, -13]",esp32_1
CSI_DATA,139346,2025-08-27 15:35:50.096,0,sit,00:00:00:00:00:00,-65,11,0,0,0,0,0,0,0,0,0,-97,0,1,0,4161502198,0,14,0,0,0,104,0,"[0, 0, -128, -128, -128, -128, -128, -128, -128, -117, -128, -97, -128, -83, -128, -72, -128, -59, -128, -56, -128, -56, -128, -69, -128, -79, -128, -95, -128, -104, -128, -115, -93, -119, -59, -105, -24, -89, 5, -62, 26, -30, 37, 0, 35, 36, 28, 57, 11, 86, -5, 99, 72, -82, 81, -88, 86, -90, 97, -99, 111, -96, 123, -93, 123, -85, 127, -83, 123, -75, 119, -71, 98, -75, 88, -75, 80, -75, 64, -84, 52, -91, 35, -104, 25, -116, 20, -121, 9, -118, -2, -115, -17, -114, -44, -116, -69, -125, -82, -122, -101, -127, -122, -128]",esp32_1
CSI_DATA,139347,2025-08-27 15:35:50.124,0,sit,00:00:00:00:00:00,-63,11,0,0,0,0,0,0,0,0,0,-97,0,1,0,4161550432,0,14,0,0,0,104,0,"[0, 0, 127, -128, 127, -128, 127, -128, 123, -128, 112, -128, 102, -128, 95, -128, 87, -128, 83, -128, 82, -128, 86, -128, 98, -128, 98, -128, 117, -128, 121, -128, 113, -99, 107, -71, 90, -36, 68, -22, 37, -2, 2, 4, -25, 2, -46, -6, -62, -15, -67, -30, 106, 51, 109, 52, 114, 56, 118, 61, 124, 70, 123, 77, 119, 80, 116, 87, 115, 86, 110, 81, 106, 76, 97, 70, 97, 51, 97, 43, 92, 27, 87, 21, 88, 4, 88, -11, 89, -37, 91, -53, 88, -72, 88, -99, 92, -109, 100, -128, 107, -128, 112, -128]",esp32_1
CSI_DATA,142432,2025-08-27 15:35:50.151,0,sit,00:00:00:00:00:00,-38,11,0,0,0,0,0,0,0,0,0,-97,0,1,0,1020924485,0,14,0,0,0,104,0,"[0, 0, 46, 127, 48, 127, 64, 127, 83, 127, 104, 127, 124, 127, 127, 127, 127, 127, 127, 127, 127, 127, 127, 127, 119, 127, 102, 127, 85, 127, 75, 127, 76, 106, 86, 81, 102, 67, 121, 62, 127, 67, 127, 82, 127, 101, 127, 118, 109, 127, 88, 127, -72, 127, -86, 127, -97, 127, -97, 126, -88, 109, -70, 96, -43, 91, -16, 97, 11, 113, 36, 127, 52, 127, 56, 127, 51, 127, 42, 127, 33, 127, 24, 127, 18, 127, 17, 127, 21, 127, 32, 127, 43, 127, 53, 127, 65, 127, 72, 127, 72, 127, 67, 127]",esp32_2
CSI_DATA,142433,2025-08-27 15:35:50.173,0,sit,00:00:00:00:00:00,-40,11,0,0,0,0,0,0,0,0,0,-97,0,1,0,1020960747,0,14,0,0,0,104,0,"[0, 0, -128, -128, -128, -128, -128, -128, -128, -128, -128, -128, -128, -97, -128, -69, -128, -46, -128, -27, -128, -12, -128, -1, -127, 6, -116, 15, -100, 27, -84, 43, -71, 65, -68, 88, -74, 108, -86, 125, -102, 127, -119, 127, -128, 124, -128, 110, -128, 86, -128, 66, 61, -128, 70, -128, 69, -127, 55, -98, 31, -73, -4, -56, -48, -49, -94, -58, -128, -78, -128, -108, -128, -128, -128, -128, -128, -128, -128, -128, -128, -128, -128, -128, -128, -128, -128, -128, -128, -128, -128, -128, -128, -128, -128, -128, -128, -128, -128, -128, -128, -128, -128, -128]",esp32_2
CSI_DATA,142434,2025-08-27 15:35:50.197,0,sit,00:00:00:00:00:00,-42,11,0,0,0,0,0,0,0,0,0,-97,0,1,0,1020988889,0,14,0,0,0,104,0,"[0, 0, -128, 127, -128, 127, -128, 127, -128, 127, -128, 127, -128, 127, -120, 127, -109, 127, -102, 127, -97, 127, -95, 127, -92, 127, -83, 115, -68, 84, -44, 53, -13, 29, 21, 14, 57, 11, 91, 21, 114, 38, 126, 60, 127, 84, 115, 105, 92, 119, 72, 124, -95, -128, -67, -128, -35, -128, -11, -128, 5, -117, 8, -70, -3, -21, -29, 23, -67, 61, -111, 89, -128, 104, -128, 107, -128, 103, -128, 97, -128, 95, -128, 96, -128, 103, -128, 118, -128, 127, -128, 127, -128, 127, -128, 127, -128, 127, -128, 127, -128, 127, -128, 127]",esp32_2
CSI_DATA,139349,2025-08-27 15:35:50.216,0,sit,00:00:00:00:00:00,-65,11,0,0,0,0,0,0,0,0,0,-97,0,1,0,4161621405,0,14,0,0,0,104,0,"[0, 0, 11, -128, 7, -128, 7, -128, 7, -128, 0, -128, -11, -128, -12, -128, -23, -128, -15, -128, -7, -128, 0, -128, 13, -128, 23, -128, 32, -128, 46, -113, 50, -93, 55, -55, 42, -22, 18, 1, -2, 20, -27, 27, -53, 24, -70, 17, -84, 5, -85, -9, 120, -3, 127, -2, 127, 6, 127, 8, 127, 16, 127, 26, 127, 20, 127, 31, 127, 19, 127, 21, 127, 23, 123, 13, 127, 5, 127, -3, 127, -13, 124, -35, 114, -28, 122, -31, 114, -28, 96, -42, 81, -50, 62, -62, 45, -80, 38, -99, 23, -122, 13, -128]",esp32_1
CSI_DATA,142435,2025-08-27 15:35:50.217,0,sit,00:00:00:00:00:00,-41,11,0,0,0,0,0,0,0,0,0,-97,0,1,0,1021025981,0,14,0,0,0,104,0,"[0, 0, 127, 127, 127, 127, 127, 127, 127, 127, 127, 127, 127, 127, 127, 127, 127, 127, 127, 125, 127, 123, 127, 123, 127, 121, 122, 115, 102, 104, 81, 84, 64, 58, 56, 29, 59, 2, 70, -21, 86, -36, 106, -40, 124, -33, 127, -19, 127, 0, 127, 18, 7, 127, -10, 127, -27, 127, -35, 127, -32, 127, -20, 112, 4, 95, 35, 89, 73, 93, 109, 110, 127, 127, 127, 127, 127, 127, 127, 127, 127, 127, 127, 127, 127, 127, 127, 127, 124, 127, 123, 127, 127, 127, 127, 127, 127, 127, 127, 127, 127, 127, 127, 127]",esp32_2
CSI_DATA,139350,2025-08-27 15:35:50.239,0,sit,00:00:00:00:00:00,-66,11,0,0,0,0,0,0,0,0,0,-97,0,1,0,4161647156,0,14,0,0,0,104,0,"[0, 0, 73, 127, 80, 127, 104, 127, 105, 127, 122, 127, 127, 127, 127, 127, 127, 127, 127, 127, 127, 127, 127, 127, 127, 127, 127, 127, 116, 127, 80, 127, 39, 127, -12, 113, -39, 68, -54, 23, -54, -26, -41, -64, -13, -105, 17, -121, 49, -128, 81, -128, -128, 59, -128, 64, -128, 60, -128, 64, -128, 67, -128, 58, -128, 49, -128, 44, -128, 41, -128, 47, -128, 47, -121, 65, -118, 59, -97, 79, -82, 98, -53, 125, -42, 127, -31, 127, -27, 127, -19, 127, 6, 127, 24, 127, 46, 127, 49, 127, 59, 127, 85, 127]",esp32_1
CSI_DATA,142436,2025-08-27 15:35:50.239,0,sit,00:00:00:00:00:00,-40,11,0,0,0,0,0,0,0,0,0,-97,0,1,0,1021049734,0,14,0,0,0,104,0,"[0, 0, 25, 127, 36, 127, 57, 127, 77, 127, 97, 110, 118, 100, 127, 96, 127, 97, 127, 92, 127, 85, 127, 82, 127, 76, 112, 64, 97, 43, 89, 15, 89, -13, 96, -34, 112, -45, 127, -52, 127, -49, 127, -39, 127, -26, 127, -11, 127, 9, 127, 26, -128, 73, -127, 56, -111, 38, -88, 27, -62, 24, -34, 29, -6, 44, 18, 67, 41, 97, 61, 127, 74, 127, 79, 127, 80, 127, 78, 127, 76, 127, 78, 127, 84, 127, 93, 127, 95, 127, 89, 127, 86, 127, 88, 127, 94, 127, 96, 127, 84, 127, 66, 127]",esp32_2
CSI_DATA,142437,2025-08-27 15:35:50.260,0,sit,00:00:00:00:00:00,-42,11,0,0,0,0,0,0,0,0,0,-97,0,1,0,1021084118,0,14,0,0,0,104,0,"[0, 0, 127, -128, 127, -128, 127, -128, 127, -128, 127, -119, 127, -100, 127, -92, 127, -85, 112, -77, 83, -73, 64, -71, 50, -60, 39, -45, 31, -28, 23, -5, 11, 21, -3, 46, -20, 66, -41, 82, -62, 92, -84, 98, -102, 97, -114, 89, -123, 76, -126, 63, -128, 127, -128, 127, -128, 98, -128, 75, -108, 59, -74, 46, -31, 38, 16, 42, 61, 54, 101, 69, 127, 88, 127, 108, 127, 126, 127, 127, 127, 127, 127, 127, 127, 107, 127, 72, 127, 32, 127, -18, 127, -73, 127, -127, 127, -128, 127, -128, 127, -128, 127, -128]",esp32_2
CSI_DATA,139351,2025-08-27 15:35:50.269,0,sit,00:00:00:00:00:00,-63,11,0,0,0,0,0,0,0,0,0,-97,0,1,0,4161682300,0,14,0,0,0,104,0,"[0, 0, 127, -128, 127, -128, 127, -118, 127, -126, 127, -124, 122, -128, 109, -128, 101, -128, 97, -128, 98, -128, 101, -128, 109, -128, 121, -128, 127, -128, 127, -126, 127, -91, 125, -60, 102, -30, 74, -6, 41, 13, 2, 20, -27, 14, -50, 11, -65, -8, -75, -27, 43, 115, 44, 124, 44, 125, 47, 127, 48, 127, 55, 127, 56, 127, 60, 127, 62, 127, 66, 127, 65, 127, 70, 127, 65, 127, 66, 127, 67, 127, 62, 122, 56, 105, 59, 90, 61, 57, 59, 30, 64, -2, 72, -33, 86, -55, 110, -96, 127, -121, 127, -124]",esp32_1
CSI_DATA,142438,2025-08-27 15:35:50.286,0,sit,00:00:00:00:00:00,-41,11,0,0,0,0,0,0,0,0,0,-97,0,1,0,1021121207,0,14,0,0,0,104,0,"[0, 0, 102, 127, 114, 127, 124, 127, 127, 127, 127, 127, 127, 127, 127, 127, 120, 127, 107, 127, 90, 127, 68, 127, 46, 127, 30, 101, 20, 58, 19, 14, 27, -28, 46, -63, 73, -85, 101, -96, 126, -92, 127, -77, 127, -56, 127, -33, 127, -9, 127, 10, -128, 1, -128, -16, -128, -33, -128, -39, -98, -35, -61, -18, -26, 11, 2, 49, 22, 94, 34, 127, 35, 127, 28, 127, 15, 127, 2, 127, -9, 127, -17, 127, -22, 127, -19, 127, -14, 127, -8, 127, 2, 127, 16, 127, 31, 127, 48, 127, 61, 127, 69, 127]",esp32_2
CSI_DATA,139352,2025-08-27 15:35:50.302,0,sit,00:00:00:00:00:00,-65,11,0,0,0,0,0,0,0,0,0,-97,0,1,0,4161717444,0,14,0,0,0,104,0,"[0, 0, -128, -114, -128, -101, -128, -94, -128, -62, -128, -35, -128, -5, -128, 11, -128, 30, -128, 29, -128, 26, -128, 6, -128, -23, -128, -40, -128, -68, -128, -81, -128, -89, -90, -86, -47, -68, -23, -33, -1, 2, 10, 41, 3, 75, -16, 93, -41, 112, -69, 114, 2, -126, 6, -128, -3, -128, -5, -128, -3, -128, 3, -128, -2, -128, 2, -128, -3, -128, 5, -128, -6, -128, -12, -128, -7, -128, -18, -128, -30, -128, -45, -128, -52, -128, -63, -128, -72, -126, -88, -114, -102, -102, -126, -97, -128, -104, -128, -94, -128, -101, -128, -114]",esp32_1
CSI_DATA,142439,2025-08-27 15:35:50.302,0,sit,00:00:00:00:00:00,-41,11,0,0,0,0,0,0,0,0,0,-97,0,1,0,1021167968,0,14,0,0,0,104,0,"[0, 0, 107, -128, 112, -128, 115, -128, 108, -128, 92, -128, 74, -128, 60, -128, 48, -128, 39, -128, 35, -128, 32, -128, 31, -128, 30, -115, 26, -83, 19, -49, 5, -13, -15, 16, -41, 36, -71, 48, -98, 50, -120, 42, -128, 26, -128, 5, -128, -15, -128, -29, 127, 122, 127, 127, 127, 127, 117, 127, 90, 113, 67, 82, 52, 42, 50, -2, 61, -48, 83, -89, 111, -121, 127, -128, 127, -128, 127, -128, 127, -128, 127, -128, 127, -128, 127, -128, 127, -128, 127, -128, 103, -128, 84, -128, 75, -128, 72, -128, 76, -128, 84, -128]",esp32_2
CSI_DATA,139353,2025-08-27 15:35:50.325,0,sit,00:00:00:00:00:00,-65,11,0,0,0,0,0,0,0,0,0,-97,0,1,0,4161744212,0,14,0,0,0,104,0,"[0, 0, 116, -128, 113, -128, 94, -128, 77, -128, 43, -128, 11, -128, -23, -128, -53, -128, -76, -128, -89, -128, -102, -128, -93, -128, -88, -128, -52, -128, -26, -128, -6, -128, 24, -128, 38, -92, 45, -55, 38, -11, 23, 21, 4, 50, -22, 70, -45, 78, -71, 78, 63, 95, 70, 88, 70, 85, 84, 86, 93, 86, 104, 87, 115, 81, 123, 86, 127, 88, 127, 82, 127, 91, 127, 84, 127, 82, 127, 76, 118, 61, 99, 49, 89, 34, 75, 8, 66, -18, 53, -53, 43, -92, 38, -128, 41, -128, 56, -128, 70, -128, 79, -128]",esp32_1
CSI_DATA,142440,2025-08-27 15:35:50.335,0,sit,00:00:00:00:00:00,-41,11,0,0,0,0,0,0,0,0,0,-97,0,1,0,1021202353,0,14,0,0,0,104,0,"[0, 0, -29, -128, -24, -128, -16, -128, -12, -128, -12, -128, -13, -128, -15, -128, -20, -128, -24, -128, -27, -128, -27, -128, -28, -104, -32, -74, -38, -44, -46, -15, -59, 13, -76, 33, -98, 45, -121, 50, -128, 48, -128, 38, -128, 24, -128, 6, -128, -12, -128, -24, 127, 55, 127, 68, 127, 80, 117, 82, 84, 75, 51, 54, 23, 21, 3, -20, -8, -66, -9, -115, 2, -128, 19, -128, 38, -128, 58, -128, 73, -128, 82, -128, 88, -128, 86, -128, 77, -128, 63, -128, 43, -128, 22, -128, 3, -128, -14, -128, -25, -128, -27, -128]",esp32_2
CSI_DATA,142441,2025-08-27 15:35:50.352,0,sit,00:00:00:00:00:00,-41,11,0,0,0,0,0,0,0,0,0,-97,0,1,0,1021218095,0,14,0,0,0,104,0,"[0, 0, 127, 53, 127, 54, 127, 53, 127, 49, 127, 40, 127, 28, 127, 18, 127, 9, 127, 0, 127, -9, 110, -16, 83, -22, 54, -31, 24, -40, -4, -52, -30, -69, -50, -90, -62, -114, -65, -128, -60, -128, -48, -128, -31, -128, -9, -128, 11, -128, 25, -128, -128, 127, -128, 127, -128, 110, -128, 77, -108, 47, -77, 23, -38, 7, 7, 0, 54, 3, 99, 17, 127, 37, 127, 59, 127, 83, 127, 103, 127, 116, 127, 122, 127, 124, 127, 119, 127, 107, 127, 91, 127, 74, 127, 59, 127, 49, 127, 40, 127, 38, 127, 40]",esp32_2
CSI_DATA,139354,2025-08-27 15:35:50.372,0,sit,00:00:00:00:00:00,-63,11,0,0,0,0,0,0,0,0,0,-97,0,1,0,4161779405,0,14,0,0,0,104,0,"[0, 0, 127, 13, 127, 28, 127, 28, 127, 18, 127, 4, 127, -10, 127, -34, 127, -60, 127, -81, 127, -94, 127, -96, 127, -88, 127, -79, 127, -55, 127, -36, 127, -8, 127, 8, 105, 20, 70, 21, 35, 15, 7, 7, -11, -14, -27, -33, -28, -55, -23, -73, -5, 122, -9, 124, -5, 121, -2, 123, 7, 127, 15, 127, 17, 127, 26, 127, 30, 127, 34, 127, 39, 127, 40, 127, 30, 127, 30, 127, 26, 127, 21, 127, 17, 127, 22, 124, 28, 95, 39, 65, 53, 34, 82, 10, 127, -7, 127, -31, 127, -37, 127, -23]",esp32_1
CSI_DATA,142442,2025-08-27 15:35:50.374,0,sit,00:00:00:00:00:00,-43,11,0,0,0,0,0,0,0,0,0,-97,0,1,0,1021253813,0,14,0,0,0,104,0,"[0, 0, -128, -128, -128, -128, -128, -128, -128, -128, -128, -128, -128, -128, -128, -102, -128, -78, -128, -58, -122, -40, -99, -26, -74, -14, -47, -2, -15, 9, 18, 22, 50, 40, 77, 61, 97, 86, 109, 115, 111, 127, 103, 127, 90, 127, 71, 127, 48, 127, 30, 127, 127, 76, 127, 91, 127, 103, 127, 106, 111, 102, 71, 86, 33, 58, 1, 20, -24, -23, -43, -67, -52, -107, -53, -128, -52, -128, -52, -128, -55, -128, -63, -128, -78, -128, -101, -128, -126, -128, -128, -128, -128, -128, -128, -128, -128, -128, -128, -128, -128, -128, -128, -128]",esp32_2
CSI_DATA,139355,2025-08-27 15:35:50.398,0,sit,00:00:00:00:00:00,-66,11,0,0,0,0,0,0,0,0,0,-97,0,1,0,4161838524,0,14,0,0,0,104,0,"[0, 0, 127, 127, 127, 127, 127, 127, 118, 127, 107, 127, 109, 99, 120, 76, 127, 57, 127, 41, 127, 34, 127, 50, 127, 57, 127, 71, 127, 85, 127, 99, 103, 106, 67, 101, 25, 85, 2, 60, -26, 31, -38, 3, -40, -30, -38, -57, -26, -83, -6, -99, -116, 44, -117, 47, -106, 44, -108, 51, -105, 62, -108, 72, -100, 79, -104, 85, -101, 99, -114, 107, -106, 117, -105, 123, -117, 114, -111, 115, -107, 109, -86, 106, -74, 96, -54, 92, -30, 80, 5, 77, 39, 79, 77, 87, 120, 104, 127, 123, 127, 127, 127, 127]",esp32_1
CSI_DATA,142443,2025-08-27 15:35:50.398,0,sit,00:00:00:00:00:00,-43,11,0,0,0,0,0,0,0,0,0,-97,0,1,0,1021283834,0,14,0,0,0,104,0,"[0, 0, -128, -128, -128, -128, -128, -128, -128, -128, -128, -128, -128, -128, -120, -128, -115, -128, -108, -128, -99, -114, -86, -88, -72, -63, -55, -37, -33, -9, -10, 21, 10, 54, 22, 89, 25, 125, 19, 127, 6, 127, -13, 127, -37, 127, -60, 127, -81, 127, -96, 127, 127, 127, 127, 127, 127, 127, 127, 127, 92, 127, 56, 119, 25, 75, 6, 25, -3, -30, -3, -87, 7, -128, 21, -128, 36, -128, 48, -128, 54, -128, 52, -128, 42, -128, 24, -128, -1, -128, -32, -128, -69, -128, -110, -128, -128, -128, -128, -128, -128, -128, -128, -128]",esp32_2
CSI_DATA,142444,2025-08-27 15:35:50.428,0,sit,00:00:00:00:00:00,-43,11,0,0,0,0,0,0,0,0,0,-97,0,1,0,1021303196,0,14,0,0,0,104,0,"[0, 0, -128, -118, -128, -119, -128, -119, -128, -111, -128, -94, -128, -76, -128, -59, -128, -43, -128, -28, -128, -15, -108, -5, -84, 3, -59, 11, -31, 19, 0, 28, 31, 42, 58, 61, 78, 84, 90, 111, 92, 127, 84, 127, 69, 127, 47, 127, 23, 127, 4, 127, 127, -88, 127, -64, 127, -35, 127, -9, 127, 11, 110, 22, 63, 19, 18, 5, -25, -19, -62, -51, -88, -85, -104, -117, -114, -128, -121, -128, -127, -128, -128, -128, -128, -128, -128, -128, -128, -128, -128, -128, -128, -128, -128, -122, -128, -116, -128, -111, -128, -110, -128, -114]",esp32_2
CSI_DATA,142445,2025-08-27 15:35:50.450,0,sit,00:00:00:00:00:00,-42,11,0,0,0,0,0,0,0,0,0,-97,0,1,0,1021340563,0,14,0,0,0,104,0,"[0, 0, 127, 117, 127, 117, 127, 117, 127, 110, 127, 96, 127, 79, 127, 61, 127, 44, 127, 27, 122, 13, 98, 1, 75, -8, 52, -18, 27, -27, 0, -40, -27, -56, -47, -76, -61, -100, -67, -126, -65, -128, -56, -128, -40, -128, -19, -128, 3, -128, 19, -128, -128, 117, -128, 94, -128, 63, -128, 35, -128, 12, -104, -2, -61, -6, -16, 2, 27, 20, 65, 47, 96, 77, 117, 107, 127, 127, 127, 127, 127, 127, 127, 127, 127, 127, 127, 127, 127, 127, 127, 127, 127, 127, 127, 122, 127, 114, 127, 108, 127, 107, 127, 112]",esp32_2
CSI_DATA,142446,2025-08-27 15:35:50.471,0,sit,00:00:00:00:00:00,-42,11,0,0,0,0,0,0,0,0,0,-97,0,1,0,1021379629,0,14,0,0,0,104,0,"[0, 0, -128, -128, -128, -128, -128, -128, -128, -128, -128, -128, -128, -128, -128, -128, -128, -128, -118, -128, -107, -106, -95, -77, -83, -48, -70, -17, -56, 13, -43, 45, -35, 80, -35, 112, -45, 127, -59, 127, -78, 127, -100, 127, -119, 127, -128, 127, -128, 127, -128, 116, 127, 27, 127, 49, 127, 71, 127, 81, 122, 79, 78, 64, 33, 34, -4, -7, -31, -58, -49, -111, -54, -128, -49, -128, -38, -128, -24, -128, -13, -128, -6, -128, -6, -128, -15, -128, -29, -128, -51, -128, -81, -128, -118, -128, -128, -128, -128, -128, -128, -128, -128, -128]",esp32_2
CSI_DATA,139357,2025-08-27 15:35:50.482,0,sit,00:00:00:00:00:00,-65,11,0,0,0,0,0,0,0,0,0,-97,0,1,0,4161899016,0,14,0,0,0,104,0,"[0, 0, -114, -128, -94, -128, -98, -128, -82, -128, -80, -128, -89, -128, -103, -113, -128, -94, -128, -88, -128, -88, -128, -94, -128, -108, -128, -112, -128, -126, -112, -128, -88, -126, -50, -114, -21, -99, 4, -74, 17, -41, 24, -10, 24, 23, 15, 46, 1, 68, -12, 76, 109, -7, 110, -5, 107, -10, 105, -15, 107, -22, 105, -20, 102, -34, 108, -36, 107, -43, 118, -55, 111, -59, 109, -67, 116, -65, 114, -69, 105, -65, 89, -66, 73, -64, 63, -64, 45, -59, 12, -62, -21, -71, -50, -86, -92, -107, -102, -128, -127, -128, -128, -128]",esp32_1
CSI_DATA,142447,2025-08-27 15:35:50.493,0,sit,00:00:00:00:00:00,-40,11,0,0,0,0,0,0,0,0,0,-97,0,1,0,1021423284,0,14,0,0,0,104,0,"[0, 0, 127, -128, 127, -128, 127, -128, 127, -128, 127, -128, 127, -128, 127, -128, 127, -128, 118, -128, 95, -120, 69, -107, 43, -96, 18, -86, -8, -76, -35, -67, -59, -65, -79, -67, -99, -74, -115, -86, -124, -102, -122, -116, -111, -126, -95, -128, -75, -128, -59, -128, 91, 127, 68, 127, 39, 127, 17, 127, 2, 107, -4, 66, 3, 23, 23, -18, 55, -55, 95, -84, 127, -101, 127, -106, 127, -104, 127, -98, 127, -91, 127, -84, 127, -80, 127, -82, 127, -90, 127, -102, 127, -123, 127, -128, 127, -128, 127, -128, 127, -128, 127, -128]",esp32_2
CSI_DATA,139358,2025-08-27 15:35:50.515,0,sit,00:00:00:00:00:00,-65,11,0,0,0,0,0,0,0,0,0,-97,0,1,0,4161924993,0,14,0,0,0,104,0,"[0, 0, -91, 127, -91, 127, -79, 127, -73, 127, -56, 127, -31, 127, -5, 127, 18, 127, 44, 127, 57, 127, 72, 127, 59, 127, 48, 127, 19, 127, -2, 127, -20, 127, -35, 121, -50, 86, -52, 59, -41, 18, -22, -9, -5, -35, 15, -49, 35, -60, 56, -56, -67, -87, -64, -87, -66, -85, -68, -80, -76, -81, -85, -76, -82, -70, -94, -72, -97, -70, -121, -54, -118, -50, -122, -50, -128, -42, -128, -40, -117, -44, -109, -37, -92, -34, -78, -17, -64, 8, -47, 29, -31, 63, -26, 101, -7, 127, -12, 127, -19, 127, -25, 127]",esp32_1
CSI_DATA,142448,2025-08-27 15:35:50.515,0,sit,00:00:00:00:00:00,-39,11,0,0,0,0,0,0,0,0,0,-97,0,1,0,1021452662,0,14,0,0,0,104,0,"[0, 0, 127, -128, 127, -128, 127, -128, 127, -128, 127, -128, 127, -128, 127, -128, 121, -128, 104, -128, 85, -128, 66, -119, 46, -102, 26, -86, 7, -71, -14, -58, -36, -48, -57, -42, -76, -43, -91, -48, -102, -55, -107, -67, -105, -79, -95, -87, -81, -92, -67, -92, 127, 127, 109, 127, 79, 127, 54, 122, 34, 94, 22, 58, 21, 18, 34, -23, 58, -62, 93, -93, 127, -112, 127, -120, 127, -119, 127, -115, 127, -108, 127, -101, 127, -96, 127, -99, 127, -107, 127, -121, 127, -128, 127, -128, 127, -128, 127, -128, 127, -128, 127, -128]",esp32_2
CSI_DATA,142449,2025-08-27 15:35:50.544,0,sit,00:00:00:00:00:00,-40,11,0,0,0,0,0,0,0,0,0,-97,0,1,0,1021473103,0,14,0,0,0,104,0,"[0, 0, 127, 127, 127, 127, 127, 127, 127, 127, 127, 127, 127, 127, 127, 127, 127, 120, 127, 106, 127, 91, 127, 76, 115, 58, 99, 38, 82, 18, 66, -2, 53, -25, 44, -46, 41, -67, 45, -86, 52, -98, 63, -103, 74, -101, 84, -93, 89, -81, 89, -70, -106, 127, -114, 127, -115, 127, -103, 108, -82, 81, -49, 60, -7, 50, 38, 53, 81, 71, 117, 102, 127, 127, 127, 127, 127, 127, 127, 127, 127, 127, 127, 127, 127, 127, 127, 127, 127, 127, 127, 127, 127, 127, 127, 127, 127, 123, 127, 123, 127, 125, 127, 127]",esp32_2
CSI_DATA,139359,2025-08-27 15:35:50.547,0,sit,00:00:00:00:00:00,-65,11,0,0,0,0,0,0,0,0,0,-97,0,1,0,4161959651,0,14,0,0,0,104,0,"[0, 0, 127, -128, 127, -128, 127, -101, 127, -107, 127, -104, 127, -115, 127, -128, 127, -128, 98, -128, 86, -128, 97, -128, 101, -128, 126, -128, 127, -128, 127, -128, 127, -126, 127, -98, 125, -45, 94, -18, 61, 17, 14, 29, -23, 33, -50, 33, -86, 23, -107, 0, -52, 127, -53, 127, -40, 122, -37, 127, -27, 127, -15, 127, -6, 127, 0, 127, 13, 127, 24, 127, 33, 127, 37, 127, 45, 127, 48, 127, 41, 127, 35, 127, 34, 127, 38, 94, 51, 58, 57, 17, 73, -25, 104, -67, 127, -91, 127, -128, 127, -128, 127, -128]",esp32_1
CSI_DATA,142450,2025-08-27 15:35:50.573,0,sit,00:00:00:00:00:00,-41,11,0,0,0,0,0,0,0,0,0,-97,0,1,0,1021497606,0,14,0,0,0,104,0,"[0, 0, 127, -128, 127, -128, 127, -128, 127, -128, 127, -128, 127, -128, 127, -128, 127, -128, 127, -128, 122, -128, 104, -128, 87, -112, 68, -88, 45, -63, 21, -39, -5, -19, -34, -5, -65, -1, -92, -4, -111, -13, -123, -27, -126, -41, -119, -56, -107, -69, -96, -75, 124, 127, 95, 127, 59, 127, 33, 127, 19, 127, 18, 78, 33, 28, 63, -19, 105, -57, 127, -82, 127, -93, 127, -91, 127, -83, 127, -75, 127, -67, 127, -62, 127, -65, 127, -78, 127, -101, 127, -128, 127, -128, 127, -128, 127, -128, 127, -128, 127, -128, 127, -128]",esp32_2
CSI_DATA,139360,2025-08-27 15:35:50.576,0,sit,00:00:00:00:00:00,-64,11,0,0,0,0,0,0,0,0,0,-97,0,1,0,4161984685,0,14,0,0,0,104,0,"[0, 0, 127, -128, 127, -128, 127, -113, 127, -111, 127, -103, 117, -106, 99, -120, 78, -128, 69, -128, 60, -128, 66, -128, 68, -128, 76, -128, 101, -128, 106, -128, 106, -112, 105, -77, 88, -45, 71, -20, 45, 3, 9, 18, -17, 25, -45, 25, -66, 14, -75, 2, -11, 109, -11, 107, -7, 106, 2, 108, 6, 109, 14, 107, 24, 109, 32, 116, 43, 119, 49, 120, 56, 125, 59, 127, 58, 122, 63, 121, 54, 116, 54, 113, 46, 96, 45, 78, 42, 41, 46, 11, 47, -28, 67, -63, 84, -90, 111, -128, 127, -128, 127, -128]",esp32_1
CSI_DATA,139361,2025-08-27 15:35:50.599,0,sit,00:00:00:00:00:00,-64,11,0,0,0,0,0,0,0,0,0,-97,0,1,0,4162010083,0,14,0,0,0,104,0,"[0, 0, 127, -128, 127, -101, 127, -111, 127, -89, 127, -87, 127, -106, 121, -112, 103, -128, 100, -128, 82, -128, 86, -128, 96, -128, 100, -128, 127, -128, 125, -120, 127, -109, 115, -65, 100, -33, 77, -14, 45, 5, 9, 16, -26, 17, -52, 12, -69, -1, -77, -19, 2, 127, -1, 111, 2, 124, 7, 108, 14, 124, 20, 110, 32, 115, 45, 126, 52, 126, 71, 127, 70, 127, 73, 127, 78, 127, 77, 127, 69, 124, 70, 127, 52, 101, 55, 92, 47, 52, 55, 23, 63, -19, 80, -54, 103, -94, 127, -127, 127, -128, 127, -128]",esp32_1
CSI_DATA,142452,2025-08-27 15:35:50.654,0,sit,00:00:00:00:00:00,-40,11,0,0,0,0,0,0,0,0,0,-97,0,1,0,1021558733,0,14,0,0,0,104,0,"[0, 0, -128, -128, -128, -128, -128, -128, -128, -128, -128, -128, -128, -128, -128, -128, -128, -124, -128, -111, -128, -97, -128, -83, -121, -66, -103, -46, -87, -23, -71, 4, -63, 32, -64, 57, -73, 78, -88, 94, -104, 99, -120, 95, -128, 81, -128, 63, -128, 42, -125, 27, 53, -128, 66, -128, 74, -128, 68, -128, 51, -102, 21, -76, -20, -61, -65, -59, -112, -72, -128, -100, -128, -128, -128, -128, -128, -128, -128, -128, -128, -128, -128, -128, -128, -128, -128, -128, -128, -128, -128, -128, -128, -128, -128, -128, -128, -128, -128, -128, -128, -128, -128, -128]",esp32_2
CSI_DATA,142453,2025-08-27 15:35:50.676,0,sit,00:00:00:00:00:00,-41,11,0,0,0,0,0,0,0,0,0,-97,0,1,0,1021630813,0,14,0,0,0,104,0,"[0, 0, -128, -51, -128, -60, -128, -65, -128, -60, -128, -46, -128, -30, -128, -15, -128, 0, -128, 9, -128, 15, -128, 16, -128, 15, -103, 13, -73, 10, -41, 10, -7, 17, 25, 28, 50, 47, 69, 70, 77, 94, 77, 115, 68, 127, 51, 127, 32, 127, 17, 127, 119, -128, 127, -128, 127, -128, 127, -128, 112, -100, 83, -72, 45, -53, 2, -46, -40, -50, -79, -62, -111, -79, -128, -95, -128, -108, -128, -117, -128, -119, -128, -113, -128, -100, -128, -79, -128, -54, -128, -28, -128, -4, -128, 13, -128, 20, -128, 19, -128, 7, -128, -7]",esp32_2
CSI_DATA,139363,2025-08-27 15:35:50.693,0,sit,00:00:00:00:00:00,-64,11,0,0,0,0,0,0,0,0,0,-97,0,1,0,4162691514,0,14,0,0,0,104,0,"[0, 0, -78, 127, -75, 127, -62, 127, -49, 127, -27, 127, -3, 127, 27, 127, 48, 127, 53, 127, 57, 127, 51, 127, 34, 127, 19, 127, -17, 127, -36, 127, -48, 127, -60, 112, -52, 64, -34, 29, -9, -3, 23, -22, 60, -25, 86, -28, 112, -20, 119, 3, -128, 1, -128, -1, -128, -9, -128, -3, -128, -4, -128, -8, -128, -4, -128, -18, -128, -10, -128, -9, -128, -13, -128, -8, -128, -4, -128, 6, -128, 16, -119, 26, -101, 32, -86, 55, -74, 74, -54, 103, -37, 127, -23, 127, -14, 127, -18, 127, -32, 127, -30, 127]",esp32_1
CSI_DATA,142454,2025-08-27 15:35:50.708,0,sit,00:00:00:00:00:00,-41,11,0,0,0,0,0,0,0,0,0,-97,0,1,0,1021657225,0,14,0,0,0,104,0,"[0, 0, 127, 127, 127, 127, 127, 127, 127, 127, 127, 127, 127, 127, 127, 104, 127, 85, 127, 69, 127, 57, 124, 50, 105, 45, 81, 36, 52, 21, 23, 1, -3, -27, -21, -58, -27, -93, -25, -125, -14, -128, 5, -128, 28, -128, 51, -128, 72, -128, 86, -128, -128, 64, -128, 41, -128, 14, -128, -3, -128, -13, -95, -13, -54, -1, -18, 20, 13, 49, 39, 82, 57, 115, 67, 127, 73, 127, 80, 127, 90, 127, 102, 127, 120, 127, 127, 127, 127, 127, 127, 127, 127, 127, 127, 127, 127, 127, 127, 127, 127, 127, 127, 127]",esp32_2
CSI_DATA,139364,2025-08-27 15:35:50.719,0,sit,00:00:00:00:00:00,-64,11,0,0,0,0,0,0,0,0,0,-97,0,1,0,4162701509,0,14,0,0,0,104,0,"[0, 0, 127, -39, 127, -30, 127, -24, 127, -33, 127, -42, 127, -58, 127, -79, 127, -96, 127, -105, 127, -110, 127, -111, 127, -96, 127, -80, 127, -57, 127, -29, 127, -4, 106, 10, 66, 19, 35, 14, 4, 5, -23, -11, -38, -32, -46, -55, -41, -80, -29, -94, 38, 107, 42, 106, 45, 108, 49, 113, 51, 124, 50, 125, 52, 127, 50, 127, 49, 127, 44, 127, 51, 127, 52, 127, 47, 110, 50, 102, 51, 93, 56, 89, 61, 75, 64, 58, 73, 29, 87, 7, 103, -18, 118, -35, 127, -48, 127, -66, 127, -72, 127, -59]",esp32_1
CSI_DATA,142455,2025-08-27 15:35:50.735,0,sit,00:00:00:00:00:00,-41,11,0,0,0,0,0,0,0,0,0,-97,0,1,0,1021693014,0,14,0,0,0,104,0,"[0, 0, -128, -128, -128, -128, -128, -128, -128, -114, -128, -86, -128, -62, -128, -44, -128, -33, -128, -25, -128, -21, -128, -18, -121, -13, -94, -3, -64, 11, -35, 33, -12, 62, 0, 93, -1, 123, -10, 127, -28, 127, -52, 127, -76, 127, -98, 127, -115, 127, -123, 117, 127, -128, 127, -109, 127, -80, 118, -55, 91, -34, 55, -21, 13, -19, -29, -29, -69, -47, -105, -72, -128, -99, -128, -124, -128, -128, -128, -128, -128, -128, -128, -128, -128, -128, -128, -128, -128, -128, -128, -128, -128, -128, -128, -128, -128, -128, -128, -128, -128, -128, -128, -128]",esp32_2
CSI_DATA,139365,2025-08-27 15:35:50.751,0,sit,00:00:00:00:00:00,-64,11,0,0,0,0,0,0,0,0,0,-97,0,1,0,4162711486,0,14,0,0,0,104,0,"[0, 0, -128, -128, -128, -128, -127, -128, -120, -128, -118, -128, -124, -106, -128, -90, -128, -81, -128, -80, -128, -79, -128, -97, -128, -107, -128, -112, -128, -120, -109, -122, -74, -113, -44, -91, -21, -67, -6, -35, -2, -7, -2, 17, -14, 43, -25, 62, -48, 74, -67, 73, 70, -93, 76, -95, 72, -92, 73, -102, 77, -105, 82, -113, 83, -110, 86, -112, 90, -112, 94, -111, 84, -111, 78, -107, 78, -100, 69, -101, 60, -100, 40, -100, 27, -98, 10, -90, -6, -82, -30, -80, -57, -80, -85, -89, -126, -99, -128, -122, -128, -128, -128, -128]",esp32_1
CSI_DATA,142456,2025-08-27 15:35:50.763,0,sit,00:00:00:00:00:00,-41,11,0,0,0,0,0,0,0,0,0,-97,0,1,0,1021717480,0,14,0,0,0,104,0,"[0, 0, -128, 127, -128, 127, -128, 127, -128, 127, -128, 127, -128, 127, -128, 127, -125, 127, -114, 127, -103, 127, -94, 127, -81, 123, -59, 101, -30, 79, 5, 63, 42, 57, 76, 62, 103, 79, 122, 102, 127, 127, 119, 127, 105, 127, 81, 127, 50, 127, 25, 127, -93, -128, -69, -128, -39, -128, -18, -128, -8, -96, -10, -50, -25, -4, -56, 37, -94, 72, -128, 99, -128, 114, -128, 118, -128, 115, -128, 110, -128, 105, -128, 102, -128, 105, -128, 116, -128, 127, -128, 127, -128, 127, -128, 127, -128, 127, -128, 127, -128, 127, -128, 127]",esp32_2
CSI_DATA,139366,2025-08-27 15:35:50.779,0,sit,00:00:00:00:00:00,-64,11,0,0,0,0,0,0,0,0,0,-97,0,1,0,4162721418,0,14,0,0,0,104,0,"[0, 0, -31, -128, -20, -128, -24, -128, -21, -128, -34, -128, -48, -128, -64, -128, -84, -128, -94, -128, -99, -128, -97, -128, -88, -128, -71, -128, -41, -128, -20, -128, 1, -128, 13, -102, 20, -68, 17, -36, 3, -7, -18, 9, -42, 25, -62, 29, -80, 29, -94, 20, 100, -61, 105, -56, 106, -59, 110, -61, 116, -64, 121, -64, 120, -64, 127, -66, 125, -61, 127, -68, 121, -66, 117, -62, 116, -62, 116, -67, 101, -66, 81, -70, 65, -68, 50, -73, 34, -80, 13, -89, -8, -106, -26, -128, -57, -128, -61, -128, -70, -128, -73, -128]",esp32_1
CSI_DATA,142457,2025-08-27 15:35:50.788,0,sit,00:00:00:00:00:00,-41,11,0,0,0,0,0,0,0,0,0,-97,0,1,0,1021752306,0,14,0,0,0,104,0,"[0, 0, -128, -105, -128, -87, -128, -64, -128, -41, -128, -17, -128, 2, -128, 15, -128, 22, -128, 23, -128, 21, -128, 17, -128, 15, -128, 17, -103, 24, -73, 36, -49, 57, -34, 80, -30, 106, -35, 127, -49, 127, -69, 127, -91, 127, -110, 127, -124, 111, -128, 91, 18, -128, 31, -128, 40, -128, 38, -107, 26, -75, 1, -45, -36, -22, -81, -10, -127, -10, -128, -23, -128, -45, -128, -68, -128, -92, -128, -113, -128, -126, -128, -128, -128, -128, -128, -128, -128, -128, -128, -120, -128, -112, -128, -111, -128, -113, -128, -114, -128, -118, -128, -124]",esp32_2
CSI_DATA,139367,2025-08-27 15:35:50.804,0,sit,00:00:00:00:00:00,-64,11,0,0,0,0,0,0,0,0,0,-97,0,1,0,4162731448,0,14,0,0,0,104,0,"[0, 0, -128, -32, -128, -39, -128, -40, -128, -33, -128, -17, -128, -7, -128, 17, -128, 36, -128, 46, -128, 51, -128, 47, -128, 31, -128, 22, -128, 0, -128, -17, -128, -31, -99, -36, -63, -36, -35, -24, -10, -6, 11, 18, 17, 42, 15, 63, 3, 83, -10, 93, -23, -118, -21, -122, -30, -121, -30, -125, -29, -128, -27, -128, -30, -128, -24, -128, -27, -128, -20, -128, -31, -128, -34, -128, -25, -124, -34, -117, -38, -109, -50, -111, -54, -92, -64, -82, -67, -57, -82, -38, -100, -15, -122, 3, -128, 3, -128, 18, -128, 18, -128, -2]",esp32_1
CSI_DATA,142459,2025-08-27 15:35:50.893,0,sit,00:00:00:00:00:00,-40,11,0,0,0,0,0,0,0,0,0,-97,0,1,0,1021807685,0,14,0,0,0,104,0,"[0, 0, -128, -103, -128, -88, -128, -68, -128, -47, -128, -25, -128, -7, -128, 5, -128, 12, -128, 12, -128, 11, -128, 6, -128, 3, -128, 4, -117, 8, -89, 20, -66, 41, -53, 63, -51, 85, -56, 106, -69, 120, -86, 124, -103, 120, -116, 105, -125, 85, -128, 67, -19, -128, -5, -128, 8, -128, 10, -106, 2, -76, -18, -47, -50, -25, -89, -11, -128, -8, -128, -18, -128, -35, -128, -56, -128, -79, -128, -100, -128, -114, -128, -121, -128, -125, -128, -126, -128, -120, -128, -112, -128, -106, -128, -103, -128, -103, -128, -102, -128, -105, -128, -113]",esp32_2
CSI_DATA,139369,2025-08-27 15:35:50.914,0,sit,00:00:00:00:00:00,-65,11,0,0,0,0,0,0,0,0,0,-97,0,1,0,4162753166,0,14,0,0,0,104,0,"[0, 0, -128, -128, -128, -128, -128, -128, -128, -124, -128, -98, -128, -73, -128, -56, -128, -37, -128, -36, -128, -35, -128, -46, -128, -59, -128, -67, -128, -86, -128, -87, -98, -91, -70, -78, -38, -59, -21, -35, -8, -6, -4, 19, -12, 46, -23, 62, -41, 76, -60, 76, 21, -123, 22, -127, 23, -122, 19, -125, 21, -128, 25, -128, 20, -128, 24, -128, 22, -128, 27, -128, 21, -128, 15, -128, 20, -128, 16, -128, 5, -123, -10, -121, -19, -113, -26, -102, -39, -88, -61, -76, -88, -65, -115, -60, -128, -63, -128, -69, -128, -76, -128, -104]",esp32_1
CSI_DATA,142460,2025-08-27 15:35:50.924,0,sit,00:00:00:00:00:00,-39,11,0,0,0,0,0,0,0,0,0,-97,0,1,0,1021838200,0,14,0,0,0,104,0,"[0, 0, 127, -108, 127, -107, 127, -108, 127, -113, 127, -120, 127, -128, 127, -128, 127, -128, 127, -128, 127, -128, 124, -128, 113, -116, 97, -100, 76, -87, 48, -79, 20, -78, -4, -85, -21, -100, -29, -119, -27, -128, -17, -128, -2, -128, 17, -128, 37, -128, 51, -128, 127, 107, 107, 107, 82, 98, 60, 78, 45, 50, 37, 16, 42, -20, 61, -56, 91, -88, 126, -112, 127, -124, 127, -124, 127, -118, 127, -112, 127, -107, 127, -104, 127, -103, 127, -107, 127, -113, 127, -119, 127, -128, 127, -128, 127, -128, 127, -128, 127, -128, 127, -128]",esp32_2
CSI_DATA,139370,2025-08-27 15:35:50.940,0,sit,00:00:00:00:00:00,-65,11,0,0,0,0,0,0,0,0,0,-97,0,1,0,4162761812,0,14,0,0,0,104,0,"[0, 0, 127, -128, 127, -128, 127, -113, 127, -114, 127, -109, 127, -119, 127, -128, 127, -128, 127, -128, 127, -128, 127, -128, 127, -128, 127, -128, 127, -128, 127, -91, 127, -64, 127, -29, 91, -11, 56, -5, 16, -1, -22, -21, -52, -44, -63, -62, -67, -89, -48, -112, 117, 99, 121, 100, 122, 106, 122, 107, 127, 113, 127, 113, 127, 116, 127, 123, 127, 120, 127, 112, 127, 121, 127, 109, 127, 91, 127, 89, 127, 79, 127, 68, 127, 59, 127, 37, 121, 7, 126, -22, 124, -61, 127, -95, 127, -120, 127, -128, 127, -128, 127, -128]",esp32_1
CSI_DATA,142461,2025-08-27 15:35:50.945,0,sit,00:00:00:00:00:00,-39,11,0,0,0,0,0,0,0,0,0,-97,0,1,0,1021874934,0,14,0,0,0,104,0,"[0, 0, -128, -128, -128, -128, -128, -128, -128, -128, -128, -106, -128, -83, -128, -66, -128, -56, -128, -51, -128, -48, -128, -45, -128, -38, -124, -26, -105, -11, -88, 10, -76, 35, -72, 59, -78, 79, -89, 94, -103, 101, -121, 100, -128, 89, -128, 71, -128, 48, -128, 29, 109, -128, 109, -110, 100, -83, 80, -58, 53, -38, 18, -24, -24, -23, -64, -35, -102, -58, -128, -91, -128, -125, -128, -128, -128, -128, -128, -128, -128, -128, -128, -128, -128, -128, -128, -128, -128, -128, -128, -128, -128, -128, -128, -128, -128, -128, -128, -128, -128, -128, -128, -128]",esp32_2
CSI_DATA,139371,2025-08-27 15:35:50.980,0,sit,00:00:00:00:00:00,-65,11,0,0,0,0,0,0,0,0,0,-97,0,1,0,4162773590,0,14,0,0,0,104,0,"[0, 0, 112, 127, 95, 127, 91, 127, 77, 127, 79, 127, 84, 127, 96, 112, 112, 102, 127, 102, 127, 102, 127, 123, 127, 127, 116, 127, 96, 127, 65, 127, 39, 120, 19, 95, 4, 63, 3, 36, 4, 9, 16, -18, 36, -29, 51, -37, 73, -38, 87, -31, -54, 106, -61, 105, -57, 105, -61, 107, -63, 111, -68, 117, -70, 115, -74, 123, -68, 121, -77, 122, -65, 117, -61, 120, -66, 111, -58, 113, -49, 113, -33, 112, -26, 109, -9, 104, -1, 99, 19, 99, 46, 99, 71, 105, 102, 114, 119, 127, 127, 127, 127, 127]",esp32_1
CSI_DATA,142462,2025-08-27 15:35:50.980,0,sit,00:00:00:00:00:00,-41,11,0,0,0,0,0,0,0,0,0,-97,0,1,0,1021922577,0,14,0,0,0,104,0,"[0, 0, 99, 127, 84, 127, 78, 127, 79, 127, 86, 127, 99, 127, 113, 112, 126, 94, 127, 81, 127, 69, 127, 60, 117, 49, 104, 34, 90, 15, 78, -10, 71, -39, 72, -67, 82, -90, 99, -108, 117, -115, 127, -113, 127, -103, 127, -84, 127, -61, 127, -41, -128, 38, -128, 15, -128, -10, -128, -24, -90, -27, -48, -16, -8, 10, 25, 46, 50, 89, 65, 127, 70, 127, 66, 127, 59, 127, 51, 127, 49, 127, 54, 127, 65, 127, 83, 127, 103, 127, 123, 127, 127, 127, 127, 127, 127, 127, 127, 127, 127, 127, 127, 127]",esp32_2
CSI_DATA,142463,2025-08-27 15:35:51.009,0,sit,00:00:00:00:00:00,-41,11,0,0,0,0,0,0,0,0,0,-97,0,1,0,1021960548,0,14,0,0,0,104,0,"[0, 0, -128, 127, -128, 127, -128, 127, -128, 127, -128, 127, -128, 127, -96, 127, -66, 127, -44, 127, -24, 127, -12, 127, -5, 127, 5, 114, 16, 87, 29, 59, 49, 33, 73, 12, 100, 0, 127, -3, 127, 4, 127, 17, 127, 33, 127, 53, 127, 73, 127, 85, -128, -128, -126, -128, -87, -128, -56, -128, -35, -128, -24, -92, -26, -39, -46, 11, -78, 56, -116, 90, -128, 111, -128, 120, -128, 121, -128, 120, -128, 120, -128, 124, -128, 127, -128, 127, -128, 127, -128, 127, -128, 127, -128, 127, -128, 127, -128, 127, -128, 127, -128, 127]",esp32_2
CSI_DATA,139372,2025-08-27 15:35:51.014,0,sit,00:00:00:00:00:00,-64,11,0,0,0,0,0,0,0,0,0,-97,0,1,0,4162781823,0,14,0,0,0,104,0,"[0, 0, -14, -128, 1, -128, -2, -128, 7, -128, -10, -128, -29, -128, -48, -128, -73, -128, -88, -128, -96, -128, -96, -128, -83, -128, -65, -128, -34, -128, -10, -128, 7, -128, 25, -116, 29, -76, 18, -43, -1, -10, -29, 3, -62, 11, -81, 10, -104, 8, -112, -15, 119, -88, 123, -85, 127, -81, 126, -89, 127, -91, 127, -92, 127, -92, 127, -94, 127, -95, 127, -99, 127, -97, 127, -95, 127, -96, 127, -103, 120, -105, 98, -105, 87, -102, 70, -110, 55, -113, 27, -121, 7, -128, -23, -128, -52, -128, -62, -128, -68, -128, -67, -128]",esp32_1
CSI_DATA,139373,2025-08-27 15:35:51.041,0,sit,00:00:00:00:00:00,-64,11,0,0,0,0,0,0,0,0,0,-97,0,1,0,4162791512,0,14,0,0,0,104,0,"[0, 0, -128, -101, -128, -102, -128, -111, -128, -93, -128, -77, -128, -48, -128, -26, -128, -3, -128, 4, -128, 17, -128, 8, -128, -5, -128, -19, -128, -44, -128, -57, -128, -71, -106, -63, -64, -53, -34, -32, -17, -4, -3, 24, -6, 55, -11, 75, -34, 95, -57, 101, -26, -128, -21, -128, -27, -128, -31, -128, -27, -128, -27, -128, -32, -128, -25, -128, -37, -128, -27, -128, -44, -128, -38, -128, -36, -128, -38, -128, -46, -128, -63, -128, -64, -128, -74, -117, -82, -94, -99, -72, -121, -55, -128, -39, -128, -35, -128, -25, -128, -30, -128, -58]",esp32_1
CSI_DATA,142464,2025-08-27 15:35:51.041,0,sit,00:00:00:00:00:00,-41,11,0,0,0,0,0,0,0,0,0,-97,0,1,0,1021986404,0,14,0,0,0,104,0,"[0, 0, 127, -105, 127, -78, 127, -62, 127, -50, 127, -45, 127, -47, 127, -54, 127, -63, 127, -70, 127, -77, 120, -78, 102, -74, 82, -69, 59, -62, 33, -55, 4, -52, -23, -55, -48, -64, -67, -79, -79, -97, -82, -114, -78, -128, -66, -128, -49, -128, -36, -128, 21, 127, -2, 127, -27, 127, -40, 127, -40, 127, -27, 97, 1, 58, 43, 30, 90, 13, 127, 8, 127, 15, 127, 29, 127, 45, 127, 61, 127, 70, 127, 71, 127, 61, 127, 38, 127, 7, 127, -30, 127, -71, 127, -111, 127, -128, 127, -128, 127, -128, 127, -128]",esp32_2
CSI_DATA,142465,2025-08-27 15:35:51.068,0,sit,00:00:00:00:00:00,-40,11,0,0,0,0,0,0,0,0,0,-97,0,1,0,1022020177,0,14,0,0,0,104,0,"[0, 0, 127, 127, 127, 127, 127, 127, 127, 127, 127, 127, 127, 127, 127, 127, 127, 127, 127, 110, 127, 90, 127, 75, 122, 61, 103, 44, 84, 24, 66, 0, 53, -25, 45, -50, 45, -75, 52, -97, 64, -110, 77, -117, 90, -116, 99, -109, 106, -96, 109, -83, -106, 127, -119, 127, -126, 127, -118, 127, -98, 100, -65, 76, -23, 64, 24, 67, 71, 83, 111, 111, 127, 127, 127, 127, 127, 127, 127, 127, 127, 127, 127, 127, 127, 127, 127, 127, 127, 127, 127, 127, 127, 127, 127, 127, 127, 127, 127, 127, 127, 127, 127, 127]",esp32_2
CSI_DATA,139374,2025-08-27 15:35:51.073,0,sit,00:00:00:00:00:00,-64,11,0,0,0,0,0,0,0,0,0,-97,0,1,0,4162801461,0,14,0,0,0,104,0,"[0, 0, -128, -75, -128, -83, -128, -88, -128, -77, -128, -53, -128, -36, -128, -15, -128, 5, -128, 10, -128, 25, -128, 15, -128, 1, -128, -17, -128, -33, -128, -47, -118, -56, -96, -55, -56, -43, -34, -27, -15, 2, -3, 24, -3, 49, -14, 72, -33, 87, -52, 86, -37, -128, -30, -128, -37, -128, -40, -128, -37, -128, -38, -128, -40, -128, -37, -128, -40, -128, -37, -128, -48, -128, -50, -128, -42, -128, -47, -128, -52, -127, -64, -122, -65, -110, -72, -97, -79, -75, -92, -58, -109, -42, -128, -25, -128, -20, -128, -15, -128, -12, -128, -38]",esp32_1
CSI_DATA,139375,2025-08-27 15:35:51.104,0,sit,00:00:00:00:00:00,-64,11,0,0,0,0,0,0,0,0,0,-97,0,1,0,4162811429,0,14,0,0,0,104,0,"[0, 0, -128, -117, -128, -118, -128, -118, -128, -98, -128, -87, -128, -63, -128, -40, -128, -24, -128, -12, -128, -7, -128, -17, -128, -29, -128, -42, -128, -62, -128, -69, -104, -74, -81, -70, -45, -50, -26, -34, -15, 0, -5, 22, -15, 50, -25, 65, -43, 79, -64, 77, -26, -128, -22, -128, -21, -128, -28, -128, -21, -128, -24, -128, -22, -128, -21, -128, -23, -128, -20, -128, -32, -128, -34, -128, -30, -128, -30, -128, -31, -128, -50, -128, -51, -119, -63, -107, -68, -89, -82, -76, -103, -58, -128, -46, -128, -45, -128, -35, -128, -46, -128, -67]",esp32_1
CSI_DATA,142467,2025-08-27 15:35:51.162,0,sit,00:00:00:00:00:00,-39,11,0,0,0,0,0,0,0,0,0,-97,0,1,0,1022702933,0,14,0,0,0,104,0,"[0, 0, -128, -128, -128, -128, -128, -128, -128, -128, -127, -128, -119, -128, -115, -128, -112, -128, -105, -128, -95, -128, -84, -128, -75, -123, -70, -97, -67, -70, -68, -42, -74, -16, -86, 4, -101, 15, -118, 21, -128, 18, -128, 8, -128, -6, -128, -20, -128, -33, -120, -43, 102, -128, 108, -128, 105, -123, 90, -98, 67, -80, 36, -70, 0, -73, -35, -88, -67, -114, -91, -128, -102, -128, -101, -128, -93, -128, -84, -128, -76, -128, -71, -128, -69, -128, -72, -128, -81, -128, -93, -128, -111, -128, -128, -128, -128, -128, -128, -128, -128, -128, -128, -128]",esp32_2
CSI_DATA,139377,2025-08-27 15:35:51.193,0,sit,00:00:00:00:00:00,-65,11,0,0,0,0,0,0,0,0,0,-97,0,1,0,4162863790,0,14,0,0,0,104,0,"[0, 0, -82, 127, -90, 127, -81, 127, -72, 127, -53, 127, -37, 127, -11, 127, 2, 127, 15, 127, 22, 127, 17, 127, 0, 127, -13, 127, -33, 127, -48, 127, -53, 117, -55, 81, -48, 48, -30, 19, -4, 4, 26, -4, 55, -3, 70, 9, 84, 16, 87, 37, -124, 30, -128, 29, -127, 28, -128, 27, -128, 31, -128, 32, -128, 30, -128, 31, -128, 31, -128, 36, -128, 39, -128, 36, -128, 38, -128, 45, -124, 46, -110, 47, -101, 54, -90, 62, -81, 77, -60, 90, -45, 110, -32, 127, -13, 127, -16, 127, -21, 127, -30, 127]",esp32_1
CSI_DATA,142468,2025-08-27 15:35:51.193,0,sit,00:00:00:00:00:00,-39,11,0,0,0,0,0,0,0,0,0,-97,0,1,0,1022713895,0,14,0,0,0,104,0,"[0, 0, 127, 127, 127, 127, 127, 127, 127, 127, 127, 127, 127, 116, 127, 106, 127, 97, 127, 86, 125, 75, 110, 65, 94, 54, 80, 41, 68, 25, 58, 5, 53, -16, 55, -34, 63, -48, 74, -57, 85, -60, 95, -57, 102, -49, 104, -38, 102, -26, 97, -15, 2, 127, -11, 127, -23, 127, -23, 104, -15, 81, 1, 62, 26, 49, 57, 46, 90, 52, 122, 65, 127, 84, 127, 105, 127, 125, 127, 127, 127, 127, 127, 127, 127, 127, 127, 127, 127, 127, 127, 127, 127, 127, 127, 127, 127, 127, 127, 125, 127, 127, 127, 127]",esp32_2
CSI_DATA,142469,2025-08-27 15:35:51.220,0,sit,00:00:00:00:00:00,-40,11,0,0,0,0,0,0,0,0,0,-97,0,1,0,1022726020,0,14,0,0,0,104,0,"[0, 0, 127, 127, 127, 127, 124, 127, 115, 127, 107, 127, 101, 127, 98, 127, 96, 127, 91, 127, 84, 127, 75, 127, 66, 113, 59, 90, 55, 65, 55, 40, 62, 15, 74, -3, 90, -13, 107, -17, 120, -13, 127, -3, 127, 9, 125, 20, 115, 31, 105, 40, -92, 127, -98, 127, -95, 114, -83, 91, -62, 75, -34, 67, 0, 70, 33, 86, 63, 113, 85, 127, 97, 127, 97, 127, 90, 127, 81, 127, 71, 127, 63, 127, 60, 127, 64, 127, 71, 127, 81, 127, 97, 127, 118, 127, 127, 127, 127, 127, 127, 127, 127, 127]",esp32_2
CSI_DATA,139378,2025-08-27 15:35:51.225,0,sit,00:00:00:00:00:00,-64,11,0,0,0,0,0,0,0,0,0,-97,0,1,0,4162872034,0,14,0,0,0,104,0,"[0, 0, 125, 127, 107, 127, 102, 127, 81, 127, 80, 127, 85, 127, 100, 115, 119, 101, 127, 102, 127, 100, 127, 120, 127, 127, 126, 127, 110, 127, 76, 127, 51, 126, 25, 96, 6, 66, 6, 35, 7, 1, 17, -19, 36, -36, 58, -40, 79, -46, 95, -32, -61, 127, -60, 123, -62, 120, -60, 120, -64, 127, -62, 127, -65, 127, -68, 127, -67, 127, -74, 127, -62, 127, -53, 127, -64, 127, -55, 127, -51, 126, -30, 127, -24, 123, -11, 117, 5, 111, 25, 111, 50, 107, 81, 112, 117, 124, 127, 127, 127, 127, 127, 127]",esp32_1
CSI_DATA,142470,2025-08-27 15:35:51.251,0,sit,00:00:00:00:00:00,-40,11,0,0,0,0,0,0,0,0,0,-97,0,1,0,1022734614,0,14,0,0,0,104,0,"[0, 0, -128, 23, -128, 17, -128, 18, -128, 18, -128, 18, -128, 19, -128, 21, -128, 21, -128, 21, -128, 23, -128, 23, -128, 22, -117, 23, -88, 27, -62, 38, -39, 57, -24, 78, -21, 98, -24, 118, -34, 127, -48, 127, -59, 127, -70, 122, -80, 107, -86, 92, -124, -128, -103, -128, -78, -128, -61, -124, -53, -95, -56, -62, -73, -27, -104, 1, -128, 21, -128, 32, -128, 32, -128, 21, -128, 3, -128, -15, -128, -32, -128, -42, -128, -44, -128, -38, -128, -26, -128, -12, -128, 3, -128, 20, -128, 41, -128, 59, -128, 63, -128, 58]",esp32_2
CSI_DATA,139379,2025-08-27 15:35:51.258,0,sit,00:00:00:00:00:00,-64,11,0,0,0,0,0,0,0,0,0,-97,0,1,0,4162882781,0,14,0,0,0,104,0,"[0, 0, 127, -128, 127, -128, 127, -128, 127, -121, 127, -119, 108, -122, 91, -127, 76, -128, 73, -128, 69, -128, 79, -128, 95, -128, 102, -128, 122, -128, 118, -106, 107, -74, 96, -43, 69, -19, 37, -9, 4, -1, -30, -9, -53, -21, -66, -40, -68, -56, -63, -76, 124, 54, 120, 55, 120, 53, 127, 52, 127, 56, 127, 56, 127, 61, 127, 64, 127, 61, 127, 55, 127, 59, 127, 51, 127, 39, 127, 36, 127, 25, 121, 19, 120, 8, 109, -1, 97, -23, 103, -48, 84, -74, 97, -103, 100, -128, 121, -128, 127, -128, 127, -128]",esp32_1
CSI_DATA,139380,2025-08-27 15:35:51.279,0,sit,00:00:00:00:00:00,-64,11,0,0,0,0,0,0,0,0,0,-97,0,1,0,4162915126,0,14,0,0,0,104,0,"[0, 0, -78, 127, -84, 127, -71, 127, -71, 127, -51, 127, -31, 127, -8, 127, 13, 127, 19, 127, 29, 127, 22, 127, 9, 127, -3, 127, -29, 127, -42, 127, -46, 123, -53, 83, -43, 48, -26, 21, -5, 1, 25, -3, 52, -2, 71, 5, 89, 14, 89, 32, -123, 32, -128, 30, -128, 26, -128, 29, -128, 28, -128, 30, -128, 31, -128, 28, -128, 29, -128, 36, -128, 37, -128, 35, -128, 40, -128, 46, -119, 48, -108, 56, -94, 58, -85, 69, -76, 80, -53, 97, -36, 113, -26, 127, -8, 127, -14, 127, -18, 127, -23, 127]",esp32_1
CSI_DATA,142471,2025-08-27 15:35:51.279,0,sit,00:00:00:00:00:00,-40,11,0,0,0,0,0,0,0,0,0,-97,0,1,0,1022742692,0,14,0,0,0,104,0,"[0, 0, 127, -128, 127, -128, 127, -128, 127, -128, 127, -128, 127, -128, 127, -128, 127, -128, 127, -128, 127, -128, 126, -116, 106, -100, 82, -86, 55, -75, 26, -70, -3, -71, -27, -80, -44, -96, -52, -115, -51, -128, -43, -128, -29, -128, -11, -128, 7, -128, 20, -128, 127, 71, 127, 80, 127, 82, 114, 72, 92, 50, 76, 19, 72, -19, 83, -60, 106, -98, 127, -128, 127, -128, 127, -128, 127, -128, 127, -128, 127, -128, 127, -128, 127, -128, 127, -128, 127, -128, 127, -128, 127, -128, 127, -128, 127, -128, 127, -128, 127, -128, 127, -128]",esp32_2
CSI_DATA,139381,2025-08-27 15:35:51.307,0,sit,00:00:00:00:00:00,-64,11,0,0,0,0,0,0,0,0,0,-97,0,1,0,4162924231,0,14,0,0,0,104,0,"[0, 0, 127, -118, 127, -96, 127, -78, 127, -80, 127, -76, 127, -92, 122, -101, 115, -119, 116, -128, 123, -128, 127, -128, 127, -128, 127, -122, 127, -92, 127, -67, 127, -40, 107, -15, 72, 1, 39, 1, 10, -5, -21, -20, -37, -46, -43, -62, -39, -81, -25, -97, 112, 64, 115, 67, 116, 64, 125, 70, 125, 72, 127, 75, 127, 79, 127, 86, 127, 81, 127, 78, 127, 80, 127, 74, 122, 68, 125, 52, 123, 48, 119, 45, 112, 32, 114, 18, 107, -9, 106, -29, 109, -56, 116, -86, 127, -97, 127, -128, 127, -128, 127, -128]",esp32_1
CSI_DATA,142472,2025-08-27 15:35:51.307,0,sit,00:00:00:00:00:00,-40,11,0,0,0,0,0,0,0,0,0,-97,0,1,0,1022757417,0,14,0,0,0,104,0,"[0, 0, -128, -128, -128, -128, -128, -128, -128, -128, -128, -128, -128, -128, -122, -128, -117, -119, -109, -110, -99, -100, -86, -88, -72, -74, -61, -56, -52, -37, -44, -14, -43, 10, -47, 29, -57, 44, -70, 53, -83, 54, -95, 49, -103, 40, -104, 27, -100, 14, -94, 3, 71, -128, 76, -123, 75, -100, 64, -78, 47, -61, 21, -49, -10, -47, -41, -56, -70, -73, -93, -98, -108, -125, -112, -128, -110, -128, -106, -128, -102, -128, -100, -128, -100, -128, -106, -128, -114, -128, -123, -128, -128, -128, -128, -128, -128, -128, -128, -128, -128, -128, -128, -128]",esp32_2
CSI_DATA,142473,2025-08-27 15:35:51.336,0,sit,00:00:00:00:00:00,-40,11,0,0,0,0,0,0,0,0,0,-97,0,1,0,1022763857,0,14,0,0,0,104,0,"[0, 0, -128, 127, -128, 127, -128, 127, -126, 127, -113, 127, -99, 127, -88, 127, -79, 127, -73, 127, -66, 127, -60, 127, -51, 121, -35, 99, -16, 77, 5, 58, 31, 45, 57, 41, 78, 45, 95, 56, 103, 70, 103, 84, 96, 97, 82, 105, 63, 108, 49, 106, -128, -12, -128, -27, -128, -38, -123, -37, -94, -24, -69, 0, -51, 35, -44, 75, -49, 116, -64, 127, -87, 127, -112, 127, -128, 127, -128, 127, -128, 127, -128, 127, -128, 127, -128, 127, -128, 127, -128, 127, -128, 127, -128, 127, -128, 127, -128, 127, -128, 127, -128, 127]",esp32_2
CSI_DATA,139382,2025-08-27 15:35:51.339,0,sit,00:00:00:00:00:00,-64,11,0,0,0,0,0,0,0,0,0,-97,0,1,0,4162937762,0,14,0,0,0,104,0,"[0, 0, -128, -41, -128, -45, -128, -54, -128, -41, -128, -25, -128, -7, -128, 15, -128, 34, -128, 42, -128, 49, -128, 43, -128, 27, -128, 18, -128, -6, -128, -22, -125, -39, -95, -42, -57, -37, -28, -22, -8, 3, 13, 22, 15, 51, 7, 72, -13, 92, -28, 97, -50, -122, -46, -122, -53, -127, -53, -122, -56, -128, -55, -128, -55, -128, -55, -128, -54, -128, -54, -128, -59, -128, -61, -128, -53, -121, -63, -116, -58, -105, -77, -107, -74, -91, -91, -83, -93, -54, -105, -36, -121, -18, -128, -2, -128, 5, -128, 14, -128, 18, -128, -2]",esp32_1
CSI_DATA,142475,2025-08-27 15:35:51.422,0,sit,00:00:00:00:00:00,-40,11,0,0,0,0,0,0,0,0,0,-97,0,1,0,1022782716,0,14,0,0,0,104,0,"[0, 0, 127, -108, 127, -100, 127, -97, 127, -94, 127, -91, 127, -90, 127, -89, 127, -85, 127, -79, 127, -73, 127, -64, 114, -54, 89, -46, 60, -43, 31, -45, 4, -53, -17, -67, -31, -86, -37, -106, -33, -123, -23, -128, -8, -128, 9, -128, 25, -127, 35, -116, 127, 127, 111, 127, 84, 127, 62, 108, 49, 79, 46, 45, 56, 8, 80, -26, 111, -53, 127, -71, 127, -78, 127, -74, 127, -65, 127, -55, 127, -49, 127, -45, 127, -45, 127, -52, 127, -63, 127, -77, 127, -93, 127, -109, 127, -124, 127, -128, 127, -128, 127, -128]",esp32_2
CSI_DATA,139384,2025-08-27 15:35:51.433,0,sit,00:00:00:00:00:00,-63,11,0,0,0,0,0,0,0,0,0,-97,0,1,0,4162964632,0,14,0,0,0,104,0,"[0, 0, -128, -128, -128, -128, -128, -128, -128, -126, -128, -96, -128, -72, -128, -49, -128, -29, -128, -26, -128, -23, -128, -37, -128, -56, -128, -65, -128, -80, -128, -92, -107, -88, -75, -83, -41, -58, -13, -34, -2, -2, 1, 27, -5, 55, -15, 76, -39, 95, -61, 95, 29, -128, 35, -128, 28, -128, 28, -128, 32, -128, 36, -128, 30, -128, 37, -128, 32, -128, 36, -128, 25, -128, 22, -128, 21, -128, 11, -128, 5, -120, -19, -127, -22, -119, -38, -101, -53, -89, -73, -77, -100, -65, -128, -70, -128, -69, -128, -81, -128, -94, -128, -119]",esp32_1
CSI_DATA,142476,2025-08-27 15:35:51.454,0,sit,00:00:00:00:00:00,-40,11,0,0,0,0,0,0,0,0,0,-97,0,1,0,1022792811,0,14,0,0,0,104,0,"[0, 0, -128, -128, -128, -128, -128, -128, -128, -128, -128, -128, -128, -128, -128, -128, -128, -128, -128, -128, -128, -128, -117, -124, -100, -106, -84, -83, -72, -57, -63, -27, -61, 6, -69, 33, -85, 51, -103, 63, -122, 64, -128, 56, -128, 42, -128, 24, -128, 6, -128, -7, 78, -128, 86, -128, 86, -128, 74, -115, 53, -91, 20, -74, -21, -69, -63, -80, -101, -101, -128, -128, -128, -128, -128, -128, -128, -128, -128, -128, -128, -128, -128, -128, -128, -128, -128, -128, -128, -128, -128, -128, -128, -128, -128, -128, -128, -128, -128, -128, -128, -128, -128, -128]",esp32_2
CSI_DATA,139385,2025-08-27 15:35:51.465,0,sit,00:00:00:00:00:00,-63,11,0,0,0,0,0,0,0,0,0,-97,0,1,0,4162964961,0,14,0,0,0,104,0,"[0, 0, 127, 127, 127, 127, 127, 127, 127, 127, 127, 108, 127, 85, 127, 65, 127, 45, 127, 39, 127, 42, 127, 57, 127, 70, 127, 81, 127, 93, 127, 97, 102, 100, 63, 84, 33, 62, 11, 32, -2, -2, -4, -30, 6, -57, 26, -76, 44, -92, 68, -88, -45, 127, -48, 125, -45, 127, -46, 127, -49, 127, -48, 127, -49, 127, -52, 127, -46, 127, -53, 127, -46, 127, -37, 127, -42, 125, -34, 127, -16, 120, 1, 127, 13, 114, 28, 107, 45, 91, 66, 87, 91, 74, 126, 78, 127, 89, 127, 104, 127, 122, 127, 127]",esp32_1
CSI_DATA,142477,2025-08-27 15:35:51.478,0,sit,00:00:00:00:00:00,-40,11,0,0,0,0,0,0,0,0,0,-97,0,1,0,1022803512,0,14,0,0,0,104,0,"[0, 0, 127, 53, 127, 54, 127, 50, 127, 43, 127, 33, 127, 24, 127, 17, 127, 14, 127, 12, 127, 10, 127, 8, 127, 6, 107, 1, 80, -8, 53, -23, 31, -44, 18, -67, 14, -91, 18, -113, 29, -127, 43, -128, 59, -128, 74, -119, 84, -103, 89, -88, 52, 127, 33, 127, 13, 127, 4, 127, 7, 100, 23, 67, 50, 38, 88, 18, 127, 11, 127, 15, 127, 28, 127, 47, 127, 67, 127, 84, 127, 94, 127, 98, 127, 99, 127, 94, 127, 81, 127, 65, 127, 50, 127, 39, 127, 33, 127, 30, 127, 32, 127, 38]",esp32_2
CSI_DATA,139386,2025-08-27 15:35:51.497,0,sit,00:00:00:00:00:00,-63,11,0,0,0,0,0,0,0,0,0,-97,0,1,0,4162972919,0,14,0,0,0,104,0,"[0, 0, -128, 127, -128, 127, -123, 127, -113, 127, -87, 127, -62, 127, -36, 127, -18, 127, -8, 127, -5, 127, -12, 127, -33, 127, -44, 127, -71, 127, -80, 127, -76, 112, -79, 75, -59, 38, -34, 11, -5, -3, 33, -9, 60, -2, 79, 10, 93, 29, 96, 50, -126, -17, -128, -20, -128, -23, -128, -21, -128, -23, -128, -22, -128, -24, -128, -30, -128, -27, -128, -14, -128, -22, -128, -13, -128, -2, -128, 4, -123, 10, -119, 19, -106, 27, -93, 42, -86, 63, -75, 83, -65, 113, -62, 127, -52, 127, -70, 127, -80, 127, -90, 127]",esp32_1
CSI_DATA,142478,2025-08-27 15:35:51.510,0,sit,00:00:00:00:00:00,-40,11,0,0,0,0,0,0,0,0,0,-97,0,1,0,1022816860,0,14,0,0,0,104,0,"[0, 0, 127, 127, 127, 127, 127, 127, 127, 127, 127, 121, 127, 107, 127, 96, 127, 87, 127, 77, 127, 68, 127, 61, 122, 53, 98, 41, 74, 21, 54, -3, 40, -31, 36, -57, 41, -81, 54, -101, 70, -111, 86, -111, 99, -102, 107, -87, 111, -69, 110, -54, -4, 127, -20, 127, -33, 127, -34, 127, -22, 103, 0, 75, 35, 55, 79, 47, 123, 51, 127, 65, 127, 87, 127, 111, 127, 127, 127, 127, 127, 127, 127, 127, 127, 127, 127, 127, 127, 127, 127, 127, 127, 127, 127, 127, 127, 127, 127, 127, 127, 127, 127, 127]",esp32_2
CSI_DATA,139387,2025-08-27 15:35:51.529,0,sit,00:00:00:00:00:00,-63,11,0,0,0,0,0,0,0,0,0,-97,0,1,0,4162981441,0,14,0,0,0,104,0,"[0, 0, 58, -128, 67, -128, 58, -128, 53, -128, 29, -128, 7, -128, -10, -128, -29, -128, -41, -128, -44, -128, -31, -128, -15, -128, -8, -128, 25, -128, 39, -128, 42, -128, 54, -91, 37, -53, 26, -26, -4, -8, -34, -3, -60, -2, -79, -10, -96, -23, -99, -40, 116, -56, 120, -57, 124, -54, 127, -59, 127, -57, 127, -56, 127, -54, 127, -53, 127, -46, 127, -59, 127, -54, 127, -61, 124, -55, 125, -65, 113, -64, 99, -81, 86, -74, 70, -85, 62, -97, 41, -115, 20, -127, 14, -128, -6, -128, 3, -128, 7, -128, 11, -128]",esp32_1
CSI_DATA,142479,2025-08-27 15:35:51.541,0,sit,00:00:00:00:00:00,-41,11,0,0,0,0,0,0,0,0,0,-97,0,1,0,1022828566,0,14,0,0,0,104,0,"[0, 0, -128, -128, -128, -128, -128, -128, -128, -128, -128, -128, -128, -128, -128, -128, -128, -128, -128, -128, -128, -128, -120, -127, -102, -108, -84, -83, -68, -52, -56, -19, -51, 15, -56, 45, -69, 69, -89, 86, -109, 91, -126, 85, -128, 71, -128, 52, -128, 33, -128, 19, 127, -128, 127, -128, 126, -128, 107, -107, 78, -83, 40, -70, -7, -70, -54, -86, -97, -112, -128, -128, -128, -128, -128, -128, -128, -128, -128, -128, -128, -128, -128, -128, -128, -128, -128, -128, -128, -128, -128, -128, -128, -128, -128, -128, -128, -128, -128, -128, -128, -128, -128, -128]",esp32_2
CSI_DATA,139388,2025-08-27 15:35:51.561,0,sit,00:00:00:00:00:00,-64,11,0,0,0,0,0,0,0,0,0,-97,0,1,0,4162992131,0,14,0,0,0,104,0,"[0, 0, -63, 127, -67, 127, -56, 127, -50, 127, -27, 127, -6, 127, 15, 127, 38, 127, 42, 127, 49, 127, 43, 127, 31, 127, 19, 127, -9, 127, -27, 127, -35, 119, -42, 81, -40, 47, -24, 18, -1, -9, 23, -21, 55, -23, 75, -21, 95, -10, 101, 10, -116, 7, -122, 9, -122, 4, -128, 7, -128, 10, -128, 6, -128, 8, -128, 0, -128, 8, -128, 12, -128, 14, -121, 12, -119, 23, -120, 31, -109, 39, -96, 47, -85, 49, -68, 65, -61, 81, -43, 95, -30, 115, -17, 127, -8, 127, -14, 127, -15, 127, -20, 127]",esp32_1
CSI_DATA,142481,2025-08-27 15:35:51.629,0,sit,00:00:00:00:00:00,-40,11,0,0,0,0,0,0,0,0,0,-97,0,1,0,1022842745,0,14,0,0,0,104,0,"[0, 0, -128, -14, -128, -17, -128, -15, -128, -10, -128, -5, -128, 0, -128, 5, -128, 8, -128, 9, -128, 9, -128, 9, -122, 8, -96, 11, -68, 16, -42, 26, -18, 43, -3, 64, 3, 86, 1, 106, -8, 120, -21, 127, -35, 127, -49, 122, -61, 108, -67, 94, -59, -128, -40, -128, -21, -128, -11, -126, -11, -94, -23, -62, -48, -33, -82, -12, -120, 0, -128, 1, -128, -7, -128, -20, -128, -36, -128, -52, -128, -63, -128, -67, -128, -66, -128, -60, -128, -48, -128, -34, -128, -20, -128, -7, -128, 4, -128, 12, -128, 10, -128, 3]",esp32_2
CSI_DATA,139390,2025-08-27 15:35:51.647,0,sit,00:00:00:00:00:00,-64,11,0,0,0,0,0,0,0,0,0,-97,0,1,0,4163011446,0,14,0,0,0,104,0,"[0, 0, 127, 54, 127, 57, 127, 57, 127, 40, 127, 27, 127, 1, 127, -18, 127, -36, 127, -44, 127, -50, 127, -40, 127, -26, 127, -10, 127, 11, 127, 27, 113, 43, 85, 45, 46, 39, 20, 23, -7, -2, -22, -26, -22, -60, -21, -77, -4, -102, 19, -107, 13, 121, 9, 118, 15, 122, 14, 127, 13, 127, 9, 127, 12, 127, 7, 127, 12, 127, 10, 127, 22, 127, 25, 126, 19, 111, 30, 107, 37, 97, 55, 100, 57, 89, 70, 76, 79, 54, 94, 40, 111, 24, 127, 10, 127, 11, 127, 3, 127, 11, 127, 27]",esp32_1
CSI_DATA,142482,2025-08-27 15:35:51.661,0,sit,00:00:00:00:00:00,-40,11,0,0,0,0,0,0,0,0,0,-97,0,1,0,1022852685,0,14,0,0,0,104,0,"[0, 0, 127, -128, 127, -128, 127, -128, 127, -128, 127, -128, 127, -128, 127, -128, 127, -128, 127, -128, 116, -128, 103, -125, 89, -107, 68, -87, 42, -67, 12, -53, -20, -46, -48, -47, -70, -59, -87, -75, -95, -94, -92, -111, -82, -124, -64, -128, -44, -128, -29, -125, 127, 100, 127, 106, 127, 104, 106, 89, 83, 64, 66, 30, 60, -12, 71, -56, 93, -96, 122, -128, 127, -128, 127, -128, 127, -128, 127, -128, 127, -128, 127, -128, 127, -128, 127, -128, 127, -128, 127, -128, 127, -128, 127, -128, 127, -128, 127, -128, 127, -128, 127, -128]",esp32_2
CSI_DATA,139391,2025-08-27 15:35:51.671,0,sit,00:00:00:00:00:00,-64,11,0,0,0,0,0,0,0,0,0,-97,0,1,0,4163021496,0,14,0,0,0,104,0,"[0, 0, -128, -128, -128, -128, -128, -128, -128, -128, -128, -128, -128, -127, -128, -106, -128, -92, -128, -91, -128, -93, -128, -107, -128, -128, -128, -128, -128, -128, -120, -128, -81, -128, -43, -109, -13, -69, 7, -29, 6, 9, 0, 43, -22, 77, -43, 89, -74, 105, -98, 97, 85, -120, 94, -123, 87, -119, 93, -128, 95, -128, 101, -128, 99, -128, 107, -128, 100, -128, 98, -128, 84, -128, 76, -128, 80, -124, 65, -126, 52, -126, 27, -128, 8, -126, -6, -126, -24, -122, -55, -118, -84, -121, -121, -128, -128, -128, -128, -128, -128, -128, -128, -128]",esp32_1
CSI_DATA,142483,2025-08-27 15:35:51.692,0,sit,00:00:00:00:00:00,-40,11,0,0,0,0,0,0,0,0,0,-97,0,1,0,1022862733,0,14,0,0,0,104,0,"[0, 0, -128, -47, -128, -46, -128, -46, -128, -41, -128, -33, -128, -25, -128, -19, -128, -14, -128, -11, -128, -8, -128, -6, -128, -6, -104, 0, -75, 9, -47, 24, -23, 45, -7, 68, -2, 92, -5, 117, -16, 127, -31, 127, -49, 127, -65, 127, -78, 114, -84, 98, -46, -128, -25, -128, -5, -128, 4, -128, 1, -107, -15, -71, -45, -41, -85, -22, -128, -14, -128, -17, -128, -30, -128, -47, -128, -66, -128, -84, -128, -94, -128, -98, -128, -97, -128, -90, -128, -77, -128, -62, -128, -48, -128, -36, -128, -28, -128, -24, -128, -26, -128, -35]",esp32_2
CSI_DATA,139392,2025-08-27 15:35:51.703,0,sit,00:00:00:00:00:00,-64,11,0,0,0,0,0,0,0,0,0,-97,0,1,0,4163031428,0,14,0,0,0,104,0,"[0, 0, -55, -128, -43, -128, -48, -128, -40, -128, -56, -128, -70, -128, -89, -124, -113, -124, -121, -128, -128, -128, -128, -128, -116, -128, -105, -128, -71, -128, -45, -128, -22, -122, 2, -89, 10, -55, 12, -23, 0, 9, -17, 33, -40, 49, -63, 58, -89, 59, -99, 44, 104, -62, 107, -63, 104, -58, 109, -61, 114, -62, 115, -66, 114, -63, 121, -63, 113, -64, 116, -68, 105, -69, 97, -74, 97, -70, 90, -76, 75, -77, 59, -87, 45, -90, 27, -101, 18, -99, -5, -104, -27, -117, -49, -128, -71, -128, -77, -128, -86, -128, -86, -128]",esp32_1
CSI_DATA,142484,2025-08-27 15:35:51.725,0,sit,00:00:00:00:00:00,-40,11,0,0,0,0,0,0,0,0,0,-97,0,1,0,1022875950,0,14,0,0,0,104,0,"[0, 0, -128, -96, -128, -95, -128, -93, -128, -86, -128, -73, -128, -63, -128, -56, -128, -49, -128, -45, -128, -40, -128, -35, -118, -29, -93, -20, -68, -8, -45, 9, -26, 32, -15, 57, -15, 80, -22, 101, -35, 114, -51, 119, -66, 115, -78, 103, -86, 87, -89, 73, -15, -128, 3, -128, 18, -128, 22, -128, 15, -100, -4, -69, -34, -46, -72, -33, -115, -30, -128, -39, -128, -56, -128, -76, -128, -96, -128, -114, -128, -125, -128, -128, -128, -127, -128, -121, -128, -108, -128, -95, -128, -83, -128, -76, -128, -73, -128, -71, -128, -76, -128, -86]",esp32_2
CSI_DATA,139393,2025-08-27 15:35:51.735,0,sit,00:00:00:00:00:00,-64,11,0,0,0,0,0,0,0,0,0,-97,0,1,0,4163041450,0,14,0,0,0,104,0,"[0, 0, -128, -11, -128, -15, -128, -17, -128, -5, -128, 11, -128, 30, -128, 51, -128, 68, -128, 73, -128, 83, -128, 79, -128, 62, -128, 55, -128, 18, -128, 0, -115, -20, -90, -31, -48, -28, -16, -19, 8, 5, 31, 25, 39, 53, 39, 77, 23, 97, 3, 108, -29, -112, -27, -116, -33, -115, -37, -127, -35, -125, -33, -128, -32, -128, -30, -128, -32, -128, -36, -123, -43, -126, -46, -122, -43, -102, -51, -97, -56, -90, -68, -92, -73, -77, -80, -64, -94, -43, -103, -21, -121, -6, -128, 10, -128, 18, -128, 29, -128, 31, -128, 13]",esp32_1
CSI_DATA,139394,2025-08-27 15:35:51.757,0,sit,00:00:00:00:00:00,-64,11,0,0,0,0,0,0,0,0,0,-97,0,1,0,4163051445,0,14,0,0,0,104,0,"[0, 0, -128, 127, -128, 127, -128, 127, -128, 125, -113, 123, -91, 127, -79, 127, -67, 127, -68, 127, -74, 127, -85, 127, -92, 127, -103, 127, -114, 121, -115, 90, -93, 65, -82, 35, -53, 14, -23, 2, 9, 7, 37, 15, 58, 32, 67, 51, 64, 73, 56, 89, -107, -25, -115, -24, -118, -30, -127, -33, -128, -34, -128, -36, -128, -34, -128, -44, -124, -39, -127, -35, -126, -35, -124, -29, -118, -19, -119, -6, -119, -5, -111, 0, -106, 14, -103, 26, -99, 49, -99, 69, -91, 90, -93, 110, -105, 127, -122, 127, -128, 127, -128, 127]",esp32_1
CSI_DATA,142485,2025-08-27 15:35:51.767,0,sit,00:00:00:00:00:00,-40,11,0,0,0,0,0,0,0,0,0,-97,0,1,0,1022885440,0,14,0,0,0,104,0,"[0, 0, -128, -128, -128, -128, -128, -128, -128, -128, -128, -128, -128, -128, -128, -128, -128, -128, -128, -128, -118, -128, -102, -124, -86, -104, -71, -79, -58, -52, -49, -21, -47, 11, -53, 39, -68, 60, -87, 75, -106, 79, -122, 73, -128, 61, -128, 44, -128, 26, -124, 13, 127, -128, 127, -128, 127, -126, 111, -97, 83, -75, 46, -62, 2, -64, -41, -81, -77, -108, -106, -128, -123, -128, -127, -128, -124, -128, -119, -128, -115, -128, -113, -128, -115, -128, -124, -128, -128, -128, -128, -128, -128, -128, -128, -128, -128, -128, -128, -128, -128, -128, -128, -128]",esp32_2
CSI_DATA,139395,2025-08-27 15:35:51.789,0,sit,00:00:00:00:00:00,-65,11,0,0,0,0,0,0,0,0,0,-97,0,1,0,4163061467,0,14,0,0,0,104,0,"[0, 0, -128, 89, -128, 77, -128, 63, -128, 73, -128, 81, -120, 93, -109, 106, -111, 125, -113, 127, -119, 127, -126, 127, -128, 127, -128, 118, -128, 90, -128, 60, -112, 28, -92, 8, -53, -5, -21, -10, 12, 2, 43, 10, 62, 36, 64, 57, 67, 80, 51, 96, -71, -90, -70, -95, -76, -96, -78, -98, -84, -104, -78, -104, -80, -101, -80, -112, -78, -111, -79, -102, -84, -101, -85, -90, -80, -76, -86, -67, -91, -62, -96, -52, -94, -41, -102, -29, -100, 5, -107, 24, -111, 43, -126, 70, -128, 86, -128, 107, -128, 117, -128, 104]",esp32_1
CSI_DATA,142486,2025-08-27 15:35:51.796,0,sit,00:00:00:00:00:00,-40,11,0,0,0,0,0,0,0,0,0,-97,0,1,0,1022892698,0,14,0,0,0,104,0,"[0, 0, -128, 127, -128, 127, -128, 123, -128, 118, -128, 116, -128, 113, -128, 111, -128, 105, -128, 93, -128, 83, -128, 73, -120, 62, -93, 53, -62, 46, -29, 42, 3, 47, 31, 58, 51, 75, 62, 96, 63, 116, 54, 127, 38, 127, 16, 127, -3, 127, -15, 127, -128, -128, -115, -128, -85, -128, -62, -128, -48, -99, -46, -58, -58, -14, -83, 23, -118, 52, -128, 69, -128, 74, -128, 69, -128, 59, -128, 51, -128, 47, -128, 45, -128, 47, -128, 56, -128, 72, -128, 96, -128, 119, -128, 127, -128, 127, -128, 127, -128, 127, -128, 127]",esp32_2
CSI_DATA,142487,2025-08-27 15:35:51.821,0,sit,00:00:00:00:00:00,-40,11,0,0,0,0,0,0,0,0,0,-97,0,1,0,1022902715,0,14,0,0,0,104,0,"[0, 0, 127, -128, 127, -128, 127, -128, 127, -126, 127, -120, 127, -115, 127, -111, 127, -104, 127, -96, 127, -89, 127, -79, 114, -67, 87, -56, 57, -48, 26, -45, -4, -50, -30, -62, -49, -81, -58, -103, -57, -123, -48, -128, -34, -128, -15, -128, 5, -128, 17, -128, 127, 127, 127, 127, 102, 127, 75, 121, 59, 91, 53, 52, 60, 11, 82, -28, 114, -61, 127, -84, 127, -94, 127, -93, 127, -85, 127, -77, 127, -73, 127, -70, 127, -71, 127, -80, 127, -95, 127, -111, 127, -128, 127, -128, 127, -128, 127, -128, 127, -128, 127, -128]",esp32_2
CSI_DATA,142488,2025-08-27 15:35:51.843,0,sit,00:00:00:00:00:00,-40,11,0,0,0,0,0,0,0,0,0,-97,0,1,0,1022912724,0,14,0,0,0,104,0,"[0, 0, 127, 32, 127, 35, 127, 32, 127, 26, 127, 18, 127, 10, 127, 4, 127, 0, 127, -2, 127, -4, 127, -5, 127, -5, 105, -8, 76, -15, 47, -27, 22, -47, 4, -69, -4, -94, -3, -118, 6, -128, 21, -128, 38, -128, 55, -128, 70, -122, 76, -108, 47, 127, 26, 127, 4, 127, -5, 127, -1, 109, 15, 73, 44, 41, 84, 20, 127, 9, 127, 11, 127, 22, 127, 40, 127, 60, 127, 78, 127, 89, 127, 93, 127, 92, 127, 84, 127, 68, 127, 50, 127, 32, 127, 19, 127, 10, 127, 3, 127, 4, 127, 12]",esp32_2
CSI_DATA,139397,2025-08-27 15:35:51.890,0,sit,00:00:00:00:00:00,-65,11,0,0,0,0,0,0,0,0,0,-97,0,1,0,4163081446,0,14,0,0,0,104,0,"[0, 0, -114, 127, -110, 127, -89, 127, -82, 127, -56, 127, -34, 127, -15, 127, 4, 127, 7, 127, 7, 127, -6, 127, -25, 127, -40, 127, -62, 127, -73, 127, -69, 109, -69, 65, -50, 28, -20, 4, 9, -13, 50, -15, 78, -3, 99, 7, 110, 24, 111, 51, -127, 1, -128, 2, -128, -7, -128, -5, -128, -4, -128, -11, -128, -8, -128, -13, -128, -13, -128, -4, -128, 0, -128, 5, -128, 10, -128, 21, -124, 31, -110, 39, -98, 45, -90, 61, -81, 76, -71, 103, -58, 127, -50, 127, -48, 127, -58, 127, -67, 127, -76, 127]",esp32_1
CSI_DATA,139398,2025-08-27 15:35:51.910,0,sit,00:00:00:00:00:00,-65,11,0,0,0,0,0,0,0,0,0,-97,0,1,0,4163095389,0,14,0,0,0,104,0,"[0, 0, 98, -128, 99, -128, 86, -128, 77, -128, 55, -128, 28, -128, 14, -128, -1, -128, -8, -128, -11, -128, -3, -128, 15, -128, 28, -128, 51, -128, 64, -128, 65, -99, 66, -62, 46, -29, 24, -3, -7, 15, -38, 18, -72, 15, -91, 5, -104, -10, -107, -33, 114, 12, 117, 15, 122, 18, 127, 21, 127, 23, 127, 22, 125, 23, 127, 24, 127, 24, 127, 16, 122, 10, 115, 10, 116, 0, 117, -10, 111, -20, 97, -25, 86, -35, 82, -51, 73, -70, 68, -88, 52, -110, 50, -128, 42, -128, 54, -128, 58, -128, 68, -128]",esp32_1
CSI_DATA,139399,2025-08-27 15:35:51.942,0,sit,00:00:00:00:00:00,-64,11,0,0,0,0,0,0,0,0,0,-97,0,1,0,4163101496,0,14,0,0,0,104,0,"[0, 0, 83, 127, 73, 127, 75, 127, 73, 127, 77, 127, 95, 127, 108, 127, 127, 127, 127, 126, 127, 126, 127, 127, 127, 127, 110, 127, 80, 127, 52, 127, 20, 124, -3, 88, -10, 51, -10, 16, 3, -16, 20, -40, 45, -55, 65, -59, 95, -61, 109, -42, -85, 92, -92, 89, -92, 85, -99, 90, -101, 94, -105, 95, -104, 91, -109, 91, -106, 89, -102, 93, -94, 97, -84, 96, -85, 93, -73, 98, -64, 100, -46, 103, -34, 101, -22, 107, -4, 108, 9, 114, 36, 120, 63, 127, 92, 127, 106, 127, 115, 127, 125, 127]",esp32_1
CSI_DATA,142490,2025-08-27 15:35:51.942,0,sit,00:00:00:00:00:00,-40,11,0,0,0,0,0,0,0,0,0,-97,0,1,0,1022939397,0,14,0,0,0,104,0,"[0, 0, 127, -103, 127, -91, 127, -85, 127, -81, 127, -78, 127, -75, 127, -74, 127, -72, 127, -66, 127, -60, 127, -53, 112, -45, 87, -40, 60, -39, 32, -41, 6, -49, -16, -63, -30, -81, -35, -100, -31, -116, -21, -127, -6, -128, 11, -128, 26, -120, 35, -109, 127, 127, 111, 127, 83, 127, 63, 119, 51, 90, 48, 56, 58, 20, 81, -12, 112, -36, 127, -50, 127, -55, 127, -50, 127, -41, 127, -33, 127, -28, 127, -26, 127, -28, 127, -36, 127, -49, 127, -67, 127, -86, 127, -103, 127, -116, 127, -126, 127, -128, 127, -128]",esp32_2
CSI_DATA,139400,2025-08-27 15:35:51.969,0,sit,00:00:00:00:00:00,-65,11,0,0,0,0,0,0,0,0,0,-97,0,1,0,4163115277,0,14,0,0,0,104,0,"[0, 0, -51, 127, -51, 127, -41, 127, -34, 127, -16, 127, 2, 127, 23, 127, 38, 127, 44, 127, 49, 127, 37, 127, 26, 127, 11, 127, -18, 127, -34, 127, -40, 111, -45, 73, -35, 35, -17, 9, 7, -16, 37, -20, 67, -22, 89, -15, 105, -2, 111, 19, -115, 32, -120, 28, -123, 20, -128, 20, -128, 22, -128, 22, -128, 18, -128, 18, -128, 15, -128, 24, -123, 25, -118, 29, -118, 36, -114, 46, -105, 50, -93, 61, -81, 63, -68, 78, -60, 93, -49, 105, -32, 126, -17, 127, -5, 127, -8, 127, -9, 127, -12, 127]",esp32_1
CSI_DATA,139401,2025-08-27 15:35:51.985,0,sit,00:00:00:00:00:00,-65,11,0,0,0,0,0,0,0,0,0,-97,0,1,0,4163121435,0,14,0,0,0,104,0,"[0, 0, -128, -128, -128, -128, -128, -128, -128, -118, -128, -90, -128, -71, -128, -57, -128, -45, -128, -40, -128, -48, -128, -61, -128, -75, -128, -87, -128, -98, -117, -102, -77, -95, -46, -75, -19, -47, -3, -19, 2, 14, -3, 43, -11, 67, -31, 85, -55, 97, -78, 90, 25, -125, 27, -127, 27, -123, 29, -128, 36, -128, 37, -128, 34, -128, 41, -128, 36, -128, 44, -128, 31, -127, 20, -126, 21, -118, 10, -114, 2, -115, -20, -114, -30, -111, -41, -103, -52, -90, -74, -81, -96, -77, -121, -81, -128, -87, -128, -94, -128, -105, -128, -127]",esp32_1
CSI_DATA,142491,2025-08-27 15:35:51.985,0,sit,00:00:00:00:00:00,-40,11,0,0,0,0,0,0,0,0,0,-97,0,1,0,1022942750,0,14,0,0,0,104,0,"[0, 0, 127, 127, 127, 127, 127, 127, 127, 127, 127, 127, 127, 127, 127, 127, 127, 127, 123, 127, 110, 118, 95, 103, 80, 86, 68, 65, 58, 40, 51, 13, 51, -15, 57, -39, 70, -57, 88, -68, 104, -70, 120, -63, 127, -51, 127, -35, 126, -18, 118, -5, -84, 127, -92, 127, -92, 127, -81, 103, -62, 81, -33, 67, 3, 63, 41, 69, 78, 87, 108, 114, 127, 127, 127, 127, 127, 127, 127, 127, 127, 127, 127, 127, 127, 127, 127, 127, 127, 127, 127, 127, 127, 127, 127, 127, 127, 127, 127, 127, 127, 127, 127, 127]",esp32_2
CSI_DATA,139402,2025-08-27 15:35:52.017,0,sit,00:00:00:00:00:00,-65,11,0,0,0,0,0,0,0,0,0,-97,0,1,0,4163131475,0,14,0,0,0,104,0,"[0, 0, -22, 127, -23, 127, -7, 127, -7, 127, 9, 127, 27, 127, 46, 127, 60, 127, 67, 127, 70, 127, 63, 127, 45, 127, 29, 127, 2, 127, -18, 127, -27, 123, -40, 78, -31, 42, -17, 10, 6, -13, 37, -27, 67, -29, 89, -19, 111, -12, 117, 12, -113, 55, -117, 53, -124, 46, -128, 45, -128, 47, -128, 44, -128, 46, -128, 41, -128, 43, -128, 48, -123, 49, -114, 51, -116, 51, -106, 61, -98, 66, -78, 77, -67, 82, -59, 93, -50, 102, -30, 116, -13, 127, 0, 127, 19, 127, 18, 127, 22, 127, 21, 127]",esp32_1
CSI_DATA,142492,2025-08-27 15:35:52.028,0,sit,00:00:00:00:00:00,-40,11,0,0,0,0,0,0,0,0,0,-97,0,1,0,1022956116,0,14,0,0,0,104,0,"[0, 0, 28, 127, 21, 127, 21, 127, 21, 127, 21, 127, 24, 127, 27, 127, 30, 127, 29, 127, 26, 127, 21, 127, 18, 108, 19, 85, 23, 60, 32, 35, 44, 12, 60, -5, 79, -14, 97, -15, 110, -9, 119, 1, 122, 16, 116, 30, 105, 41, 94, 48, -128, 83, -128, 64, -128, 42, -122, 28, -94, 24, -63, 29, -34, 47, -10, 73, 6, 105, 12, 127, 10, 127, 2, 127, -11, 127, -23, 127, -29, 127, -31, 127, -30, 127, -23, 127, -12, 127, 3, 127, 18, 127, 32, 127, 43, 127, 52, 127, 57, 127, 54, 127]",esp32_2
CSI_DATA,139403,2025-08-27 15:35:52.050,0,sit,00:00:00:00:00:00,-65,11,0,0,0,0,0,0,0,0,0,-97,0,1,0,4163141443,0,14,0,0,0,104,0,"[0, 0, 114, 127, 97, 127, 105, 127, 93, 127, 98, 127, 111, 127, 124, 114, 127, 108, 127, 108, 127, 113, 127, 127, 127, 127, 127, 127, 100, 127, 74, 127, 42, 122, 13, 88, -3, 53, -4, 19, 2, -15, 15, -44, 40, -64, 63, -70, 84, -72, 103, -61, -82, 97, -84, 97, -86, 94, -86, 93, -97, 100, -101, 99, -100, 99, -105, 98, -96, 100, -99, 101, -86, 100, -76, 98, -76, 94, -71, 100, -55, 100, -37, 109, -21, 106, -10, 112, 5, 102, 29, 113, 49, 115, 75, 127, 109, 127, 119, 127, 126, 127, 127, 127]",esp32_1
CSI_DATA,142493,2025-08-27 15:35:52.050,0,sit,00:00:00:00:00:00,-40,11,0,0,0,0,0,0,0,0,0,-97,0,1,0,1022962725,0,14,0,0,0,104,0,"[0, 0, 127, 69, 127, 69, 127, 65, 127, 59, 127, 50, 127, 41, 127, 32, 127, 26, 127, 22, 127, 18, 127, 14, 118, 10, 94, 3, 69, -8, 44, -24, 25, -46, 15, -69, 13, -92, 19, -112, 31, -125, 45, -128, 60, -128, 73, -117, 83, -101, 88, -86, 36, 127, 18, 127, -1, 127, -8, 127, -5, 103, 10, 72, 36, 45, 73, 28, 114, 21, 127, 25, 127, 37, 127, 55, 127, 73, 127, 89, 127, 100, 127, 104, 127, 105, 127, 99, 127, 87, 127, 74, 127, 61, 127, 51, 127, 44, 127, 40, 127, 42, 127, 48]",esp32_2
CSI_DATA,139404,2025-08-27 15:35:52.072,0,sit,00:00:00:00:00:00,-65,11,0,0,0,0,0,0,0,0,0,-97,0,1,0,4163153564,0,14,0,0,0,104,0,"[0, 0, 127, 127, 127, 127, 127, 127, 127, 127, 127, 114, 127, 97, 127, 84, 127, 70, 127, 70, 127, 76, 127, 89, 127, 103, 127, 111, 127, 117, 104, 112, 62, 111, 40, 82, 8, 49, 0, 17, 0, -16, 6, -43, 23, -67, 43, -80, 70, -87, 92, -75, -45, 115, -51, 118, -49, 116, -51, 123, -57, 127, -64, 127, -62, 127, -64, 126, -60, 127, -64, 126, -50, 124, -44, 120, -43, 111, -34, 110, -19, 107, -2, 114, 10, 111, 21, 113, 38, 99, 59, 95, 79, 96, 105, 102, 127, 116, 127, 124, 127, 127, 127, 127]",esp32_1
CSI_DATA,142494,2025-08-27 15:35:52.082,0,sit,00:00:00:00:00:00,-41,11,0,0,0,0,0,0,0,0,0,-97,0,1,0,1022972898,0,14,0,0,0,104,0,"[0, 0, -128, 77, -128, 66, -128, 62, -128, 61, -128, 61, -128, 61, -128, 61, -128, 60, -128, 55, -128, 51, -128, 46, -123, 39, -95, 35, -63, 35, -32, 40, -3, 52, 20, 70, 33, 91, 37, 115, 33, 127, 21, 127, 5, 127, -15, 127, -33, 127, -45, 123, -107, -128, -83, -128, -55, -128, -36, -128, -28, -105, -32, -65, -49, -27, -80, 5, -119, 29, -128, 41, -128, 42, -128, 33, -128, 20, -128, 8, -128, 0, -128, -4, -128, -2, -128, 6, -128, 21, -128, 38, -128, 57, -128, 75, -128, 90, -128, 104, -128, 107, -128, 102]",esp32_2
CSI_DATA,142495,2025-08-27 15:35:52.127,0,sit,00:00:00:00:00:00,-41,11,0,0,0,0,0,0,0,0,0,-97,0,1,0,1022983346,0,14,0,0,0,104,0,"[0, 0, -128, -128, -128, -128, -128, -128, -128, -128, -127, -128, -120, -128, -116, -128, -114, -128, -107, -128, -96, -128, -85, -128, -73, -106, -64, -80, -56, -51, -51, -21, -53, 11, -63, 36, -80, 54, -100, 65, -119, 66, -128, 58, -128, 44, -128, 26, -128, 7, -128, -8, 127, -128, 127, -128, 127, -98, 123, -72, 93, -55, 55, -49, 13, -56, -26, -77, -58, -108, -81, -128, -91, -128, -91, -128, -86, -128, -79, -128, -74, -128, -72, -128, -74, -128, -83, -128, -97, -128, -113, -128, -128, -128, -128, -128, -128, -128, -128, -128, -128, -128, -128, -128]",esp32_2
CSI_DATA,142496,2025-08-27 15:35:52.166,0,sit,00:00:00:00:00:00,-41,11,0,0,0,0,0,0,0,0,0,-97,0,1,0,1022994690,0,14,0,0,0,104,0,"[0, 0, -128, -128, -117, -128, -108, -128, -100, -128, -95, -128, -92, -128, -90, -128, -88, -128, -83, -128, -75, -128, -66, -128, -57, -116, -51, -87, -46, -57, -45, -26, -53, 6, -67, 31, -87, 46, -109, 53, -127, 52, -128, 41, -128, 26, -128, 8, -128, -10, -128, -23, 127, -128, 127, -113, 127, -82, 127, -57, 105, -44, 65, -42, 23, -54, -13, -79, -42, -112, -62, -128, -69, -128, -65, -128, -56, -128, -47, -128, -40, -128, -37, -128, -38, -128, -48, -128, -62, -128, -79, -128, -101, -128, -123, -128, -128, -128, -128, -128, -128, -128, -128, -128]",esp32_2
CSI_DATA,139406,2025-08-27 15:35:52.177,0,sit,00:00:00:00:00:00,-65,11,0,0,0,0,0,0,0,0,0,-97,0,1,0,4163171464,0,14,0,0,0,104,0,"[0, 0, 127, 18, 127, 23, 127, 24, 127, 12, 127, -1, 127, -17, 127, -36, 127, -50, 127, -58, 127, -60, 127, -50, 127, -40, 127, -13, 127, 8, 127, 26, 116, 42, 82, 44, 43, 33, 17, 14, -5, -17, -22, -42, -21, -70, -15, -90, 7, -110, 26, -116, 56, 113, 52, 118, 55, 118, 55, 123, 53, 127, 49, 127, 48, 127, 45, 127, 44, 127, 45, 127, 49, 127, 56, 119, 51, 105, 60, 100, 62, 91, 75, 87, 80, 79, 93, 69, 99, 43, 108, 31, 123, 15, 127, -2, 127, -5, 127, -17, 127, -19, 127, -4]",esp32_1
CSI_DATA,142497,2025-08-27 15:35:52.191,0,sit,00:00:00:00:00:00,-40,11,0,0,0,0,0,0,0,0,0,-97,0,1,0,1023002753,0,14,0,0,0,104,0,"[0, 0, 35, -128, 38, -128, 37, -128, 34, -128, 25, -128, 17, -128, 11, -128, 6, -128, 4, -128, 3, -128, 2, -125, -2, -105, -8, -84, -16, -61, -28, -39, -45, -21, -64, -10, -83, -7, -100, -11, -112, -20, -117, -33, -116, -47, -106, -60, -92, -69, -79, -73, 127, -40, 127, -24, 127, -7, 114, 1, 88, 0, 60, -12, 36, -33, 19, -64, 11, -98, 11, -128, 21, -128, 36, -128, 52, -128, 65, -128, 73, -128, 76, -128, 75, -128, 70, -128, 61, -128, 48, -128, 34, -128, 26, -128, 20, -128, 16, -128, 17, -128, 20, -128]",esp32_2
CSI_DATA,139407,2025-08-27 15:35:52.202,0,sit,00:00:00:00:00:00,-65,11,0,0,0,0,0,0,0,0,0,-97,0,1,0,4163184077,0,14,0,0,0,104,0,"[0, 0, -128, -128, -128, -128, -128, -128, -128, -128, -128, -128, -128, -128, -128, -128, -128, -121, -128, -128, -128, -128, -128, -128, -128, -128, -128, -128, -128, -128, -100, -128, -58, -128, -24, -109, -6, -65, 7, -20, 3, 17, -14, 53, -39, 80, -66, 95, -98, 98, -125, 85, 93, -126, 97, -122, 100, -122, 106, -123, 116, -128, 119, -128, 117, -128, 122, -128, 118, -128, 118, -128, 103, -124, 87, -123, 90, -117, 76, -125, 61, -127, 32, -128, 14, -128, 1, -128, -16, -128, -48, -128, -72, -128, -102, -128, -128, -128, -128, -128, -128, -128, -128, -128]",esp32_1
CSI_DATA,142498,2025-08-27 15:35:52.221,0,sit,00:00:00:00:00:00,-41,11,0,0,0,0,0,0,0,0,0,-97,0,1,0,1023014398,0,14,0,0,0,104,0,"[0, 0, -128, -109, -128, -110, -128, -106, -128, -98, -128, -86, -128, -74, -128, -64, -128, -55, -128, -48, -128, -40, -128, -33, -124, -25, -102, -14, -78, 1, -55, 20, -37, 45, -28, 69, -30, 93, -39, 113, -53, 125, -70, 127, -82, 122, -92, 109, -100, 91, -102, 72, -27, -128, -7, -128, 12, -128, 19, -128, 14, -113, -3, -80, -33, -53, -73, -38, -118, -34, -128, -41, -128, -57, -128, -76, -128, -98, -128, -120, -128, -128, -128, -128, -128, -128, -128, -128, -128, -119, -128, -104, -128, -89, -128, -79, -128, -74, -128, -72, -128, -75, -128, -81]",esp32_2
CSI_DATA,139408,2025-08-27 15:35:52.222,0,sit,00:00:00:00:00:00,-64,11,0,0,0,0,0,0,0,0,0,-97,0,1,0,4163197445,0,14,0,0,0,104,0,"[0, 0, 127, -126, 127, -118, 127, -103, 127, -110, 127, -105, 127, -117, 121, -128, 119, -128, 118, -128, 123, -128, 127, -128, 127, -128, 127, -126, 127, -99, 127, -67, 114, -39, 94, -14, 55, 1, 22, 5, -12, -2, -46, -21, -62, -41, -70, -65, -68, -87, -51, -108, 101, 67, 101, 76, 109, 76, 110, 83, 117, 92, 114, 91, 110, 92, 111, 99, 109, 99, 108, 84, 107, 88, 104, 77, 98, 63, 106, 50, 105, 35, 111, 33, 106, 18, 107, 8, 117, -23, 118, -44, 115, -63, 127, -89, 127, -104, 127, -128, 127, -128, 127, -128]",esp32_1
CSI_DATA,139409,2025-08-27 15:35:52.244,0,sit,00:00:00:00:00:00,-64,11,0,0,0,0,0,0,0,0,0,-97,0,1,0,4163201482,0,14,0,0,0,104,0,"[0, 0, -128, 55, -128, 49, -128, 35, -128, 49, -128, 63, -128, 80, -128, 102, -128, 115, -128, 124, -128, 127, -128, 127, -128, 106, -128, 92, -128, 53, -128, 22, -128, -1, -103, -17, -62, -22, -25, -15, 12, 5, 42, 33, 56, 64, 53, 92, 48, 119, 24, 127, -76, -117, -74, -128, -84, -126, -87, -128, -83, -128, -80, -128, -77, -128, -77, -128, -76, -128, -75, -128, -83, -128, -84, -126, -84, -105, -87, -96, -96, -84, -104, -82, -103, -68, -114, -53, -123, -25, -128, -2, -128, 21, -128, 48, -128, 58, -128, 81, -128, 97, -128, 74]",esp32_1
CSI_DATA,142499,2025-08-27 15:35:52.255,0,sit,00:00:00:00:00:00,-40,11,0,0,0,0,0,0,0,0,0,-97,0,1,0,1023022722,0,14,0,0,0,104,0,"[0, 0, 28, -128, 32, -128, 30, -128, 28, -128, 23, -128, 16, -128, 10, -128, 4, -128, -1, -128, -5, -128, -6, -126, -7, -107, -11, -85, -19, -61, -30, -39, -46, -21, -64, -9, -83, -7, -101, -11, -114, -20, -119, -33, -118, -46, -110, -56, -96, -65, -83, -70, 127, -49, 127, -32, 127, -13, 115, -4, 90, -4, 62, -14, 37, -34, 19, -64, 10, -98, 7, -128, 13, -128, 25, -128, 41, -128, 56, -128, 65, -128, 70, -128, 69, -128, 63, -128, 54, -128, 43, -128, 31, -128, 20, -128, 9, -128, 1, -128, 0, -128, 4, -128]",esp32_2
CSI_DATA,139410,2025-08-27 15:35:52.270,0,sit,00:00:00:00:00:00,-64,11,0,0,0,0,0,0,0,0,0,-97,0,1,0,4163211793,0,14,0,0,0,104,0,"[0, 0, 127, -112, 127, -102, 127, -89, 127, -94, 127, -93, 121, -104, 112, -117, 113, -126, 112, -128, 115, -128, 120, -128, 127, -128, 127, -118, 127, -85, 127, -62, 107, -32, 89, -7, 52, 1, 22, 5, -11, -2, -38, -22, -55, -42, -64, -61, -59, -87, -42, -100, 90, 64, 95, 71, 98, 71, 100, 77, 102, 82, 100, 83, 101, 88, 100, 94, 99, 93, 93, 79, 96, 79, 96, 75, 94, 56, 95, 53, 99, 38, 96, 32, 96, 23, 100, 12, 104, -18, 104, -36, 107, -54, 120, -81, 127, -92, 127, -121, 127, -128, 127, -123]",esp32_1
CSI_DATA,142500,2025-08-27 15:35:52.277,0,sit,00:00:00:00:00:00,-40,11,0,0,0,0,0,0,0,0,0,-97,0,1,0,1023033374,0,14,0,0,0,104,0,"[0, 0, 127, 91, 127, 92, 127, 86, 127, 78, 127, 68, 127, 57, 127, 46, 127, 38, 127, 30, 127, 23, 127, 17, 127, 11, 106, 4, 82, -7, 59, -26, 41, -50, 33, -74, 34, -97, 41, -116, 54, -128, 69, -128, 83, -127, 95, -113, 104, -95, 106, -79, 44, 127, 24, 127, 4, 127, -4, 127, -2, 111, 12, 78, 39, 51, 78, 34, 122, 27, 127, 29, 127, 41, 127, 60, 127, 81, 127, 100, 127, 113, 127, 120, 127, 122, 127, 116, 127, 103, 127, 89, 127, 74, 127, 64, 127, 55, 127, 49, 127, 51, 127, 60]",esp32_2
CSI_DATA,139411,2025-08-27 15:35:52.288,0,sit,00:00:00:00:00:00,-64,11,0,0,0,0,0,0,0,0,0,-97,0,1,0,4163221771,0,14,0,0,0,104,0,"[0, 0, -128, 127, -124, 127, -107, 127, -98, 127, -74, 127, -57, 127, -41, 127, -32, 127, -28, 127, -31, 127, -44, 127, -56, 127, -67, 127, -85, 127, -88, 117, -82, 88, -72, 49, -50, 21, -20, 3, 10, -6, 44, -4, 71, 6, 84, 21, 96, 40, 87, 59, -111, -19, -112, -23, -124, -29, -128, -29, -128, -31, -128, -33, -125, -34, -127, -41, -125, -40, -128, -33, -122, -33, -120, -24, -111, -11, -113, -4, -108, 5, -103, 12, -94, 21, -90, 37, -86, 59, -79, 78, -73, 99, -74, 126, -72, 127, -83, 127, -93, 127, -99, 127]",esp32_1
CSI_DATA,139412,2025-08-27 15:35:52.309,0,sit,00:00:00:00:00:00,-64,11,0,0,0,0,0,0,0,0,0,-97,0,1,0,4163241495,0,14,0,0,0,104,0,"[0, 0, -86, 127, -84, 127, -73, 127, -65, 127, -43, 127, -24, 127, -11, 127, 8, 127, 13, 127, 13, 127, 0, 127, -20, 127, -30, 127, -50, 127, -62, 127, -61, 102, -60, 65, -45, 31, -21, 2, 7, -8, 41, -15, 68, -7, 87, 8, 98, 22, 99, 45, -115, 11, -119, 8, -123, 6, -128, 6, -128, 5, -128, 3, -128, 2, -128, -2, -128, -5, -128, -1, -127, 3, -119, 7, -112, 13, -117, 20, -103, 32, -95, 38, -87, 45, -75, 58, -69, 77, -58, 94, -47, 107, -39, 127, -32, 127, -44, 127, -47, 127, -50, 127]",esp32_1
CSI_DATA,142501,2025-08-27 15:35:52.309,0,sit,00:00:00:00:00:00,-40,11,0,0,0,0,0,0,0,0,0,-97,0,1,0,1023042723,0,14,0,0,0,104,0,"[0, 0, 127, 127, 127, 127, 127, 127, 127, 121, 127, 107, 127, 93, 127, 82, 127, 72, 127, 62, 127, 53, 127, 45, 110, 36, 92, 23, 74, 6, 58, -15, 47, -38, 45, -60, 52, -80, 64, -96, 78, -103, 93, -101, 105, -91, 112, -75, 116, -57, 115, -43, 24, 127, 7, 127, -10, 127, -16, 127, -12, 100, 3, 73, 30, 50, 66, 38, 104, 37, 127, 45, 127, 61, 127, 81, 127, 101, 127, 121, 127, 127, 127, 127, 127, 127, 127, 127, 127, 127, 127, 118, 127, 107, 127, 102, 127, 103, 127, 105, 127, 112, 127, 122]",esp32_2
CSI_DATA,139413,2025-08-27 15:35:52.334,0,sit,00:00:00:00:00:00,-65,11,0,0,0,0,0,0,0,0,0,-97,0,1,0,4163278145,0,14,0,0,0,104,0,"[0, 0, -128, -128, -128, -128, -128, -128, -128, -128, -128, -128, -128, -114, -128, -104, -128, -88, -128, -84, -128, -88, -128, -109, -128, -121, -128, -128, -128, -128, -116, -128, -79, -128, -43, -101, -12, -64, -1, -25, 10, 19, 3, 49, -23, 79, -43, 96, -77, 104, -101, 97, 65, -128, 70, -128, 71, -128, 69, -128, 78, -128, 85, -128, 81, -128, 83, -128, 87, -128, 87, -128, 71, -128, 63, -128, 62, -128, 49, -126, 34, -125, 9, -128, -8, -127, -29, -124, -48, -112, -73, -112, -97, -118, -128, -123, -128, -128, -128, -128, -128, -128, -128, -128]",esp32_1
CSI_DATA,139414,2025-08-27 15:35:52.361,0,sit,00:00:00:00:00:00,-64,11,0,0,0,0,0,0,0,0,0,-97,0,1,0,4163326788,0,14,0,0,0,104,0,"[0, 0, -128, -72, -128, -73, -128, -74, -128, -62, -128, -38, -128, -17, -128, 3, -128, 21, -128, 33, -128, 43, -128, 30, -128, 22, -128, 4, -128, -20, -128, -33, -119, -46, -84, -52, -47, -44, -17, -28, 6, 1, 27, 27, 29, 55, 24, 81, 10, 101, -15, 115, 4, -128, 5, -128, -2, -128, -4, -128, 0, -128, 1, -128, 4, -128, 1, -128, 3, -128, 6, -128, -7, -128, -12, -128, -11, -122, -20, -112, -28, -105, -46, -106, -56, -96, -67, -80, -82, -61, -97, -43, -123, -29, -128, -21, -128, -16, -128, -12, -128, -21, -128, -46]",esp32_1
CSI_DATA,139415,2025-08-27 15:35:52.381,0,sit,00:00:00:00:00:00,-64,11,0,0,0,0,0,0,0,0,0,-97,0,1,0,4163361124,0,14,0,0,0,104,0,"[0, 0, 51, 127, 39, 127, 44, 127, 43, 127, 54, 127, 68, 127, 90, 127, 113, 127, 125, 127, 127, 127, 127, 127, 115, 127, 110, 127, 77, 127, 49, 127, 24, 127, -1, 102, -14, 63, -15, 27, -6, -5, 11, -31, 36, -50, 57, -56, 82, -61, 98, -53, -116, 60, -118, 58, -115, 57, -118, 59, -122, 62, -126, 69, -126, 71, -128, 70, -123, 71, -127, 78, -119, 77, -110, 75, -111, 70, -105, 79, -95, 77, -73, 85, -53, 84, -38, 86, -21, 95, 5, 104, 33, 120, 56, 127, 86, 127, 92, 127, 103, 127, 106, 127]",esp32_1
CSI_DATA,139416,2025-08-27 15:35:52.405,0,sit,00:00:00:00:00:00,-65,11,0,0,0,0,0,0,0,0,0,-97,0,1,0,4163388016,0,14,0,0,0,104,0,"[0, 0, 113, -128, 116, -128, 103, -128, 93, -128, 72, -128, 46, -128, 23, -128, 6, -128, -1, -128, -6, -128, -3, -128, 9, -128, 22, -128, 45, -128, 62, -128, 64, -106, 64, -75, 52, -40, 31, -12, 1, 1, -27, 13, -60, 7, -76, -2, -87, -13, -93, -32, 115, 12, 117, 12, 121, 14, 122, 13, 127, 16, 127, 14, 127, 15, 127, 21, 127, 13, 127, 14, 127, 13, 126, 9, 126, 2, 123, -6, 117, -13, 104, -21, 92, -30, 84, -45, 74, -66, 61, -85, 50, -110, 40, -128, 37, -128, 48, -128, 60, -128, 76, -128]",esp32_1
CSI_DATA,142503,2025-08-27 15:35:52.422,0,sit,00:00:00:00:00:00,-40,11,0,0,0,0,0,0,0,0,0,-97,0,1,0,1023063345,0,14,0,0,0,104,0,"[0, 0, -3, -128, 5, -128, 7, -128, 7, -128, 3, -128, -3, -128, -11, -128, -18, -128, -22, -128, -24, -128, -24, -128, -24, -128, -27, -111, -36, -83, -48, -56, -64, -33, -85, -17, -106, -12, -127, -15, -128, -24, -128, -38, -128, -55, -128, -69, -119, -80, -104, -86, 127, -98, 127, -76, 127, -51, 127, -34, 112, -28, 76, -35, 42, -56, 15, -88, -2, -128, -8, -128, -2, -128, 12, -128, 28, -128, 42, -128, 51, -128, 54, -128, 54, -128, 48, -128, 36, -128, 21, -128, 4, -128, -13, -128, -26, -128, -35, -128, -36, -128, -29, -128]",esp32_2
CSI_DATA,139417,2025-08-27 15:35:52.428,0,sit,00:00:00:00:00:00,-65,11,0,0,0,0,0,0,0,0,0,-97,0,1,0,4163411837,0,14,0,0,0,104,0,"[0, 0, 63, 127, 52, 127, 49, 127, 44, 127, 53, 127, 67, 127, 83, 127, 113, 120, 119, 119, 127, 121, 127, 127, 127, 127, 116, 127, 91, 127, 58, 127, 29, 127, 8, 106, -10, 68, -14, 32, -14, -1, 3, -28, 25, -48, 47, -59, 68, -66, 90, -57, -115, 54, -118, 54, -113, 52, -119, 58, -122, 59, -128, 64, -121, 63, -128, 62, -127, 68, -128, 70, -121, 70, -114, 71, -111, 67, -102, 69, -91, 76, -71, 81, -62, 83, -41, 86, -23, 89, 3, 94, 28, 112, 56, 127, 88, 127, 93, 127, 101, 127, 107, 127]",esp32_1
CSI_DATA,139418,2025-08-27 15:35:52.448,0,sit,00:00:00:00:00:00,-64,11,0,0,0,0,0,0,0,0,0,-97,0,1,0,4163445801,0,14,0,0,0,104,0,"[0, 0, 127, 61, 127, 69, 127, 60, 127, 48, 127, 27, 127, 9, 127, -23, 127, -35, 127, -76, 127, -87, 127, -83, 127, -72, 127, -50, 127, -12, 127, 9, 127, 37, 110, 41, 61, 41, 31, 33, -5, 7, -28, -18, -47, -42, -50, -68, -44, -96, -22, -116, -5, 127, -14, 127, -8, 127, -1, 127, -2, 127, 0, 127, -7, 127, 4, 127, -10, 127, 8, 127, 18, 127, 22, 127, 18, 127, 28, 127, 30, 127, 37, 115, 46, 114, 66, 83, 79, 61, 99, 48, 126, 17, 127, 18, 127, -10, 127, -27, 127, -24, 127, -1]",esp32_1
CSI_DATA,142504,2025-08-27 15:35:52.448,0,sit,00:00:00:00:00:00,-40,11,0,0,0,0,0,0,0,0,0,-97,0,1,0,1023072761,0,14,0,0,0,104,0,"[0, 0, 127, -128, 127, -128, 127, -128, 127, -128, 127, -128, 127, -128, 127, -128, 127, -128, 127, -128, 118, -128, 102, -123, 85, -108, 62, -92, 35, -76, 7, -64, -24, -61, -51, -66, -72, -79, -86, -98, -91, -117, -86, -128, -74, -128, -55, -128, -33, -128, -17, -128, 127, 116, 127, 124, 127, 123, 102, 109, 78, 84, 61, 48, 56, 5, 67, -39, 90, -80, 120, -113, 127, -128, 127, -128, 127, -128, 127, -128, 127, -128, 127, -128, 127, -128, 127, -128, 127, -128, 127, -128, 127, -128, 127, -128, 127, -128, 127, -128, 127, -128, 127, -128]",esp32_2
CSI_DATA,139419,2025-08-27 15:35:52.469,0,sit,00:00:00:00:00:00,-65,11,0,0,0,0,0,0,0,0,0,-97,0,1,0,4163470757,0,14,0,0,0,104,0,"[0, 0, 127, -34, 127, -19, 127, -11, 127, -21, 127, -27, 127, -47, 127, -65, 126, -87, 127, -100, 127, -108, 127, -107, 127, -97, 127, -83, 127, -60, 127, -38, 123, -10, 103, 9, 65, 16, 36, 16, 4, 8, -28, -9, -43, -29, -47, -54, -45, -77, -33, -92, 38, 115, 40, 112, 43, 114, 49, 115, 55, 123, 56, 125, 58, 127, 55, 127, 59, 127, 55, 127, 56, 127, 59, 125, 57, 111, 54, 102, 58, 91, 70, 88, 70, 73, 74, 59, 84, 30, 94, 6, 103, -18, 125, -43, 127, -47, 127, -66, 127, -71, 127, -60]",esp32_1
CSI_DATA,142505,2025-08-27 15:35:52.486,0,sit,00:00:00:00:00:00,-40,11,0,0,0,0,0,0,0,0,0,-97,0,1,0,1023086464,0,14,0,0,0,104,0,"[0, 0, 48, 127, 36, 127, 33, 127, 31, 127, 32, 127, 35, 127, 39, 127, 42, 127, 42, 127, 39, 127, 35, 127, 32, 117, 34, 92, 38, 65, 45, 38, 58, 14, 75, -5, 94, -16, 114, -18, 127, -12, 127, 1, 127, 17, 127, 32, 122, 44, 110, 52, -128, 93, -128, 71, -128, 45, -128, 27, -108, 20, -72, 25, -38, 43, -9, 72, 11, 108, 20, 127, 19, 127, 9, 127, -5, 127, -18, 127, -27, 127, -32, 127, -31, 127, -21, 127, -7, 127, 11, 127, 31, 127, 50, 127, 65, 127, 77, 127, 81, 127, 79, 127]",esp32_2
CSI_DATA,139420,2025-08-27 15:35:52.491,0,sit,00:00:00:00:00:00,-65,11,0,0,0,0,0,0,0,0,0,-97,0,1,0,4163512468,0,14,0,0,0,104,0,"[0, 0, 127, 127, 127, 127, 127, 127, 127, 127, 127, 127, 127, 97, 127, 73, 127, 53, 127, 46, 127, 42, 127, 61, 127, 78, 127, 89, 127, 103, 127, 104, 103, 110, 65, 95, 30, 69, 8, 39, -6, 6, -13, -28, -10, -60, 4, -82, 34, -105, 52, -105, -83, 115, -84, 117, -78, 116, -78, 121, -80, 127, -82, 127, -85, 127, -88, 127, -88, 127, -92, 127, -81, 127, -80, 127, -75, 127, -67, 126, -53, 120, -31, 123, -17, 118, 6, 107, 30, 92, 53, 89, 84, 87, 124, 92, 127, 111, 127, 125, 127, 127, 127, 127]",esp32_1
CSI_DATA,139421,2025-08-27 15:35:52.514,0,sit,00:00:00:00:00:00,-65,11,0,0,0,0,0,0,0,0,0,-97,0,1,0,4163558174,0,14,0,0,0,104,0,"[0, 0, -128, 127, -128, 127, -128, 127, -128, 127, -128, 127, -105, 127, -86, 127, -72, 127, -64, 127, -65, 127, -73, 127, -92, 127, -103, 127, -120, 127, -127, 126, -109, 91, -103, 55, -76, 16, -48, -2, -12, -13, 35, -15, 63, -4, 81, 13, 94, 31, 96, 59, -97, -86, -108, -87, -109, -88, -117, -88, -122, -94, -128, -98, -128, -99, -128, -104, -128, -105, -128, -98, -128, -103, -126, -93, -123, -80, -125, -70, -121, -59, -110, -48, -108, -30, -101, -7, -101, 23, -102, 58, -96, 90, -109, 124, -121, 127, -128, 127, -128, 127, -128, 127]",esp32_1
CSI_DATA,142506,2025-08-27 15:35:52.525,0,sit,00:00:00:00:00:00,-40,11,0,0,0,0,0,0,0,0,0,-97,0,1,0,1023093278,0,14,0,0,0,104,0,"[0, 0, 127, 127, 127, 127, 127, 127, 127, 127, 127, 125, 127, 109, 127, 96, 127, 84, 122, 74, 111, 64, 98, 54, 85, 43, 71, 31, 58, 15, 48, -4, 43, -25, 43, -45, 50, -61, 61, -73, 73, -78, 85, -75, 95, -68, 100, -56, 100, -42, 96, -29, -51, 127, -60, 127, -66, 115, -61, 91, -47, 69, -25, 52, 3, 43, 35, 43, 66, 53, 94, 69, 115, 90, 127, 112, 127, 127, 127, 127, 127, 127, 127, 127, 127, 127, 127, 127, 127, 127, 127, 127, 127, 127, 127, 127, 127, 127, 127, 127, 127, 127, 127, 127]",esp32_2
CSI_DATA,139422,2025-08-27 15:35:52.541,0,sit,00:00:00:00:00:00,-65,11,0,0,0,0,0,0,0,0,0,-97,0,1,0,4163596481,0,14,0,0,0,104,0,"[0, 0, 127, -96, 127, -70, 127, -68, 127, -63, 127, -60, 127, -74, 127, -84, 117, -105, 127, -128, 121, -128, 127, -128, 127, -127, 127, -97, 127, -96, 127, -54, 127, -35, 96, -7, 72, 18, 31, 14, 5, 10, -32, -6, -55, -32, -63, -53, -62, -75, -43, -91, 81, 90, 70, 83, 89, 99, 79, 92, 98, 105, 92, 101, 99, 119, 87, 124, 91, 120, 94, 126, 94, 115, 89, 102, 88, 91, 91, 78, 78, 66, 96, 58, 81, 45, 99, 30, 95, 5, 109, -21, 116, -38, 127, -71, 127, -86, 127, -121, 127, -125, 127, -101]",esp32_1
CSI_DATA,142507,2025-08-27 15:35:52.554,0,sit,00:00:00:00:00:00,-40,11,0,0,0,0,0,0,0,0,0,-97,0,1,0,1023102687,0,14,0,0,0,104,0,"[0, 0, 127, -128, 127, -128, 127, -128, 127, -128, 127, -128, 127, -128, 127, -128, 127, -128, 127, -128, 127, -125, 114, -115, 94, -101, 71, -86, 43, -73, 12, -66, -18, -65, -44, -74, -63, -91, -74, -112, -75, -128, -68, -128, -56, -128, -38, -128, -17, -128, -1, -128, 127, 127, 127, 127, 127, 127, 97, 117, 74, 90, 59, 54, 57, 12, 71, -30, 98, -69, 127, -100, 127, -121, 127, -128, 127, -127, 127, -123, 127, -116, 127, -112, 127, -113, 127, -122, 127, -128, 127, -128, 127, -128, 127, -128, 127, -128, 127, -128, 127, -128, 127, -128]",esp32_2
CSI_DATA,139423,2025-08-27 15:35:52.563,0,sit,00:00:00:00:00:00,-65,11,0,0,0,0,0,0,0,0,0,-97,0,1,0,4163633973,0,14,0,0,0,104,0,"[0, 0, 127, -128, 127, -128, 123, -128, 108, -128, 82, -128, 54, -128, 35, -128, 17, -128, 9, -128, 6, -128, 11, -128, 25, -128, 34, -128, 63, -128, 75, -128, 72, -105, 74, -70, 63, -30, 40, -5, 10, 13, -23, 24, -56, 28, -78, 18, -97, 5, -104, -18, 86, 65, 86, 66, 93, 66, 99, 67, 107, 70, 116, 72, 111, 73, 120, 75, 123, 83, 119, 71, 115, 71, 108, 69, 105, 54, 104, 42, 101, 31, 87, 19, 86, 9, 81, -13, 75, -42, 71, -66, 67, -92, 72, -128, 75, -128, 86, -128, 103, -128, 123, -128]",esp32_1
CSI_DATA,139424,2025-08-27 15:35:52.584,0,sit,00:00:00:00:00:00,-65,11,0,0,0,0,0,0,0,0,0,-97,0,1,0,4163660453,0,14,0,0,0,104,0,"[0, 0, -90, 127, -89, 127, -69, 127, -62, 127, -35, 127, -5, 127, 17, 127, 43, 127, 52, 127, 59, 127, 50, 127, 33, 127, 19, 127, -10, 127, -29, 127, -44, 127, -58, 93, -52, 51, -36, 17, -10, -12, 18, -36, 52, -45, 79, -39, 102, -30, 118, -11, -117, -33, -118, -32, -124, -35, -128, -30, -128, -31, -128, -35, -128, -27, -128, -36, -128, -33, -128, -30, -128, -30, -128, -27, -128, -14, -127, -5, -123, 6, -108, 19, -93, 26, -82, 50, -70, 72, -61, 97, -44, 123, -36, 127, -32, 127, -34, 127, -48, 127, -50, 127]",esp32_1
CSI_DATA,139425,2025-08-27 15:35:52.606,0,sit,00:00:00:00:00:00,-65,11,0,0,0,0,0,0,0,0,0,-97,0,1,0,4163695248,0,14,0,0,0,104,0,"[0, 0, -128, 6, -128, 3, -128, -3, -128, 9, -128, 30, -128, 46, -128, 73, -128, 94, -128, 106, -128, 116, -128, 113, -128, 103, -128, 91, -128, 48, -128, 23, -128, -8, -104, -19, -61, -26, -25, -25, 10, -9, 39, 11, 59, 37, 64, 63, 57, 91, 42, 109, -15, -120, -14, -122, -26, -126, -28, -127, -29, -128, -29, -128, -28, -128, -28, -128, -29, -128, -30, -128, -37, -128, -38, -128, -37, -119, -52, -113, -52, -102, -66, -96, -69, -83, -87, -69, -88, -35, -103, -19, -125, -1, -128, 22, -128, 30, -128, 49, -128, 51, -128, 34]",esp32_1
CSI_DATA,139426,2025-08-27 15:35:52.628,0,sit,00:00:00:00:00:00,-65,11,0,0,0,0,0,0,0,0,0,-97,0,1,0,4163719800,0,14,0,0,0,104,0,"[0, 0, 41, 127, 44, 127, 52, 127, 52, 127, 75, 127, 77, 127, 110, 111, 125, 117, 127, 88, 127, 92, 127, 113, 127, 127, 127, 127, 81, 127, 71, 127, 30, 107, 4, 97, -11, 58, -19, 28, -18, -13, -7, -40, 4, -61, 24, -77, 47, -93, 72, -90, -104, 16, -116, 19, -100, 21, -121, 24, -115, 34, -128, 41, -126, 28, -128, 39, -128, 28, -119, 44, -115, 50, -109, 49, -111, 48, -103, 59, -94, 68, -61, 57, -62, 73, -33, 77, -18, 90, -4, 94, 34, 110, 36, 127, 77, 127, 82, 127, 90, 127, 101, 127]",esp32_1
