type,seq,timestamp,taget_seq,taget,mac,rssi,rate,sig_mode,mcs,cwb,smoothing,not_sounding,aggregation,stbc,fec_coding,sgi,noise_floor,ampdu_cnt,channel_primary,channel_secondary,local_timestamp,ant,sig_len,rx_state,agc_gain,fft_gain,len,first_word_invalid,data,device_id
CSI_DATA,141254,2025-08-27 15:35:16.086,0,sit,00:00:00:00:00:00,-43,11,0,0,0,0,0,0,0,0,0,-97,0,1,0,986830717,0,14,0,0,0,104,0,"[0, 0, 127, -110, 127, -128, 127, -128, 127, -128, 127, -128, 120, -128, 121, -128, 124, -128, 126, -128, 127, -128, 127, -128, 127, -128, 127, -127, 120, -87, 95, -47, 61, -10, 22, 16, -20, 27, -61, 28, -96, 18, -122, 3, -128, -16, -128, -40, -128, -64, -121, -80, -69, 127, -84, 127, -99, 127, -108, 127, -110, 127, -105, 106, -90, 81, -67, 59, -37, 40, -1, 24, 36, 14, 72, 10, 107, 8, 127, 11, 127, 14, 127, 16, 127, 18, 127, 17, 127, 14, 127, 10, 127, 1, 127, -10, 127, -23, 127, -38, 127, -53, 127, -63]",esp32_2
CSI_DATA,138184,2025-08-27 15:35:16.094,0,sit,00:00:00:00:00:00,-63,11,0,0,0,0,0,0,0,0,0,-97,0,1,0,4127471816,0,14,0,0,0,104,0,"[0, 0, -128, -110, -128, -111, -128, -111, -128, -103, -128, -88, -128, -68, -128, -47, -128, -18, -128, 1, -128, 19, -128, 25, -128, 30, -128, 28, -128, 18, -128, -1, -128, -17, -128, -32, -106, -44, -76, -50, -35, -48, -9, -46, 20, -26, 44, -9, 66, 16, 71, 36, 126, -10, 127, -6, 127, -2, 127, -4, 127, -2, 127, 0, 127, 0, 127, -3, 127, -8, 127, -8, 123, -21, 116, -24, 116, -19, 106, -23, 95, -27, 76, -37, 60, -38, 45, -35, 26, -27, 2, -27, -27, -25, -61, -27, -108, -36, -128, -43, -128, -50, -128, -73]",esp32_1
CSI_DATA,141255,2025-08-27 15:35:16.116,0,sit,00:00:00:00:00:00,-43,11,0,0,0,0,0,0,0,0,0,-97,0,1,0,986841108,0,14,0,0,0,104,0,"[0, 0, 18, 127, 46, 127, 73, 127, 98, 127, 119, 127, 127, 127, 127, 127, 127, 127, 127, 127, 127, 127, 116, 127, 87, 127, 56, 127, 26, 127, 2, 105, -15, 60, -22, 14, -16, -30, 0, -68, 23, -94, 50, -110, 76, -114, 98, -107, 113, -89, 121, -72, -128, -127, -128, -128, -125, -128, -105, -128, -86, -128, -66, -128, -48, -112, -34, -83, -26, -49, -25, -9, -29, 30, -38, 66, -50, 98, -64, 127, -78, 127, -90, 127, -101, 127, -107, 127, -109, 127, -108, 127, -103, 127, -96, 127, -88, 127, -76, 127, -62, 127, -51, 127]",esp32_2
CSI_DATA,138185,2025-08-27 15:35:16.118,0,sit,00:00:00:00:00:00,-64,11,0,0,0,0,0,0,0,0,0,-97,0,1,0,4127506210,0,14,0,0,0,104,0,"[0, 0, 127, -94, 127, -90, 127, -74, 127, -80, 127, -91, 127, -88, 127, -105, 127, -119, 109, -128, 110, -128, 109, -128, 115, -128, 110, -128, 125, -128, 127, -128, 121, -113, 127, -87, 109, -59, 95, -29, 65, -4, 35, 27, 1, 35, -31, 39, -60, 33, -83, 20, -82, 106, -90, 115, -92, 109, -102, 117, -101, 116, -105, 126, -93, 124, -94, 126, -87, 123, -82, 111, -80, 116, -69, 115, -64, 101, -49, 103, -37, 97, -26, 92, -23, 84, -6, 66, 9, 39, 27, 19, 45, -13, 70, -34, 97, -46, 127, -75, 127, -87, 127, -92]",esp32_1
CSI_DATA,141256,2025-08-27 15:35:16.137,0,sit,00:00:00:00:00:00,-43,11,0,0,0,0,0,0,0,0,0,-97,0,1,0,986850709,0,14,0,0,0,104,0,"[0, 0, -128, 72, -128, 99, -128, 125, -128, 127, -128, 127, -128, 127, -128, 127, -128, 127, -128, 127, -128, 127, -128, 127, -128, 127, -128, 105, -128, 63, -114, 25, -67, -4, -17, -23, 32, -28, 78, -19, 113, 0, 127, 24, 127, 51, 127, 78, 127, 103, 114, 118, 118, -128, 127, -128, 127, -128, 127, -128, 127, -117, 127, -92, 113, -68, 82, -49, 46, -35, 4, -25, -40, -23, -82, -26, -121, -33, -128, -43, -128, -53, -128, -62, -128, -69, -128, -72, -128, -71, -128, -66, -128, -57, -128, -48, -128, -36, -128, -21, -128, -8, -128, 0]",esp32_2
CSI_DATA,141257,2025-08-27 15:35:16.161,0,sit,00:00:00:00:00:00,-43,11,0,0,0,0,0,0,0,0,0,-97,0,1,0,986860691,0,14,0,0,0,104,0,"[0, 0, -89, -128, -114, -128, -128, -128, -128, -128, -128, -128, -128, -128, -128, -128, -128, -128, -128, -128, -128, -128, -128, -128, -128, -128, -118, -128, -76, -128, -36, -110, -1, -66, 22, -19, 30, 30, 24, 76, 8, 113, -17, 127, -44, 127, -71, 127, -95, 127, -111, 122, 127, 105, 127, 119, 127, 127, 127, 127, 124, 127, 99, 127, 74, 105, 53, 76, 37, 40, 25, -2, 19, -44, 21, -84, 26, -123, 32, -128, 38, -128, 44, -128, 50, -128, 51, -128, 48, -128, 43, -128, 33, -128, 24, -128, 16, -128, 4, -128, -9, -128, -18, -128]",esp32_2
CSI_DATA,141258,2025-08-27 15:35:16.181,0,sit,00:00:00:00:00:00,-44,11,0,0,0,0,0,0,0,0,0,-97,0,1,0,986873003,0,14,0,0,0,104,0,"[0, 0, 127, 127, 127, 111, 127, 76, 127, 45, 127, 20, 127, 0, 127, -12, 127, -14, 127, -8, 127, 5, 127, 25, 127, 44, 127, 58, 127, 66, 94, 65, 40, 53, -9, 29, -47, -6, -73, -47, -84, -87, -81, -123, -66, -128, -42, -128, -15, -128, 7, -128, -128, 44, -128, 27, -128, 6, -128, -11, -128, -25, -128, -32, -127, -31, -93, -22, -57, -4, -20, 22, 13, 53, 40, 83, 61, 115, 79, 127, 95, 127, 109, 127, 122, 127, 127, 127, 127, 127, 127, 127, 127, 127, 127, 127, 127, 127, 127, 127, 127, 127, 127, 127]",esp32_2
CSI_DATA,138187,2025-08-27 15:35:16.203,0,sit,00:00:00:00:00:00,-63,11,0,0,0,0,0,0,0,0,0,-97,0,1,0,4127590699,0,14,0,0,0,104,0,"[0, 0, -81, 127, -103, 127, -77, 127, -93, 127, -65, 127, -42, 127, -17, 127, 7, 127, 25, 127, 44, 127, 59, 127, 60, 127, 66, 127, 40, 127, 19, 127, 10, 127, -28, 127, -43, 127, -52, 95, -50, 48, -41, 8, -21, -22, -2, -46, 14, -72, 46, -82, -64, -128, -70, -128, -60, -128, -65, -128, -57, -128, -56, -128, -57, -128, -55, -128, -60, -128, -70, -128, -61, -128, -61, -128, -72, -124, -76, -108, -82, -103, -60, -74, -67, -74, -52, -42, -56, -16, -47, 15, -32, 54, -30, 90, -17, 114, -35, 127, -38, 127, -44, 127]",esp32_1
CSI_DATA,141259,2025-08-27 15:35:16.203,0,sit,00:00:00:00:00:00,-43,11,0,0,0,0,0,0,0,0,0,-97,0,1,0,986881412,0,14,0,0,0,104,0,"[0, 0, -128, 11, -128, 40, -128, 72, -128, 101, -128, 127, -128, 127, -128, 127, -128, 127, -128, 127, -128, 127, -128, 124, -128, 97, -128, 65, -128, 32, -110, 4, -60, -16, -10, -26, 40, -22, 83, -5, 114, 20, 127, 48, 127, 79, 127, 107, 109, 127, 89, 127, 127, -128, 127, -128, 127, -119, 127, -98, 127, -76, 127, -56, 118, -40, 84, -30, 45, -25, 2, -27, -41, -35, -80, -46, -116, -61, -128, -79, -128, -94, -128, -106, -128, -118, -128, -127, -128, -127, -128, -122, -128, -114, -128, -109, -128, -103, -128, -93, -128, -80, -128, -70]",esp32_2
CSI_DATA,141260,2025-08-27 15:35:16.226,0,sit,00:00:00:00:00:00,-43,11,0,0,0,0,0,0,0,0,0,-97,0,1,0,986896305,0,14,0,0,0,104,0,"[0, 0, -121, -128, -128, -128, -128, -128, -128, -128, -128, -128, -128, -128, -128, -128, -128, -128, -128, -128, -128, -128, -128, -128, -128, -128, -122, -128, -81, -117, -41, -89, -7, -52, 16, -11, 26, 32, 24, 73, 11, 106, -10, 127, -34, 127, -57, 127, -79, 127, -94, 117, 127, 27, 127, 42, 127, 58, 127, 68, 127, 74, 120, 72, 93, 62, 67, 43, 45, 15, 24, -20, 8, -58, -3, -92, -9, -124, -11, -128, -13, -128, -14, -128, -15, -128, -18, -128, -21, -128, -24, -128, -32, -128, -44, -128, -57, -128, -71, -128, -80, -128, -83, -128]",esp32_2
CSI_DATA,138188,2025-08-27 15:35:16.236,0,sit,00:00:00:00:00:00,-63,11,0,0,0,0,0,0,0,0,0,-97,0,1,0,4127615580,0,14,0,0,0,104,0,"[0, 0, -128, 70, -128, 61, -128, 52, -128, 56, -128, 60, -128, 66, -128, 79, -128, 93, -120, 107, -117, 117, -121, 127, -125, 127, -126, 127, -128, 127, -128, 109, -127, 79, -126, 59, -107, 29, -85, 10, -54, -7, -24, -22, 7, -22, 31, -21, 57, -10, 71, 3, 55, -107, 64, -112, 67, -118, 71, -121, 73, -123, 74, -121, 70, -119, 69, -120, 67, -119, 62, -110, 56, -117, 48, -111, 43, -94, 33, -95, 25, -89, 16, -90, 7, -75, -4, -62, -11, -37, -29, -20, -48, 1, -66, 26, -98, 37, -124, 61, -128, 71, -128, 70]",esp32_1
CSI_DATA,141261,2025-08-27 15:35:16.247,0,sit,00:00:00:00:00:00,-42,11,0,0,0,0,0,0,0,0,0,-97,0,1,0,986906371,0,14,0,0,0,104,0,"[0, 0, -128, 63, -128, 85, -128, 107, -128, 127, -128, 127, -128, 127, -128, 127, -128, 127, -128, 127, -128, 127, -128, 127, -128, 117, -128, 83, -128, 48, -98, 17, -53, -6, -5, -18, 41, -16, 81, -2, 110, 19, 126, 46, 127, 73, 124, 98, 105, 118, 87, 127, 68, -128, 82, -128, 96, -128, 103, -128, 104, -128, 97, -107, 79, -81, 53, -58, 21, -40, -17, -27, -57, -20, -95, -18, -128, -20, -128, -25, -128, -30, -128, -35, -128, -40, -128, -43, -128, -41, -128, -38, -128, -31, -128, -24, -128, -16, -128, -5, -128, 4, -128, 9]",esp32_2
CSI_DATA,138189,2025-08-27 15:35:16.261,0,sit,00:00:00:00:00:00,-64,11,0,0,0,0,0,0,0,0,0,-97,0,1,0,4127642691,0,14,0,0,0,104,0,"[0, 0, -73, 127, -72, 127, -73, 127, -64, 127, -56, 127, -36, 127, -19, 127, 0, 127, 19, 127, 40, 127, 45, 127, 47, 127, 41, 127, 28, 127, 10, 127, -10, 127, -23, 127, -43, 107, -45, 77, -46, 39, -34, 11, -17, -17, 8, -37, 28, -61, 50, -59, -92, -104, -82, -109, -86, -124, -82, -118, -84, -128, -77, -125, -77, -128, -74, -125, -70, -122, -86, -125, -78, -101, -75, -96, -76, -95, -78, -83, -72, -70, -75, -57, -64, -41, -60, -27, -52, -12, -44, 13, -32, 44, -26, 76, -14, 117, -25, 127, -31, 127, -25, 127]",esp32_1
CSI_DATA,141262,2025-08-27 15:35:16.274,0,sit,00:00:00:00:00:00,-42,11,0,0,0,0,0,0,0,0,0,-97,0,1,0,986910802,0,14,0,0,0,104,0,"[0, 0, 127, -128, 127, -128, 120, -128, 97, -128, 75, -128, 59, -128, 51, -128, 49, -128, 53, -128, 60, -128, 72, -128, 82, -128, 86, -128, 83, -113, 70, -66, 45, -21, 12, 16, -27, 39, -67, 50, -103, 49, -128, 36, -128, 17, -128, -7, -128, -35, -128, -55, 39, 127, 24, 127, 5, 127, -11, 127, -23, 127, -30, 127, -28, 109, -18, 76, -1, 44, 24, 13, 53, -14, 84, -36, 115, -54, 127, -69, 127, -81, 127, -92, 127, -101, 127, -111, 127, -121, 127, -128, 127, -128, 127, -128, 127, -128, 127, -128, 127, -128, 127, -128]",esp32_2
CSI_DATA,138190,2025-08-27 15:35:16.296,0,sit,00:00:00:00:00:00,-63,11,0,0,0,0,0,0,0,0,0,-97,0,1,0,4127674834,0,14,0,0,0,104,0,"[0, 0, -128, 10, -128, 5, -128, -7, -128, 1, -128, 6, -128, 19, -128, 33, -128, 56, -128, 71, -128, 86, -128, 91, -128, 92, -128, 98, -128, 79, -128, 62, -128, 36, -128, 18, -115, -4, -85, -18, -54, -21, -20, -28, 9, -19, 36, -6, 56, 14, 67, 32, 78, -108, 87, -108, 92, -114, 93, -117, 102, -116, 99, -113, 98, -108, 99, -111, 96, -108, 92, -103, 80, -109, 70, -108, 60, -91, 54, -90, 47, -85, 32, -90, 22, -80, 5, -68, -6, -44, -27, -32, -52, -13, -76, 2, -113, 8, -128, 29, -128, 33, -128, 19]",esp32_1
CSI_DATA,141263,2025-08-27 15:35:16.296,0,sit,00:00:00:00:00:00,-43,11,0,0,0,0,0,0,0,0,0,-97,0,1,0,986920687,0,14,0,0,0,104,0,"[0, 0, -128, 127, -128, 127, -128, 127, -128, 127, -110, 127, -96, 127, -89, 127, -89, 127, -91, 127, -95, 127, -103, 127, -109, 127, -108, 127, -97, 98, -77, 54, -47, 14, -12, -16, 30, -34, 72, -41, 108, -35, 127, -20, 127, 0, 127, 26, 127, 52, 127, 70, 4, -128, 19, -128, 36, -128, 48, -128, 56, -128, 57, -128, 49, -98, 34, -70, 9, -43, -23, -18, -59, 3, -93, 19, -125, 31, -128, 39, -128, 45, -128, 52, -128, 57, -128, 62, -128, 69, -128, 77, -128, 87, -128, 100, -128, 112, -128, 124, -128, 127, -128, 127]",esp32_2
CSI_DATA,141264,2025-08-27 15:35:16.320,0,sit,00:00:00:00:00:00,-43,11,0,0,0,0,0,0,0,0,0,-97,0,1,0,986941703,0,14,0,0,0,104,0,"[0, 0, 127, 127, 127, 127, 127, 127, 127, 127, 127, 112, 127, 97, 127, 90, 127, 88, 127, 90, 127, 95, 127, 103, 127, 108, 127, 106, 89, 95, 46, 75, 7, 46, -24, 11, -43, -30, -50, -71, -45, -107, -30, -128, -8, -128, 17, -128, 41, -128, 59, -128, -128, -41, -128, -54, -128, -68, -128, -78, -128, -83, -110, -80, -83, -66, -57, -45, -33, -16, -13, 19, 3, 55, 15, 90, 23, 123, 27, 127, 31, 127, 34, 127, 37, 127, 43, 127, 50, 127, 55, 127, 65, 127, 78, 127, 88, 127, 98, 127, 108, 127, 114, 127]",esp32_2
CSI_DATA,138191,2025-08-27 15:35:16.321,0,sit,00:00:00:00:00:00,-63,11,0,0,0,0,0,0,0,0,0,-97,0,1,0,4127722594,0,14,0,0,0,104,0,"[0, 0, -128, -13, -128, -15, -128, -24, -128, -16, -128, -9, -128, 1, -128, 15, -128, 41, -128, 54, -128, 69, -128, 74, -128, 75, -128, 74, -128, 58, -128, 42, -128, 15, -128, 1, -112, -16, -83, -24, -48, -24, -14, -27, 12, -14, 34, 1, 50, 23, 57, 44, 76, -109, 86, -110, 89, -111, 95, -112, 102, -112, 103, -110, 98, -107, 101, -107, 97, -103, 94, -99, 79, -107, 76, -107, 67, -92, 62, -89, 48, -84, 37, -92, 23, -80, 11, -71, -3, -47, -26, -33, -46, -20, -73, -6, -118, -2, -128, 13, -128, 18, -128, 0]",esp32_1
CSI_DATA,141265,2025-08-27 15:35:16.342,0,sit,00:00:00:00:00:00,-43,11,0,0,0,0,0,0,0,0,0,-97,0,1,0,986960836,0,14,0,0,0,104,0,"[0, 0, -128, 127, -128, 127, -125, 127, -98, 127, -74, 127, -56, 127, -47, 127, -45, 127, -47, 127, -54, 127, -65, 127, -75, 127, -80, 127, -77, 101, -66, 55, -44, 11, -15, -26, 21, -52, 60, -66, 96, -68, 127, -59, 127, -40, 127, -15, 127, 12, 127, 32, -4, -128, 10, -128, 25, -128, 37, -128, 47, -128, 50, -121, 43, -93, 29, -62, 7, -33, -21, -6, -53, 18, -85, 37, -117, 51, -128, 63, -128, 74, -128, 82, -128, 89, -128, 98, -128, 108, -128, 118, -128, 127, -128, 127, -128, 127, -128, 127, -128, 127, -128, 127]",esp32_2
CSI_DATA,138192,2025-08-27 15:35:16.352,0,sit,00:00:00:00:00:00,-63,11,0,0,0,0,0,0,0,0,0,-97,0,1,0,4127748670,0,14,0,0,0,104,0,"[0, 0, -128, -116, -128, -118, -128, -118, -128, -108, -128, -93, -128, -78, -128, -59, -128, -39, -128, -27, -128, -13, -128, -12, -128, -13, -128, -15, -128, -31, -128, -40, -128, -52, -123, -60, -87, -63, -58, -59, -25, -44, -4, -31, 15, -8, 26, 15, 32, 42, 31, 64, 112, -62, 118, -58, 120, -58, 123, -57, 127, -54, 127, -52, 127, -49, 127, -49, 125, -52, 126, -49, 110, -57, 104, -60, 101, -48, 95, -54, 84, -55, 62, -62, 51, -58, 36, -58, 21, -46, -3, -40, -30, -41, -59, -40, -102, -49, -122, -54, -128, -62, -128, -83]",esp32_1
CSI_DATA,141266,2025-08-27 15:35:16.364,0,sit,00:00:00:00:00:00,-43,11,0,0,0,0,0,0,0,0,0,-97,0,1,0,986989782,0,14,0,0,0,104,0,"[0, 0, -43, -128, -68, -128, -92, -128, -115, -128, -128, -128, -128, -128, -128, -128, -128, -128, -128, -128, -128, -128, -128, -128, -127, -128, -90, -128, -50, -125, -11, -89, 22, -43, 42, 8, 48, 58, 41, 103, 25, 127, 2, 127, -27, 127, -61, 127, -90, 127, -106, 127, 127, 127, 127, 127, 107, 127, 84, 127, 63, 127, 43, 127, 26, 101, 15, 66, 9, 25, 8, -20, 12, -63, 21, -103, 34, -128, 47, -128, 57, -128, 64, -128, 70, -128, 72, -128, 69, -128, 64, -128, 55, -128, 46, -128, 37, -128, 25, -128, 15, -128, 10, -128]",esp32_2
CSI_DATA,141267,2025-08-27 15:35:16.386,0,sit,00:00:00:00:00:00,-43,11,0,0,0,0,0,0,0,0,0,-97,0,1,0,987010613,0,14,0,128,-69,104,0,"[0, 0, 127, 74, 127, 50, 127, 26, 127, 1, 127, -22, 127, -40, 127, -52, 127, -57, 127, -56, 127, -47, 127, -32, 127, -13, 127, 3, 104, 18, 63, 28, 18, 28, -24, 20, -60, 1, -87, -26, -101, -55, -104, -83, -97, -108, -81, -127, -59, -128, -41, -128, -128, 81, -128, 69, -128, 52, -128, 36, -128, 20, -117, 8, -89, 1, -56, 0, -23, 5, 11, 19, 43, 37, 71, 54, 95, 71, 117, 90, 127, 108, 127, 123, 127, 127, 127, 127, 127, 127, 127, 127, 127, 127, 127, 127, 127, 127, 127, 127, 127, 127, 127, 127]",esp32_2
CSI_DATA,141268,2025-08-27 15:35:16.407,0,sit,00:00:00:00:00:00,-43,11,0,0,0,0,0,0,0,0,0,-97,0,1,0,987059408,0,14,0,0,0,104,0,"[0, 0, -128, -41, -128, -16, -128, 10, -128, 36, -128, 60, -128, 81, -128, 96, -128, 104, -128, 103, -128, 94, -128, 78, -128, 56, -128, 32, -111, 6, -69, -14, -21, -26, 27, -27, 69, -16, 104, 4, 127, 30, 127, 60, 127, 88, 127, 111, 108, 127, 88, 127, 127, -97, 127, -85, 127, -67, 127, -49, 127, -32, 116, -17, 85, -8, 51, -4, 13, -7, -26, -17, -63, -31, -96, -46, -126, -62, -128, -81, -128, -98, -128, -111, -128, -122, -128, -128, -128, -128, -128, -125, -128, -120, -128, -117, -128, -114, -128, -108, -128, -104, -128, -102]",esp32_2
CSI_DATA,141269,2025-08-27 15:35:16.433,0,sit,00:00:00:00:00:00,-43,11,0,0,0,0,0,0,0,0,0,-97,0,1,0,987098405,0,14,0,0,0,104,0,"[0, 0, -128, 127, -104, 127, -74, 127, -44, 127, -18, 127, 4, 127, 20, 127, 27, 127, 28, 127, 22, 127, 9, 127, -8, 127, -23, 127, -36, 97, -44, 53, -42, 5, -31, -39, -9, -77, 19, -106, 49, -124, 80, -128, 107, -125, 127, -108, 127, -84, 127, -63, 5, -128, 18, -128, 32, -128, 42, -128, 49, -128, 49, -106, 42, -75, 29, -43, 9, -12, -16, 17, -44, 43, -74, 66, -104, 84, -128, 99, -128, 114, -128, 127, -128, 127, -128, 127, -128, 127, -128, 127, -128, 127, -128, 127, -128, 127, -128, 127, -128, 127, -128, 127]",esp32_2
CSI_DATA,138194,2025-08-27 15:35:16.448,0,sit,00:00:00:00:00:00,-63,11,0,0,0,0,0,0,0,0,0,-97,0,1,0,4127835290,0,14,0,0,0,104,0,"[0, 0, -5, -128, 1, -128, 0, -128, -1, -128, -5, -128, -17, -128, -33, -128, -48, -128, -62, -128, -70, -128, -84, -128, -85, -128, -78, -128, -52, -128, -39, -128, -18, -128, 3, -128, 19, -103, 27, -78, 23, -42, 13, -19, 1, 11, -12, 26, -27, 43, -46, 47, 121, 40, 127, 48, 124, 54, 126, 62, 127, 63, 126, 73, 120, 71, 120, 73, 113, 72, 117, 63, 111, 58, 107, 51, 108, 43, 106, 37, 98, 29, 81, 16, 73, 11, 65, -3, 54, -20, 40, -36, 18, -54, 9, -81, -17, -104, -16, -128, -19, -128, -27, -128]",esp32_1
CSI_DATA,141270,2025-08-27 15:35:16.454,0,sit,00:00:00:00:00:00,-43,11,0,0,0,0,0,0,0,0,0,-97,0,1,0,987131422,0,14,0,0,0,104,0,"[0, 0, 118, 127, 127, 127, 127, 127, 127, 127, 127, 127, 127, 127, 127, 127, 127, 124, 127, 120, 127, 120, 127, 123, 127, 121, 99, 111, 57, 94, 16, 67, -19, 31, -45, -11, -57, -55, -57, -98, -46, -128, -26, -128, -2, -128, 24, -128, 50, -128, 67, -128, -128, -84, -128, -96, -128, -105, -128, -108, -106, -104, -82, -93, -58, -73, -34, -45, -15, -10, -1, 30, 9, 72, 15, 110, 17, 127, 16, 127, 15, 127, 14, 127, 16, 127, 21, 127, 28, 127, 35, 127, 48, 127, 61, 127, 73, 127, 87, 127, 97, 127, 101, 127]",esp32_2
CSI_DATA,138195,2025-08-27 15:35:16.476,0,sit,00:00:00:00:00:00,-62,11,0,0,0,0,0,0,0,0,0,-97,0,1,0,4127872528,0,14,0,0,0,104,0,"[0, 0, 92, 127, 88, 127, 88, 127, 79, 127, 82, 127, 84, 127, 97, 127, 110, 127, 121, 127, 127, 127, 127, 127, 127, 127, 127, 127, 115, 127, 95, 127, 72, 127, 43, 127, 18, 105, 3, 83, -7, 45, -8, 19, -3, -7, 7, -30, 20, -54, 38, -65, -128, 29, -128, 20, -128, 12, -128, 9, -128, 7, -128, -1, -128, -4, -128, -5, -128, -5, -128, 0, -128, 7, -126, 11, -126, 11, -119, 18, -112, 21, -92, 29, -80, 34, -60, 37, -49, 44, -24, 54, -1, 64, 24, 82, 59, 100, 68, 127, 84, 127, 107, 127]",esp32_1
CSI_DATA,141271,2025-08-27 15:35:16.476,0,sit,00:00:00:00:00:00,-43,11,0,0,0,0,0,0,0,0,0,-97,0,1,0,987160154,0,14,0,0,0,104,0,"[0, 0, -128, 86, -128, 101, -128, 120, -128, 127, -128, 127, -128, 127, -128, 127, -128, 127, -128, 127, -128, 127, -128, 127, -128, 127, -124, 94, -105, 53, -76, 14, -35, -23, 11, -50, 58, -63, 105, -64, 127, -53, 127, -31, 127, -4, 127, 27, 127, 56, 127, 74, 127, -128, 127, -128, 127, -123, 127, -100, 127, -78, 113, -54, 84, -35, 49, -19, 9, -7, -36, -1, -81, -3, -122, -6, -128, -11, -128, -17, -128, -23, -128, -27, -128, -30, -128, -28, -128, -21, -128, -10, -128, 5, -128, 18, -128, 28, -128, 39, -128, 51, -128, 56]",esp32_2
CSI_DATA,141272,2025-08-27 15:35:16.498,0,sit,00:00:00:00:00:00,-43,11,0,0,0,0,0,0,0,0,0,-97,0,1,0,987182185,0,14,0,0,0,104,0,"[0, 0, 127, -128, 127, -128, 127, -128, 127, -128, 101, -128, 81, -128, 68, -128, 62, -128, 62, -128, 66, -128, 72, -128, 77, -128, 76, -116, 70, -75, 56, -32, 34, 11, 3, 45, -34, 67, -74, 78, -109, 77, -128, 65, -128, 45, -128, 20, -128, -8, -128, -28, -28, 127, -40, 127, -53, 127, -61, 127, -64, 119, -59, 93, -47, 64, -28, 37, -2, 11, 30, -11, 64, -30, 98, -46, 127, -57, 127, -65, 127, -73, 127, -81, 127, -87, 127, -95, 127, -104, 127, -113, 127, -126, 127, -128, 127, -128, 127, -128, 127, -128, 127, -128]",esp32_2
CSI_DATA,138196,2025-08-27 15:35:16.506,0,sit,00:00:00:00:00:00,-63,11,0,0,0,0,0,0,0,0,0,-97,0,1,0,4127897963,0,14,0,0,0,104,0,"[0, 0, 112, 127, 97, 127, 99, 127, 86, 127, 94, 127, 99, 127, 115, 127, 127, 127, 127, 127, 127, 127, 127, 127, 127, 127, 127, 127, 127, 127, 98, 127, 72, 127, 41, 127, 13, 127, 1, 97, -8, 55, -3, 23, 8, -6, 23, -31, 38, -57, 62, -62, -128, 65, -128, 55, -128, 47, -128, 43, -128, 40, -128, 33, -128, 31, -128, 23, -128, 27, -128, 27, -128, 34, -128, 36, -128, 35, -128, 39, -128, 42, -109, 52, -95, 51, -76, 59, -58, 64, -33, 73, 0, 83, 30, 110, 67, 127, 80, 127, 103, 127, 119, 127]",esp32_1
CSI_DATA,141273,2025-08-27 15:35:16.521,0,sit,00:00:00:00:00:00,-42,11,0,0,0,0,0,0,0,0,0,-97,0,1,0,987216268,0,14,0,0,0,104,0,"[0, 0, 75, 127, 91, 127, 110, 127, 127, 127, 127, 127, 127, 127, 127, 127, 127, 127, 127, 127, 127, 127, 127, 127, 115, 127, 79, 127, 37, 115, 0, 76, -29, 28, -48, -25, -51, -78, -41, -125, -20, -128, 11, -128, 44, -128, 73, -128, 99, -128, 115, -128, -128, -121, -128, -128, -128, -128, -125, -128, -101, -128, -75, -110, -51, -83, -30, -47, -15, -4, -5, 43, 0, 91, -1, 127, -7, 127, -15, 127, -22, 127, -30, 127, -35, 127, -35, 127, -32, 127, -24, 127, -12, 127, 0, 127, 12, 127, 25, 127, 36, 127, 44, 127]",esp32_2
CSI_DATA,138197,2025-08-27 15:35:16.531,0,sit,00:00:00:00:00:00,-63,11,0,0,0,0,0,0,0,0,0,-97,0,1,0,4127932558,0,14,0,0,0,104,0,"[0, 0, 127, -102, 127, -93, 127, -85, 127, -90, 127, -81, 127, -89, 127, -98, 127, -113, 127, -120, 127, -128, 127, -128, 127, -128, 127, -126, 127, -113, 127, -96, 127, -63, 127, -42, 98, -21, 77, -7, 48, 1, 13, 7, -11, -1, -32, -11, -47, -26, -53, -42, 47, 123, 39, 127, 36, 127, 32, 127, 26, 127, 24, 127, 22, 127, 17, 127, 20, 127, 17, 127, 23, 127, 24, 124, 24, 110, 29, 104, 34, 92, 38, 89, 38, 77, 43, 60, 49, 31, 58, 10, 65, -14, 80, -38, 98, -53, 121, -81, 127, -96, 127, -97]",esp32_1
CSI_DATA,141274,2025-08-27 15:35:16.543,0,sit,00:00:00:00:00:00,-43,11,0,0,0,0,0,0,0,0,0,-97,0,1,0,987253629,0,14,0,0,0,104,0,"[0, 0, -92, -128, -105, -128, -121, -128, -128, -128, -128, -128, -128, -128, -128, -128, -128, -128, -128, -128, -128, -128, -128, -128, -122, -128, -86, -128, -44, -108, -5, -73, 28, -27, 50, 21, 57, 70, 52, 117, 34, 127, 7, 127, -24, 127, -54, 127, -81, 127, -99, 127, 127, 112, 127, 121, 127, 126, 113, 126, 90, 118, 67, 101, 45, 75, 26, 41, 10, 1, -1, -43, -5, -87, -3, -128, 2, -128, 9, -128, 14, -128, 18, -128, 21, -128, 19, -128, 14, -128, 6, -128, -7, -128, -18, -128, -28, -128, -41, -128, -52, -128, -59, -128]",esp32_2
CSI_DATA,138198,2025-08-27 15:35:16.564,0,sit,00:00:00:00:00:00,-63,11,0,0,0,0,0,0,0,0,0,-97,0,1,0,4127957629,0,14,0,0,0,104,0,"[0, 0, -128, 127, -128, 127, -128, 127, -124, 127, -111, 127, -91, 127, -70, 127, -60, 127, -50, 127, -40, 127, -37, 127, -50, 127, -55, 127, -74, 127, -80, 127, -86, 127, -90, 107, -86, 74, -70, 45, -46, 24, -19, 7, 10, -7, 34, -6, 54, -7, 69, 5, -104, -94, -101, -102, -97, -113, -98, -118, -95, -126, -92, -128, -86, -126, -82, -128, -80, -123, -88, -116, -81, -112, -81, -103, -83, -89, -85, -82, -84, -72, -76, -64, -72, -48, -67, -34, -61, -7, -62, 18, -58, 46, -61, 77, -59, 105, -73, 127, -87, 127, -97, 127]",esp32_1
CSI_DATA,141275,2025-08-27 15:35:16.564,0,sit,00:00:00:00:00:00,-43,11,0,0,0,0,0,0,0,0,0,-97,0,1,0,987279028,0,14,0,0,0,104,0,"[0, 0, -128, -128, -128, -128, -128, -128, -128, -120, -128, -93, -128, -72, -128, -58, -128, -49, -128, -45, -128, -46, -128, -53, -128, -60, -115, -62, -74, -60, -29, -50, 15, -30, 52, -2, 78, 33, 93, 72, 95, 108, 86, 127, 69, 127, 45, 127, 18, 127, -4, 127, 127, 36, 127, 47, 127, 57, 127, 62, 109, 64, 82, 60, 55, 48, 28, 28, 1, 0, -24, -34, -43, -68, -58, -101, -69, -128, -78, -128, -85, -128, -92, -128, -99, -128, -108, -128, -116, -128, -125, -128, -128, -128, -128, -128, -128, -128, -128, -128, -128, -128, -128, -128]",esp32_2
CSI_DATA,138199,2025-08-27 15:35:16.590,0,sit,00:00:00:00:00:00,-63,11,0,0,0,0,0,0,0,0,0,-97,0,1,0,4127994018,0,14,0,0,0,104,0,"[0, 0, -128, -58, -128, -63, -128, -70, -128, -62, -128, -50, -128, -40, -128, -23, -128, -8, -128, 4, -128, 16, -128, 12, -128, 10, -128, 3, -128, -14, -128, -28, -128, -41, -121, -47, -90, -48, -57, -46, -33, -34, -7, -21, 9, 2, 20, 24, 21, 49, 15, 65, 57, -121, 70, -122, 75, -120, 81, -121, 89, -122, 95, -119, 92, -111, 95, -111, 86, -105, 87, -99, 75, -103, 67, -96, 65, -88, 55, -88, 44, -83, 25, -86, 14, -83, 1, -72, -12, -54, -29, -45, -57, -36, -79, -29, -116, -27, -128, -20, -128, -23, -128, -37]",esp32_1
CSI_DATA,141276,2025-08-27 15:35:16.590,0,sit,00:00:00:00:00:00,-43,11,0,0,0,0,0,0,0,0,0,-97,0,1,0,987313095,0,14,0,0,0,104,0,"[0, 0, -128, -128, -128, -115, -128, -87, -128, -60, -128, -32, -128, -14, -128, 0, -128, 11, -128, 11, -128, 4, -128, -8, -128, -21, -128, -32, -92, -40, -46, -42, 2, -37, 46, -22, 82, 3, 110, 34, 124, 66, 125, 97, 113, 123, 93, 127, 70, 127, 49, 127, 127, -2, 127, 8, 127, 19, 127, 28, 123, 36, 96, 37, 67, 30, 35, 17, 3, -1, -26, -29, -52, -59, -73, -89, -92, -117, -112, -128, -128, -128, -128, -128, -128, -128, -128, -128, -128, -128, -128, -128, -128, -128, -128, -128, -128, -128, -128, -128, -128, -128, -128, -128]",esp32_2
CSI_DATA,141277,2025-08-27 15:35:16.606,0,sit,00:00:00:00:00:00,-43,11,0,0,0,0,0,0,0,0,0,-97,0,1,0,987361097,0,14,0,0,-65,104,0,"[0, 0, -6, -128, -24, -128, -43, -128, -62, -128, -81, -128, -98, -128, -111, -128, -118, -128, -117, -128, -106, -128, -89, -128, -66, -128, -40, -128, -12, -101, 13, -61, 32, -14, 40, 34, 34, 79, 19, 119, -4, 127, -33, 127, -64, 127, -92, 127, -112, 127, -123, 122, 110, 127, 97, 127, 78, 127, 58, 127, 40, 127, 24, 107, 13, 76, 6, 42, 4, 1, 9, -42, 20, -84, 33, -121, 48, -128, 64, -128, 79, -128, 91, -128, 102, -128, 107, -128, 106, -128, 100, -128, 91, -128, 82, -128, 75, -128, 64, -128, 52, -128, 43, -128]",esp32_2
CSI_DATA,141278,2025-08-27 15:35:16.635,0,sit,00:00:00:00:00:00,-43,11,0,0,0,0,0,0,0,0,0,-97,0,1,0,987401868,0,14,0,0,0,104,0,"[0, 0, 127, 127, 127, 127, 127, 127, 127, 127, 127, 120, 127, 99, 127, 85, 127, 77, 127, 72, 127, 69, 127, 73, 127, 77, 98, 75, 59, 66, 19, 50, -20, 25, -52, -7, -72, -46, -82, -85, -79, -120, -65, -128, -46, -128, -22, -128, 4, -128, 23, -128, -128, -35, -128, -45, -128, -56, -128, -63, -106, -64, -81, -59, -54, -45, -26, -25, 1, 3, 24, 37, 42, 72, 56, 106, 66, 127, 73, 127, 78, 127, 82, 127, 86, 127, 93, 127, 98, 127, 104, 127, 115, 127, 127, 127, 127, 127, 127, 127, 127, 127, 127, 127]",esp32_2
CSI_DATA,141279,2025-08-27 15:35:16.656,0,sit,00:00:00:00:00:00,-43,11,0,0,0,0,0,0,0,0,0,-97,0,1,0,987428546,0,14,0,0,0,104,0,"[0, 0, 26, -128, 7, -128, -12, -128, -31, -128, -52, -128, -71, -128, -85, -128, -94, -128, -95, -128, -87, -128, -71, -128, -49, -128, -23, -128, 3, -104, 25, -58, 38, -4, 40, 49, 27, 96, 4, 127, -26, 127, -60, 127, -93, 127, -120, 127, -128, 127, -128, 122, 107, 127, 92, 127, 69, 127, 47, 127, 28, 127, 13, 113, 3, 78, -1, 39, 2, -6, 12, -53, 27, -97, 45, -128, 66, -128, 89, -128, 108, -128, 123, -128, 127, -128, 127, -128, 127, -128, 127, -128, 127, -128, 119, -128, 109, -128, 96, -128, 84, -128, 79, -128]",esp32_2
CSI_DATA,138201,2025-08-27 15:35:16.677,0,sit,00:00:00:00:00:00,-63,11,0,0,0,0,0,0,0,0,0,-97,0,1,0,4128687282,0,14,0,0,0,104,0,"[0, 0, -128, 35, -128, 31, -128, 21, -128, 27, -128, 33, -128, 45, -128, 57, -128, 72, -128, 82, -128, 93, -128, 94, -128, 88, -128, 76, -128, 54, -128, 32, -128, 13, -120, 0, -91, -9, -63, -8, -33, 6, -11, 14, 5, 37, 10, 51, 6, 71, -4, 84, -63, -114, -55, -127, -54, -128, -44, -128, -38, -128, -35, -128, -33, -128, -31, -128, -31, -126, -38, -116, -42, -122, -45, -118, -41, -104, -47, -100, -47, -93, -49, -93, -52, -82, -57, -72, -58, -42, -64, -19, -76, 3, -98, 22, -127, 36, -128, 58, -128, 64, -128, 57]",esp32_1
CSI_DATA,141280,2025-08-27 15:35:16.677,0,sit,00:00:00:00:00:00,-43,11,0,0,0,0,0,0,0,0,0,-97,0,1,0,987461900,0,14,0,0,0,104,0,"[0, 0, -128, 127, -111, 127, -87, 127, -64, 127, -41, 127, -19, 127, -3, 127, 5, 127, 6, 127, 2, 127, -7, 127, -19, 127, -29, 123, -36, 82, -38, 37, -31, -10, -16, -54, 9, -89, 42, -116, 75, -128, 107, -128, 127, -119, 127, -98, 127, -72, 127, -49, -30, -128, -18, -128, -2, -128, 11, -128, 20, -126, 24, -97, 19, -65, 9, -30, -7, 6, -30, 41, -59, 72, -87, 98, -116, 118, -128, 127, -128, 127, -128, 127, -128, 127, -128, 127, -128, 127, -128, 127, -128, 127, -128, 127, -128, 127, -128, 127, -128, 127, -128, 127]",esp32_2
CSI_DATA,138202,2025-08-27 15:35:16.702,0,sit,00:00:00:00:00:00,-63,11,0,0,0,0,0,0,0,0,0,-97,0,1,0,4128695441,0,14,0,0,0,104,0,"[0, 0, -91, -128, -80, -128, -81, -128, -75, -128, -78, -128, -90, -128, -101, -128, -128, -128, -128, -128, -128, -128, -128, -128, -128, -128, -128, -128, -105, -128, -74, -128, -47, -128, -20, -128, -7, -114, -5, -77, -9, -40, -27, -17, -51, 6, -66, 13, -92, 24, -109, 16, 127, -116, 127, -106, 127, -95, 127, -87, 127, -83, 127, -71, 127, -70, 127, -66, 127, -67, 127, -72, 127, -77, 127, -80, 127, -75, 127, -81, 119, -80, 93, -86, 80, -80, 70, -86, 47, -78, 17, -89, -16, -101, -46, -120, -89, -128, -95, -128, -109, -128, -124, -128]",esp32_1
CSI_DATA,141281,2025-08-27 15:35:16.702,0,sit,00:00:00:00:00:00,-43,11,0,0,0,0,0,0,0,0,0,-97,0,1,0,987476951,0,14,0,0,0,104,0,"[0, 0, 127, -128, 127, -128, 127, -128, 127, -128, 102, -128, 80, -128, 64, -128, 54, -128, 48, -128, 47, -128, 51, -128, 57, -128, 59, -112, 57, -69, 48, -24, 30, 21, 3, 59, -32, 87, -70, 103, -107, 107, -128, 100, -128, 84, -128, 60, -128, 32, -128, 10, -23, 127, -35, 127, -48, 127, -55, 127, -57, 112, -52, 83, -39, 53, -20, 23, 7, -5, 41, -32, 76, -55, 109, -73, 127, -86, 127, -96, 127, -105, 127, -111, 127, -118, 127, -127, 127, -128, 127, -128, 127, -128, 127, -128, 127, -128, 127, -128, 127, -128, 127, -128]",esp32_2
CSI_DATA,141282,2025-08-27 15:35:16.723,0,sit,00:00:00:00:00:00,-43,11,0,0,0,0,0,0,0,0,0,-97,0,1,0,987523785,0,14,0,0,0,104,0,"[0, 0, -128, 127, -128, 127, -128, 127, -111, 127, -87, 127, -64, 127, -47, 127, -38, 127, -35, 127, -36, 127, -41, 127, -48, 127, -51, 114, -50, 72, -42, 27, -25, -18, 0, -59, 33, -88, 71, -105, 106, -109, 127, -102, 127, -85, 127, -62, 127, -34, 127, -14, -22, -128, -9, -128, 8, -128, 20, -128, 26, -121, 27, -92, 21, -58, 8, -24, -12, 10, -38, 45, -69, 75, -99, 98, -128, 116, -128, 127, -128, 127, -128, 127, -128, 127, -128, 127, -128, 127, -128, 127, -128, 127, -128, 127, -128, 127, -128, 127, -128, 127, -128, 127]",esp32_2
CSI_DATA,138203,2025-08-27 15:35:16.731,0,sit,00:00:00:00:00:00,-62,11,0,0,0,0,0,0,0,0,0,-97,0,1,0,4128705436,0,14,0,0,0,104,0,"[0, 0, -128, 127, -128, 127, -128, 127, -128, 127, -119, 127, -102, 127, -81, 127, -75, 127, -63, 127, -76, 127, -79, 127, -95, 127, -101, 127, -108, 127, -128, 127, -93, 96, -107, 77, -77, 51, -55, 34, -22, 23, 2, 23, 29, 24, 42, 38, 51, 54, 54, 72, -119, -54, -128, -71, -115, -73, -128, -88, -109, -82, -126, -104, -111, -87, -112, -85, -108, -86, -104, -65, -103, -79, -103, -71, -105, -60, -112, -58, -119, -51, -91, -44, -98, -43, -81, -23, -83, 4, -73, 31, -63, 60, -71, 91, -67, 100, -93, 127, -111, 127, -128, 127]",esp32_1
CSI_DATA,138204,2025-08-27 15:35:16.755,0,sit,00:00:00:00:00:00,-62,11,0,0,0,0,0,0,0,0,0,-97,0,1,0,4128716685,0,14,0,0,0,104,0,"[0, 0, -12, -128, -2, -128, -2, -128, -1, -128, -11, -128, -24, -128, -43, -128, -60, -128, -72, -128, -82, -128, -83, -128, -78, -128, -66, -128, -33, -128, -14, -128, -2, -128, 17, -123, 23, -92, 18, -59, 1, -32, -21, -19, -44, -4, -60, -5, -80, 1, -88, -10, 125, -56, 127, -47, 127, -37, 127, -29, 127, -25, 127, -16, 127, -14, 127, -11, 127, -12, 127, -27, 123, -27, 119, -35, 124, -37, 124, -41, 118, -40, 93, -39, 85, -44, 66, -46, 56, -56, 35, -65, 13, -82, -7, -108, -33, -127, -39, -128, -44, -128, -46, -128]",esp32_1
CSI_DATA,138205,2025-08-27 15:35:16.787,0,sit,00:00:00:00:00:00,-62,11,0,0,0,0,0,0,0,0,0,-97,0,1,0,4128725510,0,14,0,0,0,104,0,"[0, 0, 127, -104, 127, -86, 127, -79, 127, -78, 127, -75, 127, -87, 127, -98, 127, -116, 127, -128, 127, -128, 127, -128, 127, -128, 127, -125, 127, -107, 127, -79, 127, -54, 126, -29, 95, -17, 67, -11, 34, -11, 4, -23, -16, -41, -25, -55, -27, -71, -21, -87, 91, 104, 84, 115, 80, 126, 74, 125, 70, 127, 63, 127, 57, 127, 56, 127, 60, 122, 62, 114, 70, 116, 71, 111, 73, 92, 75, 95, 74, 86, 75, 86, 69, 77, 68, 61, 73, 33, 72, 10, 79, -21, 95, -48, 117, -65, 127, -95, 127, -110, 127, -107]",esp32_1
CSI_DATA,138206,2025-08-27 15:35:16.818,0,sit,00:00:00:00:00:00,-63,11,0,0,0,0,0,0,0,0,0,-97,0,1,0,4128735500,0,14,0,0,0,104,0,"[0, 0, -128, -36, -128, -42, -128, -47, -128, -38, -128, -31, -128, -13, -128, 3, -128, 18, -128, 28, -128, 40, -128, 36, -128, 23, -128, 14, -128, -7, -128, -20, -128, -37, -115, -38, -79, -36, -58, -24, -32, -2, -16, 13, -8, 36, -6, 52, -17, 75, -31, 80, -21, -128, -7, -128, -4, -128, 2, -128, 9, -128, 17, -128, 14, -128, 15, -128, 12, -127, 7, -123, -4, -127, -6, -126, -4, -111, -10, -114, -9, -108, -19, -107, -22, -99, -32, -82, -38, -58, -54, -41, -73, -25, -100, -8, -128, -3, -128, 4, -128, 4, -128, -12]",esp32_1
CSI_DATA,141285,2025-08-27 15:35:16.828,0,sit,00:00:00:00:00:00,-43,11,0,0,0,0,0,0,0,0,0,-97,0,1,0,987614360,0,14,0,0,0,104,0,"[0, 0, -128, 127, -110, 127, -85, 127, -62, 127, -39, 127, -19, 127, -3, 127, 7, 127, 10, 127, 8, 127, -1, 127, -13, 127, -23, 111, -32, 71, -36, 27, -31, -19, -17, -63, 8, -100, 38, -126, 69, -128, 101, -128, 127, -128, 127, -115, 127, -90, 127, -69, -34, -128, -21, -128, -4, -128, 10, -128, 19, -115, 23, -85, 19, -49, 9, -11, -7, 26, -30, 62, -58, 95, -85, 120, -113, 127, -128, 127, -128, 127, -128, 127, -128, 127, -128, 127, -128, 127, -128, 127, -128, 127, -128, 127, -128, 127, -128, 127, -128, 127, -128, 127]",esp32_2
CSI_DATA,141286,2025-08-27 15:35:16.850,0,sit,00:00:00:00:00:00,-42,11,0,0,0,0,0,0,0,0,0,-97,0,1,0,987633419,0,14,0,0,0,104,0,"[0, 0, -128, 127, -128, 127, -128, 127, -128, 127, -128, 127, -128, 127, -128, 127, -128, 127, -128, 127, -127, 127, -122, 124, -112, 98, -96, 67, -75, 30, -47, -7, -11, -38, 30, -61, 73, -73, 115, -73, 127, -61, 127, -41, 127, -15, 127, 15, 127, 43, 127, 61, 94, -128, 101, -128, 105, -123, 102, -99, 93, -73, 75, -45, 49, -21, 15, -1, -25, 15, -68, 25, -111, 30, -128, 30, -128, 27, -128, 23, -128, 19, -128, 16, -128, 16, -128, 19, -128, 27, -128, 40, -128, 55, -128, 71, -128, 86, -128, 102, -128, 116, -128, 123]",esp32_2
CSI_DATA,138207,2025-08-27 15:35:16.861,0,sit,00:00:00:00:00:00,-63,11,0,0,0,0,0,0,0,0,0,-97,0,1,0,4128745450,0,14,0,0,0,104,0,"[0, 0, -85, 127, -86, 127, -81, 127, -76, 127, -63, 127, -45, 127, -29, 127, -13, 127, -4, 127, -5, 127, -8, 127, -18, 127, -26, 127, -48, 127, -57, 127, -62, 127, -65, 100, -58, 68, -42, 46, -17, 26, 12, 17, 35, 20, 54, 24, 65, 30, 69, 46, -128, 5, -128, -4, -128, -16, -128, -21, -128, -29, -128, -37, -128, -34, -126, -37, -123, -30, -127, -24, -120, -22, -115, -18, -121, -12, -121, -6, -115, -4, -105, 0, -95, 3, -84, 14, -73, 31, -55, 47, -45, 72, -35, 98, -24, 127, -33, 127, -37, 127, -44, 127]",esp32_1
CSI_DATA,141287,2025-08-27 15:35:16.876,0,sit,00:00:00:00:00:00,-43,11,0,0,0,0,0,0,0,0,0,-97,0,1,0,987669286,0,14,0,0,0,104,0,"[0, 0, -128, 127, -128, 127, -128, 127, -128, 127, -107, 127, -82, 127, -61, 127, -47, 127, -41, 127, -40, 127, -43, 127, -47, 127, -48, 94, -47, 54, -42, 11, -29, -34, -9, -74, 21, -107, 56, -128, 88, -128, 119, -128, 127, -125, 127, -101, 127, -75, 127, -55, 60, -128, 69, -128, 78, -128, 82, -107, 79, -80, 66, -48, 44, -18, 17, 11, -16, 38, -54, 60, -93, 77, -128, 88, -128, 96, -128, 103, -128, 111, -128, 118, -128, 125, -128, 127, -128, 127, -128, 127, -128, 127, -128, 127, -128, 127, -128, 127, -128, 127, -128, 127]",esp32_2
CSI_DATA,138208,2025-08-27 15:35:16.897,0,sit,00:00:00:00:00:00,-63,11,0,0,0,0,0,0,0,0,0,-97,0,1,0,4128756414,0,14,0,0,0,104,0,"[0, 0, -128, 125, -128, 110, -128, 94, -128, 102, -128, 102, -128, 110, -128, 123, -128, 127, -128, 127, -128, 127, -128, 127, -128, 127, -128, 127, -128, 127, -128, 92, -128, 66, -128, 36, -112, 17, -79, 11, -42, 14, -3, 26, 18, 44, 33, 63, 31, 83, 24, 102, -118, -114, -109, -127, -108, -128, -99, -128, -95, -128, -85, -128, -85, -128, -84, -128, -83, -128, -88, -127, -91, -128, -90, -121, -93, -107, -94, -105, -94, -98, -90, -95, -87, -82, -87, -70, -82, -35, -87, -3, -95, 28, -106, 67, -128, 82, -128, 118, -128, 127, -128, 127]",esp32_1
CSI_DATA,141288,2025-08-27 15:35:16.897,0,sit,00:00:00:00:00:00,-42,11,0,0,0,0,0,0,0,0,0,-97,0,1,0,987694658,0,14,0,0,0,104,0,"[0, 0, 127, -20, 127, -28, 127, -36, 127, -46, 127, -55, 127, -64, 127, -73, 127, -78, 127, -81, 127, -78, 127, -66, 112, -47, 91, -23, 65, 2, 34, 23, -5, 40, -45, 47, -84, 43, -118, 32, -128, 13, -128, -10, -128, -31, -128, -52, -128, -72, -128, -84, -128, 77, -128, 63, -128, 43, -120, 25, -100, 10, -74, -4, -42, -13, -6, -16, 32, -13, 70, -7, 106, 3, 127, 17, 127, 33, 127, 49, 127, 65, 127, 76, 127, 84, 127, 86, 127, 82, 127, 76, 127, 65, 127, 52, 127, 33, 127, 13, 127, 1, 127, -1]",esp32_2
CSI_DATA,141289,2025-08-27 15:35:16.912,0,sit,00:00:00:00:00:00,-42,11,0,0,0,0,0,0,0,0,0,-97,0,1,0,987733701,0,14,0,0,0,104,0,"[0, 0, -45, -128, -51, -128, -56, -128, -63, -128, -72, -128, -82, -128, -89, -128, -94, -128, -93, -128, -85, -128, -71, -128, -51, -127, -29, -102, -4, -71, 17, -33, 34, 9, 42, 52, 38, 94, 25, 127, 4, 127, -22, 127, -50, 127, -75, 127, -94, 127, -106, 127, 115, 127, 100, 127, 76, 127, 52, 120, 31, 103, 12, 77, -1, 42, -9, 3, -11, -41, -7, -86, 3, -128, 16, -128, 30, -128, 44, -128, 56, -128, 64, -128, 70, -128, 71, -128, 67, -128, 59, -128, 44, -128, 29, -128, 16, -128, 1, -128, -13, -128, -20, -128]",esp32_2
CSI_DATA,138209,2025-08-27 15:35:16.924,0,sit,00:00:00:00:00:00,-63,11,0,0,0,0,0,0,0,0,0,-97,0,1,0,4128768436,0,14,0,0,0,104,0,"[0, 0, 127, 127, 109, 127, 103, 127, 102, 127, 107, 127, 117, 127, 127, 127, 127, 127, 127, 127, 127, 127, 127, 127, 127, 127, 127, 127, 127, 127, 101, 127, 79, 127, 47, 127, 26, 103, 16, 67, 20, 32, 27, 3, 47, -18, 63, -35, 80, -37, 95, -35, -102, 114, -119, 114, -128, 98, -128, 97, -128, 94, -128, 87, -128, 87, -128, 86, -122, 81, -119, 95, -117, 88, -105, 89, -105, 95, -106, 98, -97, 100, -83, 90, -72, 82, -51, 85, -34, 88, -1, 93, 31, 94, 63, 107, 95, 119, 115, 127, 127, 127, 127, 127]",esp32_1
CSI_DATA,141290,2025-08-27 15:35:16.938,0,sit,00:00:00:00:00:00,-42,11,0,0,0,0,0,0,0,0,0,-97,0,1,0,987774519,0,14,0,0,0,104,0,"[0, 0, -128, -128, -128, -128, -128, -128, -128, -128, -128, -116, -128, -92, -128, -72, -128, -57, -128, -47, -128, -41, -128, -41, -125, -43, -94, -44, -54, -43, -11, -36, 32, -22, 69, 0, 99, 29, 120, 63, 127, 95, 125, 124, 113, 127, 94, 127, 71, 127, 51, 127, 127, 28, 127, 39, 127, 50, 118, 55, 89, 54, 55, 48, 21, 32, -12, 7, -43, -24, -71, -58, -95, -95, -111, -128, -122, -128, -128, -128, -128, -128, -128, -128, -128, -128, -128, -128, -128, -128, -128, -128, -128, -128, -128, -128, -128, -128, -128, -128, -128, -128, -128, -128]",esp32_2
CSI_DATA,138210,2025-08-27 15:35:16.957,0,sit,00:00:00:00:00:00,-63,11,0,0,0,0,0,0,0,0,0,-97,0,1,0,4128776974,0,14,0,0,0,104,0,"[0, 0, 127, 33, 127, 43, 127, 47, 127, 35, 127, 26, 127, 9, 127, -8, 127, -26, 127, -30, 127, -39, 127, -36, 127, -25, 127, -18, 127, 1, 127, 15, 127, 33, 114, 37, 82, 34, 57, 21, 34, 4, 12, -10, 9, -36, 6, -55, 15, -77, 29, -85, 18, 127, 7, 127, 0, 127, -9, 127, -14, 127, -20, 127, -16, 127, -20, 127, -11, 127, -13, 123, -1, 126, 7, 125, 1, 113, 6, 111, 8, 107, 15, 110, 20, 99, 29, 81, 34, 60, 52, 42, 69, 22, 96, 9, 127, 12, 127, -3, 127, 2, 127, 16]",esp32_1
CSI_DATA,141291,2025-08-27 15:35:16.966,0,sit,00:00:00:00:00:00,-43,11,0,0,0,0,0,0,0,0,0,-97,0,1,0,987816577,0,14,0,0,0,104,0,"[0, 0, 127, 74, 127, 62, 127, 47, 127, 31, 127, 13, 127, -2, 127, -16, 127, -25, 127, -27, 127, -25, 127, -17, 122, -4, 94, 8, 59, 22, 21, 34, -21, 39, -63, 37, -102, 24, -128, 4, -128, -19, -128, -45, -128, -71, -128, -94, -128, -112, -121, -121, -128, 14, -128, 1, -128, -14, -127, -27, -98, -36, -64, -39, -26, -32, 13, -19, 52, 1, 87, 27, 117, 55, 127, 83, 127, 109, 127, 127, 127, 127, 127, 127, 127, 127, 127, 127, 127, 127, 127, 127, 127, 127, 127, 127, 127, 127, 127, 123, 127, 111, 127, 104]",esp32_2
CSI_DATA,138211,2025-08-27 15:35:16.987,0,sit,00:00:00:00:00:00,-63,11,0,0,0,0,0,0,0,0,0,-97,0,1,0,4128785439,0,14,0,0,0,104,0,"[0, 0, -107, -128, -88, -128, -87, -128, -80, -128, -80, -128, -89, -128, -98, -128, -117, -127, -128, -127, -128, -128, -128, -128, -128, -128, -123, -128, -107, -128, -77, -128, -56, -128, -31, -113, -14, -87, -9, -59, -13, -28, -21, -8, -39, 13, -52, 20, -74, 30, -83, 25, 84, -109, 96, -103, 105, -94, 113, -85, 118, -85, 115, -78, 112, -72, 110, -70, 105, -71, 107, -75, 93, -78, 89, -88, 92, -79, 90, -79, 83, -76, 67, -82, 57, -77, 45, -79, 28, -69, 8, -73, -17, -77, -46, -89, -83, -107, -93, -128, -111, -128, -127, -128]",esp32_1
CSI_DATA,141292,2025-08-27 15:35:16.989,0,sit,00:00:00:00:00:00,-43,11,0,0,0,0,0,0,0,0,0,-97,0,1,0,987841671,0,14,0,0,0,104,0,"[0, 0, 127, 127, 127, 117, 127, 102, 127, 86, 127, 67, 127, 49, 127, 33, 127, 20, 127, 10, 127, 6, 127, 10, 119, 18, 88, 26, 52, 34, 11, 37, -31, 33, -70, 20, -104, -1, -128, -26, -128, -53, -128, -80, -128, -103, -128, -120, -114, -128, -96, -128, -128, -9, -128, -23, -128, -38, -119, -47, -88, -52, -55, -49, -18, -38, 19, -19, 55, 7, 88, 36, 115, 68, 127, 99, 127, 127, 127, 127, 127, 127, 127, 127, 127, 127, 127, 127, 127, 127, 127, 127, 127, 127, 127, 127, 127, 127, 127, 127, 127, 127, 127, 127]",esp32_2
CSI_DATA,138212,2025-08-27 15:35:17.010,0,sit,00:00:00:00:00:00,-62,11,0,0,0,0,0,0,0,0,0,-97,0,1,0,4128795431,0,14,0,0,0,104,0,"[0, 0, 127, -128, 127, -128, 127, -128, 127, -128, 117, -128, 101, -128, 82, -128, 73, -128, 63, -128, 64, -128, 66, -128, 76, -128, 88, -128, 109, -128, 117, -128, 104, -118, 103, -85, 78, -57, 58, -37, 25, -26, -7, -29, -32, -32, -52, -42, -57, -56, -58, -69, 127, 32, 127, 47, 127, 53, 127, 66, 127, 71, 127, 78, 119, 76, 125, 76, 118, 73, 123, 56, 122, 60, 121, 55, 122, 44, 127, 39, 120, 35, 110, 31, 98, 27, 90, 13, 86, -11, 76, -34, 61, -62, 64, -95, 62, -118, 77, -128, 93, -128, 108, -128]",esp32_1
CSI_DATA,141293,2025-08-27 15:35:17.010,0,sit,00:00:00:00:00:00,-43,11,0,0,0,0,0,0,0,0,0,-97,0,1,0,987869569,0,14,0,0,0,104,0,"[0, 0, 127, -128, 127, -128, 127, -128, 127, -128, 127, -128, 127, -128, 127, -128, 127, -128, 121, -128, 106, -118, 96, -102, 86, -80, 73, -52, 56, -18, 33, 16, 4, 47, -28, 71, -65, 86, -101, 92, -128, 88, -128, 75, -128, 58, -128, 36, -128, 12, -128, -5, -127, 116, -128, 98, -128, 72, -117, 47, -97, 21, -70, -4, -35, -24, 5, -38, 49, -45, 92, -47, 127, -44, 127, -37, 127, -28, 127, -20, 127, -14, 127, -11, 127, -12, 127, -19, 127, -30, 127, -44, 127, -63, 127, -85, 127, -107, 127, -128, 127, -128, 127, -128]",esp32_2
CSI_DATA,141294,2025-08-27 15:35:17.032,0,sit,00:00:00:00:00:00,-41,11,0,0,0,0,0,0,0,0,0,-97,0,1,0,987904573,0,14,0,0,0,104,0,"[0, 0, 127, -98, 127, -97, 127, -97, 127, -97, 127, -98, 127, -97, 127, -96, 127, -95, 127, -92, 127, -86, 119, -72, 100, -53, 79, -32, 53, -7, 22, 15, -12, 32, -48, 44, -84, 47, -116, 41, -128, 28, -128, 10, -128, -10, -128, -31, -128, -50, -128, -61, -127, 105, -128, 91, -125, 69, -113, 45, -93, 21, -65, -1, -30, -17, 9, -27, 50, -30, 95, -27, 127, -18, 127, -6, 127, 5, 127, 16, 127, 25, 127, 31, 127, 33, 127, 30, 127, 24, 127, 13, 127, -3, 127, -21, 127, -40, 127, -62, 127, -78, 127, -85]",esp32_2
CSI_DATA,138213,2025-08-27 15:35:17.042,0,sit,00:00:00:00:00:00,-62,11,0,0,0,0,0,0,0,0,0,-97,0,1,0,4128805426,0,14,0,0,0,104,0,"[0, 0, -128, -114, -128, -111, -128, -114, -128, -102, -128, -86, -128, -69, -128, -55, -128, -41, -128, -35, -128, -26, -128, -38, -128, -46, -128, -54, -128, -70, -128, -77, -117, -80, -91, -73, -63, -62, -42, -43, -29, -19, -20, 3, -22, 27, -25, 44, -42, 62, -55, 64, 17, -128, 32, -128, 38, -128, 46, -126, 53, -128, 57, -123, 53, -116, 54, -115, 48, -112, 47, -112, 34, -116, 29, -118, 32, -110, 29, -112, 25, -106, 12, -111, 6, -100, -3, -90, -12, -72, -30, -59, -52, -49, -82, -46, -120, -46, -128, -52, -128, -60, -128, -77]",esp32_1
CSI_DATA,141295,2025-08-27 15:35:17.053,0,sit,00:00:00:00:00:00,-41,11,0,0,0,0,0,0,0,0,0,-97,0,1,0,987943237,0,14,0,0,0,104,0,"[0, 0, -128, -128, -128, -128, -128, -128, -128, -128, -128, -128, -128, -128, -128, -128, -128, -128, -128, -128, -122, -114, -103, -102, -81, -88, -53, -73, -20, -57, 14, -36, 46, -10, 70, 20, 87, 53, 96, 86, 95, 114, 87, 127, 71, 127, 51, 127, 31, 127, 16, 127, 112, 127, 94, 127, 68, 127, 42, 121, 17, 101, -7, 73, -26, 37, -39, -4, -46, -50, -49, -98, -45, -128, -36, -128, -26, -128, -16, -128, -12, -128, -11, -128, -12, -128, -19, -128, -29, -128, -44, -128, -65, -128, -89, -128, -114, -128, -128, -128, -128, -128, -128, -128]",esp32_2
CSI_DATA,138214,2025-08-27 15:35:17.074,0,sit,00:00:00:00:00:00,-62,11,0,0,0,0,0,0,0,0,0,-97,0,1,0,4128815485,0,14,0,0,0,104,0,"[0, 0, 127, -22, 127, -17, 127, -7, 127, -14, 127, -22, 127, -35, 127, -49, 127, -63, 127, -71, 127, -81, 127, -79, 127, -70, 127, -64, 127, -41, 127, -26, 127, -3, 119, 8, 88, 13, 61, 11, 33, -3, 10, -17, -3, -37, -5, -56, -2, -77, 9, -84, 50, 119, 43, 125, 36, 127, 29, 127, 25, 127, 17, 127, 20, 127, 16, 127, 22, 125, 21, 116, 31, 121, 35, 120, 32, 106, 39, 106, 37, 99, 43, 98, 44, 90, 48, 74, 53, 47, 62, 30, 73, 3, 94, -14, 125, -22, 127, -42, 127, -50, 127, -37]",esp32_1
CSI_DATA,141296,2025-08-27 15:35:17.076,0,sit,00:00:00:00:00:00,-41,11,0,0,0,0,0,0,0,0,0,-97,0,1,0,987954673,0,14,0,0,0,104,0,"[0, 0, -7, -128, -12, -128, -20, -128, -27, -128, -36, -128, -43, -128, -49, -128, -55, -128, -54, -128, -50, -128, -39, -128, -24, -119, -6, -91, 14, -59, 32, -24, 47, 16, 54, 55, 51, 93, 40, 125, 25, 127, 5, 127, -18, 127, -40, 127, -59, 127, -70, 127, 29, 127, 12, 127, -9, 127, -25, 127, -38, 96, -44, 58, -42, 16, -32, -27, -16, -69, 6, -110, 32, -128, 57, -128, 80, -128, 102, -128, 118, -128, 127, -128, 127, -128, 127, -128, 125, -128, 112, -128, 95, -128, 78, -128, 63, -128, 44, -128, 27, -128, 19, -128]",esp32_2
CSI_DATA,141297,2025-08-27 15:35:17.099,0,sit,00:00:00:00:00:00,-42,11,0,0,0,0,0,0,0,0,0,-97,0,1,0,988003598,0,14,0,0,0,104,0,"[0, 0, 20, 127, 26, 127, 33, 127, 37, 127, 41, 127, 46, 127, 52, 127, 56, 127, 55, 127, 49, 127, 37, 127, 21, 111, 3, 85, -16, 55, -32, 22, -45, -15, -53, -54, -52, -90, -44, -121, -30, -128, -12, -128, 6, -128, 25, -128, 42, -128, 53, -128, -31, -128, -14, -128, 7, -128, 26, -127, 39, -96, 45, -59, 43, -16, 34, 28, 18, 72, -3, 113, -27, 127, -51, 127, -74, 127, -95, 127, -111, 127, -121, 127, -126, 127, -124, 127, -117, 127, -106, 127, -88, 127, -69, 127, -51, 127, -31, 127, -13, 127, -4, 127]",esp32_2
CSI_DATA,141298,2025-08-27 15:35:17.126,0,sit,00:00:00:00:00:00,-42,11,0,0,0,0,0,0,0,0,0,-97,0,1,0,988033080,0,14,0,0,0,104,0,"[0, 0, -128, 127, -128, 127, -128, 127, -128, 127, -128, 127, -128, 127, -128, 127, -128, 127, -128, 120, -127, 104, -114, 86, -100, 64, -83, 36, -64, 3, -42, -30, -17, -59, 11, -84, 44, -102, 77, -113, 105, -115, 127, -109, 127, -95, 127, -75, 127, -55, 127, -41, 127, -48, 127, -30, 127, -6, 127, 15, 104, 34, 67, 48, 23, 55, -23, 53, -71, 46, -116, 34, -128, 16, -128, -2, -128, -20, -128, -33, -128, -41, -128, -44, -128, -42, -128, -34, -128, -20, -128, 0, -128, 24, -128, 48, -128, 74, -128, 100, -128, 120, -128, 127]",esp32_2
CSI_DATA,141299,2025-08-27 15:35:17.148,0,sit,00:00:00:00:00:00,-42,11,0,0,0,0,0,0,0,0,0,-97,0,1,0,988080429,0,14,0,0,0,104,0,"[0, 0, 119, -128, 107, -128, 90, -128, 75, -128, 61, -128, 46, -128, 32, -128, 21, -128, 15, -128, 12, -128, 14, -128, 20, -116, 28, -83, 37, -47, 42, -7, 44, 34, 40, 71, 27, 104, 11, 127, -7, 127, -28, 127, -47, 127, -63, 127, -75, 127, -82, 127, -82, 127, -94, 127, -104, 126, -106, 93, -100, 57, -84, 18, -58, -21, -25, -57, 14, -88, 53, -115, 93, -128, 127, -128, 127, -128, 127, -128, 127, -128, 127, -128, 127, -128, 127, -128, 127, -128, 127, -128, 127, -128, 127, -128, 127, -128, 127, -128, 127, -128, 127, -128]",esp32_2
CSI_DATA,141300,2025-08-27 15:35:17.173,0,sit,00:00:00:00:00:00,-43,11,0,0,0,0,0,0,0,0,0,-97,0,1,0,988114226,0,14,0,0,0,104,0,"[0, 0, -128, -117, -128, -106, -128, -90, -128, -73, -128, -56, -128, -41, -128, -30, -128, -23, -128, -21, -128, -20, -128, -22, -110, -27, -77, -34, -41, -42, -4, -46, 35, -44, 69, -39, 98, -28, 125, -12, 127, 6, 127, 25, 127, 44, 127, 59, 127, 71, 121, 76, 127, 78, 127, 87, 117, 95, 85, 97, 50, 92, 14, 78, -22, 55, -55, 24, -84, -13, -110, -51, -127, -88, -128, -122, -128, -128, -128, -128, -128, -128, -128, -128, -128, -128, -128, -128, -128, -128, -128, -128, -128, -128, -128, -128, -128, -128, -128, -128, -128, -128, -128, -128]",esp32_2
CSI_DATA,138216,2025-08-27 15:35:17.179,0,sit,00:00:00:00:00:00,-63,11,0,0,0,0,0,0,0,0,0,-97,0,1,0,4128836000,0,14,0,0,0,104,0,"[0, 0, -128, -20, -128, -25, -128, -34, -128, -25, -128, -12, -128, 0, -128, 17, -128, 31, -128, 41, -128, 48, -128, 45, -128, 37, -128, 27, -128, 9, -128, -13, -128, -21, -120, -31, -84, -33, -59, -22, -33, -5, -12, 10, -5, 36, -6, 54, -14, 76, -27, 83, -31, -128, -22, -128, -14, -128, -7, -128, 0, -128, 4, -128, 1, -128, 1, -128, 0, -128, -5, -123, -12, -128, -14, -124, -16, -116, -17, -112, -23, -110, -32, -112, -33, -101, -37, -86, -43, -63, -56, -39, -77, -21, -96, -8, -128, 1, -128, 16, -128, 15, -128, -2]",esp32_1
CSI_DATA,141301,2025-08-27 15:35:17.194,0,sit,00:00:00:00:00:00,-42,11,0,0,0,0,0,0,0,0,0,-97,0,1,0,988137773,0,14,0,0,0,104,0,"[0, 0, -52, 127, -42, 127, -27, 127, -16, 127, -8, 127, 0, 127, 9, 127, 14, 127, 15, 127, 14, 127, 7, 127, -6, 115, -21, 83, -35, 48, -47, 11, -57, -26, -60, -62, -54, -97, -42, -126, -27, -128, -12, -128, 2, -128, 17, -128, 31, -128, 40, -128, 60, -128, 75, -128, 89, -128, 95, -104, 94, -68, 84, -26, 64, 17, 36, 55, 2, 90, -33, 122, -67, 127, -98, 127, -127, 127, -128, 127, -128, 127, -128, 127, -128, 127, -128, 127, -128, 127, -128, 127, -128, 127, -128, 127, -120, 127, -99, 127, -82, 127, -71, 127]",esp32_2
CSI_DATA,138217,2025-08-27 15:35:17.203,0,sit,00:00:00:00:00:00,-63,11,0,0,0,0,0,0,0,0,0,-97,0,1,0,4128845455,0,14,0,0,0,104,0,"[0, 0, 127, -128, 127, -128, 127, -128, 127, -128, 123, -128, 106, -128, 93, -128, 78, -128, 77, -128, 75, -128, 79, -128, 86, -128, 94, -128, 115, -128, 116, -127, 108, -104, 100, -69, 77, -44, 56, -32, 28, -20, -6, -21, -29, -30, -48, -40, -51, -55, -50, -69, 121, 48, 120, 61, 118, 71, 119, 72, 115, 85, 109, 86, 104, 87, 106, 83, 104, 79, 105, 71, 105, 67, 104, 65, 112, 54, 112, 52, 107, 43, 101, 42, 94, 36, 86, 25, 81, 1, 73, -21, 67, -47, 69, -78, 74, -96, 95, -128, 105, -128, 122, -128]",esp32_1
CSI_DATA,141302,2025-08-27 15:35:17.213,0,sit,00:00:00:00:00:00,-41,11,0,0,0,0,0,0,0,0,0,-97,0,1,0,988176993,0,14,0,0,0,104,0,"[0, 0, 127, -104, 127, -109, 127, -111, 127, -111, 127, -110, 127, -107, 127, -104, 127, -99, 127, -91, 127, -77, 125, -59, 104, -37, 82, -13, 58, 13, 32, 37, 3, 59, -28, 77, -58, 87, -86, 91, -110, 87, -128, 78, -128, 66, -128, 50, -128, 35, -128, 24, -128, -7, -128, -23, -128, -43, -128, -58, -92, -70, -51, -74, -8, -69, 36, -57, 79, -38, 118, -13, 127, 14, 127, 39, 127, 59, 127, 75, 127, 85, 127, 89, 127, 88, 127, 80, 127, 66, 127, 48, 127, 26, 127, 5, 127, -14, 127, -36, 127, -53, 127, -63]",esp32_2
CSI_DATA,138218,2025-08-27 15:35:17.229,0,sit,00:00:00:00:00:00,-63,11,0,0,0,0,0,0,0,0,0,-97,0,1,0,4128855463,0,14,0,0,0,104,0,"[0, 0, 48, -128, 56, -128, 54, -128, 50, -128, 37, -128, 21, -128, 7, -128, -13, -128, -19, -128, -30, -128, -29, -128, -16, -128, -3, -128, 19, -128, 33, -128, 42, -128, 47, -110, 41, -79, 31, -53, 10, -30, -17, -21, -39, -16, -58, -17, -75, -20, -79, -36, 127, -27, 127, -16, 127, -7, 127, -2, 127, 7, 127, 14, 127, 16, 127, 19, 126, 17, 127, 3, 121, 0, 119, -3, 122, -9, 123, -14, 118, -16, 104, -19, 97, -24, 82, -29, 72, -42, 53, -54, 34, -78, 20, -105, 6, -125, 11, -128, 12, -128, 16, -128]",esp32_1
CSI_DATA,141303,2025-08-27 15:35:17.241,0,sit,00:00:00:00:00:00,-42,11,0,0,0,0,0,0,0,0,0,-97,0,1,0,988196803,0,14,0,0,0,104,0,"[0, 0, -128, -76, -128, -64, -128, -46, -128, -31, -128, -15, -128, -3, -128, 4, -128, 7, -128, 6, -128, 1, -128, -8, -114, -18, -82, -28, -48, -41, -12, -53, 24, -59, 59, -62, 90, -58, 118, -50, 127, -38, 127, -22, 127, -4, 127, 13, 127, 25, 127, 31, 127, 106, 127, 114, 109, 121, 76, 119, 41, 109, 3, 91, -32, 65, -63, 31, -93, -9, -117, -50, -128, -89, -128, -124, -128, -128, -128, -128, -128, -128, -128, -128, -128, -128, -128, -128, -128, -128, -128, -128, -128, -128, -128, -128, -128, -128, -128, -128, -128, -119, -128, -109]",esp32_2
CSI_DATA,138219,2025-08-27 15:35:17.263,0,sit,00:00:00:00:00:00,-63,11,0,0,0,0,0,0,0,0,0,-97,0,1,0,4128865454,0,14,0,0,0,104,0,"[0, 0, -128, 20, -128, 14, -128, 1, -128, 5, -128, 16, -128, 30, -128, 45, -128, 57, -128, 67, -128, 73, -128, 78, -128, 69, -128, 57, -128, 36, -128, 15, -128, 2, -124, -15, -90, -20, -62, -14, -34, -1, -12, 15, 1, 37, 3, 56, -2, 76, -16, 88, -60, -119, -53, -128, -47, -128, -41, -128, -35, -128, -27, -128, -24, -128, -25, -128, -29, -128, -30, -118, -39, -123, -41, -121, -41, -111, -47, -107, -49, -105, -52, -105, -54, -98, -54, -84, -60, -53, -65, -35, -78, -12, -95, 9, -128, 20, -128, 40, -128, 48, -128, 35]",esp32_1
CSI_DATA,141304,2025-08-27 15:35:17.263,0,sit,00:00:00:00:00:00,-42,11,0,0,0,0,0,0,0,0,0,-97,0,1,0,988227182,0,14,0,0,0,104,0,"[0, 0, 127, 63, 127, 52, 127, 39, 127, 25, 127, 14, 127, 6, 127, -1, 127, -6, 127, -5, 127, -1, 127, 8, 109, 18, 78, 29, 43, 41, 8, 50, -28, 53, -63, 54, -94, 48, -120, 37, -128, 23, -128, 8, -128, -9, -128, -23, -128, -34, -128, -40, -128, -89, -128, -100, -124, -110, -91, -112, -52, -108, -12, -94, 28, -69, 63, -37, 94, 0, 119, 40, 127, 79, 127, 113, 127, 127, 127, 127, 127, 127, 127, 127, 127, 127, 127, 127, 127, 127, 127, 127, 127, 127, 127, 127, 127, 127, 127, 121, 127, 109, 127, 102]",esp32_2
CSI_DATA,138220,2025-08-27 15:35:17.295,0,sit,00:00:00:00:00:00,-63,11,0,0,0,0,0,0,0,0,0,-97,0,1,0,4128875469,0,14,0,0,0,104,0,"[0, 0, -128, 127, -128, 127, -126, 127, -122, 127, -100, 127, -83, 127, -70, 127, -57, 127, -50, 127, -47, 127, -48, 127, -59, 127, -72, 127, -86, 127, -95, 127, -88, 117, -86, 87, -71, 58, -49, 38, -23, 24, 10, 22, 33, 27, 50, 34, 58, 48, 61, 64, -126, -29, -128, -45, -128, -55, -128, -60, -126, -67, -124, -73, -114, -68, -115, -73, -114, -64, -115, -52, -112, -53, -117, -47, -118, -38, -122, -32, -118, -30, -107, -29, -100, -22, -91, -10, -83, 13, -73, 31, -61, 58, -60, 87, -58, 108, -74, 127, -81, 127, -94, 127]",esp32_1
CSI_DATA,141305,2025-08-27 15:35:17.295,0,sit,00:00:00:00:00:00,-42,11,0,0,0,0,0,0,0,0,0,-97,0,1,0,988253175,0,14,0,0,0,104,0,"[0, 0, 127, -108, 127, -113, 127, -116, 127, -119, 127, -119, 127, -117, 127, -114, 127, -107, 127, -96, 127, -79, 127, -58, 120, -33, 96, -6, 70, 24, 42, 51, 12, 75, -19, 94, -51, 105, -80, 110, -104, 108, -123, 100, -128, 87, -128, 71, -128, 55, -128, 44, -128, -49, -128, -65, -128, -84, -127, -98, -87, -106, -43, -104, 4, -91, 52, -71, 96, -44, 127, -13, 127, 19, 127, 49, 127, 73, 127, 91, 127, 103, 127, 107, 127, 105, 127, 95, 127, 77, 127, 56, 127, 33, 127, 9, 127, -12, 127, -35, 127, -54, 127, -65]",esp32_2
CSI_DATA,138221,2025-08-27 15:35:17.321,0,sit,00:00:00:00:00:00,-63,11,0,0,0,0,0,0,0,0,0,-97,0,1,0,4128885507,0,14,0,0,0,104,0,"[0, 0, 127, 97, 127, 101, 127, 98, 127, 92, 127, 76, 127, 57, 127, 40, 127, 25, 127, 16, 127, 13, 127, 23, 127, 30, 127, 41, 127, 56, 127, 65, 127, 75, 102, 69, 71, 55, 49, 39, 32, 12, 19, -8, 19, -34, 24, -50, 41, -67, 57, -70, -2, 127, -12, 127, -22, 127, -27, 127, -36, 127, -39, 127, -43, 127, -39, 127, -31, 127, -32, 120, -17, 126, -13, 126, -17, 121, -12, 119, -10, 118, 3, 118, 4, 110, 11, 99, 19, 79, 37, 66, 61, 46, 88, 43, 127, 44, 127, 40, 127, 48, 127, 67]",esp32_1
CSI_DATA,138222,2025-08-27 15:35:17.354,0,sit,00:00:00:00:00:00,-63,11,0,0,0,0,0,0,0,0,0,-97,0,1,0,4128895475,0,14,0,0,0,104,0,"[0, 0, 28, -128, 37, -128, 34, -128, 30, -128, 20, -128, 3, -128, -11, -128, -30, -128, -40, -128, -47, -128, -50, -128, -44, -128, -32, -128, -4, -128, 12, -128, 20, -128, 38, -116, 38, -84, 28, -58, 10, -29, -15, -13, -41, -4, -63, -5, -79, -6, -87, -16, 127, -24, 127, -12, 127, 1, 127, 5, 127, 14, 127, 21, 127, 22, 127, 20, 127, 18, 127, 8, 123, 3, 117, -5, 124, -11, 124, -14, 119, -19, 105, -19, 93, -20, 81, -28, 68, -42, 51, -59, 29, -78, 16, -105, -4, -128, -2, -128, -2, -128, -3, -128]",esp32_1
CSI_DATA,141307,2025-08-27 15:35:17.391,0,sit,00:00:00:00:00:00,-42,11,0,0,0,0,0,0,0,0,0,-97,0,1,0,988312196,0,14,0,0,0,104,0,"[0, 0, -128, -128, -128, -122, -128, -103, -128, -86, -128, -70, -128, -58, -128, -48, -128, -40, -128, -36, -128, -36, -128, -39, -105, -44, -72, -49, -37, -55, -2, -59, 33, -58, 64, -54, 91, -45, 115, -33, 127, -20, 127, -6, 127, 8, 127, 19, 123, 27, 114, 32, 93, 127, 74, 127, 45, 127, 16, 127, -13, 120, -41, 92, -63, 54, -80, 12, -91, -32, -96, -76, -96, -116, -92, -128, -88, -128, -87, -128, -91, -128, -99, -128, -112, -128, -128, -128, -128, -128, -128, -128, -128, -128, -128, -128, -128, -128, -128, -128, -128, -128, -128, -128]",esp32_2
CSI_DATA,141308,2025-08-27 15:35:17.415,0,sit,00:00:00:00:00:00,-42,11,0,0,0,0,0,0,0,0,0,-97,0,1,0,988347309,0,14,0,0,0,104,0,"[0, 0, 94, -128, 77, -128, 60, -128, 46, -128, 33, -128, 21, -128, 13, -128, 8, -128, 6, -128, 7, -128, 16, -128, 28, -119, 41, -84, 53, -46, 62, -10, 67, 26, 68, 60, 63, 89, 54, 113, 42, 127, 29, 127, 18, 127, 7, 127, -3, 127, -8, 119, -128, 121, -128, 98, -128, 62, -128, 29, -128, -3, -107, -36, -70, -64, -27, -86, 17, -102, 60, -113, 99, -120, 127, -123, 127, -124, 127, -126, 127, -128, 127, -128, 127, -128, 127, -128, 127, -128, 127, -128, 127, -128, 127, -128, 127, -128, 127, -128, 127, -128, 127, -128]",esp32_2
CSI_DATA,138224,2025-08-27 15:35:17.434,0,sit,00:00:00:00:00:00,-63,11,0,0,0,0,0,0,0,0,0,-97,0,1,0,4128916752,0,14,0,0,0,104,0,"[0, 0, -128, -59, -128, -66, -128, -71, -128, -61, -128, -47, -128, -31, -128, -17, -128, 2, -128, 12, -128, 19, -128, 9, -128, -1, -128, -13, -128, -30, -128, -43, -128, -55, -112, -54, -76, -50, -52, -35, -29, -12, -14, 7, -10, 35, -15, 55, -24, 70, -39, 82, -10, -128, 0, -128, 9, -128, 14, -128, 24, -128, 30, -128, 28, -128, 26, -128, 20, -128, 20, -124, 5, -128, 3, -125, 4, -117, -2, -120, -2, -116, -14, -117, -16, -107, -22, -96, -27, -70, -44, -54, -64, -38, -89, -27, -126, -21, -128, -12, -128, -15, -128, -33]",esp32_1
CSI_DATA,141309,2025-08-27 15:35:17.445,0,sit,00:00:00:00:00:00,-43,11,0,0,0,0,0,0,0,0,0,-97,0,1,0,988405588,0,14,0,0,0,104,0,"[0, 0, 127, -128, 127, -128, 127, -128, 127, -128, 127, -128, 127, -128, 127, -128, 127, -128, 127, -128, 127, -122, 115, -97, 104, -68, 92, -35, 78, 0, 63, 34, 44, 65, 23, 90, 1, 109, -19, 123, -38, 127, -53, 126, -65, 119, -72, 107, -75, 96, -73, 87, -128, -71, -128, -85, -128, -101, -118, -111, -80, -116, -38, -113, 6, -102, 49, -83, 91, -58, 127, -30, 127, -1, 127, 26, 127, 48, 127, 65, 127, 72, 127, 69, 127, 61, 127, 46, 127, 24, 127, -2, 127, -31, 127, -58, 127, -84, 127, -109, 127, -128, 127, -128]",esp32_2
CSI_DATA,138225,2025-08-27 15:35:17.466,0,sit,00:00:00:00:00:00,-63,11,0,0,0,0,0,0,0,0,0,-97,0,1,0,4128925491,0,14,0,0,0,104,0,"[0, 0, 127, 127, 127, 127, 127, 127, 127, 127, 126, 127, 127, 117, 127, 103, 127, 90, 127, 83, 127, 79, 127, 90, 127, 102, 127, 109, 127, 123, 125, 120, 102, 127, 70, 100, 43, 82, 27, 57, 16, 23, 16, -2, 27, -24, 40, -41, 57, -56, 74, -50, -68, 122, -78, 119, -91, 115, -90, 108, -102, 109, -100, 102, -98, 97, -99, 92, -90, 91, -90, 99, -76, 103, -68, 107, -73, 102, -70, 107, -62, 102, -53, 108, -43, 100, -33, 96, -22, 80, 2, 75, 29, 72, 63, 72, 103, 86, 121, 98, 127, 116, 127, 127]",esp32_1
CSI_DATA,141310,2025-08-27 15:35:17.466,0,sit,00:00:00:00:00:00,-43,11,0,0,0,0,0,0,0,0,0,-97,0,1,0,988431432,0,14,0,0,0,104,0,"[0, 0, 127, -70, 127, -81, 127, -94, 127, -106, 127, -113, 127, -114, 127, -113, 127, -109, 127, -97, 127, -78, 127, -55, 127, -30, 109, -3, 87, 27, 64, 56, 39, 81, 15, 103, -10, 118, -33, 127, -54, 127, -70, 124, -80, 115, -85, 100, -84, 87, -81, 77, -116, -128, -96, -128, -66, -128, -34, -128, 1, -128, 35, -128, 66, -97, 94, -59, 117, -16, 127, 27, 127, 67, 127, 100, 127, 127, 127, 127, 127, 127, 127, 127, 127, 127, 127, 127, 127, 125, 127, 103, 127, 80, 127, 59, 127, 41, 127, 21, 127, 1, 127, -12]",esp32_2
CSI_DATA,138226,2025-08-27 15:35:17.498,0,sit,00:00:00:00:00:00,-62,11,0,0,0,0,0,0,0,0,0,-97,0,1,0,4128935448,0,14,0,0,0,104,0,"[0, 0, 120, -128, 124, -128, 118, -128, 116, -128, 96, -128, 72, -128, 62, -128, 45, -128, 44, -128, 38, -128, 42, -128, 48, -128, 58, -128, 79, -128, 88, -128, 89, -128, 90, -98, 71, -67, 52, -45, 21, -31, -12, -24, -37, -28, -54, -35, -63, -50, -67, -65, 127, 12, 127, 23, 127, 34, 127, 41, 127, 48, 127, 54, 127, 53, 127, 56, 127, 50, 127, 38, 127, 38, 127, 33, 127, 25, 127, 18, 127, 16, 119, 14, 107, 8, 101, -5, 90, -23, 83, -37, 64, -64, 58, -98, 54, -119, 62, -128, 71, -128, 81, -128]",esp32_1
CSI_DATA,141311,2025-08-27 15:35:17.498,0,sit,00:00:00:00:00:00,-42,11,0,0,0,0,0,0,0,0,0,-97,0,1,0,988455125,0,14,0,0,0,104,0,"[0, 0, 127, 127, 127, 109, 127, 88, 127, 71, 127, 55, 127, 41, 127, 31, 127, 27, 127, 26, 127, 29, 127, 37, 111, 47, 80, 55, 47, 65, 12, 71, -22, 73, -53, 72, -80, 66, -102, 56, -117, 44, -125, 31, -125, 18, -120, 8, -111, 0, -102, -5, -49, -128, -30, -128, -5, -128, 19, -128, 44, -128, 66, -96, 81, -57, 91, -14, 95, 32, 94, 76, 87, 113, 78, 127, 70, 127, 67, 127, 69, 127, 74, 127, 86, 127, 107, 127, 127, 127, 127, 127, 127, 127, 127, 127, 127, 127, 127, 127, 127, 127, 127, 127]",esp32_2
CSI_DATA,138227,2025-08-27 15:35:17.523,0,sit,00:00:00:00:00:00,-62,11,0,0,0,0,0,0,0,0,0,-97,0,1,0,4128945447,0,14,0,0,0,104,0,"[0, 0, -128, -110, -128, -110, -128, -110, -128, -104, -128, -88, -128, -74, -128, -58, -128, -42, -128, -38, -128, -35, -128, -44, -128, -54, -128, -61, -128, -75, -128, -82, -115, -88, -87, -77, -56, -63, -39, -45, -29, -17, -20, 1, -25, 25, -32, 41, -49, 57, -62, 57, 1, -127, 13, -128, 23, -128, 29, -128, 35, -128, 43, -128, 40, -120, 41, -122, 34, -117, 37, -118, 24, -118, 17, -120, 21, -111, 19, -116, 19, -112, 0, -115, -1, -108, -6, -99, -16, -79, -28, -69, -52, -58, -74, -51, -115, -52, -128, -55, -128, -58, -128, -79]",esp32_1
CSI_DATA,141312,2025-08-27 15:35:17.531,0,sit,00:00:00:00:00:00,-42,11,0,0,0,0,0,0,0,0,0,-97,0,1,0,988490996,0,14,0,0,0,104,0,"[0, 0, -128, -128, -128, -128, -128, -128, -128, -128, -128, -128, -128, -128, -128, -128, -128, -128, -128, -128, -128, -128, -107, -125, -77, -116, -43, -106, -6, -97, 31, -83, 63, -65, 90, -46, 112, -27, 127, -8, 127, 10, 127, 27, 127, 40, 121, 45, 107, 47, 96, 46, -122, 127, -128, 127, -128, 127, -128, 97, -128, 60, -128, 20, -118, -22, -92, -63, -61, -102, -27, -128, 6, -128, 35, -128, 59, -128, 76, -128, 83, -128, 82, -128, 71, -128, 54, -128, 32, -128, 7, -128, -22, -128, -53, -128, -84, -128, -114, -128, -128, -128, -128, -128]",esp32_2
CSI_DATA,138228,2025-08-27 15:35:17.558,0,sit,00:00:00:00:00:00,-62,11,0,0,0,0,0,0,0,0,0,-97,0,1,0,4128955487,0,14,0,0,0,104,0,"[0, 0, 127, 127, 127, 127, 127, 127, 127, 127, 127, 127, 127, 127, 127, 126, 127, 113, 127, 105, 127, 103, 127, 117, 127, 127, 127, 127, 127, 127, 127, 127, 108, 127, 76, 123, 46, 95, 34, 63, 25, 31, 28, -1, 39, -25, 53, -41, 79, -57, 94, -48, -58, 127, -74, 127, -84, 127, -97, 127, -105, 127, -101, 127, -98, 122, -101, 122, -94, 120, -92, 120, -75, 127, -72, 127, -79, 126, -75, 127, -67, 127, -50, 127, -45, 124, -29, 113, -19, 103, 11, 94, 37, 88, 72, 91, 113, 103, 127, 117, 127, 127, 127, 127]",esp32_1
CSI_DATA,141313,2025-08-27 15:35:17.562,0,sit,00:00:00:00:00:00,-42,11,0,0,0,0,0,0,0,0,0,-97,0,1,0,988520375,0,14,0,0,0,104,0,"[0, 0, 127, 84, 127, 66, 127, 49, 127, 32, 127, 18, 127, 7, 127, -1, 127, -5, 127, -5, 127, 0, 127, 12, 117, 26, 91, 41, 63, 57, 33, 70, 2, 80, -26, 86, -52, 87, -74, 84, -90, 77, -101, 68, -104, 57, -101, 46, -96, 36, -89, 28, -21, -128, -2, -128, 21, -128, 43, -128, 64, -128, 82, -95, 93, -55, 100, -13, 101, 29, 97, 70, 89, 106, 80, 127, 73, 127, 69, 127, 70, 127, 75, 127, 86, 127, 108, 127, 127, 127, 127, 127, 127, 127, 127, 127, 127, 127, 127, 127, 127, 127, 127, 127]",esp32_2
CSI_DATA,141315,2025-08-27 15:35:17.637,0,sit,00:00:00:00:00:00,-43,11,0,0,0,0,0,0,0,0,0,-97,0,1,0,988614344,0,14,0,0,0,104,0,"[0, 0, 127, -128, 127, -128, 127, -128, 127, -128, 127, -128, 127, -128, 127, -128, 127, -128, 127, -128, 127, -128, 127, -117, 127, -86, 127, -50, 123, -9, 108, 30, 90, 65, 71, 95, 49, 119, 27, 127, 6, 127, -11, 127, -24, 127, -34, 121, -39, 107, -39, 95, -119, -128, -97, -128, -65, -128, -32, -128, 2, -128, 37, -128, 69, -120, 99, -78, 121, -33, 127, 11, 127, 52, 127, 88, 127, 117, 127, 127, 127, 127, 127, 127, 127, 127, 127, 119, 127, 92, 127, 61, 127, 28, 127, -5, 127, -36, 127, -67, 127, -93, 127, -110]",esp32_2
CSI_DATA,138230,2025-08-27 15:35:17.653,0,sit,00:00:00:00:00:00,-63,11,0,0,0,0,0,0,0,0,0,-97,0,1,0,4128975849,0,14,0,0,0,104,0,"[0, 0, 127, -35, 127, -25, 127, -21, 127, -24, 127, -30, 127, -44, 127, -54, 127, -70, 127, -79, 127, -90, 127, -89, 127, -81, 127, -70, 127, -48, 127, -30, 127, -11, 125, 5, 91, 11, 60, 6, 34, -2, 10, -21, -3, -40, -8, -58, -1, -78, 9, -88, 71, 108, 64, 119, 58, 119, 54, 127, 48, 127, 41, 127, 39, 127, 41, 127, 42, 127, 42, 116, 52, 117, 55, 116, 57, 105, 61, 105, 62, 96, 62, 98, 63, 92, 67, 82, 65, 52, 72, 34, 80, 7, 98, -16, 122, -26, 127, -47, 127, -59, 127, -48]",esp32_1
CSI_DATA,141316,2025-08-27 15:35:17.670,0,sit,00:00:00:00:00:00,-43,11,0,0,0,0,0,0,0,0,0,-97,0,1,0,988649765,0,14,0,0,0,104,0,"[0, 0, -15, 127, 2, 127, 23, 127, 41, 127, 58, 127, 68, 127, 74, 127, 75, 127, 66, 127, 52, 127, 35, 127, 13, 127, -12, 127, -39, 109, -64, 82, -88, 55, -107, 27, -120, 0, -128, -25, -127, -44, -122, -59, -112, -70, -96, -74, -80, -72, -70, -67, 127, -2, 127, 15, 127, 39, 127, 62, 127, 83, 112, 99, 70, 110, 25, 116, -22, 118, -67, 113, -107, 103, -128, 92, -128, 82, -128, 79, -128, 82, -128, 90, -128, 105, -128, 127, -128, 127, -128, 127, -128, 127, -119, 127, -108, 127, -94, 127, -77, 127, -64, 127]",esp32_2
CSI_DATA,138231,2025-08-27 15:35:17.680,0,sit,00:00:00:00:00:00,-63,11,0,0,0,0,0,0,0,0,0,-97,0,1,0,4128985445,0,14,0,0,0,104,0,"[0, 0, -128, -56, -128, -63, -128, -65, -128, -60, -128, -50, -128, -33, -128, -20, -128, -2, -128, 4, -128, 10, -128, 5, -128, -6, -128, -16, -128, -31, -128, -42, -128, -56, -109, -54, -77, -50, -53, -36, -33, -11, -17, 7, -18, 35, -22, 52, -34, 69, -50, 76, -29, -128, -18, -128, -14, -128, -9, -128, 3, -128, 8, -128, 9, -128, 11, -128, 4, -128, 6, -126, -10, -128, -13, -126, -15, -121, -15, -120, -15, -118, -30, -120, -30, -115, -34, -102, -38, -78, -50, -62, -70, -48, -88, -32, -128, -28, -128, -15, -128, -17, -128, -34]",esp32_1
CSI_DATA,138232,2025-08-27 15:35:17.702,0,sit,00:00:00:00:00:00,-63,11,0,0,0,0,0,0,0,0,0,-97,0,1,0,4128995476,0,14,0,0,0,104,0,"[0, 0, -128, 127, -128, 127, -128, 119, -128, 121, -128, 115, -128, 122, -128, 127, -128, 127, -128, 127, -128, 127, -128, 127, -128, 127, -128, 127, -128, 127, -128, 106, -128, 74, -128, 42, -113, 23, -80, 12, -43, 13, -6, 23, 18, 47, 30, 65, 31, 84, 23, 107, -128, -82, -128, -99, -128, -108, -128, -116, -124, -125, -123, -128, -115, -126, -109, -128, -111, -120, -113, -106, -118, -106, -122, -103, -120, -88, -126, -82, -128, -81, -121, -81, -122, -77, -113, -62, -106, -29, -100, -3, -101, 28, -110, 63, -128, 85, -128, 124, -128, 127, -128, 127]",esp32_1
CSI_DATA,141317,2025-08-27 15:35:17.702,0,sit,00:00:00:00:00:00,-43,11,0,0,0,0,0,0,0,0,0,-97,0,1,0,988673634,0,14,0,0,0,104,0,"[0, 0, 124, 127, 127, 127, 127, 127, 127, 127, 127, 127, 127, 127, 127, 127, 127, 127, 127, 127, 127, 127, 108, 127, 79, 127, 44, 127, 7, 127, -30, 117, -64, 97, -94, 75, -119, 50, -128, 26, -128, 5, -128, -13, -128, -26, -120, -33, -105, -36, -92, -36, 127, -79, 127, -59, 127, -30, 127, -1, 127, 30, 127, 60, 115, 86, 67, 107, 20, 121, -25, 127, -67, 127, -103, 127, -128, 127, -128, 127, -128, 127, -128, 127, -128, 127, -128, 127, -117, 127, -93, 127, -63, 127, -31, 127, -1, 127, 31, 127, 59, 127, 75, 127]",esp32_2
CSI_DATA,138233,2025-08-27 15:35:17.736,0,sit,00:00:00:00:00:00,-62,11,0,0,0,0,0,0,0,0,0,-97,0,1,0,4129005458,0,14,0,0,0,104,0,"[0, 0, -128, 32, -128, 20, -128, 7, -128, 14, -128, 24, -128, 34, -128, 48, -128, 65, -128, 81, -128, 88, -128, 88, -128, 81, -128, 71, -128, 37, -128, 18, -128, -6, -128, -20, -110, -26, -77, -22, -46, -5, -17, 17, -9, 44, -1, 68, -11, 87, -27, 103, -91, -126, -84, -128, -76, -128, -70, -128, -59, -128, -56, -128, -49, -128, -48, -128, -50, -128, -56, -128, -65, -128, -70, -128, -68, -122, -75, -124, -76, -119, -80, -124, -82, -114, -79, -99, -79, -70, -88, -45, -95, -18, -118, 3, -128, 18, -128, 47, -128, 62, -128, 47]",esp32_1
CSI_DATA,141318,2025-08-27 15:35:17.736,0,sit,00:00:00:00:00:00,-43,11,0,0,0,0,0,0,0,0,0,-97,0,1,0,989384152,0,14,0,0,0,104,0,"[0, 0, -16, -128, -47, -128, -74, -128, -95, -128, -108, -128, -117, -128, -121, -128, -118, -128, -111, -128, -98, -128, -75, -128, -46, -128, -16, -128, 14, -128, 38, -98, 55, -51, 65, -4, 63, 38, 54, 74, 39, 102, 21, 123, 2, 127, -16, 127, -33, 126, -45, 115, -25, 127, -37, 127, -50, 127, -61, 127, -69, 127, -72, 127, -71, 115, -64, 84, -48, 51, -24, 14, 4, -19, 35, -50, 68, -78, 102, -102, 127, -121, 127, -128, 127, -128, 127, -128, 127, -128, 127, -128, 127, -128, 127, -128, 127, -128, 127, -128, 109, -128, 90, -128]",esp32_2
CSI_DATA,138234,2025-08-27 15:35:17.769,0,sit,00:00:00:00:00:00,-62,11,0,0,0,0,0,0,0,0,0,-97,0,1,0,4129015428,0,14,0,0,0,104,0,"[0, 0, 127, -128, 127, -128, 127, -128, 127, -128, 127, -128, 125, -128, 110, -128, 103, -128, 102, -128, 98, -128, 108, -128, 116, -128, 121, -128, 127, -128, 127, -118, 127, -91, 118, -62, 93, -36, 65, -26, 31, -20, 6, -27, -24, -40, -37, -52, -39, -70, -36, -82, 127, 42, 127, 49, 127, 60, 127, 70, 127, 75, 126, 82, 118, 82, 116, 82, 115, 78, 117, 64, 117, 65, 120, 61, 123, 48, 127, 49, 120, 41, 119, 41, 110, 37, 104, 28, 100, 3, 91, -20, 83, -44, 87, -72, 90, -95, 106, -128, 125, -128, 127, -128]",esp32_1
CSI_DATA,138235,2025-08-27 15:35:17.801,0,sit,00:00:00:00:00:00,-62,11,0,0,0,0,0,0,0,0,0,-97,0,1,0,4129025449,0,14,0,0,0,104,0,"[0, 0, -128, 26, -128, 19, -128, 10, -128, 16, -128, 21, -128, 32, -128, 49, -128, 65, -128, 73, -128, 82, -128, 79, -128, 68, -128, 62, -128, 37, -128, 18, -128, -3, -128, -18, -100, -23, -67, -18, -41, -2, -17, 13, -3, 37, -2, 61, -10, 81, -21, 93, -80, -111, -77, -128, -70, -128, -65, -128, -54, -128, -52, -128, -47, -128, -47, -128, -47, -128, -47, -123, -61, -126, -71, -124, -63, -108, -68, -113, -71, -110, -76, -109, -75, -104, -75, -89, -71, -65, -78, -45, -88, -19, -106, 2, -128, 16, -128, 41, -128, 51, -128, 44]",esp32_1
CSI_DATA,141320,2025-08-27 15:35:17.828,0,sit,00:00:00:00:00:00,-43,11,0,0,0,0,0,0,0,0,0,-97,0,1,0,989400728,0,14,0,0,0,104,0,"[0, 0, -64, -128, -94, -128, -120, -128, -128, -128, -128, -128, -128, -128, -128, -128, -128, -128, -128, -128, -128, -128, -112, -128, -80, -128, -44, -128, -7, -128, 27, -100, 56, -57, 78, -15, 88, 27, 89, 66, 82, 98, 70, 123, 53, 127, 34, 127, 15, 127, 0, 127, -21, 127, -33, 127, -46, 127, -57, 127, -66, 127, -70, 127, -68, 113, -60, 78, -46, 41, -25, 2, 2, -37, 31, -72, 62, -104, 94, -128, 121, -128, 127, -128, 127, -128, 127, -128, 127, -128, 127, -128, 127, -128, 127, -128, 121, -128, 94, -128, 64, -128, 43, -128]",esp32_2
CSI_DATA,141321,2025-08-27 15:35:17.859,0,sit,00:00:00:00:00:00,-43,11,0,0,0,0,0,0,0,0,0,-97,0,1,0,989410725,0,14,0,0,0,104,0,"[0, 0, 127, 83, 127, 57, 127, 36, 127, 18, 127, 3, 127, -9, 127, -13, 127, -13, 127, -9, 127, 0, 127, 15, 127, 32, 127, 47, 95, 62, 52, 71, 8, 74, -34, 70, -71, 57, -102, 39, -121, 18, -128, -3, -128, -23, -128, -38, -119, -51, -107, -60, -128, -112, -128, -119, -123, -125, -109, -127, -91, -126, -69, -117, -46, -101, -23, -78, -1, -49, 19, -13, 35, 27, 47, 64, 57, 99, 65, 127, 71, 127, 74, 127, 78, 127, 87, 127, 96, 127, 104, 127, 117, 127, 127, 127, 127, 127, 127, 127, 127, 127, 127, 127]",esp32_2
CSI_DATA,141322,2025-08-27 15:35:17.880,0,sit,00:00:00:00:00:00,-44,11,0,0,0,0,0,0,0,0,0,-97,0,1,0,989420741,0,14,0,0,0,104,0,"[0, 0, 127, -128, 127, -128, 127, -128, 127, -128, 127, -128, 127, -128, 127, -128, 127, -128, 127, -128, 127, -128, 127, -128, 127, -110, 127, -71, 116, -29, 91, 13, 62, 51, 31, 82, -5, 104, -41, 117, -71, 118, -97, 114, -115, 104, -125, 85, -128, 66, -128, 50, -128, 17, -128, 6, -128, -8, -128, -21, -128, -34, -128, -44, -107, -47, -71, -47, -29, -40, 15, -28, 59, -10, 99, 9, 127, 29, 127, 49, 127, 67, 127, 83, 127, 95, 127, 99, 127, 95, 127, 84, 127, 68, 127, 49, 127, 28, 127, 1, 127, -25, 127, -44]",esp32_2
CSI_DATA,138237,2025-08-27 15:35:17.898,0,sit,00:00:00:00:00:00,-62,11,0,0,0,0,0,0,0,0,0,-97,0,1,0,4129045446,0,14,0,0,0,104,0,"[0, 0, 61, -128, 65, -128, 66, -128, 63, -128, 48, -128, 37, -128, 23, -128, 10, -128, 4, -128, -2, -128, 4, -128, 15, -128, 23, -128, 43, -128, 56, -128, 61, -128, 64, -97, 54, -69, 39, -49, 16, -28, -6, -24, -31, -23, -46, -28, -62, -35, -62, -49, 115, -39, 120, -29, 127, -18, 127, -15, 127, -5, 127, -1, 127, 3, 125, 2, 122, 2, 124, -8, 118, -9, 115, -16, 118, -19, 123, -25, 116, -26, 111, -28, 99, -28, 95, -33, 82, -43, 70, -52, 52, -67, 38, -91, 28, -111, 25, -128, 31, -128, 31, -128]",esp32_1
CSI_DATA,141323,2025-08-27 15:35:17.912,0,sit,00:00:00:00:00:00,-44,11,0,0,0,0,0,0,0,0,0,-97,0,1,0,989433063,0,14,0,0,0,104,0,"[0, 0, -128, -128, -128, -128, -128, -128, -128, -128, -128, -128, -128, -128, -128, -119, -128, -113, -128, -111, -128, -112, -128, -115, -128, -116, -98, -114, -51, -109, -4, -98, 41, -79, 81, -56, 112, -27, 127, 4, 127, 32, 127, 58, 127, 79, 124, 93, 106, 100, 91, 102, 42, 127, 31, 127, 15, 127, 1, 127, -14, 127, -28, 127, -38, 105, -42, 66, -41, 23, -36, -23, -27, -68, -15, -109, -2, -128, 12, -128, 24, -128, 32, -128, 35, -128, 33, -128, 25, -128, 14, -128, -5, -128, -27, -128, -52, -128, -79, -128, -104, -128, -120, -128]",esp32_2
CSI_DATA,138238,2025-08-27 15:35:17.930,0,sit,00:00:00:00:00:00,-62,11,0,0,0,0,0,0,0,0,0,-97,0,1,0,4129055415,0,14,0,0,0,104,0,"[0, 0, -54, -128, -45, -128, -48, -128, -34, -128, -42, -128, -53, -128, -64, -128, -81, -128, -87, -128, -95, -128, -92, -128, -83, -128, -71, -128, -47, -128, -26, -128, -11, -128, 8, -126, 12, -94, 8, -67, -3, -39, -20, -20, -44, -12, -60, -10, -82, -10, -89, -23, 79, -112, 92, -110, 103, -102, 108, -100, 115, -94, 120, -84, 114, -83, 116, -78, 111, -74, 111, -85, 101, -89, 96, -90, 100, -91, 102, -93, 99, -96, 81, -98, 77, -94, 68, -96, 60, -94, 33, -96, 14, -99, -11, -111, -39, -128, -49, -128, -62, -128, -70, -128]",esp32_1
CSI_DATA,141324,2025-08-27 15:35:17.940,0,sit,00:00:00:00:00:00,-44,11,0,0,0,0,0,0,0,0,0,-97,0,1,0,989446550,0,14,0,0,0,104,0,"[0, 0, 127, 127, 127, 108, 127, 88, 127, 69, 127, 50, 127, 35, 127, 27, 127, 24, 127, 26, 127, 33, 127, 44, 127, 56, 102, 66, 63, 73, 22, 76, -18, 74, -55, 67, -88, 53, -114, 35, -128, 14, -128, -7, -128, -26, -128, -41, -117, -52, -105, -57, -91, -128, -80, -128, -64, -128, -47, -128, -28, -128, -8, -119, 9, -93, 24, -61, 37, -24, 45, 16, 49, 56, 51, 95, 51, 127, 50, 127, 50, 127, 50, 127, 53, 127, 61, 127, 71, 127, 84, 127, 101, 127, 121, 127, 127, 127, 127, 127, 127, 127, 127, 127]",esp32_2
CSI_DATA,138239,2025-08-27 15:35:17.956,0,sit,00:00:00:00:00:00,-63,11,0,0,0,0,0,0,0,0,0,-97,0,1,0,4129065465,0,14,0,0,0,104,0,"[0, 0, 18, 127, 11, 127, 10, 127, 12, 127, 17, 127, 30, 127, 42, 127, 57, 127, 67, 127, 71, 127, 71, 127, 63, 127, 54, 127, 31, 127, 10, 127, -4, 127, -21, 117, -28, 90, -18, 57, -5, 32, 13, 18, 38, 7, 57, 4, 74, 7, 83, 16, -101, 83, -111, 74, -121, 63, -127, 60, -128, 56, -128, 50, -123, 45, -123, 43, -120, 44, -117, 51, -112, 56, -103, 61, -113, 64, -112, 66, -111, 70, -94, 73, -91, 69, -79, 75, -70, 71, -51, 79, -28, 86, -6, 103, 21, 119, 28, 127, 36, 127, 46, 127]",esp32_1
CSI_DATA,141325,2025-08-27 15:35:17.965,0,sit,00:00:00:00:00:00,-45,11,0,0,0,0,0,0,0,0,0,-97,0,1,0,989454351,0,14,0,0,0,104,0,"[0, 0, -128, -128, -128, -128, -128, -110, -128, -83, -128, -58, -128, -40, -128, -30, -128, -25, -128, -27, -128, -34, -128, -48, -128, -64, -128, -79, -85, -94, -33, -103, 20, -104, 70, -98, 112, -83, 127, -60, 127, -37, 127, -12, 127, 12, 127, 32, 127, 46, 127, 56, 97, 127, 82, 127, 60, 127, 39, 127, 15, 127, -9, 127, -30, 111, -46, 69, -57, 22, -65, -27, -70, -77, -72, -124, -70, -128, -67, -128, -64, -128, -64, -128, -68, -128, -81, -128, -96, -128, -113, -128, -128, -128, -128, -128, -128, -128, -128, -128, -128, -128, -128, -128]",esp32_2
CSI_DATA,138240,2025-08-27 15:35:17.976,0,sit,00:00:00:00:00:00,-63,11,0,0,0,0,0,0,0,0,0,-97,0,1,0,4129075623,0,14,0,0,0,104,0,"[0, 0, -128, 5, -128, -2, -128, -6, -128, -4, -128, 8, -128, 17, -128, 31, -128, 46, -128, 49, -128, 47, -128, 46, -128, 39, -128, 36, -128, 15, -128, -5, -128, -19, -115, -28, -88, -24, -62, -24, -37, -7, -15, 10, -8, 34, -5, 50, -14, 69, -30, 81, -61, -110, -59, -116, -52, -125, -45, -124, -38, -128, -32, -128, -35, -126, -35, -128, -35, -124, -33, -121, -40, -122, -44, -118, -41, -110, -52, -110, -53, -105, -63, -108, -57, -98, -64, -95, -59, -67, -70, -51, -79, -29, -95, -4, -127, 0, -128, 12, -128, 19, -128, 8]",esp32_1
CSI_DATA,141326,2025-08-27 15:35:17.994,0,sit,00:00:00:00:00:00,-45,11,0,0,0,0,0,0,0,0,0,-97,0,1,0,989460727,0,14,0,0,0,104,0,"[0, 0, 5, 127, 31, 127, 56, 127, 76, 127, 90, 127, 101, 127, 108, 127, 109, 127, 102, 127, 86, 127, 63, 127, 34, 127, 3, 127, -30, 107, -61, 74, -89, 37, -109, -2, -119, -41, -121, -76, -116, -104, -107, -126, -92, -128, -73, -128, -53, -128, -39, -128, 127, -128, 127, -128, 127, -120, 127, -98, 127, -72, 127, -44, 106, -14, 80, 16, 47, 45, 8, 72, -32, 94, -71, 112, -106, 127, -128, 127, -128, 127, -128, 127, -128, 127, -128, 127, -128, 127, -128, 127, -128, 127, -128, 127, -128, 127, -119, 127, -95, 127, -79, 127]",esp32_2
CSI_DATA,138241,2025-08-27 15:35:18.004,0,sit,00:00:00:00:00:00,-63,11,0,0,0,0,0,0,0,0,0,-97,0,1,0,4129085448,0,14,0,0,0,104,0,"[0, 0, -128, 127, -128, 127, -128, 127, -128, 127, -115, 127, -102, 127, -88, 127, -82, 127, -74, 127, -74, 127, -75, 127, -91, 127, -99, 127, -116, 127, -120, 122, -107, 98, -101, 67, -82, 44, -60, 26, -30, 20, -2, 20, 21, 29, 38, 42, 44, 55, 42, 73, -121, -19, -127, -32, -128, -42, -127, -50, -127, -58, -128, -64, -118, -59, -120, -64, -117, -60, -118, -44, -118, -46, -119, -40, -122, -28, -126, -26, -126, -23, -117, -24, -114, -25, -106, -13, -99, 7, -92, 25, -81, 44, -78, 68, -78, 91, -88, 123, -98, 127, -111, 127]",esp32_1
CSI_DATA,138242,2025-08-27 15:35:18.027,0,sit,00:00:00:00:00:00,-62,11,0,0,0,0,0,0,0,0,0,-97,0,1,0,4129097285,0,14,0,0,0,104,0,"[0, 0, 127, -21, 127, -13, 127, -9, 127, -13, 127, -18, 127, -27, 127, -40, 127, -50, 127, -62, 127, -68, 127, -64, 127, -51, 127, -42, 127, -22, 127, -2, 127, 13, 120, 23, 87, 25, 62, 17, 36, 5, 17, -13, 7, -36, 7, -55, 12, -71, 25, -77, 79, 91, 75, 102, 70, 106, 66, 113, 59, 119, 55, 122, 51, 116, 50, 120, 51, 115, 51, 108, 61, 108, 68, 107, 63, 95, 68, 98, 70, 94, 72, 99, 71, 92, 75, 83, 71, 62, 74, 44, 81, 24, 94, 1, 118, -7, 127, -30, 127, -38, 127, -31]",esp32_1
CSI_DATA,138243,2025-08-27 15:35:18.049,0,sit,00:00:00:00:00:00,-62,11,0,0,0,0,0,0,0,0,0,-97,0,1,0,4129105481,0,14,0,0,0,104,0,"[0, 0, 127, 118, 127, 123, 127, 121, 127, 113, 127, 101, 127, 88, 127, 72, 127, 65, 127, 56, 127, 52, 127, 66, 127, 76, 127, 87, 127, 98, 127, 103, 101, 101, 77, 92, 49, 73, 34, 52, 27, 23, 21, 0, 27, -19, 36, -35, 58, -47, 74, -43, 1, 124, -10, 127, -15, 127, -24, 127, -33, 127, -36, 127, -39, 123, -40, 121, -36, 122, -33, 117, -21, 118, -16, 122, -20, 118, -13, 123, -14, 118, -2, 123, 0, 118, 7, 110, 12, 94, 25, 85, 42, 75, 71, 70, 98, 69, 120, 73, 127, 78, 127, 94]",esp32_1
CSI_DATA,138244,2025-08-27 15:35:18.071,0,sit,00:00:00:00:00:00,-62,11,0,0,0,0,0,0,0,0,0,-97,0,1,0,4129116994,0,14,0,0,0,104,0,"[0, 0, 127, -45, 127, -38, 127, -33, 127, -36, 127, -36, 127, -48, 127, -58, 127, -71, 127, -80, 127, -82, 127, -85, 127, -78, 127, -62, 127, -44, 127, -18, 127, -3, 127, 14, 94, 20, 69, 13, 42, 2, 14, -16, 3, -39, -1, -57, 8, -82, 24, -87, 94, 87, 90, 98, 91, 106, 84, 113, 80, 118, 75, 121, 70, 121, 72, 121, 70, 115, 70, 107, 78, 109, 82, 108, 83, 95, 86, 95, 86, 93, 89, 96, 85, 88, 86, 81, 85, 54, 88, 36, 90, 16, 103, -7, 127, -14, 127, -47, 127, -55, 127, -52]",esp32_1
CSI_DATA,141328,2025-08-27 15:35:18.071,0,sit,00:00:00:00:00:00,-43,11,0,0,0,0,0,0,0,0,0,-97,0,1,0,989480699,0,14,0,0,0,104,0,"[0, 0, -115, -128, -128, -128, -128, -128, -128, -128, -128, -128, -128, -128, -128, -128, -128, -128, -128, -128, -128, -128, -128, -128, -99, -128, -59, -128, -15, -126, 29, -109, 70, -87, 106, -61, 127, -33, 127, -3, 127, 25, 127, 50, 127, 69, 127, 81, 121, 87, 105, 89, -128, 127, -128, 127, -128, 125, -128, 100, -128, 74, -128, 44, -125, 11, -100, -22, -70, -55, -36, -86, -1, -114, 34, -128, 66, -128, 95, -128, 117, -128, 127, -128, 127, -128, 127, -128, 127, -128, 116, -128, 94, -128, 70, -128, 43, -128, 13, -128, -16, -128, -36, -128]",esp32_2
CSI_DATA,138245,2025-08-27 15:35:18.093,0,sit,00:00:00:00:00:00,-62,11,0,0,0,0,0,0,0,0,0,-97,0,1,0,4129125431,0,14,0,0,0,104,0,"[0, 0, -84, -128, -69, -128, -72, -128, -64, -128, -66, -128, -76, -128, -83, -128, -102, -128, -107, -128, -114, -128, -113, -128, -101, -128, -88, -128, -73, -128, -46, -128, -23, -128, -3, -125, 6, -93, 3, -67, -1, -39, -17, -19, -42, -7, -54, -1, -79, 3, -89, -10, 63, -118, 71, -116, 84, -113, 89, -110, 100, -108, 101, -101, 98, -98, 101, -96, 92, -91, 96, -99, 84, -99, 78, -101, 82, -101, 83, -106, 78, -105, 63, -114, 61, -107, 55, -110, 45, -100, 27, -100, 3, -101, -22, -107, -52, -126, -62, -128, -77, -128, -91, -128]",esp32_1
CSI_DATA,141329,2025-08-27 15:35:18.104,0,sit,00:00:00:00:00:00,-43,11,0,0,0,0,0,0,0,0,0,-97,0,1,0,989490715,0,14,0,0,0,104,0,"[0, 0, 127, 80, 127, 49, 127, 20, 127, -5, 127, -25, 127, -41, 127, -53, 127, -58, 127, -57, 127, -49, 127, -30, 127, -4, 127, 25, 121, 57, 84, 85, 45, 109, 4, 127, -38, 127, -75, 127, -104, 127, -125, 116, -128, 99, -128, 82, -128, 63, -128, 49, -24, -128, -10, -128, 9, -128, 27, -128, 46, -128, 63, -128, 77, -107, 86, -65, 91, -21, 93, 24, 92, 67, 90, 108, 88, 127, 87, 127, 87, 127, 89, 127, 97, 127, 114, 127, 127, 127, 127, 127, 127, 127, 127, 127, 127, 127, 127, 127, 127, 127, 127, 127]",esp32_2
CSI_DATA,138246,2025-08-27 15:35:18.116,0,sit,00:00:00:00:00:00,-62,11,0,0,0,0,0,0,0,0,0,-97,0,1,0,4129135467,0,14,0,0,0,104,0,"[0, 0, 74, -128, 82, -128, 79, -128, 72, -128, 61, -128, 46, -128, 33, -128, 21, -128, 18, -128, 19, -128, 23, -128, 35, -128, 41, -128, 68, -128, 77, -128, 80, -128, 80, -100, 69, -69, 49, -48, 23, -33, -7, -24, -35, -27, -50, -35, -60, -48, -61, -65, 121, -48, 127, -41, 127, -29, 127, -25, 127, -16, 127, -7, 127, -5, 127, -3, 127, -5, 127, -15, 127, -13, 127, -16, 127, -26, 127, -31, 127, -35, 121, -36, 113, -33, 107, -42, 95, -52, 82, -64, 65, -78, 54, -104, 43, -121, 43, -128, 45, -128, 46, -128]",esp32_1
CSI_DATA,141330,2025-08-27 15:35:18.131,0,sit,00:00:00:00:00:00,-43,11,0,0,0,0,0,0,0,0,0,-97,0,1,0,989504212,0,14,0,0,0,104,0,"[0, 0, 127, 82, 127, 53, 127, 23, 127, -4, 127, -27, 127, -44, 127, -57, 127, -61, 127, -58, 127, -48, 127, -27, 127, -2, 127, 25, 127, 55, 92, 82, 51, 106, 10, 124, -30, 127, -67, 127, -98, 127, -120, 113, -128, 96, -128, 77, -128, 58, -128, 43, -17, -128, -3, -128, 16, -128, 33, -128, 52, -128, 68, -128, 80, -112, 86, -70, 88, -25, 89, 22, 87, 67, 81, 106, 75, 127, 71, 127, 72, 127, 75, 127, 83, 127, 100, 127, 120, 127, 127, 127, 127, 127, 127, 127, 127, 127, 127, 127, 127, 127, 127, 127]",esp32_2
CSI_DATA,138247,2025-08-27 15:35:18.139,0,sit,00:00:00:00:00:00,-62,11,0,0,0,0,0,0,0,0,0,-97,0,1,0,4129145521,0,14,0,0,0,104,0,"[0, 0, 127, -128, 127, -128, 127, -128, 127, -128, 127, -128, 116, -128, 103, -128, 99, -128, 94, -128, 95, -128, 103, -128, 109, -128, 121, -128, 127, -128, 127, -121, 124, -91, 118, -60, 94, -38, 66, -25, 34, -21, 3, -25, -20, -35, -33, -50, -38, -64, -32, -83, 124, 20, 127, 31, 127, 39, 127, 50, 127, 59, 127, 65, 122, 66, 124, 68, 123, 63, 119, 48, 123, 51, 122, 45, 127, 33, 127, 29, 127, 27, 126, 25, 122, 24, 114, 18, 114, -3, 104, -19, 95, -41, 96, -70, 95, -80, 104, -120, 114, -128, 127, -128]",esp32_1
CSI_DATA,138248,2025-08-27 15:35:18.162,0,sit,00:00:00:00:00:00,-62,11,0,0,0,0,0,0,0,0,0,-97,0,1,0,4129180019,0,14,0,0,0,104,0,"[0, 0, 127, 63, 127, 68, 127, 75, 127, 61, 127, 52, 127, 40, 127, 29, 127, 14, 127, 8, 127, 6, 127, 16, 127, 30, 127, 44, 127, 62, 127, 70, 127, 80, 104, 77, 72, 65, 51, 45, 34, 20, 24, -4, 25, -30, 33, -46, 51, -62, 65, -63, 51, 117, 43, 124, 40, 127, 31, 127, 26, 127, 21, 127, 14, 127, 13, 127, 18, 127, 18, 127, 30, 127, 37, 127, 30, 120, 35, 126, 39, 121, 48, 126, 45, 120, 52, 115, 53, 91, 60, 79, 75, 63, 96, 50, 127, 48, 127, 35, 127, 36, 127, 46]",esp32_1
CSI_DATA,141331,2025-08-27 15:35:18.162,0,sit,00:00:00:00:00:00,-44,11,0,0,0,0,0,0,0,0,0,-97,0,1,0,989510693,0,14,0,0,0,104,0,"[0, 0, 127, -128, 127, -128, 127, -128, 127, -128, 110, -128, 90, -128, 76, -128, 67, -128, 63, -128, 63, -128, 70, -128, 80, -128, 91, -128, 102, -86, 109, -42, 111, 2, 108, 45, 98, 83, 83, 114, 65, 127, 44, 127, 25, 127, 6, 127, -11, 127, -21, 126, -128, -92, -128, -105, -128, -117, -128, -124, -120, -128, -89, -127, -55, -118, -19, -104, 19, -86, 56, -64, 89, -41, 119, -19, 127, 2, 127, 19, 127, 32, 127, 39, 127, 38, 127, 28, 127, 12, 127, -9, 127, -38, 127, -69, 127, -99, 127, -128, 127, -128, 127, -128]",esp32_2
CSI_DATA,138249,2025-08-27 15:35:18.184,0,sit,00:00:00:00:00:00,-62,11,0,0,0,0,0,0,0,0,0,-97,0,1,0,4129206257,0,14,0,0,0,104,0,"[0, 0, -128, 80, -128, 74, -128, 70, -128, 72, -128, 72, -128, 78, -128, 91, -128, 101, -128, 112, -128, 114, -128, 113, -128, 104, -128, 93, -128, 73, -128, 50, -128, 22, -128, 6, -100, -4, -72, -6, -39, 7, -17, 13, -1, 38, 6, 56, -1, 77, -11, 90, -115, -58, -115, -71, -115, -80, -112, -83, -111, -93, -105, -102, -103, -97, -103, -97, -97, -92, -96, -92, -108, -83, -109, -79, -102, -73, -105, -68, -107, -67, -121, -68, -117, -62, -117, -53, -104, -39, -106, -20, -103, 0, -106, 17, -128, 42, -128, 63, -128, 76, -128, 85]",esp32_1
CSI_DATA,141332,2025-08-27 15:35:18.184,0,sit,00:00:00:00:00:00,-44,11,0,0,0,0,0,0,0,0,0,-97,0,1,0,989521746,0,14,0,0,0,104,0,"[0, 0, 127, 127, 127, 127, 127, 126, 127, 104, 127, 84, 127, 67, 127, 54, 127, 44, 127, 39, 127, 42, 127, 53, 127, 67, 127, 80, 102, 93, 60, 103, 15, 107, -27, 108, -67, 100, -102, 87, -126, 72, -128, 53, -128, 32, -128, 14, -128, -1, -127, -12, 59, -128, 72, -128, 85, -128, 95, -128, 105, -128, 110, -116, 107, -79, 99, -41, 87, -2, 70, 36, 50, 73, 31, 106, 15, 127, 1, 127, -10, 127, -15, 127, -13, 127, -3, 127, 12, 127, 33, 127, 60, 127, 92, 127, 127, 127, 127, 127, 127, 127, 127, 127]",esp32_2
CSI_DATA,138250,2025-08-27 15:35:18.206,0,sit,00:00:00:00:00:00,-62,11,0,0,0,0,0,0,0,0,0,-97,0,1,0,4129241400,0,14,0,0,0,104,0,"[0, 0, -128, -55, -128, -61, -128, -63, -128, -55, -128, -43, -128, -34, -128, -23, -128, -8, -128, -8, -128, -4, -128, -13, -128, -32, -128, -41, -128, -60, -128, -70, -128, -77, -107, -75, -74, -66, -52, -49, -34, -20, -21, 0, -26, 26, -31, 45, -48, 62, -63, 64, -62, -109, -55, -123, -50, -128, -48, -128, -38, -128, -32, -128, -27, -128, -27, -128, -29, -128, -28, -128, -38, -127, -44, -126, -37, -122, -46, -124, -47, -118, -60, -121, -60, -118, -63, -112, -67, -93, -74, -78, -83, -66, -102, -54, -128, -45, -128, -38, -128, -34, -128, -45]",esp32_1
CSI_DATA,141333,2025-08-27 15:35:18.216,0,sit,00:00:00:00:00:00,-44,11,0,0,0,0,0,0,0,0,0,-97,0,1,0,989530697,0,14,0,0,0,104,0,"[0, 0, 127, 60, 127, 37, 127, 19, 127, 2, 127, -17, 127, -31, 127, -40, 127, -45, 127, -45, 127, -37, 127, -21, 127, -2, 127, 18, 118, 43, 86, 65, 50, 84, 16, 98, -18, 105, -50, 107, -77, 101, -96, 91, -109, 77, -115, 62, -113, 47, -109, 34, -8, -128, 6, -128, 22, -128, 37, -128, 51, -128, 63, -128, 70, -102, 73, -68, 73, -32, 69, 7, 63, 44, 56, 76, 49, 105, 45, 127, 42, 127, 42, 127, 49, 127, 63, 127, 79, 127, 98, 127, 122, 127, 127, 127, 127, 127, 127, 127, 127, 127, 127, 127]",esp32_2
CSI_DATA,138251,2025-08-27 15:35:18.227,0,sit,00:00:00:00:00:00,-63,11,0,0,0,0,0,0,0,0,0,-97,0,1,0,4129280438,0,14,0,0,0,104,0,"[0, 0, -128, 127, -128, 127, -128, 127, -128, 127, -128, 127, -128, 127, -120, 127, -119, 127, -108, 127, -121, 127, -128, 127, -128, 127, -128, 127, -128, 127, -128, 119, -128, 86, -128, 59, -107, 30, -74, 17, -43, 16, -10, 28, 17, 42, 29, 61, 34, 82, 21, 98, -128, -5, -128, -16, -128, -27, -128, -35, -128, -44, -128, -49, -128, -52, -128, -56, -128, -61, -128, -36, -128, -46, -128, -32, -128, -22, -128, -12, -128, -12, -128, -15, -128, -13, -128, -6, -128, 22, -127, 35, -123, 59, -123, 80, -126, 96, -128, 127, -128, 127, -128, 127]",esp32_1
CSI_DATA,138252,2025-08-27 15:35:18.249,0,sit,00:00:00:00:00:00,-62,11,0,0,0,0,0,0,0,0,0,-97,0,1,0,4129326091,0,14,0,0,0,104,0,"[0, 0, -81, -128, -75, -128, -80, -128, -71, -128, -75, -128, -83, -128, -92, -128, -109, -128, -115, -128, -126, -128, -121, -128, -107, -128, -93, -128, -71, -128, -49, -128, -24, -128, -5, -128, 7, -96, 4, -69, -4, -40, -15, -21, -40, -5, -56, -2, -79, -1, -91, -13, 36, -123, 48, -127, 58, -123, 67, -126, 74, -125, 80, -124, 77, -115, 81, -116, 75, -110, 79, -114, 66, -113, 58, -115, 63, -112, 59, -116, 56, -120, 38, -127, 34, -126, 32, -126, 28, -123, 11, -120, -7, -121, -26, -128, -50, -128, -61, -128, -75, -128, -86, -128]",esp32_1
CSI_DATA,141334,2025-08-27 15:35:18.249,0,sit,00:00:00:00:00:00,-44,11,0,0,0,0,0,0,0,0,0,-97,0,1,0,989540702,0,14,0,0,0,104,0,"[0, 0, 104, -128, 86, -128, 70, -128, 53, -128, 33, -128, 17, -128, 8, -128, 4, -128, 4, -128, 9, -128, 19, -128, 32, -128, 47, -128, 63, -111, 77, -74, 88, -34, 93, 4, 92, 38, 86, 69, 76, 93, 63, 110, 46, 120, 28, 121, 12, 117, 1, 111, -128, -3, -128, -16, -128, -33, -128, -48, -128, -61, -128, -70, -101, -74, -68, -75, -32, -72, 6, -64, 43, -54, 76, -43, 106, -33, 127, -26, 127, -21, 127, -19, 127, -22, 127, -33, 127, -48, 127, -67, 127, -93, 127, -122, 127, -128, 127, -128, 127, -128, 127, -128]",esp32_2
CSI_DATA,138253,2025-08-27 15:35:18.273,0,sit,00:00:00:00:00:00,-66,11,0,0,0,0,0,0,0,0,0,-97,0,1,0,4129350878,0,14,0,0,0,104,0,"[0, 0, -86, 127, -83, 127, -76, 127, -72, 127, -56, 127, -48, 127, -31, 127, -18, 127, -13, 127, -9, 127, -20, 127, -37, 127, -56, 127, -82, 127, -100, 127, -102, 127, -104, 127, -98, 113, -60, 84, -41, 59, 10, 44, 50, 52, 86, 62, 112, 79, 124, 110, -128, 45, -128, 42, -128, 30, -128, 21, -128, 12, -128, 10, -128, 12, -128, 7, -128, -2, -128, 16, -128, 7, -128, 19, -128, 30, -128, 40, -128, 38, -125, 44, -110, 46, -98, 55, -106, 78, -92, 85, -87, 97, -81, 111, -68, 120, -67, 127, -70, 127, -55, 127]",esp32_1
CSI_DATA,138254,2025-08-27 15:35:18.294,0,sit,00:00:00:00:00:00,-63,11,0,0,0,0,0,0,0,0,0,-97,0,1,0,4129375584,0,14,0,0,0,104,0,"[0, 0, 111, -128, 108, -128, 100, -128, 99, -128, 81, -128, 70, -128, 60, -128, 51, -128, 48, -128, 48, -128, 59, -128, 70, -128, 82, -128, 101, -128, 107, -128, 103, -107, 94, -78, 78, -45, 59, -35, 26, -21, -1, -24, -22, -32, -37, -44, -45, -54, -45, -74, 109, -31, 121, -24, 122, -17, 127, -14, 127, -7, 127, 3, 127, 8, 127, 10, 127, 11, 124, -4, 121, -3, 119, -8, 122, -16, 122, -23, 120, -28, 108, -32, 107, -42, 107, -47, 107, -59, 98, -71, 91, -84, 88, -104, 78, -116, 86, -128, 89, -128, 98, -128]",esp32_1
CSI_DATA,138255,2025-08-27 15:35:18.320,0,sit,00:00:00:00:00:00,-63,11,0,0,0,0,0,0,0,0,0,-97,0,1,0,4129410019,0,14,0,0,0,104,0,"[0, 0, -128, 44, -128, 34, -128, 39, -128, 39, -128, 45, -128, 61, -128, 73, -128, 87, -128, 102, -128, 109, -128, 110, -128, 94, -128, 77, -128, 44, -128, 15, -128, 0, -128, -22, -107, -36, -76, -30, -44, -10, -18, 18, -10, 44, -7, 71, -13, 90, -28, 98, -121, -77, -118, -81, -126, -97, -114, -101, -124, -107, -107, -116, -101, -119, -99, -125, -97, -122, -109, -110, -105, -102, -104, -98, -123, -89, -122, -85, -120, -78, -126, -66, -124, -59, -128, -51, -128, -35, -128, -26, -128, -11, -128, 4, -128, 26, -128, 45, -128, 56, -128, 43]",esp32_1
CSI_DATA,138256,2025-08-27 15:35:18.338,0,sit,00:00:00:00:00:00,-62,11,0,0,0,0,0,0,0,0,0,-97,0,1,0,4129437022,0,14,0,0,0,104,0,"[0, 0, -128, 127, -125, 127, -113, 127, -104, 127, -89, 127, -74, 127, -66, 127, -57, 127, -59, 127, -65, 127, -78, 127, -88, 127, -102, 127, -116, 127, -122, 127, -110, 104, -106, 73, -87, 47, -59, 28, -33, 22, 0, 21, 19, 34, 37, 48, 40, 59, 39, 76, -114, 31, -124, 23, -128, 14, -128, 11, -128, 7, -128, -4, -128, -4, -128, -9, -128, -8, -128, 0, -123, -1, -125, 1, -120, 11, -122, 21, -121, 27, -115, 35, -107, 40, -105, 48, -106, 63, -106, 81, -92, 95, -96, 112, -95, 125, -104, 127, -109, 127, -109, 127]",esp32_1
CSI_DATA,141336,2025-08-27 15:35:18.338,0,sit,00:00:00:00:00:00,-44,11,0,0,0,0,0,0,0,0,0,-97,0,1,0,989560725,0,14,0,0,0,104,0,"[0, 0, 127, 85, 127, 64, 127, 44, 127, 26, 127, 10, 127, -4, 127, -13, 127, -18, 127, -18, 127, -10, 127, 5, 127, 22, 127, 40, 127, 59, 92, 75, 47, 89, 4, 97, -36, 96, -73, 89, -102, 78, -122, 61, -128, 42, -128, 24, -128, 9, -127, -2, -69, -128, -54, -128, -34, -128, -14, -128, 7, -128, 25, -128, 39, -128, 49, -104, 55, -62, 57, -18, 55, 26, 52, 65, 47, 101, 43, 127, 42, 127, 43, 127, 48, 127, 61, 127, 79, 127, 102, 127, 127, 127, 127, 127, 127, 127, 127, 127, 127, 127, 127, 127]",esp32_2
CSI_DATA,138257,2025-08-27 15:35:18.359,0,sit,00:00:00:00:00:00,-63,11,0,0,0,0,0,0,0,0,0,-97,0,1,0,4129473251,0,14,0,0,0,104,0,"[0, 0, 127, 53, 127, 55, 127, 53, 127, 36, 127, 22, 127, 2, 127, -6, 127, -22, 127, -30, 127, -28, 127, -17, 127, 0, 127, 17, 127, 45, 127, 62, 127, 68, 127, 78, 96, 66, 62, 45, 39, 23, 23, -11, 24, -41, 27, -62, 47, -84, 68, -86, 89, 119, 87, 127, 84, 127, 81, 127, 78, 127, 70, 127, 68, 127, 63, 127, 61, 127, 57, 127, 70, 127, 68, 127, 63, 117, 73, 110, 81, 103, 101, 106, 106, 97, 124, 90, 127, 70, 127, 58, 127, 45, 127, 38, 127, 44, 127, 35, 127, 35, 127, 48]",esp32_1
CSI_DATA,141337,2025-08-27 15:35:18.369,0,sit,00:00:00:00:00:00,-44,11,0,0,0,0,0,0,0,0,0,-97,0,1,0,989570678,0,14,0,0,0,104,0,"[0, 0, 127, 127, 127, 127, 127, 118, 127, 101, 127, 86, 127, 72, 127, 61, 127, 53, 127, 47, 127, 47, 127, 55, 127, 66, 127, 77, 122, 86, 77, 92, 30, 95, -14, 92, -55, 82, -90, 68, -115, 50, -128, 31, -128, 12, -128, -5, -128, -20, -124, -30, -24, -128, -7, -128, 12, -128, 28, -128, 46, -128, 59, -128, 67, -128, 70, -96, 66, -54, 57, -11, 45, 32, 33, 70, 22, 104, 13, 127, 6, 127, 1, 127, 5, 127, 16, 127, 32, 127, 53, 127, 81, 127, 117, 127, 127, 127, 127, 127, 127, 127, 127, 127]",esp32_2
CSI_DATA,138258,2025-08-27 15:35:18.383,0,sit,00:00:00:00:00:00,-63,11,0,0,0,0,0,0,0,0,0,-97,0,1,0,4129510732,0,14,0,0,0,104,0,"[0, 0, -128, 8, -128, 8, -128, 1, -128, 18, -128, 32, -128, 47, -128, 60, -128, 75, -128, 79, -128, 84, -128, 80, -128, 70, -128, 48, -128, 23, -128, -2, -128, -14, -128, -37, -103, -31, -75, -25, -43, -5, -16, 16, -11, 43, -7, 68, -22, 86, -36, 99, -107, -92, -98, -107, -104, -109, -100, -116, -96, -126, -89, -128, -91, -125, -86, -128, -83, -128, -79, -117, -88, -121, -85, -108, -83, -92, -89, -82, -99, -76, -110, -74, -114, -64, -126, -55, -128, -32, -128, -17, -128, -4, -128, 7, -128, 8, -128, 23, -128, 28, -128, 8]",esp32_1
CSI_DATA,141338,2025-08-27 15:35:18.402,0,sit,00:00:00:00:00:00,-43,11,0,0,0,0,0,0,0,0,0,-97,0,1,0,989582731,0,14,0,0,0,104,0,"[0, 0, -128, -128, -128, -128, -128, -128, -128, -128, -128, -128, -128, -128, -128, -128, -128, -128, -128, -128, -128, -128, -128, -128, -124, -128, -91, -128, -54, -128, -16, -118, 23, -95, 55, -70, 80, -42, 99, -13, 109, 13, 112, 37, 109, 58, 100, 72, 87, 78, 76, 81, -98, 127, -110, 127, -121, 127, -128, 127, -128, 127, -128, 110, -119, 81, -102, 50, -81, 18, -55, -13, -26, -40, 2, -64, 28, -86, 51, -107, 69, -125, 80, -128, 86, -128, 84, -128, 76, -128, 61, -128, 39, -128, 14, -128, -12, -128, -41, -128, -72, -128, -93, -128]",esp32_2
CSI_DATA,138259,2025-08-27 15:35:18.411,0,sit,00:00:00:00:00:00,-63,11,0,0,0,0,0,0,0,0,0,-97,0,1,0,4129569569,0,14,0,0,0,104,0,"[0, 0, 22, 127, 21, 127, 31, 127, 30, 127, 46, 127, 55, 127, 70, 127, 85, 127, 95, 127, 94, 127, 88, 127, 76, 127, 61, 127, 40, 127, 15, 127, -1, 127, -13, 113, -16, 81, -11, 56, 2, 32, 19, 15, 44, 7, 62, 6, 79, 6, 90, 25, -65, 100, -76, 98, -83, 95, -89, 94, -95, 95, -97, 88, -99, 85, -98, 81, -96, 80, -95, 83, -86, 81, -74, 78, -78, 77, -69, 83, -60, 90, -41, 96, -33, 98, -18, 111, -17, 112, -1, 124, 10, 127, 23, 127, 35, 127, 34, 127, 35, 127, 42, 127]",esp32_1
CSI_DATA,141339,2025-08-27 15:35:18.423,0,sit,00:00:00:00:00:00,-43,11,0,0,0,0,0,0,0,0,0,-97,0,1,0,989591093,0,14,0,0,0,104,0,"[0, 0, -128, 127, -128, 127, -128, 127, -128, 127, -125, 127, -109, 127, -99, 127, -92, 127, -87, 127, -87, 127, -92, 127, -100, 127, -104, 127, -108, 127, -109, 79, -106, 32, -99, -14, -86, -56, -68, -91, -49, -116, -29, -128, -9, -128, 11, -128, 27, -128, 36, -120, 127, 12, 127, 27, 127, 45, 127, 61, 127, 74, 127, 82, 127, 84, 101, 81, 60, 72, 17, 60, -23, 45, -62, 29, -97, 13, -128, 0, -128, -8, -128, -13, -128, -12, -128, -3, -128, 14, -128, 38, -128, 68, -128, 102, -128, 127, -128, 127, -128, 127, -128, 127]",esp32_2
CSI_DATA,138260,2025-08-27 15:35:18.434,0,sit,00:00:00:00:00:00,-63,11,0,0,0,0,0,0,0,0,0,-97,0,1,0,4129596225,0,14,0,0,0,104,0,"[0, 0, 127, 78, 127, 72, 127, 68, 127, 53, 127, 39, 127, 20, 127, 8, 127, 1, 127, -4, 127, -1, 127, 13, 127, 27, 127, 42, 127, 64, 127, 75, 122, 75, 98, 71, 66, 57, 48, 37, 30, 10, 20, -18, 27, -40, 36, -59, 55, -71, 74, -71, 58, 113, 54, 124, 49, 121, 46, 127, 41, 127, 32, 127, 31, 127, 26, 127, 27, 127, 24, 122, 29, 122, 36, 120, 34, 104, 44, 99, 52, 88, 66, 89, 75, 86, 92, 81, 98, 65, 117, 60, 127, 55, 127, 55, 127, 64, 127, 57, 127, 65, 127, 75]",esp32_1
CSI_DATA,138261,2025-08-27 15:35:18.454,0,sit,00:00:00:00:00:00,-63,11,0,0,0,0,0,0,0,0,0,-97,0,1,0,4129620023,0,14,0,0,0,104,0,"[0, 0, -128, -45, -128, -52, -128, -35, -128, -27, -128, -10, -128, 5, -128, 23, -128, 22, -128, 33, -128, 44, -128, 41, -128, 25, -128, 3, -128, -30, -128, -47, -114, -44, -106, -53, -65, -41, -46, -29, -29, 0, -22, 21, -8, 41, -17, 57, -32, 77, -51, 82, -58, -97, -59, -120, -47, -105, -53, -126, -38, -115, -43, -128, -33, -121, -34, -127, -26, -126, -31, -103, -45, -108, -50, -102, -44, -87, -52, -81, -62, -84, -64, -78, -81, -83, -85, -59, -105, -52, -112, -46, -128, -36, -128, -39, -128, -25, -128, -19, -128, -21, -128, -36]",esp32_1
CSI_DATA,141340,2025-08-27 15:35:18.461,0,sit,00:00:00:00:00:00,-43,11,0,0,0,0,0,0,0,0,0,-97,0,1,0,989600729,0,14,0,0,0,104,0,"[0, 0, 127, 127, 127, 127, 127, 127, 127, 127, 127, 127, 127, 127, 127, 127, 127, 127, 127, 127, 127, 127, 127, 127, 99, 127, 67, 127, 31, 127, -6, 127, -40, 99, -68, 66, -90, 31, -106, -5, -112, -37, -111, -65, -103, -86, -90, -99, -76, -105, -64, -107, 127, -128, 127, -128, 127, -128, 127, -128, 127, -128, 127, -115, 127, -84, 120, -51, 94, -19, 60, 10, 25, 38, -8, 63, -39, 85, -65, 106, -88, 124, -105, 127, -114, 127, -115, 127, -109, 127, -94, 127, -72, 127, -48, 127, -25, 127, 3, 127, 34, 127, 56, 127]",esp32_2
CSI_DATA,138262,2025-08-27 15:35:18.476,0,sit,00:00:00:00:00:00,-63,11,0,0,0,0,0,0,0,0,0,-97,0,1,0,4129656319,0,14,0,0,0,104,0,"[0, 0, 127, -98, 127, -97, 127, -95, 127, -104, 127, -112, 115, -122, 112, -128, 115, -128, 124, -128, 127, -128, 127, -128, 127, -128, 127, -128, 127, -115, 127, -85, 127, -55, 117, -32, 82, -18, 56, -18, 25, -15, -6, -28, -20, -50, -29, -68, -29, -95, -16, -108, 120, 39, 121, 48, 127, 53, 127, 59, 127, 68, 125, 75, 120, 78, 120, 80, 117, 80, 105, 72, 111, 71, 104, 65, 93, 48, 96, 35, 96, 21, 102, 11, 105, -1, 114, -16, 116, -41, 118, -59, 127, -75, 127, -92, 127, -96, 127, -116, 127, -121, 127, -105]",esp32_1
CSI_DATA,141341,2025-08-27 15:35:18.487,0,sit,00:00:00:00:00:00,-43,11,0,0,0,0,0,0,0,0,0,-97,0,1,0,989610828,0,14,0,0,0,104,0,"[0, 0, -128, -41, -128, -21, -128, -3, -128, 13, -128, 26, -128, 36, -128, 42, -128, 44, -128, 41, -128, 34, -128, 19, -128, -1, -128, -23, -128, -45, -120, -65, -75, -82, -31, -93, 11, -98, 49, -95, 79, -86, 102, -73, 117, -57, 124, -40, 125, -24, 121, -13, 127, 127, 121, 127, 100, 127, 76, 127, 53, 127, 29, 127, 7, 127, -9, 127, -23, 96, -36, 53, -46, 10, -54, -29, -59, -65, -65, -99, -73, -128, -81, -128, -92, -128, -109, -128, -128, -128, -128, -128, -128, -128, -128, -128, -128, -128, -128, -125, -128, -108, -128, -97]",esp32_2
CSI_DATA,138263,2025-08-27 15:35:18.498,0,sit,00:00:00:00:00:00,-63,11,0,0,0,0,0,0,0,0,0,-97,0,1,0,4129680691,0,14,0,0,0,104,0,"[0, 0, 85, -128, 80, -128, 56, -128, 50, -128, 28, -128, 10, -128, -7, -128, -19, -128, -30, -128, -29, -128, -20, -128, -3, -128, 17, -128, 44, -128, 56, -128, 55, -128, 61, -99, 45, -70, 27, -44, 1, -24, -24, -23, -53, -23, -72, -29, -87, -43, -86, -61, 113, -49, 123, -41, 127, -35, 127, -35, 127, -28, 127, -23, 127, -13, 127, -11, 127, -4, 127, -17, 122, -16, 108, -22, 109, -27, 101, -40, 96, -45, 79, -58, 71, -71, 63, -90, 67, -108, 60, -119, 55, -128, 59, -128, 52, -128, 63, -128, 66, -128, 74, -128]",esp32_1
CSI_DATA,138264,2025-08-27 15:35:18.523,0,sit,00:00:00:00:00:00,-64,11,0,0,0,0,0,0,0,0,0,-97,0,1,0,4129714152,0,14,0,0,0,104,0,"[0, 0, -37, -128, -33, -128, -47, -128, -47, -128, -64, -128, -80, -128, -98, -128, -122, -128, -128, -128, -128, -128, -128, -128, -117, -128, -104, -128, -77, -128, -48, -128, -25, -128, -6, -111, 0, -79, 0, -46, -14, -18, -31, 0, -56, 17, -77, 25, -101, 22, -115, 8, 80, -108, 87, -107, 96, -101, 99, -103, 110, -100, 118, -94, 115, -86, 121, -84, 114, -77, 113, -77, 98, -73, 80, -73, 76, -72, 63, -80, 50, -82, 27, -97, 13, -102, -3, -119, -12, -124, -26, -128, -40, -128, -53, -128, -67, -128, -63, -128, -61, -128, -64, -128]",esp32_1
CSI_DATA,138265,2025-08-27 15:35:18.545,0,sit,00:00:00:00:00:00,-64,11,0,0,0,0,0,0,0,0,0,-97,0,1,0,4129752548,0,14,0,0,0,104,0,"[0, 0, 127, 85, 127, 66, 127, 72, 127, 39, 127, 23, 127, -1, 127, -9, 127, -38, 127, -35, 127, -36, 127, -20, 127, -12, 127, 1, 127, 12, 127, 24, 127, 44, 92, 42, 64, 37, 38, 17, 13, -1, -6, -29, -2, -60, 7, -77, 21, -98, 38, -99, 6, 118, 4, 110, -2, 127, -7, 121, -12, 127, -18, 122, -20, 127, -29, 127, -19, 127, -31, 126, -21, 115, -17, 106, -10, 89, 7, 84, 15, 66, 40, 82, 46, 61, 74, 66, 80, 46, 111, 44, 126, 47, 127, 41, 127, 71, 127, 67, 127, 79, 127, 94]",esp32_1
CSI_DATA,138266,2025-08-27 15:35:18.566,0,sit,00:00:00:00:00:00,-64,11,0,0,0,0,0,0,0,0,0,-97,0,1,0,4129792425,0,14,0,0,0,104,0,"[0, 0, -91, -128, -84, -128, -81, -128, -95, -128, -100, -128, -125, -116, -128, -110, -128, -102, -128, -94, -128, -107, -128, -123, -128, -128, -128, -128, -128, -128, -128, -128, -81, -128, -57, -125, -25, -78, -14, -45, -14, -1, -21, 27, -36, 59, -61, 76, -89, 96, -118, 91, 106, -106, 125, -115, 112, -95, 127, -109, 126, -100, 127, -107, 127, -90, 127, -94, 127, -85, 126, -84, 118, -89, 103, -90, 92, -76, 78, -78, 65, -84, 33, -92, 9, -104, -15, -100, -36, -115, -60, -128, -86, -128, -101, -128, -128, -128, -128, -128, -128, -128, -128, -128]",esp32_1
CSI_DATA,141343,2025-08-27 15:35:18.577,0,sit,00:00:00:00:00:00,-43,11,0,0,0,0,0,0,0,0,0,-97,0,1,0,989630711,0,14,0,0,0,104,0,"[0, 0, 127, 127, 127, 127, 127, 127, 127, 127, 127, 127, 127, 127, 127, 127, 127, 127, 127, 127, 127, 127, 127, 127, 113, 127, 84, 127, 52, 127, 18, 118, -14, 95, -41, 69, -63, 42, -79, 13, -87, -13, -89, -36, -86, -55, -79, -67, -68, -73, -59, -76, 63, -128, 76, -128, 90, -128, 100, -128, 106, -128, 107, -128, 100, -108, 89, -78, 72, -47, 51, -17, 29, 11, 8, 36, -12, 59, -28, 82, -41, 102, -51, 119, -55, 127, -51, 127, -42, 127, -28, 127, -9, 127, 14, 127, 36, 127, 60, 127, 85, 127, 104, 127]",esp32_2
CSI_DATA,138267,2025-08-27 15:35:18.591,0,sit,00:00:00:00:00:00,-64,11,0,0,0,0,0,0,0,0,0,-97,0,1,0,4129827445,0,14,0,0,0,104,0,"[0, 0, -55, 127, -46, 127, -28, 127, -20, 127, 5, 127, 26, 127, 53, 127, 78, 127, 90, 127, 99, 127, 97, 127, 86, 127, 73, 127, 50, 127, 26, 127, 11, 127, -11, 102, -16, 68, -10, 34, 4, 5, 26, -19, 54, -29, 73, -33, 95, -35, 112, -22, -119, 19, -127, 15, -128, 9, -128, 5, -128, 2, -128, -2, -128, -4, -128, -10, -128, -6, -128, -3, -118, 2, -107, 4, -106, 6, -94, 17, -83, 24, -65, 41, -54, 54, -38, 70, -31, 87, -12, 112, -4, 127, 6, 127, 10, 127, -3, 127, -10, 127, -17, 127]",esp32_1
CSI_DATA,141344,2025-08-27 15:35:18.607,0,sit,00:00:00:00:00:00,-43,11,0,0,0,0,0,0,0,0,0,-97,0,1,0,989640726,0,14,0,0,0,104,0,"[0, 0, 127, 36, 127, 20, 127, 8, 127, -5, 127, -17, 127, -25, 127, -31, 127, -34, 127, -33, 127, -25, 127, -11, 127, 6, 127, 24, 127, 43, 125, 59, 82, 72, 41, 80, 2, 81, -34, 75, -64, 65, -86, 52, -101, 38, -107, 22, -109, 8, -106, -3, -128, -128, -128, -128, -128, -128, -114, -128, -90, -128, -66, -128, -43, -128, -22, -128, -4, -103, 11, -65, 23, -27, 35, 9, 45, 41, 56, 70, 65, 97, 74, 118, 88, 127, 109, 127, 127, 127, 127, 127, 127, 127, 127, 123, 127, 116, 127, 105, 127, 93, 127, 85]",esp32_2
CSI_DATA,138268,2025-08-27 15:35:18.610,0,sit,00:00:00:00:00:00,-64,11,0,0,0,0,0,0,0,0,0,-97,0,1,0,4129852554,0,14,0,0,0,104,0,"[0, 0, -128, 79, -128, 65, -128, 56, -128, 66, -128, 79, -113, 96, -92, 118, -84, 127, -81, 127, -87, 127, -91, 127, -105, 127, -118, 127, -128, 127, -128, 124, -115, 87, -103, 55, -74, 31, -43, 9, -6, 1, 34, 1, 71, 10, 89, 27, 106, 51, 101, 73, -46, -122, -41, -126, -46, -128, -45, -128, -43, -128, -41, -128, -38, -128, -37, -128, -35, -128, -41, -128, -40, -128, -42, -117, -42, -97, -46, -87, -53, -72, -57, -62, -65, -42, -73, -16, -89, 16, -106, 43, -124, 71, -128, 91, -128, 101, -128, 122, -128, 124, -128, 106]",esp32_1
CSI_DATA,141345,2025-08-27 15:35:18.635,0,sit,00:00:00:00:00:00,-43,11,0,0,0,0,0,0,0,0,0,-97,0,1,0,989650713,0,14,0,0,0,104,0,"[0, 0, 127, -128, 127, -128, 127, -128, 127, -128, 127, -128, 127, -128, 127, -128, 127, -128, 125, -128, 120, -128, 120, -128, 120, -128, 118, -128, 116, -128, 111, -89, 101, -45, 87, -4, 68, 32, 46, 62, 23, 83, 1, 96, -20, 101, -38, 98, -51, 90, -58, 82, -128, 74, -128, 55, -128, 31, -128, 11, -128, -6, -128, -22, -128, -33, -128, -39, -99, -39, -58, -34, -19, -27, 18, -20, 53, -15, 85, -11, 113, -9, 127, -10, 127, -17, 127, -30, 127, -49, 127, -73, 127, -103, 127, -128, 127, -128, 127, -128, 127, -128, 127, -128]",esp32_2
CSI_DATA,141347,2025-08-27 15:35:18.705,0,sit,00:00:00:00:00:00,-42,11,0,0,0,0,0,0,0,0,0,-97,0,1,0,989671206,0,14,0,0,0,104,0,"[0, 0, -128, 40, -128, 54, -128, 64, -128, 75, -128, 85, -128, 91, -128, 95, -128, 96, -128, 89, -128, 78, -128, 63, -128, 45, -128, 24, -128, 1, -128, -20, -97, -39, -58, -53, -22, -60, 12, -62, 41, -57, 64, -49, 80, -37, 90, -22, 93, -9, 91, 0, 127, 127, 127, 127, 127, 127, 127, 127, 127, 127, 114, 127, 88, 127, 65, 126, 42, 97, 20, 64, 2, 30, -15, -2, -30, -30, -44, -57, -58, -79, -72, -96, -89, -107, -111, -110, -128, -106, -128, -97, -128, -86, -128, -73, -128, -60, -128, -45, -128, -32, -128, -25]",esp32_2
CSI_DATA,138271,2025-08-27 15:35:18.720,0,sit,00:00:00:00:00:00,-64,11,0,0,0,0,0,0,0,0,0,-97,0,1,0,4129937028,0,14,0,0,0,104,0,"[0, 0, 127, 127, 127, 127, 127, 127, 127, 127, 127, 105, 127, 74, 127, 52, 127, 26, 127, -4, 127, -17, 127, -12, 127, -1, 127, 14, 127, 30, 127, 46, 127, 65, 108, 64, 59, 58, 28, 44, -2, 19, -24, -9, -39, -34, -39, -68, -37, -101, -20, -118, -84, 93, -96, 96, -96, 89, -106, 100, -105, 99, -110, 102, -109, 95, -109, 92, -107, 100, -99, 99, -86, 109, -79, 113, -77, 99, -70, 100, -63, 92, -44, 95, -33, 88, -5, 70, 13, 64, 41, 51, 76, 52, 115, 64, 127, 61, 127, 75, 127, 95, 127, 125]",esp32_1
CSI_DATA,141348,2025-08-27 15:35:18.731,0,sit,00:00:00:00:00:00,-42,11,0,0,0,0,0,0,0,0,0,-97,0,1,0,989680685,0,14,0,0,0,104,0,"[0, 0, -128, 99, -128, 112, -128, 126, -128, 127, -128, 127, -128, 127, -128, 127, -128, 127, -128, 127, -128, 126, -128, 108, -128, 86, -128, 61, -128, 32, -128, 3, -114, -23, -76, -45, -38, -61, -2, -69, 28, -72, 53, -68, 73, -58, 87, -45, 95, -31, 95, -19, 127, 127, 127, 127, 127, 127, 127, 127, 127, 127, 127, 127, 105, 127, 78, 127, 51, 104, 25, 74, 3, 40, -17, 8, -35, -22, -53, -48, -70, -70, -85, -87, -104, -97, -125, -100, -128, -93, -128, -79, -128, -62, -128, -45, -128, -25, -128, -2, -128, 18, -128, 32]",esp32_2
CSI_DATA,138272,2025-08-27 15:35:18.741,0,sit,00:00:00:00:00:00,-63,11,0,0,0,0,0,0,0,0,0,-97,0,1,0,4129962130,0,14,0,0,0,104,0,"[0, 0, -128, -128, -128, -128, -128, -128, -128, -128, -128, -106, -128, -82, -128, -64, -128, -32, -128, -23, -128, -12, -128, -19, -128, -23, -128, -35, -128, -42, -128, -57, -124, -66, -96, -69, -59, -60, -24, -46, -2, -22, 25, -2, 30, 33, 31, 57, 29, 91, 13, 105, 90, -75, 95, -82, 91, -80, 98, -83, 102, -83, 109, -85, 104, -84, 107, -82, 100, -85, 101, -86, 90, -91, 84, -93, 83, -81, 72, -85, 68, -82, 49, -90, 39, -82, 21, -74, -2, -66, -24, -54, -54, -54, -85, -56, -128, -70, -128, -83, -128, -98, -128, -124]",esp32_1
CSI_DATA,138273,2025-08-27 15:35:18.764,0,sit,00:00:00:00:00:00,-64,11,0,0,0,0,0,0,0,0,0,-97,0,1,0,4130009314,0,14,0,0,0,104,0,"[0, 0, 127, 127, 127, 127, 127, 127, 127, 127, 127, 106, 127, 89, 127, 70, 127, 46, 127, 46, 127, 48, 127, 63, 127, 63, 127, 72, 127, 72, 127, 93, 126, 94, 111, 105, 63, 78, 31, 60, 3, 31, -26, 1, -26, -30, -21, -65, -6, -99, 10, -119, -71, 107, -77, 125, -72, 108, -88, 127, -80, 119, -99, 127, -87, 127, -94, 127, -82, 127, -87, 111, -89, 125, -76, 124, -79, 110, -66, 113, -55, 117, -29, 119, -23, 126, -6, 105, 9, 96, 37, 76, 66, 69, 103, 61, 126, 82, 127, 92, 127, 105, 127, 127]",esp32_1
CSI_DATA,138274,2025-08-27 15:35:18.782,0,sit,00:00:00:00:00:00,-64,11,0,0,0,0,0,0,0,0,0,-97,0,1,0,4130047119,0,14,0,0,0,104,0,"[0, 0, -128, -51, -128, -52, -128, -60, -128, -47, -128, -37, -128, -24, -128, -7, -128, 10, -128, 22, -128, 24, -128, 19, -128, 13, -128, 5, -128, -20, -128, -33, -128, -51, -113, -58, -77, -62, -42, -50, -11, -30, 13, -9, 32, 19, 37, 47, 33, 74, 20, 94, 25, -116, 32, -118, 26, -121, 29, -124, 40, -127, 40, -128, 37, -128, 44, -128, 39, -128, 44, -122, 27, -127, 23, -124, 20, -106, 12, -109, 7, -103, -20, -108, -20, -98, -35, -90, -40, -71, -58, -59, -82, -46, -100, -34, -128, -32, -128, -22, -128, -24, -128, -35]",esp32_1
CSI_DATA,138275,2025-08-27 15:35:18.804,0,sit,00:00:00:00:00:00,-64,11,0,0,0,0,0,0,0,0,0,-97,0,1,0,4130072506,0,14,0,0,0,104,0,"[0, 0, 41, -128, 47, -128, 44, -128, 39, -128, 26, -128, 11, -128, -1, -128, -18, -128, -29, -128, -30, -128, -31, -128, -17, -128, -10, -128, 16, -128, 34, -128, 41, -128, 58, -112, 56, -73, 47, -43, 28, -11, 1, 14, -24, 30, -48, 32, -70, 30, -89, 19, 108, 23, 113, 27, 113, 31, 113, 33, 121, 33, 123, 38, 120, 41, 120, 41, 121, 42, 116, 33, 110, 37, 106, 30, 103, 12, 102, 6, 94, 1, 87, -9, 82, -14, 74, -30, 63, -51, 54, -66, 41, -83, 33, -109, 28, -123, 22, -128, 21, -128, 29, -128]",esp32_1
CSI_DATA,141350,2025-08-27 15:35:18.826,0,sit,00:00:00:00:00:00,-42,11,0,0,0,0,0,0,0,0,0,-97,0,1,0,989700724,0,14,0,0,0,104,0,"[0, 0, -128, -128, -128, -128, -128, -128, -128, -128, -128, -128, -128, -128, -128, -128, -128, -125, -128, -121, -128, -120, -128, -122, -128, -122, -128, -118, -128, -113, -87, -106, -46, -93, -7, -79, 26, -59, 52, -34, 71, -10, 82, 14, 85, 36, 82, 53, 74, 66, 65, 73, 62, 127, 48, 127, 28, 127, 9, 127, -7, 127, -22, 127, -32, 127, -35, 127, -33, 101, -28, 61, -19, 22, -9, -12, 1, -43, 11, -74, 18, -101, 21, -123, 20, -128, 12, -128, -2, -128, -21, -128, -45, -128, -74, -128, -106, -128, -128, -128, -128, -128, -128, -128]",esp32_2
CSI_DATA,138276,2025-08-27 15:35:18.833,0,sit,00:00:00:00:00:00,-65,11,0,0,0,0,0,0,0,0,0,-97,0,1,0,4130108373,0,14,0,0,0,104,0,"[0, 0, 40, 127, 43, 127, 52, 127, 53, 127, 63, 127, 80, 127, 101, 127, 120, 127, 127, 127, 127, 127, 127, 127, 120, 127, 111, 127, 77, 127, 46, 127, 19, 127, -13, 127, -28, 117, -28, 70, -29, 28, -4, -11, 27, -39, 55, -55, 84, -69, 108, -64, -128, 34, -128, 26, -128, 20, -128, 17, -128, 22, -128, 15, -128, 17, -128, 11, -128, 13, -128, 20, -128, 23, -128, 23, -128, 27, -128, 31, -126, 44, -98, 59, -85, 65, -69, 76, -55, 91, -29, 106, -7, 127, 14, 127, 38, 127, 38, 127, 50, 127, 65, 127]",esp32_1
CSI_DATA,138277,2025-08-27 15:35:18.858,0,sit,00:00:00:00:00:00,-64,11,0,0,0,0,0,0,0,0,0,-97,0,1,0,4130133007,0,14,0,0,0,104,0,"[0, 0, -128, -94, -128, -91, -128, -83, -128, -74, -128, -54, -128, -33, -128, -22, -128, -6, -128, 3, -128, 11, -128, 3, -128, -8, -128, -16, -128, -41, -128, -55, -128, -62, -105, -66, -71, -61, -36, -48, -6, -28, 10, -2, 22, 26, 28, 49, 22, 78, 11, 91, 76, -111, 81, -111, 82, -103, 86, -104, 88, -106, 94, -106, 84, -100, 84, -98, 83, -102, 83, -99, 69, -96, 60, -96, 61, -89, 51, -87, 45, -85, 20, -85, 3, -77, -13, -71, -24, -61, -49, -56, -73, -50, -100, -55, -128, -57, -128, -60, -128, -67, -128, -83]",esp32_1
CSI_DATA,141351,2025-08-27 15:35:18.858,0,sit,00:00:00:00:00:00,-41,11,0,0,0,0,0,0,0,0,0,-97,0,1,0,989710727,0,14,0,0,0,104,0,"[0, 0, -29, 127, -11, 127, 4, 127, 18, 127, 32, 127, 42, 127, 47, 127, 46, 127, 41, 127, 33, 127, 18, 127, -1, 127, -19, 127, -38, 127, -52, 127, -63, 83, -68, 39, -65, -3, -55, -39, -41, -69, -25, -92, -7, -107, 13, -111, 30, -106, 42, -99, 127, -128, 127, -128, 127, -128, 127, -128, 127, -128, 127, -109, 127, -83, 127, -60, 97, -38, 62, -18, 25, -2, -12, 12, -46, 23, -78, 34, -105, 43, -127, 52, -128, 64, -128, 81, -128, 98, -128, 117, -128, 127, -128, 127, -128, 127, -119, 127, -105, 127, -94, 127]",esp32_2
CSI_DATA,138278,2025-08-27 15:35:18.879,0,sit,00:00:00:00:00:00,-64,11,0,0,0,0,0,0,0,0,0,-97,0,1,0,4130158388,0,14,0,0,0,104,0,"[0, 0, -18, 127, -24, 127, -9, 127, 0, 127, 15, 127, 37, 127, 51, 127, 67, 127, 79, 127, 84, 127, 92, 127, 70, 127, 66, 127, 31, 127, 11, 127, -5, 127, -26, 124, -36, 84, -31, 53, -22, 15, -3, -7, 21, -29, 40, -40, 62, -43, 83, -43, -128, -13, -128, -24, -128, -36, -128, -36, -128, -36, -128, -39, -128, -37, -128, -37, -127, -35, -128, -22, -124, -21, -118, -19, -120, -11, -114, -10, -108, -4, -87, 0, -77, 10, -55, 27, -49, 47, -34, 68, -15, 91, -5, 116, 9, 127, 5, 127, 13, 127, 11, 127]",esp32_1
CSI_DATA,141352,2025-08-27 15:35:18.887,0,sit,00:00:00:00:00:00,-42,11,0,0,0,0,0,0,0,0,0,-97,0,1,0,989722226,0,14,0,0,0,104,0,"[0, 0, 127, 127, 127, 127, 127, 127, 127, 127, 127, 127, 127, 127, 127, 127, 127, 127, 127, 127, 127, 127, 127, 127, 127, 127, 120, 127, 80, 127, 41, 120, 3, 93, -29, 64, -54, 30, -70, -6, -76, -38, -74, -67, -66, -90, -53, -104, -36, -111, -21, -113, -89, -128, -75, -128, -56, -128, -38, -128, -20, -128, -4, -128, 8, -128, 15, -126, 17, -90, 12, -50, 4, -10, -5, 26, -17, 59, -29, 90, -41, 118, -50, 127, -55, 127, -53, 127, -45, 127, -32, 127, -13, 127, 9, 127, 35, 127, 64, 127, 92, 127, 114, 127]",esp32_2
CSI_DATA,138279,2025-08-27 15:35:18.902,0,sit,00:00:00:00:00:00,-64,11,0,0,0,0,0,0,0,0,0,-97,0,1,0,4130193360,0,14,0,0,0,104,0,"[0, 0, -128, 118, -128, 127, -128, 104, -128, 119, -128, 127, -128, 127, -128, 127, -128, 127, -120, 127, -128, 127, -128, 127, -128, 127, -128, 127, -128, 127, -128, 127, -128, 82, -128, 52, -118, 28, -82, 5, -35, -2, -1, -3, 35, 3, 58, 14, 70, 38, 78, 67, -82, -128, -84, -128, -72, -128, -76, -128, -61, -128, -73, -128, -68, -128, -76, -128, -67, -128, -77, -128, -77, -128, -83, -128, -78, -128, -80, -124, -92, -123, -66, -102, -80, -97, -72, -60, -85, -27, -90, 4, -104, 45, -123, 66, -128, 87, -128, 121, -128, 127, -128, 127]",esp32_1
CSI_DATA,141353,2025-08-27 15:35:18.913,0,sit,00:00:00:00:00:00,-42,11,0,0,0,0,0,0,0,0,0,-97,0,1,0,989730745,0,14,0,0,0,104,0,"[0, 0, 127, -128, 127, -128, 127, -128, 127, -128, 127, -128, 127, -128, 127, -128, 127, -128, 127, -128, 127, -128, 127, -128, 127, -128, 127, -128, 127, -114, 125, -64, 103, -14, 75, 29, 40, 61, 2, 85, -34, 100, -67, 104, -96, 98, -115, 82, -128, 62, -128, 45, -128, 127, -128, 117, -128, 96, -128, 75, -128, 53, -128, 32, -128, 16, -128, 4, -98, -5, -52, -7, -5, -4, 40, 1, 81, 8, 119, 17, 127, 25, 127, 30, 127, 32, 127, 27, 127, 16, 127, 0, 127, -21, 127, -45, 127, -73, 127, -103, 127, -128, 127, -128]",esp32_2
CSI_DATA,138280,2025-08-27 15:35:18.923,0,sit,00:00:00:00:00:00,-63,11,0,0,0,0,0,0,0,0,0,-97,0,1,0,4130230767,0,14,0,0,0,104,0,"[0, 0, -128, 127, -128, 127, -128, 125, -128, 125, -120, 119, -102, 127, -90, 127, -86, 127, -82, 127, -85, 127, -94, 127, -103, 127, -114, 127, -128, 127, -128, 120, -119, 93, -111, 63, -95, 34, -68, 19, -40, 9, -5, 11, 20, 21, 35, 33, 43, 45, 43, 61, -116, -57, -111, -66, -114, -74, -111, -75, -112, -82, -109, -83, -108, -81, -112, -84, -107, -81, -115, -74, -117, -76, -117, -74, -111, -65, -114, -61, -112, -58, -105, -56, -95, -46, -92, -34, -83, -6, -78, 15, -78, 41, -79, 65, -93, 87, -107, 117, -122, 127, -128, 127]",esp32_1
CSI_DATA,141354,2025-08-27 15:35:18.942,0,sit,00:00:00:00:00:00,-42,11,0,0,0,0,0,0,0,0,0,-97,0,1,0,989740721,0,14,0,0,0,104,0,"[0, 0, 127, 127, 127, 127, 127, 127, 127, 127, 127, 119, 127, 110, 127, 105, 127, 102, 127, 100, 127, 101, 127, 106, 127, 108, 127, 107, 91, 103, 50, 93, 10, 78, -25, 57, -54, 31, -77, 2, -90, -26, -94, -54, -91, -78, -81, -94, -65, -105, -51, -110, -99, -128, -90, -128, -77, -128, -62, -128, -46, -128, -29, -128, -15, -128, -4, -104, 3, -71, 5, -34, 3, 4, -1, 41, -6, 74, -12, 105, -18, 127, -22, 127, -24, 127, -21, 127, -14, 127, -3, 127, 12, 127, 31, 127, 54, 127, 77, 127, 99, 127, 115, 127]",esp32_2
CSI_DATA,138281,2025-08-27 15:35:18.945,0,sit,00:00:00:00:00:00,-63,11,0,0,0,0,0,0,0,0,0,-97,0,1,0,4130292267,0,14,0,0,0,104,0,"[0, 0, 127, 70, 127, 70, 127, 65, 127, 45, 127, 27, 127, 4, 127, -13, 127, -32, 127, -38, 127, -42, 127, -32, 127, -18, 127, -2, 127, 22, 127, 38, 127, 56, 111, 55, 75, 50, 51, 33, 27, 11, 11, -11, 7, -34, 12, -55, 26, -75, 44, -79, 19, 114, 12, 118, 12, 118, 10, 125, 9, 122, 8, 125, 8, 123, 10, 125, 19, 127, 15, 122, 25, 127, 27, 127, 21, 124, 22, 124, 24, 121, 32, 119, 30, 110, 40, 99, 47, 77, 64, 59, 82, 49, 107, 35, 127, 41, 127, 34, 127, 37, 127, 53]",esp32_1
CSI_DATA,138282,2025-08-27 15:35:18.966,0,sit,00:00:00:00:00:00,-63,11,0,0,0,0,0,0,0,0,0,-97,0,1,0,4130328875,0,14,0,0,0,104,0,"[0, 0, -126, -128, -110, -128, -115, -128, -109, -128, -115, -110, -128, -87, -128, -69, -128, -57, -128, -57, -128, -61, -128, -85, -128, -109, -128, -122, -128, -128, -128, -128, -116, -128, -78, -121, -47, -95, -21, -63, -14, -23, -12, 12, -28, 46, -44, 64, -69, 83, -92, 80, 81, -112, 88, -113, 88, -107, 86, -110, 93, -115, 95, -119, 91, -114, 93, -121, 87, -124, 90, -128, 79, -128, 77, -128, 79, -128, 77, -128, 73, -128, 48, -128, 35, -128, 22, -122, -2, -113, -26, -116, -55, -118, -84, -128, -118, -128, -128, -128, -128, -128, -128, -128]",esp32_1
CSI_DATA,141355,2025-08-27 15:35:18.974,0,sit,00:00:00:00:00:00,-42,11,0,0,0,0,0,0,0,0,0,-97,0,1,0,989752529,0,14,0,0,0,104,0,"[0, 0, -128, -128, -128, -128, -128, -128, -128, -128, -128, -128, -128, -128, -128, -128, -128, -128, -128, -128, -128, -128, -128, -128, -128, -128, -108, -128, -65, -128, -23, -111, 17, -80, 51, -45, 74, -7, 88, 32, 90, 67, 82, 98, 68, 124, 49, 127, 26, 127, 8, 127, 105, 127, 96, 127, 80, 127, 63, 127, 46, 127, 29, 127, 16, 127, 7, 101, 0, 64, -2, 22, 1, -20, 9, -59, 18, -95, 27, -128, 36, -128, 44, -128, 47, -128, 45, -128, 42, -128, 34, -128, 19, -128, 3, -128, -12, -128, -29, -128, -51, -128, -69, -128]",esp32_2
CSI_DATA,138283,2025-08-27 15:35:18.990,0,sit,00:00:00:00:00:00,-63,11,0,0,0,0,0,0,0,0,0,-97,0,1,0,4130352721,0,14,0,0,0,104,0,"[0, 0, -128, 127, -128, 122, -128, 127, -98, 113, -72, 121, -45, 127, -23, 127, 7, 127, -2, 127, -6, 127, -20, 127, -32, 127, -41, 127, -71, 127, -72, 127, -91, 127, -82, 87, -76, 59, -51, 29, -23, 7, 19, -13, 54, -1, 79, 7, 97, 19, 100, 38, -91, -71, -81, -66, -100, -83, -88, -70, -107, -84, -93, -80, -108, -82, -104, -89, -115, -77, -124, -87, -114, -82, -110, -82, -114, -67, -115, -58, -104, -47, -117, -36, -88, -21, -101, -7, -87, 22, -89, 55, -94, 74, -96, 106, -128, 127, -128, 127, -128, 127, -128, 127]",esp32_1
CSI_DATA,141356,2025-08-27 15:35:18.998,0,sit,00:00:00:00:00:00,-42,11,0,0,0,0,0,0,0,0,0,-97,0,1,0,989763066,0,14,0,0,0,104,0,"[0, 0, 127, 127, 127, 127, 127, 127, 127, 127, 127, 127, 127, 127, 127, 126, 127, 123, 127, 123, 127, 125, 127, 127, 127, 127, 123, 127, 78, 118, 32, 100, -11, 76, -49, 47, -78, 11, -97, -26, -106, -61, -103, -92, -93, -118, -77, -128, -57, -128, -38, -128, -125, -128, -117, -128, -103, -128, -88, -128, -70, -128, -51, -128, -34, -119, -18, -90, -6, -54, 2, -12, 6, 30, 5, 70, 2, 108, -2, 127, -6, 127, -9, 127, -10, 127, -6, 127, 0, 127, 8, 127, 21, 127, 38, 127, 57, 127, 78, 127, 99, 127, 115, 127]",esp32_2
CSI_DATA,138284,2025-08-27 15:35:19.015,0,sit,00:00:00:00:00:00,-64,11,0,0,0,0,0,0,0,0,0,-97,0,1,0,4130377181,0,14,0,0,0,104,0,"[0, 0, -128, 127, -116, 127, -98, 127, -64, 127, -26, 127, 9, 127, 38, 127, 65, 127, 85, 127, 91, 127, 96, 127, 77, 127, 65, 127, 30, 127, 1, 127, -21, 127, -42, 127, -50, 89, -43, 46, -29, 8, -2, -27, 30, -51, 53, -58, 82, -63, 106, -48, -66, -85, -71, -83, -81, -92, -87, -89, -97, -92, -102, -94, -104, -94, -109, -105, -111, -99, -120, -91, -115, -98, -113, -90, -107, -68, -106, -63, -102, -45, -97, -39, -85, -24, -83, -4, -71, 32, -70, 65, -64, 97, -73, 127, -89, 127, -91, 127, -106, 127, -121, 127]",esp32_1
CSI_DATA,138285,2025-08-27 15:35:19.038,0,sit,00:00:00:00:00:00,-67,11,0,0,0,0,0,0,0,0,0,-97,0,1,0,4130415226,0,14,0,0,0,104,0,"[0, 0, -62, -128, -64, -128, -73, -128, -81, -128, -104, -128, -128, -97, -128, -85, -128, -67, -128, -65, -128, -78, -128, -97, -128, -100, -128, -121, -128, -121, -128, -128, -128, -128, -128, -128, -81, -113, -40, -91, 3, -57, 33, -11, 43, 41, 48, 100, 48, 127, 23, 127, 107, 72, 127, 69, 103, 56, 127, 67, 126, 55, 127, 62, 127, 49, 127, 49, 127, 48, 127, 46, 127, 48, 127, 28, 127, 46, 123, 30, 121, 24, 90, -13, 72, -22, 52, -36, 47, -43, 24, -65, -2, -96, -29, -121, -43, -128, -36, -128, -43, -128, -77, -128]",esp32_1
CSI_DATA,138286,2025-08-27 15:35:19.057,0,sit,00:00:00:00:00:00,-64,11,0,0,0,0,0,0,0,0,0,-97,0,1,0,4130438930,0,14,0,0,0,104,0,"[0, 0, 84, 127, 83, 127, 87, 127, 92, 127, 101, 110, 115, 87, 127, 66, 127, 53, 127, 42, 127, 42, 127, 57, 127, 68, 127, 81, 127, 102, 127, 112, 127, 115, 87, 112, 46, 93, 14, 74, -12, 44, -31, 15, -36, -22, -38, -53, -38, -84, -22, -102, -106, -24, -114, -26, -113, -22, -124, -22, -128, -18, -128, -20, -128, -16, -128, -23, -128, -18, -128, -17, -128, -10, -128, -9, -128, -8, -122, -3, -110, 4, -92, 15, -74, 29, -56, 37, -38, 45, -13, 61, 11, 79, 37, 100, 66, 126, 78, 127, 89, 127, 99, 127]",esp32_1
CSI_DATA,141358,2025-08-27 15:35:19.074,0,sit,00:00:00:00:00:00,-42,11,0,0,0,0,0,0,0,0,0,-97,0,1,0,989780718,0,14,0,0,0,104,0,"[0, 0, -128, -128, -128, -128, -128, -102, -128, -80, -128, -59, -128, -45, -128, -38, -128, -36, -128, -39, -128, -45, -128, -56, -128, -65, -128, -73, -102, -80, -55, -81, -8, -73, 37, -59, 76, -39, 106, -13, 125, 15, 127, 44, 127, 72, 126, 96, 112, 113, 98, 122, 127, 103, 127, 111, 127, 118, 113, 120, 95, 119, 72, 111, 48, 94, 26, 70, 4, 40, -17, 3, -34, -36, -46, -72, -55, -108, -63, -128, -71, -128, -78, -128, -86, -128, -97, -128, -109, -128, -120, -128, -128, -128, -128, -128, -128, -128, -128, -128, -128, -128, -128, -128]",esp32_2
CSI_DATA,138287,2025-08-27 15:35:19.080,0,sit,00:00:00:00:00:00,-64,11,0,0,0,0,0,0,0,0,0,-97,0,1,0,4130464190,0,14,0,0,0,104,0,"[0, 0, -64, 127, -57, 127, -42, 127, -25, 127, -4, 127, 18, 127, 43, 127, 68, 127, 81, 127, 86, 127, 92, 127, 85, 127, 74, 127, 44, 127, 22, 127, -1, 127, -30, 127, -45, 90, -45, 53, -39, 15, -23, -20, -1, -46, 22, -61, 47, -77, 72, -73, -85, -72, -91, -74, -95, -84, -101, -87, -108, -92, -110, -100, -108, -103, -110, -109, -111, -106, -113, -102, -99, -96, -93, -89, -95, -73, -95, -66, -88, -51, -76, -30, -70, -14, -64, 6, -63, 25, -52, 52, -49, 81, -45, 107, -41, 127, -51, 127, -52, 127, -47, 127]",esp32_1
CSI_DATA,141359,2025-08-27 15:35:19.092,0,sit,00:00:00:00:00:00,-41,11,0,0,0,0,0,0,0,0,0,-97,0,1,0,989790997,0,14,0,0,0,104,0,"[0, 0, -128, -128, -128, -128, -128, -128, -128, -128, -128, -122, -128, -106, -128, -97, -128, -94, -128, -95, -128, -99, -128, -104, -128, -107, -128, -106, -86, -104, -37, -97, 10, -84, 53, -66, 90, -41, 119, -11, 127, 18, 127, 48, 127, 78, 127, 102, 116, 118, 101, 126, 61, 127, 51, 127, 37, 127, 22, 127, 5, 127, -12, 127, -23, 110, -31, 75, -36, 35, -37, -9, -34, -54, -28, -93, -20, -128, -12, -128, -8, -128, -6, -128, -5, -128, -10, -128, -19, -128, -32, -128, -50, -128, -67, -128, -83, -128, -103, -128, -124, -128, -128, -128]",esp32_2
CSI_DATA,138288,2025-08-27 15:35:19.102,0,sit,00:00:00:00:00:00,-63,11,0,0,0,0,0,0,0,0,0,-97,0,1,0,4130511196,0,14,0,0,0,104,0,"[0, 0, 127, 127, 127, 127, 127, 127, 127, 122, 127, 111, 127, 80, 127, 72, 127, 36, 127, 31, 127, 17, 127, 23, 127, 36, 127, 56, 127, 59, 127, 67, 127, 93, 109, 85, 69, 88, 35, 66, 6, 42, -16, 20, -28, -12, -28, -37, -31, -67, -12, -85, -108, 67, -111, 61, -121, 69, -121, 69, -128, 75, -128, 71, -128, 74, -128, 65, -128, 73, -128, 74, -128, 83, -128, 72, -128, 60, -119, 55, -111, 43, -90, 64, -70, 57, -55, 53, -34, 45, 4, 45, 31, 56, 65, 58, 113, 85, 127, 97, 127, 102, 127, 126]",esp32_1
CSI_DATA,138289,2025-08-27 15:35:19.303,0,sit,00:00:00:00:00:00,-61,11,0,0,0,0,0,0,0,0,0,-97,0,1,0,4130558766,0,14,0,0,0,104,0,"[0, 0, 127, 46, 127, 49, 127, 50, 127, 41, 127, 29, 127, 13, 127, -1, 127, -19, 127, -25, 127, -33, 127, -29, 127, -25, 127, -17, 127, -9, 127, 8, 127, 25, 127, 39, 103, 46, 71, 42, 40, 35, 17, 25, -3, 6, -13, -12, -24, -33, -21, -52, -45, 107, -49, 105, -56, 114, -54, 111, -60, 120, -60, 119, -59, 124, -62, 126, -58, 127, -70, 127, -66, 127, -62, 127, -66, 127, -65, 121, -60, 112, -48, 114, -41, 92, -32, 87, -22, 67, 0, 51, 28, 35, 55, 25, 92, 19, 121, 20, 127, 22, 127, 27]",esp32_1
CSI_DATA,141360,2025-08-27 15:35:19.303,0,sit,00:00:00:00:00:00,-42,11,0,0,0,0,0,0,0,0,0,-97,0,1,0,989800709,0,14,0,0,0,104,0,"[0, 0, -128, -52, -128, -22, -128, 8, -128, 32, -128, 51, -128, 63, -128, 70, -128, 71, -128, 64, -128, 51, -128, 33, -128, 11, -128, -10, -122, -33, -81, -54, -37, -70, 7, -80, 50, -81, 89, -75, 118, -64, 127, -47, 127, -27, 127, -6, 127, 14, 127, 29, 127, 120, 127, 127, 119, 127, 102, 127, 81, 127, 56, 125, 30, 107, 4, 82, -22, 52, -46, 17, -67, -21, -83, -58, -96, -94, -109, -128, -123, -128, -128, -128, -128, -128, -128, -128, -128, -128, -128, -128, -128, -128, -128, -128, -128, -128, -128, -128, -128, -128, -128, -128]",esp32_2
CSI_DATA,141361,2025-08-27 15:35:19.309,0,sit,00:00:00:00:00:00,-42,11,0,0,0,0,0,0,0,0,0,-97,0,1,0,989812082,0,14,0,0,0,104,0,"[0, 0, 127, -51, 127, -79, 127, -107, 127, -128, 127, -128, 127, -128, 127, -128, 127, -128, 127, -128, 127, -116, 127, -91, 127, -60, 127, -27, 122, 6, 82, 37, 41, 63, -2, 80, -43, 87, -81, 88, -112, 81, -128, 68, -128, 51, -128, 32, -128, 12, -128, -2, -128, -67, -128, -79, -128, -92, -128, -100, -128, -107, -101, -107, -68, -99, -33, -85, 3, -63, 39, -36, 72, -5, 100, 26, 125, 57, 127, 87, 127, 113, 127, 127, 127, 127, 127, 127, 127, 127, 127, 127, 127, 127, 127, 127, 127, 112, 127, 87, 127, 60, 127, 40]",esp32_2
CSI_DATA,141362,2025-08-27 15:35:19.315,0,sit,00:00:00:00:00:00,-42,11,0,0,0,0,0,0,0,0,0,-97,0,1,0,989820698,0,14,0,0,0,104,0,"[0, 0, 127, -128, 127, -128, 127, -128, 115, -128, 99, -128, 87, -128, 82, -128, 80, -128, 80, -128, 81, -128, 85, -128, 89, -128, 90, -124, 88, -75, 82, -27, 70, 18, 53, 58, 32, 91, 7, 118, -18, 127, -41, 127, -61, 127, -76, 127, -87, 116, -93, 104, -128, 47, -128, 35, -128, 18, -128, 1, -128, -17, -128, -34, -117, -47, -81, -56, -39, -60, 6, -59, 51, -53, 93, -46, 127, -38, 127, -28, 127, -21, 127, -15, 127, -12, 127, -17, 127, -25, 127, -38, 127, -57, 127, -78, 127, -103, 127, -128, 127, -128, 127, -128]",esp32_2
CSI_DATA,138291,2025-08-27 15:35:19.316,0,sit,00:00:00:00:00:00,-61,11,0,0,0,0,0,0,0,0,0,-97,0,1,0,4130612351,0,14,0,0,0,104,0,"[0, 0, -128, 127, -128, 127, -128, 127, -128, 127, -128, 126, -128, 127, -128, 124, -128, 127, -128, 127, -128, 127, -128, 127, -128, 127, -128, 127, -128, 127, -128, 119, -128, 99, -128, 74, -125, 42, -104, 32, -81, 17, -49, 1, -26, 3, 0, 6, 24, 15, 39, 28, -65, -128, -50, -128, -54, -128, -45, -128, -44, -128, -45, -128, -55, -128, -54, -128, -76, -128, -66, -128, -86, -128, -89, -128, -77, -128, -78, -128, -67, -128, -94, -128, -72, -128, -68, -128, -46, -103, -37, -76, -41, -46, -40, -7, -77, 38, -78, 73, -102, 109, -128, 119]",esp32_1
CSI_DATA,141363,2025-08-27 15:35:19.316,0,sit,00:00:00:00:00:00,-43,11,0,0,0,0,0,0,0,0,0,-97,0,1,0,989830703,0,14,0,0,0,104,0,"[0, 0, -128, -128, -128, -128, -128, -128, -128, -128, -128, -115, -128, -104, -128, -99, -128, -96, -128, -93, -128, -92, -128, -96, -128, -98, -119, -98, -69, -95, -22, -88, 24, -74, 63, -58, 96, -37, 123, -14, 127, 9, 127, 31, 127, 50, 127, 63, 120, 71, 107, 76, -29, 127, -40, 127, -55, 127, -66, 127, -77, 127, -85, 127, -87, 103, -83, 67, -74, 27, -60, -16, -43, -57, -24, -94, -5, -128, 14, -128, 29, -128, 40, -128, 45, -128, 42, -128, 34, -128, 20, -128, 1, -128, -23, -128, -50, -128, -81, -128, -113, -128, -128, -128]",esp32_2
CSI_DATA,138292,2025-08-27 15:35:19.322,0,sit,00:00:00:00:00:00,-61,11,0,0,0,0,0,0,0,0,0,-97,0,1,0,4130643523,0,14,0,0,0,104,0,"[0, 0, -22, 127, -32, 127, -36, 127, -48, 127, -56, 127, -58, 127, -57, 127, -50, 127, -38, 127, -28, 127, -31, 127, -33, 127, -37, 127, -39, 127, -48, 127, -41, 127, -44, 127, -44, 102, -34, 84, -22, 64, -11, 53, 6, 42, 18, 30, 32, 19, 41, 18, -128, -57, -128, -79, -128, -85, -128, -93, -128, -95, -128, -97, -124, -89, -128, -88, -128, -74, -128, -64, -128, -49, -128, -44, -128, -50, -128, -51, -128, -61, -128, -51, -128, -58, -128, -62, -128, -63, -121, -54, -100, -38, -73, -11, -41, 25, -32, 59, -15, 101, -5, 127]",esp32_1
CSI_DATA,141364,2025-08-27 15:35:19.324,0,sit,00:00:00:00:00:00,-43,11,0,0,0,0,0,0,0,0,0,-97,0,1,0,989846437,0,14,0,0,0,104,0,"[0, 0, 127, 127, 127, 127, 127, 127, 127, 112, 127, 100, 127, 91, 127, 89, 127, 88, 127, 85, 127, 89, 127, 98, 127, 107, 127, 113, 86, 114, 30, 106, -23, 93, -70, 76, -109, 52, -128, 25, -128, -2, -128, -28, -128, -50, -128, -65, -128, -74, -114, -78, 32, -128, 45, -128, 58, -128, 69, -128, 79, -128, 86, -128, 88, -128, 83, -92, 72, -49, 56, -2, 37, 44, 15, 86, -8, 124, -30, 127, -49, 127, -62, 127, -70, 127, -67, 127, -57, 127, -42, 127, -20, 127, 8, 127, 41, 127, 79, 127, 117, 127, 127, 127]",esp32_2
CSI_DATA,138293,2025-08-27 15:35:19.325,0,sit,00:00:00:00:00:00,-63,11,0,0,0,0,0,0,0,0,0,-97,0,1,0,4130668939,0,14,0,0,0,104,0,"[0, 0, -28, -128, -27, -128, -31, -128, -24, -128, -21, -128, -20, -128, -18, -128, -9, -128, -11, -128, -8, -128, -9, -128, -4, -128, 2, -128, 17, -128, 19, -128, 18, -111, 20, -89, 13, -68, 3, -53, -6, -40, -25, -31, -37, -26, -46, -21, -50, -20, -52, -25, 123, 21, 127, 33, 127, 47, 123, 55, 121, 58, 117, 62, 107, 57, 109, 52, 107, 45, 116, 27, 119, 18, 125, 7, 127, 1, 127, -4, 127, 0, 127, 0, 127, 10, 127, 16, 127, 15, 127, 15, 105, 9, 87, -1, 52, -15, 37, -38, 16, -63, 1, -84]",esp32_1
CSI_DATA,138294,2025-08-27 15:35:19.330,0,sit,00:00:00:00:00:00,-66,11,0,0,0,0,0,0,0,0,0,-97,0,1,0,4130715882,0,14,0,0,0,104,0,"[0, 0, 31, 127, 36, 127, 42, 127, 46, 127, 50, 127, 58, 127, 64, 127, 69, 127, 71, 127, 70, 127, 71, 127, 49, 127, 36, 127, 16, 127, -3, 127, -18, 127, -36, 108, -36, 74, -32, 42, -17, 17, 5, -7, 29, -25, 51, -28, 68, -26, 81, -21, -122, 31, -128, 22, -128, 6, -128, 1, -128, -9, -128, -14, -123, -15, -116, -13, -107, -5, -106, 15, -100, 28, -98, 46, -105, 59, -109, 76, -122, 82, -120, 89, -127, 77, -128, 81, -128, 79, -112, 78, -91, 71, -72, 78, -42, 86, -24, 113, -5, 127, 11, 127]",esp32_1
CSI_DATA,141365,2025-08-27 15:35:19.330,0,sit,00:00:00:00:00:00,-43,11,0,0,0,0,0,0,0,0,0,-97,0,1,0,989850717,0,14,0,0,0,104,0,"[0, 0, -13, 127, 23, 127, 55, 127, 80, 127, 98, 127, 108, 127, 110, 127, 104, 127, 91, 127, 71, 127, 45, 127, 14, 127, -18, 127, -48, 127, -75, 89, -97, 39, -110, -10, -111, -55, -106, -95, -95, -124, -81, -128, -62, -128, -41, -128, -20, -128, -5, -128, 127, -69, 127, -60, 127, -46, 127, -31, 127, -15, 127, 2, 127, 18, 121, 31, 79, 41, 31, 47, -17, 50, -64, 52, -109, 51, -128, 48, -128, 49, -128, 51, -128, 57, -128, 67, -128, 82, -128, 101, -128, 123, -128, 127, -128, 127, -128, 127, -128, 127, -128, 127]",esp32_2
CSI_DATA,141366,2025-08-27 15:35:19.337,0,sit,00:00:00:00:00:00,-43,11,0,0,0,0,0,0,0,0,0,-97,0,1,0,989865230,0,14,0,0,0,104,0,"[0, 0, -128, -128, -128, -128, -128, -128, -128, -128, -128, -128, -128, -128, -128, -128, -128, -128, -128, -128, -128, -128, -128, -128, -128, -128, -128, -128, -76, -128, -20, -128, 32, -108, 78, -82, 112, -51, 127, -18, 127, 14, 127, 44, 127, 68, 127, 84, 107, 93, 88, 97, -54, 127, -64, 127, -74, 127, -81, 127, -85, 127, -87, 127, -84, 127, -72, 96, -55, 57, -35, 16, -12, -22, 13, -59, 38, -95, 62, -128, 83, -128, 98, -128, 107, -128, 105, -128, 98, -128, 85, -128, 65, -128, 41, -128, 14, -128, -18, -128, -53, -128, -82, -128]",esp32_2
CSI_DATA,138295,2025-08-27 15:35:19.341,0,sit,00:00:00:00:00:00,-64,11,0,0,0,0,0,0,0,0,0,-97,0,1,0,4130774595,0,14,0,0,0,104,0,"[0, 0, 84, 127, 72, 127, 63, 127, 53, 127, 55, 127, 62, 127, 86, 127, 109, 127, 126, 127, 127, 127, 127, 127, 127, 127, 127, 127, 127, 127, 127, 127, 111, 127, 78, 127, 45, 122, 16, 100, -5, 67, -21, 30, -22, -12, -25, -41, -21, -76, -4, -98, -128, -80, -128, -89, -125, -89, -128, -90, -128, -96, -128, -95, -128, -86, -128, -88, -128, -80, -128, -65, -128, -56, -125, -45, -128, -42, -128, -35, -116, -24, -94, -10, -81, -2, -55, 10, -41, 27, -13, 50, 23, 79, 50, 112, 94, 127, 106, 127, 118, 127, 127, 127]",esp32_1
CSI_DATA,141367,2025-08-27 15:35:19.341,0,sit,00:00:00:00:00:00,-43,11,0,0,0,0,0,0,0,0,0,-97,0,1,0,989876429,0,14,0,0,0,104,0,"[0, 0, 106, -128, 76, -128, 49, -128, 29, -128, 15, -128, 4, -128, 1, -128, 4, -128, 9, -128, 19, -128, 37, -128, 57, -128, 76, -128, 95, -128, 105, -81, 108, -30, 105, 18, 91, 60, 71, 94, 48, 119, 23, 127, -1, 127, -24, 127, -42, 116, -54, 102, -128, 75, -128, 68, -128, 56, -128, 45, -128, 35, -128, 24, -128, 14, -104, 6, -69, 0, -30, -2, 10, -2, 47, -1, 83, 1, 117, 2, 127, 3, 127, 1, 127, -5, 127, -15, 127, -28, 127, -44, 127, -64, 127, -86, 127, -112, 127, -128, 127, -128, 127, -128]",esp32_2
CSI_DATA,141368,2025-08-27 15:35:19.348,0,sit,00:00:00:00:00:00,-43,11,0,0,0,0,0,0,0,0,0,-97,0,1,0,989884146,0,14,0,0,0,104,0,"[0, 0, -12, 127, 21, 127, 50, 127, 75, 127, 95, 127, 109, 127, 115, 127, 111, 127, 97, 127, 77, 127, 49, 127, 16, 127, -16, 127, -48, 127, -76, 127, -99, 80, -113, 29, -115, -20, -108, -65, -92, -101, -69, -128, -41, -128, -12, -128, 13, -128, 31, -125, 127, -128, 127, -128, 127, -128, 127, -128, 127, -128, 127, -117, 110, -93, 86, -69, 55, -45, 20, -22, -18, -1, -54, 18, -90, 34, -123, 48, -128, 65, -128, 82, -128, 99, -128, 118, -128, 127, -128, 127, -128, 127, -128, 127, -128, 127, -128, 127, -128, 127, -120, 127]",esp32_2
CSI_DATA,141369,2025-08-27 15:35:19.355,0,sit,00:00:00:00:00:00,-43,11,0,0,0,0,0,0,0,0,0,-97,0,1,0,989904590,0,14,0,0,0,104,0,"[0, 0, 127, 127, 127, 127, 127, 127, 127, 127, 127, 127, 127, 127, 127, 127, 127, 127, 127, 127, 127, 127, 127, 127, 127, 127, 127, 127, 126, 127, 73, 127, 20, 127, -28, 104, -68, 66, -97, 24, -111, -17, -113, -56, -102, -92, -81, -114, -55, -123, -34, -126, -128, -128, -128, -128, -119, -128, -102, -128, -82, -128, -63, -128, -47, -128, -35, -101, -26, -61, -24, -16, -26, 29, -30, 69, -34, 103, -37, 127, -38, 127, -38, 127, -33, 127, -24, 127, -11, 127, 8, 127, 31, 127, 56, 127, 83, 127, 110, 127, 127, 127, 127, 127]",esp32_2
CSI_DATA,141370,2025-08-27 15:35:19.359,0,sit,00:00:00:00:00:00,-43,11,0,0,0,0,0,0,0,0,0,-97,0,1,0,989940000,0,14,0,0,0,104,0,"[0, 0, -128, -128, -128, -128, -128, -128, -128, -128, -128, -128, -128, -128, -128, -128, -128, -128, -128, -128, -128, -128, -128, -128, -128, -128, -118, -128, -76, -128, -35, -126, 1, -87, 26, -44, 37, 2, 35, 47, 23, 83, 0, 109, -26, 124, -52, 126, -76, 115, -92, 100, 127, 35, 127, 46, 127, 56, 127, 62, 127, 63, 109, 57, 89, 44, 70, 25, 53, 1, 37, -29, 27, -60, 20, -89, 17, -117, 14, -128, 10, -128, 7, -128, 3, -128, -3, -128, -10, -128, -18, -128, -30, -128, -42, -128, -54, -128, -68, -128, -82, -128, -91, -128]",esp32_2
CSI_DATA,141371,2025-08-27 15:35:19.366,0,sit,00:00:00:00:00:00,-42,11,0,0,0,0,0,0,0,0,0,-97,0,1,0,989978395,0,14,0,0,0,104,0,"[0, 0, 127, 127, 127, 127, 127, 127, 127, 118, 127, 99, 127, 82, 127, 71, 127, 66, 127, 63, 127, 65, 127, 75, 127, 87, 127, 93, 122, 92, 73, 81, 26, 57, -15, 24, -42, -17, -55, -63, -53, -105, -39, -128, -17, -128, 12, -128, 44, -128, 68, -128, -128, 127, -128, 122, -128, 98, -128, 76, -128, 57, -128, 43, -95, 37, -58, 40, -23, 52, 10, 71, 41, 93, 63, 115, 79, 127, 95, 127, 110, 127, 122, 127, 127, 127, 127, 127, 127, 127, 127, 127, 127, 127, 127, 127, 127, 127, 127, 127, 127, 127, 127, 127]",esp32_2
CSI_DATA,138296,2025-08-27 15:35:19.372,0,sit,00:00:00:00:00:00,-63,11,0,0,0,0,0,0,0,0,0,-97,0,1,0,4130798924,0,14,0,0,0,104,0,"[0, 0, 127, -128, 127, -128, 127, -128, 127, -128, 127, -118, 127, -114, 127, -118, 103, -128, 89, -128, 70, -128, 61, -128, 59, -128, 62, -128, 73, -128, 80, -128, 82, -128, 88, -104, 84, -75, 73, -48, 57, -22, 35, 4, 12, 21, -9, 35, -36, 38, -51, 37, -54, 101, -54, 102, -59, 107, -57, 106, -59, 113, -54, 114, -53, 115, -47, 121, -41, 121, -29, 119, -23, 124, -13, 127, -7, 118, -3, 115, 0, 110, -3, 114, -3, 100, 1, 82, 6, 49, 11, 23, 20, -14, 40, -47, 61, -76, 87, -117, 116, -128, 127, -128]",esp32_1
CSI_DATA,141372,2025-08-27 15:35:19.388,0,sit,00:00:00:00:00:00,-41,11,0,0,0,0,0,0,0,0,0,-97,0,1,0,990036477,0,14,0,0,0,104,0,"[0, 0, 127, -4, 127, -1, 127, 7, 127, 9, 127, 7, 127, 8, 127, 13, 127, 18, 127, 29, 127, 43, 127, 54, 127, 62, 127, 67, 127, 68, 99, 64, 57, 53, 21, 34, -8, 7, -26, -23, -35, -51, -35, -76, -24, -95, -8, -107, 9, -111, 21, -108, -94, 127, -109, 127, -122, 127, -125, 127, -120, 127, -103, 109, -77, 94, -45, 86, -12, 86, 21, 93, 50, 106, 74, 120, 90, 127, 103, 127, 114, 127, 122, 127, 127, 127, 127, 127, 127, 127, 127, 116, 127, 92, 127, 69, 127, 53, 127, 36, 127, 19, 127, 8]",esp32_2
CSI_DATA,138297,2025-08-27 15:35:19.404,0,sit,00:00:00:00:00:00,-63,11,0,0,0,0,0,0,0,0,0,-97,0,1,0,4130824819,0,14,0,0,0,104,0,"[0, 0, 59, -128, 65, -128, 69, -128, 71, -128, 63, -128, 51, -128, 42, -128, 28, -128, 23, -128, 18, -128, 16, -128, 16, -128, 23, -128, 44, -128, 50, -128, 57, -128, 64, -111, 62, -81, 51, -58, 40, -35, 20, -14, -3, -3, -21, 6, -35, 13, -50, 7, 100, 59, 101, 63, 100, 65, 100, 68, 105, 69, 105, 76, 102, 70, 105, 73, 106, 69, 111, 66, 100, 61, 99, 56, 105, 48, 108, 44, 102, 34, 91, 29, 84, 25, 76, 13, 71, -2, 56, -22, 44, -44, 34, -70, 17, -100, 26, -128, 22, -128, 23, -128]",esp32_1
CSI_DATA,141373,2025-08-27 15:35:19.406,0,sit,00:00:00:00:00:00,-41,11,0,0,0,0,0,0,0,0,0,-97,0,1,0,990068968,0,14,0,0,0,104,0,"[0, 0, 42, -128, 40, -128, 42, -128, 46, -128, 46, -128, 47, -128, 50, -128, 55, -128, 62, -128, 68, -128, 74, -128, 78, -128, 77, -128, 74, -128, 67, -108, 55, -66, 37, -29, 14, 0, -12, 20, -36, 32, -58, 36, -76, 31, -85, 20, -86, 7, -85, -2, 1, 127, -18, 127, -39, 127, -54, 127, -62, 127, -60, 127, -46, 101, -21, 68, 11, 39, 50, 16, 92, 1, 127, -6, 127, -8, 127, -6, 127, -5, 127, -5, 127, -5, 127, -9, 127, -20, 127, -38, 127, -63, 127, -95, 113, -128, 95, -128, 76, -128, 65, -128]",esp32_2
CSI_DATA,138298,2025-08-27 15:35:19.433,0,sit,00:00:00:00:00:00,-64,11,0,0,0,0,0,0,0,0,0,-97,0,1,0,4130860278,0,14,0,0,0,104,0,"[0, 0, 127, -116, 127, -108, 127, -91, 127, -101, 127, -104, 127, -112, 127, -120, 127, -128, 127, -128, 127, -128, 127, -128, 127, -120, 127, -103, 127, -86, 127, -58, 117, -32, 100, -13, 65, -4, 38, -1, 6, -8, -21, -16, -36, -36, -46, -55, -44, -71, -33, -86, 102, 88, 101, 93, 99, 100, 97, 103, 94, 110, 91, 113, 88, 107, 86, 109, 84, 104, 89, 90, 97, 96, 93, 92, 94, 78, 96, 74, 99, 67, 97, 67, 95, 53, 93, 39, 90, 13, 92, -8, 93, -38, 105, -66, 126, -82, 127, -111, 127, -124, 127, -123]",esp32_1
CSI_DATA,141374,2025-08-27 15:35:19.433,0,sit,00:00:00:00:00:00,-40,11,0,0,0,0,0,0,0,0,0,-97,0,1,0,990086827,0,14,0,0,0,104,0,"[0, 0, 127, -128, 127, -128, 127, -128, 127, -128, 127, -128, 127, -128, 127, -128, 127, -128, 127, -128, 127, -128, 127, -128, 127, -128, 127, -121, 127, -86, 126, -54, 86, -26, 47, -6, 8, 3, -29, 4, -58, -2, -78, -13, -89, -26, -91, -41, -85, -54, -77, -63, -128, 127, -128, 127, -128, 127, -128, 106, -128, 81, -128, 58, -125, 41, -85, 31, -38, 29, 9, 36, 54, 51, 93, 70, 126, 91, 127, 116, 127, 127, 127, 127, 127, 127, 127, 127, 127, 127, 127, 127, 127, 104, 127, 72, 127, 35, 127, -6, 127, -49, 127, -81]",esp32_2
CSI_DATA,141375,2025-08-27 15:35:19.451,0,sit,00:00:00:00:00:00,-41,11,0,0,0,0,0,0,0,0,0,-97,0,1,0,990114958,0,14,0,0,0,104,0,"[0, 0, 127, 127, 127, 127, 127, 127, 127, 127, 127, 127, 127, 127, 127, 127, 127, 127, 127, 127, 127, 127, 110, 127, 83, 127, 58, 127, 35, 127, 17, 110, 7, 69, 4, 28, 12, -7, 28, -37, 46, -57, 66, -67, 86, -67, 99, -59, 106, -47, 106, -36, -128, 44, -128, 27, -128, 6, -128, -11, -128, -24, -128, -30, -123, -26, -92, -11, -64, 13, -39, 45, -21, 82, -10, 118, -8, 127, -11, 127, -15, 127, -22, 127, -29, 127, -32, 127, -32, 127, -26, 127, -14, 127, 0, 127, 17, 127, 38, 127, 59, 127, 74, 127]",esp32_2
CSI_DATA,141376,2025-08-27 15:35:19.472,0,sit,00:00:00:00:00:00,-40,11,0,0,0,0,0,0,0,0,0,-97,0,1,0,990138322,0,14,0,0,0,104,0,"[0, 0, -128, -4, -128, 11, -128, 27, -128, 38, -128, 44, -128, 44, -128, 40, -128, 30, -128, 16, -128, 2, -128, -13, -128, -27, -128, -36, -128, -40, -111, -34, -76, -18, -50, 3, -35, 27, -29, 52, -32, 74, -42, 89, -54, 96, -70, 93, -83, 82, -89, 69, -77, -128, -66, -128, -51, -128, -39, -128, -30, -128, -25, -128, -28, -108, -37, -89, -53, -71, -76, -56, -103, -45, -128, -38, -128, -38, -128, -41, -128, -47, -128, -54, -128, -62, -128, -69, -128, -73, -128, -73, -128, -73, -128, -73, -128, -70, -128, -62, -128, -54, -128, -51]",esp32_2
CSI_DATA,141377,2025-08-27 15:35:19.502,0,sit,00:00:00:00:00:00,-41,11,0,0,0,0,0,0,0,0,0,-97,0,1,0,990172046,0,14,0,0,0,104,0,"[0, 0, -128, 87, -128, 87, -128, 95, -128, 103, -128, 113, -128, 124, -128, 127, -128, 127, -128, 127, -128, 127, -128, 120, -128, 98, -128, 71, -128, 44, -128, 24, -118, 15, -74, 15, -36, 29, -8, 55, 7, 85, 10, 115, 0, 127, -21, 127, -47, 127, -67, 127, -128, -128, -114, -128, -85, -128, -59, -128, -38, -128, -24, -128, -21, -127, -29, -97, -46, -68, -73, -43, -104, -26, -128, -17, -128, -14, -128, -14, -128, -15, -128, -14, -128, -10, -128, -4, -128, 7, -128, 23, -128, 40, -128, 59, -128, 78, -128, 96, -128, 103, -128, 101]",esp32_2
CSI_DATA,138300,2025-08-27 15:35:19.512,0,sit,00:00:00:00:00:00,-65,11,0,0,0,0,0,0,0,0,0,-97,0,1,0,4130920694,0,14,0,0,0,104,0,"[0, 0, 41, -128, 49, -128, 42, -128, 41, -128, 32, -128, 24, -128, 12, -128, -5, -128, -6, -128, -11, -128, 2, -128, 13, -128, 31, -128, 39, -128, 53, -128, 57, -98, 53, -72, 42, -44, 21, -22, -4, -9, -27, 1, -50, -3, -69, -13, -88, -24, -94, -44, 102, -58, 110, -51, 101, -43, 110, -43, 111, -38, 117, -33, 107, -33, 111, -29, 102, -36, 99, -33, 89, -45, 83, -50, 79, -48, 76, -60, 73, -59, 63, -79, 59, -87, 50, -97, 40, -104, 31, -109, 23, -128, 14, -128, 6, -128, 9, -128, 10, -128, 16, -128]",esp32_1
CSI_DATA,141378,2025-08-27 15:35:19.523,0,sit,00:00:00:00:00:00,-38,11,0,0,0,0,0,0,0,0,0,-97,0,1,0,990199073,0,14,0,0,0,104,0,"[0, 0, -128, -12, -128, 4, -128, 13, -128, 20, -128, 24, -128, 22, -128, 16, -128, 7, -128, -8, -128, -22, -128, -33, -128, -41, -128, -44, -128, -41, -128, -31, -115, -13, -92, 10, -81, 35, -79, 59, -84, 77, -96, 88, -110, 90, -123, 83, -128, 68, -128, 52, -64, -128, -43, -128, -18, -128, 1, -128, 13, -128, 18, -128, 10, -119, -8, -97, -34, -82, -66, -76, -100, -78, -128, -86, -128, -100, -128, -118, -128, -128, -128, -128, -128, -128, -128, -128, -128, -128, -128, -128, -128, -128, -128, -128, -128, -128, -128, -115, -128, -98, -128, -85]",esp32_2
CSI_DATA,138301,2025-08-27 15:35:19.537,0,sit,00:00:00:00:00:00,-65,11,0,0,0,0,0,0,0,0,0,-97,0,1,0,4130959157,0,14,0,0,0,104,0,"[0, 0, 127, 127, 127, 127, 127, 127, 127, 127, 127, 120, 127, 100, 127, 82, 127, 77, 127, 79, 127, 78, 127, 94, 127, 113, 127, 119, 127, 127, 127, 127, 88, 116, 54, 93, 24, 63, 11, 23, 4, -17, 2, -44, 19, -72, 37, -88, 60, -104, 84, -104, -82, 127, -92, 127, -90, 127, -95, 127, -99, 127, -99, 127, -97, 127, -96, 127, -95, 127, -90, 127, -75, 127, -66, 127, -69, 120, -58, 123, -44, 117, -20, 124, -8, 115, 15, 109, 35, 90, 66, 93, 94, 90, 127, 96, 127, 118, 127, 127, 127, 127, 127, 127]",esp32_1
CSI_DATA,141379,2025-08-27 15:35:19.546,0,sit,00:00:00:00:00:00,-40,11,0,0,0,0,0,0,0,0,0,-97,0,1,0,990245554,0,14,0,0,0,104,0,"[0, 0, 97, 127, 108, 127, 127, 127, 127, 127, 127, 125, 127, 122, 127, 126, 127, 127, 127, 127, 127, 127, 127, 127, 127, 127, 111, 127, 89, 117, 68, 84, 56, 46, 54, 9, 65, -24, 88, -48, 113, -60, 127, -58, 127, -40, 127, -13, 127, 15, 127, 37, -127, 120, -128, 106, -128, 89, -128, 73, -128, 58, -113, 47, -92, 44, -70, 46, -46, 57, -25, 76, -6, 97, 8, 119, 16, 127, 23, 127, 29, 127, 33, 127, 35, 127, 38, 127, 42, 127, 49, 127, 56, 127, 64, 127, 69, 127, 72, 127, 73, 127, 71, 127]",esp32_2
CSI_DATA,138302,2025-08-27 15:35:19.566,0,sit,00:00:00:00:00:00,-65,11,0,0,0,0,0,0,0,0,0,-97,0,1,0,4131009359,0,14,0,0,0,104,0,"[0, 0, -128, 83, -128, 77, -128, 70, -128, 82, -128, 88, -128, 100, -128, 115, -128, 127, -128, 127, -128, 127, -128, 127, -128, 127, -128, 127, -128, 100, -128, 69, -128, 41, -111, 11, -79, -18, -41, -32, -6, -28, 34, -28, 68, -17, 85, 7, 96, 31, 95, 51, 12, -128, 17, -128, 13, -128, 15, -128, 16, -128, 15, -128, 14, -128, 6, -128, 5, -128, -1, -128, -9, -128, -12, -128, -14, -127, -17, -126, -26, -113, -32, -108, -34, -95, -42, -79, -50, -47, -64, -20, -81, 9, -100, 32, -128, 46, -128, 69, -128, 88, -128, 82]",esp32_1
CSI_DATA,141380,2025-08-27 15:35:19.566,0,sit,00:00:00:00:00:00,-39,11,0,0,0,0,0,0,0,0,0,-97,0,1,0,990287740,0,14,0,0,0,104,0,"[0, 0, -128, 127, -128, 127, -109, 127, -91, 127, -77, 127, -68, 127, -65, 127, -67, 127, -74, 127, -84, 127, -96, 127, -102, 127, -99, 127, -88, 127, -66, 123, -33, 101, 0, 91, 29, 95, 53, 110, 65, 127, 64, 127, 52, 127, 28, 127, -4, 127, -31, 127, -128, 36, -128, 15, -128, -10, -128, -27, -128, -34, -128, -30, -128, -14, -114, 12, -108, 42, -110, 77, -121, 109, -128, 127, -128, 127, -128, 127, -128, 127, -128, 127, -128, 127, -128, 127, -128, 127, -128, 127, -128, 127, -128, 127, -128, 127, -128, 127, -128, 127, -128, 127]",esp32_2
CSI_DATA,141381,2025-08-27 15:35:19.591,0,sit,00:00:00:00:00:00,-39,11,0,0,0,0,0,0,0,0,0,-97,0,1,0,990317214,0,14,0,0,0,104,0,"[0, 0, -128, 127, -128, 127, -128, 127, -128, 127, -128, 127, -126, 127, -124, 127, -127, 127, -128, 127, -128, 127, -128, 127, -128, 127, -128, 127, -109, 112, -79, 91, -44, 78, -10, 76, 18, 86, 37, 107, 46, 127, 42, 127, 25, 127, -1, 127, -33, 127, -57, 127, -128, -54, -128, -72, -128, -89, -128, -94, -128, -89, -115, -72, -102, -45, -100, -14, -110, 21, -128, 55, -128, 80, -128, 95, -128, 100, -128, 99, -128, 95, -128, 88, -128, 79, -128, 71, -128, 68, -128, 70, -128, 77, -128, 88, -128, 103, -128, 117, -128, 126, -128, 127]",esp32_2
CSI_DATA,138303,2025-08-27 15:35:19.598,0,sit,00:00:00:00:00:00,-65,11,0,0,0,0,0,0,0,0,0,-97,0,1,0,4131043161,0,14,0,0,0,104,0,"[0, 0, -128, -128, -128, -128, -128, -128, -128, -128, -128, -125, -128, -104, -128, -99, -128, -84, -128, -77, -128, -66, -128, -73, -128, -86, -128, -94, -128, -110, -114, -105, -81, -110, -45, -91, -11, -70, 10, -46, 28, -12, 35, 13, 38, 40, 35, 67, 21, 87, 1, 97, 124, -20, 127, -10, 127, -14, 127, -9, 127, -9, 127, -7, 127, -7, 127, -16, 127, -17, 127, -27, 122, -43, 116, -51, 113, -43, 109, -43, 104, -43, 95, -54, 76, -53, 61, -50, 36, -47, 14, -45, -19, -52, -45, -63, -89, -87, -111, -90, -128, -109, -128, -128]",esp32_1
CSI_DATA,141382,2025-08-27 15:35:19.612,0,sit,00:00:00:00:00:00,-40,11,0,0,0,0,0,0,0,0,0,-97,0,1,0,990341602,0,14,0,0,0,104,0,"[0, 0, 123, -128, 103, -128, 84, -128, 67, -128, 53, -128, 42, -128, 36, -128, 36, -128, 37, -128, 41, -128, 47, -128, 52, -128, 52, -128, 44, -128, 26, -109, 1, -80, -28, -61, -59, -57, -87, -66, -108, -83, -121, -105, -120, -128, -103, -128, -76, -128, -52, -128, 127, 48, 127, 63, 127, 77, 127, 79, 118, 70, 95, 51, 79, 21, 76, -17, 83, -59, 101, -101, 127, -128, 127, -128, 127, -128, 127, -128, 127, -128, 127, -128, 127, -128, 127, -128, 127, -128, 127, -128, 127, -128, 127, -128, 127, -128, 127, -128, 127, -128, 127, -128]",esp32_2
CSI_DATA,138304,2025-08-27 15:35:19.626,0,sit,00:00:00:00:00:00,-64,11,0,0,0,0,0,0,0,0,0,-97,0,1,0,4131071168,0,14,0,0,0,104,0,"[0, 0, -128, -56, -128, -54, -128, -57, -128, -45, -128, -34, -128, -20, -128, -7, -128, 10, -128, 16, -128, 22, -128, 14, -128, 1, -128, -8, -128, -24, -128, -37, -126, -50, -92, -57, -54, -55, -26, -45, 3, -24, 30, -12, 49, 17, 52, 38, 53, 62, 42, 79, 90, -82, 99, -82, 103, -84, 102, -85, 113, -79, 109, -79, 102, -79, 104, -81, 95, -82, 96, -87, 83, -101, 78, -105, 73, -93, 71, -96, 65, -92, 58, -104, 48, -87, 32, -80, 12, -59, -6, -49, -38, -34, -65, -23, -106, -33, -128, -23, -128, -26, -128, -46]",esp32_1
CSI_DATA,141383,2025-08-27 15:35:19.634,0,sit,00:00:00:00:00:00,-41,11,0,0,0,0,0,0,0,0,0,-97,0,1,0,990378721,0,14,0,0,0,104,0,"[0, 0, -128, -62, -128, -43, -128, -32, -128, -20, -128, -5, -128, 4, -128, 9, -128, 12, -128, 6, -128, -3, -128, -12, -128, -20, -128, -21, -122, -17, -86, -8, -52, 8, -26, 32, -10, 62, -6, 93, -14, 120, -32, 127, -59, 127, -86, 127, -109, 124, -124, 104, 61, -128, 71, -128, 80, -128, 80, -120, 72, -94, 52, -71, 21, -54, -16, -45, -57, -46, -97, -62, -128, -87, -128, -114, -128, -128, -128, -128, -128, -128, -128, -128, -128, -128, -128, -128, -128, -128, -128, -128, -128, -128, -128, -128, -128, -128, -128, -128, -128, -128, -128, -128]",esp32_2
CSI_DATA,141384,2025-08-27 15:35:19.657,0,sit,00:00:00:00:00:00,-40,11,0,0,0,0,0,0,0,0,0,-97,0,1,0,990427049,0,14,0,0,0,104,0,"[0, 0, -123, -128, -128, -128, -128, -128, -128, -128, -128, -128, -128, -128, -128, -128, -128, -128, -128, -128, -128, -128, -128, -128, -126, -128, -96, -128, -68, -128, -46, -117, -33, -71, -33, -28, -47, 9, -68, 36, -95, 52, -122, 53, -128, 42, -128, 21, -128, -5, -128, -26, 127, -46, 127, -29, 127, -7, 127, 11, 127, 21, 114, 20, 80, 6, 49, -18, 24, -51, 9, -91, 3, -128, 6, -128, 16, -128, 28, -128, 38, -128, 48, -128, 57, -128, 61, -128, 60, -128, 51, -128, 36, -128, 20, -128, 4, -128, -16, -128, -38, -128, -54, -128]",esp32_2
CSI_DATA,138306,2025-08-27 15:35:19.719,0,sit,00:00:00:00:00:00,-64,11,0,0,0,0,0,0,0,0,0,-97,0,1,0,4131748452,0,14,0,0,0,104,0,"[0, 0, -128, 127, -128, 127, -128, 127, -128, 127, -110, 127, -93, 127, -80, 127, -67, 127, -71, 127, -77, 127, -91, 127, -105, 127, -110, 127, -128, 127, -128, 127, -123, 119, -113, 73, -91, 45, -61, 19, -27, 2, 15, -3, 52, 4, 71, 11, 88, 28, 98, 46, -102, -84, -106, -91, -107, -103, -108, -105, -106, -110, -106, -113, -104, -113, -103, -113, -98, -106, -103, -92, -101, -94, -110, -86, -110, -64, -120, -59, -123, -49, -117, -44, -113, -41, -107, -25, -104, -1, -95, 29, -86, 55, -88, 97, -90, 110, -108, 127, -117, 127, -128, 127]",esp32_1
CSI_DATA,138307,2025-08-27 15:35:19.744,0,sit,00:00:00:00:00:00,-64,11,0,0,0,0,0,0,0,0,0,-97,0,1,0,4131759327,0,14,0,0,0,104,0,"[0, 0, 127, 127, 127, 127, 127, 127, 127, 118, 127, 103, 127, 84, 127, 74, 127, 63, 127, 64, 127, 64, 127, 81, 127, 90, 127, 105, 127, 112, 126, 112, 94, 110, 61, 92, 28, 73, 15, 46, 7, 13, -1, -13, 9, -37, 17, -53, 32, -73, 50, -72, -62, 92, -68, 94, -72, 90, -76, 91, -82, 94, -85, 92, -83, 91, -84, 88, -75, 88, -76, 92, -62, 94, -52, 98, -57, 93, -53, 100, -46, 98, -29, 105, -25, 96, -12, 95, -6, 78, 18, 78, 38, 68, 70, 72, 105, 78, 122, 88, 127, 93, 127, 115]",esp32_1
CSI_DATA,141387,2025-08-27 15:35:19.765,0,sit,00:00:00:00:00:00,-40,11,0,0,0,0,0,0,0,0,0,-97,0,1,0,990526486,0,14,0,0,0,104,0,"[0, 0, -128, 127, -128, 127, -111, 127, -92, 127, -81, 127, -75, 127, -78, 127, -88, 127, -100, 127, -110, 127, -118, 127, -120, 127, -113, 127, -94, 121, -65, 86, -28, 59, 12, 44, 51, 44, 84, 57, 107, 78, 118, 105, 116, 127, 97, 127, 68, 127, 43, 127, -89, -128, -72, -128, -52, -128, -34, -128, -19, -128, -10, -128, -11, -98, -21, -68, -42, -37, -71, -8, -104, 14, -128, 29, -128, 37, -128, 40, -128, 42, -128, 43, -128, 40, -128, 39, -128, 40, -128, 44, -128, 50, -128, 56, -128, 66, -128, 76, -128, 83, -128, 84]",esp32_2
CSI_DATA,138308,2025-08-27 15:35:19.776,0,sit,00:00:00:00:00:00,-64,11,0,0,0,0,0,0,0,0,0,-97,0,1,0,4131768502,0,14,0,0,0,104,0,"[0, 0, 127, 73, 127, 77, 127, 72, 127, 61, 127, 44, 127, 26, 127, 12, 127, -2, 127, -1, 127, 2, 127, 10, 127, 27, 127, 38, 127, 54, 127, 66, 121, 76, 96, 71, 59, 56, 33, 39, 12, 13, -2, -12, -4, -38, -4, -56, 6, -78, 21, -86, -28, 106, -35, 113, -37, 113, -41, 112, -45, 114, -50, 117, -47, 113, -47, 113, -42, 112, -39, 106, -26, 109, -20, 112, -19, 105, -14, 104, -8, 104, 8, 111, 9, 100, 16, 95, 26, 75, 40, 68, 60, 51, 88, 41, 125, 42, 127, 39, 127, 43, 127, 56]",esp32_1
CSI_DATA,141388,2025-08-27 15:35:19.787,0,sit,00:00:00:00:00:00,-40,11,0,0,0,0,0,0,0,0,0,-97,0,1,0,990551547,0,14,0,0,0,104,0,"[0, 0, -128, -119, -128, -83, -128, -45, -128, -13, -128, 11, -128, 28, -128, 35, -128, 31, -128, 19, -128, 2, -128, -16, -128, -32, -128, -41, -128, -41, -111, -27, -67, 1, -34, 37, -16, 77, -14, 118, -27, 127, -51, 127, -81, 127, -112, 127, -128, 127, -128, 127, 127, -128, 127, -128, 127, -128, 127, -116, 127, -93, 125, -72, 93, -59, 56, -56, 17, -61, -23, -75, -59, -96, -87, -120, -110, -128, -128, -128, -128, -128, -128, -128, -128, -128, -128, -128, -128, -128, -128, -128, -128, -128, -128, -128, -128, -128, -128, -128, -128, -128, -128, -128]",esp32_2
CSI_DATA,138309,2025-08-27 15:35:19.800,0,sit,00:00:00:00:00:00,-64,11,0,0,0,0,0,0,0,0,0,-97,0,1,0,4131778425,0,14,0,0,0,104,0,"[0, 0, 127, -84, 127, -71, 127, -70, 127, -81, 127, -82, 127, -96, 127, -107, 127, -121, 127, -128, 127, -128, 127, -128, 127, -123, 127, -105, 127, -74, 127, -54, 127, -22, 118, -4, 82, 8, 51, 8, 18, 4, -10, -9, -29, -30, -43, -46, -42, -65, -37, -82, 54, 95, 50, 100, 49, 105, 48, 112, 50, 117, 46, 117, 44, 118, 43, 118, 45, 114, 44, 104, 52, 106, 62, 99, 59, 87, 69, 85, 75, 78, 73, 78, 72, 72, 76, 58, 77, 33, 77, 18, 81, -8, 98, -32, 112, -45, 127, -74, 127, -88, 127, -80]",esp32_1
CSI_DATA,141389,2025-08-27 15:35:19.808,0,sit,00:00:00:00:00:00,-40,11,0,0,0,0,0,0,0,0,0,-97,0,1,0,990576870,0,14,0,0,0,104,0,"[0, 0, -128, 97, -128, 108, -115, 124, -96, 127, -82, 127, -74, 127, -75, 127, -83, 127, -92, 127, -101, 127, -107, 127, -108, 127, -101, 120, -84, 90, -58, 62, -22, 42, 15, 32, 49, 35, 77, 49, 96, 69, 102, 93, 97, 116, 80, 127, 55, 127, 32, 127, -75, -128, -62, -128, -44, -128, -29, -128, -17, -128, -11, -110, -13, -84, -24, -57, -41, -33, -63, -12, -89, 4, -113, 15, -128, 21, -128, 24, -128, 26, -128, 28, -128, 29, -128, 33, -128, 39, -128, 46, -128, 52, -128, 59, -128, 66, -128, 71, -128, 73, -128, 73]",esp32_2
CSI_DATA,141390,2025-08-27 15:35:19.832,0,sit,00:00:00:00:00:00,-41,11,0,0,0,0,0,0,0,0,0,-97,0,1,0,990617420,0,14,0,0,0,104,0,"[0, 0, 127, -7, 127, -31, 127, -63, 127, -92, 127, -116, 127, -128, 127, -128, 127, -128, 127, -128, 127, -128, 127, -112, 127, -84, 127, -57, 127, -36, 98, -24, 49, -26, 6, -40, -27, -67, -47, -103, -51, -128, -41, -128, -20, -128, 12, -128, 47, -128, 73, -128, 23, 127, 5, 127, -17, 127, -30, 127, -35, 127, -32, 127, -18, 100, 5, 77, 36, 59, 70, 45, 106, 40, 127, 41, 127, 46, 127, 53, 127, 58, 127, 63, 127, 69, 127, 69, 127, 64, 127, 60, 127, 54, 127, 49, 127, 45, 127, 38, 127, 32, 127, 30]",esp32_2
CSI_DATA,138310,2025-08-27 15:35:19.840,0,sit,00:00:00:00:00:00,-64,11,0,0,0,0,0,0,0,0,0,-97,0,1,0,4131788561,0,14,0,0,0,104,0,"[0, 0, -128, -128, -128, -128, -126, -128, -124, -128, -124, -128, -128, -118, -128, -110, -128, -101, -128, -102, -128, -104, -128, -123, -128, -128, -128, -128, -124, -128, -97, -128, -66, -125, -37, -106, -20, -78, 0, -49, -2, -16, -5, 7, -15, 31, -28, 50, -49, 64, -62, 65, 77, -81, 85, -83, 87, -77, 91, -80, 98, -80, 104, -79, 95, -72, 97, -71, 89, -75, 91, -77, 78, -76, 71, -83, 74, -80, 71, -90, 63, -90, 43, -93, 38, -92, 27, -92, 22, -80, -1, -80, -26, -78, -51, -83, -87, -92, -98, -110, -125, -128, -128, -128]",esp32_1
CSI_DATA,141391,2025-08-27 15:35:19.852,0,sit,00:00:00:00:00:00,-41,11,0,0,0,0,0,0,0,0,0,-97,0,1,0,990638500,0,14,0,0,0,104,0,"[0, 0, 127, 96, 127, 66, 127, 33, 127, 4, 127, -21, 127, -39, 127, -48, 127, -47, 127, -40, 127, -26, 127, -8, 127, 10, 127, 22, 127, 26, 98, 18, 55, -3, 22, -34, 3, -72, -2, -112, 9, -128, 30, -128, 57, -128, 88, -128, 118, -128, 127, -128, -81, 127, -95, 127, -106, 127, -109, 127, -103, 121, -87, 98, -60, 80, -27, 70, 7, 67, 44, 73, 77, 85, 105, 100, 126, 116, 127, 127, 127, 127, 127, 127, 127, 127, 127, 127, 127, 127, 127, 127, 127, 127, 127, 127, 127, 127, 127, 127, 127, 127, 127, 127]",esp32_2
CSI_DATA,138311,2025-08-27 15:35:19.864,0,sit,00:00:00:00:00:00,-65,11,0,0,0,0,0,0,0,0,0,-97,0,1,0,4131798452,0,14,0,0,0,104,0,"[0, 0, 116, 127, 111, 127, 115, 127, 114, 127, 116, 127, 126, 127, 127, 124, 127, 117, 127, 119, 127, 118, 127, 127, 127, 127, 127, 127, 122, 127, 89, 127, 59, 127, 30, 111, 9, 82, 1, 50, -5, 18, 4, -12, 17, -37, 31, -53, 51, -64, 69, -62, -93, 70, -99, 67, -103, 63, -108, 65, -113, 65, -120, 62, -111, 60, -112, 59, -109, 59, -105, 64, -95, 71, -82, 75, -91, 72, -83, 78, -79, 83, -61, 91, -55, 87, -40, 87, -34, 81, -12, 82, 12, 80, 46, 92, 77, 110, 94, 121, 111, 127, 127, 127]",esp32_1
CSI_DATA,141392,2025-08-27 15:35:19.874,0,sit,00:00:00:00:00:00,-40,11,0,0,0,0,0,0,0,0,0,-97,0,1,0,990674355,0,14,0,0,0,104,0,"[0, 0, 127, -27, 127, -47, 127, -73, 127, -100, 127, -124, 127, -128, 127, -128, 127, -128, 127, -128, 127, -128, 127, -116, 127, -87, 127, -58, 127, -35, 106, -24, 57, -26, 13, -42, -20, -71, -40, -108, -42, -128, -30, -128, -9, -128, 22, -128, 59, -128, 86, -128, 64, 127, 43, 127, 18, 127, -1, 127, -10, 127, -11, 127, 0, 104, 22, 75, 53, 53, 89, 37, 126, 30, 127, 29, 127, 32, 127, 39, 127, 46, 127, 52, 127, 57, 127, 55, 127, 49, 127, 41, 127, 30, 127, 22, 127, 14, 127, 6, 127, 0, 127, -2]",esp32_2
CSI_DATA,141393,2025-08-27 15:35:19.895,0,sit,00:00:00:00:00:00,-40,11,0,0,0,0,0,0,0,0,0,-97,0,1,0,990722044,0,14,0,0,0,104,0,"[0, 0, -128, -74, -128, -48, -128, -18, -128, 9, -128, 31, -128, 47, -128, 55, -128, 54, -128, 44, -128, 30, -128, 11, -128, -8, -128, -20, -128, -24, -110, -16, -65, 6, -30, 37, -11, 75, -7, 115, -18, 127, -40, 127, -71, 127, -104, 127, -128, 127, -128, 127, 36, -128, 54, -128, 71, -128, 78, -128, 77, -128, 65, -120, 40, -96, 8, -79, -30, -72, -70, -74, -107, -84, -128, -96, -128, -111, -128, -127, -128, -128, -128, -128, -128, -128, -128, -128, -128, -128, -128, -128, -128, -128, -128, -128, -128, -128, -128, -128, -128, -128, -128, -126]",esp32_2
CSI_DATA,141394,2025-08-27 15:35:19.925,0,sit,00:00:00:00:00:00,-40,11,0,0,0,0,0,0,0,0,0,-97,0,1,0,990747079,0,14,0,0,0,104,0,"[0, 0, -128, -128, -128, -128, -128, -128, -128, -123, -128, -106, -128, -95, -128, -94, -128, -98, -128, -105, -128, -114, -128, -123, -128, -126, -128, -119, -122, -101, -85, -69, -56, -26, -44, 17, -49, 59, -67, 94, -94, 117, -126, 124, -128, 117, -128, 97, -128, 65, -128, 36, 127, -128, 127, -128, 127, -128, 127, -120, 127, -95, 111, -75, 78, -64, 41, -65, 3, -77, -33, -98, -63, -125, -82, -128, -94, -128, -103, -128, -109, -128, -114, -128, -119, -128, -127, -128, -128, -128, -128, -128, -128, -128, -128, -128, -128, -128, -128, -128, -128, -128, -128, -128]",esp32_2
CSI_DATA,141395,2025-08-27 15:35:19.945,0,sit,00:00:00:00:00:00,-40,11,0,0,0,0,0,0,0,0,0,-97,0,1,0,990772101,0,14,0,0,0,104,0,"[0, 0, -72, -128, -90, -128, -109, -128, -128, -128, -128, -128, -128, -128, -128, -128, -128, -128, -128, -128, -128, -128, -128, -128, -108, -128, -81, -128, -56, -128, -39, -98, -34, -46, -45, 0, -71, 34, -104, 56, -128, 63, -128, 53, -128, 31, -128, -1, -128, -37, -128, -64, 127, -76, 127, -55, 127, -29, 127, -9, 127, 2, 127, 3, 97, -8, 68, -31, 43, -61, 25, -97, 16, -128, 16, -128, 22, -128, 28, -128, 31, -128, 33, -128, 35, -128, 32, -128, 24, -128, 12, -128, -1, -128, -11, -128, -16, -128, -22, -128, -28, -128, -33, -128]",esp32_2
CSI_DATA,138313,2025-08-27 15:35:19.959,0,sit,00:00:00:00:00:00,-65,11,0,0,0,0,0,0,0,0,0,-97,0,1,0,4131818433,0,14,0,0,0,104,0,"[0, 0, -128, -65, -128, -66, -128, -67, -128, -54, -128, -24, -128, -10, -128, 6, -128, 25, -128, 25, -128, 30, -128, 18, -128, -1, -128, -13, -128, -42, -128, -54, -128, -67, -119, -67, -77, -57, -44, -41, -13, -13, 7, 8, 19, 40, 18, 66, 7, 92, -5, 106, 35, -124, 44, -127, 45, -128, 47, -128, 57, -128, 57, -128, 52, -128, 55, -128, 49, -128, 48, -122, 29, -128, 23, -128, 18, -117, 10, -123, 1, -123, -9, -126, -16, -122, -25, -110, -35, -85, -53, -74, -78, -49, -103, -43, -128, -36, -128, -29, -128, -24, -128, -53]",esp32_1
CSI_DATA,141396,2025-08-27 15:35:19.971,0,sit,00:00:00:00:00:00,-40,11,0,0,0,0,0,0,0,0,0,-97,0,1,0,990806710,0,14,0,0,0,104,0,"[0, 0, 127, 46, 127, 22, 127, 1, 127, -20, 127, -40, 127, -54, 127, -59, 127, -56, 127, -47, 127, -31, 127, -12, 127, 4, 127, 14, 127, 17, 95, 10, 57, -9, 28, -37, 12, -72, 11, -107, 22, -128, 42, -128, 70, -128, 99, -128, 124, -128, 127, -108, 8, 127, -9, 127, -28, 127, -39, 127, -42, 127, -36, 113, -18, 87, 9, 68, 42, 57, 77, 56, 111, 61, 127, 71, 127, 82, 127, 96, 127, 106, 127, 113, 127, 119, 127, 121, 127, 119, 127, 113, 127, 107, 127, 103, 127, 104, 127, 103, 127, 98, 127, 94]",esp32_2
CSI_DATA,138314,2025-08-27 15:35:19.992,0,sit,00:00:00:00:00:00,-65,11,0,0,0,0,0,0,0,0,0,-97,0,1,0,4131828447,0,14,0,0,0,104,0,"[0, 0, 127, 127, 117, 127, 120, 127, 112, 127, 117, 127, 126, 127, 127, 123, 127, 114, 127, 117, 127, 119, 127, 127, 127, 127, 127, 127, 119, 127, 91, 127, 61, 127, 30, 109, 10, 84, 1, 49, -4, 14, 2, -11, 15, -34, 34, -46, 52, -66, 68, -65, -88, 78, -95, 74, -98, 72, -105, 70, -109, 71, -112, 68, -111, 69, -109, 64, -99, 71, -102, 70, -85, 74, -77, 77, -84, 77, -77, 85, -72, 85, -55, 94, -48, 89, -37, 89, -27, 78, -9, 83, 17, 80, 48, 88, 84, 104, 100, 120, 114, 127, 127, 127]",esp32_1
CSI_DATA,141397,2025-08-27 15:35:19.992,0,sit,00:00:00:00:00:00,-40,11,0,0,0,0,0,0,0,0,0,-97,0,1,0,990833122,0,14,0,0,0,104,0,"[0, 0, -128, 127, -128, 127, -128, 127, -128, 127, -118, 127, -110, 127, -111, 127, -117, 127, -125, 127, -128, 127, -128, 127, -128, 127, -123, 124, -100, 94, -67, 67, -27, 48, 13, 40, 50, 48, 79, 69, 95, 96, 98, 126, 85, 127, 58, 127, 24, 127, -4, 127, -128, -128, -128, -128, -112, -128, -89, -128, -70, -128, -56, -103, -51, -72, -56, -40, -71, -10, -94, 18, -121, 39, -128, 53, -128, 61, -128, 67, -128, 71, -128, 75, -128, 78, -128, 85, -128, 93, -128, 102, -128, 113, -128, 125, -128, 127, -128, 127, -128, 127, -128, 127]",esp32_2
CSI_DATA,141398,2025-08-27 15:35:20.016,0,sit,00:00:00:00:00:00,-40,11,0,0,0,0,0,0,0,0,0,-97,0,1,0,990857275,0,14,0,0,0,104,0,"[0, 0, -128, -128, -128, -128, -128, -128, -128, -128, -128, -128, -128, -128, -128, -128, -128, -128, -128, -128, -128, -128, -128, -128, -128, -128, -117, -128, -85, -107, -58, -71, -40, -28, -36, 15, -49, 52, -70, 81, -97, 96, -128, 98, -128, 90, -128, 72, -128, 41, -128, 9, 127, -111, 127, -93, 127, -68, 127, -46, 127, -31, 114, -23, 82, -25, 51, -37, 23, -59, -3, -88, -21, -118, -30, -128, -34, -128, -36, -128, -39, -128, -42, -128, -45, -128, -51, -128, -57, -128, -63, -128, -73, -128, -85, -128, -97, -128, -108, -128, -115, -128, -117, -128]",esp32_2
CSI_DATA,138315,2025-08-27 15:35:20.022,0,sit,00:00:00:00:00:00,-65,11,0,0,0,0,0,0,0,0,0,-97,0,1,0,4131841282,0,14,0,0,0,104,0,"[0, 0, 127, 121, 127, 127, 127, 112, 127, 104, 127, 80, 127, 67, 127, 45, 127, 55, 127, 26, 127, 33, 127, 45, 127, 63, 127, 80, 127, 101, 127, 113, 101, 93, 78, 94, 48, 66, 25, 50, 5, 6, 2, -11, -7, -40, 4, -54, 15, -81, 36, -90, -58, 95, -68, 107, -69, 92, -79, 106, -76, 94, -87, 110, -82, 95, -77, 106, -82, 95, -59, 93, -54, 107, -42, 110, -41, 100, -44, 106, -32, 110, -26, 102, -27, 116, -11, 97, 11, 86, 24, 81, 52, 60, 76, 71, 108, 59, 127, 63, 127, 72, 127, 101]",esp32_1
CSI_DATA,141399,2025-08-27 15:35:20.038,0,sit,00:00:00:00:00:00,-40,11,0,0,0,0,0,0,0,0,0,-97,0,1,0,990893671,0,14,0,0,0,104,0,"[0, 0, -128, 122, -128, 127, -128, 127, -128, 127, -128, 127, -128, 127, -128, 127, -128, 127, -128, 127, -128, 127, -128, 127, -128, 127, -128, 116, -124, 82, -82, 55, -34, 40, 14, 39, 56, 53, 88, 80, 104, 111, 105, 127, 92, 127, 64, 127, 27, 127, -2, 127, -97, -128, -76, -128, -50, -128, -29, -128, -15, -128, -11, -128, -19, -92, -37, -57, -64, -28, -99, -7, -128, 6, -128, 14, -128, 17, -128, 18, -128, 20, -128, 21, -128, 23, -128, 28, -128, 38, -128, 51, -128, 63, -128, 74, -128, 85, -128, 96, -128, 100, -128, 98]",esp32_2
CSI_DATA,138316,2025-08-27 15:35:20.052,0,sit,00:00:00:00:00:00,-65,11,0,0,0,0,0,0,0,0,0,-97,0,1,0,4131848826,0,14,0,0,0,104,0,"[0, 0, 63, -128, 66, -128, 57, -128, 50, -128, 41, -128, 23, -128, 10, -128, -5, -128, -10, -128, -12, -128, 0, -128, 11, -128, 30, -128, 54, -128, 63, -128, 69, -128, 70, -94, 63, -56, 42, -32, 16, -12, -14, -2, -46, 2, -65, 0, -82, -8, -91, -25, 112, 4, 117, 8, 121, 16, 126, 19, 127, 23, 127, 27, 122, 29, 123, 33, 120, 29, 119, 15, 112, 14, 112, 7, 116, -2, 121, -7, 116, -17, 103, -17, 100, -22, 89, -31, 82, -43, 66, -57, 53, -80, 41, -102, 25, -124, 29, -128, 30, -128, 32, -128]",esp32_1
CSI_DATA,141400,2025-08-27 15:35:20.061,0,sit,00:00:00:00:00:00,-39,11,0,0,0,0,0,0,0,0,0,-97,0,1,0,990929504,0,14,0,0,0,104,0,"[0, 0, 66, 127, 85, 127, 112, 127, 127, 127, 127, 127, 127, 127, 127, 127, 127, 127, 127, 127, 127, 127, 127, 127, 118, 127, 88, 127, 61, 127, 43, 89, 38, 39, 45, -7, 67, -43, 97, -68, 127, -78, 127, -72, 127, -55, 127, -27, 127, 7, 127, 35, -128, 50, -128, 29, -128, 6, -128, -9, -128, -17, -121, -15, -90, -1, -62, 22, -39, 54, -23, 92, -14, 127, -12, 127, -14, 127, -18, 127, -22, 127, -26, 127, -27, 127, -24, 127, -19, 127, -13, 127, -5, 127, 5, 127, 17, 127, 27, 127, 33, 127, 34, 127]",esp32_2
CSI_DATA,138317,2025-08-27 15:35:20.073,0,sit,00:00:00:00:00:00,-64,11,0,0,0,0,0,0,0,0,0,-97,0,1,0,4131861991,0,14,0,0,0,104,0,"[0, 0, -57, -128, -54, -128, -57, -128, -61, -128, -73, -128, -87, -128, -107, -128, -128, -128, -128, -128, -128, -128, -128, -128, -127, -128, -106, -128, -65, -128, -43, -128, -15, -128, 11, -128, 29, -97, 29, -50, 16, -17, -3, 10, -30, 35, -51, 49, -73, 57, -101, 52, 127, -29, 127, -19, 127, -18, 127, -9, 127, -8, 127, -4, 127, -6, 127, -1, 127, -6, 127, -18, 127, -21, 124, -31, 127, -37, 127, -44, 124, -56, 101, -59, 94, -59, 78, -65, 71, -78, 44, -84, 16, -100, -11, -122, -44, -128, -51, -128, -66, -128, -78, -128]",esp32_1
CSI_DATA,141401,2025-08-27 15:35:20.083,0,sit,00:00:00:00:00:00,-41,11,0,0,0,0,0,0,0,0,0,-97,0,1,0,990989833,0,14,0,0,0,104,0,"[0, 0, -80, -128, -98, -128, -119, -128, -128, -128, -128, -128, -128, -128, -128, -128, -128, -128, -128, -128, -128, -128, -128, -128, -114, -128, -86, -128, -59, -125, -40, -81, -34, -34, -40, 10, -60, 46, -90, 72, -121, 81, -128, 76, -128, 58, -128, 30, -128, -3, -128, -30, 127, -59, 127, -40, 127, -18, 127, -2, 127, 6, 116, 4, 87, -9, 60, -30, 38, -58, 22, -91, 14, -124, 12, -128, 14, -128, 15, -128, 13, -128, 12, -128, 11, -128, 8, -128, 1, -128, -7, -128, -16, -128, -24, -128, -29, -128, -33, -128, -35, -128, -36, -128]",esp32_2
CSI_DATA,138318,2025-08-27 15:35:20.104,0,sit,00:00:00:00:00:00,-64,11,0,0,0,0,0,0,0,0,0,-97,0,1,0,4131868457,0,14,0,0,0,104,0,"[0, 0, 127, 23, 127, 21, 127, 25, 127, 10, 127, -2, 127, -18, 127, -36, 127, -51, 127, -61, 127, -68, 127, -55, 127, -39, 127, -19, 127, 5, 127, 21, 127, 41, 120, 49, 78, 50, 42, 31, 12, 14, -17, -8, -27, -35, -30, -56, -25, -84, -12, -97, -13, 120, -23, 124, -19, 124, -23, 127, -28, 127, -34, 127, -35, 127, -32, 127, -29, 127, -25, 117, -10, 123, 2, 123, 1, 108, 4, 114, 14, 110, 25, 111, 29, 105, 34, 94, 45, 68, 57, 53, 77, 32, 99, 15, 127, 14, 127, -9, 127, -14, 127, 1]",esp32_1
CSI_DATA,141402,2025-08-27 15:35:20.104,0,sit,00:00:00:00:00:00,-41,11,0,0,0,0,0,0,0,0,0,-97,0,1,0,991014078,0,14,0,0,0,104,0,"[0, 0, -128, 127, -110, 127, -78, 127, -54, 127, -36, 127, -25, 127, -20, 127, -24, 127, -36, 127, -50, 127, -66, 127, -76, 127, -74, 127, -63, 127, -41, 85, -8, 49, 30, 26, 71, 17, 110, 24, 127, 42, 127, 68, 127, 101, 127, 127, 117, 127, 91, 127, -128, -109, -128, -120, -128, -128, -128, -126, -107, -114, -86, -92, -72, -61, -68, -27, -73, 10, -88, 46, -108, 76, -128, 99, -128, 116, -128, 127, -128, 127, -128, 127, -128, 127, -128, 127, -128, 127, -128, 127, -128, 127, -128, 127, -128, 127, -128, 127, -128, 127, -128, 127]",esp32_2
CSI_DATA,141403,2025-08-27 15:35:20.134,0,sit,00:00:00:00:00:00,-41,11,0,0,0,0,0,0,0,0,0,-97,0,1,0,991039553,0,14,0,0,0,104,0,"[0, 0, -21, -128, -45, -128, -71, -128, -96, -128, -118, -128, -128, -128, -128, -128, -128, -128, -128, -128, -122, -128, -98, -128, -71, -128, -47, -128, -30, -128, -22, -91, -26, -41, -43, 2, -73, 32, -109, 50, -128, 51, -128, 38, -128, 16, -128, -13, -128, -46, -128, -72, 127, -6, 127, 12, 127, 30, 127, 41, 127, 43, 114, 34, 87, 16, 66, -11, 50, -44, 42, -82, 40, -119, 45, -128, 53, -128, 60, -128, 66, -128, 69, -128, 72, -128, 72, -128, 70, -128, 65, -128, 59, -128, 53, -128, 48, -128, 41, -128, 36, -128, 34, -128]",esp32_2
CSI_DATA,141404,2025-08-27 15:35:20.166,0,sit,00:00:00:00:00:00,-41,11,0,0,0,0,0,0,0,0,0,-97,0,1,0,991074173,0,14,0,0,0,104,0,"[0, 0, 127, 7, 127, -18, 127, -51, 127, -78, 127, -98, 127, -114, 127, -123, 127, -122, 127, -115, 127, -103, 127, -81, 127, -53, 127, -26, 127, -7, 92, -2, 40, -11, -5, -33, -34, -67, -50, -107, -50, -128, -37, -128, -16, -128, 13, -128, 48, -128, 75, -128, -26, 127, -45, 127, -64, 127, -73, 127, -71, 127, -59, 112, -37, 84, -4, 65, 33, 54, 73, 46, 111, 46, 127, 53, 127, 64, 127, 77, 127, 87, 127, 92, 127, 96, 127, 96, 127, 93, 127, 88, 127, 81, 127, 73, 127, 63, 127, 51, 127, 43, 127, 41]",esp32_2
CSI_DATA,138320,2025-08-27 15:35:20.189,0,sit,00:00:00:00:00:00,-67,11,0,0,0,0,0,0,0,0,0,-97,0,1,0,4131888427,0,14,0,0,0,104,0,"[0, 0, -128, 127, -128, 127, -117, 127, -113, 127, -90, 127, -75, 127, -62, 127, -60, 127, -52, 127, -52, 127, -56, 127, -68, 127, -80, 127, -109, 127, -109, 127, -113, 127, -104, 116, -96, 71, -61, 38, -32, 11, 17, -7, 57, -16, 102, -7, 123, 3, 127, 22, -66, -89, -69, -100, -70, -113, -67, -120, -65, -115, -65, -111, -69, -108, -66, -108, -57, -101, -71, -87, -64, -96, -74, -89, -87, -64, -84, -64, -90, -51, -86, -52, -77, -42, -70, -30, -78, -3, -70, 12, -70, 43, -68, 66, -67, 82, -77, 114, -95, 127, -94, 127]",esp32_1
CSI_DATA,141405,2025-08-27 15:35:20.189,0,sit,00:00:00:00:00:00,-41,11,0,0,0,0,0,0,0,0,0,-97,0,1,0,991100005,0,14,0,0,0,104,0,"[0, 0, 127, -128, 127, -128, 112, -128, 88, -128, 71, -128, 59, -128, 56, -128, 61, -128, 69, -128, 79, -128, 90, -128, 96, -128, 92, -128, 78, -119, 51, -77, 13, -41, -29, -19, -73, -16, -113, -26, -128, -48, -128, -77, -128, -106, -128, -128, -119, -128, -93, -128, 127, 127, 116, 127, 89, 127, 66, 127, 48, 127, 36, 114, 33, 79, 42, 44, 59, 9, 82, -23, 109, -48, 127, -66, 127, -79, 127, -90, 127, -99, 127, -108, 127, -117, 127, -128, 127, -128, 127, -128, 127, -128, 127, -128, 127, -128, 127, -128, 127, -128, 127, -128]",esp32_2
CSI_DATA,138321,2025-08-27 15:35:20.221,0,sit,00:00:00:00:00:00,-64,11,0,0,0,0,0,0,0,0,0,-97,0,1,0,4131898447,0,14,0,0,0,104,0,"[0, 0, -128, -34, -128, -35, -128, -34, -128, -26, -128, -7, -128, 9, -128, 21, -128, 37, -128, 40, -128, 46, -128, 36, -128, 21, -128, 10, -128, -15, -128, -30, -128, -44, -104, -47, -69, -48, -38, -34, -13, -14, 12, 2, 24, 29, 26, 52, 20, 79, 7, 87, 28, -108, 31, -115, 28, -112, 35, -115, 40, -118, 42, -120, 44, -115, 40, -114, 36, -109, 37, -110, 18, -110, 14, -111, 12, -103, 7, -99, -1, -103, -13, -105, -17, -100, -27, -87, -34, -67, -46, -50, -65, -33, -89, -19, -126, -19, -128, -1, -128, -5, -128, -18]",esp32_1
CSI_DATA,141406,2025-08-27 15:35:20.221,0,sit,00:00:00:00:00:00,-40,11,0,0,0,0,0,0,0,0,0,-97,0,1,0,991134099,0,14,0,0,0,104,0,"[0, 0, -125, -128, -128, -128, -128, -128, -128, -128, -128, -128, -128, -128, -128, -128, -128, -128, -128, -128, -128, -128, -128, -128, -128, -128, -109, -128, -78, -125, -51, -82, -35, -33, -33, 16, -46, 59, -73, 92, -103, 111, -128, 113, -128, 98, -128, 71, -128, 37, -128, 8, 127, -64, 127, -45, 127, -22, 127, -5, 127, 6, 127, 7, 95, -5, 66, -25, 40, -55, 20, -93, 9, -128, 4, -128, 3, -128, 1, -128, -4, -128, -9, -128, -14, -128, -20, -128, -30, -128, -41, -128, -54, -128, -65, -128, -73, -128, -79, -128, -82, -128, -80, -128]",esp32_2
CSI_DATA,138322,2025-08-27 15:35:20.252,0,sit,00:00:00:00:00:00,-65,11,0,0,0,0,0,0,0,0,0,-97,0,1,0,4131908497,0,14,0,0,0,104,0,"[0, 0, 127, -35, 127, -32, 127, -29, 127, -38, 127, -45, 127, -63, 127, -81, 127, -94, 127, -107, 127, -107, 127, -106, 127, -89, 127, -69, 127, -50, 127, -22, 127, -2, 125, 13, 84, 26, 53, 17, 16, 7, -14, -6, -31, -26, -41, -50, -43, -78, -34, -91, 15, 117, 7, 122, 6, 123, 6, 127, 1, 127, -2, 127, -2, 127, -3, 127, 1, 126, 8, 117, 16, 122, 26, 116, 25, 103, 34, 104, 39, 98, 48, 102, 46, 94, 57, 81, 61, 57, 69, 37, 82, 11, 105, -13, 127, -19, 127, -49, 127, -57, 127, -42]",esp32_1
CSI_DATA,138323,2025-08-27 15:35:20.284,0,sit,00:00:00:00:00:00,-65,11,0,0,0,0,0,0,0,0,0,-97,0,1,0,4131918465,0,14,0,0,0,104,0,"[0, 0, -89, -128, -79, -128, -85, -128, -84, -128, -88, -128, -103, -128, -117, -128, -128, -128, -128, -128, -128, -128, -128, -128, -128, -128, -123, -128, -93, -128, -60, -128, -36, -128, -9, -118, 8, -84, 10, -52, 8, -20, -6, 13, -21, 35, -40, 43, -60, 60, -78, 55, 108, -47, 114, -47, 118, -38, 121, -36, 126, -35, 127, -29, 125, -29, 125, -31, 121, -29, 117, -39, 105, -44, 100, -52, 102, -54, 99, -62, 99, -64, 78, -71, 68, -69, 57, -75, 47, -76, 27, -78, -3, -88, -24, -103, -57, -116, -73, -128, -90, -128, -98, -128]",esp32_1
CSI_DATA,141408,2025-08-27 15:35:20.295,0,sit,00:00:00:00:00:00,-41,11,0,0,0,0,0,0,0,0,0,-97,0,1,0,991218801,0,14,0,0,0,104,0,"[0, 0, -75, 127, -45, 127, -16, 127, 9, 127, 30, 127, 44, 127, 50, 127, 50, 127, 43, 127, 28, 127, 8, 127, -11, 127, -24, 127, -29, 127, -20, 85, 3, 37, 35, -1, 74, -23, 115, -30, 127, -21, 127, -1, 127, 25, 127, 55, 127, 86, 127, 109, -128, -112, -128, -126, -128, -128, -128, -128, -106, -122, -83, -100, -65, -68, -56, -31, -55, 8, -61, 47, -74, 84, -90, 113, -107, 127, -126, 127, -128, 127, -128, 127, -128, 127, -128, 127, -128, 127, -128, 127, -128, 127, -128, 127, -128, 127, -128, 127, -128, 127, -128, 127]",esp32_2
CSI_DATA,138324,2025-08-27 15:35:20.309,0,sit,00:00:00:00:00:00,-65,11,0,0,0,0,0,0,0,0,0,-97,0,1,0,4131930743,0,14,0,0,0,104,0,"[0, 0, 127, -83, 127, -75, 127, -65, 127, -72, 127, -77, 127, -91, 127, -103, 127, -121, 127, -128, 127, -128, 127, -128, 127, -121, 127, -102, 127, -81, 127, -50, 127, -24, 123, -2, 86, 9, 50, 15, 17, 9, -15, -6, -39, -24, -45, -45, -49, -67, -41, -83, 42, 110, 40, 113, 39, 120, 37, 120, 33, 127, 31, 127, 29, 126, 28, 127, 30, 123, 31, 110, 41, 113, 49, 108, 50, 99, 57, 91, 65, 87, 65, 88, 65, 79, 71, 68, 72, 47, 78, 18, 80, -3, 99, -33, 123, -44, 127, -74, 127, -89, 127, -80]",esp32_1
CSI_DATA,141409,2025-08-27 15:35:20.328,0,sit,00:00:00:00:00:00,-41,11,0,0,0,0,0,0,0,0,0,-97,0,1,0,991244303,0,14,0,0,0,104,0,"[0, 0, 25, -128, -1, -128, -28, -128, -52, -128, -73, -128, -89, -128, -96, -128, -94, -128, -82, -128, -64, -128, -43, -128, -21, -128, -5, -128, 3, -128, 2, -93, -13, -44, -38, -5, -73, 20, -111, 31, -128, 28, -128, 10, -128, -16, -128, -47, -128, -78, -128, -99, 127, 44, 127, 60, 127, 74, 127, 80, 127, 78, 109, 63, 86, 38, 69, 7, 60, -29, 58, -68, 63, -105, 73, -128, 85, -128, 97, -128, 106, -128, 112, -128, 117, -128, 121, -128, 120, -128, 116, -128, 111, -128, 108, -128, 106, -128, 101, -128, 94, -128, 90, -128]",esp32_2
CSI_DATA,138325,2025-08-27 15:35:20.343,0,sit,00:00:00:00:00:00,-65,11,0,0,0,0,0,0,0,0,0,-97,0,1,0,4131938459,0,14,0,0,0,104,0,"[0, 0, -128, 68, -128, 59, -128, 56, -128, 62, -128, 73, -128, 85, -128, 99, -128, 117, -128, 124, -128, 127, -128, 125, -128, 109, -128, 94, -128, 66, -128, 46, -128, 17, -125, -6, -88, -17, -55, -16, -18, -8, 15, -2, 35, 24, 42, 43, 45, 68, 44, 89, -32, -113, -27, -117, -29, -123, -31, -128, -22, -128, -20, -128, -23, -127, -18, -128, -23, -120, -27, -119, -36, -120, -43, -114, -39, -103, -50, -95, -56, -91, -62, -95, -60, -85, -64, -77, -67, -49, -72, -22, -86, -3, -97, 22, -127, 36, -128, 62, -128, 75, -128, 68]",esp32_1
CSI_DATA,141410,2025-08-27 15:35:20.356,0,sit,00:00:00:00:00:00,-41,11,0,0,0,0,0,0,0,0,0,-97,0,1,0,991278940,0,14,0,0,0,104,0,"[0, 0, -65, -128, -90, -128, -111, -128, -128, -128, -128, -128, -128, -128, -128, -128, -128, -128, -128, -128, -128, -128, -124, -128, -92, -128, -63, -128, -42, -128, -28, -82, -23, -34, -32, 11, -57, 48, -90, 71, -124, 78, -128, 73, -128, 53, -128, 25, -128, -8, -128, -36, 127, -28, 127, -7, 127, 13, 127, 27, 127, 36, 119, 32, 89, 17, 63, -7, 42, -39, 28, -75, 20, -111, 18, -128, 20, -128, 25, -128, 27, -128, 26, -128, 26, -128, 25, -128, 21, -128, 18, -128, 12, -128, 3, -128, -3, -128, -9, -128, -14, -128, -16, -128]",esp32_2
CSI_DATA,138326,2025-08-27 15:35:20.376,0,sit,00:00:00:00:00:00,-65,11,0,0,0,0,0,0,0,0,0,-97,0,1,0,4131951213,0,14,0,0,0,104,0,"[0, 0, -128, -128, -128, -128, -128, -128, -128, -128, -128, -108, -128, -90, -128, -82, -128, -69, -128, -69, -128, -73, -128, -87, -128, -103, -128, -108, -128, -118, -126, -117, -89, -116, -57, -97, -31, -78, -12, -47, -1, -17, 2, 7, -1, 41, -13, 56, -32, 79, -44, 82, 73, -86, 78, -85, 82, -88, 83, -85, 93, -85, 97, -84, 92, -78, 94, -82, 88, -82, 83, -85, 73, -85, 67, -88, 68, -85, 61, -88, 54, -91, 37, -97, 28, -92, 19, -89, 9, -79, -13, -70, -35, -70, -64, -68, -106, -77, -123, -90, -128, -104, -128, -124]",esp32_1
CSI_DATA,141411,2025-08-27 15:35:20.388,0,sit,00:00:00:00:00:00,-41,11,0,0,0,0,0,0,0,0,0,-97,0,1,0,991316624,0,14,0,0,0,104,0,"[0, 0, -128, -91, -128, -59, -128, -24, -128, 5, -128, 27, -128, 42, -128, 48, -128, 46, -128, 37, -128, 22, -128, 2, -128, -16, -128, -27, -128, -31, -84, -24, -36, -2, 2, 30, 27, 67, 37, 108, 32, 127, 14, 127, -12, 127, -44, 127, -76, 127, -98, 127, 127, -128, 127, -128, 127, -117, 127, -93, 127, -71, 113, -53, 78, -43, 40, -43, 2, -50, -36, -65, -68, -85, -94, -105, -115, -126, -128, -128, -128, -128, -128, -128, -128, -128, -128, -128, -128, -128, -128, -128, -128, -128, -128, -128, -128, -128, -128, -128, -128, -128, -128, -128]",esp32_2
CSI_DATA,138327,2025-08-27 15:35:20.407,0,sit,00:00:00:00:00:00,-65,11,0,0,0,0,0,0,0,0,0,-97,0,1,0,4131958425,0,14,0,0,0,104,0,"[0, 0, 127, 127, 127, 127, 127, 127, 127, 127, 127, 124, 127, 102, 127, 91, 127, 76, 127, 81, 127, 72, 127, 92, 127, 109, 127, 111, 127, 127, 127, 127, 127, 127, 84, 111, 45, 95, 22, 66, 5, 25, -8, -10, -3, -56, 9, -78, 32, -106, 47, -107, -98, 120, -92, 105, -114, 124, -98, 103, -127, 127, -107, 104, -116, 110, -119, 110, -113, 112, -117, 121, -83, 117, -76, 125, -81, 112, -69, 119, -54, 110, -47, 127, -37, 116, -20, 127, -2, 83, 20, 94, 51, 82, 84, 85, 127, 108, 127, 102, 127, 120, 127, 127]",esp32_1
CSI_DATA,141412,2025-08-27 15:35:20.420,0,sit,00:00:00:00:00:00,-40,11,0,0,0,0,0,0,0,0,0,-97,0,1,0,991340738,0,14,0,0,0,104,0,"[0, 0, 17, -128, -5, -128, -31, -128, -54, -128, -76, -128, -93, -128, -100, -128, -100, -128, -90, -128, -73, -128, -53, -128, -34, -128, -20, -128, -9, -119, -6, -77, -15, -35, -32, 0, -58, 25, -89, 39, -117, 41, -128, 30, -128, 9, -128, -18, -128, -45, -128, -63, 127, 65, 127, 75, 127, 84, 123, 86, 102, 80, 80, 66, 62, 43, 52, 16, 46, -15, 47, -50, 53, -81, 62, -107, 74, -128, 85, -128, 92, -128, 99, -128, 105, -128, 108, -128, 105, -128, 98, -128, 94, -128, 92, -128, 91, -128, 87, -128, 79, -128, 73, -128]",esp32_2
CSI_DATA,141413,2025-08-27 15:35:20.461,0,sit,00:00:00:00:00:00,-41,11,0,0,0,0,0,0,0,0,0,-97,0,1,0,991376244,0,14,0,0,0,104,0,"[0, 0, -128, -128, -128, -108, -128, -85, -128, -67, -128, -53, -128, -45, -128, -43, -128, -47, -128, -55, -128, -64, -128, -72, -128, -76, -128, -73, -94, -62, -59, -41, -32, -10, -15, 24, -10, 58, -17, 89, -33, 111, -55, 123, -78, 124, -99, 114, -117, 96, -127, 77, 127, -107, 127, -92, 127, -71, 127, -54, 116, -39, 94, -30, 67, -27, 38, -32, 11, -44, -15, -62, -36, -83, -51, -104, -62, -123, -71, -128, -80, -128, -87, -128, -95, -128, -105, -128, -113, -128, -121, -128, -128, -128, -128, -128, -128, -128, -128, -128, -128, -128, -128, -128]",esp32_2
CSI_DATA,138329,2025-08-27 15:35:20.504,0,sit,00:00:00:00:00:00,-64,11,0,0,0,0,0,0,0,0,0,-97,0,1,0,4131978492,0,14,0,0,0,104,0,"[0, 0, -128, 68, -128, 62, -128, 56, -128, 64, -128, 74, -128, 85, -128, 99, -128, 115, -128, 124, -128, 124, -128, 125, -128, 110, -128, 94, -128, 73, -128, 48, -128, 23, -117, 2, -84, -10, -51, -12, -17, -7, 13, 2, 35, 25, 44, 40, 48, 61, 45, 83, -33, -108, -26, -113, -29, -120, -29, -121, -19, -126, -19, -128, -19, -122, -22, -126, -22, -121, -23, -111, -32, -116, -37, -109, -42, -95, -47, -94, -54, -89, -58, -92, -61, -82, -64, -70, -65, -47, -69, -24, -82, 0, -93, 22, -118, 40, -128, 64, -128, 75, -128, 71]",esp32_1
CSI_DATA,138330,2025-08-27 15:35:20.536,0,sit,00:00:00:00:00:00,-64,11,0,0,0,0,0,0,0,0,0,-97,0,1,0,4131988442,0,14,0,0,0,104,0,"[0, 0, 92, 127, 82, 127, 92, 127, 89, 127, 94, 127, 102, 127, 121, 127, 127, 127, 127, 127, 127, 127, 127, 127, 127, 127, 124, 127, 103, 127, 72, 127, 47, 127, 18, 111, -1, 84, -5, 49, -6, 15, 5, -8, 18, -35, 38, -49, 51, -62, 73, -61, -103, 51, -108, 47, -112, 40, -118, 45, -122, 40, -124, 39, -120, 34, -118, 32, -112, 38, -113, 41, -101, 49, -94, 54, -99, 56, -92, 64, -90, 67, -72, 77, -68, 75, -52, 73, -43, 69, -21, 76, 6, 81, 32, 89, 67, 110, 79, 127, 93, 127, 110, 127]",esp32_1
CSI_DATA,141415,2025-08-27 15:35:20.549,0,sit,00:00:00:00:00:00,-41,11,0,0,0,0,0,0,0,0,0,-97,0,1,0,991472365,0,14,0,0,0,104,0,"[0, 0, -128, -23, -128, 5, -128, 38, -128, 67, -128, 89, -128, 103, -128, 112, -128, 110, -128, 100, -128, 84, -128, 63, -128, 40, -128, 20, -128, 5, -88, 2, -38, 13, 4, 34, 34, 65, 51, 101, 51, 127, 38, 127, 18, 127, -11, 127, -43, 127, -67, 127, 85, -128, 98, -128, 107, -128, 107, -128, 100, -115, 83, -91, 56, -71, 22, -59, -15, -52, -54, -54, -91, -62, -122, -73, -128, -86, -128, -100, -128, -112, -128, -121, -128, -128, -128, -128, -128, -128, -128, -125, -128, -119, -128, -115, -128, -110, -128, -100, -128, -92, -128, -86]",esp32_2
CSI_DATA,138331,2025-08-27 15:35:20.568,0,sit,00:00:00:00:00:00,-65,11,0,0,0,0,0,0,0,0,0,-97,0,1,0,4131998449,0,14,0,0,0,104,0,"[0, 0, -128, 127, -128, 127, -128, 127, -128, 127, -115, 127, -99, 127, -89, 127, -83, 127, -85, 127, -85, 127, -96, 127, -102, 127, -117, 127, -128, 127, -128, 121, -117, 90, -104, 54, -84, 26, -56, 12, -20, -3, 15, -3, 43, -1, 64, 11, 75, 28, 82, 46, -74, -85, -78, -91, -79, -96, -75, -101, -78, -106, -76, -107, -71, -105, -73, -110, -72, -107, -75, -91, -75, -92, -81, -83, -85, -69, -91, -63, -94, -55, -90, -57, -88, -48, -84, -34, -79, -10, -80, 12, -75, 37, -77, 67, -86, 90, -103, 124, -116, 127, -128, 127]",esp32_1
CSI_DATA,141416,2025-08-27 15:35:20.568,0,sit,00:00:00:00:00:00,-40,11,0,0,0,0,0,0,0,0,0,-97,0,1,0,991497453,0,14,0,0,0,104,0,"[0, 0, -62, 127, -33, 127, -2, 127, 25, 127, 45, 127, 60, 127, 67, 127, 64, 127, 51, 127, 33, 127, 11, 127, -8, 127, -19, 127, -21, 127, -15, 91, 5, 45, 36, 8, 73, -15, 112, -22, 127, -15, 127, 4, 127, 32, 127, 62, 127, 91, 127, 110, -128, -88, -128, -101, -128, -112, -128, -113, -121, -106, -96, -87, -75, -59, -63, -26, -58, 11, -62, 50, -72, 87, -86, 117, -102, 127, -118, 127, -128, 127, -128, 127, -128, 127, -128, 127, -128, 127, -128, 127, -128, 127, -128, 127, -128, 127, -128, 127, -128, 127, -128, 127]",esp32_2
CSI_DATA,138332,2025-08-27 15:35:20.599,0,sit,00:00:00:00:00:00,-65,11,0,0,0,0,0,0,0,0,0,-97,0,1,0,4132008461,0,14,0,0,0,104,0,"[0, 0, 127, -10, 127, -8, 127, -3, 127, -20, 127, -28, 127, -44, 127, -62, 127, -77, 127, -86, 127, -92, 127, -91, 127, -72, 127, -57, 127, -31, 127, -15, 127, 18, 119, 27, 81, 28, 45, 22, 17, 11, -14, -3, -30, -27, -40, -50, -40, -73, -34, -92, -8, 114, -15, 121, -15, 126, -19, 127, -22, 127, -28, 127, -24, 127, -22, 126, -18, 124, -17, 113, -2, 117, 6, 117, 5, 104, 13, 101, 19, 100, 26, 101, 31, 100, 43, 86, 44, 62, 60, 42, 74, 18, 100, -1, 127, -11, 127, -27, 127, -32, 127, -25]",esp32_1
CSI_DATA,141417,2025-08-27 15:35:20.601,0,sit,00:00:00:00:00:00,-41,11,0,0,0,0,0,0,0,0,0,-97,0,1,0,991532965,0,14,0,0,0,104,0,"[0, 0, -128, 127, -128, 127, -128, 127, -128, 127, -115, 127, -107, 127, -109, 127, -117, 127, -127, 127, -128, 127, -128, 127, -128, 127, -127, 127, -102, 101, -66, 65, -22, 38, 25, 25, 69, 28, 107, 45, 127, 70, 127, 101, 127, 127, 117, 127, 86, 127, 60, 127, -98, -128, -79, -128, -55, -128, -35, -128, -21, -128, -14, -128, -17, -93, -29, -59, -51, -27, -80, 2, -112, 23, -128, 39, -128, 49, -128, 57, -128, 63, -128, 68, -128, 73, -128, 81, -128, 90, -128, 102, -128, 113, -128, 123, -128, 127, -128, 127, -128, 127, -128, 127]",esp32_2
CSI_DATA,138333,2025-08-27 15:35:20.622,0,sit,00:00:00:00:00:00,-65,11,0,0,0,0,0,0,0,0,0,-97,0,1,0,4132018603,0,14,0,0,0,104,0,"[0, 0, -128, -52, -128, -57, -128, -50, -128, -37, -128, -25, -128, -9, -128, 8, -128, 23, -128, 26, -128, 29, -128, 17, -128, 5, -128, -8, -128, -28, -128, -44, -128, -57, -99, -57, -64, -52, -37, -41, -8, -11, 11, 4, 21, 36, 17, 56, 15, 78, -1, 92, 33, -106, 42, -115, 43, -110, 47, -113, 51, -117, 53, -116, 52, -111, 51, -115, 44, -109, 41, -106, 29, -112, 21, -111, 23, -102, 13, -107, 11, -107, 0, -105, -9, -101, -17, -92, -31, -70, -40, -55, -64, -38, -91, -28, -128, -21, -128, -18, -128, -14, -128, -34]",esp32_1
CSI_DATA,141418,2025-08-27 15:35:20.629,0,sit,00:00:00:00:00:00,-41,11,0,0,0,0,0,0,0,0,0,-97,0,1,0,991561101,0,14,0,0,0,104,0,"[0, 0, -128, -19, -128, 10, -128, 42, -128, 69, -128, 88, -128, 102, -128, 109, -128, 106, -128, 95, -128, 78, -128, 56, -128, 32, -128, 13, -128, 2, -93, 2, -44, 16, -4, 38, 24, 70, 39, 107, 38, 127, 23, 127, 0, 127, -30, 127, -62, 127, -85, 127, 63, -128, 77, -128, 90, -128, 94, -128, 91, -128, 77, -104, 52, -81, 19, -64, -17, -54, -56, -51, -95, -56, -128, -65, -128, -76, -128, -90, -128, -103, -128, -112, -128, -120, -128, -126, -128, -126, -128, -123, -128, -117, -128, -113, -128, -110, -128, -101, -128, -90, -128, -84]",esp32_2
CSI_DATA,141419,2025-08-27 15:35:20.648,0,sit,00:00:00:00:00:00,-41,11,0,0,0,0,0,0,0,0,0,-97,0,1,0,991583808,0,14,0,0,0,104,0,"[0, 0, -128, 127, -128, 127, -107, 127, -86, 127, -73, 127, -65, 127, -65, 127, -71, 127, -79, 127, -89, 127, -99, 127, -104, 127, -100, 127, -83, 111, -55, 71, -16, 39, 26, 20, 68, 18, 106, 28, 127, 48, 127, 74, 127, 102, 127, 127, 109, 127, 84, 127, -128, -128, -109, -128, -84, -128, -63, -128, -46, -128, -34, -120, -31, -86, -38, -52, -53, -18, -74, 14, -100, 41, -126, 62, -128, 76, -128, 87, -128, 96, -128, 104, -128, 112, -128, 121, -128, 127, -128, 127, -128, 127, -128, 127, -128, 127, -128, 127, -128, 127, -128, 127]",esp32_2
CSI_DATA,141420,2025-08-27 15:35:20.676,0,sit,00:00:00:00:00:00,-40,11,0,0,0,0,0,0,0,0,0,-97,0,1,0,991618646,0,14,0,0,0,104,0,"[0, 0, 127, 127, 127, 127, 127, 127, 127, 127, 127, 113, 127, 105, 127, 106, 127, 113, 127, 122, 127, 127, 127, 127, 127, 127, 127, 126, 107, 100, 70, 64, 42, 21, 28, -25, 31, -69, 47, -108, 71, -128, 102, -128, 127, -128, 127, -119, 127, -91, 127, -65, -128, 111, -128, 91, -128, 66, -128, 45, -128, 28, -128, 19, -99, 20, -64, 30, -31, 50, -1, 78, 25, 110, 43, 127, 55, 127, 65, 127, 74, 127, 81, 127, 87, 127, 95, 127, 103, 127, 110, 127, 120, 127, 127, 127, 127, 127, 127, 127, 127, 127, 127, 127]",esp32_2
CSI_DATA,141421,2025-08-27 15:35:20.728,0,sit,00:00:00:00:00:00,-40,11,0,0,0,0,0,0,0,0,0,-97,0,1,0,991643183,0,14,0,0,0,104,0,"[0, 0, -128, -128, -128, -101, -128, -81, -128, -61, -128, -43, -128, -35, -128, -34, -128, -40, -128, -52, -128, -66, -128, -77, -128, -82, -128, -78, -120, -65, -81, -42, -49, -9, -29, 29, -24, 66, -31, 99, -49, 123, -74, 127, -102, 127, -126, 121, -128, 99, -128, 76, 121, -128, 127, -128, 127, -128, 126, -109, 116, -87, 96, -69, 68, -58, 38, -55, 4, -61, -29, -74, -58, -93, -80, -113, -99, -128, -116, -128, -128, -128, -128, -128, -128, -128, -128, -128, -128, -128, -128, -128, -128, -128, -128, -128, -128, -128, -128, -128, -128, -128, -128, -128]",esp32_2
CSI_DATA,138336,2025-08-27 15:35:20.749,0,sit,00:00:00:00:00:00,-64,11,0,0,0,0,0,0,0,0,0,-97,0,1,0,4132048492,0,14,0,0,0,104,0,"[0, 0, -128, 127, -128, 127, -113, 127, -110, 127, -87, 127, -57, 127, -44, 127, -31, 127, -26, 127, -32, 127, -39, 127, -53, 127, -66, 127, -95, 127, -106, 127, -99, 127, -107, 104, -86, 61, -59, 32, -24, 5, 16, -12, 51, -11, 74, -6, 94, 1, 109, 22, -115, -66, -125, -77, -124, -88, -128, -93, -121, -95, -127, -102, -120, -98, -116, -103, -115, -94, -121, -77, -120, -75, -117, -65, -126, -53, -128, -44, -128, -34, -118, -27, -111, -24, -101, -7, -97, 20, -85, 41, -69, 73, -65, 108, -57, 127, -75, 127, -79, 127, -88, 127]",esp32_1
CSI_DATA,141422,2025-08-27 15:35:20.761,0,sit,00:00:00:00:00:00,-41,11,0,0,0,0,0,0,0,0,0,-97,0,1,0,991679919,0,14,0,0,0,104,0,"[0, 0, 127, -64, 127, -91, 127, -122, 127, -128, 127, -128, 127, -128, 127, -128, 127, -128, 127, -128, 127, -128, 127, -128, 127, -111, 127, -80, 127, -55, 83, -37, 34, -30, -11, -37, -47, -58, -73, -87, -84, -119, -82, -128, -68, -128, -42, -128, -10, -128, 17, -128, 0, 127, -16, 127, -33, 127, -44, 127, -48, 127, -42, 114, -27, 85, -3, 63, 30, 44, 68, 30, 106, 23, 127, 20, 127, 22, 127, 26, 127, 30, 127, 34, 127, 37, 127, 38, 127, 37, 127, 35, 127, 30, 127, 24, 127, 15, 127, 4, 127, -4, 127, -7]",esp32_2
CSI_DATA,138337,2025-08-27 15:35:20.773,0,sit,00:00:00:00:00:00,-64,11,0,0,0,0,0,0,0,0,0,-97,0,1,0,4132058496,0,14,0,0,0,104,0,"[0, 0, 127, 67, 127, 69, 127, 65, 127, 55, 127, 40, 127, 20, 127, 6, 127, -5, 127, -12, 127, -15, 127, -3, 127, 8, 127, 22, 127, 46, 127, 56, 124, 62, 96, 66, 58, 57, 30, 39, 6, 13, -9, -7, -19, -36, -17, -56, -11, -82, 2, -92, -44, 104, -51, 105, -54, 101, -60, 108, -62, 107, -69, 109, -63, 108, -60, 102, -55, 105, -52, 99, -44, 108, -30, 109, -31, 101, -22, 102, -19, 97, -6, 107, -4, 98, 9, 88, 18, 70, 37, 51, 57, 41, 84, 35, 120, 31, 127, 26, 127, 30, 127, 51]",esp32_1
CSI_DATA,141423,2025-08-27 15:35:20.787,0,sit,00:00:00:00:00:00,-43,11,0,0,0,0,0,0,0,0,0,-97,0,1,0,992316255,0,14,0,0,0,104,0,"[0, 0, -128, -128, -128, -128, -128, -128, -128, -128, -128, -116, -128, -110, -128, -117, -128, -128, -128, -128, -128, -128, -128, -128, -128, -128, -128, -128, -128, -128, -118, -90, -72, -35, -47, 29, -46, 97, -64, 127, -93, 127, -128, 127, -128, 127, -128, 127, -128, 127, -128, 100, 127, -128, 127, -128, 127, -128, 127, -112, 127, -84, 127, -61, 127, -50, 79, -58, 29, -77, -25, -108, -67, -128, -92, -128, -109, -128, -123, -128, -128, -128, -128, -128, -128, -128, -128, -128, -128, -128, -128, -128, -128, -128, -128, -128, -128, -128, -128, -128, -128, -128, -128, -128]",esp32_2
CSI_DATA,138338,2025-08-27 15:35:20.806,0,sit,00:00:00:00:00:00,-64,11,0,0,0,0,0,0,0,0,0,-97,0,1,0,4132068427,0,14,0,0,0,104,0,"[0, 0, 94, -128, 94, -128, 88, -128, 73, -128, 52, -128, 29, -128, 8, -128, -10, -128, -12, -128, -18, -128, -8, -128, 5, -128, 20, -128, 53, -128, 69, -128, 75, -128, 80, -123, 74, -77, 52, -43, 25, -10, -12, 8, -47, 21, -75, 21, -95, 17, -108, 3, 124, 59, 127, 67, 127, 76, 127, 78, 127, 88, 127, 92, 124, 90, 127, 88, 119, 82, 127, 63, 121, 64, 124, 47, 127, 36, 127, 26, 127, 21, 124, 13, 110, 9, 99, -6, 96, -26, 80, -51, 66, -80, 50, -115, 40, -128, 40, -128, 50, -128, 55, -128]",esp32_1
CSI_DATA,141424,2025-08-27 15:35:20.806,0,sit,00:00:00:00:00:00,-40,11,0,0,0,0,0,0,0,0,0,-97,0,1,0,992323738,0,14,0,0,0,104,0,"[0, 0, -128, 127, -128, 127, -128, 127, -128, 127, -128, 127, -128, 127, -128, 127, -128, 127, -128, 127, -128, 127, -128, 127, -128, 127, -128, 127, -115, 95, -77, 63, -32, 42, 14, 34, 55, 41, 89, 61, 109, 86, 116, 115, 110, 127, 91, 127, 61, 127, 35, 127, -79, -128, -62, -128, -40, -128, -23, -128, -11, -128, -6, -128, -11, -96, -25, -64, -47, -34, -78, -7, -113, 15, -128, 30, -128, 37, -128, 40, -128, 43, -128, 44, -128, 43, -128, 44, -128, 49, -128, 54, -128, 61, -128, 68, -128, 80, -128, 92, -128, 101, -128, 104]",esp32_2
CSI_DATA,138339,2025-08-27 15:35:20.838,0,sit,00:00:00:00:00:00,-64,11,0,0,0,0,0,0,0,0,0,-97,0,1,0,4132078427,0,14,0,0,0,104,0,"[0, 0, 127, -14, 127, -9, 127, -3, 127, -21, 127, -25, 127, -41, 127, -57, 127, -70, 127, -83, 127, -86, 127, -81, 127, -69, 127, -51, 127, -28, 127, -6, 127, 15, 116, 25, 73, 28, 46, 22, 11, 9, -12, -5, -29, -31, -35, -53, -36, -70, -22, -85, 3, 112, -3, 115, -3, 119, -7, 124, -12, 126, -14, 127, -13, 123, -14, 122, -11, 117, -7, 111, 6, 117, 15, 112, 12, 102, 21, 102, 23, 97, 36, 99, 35, 91, 42, 81, 47, 56, 61, 39, 70, 16, 95, -3, 124, -12, 127, -26, 127, -40, 127, -25]",esp32_1
CSI_DATA,141425,2025-08-27 15:35:20.850,0,sit,00:00:00:00:00:00,-40,11,0,0,0,0,0,0,0,0,0,-97,0,1,0,992334608,0,14,0,0,0,104,0,"[0, 0, -6, -128, -34, -128, -64, -128, -91, -128, -112, -128, -126, -128, -128, -128, -128, -128, -119, -128, -99, -128, -73, -128, -48, -128, -27, -128, -12, -128, -8, -101, -16, -50, -36, -7, -66, 22, -102, 38, -128, 40, -128, 28, -128, 7, -128, -20, -128, -49, -128, -72, 127, 57, 127, 71, 127, 84, 127, 89, 127, 87, 106, 73, 82, 49, 65, 18, 53, -19, 48, -61, 50, -102, 60, -128, 75, -128, 90, -128, 104, -128, 115, -128, 126, -128, 127, -128, 127, -128, 127, -128, 125, -128, 120, -128, 112, -128, 100, -128, 88, -128, 80, -128]",esp32_2
CSI_DATA,138340,2025-08-27 15:35:20.866,0,sit,00:00:00:00:00:00,-64,11,0,0,0,0,0,0,0,0,0,-97,0,1,0,4132088480,0,14,0,0,0,104,0,"[0, 0, 127, -52, 127, -48, 127, -41, 127, -55, 127, -61, 127, -73, 127, -88, 127, -104, 127, -112, 127, -118, 127, -116, 127, -99, 127, -89, 127, -61, 127, -39, 127, -15, 121, 8, 79, 16, 49, 14, 21, 7, -14, -4, -35, -23, -40, -44, -47, -66, -44, -83, 22, 108, 16, 117, 15, 116, 16, 124, 9, 124, 6, 127, 5, 125, 4, 123, 12, 119, 15, 107, 23, 113, 28, 109, 30, 98, 39, 95, 44, 92, 51, 92, 51, 86, 51, 73, 57, 47, 67, 24, 75, 0, 98, -25, 117, -33, 127, -55, 127, -66, 127, -62]",esp32_1
CSI_DATA,141426,2025-08-27 15:35:20.871,0,sit,00:00:00:00:00:00,-40,11,0,0,0,0,0,0,0,0,0,-97,0,1,0,992344869,0,14,0,0,0,104,0,"[0, 0, -45, -128, -66, -128, -91, -128, -112, -128, -128, -128, -128, -128, -128, -128, -128, -128, -128, -128, -122, -128, -100, -128, -76, -128, -53, -128, -34, -118, -23, -79, -23, -38, -33, -2, -52, 26, -77, 44, -102, 51, -126, 45, -128, 31, -128, 11, -128, -13, -128, -34, 127, 6, 127, 20, 127, 33, 127, 42, 120, 45, 97, 41, 73, 26, 53, 4, 38, -24, 28, -56, 24, -89, 25, -118, 31, -128, 38, -128, 45, -128, 51, -128, 57, -128, 62, -128, 63, -128, 61, -128, 57, -128, 51, -128, 42, -128, 32, -128, 22, -128, 17, -128]",esp32_2
CSI_DATA,138341,2025-08-27 15:35:20.893,0,sit,00:00:00:00:00:00,-64,11,0,0,0,0,0,0,0,0,0,-97,0,1,0,4132098462,0,14,0,0,0,104,0,"[0, 0, -128, -128, -128, -128, -128, -128, -128, -128, -128, -128, -128, -128, -128, -128, -128, -128, -128, -128, -128, -128, -128, -128, -128, -128, -128, -128, -128, -128, -115, -128, -80, -128, -43, -128, -13, -98, 0, -59, 4, -23, 0, 13, -19, 47, -34, 69, -53, 88, -76, 88, 118, -76, 127, -75, 127, -72, 127, -67, 127, -64, 127, -66, 127, -59, 127, -54, 127, -59, 127, -66, 119, -75, 109, -83, 106, -78, 106, -88, 98, -91, 76, -99, 63, -97, 53, -93, 38, -86, 15, -88, -23, -94, -56, -102, -103, -126, -122, -128, -128, -128, -128, -128]",esp32_1
CSI_DATA,141428,2025-08-27 15:35:20.976,0,sit,00:00:00:00:00:00,-40,11,0,0,0,0,0,0,0,0,0,-97,0,1,0,992363693,0,14,0,0,0,104,0,"[0, 0, 66, 127, 88, 127, 117, 127, 127, 127, 127, 127, 127, 127, 127, 127, 127, 127, 127, 127, 127, 127, 124, 127, 96, 127, 71, 127, 49, 127, 34, 86, 29, 42, 36, -1, 55, -35, 81, -58, 108, -68, 127, -64, 127, -48, 127, -25, 127, 2, 127, 24, -128, 10, -128, -6, -128, -23, -128, -34, -128, -38, -115, -34, -88, -21, -64, 1, -44, 31, -30, 66, -22, 102, -20, 127, -23, 127, -29, 127, -33, 127, -39, 127, -45, 127, -49, 127, -48, 127, -44, 127, -39, 127, -32, 127, -25, 127, -17, 127, -7, 127, 1, 127]",esp32_2
CSI_DATA,138343,2025-08-27 15:35:20.981,0,sit,00:00:00:00:00:00,-65,11,0,0,0,0,0,0,0,0,0,-97,0,1,0,4132118452,0,14,0,0,0,104,0,"[0, 0, -128, 127, -128, 127, -128, 127, -128, 127, -128, 127, -115, 127, -93, 127, -86, 127, -78, 127, -86, 127, -98, 127, -115, 127, -126, 127, -128, 127, -128, 127, -128, 127, -126, 84, -100, 46, -69, 16, -25, -1, 19, -10, 57, -5, 83, 8, 101, 24, 109, 50, -90, -109, -95, -121, -94, -128, -95, -128, -89, -128, -98, -128, -87, -128, -87, -128, -86, -128, -98, -116, -96, -119, -98, -109, -111, -90, -119, -79, -123, -74, -112, -69, -109, -64, -103, -46, -101, -12, -90, 18, -91, 55, -96, 93, -101, 115, -120, 127, -128, 127, -128, 127]",esp32_1
CSI_DATA,141429,2025-08-27 15:35:20.999,0,sit,00:00:00:00:00:00,-40,11,0,0,0,0,0,0,0,0,0,-97,0,1,0,992373734,0,14,0,0,0,104,0,"[0, 0, 126, -128, 95, -128, 65, -128, 43, -128, 28, -128, 20, -128, 20, -128, 27, -128, 38, -128, 51, -128, 64, -128, 74, -128, 75, -128, 65, -128, 44, -93, 10, -53, -28, -26, -69, -16, -108, -20, -128, -35, -128, -58, -128, -85, -128, -112, -128, -128, -107, -128, 127, 127, 127, 127, 113, 127, 92, 127, 72, 127, 55, 119, 46, 86, 47, 51, 57, 13, 74, -25, 98, -59, 124, -85, 127, -104, 127, -121, 127, -128, 127, -128, 127, -128, 127, -128, 127, -128, 127, -128, 127, -128, 127, -128, 127, -128, 127, -128, 127, -128, 127, -128]",esp32_2
CSI_DATA,138344,2025-08-27 15:35:21.008,0,sit,00:00:00:00:00:00,-65,11,0,0,0,0,0,0,0,0,0,-97,0,1,0,4132128435,0,14,0,0,0,104,0,"[0, 0, 127, 79, 127, 82, 127, 75, 127, 63, 127, 43, 127, 25, 127, 10, 127, -3, 127, -9, 127, -11, 127, 3, 127, 16, 127, 27, 127, 45, 127, 56, 127, 72, 98, 68, 61, 56, 33, 40, 11, 15, -8, -7, -22, -39, -15, -60, -10, -85, 6, -95, -53, 109, -56, 107, -62, 109, -64, 109, -71, 111, -71, 110, -70, 106, -68, 106, -63, 107, -64, 104, -49, 108, -39, 109, -39, 96, -32, 103, -23, 101, -11, 108, -1, 98, 6, 93, 13, 67, 34, 61, 58, 45, 85, 36, 127, 41, 127, 38, 127, 44, 127, 57]",esp32_1
CSI_DATA,141430,2025-08-27 15:35:21.031,0,sit,00:00:00:00:00:00,-41,11,0,0,0,0,0,0,0,0,0,-97,0,1,0,992385278,0,14,0,0,0,104,0,"[0, 0, 127, -56, 127, -84, 127, -112, 127, -128, 127, -128, 127, -128, 127, -128, 127, -128, 127, -128, 127, -128, 127, -123, 127, -94, 127, -66, 127, -42, 93, -26, 44, -24, 0, -36, -34, -59, -58, -90, -67, -121, -63, -128, -47, -128, -22, -128, 9, -128, 33, -128, -18, 127, -32, 127, -48, 127, -57, 127, -60, 127, -54, 114, -36, 87, -9, 65, 25, 47, 65, 35, 105, 31, 127, 32, 127, 38, 127, 47, 127, 56, 127, 64, 127, 72, 127, 78, 127, 77, 127, 73, 127, 68, 127, 62, 127, 53, 127, 40, 127, 28, 127, 21]",esp32_2
CSI_DATA,138345,2025-08-27 15:35:21.041,0,sit,00:00:00:00:00:00,-65,11,0,0,0,0,0,0,0,0,0,-97,0,1,0,4132138439,0,14,0,0,0,104,0,"[0, 0, 127, 68, 127, 66, 127, 64, 127, 50, 127, 32, 127, 16, 127, -1, 127, -17, 127, -29, 127, -28, 127, -19, 127, -4, 127, 14, 127, 31, 127, 49, 127, 60, 102, 60, 65, 49, 36, 38, 5, 11, -13, -5, -22, -35, -23, -58, -21, -83, -4, -95, -50, 107, -54, 108, -59, 111, -63, 108, -65, 110, -69, 112, -64, 108, -70, 109, -59, 109, -56, 101, -41, 111, -35, 108, -36, 102, -28, 106, -21, 101, -8, 109, -1, 100, 10, 94, 20, 70, 38, 53, 60, 42, 88, 32, 127, 30, 127, 24, 127, 26, 127, 47]",esp32_1
CSI_DATA,138346,2025-08-27 15:35:21.064,0,sit,00:00:00:00:00:00,-65,11,0,0,0,0,0,0,0,0,0,-97,0,1,0,4132148453,0,14,0,0,0,104,0,"[0, 0, 94, -128, 97, -128, 86, -128, 74, -128, 55, -128, 27, -128, 2, -128, -13, -128, -20, -128, -22, -128, -16, -128, 1, -128, 20, -128, 49, -128, 66, -128, 78, -128, 87, -128, 81, -78, 58, -44, 26, -3, -12, 17, -49, 32, -78, 28, -101, 32, -115, 9, 127, 68, 127, 82, 127, 87, 127, 90, 127, 102, 127, 104, 126, 98, 127, 100, 126, 96, 127, 77, 122, 73, 123, 62, 127, 45, 127, 34, 127, 25, 121, 20, 114, 15, 103, -4, 95, -27, 76, -51, 55, -83, 49, -120, 37, -128, 46, -128, 52, -128, 52, -128]",esp32_1
CSI_DATA,141431,2025-08-27 15:35:21.064,0,sit,00:00:00:00:00:00,-41,11,0,0,0,0,0,0,0,0,0,-97,0,1,0,992393712,0,14,0,0,0,104,0,"[0, 0, 127, -9, 127, -40, 127, -72, 127, -100, 127, -120, 127, -128, 127, -128, 127, -128, 127, -124, 127, -106, 127, -82, 127, -55, 127, -32, 127, -15, 96, -10, 47, -16, 5, -35, -26, -64, -45, -99, -49, -128, -39, -128, -19, -128, 8, -128, 39, -128, 63, -128, -57, 127, -71, 127, -85, 127, -89, 127, -86, 127, -74, 103, -52, 79, -20, 61, 17, 50, 57, 46, 97, 50, 127, 58, 127, 71, 127, 86, 127, 98, 127, 109, 127, 120, 127, 127, 127, 127, 127, 123, 127, 117, 127, 111, 127, 104, 127, 92, 127, 79, 127, 69]",esp32_2
CSI_DATA,141432,2025-08-27 15:35:21.092,0,sit,00:00:00:00:00:00,-40,11,0,0,0,0,0,0,0,0,0,-97,0,1,0,992403748,0,14,0,0,0,104,0,"[0, 0, -128, 127, -128, 127, -107, 127, -87, 127, -73, 127, -67, 127, -70, 127, -80, 127, -94, 127, -107, 127, -116, 127, -118, 127, -110, 127, -91, 117, -61, 78, -22, 47, 20, 28, 63, 24, 100, 34, 126, 53, 127, 80, 127, 108, 123, 127, 98, 127, 75, 127, -110, -128, -94, -128, -71, -128, -51, -128, -35, -128, -25, -126, -26, -91, -34, -56, -50, -23, -75, 8, -106, 35, -128, 54, -128, 68, -128, 78, -128, 86, -128, 91, -128, 93, -128, 97, -128, 103, -128, 112, -128, 119, -128, 126, -128, 127, -128, 127, -128, 127, -128, 127]",esp32_2
CSI_DATA,138347,2025-08-27 15:35:21.096,0,sit,00:00:00:00:00:00,-65,11,0,0,0,0,0,0,0,0,0,-97,0,1,0,4132158502,0,14,0,0,0,104,0,"[0, 0, -128, 113, -128, 100, -128, 96, -128, 102, -128, 111, -128, 121, -128, 127, -128, 127, -128, 127, -128, 127, -128, 127, -128, 127, -128, 127, -128, 114, -128, 85, -128, 55, -122, 31, -88, 9, -56, -4, -20, -8, 16, -5, 41, 15, 59, 26, 69, 47, 71, 67, -37, -113, -35, -120, -34, -125, -34, -128, -28, -128, -29, -128, -27, -128, -27, -128, -29, -124, -36, -113, -44, -117, -51, -110, -53, -97, -60, -95, -62, -91, -68, -90, -66, -76, -67, -67, -69, -38, -77, -11, -82, 20, -94, 48, -117, 65, -128, 95, -128, 111, -128, 109]",esp32_1
CSI_DATA,138348,2025-08-27 15:35:21.119,0,sit,00:00:00:00:00:00,-65,11,0,0,0,0,0,0,0,0,0,-97,0,1,0,4132170022,0,14,0,0,0,104,0,"[0, 0, 127, -128, 127, -128, 127, -128, 127, -128, 121, -128, 102, -128, 93, -128, 78, -128, 79, -128, 82, -128, 90, -128, 101, -128, 109, -128, 127, -128, 127, -128, 118, -95, 109, -59, 85, -31, 55, -12, 21, 0, -17, 7, -42, 0, -67, -13, -82, -28, -87, -50, 84, 83, 83, 93, 83, 97, 84, 103, 83, 108, 81, 112, 72, 108, 78, 109, 77, 103, 77, 92, 82, 91, 86, 79, 89, 68, 97, 60, 93, 53, 94, 55, 90, 46, 82, 32, 76, 4, 75, -16, 70, -46, 74, -78, 85, -99, 97, -128, 112, -128, 127, -128]",esp32_1
CSI_DATA,141433,2025-08-27 15:35:21.121,0,sit,00:00:00:00:00:00,-41,11,0,0,0,0,0,0,0,0,0,-97,0,1,0,992413715,0,14,0,0,0,104,0,"[0, 0, 127, 50, 127, 18, 127, -14, 127, -40, 127, -58, 127, -70, 127, -73, 127, -68, 127, -56, 127, -39, 127, -18, 127, 3, 127, 16, 127, 21, 96, 14, 50, -4, 14, -32, -10, -68, -19, -106, -14, -128, 3, -128, 27, -128, 55, -128, 82, -128, 101, -128, -104, 127, -115, 127, -123, 127, -123, 127, -114, 106, -96, 83, -68, 65, -34, 55, 4, 54, 44, 60, 82, 72, 114, 88, 127, 106, 127, 127, 127, 127, 127, 127, 127, 127, 127, 127, 127, 127, 127, 127, 127, 127, 127, 127, 127, 127, 127, 127, 127, 127, 127, 127]",esp32_2
CSI_DATA,138349,2025-08-27 15:35:21.141,0,sit,00:00:00:00:00:00,-65,11,0,0,0,0,0,0,0,0,0,-97,0,1,0,4132178523,0,14,0,0,0,104,0,"[0, 0, 127, -27, 127, -19, 127, -22, 127, -30, 127, -39, 127, -56, 127, -72, 127, -91, 127, -106, 127, -107, 127, -101, 127, -79, 127, -68, 127, -45, 127, -22, 127, 5, 122, 17, 82, 26, 49, 20, 15, 11, -17, -5, -36, -25, -47, -48, -49, -81, -39, -89, -4, 120, -8, 120, -10, 127, -12, 127, -15, 127, -19, 127, -17, 127, -20, 127, -11, 127, -8, 119, 5, 123, 13, 119, 10, 108, 19, 108, 25, 100, 39, 112, 35, 101, 44, 84, 52, 58, 63, 38, 75, 12, 100, -13, 127, -22, 127, -43, 127, -49, 127, -35]",esp32_1
CSI_DATA,141434,2025-08-27 15:35:21.153,0,sit,00:00:00:00:00:00,-40,11,0,0,0,0,0,0,0,0,0,-97,0,1,0,992425663,0,14,0,0,0,104,0,"[0, 0, 127, 117, 127, 86, 127, 57, 127, 35, 127, 19, 127, 11, 127, 11, 127, 18, 127, 32, 127, 48, 127, 63, 127, 73, 127, 73, 127, 63, 94, 41, 55, 9, 29, -29, 19, -70, 22, -108, 36, -128, 59, -128, 86, -128, 112, -128, 127, -127, 127, -106, -128, 127, -128, 127, -128, 125, -128, 103, -128, 82, -113, 64, -81, 54, -46, 52, -9, 58, 30, 75, 64, 98, 91, 122, 111, 127, 127, 127, 127, 127, 127, 127, 127, 127, 127, 127, 127, 127, 127, 127, 127, 127, 127, 127, 127, 127, 127, 127, 127, 127, 127, 127]",esp32_2
CSI_DATA,138350,2025-08-27 15:35:21.162,0,sit,00:00:00:00:00:00,-64,11,0,0,0,0,0,0,0,0,0,-97,0,1,0,4132188441,0,14,0,0,0,104,0,"[0, 0, 127, -37, 127, -30, 127, -26, 127, -36, 127, -43, 127, -63, 127, -78, 127, -96, 127, -112, 127, -112, 127, -106, 127, -94, 127, -77, 127, -56, 127, -29, 127, -6, 123, 14, 84, 20, 51, 19, 14, 10, -18, -7, -35, -27, -47, -46, -49, -74, -42, -93, 2, 120, -5, 124, -4, 127, -10, 127, -14, 127, -16, 127, -19, 127, -14, 127, -9, 127, -2, 119, 9, 122, 14, 120, 14, 106, 26, 105, 29, 105, 38, 105, 42, 96, 48, 79, 55, 54, 61, 33, 80, 9, 104, -10, 127, -26, 127, -46, 127, -56, 127, -46]",esp32_1
CSI_DATA,141435,2025-08-27 15:35:21.173,0,sit,00:00:00:00:00:00,-40,11,0,0,0,0,0,0,0,0,0,-97,0,1,0,992433754,0,14,0,0,0,104,0,"[0, 0, 127, 127, 127, 127, 127, 127, 127, 127, 127, 121, 127, 118, 127, 122, 127, 127, 127, 127, 127, 127, 127, 127, 127, 127, 127, 127, 104, 110, 70, 74, 45, 30, 34, -17, 40, -59, 59, -93, 83, -116, 111, -124, 127, -117, 127, -98, 127, -71, 127, -46, -128, 100, -128, 82, -128, 59, -128, 39, -128, 24, -128, 16, -98, 18, -64, 30, -31, 51, -1, 80, 23, 114, 40, 127, 50, 127, 58, 127, 63, 127, 64, 127, 64, 127, 68, 127, 72, 127, 76, 127, 82, 127, 90, 127, 100, 127, 110, 127, 118, 127, 122, 127]",esp32_2
CSI_DATA,138351,2025-08-27 15:35:21.185,0,sit,00:00:00:00:00:00,-65,11,0,0,0,0,0,0,0,0,0,-97,0,1,0,4132198453,0,14,0,0,0,104,0,"[0, 0, -128, -46, -128, -49, -128, -53, -128, -37, -128, -17, -128, -3, -128, 15, -128, 31, -128, 40, -128, 43, -128, 29, -128, 17, -128, 1, -128, -24, -128, -39, -128, -54, -112, -53, -75, -53, -38, -39, -11, -15, 10, 4, 23, 35, 27, 56, 22, 87, 5, 103, 32, -117, 42, -124, 41, -128, 43, -125, 52, -128, 53, -126, 50, -121, 50, -125, 47, -122, 45, -118, 29, -122, 20, -119, 18, -113, 13, -110, 10, -109, -8, -114, -14, -106, -23, -90, -31, -67, -47, -57, -70, -35, -99, -23, -128, -20, -128, -9, -128, -11, -128, -24]",esp32_1
CSI_DATA,138352,2025-08-27 15:35:21.205,0,sit,00:00:00:00:00:00,-64,11,0,0,0,0,0,0,0,0,0,-97,0,1,0,4132208439,0,14,0,0,0,104,0,"[0, 0, -128, -72, -128, -75, -128, -72, -128, -57, -128, -43, -128, -27, -128, -13, -128, 4, -128, 7, -128, 11, -128, 2, -128, -13, -128, -23, -128, -46, -128, -57, -120, -64, -92, -64, -59, -56, -27, -39, -4, -16, 10, 4, 16, 35, 18, 56, 11, 80, 0, 88, 45, -100, 53, -104, 53, -103, 56, -108, 61, -107, 69, -103, 64, -96, 64, -100, 58, -98, 55, -95, 40, -103, 31, -105, 34, -99, 24, -98, 21, -97, 6, -102, -2, -92, -9, -83, -17, -67, -36, -54, -58, -43, -80, -32, -119, -34, -128, -32, -128, -34, -128, -52]",esp32_1
CSI_DATA,138353,2025-08-27 15:35:21.226,0,sit,00:00:00:00:00:00,-65,11,0,0,0,0,0,0,0,0,0,-97,0,1,0,4132218456,0,14,0,0,0,104,0,"[0, 0, 127, 127, 127, 127, 127, 127, 127, 127, 127, 113, 127, 93, 127, 84, 127, 70, 127, 62, 127, 67, 127, 84, 127, 97, 127, 106, 127, 117, 127, 119, 100, 114, 69, 100, 35, 79, 15, 48, -2, 15, -7, -14, 0, -42, 12, -63, 26, -84, 45, -89, -83, 91, -94, 90, -93, 83, -99, 85, -102, 85, -108, 87, -103, 78, -103, 81, -98, 79, -92, 85, -77, 89, -69, 97, -77, 91, -67, 97, -61, 99, -44, 101, -40, 100, -22, 91, -11, 77, 9, 71, 40, 68, 69, 70, 111, 78, 127, 93, 127, 105, 127, 127]",esp32_1
CSI_DATA,138354,2025-08-27 15:35:21.249,0,sit,00:00:00:00:00:00,-65,11,0,0,0,0,0,0,0,0,0,-97,0,1,0,4132253464,0,14,0,0,0,104,0,"[0, 0, 127, -48, 127, -46, 127, -39, 127, -48, 127, -60, 127, -72, 127, -90, 127, -104, 127, -120, 127, -121, 127, -118, 127, -106, 127, -91, 127, -71, 127, -45, 127, -10, 119, 6, 83, 17, 47, 20, 13, 16, -17, 3, -43, -19, -50, -34, -59, -63, -53, -79, 6, 115, 4, 118, -2, 125, -6, 127, -6, 127, -9, 127, -11, 127, -10, 127, -9, 127, -2, 117, 6, 115, 12, 112, 17, 101, 26, 99, 31, 94, 37, 96, 43, 84, 48, 74, 55, 45, 65, 25, 83, 3, 98, -23, 127, -34, 127, -57, 127, -61, 127, -55]",esp32_1
CSI_DATA,141437,2025-08-27 15:35:21.271,0,sit,00:00:00:00:00:00,-40,11,0,0,0,0,0,0,0,0,0,-97,0,1,0,992453876,0,14,0,0,0,104,0,"[0, 0, -128, -128, -128, -128, -128, -128, -128, -128, -128, -128, -128, -128, -128, -128, -128, -128, -128, -128, -128, -128, -128, -128, -128, -128, -128, -128, -100, -120, -66, -80, -43, -32, -33, 15, -40, 57, -60, 92, -86, 115, -117, 121, -128, 113, -128, 94, -128, 66, -128, 40, 127, -78, 127, -60, 127, -39, 127, -21, 127, -8, 127, -3, 97, -8, 65, -24, 34, -49, 6, -81, -15, -116, -28, -128, -35, -128, -39, -128, -43, -128, -44, -128, -43, -128, -44, -128, -48, -128, -55, -128, -63, -128, -71, -128, -79, -128, -89, -128, -97, -128, -100, -128]",esp32_2
CSI_DATA,138355,2025-08-27 15:35:21.272,0,sit,00:00:00:00:00:00,-64,11,0,0,0,0,0,0,0,0,0,-97,0,1,0,4132291263,0,14,0,0,0,104,0,"[0, 0, -5, 127, -10, 127, 1, 127, 8, 127, 19, 127, 34, 127, 55, 127, 71, 127, 78, 127, 82, 127, 81, 127, 68, 127, 54, 127, 24, 127, 6, 127, -12, 127, -30, 110, -33, 77, -30, 38, -19, 8, 5, -14, 27, -30, 47, -40, 66, -47, 81, -37, -111, -11, -119, -22, -116, -27, -123, -29, -121, -31, -124, -38, -116, -36, -117, -36, -111, -33, -112, -19, -107, -13, -106, -4, -110, 4, -112, 10, -111, 12, -91, 17, -87, 23, -73, 30, -67, 41, -45, 54, -25, 73, -10, 98, 15, 118, 17, 127, 22, 127, 27, 127]",esp32_1
CSI_DATA,138356,2025-08-27 15:35:21.296,0,sit,00:00:00:00:00:00,-65,11,0,0,0,0,0,0,0,0,0,-97,0,1,0,4132340655,0,14,0,0,0,104,0,"[0, 0, -128, 127, -128, 127, -119, 127, -102, 127, -86, 127, -72, 127, -56, 127, -49, 127, -44, 127, -45, 127, -49, 127, -70, 127, -77, 127, -97, 127, -101, 127, -95, 114, -95, 79, -75, 39, -50, 20, -23, 3, 14, -11, 43, -12, 68, -8, 82, 7, 91, 24, -90, -76, -88, -86, -89, -94, -89, -97, -87, -102, -85, -105, -85, -96, -83, -103, -81, -95, -89, -85, -86, -85, -89, -77, -88, -62, -96, -54, -101, -50, -98, -47, -86, -37, -83, -28, -77, 2, -66, 23, -63, 52, -60, 83, -64, 111, -74, 127, -89, 127, -102, 127]",esp32_1
CSI_DATA,141438,2025-08-27 15:35:21.296,0,sit,00:00:00:00:00:00,-40,11,0,0,0,0,0,0,0,0,0,-97,0,1,0,992469101,0,14,0,0,0,104,0,"[0, 0, -125, -128, -128, -128, -128, -128, -128, -128, -128, -128, -128, -128, -128, -128, -128, -128, -128, -128, -128, -128, -128, -128, -128, -128, -124, -128, -88, -126, -59, -85, -41, -35, -36, 11, -47, 52, -68, 86, -95, 106, -126, 111, -128, 102, -128, 81, -128, 52, -128, 26, 127, -35, 127, -18, 127, 1, 127, 16, 127, 25, 127, 24, 94, 12, 65, -10, 39, -39, 17, -75, 3, -114, -4, -128, -6, -128, -6, -128, -5, -128, -3, -128, 0, -128, 0, -128, -3, -128, -9, -128, -17, -128, -25, -128, -33, -128, -42, -128, -52, -128, -60, -128]",esp32_2
CSI_DATA,138357,2025-08-27 15:35:21.318,0,sit,00:00:00:00:00:00,-65,11,0,0,0,0,0,0,0,0,0,-97,0,1,0,4132365844,0,14,0,0,0,104,0,"[0, 0, -128, -7, -128, -12, -128, -14, -128, 2, -128, 17, -128, 33, -128, 54, -128, 71, -128, 80, -128, 88, -128, 82, -128, 74, -128, 58, -128, 34, -128, 12, -128, -9, -116, -23, -79, -32, -47, -29, -10, -16, 17, -2, 36, 20, 46, 41, 52, 68, 45, 85, 39, -109, 48, -117, 45, -115, 49, -117, 55, -123, 61, -121, 58, -116, 58, -118, 46, -115, 42, -110, 27, -113, 16, -115, 17, -103, 9, -103, -2, -102, -11, -104, -17, -96, -27, -84, -36, -60, -47, -40, -72, -24, -94, -3, -128, 3, -128, 20, -128, 18, -128, 7]",esp32_1
CSI_DATA,141439,2025-08-27 15:35:21.318,0,sit,00:00:00:00:00:00,-40,11,0,0,0,0,0,0,0,0,0,-97,0,1,0,992473726,0,14,0,0,0,104,0,"[0, 0, -128, 127, -128, 127, -126, 127, -108, 127, -99, 127, -94, 127, -97, 127, -107, 127, -117, 127, -125, 127, -128, 127, -128, 127, -124, 127, -101, 116, -68, 77, -26, 49, 17, 32, 61, 31, 100, 45, 126, 67, 127, 94, 127, 121, 122, 127, 94, 127, 69, 127, -100, -128, -83, -128, -62, -128, -44, -128, -30, -128, -20, -128, -20, -97, -31, -61, -51, -27, -80, 3, -113, 28, -128, 47, -128, 59, -128, 66, -128, 72, -128, 76, -128, 79, -128, 82, -128, 87, -128, 92, -128, 100, -128, 110, -128, 122, -128, 127, -128, 127, -128, 127]",esp32_2
CSI_DATA,138358,2025-08-27 15:35:21.344,0,sit,00:00:00:00:00:00,-65,11,0,0,0,0,0,0,0,0,0,-97,0,1,0,4132400036,0,14,0,0,0,104,0,"[0, 0, -70, 127, -72, 127, -62, 127, -50, 127, -26, 127, -6, 127, 15, 127, 33, 127, 36, 127, 25, 127, 24, 127, 11, 127, 2, 127, -18, 127, -36, 127, -48, 127, -56, 102, -53, 67, -39, 32, -19, 6, 5, -15, 37, -27, 59, -32, 76, -29, 93, -22, -98, -64, -101, -66, -103, -76, -99, -76, -102, -85, -105, -83, -103, -79, -98, -77, -95, -71, -107, -66, -98, -59, -94, -54, -105, -45, -106, -34, -102, -28, -102, -18, -84, -16, -81, 0, -73, 17, -62, 36, -41, 65, -31, 94, -25, 127, -35, 127, -38, 127, -40, 127]",esp32_1
CSI_DATA,141440,2025-08-27 15:35:21.350,0,sit,00:00:00:00:00:00,-41,11,0,0,0,0,0,0,0,0,0,-97,0,1,0,992483684,0,14,0,0,0,104,0,"[0, 0, -128, -114, -128, -83, -128, -54, -128, -33, -128, -18, -128, -11, -128, -11, -128, -18, -128, -31, -128, -44, -128, -58, -128, -67, -128, -69, -128, -62, -90, -42, -50, -11, -24, 27, -12, 66, -14, 103, -27, 127, -50, 127, -76, 127, -101, 127, -124, 127, -128, 110, 127, -128, 127, -128, 127, -112, 127, -90, 127, -70, 114, -53, 82, -45, 48, -46, 12, -55, -26, -72, -60, -95, -86, -118, -106, -128, -123, -128, -128, -128, -128, -128, -128, -128, -128, -128, -128, -128, -128, -128, -128, -128, -128, -128, -128, -128, -128, -128, -128, -128, -128, -128]",esp32_2
CSI_DATA,138359,2025-08-27 15:35:21.361,0,sit,00:00:00:00:00:00,-64,11,0,0,0,0,0,0,0,0,0,-97,0,1,0,4132424454,0,14,0,0,0,104,0,"[0, 0, 9, 127, 4, 127, 10, 127, 17, 127, 38, 127, 64, 127, 76, 127, 94, 127, 89, 127, 75, 127, 78, 127, 61, 127, 62, 127, 36, 127, 11, 127, -3, 127, -24, 110, -27, 74, -23, 38, -16, 10, 2, -18, 24, -31, 46, -39, 67, -47, 82, -42, -116, -12, -120, -10, -119, -20, -122, -27, -127, -27, -127, -30, -124, -19, -120, -22, -114, -16, -115, -14, -107, -20, -102, -8, -106, 3, -105, 7, -102, 19, -90, 28, -76, 32, -72, 37, -56, 46, -31, 59, -11, 75, 9, 96, 23, 122, 19, 127, 23, 127, 39, 127]",esp32_1
CSI_DATA,138360,2025-08-27 15:35:21.382,0,sit,00:00:00:00:00:00,-64,11,0,0,0,0,0,0,0,0,0,-97,0,1,0,4132460146,0,14,0,0,0,104,0,"[0, 0, -95, 127, -94, 127, -76, 127, -67, 127, -52, 127, -38, 127, -11, 127, -6, 127, 13, 127, 17, 127, 11, 127, -1, 127, -16, 127, -57, 127, -66, 127, -65, 123, -65, 82, -55, 55, -45, 31, -19, 3, 8, -11, 35, -25, 54, -24, 72, -22, 85, -12, -92, -64, -95, -73, -92, -82, -90, -83, -92, -89, -89, -86, -81, -85, -93, -83, -81, -84, -95, -66, -90, -54, -94, -51, -103, -37, -108, -36, -102, -35, -91, -30, -80, -20, -73, -9, -69, 9, -61, 25, -48, 58, -49, 83, -23, 119, -37, 127, -45, 127, -42, 127]",esp32_1
CSI_DATA,141441,2025-08-27 15:35:21.382,0,sit,00:00:00:00:00:00,-41,11,0,0,0,0,0,0,0,0,0,-97,0,1,0,992493714,0,14,0,0,0,104,0,"[0, 0, 110, 127, 127, 127, 127, 127, 127, 127, 127, 127, 127, 127, 127, 127, 127, 127, 127, 127, 127, 127, 127, 127, 127, 127, 105, 127, 74, 122, 49, 81, 34, 36, 32, -9, 45, -50, 67, -81, 94, -97, 124, -101, 127, -92, 127, -71, 127, -42, 127, -17, -128, 32, -128, 15, -128, -4, -128, -18, -128, -26, -123, -24, -93, -12, -64, 8, -40, 37, -20, 73, -6, 110, 0, 127, 1, 127, -1, 127, -4, 127, -6, 127, -9, 127, -10, 127, -9, 127, -6, 127, 1, 127, 10, 127, 20, 127, 31, 127, 42, 127, 48, 127]",esp32_2
CSI_DATA,138361,2025-08-27 15:35:21.407,0,sit,00:00:00:00:00:00,-64,11,0,0,0,0,0,0,0,0,0,-97,0,1,0,4132486837,0,14,0,0,0,104,0,"[0, 0, 73, 127, 73, 127, 74, 127, 72, 127, 91, 127, 100, 127, 121, 127, 127, 124, 127, 127, 127, 127, 127, 127, 127, 127, 126, 127, 96, 127, 69, 127, 45, 127, 15, 111, 4, 74, -9, 48, -11, 14, -5, -9, 12, -38, 29, -50, 50, -65, 62, -68, -109, 18, -125, 19, -115, 13, -128, 11, -126, 6, -128, 7, -119, 12, -121, 13, -113, 18, -114, 18, -102, 15, -104, 23, -103, 24, -104, 34, -101, 47, -77, 50, -72, 50, -54, 58, -46, 54, -21, 57, 10, 67, 37, 87, 58, 105, 60, 127, 77, 127, 91, 127]",esp32_1
CSI_DATA,141442,2025-08-27 15:35:21.407,0,sit,00:00:00:00:00:00,-40,11,0,0,0,0,0,0,0,0,0,-97,0,1,0,992505153,0,14,0,0,0,104,0,"[0, 0, 79, 127, 106, 127, 127, 127, 127, 127, 127, 127, 127, 127, 127, 127, 127, 127, 127, 127, 127, 127, 127, 127, 113, 127, 84, 127, 58, 127, 39, 91, 30, 43, 35, -3, 53, -42, 79, -71, 107, -84, 127, -83, 127, -70, 127, -46, 127, -16, 127, 7, -128, -5, -128, -21, -128, -37, -128, -48, -128, -51, -119, -44, -91, -26, -66, -1, -46, 32, -32, 70, -25, 109, -24, 127, -29, 127, -36, 127, -42, 127, -49, 127, -56, 127, -59, 127, -58, 127, -52, 127, -45, 127, -38, 127, -31, 127, -20, 127, -7, 127, 3, 127]",esp32_2
CSI_DATA,138362,2025-08-27 15:35:21.436,0,sit,00:00:00:00:00:00,-64,11,0,0,0,0,0,0,0,0,0,-97,0,1,0,4132522916,0,14,0,0,0,104,0,"[0, 0, 127, -61, 127, -55, 127, -49, 127, -56, 127, -63, 127, -76, 127, -91, 127, -109, 127, -117, 127, -126, 127, -119, 127, -110, 127, -94, 127, -73, 127, -48, 127, -24, 118, -1, 82, 11, 49, 14, 16, 11, -17, 3, -36, -15, -51, -33, -58, -59, -52, -72, 7, 110, 5, 116, 4, 121, -1, 125, -7, 127, -9, 127, -9, 124, -10, 122, -2, 123, 2, 111, 10, 115, 22, 112, 20, 96, 29, 99, 31, 88, 37, 90, 37, 84, 42, 70, 48, 41, 62, 19, 72, -6, 92, -29, 118, -38, 127, -64, 127, -76, 127, -66]",esp32_1
CSI_DATA,141443,2025-08-27 15:35:21.439,0,sit,00:00:00:00:00:00,-40,11,0,0,0,0,0,0,0,0,0,-97,0,1,0,992515238,0,14,0,0,0,104,0,"[0, 0, 61, 127, 83, 127, 110, 127, 127, 127, 127, 127, 127, 127, 127, 127, 127, 127, 127, 127, 127, 127, 124, 127, 97, 127, 71, 127, 48, 110, 30, 73, 21, 31, 22, -8, 35, -40, 56, -65, 81, -79, 106, -81, 126, -72, 127, -53, 127, -29, 127, -8, -128, -27, -128, -39, -128, -51, -128, -58, -115, -58, -92, -50, -69, -34, -49, -10, -34, 18, -25, 51, -21, 84, -22, 113, -27, 127, -34, 127, -40, 127, -46, 127, -52, 127, -54, 127, -52, 127, -48, 127, -43, 127, -36, 127, -27, 127, -16, 127, -4, 127, 4, 127]",esp32_2
CSI_DATA,138363,2025-08-27 15:35:21.455,0,sit,00:00:00:00:00:00,-65,11,0,0,0,0,0,0,0,0,0,-97,0,1,0,4132548624,0,14,0,28,123,104,0,"[0, 0, 127, -54, 127, -40, 127, -40, 127, -49, 127, -56, 127, -74, 127, -92, 127, -109, 127, -122, 127, -128, 127, -127, 127, -117, 127, -98, 127, -79, 127, -52, 127, -22, 119, -4, 85, 13, 53, 16, 16, 12, -16, 7, -45, -12, -58, -33, -66, -55, -63, -73, -11, 118, -17, 120, -21, 126, -27, 126, -25, 127, -32, 125, -33, 127, -30, 125, -21, 125, -19, 116, -2, 116, 3, 116, 9, 102, 15, 103, 23, 94, 26, 97, 29, 86, 38, 77, 43, 44, 55, 26, 70, 0, 93, -22, 122, -34, 127, -60, 127, -66, 127, -59]",esp32_1
CSI_DATA,138364,2025-08-27 15:35:21.472,0,sit,00:00:00:00:00:00,-65,11,0,0,0,0,0,0,0,0,0,-97,0,1,0,4132585204,0,14,0,28,123,104,0,"[0, 0, 127, 127, 127, 127, 127, 127, 127, 124, 127, 99, 127, 81, 127, 63, 127, 52, 127, 48, 127, 46, 127, 62, 127, 69, 127, 82, 127, 97, 127, 99, 108, 100, 75, 94, 39, 73, 14, 49, -7, 20, -16, -7, -18, -42, -12, -62, -4, -87, 18, -97, -104, 62, -110, 62, -110, 62, -114, 57, -119, 58, -124, 56, -118, 51, -114, 53, -107, 57, -103, 58, -91, 66, -82, 73, -83, 65, -80, 73, -67, 75, -53, 82, -47, 81, -29, 74, -12, 65, 9, 64, 42, 56, 69, 61, 111, 72, 127, 84, 127, 98, 127, 126]",esp32_1
CSI_DATA,138365,2025-08-27 15:35:21.502,0,sit,00:00:00:00:00:00,-64,11,0,0,0,0,0,0,0,0,0,-97,0,1,0,4132632017,0,14,0,0,0,104,0,"[0, 0, -92, 127, -99, 127, -69, 127, -72, 127, -47, 127, -32, 127, -16, 127, 1, 127, 4, 127, 11, 127, 5, 127, -8, 127, -15, 127, -37, 127, -50, 127, -51, 126, -69, 101, -56, 61, -44, 30, -24, 3, 6, -17, 32, -23, 52, -27, 73, -28, 91, -15, -82, -73, -92, -87, -79, -87, -91, -99, -78, -92, -88, -106, -81, -94, -79, -90, -80, -91, -77, -75, -81, -69, -85, -65, -91, -50, -99, -46, -101, -41, -82, -31, -81, -29, -69, -11, -69, 6, -58, 31, -48, 51, -44, 88, -33, 103, -49, 127, -55, 127, -62, 127]",esp32_1
CSI_DATA,138366,2025-08-27 15:35:21.525,0,sit,00:00:00:00:00:00,-64,11,0,0,0,0,0,0,0,0,0,-97,0,1,0,4132656497,0,14,0,0,0,104,0,"[0, 0, -128, -128, -128, -128, -128, -128, -128, -119, -128, -96, -128, -79, -128, -56, -128, -46, -128, -31, -128, -35, -128, -48, -128, -59, -128, -68, -128, -92, -128, -100, -122, -95, -84, -93, -56, -72, -25, -52, 1, -20, 12, 2, 24, 40, 19, 63, 9, 90, -3, 103, 108, -63, 119, -68, 115, -61, 122, -66, 127, -62, 127, -62, 117, -55, 116, -65, 114, -60, 108, -64, 92, -74, 88, -82, 86, -73, 81, -85, 75, -90, 57, -88, 47, -90, 29, -81, 9, -67, -10, -64, -47, -58, -76, -65, -121, -67, -128, -78, -128, -101, -128, -123]",esp32_1
CSI_DATA,141445,2025-08-27 15:35:21.525,0,sit,00:00:00:00:00:00,-40,11,0,0,0,0,0,0,0,0,0,-97,0,1,0,992533705,0,14,0,0,0,104,0,"[0, 0, -128, -66, -128, -37, -128, -7, -128, 16, -128, 32, -128, 40, -128, 41, -128, 35, -128, 24, -128, 10, -128, -7, -128, -24, -128, -33, -128, -35, -94, -24, -51, -1, -20, 30, -4, 65, 1, 100, -8, 127, -27, 127, -50, 127, -75, 127, -99, 127, -115, 122, 99, -128, 109, -128, 115, -128, 115, -125, 108, -103, 92, -82, 65, -65, 33, -57, -3, -55, -42, -62, -78, -74, -108, -90, -128, -110, -128, -128, -128, -128, -128, -128, -128, -128, -128, -128, -128, -128, -128, -128, -128, -128, -128, -128, -128, -128, -128, -128, -128, -128, -128, -128]",esp32_2
CSI_DATA,138367,2025-08-27 15:35:21.547,0,sit,00:00:00:00:00:00,-65,11,0,0,0,0,0,0,0,0,0,-97,0,1,0,4132684168,0,14,0,0,0,104,0,"[0, 0, -128, -128, -128, -128, -128, -128, -128, -128, -125, -128, -128, -128, -128, -116, -128, -114, -128, -110, -128, -110, -128, -125, -128, -128, -128, -128, -128, -128, -111, -128, -76, -128, -45, -113, -12, -82, 2, -53, 11, -18, 12, 12, 1, 45, -13, 63, -30, 86, -50, 90, 112, -57, 123, -55, 123, -51, 127, -51, 127, -46, 127, -43, 127, -33, 127, -34, 122, -35, 119, -42, 107, -51, 99, -57, 98, -55, 91, -63, 86, -66, 65, -76, 58, -75, 42, -80, 27, -72, 4, -75, -28, -78, -55, -86, -91, -103, -111, -124, -128, -128, -128, -128]",esp32_1
CSI_DATA,141446,2025-08-27 15:35:21.567,0,sit,00:00:00:00:00:00,-40,11,0,0,0,0,0,0,0,0,0,-97,0,1,0,992543725,0,14,0,0,0,104,0,"[0, 0, 127, 109, 127, 80, 127, 52, 127, 31, 127, 17, 127, 9, 127, 10, 127, 18, 127, 29, 127, 42, 127, 57, 127, 68, 127, 69, 127, 60, 87, 40, 50, 9, 24, -27, 14, -65, 16, -100, 30, -128, 52, -128, 77, -128, 101, -128, 122, -123, 127, -102, -128, 127, -128, 127, -128, 114, -128, 92, -128, 73, -108, 57, -79, 48, -47, 47, -11, 53, 26, 68, 59, 90, 85, 113, 104, 127, 121, 127, 127, 127, 127, 127, 127, 127, 127, 127, 127, 127, 127, 127, 127, 127, 127, 127, 127, 127, 127, 127, 127, 127, 127, 127]",esp32_2
CSI_DATA,138368,2025-08-27 15:35:21.568,0,sit,00:00:00:00:00:00,-64,11,0,0,0,0,0,0,0,0,0,-97,0,1,0,4132719336,0,14,0,0,0,104,0,"[0, 0, 98, 127, 91, 127, 92, 127, 97, 127, 103, 127, 109, 127, 127, 120, 127, 110, 127, 110, 127, 113, 127, 125, 127, 127, 127, 127, 115, 127, 95, 127, 60, 127, 33, 108, 7, 79, -5, 48, -11, 17, -8, -15, 3, -42, 13, -62, 24, -75, 44, -79, -111, 22, -120, 16, -122, 9, -126, 7, -124, 5, -128, 3, -123, 2, -124, 1, -113, 7, -110, 19, -103, 25, -100, 31, -102, 36, -98, 44, -95, 48, -75, 46, -71, 45, -53, 50, -42, 54, -15, 59, 15, 66, 38, 85, 68, 94, 88, 127, 103, 127, 117, 127]",esp32_1
CSI_DATA,138369,2025-08-27 15:35:21.591,0,sit,00:00:00:00:00:00,-64,11,0,0,0,0,0,0,0,0,0,-97,0,1,0,4132744079,0,14,0,0,0,104,0,"[0, 0, 127, -128, 127, -128, 127, -128, 127, -128, 127, -128, 125, -128, 109, -128, 104, -128, 102, -128, 103, -128, 106, -128, 115, -128, 127, -128, 127, -128, 127, -119, 127, -84, 119, -53, 86, -23, 56, -4, 20, 10, -18, 13, -51, 8, -73, -2, -89, -24, -93, -39, 41, 117, 38, 122, 39, 127, 34, 127, 34, 127, 31, 127, 28, 127, 27, 127, 29, 127, 35, 113, 46, 117, 47, 110, 52, 87, 64, 87, 67, 81, 67, 77, 68, 66, 67, 55, 70, 21, 73, -4, 73, -30, 86, -65, 105, -89, 123, -122, 127, -128, 127, -128]",esp32_1
CSI_DATA,141447,2025-08-27 15:35:21.599,0,sit,00:00:00:00:00:00,-40,11,0,0,0,0,0,0,0,0,0,-97,0,1,0,992553732,0,14,0,0,0,104,0,"[0, 0, 127, -128, 127, -128, 127, -128, 127, -128, 127, -128, 127, -128, 127, -128, 127, -128, 127, -128, 127, -128, 127, -128, 127, -128, 127, -122, 113, -87, 77, -59, 33, -40, -10, -34, -50, -42, -82, -62, -100, -87, -106, -115, -101, -128, -82, -128, -54, -128, -29, -128, 67, 127, 50, 127, 29, 127, 13, 127, 2, 127, -3, 122, 3, 92, 18, 62, 42, 34, 74, 8, 108, -11, 127, -22, 127, -28, 127, -30, 127, -30, 127, -29, 127, -27, 127, -27, 127, -30, 127, -33, 127, -39, 127, -47, 127, -59, 127, -74, 127, -84, 127, -87]",esp32_2
CSI_DATA,138370,2025-08-27 15:35:21.615,0,sit,00:00:00:00:00:00,-65,11,0,0,0,0,0,0,0,0,0,-97,0,1,0,4132783781,0,14,0,0,0,104,0,"[0, 0, 127, 107, 127, 111, 127, 101, 127, 88, 127, 60, 127, 35, 127, 12, 127, -6, 127, -22, 127, -23, 127, -16, 127, 0, 127, 15, 127, 37, 127, 58, 127, 74, 127, 77, 77, 69, 31, 49, -2, 21, -28, -4, -41, -34, -46, -65, -43, -100, -28, -119, -103, 113, -114, 114, -114, 108, -117, 117, -128, 110, -128, 107, -117, 107, -123, 107, -119, 107, -105, 106, -89, 111, -79, 117, -76, 108, -62, 111, -55, 107, -34, 113, -26, 112, -5, 102, 6, 76, 33, 65, 68, 53, 111, 48, 127, 52, 127, 50, 127, 63, 127, 82]",esp32_1
CSI_DATA,141448,2025-08-27 15:35:21.626,0,sit,00:00:00:00:00:00,-40,11,0,0,0,0,0,0,0,0,0,-97,0,1,0,992563726,0,14,0,0,0,104,0,"[0, 0, 127, -15, 127, -45, 127, -75, 127, -100, 127, -119, 127, -128, 127, -128, 127, -128, 127, -122, 127, -106, 127, -81, 127, -55, 127, -32, 127, -18, 96, -13, 50, -19, 9, -36, -21, -63, -38, -95, -41, -126, -32, -128, -14, -128, 12, -128, 40, -128, 61, -128, -44, 127, -58, 127, -72, 127, -78, 127, -77, 127, -66, 103, -46, 80, -17, 63, 18, 52, 57, 47, 96, 49, 127, 55, 127, 65, 127, 78, 127, 92, 127, 103, 127, 114, 127, 122, 127, 124, 127, 123, 127, 118, 127, 112, 127, 103, 127, 89, 127, 73, 127, 62]",esp32_2
CSI_DATA,138371,2025-08-27 15:35:21.637,0,sit,00:00:00:00:00:00,-64,11,0,0,0,0,0,0,0,0,0,-97,0,1,0,4132829781,0,14,0,0,0,104,0,"[0, 0, 18, -128, 23, -128, 12, -128, 3, -128, -7, -128, -27, -128, -45, -128, -62, -128, -74, -128, -83, -128, -77, -128, -71, -128, -53, -128, -26, -128, -5, -128, 7, -128, 31, -105, 33, -74, 34, -43, 16, -9, -1, 16, -25, 34, -43, 45, -62, 52, -80, 43, 105, 40, 109, 45, 107, 57, 113, 57, 112, 59, 111, 63, 106, 63, 104, 59, 99, 55, 106, 41, 99, 36, 99, 24, 103, 23, 108, 15, 103, 8, 88, 1, 77, -7, 71, -17, 60, -29, 46, -45, 23, -65, 9, -88, -10, -119, -13, -128, -10, -128, -12, -128]",esp32_1
CSI_DATA,141449,2025-08-27 15:35:21.648,0,sit,00:00:00:00:00:00,-40,11,0,0,0,0,0,0,0,0,0,-97,0,1,0,992573751,0,14,0,0,0,104,0,"[0, 0, -33, 127, 0, 127, 35, 127, 62, 127, 82, 127, 95, 127, 100, 127, 96, 127, 84, 127, 64, 127, 39, 127, 15, 127, -2, 127, -10, 127, -8, 107, 8, 56, 35, 15, 70, -13, 108, -27, 127, -25, 127, -10, 127, 13, 127, 42, 127, 72, 127, 94, -128, -95, -128, -107, -128, -118, -128, -120, -124, -114, -100, -95, -79, -66, -65, -32, -60, 8, -63, 52, -73, 95, -87, 127, -106, 127, -127, 127, -128, 127, -128, 127, -128, 127, -128, 127, -128, 127, -128, 127, -128, 127, -128, 127, -128, 127, -128, 127, -128, 127, -122, 127]",esp32_2
CSI_DATA,138372,2025-08-27 15:35:21.658,0,sit,00:00:00:00:00:00,-65,11,0,0,0,0,0,0,0,0,0,-97,0,1,0,4132865666,0,14,0,0,0,104,0,"[0, 0, 127, -126, 127, -120, 127, -116, 127, -111, 127, -128, 126, -128, 109, -128, 112, -128, 99, -128, 102, -128, 115, -128, 127, -128, 127, -128, 127, -128, 127, -110, 118, -80, 114, -44, 84, -27, 63, -4, 18, 13, -17, 12, -48, 8, -69, -4, -84, -19, -89, -39, 25, 117, 24, 127, 17, 127, 16, 127, 14, 127, 16, 127, 11, 127, 15, 127, 18, 127, 31, 115, 24, 111, 36, 108, 50, 100, 59, 98, 60, 93, 50, 78, 52, 72, 51, 49, 63, 28, 67, 8, 72, -30, 92, -54, 93, -80, 127, -108, 127, -128, 127, -128]",esp32_1
CSI_DATA,138373,2025-08-27 15:35:21.680,0,sit,00:00:00:00:00:00,-65,11,0,0,0,0,0,0,0,0,0,-97,0,1,0,4132889857,0,14,0,0,0,104,0,"[0, 0, -81, 127, -83, 127, -72, 127, -55, 127, -41, 127, -20, 127, 0, 127, 19, 127, 26, 127, 31, 127, 31, 127, 17, 127, 5, 127, -25, 127, -40, 127, -45, 127, -60, 111, -60, 69, -47, 33, -25, 6, 6, -19, 29, -31, 57, -38, 76, -36, 94, -27, -94, -73, -98, -81, -100, -90, -100, -94, -98, -95, -99, -100, -93, -94, -93, -96, -89, -89, -98, -76, -96, -67, -93, -59, -108, -48, -105, -44, -107, -35, -97, -30, -90, -21, -77, -12, -71, 13, -58, 36, -41, 56, -39, 93, -26, 127, -33, 127, -34, 127, -42, 127]",esp32_1
CSI_DATA,138374,2025-08-27 15:35:21.705,0,sit,00:00:00:00:00:00,-65,11,0,0,0,0,0,0,0,0,0,-97,0,1,0,4132923993,0,14,0,0,0,104,0,"[0, 0, -84, 127, -79, 127, -82, 127, -63, 127, -35, 127, -12, 127, 3, 127, 29, 127, 18, 127, 10, 127, 8, 127, -9, 127, -11, 127, -28, 127, -45, 127, -59, 127, -65, 98, -56, 66, -45, 33, -24, 4, 4, -27, 35, -29, 57, -35, 78, -34, 93, -22, -96, -78, -96, -78, -105, -93, -100, -88, -105, -106, -92, -98, -101, -94, -93, -96, -97, -85, -99, -86, -86, -72, -86, -67, -94, -58, -98, -52, -97, -39, -100, -18, -82, -13, -80, -3, -69, 7, -57, 41, -44, 65, -29, 95, -36, 127, -54, 127, -64, 127, -51, 127]",esp32_1
CSI_DATA,138375,2025-08-27 15:35:21.726,0,sit,00:00:00:00:00:00,-65,11,0,0,0,0,0,0,0,0,0,-97,0,1,0,4132948329,0,14,0,0,0,104,0,"[0, 0, -128, -24, -128, -28, -128, -19, -128, -7, -128, 18, -128, 33, -128, 62, -128, 73, -128, 79, -128, 86, -128, 89, -128, 73, -128, 71, -128, 32, -128, 13, -128, -6, -123, -26, -84, -25, -53, -31, -8, -18, 18, -8, 42, 13, 55, 36, 63, 65, 58, 84, 62, -105, 77, -116, 66, -105, 78, -116, 75, -110, 84, -120, 68, -104, 66, -114, 64, -107, 54, -102, 49, -108, 38, -111, 35, -102, 31, -105, 17, -107, 10, -99, 3, -97, -17, -79, -26, -59, -37, -39, -68, -15, -102, -7, -128, 6, -128, 8, -128, 11, -128, 0]",esp32_1
CSI_DATA,141452,2025-08-27 15:35:21.775,0,sit,00:00:00:00:00:00,-40,11,0,0,0,0,0,0,0,0,0,-97,0,1,0,992603706,0,14,0,0,0,104,0,"[0, 0, 112, 127, 127, 127, 127, 123, 127, 113, 127, 108, 127, 108, 127, 113, 127, 120, 127, 126, 127, 127, 127, 127, 127, 127, 105, 116, 76, 94, 51, 63, 33, 26, 27, -11, 33, -44, 46, -71, 66, -88, 89, -96, 110, -91, 126, -75, 127, -52, 127, -33, -128, 46, -128, 31, -128, 15, -128, 2, -128, -6, -106, -6, -80, 1, -54, 15, -30, 35, -10, 61, 5, 90, 13, 118, 16, 127, 18, 127, 19, 127, 18, 127, 17, 127, 18, 127, 19, 127, 23, 127, 28, 127, 35, 127, 43, 127, 52, 127, 60, 127, 65, 127]",esp32_2
CSI_DATA,141453,2025-08-27 15:35:21.796,0,sit,00:00:00:00:00:00,-41,11,0,0,0,0,0,0,0,0,0,-97,0,1,0,992613868,0,14,0,0,0,104,0,"[0, 0, 99, -128, 67, -128, 37, -128, 14, -128, -2, -128, -12, -128, -12, -128, -5, -128, 8, -128, 24, -128, 40, -128, 53, -128, 57, -128, 51, -128, 35, -95, 9, -52, -26, -20, -65, -4, -103, -3, -128, -13, -128, -32, -128, -59, -128, -87, -128, -112, -123, -127, 127, 127, 127, 127, 108, 127, 87, 127, 68, 127, 53, 114, 45, 83, 46, 49, 54, 12, 71, -26, 94, -59, 119, -84, 127, -104, 127, -121, 127, -128, 127, -128, 127, -128, 127, -128, 127, -128, 127, -128, 127, -128, 127, -128, 127, -128, 127, -128, 127, -128, 127, -128]",esp32_2
CSI_DATA,138378,2025-08-27 15:35:21.838,0,sit,00:00:00:00:00:00,-65,11,0,0,0,0,0,0,0,0,0,-97,0,1,0,4133085332,0,14,0,0,0,104,0,"[0, 0, 127, -27, 127, -24, 127, -24, 127, -35, 127, -47, 127, -64, 127, -83, 127, -103, 127, -113, 127, -123, 127, -123, 127, -111, 127, -99, 127, -74, 127, -52, 127, -17, 120, 0, 86, 15, 51, 21, 14, 14, -20, 11, -48, -9, -65, -22, -78, -48, -68, -70, -38, 114, -46, 119, -46, 124, -52, 123, -53, 127, -61, 127, -56, 119, -55, 122, -49, 120, -37, 111, -29, 116, -17, 117, -13, 99, -2, 100, 4, 98, 11, 101, 15, 89, 23, 79, 35, 46, 52, 29, 73, 6, 100, -19, 127, -23, 127, -45, 127, -52, 127, -43]",esp32_1
CSI_DATA,141454,2025-08-27 15:35:21.838,0,sit,00:00:00:00:00:00,-40,11,0,0,0,0,0,0,0,0,0,-97,0,1,0,992628314,0,14,0,0,0,104,0,"[0, 0, 127, -53, 127, -84, 127, -116, 127, -128, 127, -128, 127, -128, 127, -128, 127, -128, 127, -128, 127, -128, 127, -119, 127, -87, 127, -58, 127, -37, 103, -25, 52, -26, 7, -40, -26, -68, -47, -101, -52, -128, -44, -128, -28, -128, -2, -128, 30, -128, 54, -128, 3, 127, -15, 127, -34, 127, -46, 127, -50, 127, -45, 125, -29, 96, -3, 70, 31, 51, 71, 37, 113, 30, 127, 30, 127, 36, 127, 46, 127, 56, 127, 67, 127, 78, 127, 85, 127, 87, 127, 85, 127, 80, 127, 74, 127, 64, 127, 48, 127, 32, 127, 23]",esp32_2
CSI_DATA,138379,2025-08-27 15:35:21.853,0,sit,00:00:00:00:00:00,-65,11,0,0,0,0,0,0,0,0,0,-97,0,1,0,4133109720,0,14,0,0,0,104,0,"[0, 0, 127, -46, 127, -34, 127, -41, 127, -46, 127, -52, 127, -73, 127, -99, 127, -115, 127, -128, 127, -128, 127, -128, 127, -128, 127, -122, 127, -91, 127, -54, 127, -29, 127, 2, 99, 23, 57, 28, 16, 25, -22, 7, -53, -13, -73, -31, -84, -47, -83, -78, -22, 127, -32, 127, -41, 127, -44, 127, -50, 127, -49, 127, -53, 127, -52, 127, -45, 127, -27, 127, -20, 127, -8, 124, 11, 125, 17, 125, 19, 119, 13, 108, 21, 96, 27, 80, 47, 62, 63, 42, 82, 5, 117, -15, 127, -46, 127, -67, 127, -79, 127, -77]",esp32_1
CSI_DATA,141455,2025-08-27 15:35:21.860,0,sit,00:00:00:00:00:00,-40,11,0,0,0,0,0,0,0,0,0,-97,0,1,0,992633717,0,14,0,0,0,104,0,"[0, 0, -111, -128, -128, -128, -128, -128, -128, -128, -128, -128, -128, -128, -128, -128, -128, -128, -128, -128, -128, -128, -128, -128, -128, -128, -105, -128, -74, -125, -50, -85, -36, -39, -35, 4, -46, 42, -68, 71, -95, 87, -124, 89, -128, 79, -128, 58, -128, 32, -128, 8, 127, -40, 127, -25, 127, -7, 127, 6, 127, 16, 122, 17, 92, 7, 65, -12, 40, -39, 20, -74, 6, -110, 0, -128, -1, -128, 1, -128, 3, -128, 5, -128, 10, -128, 12, -128, 10, -128, 6, -128, 1, -128, -7, -128, -17, -128, -28, -128, -37, -128, -43, -128]",esp32_2
CSI_DATA,138380,2025-08-27 15:35:21.882,0,sit,00:00:00:00:00:00,-65,11,0,0,0,0,0,0,0,0,0,-97,0,1,0,4133135426,0,14,0,0,0,104,0,"[0, 0, -128, 26, -128, 24, -128, 22, -128, 28, -128, 45, -128, 61, -128, 84, -128, 100, -128, 110, -128, 120, -128, 117, -128, 106, -128, 97, -128, 73, -128, 47, -128, 18, -122, 0, -83, -16, -49, -20, -10, -20, 21, -17, 45, 3, 63, 21, 71, 45, 74, 62, 43, -108, 52, -114, 55, -116, 51, -116, 62, -118, 62, -119, 59, -116, 57, -112, 49, -111, 41, -104, 36, -112, 26, -111, 21, -97, 13, -99, 3, -93, -5, -97, -11, -89, -21, -73, -30, -46, -49, -30, -70, -4, -91, 16, -128, 28, -128, 43, -128, 47, -128, 39]",esp32_1
CSI_DATA,141456,2025-08-27 15:35:21.888,0,sit,00:00:00:00:00:00,-40,11,0,0,0,0,0,0,0,0,0,-97,0,1,0,992644983,0,14,0,0,0,104,0,"[0, 0, -128, 127, -128, 127, -128, 127, -128, 127, -125, 127, -126, 127, -128, 127, -128, 127, -128, 127, -128, 127, -128, 127, -128, 127, -128, 125, -116, 90, -79, 60, -35, 41, 8, 35, 46, 43, 76, 62, 94, 87, 99, 114, 91, 127, 70, 127, 42, 127, 18, 127, -101, -128, -84, -128, -63, -128, -46, -128, -31, -128, -21, -121, -21, -91, -32, -60, -51, -29, -78, -2, -110, 21, -128, 37, -128, 46, -128, 51, -128, 53, -128, 54, -128, 54, -128, 55, -128, 56, -128, 58, -128, 62, -128, 68, -128, 75, -128, 84, -128, 94, -128, 100]",esp32_2
CSI_DATA,138381,2025-08-27 15:35:21.905,0,sit,00:00:00:00:00:00,-65,11,0,0,0,0,0,0,0,0,0,-97,0,1,0,4133172720,0,14,0,0,0,104,0,"[0, 0, 15, 127, 15, 127, 27, 127, 28, 127, 34, 127, 43, 127, 68, 127, 88, 127, 101, 127, 123, 127, 126, 127, 123, 127, 101, 127, 69, 127, 50, 127, 18, 127, -2, 122, -23, 81, -31, 45, -21, 6, -11, -20, 6, -45, 26, -63, 42, -78, 68, -77, -114, -29, -128, -51, -115, -49, -128, -58, -118, -53, -128, -70, -110, -66, -112, -69, -108, -60, -109, -40, -116, -25, -108, -15, -114, -15, -112, 1, -116, -2, -89, 8, -91, 18, -66, 19, -64, 33, -43, 51, -18, 74, 5, 101, 31, 125, 44, 127, 49, 127, 54, 127]",esp32_1
CSI_DATA,141457,2025-08-27 15:35:21.917,0,sit,00:00:00:00:00:00,-40,11,0,0,0,0,0,0,0,0,0,-97,0,1,0,992656740,0,14,0,0,0,104,0,"[0, 0, 127, 43, 127, 12, 127, -19, 127, -43, 127, -59, 127, -69, 127, -70, 127, -65, 127, -55, 127, -39, 127, -18, 127, 2, 127, 15, 127, 20, 98, 14, 54, -2, 18, -28, -3, -62, -11, -98, -7, -128, 7, -128, 28, -128, 53, -128, 78, -128, 96, -128, -92, 127, -103, 127, -112, 127, -112, 127, -105, 108, -89, 86, -64, 68, -32, 58, 5, 56, 45, 60, 82, 72, 113, 87, 127, 104, 127, 124, 127, 127, 127, 127, 127, 127, 127, 127, 127, 127, 127, 127, 127, 127, 127, 127, 127, 127, 127, 127, 127, 127, 127, 124]",esp32_2
CSI_DATA,138382,2025-08-27 15:35:21.927,0,sit,00:00:00:00:00:00,-64,11,0,0,0,0,0,0,0,0,0,-97,0,1,0,4133195541,0,14,0,0,0,104,0,"[0, 0, -121, 127, -128, 127, -105, 127, -98, 127, -67, 127, -50, 127, -24, 127, -14, 127, -5, 127, -10, 127, -7, 127, -22, 127, -36, 127, -60, 127, -79, 127, -75, 127, -86, 102, -69, 55, -51, 26, -26, -5, 7, -26, 36, -33, 59, -33, 80, -26, 97, -18, -76, -94, -81, -105, -75, -109, -80, -124, -70, -117, -80, -127, -74, -119, -73, -114, -74, -106, -79, -92, -77, -97, -83, -85, -82, -73, -91, -67, -99, -59, -82, -47, -81, -46, -66, -26, -70, 1, -57, 30, -50, 60, -49, 95, -41, 118, -58, 127, -71, 127, -81, 127]",esp32_1
CSI_DATA,138383,2025-08-27 15:35:21.949,0,sit,00:00:00:00:00:00,-64,11,0,0,0,0,0,0,0,0,0,-97,0,1,0,4133221030,0,14,0,0,0,104,0,"[0, 0, -128, 127, -128, 127, -121, 127, -109, 127, -84, 127, -60, 127, -37, 127, -28, 127, -16, 127, -16, 127, -20, 127, -31, 127, -40, 127, -67, 127, -76, 127, -78, 127, -81, 99, -76, 57, -55, 26, -29, -5, 6, -26, 36, -35, 59, -36, 84, -31, 98, -18, -61, -109, -55, -116, -55, -126, -58, -128, -55, -128, -53, -128, -50, -128, -48, -127, -50, -121, -63, -105, -62, -107, -69, -99, -77, -82, -83, -81, -88, -72, -82, -63, -76, -53, -66, -38, -65, -8, -58, 19, -54, 53, -57, 86, -64, 116, -76, 127, -90, 127, -106, 127]",esp32_1
CSI_DATA,138384,2025-08-27 15:35:21.970,0,sit,00:00:00:00:00:00,-65,11,0,0,0,0,0,0,0,0,0,-97,0,1,0,4133267980,0,14,0,0,0,104,0,"[0, 0, 84, 127, 75, 127, 82, 127, 75, 127, 89, 127, 102, 127, 118, 127, 127, 116, 127, 121, 127, 121, 127, 127, 127, 127, 127, 127, 118, 127, 89, 127, 63, 127, 29, 112, 5, 86, -11, 53, -22, 14, -20, -13, -7, -45, 9, -64, 23, -84, 44, -89, -121, -8, -126, -9, -128, -15, -128, -18, -128, -20, -125, -22, -124, -19, -123, -22, -118, -10, -123, -8, -112, 0, -107, 6, -108, 9, -105, 19, -102, 24, -88, 37, -76, 33, -65, 43, -47, 35, -21, 54, 6, 65, 39, 75, 69, 112, 72, 127, 88, 127, 101, 127]",esp32_1
CSI_DATA,138385,2025-08-27 15:35:21.996,0,sit,00:00:00:00:00:00,-65,11,0,0,0,0,0,0,0,0,0,-97,0,1,0,4133316873,0,14,0,0,0,104,0,"[0, 0, -128, -128, -128, -128, -128, -128, -128, -128, -128, -128, -128, -108, -128, -98, -128, -83, -128, -76, -128, -74, -128, -89, -128, -98, -128, -108, -128, -119, -128, -118, -105, -118, -67, -101, -31, -85, -6, -55, 14, -24, 23, 4, 22, 38, 19, 64, 11, 91, -7, 101, 123, -22, 127, -18, 127, -14, 127, -13, 127, -12, 127, -9, 127, -9, 127, -8, 127, -15, 127, -22, 110, -37, 107, -39, 108, -40, 104, -45, 95, -50, 78, -60, 66, -57, 50, -65, 30, -51, 3, -47, -25, -60, -57, -72, -104, -94, -122, -115, -128, -128, -128, -128]",esp32_1
CSI_DATA,141459,2025-08-27 15:35:22.002,0,sit,00:00:00:00:00:00,-40,11,0,0,0,0,0,0,0,0,0,-97,0,1,0,992673692,0,14,0,0,0,104,0,"[0, 0, 127, 127, 127, 115, 127, 95, 127, 82, 127, 76, 127, 74, 127, 78, 127, 85, 127, 91, 127, 97, 127, 104, 127, 106, 126, 99, 92, 83, 62, 57, 39, 23, 26, -13, 26, -47, 36, -77, 54, -97, 76, -106, 97, -105, 113, -94, 125, -73, 127, -54, -128, 90, -128, 76, -128, 58, -128, 42, -126, 29, -104, 22, -77, 21, -50, 29, -23, 44, 4, 65, 26, 90, 41, 115, 51, 127, 57, 127, 60, 127, 61, 127, 62, 127, 64, 127, 67, 127, 69, 127, 75, 127, 83, 127, 94, 127, 104, 127, 110, 127, 113, 127]",esp32_2
CSI_DATA,138386,2025-08-27 15:35:22.014,0,sit,00:00:00:00:00:00,-65,11,0,0,0,0,0,0,0,0,0,-97,0,1,0,4133341236,0,14,0,0,0,104,0,"[0, 0, -128, 17, -128, 6, -128, 5, -128, 13, -128, 29, -128, 44, -128, 62, -128, 87, -128, 101, -128, 100, -128, 94, -128, 92, -128, 74, -128, 68, -128, 37, -128, 14, -110, -9, -87, -24, -50, -28, -15, -29, 23, -17, 52, 7, 63, 30, 70, 48, 63, 65, 56, -106, 55, -97, 69, -122, 62, -100, 81, -121, 70, -100, 73, -105, 73, -109, 61, -109, 59, -112, 45, -110, 42, -109, 27, -95, 19, -103, 15, -91, 7, -109, 0, -79, -8, -84, -22, -47, -40, -33, -62, -15, -84, 9, -128, 11, -128, 26, -128, 32, -128, 10]",esp32_1
CSI_DATA,138387,2025-08-27 15:35:22.035,0,sit,00:00:00:00:00:00,-65,11,0,0,0,0,0,0,0,0,0,-97,0,1,0,4133365890,0,14,0,0,0,104,0,"[0, 0, 28, -128, 31, -128, 21, -128, 14, -128, -4, -128, -26, -128, -43, -128, -65, -128, -80, -128, -83, -128, -88, -128, -79, -128, -69, -128, -38, -128, -10, -128, 6, -128, 30, -112, 36, -79, 42, -43, 26, -7, 15, 21, -8, 48, -26, 64, -50, 70, -67, 69, 89, 74, 92, 82, 91, 88, 92, 92, 89, 96, 88, 99, 86, 94, 82, 94, 86, 82, 93, 72, 84, 66, 86, 55, 99, 47, 97, 41, 95, 31, 86, 23, 75, 13, 68, -1, 55, -16, 40, -33, 25, -63, 13, -94, -3, -121, -2, -128, 3, -128, -1, -128]",esp32_1
CSI_DATA,141460,2025-08-27 15:35:22.046,0,sit,00:00:00:00:00:00,-40,11,0,0,0,0,0,0,0,0,0,-97,0,1,0,992683723,0,14,0,0,0,104,0,"[0, 0, 120, 127, 127, 127, 127, 122, 127, 114, 127, 111, 127, 112, 127, 117, 127, 124, 127, 127, 127, 127, 127, 127, 127, 127, 106, 121, 77, 99, 52, 67, 35, 30, 29, -6, 36, -40, 51, -66, 71, -83, 94, -87, 115, -82, 127, -67, 127, -44, 127, -24, -128, 69, -128, 56, -128, 39, -128, 25, -128, 15, -107, 10, -81, 12, -55, 22, -29, 40, -6, 65, 12, 94, 23, 120, 28, 127, 31, 127, 33, 127, 32, 127, 30, 127, 30, 127, 31, 127, 32, 127, 36, 127, 43, 127, 51, 127, 61, 127, 70, 127, 75, 127]",esp32_2
CSI_DATA,138388,2025-08-27 15:35:22.060,0,sit,00:00:00:00:00:00,-68,11,0,0,0,0,0,0,0,0,0,-97,0,1,0,4133402488,0,14,0,0,0,104,0,"[0, 0, -128, 117, -128, 117, -128, 111, -128, 109, -128, 127, -117, 127, -98, 127, -90, 127, -87, 127, -88, 127, -83, 127, -90, 127, -103, 127, -118, 127, -128, 127, -123, 127, -115, 100, -98, 54, -65, 20, -44, -14, -3, -45, 45, -59, 86, -65, 126, -55, 127, -46, 58, -105, 64, -104, 66, -122, 76, -119, 75, -111, 66, -110, 59, -115, 53, -111, 51, -110, 36, -98, 33, -120, 22, -108, 5, -95, 0, -97, -6, -88, -9, -91, -7, -75, -20, -61, -31, -27, -43, -9, -54, 11, -72, 42, -88, 49, -113, 84, -128, 97, -128, 92]",esp32_1
CSI_DATA,141461,2025-08-27 15:35:22.067,0,sit,00:00:00:00:00:00,-40,11,0,0,0,0,0,0,0,0,0,-97,0,1,0,992693720,0,14,0,0,0,104,0,"[0, 0, -128, 127, -128, 127, -128, 127, -128, 127, -128, 127, -128, 127, -128, 127, -128, 127, -128, 127, -128, 127, -128, 127, -128, 127, -128, 123, -128, 85, -90, 56, -42, 39, 4, 36, 44, 47, 77, 68, 94, 94, 99, 122, 94, 127, 75, 127, 47, 127, 21, 127, -58, -128, -41, -128, -20, -128, -5, -128, 5, -128, 8, -128, -1, -101, -19, -70, -46, -42, -79, -17, -116, 1, -128, 11, -128, 14, -128, 13, -128, 10, -128, 5, -128, 2, -128, 1, -128, 0, -128, 2, -128, 8, -128, 17, -128, 33, -128, 52, -128, 65, -128, 70]",esp32_2
