type,seq,timestamp,taget_seq,taget,mac,rssi,rate,sig_mode,mcs,cwb,smoothing,not_sounding,aggregation,stbc,fec_coding,sgi,noise_floor,ampdu_cnt,channel_primary,channel_secondary,local_timestamp,ant,sig_len,rx_state,agc_gain,fft_gain,len,first_word_invalid,data,device_id
CSI_DATA,132961,2025-08-27 15:31:16.328,0,stand,00:00:00:00:00:00,-42,11,0,0,0,0,0,0,0,0,0,-97,0,1,0,747801824,0,14,0,0,0,104,0,"[0, 0, 127, 127, 127, 127, 127, 127, 125, 127, 121, 127, 122, 127, 127, 127, 127, 127, 126, 127, 118, 127, 107, 121, 93, 99, 80, 70, 69, 35, 63, -2, 63, -39, 73, -72, 91, -96, 114, -112, 127, -117, 127, -111, 127, -98, 127, -80, 127, -61, 127, -46, -128, 15, -128, -9, -128, -36, -128, -49, -128, -48, -93, -32, -53, 1, -24, 47, -9, 99, -8, 127, -21, 127, -43, 127, -71, 127, -98, 127, -117, 127, -125, 127, -121, 127, -103, 127, -72, 127, -30, 127, 19, 127, 68, 127, 114, 127, 127, 127, 127, 127, 127, 127]",esp32_2
CSI_DATA,130049,2025-08-27 15:31:16.338,0,stand,00:00:00:00:00:00,-65,11,0,0,0,0,0,0,0,0,0,-97,0,1,0,3887884849,0,14,0,0,0,104,0,"[0, 0, 127, 103, 127, 111, 127, 121, 127, 112, 127, 101, 127, 81, 127, 68, 127, 39, 127, 19, 127, 2, 127, 3, 127, 12, 127, 14, 127, 24, 127, 44, 127, 63, 116, 73, 82, 75, 49, 64, 17, 51, -16, 34, -36, 5, -44, -23, -53, -60, -40, -83, -60, 115, -67, 115, -62, 118, -64, 116, -67, 119, -66, 120, -58, 117, -61, 118, -53, 126, -55, 123, -41, 127, -34, 127, -35, 117, -25, 117, -18, 114, 1, 116, 6, 108, 26, 99, 31, 82, 53, 75, 80, 60, 108, 56, 127, 49, 127, 48, 127, 51, 127, 68]",esp32_1
CSI_DATA,130050,2025-08-27 15:31:16.360,0,stand,00:00:00:00:00:00,-65,11,0,0,0,0,0,0,0,0,0,-97,0,1,0,3887911148,0,14,0,0,0,104,0,"[0, 0, 127, 127, 127, 127, 127, 127, 114, 127, 111, 127, 112, 127, 114, 110, 127, 86, 127, 72, 127, 57, 127, 61, 127, 68, 127, 75, 127, 88, 127, 95, 109, 109, 77, 106, 43, 93, 14, 80, -17, 54, -37, 26, -49, -5, -46, -35, -47, -71, -30, -90, -123, 21, -115, 21, -118, 24, -118, 24, -122, 30, -121, 34, -117, 33, -120, 38, -112, 43, -119, 49, -107, 54, -100, 58, -100, 52, -91, 62, -78, 58, -63, 66, -51, 68, -29, 70, -10, 65, 14, 72, 40, 81, 67, 90, 111, 114, 127, 125, 127, 127, 127, 127]",esp32_1
CSI_DATA,132962,2025-08-27 15:31:16.360,0,stand,00:00:00:00:00:00,-41,11,0,0,0,0,0,0,0,0,0,-97,0,1,0,747811725,0,14,0,0,0,104,0,"[0, 0, 127, 53, 127, 60, 127, 59, 127, 51, 127, 39, 127, 26, 127, 12, 127, 1, 127, -6, 127, -12, 127, -16, 127, -18, 103, -25, 76, -37, 48, -53, 24, -74, 9, -98, 4, -124, 8, -128, 18, -128, 33, -128, 50, -128, 64, -128, 73, -128, 77, -127, -54, 127, -71, 127, -87, 127, -89, 127, -78, 110, -53, 78, -15, 54, 32, 44, 82, 51, 127, 72, 127, 102, 127, 127, 127, 127, 127, 127, 127, 127, 127, 127, 127, 127, 127, 127, 127, 127, 127, 113, 127, 76, 127, 44, 127, 21, 127, 7, 127, 5, 127, 11]",esp32_2
CSI_DATA,130051,2025-08-27 15:31:16.382,0,stand,00:00:00:00:00:00,-66,11,0,0,0,0,0,0,0,0,0,-97,0,1,0,3887935195,0,14,0,0,0,104,0,"[0, 0, 63, 127, 42, 127, 52, 127, 34, 127, 48, 127, 59, 127, 66, 127, 90, 107, 110, 122, 111, 106, 117, 120, 127, 123, 114, 112, 127, 127, 87, 113, 78, 127, 38, 112, 14, 99, -12, 79, -30, 49, -50, 19, -46, -24, -33, -56, -18, -86, 3, -96, -118, -43, -95, -35, -119, -38, -101, -28, -128, -35, -99, -31, -119, -21, -121, -27, -120, -11, -128, -25, -112, -16, -108, -11, -102, -11, -94, 3, -77, 12, -86, 36, -52, 37, -53, 58, -29, 48, -11, 75, 11, 90, 45, 110, 56, 127, 51, 127, 53, 127, 66, 127]",esp32_1
CSI_DATA,132963,2025-08-27 15:31:16.388,0,stand,00:00:00:00:00:00,-41,11,0,0,0,0,0,0,0,0,0,-97,0,1,0,747821743,0,14,0,0,0,104,0,"[0, 0, 127, 127, 127, 127, 127, 125, 127, 112, 127, 94, 127, 74, 127, 57, 127, 42, 127, 30, 127, 21, 127, 14, 127, 6, 105, -6, 80, -22, 55, -44, 35, -70, 24, -97, 24, -124, 32, -128, 44, -128, 60, -128, 76, -128, 88, -128, 95, -128, 97, -115, -120, 127, -128, 127, -128, 127, -128, 110, -108, 80, -74, 57, -30, 46, 18, 51, 64, 70, 103, 101, 127, 127, 127, 127, 127, 127, 127, 127, 116, 127, 103, 127, 92, 127, 90, 127, 96, 127, 112, 127, 127, 112, 127, 88, 127, 75, 127, 68, 127, 72, 127, 83]",esp32_2
CSI_DATA,130052,2025-08-27 15:31:16.404,0,stand,00:00:00:00:00:00,-66,11,0,0,0,0,0,0,0,0,0,-97,0,1,0,3887960208,0,14,0,0,0,104,0,"[0, 0, -128, -128, -128, -128, -124, -128, -128, -128, -126, -128, -117, -118, -128, -88, -128, -66, -128, -45, -128, -40, -128, -42, -128, -42, -128, -50, -128, -65, -128, -90, -128, -87, -108, -116, -59, -98, -24, -89, 20, -67, 44, -40, 63, -7, 73, 26, 83, 64, 78, 96, 118, 30, 127, 28, 112, 21, 127, 21, 121, 14, 127, 18, 127, 5, 127, 0, 127, -3, 121, -8, 123, -13, 113, -23, 110, -16, 99, -31, 91, -43, 59, -46, 43, -59, 20, -64, -3, -81, -24, -82, -64, -95, -88, -118, -117, -123, -128, -128, -128, -128, -128, -128]",esp32_1
CSI_DATA,132964,2025-08-27 15:31:16.414,0,stand,00:00:00:00:00:00,-41,11,0,0,0,0,0,0,0,0,0,-97,0,1,0,747831751,0,14,0,0,0,104,0,"[0, 0, 127, 127, 127, 127, 127, 127, 127, 127, 127, 127, 127, 127, 127, 111, 127, 93, 127, 78, 127, 64, 127, 51, 127, 37, 119, 18, 96, -6, 74, -35, 57, -68, 52, -101, 59, -128, 73, -128, 89, -128, 108, -128, 124, -128, 127, -128, 127, -120, 127, -103, -128, 127, -128, 127, -128, 127, -128, 103, -128, 72, -94, 52, -42, 48, 11, 61, 59, 90, 96, 127, 117, 127, 123, 127, 115, 127, 99, 127, 83, 127, 69, 127, 59, 127, 60, 127, 73, 127, 99, 127, 127, 127, 127, 127, 127, 127, 127, 127, 127, 127, 127, 127]",esp32_2
CSI_DATA,130053,2025-08-27 15:31:16.424,0,stand,00:00:00:00:00:00,-65,11,0,0,0,0,0,0,0,0,0,-97,0,1,0,3887999019,0,14,0,0,0,104,0,"[0, 0, -128, 99, -128, 86, -128, 73, -128, 79, -128, 78, -128, 90, -103, 104, -86, 127, -71, 127, -61, 127, -59, 127, -75, 127, -87, 127, -111, 127, -120, 127, -119, 118, -126, 82, -109, 33, -87, -1, -55, -32, -13, -59, 26, -68, 58, -65, 91, -62, 120, -38, 44, -110, 42, -118, 41, -126, 37, -128, 33, -128, 31, -128, 31, -128, 29, -128, 25, -128, 16, -127, 9, -128, -1, -124, -10, -102, -21, -93, -36, -79, -50, -75, -57, -58, -73, -37, -89, -12, -104, 14, -123, 39, -128, 60, -128, 79, -128, 106, -128, 119, -128, 114]",esp32_1
CSI_DATA,130054,2025-08-27 15:31:16.446,0,stand,00:00:00:00:00:00,-65,11,0,0,0,0,0,0,0,0,0,-97,0,1,0,3888022182,0,14,0,0,0,104,0,"[0, 0, -128, 15, -128, 4, -128, -2, -128, 15, -128, 28, -128, 47, -116, 73, -111, 92, -107, 118, -103, 127, -117, 127, -126, 127, -128, 127, -128, 127, -128, 103, -128, 67, -128, 38, -101, 0, -69, -25, -32, -38, 12, -50, 51, -44, 81, -29, 107, -11, 118, 18, 59, -94, 58, -95, 52, -107, 52, -111, 53, -117, 51, -122, 50, -119, 52, -124, 48, -121, 41, -110, 29, -116, 20, -114, 15, -95, -6, -88, -19, -80, -33, -81, -45, -67, -67, -54, -84, -32, -106, -18, -128, -2, -128, 13, -128, 18, -128, 29, -128, 42, -128, 20]",esp32_1
CSI_DATA,130055,2025-08-27 15:31:16.476,0,stand,00:00:00:00:00:00,-65,11,0,0,0,0,0,0,0,0,0,-97,0,1,0,3888048104,0,14,0,0,0,104,0,"[0, 0, -128, 81, -128, 76, -128, 63, -128, 70, -128, 71, -115, 84, -90, 101, -81, 121, -60, 127, -58, 127, -61, 127, -76, 127, -88, 127, -107, 127, -113, 127, -115, 101, -113, 66, -97, 24, -72, -7, -43, -35, -4, -54, 30, -61, 62, -61, 96, -46, 119, -27, 31, -100, 33, -109, 23, -113, 19, -119, 22, -121, 24, -126, 22, -124, 18, -128, 17, -124, 17, -113, -3, -114, -8, -109, -12, -88, -25, -76, -34, -62, -50, -61, -60, -46, -77, -24, -91, -8, -105, 13, -121, 33, -128, 47, -128, 67, -128, 90, -128, 100, -128, 91]",esp32_1
CSI_DATA,130056,2025-08-27 15:31:16.500,0,stand,00:00:00:00:00:00,-65,11,0,0,0,0,0,0,0,0,0,-97,0,1,0,3888086321,0,14,0,0,0,104,0,"[0, 0, 45, -128, 39, -128, 30, -128, 26, -128, 5, -128, -22, -128, -47, -128, -81, -127, -100, -128, -119, -128, -128, -128, -128, -128, -125, -128, -95, -128, -69, -128, -39, -128, 0, -128, 31, -102, 46, -64, 53, -19, 46, 21, 33, 60, 14, 90, -10, 113, -36, 119, 86, 78, 91, 79, 89, 80, 100, 79, 105, 79, 109, 86, 107, 85, 106, 83, 102, 75, 110, 68, 97, 60, 93, 45, 90, 36, 92, 19, 85, 0, 74, -28, 68, -40, 60, -63, 61, -89, 50, -104, 35, -128, 32, -128, 20, -128, 28, -128, 28, -128, 25, -128]",esp32_1
CSI_DATA,132966,2025-08-27 15:31:16.505,0,stand,00:00:00:00:00:00,-42,11,0,0,0,0,0,0,0,0,0,-97,0,1,0,747851700,0,14,0,0,0,104,0,"[0, 0, -128, -128, -128, -128, -128, -128, -128, -128, -128, -128, -128, -128, -128, -128, -128, -128, -128, -128, -128, -122, -128, -103, -118, -82, -103, -56, -89, -26, -79, 8, -75, 44, -81, 74, -96, 97, -117, 114, -128, 119, -128, 114, -128, 101, -128, 83, -128, 64, -128, 48, 127, -102, 127, -75, 127, -42, 127, -17, 127, -2, 99, -3, 52, -21, 12, -56, -17, -102, -33, -128, -33, -128, -21, -128, -1, -128, 24, -128, 44, -128, 55, -128, 58, -128, 48, -128, 23, -128, -13, -128, -58, -128, -109, -128, -128, -128, -128, -128, -128, -128, -128, -128]",esp32_2
CSI_DATA,130057,2025-08-27 15:31:16.531,0,stand,00:00:00:00:00:00,-66,11,0,0,0,0,0,0,0,0,0,-97,0,1,0,3888133100,0,14,0,0,0,104,0,"[0, 0, -128, -128, -117, -128, -120, -128, -105, -128, -114, -128, -125, -113, -128, -94, -128, -66, -128, -64, -128, -67, -128, -79, -128, -94, -128, -98, -128, -113, -128, -127, -120, -128, -75, -127, -30, -104, 7, -83, 31, -43, 54, -4, 59, 40, 44, 79, 32, 127, 10, 127, 127, -19, 127, -25, 127, -30, 127, -31, 127, -37, 127, -38, 127, -44, 127, -41, 127, -44, 127, -39, 118, -35, 112, -43, 100, -41, 89, -54, 73, -63, 38, -86, 20, -98, 9, -116, -10, -115, -39, -125, -60, -128, -91, -128, -115, -128, -111, -128, -128, -128, -128, -128]",esp32_1
CSI_DATA,132967,2025-08-27 15:31:16.531,0,stand,00:00:00:00:00:00,-41,11,0,0,0,0,0,0,0,0,0,-97,0,1,0,747861700,0,14,0,0,0,104,0,"[0, 0, 14, -128, 22, -128, 22, -128, 17, -128, 5, -128, -10, -128, -24, -128, -35, -128, -42, -128, -47, -128, -49, -128, -49, -128, -51, -104, -58, -71, -69, -37, -87, -4, -110, 20, -128, 30, -128, 31, -128, 24, -128, 10, -128, -6, -128, -22, -128, -37, -128, -45, 127, 86, 127, 103, 127, 116, 127, 113, 105, 96, 73, 64, 51, 20, 46, -33, 55, -87, 76, -128, 107, -128, 127, -128, 127, -128, 127, -128, 127, -128, 127, -128, 127, -128, 127, -128, 127, -128, 111, -128, 68, -128, 30, -128, -2, -128, -23, -128, -31, -128, -29, -128]",esp32_2
CSI_DATA,130058,2025-08-27 15:31:16.561,0,stand,00:00:00:00:00:00,-65,11,0,0,0,0,0,0,0,0,0,-97,0,1,0,3888160298,0,14,0,0,0,104,0,"[0, 0, 127, -128, 127, -128, 127, -128, 126, -128, 100, -128, 69, -128, 53, -128, 27, -128, 11, -128, 4, -128, 2, -128, 13, -128, 24, -128, 52, -128, 71, -128, 74, -128, 93, -97, 84, -50, 74, -16, 48, 20, 9, 43, -27, 60, -56, 63, -90, 59, -109, 40, 54, 94, 57, 96, 58, 102, 67, 102, 67, 108, 71, 114, 68, 113, 70, 112, 66, 107, 69, 95, 67, 91, 64, 80, 69, 59, 79, 45, 78, 30, 81, 16, 83, -3, 89, -18, 96, -44, 96, -64, 100, -88, 110, -108, 113, -128, 127, -128, 127, -128, 127, -128]",esp32_1
CSI_DATA,132968,2025-08-27 15:31:16.561,0,stand,00:00:00:00:00:00,-41,11,0,0,0,0,0,0,0,0,0,-97,0,1,0,747871705,0,14,0,0,0,104,0,"[0, 0, -128, -128, -128, -128, -128, -128, -128, -128, -128, -128, -128, -128, -128, -128, -128, -128, -128, -128, -128, -128, -123, -118, -111, -94, -100, -66, -89, -34, -81, 0, -81, 37, -92, 69, -109, 90, -128, 104, -128, 107, -128, 100, -128, 86, -128, 68, -128, 49, -128, 35, 127, -67, 127, -41, 127, -11, 127, 9, 127, 18, 98, 11, 54, -14, 19, -53, -4, -102, -13, -128, -6, -128, 12, -128, 36, -128, 62, -128, 81, -128, 91, -128, 89, -128, 75, -128, 49, -128, 9, -128, -39, -128, -87, -128, -128, -128, -128, -128, -128, -128, -128, -128]",esp32_2
CSI_DATA,132969,2025-08-27 15:31:16.591,0,stand,00:00:00:00:00:00,-42,11,0,0,0,0,0,0,0,0,0,-97,0,1,0,747886676,0,14,0,0,0,104,0,"[0, 0, 79, -128, 85, -128, 81, -128, 71, -128, 57, -128, 39, -128, 23, -128, 9, -128, -2, -128, -10, -128, -15, -128, -21, -128, -30, -112, -45, -84, -63, -56, -86, -33, -112, -18, -128, -15, -128, -21, -128, -34, -128, -51, -128, -68, -128, -81, -128, -90, -128, -95, 127, 78, 127, 95, 127, 108, 127, 106, 100, 91, 70, 61, 50, 18, 45, -32, 56, -82, 79, -125, 112, -128, 127, -128, 127, -128, 127, -128, 127, -128, 127, -128, 127, -128, 127, -128, 127, -128, 119, -128, 84, -128, 55, -128, 34, -128, 22, -128, 22, -128, 29, -128]",esp32_2
CSI_DATA,132970,2025-08-27 15:31:16.612,0,stand,00:00:00:00:00:00,-42,11,0,0,0,0,0,0,0,0,0,-97,0,1,0,747893775,0,14,0,0,0,104,0,"[0, 0, -128, 127, -128, 127, -128, 127, -128, 127, -128, 127, -128, 127, -124, 127, -106, 127, -91, 127, -76, 127, -62, 127, -45, 127, -23, 113, 2, 93, 31, 76, 61, 66, 90, 66, 115, 74, 127, 88, 127, 104, 127, 120, 127, 127, 112, 127, 91, 127, 76, 127, -128, -128, -128, -128, -105, -128, -74, -128, -51, -128, -38, -89, -40, -41, -58, 6, -90, 45, -128, 72, -128, 85, -128, 84, -128, 71, -128, 56, -128, 41, -128, 28, -128, 21, -128, 25, -128, 42, -128, 72, -128, 111, -128, 127, -128, 127, -128, 127, -128, 127, -128, 127]",esp32_2
CSI_DATA,130060,2025-08-27 15:31:16.636,0,stand,00:00:00:00:00:00,-65,11,0,0,0,0,0,0,0,0,0,-97,0,1,0,3888220170,0,14,0,0,0,104,0,"[0, 0, 101, -128, 97, -128, 90, -128, 77, -128, 56, -128, 28, -128, 12, -128, -19, -128, -33, -128, -46, -128, -51, -128, -44, -128, -33, -128, -6, -128, 16, -128, 33, -128, 56, -117, 65, -73, 62, -36, 50, 4, 28, 38, -3, 67, -30, 73, -60, 82, -87, 73, 82, 75, 86, 77, 93, 82, 96, 84, 99, 86, 100, 92, 98, 87, 99, 98, 93, 87, 94, 74, 86, 68, 85, 51, 85, 38, 89, 20, 85, 3, 78, -11, 80, -25, 79, -45, 80, -70, 79, -87, 71, -108, 71, -128, 67, -128, 73, -128, 77, -128, 85, -128]",esp32_1
CSI_DATA,132971,2025-08-27 15:31:16.644,0,stand,00:00:00:00:00:00,-40,11,0,0,0,0,0,0,0,0,0,-97,0,1,0,747903959,0,14,0,0,0,104,0,"[0, 0, -128, -128, -128, -128, -128, -128, -128, -128, -128, -114, -128, -92, -128, -73, -128, -56, -128, -42, -128, -30, -128, -19, -128, -8, -117, 7, -93, 25, -70, 48, -53, 78, -45, 106, -47, 127, -56, 127, -70, 127, -87, 127, -103, 127, -113, 127, -116, 127, -116, 110, 118, -128, 127, -128, 127, -128, 127, -122, 108, -88, 75, -62, 31, -49, -17, -52, -64, -70, -104, -103, -128, -128, -128, -128, -128, -128, -128, -128, -119, -128, -106, -128, -95, -128, -91, -128, -99, -128, -117, -128, -128, -113, -128, -90, -128, -77, -128, -76, -128, -85, -128, -97]",esp32_2
CSI_DATA,130061,2025-08-27 15:31:16.668,0,stand,00:00:00:00:00:00,-66,11,0,0,0,0,0,0,0,0,0,-97,0,1,0,3888246331,0,14,0,0,0,104,0,"[0, 0, -128, -128, -128, -128, -128, -128, -128, -128, -128, -112, -128, -87, -128, -61, -128, -39, -128, -25, -128, -15, -128, -17, -128, -22, -128, -36, -128, -56, -128, -73, -128, -88, -94, -91, -49, -86, -11, -73, 24, -42, 42, -20, 60, 20, 65, 50, 60, 86, 43, 115, 107, -62, 115, -65, 107, -68, 118, -73, 121, -74, 127, -72, 120, -70, 123, -66, 115, -66, 109, -62, 94, -70, 79, -70, 66, -67, 51, -74, 33, -77, 13, -88, -1, -94, -20, -103, -38, -101, -61, -106, -80, -105, -102, -109, -128, -123, -128, -128, -128, -128, -128, -128]",esp32_1
CSI_DATA,132972,2025-08-27 15:31:16.677,0,stand,00:00:00:00:00:00,-40,11,0,0,0,0,0,0,0,0,0,-97,0,1,0,747918964,0,14,0,0,0,104,0,"[0, 0, -128, -69, -128, -75, -128, -73, -128, -67, -128, -54, -128, -39, -128, -23, -128, -10, -128, 1, -128, 10, -128, 17, -128, 23, -107, 33, -82, 46, -56, 64, -34, 88, -21, 112, -18, 127, -23, 127, -34, 127, -50, 127, -66, 127, -78, 127, -86, 127, -89, 126, 68, -128, 85, -128, 97, -128, 96, -128, 84, -104, 58, -72, 20, -52, -26, -45, -74, -53, -119, -75, -128, -107, -128, -128, -128, -128, -128, -128, -128, -128, -128, -128, -128, -128, -128, -128, -128, -128, -128, -110, -128, -75, -128, -45, -128, -23, -128, -11, -128, -12, -128, -21]",esp32_2
CSI_DATA,130062,2025-08-27 15:31:16.700,0,stand,00:00:00:00:00:00,-66,11,0,0,0,0,0,0,0,0,0,-97,0,1,0,3888293186,0,14,0,0,0,104,0,"[0, 0, -128, 127, -128, 127, -128, 127, -113, 127, -89, 127, -65, 127, -37, 127, -22, 127, -4, 127, 10, 127, 6, 127, 1, 127, -7, 127, -38, 127, -56, 127, -65, 127, -85, 105, -83, 62, -67, 24, -44, -12, -19, -48, 14, -63, 43, -67, 77, -67, 105, -53, -78, -95, -79, -99, -85, -109, -89, -109, -89, -113, -90, -116, -82, -113, -84, -114, -82, -109, -76, -96, -87, -86, -84, -72, -74, -55, -81, -36, -83, -19, -90, -7, -96, 5, -97, 28, -89, 50, -87, 75, -87, 93, -84, 122, -101, 127, -96, 127, -103, 127, -125, 127]",esp32_1
CSI_DATA,132973,2025-08-27 15:31:16.700,0,stand,00:00:00:00:00:00,-40,11,0,0,0,0,0,0,0,0,0,-97,0,1,0,747921720,0,14,0,0,0,104,0,"[0, 0, -128, 127, -128, 127, -128, 127, -128, 127, -128, 127, -128, 127, -128, 127, -128, 127, -128, 127, -128, 127, -112, 127, -88, 120, -60, 107, -28, 94, 7, 87, 43, 88, 73, 95, 96, 112, 111, 127, 115, 127, 108, 127, 94, 127, 74, 127, 53, 127, 37, 127, -79, -128, -53, -128, -22, -128, 0, -128, 11, -128, 6, -101, -16, -55, -54, -17, -102, 9, -128, 21, -128, 17, -128, 1, -128, -22, -128, -48, -128, -67, -128, -78, -128, -78, -128, -64, -128, -35, -128, 6, -128, 56, -128, 107, -128, 127, -128, 127, -128, 127, -128, 127]",esp32_2
CSI_DATA,130063,2025-08-27 15:31:16.733,0,stand,00:00:00:00:00:00,-65,11,0,0,0,0,0,0,0,0,0,-97,0,1,0,3888355303,0,14,0,0,0,104,0,"[0, 0, -128, 86, -128, 74, -128, 63, -128, 67, -128, 71, -128, 79, -128, 87, -120, 106, -115, 119, -107, 127, -109, 127, -123, 127, -128, 127, -128, 115, -128, 95, -128, 60, -122, 31, -94, -1, -66, -25, -31, -34, 9, -44, 46, -36, 70, -22, 93, -8, 102, 18, 1, -122, 3, -126, 5, -128, 4, -128, 5, -128, 11, -128, 8, -128, 13, -128, 10, -127, 7, -111, -2, -114, -11, -99, -24, -81, -36, -72, -45, -62, -62, -63, -69, -48, -77, -37, -92, -11, -104, 2, -115, 19, -128, 43, -128, 49, -128, 73, -128, 89, -128, 81]",esp32_1
CSI_DATA,130064,2025-08-27 15:31:16.763,0,stand,00:00:00:00:00:00,-65,11,0,0,0,0,0,0,0,0,0,-97,0,1,0,3888380599,0,14,0,0,0,104,0,"[0, 0, -128, -128, -128, -128, -128, -128, -128, -128, -128, -95, -128, -76, -128, -57, -128, -37, -128, -26, -128, -19, -128, -24, -128, -32, -128, -33, -128, -50, -128, -67, -127, -72, -94, -84, -53, -73, -18, -62, 13, -43, 38, -24, 54, 16, 57, 41, 57, 73, 43, 100, 108, -61, 117, -65, 115, -65, 118, -67, 121, -67, 127, -60, 119, -59, 117, -57, 106, -58, 101, -50, 88, -58, 73, -62, 62, -54, 47, -60, 38, -69, 8, -86, 3, -89, -15, -89, -31, -91, -56, -82, -75, -79, -96, -81, -127, -97, -128, -105, -128, -111, -128, -128]",esp32_1
CSI_DATA,130065,2025-08-27 15:31:16.792,0,stand,00:00:00:00:00:00,-65,11,0,0,0,0,0,0,0,0,0,-97,0,1,0,3888414775,0,14,0,0,0,104,0,"[0, 0, 127, 127, 127, 127, 127, 127, 127, 127, 127, 124, 127, 98, 127, 74, 127, 46, 127, 22, 127, 7, 127, 15, 127, 17, 127, 34, 127, 55, 127, 71, 127, 93, 124, 100, 70, 95, 29, 83, -11, 55, -50, 29, -68, -13, -77, -44, -80, -90, -64, -117, -128, 88, -128, 86, -128, 88, -128, 91, -128, 82, -128, 83, -128, 71, -128, 75, -128, 71, -128, 65, -109, 76, -91, 84, -75, 67, -61, 83, -39, 91, -19, 106, -3, 110, 19, 108, 40, 98, 61, 97, 90, 95, 125, 100, 127, 111, 127, 107, 127, 127, 127, 127]",esp32_1
CSI_DATA,132975,2025-08-27 15:31:16.794,0,stand,00:00:00:00:00:00,-40,11,0,0,0,0,0,0,0,0,0,-97,0,1,0,747941716,0,14,0,0,0,104,0,"[0, 0, 127, 37, 127, 44, 127, 44, 127, 39, 127, 29, 127, 15, 127, 2, 127, -9, 127, -20, 127, -28, 127, -32, 114, -34, 91, -39, 67, -48, 42, -61, 19, -80, 4, -101, -1, -123, 1, -128, 8, -128, 22, -128, 37, -128, 50, -128, 59, -128, 64, -125, -62, 127, -79, 127, -92, 127, -92, 126, -79, 92, -55, 63, -20, 43, 23, 35, 69, 41, 111, 59, 127, 86, 127, 115, 127, 127, 127, 127, 127, 127, 127, 127, 127, 127, 123, 127, 123, 125, 127, 91, 127, 56, 127, 26, 127, 2, 127, -14, 127, -18, 127, -14]",esp32_2
CSI_DATA,132976,2025-08-27 15:31:16.834,0,stand,00:00:00:00:00:00,-41,11,0,0,0,0,0,0,0,0,0,-97,0,1,0,747951699,0,14,0,0,0,104,0,"[0, 0, 40, 127, 25, 127, 21, 127, 20, 127, 26, 127, 35, 127, 47, 127, 57, 127, 64, 127, 67, 127, 66, 127, 65, 127, 68, 102, 74, 69, 84, 37, 100, 7, 121, -16, 127, -28, 127, -31, 127, -24, 127, -10, 127, 7, 127, 24, 127, 37, 127, 46, -128, -19, -128, -42, -128, -65, -128, -74, -128, -68, -92, -45, -58, -7, -39, 42, -35, 96, -46, 127, -69, 127, -99, 127, -128, 127, -128, 127, -128, 127, -128, 127, -128, 127, -128, 127, -126, 127, -83, 127, -36, 127, 8, 127, 45, 127, 73, 127, 88, 127, 91, 127]",esp32_2
CSI_DATA,132977,2025-08-27 15:31:16.860,0,stand,00:00:00:00:00:00,-41,11,0,0,0,0,0,0,0,0,0,-97,0,1,0,747961686,0,14,0,0,0,104,0,"[0, 0, -87, -128, -69, -128, -61, -128, -57, -128, -60, -128, -67, -128, -75, -128, -83, -128, -87, -128, -88, -128, -86, -128, -82, -124, -80, -93, -82, -61, -87, -27, -100, 6, -119, 31, -128, 45, -128, 51, -128, 46, -128, 32, -128, 14, -128, -5, -128, -21, -128, -32, 127, -8, 127, 16, 127, 42, 127, 54, 127, 53, 94, 35, 58, 0, 33, -48, 23, -102, 28, -128, 48, -128, 75, -128, 105, -128, 127, -128, 127, -128, 127, -128, 127, -128, 127, -128, 101, -128, 59, -128, 11, -128, -37, -128, -78, -128, -109, -128, -126, -128, -128, -128]",esp32_2
CSI_DATA,130067,2025-08-27 15:31:16.878,0,stand,00:00:00:00:00:00,-65,11,0,0,0,0,0,0,0,0,0,-97,0,1,0,3888463714,0,14,0,0,0,104,0,"[0, 0, 127, -24, 127, -12, 127, -5, 127, -10, 127, -20, 127, -32, 127, -46, 127, -62, 127, -77, 127, -91, 127, -91, 127, -92, 127, -84, 127, -66, 127, -45, 127, -18, 125, 8, 93, 26, 59, 38, 16, 42, -18, 38, -49, 24, -75, 3, -87, -20, -89, -47, -45, 122, -46, 124, -52, 127, -57, 127, -64, 127, -65, 127, -68, 122, -65, 120, -57, 108, -53, 99, -36, 96, -25, 92, -12, 78, 5, 75, 16, 69, 32, 77, 44, 68, 58, 59, 70, 42, 85, 28, 98, 11, 123, -6, 127, -7, 127, -25, 127, -31, 127, -27]",esp32_1
CSI_DATA,132978,2025-08-27 15:31:16.889,0,stand,00:00:00:00:00:00,-41,11,0,0,0,0,0,0,0,0,0,-97,0,1,0,747972082,0,14,0,0,0,104,0,"[0, 0, 127, 127, 127, 127, 127, 127, 127, 127, 127, 127, 127, 127, 127, 119, 127, 99, 127, 82, 127, 66, 127, 51, 127, 34, 122, 13, 102, -11, 84, -40, 70, -72, 67, -102, 76, -128, 91, -128, 107, -128, 125, -128, 127, -128, 127, -128, 127, -108, 127, -91, -128, 127, -128, 127, -128, 115, -128, 79, -128, 52, -95, 38, -44, 38, 6, 55, 50, 87, 82, 127, 100, 127, 102, 127, 90, 127, 74, 127, 58, 127, 43, 127, 35, 127, 38, 127, 54, 127, 82, 127, 122, 127, 127, 127, 127, 127, 127, 127, 127, 127, 127, 127]",esp32_2
CSI_DATA,130068,2025-08-27 15:31:16.911,0,stand,00:00:00:00:00:00,-65,11,0,0,0,0,0,0,0,0,0,-97,0,1,0,3888499275,0,14,0,0,0,104,0,"[0, 0, -9, -128, -2, -128, -4, -128, -1, -128, -12, -128, -26, -128, -40, -128, -60, -128, -76, -128, -88, -128, -93, -128, -90, -128, -89, -128, -60, -128, -42, -128, -19, -128, 9, -126, 32, -94, 44, -59, 41, -19, 37, 11, 25, 46, 3, 66, -13, 91, -38, 96, 121, 52, 124, 58, 122, 64, 121, 71, 121, 73, 120, 80, 111, 81, 111, 79, 96, 72, 99, 57, 84, 48, 80, 28, 79, 20, 83, -2, 80, -10, 66, -30, 62, -41, 59, -56, 49, -64, 44, -78, 23, -97, 10, -121, -16, -128, -15, -128, -23, -128, -31, -128]",esp32_1
CSI_DATA,132979,2025-08-27 15:31:16.922,0,stand,00:00:00:00:00:00,-42,11,0,0,0,0,0,0,0,0,0,-97,0,1,0,747981760,0,14,0,0,0,104,0,"[0, 0, 127, -53, 127, -40, 127, -32, 127, -30, 127, -34, 127, -43, 127, -53, 127, -62, 127, -69, 127, -75, 127, -75, 122, -71, 93, -70, 62, -73, 29, -80, -2, -94, -25, -115, -37, -128, -40, -128, -34, -128, -21, -128, -4, -128, 15, -128, 31, -128, 41, -128, -24, 127, -47, 127, -69, 127, -78, 127, -71, 122, -49, 83, -12, 51, 38, 32, 92, 27, 127, 38, 127, 60, 127, 88, 127, 121, 127, 127, 127, 127, 127, 127, 127, 127, 127, 127, 127, 113, 127, 70, 127, 24, 127, -20, 127, -57, 127, -85, 127, -99, 127, -100]",esp32_2
CSI_DATA,130069,2025-08-27 15:31:16.936,0,stand,00:00:00:00:00:00,-66,11,0,0,0,0,0,0,0,0,0,-97,0,1,0,3888525659,0,14,0,0,0,104,0,"[0, 0, -128, 7, -128, -4, -128, -9, -128, -3, -128, 12, -128, 26, -128, 43, -128, 64, -128, 85, -128, 100, -128, 110, -128, 104, -128, 100, -128, 75, -128, 53, -128, 17, -128, -15, -115, -32, -72, -51, -24, -51, 17, -53, 58, -33, 85, -18, 110, 20, 121, 50, 80, -128, 90, -128, 90, -128, 95, -128, 105, -128, 114, -128, 108, -126, 108, -124, 93, -119, 84, -103, 63, -100, 45, -104, 29, -85, 11, -81, -6, -81, -27, -92, -41, -87, -58, -82, -74, -56, -89, -46, -114, -24, -128, -7, -128, 0, -128, 21, -128, 25, -128, 15]",esp32_1
CSI_DATA,130070,2025-08-27 15:31:16.976,0,stand,00:00:00:00:00:00,-65,11,0,0,0,0,0,0,0,0,0,-97,0,1,0,3888579449,0,14,0,0,0,104,0,"[0, 0, 127, -112, 127, -102, 127, -91, 127, -89, 127, -90, 127, -100, 127, -103, 115, -115, 110, -127, 104, -128, 103, -128, 104, -128, 109, -128, 126, -128, 127, -106, 120, -81, 116, -46, 93, -16, 71, 7, 42, 27, 4, 43, -33, 46, -53, 42, -83, 27, -99, 12, -23, 124, -31, 127, -36, 127, -39, 127, -44, 127, -46, 127, -48, 124, -46, 120, -43, 112, -35, 100, -25, 98, -13, 91, 2, 70, 13, 66, 28, 59, 41, 57, 47, 51, 61, 37, 68, 17, 79, 0, 89, -26, 105, -47, 124, -57, 127, -84, 127, -104, 127, -102]",esp32_1
CSI_DATA,132981,2025-08-27 15:31:17.007,0,stand,00:00:00:00:00:00,-41,11,0,0,0,0,0,0,0,0,0,-97,0,1,0,748002697,0,14,0,0,0,104,0,"[0, 0, 111, 127, 97, 127, 88, 127, 83, 127, 81, 127, 83, 127, 87, 127, 91, 127, 92, 127, 89, 119, 83, 103, 76, 83, 72, 59, 69, 32, 69, 4, 75, -23, 86, -46, 102, -62, 121, -70, 127, -69, 127, -61, 127, -47, 127, -30, 127, -15, 127, -4, -128, 8, -128, -12, -128, -33, -128, -43, -107, -42, -73, -29, -43, -3, -22, 33, -11, 76, -12, 119, -25, 127, -44, 127, -67, 127, -88, 127, -101, 127, -106, 127, -104, 127, -90, 127, -64, 127, -28, 127, 12, 127, 51, 127, 85, 127, 112, 127, 127, 127, 127, 127]",esp32_2
CSI_DATA,130071,2025-08-27 15:31:17.008,0,stand,00:00:00:00:00:00,-64,11,0,0,0,0,0,0,0,0,0,-97,0,1,0,3888608444,0,14,0,0,0,104,0,"[0, 0, -86, -128, -80, -128, -80, -128, -70, -128, -80, -128, -87, -128, -98, -128, -115, -128, -126, -128, -128, -118, -128, -127, -128, -128, -128, -128, -125, -128, -101, -128, -74, -128, -38, -121, -7, -98, 16, -73, 34, -43, 40, -10, 43, 27, 36, 57, 29, 85, 15, 99, 122, 48, 124, 56, 127, 61, 127, 65, 127, 72, 119, 77, 118, 73, 110, 74, 98, 69, 101, 57, 86, 43, 78, 31, 80, 17, 74, 1, 64, -14, 57, -35, 47, -43, 38, -57, 29, -67, 14, -78, -10, -95, -25, -115, -55, -128, -63, -128, -74, -128, -89, -128]",esp32_1
CSI_DATA,132982,2025-08-27 15:31:17.031,0,stand,00:00:00:00:00:00,-41,11,0,0,0,0,0,0,0,0,0,-97,0,1,0,748011753,0,14,0,0,0,104,0,"[0, 0, 110, 127, 93, 127, 84, 127, 78, 127, 77, 127, 81, 127, 87, 127, 93, 127, 95, 127, 93, 127, 89, 127, 85, 105, 83, 78, 83, 48, 86, 17, 95, -13, 110, -38, 127, -53, 127, -60, 127, -56, 127, -45, 127, -30, 127, -13, 127, 3, 127, 14, -128, 21, -128, -2, -128, -28, -128, -42, -128, -43, -90, -29, -54, 0, -28, 41, -15, 89, -16, 127, -29, 127, -50, 127, -76, 127, -103, 127, -120, 127, -128, 127, -125, 127, -107, 127, -77, 127, -38, 127, 6, 127, 50, 127, 91, 127, 123, 127, 127, 127, 127, 127]",esp32_2
CSI_DATA,132983,2025-08-27 15:31:17.063,0,stand,00:00:00:00:00:00,-41,11,0,0,0,0,0,0,0,0,0,-97,0,1,0,748021717,0,14,0,0,0,104,0,"[0, 0, -128, 127, -128, 127, -128, 127, -128, 127, -128, 127, -128, 127, -128, 127, -114, 127, -96, 127, -78, 127, -62, 127, -45, 127, -23, 112, 2, 94, 31, 79, 62, 71, 91, 71, 114, 82, 127, 98, 127, 116, 127, 127, 127, 127, 109, 127, 88, 127, 71, 127, -128, -128, -118, -128, -84, -128, -55, -128, -34, -128, -24, -91, -29, -45, -50, -1, -84, 36, -127, 62, -128, 74, -128, 71, -128, 58, -128, 42, -128, 26, -128, 14, -128, 9, -128, 16, -128, 35, -128, 65, -128, 104, -128, 127, -128, 127, -128, 127, -128, 127, -128, 127]",esp32_2
CSI_DATA,130073,2025-08-27 15:31:17.095,0,stand,00:00:00:00:00:00,-66,11,0,0,0,0,0,0,0,0,0,-97,0,1,0,3888669101,0,14,0,0,0,104,0,"[0, 0, 127, 122, 127, 121, 127, 118, 127, 101, 127, 84, 127, 65, 127, 41, 127, 23, 127, 6, 127, -7, 127, -12, 127, -3, 127, -2, 127, 17, 127, 30, 127, 46, 106, 58, 68, 60, 39, 58, 1, 49, -27, 38, -51, 19, -74, -4, -86, -33, -86, -60, -128, 7, -128, 6, -128, 6, -128, -1, -128, -7, -128, -12, -128, -15, -128, -15, -117, -10, -109, -7, -90, 5, -78, 11, -71, 10, -57, 28, -43, 31, -31, 52, -19, 58, -3, 58, 13, 58, 34, 59, 60, 54, 83, 66, 121, 79, 127, 75, 127, 88, 127, 104]",esp32_1
CSI_DATA,130074,2025-08-27 15:31:17.127,0,stand,00:00:00:00:00:00,-65,11,0,0,0,0,0,0,0,0,0,-97,0,1,0,3889315528,0,14,0,0,0,104,0,"[0, 0, 127, 127, 127, 127, 127, 127, 127, 127, 127, 115, 127, 100, 127, 88, 127, 66, 127, 57, 127, 53, 127, 61, 127, 68, 127, 72, 127, 82, 127, 89, 114, 94, 81, 90, 50, 86, 22, 64, -6, 43, -20, 18, -33, -12, -35, -38, -35, -67, -25, -84, -122, 50, -128, 47, -128, 44, -128, 41, -128, 39, -128, 29, -128, 24, -128, 20, -128, 17, -127, 21, -112, 24, -98, 34, -91, 29, -82, 36, -71, 46, -50, 56, -41, 61, -26, 65, -17, 60, 4, 61, 29, 64, 53, 72, 89, 78, 106, 90, 127, 99, 127, 117]",esp32_1
CSI_DATA,132985,2025-08-27 15:31:17.135,0,stand,00:00:00:00:00:00,-41,11,0,0,0,0,0,0,0,0,0,-97,0,1,0,748041751,0,14,0,0,0,104,0,"[0, 0, -128, 58, -128, 43, -128, 36, -128, 35, -128, 42, -128, 50, -128, 58, -128, 67, -128, 72, -128, 75, -128, 75, -116, 74, -88, 75, -58, 76, -26, 82, 6, 96, 30, 114, 43, 127, 48, 127, 43, 127, 31, 127, 15, 127, -2, 127, -19, 127, -30, 127, 35, -128, 55, -128, 73, -128, 78, -128, 70, -116, 48, -79, 12, -50, -35, -34, -85, -31, -128, -42, -128, -64, -128, -91, -128, -119, -128, -128, -128, -128, -128, -128, -128, -128, -128, -128, -128, -104, -128, -61, -128, -17, -128, 24, -128, 61, -128, 88, -128, 99, -128, 99]",esp32_2
CSI_DATA,130075,2025-08-27 15:31:17.158,0,stand,00:00:00:00:00:00,-65,11,0,0,0,0,0,0,0,0,0,-97,0,1,0,3889325505,0,14,0,0,0,104,0,"[0, 0, -128, -33, -128, -35, -128, -35, -128, -27, -128, -19, -128, -6, -128, 5, -128, 29, -128, 38, -128, 46, -128, 49, -128, 43, -128, 35, -128, 19, -128, 0, -128, -19, -122, -31, -88, -40, -54, -43, -19, -37, 10, -32, 34, -9, 52, 10, 63, 39, 65, 59, 79, -101, 86, -105, 92, -107, 98, -104, 114, -102, 114, -99, 109, -95, 111, -91, 100, -85, 101, -79, 82, -80, 69, -80, 60, -68, 47, -73, 34, -69, 15, -79, 3, -78, -8, -72, -22, -54, -36, -47, -58, -37, -81, -32, -120, -28, -128, -15, -128, -16, -128, -20]",esp32_1
CSI_DATA,132986,2025-08-27 15:31:17.167,0,stand,00:00:00:00:00:00,-41,11,0,0,0,0,0,0,0,0,0,-97,0,1,0,748052025,0,14,0,0,0,104,0,"[0, 0, -128, 127, -128, 127, -128, 127, -128, 127, -128, 127, -128, 127, -125, 127, -105, 127, -87, 127, -70, 127, -55, 127, -38, 127, -17, 113, 9, 95, 37, 79, 68, 69, 97, 68, 120, 77, 127, 92, 127, 108, 127, 125, 127, 127, 116, 127, 94, 127, 77, 127, -128, -128, -128, -128, -94, -128, -63, -128, -40, -128, -28, -90, -31, -43, -49, 2, -80, 40, -122, 68, -128, 84, -128, 83, -128, 71, -128, 56, -128, 41, -128, 29, -128, 23, -128, 28, -128, 46, -128, 75, -128, 113, -128, 127, -128, 127, -128, 127, -128, 127, -128, 127]",esp32_2
CSI_DATA,130076,2025-08-27 15:31:17.189,0,stand,00:00:00:00:00:00,-65,11,0,0,0,0,0,0,0,0,0,-97,0,1,0,3889335464,0,14,0,0,0,104,0,"[0, 0, -128, 34, -128, 24, -128, 17, -128, 28, -128, 35, -128, 44, -128, 60, -128, 73, -128, 80, -128, 90, -128, 98, -128, 85, -128, 80, -128, 65, -128, 42, -128, 18, -128, 1, -97, -19, -67, -28, -32, -28, 1, -33, 34, -20, 54, -2, 72, 22, 78, 39, 50, -116, 58, -123, 63, -128, 66, -127, 77, -128, 82, -128, 82, -118, 84, -121, 82, -115, 75, -101, 58, -105, 49, -96, 35, -82, 26, -85, 14, -74, -4, -86, -12, -74, -27, -68, -37, -46, -48, -35, -68, -17, -88, -4, -120, 7, -128, 24, -128, 32, -128, 28]",esp32_1
CSI_DATA,132987,2025-08-27 15:31:17.194,0,stand,00:00:00:00:00:00,-41,11,0,0,0,0,0,0,0,0,0,-97,0,1,0,748061705,0,14,0,0,0,104,0,"[0, 0, -94, 127, -101, 127, -97, 127, -89, 127, -75, 127, -57, 127, -40, 127, -24, 127, -11, 127, 0, 127, 7, 127, 16, 127, 29, 116, 44, 92, 63, 69, 88, 50, 114, 40, 127, 41, 127, 50, 127, 63, 127, 80, 127, 95, 127, 106, 127, 111, 112, 112, -128, -67, -128, -84, -128, -97, -128, -97, -105, -84, -75, -57, -55, -18, -49, 28, -57, 75, -78, 119, -109, 127, -128, 127, -128, 127, -128, 127, -128, 127, -128, 127, -128, 127, -128, 125, -128, 127, -116, 127, -82, 127, -54, 127, -33, 127, -23, 127, -23, 127, -31, 127]",esp32_2
CSI_DATA,130077,2025-08-27 15:31:17.216,0,stand,00:00:00:00:00:00,-66,11,0,0,0,0,0,0,0,0,0,-97,0,1,0,3889345451,0,14,0,0,0,104,0,"[0, 0, 127, -47, 127, -44, 127, -37, 127, -45, 127, -58, 127, -69, 127, -84, 127, -106, 127, -117, 127, -128, 127, -128, 127, -128, 127, -122, 127, -102, 127, -82, 127, -44, 127, -13, 124, 7, 83, 32, 43, 41, 2, 49, -36, 39, -71, 25, -94, -1, -107, -21, -86, 126, -97, 127, -103, 127, -114, 127, -120, 127, -128, 127, -122, 127, -128, 126, -117, 117, -110, 102, -90, 105, -73, 101, -60, 87, -43, 83, -23, 87, -10, 88, 5, 86, 26, 76, 41, 52, 58, 36, 82, 11, 108, -2, 127, -14, 127, -32, 127, -45, 127, -44]",esp32_1
CSI_DATA,130078,2025-08-27 15:31:17.238,0,stand,00:00:00:00:00:00,-66,11,0,0,0,0,0,0,0,0,0,-97,0,1,0,3889357508,0,14,0,0,0,104,0,"[0, 0, -22, 127, -8, 127, 6, 127, 4, 127, 5, 127, 14, 127, 43, 127, 61, 127, 80, 127, 111, 127, 115, 127, 113, 127, 105, 127, 70, 127, 50, 127, 21, 127, -15, 127, -54, 122, -67, 88, -63, 31, -44, -15, -32, -46, -16, -81, -3, -104, 35, -117, -128, -111, -128, -128, -128, -128, -128, -128, -128, -128, -128, -128, -103, -128, -97, -128, -88, -128, -99, -128, -93, -117, -84, -102, -97, -73, -104, -51, -99, -42, -77, -23, -86, -7, -74, 16, -83, 44, -74, 62, -56, 89, -36, 127, -5, 127, 0, 127, 1, 127, 15, 127]",esp32_1
CSI_DATA,130079,2025-08-27 15:31:17.286,0,stand,00:00:00:00:00:00,-65,11,0,0,0,0,0,0,0,0,0,-97,0,1,0,3889366289,0,14,0,0,0,104,0,"[0, 0, 127, -89, 127, -84, 127, -73, 127, -80, 127, -81, 127, -91, 127, -108, 127, -128, 127, -128, 127, -128, 127, -128, 127, -128, 127, -128, 127, -128, 127, -100, 127, -60, 127, -31, 126, 3, 93, 18, 48, 33, 5, 50, -38, 37, -68, 18, -96, 0, -113, -18, -48, 127, -59, 127, -68, 127, -73, 127, -88, 127, -87, 127, -90, 127, -97, 127, -86, 127, -79, 127, -61, 127, -48, 122, -31, 105, -22, 103, -1, 88, 16, 97, 27, 85, 45, 77, 53, 46, 73, 33, 85, 13, 115, -21, 127, -32, 127, -60, 127, -81, 127, -78]",esp32_1
CSI_DATA,132989,2025-08-27 15:31:17.286,0,stand,00:00:00:00:00:00,-42,11,0,0,0,0,0,0,0,0,0,-97,0,1,0,748087427,0,14,0,0,0,104,0,"[0, 0, 127, 127, 127, 127, 127, 127, 127, 127, 127, 127, 127, 127, 127, 127, 127, 127, 127, 108, 127, 88, 127, 70, 127, 52, 114, 30, 100, 3, 88, -26, 82, -58, 85, -89, 99, -113, 117, -128, 127, -128, 127, -128, 127, -121, 127, -102, 127, -80, 127, -62, -128, 104, -128, 75, -128, 40, -128, 14, -128, 0, -92, -1, -45, 15, -4, 46, 28, 88, 47, 127, 52, 127, 43, 127, 25, 127, 4, 127, -13, 127, -25, 127, -27, 127, -15, 127, 10, 127, 46, 127, 91, 127, 127, 127, 127, 127, 127, 127, 127, 127, 127, 127]",esp32_2
CSI_DATA,130080,2025-08-27 15:31:17.312,0,stand,00:00:00:00:00:00,-65,11,0,0,0,0,0,0,0,0,0,-97,0,1,0,3889375442,0,14,0,0,0,104,0,"[0, 0, -128, 43, -128, 31, -128, 32, -128, 38, -128, 46, -128, 52, -128, 64, -128, 83, -128, 93, -128, 105, -128, 109, -128, 104, -128, 101, -128, 85, -128, 60, -128, 35, -126, 14, -102, -8, -71, -24, -33, -30, 2, -37, 27, -31, 56, -14, 76, 3, 87, 24, 67, -109, 75, -114, 77, -119, 86, -120, 92, -119, 97, -118, 94, -108, 97, -109, 90, -101, 84, -92, 67, -93, 57, -92, 47, -80, 30, -75, 22, -72, 0, -81, -9, -70, -20, -67, -33, -47, -45, -34, -69, -17, -89, 0, -117, 5, -128, 29, -128, 37, -128, 27]",esp32_1
CSI_DATA,132990,2025-08-27 15:31:17.312,0,stand,00:00:00:00:00:00,-42,11,0,0,0,0,0,0,0,0,0,-97,0,1,0,748104179,0,14,0,0,0,104,0,"[0, 0, -91, -128, -76, -128, -63, -128, -58, -128, -58, -128, -62, -128, -68, -128, -75, -128, -80, -128, -81, -128, -81, -120, -78, -97, -75, -71, -75, -43, -78, -14, -88, 15, -103, 38, -124, 51, -128, 56, -128, 53, -128, 41, -128, 25, -128, 7, -128, -9, -128, -21, 127, 5, 127, 26, 127, 47, 127, 57, 110, 54, 74, 37, 43, 6, 24, -36, 17, -82, 22, -126, 39, -128, 62, -128, 88, -128, 111, -128, 125, -128, 127, -128, 122, -128, 103, -128, 73, -128, 37, -128, -5, -128, -45, -128, -78, -128, -104, -128, -118, -128, -123, -128]",esp32_2
CSI_DATA,130081,2025-08-27 15:31:17.334,0,stand,00:00:00:00:00:00,-65,11,0,0,0,0,0,0,0,0,0,-97,0,1,0,3889385428,0,14,0,0,0,104,0,"[0, 0, 127, -37, 127, -35, 127, -31, 127, -40, 127, -42, 127, -50, 127, -65, 127, -86, 127, -95, 127, -105, 127, -106, 127, -103, 127, -97, 127, -82, 127, -59, 127, -36, 127, -7, 98, 12, 70, 25, 34, 31, -3, 32, -31, 26, -57, 13, -77, -9, -85, -26, -60, 112, -70, 118, -74, 121, -84, 124, -87, 123, -93, 124, -93, 113, -94, 110, -84, 104, -82, 95, -64, 96, -51, 91, -45, 78, -30, 77, -19, 71, 2, 81, 10, 72, 24, 63, 36, 46, 52, 30, 64, 15, 90, 1, 115, -6, 127, -32, 127, -40, 127, -32]",esp32_1
CSI_DATA,132991,2025-08-27 15:31:17.334,0,stand,00:00:00:00:00:00,-42,11,0,0,0,0,0,0,0,0,0,-97,0,1,0,748104544,0,14,0,0,0,104,0,"[0, 0, 17, -128, 27, -128, 27, -128, 21, -128, 10, -128, -5, -128, -22, -128, -37, -128, -48, -128, -56, -128, -61, -128, -62, -118, -63, -84, -66, -48, -74, -11, -89, 26, -109, 54, -128, 70, -128, 78, -128, 76, -128, 66, -128, 51, -128, 31, -128, 11, -128, -2, 127, 127, 127, 127, 110, 127, 73, 127, 45, 127, 24, 94, 17, 41, 29, -15, 53, -68, 86, -111, 126, -128, 127, -128, 127, -128, 127, -128, 127, -128, 127, -125, 127, -115, 127, -115, 127, -124, 104, -128, 60, -128, 22, -128, -9, -128, -30, -128, -36, -128, -31, -128]",esp32_2
CSI_DATA,132992,2025-08-27 15:31:17.366,0,stand,00:00:00:00:00:00,-40,11,0,0,0,0,0,0,0,0,0,-97,0,1,0,748113265,0,14,0,0,0,104,0,"[0, 0, -108, 127, -115, 127, -110, 127, -101, 127, -85, 127, -65, 127, -44, 127, -26, 127, -11, 127, 3, 127, 12, 127, 22, 127, 36, 114, 55, 87, 76, 61, 100, 39, 126, 26, 127, 24, 127, 31, 127, 43, 127, 59, 127, 76, 127, 89, 127, 97, 127, 100, -128, -128, -128, -128, -128, -128, -122, -128, -87, -119, -60, -81, -47, -33, -49, 17, -66, 68, -98, 111, -128, 127, -128, 127, -128, 127, -128, 127, -128, 127, -128, 127, -128, 118, -128, 114, -128, 121, -128, 127, -95, 127, -66, 127, -46, 127, -37, 127, -38, 127, -45, 127]",esp32_2
CSI_DATA,130082,2025-08-27 15:31:17.376,0,stand,00:00:00:00:00:00,-65,11,0,0,0,0,0,0,0,0,0,-97,0,1,0,3889395435,0,14,0,0,0,104,0,"[0, 0, 117, -128, 119, -128, 111, -128, 106, -128, 85, -128, 70, -128, 54, -128, 42, -128, 31, -128, 21, -128, 20, -128, 24, -128, 29, -128, 50, -128, 65, -128, 62, -128, 78, -105, 77, -69, 67, -34, 48, -7, 22, 18, -2, 40, -31, 49, -50, 51, -73, 46, 47, 117, 49, 126, 43, 127, 41, 127, 35, 127, 33, 127, 25, 127, 25, 127, 24, 127, 27, 119, 24, 117, 30, 103, 38, 81, 48, 71, 50, 57, 53, 48, 54, 42, 57, 23, 62, -2, 61, -19, 60, -44, 61, -76, 63, -95, 75, -128, 82, -128, 91, -128]",esp32_1
CSI_DATA,130083,2025-08-27 15:31:17.397,0,stand,00:00:00:00:00:00,-66,11,0,0,0,0,0,0,0,0,0,-97,0,1,0,3889405432,0,14,0,0,0,104,0,"[0, 0, -98, 127, -97, 127, -91, 127, -84, 127, -72, 127, -53, 127, -37, 127, -22, 127, -8, 127, -2, 127, 4, 127, -4, 127, -9, 127, -26, 127, -44, 127, -48, 127, -65, 106, -66, 74, -60, 37, -48, 9, -28, -21, -4, -39, 21, -55, 40, -61, 63, -59, -54, -106, -54, -118, -50, -128, -49, -128, -45, -128, -39, -128, -35, -128, -34, -128, -27, -126, -35, -116, -31, -108, -32, -94, -40, -75, -53, -63, -53, -51, -55, -46, -56, -35, -60, -18, -60, 5, -57, 20, -50, 50, -56, 73, -52, 95, -59, 127, -62, 127, -75, 127]",esp32_1
CSI_DATA,132993,2025-08-27 15:31:17.397,0,stand,00:00:00:00:00:00,-40,11,0,0,0,0,0,0,0,0,0,-97,0,1,0,748121693,0,14,0,0,0,104,0,"[0, 0, 127, 26, 127, 35, 127, 37, 127, 34, 127, 25, 127, 10, 127, -6, 127, -22, 127, -36, 127, -46, 127, -52, 127, -57, 102, -63, 72, -73, 41, -87, 12, -107, -7, -128, -14, -128, -14, -128, -5, -128, 10, -128, 27, -128, 44, -128, 58, -128, 67, -128, -101, 127, -117, 127, -126, 127, -121, 127, -103, 102, -72, 69, -29, 49, 23, 43, 76, 53, 125, 76, 127, 109, 127, 127, 127, 127, 127, 127, 127, 127, 127, 127, 127, 127, 127, 127, 127, 127, 127, 97, 127, 56, 127, 20, 127, -8, 127, -28, 127, -32, 127, -25]",esp32_2
CSI_DATA,132994,2025-08-27 15:31:17.419,0,stand,00:00:00:00:00:00,-40,11,0,0,0,0,0,0,0,0,0,-97,0,1,0,748131726,0,14,0,0,0,104,0,"[0, 0, 127, -128, 127, -128, 127, -128, 127, -122, 127, -115, 127, -112, 127, -115, 127, -120, 127, -122, 127, -123, 114, -118, 90, -111, 62, -105, 30, -99, -5, -97, -38, -102, -65, -114, -83, -128, -94, -128, -95, -128, -87, -128, -73, -128, -53, -128, -32, -128, -17, -128, 15, 127, -9, 127, -35, 127, -47, 127, -47, 127, -33, 95, -4, 56, 39, 27, 91, 13, 127, 11, 127, 22, 127, 43, 127, 68, 127, 92, 127, 109, 127, 115, 127, 111, 127, 92, 127, 59, 127, 17, 127, -31, 127, -81, 127, -128, 127, -128, 127, -128, 127, -128]",esp32_2
CSI_DATA,130084,2025-08-27 15:31:17.430,0,stand,00:00:00:00:00:00,-66,11,0,0,0,0,0,0,0,0,0,-97,0,1,0,3889415480,0,14,0,0,0,104,0,"[0, 0, -128, -128, -128, -128, -128, -128, -128, -128, -128, -112, -128, -95, -128, -74, -128, -57, -128, -42, -128, -25, -128, -38, -128, -42, -128, -44, -128, -65, -128, -78, -128, -85, -122, -91, -75, -93, -37, -79, 0, -59, 23, -33, 48, 1, 58, 24, 71, 66, 65, 91, 127, -48, 127, -44, 127, -38, 127, -37, 127, -29, 127, -24, 127, -17, 127, -20, 127, -13, 127, -19, 127, -27, 114, -35, 110, -30, 99, -43, 82, -45, 61, -66, 40, -68, 24, -74, 12, -70, -13, -66, -43, -70, -72, -77, -122, -84, -128, -93, -128, -103, -128, -125]",esp32_1
CSI_DATA,132995,2025-08-27 15:31:17.444,0,stand,00:00:00:00:00:00,-40,11,0,0,0,0,0,0,0,0,0,-97,0,1,0,748141698,0,14,0,0,0,104,0,"[0, 0, -128, -56, -128, -63, -128, -63, -128, -59, -128, -47, -128, -33, -128, -18, -128, -4, -128, 8, -128, 18, -128, 25, -111, 32, -89, 41, -65, 51, -41, 66, -20, 86, -8, 106, -4, 127, -6, 127, -15, 127, -29, 127, -44, 127, -56, 127, -65, 127, -70, 125, 93, -128, 105, -128, 112, -128, 106, -107, 90, -77, 63, -52, 25, -38, -16, -36, -59, -47, -97, -68, -126, -97, -128, -126, -128, -128, -128, -128, -128, -128, -120, -128, -111, -128, -108, -128, -111, -124, -123, -91, -128, -60, -128, -33, -128, -12, -128, 0, -128, 1, -128, -5]",esp32_2
CSI_DATA,130085,2025-08-27 15:31:17.452,0,stand,00:00:00:00:00:00,-65,11,0,0,0,0,0,0,0,0,0,-97,0,1,0,3889425451,0,14,0,0,0,104,0,"[0, 0, -127, -128, -120, -128, -128, -128, -118, -128, -117, -128, -123, -128, -128, -128, -128, -126, -128, -119, -128, -111, -128, -115, -128, -128, -128, -126, -128, -128, -117, -128, -94, -128, -52, -122, -23, -103, 6, -81, 20, -48, 32, -16, 40, 22, 32, 47, 26, 81, 11, 98, 127, 11, 127, 12, 127, 21, 127, 24, 127, 32, 127, 42, 127, 44, 127, 49, 127, 43, 127, 36, 117, 26, 103, 15, 100, 8, 93, -6, 87, -17, 68, -34, 54, -40, 44, -47, 33, -55, 19, -62, -7, -75, -32, -92, -67, -108, -79, -128, -101, -128, -119, -128]",esp32_1
CSI_DATA,132996,2025-08-27 15:31:17.476,0,stand,00:00:00:00:00:00,-40,11,0,0,0,0,0,0,0,0,0,-97,0,1,0,748151738,0,14,0,0,0,104,0,"[0, 0, -9, -128, 7, -128, 14, -128, 14, -128, 6, -128, -5, -128, -19, -128, -33, -128, -43, -128, -51, -128, -57, -128, -61, -128, -68, -100, -78, -68, -91, -37, -109, -9, -128, 11, -128, 19, -128, 17, -128, 9, -128, -6, -128, -25, -128, -43, -128, -57, -128, -66, 127, 62, 127, 82, 127, 98, 127, 100, 116, 88, 79, 60, 51, 19, 38, -30, 41, -83, 59, -128, 88, -128, 119, -128, 127, -128, 127, -128, 127, -128, 127, -128, 127, -128, 127, -128, 125, -128, 83, -128, 39, -128, 0, -128, -32, -128, -53, -128, -62, -128, -60, -128]",esp32_2
CSI_DATA,130086,2025-08-27 15:31:17.484,0,stand,00:00:00:00:00:00,-66,11,0,0,0,0,0,0,0,0,0,-97,0,1,0,3889435869,0,14,0,0,0,104,0,"[0, 0, -128, 127, -128, 127, -128, 127, -126, 127, -99, 127, -89, 127, -67, 127, -54, 127, -47, 127, -33, 127, -37, 127, -40, 127, -44, 127, -64, 127, -78, 127, -83, 127, -87, 105, -88, 65, -69, 39, -54, 2, -23, -26, 6, -43, 30, -52, 58, -55, 81, -50, -44, -126, -43, -128, -37, -128, -40, -128, -29, -128, -25, -128, -19, -128, -17, -128, -19, -128, -22, -128, -17, -124, -27, -112, -36, -89, -46, -75, -54, -70, -56, -59, -59, -49, -59, -30, -63, -5, -62, 20, -65, 44, -70, 71, -75, 99, -85, 127, -97, 127, -109, 127]",esp32_1
CSI_DATA,132997,2025-08-27 15:31:17.496,0,stand,00:00:00:00:00:00,-40,11,0,0,0,0,0,0,0,0,0,-97,0,1,0,748161833,0,14,0,0,0,104,0,"[0, 0, 127, -128, 127, -128, 127, -128, 127, -128, 127, -128, 127, -128, 127, -128, 127, -128, 127, -128, 126, -128, 102, -128, 76, -118, 49, -109, 18, -100, -16, -95, -50, -98, -79, -107, -98, -124, -111, -128, -113, -128, -107, -128, -94, -128, -74, -128, -50, -128, -33, -128, 45, 127, 19, 127, -9, 127, -26, 127, -32, 127, -23, 97, 1, 54, 40, 21, 91, 0, 127, -7, 127, -2, 127, 14, 127, 38, 127, 63, 127, 80, 127, 86, 127, 82, 127, 65, 127, 34, 127, -7, 127, -55, 127, -107, 127, -128, 127, -128, 127, -128, 127, -128]",esp32_2
CSI_DATA,130087,2025-08-27 15:31:17.508,0,stand,00:00:00:00:00:00,-66,11,0,0,0,0,0,0,0,0,0,-97,0,1,0,3889447143,0,14,0,0,0,104,0,"[0, 0, -128, 127, -128, 127, -128, 127, -128, 127, -128, 127, -128, 127, -122, 127, -114, 127, -104, 127, -92, 127, -93, 127, -98, 127, -105, 127, -122, 127, -128, 127, -123, 123, -128, 84, -114, 48, -91, 16, -63, -15, -17, -34, 18, -51, 48, -55, 78, -46, 100, -33, -4, -128, 1, -128, 7, -128, 14, -128, 21, -128, 23, -128, 31, -128, 36, -128, 36, -128, 25, -128, 20, -128, 8, -127, -8, -105, -26, -97, -35, -85, -42, -84, -50, -68, -64, -57, -69, -25, -75, 2, -87, 26, -96, 62, -110, 81, -128, 123, -128, 127, -128, 127]",esp32_1
CSI_DATA,132998,2025-08-27 15:31:17.523,0,stand,00:00:00:00:00:00,-40,11,0,0,0,0,0,0,0,0,0,-97,0,1,0,748172579,0,14,0,0,0,104,0,"[0, 0, 127, 127, 127, 127, 127, 127, 127, 127, 127, 117, 127, 93, 127, 69, 127, 48, 127, 30, 127, 13, 127, -1, 127, -14, 114, -32, 89, -51, 65, -74, 45, -101, 35, -128, 36, -128, 44, -128, 56, -128, 73, -128, 90, -128, 104, -128, 113, -128, 115, -128, -128, 127, -128, 127, -128, 127, -128, 98, -128, 67, -91, 45, -43, 37, 9, 46, 57, 72, 97, 109, 123, 127, 127, 127, 127, 127, 120, 127, 108, 127, 96, 127, 88, 127, 90, 127, 102, 127, 125, 127, 127, 109, 127, 86, 127, 74, 127, 70, 127, 77, 127, 92]",esp32_2
CSI_DATA,132999,2025-08-27 15:31:17.545,0,stand,00:00:00:00:00:00,-40,11,0,0,0,0,0,0,0,0,0,-97,0,1,0,748181714,0,14,0,0,0,104,0,"[0, 0, -94, -128, -75, -128, -63, -128, -57, -128, -58, -128, -63, -128, -70, -128, -78, -128, -84, -128, -87, -128, -87, -128, -88, -121, -92, -94, -97, -64, -104, -33, -118, -5, -128, 15, -128, 25, -128, 26, -128, 19, -128, 4, -128, -16, -128, -35, -128, -50, -128, -57, 127, -42, 127, -19, 127, 6, 127, 20, 127, 24, 99, 13, 64, -14, 37, -52, 23, -99, 24, -128, 39, -128, 62, -128, 87, -128, 110, -128, 124, -128, 127, -128, 124, -128, 106, -128, 77, -128, 38, -128, -7, -128, -49, -128, -85, -128, -114, -128, -128, -128, -128, -128]",esp32_2
CSI_DATA,133000,2025-08-27 15:31:17.567,0,stand,00:00:00:00:00:00,-42,11,0,0,0,0,0,0,0,0,0,-97,0,1,0,748194142,0,14,0,0,0,104,0,"[0, 0, -128, 127, -128, 127, -128, 127, -127, 127, -111, 127, -89, 127, -66, 127, -46, 127, -27, 127, -10, 127, 4, 127, 15, 127, 30, 104, 48, 78, 70, 53, 95, 32, 122, 22, 127, 23, 127, 29, 127, 42, 127, 58, 127, 73, 127, 84, 127, 93, 127, 98, -128, -128, -128, -128, -115, -128, -81, -128, -54, -128, -36, -87, -32, -38, -45, 11, -70, 57, -104, 95, -128, 120, -128, 127, -128, 124, -128, 112, -128, 99, -128, 86, -128, 78, -128, 80, -128, 92, -128, 115, -106, 127, -81, 127, -64, 127, -57, 127, -62, 127, -74, 127]",esp32_2
CSI_DATA,133001,2025-08-27 15:31:17.589,0,stand,00:00:00:00:00:00,-41,11,0,0,0,0,0,0,0,0,0,-97,0,1,0,748201721,0,14,0,0,0,104,0,"[0, 0, -128, -90, -128, -98, -128, -96, -128, -86, -128, -68, -128, -48, -128, -29, -128, -12, -128, 3, -128, 17, -128, 28, -127, 37, -100, 49, -71, 63, -41, 79, -14, 101, 4, 127, 10, 127, 9, 127, 0, 127, -16, 127, -35, 127, -53, 127, -66, 127, -73, 127, 127, -128, 127, -128, 127, -125, 127, -90, 125, -60, 85, -39, 36, -33, -15, -43, -64, -67, -105, -101, -128, -128, -128, -128, -128, -128, -128, -128, -123, -128, -112, -128, -104, -128, -103, -128, -112, -128, -128, -121, -128, -87, -128, -57, -128, -35, -128, -25, -128, -27, -128, -37]",esp32_2
CSI_DATA,130089,2025-08-27 15:31:17.603,0,stand,00:00:00:00:00:00,-65,11,0,0,0,0,0,0,0,0,0,-97,0,1,0,3889468308,0,14,0,0,0,104,0,"[0, 0, -128, -128, -128, -128, -128, -128, -128, -128, -128, -128, -128, -119, -128, -108, -128, -95, -128, -87, -128, -81, -128, -86, -128, -93, -128, -97, -128, -104, -127, -110, -97, -109, -65, -105, -35, -86, -3, -68, 14, -42, 25, -16, 29, 15, 30, 41, 28, 67, 16, 85, 124, -29, 127, -26, 127, -17, 127, -17, 127, -14, 127, -1, 127, 1, 127, 5, 127, 7, 121, 0, 109, -6, 98, -14, 91, -14, 81, -26, 73, -33, 51, -46, 42, -52, 33, -60, 22, -61, 3, -64, -20, -69, -41, -81, -76, -87, -92, -107, -106, -122, -128, -128]",esp32_1
CSI_DATA,133002,2025-08-27 15:31:17.611,0,stand,00:00:00:00:00:00,-41,11,0,0,0,0,0,0,0,0,0,-97,0,1,0,748212080,0,14,0,0,0,104,0,"[0, 0, 127, 106, 127, 113, 127, 110, 127, 101, 127, 84, 127, 64, 127, 44, 127, 24, 127, 7, 127, -7, 127, -19, 126, -29, 100, -42, 73, -59, 47, -78, 23, -101, 8, -128, 5, -128, 9, -128, 21, -128, 37, -128, 55, -128, 71, -128, 84, -128, 90, -128, -128, 127, -128, 127, -128, 127, -128, 95, -126, 64, -87, 42, -39, 34, 13, 43, 63, 65, 104, 98, 127, 127, 127, 127, 127, 127, 127, 127, 122, 127, 109, 127, 100, 127, 101, 127, 110, 127, 127, 126, 127, 89, 127, 61, 127, 42, 127, 33, 127, 36, 127, 47]",esp32_2
CSI_DATA,130090,2025-08-27 15:31:17.634,0,stand,00:00:00:00:00:00,-65,11,0,0,0,0,0,0,0,0,0,-97,0,1,0,3889475423,0,14,0,0,0,104,0,"[0, 0, 127, -128, 127, -128, 127, -128, 120, -128, 101, -128, 85, -128, 68, -128, 52, -128, 43, -128, 36, -128, 36, -128, 38, -128, 45, -128, 65, -128, 76, -128, 78, -121, 83, -97, 79, -65, 67, -30, 44, -4, 21, 23, -13, 36, -35, 46, -59, 46, -76, 36, 43, 113, 44, 123, 34, 127, 36, 127, 30, 127, 25, 127, 19, 127, 15, 127, 17, 127, 20, 121, 20, 117, 23, 107, 34, 86, 41, 74, 45, 62, 52, 56, 53, 43, 57, 27, 61, 4, 64, -16, 61, -40, 66, -66, 73, -86, 88, -125, 100, -128, 107, -128]",esp32_1
CSI_DATA,133003,2025-08-27 15:31:17.634,0,stand,00:00:00:00:00:00,-41,11,0,0,0,0,0,0,0,0,0,-97,0,1,0,748221765,0,14,0,0,0,104,0,"[0, 0, -128, 127, -128, 127, -128, 127, -128, 127, -128, 127, -128, 127, -117, 127, -91, 127, -68, 127, -47, 127, -29, 127, -11, 126, 11, 102, 35, 77, 62, 52, 93, 32, 126, 22, 127, 23, 127, 32, 127, 47, 127, 63, 127, 80, 127, 94, 127, 104, 127, 109, -60, -128, -33, -128, -1, -128, 19, -128, 28, -128, 23, -96, 0, -47, -38, -4, -84, 28, -128, 47, -128, 51, -128, 42, -128, 25, -128, 6, -128, -9, -128, -17, -128, -16, -128, -1, -128, 27, -128, 67, -128, 118, -128, 127, -128, 127, -128, 127, -128, 127, -128, 127]",esp32_2
CSI_DATA,133004,2025-08-27 15:31:17.654,0,stand,00:00:00:00:00:00,-41,11,0,0,0,0,0,0,0,0,0,-97,0,1,0,748231724,0,14,0,0,0,104,0,"[0, 0, -128, 127, -128, 127, -128, 127, -128, 127, -128, 127, -128, 127, -128, 127, -128, 127, -118, 127, -94, 127, -70, 127, -47, 127, -18, 116, 14, 100, 47, 86, 81, 79, 114, 81, 127, 91, 127, 109, 127, 127, 127, 127, 127, 127, 127, 127, 109, 127, 90, 127, -85, -128, -56, -128, -23, -128, 0, -128, 13, -128, 11, -105, -10, -55, -47, -12, -94, 21, -128, 37, -128, 38, -128, 25, -128, 6, -128, -14, -128, -29, -128, -37, -128, -36, -128, -22, -128, 7, -128, 50, -128, 102, -128, 127, -128, 127, -128, 127, -128, 127, -128, 127]",esp32_2
CSI_DATA,130091,2025-08-27 15:31:17.664,0,stand,00:00:00:00:00:00,-65,11,0,0,0,0,0,0,0,0,0,-97,0,1,0,3889485456,0,14,0,0,0,104,0,"[0, 0, -128, -91, -128, -96, -128, -93, -128, -83, -128, -66, -128, -44, -128, -25, -128, -5, -128, 10, -128, 21, -128, 20, -128, 12, -128, 7, -128, -15, -128, -38, -128, -58, -128, -71, -97, -74, -59, -71, -12, -50, 20, -33, 47, -2, 64, 23, 73, 60, 73, 91, 123, -109, 127, -110, 127, -112, 127, -118, 127, -110, 127, -102, 127, -94, 127, -90, 127, -81, 127, -76, 116, -82, 103, -85, 92, -76, 76, -83, 59, -78, 31, -93, 21, -94, 6, -89, -11, -80, -35, -63, -66, -58, -98, -54, -128, -54, -128, -54, -128, -51, -128, -72]",esp32_1
CSI_DATA,133005,2025-08-27 15:31:17.675,0,stand,00:00:00:00:00:00,-41,11,0,0,0,0,0,0,0,0,0,-97,0,1,0,748265613,0,14,0,0,0,104,0,"[0, 0, -128, 127, -128, 127, -128, 127, -128, 127, -113, 127, -89, 127, -65, 127, -44, 127, -27, 127, -11, 127, 2, 127, 15, 118, 32, 94, 53, 69, 75, 44, 100, 23, 126, 10, 127, 7, 127, 13, 127, 24, 127, 40, 127, 58, 127, 73, 127, 84, 127, 88, -128, -128, -116, -128, -82, -128, -53, -128, -31, -128, -20, -93, -23, -45, -40, 3, -70, 44, -111, 74, -128, 92, -128, 96, -128, 88, -128, 78, -128, 69, -128, 61, -128, 58, -128, 63, -128, 80, -128, 107, -109, 127, -89, 127, -80, 127, -80, 127, -88, 127, -99, 127]",esp32_2
CSI_DATA,130092,2025-08-27 15:31:17.693,0,stand,00:00:00:00:00:00,-65,11,0,0,0,0,0,0,0,0,0,-97,0,1,0,3889495658,0,14,0,0,0,104,0,"[0, 0, -128, 127, -128, 127, -128, 127, -126, 127, -104, 127, -80, 127, -67, 127, -47, 127, -26, 127, -24, 127, -20, 127, -29, 127, -41, 127, -63, 127, -76, 127, -85, 127, -96, 127, -99, 85, -87, 45, -58, 7, -23, -29, 10, -46, 42, -59, 70, -61, 99, -52, -84, -128, -87, -128, -81, -128, -81, -128, -72, -128, -70, -128, -62, -128, -56, -128, -46, -128, -52, -128, -49, -128, -57, -124, -60, -99, -72, -87, -77, -74, -80, -59, -78, -47, -74, -29, -79, 8, -75, 32, -72, 61, -77, 97, -74, 124, -84, 127, -100, 127, -104, 127]",esp32_1
CSI_DATA,133006,2025-08-27 15:31:17.698,0,stand,00:00:00:00:00:00,-41,11,0,0,0,0,0,0,0,0,0,-97,0,1,0,748291920,0,14,0,0,0,104,0,"[0, 0, 127, -128, 127, -128, 127, -128, 127, -128, 127, -128, 122, -128, 97, -128, 73, -128, 52, -128, 32, -128, 15, -128, -2, -121, -21, -100, -43, -78, -67, -57, -94, -41, -122, -33, -128, -36, -128, -45, -128, -59, -128, -75, -128, -92, -128, -105, -128, -112, -124, -113, 127, 127, 108, 127, 73, 127, 44, 127, 24, 127, 13, 93, 19, 44, 40, -2, 73, -41, 116, -69, 127, -84, 127, -85, 127, -76, 127, -62, 127, -51, 127, -43, 127, -39, 127, -46, 127, -65, 127, -95, 122, -128, 106, -128, 102, -128, 107, -128, 118, -128, 127, -128]",esp32_2
CSI_DATA,133007,2025-08-27 15:31:17.718,0,stand,00:00:00:00:00:00,-41,11,0,0,0,0,0,0,0,0,0,-97,0,1,0,748315816,0,14,0,0,0,104,0,"[0, 0, 127, 13, 127, 24, 127, 27, 127, 27, 127, 22, 127, 12, 127, -2, 127, -17, 127, -31, 127, -45, 127, -53, 106, -59, 79, -66, 53, -75, 25, -87, -1, -106, -19, -128, -25, -128, -24, -128, -16, -128, -3, -128, 11, -128, 26, -128, 41, -128, 52, -128, -100, 127, -116, 127, -124, 127, -118, 124, -101, 91, -71, 62, -30, 42, 20, 37, 69, 46, 114, 66, 127, 94, 127, 126, 127, 127, 127, 127, 127, 127, 127, 127, 127, 127, 127, 127, 127, 124, 127, 85, 127, 44, 127, 9, 127, -21, 127, -43, 127, -49, 127, -42]",esp32_2
CSI_DATA,130093,2025-08-27 15:31:17.729,0,stand,00:00:00:00:00:00,-65,11,0,0,0,0,0,0,0,0,0,-97,0,1,0,3889505447,0,14,0,0,0,104,0,"[0, 0, -128, 72, -128, 64, -128, 61, -128, 68, -128, 72, -128, 78, -128, 89, -128, 106, -128, 117, -128, 127, -128, 127, -128, 127, -128, 124, -128, 110, -128, 88, -128, 62, -123, 36, -100, 7, -71, -8, -39, -22, -4, -35, 30, -28, 51, -22, 74, -4, 88, 14, 37, -121, 46, -125, 53, -128, 57, -128, 64, -128, 70, -128, 68, -127, 67, -124, 67, -119, 59, -105, 47, -109, 36, -100, 21, -88, 11, -84, 1, -73, -15, -80, -23, -71, -34, -60, -44, -42, -56, -25, -67, -4, -89, 21, -116, 28, -128, 54, -128, 67, -128, 65]",esp32_1
CSI_DATA,133008,2025-08-27 15:31:17.747,0,stand,00:00:00:00:00:00,-41,11,0,0,0,0,0,0,0,0,0,-97,0,1,0,748386771,0,14,0,0,0,104,0,"[0, 0, 127, -128, 127, -128, 127, -128, 127, -128, 127, -128, 127, -128, 105, -128, 80, -128, 58, -128, 37, -128, 19, -128, 1, -124, -19, -103, -40, -81, -64, -62, -93, -47, -124, -41, -128, -46, -128, -57, -128, -72, -128, -89, -128, -102, -128, -113, -128, -121, -123, -124, 117, 127, 91, 127, 55, 127, 29, 127, 14, 127, 9, 91, 17, 44, 42, 1, 76, -34, 115, -60, 127, -75, 127, -74, 127, -64, 127, -50, 127, -36, 127, -25, 127, -23, 127, -35, 127, -58, 127, -90, 127, -128, 120, -128, 117, -128, 124, -128, 127, -128, 127, -128]",esp32_2
CSI_DATA,130094,2025-08-27 15:31:17.757,0,stand,00:00:00:00:00:00,-66,11,0,0,0,0,0,0,0,0,0,-97,0,1,0,3889515423,0,14,0,0,0,104,0,"[0, 0, -128, 30, -128, 26, -128, 23, -128, 33, -128, 39, -128, 48, -128, 60, -128, 74, -128, 90, -128, 101, -128, 107, -128, 100, -128, 94, -128, 77, -128, 56, -128, 32, -124, 11, -95, -13, -69, -24, -34, -34, 1, -37, 32, -30, 54, -18, 76, 3, 88, 19, 71, -96, 79, -105, 83, -109, 89, -110, 96, -112, 103, -107, 101, -97, 99, -93, 94, -92, 85, -83, 73, -86, 58, -81, 48, -72, 35, -67, 21, -69, 8, -72, -2, -68, -18, -61, -30, -39, -42, -32, -61, -15, -86, -2, -117, 7, -128, 27, -128, 33, -128, 27]",esp32_1
CSI_DATA,133009,2025-08-27 15:31:17.768,0,stand,00:00:00:00:00:00,-41,11,0,0,0,0,0,0,0,0,0,-97,0,1,0,748423880,0,14,0,0,0,104,0,"[0, 0, -128, -128, -128, -128, -128, -128, -128, -128, -128, -128, -128, -111, -128, -84, -128, -60, -128, -39, -128, -20, -128, -4, -123, 13, -98, 31, -70, 50, -42, 73, -18, 102, -5, 127, -4, 127, -9, 127, -22, 127, -39, 127, -57, 127, -72, 127, -84, 127, -91, 127, 127, -127, 127, -100, 127, -64, 127, -35, 127, -15, 98, -7, 48, -16, -1, -41, -43, -77, -74, -120, -91, -128, -92, -128, -84, -128, -71, -128, -58, -128, -49, -128, -47, -128, -57, -128, -78, -128, -110, -128, -128, -120, -128, -101, -128, -90, -128, -89, -128, -101, -128, -118]",esp32_2
CSI_DATA,130095,2025-08-27 15:31:17.782,0,stand,00:00:00:00:00:00,-66,11,0,0,0,0,0,0,0,0,0,-97,0,1,0,3889525480,0,14,0,0,0,104,0,"[0, 0, 127, 127, 127, 127, 127, 127, 127, 127, 125, 127, 125, 118, 127, 102, 127, 87, 127, 78, 127, 69, 127, 79, 127, 85, 127, 89, 127, 97, 127, 103, 107, 102, 70, 105, 38, 87, 6, 67, -16, 44, -27, 20, -37, -9, -38, -35, -43, -66, -28, -86, -126, 5, -128, -2, -128, -6, -128, -10, -128, -17, -128, -23, -128, -25, -128, -34, -127, -29, -118, -21, -105, -12, -96, 0, -90, -2, -84, 14, -76, 19, -58, 35, -47, 40, -35, 47, -27, 49, -7, 56, 13, 63, 42, 74, 72, 86, 90, 101, 102, 121, 127, 127]",esp32_1
CSI_DATA,133010,2025-08-27 15:31:17.782,0,stand,00:00:00:00:00:00,-41,11,0,0,0,0,0,0,0,0,0,-97,0,1,0,748449359,0,14,0,0,0,104,0,"[0, 0, -128, -70, -128, -77, -128, -76, -128, -70, -128, -57, -128, -42, -128, -26, -128, -10, -128, 5, -128, 18, -110, 27, -87, 34, -64, 43, -39, 54, -14, 66, 11, 83, 27, 102, 35, 124, 37, 127, 32, 127, 21, 127, 7, 127, -8, 127, -22, 127, -32, 127, 127, -125, 127, -102, 127, -72, 127, -46, 115, -25, 79, -13, 36, -13, -6, -28, -44, -52, -74, -83, -94, -117, -102, -128, -99, -128, -91, -128, -82, -128, -75, -128, -72, -128, -76, -128, -87, -128, -106, -96, -128, -67, -128, -43, -128, -26, -128, -14, -128, -15, -128, -24]",esp32_2
CSI_DATA,133011,2025-08-27 15:31:17.811,0,stand,00:00:00:00:00:00,-41,11,0,0,0,0,0,0,0,0,0,-97,0,1,0,748486295,0,14,0,0,0,104,0,"[0, 0, 127, -118, 127, -99, 127, -86, 127, -76, 127, -70, 127, -71, 127, -76, 127, -83, 127, -88, 127, -91, 103, -90, 77, -86, 50, -84, 19, -85, -14, -88, -44, -95, -68, -108, -85, -128, -94, -128, -94, -128, -86, -128, -70, -128, -48, -128, -26, -128, -10, -128, -41, 127, -61, 127, -79, 127, -84, 127, -76, 116, -54, 79, -18, 48, 27, 29, 79, 23, 127, 32, 127, 50, 127, 74, 127, 99, 127, 121, 127, 127, 127, 127, 127, 125, 127, 103, 127, 69, 127, 27, 127, -18, 127, -64, 127, -104, 127, -128, 127, -128, 127, -128]",esp32_2
CSI_DATA,133012,2025-08-27 15:31:17.834,0,stand,00:00:00:00:00:00,-41,11,0,0,0,0,0,0,0,0,0,-97,0,1,0,748514339,0,14,0,0,0,104,0,"[0, 0, -128, -128, -128, -128, -128, -128, -128, -128, -128, -128, -128, -128, -128, -128, -128, -128, -128, -125, -126, -99, -117, -75, -105, -50, -94, -23, -82, 6, -72, 39, -67, 75, -72, 105, -85, 127, -102, 127, -121, 127, -128, 127, -128, 127, -128, 123, -128, 100, -128, 80, 127, 3, 127, 25, 127, 48, 127, 59, 127, 57, 86, 41, 48, 10, 20, -33, 4, -82, 0, -128, 9, -128, 26, -128, 48, -128, 69, -128, 83, -128, 87, -128, 80, -128, 59, -128, 28, -128, -14, -128, -64, -128, -115, -128, -128, -128, -128, -128, -128, -128, -128, -128]",esp32_2
CSI_DATA,133013,2025-08-27 15:31:17.857,0,stand,00:00:00:00:00:00,-40,11,0,0,0,0,0,0,0,0,0,-97,0,1,0,748534919,0,14,0,0,0,104,0,"[0, 0, -80, -128, -66, -128, -52, -128, -43, -128, -41, -128, -44, -128, -51, -128, -59, -128, -68, -128, -73, -128, -75, -110, -72, -84, -73, -57, -79, -30, -86, -1, -95, 27, -111, 50, -128, 64, -128, 69, -128, 65, -128, 54, -128, 37, -128, 16, -128, -2, -128, -16, 127, 44, 127, 62, 127, 79, 127, 83, 109, 75, 74, 53, 47, 17, 31, -26, 30, -74, 42, -121, 64, -128, 88, -128, 112, -128, 127, -128, 127, -128, 127, -128, 127, -128, 111, -128, 80, -128, 42, -128, 0, -128, -40, -128, -73, -128, -97, -128, -108, -128, -109, -128]",esp32_2
CSI_DATA,130097,2025-08-27 15:31:17.877,0,stand,00:00:00:00:00:00,-65,11,0,0,0,0,0,0,0,0,0,-97,0,1,0,3889545858,0,14,0,0,0,104,0,"[0, 0, -69, 127, -70, 127, -76, 127, -57, 127, -48, 127, -32, 127, -9, 127, 14, 127, 25, 127, 41, 127, 51, 127, 43, 127, 32, 127, 15, 127, -11, 127, -30, 127, -48, 127, -66, 110, -66, 67, -57, 25, -35, -20, -15, -48, 7, -70, 36, -90, 64, -88, -89, -120, -89, -128, -95, -128, -90, -128, -86, -128, -79, -128, -69, -128, -71, -128, -63, -128, -69, -128, -63, -125, -65, -106, -65, -84, -69, -69, -77, -53, -81, -42, -75, -27, -72, -14, -68, 13, -58, 43, -58, 67, -46, 103, -43, 127, -41, 127, -41, 127, -47, 127]",esp32_1
CSI_DATA,133014,2025-08-27 15:31:17.877,0,stand,00:00:00:00:00:00,-40,11,0,0,0,0,0,0,0,0,0,-97,0,1,0,748573972,0,14,0,0,0,104,0,"[0, 0, -128, 29, -128, 17, -128, 9, -128, 6, -128, 10, -128, 17, -128, 25, -128, 35, -128, 43, -128, 49, -108, 53, -86, 56, -62, 60, -36, 65, -9, 74, 16, 87, 36, 103, 46, 121, 49, 127, 44, 127, 33, 127, 18, 127, 0, 127, -16, 127, -27, 127, 74, -128, 87, -128, 95, -128, 93, -119, 80, -88, 55, -59, 21, -40, -19, -32, -63, -36, -104, -53, -128, -76, -128, -101, -128, -125, -128, -128, -128, -128, -128, -128, -128, -128, -128, -122, -128, -92, -128, -56, -128, -21, -128, 12, -128, 40, -128, 60, -128, 68, -128, 66]",esp32_2
CSI_DATA,133015,2025-08-27 15:31:17.905,0,stand,00:00:00:00:00:00,-41,11,0,0,0,0,0,0,0,0,0,-97,0,1,0,748606349,0,14,0,0,0,104,0,"[0, 0, 43, -128, 54, -128, 58, -128, 55, -128, 44, -128, 29, -128, 12, -128, -4, -128, -17, -128, -29, -128, -38, -128, -44, -108, -55, -82, -70, -56, -85, -30, -104, -7, -126, 9, -128, 16, -128, 14, -128, 5, -128, -11, -128, -32, -128, -50, -128, -63, -128, -72, 127, 104, 127, 117, 127, 125, 121, 119, 88, 101, 61, 70, 45, 27, 43, -20, 56, -69, 81, -112, 112, -128, 127, -128, 127, -128, 127, -128, 127, -128, 127, -128, 127, -128, 127, -128, 127, -128, 91, -128, 54, -128, 23, -128, 1, -128, -12, -128, -15, -128, -11, -128]",esp32_2
CSI_DATA,130098,2025-08-27 15:31:17.909,0,stand,00:00:00:00:00:00,-66,11,0,0,0,0,0,0,0,0,0,-97,0,1,0,3889555479,0,14,0,0,0,104,0,"[0, 0, 127, 10, 127, 18, 127, 12, 127, 5, 127, 2, 127, -20, 127, -31, 127, -49, 127, -62, 127, -78, 127, -79, 127, -73, 127, -63, 127, -46, 127, -25, 127, 8, 127, 16, 97, 31, 65, 41, 24, 38, -8, 34, -41, 20, -60, 2, -79, -25, -86, -46, -88, 105, -97, 106, -102, 107, -114, 110, -117, 108, -124, 107, -117, 97, -124, 96, -109, 92, -109, 78, -87, 83, -71, 85, -62, 73, -49, 74, -37, 74, -14, 77, -9, 75, 8, 71, 23, 52, 41, 40, 66, 27, 93, 17, 123, 16, 127, 0, 127, -7, 127, 5]",esp32_1
CSI_DATA,133016,2025-08-27 15:31:17.920,0,stand,00:00:00:00:00:00,-41,11,0,0,0,0,0,0,0,0,0,-97,0,1,0,748652672,0,14,0,0,0,104,0,"[0, 0, 127, -128, 127, -128, 127, -128, 127, -128, 127, -128, 127, -128, 127, -128, 127, -128, 124, -128, 101, -128, 77, -121, 53, -110, 27, -101, -1, -92, -30, -85, -61, -84, -89, -91, -112, -105, -126, -125, -128, -128, -124, -128, -108, -128, -85, -128, -61, -128, -45, -128, 72, 127, 47, 127, 19, 127, -1, 127, -10, 127, -6, 95, 13, 53, 45, 18, 88, -6, 127, -16, 127, -14, 127, -2, 127, 17, 127, 34, 127, 45, 127, 49, 127, 46, 127, 32, 127, 4, 127, -35, 127, -81, 127, -128, 127, -128, 127, -128, 127, -128, 127, -128]",esp32_2
CSI_DATA,130099,2025-08-27 15:31:17.942,0,stand,00:00:00:00:00:00,-66,11,0,0,0,0,0,0,0,0,0,-97,0,1,0,3889565493,0,14,0,0,0,104,0,"[0, 0, -128, 35, -128, 30, -128, 28, -128, 31, -128, 45, -128, 56, -128, 73, -128, 93, -128, 108, -128, 113, -128, 126, -128, 116, -128, 116, -128, 95, -128, 69, -128, 36, -128, 10, -119, -16, -84, -27, -42, -37, 0, -44, 36, -35, 68, -17, 93, 8, 103, 28, 85, -123, 101, -128, 103, -128, 109, -128, 118, -128, 127, -128, 116, -123, 119, -122, 114, -116, 104, -106, 88, -108, 75, -101, 58, -86, 41, -86, 24, -84, 7, -94, -6, -88, -24, -79, -44, -55, -60, -37, -82, -18, -104, -7, -128, 1, -128, 31, -128, 39, -128, 26]",esp32_1
CSI_DATA,133017,2025-08-27 15:31:17.951,0,stand,00:00:00:00:00:00,-41,11,0,0,0,0,0,0,0,0,0,-97,0,1,0,748677068,0,14,0,0,0,104,0,"[0, 0, -128, 127, -128, 120, -128, 108, -128, 96, -128, 89, -128, 89, -128, 93, -128, 99, -128, 103, -127, 106, -102, 103, -77, 95, -48, 90, -12, 86, 23, 83, 56, 86, 86, 97, 111, 115, 125, 127, 127, 127, 123, 127, 108, 127, 83, 127, 58, 127, 39, 127, 66, -128, 85, -128, 101, -128, 102, -128, 90, -112, 62, -73, 19, -43, -31, -26, -86, -23, -128, -38, -128, -63, -128, -89, -128, -114, -128, -128, -128, -128, -128, -128, -128, -128, -128, -105, -128, -67, -128, -21, -128, 28, -128, 77, -128, 121, -128, 127, -128, 127, -128, 127]",esp32_2
CSI_DATA,133018,2025-08-27 15:31:17.972,0,stand,00:00:00:00:00:00,-42,11,0,0,0,0,0,0,0,0,0,-97,0,1,0,748705903,0,14,0,0,0,104,0,"[0, 0, 34, 127, 19, 127, 14, 127, 12, 127, 15, 127, 25, 127, 38, 127, 50, 127, 58, 127, 64, 127, 67, 117, 67, 91, 68, 61, 73, 28, 80, -7, 91, -40, 110, -67, 127, -84, 127, -92, 127, -89, 127, -77, 127, -61, 127, -40, 127, -18, 127, -2, -128, -128, -128, -128, -128, -128, -116, -128, -82, -120, -55, -82, -37, -33, -34, 21, -45, 74, -66, 120, -96, 127, -128, 127, -128, 127, -128, 127, -128, 127, -128, 127, -128, 127, -128, 127, -113, 127, -69, 127, -24, 127, 16, 127, 52, 127, 78, 127, 91, 127, 90, 127]",esp32_2
CSI_DATA,130100,2025-08-27 15:31:17.974,0,stand,00:00:00:00:00:00,-66,11,0,0,0,0,0,0,0,0,0,-97,0,1,0,3889575438,0,14,0,0,0,104,0,"[0, 0, -101, 127, -102, 127, -93, 127, -85, 127, -70, 127, -47, 127, -28, 127, -15, 127, 5, 127, 16, 127, 15, 127, 13, 127, 5, 127, -17, 127, -38, 127, -46, 127, -63, 126, -71, 90, -67, 55, -59, 15, -35, -22, -14, -44, 10, -65, 31, -80, 55, -80, -44, -127, -41, -128, -38, -128, -33, -128, -26, -128, -26, -128, -20, -128, -18, -128, -11, -128, -25, -128, -20, -120, -28, -104, -40, -87, -47, -81, -56, -64, -55, -54, -52, -39, -53, -19, -62, 5, -59, 27, -53, 59, -56, 84, -46, 108, -59, 127, -64, 127, -68, 127]",esp32_1
CSI_DATA,133019,2025-08-27 15:31:17.994,0,stand,00:00:00:00:00:00,-41,11,0,0,0,0,0,0,0,0,0,-97,0,1,0,748737231,0,14,0,0,0,104,0,"[0, 0, 127, -128, 127, -128, 127, -128, 127, -128, 127, -128, 127, -128, 127, -128, 125, -128, 101, -128, 78, -128, 57, -128, 37, -119, 14, -105, -12, -89, -41, -77, -73, -70, -103, -72, -127, -85, -128, -103, -128, -122, -128, -128, -128, -128, -123, -128, -100, -128, -81, -128, 59, 127, 34, 127, 4, 127, -15, 127, -21, 127, -15, 87, 5, 46, 41, 11, 84, -13, 127, -26, 127, -27, 127, -16, 127, 1, 127, 21, 127, 34, 127, 39, 127, 35, 127, 17, 127, -12, 127, -49, 127, -95, 127, -128, 127, -128, 127, -128, 127, -128, 127, -128]",esp32_2
CSI_DATA,130101,2025-08-27 15:31:18.001,0,stand,00:00:00:00:00:00,-65,11,0,0,0,0,0,0,0,0,0,-97,0,1,0,3889585414,0,14,0,0,0,104,0,"[0, 0, 127, -128, 127, -128, 127, -128, 127, -128, 127, -128, 121, -128, 110, -128, 98, -128, 94, -128, 88, -128, 86, -128, 91, -128, 92, -128, 113, -128, 115, -128, 108, -101, 111, -73, 92, -39, 77, -15, 46, 9, 13, 30, -18, 37, -44, 35, -69, 24, -84, 11, 27, 126, 25, 127, 20, 127, 15, 127, 5, 127, 2, 127, -1, 127, -5, 127, -3, 127, -2, 123, 5, 121, 8, 108, 19, 89, 26, 81, 35, 71, 44, 66, 48, 56, 53, 44, 60, 16, 67, -3, 69, -29, 80, -54, 92, -73, 108, -106, 125, -127, 127, -128]",esp32_1
CSI_DATA,133020,2025-08-27 15:31:18.018,0,stand,00:00:00:00:00:00,-41,11,0,0,0,0,0,0,0,0,0,-97,0,1,0,748762858,0,14,0,0,0,104,0,"[0, 0, -128, -43, -128, -51, -128, -55, -128, -51, -128, -40, -128, -25, -128, -10, -128, 5, -128, 18, -128, 29, -128, 36, -107, 42, -81, 50, -52, 60, -23, 74, 3, 92, 21, 115, 29, 127, 28, 127, 19, 127, 4, 127, -14, 127, -32, 127, -48, 127, -59, 127, 123, -128, 127, -128, 127, -128, 126, -106, 105, -76, 72, -52, 28, -39, -19, -40, -65, -54, -104, -78, -128, -110, -128, -128, -128, -128, -128, -128, -128, -128, -128, -128, -123, -128, -122, -128, -128, -126, -128, -88, -128, -52, -128, -21, -128, 0, -128, 12, -128, 11, -128, 2]",esp32_2
CSI_DATA,130102,2025-08-27 15:31:18.028,0,stand,00:00:00:00:00:00,-68,11,0,0,0,0,0,0,0,0,0,-97,0,1,0,3889595427,0,14,0,0,0,104,0,"[0, 0, -128, -128, -128, -128, -128, -128, -128, -126, -128, -113, -128, -100, -128, -82, -128, -72, -128, -59, -128, -48, -128, -55, -128, -56, -128, -68, -128, -74, -128, -83, -128, -95, -122, -93, -85, -85, -40, -73, -11, -59, 18, -31, 49, 2, 68, 38, 87, 78, 83, 117, 127, 23, 127, 32, 127, 30, 127, 37, 127, 38, 127, 45, 127, 36, 120, 34, 111, 41, 111, 32, 105, 20, 96, 3, 92, 5, 84, -1, 76, -9, 61, -30, 47, -40, 31, -45, 26, -38, 7, -48, -14, -58, -31, -65, -59, -76, -75, -79, -93, -99, -124, -119]",esp32_1
CSI_DATA,133021,2025-08-27 15:31:18.039,0,stand,00:00:00:00:00:00,-42,11,0,0,0,0,0,0,0,0,0,-97,0,1,0,748804084,0,14,0,0,0,104,0,"[0, 0, 84, 127, 65, 127, 58, 127, 53, 127, 52, 127, 56, 127, 65, 127, 75, 127, 81, 127, 84, 127, 83, 119, 80, 93, 79, 63, 81, 30, 86, -3, 96, -37, 113, -66, 127, -84, 127, -92, 127, -89, 127, -78, 127, -60, 127, -38, 127, -16, 127, 0, -128, -63, -128, -82, -128, -97, -128, -98, -114, -85, -80, -57, -52, -16, -36, 34, -36, 87, -48, 127, -70, 127, -98, 127, -128, 127, -128, 127, -128, 127, -128, 127, -128, 127, -124, 127, -87, 127, -43, 127, 4, 127, 49, 127, 88, 127, 118, 127, 127, 127, 127, 127]",esp32_2
CSI_DATA,133022,2025-08-27 15:31:18.061,0,stand,00:00:00:00:00:00,-41,11,0,0,0,0,0,0,0,0,0,-97,0,1,0,748824413,0,14,0,160,88,104,0,"[0, 0, 127, 127, 127, 127, 127, 127, 127, 127, 127, 127, 127, 127, 127, 127, 127, 110, 127, 85, 127, 64, 127, 46, 117, 28, 102, 5, 85, -20, 71, -47, 61, -79, 60, -108, 69, -128, 85, -128, 103, -128, 122, -128, 127, -128, 127, -128, 127, -112, 127, -92, -128, 107, -128, 81, -128, 48, -128, 23, -128, 9, -94, 7, -50, 21, -9, 50, 22, 88, 42, 127, 50, 127, 45, 127, 31, 127, 14, 127, 1, 127, -7, 127, -6, 127, 8, 127, 34, 127, 69, 127, 112, 127, 127, 127, 127, 127, 127, 127, 127, 127, 127, 127]",esp32_2
CSI_DATA,133023,2025-08-27 15:31:18.083,0,stand,00:00:00:00:00:00,-41,11,0,0,0,0,0,0,0,0,0,-97,0,1,0,748848755,0,14,0,0,0,104,0,"[0, 0, -107, 127, -114, 127, -110, 127, -100, 127, -83, 127, -61, 127, -38, 127, -18, 127, 0, 127, 15, 127, 26, 127, 36, 119, 49, 91, 66, 61, 84, 32, 105, 5, 127, -14, 127, -21, 127, -18, 127, -8, 127, 8, 127, 28, 127, 49, 127, 66, 127, 77, -128, -128, -128, -128, -121, -128, -85, -128, -56, -128, -37, -91, -33, -39, -44, 14, -70, 62, -106, 99, -128, 124, -128, 127, -128, 127, -128, 123, -128, 114, -128, 105, -128, 100, -128, 104, -128, 119, -119, 127, -84, 127, -56, 127, -39, 127, -31, 127, -32, 127, -41, 127]",esp32_2
CSI_DATA,133024,2025-08-27 15:31:18.105,0,stand,00:00:00:00:00:00,-41,11,0,0,0,0,0,0,0,0,0,-97,0,1,0,748894645,0,14,0,0,0,104,0,"[0, 0, 27, 127, 13, 127, 6, 127, 4, 127, 8, 127, 16, 127, 26, 127, 37, 127, 45, 127, 51, 126, 53, 107, 54, 86, 56, 62, 63, 36, 71, 10, 83, -17, 99, -36, 119, -46, 127, -49, 127, -44, 127, -32, 127, -16, 127, 1, 127, 18, 127, 29, -128, -63, -128, -78, -128, -89, -121, -89, -90, -77, -63, -52, -43, -16, -35, 25, -38, 68, -51, 108, -72, 127, -96, 127, -120, 127, -128, 127, -128, 127, -128, 127, -128, 127, -119, 127, -89, 127, -53, 127, -17, 127, 17, 127, 45, 127, 64, 127, 71, 127, 71, 127]",esp32_2
CSI_DATA,130105,2025-08-27 15:31:18.148,0,stand,00:00:00:00:00:00,-65,11,0,0,0,0,0,0,0,0,0,-97,0,1,0,3889625508,0,14,0,0,0,104,0,"[0, 0, 45, 127, 39, 127, 47, 127, 42, 127, 54, 127, 62, 127, 81, 127, 99, 127, 112, 127, 127, 127, 127, 127, 125, 127, 120, 127, 86, 127, 64, 127, 44, 127, 3, 127, -20, 120, -36, 78, -41, 37, -33, 2, -16, -36, 3, -69, 25, -91, 52, -101, -128, -32, -128, -44, -128, -55, -128, -65, -128, -66, -128, -83, -128, -81, -128, -87, -128, -82, -128, -68, -128, -52, -127, -43, -125, -34, -120, -16, -113, -1, -96, 23, -87, 26, -79, 39, -75, 56, -53, 73, -30, 89, -6, 118, 28, 127, 34, 127, 43, 127, 64, 127]",esp32_1
CSI_DATA,130106,2025-08-27 15:31:18.180,0,stand,00:00:00:00:00:00,-66,11,0,0,0,0,0,0,0,0,0,-97,0,1,0,3889635468,0,14,0,0,0,104,0,"[0, 0, -59, -128, -52, -128, -58, -128, -61, -128, -66, -128, -76, -128, -94, -128, -116, -128, -128, -128, -128, -128, -128, -128, -128, -128, -128, -128, -111, -128, -83, -128, -60, -128, -14, -128, 12, -125, 32, -81, 40, -38, 38, -6, 28, 39, 10, 64, -1, 93, -24, 102, 127, 60, 127, 70, 127, 80, 127, 81, 127, 94, 127, 104, 127, 102, 127, 104, 127, 97, 127, 82, 119, 69, 109, 58, 114, 47, 105, 34, 101, 12, 84, -7, 77, -15, 66, -38, 60, -42, 45, -63, 18, -83, -5, -111, -34, -128, -38, -128, -53, -128, -65, -128]",esp32_1
CSI_DATA,130107,2025-08-27 15:31:18.207,0,stand,00:00:00:00:00:00,-66,11,0,0,0,0,0,0,0,0,0,-97,0,1,0,3889645454,0,14,0,0,0,104,0,"[0, 0, 79, 127, 81, 127, 82, 127, 79, 127, 85, 127, 92, 127, 101, 127, 116, 124, 124, 119, 127, 111, 127, 119, 127, 127, 127, 127, 114, 127, 92, 127, 68, 127, 39, 114, 11, 89, -8, 70, -27, 36, -29, 9, -29, -20, -21, -47, -18, -72, 4, -88, -122, -22, -128, -27, -128, -35, -128, -41, -128, -47, -128, -52, -128, -56, -124, -57, -115, -52, -118, -45, -101, -40, -94, -25, -93, -20, -88, -4, -80, 5, -65, 21, -59, 29, -51, 37, -42, 46, -25, 54, -3, 68, 13, 79, 47, 104, 55, 124, 68, 127, 92, 127]",esp32_1
CSI_DATA,133027,2025-08-27 15:31:18.213,0,stand,00:00:00:00:00:00,-41,11,0,0,0,0,0,0,0,0,0,-97,0,1,0,748992836,0,14,0,0,0,104,0,"[0, 0, 127, -128, 127, -114, 127, -98, 127, -88, 127, -86, 127, -88, 127, -92, 127, -97, 127, -100, 127, -99, 114, -95, 85, -89, 55, -87, 22, -88, -12, -89, -46, -97, -76, -111, -99, -128, -111, -128, -111, -128, -100, -128, -78, -128, -49, -128, -24, -128, -7, -128, -44, 127, -63, 127, -80, 127, -85, 127, -78, 125, -54, 84, -13, 53, 37, 32, 92, 26, 127, 40, 127, 64, 127, 91, 127, 117, 127, 127, 127, 127, 127, 127, 127, 127, 127, 111, 127, 73, 127, 25, 127, -26, 127, -73, 127, -112, 127, -128, 127, -128, 127, -128]",esp32_2
CSI_DATA,130108,2025-08-27 15:31:18.225,0,stand,00:00:00:00:00:00,-66,11,0,0,0,0,0,0,0,0,0,-97,0,1,0,3889655450,0,14,0,0,0,104,0,"[0, 0, 124, 127, 114, 127, 123, 127, 115, 127, 117, 127, 120, 127, 127, 127, 127, 127, 127, 122, 127, 107, 127, 119, 127, 122, 127, 127, 127, 127, 121, 127, 95, 127, 53, 122, 20, 99, -1, 80, -23, 39, -33, 14, -33, -22, -25, -52, -24, -79, -6, -98, -128, 2, -128, -5, -128, -12, -128, -19, -128, -24, -128, -33, -128, -33, -128, -40, -128, -36, -128, -29, -120, -25, -109, -11, -107, -2, -96, 6, -88, 17, -72, 34, -62, 42, -47, 50, -38, 51, -21, 67, 12, 74, 37, 91, 64, 110, 82, 127, 102, 127, 126, 127]",esp32_1
CSI_DATA,133028,2025-08-27 15:31:18.235,0,stand,00:00:00:00:00:00,-41,11,0,0,0,0,0,0,0,0,0,-97,0,1,0,749030136,0,14,0,0,0,104,0,"[0, 0, -128, -121, -128, -128, -128, -125, -128, -114, -128, -96, -128, -75, -128, -53, -128, -33, -128, -15, -128, 1, -128, 14, -119, 26, -93, 41, -65, 58, -37, 78, -11, 103, 5, 127, 8, 127, 3, 127, -10, 127, -28, 127, -48, 127, -67, 127, -82, 127, -91, 127, 127, -128, 127, -128, 127, -119, 127, -85, 127, -57, 92, -39, 41, -34, -11, -46, -58, -72, -95, -109, -118, -128, -128, -128, -125, -128, -117, -128, -107, -128, -98, -128, -92, -128, -98, -128, -113, -128, -128, -125, -128, -91, -128, -65, -128, -51, -128, -45, -128, -52, -128, -64]",esp32_2
CSI_DATA,133029,2025-08-27 15:31:18.257,0,stand,00:00:00:00:00:00,-41,11,0,0,0,0,0,0,0,0,0,-97,0,1,0,749052718,0,14,0,0,0,104,0,"[0, 0, -128, 127, -128, 127, -128, 127, -128, 127, -109, 127, -86, 127, -63, 127, -43, 127, -28, 127, -14, 127, -1, 127, 13, 114, 30, 89, 52, 64, 74, 39, 98, 20, 125, 8, 127, 5, 127, 11, 127, 23, 127, 41, 127, 63, 127, 83, 127, 94, 127, 100, -128, -128, -128, -128, -110, -128, -78, -128, -52, -128, -36, -87, -35, -40, -48, 8, -74, 51, -112, 82, -128, 101, -128, 107, -128, 103, -128, 94, -128, 87, -128, 82, -128, 78, -128, 83, -128, 98, -127, 125, -98, 127, -78, 127, -70, 127, -71, 127, -77, 127, -87, 127]",esp32_2
CSI_DATA,133030,2025-08-27 15:31:18.279,0,stand,00:00:00:00:00:00,-41,11,0,0,0,0,0,0,0,0,0,-97,0,1,0,749088458,0,14,0,0,0,104,0,"[0, 0, -128, 92, -128, 74, -128, 63, -128, 58, -128, 59, -128, 65, -128, 72, -128, 80, -128, 84, -128, 87, -113, 86, -85, 82, -55, 83, -23, 86, 10, 89, 43, 98, 72, 113, 93, 127, 104, 127, 104, 127, 93, 127, 72, 127, 45, 127, 21, 127, 4, 127, 79, -128, 95, -128, 108, -128, 107, -128, 92, -106, 63, -70, 19, -45, -31, -32, -85, -33, -128, -53, -128, -79, -128, -106, -128, -128, -128, -128, -128, -128, -128, -128, -128, -128, -128, -124, -128, -85, -128, -38, -128, 10, -128, 54, -128, 90, -128, 115, -128, 125, -128, 125]",esp32_2
CSI_DATA,133031,2025-08-27 15:31:18.303,0,stand,00:00:00:00:00:00,-41,11,0,0,0,0,0,0,0,0,0,-97,0,1,0,749140794,0,14,0,0,0,104,0,"[0, 0, -128, -128, -128, -128, -128, -128, -128, -128, -128, -128, -128, -128, -128, -128, -128, -128, -128, -112, -128, -89, -119, -69, -106, -46, -94, -19, -83, 11, -74, 43, -69, 77, -73, 106, -87, 127, -106, 127, -126, 127, -128, 127, -128, 127, -128, 115, -128, 92, -128, 73, 127, -62, 127, -38, 127, -9, 127, 10, 127, 17, 94, 11, 52, -9, 18, -44, -6, -88, -19, -128, -18, -128, -8, -128, 8, -128, 27, -128, 39, -128, 45, -128, 40, -128, 23, -128, -7, -128, -45, -128, -90, -128, -128, -128, -128, -128, -128, -128, -128, -128, -128, -128]",esp32_2
CSI_DATA,130110,2025-08-27 15:31:18.323,0,stand,00:00:00:00:00:00,-66,11,0,0,0,0,0,0,0,0,0,-97,0,1,0,3889675447,0,14,0,0,0,104,0,"[0, 0, 127, 127, 127, 127, 127, 127, 127, 127, 127, 127, 127, 110, 127, 102, 127, 82, 127, 71, 127, 62, 127, 73, 127, 73, 127, 81, 127, 94, 127, 99, 120, 106, 83, 99, 47, 86, 20, 73, -7, 46, -27, 20, -43, -15, -39, -38, -46, -75, -32, -94, -128, 30, -128, 24, -128, 20, -128, 15, -128, 12, -128, 2, -128, -2, -128, -6, -128, -3, -128, -3, -116, 8, -104, 19, -100, 14, -90, 27, -83, 37, -60, 52, -47, 56, -39, 61, -21, 57, 0, 61, 22, 63, 51, 76, 94, 91, 111, 105, 127, 115, 127, 127]",esp32_1
CSI_DATA,133032,2025-08-27 15:31:18.323,0,stand,00:00:00:00:00:00,-41,11,0,0,0,0,0,0,0,0,0,-97,0,1,0,749173137,0,14,0,0,0,104,0,"[0, 0, 127, -11, 127, 1, 127, 9, 127, 11, 127, 6, 127, -3, 127, -14, 127, -25, 127, -36, 127, -44, 116, -50, 89, -54, 61, -58, 32, -65, 2, -76, -26, -92, -48, -113, -59, -128, -62, -128, -56, -128, -44, -128, -26, -128, -5, -128, 15, -128, 29, -128, -119, 127, -128, 127, -128, 127, -128, 111, -107, 79, -75, 52, -32, 36, 17, 34, 65, 45, 107, 67, 127, 95, 127, 125, 127, 127, 127, 127, 127, 127, 127, 127, 127, 127, 127, 127, 127, 110, 127, 72, 127, 33, 127, -1, 127, -27, 127, -46, 127, -53, 127, -50]",esp32_2
CSI_DATA,133033,2025-08-27 15:31:18.344,0,stand,00:00:00:00:00:00,-41,11,0,0,0,0,0,0,0,0,0,-97,0,1,0,749200263,0,14,0,0,0,104,0,"[0, 0, 48, -128, 57, -128, 58, -128, 54, -128, 43, -128, 27, -128, 11, -128, -4, -128, -16, -128, -28, -128, -38, -128, -46, -110, -56, -78, -69, -44, -84, -12, -104, 17, -128, 37, -128, 46, -128, 46, -128, 37, -128, 20, -128, -3, -128, -26, -128, -46, -128, -58, 127, 127, 127, 127, 127, 127, 101, 127, 71, 126, 47, 86, 37, 36, 43, -17, 63, -66, 93, -106, 127, -128, 127, -128, 127, -128, 127, -128, 127, -128, 127, -128, 127, -124, 127, -127, 127, -128, 102, -128, 64, -128, 32, -128, 11, -128, -1, -128, -4, -128, 1, -128]",esp32_2
CSI_DATA,130111,2025-08-27 15:31:18.353,0,stand,00:00:00:00:00:00,-66,11,0,0,0,0,0,0,0,0,0,-97,0,1,0,3889685433,0,14,0,0,0,104,0,"[0, 0, -78, -128, -72, -128, -76, -128, -72, -128, -77, -128, -89, -128, -96, -128, -114, -128, -123, -128, -128, -128, -128, -128, -128, -128, -128, -128, -114, -128, -87, -128, -66, -128, -33, -128, 0, -104, 19, -78, 29, -40, 32, -10, 22, 23, 19, 55, 8, 79, -12, 96, 127, 37, 127, 43, 127, 49, 127, 55, 127, 69, 127, 74, 127, 76, 127, 77, 125, 74, 121, 60, 109, 56, 93, 41, 94, 31, 94, 17, 87, -1, 74, -14, 63, -21, 58, -37, 45, -40, 34, -55, 13, -71, -12, -95, -37, -120, -48, -128, -62, -128, -81, -128]",esp32_1
CSI_DATA,133034,2025-08-27 15:31:18.369,0,stand,00:00:00:00:00:00,-41,11,0,0,0,0,0,0,0,0,0,-97,0,1,0,749224144,0,14,0,0,0,104,0,"[0, 0, -128, 96, -128, 78, -128, 67, -128, 61, -128, 61, -128, 63, -128, 67, -128, 74, -128, 78, -128, 81, -114, 82, -85, 81, -53, 79, -19, 77, 18, 80, 54, 91, 83, 109, 100, 127, 110, 127, 108, 127, 98, 127, 83, 127, 62, 127, 37, 127, 19, 127, 94, -128, 110, -128, 121, -128, 117, -128, 100, -106, 69, -72, 24, -48, -29, -37, -83, -40, -128, -55, -128, -79, -128, -108, -128, -128, -128, -128, -128, -128, -128, -128, -128, -128, -128, -128, -128, -95, -128, -49, -128, -1, -128, 44, -128, 85, -128, 118, -128, 127, -128, 127]",esp32_2
CSI_DATA,130112,2025-08-27 15:31:18.395,0,stand,00:00:00:00:00:00,-66,11,0,0,0,0,0,0,0,0,0,-97,0,1,0,3889695440,0,14,0,0,0,104,0,"[0, 0, 127, 127, 127, 127, 127, 127, 127, 127, 127, 127, 127, 127, 127, 112, 127, 101, 127, 86, 127, 71, 127, 86, 127, 85, 127, 96, 127, 105, 127, 111, 127, 125, 105, 119, 58, 107, 25, 88, -14, 59, -35, 31, -52, -8, -57, -36, -72, -72, -56, -100, -128, -17, -128, -27, -128, -30, -128, -38, -128, -42, -128, -51, -128, -50, -128, -52, -128, -43, -128, -38, -128, -27, -118, -18, -118, -6, -105, -1, -98, 15, -75, 34, -61, 48, -50, 53, -30, 52, -5, 66, 23, 70, 54, 92, 95, 109, 117, 124, 127, 127, 127, 127]",esp32_1
CSI_DATA,133035,2025-08-27 15:31:18.395,0,stand,00:00:00:00:00:00,-41,11,0,0,0,0,0,0,0,0,0,-97,0,1,0,749258746,0,14,0,0,0,104,0,"[0, 0, -128, 127, -128, 127, -128, 123, -128, 110, -128, 103, -128, 99, -128, 99, -128, 102, -128, 102, -128, 102, -107, 101, -77, 97, -44, 94, -8, 91, 31, 89, 68, 96, 99, 112, 119, 127, 127, 127, 127, 127, 121, 127, 101, 127, 77, 127, 51, 127, 31, 127, 39, -128, 60, -128, 78, -128, 85, -128, 77, -128, 55, -90, 16, -55, -36, -31, -92, -22, -128, -29, -128, -49, -128, -74, -128, -100, -128, -124, -128, -128, -128, -128, -128, -124, -128, -100, -128, -62, -128, -14, -128, 38, -128, 87, -128, 127, -128, 127, -128, 127, -128, 127]",esp32_2
CSI_DATA,133036,2025-08-27 15:31:18.417,0,stand,00:00:00:00:00:00,-41,11,0,0,0,0,0,0,0,0,0,-97,0,1,0,749284153,0,14,0,0,0,104,0,"[0, 0, -128, -128, -128, -128, -128, -128, -128, -128, -128, -117, -128, -97, -128, -75, -128, -54, -128, -34, -128, -15, -128, 1, -113, 16, -85, 33, -57, 54, -30, 78, -7, 107, 6, 127, 7, 127, -2, 127, -16, 127, -35, 127, -54, 127, -72, 127, -86, 127, -94, 127, 127, -128, 127, -128, 127, -100, 127, -68, 127, -43, 97, -28, 47, -29, -3, -46, -47, -76, -82, -115, -104, -128, -111, -128, -108, -128, -99, -128, -88, -128, -80, -128, -79, -128, -87, -128, -104, -128, -128, -128, -128, -110, -128, -88, -128, -74, -128, -69, -128, -77, -128, -92]",esp32_2
CSI_DATA,130113,2025-08-27 15:31:18.423,0,stand,00:00:00:00:00:00,-65,11,0,0,0,0,0,0,0,0,0,-97,0,1,0,3889705435,0,14,0,0,0,104,0,"[0, 0, 127, -44, 127, -38, 127, -35, 127, -42, 127, -46, 127, -58, 127, -66, 127, -83, 127, -96, 127, -105, 127, -112, 127, -106, 127, -96, 127, -81, 127, -62, 127, -32, 125, -11, 95, 13, 69, 25, 34, 26, -1, 35, -32, 22, -53, 11, -77, -11, -84, -32, -49, 119, -60, 126, -67, 127, -71, 127, -79, 127, -84, 126, -84, 126, -87, 117, -80, 113, -74, 102, -60, 104, -45, 100, -33, 80, -29, 81, -14, 76, 0, 79, 13, 73, 25, 66, 36, 45, 46, 31, 65, 12, 88, -3, 113, -15, 127, -34, 127, -46, 127, -43]",esp32_1
CSI_DATA,133037,2025-08-27 15:31:18.440,0,stand,00:00:00:00:00:00,-42,11,0,0,0,0,0,0,0,0,0,-97,0,1,0,749320616,0,14,0,0,0,104,0,"[0, 0, -128, -128, -128, -128, -128, -128, -128, -128, -128, -128, -128, -128, -128, -128, -128, -128, -128, -101, -128, -75, -119, -51, -101, -27, -82, 1, -62, 33, -43, 66, -31, 101, -29, 127, -37, 127, -51, 127, -70, 127, -90, 127, -107, 127, -120, 127, -127, 127, -128, 127, 127, 4, 127, 26, 127, 49, 127, 60, 127, 58, 87, 42, 47, 12, 16, -32, -4, -83, -12, -128, -7, -128, 8, -128, 27, -128, 45, -128, 57, -128, 59, -128, 51, -128, 29, -128, -5, -128, -48, -128, -97, -128, -128, -128, -128, -128, -128, -128, -128, -128, -128, -128]",esp32_2
CSI_DATA,130114,2025-08-27 15:31:18.450,0,stand,00:00:00:00:00:00,-65,11,0,0,0,0,0,0,0,0,0,-97,0,1,0,3889715439,0,14,0,0,0,104,0,"[0, 0, -128, 127, -128, 127, -128, 127, -128, 127, -128, 127, -118, 127, -102, 127, -90, 127, -78, 127, -72, 127, -72, 127, -83, 127, -84, 127, -100, 127, -107, 127, -102, 110, -101, 82, -92, 49, -74, 19, -46, -7, -19, -30, 14, -40, 41, -40, 65, -35, 86, -25, -20, -125, -10, -128, -8, -128, -3, -128, -1, -128, 8, -128, 7, -128, 13, -128, 13, -128, 8, -126, 3, -118, -8, -110, -17, -90, -26, -80, -32, -70, -38, -71, -46, -59, -54, -44, -56, -16, -59, 3, -68, 27, -77, 55, -87, 73, -102, 105, -114, 127, -128, 127]",esp32_1
CSI_DATA,133038,2025-08-27 15:31:18.462,0,stand,00:00:00:00:00:00,-41,11,0,0,0,0,0,0,0,0,0,-97,0,1,0,749343835,0,14,0,0,0,104,0,"[0, 0, -128, 127, -128, 127, -128, 127, -128, 127, -112, 127, -89, 127, -65, 127, -45, 127, -27, 127, -10, 127, 5, 127, 22, 122, 41, 91, 62, 59, 87, 29, 118, 3, 127, -12, 127, -11, 127, -3, 127, 12, 127, 32, 127, 51, 127, 70, 127, 86, 127, 95, -128, -128, -128, -128, -128, -128, -92, -128, -64, -128, -45, -100, -39, -45, -52, 10, -79, 59, -113, 100, -128, 127, -128, 127, -128, 127, -128, 127, -128, 119, -128, 108, -128, 102, -128, 107, -128, 125, -128, 127, -107, 127, -81, 127, -61, 127, -52, 127, -55, 127, -64, 127]",esp32_2
CSI_DATA,130115,2025-08-27 15:31:18.484,0,stand,00:00:00:00:00:00,-65,11,0,0,0,0,0,0,0,0,0,-97,0,1,0,3889725443,0,14,0,0,0,104,0,"[0, 0, 127, -128, 127, -128, 127, -128, 127, -128, 114, -128, 93, -128, 77, -128, 67, -128, 55, -128, 47, -128, 46, -128, 51, -128, 56, -128, 75, -128, 81, -128, 85, -124, 91, -93, 81, -61, 68, -28, 47, 2, 19, 27, -11, 41, -34, 46, -58, 45, -78, 37, 36, 120, 34, 127, 33, 127, 26, 127, 22, 127, 15, 127, 11, 127, 7, 127, 11, 127, 10, 122, 18, 120, 18, 105, 30, 87, 40, 80, 42, 62, 47, 62, 52, 50, 55, 35, 65, 7, 61, -12, 63, -37, 69, -64, 75, -80, 88, -118, 102, -128, 116, -128]",esp32_1
CSI_DATA,133039,2025-08-27 15:31:18.484,0,stand,00:00:00:00:00:00,-41,11,0,0,0,0,0,0,0,0,0,-97,0,1,0,749380584,0,14,0,0,0,104,0,"[0, 0, -128, -79, -128, -83, -128, -85, -128, -80, -128, -68, -128, -52, -128, -36, -128, -21, -128, -7, -128, 5, -119, 17, -94, 28, -68, 41, -40, 56, -12, 74, 12, 97, 27, 122, 32, 127, 29, 127, 18, 127, 1, 127, -17, 127, -37, 127, -54, 127, -64, 127, 127, -128, 127, -128, 127, -106, 127, -76, 119, -50, 82, -33, 37, -28, -8, -38, -50, -61, -85, -91, -108, -126, -118, -128, -119, -128, -114, -128, -106, -128, -98, -128, -95, -128, -100, -128, -112, -128, -128, -108, -128, -76, -128, -53, -128, -39, -128, -33, -128, -36, -128, -45]",esp32_2
CSI_DATA,133040,2025-08-27 15:31:18.506,0,stand,00:00:00:00:00:00,-41,11,0,0,0,0,0,0,0,0,0,-97,0,1,0,749440380,0,14,0,0,0,104,0,"[0, 0, -128, 127, -128, 127, -128, 127, -128, 127, -128, 127, -128, 127, -128, 127, -128, 122, -128, 114, -107, 107, -81, 99, -53, 90, -22, 81, 11, 73, 46, 69, 80, 70, 110, 80, 127, 97, 127, 119, 127, 127, 127, 127, 127, 127, 104, 127, 79, 127, 59, 127, -16, -128, 6, -128, 28, -128, 41, -128, 41, -128, 29, -92, 1, -54, -38, -25, -85, -7, -128, -2, -128, -10, -128, -26, -128, -47, -128, -65, -128, -77, -128, -80, -128, -73, -128, -54, -128, -23, -128, 19, -128, 64, -128, 111, -128, 127, -128, 127, -128, 127, -128, 127]",esp32_2
CSI_DATA,133041,2025-08-27 15:31:18.528,0,stand,00:00:00:00:00:00,-41,11,0,0,0,0,0,0,0,0,0,-97,0,1,0,749465861,0,14,0,0,0,104,0,"[0, 0, -128, 112, -128, 95, -128, 83, -128, 76, -128, 74, -128, 73, -128, 73, -128, 74, -128, 73, -128, 73, -107, 72, -77, 71, -44, 72, -8, 73, 27, 78, 60, 89, 86, 105, 103, 125, 112, 127, 110, 127, 99, 127, 80, 127, 56, 127, 32, 127, 15, 127, 64, -128, 79, -128, 92, -128, 94, -128, 82, -115, 57, -80, 19, -53, -28, -37, -78, -34, -125, -45, -128, -67, -128, -91, -128, -116, -128, -128, -128, -128, -128, -128, -128, -128, -128, -113, -128, -80, -128, -38, -128, 6, -128, 48, -128, 85, -128, 114, -128, 127, -128, 127]",esp32_2
CSI_DATA,130117,2025-08-27 15:31:18.549,0,stand,00:00:00:00:00:00,-65,11,0,0,0,0,0,0,0,0,0,-97,0,1,0,3889745435,0,14,0,0,0,104,0,"[0, 0, -14, 127, -17, 127, -15, 127, -17, 127, -6, 127, 8, 127, 31, 127, 48, 127, 51, 127, 69, 127, 72, 127, 62, 127, 58, 127, 30, 127, 12, 127, -6, 127, -29, 127, -41, 99, -48, 63, -36, 21, -23, -6, 0, -34, 16, -52, 36, -74, 67, -72, -128, -52, -128, -65, -128, -79, -128, -83, -128, -89, -128, -99, -128, -101, -127, -106, -116, -95, -121, -86, -106, -71, -104, -63, -100, -45, -106, -36, -100, -22, -90, 0, -84, 6, -74, 25, -73, 36, -58, 57, -45, 75, -31, 99, -8, 127, -7, 127, 0, 127, 11, 127]",esp32_1
CSI_DATA,133042,2025-08-27 15:31:18.549,0,stand,00:00:00:00:00:00,-41,11,0,0,0,0,0,0,0,0,0,-97,0,1,0,749500168,0,14,0,0,0,104,0,"[0, 0, 127, 127, 127, 127, 127, 127, 127, 127, 127, 127, 127, 127, 127, 127, 127, 116, 127, 89, 126, 64, 111, 43, 94, 20, 78, -6, 62, -33, 48, -63, 39, -94, 42, -123, 54, -128, 71, -128, 90, -128, 108, -128, 121, -128, 127, -128, 127, -126, 127, -107, -128, 80, -128, 55, -128, 25, -128, 4, -128, -5, -94, -3, -53, 12, -16, 41, 12, 79, 33, 121, 42, 127, 37, 127, 24, 127, 10, 127, -3, 127, -11, 127, -9, 127, 6, 127, 29, 127, 59, 127, 98, 127, 127, 127, 127, 127, 127, 127, 127, 127, 127, 127]",esp32_2
CSI_DATA,130118,2025-08-27 15:31:18.573,0,stand,00:00:00:00:00:00,-66,11,0,0,0,0,0,0,0,0,0,-97,0,1,0,3889755417,0,14,0,0,0,104,0,"[0, 0, 91, -128, 96, -128, 83, -128, 83, -128, 68, -128, 49, -128, 30, -128, 12, -128, 3, -128, -6, -128, -4, -128, -9, -128, 1, -128, 27, -128, 41, -128, 46, -128, 67, -121, 71, -84, 63, -45, 48, -15, 25, 17, -2, 42, -29, 51, -44, 59, -68, 57, 75, 109, 76, 125, 67, 127, 70, 127, 66, 127, 62, 127, 54, 127, 53, 127, 52, 127, 55, 119, 46, 115, 46, 97, 59, 80, 62, 72, 68, 58, 60, 45, 64, 38, 61, 15, 65, -5, 63, -27, 59, -53, 55, -79, 47, -110, 54, -128, 63, -128, 66, -128]",esp32_1
CSI_DATA,133043,2025-08-27 15:31:18.581,0,stand,00:00:00:00:00:00,-42,11,0,0,0,0,0,0,0,0,0,-97,0,1,0,749525620,0,14,0,0,0,104,0,"[0, 0, 37, -128, 45, -128, 48, -128, 49, -128, 44, -128, 35, -128, 22, -128, 6, -128, -9, -128, -22, -128, -31, -127, -39, -97, -50, -64, -66, -32, -83, 0, -105, 28, -128, 46, -128, 51, -128, 49, -128, 39, -128, 24, -128, 6, -128, -14, -128, -32, -128, -45, 127, 127, 127, 127, 127, 127, 101, 127, 72, 127, 50, 88, 40, 40, 45, -9, 63, -59, 93, -102, 127, -128, 127, -128, 127, -128, 127, -128, 127, -128, 127, -128, 127, -127, 127, -128, 127, -128, 113, -128, 77, -128, 45, -128, 19, -128, 0, -128, -5, -128, 2, -128]",esp32_2
CSI_DATA,130119,2025-08-27 15:31:18.592,0,stand,00:00:00:00:00:00,-66,11,0,0,0,0,0,0,0,0,0,-97,0,1,0,3889767573,0,14,0,0,0,104,0,"[0, 0, 127, -128, 127, -128, 127, -128, 127, -128, 121, -128, 101, -128, 88, -128, 77, -128, 68, -128, 64, -128, 64, -128, 67, -128, 69, -128, 88, -128, 97, -128, 93, -115, 103, -89, 87, -55, 76, -25, 46, 2, 19, 23, -12, 39, -41, 45, -64, 45, -84, 30, 37, 127, 40, 127, 31, 127, 28, 127, 21, 127, 19, 127, 16, 127, 10, 127, 11, 127, 10, 127, 11, 125, 15, 110, 31, 92, 39, 84, 48, 67, 53, 68, 53, 48, 60, 38, 66, 9, 70, -8, 68, -36, 75, -62, 83, -86, 100, -122, 115, -128, 126, -128]",esp32_1
CSI_DATA,133044,2025-08-27 15:31:18.613,0,stand,00:00:00:00:00:00,-41,11,0,0,0,0,0,0,0,0,0,-97,0,1,0,749563054,0,14,0,0,0,104,0,"[0, 0, -124, 127, -128, 127, -124, 127, -117, 127, -104, 127, -86, 127, -68, 127, -49, 127, -32, 127, -15, 127, 0, 127, 14, 102, 34, 74, 57, 45, 81, 19, 109, -2, 127, -14, 127, -15, 127, -8, 127, 6, 127, 24, 127, 43, 127, 61, 127, 74, 127, 83, -128, -128, -128, -128, -105, -128, -74, -128, -49, -128, -34, -95, -33, -47, -47, 1, -73, 44, -109, 79, -128, 104, -128, 113, -128, 110, -128, 103, -128, 95, -128, 88, -128, 84, -128, 90, -128, 105, -128, 127, -113, 127, -89, 127, -75, 127, -68, 127, -67, 127, -73, 127]",esp32_2
CSI_DATA,130120,2025-08-27 15:31:18.623,0,stand,00:00:00:00:00:00,-65,11,0,0,0,0,0,0,0,0,0,-97,0,1,0,3889775952,0,14,0,0,0,104,0,"[0, 0, 57, -128, 59, -128, 54, -128, 51, -128, 42, -128, 27, -128, 11, -128, -5, -128, -12, -128, -26, -128, -31, -128, -26, -128, -18, -128, 5, -128, 19, -128, 33, -128, 48, -115, 58, -79, 54, -46, 41, -16, 19, 13, 0, 35, -21, 47, -44, 60, -66, 58, 94, 79, 98, 93, 93, 98, 93, 106, 94, 113, 87, 121, 80, 121, 77, 124, 68, 115, 73, 99, 71, 95, 68, 73, 72, 63, 77, 54, 76, 42, 67, 26, 67, 18, 64, 3, 65, -18, 56, -34, 42, -57, 42, -84, 26, -106, 33, -128, 36, -128, 34, -128]",esp32_1
CSI_DATA,133045,2025-08-27 15:31:18.637,0,stand,00:00:00:00:00:00,-41,11,0,0,0,0,0,0,0,0,0,-97,0,1,0,749599581,0,14,0,0,0,104,0,"[0, 0, -128, -128, -128, -128, -128, -128, -128, -128, -128, -128, -128, -128, -128, -128, -126, -118, -115, -95, -104, -73, -92, -52, -78, -30, -65, -3, -54, 26, -44, 54, -39, 83, -43, 110, -54, 127, -69, 127, -85, 127, -101, 127, -115, 127, -123, 123, -126, 104, -124, 87, 127, -26, 127, -8, 127, 13, 127, 26, 114, 29, 80, 21, 47, 1, 18, -31, -2, -69, -11, -110, -9, -128, 1, -128, 15, -128, 29, -128, 38, -128, 41, -128, 36, -128, 21, -128, -3, -128, -34, -128, -70, -128, -110, -128, -128, -128, -128, -128, -128, -128, -128, -128]",esp32_2
CSI_DATA,130121,2025-08-27 15:31:18.646,0,stand,00:00:00:00:00:00,-65,11,0,0,0,0,0,0,0,0,0,-97,0,1,0,3889796337,0,14,0,0,0,104,0,"[0, 0, -128, -45, -128, -47, -128, -49, -128, -39, -128, -26, -128, -14, -128, -4, -128, 16, -128, 27, -128, 38, -128, 33, -128, 34, -128, 25, -128, 14, -128, -5, -128, -23, -120, -31, -88, -47, -57, -43, -21, -37, 10, -27, 36, -8, 51, 15, 68, 38, 65, 65, 89, -94, 100, -91, 106, -96, 108, -95, 121, -96, 124, -87, 119, -85, 123, -79, 114, -74, 112, -70, 90, -71, 77, -71, 67, -67, 61, -69, 47, -67, 20, -80, 12, -72, -2, -69, -15, -56, -29, -45, -54, -40, -77, -34, -118, -32, -128, -26, -128, -21, -128, -38]",esp32_1
CSI_DATA,130122,2025-08-27 15:31:18.667,0,stand,00:00:00:00:00:00,-65,11,0,0,0,0,0,0,0,0,0,-97,0,1,0,3889832105,0,14,0,0,0,104,0,"[0, 0, 127, -128, 127, -128, 127, -128, 127, -128, 127, -128, 113, -128, 102, -128, 88, -128, 82, -128, 74, -128, 77, -128, 83, -128, 84, -128, 101, -128, 107, -128, 101, -106, 105, -79, 90, -46, 72, -16, 46, 4, 16, 29, -12, 39, -39, 43, -61, 38, -83, 26, -6, 121, -12, 127, -14, 127, -21, 127, -28, 127, -30, 127, -32, 127, -32, 127, -27, 127, -26, 116, -21, 116, -12, 104, 1, 87, 11, 80, 22, 73, 25, 68, 32, 59, 37, 49, 49, 22, 55, 4, 61, -23, 74, -45, 82, -64, 103, -96, 119, -114, 127, -123]",esp32_1
CSI_DATA,130123,2025-08-27 15:31:18.689,0,stand,00:00:00:00:00:00,-65,11,0,0,0,0,0,0,0,0,0,-97,0,1,0,3889856803,0,14,0,0,0,104,0,"[0, 0, 127, -111, 127, -106, 127, -104, 127, -108, 127, -103, 127, -108, 127, -124, 121, -128, 115, -128, 108, -128, 110, -128, 116, -128, 114, -128, 126, -128, 126, -116, 120, -78, 116, -56, 98, -26, 73, -4, 43, 12, 14, 33, -19, 37, -43, 33, -68, 24, -85, 8, -27, 119, -30, 124, -39, 127, -47, 127, -52, 127, -56, 127, -56, 127, -58, 127, -53, 124, -51, 111, -43, 108, -26, 100, -17, 82, -6, 78, 7, 68, 16, 75, 25, 63, 39, 59, 44, 28, 52, 10, 66, -13, 76, -34, 95, -46, 118, -78, 127, -93, 127, -91]",esp32_1
CSI_DATA,130124,2025-08-27 15:31:18.711,0,stand,00:00:00:00:00:00,-66,11,0,0,0,0,0,0,0,0,0,-97,0,1,0,3889893979,0,14,0,0,0,104,0,"[0, 0, -49, 127, -51, 127, -45, 127, -41, 127, -24, 127, -5, 127, 12, 127, 30, 127, 40, 127, 49, 127, 53, 127, 45, 127, 45, 127, 21, 127, 4, 127, -16, 127, -37, 127, -50, 101, -56, 62, -51, 25, -34, -12, -19, -44, 6, -63, 21, -79, 46, -89, -84, -106, -85, -123, -84, -128, -81, -128, -78, -128, -73, -128, -71, -128, -63, -128, -59, -128, -65, -121, -57, -111, -59, -96, -68, -85, -70, -64, -76, -53, -66, -40, -71, -25, -65, -15, -61, 8, -52, 32, -47, 59, -36, 85, -21, 116, -29, 127, -27, 127, -24, 127]",esp32_1
CSI_DATA,133047,2025-08-27 15:31:18.722,0,stand,00:00:00:00:00:00,-41,11,0,0,0,0,0,0,0,0,0,-97,0,1,0,749673141,0,14,0,0,0,104,0,"[0, 0, -124, -128, -108, -128, -95, -128, -84, -128, -77, -128, -73, -128, -71, -128, -71, -128, -70, -128, -70, -128, -70, -109, -68, -76, -70, -41, -73, -5, -79, 29, -92, 61, -110, 86, -128, 100, -128, 106, -128, 102, -128, 89, -128, 71, -128, 48, -128, 26, -128, 10, 127, 43, 127, 62, 127, 79, 127, 83, 122, 74, 86, 52, 56, 17, 37, -28, 31, -78, 37, -127, 54, -128, 77, -128, 101, -128, 124, -128, 127, -128, 127, -128, 127, -128, 112, -128, 82, -128, 43, -128, 1, -128, -41, -128, -80, -128, -112, -128, -128, -128, -128, -128]",esp32_2
CSI_DATA,130125,2025-08-27 15:31:18.734,0,stand,00:00:00:00:00:00,-65,11,0,0,0,0,0,0,0,0,0,-97,0,1,0,3889939898,0,14,0,0,0,104,0,"[0, 0, -128, 56, -128, 47, -128, 46, -128, 45, -128, 46, -128, 58, -128, 69, -128, 87, -128, 91, -128, 105, -128, 112, -128, 107, -128, 97, -128, 90, -128, 64, -128, 44, -128, 13, -102, -9, -73, -23, -43, -34, 2, -30, 31, -20, 49, -7, 75, 8, 82, 31, 39, -123, 46, -125, 54, -128, 57, -128, 72, -128, 76, -128, 78, -128, 88, -127, 79, -117, 68, -113, 61, -107, 51, -104, 34, -95, 13, -88, 6, -84, -10, -89, -13, -77, -21, -74, -41, -54, -53, -34, -67, -20, -86, -2, -111, 12, -128, 35, -128, 49, -128, 47]",esp32_1
CSI_DATA,130126,2025-08-27 15:31:18.757,0,stand,00:00:00:00:00:00,-66,11,0,0,0,0,0,0,0,0,0,-97,0,1,0,3889964671,0,14,0,0,0,104,0,"[0, 0, 127, -73, 127, -71, 127, -64, 127, -67, 127, -65, 127, -82, 127, -87, 127, -101, 127, -105, 127, -118, 127, -126, 127, -126, 127, -122, 127, -96, 127, -83, 124, -48, 122, -27, 96, -1, 70, 12, 35, 22, -1, 27, -23, 21, -49, 18, -72, 2, -82, -11, -26, 113, -36, 127, -39, 119, -50, 127, -53, 127, -59, 127, -59, 127, -64, 125, -61, 120, -46, 101, -46, 106, -31, 100, -19, 87, -8, 83, 2, 85, 10, 74, 21, 74, 24, 61, 39, 43, 54, 25, 65, 6, 84, -17, 90, -26, 125, -48, 127, -65, 127, -69]",esp32_1
CSI_DATA,133048,2025-08-27 15:31:18.757,0,stand,00:00:00:00:00:00,-41,11,0,0,0,0,0,0,0,0,0,-97,0,1,0,749698441,0,14,0,0,0,104,0,"[0, 0, -128, -128, -128, -128, -128, -128, -128, -128, -128, -118, -128, -101, -128, -81, -128, -63, -128, -44, -128, -24, -124, -6, -100, 12, -76, 33, -51, 55, -29, 81, -11, 112, -4, 127, -9, 127, -19, 127, -36, 127, -56, 127, -74, 127, -90, 127, -101, 127, -107, 127, 127, -128, 127, -128, 127, -100, 127, -69, 127, -45, 90, -30, 45, -28, -2, -42, -46, -69, -81, -104, -104, -128, -112, -128, -110, -128, -102, -128, -94, -128, -85, -128, -81, -128, -87, -128, -102, -128, -125, -128, -128, -121, -128, -100, -128, -89, -128, -84, -128, -88, -128, -98]",esp32_2
CSI_DATA,130127,2025-08-27 15:31:18.780,0,stand,00:00:00:00:00:00,-65,11,0,0,0,0,0,0,0,0,0,-97,0,1,0,3890000817,0,14,0,0,0,104,0,"[0, 0, 127, 94, 127, 103, 127, 101, 127, 94, 127, 83, 127, 66, 127, 53, 127, 33, 127, 20, 127, 13, 127, 15, 127, 23, 127, 28, 127, 43, 127, 57, 127, 71, 107, 68, 71, 71, 42, 58, 8, 42, -17, 24, -37, 0, -45, -28, -51, -56, -45, -81, -106, 73, -118, 75, -122, 73, -128, 72, -128, 67, -128, 64, -128, 57, -128, 51, -128, 53, -128, 47, -107, 52, -97, 55, -87, 52, -75, 58, -65, 61, -47, 78, -34, 75, -18, 74, -7, 64, 11, 58, 35, 51, 62, 53, 100, 59, 121, 57, 127, 61, 127, 77]",esp32_1
CSI_DATA,133049,2025-08-27 15:31:18.780,0,stand,00:00:00:00:00:00,-41,11,0,0,0,0,0,0,0,0,0,-97,0,1,0,749733253,0,14,0,0,0,104,0,"[0, 0, -128, -1, -128, -10, -128, -14, -128, -16, -128, -14, -128, -9, -128, -1, -128, 9, -128, 20, -128, 29, -120, 36, -86, 42, -50, 51, -14, 63, 23, 78, 56, 98, 79, 123, 91, 127, 96, 127, 90, 127, 75, 127, 57, 127, 37, 127, 16, 127, 0, 127, 127, -128, 127, -128, 127, -120, 127, -86, 127, -57, 101, -36, 49, -29, -5, -38, -58, -61, -105, -92, -128, -128, -128, -128, -128, -128, -128, -128, -128, -128, -128, -128, -128, -128, -128, -128, -128, -128, -128, -118, -128, -80, -128, -44, -128, -10, -128, 17, -128, 28, -128, 26]",esp32_2
CSI_DATA,130128,2025-08-27 15:31:18.802,0,stand,00:00:00:00:00:00,-65,11,0,0,0,0,0,0,0,0,0,-97,0,1,0,3890025282,0,14,0,0,0,104,0,"[0, 0, -128, -44, -128, -49, -128, -60, -128, -50, -128, -29, -128, -17, -128, -10, -128, 17, -128, 14, -128, 14, -128, 16, -128, 9, -128, 13, -128, 5, -128, -14, -128, -36, -118, -43, -94, -49, -54, -50, -22, -43, 13, -32, 34, -7, 48, 19, 57, 48, 57, 68, 87, -97, 93, -97, 106, -105, 102, -101, 121, -101, 116, -95, 116, -99, 119, -85, 112, -84, 115, -79, 95, -77, 86, -74, 75, -66, 59, -67, 44, -68, 22, -92, 15, -77, 7, -79, -9, -62, -25, -54, -48, -45, -72, -35, -112, -33, -128, -33, -128, -31, -128, -44]",esp32_1
CSI_DATA,133050,2025-08-27 15:31:18.813,0,stand,00:00:00:00:00:00,-41,11,0,0,0,0,0,0,0,0,0,-97,0,1,0,749782920,0,14,0,0,0,104,0,"[0, 0, 127, -128, 127, -128, 127, -128, 127, -128, 126, -128, 108, -128, 89, -128, 69, -128, 49, -128, 29, -128, 11, -128, -9, -106, -32, -76, -58, -47, -86, -21, -118, 0, -128, 10, -128, 7, -128, -4, -128, -21, -128, -41, -128, -61, -128, -79, -128, -93, -128, -100, 127, 127, 127, 127, 94, 127, 63, 127, 41, 127, 27, 105, 28, 53, 47, 2, 78, -44, 117, -80, 127, -104, 127, -112, 127, -108, 127, -101, 127, -92, 127, -82, 127, -78, 127, -86, 127, -102, 127, -127, 127, -128, 115, -128, 99, -128, 91, -128, 93, -128, 99, -128]",esp32_2
CSI_DATA,130129,2025-08-27 15:31:18.827,0,stand,00:00:00:00:00:00,-65,11,0,0,0,0,0,0,0,0,0,-97,0,1,0,3890062944,0,14,0,0,0,104,0,"[0, 0, 67, -128, 73, -128, 67, -128, 65, -128, 54, -128, 35, -128, 21, -128, 12, -128, -6, -128, -10, -128, -16, -128, -15, -128, -5, -128, 17, -128, 29, -128, 40, -128, 54, -112, 58, -74, 59, -48, 44, -16, 19, 9, 1, 38, -23, 50, -39, 56, -60, 55, 79, 89, 80, 103, 78, 108, 75, 116, 75, 121, 73, 127, 64, 126, 64, 127, 57, 122, 61, 106, 56, 100, 53, 89, 63, 73, 69, 59, 72, 47, 67, 39, 68, 30, 66, 14, 66, -4, 61, -19, 51, -44, 47, -69, 33, -91, 42, -124, 44, -128, 47, -128]",esp32_1
CSI_DATA,130130,2025-08-27 15:31:18.845,0,stand,00:00:00:00:00:00,-65,11,0,0,0,0,0,0,0,0,0,-97,0,1,0,3890087953,0,14,0,0,0,104,0,"[0, 0, 127, -58, 127, -55, 127, -52, 127, -58, 127, -59, 127, -68, 127, -79, 127, -94, 127, -107, 127, -117, 127, -118, 127, -112, 127, -108, 127, -90, 127, -72, 127, -39, 126, -21, 101, 2, 75, 21, 40, 32, 5, 36, -27, 36, -52, 24, -72, 5, -88, -13, -46, 111, -57, 118, -61, 123, -69, 127, -75, 127, -81, 127, -79, 122, -84, 121, -82, 111, -69, 104, -58, 102, -49, 96, -34, 80, -19, 79, -11, 78, 1, 78, 12, 75, 27, 62, 33, 47, 49, 34, 59, 16, 80, -4, 107, -14, 121, -38, 127, -50, 127, -54]",esp32_1
CSI_DATA,133051,2025-08-27 15:31:18.845,0,stand,00:00:00:00:00:00,-41,11,0,0,0,0,0,0,0,0,0,-97,0,1,0,749807086,0,14,0,0,0,104,0,"[0, 0, 13, -128, 22, -128, 28, -128, 31, -128, 29, -128, 22, -128, 12, -128, 1, -128, -10, -128, -21, -128, -31, -128, -41, -94, -53, -59, -70, -23, -90, 10, -114, 39, -128, 57, -128, 63, -128, 61, -128, 49, -128, 31, -128, 11, -128, -10, -128, -30, -128, -43, 127, 127, 127, 127, 127, 127, 116, 127, 84, 127, 58, 91, 44, 42, 45, -12, 60, -64, 85, -110, 119, -128, 127, -128, 127, -128, 127, -128, 127, -128, 127, -128, 127, -128, 127, -128, 127, -128, 118, -128, 80, -128, 46, -128, 17, -128, -5, -128, -16, -128, -17, -128]",esp32_2
CSI_DATA,130131,2025-08-27 15:31:18.867,0,stand,00:00:00:00:00:00,-65,11,0,0,0,0,0,0,0,0,0,-97,0,1,0,3890135378,0,14,0,0,0,104,0,"[0, 0, -128, 127, -128, 127, -128, 127, -128, 127, -128, 127, -128, 127, -128, 127, -128, 127, -128, 127, -123, 127, -128, 127, -128, 127, -128, 127, -128, 127, -128, 127, -128, 117, -128, 78, -125, 38, -95, 9, -61, -10, -14, -28, 26, -38, 55, -37, 86, -21, 105, -2, -34, -128, -31, -128, -27, -128, -18, -128, -10, -128, -7, -128, -3, -128, 10, -128, 13, -128, 2, -128, -4, -128, -12, -128, -27, -118, -34, -106, -48, -102, -53, -95, -54, -84, -62, -67, -74, -38, -76, -19, -86, 13, -97, 43, -110, 64, -128, 109, -128, 127, -128, 127]",esp32_1
CSI_DATA,130132,2025-08-27 15:31:18.891,0,stand,00:00:00:00:00:00,-66,11,0,0,0,0,0,0,0,0,0,-97,0,1,0,3890185435,0,14,0,0,0,104,0,"[0, 0, 127, 127, 127, 127, 127, 127, 127, 127, 127, 127, 127, 120, 127, 111, 127, 96, 127, 85, 127, 71, 127, 83, 127, 88, 127, 94, 127, 104, 127, 112, 116, 111, 82, 109, 42, 92, 19, 70, -8, 45, -27, 19, -31, -15, -34, -40, -30, -73, -14, -93, -126, 50, -128, 48, -128, 45, -128, 39, -128, 35, -128, 31, -128, 24, -128, 21, -128, 18, -128, 16, -126, 27, -108, 35, -105, 32, -91, 38, -82, 49, -68, 65, -56, 66, -40, 71, -29, 67, -6, 66, 13, 72, 44, 74, 80, 88, 99, 95, 125, 103, 127, 127]",esp32_1
CSI_DATA,130133,2025-08-27 15:31:18.910,0,stand,00:00:00:00:00:00,-64,11,0,0,0,0,0,0,0,0,0,-97,0,1,0,3890208575,0,14,0,0,0,104,0,"[0, 0, -128, -128, -128, -128, -128, -128, -128, -128, -128, -128, -128, -123, -128, -116, -128, -98, -128, -93, -128, -88, -128, -94, -128, -97, -128, -99, -128, -108, -119, -108, -96, -109, -63, -101, -38, -86, -11, -68, 8, -43, 20, -18, 26, 12, 28, 36, 20, 65, 9, 83, 112, -37, 123, -36, 127, -34, 127, -30, 127, -26, 127, -16, 127, -13, 127, -8, 127, -7, 127, -5, 110, -16, 95, -21, 93, -24, 86, -35, 73, -43, 59, -56, 51, -58, 38, -65, 27, -60, 11, -64, -8, -63, -31, -73, -66, -85, -81, -98, -104, -106, -125, -127]",esp32_1
CSI_DATA,130134,2025-08-27 15:31:18.939,0,stand,00:00:00:00:00:00,-65,11,0,0,0,0,0,0,0,0,0,-97,0,1,0,3890234444,0,14,0,0,0,104,0,"[0, 0, 18, -128, 17, -128, 19, -128, 16, -128, 2, -128, -14, -128, -24, -128, -49, -128, -57, -128, -63, -128, -73, -128, -66, -128, -60, -128, -28, -128, -11, -128, 9, -128, 38, -128, 53, -119, 58, -74, 47, -29, 30, 6, 7, 41, -18, 62, -41, 81, -68, 79, 127, 73, 127, 85, 127, 101, 127, 105, 127, 113, 127, 127, 127, 127, 127, 127, 123, 123, 124, 108, 112, 99, 104, 85, 109, 65, 110, 53, 105, 38, 102, 25, 91, 9, 88, -6, 84, -27, 73, -42, 57, -68, 40, -97, 14, -126, 12, -128, 10, -128, 2, -128]",esp32_1
CSI_DATA,133053,2025-08-27 15:31:18.943,0,stand,00:00:00:00:00:00,-41,11,0,0,0,0,0,0,0,0,0,-97,0,1,0,749868645,0,14,0,0,0,104,0,"[0, 0, 127, 127, 127, 127, 127, 127, 127, 127, 127, 127, 127, 127, 127, 127, 127, 127, 127, 103, 123, 77, 106, 51, 89, 25, 74, -4, 63, -34, 54, -66, 49, -99, 54, -128, 69, -128, 88, -128, 108, -128, 127, -128, 127, -128, 127, -128, 127, -114, 127, -93, -128, 91, -128, 66, -128, 36, -128, 12, -128, -2, -98, -3, -55, 10, -15, 37, 17, 75, 37, 119, 46, 127, 45, 127, 34, 127, 19, 127, 7, 127, 0, 127, 1, 127, 12, 127, 33, 127, 61, 127, 99, 127, 127, 127, 127, 127, 127, 127, 127, 127, 127, 127]",esp32_2
CSI_DATA,130135,2025-08-27 15:31:18.960,0,stand,00:00:00:00:00:00,-65,11,0,0,0,0,0,0,0,0,0,-97,0,1,0,3890268975,0,14,0,0,0,104,0,"[0, 0, 127, 127, 127, 127, 127, 127, 127, 127, 127, 127, 127, 117, 127, 102, 127, 88, 127, 82, 127, 77, 127, 85, 127, 88, 127, 91, 127, 96, 127, 104, 105, 107, 71, 103, 41, 88, 13, 70, -10, 45, -21, 17, -28, -15, -31, -37, -26, -67, -14, -88, -115, 51, -124, 47, -128, 39, -128, 35, -128, 34, -128, 27, -128, 23, -128, 19, -128, 18, -128, 19, -114, 21, -99, 28, -97, 31, -87, 39, -77, 45, -61, 56, -48, 61, -38, 63, -31, 65, -13, 65, 16, 65, 36, 72, 73, 82, 85, 92, 109, 103, 127, 117]",esp32_1
CSI_DATA,133054,2025-08-27 15:31:18.970,0,stand,00:00:00:00:00:00,-41,11,0,0,0,0,0,0,0,0,0,-97,0,1,0,749926863,0,14,0,0,0,104,0,"[0, 0, -128, -25, -128, -33, -128, -35, -128, -36, -128, -34, -128, -27, -128, -19, -128, -9, -128, 2, -128, 14, -124, 24, -91, 33, -57, 47, -23, 64, 9, 85, 35, 110, 51, 127, 57, 127, 53, 127, 41, 127, 23, 127, 3, 127, -17, 127, -36, 127, -49, 127, 127, -128, 127, -128, 127, -128, 127, -112, 127, -81, 90, -54, 43, -40, -9, -43, -61, -59, -107, -85, -128, -117, -128, -128, -128, -128, -128, -128, -128, -128, -128, -128, -128, -128, -128, -128, -128, -128, -128, -123, -128, -87, -128, -53, -128, -23, -128, 0, -128, 10, -128, 9]",esp32_2
CSI_DATA,130136,2025-08-27 15:31:18.981,0,stand,00:00:00:00:00:00,-65,11,0,0,0,0,0,0,0,0,0,-97,0,1,0,3890306397,0,14,0,0,0,104,0,"[0, 0, -128, -121, -128, -128, -128, -127, -128, -118, -128, -102, -128, -89, -128, -81, -128, -62, -128, -54, -128, -46, -128, -51, -128, -58, -128, -58, -128, -68, -128, -78, -125, -84, -93, -84, -59, -81, -28, -67, -5, -43, 16, -26, 31, 5, 37, 28, 40, 61, 33, 82, 109, -58, 119, -54, 122, -56, 127, -52, 127, -48, 127, -44, 127, -40, 127, -32, 127, -29, 125, -31, 111, -35, 93, -43, 93, -44, 81, -46, 72, -58, 53, -68, 43, -67, 32, -72, 21, -68, 7, -61, -18, -57, -43, -62, -77, -69, -100, -75, -125, -82, -128, -98]",esp32_1
CSI_DATA,133055,2025-08-27 15:31:19.002,0,stand,00:00:00:00:00:00,-41,11,0,0,0,0,0,0,0,0,0,-97,0,1,0,749952725,0,14,0,0,0,104,0,"[0, 0, 127, -48, 127, -39, 127, -32, 127, -26, 127, -23, 127, -22, 127, -24, 127, -29, 127, -34, 127, -40, 112, -44, 79, -47, 46, -54, 13, -66, -19, -81, -46, -100, -66, -122, -75, -128, -75, -128, -68, -128, -54, -128, -36, -128, -15, -128, 5, -128, 19, -128, -100, 127, -113, 127, -121, 127, -117, 127, -101, 100, -73, 71, -33, 50, 15, 41, 65, 46, 111, 63, 127, 86, 127, 114, 127, 127, 127, 127, 127, 127, 127, 127, 127, 127, 127, 127, 127, 123, 127, 87, 127, 50, 127, 15, 127, -18, 127, -45, 127, -60, 127, -62]",esp32_2
CSI_DATA,130137,2025-08-27 15:31:19.008,0,stand,00:00:00:00:00:00,-65,11,0,0,0,0,0,0,0,0,0,-97,0,1,0,3890343191,0,14,0,0,0,104,0,"[0, 0, 127, -128, 127, -128, 127, -128, 127, -128, 127, -128, 127, -128, 127, -128, 118, -128, 117, -128, 99, -128, 96, -128, 110, -128, 112, -128, 127, -128, 127, -126, 127, -98, 116, -65, 102, -36, 81, -13, 50, 8, 15, 23, -19, 30, -49, 29, -74, 17, -89, -6, 32, 125, 28, 127, 31, 127, 21, 127, 15, 127, 18, 127, 8, 127, 7, 127, 6, 127, 9, 127, 15, 127, 25, 116, 27, 100, 35, 93, 40, 81, 55, 81, 50, 67, 64, 61, 64, 30, 66, 13, 68, -11, 77, -40, 89, -60, 106, -97, 123, -118, 127, -124]",esp32_1
CSI_DATA,130138,2025-08-27 15:31:19.030,0,stand,00:00:00:00:00:00,-65,11,0,0,0,0,0,0,0,0,0,-97,0,1,0,3890392446,0,14,0,0,0,104,0,"[0, 0, 127, 127, 127, 127, 127, 127, 127, 127, 127, 127, 127, 127, 127, 127, 127, 127, 127, 119, 127, 114, 127, 120, 127, 126, 127, 127, 127, 127, 127, 127, 120, 127, 74, 127, 41, 116, 6, 90, -13, 53, -25, 16, -29, -22, -28, -55, -29, -85, -6, -108, -128, 44, -128, 37, -128, 32, -128, 28, -128, 25, -128, 15, -128, 4, -128, -1, -128, -1, -128, 11, -128, 11, -128, 19, -128, 31, -121, 43, -114, 55, -86, 63, -79, 64, -61, 74, -51, 78, -25, 83, 2, 86, 36, 98, 72, 103, 100, 126, 127, 127, 127, 127]",esp32_1
CSI_DATA,130139,2025-08-27 15:31:19.052,0,stand,00:00:00:00:00:00,-65,11,0,0,0,0,0,0,0,0,0,-97,0,1,0,3890429732,0,14,0,0,0,104,0,"[0, 0, 118, 127, 117, 127, 121, 127, 111, 127, 111, 127, 118, 127, 127, 127, 127, 127, 127, 127, 127, 127, 127, 127, 127, 127, 127, 127, 127, 127, 103, 127, 72, 127, 37, 127, 5, 116, -8, 79, -22, 43, -26, 11, -14, -24, 0, -53, 13, -82, 41, -94, -128, 46, -128, 42, -128, 34, -128, 31, -128, 25, -128, 19, -128, 9, -128, 2, -128, 3, -128, 7, -128, 14, -128, 25, -126, 25, -119, 37, -109, 42, -92, 58, -81, 61, -67, 72, -57, 74, -36, 81, -9, 84, 20, 95, 55, 115, 71, 127, 94, 127, 121, 127]",esp32_1
CSI_DATA,130140,2025-08-27 15:31:19.073,0,stand,00:00:00:00:00:00,-65,11,0,0,0,0,0,0,0,0,0,-97,0,1,0,3890454353,0,14,0,0,0,104,0,"[0, 0, -105, -128, -89, -128, -103, -128, -82, -128, -94, -128, -98, -128, -107, -128, -119, -128, -128, -128, -128, -127, -128, -128, -128, -128, -128, -128, -127, -128, -89, -128, -72, -128, -33, -116, -12, -100, 4, -78, 20, -43, 24, -14, 22, 21, 12, 47, 0, 75, -17, 82, 125, -5, 127, -2, 127, 3, 127, 9, 127, 12, 127, 21, 127, 18, 127, 29, 127, 29, 127, 19, 117, 18, 108, 6, 106, 2, 100, -10, 92, -18, 82, -33, 63, -34, 63, -49, 50, -45, 36, -55, 14, -64, -13, -79, -41, -98, -49, -120, -70, -128, -90, -128]",esp32_1
CSI_DATA,133057,2025-08-27 15:31:19.084,0,stand,00:00:00:00:00:00,-41,11,0,0,0,0,0,0,0,0,0,-97,0,1,0,750013165,0,14,0,0,0,104,0,"[0, 0, 127, 49, 127, 56, 127, 58, 127, 59, 127, 55, 127, 48, 127, 37, 127, 26, 127, 14, 127, 2, 120, -10, 89, -22, 58, -38, 29, -58, 3, -81, -20, -107, -32, -128, -33, -128, -27, -128, -15, -128, 3, -128, 23, -128, 41, -128, 56, -128, 66, -128, -128, 127, -128, 127, -128, 127, -128, 104, -123, 74, -89, 51, -44, 40, 5, 42, 52, 59, 95, 85, 127, 118, 127, 127, 127, 127, 127, 127, 127, 127, 127, 127, 127, 127, 127, 127, 127, 127, 127, 127, 127, 95, 127, 67, 127, 43, 127, 24, 127, 17, 127, 21]",esp32_2
CSI_DATA,130141,2025-08-27 15:31:19.098,0,stand,00:00:00:00:00:00,-65,11,0,0,0,0,0,0,0,0,0,-97,0,1,0,3890480562,0,14,0,0,0,104,0,"[0, 0, -41, 127, -45, 127, -37, 127, -39, 127, -26, 127, -11, 127, 8, 127, 19, 127, 31, 127, 40, 127, 44, 127, 40, 127, 42, 127, 14, 127, -5, 127, -20, 127, -44, 127, -53, 103, -54, 66, -48, 27, -32, -7, -7, -33, 16, -59, 33, -72, 63, -72, -106, -76, -118, -91, -116, -102, -120, -109, -117, -118, -117, -128, -107, -128, -105, -127, -97, -122, -98, -106, -90, -97, -90, -81, -94, -72, -98, -57, -101, -40, -90, -28, -90, -22, -84, -11, -83, 12, -68, 37, -54, 57, -45, 82, -22, 106, -24, 127, -20, 127, -17, 127]",esp32_1
CSI_DATA,130142,2025-08-27 15:31:19.117,0,stand,00:00:00:00:00:00,-65,11,0,0,0,0,0,0,0,0,0,-97,0,1,0,3890515846,0,14,0,0,0,104,0,"[0, 0, -127, -128, -123, -128, -116, -128, -121, -128, -118, -128, -115, -128, -120, -128, -128, -124, -128, -119, -128, -114, -128, -123, -128, -125, -128, -128, -128, -128, -113, -128, -80, -128, -53, -122, -30, -102, -7, -74, 16, -44, 24, -16, 25, 19, 19, 46, 6, 71, -12, 90, 119, -21, 127, -22, 127, -15, 127, -14, 127, -3, 127, 3, 127, 1, 127, 2, 127, 5, 127, 8, 121, -1, 108, -14, 102, -12, 97, -19, 88, -30, 72, -49, 71, -53, 57, -57, 46, -54, 24, -58, 6, -65, -22, -77, -51, -93, -74, -107, -93, -121, -109, -128]",esp32_1
CSI_DATA,133058,2025-08-27 15:31:19.117,0,stand,00:00:00:00:00:00,-40,11,0,0,0,0,0,0,0,0,0,-97,0,1,0,750054193,0,14,0,0,0,104,0,"[0, 0, 127, 2, 127, 11, 127, 20, 127, 24, 127, 23, 127, 19, 127, 13, 127, 5, 127, -2, 127, -11, 119, -21, 86, -31, 56, -44, 28, -60, 1, -81, -22, -105, -36, -128, -37, -128, -30, -128, -17, -128, 1, -128, 20, -128, 39, -128, 55, -128, 65, -128, -92, 127, -106, 127, -116, 127, -113, 127, -98, 101, -71, 71, -33, 50, 13, 42, 62, 48, 106, 65, 127, 91, 127, 120, 127, 127, 127, 127, 127, 127, 127, 127, 127, 127, 127, 127, 127, 127, 127, 101, 127, 67, 127, 37, 127, 12, 127, -8, 127, -17, 127, -17]",esp32_2
CSI_DATA,133059,2025-08-27 15:31:19.149,0,stand,00:00:00:00:00:00,-40,11,0,0,0,0,0,0,0,0,0,-97,0,1,0,750054892,0,14,0,0,0,104,0,"[0, 0, 127, 29, 127, 36, 127, 39, 127, 40, 127, 35, 127, 28, 127, 21, 127, 12, 127, 3, 127, -5, 118, -14, 86, -24, 56, -40, 27, -59, 1, -81, -21, -106, -35, -128, -39, -128, -34, -128, -23, -128, -5, -128, 17, -128, 38, -128, 54, -128, 63, -128, -128, 127, -128, 127, -128, 127, -128, 113, -115, 83, -83, 58, -40, 45, 7, 44, 54, 56, 95, 82, 126, 116, 127, 127, 127, 127, 127, 127, 127, 127, 127, 127, 127, 127, 127, 127, 127, 127, 127, 117, 127, 83, 127, 55, 127, 34, 127, 19, 127, 11, 127, 10]",esp32_2
CSI_DATA,130144,2025-08-27 15:31:19.170,0,stand,00:00:00:00:00:00,-65,11,0,0,0,0,0,0,0,0,0,-97,0,1,0,3890575659,0,14,0,0,0,104,0,"[0, 0, -128, -43, -128, -51, -128, -41, -128, -42, -128, -27, -128, -24, -128, 0, -128, 15, -128, 40, -128, 63, -128, 61, -128, 58, -128, 45, -128, 11, -128, -6, -128, -25, -128, -48, -115, -58, -70, -58, -25, -51, 8, -36, 45, -13, 62, 4, 73, 41, 79, 78, 83, -118, 109, -128, 97, -122, 125, -128, 114, -128, 127, -128, 127, -120, 127, -123, 127, -111, 115, -109, 96, -121, 84, -119, 67, -106, 59, -106, 48, -121, 26, -100, 22, -116, -5, -94, -18, -91, -30, -75, -64, -53, -83, -46, -119, -33, -128, -11, -128, -5, -128, -20]",esp32_1
CSI_DATA,133060,2025-08-27 15:31:19.177,0,stand,00:00:00:00:00:00,-41,11,0,0,0,0,0,0,0,0,0,-97,0,1,0,750088552,0,14,0,0,0,104,0,"[0, 0, -128, 127, -128, 127, -128, 127, -128, 127, -128, 127, -128, 127, -118, 127, -97, 127, -77, 127, -54, 127, -32, 126, -9, 100, 19, 75, 52, 51, 84, 30, 117, 16, 127, 13, 127, 21, 127, 37, 127, 57, 127, 79, 127, 100, 127, 116, 127, 126, 127, 127, -128, -128, -114, -128, -80, -128, -50, -128, -29, -128, -20, -107, -25, -56, -46, -7, -79, 35, -121, 66, -128, 84, -128, 89, -128, 84, -128, 75, -128, 67, -128, 60, -128, 59, -128, 67, -128, 85, -128, 114, -128, 127, -128, 127, -128, 127, -128, 127, -128, 127, -128, 127]",esp32_2
CSI_DATA,130145,2025-08-27 15:31:19.193,0,stand,00:00:00:00:00:00,-65,11,0,0,0,0,0,0,0,0,0,-97,0,1,0,3890612494,0,14,0,0,0,104,0,"[0, 0, -128, 127, -128, 127, -128, 127, -125, 127, -108, 127, -91, 127, -79, 127, -72, 127, -62, 127, -53, 127, -51, 127, -56, 127, -61, 127, -81, 127, -88, 127, -91, 127, -94, 94, -86, 64, -73, 32, -50, 5, -20, -17, 9, -32, 35, -37, 59, -36, 84, -25, -63, -105, -64, -114, -64, -128, -62, -128, -57, -128, -54, -128, -49, -128, -43, -128, -44, -128, -44, -126, -44, -123, -45, -110, -55, -92, -65, -79, -66, -71, -68, -66, -69, -54, -72, -45, -69, -16, -65, 4, -65, 28, -66, 53, -68, 77, -76, 118, -89, 127, -101, 127]",esp32_1
CSI_DATA,133061,2025-08-27 15:31:19.209,0,stand,00:00:00:00:00:00,-41,11,0,0,0,0,0,0,0,0,0,-97,0,1,0,750113565,0,14,0,0,0,104,0,"[0, 0, 2, 127, -9, 127, -12, 127, -16, 127, -16, 127, -12, 127, -6, 127, 1, 127, 6, 127, 13, 127, 20, 127, 28, 96, 43, 60, 63, 26, 85, -7, 111, -35, 127, -53, 127, -58, 127, -54, 127, -40, 127, -20, 127, 3, 127, 26, 127, 45, 127, 57, -128, -115, -128, -128, -128, -128, -128, -128, -109, -116, -79, -83, -57, -36, -49, 17, -56, 70, -77, 120, -107, 127, -128, 127, -128, 127, -128, 127, -128, 127, -128, 127, -128, 127, -128, 127, -128, 127, -116, 127, -76, 127, -40, 127, -8, 127, 16, 127, 30, 127, 36, 127]",esp32_2
CSI_DATA,130146,2025-08-27 15:31:19.215,0,stand,00:00:00:00:00:00,-65,11,0,0,0,0,0,0,0,0,0,-97,0,1,0,3890637064,0,14,0,0,0,104,0,"[0, 0, -128, 26, -128, 13, -128, 7, -128, 14, -128, 21, -128, 29, -128, 31, -128, 61, -128, 57, -128, 62, -128, 58, -128, 55, -128, 47, -128, 50, -128, 23, -128, 0, -128, -18, -106, -33, -69, -39, -38, -35, 1, -32, 32, -12, 51, 11, 59, 41, 65, 58, 35, -121, 38, -118, 51, -128, 49, -128, 66, -128, 65, -128, 66, -128, 77, -128, 65, -125, 80, -120, 59, -117, 50, -104, 41, -89, 27, -87, 13, -83, -7, -101, -9, -86, -22, -88, -28, -62, -46, -50, -59, -35, -79, -13, -118, -10, -128, 7, -128, 20, -128, 11]",esp32_1
CSI_DATA,133062,2025-08-27 15:31:19.237,0,stand,00:00:00:00:00:00,-41,11,0,0,0,0,0,0,0,0,0,-97,0,1,0,750749687,0,14,0,0,0,104,0,"[0, 0, 18, 127, 8, 127, 5, 127, 0, 127, -2, 127, 2, 127, 9, 127, 16, 127, 23, 127, 30, 127, 36, 111, 41, 81, 50, 49, 62, 16, 77, -14, 97, -40, 120, -59, 127, -67, 127, -68, 127, -59, 127, -45, 127, -27, 127, -7, 127, 11, 127, 24, -128, -117, -128, -128, -128, -128, -115, -128, -84, -112, -59, -79, -43, -36, -38, 11, -47, 58, -67, 101, -94, 127, -123, 127, -128, 127, -128, 127, -128, 127, -128, 127, -128, 127, -128, 127, -123, 127, -89, 127, -53, 127, -19, 127, 12, 127, 36, 127, 49, 127, 52, 127]",esp32_2
CSI_DATA,130147,2025-08-27 15:31:19.241,0,stand,00:00:00:00:00:00,-65,11,0,0,0,0,0,0,0,0,0,-97,0,1,0,3890662414,0,14,0,0,0,104,0,"[0, 0, 119, -128, 127, -128, 105, -128, 118, -128, 94, -128, 78, -128, 55, -128, 53, -128, 32, -128, 33, -128, 32, -128, 46, -128, 43, -128, 71, -128, 84, -128, 70, -122, 95, -104, 76, -68, 71, -41, 46, -2, 22, 11, -5, 30, -32, 41, -54, 43, -81, 35, 69, 97, 79, 116, 64, 113, 73, 127, 65, 124, 68, 127, 62, 127, 62, 127, 49, 127, 58, 112, 48, 110, 57, 96, 64, 89, 73, 78, 84, 67, 63, 48, 71, 50, 68, 23, 78, 14, 74, -5, 60, -35, 69, -59, 50, -81, 68, -114, 80, -128, 84, -128]",esp32_1
CSI_DATA,130148,2025-08-27 15:31:19.258,0,stand,00:00:00:00:00:00,-64,11,0,0,0,0,0,0,0,0,0,-97,0,1,0,3890713828,0,14,0,0,0,104,0,"[0, 0, 96, 127, 87, 127, 98, 127, 89, 127, 93, 127, 98, 127, 107, 127, 114, 127, 127, 127, 127, 126, 127, 127, 127, 127, 127, 127, 110, 127, 89, 127, 65, 127, 33, 124, 4, 102, -7, 74, -23, 40, -26, 9, -18, -20, -7, -46, 6, -73, 27, -82, -121, 21, -128, 17, -128, 10, -128, 10, -128, 3, -128, -3, -128, -6, -128, -17, -128, -16, -128, -7, -125, 4, -110, 9, -109, 8, -104, 22, -95, 29, -84, 42, -73, 44, -59, 51, -52, 54, -35, 61, -17, 67, 10, 81, 41, 91, 55, 114, 80, 127, 98, 127]",esp32_1
CSI_DATA,133063,2025-08-27 15:31:19.258,0,stand,00:00:00:00:00:00,-41,11,0,0,0,0,0,0,0,0,0,-97,0,1,0,750753934,0,14,0,0,0,104,0,"[0, 0, -128, -128, -128, -128, -128, -128, -128, -128, -128, -128, -128, -128, -119, -128, -112, -128, -103, -119, -92, -95, -81, -71, -71, -46, -62, -17, -55, 13, -51, 43, -53, 73, -62, 98, -78, 116, -96, 127, -113, 127, -128, 123, -128, 111, -128, 93, -128, 72, -128, 56, 127, -21, 127, -2, 127, 19, 127, 31, 117, 34, 83, 24, 51, 2, 25, -30, 8, -69, 0, -111, 3, -128, 14, -128, 29, -128, 44, -128, 55, -128, 57, -128, 53, -128, 41, -128, 19, -128, -12, -128, -47, -128, -86, -128, -125, -128, -128, -128, -128, -128, -128, -128]",esp32_2
CSI_DATA,130149,2025-08-27 15:31:19.280,0,stand,00:00:00:00:00:00,-64,11,0,0,0,0,0,0,0,0,0,-97,0,1,0,3890727327,0,14,0,0,0,104,0,"[0, 0, -128, -87, -128, -99, -128, -86, -128, -87, -128, -65, -128, -56, -128, -41, -128, -33, -128, -23, -128, -21, -128, -31, -128, -34, -128, -33, -128, -54, -128, -66, -122, -64, -104, -74, -73, -64, -46, -58, -20, -36, 7, -17, 21, 8, 24, 32, 18, 61, 14, 79, 56, -105, 68, -118, 65, -110, 79, -124, 82, -117, 94, -123, 85, -119, 87, -116, 90, -111, 82, -93, 73, -98, 63, -102, 58, -87, 51, -95, 37, -98, 19, -96, 13, -102, -1, -90, -12, -83, -20, -72, -44, -55, -67, -55, -92, -44, -110, -48, -128, -55, -128, -66]",esp32_1
CSI_DATA,130150,2025-08-27 15:31:19.308,0,stand,00:00:00:00:00:00,-65,11,0,0,0,0,0,0,0,0,0,-97,0,1,0,3890752061,0,14,0,0,0,104,0,"[0, 0, -128, -100, -128, -111, -128, -98, -128, -108, -128, -83, -128, -73, -128, -56, -128, -37, -128, -34, -128, -31, -128, -34, -128, -37, -128, -44, -128, -56, -128, -67, -128, -71, -105, -82, -66, -72, -37, -61, -9, -47, 12, -26, 26, 3, 33, 28, 42, 59, 31, 81, 96, -74, 107, -79, 106, -75, 121, -83, 124, -75, 127, -77, 127, -74, 126, -69, 118, -57, 117, -64, 101, -59, 88, -63, 91, -61, 76, -67, 67, -73, 40, -74, 34, -82, 25, -74, 15, -75, -9, -65, -26, -62, -55, -54, -87, -55, -109, -64, -128, -70, -128, -83]",esp32_1
CSI_DATA,130151,2025-08-27 15:31:19.331,0,stand,00:00:00:00:00:00,-65,11,0,0,0,0,0,0,0,0,0,-97,0,1,0,3890778334,0,14,0,0,0,104,0,"[0, 0, 58, -128, 68, -128, 64, -128, 60, -128, 47, -128, 36, -128, 18, -128, 6, -128, -6, -128, -19, -128, -20, -128, -13, -128, -7, -128, 19, -128, 30, -128, 40, -128, 61, -120, 65, -87, 59, -51, 47, -19, 25, 5, 2, 32, -20, 44, -42, 54, -65, 51, 94, 73, 101, 82, 96, 91, 101, 97, 101, 108, 102, 116, 94, 117, 90, 120, 83, 115, 82, 98, 76, 92, 76, 77, 80, 62, 86, 51, 85, 38, 80, 28, 81, 21, 73, 7, 76, -12, 70, -26, 56, -47, 50, -71, 31, -95, 43, -128, 42, -128, 36, -128]",esp32_1
CSI_DATA,130152,2025-08-27 15:31:19.353,0,stand,00:00:00:00:00:00,-65,11,0,0,0,0,0,0,0,0,0,-97,0,1,0,3890812951,0,14,0,0,0,104,0,"[0, 0, 127, 127, 127, 127, 127, 127, 127, 127, 127, 127, 127, 123, 127, 109, 127, 97, 127, 92, 127, 85, 127, 95, 127, 97, 127, 101, 127, 112, 127, 116, 102, 116, 70, 110, 38, 90, 14, 72, -8, 44, -23, 17, -30, -11, -29, -40, -26, -68, -7, -87, -116, 34, -128, 31, -128, 28, -128, 26, -128, 22, -128, 18, -128, 11, -128, 5, -128, 10, -128, 12, -117, 20, -107, 25, -106, 25, -96, 33, -90, 43, -71, 52, -62, 56, -51, 66, -42, 55, -25, 62, 5, 63, 33, 74, 63, 80, 78, 94, 105, 111, 127, 127]",esp32_1
CSI_DATA,133065,2025-08-27 15:31:19.514,0,stand,00:00:00:00:00:00,-41,11,0,0,0,0,0,0,0,0,0,-97,0,1,0,750773894,0,14,0,0,0,104,0,"[0, 0, -17, 127, -27, 127, -30, 127, -32, 127, -31, 127, -24, 127, -14, 127, -5, 127, 3, 127, 13, 127, 22, 127, 32, 100, 46, 65, 64, 29, 85, -5, 110, -34, 127, -53, 127, -59, 127, -56, 127, -44, 127, -27, 127, -7, 127, 14, 127, 33, 127, 46, -128, -128, -128, -128, -128, -128, -124, -128, -91, -128, -64, -95, -49, -45, -49, 9, -64, 63, -89, 109, -123, 127, -128, 127, -128, 127, -128, 127, -128, 127, -128, 127, -128, 127, -128, 127, -128, 127, -119, 127, -80, 127, -44, 127, -14, 127, 10, 127, 23, 127, 26, 127]",esp32_2
CSI_DATA,133066,2025-08-27 15:31:19.524,0,stand,00:00:00:00:00:00,-41,11,0,0,0,0,0,0,0,0,0,-97,0,1,0,750783749,0,14,0,0,0,104,0,"[0, 0, -128, -37, -128, -43, -128, -45, -128, -44, -128, -39, -128, -32, -128, -25, -128, -16, -128, -8, -123, 0, -100, 8, -76, 18, -51, 30, -25, 44, -2, 61, 18, 81, 30, 103, 33, 124, 31, 127, 21, 127, 6, 127, -11, 127, -27, 127, -39, 127, -47, 127, 125, -128, 127, -128, 127, -102, 118, -77, 99, -54, 70, -37, 34, -30, -4, -34, -41, -49, -72, -71, -95, -98, -107, -125, -109, -128, -107, -128, -102, -128, -97, -128, -93, -128, -94, -128, -101, -121, -114, -93, -128, -66, -128, -44, -128, -28, -128, -17, -128, -12, -128, -13]",esp32_2
CSI_DATA,133067,2025-08-27 15:31:19.528,0,stand,00:00:00:00:00:00,-41,11,0,0,0,0,0,0,0,0,0,-97,0,1,0,750793729,0,14,0,0,0,104,0,"[0, 0, 127, 127, 127, 127, 127, 127, 127, 127, 127, 127, 127, 127, 127, 125, 127, 104, 127, 83, 127, 60, 114, 39, 91, 16, 70, -10, 52, -39, 36, -69, 24, -101, 22, -128, 30, -128, 45, -128, 63, -128, 82, -128, 99, -128, 111, -128, 117, -128, 119, -122, -128, 111, -128, 87, -128, 56, -128, 31, -128, 14, -103, 9, -57, 18, -15, 41, 20, 75, 46, 116, 61, 127, 62, 127, 52, 127, 40, 127, 31, 127, 24, 127, 24, 127, 34, 127, 53, 127, 81, 127, 119, 127, 127, 127, 127, 127, 127, 127, 127, 127, 127, 127]",esp32_2
CSI_DATA,133068,2025-08-27 15:31:19.536,0,stand,00:00:00:00:00:00,-41,11,0,0,0,0,0,0,0,0,0,-97,0,1,0,750803719,0,14,0,0,0,104,0,"[0, 0, -128, -128, -128, -128, -128, -128, -128, -128, -128, -128, -128, -128, -128, -128, -124, -128, -113, -128, -102, -115, -92, -87, -81, -57, -71, -23, -64, 12, -60, 48, -62, 83, -72, 112, -90, 127, -112, 127, -128, 127, -128, 127, -128, 127, -128, 106, -128, 82, -128, 63, 127, -4, 127, 18, 127, 40, 127, 52, 127, 51, 93, 37, 56, 8, 29, -31, 12, -78, 6, -126, 13, -128, 28, -128, 47, -128, 67, -128, 80, -128, 83, -128, 77, -128, 59, -128, 31, -128, -6, -128, -50, -128, -95, -128, -128, -128, -128, -128, -128, -128, -128, -128]",esp32_2
CSI_DATA,133069,2025-08-27 15:31:19.544,0,stand,00:00:00:00:00:00,-41,11,0,0,0,0,0,0,0,0,0,-97,0,1,0,750813858,0,14,0,0,0,104,0,"[0, 0, -16, -128, -7, -128, -1, -128, 2, -128, 1, -128, -3, -128, -7, -128, -13, -128, -19, -128, -24, -123, -30, -100, -35, -74, -44, -48, -54, -23, -67, 1, -85, 23, -104, 36, -123, 41, -128, 40, -128, 32, -128, 19, -128, 4, -128, -12, -128, -25, -128, -34, 127, 79, 127, 89, 127, 96, 105, 93, 78, 81, 56, 57, 41, 25, 37, -12, 43, -50, 57, -87, 79, -115, 101, -128, 122, -128, 127, -128, 127, -128, 127, -128, 127, -126, 125, -124, 102, -125, 74, -128, 44, -128, 16, -128, -7, -128, -23, -128, -33, -128, -35, -128]",esp32_2
CSI_DATA,133070,2025-08-27 15:31:19.547,0,stand,00:00:00:00:00:00,-41,11,0,0,0,0,0,0,0,0,0,-97,0,1,0,750823735,0,14,0,0,0,104,0,"[0, 0, -88, 127, -94, 127, -92, 127, -88, 127, -80, 127, -67, 127, -54, 127, -39, 127, -25, 127, -10, 127, 3, 127, 16, 103, 34, 70, 56, 37, 80, 7, 108, -19, 127, -34, 127, -36, 127, -29, 127, -14, 127, 5, 127, 22, 127, 40, 127, 57, 127, 68, -128, -128, -128, -128, -120, -128, -85, -128, -59, -128, -42, -101, -36, -51, -48, 1, -72, 49, -104, 89, -128, 117, -128, 127, -128, 127, -128, 126, -128, 117, -128, 108, -128, 103, -128, 109, -128, 121, -128, 127, -105, 127, -77, 127, -55, 127, -40, 127, -35, 127, -37, 127]",esp32_2
CSI_DATA,133071,2025-08-27 15:31:19.556,0,stand,00:00:00:00:00:00,-41,11,0,0,0,0,0,0,0,0,0,-97,0,1,0,750835047,0,14,0,0,0,104,0,"[0, 0, 127, -128, 127, -128, 127, -128, 127, -128, 127, -128, 127, -128, 127, -128, 127, -128, 127, -122, 120, -112, 88, -101, 56, -88, 21, -77, -16, -69, -54, -65, -90, -66, -121, -77, -128, -95, -128, -119, -128, -128, -128, -128, -128, -128, -119, -128, -94, -128, -74, -128, -7, 127, -29, 127, -53, 127, -64, 127, -61, 127, -45, 99, -13, 60, 31, 32, 83, 15, 127, 11, 127, 18, 127, 35, 127, 57, 127, 77, 127, 90, 127, 94, 127, 88, 127, 69, 127, 38, 127, -3, 127, -50, 127, -100, 127, -128, 127, -128, 127, -128, 127, -128]",esp32_2
CSI_DATA,130153,2025-08-27 15:31:19.568,0,stand,00:00:00:00:00:00,-65,11,0,0,0,0,0,0,0,0,0,-97,0,1,0,3890849888,0,14,0,0,0,104,0,"[0, 0, 127, 127, 127, 127, 127, 127, 127, 127, 127, 124, 127, 106, 127, 92, 127, 81, 127, 67, 127, 55, 127, 66, 127, 67, 127, 69, 127, 84, 127, 91, 127, 102, 93, 98, 55, 88, 26, 77, 1, 52, -21, 30, -40, -1, -42, -29, -44, -60, -35, -84, -121, 35, -128, 33, -128, 26, -128, 26, -128, 23, -128, 15, -128, 13, -128, 8, -128, 9, -128, 12, -118, 22, -105, 26, -102, 29, -91, 39, -84, 45, -66, 58, -55, 58, -47, 63, -31, 61, -18, 64, 12, 63, 42, 69, 79, 74, 99, 84, 127, 95, 127, 114]",esp32_1
CSI_DATA,130154,2025-08-27 15:31:19.572,0,stand,00:00:00:00:00:00,-64,11,0,0,0,0,0,0,0,0,0,-97,0,1,0,3890897205,0,14,0,0,0,104,0,"[0, 0, -90, 127, -105, 127, -83, 127, -85, 127, -74, 127, -67, 127, -49, 127, -41, 127, -14, 127, -2, 127, -1, 127, -8, 127, -18, 127, -43, 127, -56, 127, -54, 125, -69, 111, -70, 71, -64, 39, -44, 14, -22, -12, -2, -33, 23, -42, 45, -45, 68, -46, -72, -82, -76, -103, -72, -104, -79, -119, -74, -114, -74, -128, -58, -123, -62, -128, -51, -123, -64, -102, -66, -97, -64, -90, -67, -72, -79, -60, -77, -53, -71, -47, -75, -44, -66, -23, -71, -2, -64, 9, -58, 35, -60, 59, -43, 78, -50, 117, -49, 127, -61, 127]",esp32_1
CSI_DATA,130155,2025-08-27 15:31:19.577,0,stand,00:00:00:00:00:00,-64,11,0,0,0,0,0,0,0,0,0,-97,0,1,0,3890934885,0,14,0,0,0,104,0,"[0, 0, -91, -128, -81, -128, -86, -128, -80, -128, -83, -128, -87, -128, -96, -128, -111, -128, -118, -128, -121, -128, -128, -128, -128, -128, -120, -128, -101, -128, -78, -128, -57, -128, -28, -121, -4, -98, 13, -74, 18, -40, 21, -12, 17, 19, 5, 40, -9, 70, -29, 79, 116, -12, 121, -13, 127, -7, 127, -3, 127, -2, 127, 9, 127, 9, 127, 18, 127, 15, 127, 10, 114, 5, 106, -4, 101, -7, 98, -18, 89, -25, 75, -37, 70, -36, 60, -48, 52, -49, 34, -59, 14, -67, -5, -82, -38, -92, -46, -114, -65, -128, -83, -128]",esp32_1
CSI_DATA,130156,2025-08-27 15:31:19.577,0,stand,00:00:00:00:00:00,-65,11,0,0,0,0,0,0,0,0,0,-97,0,1,0,3890960077,0,14,0,0,0,104,0,"[0, 0, 127, 97, 127, 101, 127, 108, 127, 95, 127, 88, 127, 72, 127, 61, 127, 43, 127, 34, 127, 23, 127, 31, 127, 38, 127, 46, 127, 56, 127, 68, 127, 85, 111, 82, 71, 80, 47, 63, 13, 42, -12, 20, -26, -5, -34, -35, -33, -65, -20, -91, -76, 103, -84, 109, -90, 110, -99, 114, -107, 111, -117, 112, -114, 102, -116, 97, -107, 95, -109, 90, -90, 91, -81, 95, -77, 83, -61, 85, -54, 88, -38, 100, -26, 96, -11, 91, -3, 80, 13, 75, 35, 66, 65, 58, 95, 65, 122, 57, 127, 64, 127, 72]",esp32_1
CSI_DATA,130157,2025-08-27 15:31:19.582,0,stand,00:00:00:00:00:00,-65,11,0,0,0,0,0,0,0,0,0,-97,0,1,0,3890985680,0,14,0,0,0,104,0,"[0, 0, 127, 80, 127, 83, 127, 86, 127, 79, 127, 66, 127, 48, 127, 40, 127, 22, 127, 13, 127, 6, 127, 10, 127, 14, 127, 14, 127, 34, 127, 46, 127, 61, 113, 65, 82, 66, 49, 63, 18, 45, -9, 32, -29, 6, -41, -22, -50, -52, -42, -77, -92, 83, -98, 85, -104, 87, -109, 86, -123, 89, -124, 83, -116, 80, -125, 77, -115, 75, -116, 69, -96, 73, -86, 71, -78, 64, -67, 71, -57, 72, -39, 85, -28, 84, -18, 82, -8, 68, 11, 60, 34, 56, 57, 50, 92, 53, 117, 51, 127, 50, 127, 67]",esp32_1
CSI_DATA,130158,2025-08-27 15:31:19.589,0,stand,00:00:00:00:00:00,-65,11,0,0,0,0,0,0,0,0,0,-97,0,1,0,3891020238,0,14,0,0,0,104,0,"[0, 0, -60, 127, -71, 127, -65, 127, -59, 127, -49, 127, -31, 127, -15, 127, 0, 127, 9, 127, 7, 127, 18, 127, 14, 127, 11, 127, -13, 127, -32, 127, -44, 127, -60, 122, -67, 93, -64, 55, -50, 20, -34, -9, -9, -33, 14, -49, 37, -64, 60, -62, -84, -87, -85, -99, -88, -106, -88, -115, -88, -121, -87, -128, -79, -126, -76, -126, -73, -121, -71, -108, -67, -101, -65, -88, -75, -77, -78, -63, -81, -45, -79, -37, -79, -30, -73, -15, -75, 5, -65, 21, -53, 44, -49, 68, -41, 96, -36, 127, -41, 127, -38, 127]",esp32_1
CSI_DATA,130159,2025-08-27 15:31:19.594,0,stand,00:00:00:00:00:00,-64,11,0,0,0,0,0,0,0,0,0,-97,0,1,0,3891057185,0,14,0,0,0,104,0,"[0, 0, 127, 96, 127, 90, 127, 105, 127, 83, 127, 77, 127, 60, 127, 51, 127, 32, 127, 33, 127, 26, 127, 29, 127, 38, 127, 41, 127, 57, 127, 60, 127, 79, 95, 73, 66, 72, 39, 62, 12, 44, -13, 24, -30, -5, -33, -30, -37, -59, -22, -78, -83, 88, -85, 84, -95, 94, -95, 86, -117, 95, -110, 81, -110, 82, -109, 78, -108, 78, -117, 75, -91, 72, -78, 74, -77, 60, -64, 71, -54, 71, -39, 88, -27, 76, -21, 80, -9, 62, 10, 62, 30, 55, 56, 49, 98, 61, 112, 52, 127, 59, 127, 70]",esp32_1
CSI_DATA,130160,2025-08-27 15:31:19.594,0,stand,00:00:00:00:00:00,-65,11,0,0,0,0,0,0,0,0,0,-97,0,1,0,3891082458,0,14,0,0,0,104,0,"[0, 0, 127, 127, 127, 127, 127, 127, 127, 127, 127, 127, 127, 109, 127, 102, 127, 86, 127, 75, 127, 71, 127, 82, 127, 80, 127, 96, 127, 102, 127, 107, 118, 115, 84, 102, 51, 91, 20, 68, 0, 42, -15, 16, -23, -14, -20, -40, -9, -74, 3, -87, -92, 90, -103, 91, -108, 92, -116, 92, -128, 89, -128, 85, -128, 79, -128, 72, -126, 72, -122, 69, -106, 72, -90, 73, -90, 69, -77, 73, -74, 77, -52, 92, -46, 88, -35, 89, -22, 77, -7, 78, 19, 72, 49, 76, 80, 83, 102, 82, 127, 94, 127, 113]",esp32_1
CSI_DATA,130161,2025-08-27 15:31:19.594,0,stand,00:00:00:00:00:00,-65,11,0,0,0,0,0,0,0,0,0,-97,0,1,0,3891120053,0,14,0,0,0,104,0,"[0, 0, 127, -123, 127, -118, 127, -112, 127, -118, 127, -113, 127, -116, 127, -124, 123, -128, 119, -128, 113, -128, 113, -128, 122, -128, 124, -128, 127, -128, 127, -109, 127, -84, 126, -55, 103, -28, 78, -5, 51, 17, 14, 26, -19, 29, -44, 21, -67, 11, -80, -11, 20, 117, 16, 124, 15, 127, 8, 127, 4, 127, 1, 127, -6, 127, -5, 127, -8, 127, -3, 127, 2, 123, 11, 113, 18, 96, 30, 90, 36, 82, 41, 80, 48, 72, 57, 62, 61, 36, 69, 22, 71, 1, 82, -26, 95, -41, 110, -72, 127, -95, 127, -99]",esp32_1
CSI_DATA,130162,2025-08-27 15:31:19.605,0,stand,00:00:00:00:00:00,-65,11,0,0,0,0,0,0,0,0,0,-97,0,1,0,3891178672,0,14,0,0,0,104,0,"[0, 0, -128, 98, -128, 91, -128, 86, -128, 91, -128, 90, -128, 93, -128, 104, -128, 117, -128, 125, -128, 127, -128, 127, -128, 127, -128, 127, -128, 109, -128, 94, -128, 62, -128, 32, -111, 6, -81, -7, -49, -18, -10, -32, 21, -29, 50, -15, 70, 0, 85, 22, -3, -125, 4, -128, 5, -128, 8, -128, 14, -128, 24, -128, 26, -128, 27, -128, 29, -128, 25, -128, 19, -128, 8, -126, -1, -103, -12, -102, -27, -94, -39, -98, -43, -86, -55, -77, -58, -54, -70, -35, -75, -13, -90, 12, -106, 23, -128, 60, -128, 76, -128, 77]",esp32_1
CSI_DATA,130163,2025-08-27 15:31:19.608,0,stand,00:00:00:00:00:00,-65,11,0,0,0,0,0,0,0,0,0,-97,0,1,0,3891202846,0,14,0,0,0,104,0,"[0, 0, 127, -96, 127, -97, 127, -78, 127, -96, 127, -84, 127, -88, 127, -95, 127, -112, 127, -117, 127, -128, 127, -128, 127, -125, 127, -119, 127, -105, 127, -84, 127, -51, 127, -30, 109, -3, 73, 12, 38, 20, 2, 25, -25, 12, -51, 0, -70, -17, -78, -42, 24, 118, 21, 127, 22, 127, 19, 127, 13, 127, 5, 127, 1, 127, -11, 127, -7, 127, -4, 127, 5, 127, 12, 122, 13, 101, 27, 97, 33, 92, 40, 85, 53, 89, 57, 73, 67, 53, 66, 28, 73, 13, 83, -16, 105, -28, 127, -60, 127, -78, 127, -81]",esp32_1
CSI_DATA,130164,2025-08-27 15:31:19.629,0,stand,00:00:00:00:00:00,-65,11,0,0,0,0,0,0,0,0,0,-97,0,1,0,3891239688,0,14,0,0,0,104,0,"[0, 0, -128, 79, -128, 88, -128, 71, -128, 80, -128, 74, -128, 69, -128, 90, -128, 99, -128, 100, -128, 127, -128, 127, -128, 127, -128, 127, -128, 101, -128, 92, -128, 55, -128, 32, -101, 5, -77, -15, -44, -23, -5, -30, 22, -20, 46, -14, 66, 4, 82, 26, 3, -118, 13, -128, 8, -128, 19, -128, 22, -128, 39, -128, 40, -128, 48, -128, 44, -128, 38, -115, 18, -127, 17, -120, 5, -103, -11, -98, -21, -102, -29, -87, -41, -94, -47, -71, -57, -61, -60, -39, -74, -20, -88, 2, -101, 11, -122, 48, -128, 69, -128, 66]",esp32_1
CSI_DATA,133073,2025-08-27 15:31:19.636,0,stand,00:00:00:00:00:00,-41,11,0,0,0,0,0,0,0,0,0,-97,0,1,0,750857222,0,14,0,0,0,104,0,"[0, 0, -128, -56, -128, -66, -128, -65, -128, -62, -128, -55, -128, -44, -128, -32, -128, -19, -128, -5, -128, 11, -128, 24, -104, 37, -71, 51, -38, 66, -7, 87, 23, 116, 41, 127, 44, 127, 40, 127, 27, 127, 9, 127, -5, 127, -21, 127, -39, 127, -51, 127, 127, -128, 127, -128, 127, -128, 127, -102, 127, -75, 99, -53, 49, -42, -6, -49, -55, -68, -101, -94, -128, -128, -128, -128, -128, -128, -128, -128, -128, -128, -128, -128, -124, -128, -128, -128, -128, -128, -128, -128, -128, -90, -128, -59, -128, -26, -128, -2, -128, 2, -128, -5]",esp32_2
CSI_DATA,133074,2025-08-27 15:31:19.662,0,stand,00:00:00:00:00:00,-41,11,0,0,0,0,0,0,0,0,0,-97,0,1,0,750866020,0,14,0,0,0,104,0,"[0, 0, 127, 127, 127, 127, 127, 127, 127, 127, 127, 127, 127, 127, 127, 120, 127, 100, 125, 80, 110, 60, 93, 41, 76, 21, 61, -2, 48, -27, 38, -53, 32, -81, 33, -106, 41, -127, 54, -128, 69, -128, 85, -128, 100, -128, 107, -123, 109, -104, 108, -88, -128, 74, -128, 54, -128, 30, -128, 11, -118, 0, -85, 0, -50, 11, -18, 33, 8, 64, 26, 101, 33, 127, 32, 127, 22, 127, 10, 127, 2, 127, -1, 127, 0, 127, 9, 127, 27, 127, 53, 127, 85, 127, 123, 122, 127, 125, 127, 127, 127, 127, 127, 127]",esp32_2
CSI_DATA,133075,2025-08-27 15:31:19.694,0,stand,00:00:00:00:00:00,-41,11,0,0,0,0,0,0,0,0,0,-97,0,1,0,750874096,0,14,0,0,0,104,0,"[0, 0, -128, -94, -128, -98, -128, -96, -128, -91, -128, -82, -128, -71, -128, -59, -128, -47, -128, -33, -123, -20, -101, -8, -79, 5, -55, 23, -32, 40, -9, 60, 9, 83, 18, 107, 18, 127, 13, 127, 2, 127, -12, 127, -28, 127, -41, 127, -51, 127, -57, 126, 127, -111, 127, -91, 127, -64, 127, -41, 113, -24, 80, -15, 43, -17, 5, -32, -29, -56, -55, -86, -72, -118, -77, -128, -75, -128, -69, -128, -63, -128, -58, -128, -57, -128, -62, -128, -74, -128, -93, -115, -121, -93, -128, -76, -128, -64, -128, -56, -128, -57, -128, -64]",esp32_2
CSI_DATA,130166,2025-08-27 15:31:19.719,0,stand,00:00:00:00:00:00,-65,11,0,0,0,0,0,0,0,0,0,-97,0,1,0,3891299984,0,14,0,0,0,104,0,"[0, 0, 28, -128, 35, -128, 15, -128, 17, -128, 0, -128, -12, -128, -34, -128, -36, -128, -56, -128, -58, -128, -62, -128, -54, -128, -57, -128, -17, -128, 7, -128, 9, -128, 43, -128, 47, -113, 59, -79, 42, -32, 28, -1, 11, 35, -13, 59, -40, 69, -65, 71, 123, 64, 127, 75, 127, 80, 127, 91, 127, 97, 127, 108, 127, 104, 127, 105, 127, 106, 122, 89, 109, 78, 106, 75, 111, 55, 115, 42, 119, 21, 97, 19, 101, 13, 87, -13, 87, -32, 76, -45, 48, -69, 46, -100, 13, -112, 22, -128, 15, -128, -1, -128]",esp32_1
CSI_DATA,133076,2025-08-27 15:31:19.722,0,stand,00:00:00:00:00:00,-41,11,0,0,0,0,0,0,0,0,0,-97,0,1,0,750883709,0,14,0,0,0,104,0,"[0, 0, 127, -107, 127, -96, 127, -84, 127, -74, 127, -67, 127, -64, 127, -64, 127, -66, 127, -67, 127, -66, 109, -64, 75, -60, 40, -61, 5, -64, -32, -71, -66, -83, -92, -101, -109, -125, -117, -128, -115, -128, -104, -128, -85, -128, -61, -128, -38, -128, -21, -128, -100, 127, -115, 127, -126, 127, -122, 127, -105, 103, -76, 70, -35, 46, 15, 34, 67, 37, 116, 52, 127, 76, 127, 103, 127, 127, 127, 127, 127, 127, 127, 127, 127, 127, 127, 127, 127, 94, 127, 54, 127, 10, 127, -32, 127, -68, 127, -99, 127, -117, 127, -121]",esp32_2
CSI_DATA,130167,2025-08-27 15:31:19.743,0,stand,00:00:00:00:00:00,-65,11,0,0,0,0,0,0,0,0,0,-97,0,1,0,3891325941,0,14,0,0,0,104,0,"[0, 0, -128, 24, -128, 20, -128, 14, -128, 20, -128, 28, -128, 37, -128, 52, -128, 70, -128, 74, -128, 87, -128, 85, -128, 81, -128, 76, -128, 59, -128, 37, -128, 11, -128, -8, -107, -21, -74, -34, -34, -31, -1, -37, 30, -21, 51, -3, 71, 22, 76, 46, 45, -115, 52, -123, 58, -128, 67, -128, 70, -128, 81, -128, 79, -128, 81, -128, 78, -121, 76, -110, 59, -115, 51, -108, 40, -90, 33, -92, 15, -89, -1, -99, -12, -92, -21, -83, -29, -61, -43, -50, -60, -30, -78, -18, -107, -6, -128, 12, -128, 26, -128, 19]",esp32_1
CSI_DATA,133077,2025-08-27 15:31:19.751,0,stand,00:00:00:00:00:00,-41,11,0,0,0,0,0,0,0,0,0,-97,0,1,0,750893721,0,14,0,0,0,104,0,"[0, 0, 43, -128, 51, -128, 55, -128, 56, -128, 53, -128, 45, -128, 34, -128, 21, -128, 8, -128, -6, -128, -17, -126, -27, -95, -42, -62, -59, -29, -78, 1, -101, 28, -128, 44, -128, 48, -128, 44, -128, 34, -128, 18, -128, 2, -128, -16, -128, -33, -128, -45, 127, 127, 127, 127, 121, 127, 88, 127, 60, 127, 39, 95, 31, 48, 40, -1, 61, -49, 90, -92, 125, -121, 127, -128, 127, -128, 127, -128, 127, -128, 127, -121, 127, -115, 127, -117, 127, -125, 119, -128, 86, -128, 55, -128, 29, -128, 10, -128, 2, -128, 4, -128]",esp32_2
CSI_DATA,130168,2025-08-27 15:31:19.775,0,stand,00:00:00:00:00:00,-65,11,0,0,0,0,0,0,0,0,0,-97,0,1,0,3891362500,0,14,0,0,0,104,0,"[0, 0, -11, -128, -7, -128, -4, -128, -9, -128, -12, -128, -23, -128, -35, -128, -49, -128, -62, -128, -69, -128, -65, -128, -69, -128, -60, -128, -43, -128, -27, -128, -3, -128, 12, -123, 30, -95, 35, -64, 30, -32, 28, -2, 14, 26, -3, 46, -29, 66, -48, 66, 105, 48, 111, 54, 115, 60, 115, 64, 123, 79, 120, 80, 113, 80, 111, 81, 105, 79, 99, 76, 101, 55, 97, 45, 87, 42, 88, 31, 84, 20, 89, -1, 83, -5, 82, -17, 64, -25, 50, -33, 34, -52, 23, -72, 12, -102, -6, -120, -11, -128, -10, -128]",esp32_1
CSI_DATA,133078,2025-08-27 15:31:19.783,0,stand,00:00:00:00:00:00,-41,11,0,0,0,0,0,0,0,0,0,-97,0,1,0,750911799,0,14,0,0,0,104,0,"[0, 0, -128, 127, -128, 127, -128, 127, -128, 119, -128, 110, -128, 102, -128, 95, -128, 92, -128, 87, -125, 83, -94, 77, -63, 69, -28, 65, 8, 61, 43, 60, 77, 66, 105, 79, 126, 98, 127, 120, 127, 127, 127, 127, 119, 127, 97, 127, 73, 127, 56, 127, 84, -128, 99, -128, 109, -128, 107, -128, 94, -108, 68, -74, 30, -47, -17, -33, -68, -30, -116, -40, -128, -60, -128, -83, -128, -108, -128, -128, -128, -128, -128, -128, -128, -127, -128, -106, -128, -73, -128, -33, -128, 12, -128, 56, -128, 95, -128, 127, -128, 127, -128, 127]",esp32_2
CSI_DATA,130169,2025-08-27 15:31:19.802,0,stand,00:00:00:00:00:00,-65,11,0,0,0,0,0,0,0,0,0,-97,0,1,0,3891408748,0,14,0,0,0,104,0,"[0, 0, 127, -128, 127, -128, 126, -128, 121, -128, 114, -128, 99, -128, 76, -128, 81, -128, 52, -128, 36, -128, 41, -128, 46, -128, 53, -128, 91, -128, 97, -128, 92, -128, 99, -86, 92, -60, 79, -31, 52, -3, 20, 11, -6, 34, -31, 41, -61, 41, -77, 29, 77, 106, 76, 114, 73, 121, 73, 127, 76, 127, 66, 127, 53, 127, 56, 127, 47, 127, 58, 121, 59, 110, 57, 97, 69, 86, 78, 77, 80, 62, 68, 60, 71, 48, 76, 25, 79, 6, 82, -1, 69, -32, 85, -55, 69, -83, 81, -120, 87, -128, 90, -128]",esp32_1
CSI_DATA,133079,2025-08-27 15:31:19.808,0,stand,00:00:00:00:00:00,-41,11,0,0,0,0,0,0,0,0,0,-97,0,1,0,750916215,0,14,0,0,0,104,0,"[0, 0, -128, 127, -128, 127, -128, 127, -128, 127, -128, 127, -128, 127, -128, 119, -128, 113, -128, 107, -117, 99, -88, 91, -58, 82, -26, 76, 7, 70, 41, 70, 75, 76, 102, 88, 120, 106, 127, 127, 127, 127, 123, 127, 109, 127, 89, 127, 66, 127, 48, 127, -20, -128, 3, -128, 26, -128, 39, -128, 40, -128, 29, -97, 3, -60, -35, -32, -81, -14, -128, -7, -128, -12, -128, -27, -128, -46, -128, -65, -128, -80, -128, -85, -128, -79, -128, -62, -128, -34, -128, 3, -128, 46, -128, 91, -128, 127, -128, 127, -128, 127, -128, 127]",esp32_2
CSI_DATA,130170,2025-08-27 15:31:19.839,0,stand,00:00:00:00:00:00,-65,11,0,0,0,0,0,0,0,0,0,-97,0,1,0,3891445306,0,14,0,0,0,104,0,"[0, 0, 127, -128, 127, -128, 127, -128, 127, -128, 127, -128, 126, -128, 114, -128, 104, -128, 98, -128, 90, -128, 94, -128, 97, -128, 100, -128, 115, -128, 119, -128, 115, -102, 111, -78, 99, -45, 79, -15, 51, 6, 17, 21, -18, 30, -44, 32, -68, 18, -86, 1, 30, 116, 31, 127, 30, 127, 25, 127, 18, 127, 17, 127, 10, 127, 6, 127, 2, 127, 6, 127, 17, 126, 18, 119, 27, 98, 38, 87, 48, 81, 52, 78, 53, 69, 61, 59, 62, 33, 67, 8, 72, -11, 76, -37, 91, -53, 105, -93, 116, -111, 127, -125]",esp32_1
CSI_DATA,130171,2025-08-27 15:31:19.865,0,stand,00:00:00:00:00:00,-65,11,0,0,0,0,0,0,0,0,0,-97,0,1,0,3891470520,0,14,0,0,0,104,0,"[0, 0, -128, -128, -128, -128, -128, -128, -128, -128, -128, -128, -128, -128, -128, -128, -128, -128, -128, -128, -128, -113, -128, -120, -128, -128, -128, -128, -128, -128, -128, -128, -128, -128, -87, -128, -39, -124, -8, -100, 16, -62, 28, -24, 32, 14, 28, 52, 29, 91, 7, 109, 127, -61, 127, -53, 127, -48, 127, -46, 127, -41, 127, -30, 127, -18, 127, -11, 127, -10, 127, -20, 127, -29, 127, -33, 127, -47, 120, -56, 111, -65, 86, -70, 70, -75, 58, -83, 45, -92, 24, -88, -5, -96, -37, -106, -91, -105, -115, -125, -128, -128, -128, -128]",esp32_1
CSI_DATA,130172,2025-08-27 15:31:19.886,0,stand,00:00:00:00:00:00,-65,11,0,0,0,0,0,0,0,0,0,-97,0,1,0,3891505194,0,14,0,0,0,104,0,"[0, 0, 127, 60, 127, 68, 127, 65, 127, 54, 127, 50, 127, 32, 127, 21, 127, 6, 127, -7, 127, -15, 127, -11, 127, -11, 127, -1, 127, 14, 127, 28, 127, 46, 117, 57, 81, 58, 49, 50, 16, 37, -10, 25, -35, 3, -47, -15, -55, -45, -51, -69, -88, 82, -96, 87, -100, 85, -111, 86, -116, 84, -122, 85, -120, 78, -123, 77, -114, 69, -109, 68, -97, 72, -82, 76, -77, 66, -65, 70, -52, 73, -34, 80, -28, 82, -15, 79, -4, 67, 15, 61, 34, 49, 61, 47, 93, 48, 117, 36, 127, 40, 127, 55]",esp32_1
CSI_DATA,133081,2025-08-27 15:31:19.917,0,stand,00:00:00:00:00:00,-41,11,0,0,0,0,0,0,0,0,0,-97,0,1,0,750940522,0,14,0,0,0,104,0,"[0, 0, 71, 127, 60, 127, 48, 127, 40, 127, 36, 127, 37, 127, 38, 127, 42, 127, 46, 127, 48, 127, 48, 101, 48, 73, 52, 42, 60, 12, 70, -19, 84, -48, 103, -68, 127, -80, 127, -83, 127, -77, 127, -65, 127, -48, 127, -29, 127, -10, 127, 4, -128, -76, -128, -92, -128, -103, -128, -103, -98, -90, -68, -65, -46, -29, -34, 15, -35, 61, -48, 105, -69, 127, -92, 127, -116, 127, -128, 127, -128, 127, -128, 127, -128, 127, -117, 127, -88, 127, -54, 127, -17, 127, 19, 127, 51, 127, 76, 127, 91, 127, 96, 127]",esp32_2
CSI_DATA,133082,2025-08-27 15:31:19.951,0,stand,00:00:00:00:00:00,-41,11,0,0,0,0,0,0,0,0,0,-97,0,1,0,750943721,0,14,0,0,0,104,0,"[0, 0, -128, 127, -128, 127, -128, 127, -128, 127, -128, 127, -128, 127, -128, 127, -128, 127, -128, 127, -105, 118, -77, 105, -49, 90, -17, 77, 18, 65, 54, 57, 90, 55, 122, 62, 127, 77, 127, 97, 127, 117, 127, 127, 127, 127, 127, 127, 104, 127, 85, 127, -20, -128, 3, -128, 27, -128, 41, -128, 43, -128, 31, -97, 5, -57, -33, -26, -80, -5, -128, 4, -128, 1, -128, -12, -128, -32, -128, -50, -128, -63, -128, -68, -128, -62, -128, -44, -128, -13, -128, 26, -128, 72, -128, 120, -128, 127, -128, 127, -128, 127, -128, 127]",esp32_2
CSI_DATA,130174,2025-08-27 15:31:19.974,0,stand,00:00:00:00:00:00,-65,11,0,0,0,0,0,0,0,0,0,-97,0,1,0,3891572079,0,14,0,0,0,104,0,"[0, 0, -128, 65, -128, 61, -128, 50, -128, 61, -128, 68, -128, 74, -128, 85, -128, 102, -128, 108, -128, 117, -128, 123, -128, 115, -128, 114, -128, 88, -128, 73, -128, 40, -128, 19, -106, -6, -77, -24, -41, -28, -8, -35, 28, -30, 52, -18, 75, 3, 84, 25, 34, -119, 44, -128, 46, -128, 52, -128, 57, -128, 65, -128, 64, -128, 72, -128, 66, -128, 64, -113, 48, -116, 35, -113, 26, -97, 17, -89, 7, -90, -7, -91, -17, -85, -27, -78, -37, -55, -50, -40, -62, -16, -80, -1, -108, 11, -128, 42, -128, 55, -128, 51]",esp32_1
CSI_DATA,133083,2025-08-27 15:31:19.990,0,stand,00:00:00:00:00:00,-40,11,0,0,0,0,0,0,0,0,0,-97,0,1,0,750954439,0,14,0,0,0,104,0,"[0, 0, -128, 127, -128, 125, -128, 113, -128, 102, -128, 92, -128, 83, -128, 77, -128, 75, -128, 72, -108, 69, -83, 65, -57, 60, -29, 57, 1, 56, 30, 58, 59, 65, 80, 77, 93, 94, 101, 112, 101, 127, 93, 127, 80, 127, 63, 127, 45, 127, 30, 127, 26, -128, 43, -128, 58, -128, 62, -128, 57, -104, 42, -73, 15, -46, -20, -28, -60, -20, -102, -22, -128, -33, -128, -50, -128, -69, -128, -86, -128, -97, -128, -98, -128, -92, -128, -76, -128, -51, -128, -19, -128, 16, -128, 52, -128, 88, -128, 120, -128, 127, -128, 127]",esp32_2
CSI_DATA,130175,2025-08-27 15:31:20.006,0,stand,00:00:00:00:00:00,-65,11,0,0,0,0,0,0,0,0,0,-97,0,1,0,3891614025,0,14,0,0,0,104,0,"[0, 0, -128, -61, -128, -60, -128, -66, -128, -56, -128, -46, -128, -33, -128, -26, -128, 4, -128, 16, -128, 23, -128, 21, -128, 15, -128, 3, -128, -10, -128, -30, -128, -50, -128, -57, -105, -66, -59, -64, -20, -50, 14, -37, 39, -11, 53, 22, 68, 56, 63, 79, 97, -115, 103, -110, 120, -122, 118, -113, 127, -121, 127, -104, 127, -101, 127, -95, 127, -94, 127, -98, 103, -90, 93, -93, 86, -87, 76, -89, 55, -84, 33, -105, 16, -91, 12, -95, -3, -75, -23, -68, -40, -57, -71, -48, -127, -48, -128, -39, -128, -36, -128, -49]",esp32_1
CSI_DATA,133084,2025-08-27 15:31:20.013,0,stand,00:00:00:00:00:00,-41,11,0,0,0,0,0,0,0,0,0,-97,0,1,0,750963706,0,14,0,0,0,104,0,"[0, 0, -123, -128, -108, -128, -98, -128, -88, -128, -83, -128, -80, -128, -78, -128, -78, -128, -76, -128, -73, -128, -68, -104, -64, -73, -62, -38, -64, -2, -67, 34, -75, 69, -89, 96, -110, 114, -128, 124, -128, 124, -128, 115, -128, 99, -128, 77, -128, 55, -128, 39, 127, 98, 127, 110, 127, 119, 127, 116, 97, 101, 67, 71, 44, 30, 34, -17, 36, -67, 48, -114, 70, -128, 96, -128, 121, -128, 127, -128, 127, -128, 127, -128, 127, -128, 118, -128, 85, -128, 45, -128, 2, -128, -41, -128, -80, -128, -111, -128, -128, -128, -128, -128]",esp32_2
CSI_DATA,130176,2025-08-27 15:31:20.033,0,stand,00:00:00:00:00:00,-65,11,0,0,0,0,0,0,0,0,0,-97,0,1,0,3891651363,0,14,0,0,0,104,0,"[0, 0, 127, 127, 127, 127, 127, 127, 127, 127, 127, 127, 127, 127, 127, 113, 127, 100, 127, 92, 127, 87, 127, 91, 127, 102, 127, 104, 127, 117, 127, 117, 109, 119, 71, 112, 38, 93, 12, 79, -10, 48, -25, 21, -33, -11, -33, -42, -35, -68, -17, -91, -127, 23, -128, 19, -128, 15, -128, 12, -128, 9, -128, 0, -128, -3, -128, -8, -128, -8, -128, -2, -118, 5, -108, 13, -104, 16, -94, 22, -88, 33, -74, 45, -63, 50, -48, 61, -39, 56, -19, 60, 3, 63, 31, 74, 65, 86, 85, 97, 109, 113, 127, 127]",esp32_1
CSI_DATA,133085,2025-08-27 15:31:20.045,0,stand,00:00:00:00:00:00,-41,11,0,0,0,0,0,0,0,0,0,-97,0,1,0,750973689,0,14,0,0,0,104,0,"[0, 0, 127, -128, 127, -128, 127, -128, 127, -128, 127, -128, 127, -128, 127, -128, 127, -128, 120, -128, 91, -128, 62, -127, 33, -106, 0, -84, -35, -63, -71, -46, -108, -37, -128, -37, -128, -48, -128, -66, -128, -86, -128, -106, -128, -123, -128, -128, -128, -128, -127, -128, 41, 127, 15, 127, -14, 127, -32, 127, -36, 127, -28, 110, -4, 62, 35, 21, 85, -6, 127, -21, 127, -21, 127, -11, 127, 6, 127, 23, 127, 33, 127, 38, 127, 34, 127, 16, 127, -15, 127, -55, 127, -105, 127, -128, 127, -128, 127, -128, 127, -128, 127, -128]",esp32_2
CSI_DATA,130177,2025-08-27 15:31:20.059,0,stand,00:00:00:00:00:00,-65,11,0,0,0,0,0,0,0,0,0,-97,0,1,0,3891676470,0,14,0,0,0,104,0,"[0, 0, 114, 127, 109, 127, 116, 127, 114, 127, 114, 127, 122, 127, 126, 127, 127, 124, 127, 120, 127, 117, 127, 127, 127, 127, 127, 127, 127, 127, 106, 127, 82, 127, 44, 120, 17, 99, -4, 74, -19, 42, -28, 14, -26, -18, -19, -43, -16, -77, 9, -88, -126, 13, -128, 8, -128, 0, -128, -1, -128, -6, -128, -15, -128, -15, -128, -24, -128, -18, -128, -20, -116, -8, -106, 0, -106, 2, -98, 12, -91, 20, -77, 37, -67, 43, -58, 48, -51, 49, -26, 57, -10, 66, 17, 76, 52, 94, 62, 113, 85, 127, 105, 127]",esp32_1
CSI_DATA,133086,2025-08-27 15:31:20.069,0,stand,00:00:00:00:00:00,-41,11,0,0,0,0,0,0,0,0,0,-97,0,1,0,750983725,0,14,0,0,0,104,0,"[0, 0, -128, 127, -128, 127, -128, 127, -128, 127, -128, 127, -116, 127, -96, 127, -77, 127, -61, 127, -43, 127, -25, 120, -6, 94, 17, 68, 44, 43, 70, 19, 100, 1, 127, -9, 127, -10, 127, -1, 127, 12, 127, 30, 127, 50, 127, 68, 127, 80, 127, 85, -87, -128, -63, -128, -34, -128, -13, -128, 1, -128, 3, -100, -10, -53, -37, -12, -73, 22, -117, 46, -128, 56, -128, 55, -128, 46, -128, 35, -128, 28, -128, 24, -128, 25, -128, 36, -128, 60, -128, 93, -128, 127, -116, 127, -113, 127, -116, 127, -122, 127, -128, 127]",esp32_2
CSI_DATA,130178,2025-08-27 15:31:20.088,0,stand,00:00:00:00:00:00,-65,11,0,0,0,0,0,0,0,0,0,-97,0,1,0,3891726296,0,14,0,0,0,104,0,"[0, 0, 127, 127, 127, 127, 127, 127, 127, 127, 127, 120, 127, 108, 127, 94, 127, 79, 127, 70, 127, 64, 127, 77, 127, 80, 127, 84, 127, 93, 127, 102, 117, 103, 79, 98, 46, 86, 20, 71, -5, 45, -24, 23, -32, -12, -32, -37, -34, -64, -24, -87, -117, 40, -127, 43, -128, 38, -128, 34, -128, 29, -128, 24, -128, 20, -128, 20, -128, 17, -128, 18, -116, 25, -104, 30, -99, 28, -90, 40, -81, 46, -65, 61, -54, 63, -40, 68, -29, 63, -6, 62, 12, 65, 40, 70, 75, 80, 97, 93, 120, 104, 127, 119]",esp32_1
CSI_DATA,133087,2025-08-27 15:31:20.101,0,stand,00:00:00:00:00:00,-41,11,0,0,0,0,0,0,0,0,0,-97,0,1,0,750993968,0,14,0,0,0,104,0,"[0, 0, 127, -128, 127, -128, 127, -128, 127, -128, 127, -128, 127, -128, 127, -128, 127, -128, 106, -128, 81, -128, 56, -114, 29, -96, 1, -77, -29, -60, -61, -48, -93, -41, -124, -43, -128, -54, -128, -71, -128, -89, -128, -107, -128, -121, -128, -128, -121, -128, -102, -128, 64, 127, 39, 127, 9, 127, -11, 127, -19, 127, -15, 97, 3, 55, 34, 18, 76, -10, 122, -27, 127, -31, 127, -24, 127, -10, 127, 5, 127, 16, 127, 23, 127, 21, 127, 6, 127, -19, 127, -53, 127, -94, 127, -128, 127, -128, 127, -128, 127, -128, 127, -128]",esp32_2
CSI_DATA,130180,2025-08-27 15:31:20.194,0,stand,00:00:00:00:00:00,-65,11,0,0,0,0,0,0,0,0,0,-97,0,1,0,3892419549,0,14,0,0,0,104,0,"[0, 0, 127, 127, 127, 127, 127, 127, 127, 127, 127, 121, 127, 106, 127, 91, 127, 71, 127, 63, 127, 56, 127, 62, 127, 67, 127, 72, 127, 79, 127, 88, 124, 99, 85, 94, 52, 85, 25, 68, -3, 44, -23, 23, -41, -7, -47, -33, -46, -70, -35, -86, -128, 38, -128, 36, -128, 33, -128, 28, -128, 22, -128, 19, -128, 10, -128, 3, -128, 4, -128, 4, -116, 16, -99, 26, -92, 24, -83, 34, -74, 44, -57, 61, -48, 64, -32, 69, -20, 63, -3, 63, 19, 66, 51, 74, 89, 83, 106, 90, 127, 102, 127, 118]",esp32_1
CSI_DATA,133089,2025-08-27 15:31:20.194,0,stand,00:00:00:00:00:00,-41,11,0,0,0,0,0,0,0,0,0,-97,0,1,0,751013701,0,14,0,0,0,104,0,"[0, 0, -128, -128, -128, -128, -128, -128, -128, -128, -128, -128, -128, -128, -128, -128, -128, -128, -125, -128, -114, -105, -101, -78, -88, -49, -76, -17, -67, 16, -60, 50, -57, 85, -64, 114, -79, 127, -99, 127, -117, 127, -128, 127, -128, 127, -128, 119, -128, 97, -128, 78, 127, -11, 127, 10, 127, 33, 127, 45, 127, 48, 94, 35, 56, 8, 27, -31, 8, -76, 1, -126, 6, -128, 20, -128, 38, -128, 57, -128, 69, -128, 71, -128, 65, -128, 50, -128, 22, -128, -16, -128, -60, -128, -107, -128, -128, -128, -128, -128, -128, -128, -128, -128]",esp32_2
CSI_DATA,133090,2025-08-27 15:31:20.215,0,stand,00:00:00:00:00:00,-41,11,0,0,0,0,0,0,0,0,0,-97,0,1,0,751024176,0,14,0,0,0,104,0,"[0, 0, -128, -128, -128, -128, -128, -128, -128, -128, -120, -128, -112, -128, -106, -128, -103, -128, -98, -128, -92, -117, -84, -91, -74, -61, -67, -29, -62, 3, -60, 38, -64, 72, -76, 100, -94, 119, -116, 127, -128, 127, -128, 125, -128, 111, -128, 91, -128, 67, -128, 50, 127, 31, 127, 51, 127, 68, 127, 75, 115, 69, 79, 50, 48, 17, 28, -25, 19, -72, 20, -119, 31, -128, 50, -128, 72, -128, 92, -128, 105, -128, 106, -128, 98, -128, 78, -128, 47, -128, 11, -128, -31, -128, -75, -128, -116, -128, -128, -128, -128, -128, -128, -128]",esp32_2
CSI_DATA,130181,2025-08-27 15:31:20.237,0,stand,00:00:00:00:00:00,-65,11,0,0,0,0,0,0,0,0,0,-97,0,1,0,3892429500,0,14,0,0,0,104,0,"[0, 0, -128, -128, -128, -128, -124, -128, -125, -128, -128, -128, -128, -128, -128, -128, -128, -128, -128, -128, -128, -128, -128, -128, -128, -128, -128, -128, -128, -128, -123, -128, -86, -128, -53, -128, -25, -115, 8, -90, 25, -50, 29, -13, 31, 24, 29, 62, 22, 87, -1, 105, 127, -4, 127, -2, 127, 11, 127, 15, 127, 25, 127, 40, 127, 37, 127, 35, 127, 41, 127, 29, 127, 29, 118, 14, 118, 6, 119, -18, 102, -35, 80, -39, 78, -50, 50, -62, 48, -81, 33, -82, -5, -88, -27, -115, -61, -115, -81, -128, -103, -128, -126, -128]",esp32_1
CSI_DATA,133091,2025-08-27 15:31:20.247,0,stand,00:00:00:00:00:00,-41,11,0,0,0,0,0,0,0,0,0,-97,0,1,0,751033702,0,14,0,0,0,104,0,"[0, 0, -86, 127, -94, 127, -93, 127, -89, 127, -79, 127, -64, 127, -49, 127, -34, 127, -21, 127, -7, 127, 6, 127, 20, 104, 37, 71, 58, 39, 81, 9, 107, -18, 127, -35, 127, -40, 127, -37, 127, -25, 127, -8, 127, 13, 127, 34, 127, 50, 127, 60, -128, -128, -128, -128, -106, -128, -73, -128, -48, -128, -32, -103, -30, -51, -44, 2, -70, 49, -106, 85, -128, 109, -128, 120, -128, 120, -128, 114, -128, 105, -128, 96, -128, 92, -128, 97, -128, 112, -128, 127, -100, 127, -72, 127, -52, 127, -40, 127, -37, 127, -40, 127]",esp32_2
CSI_DATA,130182,2025-08-27 15:31:20.260,0,stand,00:00:00:00:00:00,-65,11,0,0,0,0,0,0,0,0,0,-97,0,1,0,3892439515,0,14,0,0,0,104,0,"[0, 0, 52, -128, 55, -128, 50, -128, 47, -128, 33, -128, 17, -128, 6, -128, -10, -128, -20, -128, -28, -128, -34, -128, -30, -128, -24, -128, -6, -128, 11, -128, 22, -128, 43, -116, 50, -82, 53, -52, 39, -17, 24, 10, 7, 35, -14, 50, -34, 64, -54, 61, 84, 84, 87, 98, 83, 106, 85, 110, 83, 121, 79, 125, 71, 123, 68, 127, 64, 120, 61, 101, 58, 91, 59, 79, 67, 66, 66, 48, 73, 39, 69, 26, 67, 18, 66, 3, 66, -22, 59, -33, 52, -56, 44, -81, 33, -97, 39, -128, 34, -128, 39, -128]",esp32_1
CSI_DATA,133092,2025-08-27 15:31:20.269,0,stand,00:00:00:00:00:00,-41,11,0,0,0,0,0,0,0,0,0,-97,0,1,0,751043728,0,14,0,0,0,104,0,"[0, 0, 127, -128, 127, -128, 127, -128, 127, -128, 125, -128, 105, -128, 85, -128, 66, -128, 49, -128, 31, -128, 12, -128, -5, -109, -26, -79, -51, -48, -77, -20, -107, 3, -128, 16, -128, 17, -128, 10, -128, -3, -128, -23, -128, -44, -128, -63, -128, -78, -128, -86, 122, 127, 95, 127, 59, 127, 31, 127, 14, 127, 7, 105, 16, 54, 40, 6, 76, -35, 119, -64, 127, -80, 127, -83, 127, -76, 127, -66, 127, -57, 127, -50, 127, -49, 127, -60, 127, -82, 127, -113, 125, -128, 106, -128, 96, -128, 94, -128, 99, -128, 106, -128]",esp32_2
CSI_DATA,130183,2025-08-27 15:31:20.281,0,stand,00:00:00:00:00:00,-65,11,0,0,0,0,0,0,0,0,0,-97,0,1,0,3892449907,0,14,0,0,0,104,0,"[0, 0, -128, 72, -128, 68, -128, 63, -128, 70, -128, 72, -128, 76, -128, 89, -128, 104, -128, 112, -128, 123, -128, 124, -128, 121, -128, 116, -128, 99, -128, 78, -128, 47, -121, 30, -100, 2, -71, -11, -36, -22, -3, -34, 23, -27, 49, -17, 72, -2, 83, 20, 25, -118, 32, -128, 35, -128, 40, -128, 53, -128, 60, -128, 60, -128, 61, -127, 58, -120, 53, -106, 36, -108, 29, -101, 19, -84, 8, -80, -6, -80, -20, -83, -29, -74, -39, -66, -47, -47, -57, -31, -70, -10, -83, 8, -109, 20, -128, 46, -128, 61, -128, 64]",esp32_1
CSI_DATA,133093,2025-08-27 15:31:20.296,0,stand,00:00:00:00:00:00,-41,11,0,0,0,0,0,0,0,0,0,-97,0,1,0,751056859,0,14,0,0,0,104,0,"[0, 0, -128, 127, -128, 127, -128, 127, -128, 127, -128, 124, -128, 115, -128, 110, -128, 106, -128, 99, -120, 92, -91, 85, -62, 78, -30, 71, 4, 65, 39, 63, 73, 67, 103, 78, 124, 95, 127, 116, 127, 127, 127, 127, 119, 127, 98, 127, 75, 127, 57, 127, 47, -128, 65, -128, 82, -128, 85, -128, 77, -118, 55, -81, 21, -50, -24, -31, -74, -24, -122, -28, -128, -43, -128, -63, -128, -85, -128, -106, -128, -118, -128, -119, -128, -110, -128, -88, -128, -55, -128, -15, -128, 29, -128, 74, -128, 117, -128, 127, -128, 127, -128, 127]",esp32_2
CSI_DATA,130184,2025-08-27 15:31:20.317,0,stand,00:00:00:00:00:00,-65,11,0,0,0,0,0,0,0,0,0,-97,0,1,0,3892459454,0,14,0,0,0,104,0,"[0, 0, -25, -128, -19, -128, -27, -128, -26, -128, -29, -128, -40, -128, -59, -128, -69, -128, -77, -128, -91, -128, -100, -128, -93, -128, -89, -128, -68, -128, -44, -128, -26, -128, 0, -128, 23, -101, 35, -73, 40, -32, 35, 0, 24, 28, 13, 53, 0, 78, -27, 86, 113, 60, 118, 69, 118, 78, 122, 81, 122, 91, 120, 101, 107, 99, 104, 104, 96, 95, 92, 80, 87, 71, 81, 58, 84, 47, 86, 34, 82, 20, 65, 4, 65, -4, 62, -16, 59, -33, 40, -50, 28, -69, 15, -90, -12, -112, -14, -128, -26, -128, -37, -128]",esp32_1
CSI_DATA,133094,2025-08-27 15:31:20.328,0,stand,00:00:00:00:00:00,-41,11,0,0,0,0,0,0,0,0,0,-97,0,1,0,751063716,0,14,0,0,0,104,0,"[0, 0, 127, -128, 127, -128, 127, -128, 127, -128, 127, -128, 127, -128, 127, -128, 127, -128, 126, -128, 99, -118, 72, -105, 45, -90, 14, -77, -18, -64, -52, -56, -85, -54, -113, -60, -128, -76, -128, -96, -128, -115, -128, -128, -128, -128, -123, -128, -100, -128, -81, -128, 22, 127, -1, 127, -27, 127, -41, 127, -42, 127, -31, 91, -7, 53, 31, 23, 77, 3, 123, -6, 127, -3, 127, 10, 127, 28, 127, 46, 127, 58, 127, 62, 127, 57, 127, 40, 127, 12, 127, -24, 127, -69, 127, -117, 127, -128, 127, -128, 127, -128, 127, -128]",esp32_2
CSI_DATA,130185,2025-08-27 15:31:20.340,0,stand,00:00:00:00:00:00,-65,11,0,0,0,0,0,0,0,0,0,-97,0,1,0,3892469440,0,14,0,0,0,104,0,"[0, 0, 27, 127, 22, 127, 28, 127, 28, 127, 40, 127, 50, 127, 63, 127, 76, 127, 90, 127, 98, 127, 102, 127, 97, 127, 91, 127, 72, 127, 46, 127, 30, 127, 2, 127, -19, 101, -29, 69, -40, 34, -37, 3, -26, -29, -14, -52, -2, -77, 19, -90, -111, -65, -116, -73, -118, -84, -117, -90, -121, -99, -114, -108, -108, -101, -100, -103, -95, -98, -99, -91, -83, -74, -81, -62, -82, -45, -83, -36, -82, -20, -76, -3, -66, 4, -61, 22, -62, 31, -49, 50, -31, 63, -16, 90, 7, 115, 11, 127, 21, 127, 35, 127]",esp32_1
CSI_DATA,133096,2025-08-27 15:31:20.413,0,stand,00:00:00:00:00:00,-41,11,0,0,0,0,0,0,0,0,0,-97,0,1,0,751083700,0,14,0,0,0,104,0,"[0, 0, -128, -128, -128, -128, -128, -128, -128, -128, -128, -128, -128, -128, -123, -128, -120, -128, -114, -128, -106, -128, -98, -108, -88, -74, -80, -36, -76, 4, -74, 43, -78, 82, -90, 114, -111, 127, -128, 127, -128, 127, -128, 127, -128, 127, -128, 107, -128, 81, -128, 61, 127, 51, 127, 72, 127, 90, 127, 95, 127, 87, 91, 62, 57, 22, 36, -28, 27, -84, 32, -128, 49, -128, 72, -128, 97, -128, 119, -128, 127, -128, 127, -128, 122, -128, 99, -128, 63, -128, 19, -128, -30, -128, -82, -128, -128, -128, -128, -128, -128, -128, -128, -128]",esp32_2
CSI_DATA,130187,2025-08-27 15:31:20.441,0,stand,00:00:00:00:00:00,-65,11,0,0,0,0,0,0,0,0,0,-97,0,1,0,3892492130,0,14,0,0,0,104,0,"[0, 0, 69, -128, 68, -128, 62, -128, 58, -128, 35, -128, 23, -128, -1, -128, -13, -128, -29, -128, -32, -128, -45, -128, -35, -128, -26, -128, 1, -128, 24, -128, 37, -128, 61, -128, 64, -107, 67, -72, 55, -24, 31, 11, 1, 43, -22, 67, -47, 79, -81, 80, 114, 109, 117, 122, 110, 127, 114, 127, 109, 127, 107, 127, 95, 127, 94, 127, 87, 127, 91, 127, 80, 115, 80, 104, 86, 80, 97, 70, 99, 50, 86, 41, 85, 20, 81, 3, 81, -22, 75, -39, 56, -66, 57, -101, 37, -128, 41, -128, 41, -128, 41, -128]",esp32_1
CSI_DATA,133097,2025-08-27 15:31:20.441,0,stand,00:00:00:00:00:00,-41,11,0,0,0,0,0,0,0,0,0,-97,0,1,0,751093696,0,14,0,0,0,104,0,"[0, 0, -128, 38, -128, 27, -128, 18, -128, 13, -128, 11, -128, 13, -128, 18, -128, 24, -128, 31, -128, 38, -121, 43, -90, 46, -58, 51, -26, 60, 6, 73, 36, 93, 56, 116, 66, 127, 67, 127, 60, 127, 46, 127, 27, 127, 7, 127, -11, 127, -24, 127, 105, -128, 119, -128, 127, -128, 122, -128, 105, -95, 75, -64, 35, -44, -13, -38, -63, -46, -107, -64, -128, -90, -128, -118, -128, -128, -128, -128, -128, -128, -128, -128, -128, -128, -128, -128, -128, -113, -128, -75, -128, -37, -128, -1, -128, 31, -128, 55, -128, 67, -128, 67]",esp32_2
CSI_DATA,130188,2025-08-27 15:31:20.466,0,stand,00:00:00:00:00:00,-65,11,0,0,0,0,0,0,0,0,0,-97,0,1,0,3892499434,0,14,0,0,0,104,0,"[0, 0, -128, 127, -128, 127, -128, 127, -128, 127, -128, 127, -128, 127, -128, 127, -128, 127, -128, 127, -128, 127, -128, 127, -128, 127, -128, 127, -128, 127, -128, 127, -128, 107, -128, 76, -121, 37, -96, 10, -63, -16, -15, -41, 21, -45, 52, -43, 84, -37, 106, -17, 13, -128, 22, -128, 26, -128, 32, -128, 46, -128, 48, -128, 55, -128, 61, -128, 53, -128, 43, -128, 35, -128, 24, -128, 7, -106, -7, -99, -25, -94, -40, -93, -43, -81, -57, -67, -59, -41, -76, -13, -88, 11, -108, 39, -122, 57, -128, 102, -128, 127, -128, 127]",esp32_1
CSI_DATA,133098,2025-08-27 15:31:20.466,0,stand,00:00:00:00:00:00,-41,11,0,0,0,0,0,0,0,0,0,-97,0,1,0,751103721,0,14,0,0,0,104,0,"[0, 0, 127, -128, 127, -128, 127, -128, 127, -128, 127, -128, 127, -128, 127, -128, 127, -128, 127, -128, 127, -119, 97, -108, 64, -94, 29, -83, -9, -75, -48, -70, -86, -71, -120, -81, -128, -101, -128, -125, -128, -128, -128, -128, -128, -128, -119, -128, -91, -128, -71, -128, -20, 127, -44, 127, -67, 127, -77, 127, -72, 127, -52, 98, -18, 59, 30, 31, 86, 16, 127, 16, 127, 27, 127, 47, 127, 71, 127, 93, 127, 106, 127, 108, 127, 100, 127, 78, 127, 42, 127, -3, 127, -53, 127, -106, 127, -128, 127, -128, 127, -128, 127, -128]",esp32_2
CSI_DATA,133099,2025-08-27 15:31:20.499,0,stand,00:00:00:00:00:00,-41,11,0,0,0,0,0,0,0,0,0,-97,0,1,0,751113726,0,14,0,0,0,104,0,"[0, 0, 113, 127, 99, 127, 88, 127, 78, 127, 70, 127, 66, 127, 65, 127, 67, 127, 68, 127, 66, 127, 62, 110, 59, 78, 60, 45, 66, 12, 73, -22, 84, -54, 101, -79, 125, -94, 127, -101, 127, -99, 127, -87, 127, -69, 127, -47, 127, -26, 127, -10, -128, -63, -128, -81, -128, -95, -128, -98, -113, -88, -80, -62, -52, -24, -35, 21, -32, 70, -43, 118, -63, 127, -88, 127, -112, 127, -128, 127, -128, 127, -128, 127, -128, 127, -115, 127, -82, 127, -43, 127, 0, 127, 41, 127, 77, 127, 107, 127, 127, 127, 127, 127]",esp32_2
CSI_DATA,130189,2025-08-27 15:31:20.505,0,stand,00:00:00:00:00:00,-68,11,0,0,0,0,0,0,0,0,0,-97,0,1,0,3892509462,0,14,0,0,0,104,0,"[0, 0, -82, -128, -85, -128, -95, -128, -98, -128, -103, -128, -110, -128, -117, -128, -128, -120, -128, -115, -128, -108, -128, -120, -128, -115, -128, -121, -128, -128, -128, -128, -123, -128, -87, -125, -43, -110, -17, -85, 15, -61, 29, -30, 47, 7, 49, 48, 63, 92, 52, 125, 107, 65, 112, 74, 108, 73, 111, 77, 105, 85, 103, 86, 103, 84, 95, 79, 82, 76, 87, 68, 80, 53, 77, 40, 83, 36, 81, 20, 74, 13, 65, -17, 50, -22, 46, -30, 40, -37, 27, -45, 17, -56, 8, -72, -31, -87, -38, -97, -51, -114, -75, -128]",esp32_1
CSI_DATA,130190,2025-08-27 15:31:20.531,0,stand,00:00:00:00:00:00,-66,11,0,0,0,0,0,0,0,0,0,-97,0,1,0,3892519493,0,14,0,0,0,104,0,"[0, 0, 127, 15, 127, 17, 127, 18, 127, 14, 127, 6, 127, -12, 127, -22, 127, -34, 127, -50, 127, -60, 127, -56, 127, -55, 127, -49, 127, -36, 127, -19, 127, 11, 124, 20, 89, 35, 60, 38, 25, 38, -6, 35, -36, 20, -56, 2, -72, -20, -74, -45, -77, 95, -86, 99, -90, 100, -103, 98, -108, 101, -112, 94, -109, 90, -107, 87, -107, 82, -97, 71, -82, 72, -65, 71, -57, 66, -44, 65, -27, 65, -13, 79, -3, 71, 12, 70, 19, 52, 35, 43, 52, 32, 77, 24, 108, 14, 127, 5, 127, 1, 127, 9]",esp32_1
CSI_DATA,133100,2025-08-27 15:31:20.531,0,stand,00:00:00:00:00:00,-41,11,0,0,0,0,0,0,0,0,0,-97,0,1,0,751123681,0,14,0,0,0,104,0,"[0, 0, -128, 127, -128, 127, -128, 127, -128, 127, -128, 127, -128, 127, -128, 127, -128, 127, -115, 127, -90, 126, -65, 111, -40, 94, -11, 78, 22, 62, 54, 50, 88, 44, 119, 45, 127, 56, 127, 73, 127, 92, 127, 112, 127, 127, 127, 127, 116, 127, 96, 127, -37, -128, -14, -128, 12, -128, 28, -128, 31, -128, 23, -95, 1, -54, -35, -20, -79, 3, -126, 14, -128, 13, -128, 3, -128, -13, -128, -31, -128, -43, -128, -46, -128, -41, -128, -25, -128, 3, -128, 42, -128, 86, -128, 127, -128, 127, -128, 127, -128, 127, -128, 127]",esp32_2
CSI_DATA,130191,2025-08-27 15:31:20.563,0,stand,00:00:00:00:00:00,-66,11,0,0,0,0,0,0,0,0,0,-97,0,1,0,3892532522,0,14,0,0,0,104,0,"[0, 0, 127, -128, 127, -128, 127, -128, 127, -128, 127, -128, 118, -128, 103, -128, 93, -128, 84, -128, 70, -128, 70, -128, 75, -128, 80, -128, 99, -128, 103, -128, 103, -120, 108, -90, 97, -53, 75, -29, 53, 0, 21, 30, -11, 41, -37, 46, -67, 43, -86, 30, 12, 127, 9, 127, 0, 127, -1, 127, -12, 127, -11, 127, -14, 127, -19, 127, -20, 127, -14, 127, -8, 123, 3, 112, 12, 91, 28, 85, 36, 77, 45, 70, 50, 63, 54, 47, 59, 20, 64, -2, 65, -25, 80, -54, 89, -70, 103, -108, 120, -128, 127, -128]",esp32_1
CSI_DATA,133101,2025-08-27 15:31:20.563,0,stand,00:00:00:00:00:00,-41,11,0,0,0,0,0,0,0,0,0,-97,0,1,0,751133747,0,14,0,0,0,104,0,"[0, 0, 127, -64, 127, -54, 127, -41, 127, -32, 127, -28, 127, -29, 127, -33, 127, -38, 127, -44, 127, -51, 118, -54, 88, -56, 57, -60, 25, -67, -5, -79, -33, -96, -53, -118, -63, -128, -64, -128, -56, -128, -42, -128, -25, -128, -7, -128, 11, -128, 24, -128, -67, 127, -86, 127, -100, 127, -100, 127, -88, 107, -64, 75, -26, 51, 20, 38, 68, 39, 113, 52, 127, 75, 127, 100, 127, 125, 127, 127, 127, 127, 127, 127, 127, 127, 127, 127, 127, 100, 127, 62, 127, 22, 127, -15, 127, -47, 127, -74, 127, -88, 127, -90]",esp32_2
CSI_DATA,133102,2025-08-27 15:31:20.584,0,stand,00:00:00:00:00:00,-41,11,0,0,0,0,0,0,0,0,0,-97,0,1,0,751143701,0,14,0,0,0,104,0,"[0, 0, -128, -128, -128, -128, -128, -128, -128, -128, -128, -128, -128, -128, -128, -125, -128, -102, -128, -78, -128, -56, -128, -35, -109, -13, -83, 12, -57, 39, -33, 70, -14, 104, -9, 127, -14, 127, -25, 127, -43, 127, -63, 127, -80, 127, -93, 127, -102, 127, -107, 127, 127, -86, 127, -59, 127, -27, 127, -4, 127, 8, 105, 8, 57, -7, 13, -39, -21, -81, -45, -128, -55, -128, -52, -128, -40, -128, -26, -128, -15, -128, -9, -128, -11, -128, -25, -128, -49, -128, -84, -128, -128, -128, -128, -128, -128, -128, -128, -128, -128, -128, -128, -128]",esp32_2
CSI_DATA,130192,2025-08-27 15:31:20.591,0,stand,00:00:00:00:00:00,-66,11,0,0,0,0,0,0,0,0,0,-97,0,1,0,3892540290,0,14,0,0,0,104,0,"[0, 0, -28, -128, -28, -128, -22, -128, -32, -128, -33, -128, -47, -128, -65, -128, -84, -128, -96, -128, -109, -128, -115, -128, -113, -128, -101, -128, -74, -128, -50, -128, -25, -128, 10, -128, 29, -116, 39, -75, 47, -36, 33, -3, 24, 32, 8, 63, -9, 85, -32, 100, 127, 66, 127, 79, 127, 88, 127, 93, 127, 102, 127, 117, 127, 109, 124, 117, 112, 108, 115, 90, 100, 80, 95, 64, 101, 52, 98, 30, 105, 16, 83, 0, 80, -9, 71, -26, 73, -44, 52, -55, 37, -79, 15, -106, -12, -128, -16, -128, -25, -128, -45, -128]",esp32_1
CSI_DATA,133103,2025-08-27 15:31:20.611,0,stand,00:00:00:00:00:00,-41,11,0,0,0,0,0,0,0,0,0,-97,0,1,0,751159462,0,14,0,0,0,104,0,"[0, 0, 100, -128, 105, -128, 102, -128, 95, -128, 82, -128, 66, -128, 50, -128, 33, -128, 17, -128, 2, -128, -11, -128, -24, -107, -41, -75, -62, -44, -84, -15, -109, 11, -128, 26, -128, 30, -128, 26, -128, 15, -128, -3, -128, -25, -128, -46, -128, -63, -128, -72, 127, 127, 127, 127, 92, 127, 59, 127, 35, 127, 22, 97, 22, 47, 38, -3, 67, -48, 105, -83, 127, -105, 127, -111, 127, -109, 127, -103, 127, -96, 127, -89, 127, -86, 127, -93, 127, -109, 127, -128, 98, -128, 75, -128, 60, -128, 52, -128, 54, -128, 60, -128]",esp32_2
CSI_DATA,130193,2025-08-27 15:31:20.618,0,stand,00:00:00:00:00:00,-65,11,0,0,0,0,0,0,0,0,0,-97,0,1,0,3892549484,0,14,0,0,0,104,0,"[0, 0, 127, 112, 127, 114, 127, 113, 127, 105, 127, 89, 127, 68, 127, 57, 127, 40, 127, 32, 127, 25, 127, 26, 127, 34, 127, 38, 127, 51, 127, 59, 127, 71, 107, 77, 69, 77, 36, 64, 5, 43, -20, 29, -42, 3, -49, -21, -57, -57, -51, -78, -119, 58, -127, 59, -128, 56, -128, 58, -128, 49, -128, 43, -128, 41, -128, 34, -128, 34, -128, 26, -112, 32, -100, 40, -89, 38, -77, 46, -61, 54, -45, 66, -32, 74, -17, 68, -7, 68, 12, 63, 39, 62, 66, 62, 100, 69, 123, 70, 127, 76, 127, 92]",esp32_1
CSI_DATA,130194,2025-08-27 15:31:20.643,0,stand,00:00:00:00:00:00,-65,11,0,0,0,0,0,0,0,0,0,-97,0,1,0,3892559434,0,14,0,0,0,104,0,"[0, 0, -102, -128, -97, -128, -97, -128, -97, -128, -101, -128, -105, -128, -119, -128, -128, -128, -128, -128, -128, -127, -128, -128, -128, -128, -128, -128, -128, -128, -106, -128, -84, -128, -46, -126, -16, -101, 9, -76, 26, -46, 30, -16, 30, 21, 28, 46, 27, 72, 8, 93, 127, 27, 127, 36, 127, 42, 127, 48, 127, 55, 127, 67, 127, 68, 127, 69, 121, 64, 121, 56, 102, 43, 98, 29, 94, 21, 93, 9, 81, -7, 70, -24, 62, -31, 51, -43, 48, -53, 31, -60, 5, -70, -10, -92, -48, -109, -58, -128, -77, -128, -92, -128]",esp32_1
CSI_DATA,133105,2025-08-27 15:31:20.707,0,stand,00:00:00:00:00:00,-41,11,0,0,0,0,0,0,0,0,0,-97,0,1,0,751176916,0,14,0,0,0,104,0,"[0, 0, -128, 127, -128, 127, -128, 127, -128, 127, -128, 127, -128, 127, -128, 127, -128, 127, -128, 127, -114, 115, -83, 102, -53, 86, -20, 72, 17, 57, 56, 47, 95, 43, 127, 47, 127, 58, 127, 76, 127, 97, 127, 117, 127, 127, 127, 127, 127, 127, 111, 127, 75, -128, 93, -128, 108, -128, 110, -128, 98, -123, 72, -82, 30, -47, -21, -25, -77, -16, -128, -22, -128, -37, -128, -60, -128, -85, -128, -105, -128, -116, -128, -117, -128, -107, -128, -82, -128, -44, -128, 4, -128, 56, -128, 109, -128, 127, -128, 127, -128, 127, -128, 127]",esp32_2
CSI_DATA,130196,2025-08-27 15:31:20.739,0,stand,00:00:00:00:00:00,-65,11,0,0,0,0,0,0,0,0,0,-97,0,1,0,3892579433,0,14,0,0,0,104,0,"[0, 0, -88, -128, -89, -128, -91, -128, -86, -128, -83, -128, -92, -128, -99, -128, -110, -128, -123, -128, -128, -128, -128, -128, -128, -128, -128, -128, -106, -128, -83, -128, -61, -128, -32, -121, -3, -98, 12, -71, 24, -39, 26, -9, 20, 26, 11, 50, -3, 74, -20, 87, 127, -12, 127, -5, 127, 2, 127, 8, 127, 14, 127, 28, 127, 28, 127, 31, 127, 37, 127, 30, 114, 17, 102, 7, 100, -2, 93, -10, 84, -22, 68, -35, 59, -44, 55, -52, 42, -60, 30, -66, 8, -76, -16, -90, -45, -111, -55, -128, -75, -128, -91, -128]",esp32_1
CSI_DATA,133106,2025-08-27 15:31:20.739,0,stand,00:00:00:00:00:00,-41,11,0,0,0,0,0,0,0,0,0,-97,0,1,0,751185566,0,14,0,0,0,104,0,"[0, 0, 127, 127, 127, 127, 127, 127, 127, 127, 127, 112, 127, 94, 127, 76, 127, 58, 127, 41, 127, 24, 127, 9, 101, -7, 74, -27, 47, -48, 21, -73, 0, -101, -10, -128, -11, -128, -5, -128, 9, -128, 27, -128, 45, -128, 61, -128, 73, -128, 80, -128, -128, 127, -128, 108, -128, 75, -128, 47, -128, 26, -102, 16, -55, 21, -8, 40, 32, 70, 62, 110, 81, 127, 86, 127, 81, 127, 73, 127, 64, 127, 57, 127, 57, 127, 66, 127, 85, 127, 112, 127, 127, 111, 127, 90, 127, 81, 127, 78, 127, 82, 127, 92]",esp32_2
CSI_DATA,133107,2025-08-27 15:31:20.762,0,stand,00:00:00:00:00:00,-41,11,0,0,0,0,0,0,0,0,0,-97,0,1,0,751193751,0,14,0,0,0,104,0,"[0, 0, -43, -128, -30, -128, -23, -128, -17, -128, -17, -128, -20, -128, -26, -128, -32, -128, -38, -128, -42, -128, -46, -126, -50, -95, -57, -61, -66, -26, -78, 7, -96, 37, -118, 60, -128, 72, -128, 75, -128, 69, -128, 55, -128, 36, -128, 15, -128, -4, -128, -17, 127, 114, 127, 127, 127, 127, 125, 127, 92, 110, 63, 78, 45, 35, 39, -14, 47, -63, 66, -107, 95, -128, 125, -128, 127, -128, 127, -128, 127, -128, 127, -128, 127, -128, 127, -128, 114, -128, 75, -128, 35, -128, -1, -128, -32, -128, -56, -128, -70, -128, -73, -128]",esp32_2
CSI_DATA,130197,2025-08-27 15:31:20.769,0,stand,00:00:00:00:00:00,-65,11,0,0,0,0,0,0,0,0,0,-97,0,1,0,3892589456,0,14,0,0,0,104,0,"[0, 0, 127, -128, 127, -128, 127, -128, 127, -128, 127, -128, 122, -128, 107, -128, 95, -128, 87, -128, 79, -128, 83, -128, 83, -128, 89, -128, 104, -128, 109, -128, 103, -100, 104, -73, 89, -42, 74, -15, 46, 6, 15, 28, -14, 36, -41, 38, -64, 32, -79, 20, 16, 119, 8, 126, 3, 127, 1, 127, -2, 127, -10, 127, -16, 127, -18, 127, -20, 127, -14, 121, -9, 114, 0, 108, 11, 84, 23, 75, 33, 65, 40, 65, 45, 58, 53, 43, 57, 22, 64, 5, 71, -21, 78, -42, 90, -57, 103, -91, 123, -112, 127, -116]",esp32_1
CSI_DATA,133108,2025-08-27 15:31:20.785,0,stand,00:00:00:00:00:00,-41,11,0,0,0,0,0,0,0,0,0,-97,0,1,0,751218017,0,14,0,0,0,104,0,"[0, 0, 127, -128, 127, -128, 127, -120, 127, -109, 127, -99, 127, -94, 127, -92, 127, -91, 127, -89, 127, -88, 100, -84, 71, -79, 38, -74, 3, -71, -32, -72, -66, -78, -93, -92, -113, -113, -124, -128, -126, -128, -118, -128, -102, -128, -81, -128, -58, -128, -42, -128, -65, 127, -83, 127, -98, 127, -100, 127, -89, 113, -64, 78, -27, 49, 19, 32, 70, 28, 118, 37, 127, 55, 127, 78, 127, 102, 127, 123, 127, 127, 127, 127, 127, 123, 127, 101, 127, 67, 127, 26, 127, -20, 127, -64, 127, -105, 127, -128, 127, -128, 127, -128]",esp32_2
CSI_DATA,130198,2025-08-27 15:31:20.797,0,stand,00:00:00:00:00:00,-65,11,0,0,0,0,0,0,0,0,0,-97,0,1,0,3892599433,0,14,0,0,0,104,0,"[0, 0, -128, 127, -128, 127, -128, 127, -128, 127, -128, 127, -126, 127, -112, 127, -104, 127, -94, 127, -87, 127, -88, 127, -91, 127, -101, 127, -110, 127, -118, 126, -108, 93, -106, 65, -94, 35, -73, 12, -45, -11, -15, -32, 15, -37, 42, -37, 65, -32, 82, -17, -11, -116, -8, -128, -2, -128, 2, -128, 8, -128, 13, -128, 18, -128, 18, -128, 23, -128, 16, -120, 10, -112, -2, -104, -10, -82, -23, -79, -34, -70, -39, -66, -44, -59, -49, -46, -56, -25, -63, -7, -69, 16, -83, 43, -91, 58, -106, 89, -127, 111, -128, 118]",esp32_1
CSI_DATA,133109,2025-08-27 15:31:20.807,0,stand,00:00:00:00:00:00,-41,11,0,0,0,0,0,0,0,0,0,-97,0,1,0,751253464,0,14,0,0,0,104,0,"[0, 0, -128, 127, -128, 127, -128, 127, -128, 127, -128, 127, -128, 127, -128, 127, -128, 127, -128, 121, -114, 112, -86, 101, -58, 88, -26, 77, 9, 68, 45, 62, 80, 63, 110, 71, 127, 87, 127, 107, 127, 126, 127, 127, 127, 127, 113, 127, 89, 127, 70, 127, -12, -128, 11, -128, 35, -128, 48, -128, 48, -128, 36, -97, 9, -58, -31, -28, -78, -10, -127, -5, -128, -12, -128, -25, -128, -44, -128, -63, -128, -75, -128, -79, -128, -72, -128, -54, -128, -23, -128, 17, -128, 62, -128, 110, -128, 127, -128, 127, -128, 127, -128, 127]",esp32_2
CSI_DATA,130199,2025-08-27 15:31:20.829,0,stand,00:00:00:00:00:00,-65,11,0,0,0,0,0,0,0,0,0,-97,0,1,0,3892609491,0,14,0,0,0,104,0,"[0, 0, -128, -128, -128, -128, -128, -128, -128, -128, -128, -121, -128, -110, -128, -97, -128, -84, -128, -69, -128, -64, -128, -68, -128, -74, -128, -82, -128, -89, -128, -98, -108, -96, -75, -95, -47, -83, -15, -65, 10, -42, 23, -22, 34, 9, 39, 34, 44, 63, 30, 83, 118, -38, 127, -36, 127, -29, 127, -23, 127, -22, 127, -11, 127, -10, 127, -6, 127, -3, 127, -8, 106, -15, 92, -18, 88, -25, 83, -34, 71, -41, 49, -54, 38, -61, 31, -65, 19, -59, 4, -65, -20, -69, -45, -71, -81, -80, -95, -90, -118, -105, -128, -121]",esp32_1
CSI_DATA,133110,2025-08-27 15:31:20.831,0,stand,00:00:00:00:00:00,-41,11,0,0,0,0,0,0,0,0,0,-97,0,1,0,751281858,0,14,0,0,0,104,0,"[0, 0, -128, -104, -128, -111, -128, -107, -128, -99, -128, -84, -128, -68, -128, -53, -128, -37, -128, -21, -128, -6, -128, 7, -109, 21, -78, 36, -45, 54, -13, 76, 13, 104, 30, 127, 35, 127, 32, 127, 21, 127, 3, 127, -17, 127, -36, 127, -52, 127, -62, 127, 127, -128, 127, -126, 127, -89, 127, -59, 127, -37, 102, -23, 53, -23, 3, -41, -42, -71, -77, -108, -99, -128, -107, -128, -105, -128, -98, -128, -90, -128, -82, -128, -80, -128, -89, -128, -106, -128, -128, -128, -128, -99, -128, -76, -128, -59, -128, -50, -128, -52, -128, -61]",esp32_2
CSI_DATA,133111,2025-08-27 15:31:20.851,0,stand,00:00:00:00:00:00,-41,11,0,0,0,0,0,0,0,0,0,-97,0,1,0,751317256,0,14,0,0,0,104,0,"[0, 0, -76, -128, -63, -128, -51, -128, -44, -128, -46, -128, -49, -128, -51, -128, -55, -128, -57, -128, -57, -128, -56, -110, -55, -79, -56, -45, -58, -11, -62, 24, -72, 58, -88, 86, -111, 103, -128, 112, -128, 111, -128, 101, -128, 85, -128, 63, -128, 42, -128, 27, 127, 127, 127, 127, 127, 127, 99, 127, 69, 119, 44, 84, 28, 40, 27, -10, 37, -58, 56, -100, 84, -128, 114, -128, 127, -128, 127, -128, 127, -128, 127, -128, 127, -128, 127, -128, 96, -128, 56, -128, 15, -128, -22, -128, -52, -128, -75, -128, -89, -128, -94, -128]",esp32_2
CSI_DATA,130200,2025-08-27 15:31:20.861,0,stand,00:00:00:00:00:00,-66,11,0,0,0,0,0,0,0,0,0,-97,0,1,0,3892621982,0,14,0,0,0,104,0,"[0, 0, 127, -128, 127, -128, 127, -128, 126, -128, 113, -128, 95, -128, 83, -128, 69, -128, 63, -128, 51, -128, 51, -128, 59, -128, 62, -128, 81, -128, 85, -128, 81, -114, 93, -89, 80, -53, 73, -27, 49, 0, 18, 25, -11, 37, -34, 42, -58, 40, -78, 34, 30, 115, 29, 124, 23, 127, 19, 127, 15, 127, 12, 127, 2, 127, -3, 127, 0, 127, 6, 116, 10, 112, 13, 101, 26, 84, 34, 73, 42, 64, 44, 62, 50, 51, 54, 36, 58, 13, 59, -5, 60, -30, 65, -57, 72, -75, 83, -107, 94, -128, 109, -128]",esp32_1
CSI_DATA,133112,2025-08-27 15:31:20.879,0,stand,00:00:00:00:00:00,-41,11,0,0,0,0,0,0,0,0,0,-97,0,1,0,751364745,0,14,0,0,0,104,0,"[0, 0, 84, -128, 90, -128, 91, -128, 85, -128, 73, -128, 57, -128, 42, -128, 28, -128, 16, -128, 2, -128, -11, -128, -22, -105, -36, -75, -55, -45, -76, -15, -101, 9, -125, 23, -128, 29, -128, 26, -128, 15, -128, -1, -128, -22, -128, -43, -128, -58, -128, -65, 127, 127, 127, 127, 103, 127, 71, 127, 46, 127, 29, 95, 26, 48, 38, 1, 64, -45, 100, -80, 127, -103, 127, -112, 127, -110, 127, -104, 127, -98, 127, -92, 127, -88, 127, -94, 127, -107, 118, -128, 88, -128, 63, -128, 48, -128, 42, -128, 42, -128, 46, -128]",esp32_2
CSI_DATA,133113,2025-08-27 15:31:20.894,0,stand,00:00:00:00:00:00,-41,11,0,0,0,0,0,0,0,0,0,-97,0,1,0,751390752,0,14,0,0,0,104,0,"[0, 0, -109, -128, -92, -128, -81, -128, -73, -128, -71, -128, -70, -128, -71, -128, -74, -128, -74, -128, -72, -128, -71, -113, -70, -83, -71, -49, -72, -14, -77, 21, -87, 55, -103, 81, -124, 97, -128, 106, -128, 104, -128, 93, -128, 77, -128, 56, -128, 34, -128, 19, 127, 85, 127, 100, 127, 111, 127, 110, 104, 95, 71, 68, 46, 29, 34, -19, 35, -68, 46, -113, 67, -128, 93, -128, 119, -128, 127, -128, 127, -128, 127, -128, 127, -128, 115, -128, 82, -128, 42, -128, -2, -128, -42, -128, -80, -128, -110, -128, -128, -128, -128, -128]",esp32_2
CSI_DATA,133114,2025-08-27 15:31:20.915,0,stand,00:00:00:00:00:00,-41,11,0,0,0,0,0,0,0,0,0,-97,0,1,0,751425213,0,14,0,0,0,104,0,"[0, 0, 27, -128, 36, -128, 39, -128, 40, -128, 33, -128, 23, -128, 13, -128, 1, -128, -10, -128, -21, -128, -30, -128, -38, -104, -48, -72, -61, -40, -78, -8, -99, 21, -124, 39, -128, 46, -128, 45, -128, 36, -128, 21, -128, 3, -128, -16, -128, -33, -128, -44, 127, 127, 127, 127, 127, 127, 99, 127, 70, 124, 48, 87, 36, 41, 40, -8, 57, -55, 83, -96, 117, -127, 127, -128, 127, -128, 127, -128, 127, -128, 127, -127, 127, -121, 127, -122, 127, -128, 99, -128, 63, -128, 32, -128, 6, -128, -12, -128, -17, -128, -14, -128]",esp32_2
CSI_DATA,130202,2025-08-27 15:31:20.944,0,stand,00:00:00:00:00:00,-65,11,0,0,0,0,0,0,0,0,0,-97,0,1,0,3892639470,0,14,0,0,0,104,0,"[0, 0, -128, -8, -128, -15, -128, -18, -128, -12, -128, 3, -128, 11, -128, 21, -128, 43, -128, 49, -128, 60, -128, 56, -128, 53, -128, 49, -128, 28, -128, 13, -128, -7, -123, -21, -91, -33, -57, -38, -23, -36, 3, -34, 36, -20, 53, -1, 68, 27, 71, 49, 70, -102, 80, -107, 84, -105, 89, -111, 99, -113, 108, -107, 101, -102, 101, -98, 99, -93, 91, -84, 76, -84, 63, -81, 53, -72, 37, -77, 26, -74, 8, -80, -2, -75, -13, -73, -27, -60, -37, -46, -59, -34, -83, -21, -115, -17, -128, -4, -128, 3, -128, -11]",esp32_1
CSI_DATA,133115,2025-08-27 15:31:20.944,0,stand,00:00:00:00:00:00,-41,11,0,0,0,0,0,0,0,0,0,-97,0,1,0,751450558,0,14,0,0,0,104,0,"[0, 0, 88, 127, 77, 127, 69, 127, 60, 127, 55, 127, 53, 127, 54, 127, 57, 127, 59, 127, 60, 109, 58, 87, 56, 64, 56, 38, 58, 10, 63, -19, 71, -46, 84, -66, 102, -79, 121, -86, 127, -84, 127, -76, 127, -64, 127, -48, 127, -31, 127, -18, -128, -66, -128, -80, -128, -90, -117, -90, -87, -79, -60, -56, -40, -24, -29, 13, -28, 54, -38, 93, -55, 126, -75, 127, -96, 127, -113, 127, -121, 127, -121, 127, -113, 127, -94, 127, -68, 127, -35, 127, -1, 127, 33, 127, 65, 127, 92, 127, 107, 127, 112, 127]",esp32_2
CSI_DATA,133116,2025-08-27 15:31:20.968,0,stand,00:00:00:00:00:00,-41,11,0,0,0,0,0,0,0,0,0,-97,0,1,0,751485176,0,14,0,0,0,104,0,"[0, 0, 127, 44, 127, 49, 127, 55, 127, 55, 127, 48, 127, 37, 127, 24, 127, 11, 127, -1, 127, -13, 126, -23, 98, -31, 69, -41, 41, -55, 12, -73, -14, -95, -29, -120, -33, -128, -31, -128, -21, -128, -6, -128, 12, -128, 29, -128, 43, -128, 53, -128, -128, 127, -128, 127, -128, 122, -128, 89, -121, 61, -86, 41, -43, 32, 4, 38, 50, 58, 88, 86, 115, 118, 127, 127, 127, 127, 126, 127, 118, 127, 109, 127, 104, 127, 108, 127, 117, 127, 127, 101, 127, 68, 127, 39, 127, 19, 127, 6, 127, 5, 127, 13]",esp32_2
CSI_DATA,130203,2025-08-27 15:31:20.973,0,stand,00:00:00:00:00:00,-65,11,0,0,0,0,0,0,0,0,0,-97,0,1,0,3892649477,0,14,0,0,0,104,0,"[0, 0, -128, -80, -128, -82, -128, -90, -128, -74, -128, -65, -128, -43, -128, -29, -128, -9, -128, 5, -128, 13, -128, 15, -128, 6, -128, -1, -128, -22, -128, -37, -128, -58, -128, -66, -101, -72, -61, -70, -16, -52, 18, -36, 44, -9, 64, 21, 71, 55, 73, 81, 113, -108, 127, -109, 127, -110, 127, -109, 127, -109, 127, -100, 127, -90, 127, -87, 127, -82, 127, -76, 116, -83, 103, -85, 88, -73, 71, -76, 55, -81, 37, -98, 23, -100, 7, -94, -8, -81, -36, -71, -62, -65, -94, -58, -128, -65, -128, -51, -128, -52, -128, -70]",esp32_1
CSI_DATA,133117,2025-08-27 15:31:20.990,0,stand,00:00:00:00:00:00,-41,11,0,0,0,0,0,0,0,0,0,-97,0,1,0,751511740,0,14,0,0,0,104,0,"[0, 0, 127, -128, 127, -128, 127, -125, 127, -113, 127, -103, 127, -97, 127, -95, 127, -96, 127, -96, 127, -95, 113, -91, 80, -83, 46, -79, 10, -80, -26, -83, -61, -92, -89, -108, -107, -128, -118, -128, -117, -128, -107, -128, -89, -128, -66, -128, -42, -128, -24, -128, -39, 127, -62, 127, -83, 127, -89, 127, -81, 127, -58, 90, -21, 55, 26, 34, 80, 27, 127, 33, 127, 50, 127, 74, 127, 99, 127, 122, 127, 127, 127, 127, 127, 127, 127, 105, 127, 69, 127, 25, 127, -23, 127, -72, 127, -118, 127, -128, 127, -128, 127, -128]",esp32_2
CSI_DATA,130204,2025-08-27 15:31:21.005,0,stand,00:00:00:00:00:00,-65,11,0,0,0,0,0,0,0,0,0,-97,0,1,0,3892659420,0,14,0,0,0,104,0,"[0, 0, -128, -128, -128, -128, -128, -128, -128, -120, -128, -107, -128, -92, -128, -86, -128, -66, -128, -54, -128, -50, -128, -53, -128, -62, -128, -64, -128, -76, -128, -83, -117, -93, -89, -85, -51, -80, -23, -66, 5, -45, 20, -25, 33, 6, 38, 33, 42, 60, 32, 82, 114, -54, 121, -52, 127, -45, 127, -44, 127, -43, 127, -34, 127, -26, 127, -21, 127, -21, 125, -19, 105, -27, 90, -32, 85, -30, 75, -45, 61, -47, 46, -60, 35, -63, 23, -67, 15, -63, -4, -62, -25, -63, -50, -66, -88, -74, -105, -80, -128, -90, -128, -106]",esp32_1
CSI_DATA,133118,2025-08-27 15:31:21.011,0,stand,00:00:00:00:00:00,-41,11,0,0,0,0,0,0,0,0,0,-97,0,1,0,751584843,0,14,0,0,0,104,0,"[0, 0, -128, 127, -128, 127, -128, 127, -128, 127, -128, 127, -128, 127, -128, 127, -128, 127, -128, 122, -115, 115, -88, 105, -60, 92, -28, 81, 5, 70, 40, 63, 76, 63, 106, 71, 127, 87, 127, 108, 127, 127, 127, 127, 127, 127, 110, 127, 87, 127, 68, 127, 5, -128, 27, -128, 49, -128, 59, -128, 57, -128, 41, -90, 11, -54, -31, -28, -78, -12, -125, -10, -128, -20, -128, -36, -128, -55, -128, -74, -128, -86, -128, -89, -128, -81, -128, -60, -128, -29, -128, 11, -128, 58, -128, 105, -128, 127, -128, 127, -128, 127, -128, 127]",esp32_2
CSI_DATA,130205,2025-08-27 15:31:21.032,0,stand,00:00:00:00:00:00,-65,11,0,0,0,0,0,0,0,0,0,-97,0,1,0,3892669454,0,14,0,0,0,104,0,"[0, 0, 127, -128, 127, -128, 127, -128, 127, -128, 127, -128, 127, -128, 127, -128, 127, -128, 127, -128, 127, -128, 127, -128, 127, -128, 127, -128, 127, -128, 127, -128, 127, -92, 127, -64, 127, -25, 97, 0, 60, 22, 16, 40, -28, 48, -58, 44, -93, 30, -114, 8, -28, 127, -37, 127, -43, 127, -52, 127, -60, 127, -66, 127, -68, 127, -69, 127, -72, 127, -65, 127, -45, 127, -31, 127, -19, 105, -3, 103, 13, 91, 24, 92, 37, 87, 57, 71, 63, 44, 75, 22, 91, -1, 108, -38, 127, -47, 127, -86, 127, -111, 127, -116]",esp32_1
CSI_DATA,133119,2025-08-27 15:31:21.037,0,stand,00:00:00:00:00:00,-41,11,0,0,0,0,0,0,0,0,0,-97,0,1,0,751613166,0,14,0,0,0,104,0,"[0, 0, -128, 127, -128, 127, -128, 127, -128, 127, -128, 127, -128, 127, -128, 127, -128, 127, -128, 126, -111, 116, -85, 106, -57, 94, -25, 83, 8, 72, 42, 64, 77, 63, 108, 69, 127, 83, 127, 102, 127, 121, 127, 127, 127, 127, 116, 127, 92, 127, 74, 127, -4, -128, 18, -128, 41, -128, 52, -128, 52, -128, 39, -94, 10, -55, -31, -27, -77, -11, -126, -6, -128, -13, -128, -29, -128, -48, -128, -67, -128, -79, -128, -82, -128, -76, -128, -57, -128, -25, -128, 17, -128, 63, -128, 111, -128, 127, -128, 127, -128, 127, -128, 127]",esp32_2
CSI_DATA,130206,2025-08-27 15:31:21.059,0,stand,00:00:00:00:00:00,-65,11,0,0,0,0,0,0,0,0,0,-97,0,1,0,3892679477,0,14,0,0,0,104,0,"[0, 0, -17, 127, -23, 127, -13, 127, -8, 127, 0, 127, 16, 127, 34, 127, 46, 127, 59, 127, 65, 127, 72, 127, 70, 127, 68, 127, 41, 127, 26, 127, 7, 127, -18, 127, -33, 98, -42, 65, -43, 26, -39, -6, -22, -34, -7, -57, 2, -78, 30, -84, -87, -92, -88, -103, -88, -114, -90, -120, -83, -127, -82, -128, -71, -128, -69, -128, -61, -122, -67, -110, -60, -93, -59, -82, -69, -66, -68, -53, -74, -39, -66, -23, -64, -9, -60, 2, -61, 21, -54, 39, -42, 54, -34, 84, -15, 108, -13, 127, -11, 127, -1, 127]",esp32_1
CSI_DATA,133120,2025-08-27 15:31:21.059,0,stand,00:00:00:00:00:00,-41,11,0,0,0,0,0,0,0,0,0,-97,0,1,0,751645673,0,14,0,0,0,104,0,"[0, 0, 127, -61, 127, -46, 127, -37, 127, -32, 127, -31, 127, -33, 127, -37, 127, -44, 127, -49, 127, -53, 126, -56, 96, -57, 65, -62, 33, -70, 1, -81, -28, -98, -48, -119, -59, -128, -61, -128, -54, -128, -41, -128, -21, -128, 1, -128, 19, -128, 30, -128, -65, 127, -82, 127, -96, 127, -97, 127, -86, 111, -62, 78, -25, 53, 20, 39, 70, 39, 116, 53, 127, 77, 127, 103, 127, 127, 127, 127, 127, 127, 127, 127, 127, 127, 127, 127, 127, 94, 127, 55, 127, 14, 127, -24, 127, -55, 127, -79, 127, -90, 127, -90]",esp32_2
CSI_DATA,133121,2025-08-27 15:31:21.083,0,stand,00:00:00:00:00:00,-42,11,0,0,0,0,0,0,0,0,0,-97,0,1,0,751683475,0,14,0,0,0,104,0,"[0, 0, 127, 127, 127, 127, 127, 127, 127, 127, 127, 127, 127, 127, 127, 127, 127, 127, 121, 127, 111, 124, 97, 95, 83, 66, 74, 34, 71, -3, 68, -40, 69, -75, 78, -108, 96, -128, 118, -128, 127, -128, 127, -128, 127, -128, 127, -107, 127, -83, 127, -63, -128, -24, -128, -47, -128, -69, -128, -78, -128, -77, -92, -56, -55, -18, -29, 28, -16, 80, -20, 127, -34, 127, -53, 127, -75, 127, -94, 127, -105, 127, -104, 127, -97, 127, -78, 127, -43, 127, 2, 127, 51, 127, 102, 127, 127, 127, 127, 127, 127, 127, 127, 127]",esp32_2
CSI_DATA,130207,2025-08-27 15:31:21.086,0,stand,00:00:00:00:00:00,-65,11,0,0,0,0,0,0,0,0,0,-97,0,1,0,3892689426,0,14,0,0,0,104,0,"[0, 0, 127, -128, 127, -128, 127, -128, 127, -128, 117, -128, 101, -128, 89, -128, 78, -128, 64, -128, 57, -128, 58, -128, 62, -128, 67, -128, 88, -128, 97, -128, 91, -115, 97, -86, 86, -57, 71, -26, 51, 3, 23, 27, -8, 43, -30, 49, -56, 46, -77, 38, 22, 121, 25, 127, 18, 127, 14, 127, 6, 127, 4, 127, 0, 127, -5, 127, -4, 127, -5, 122, 1, 119, 9, 106, 22, 86, 31, 76, 40, 64, 44, 61, 50, 52, 54, 39, 61, 12, 66, -6, 64, -32, 70, -56, 82, -75, 94, -103, 105, -128, 117, -128]",esp32_1
CSI_DATA,133122,2025-08-27 15:31:21.102,0,stand,00:00:00:00:00:00,-41,11,0,0,0,0,0,0,0,0,0,-97,0,1,0,751729864,0,14,0,0,0,104,0,"[0, 0, 119, 127, 98, 127, 88, 127, 80, 127, 75, 127, 74, 127, 77, 127, 83, 127, 86, 127, 86, 127, 83, 125, 81, 93, 81, 56, 83, 18, 88, -21, 98, -59, 116, -89, 127, -108, 127, -117, 127, -115, 127, -104, 127, -87, 127, -65, 127, -41, 127, -22, -128, -91, -128, -111, -128, -125, -128, -124, -115, -109, -78, -77, -49, -32, -34, 22, -33, 78, -46, 127, -70, 127, -98, 127, -128, 127, -128, 127, -128, 127, -128, 127, -128, 127, -127, 127, -89, 127, -42, 127, 7, 127, 54, 127, 98, 127, 127, 127, 127, 127, 127, 127]",esp32_2
CSI_DATA,130208,2025-08-27 15:31:21.115,0,stand,00:00:00:00:00:00,-65,11,0,0,0,0,0,0,0,0,0,-97,0,1,0,3892699446,0,14,0,0,0,104,0,"[0, 0, 118, 127, 115, 127, 115, 127, 116, 127, 113, 127, 119, 127, 126, 127, 127, 119, 127, 113, 127, 106, 127, 117, 127, 120, 127, 125, 127, 127, 107, 127, 81, 127, 52, 118, 18, 100, -4, 71, -20, 45, -32, 13, -36, -16, -30, -42, -30, -75, -14, -89, -128, -5, -128, -12, -128, -13, -128, -22, -128, -29, -128, -35, -128, -40, -128, -44, -127, -42, -123, -38, -109, -25, -97, -15, -95, -12, -89, 4, -80, 13, -65, 33, -57, 35, -49, 44, -36, 48, -19, 60, 3, 65, 26, 79, 60, 103, 73, 116, 88, 127, 114, 127]",esp32_1
CSI_DATA,133123,2025-08-27 15:31:21.123,0,stand,00:00:00:00:00:00,-41,11,0,0,0,0,0,0,0,0,0,-97,0,1,0,751756649,0,14,0,0,0,104,0,"[0, 0, -128, 127, -128, 127, -128, 127, -128, 127, -128, 127, -128, 127, -128, 127, -121, 127, -98, 127, -74, 127, -52, 125, -30, 106, -4, 86, 26, 67, 57, 50, 90, 40, 121, 38, 127, 46, 127, 61, 127, 78, 127, 95, 127, 110, 127, 120, 127, 124, 111, 124, -74, -128, -48, -128, -18, -128, 3, -128, 14, -128, 12, -100, -4, -56, -34, -17, -75, 14, -122, 33, -128, 39, -128, 33, -128, 19, -128, 4, -128, -8, -128, -15, -128, -13, -128, 2, -128, 29, -128, 65, -128, 109, -128, 127, -128, 127, -128, 127, -128, 127, -128, 127]",esp32_2
CSI_DATA,133124,2025-08-27 15:31:21.146,0,stand,00:00:00:00:00:00,-41,11,0,0,0,0,0,0,0,0,0,-97,0,1,0,751794224,0,14,0,0,0,104,0,"[0, 0, -128, -108, -128, -116, -128, -115, -128, -108, -128, -94, -128, -78, -128, -61, -128, -44, -128, -28, -128, -13, -128, 2, -118, 17, -90, 35, -61, 55, -33, 78, -9, 107, 6, 127, 9, 127, 3, 127, -10, 127, -28, 127, -48, 127, -66, 127, -79, 127, -85, 127, 127, -128, 127, -128, 127, -120, 127, -85, 127, -56, 99, -37, 49, -33, -3, -45, -51, -70, -90, -106, -116, -128, -126, -128, -125, -128, -117, -128, -107, -128, -97, -128, -93, -128, -98, -128, -112, -128, -128, -128, -128, -97, -128, -71, -128, -54, -128, -45, -128, -48, -128, -57]",esp32_2
CSI_DATA,133125,2025-08-27 15:31:21.165,0,stand,00:00:00:00:00:00,-41,11,0,0,0,0,0,0,0,0,0,-97,0,1,0,751820468,0,14,0,0,0,104,0,"[0, 0, 127, -128, 127, -128, 127, -128, 127, -128, 127, -128, 127, -128, 127, -128, 127, -127, 127, -119, 103, -111, 76, -102, 48, -89, 18, -77, -13, -67, -45, -59, -78, -57, -109, -61, -128, -74, -128, -92, -128, -110, -128, -127, -128, -128, -123, -128, -100, -128, -83, -128, -52, 127, -71, 127, -87, 127, -91, 127, -82, 111, -59, 74, -25, 42, 19, 21, 69, 13, 117, 17, 127, 31, 127, 51, 127, 73, 127, 91, 127, 100, 127, 101, 127, 92, 127, 69, 127, 34, 127, -8, 127, -55, 127, -101, 127, -128, 127, -128, 127, -128, 127, -128]",esp32_2
CSI_DATA,133126,2025-08-27 15:31:21.194,0,stand,00:00:00:00:00:00,-42,11,0,0,0,0,0,0,0,0,0,-97,0,1,0,751841312,0,14,0,0,0,104,0,"[0, 0, -128, 39, -128, 28, -128, 19, -128, 15, -128, 17, -128, 22, -128, 28, -128, 36, -128, 43, -128, 48, -128, 51, -97, 53, -64, 57, -29, 65, 7, 76, 40, 95, 64, 117, 77, 127, 82, 127, 77, 127, 64, 127, 44, 127, 22, 127, 1, 127, -14, 127, 127, -128, 127, -128, 127, -128, 127, -122, 122, -86, 86, -56, 39, -38, -14, -35, -67, -45, -113, -69, -128, -101, -128, -128, -128, -128, -128, -128, -128, -128, -128, -128, -128, -128, -128, -128, -128, -116, -128, -73, -128, -30, -128, 9, -128, 40, -128, 62, -128, 71, -128, 70]",esp32_2
CSI_DATA,130210,2025-08-27 15:31:21.210,0,stand,00:00:00:00:00:00,-65,11,0,0,0,0,0,0,0,0,0,-97,0,1,0,3892719472,0,14,0,0,0,104,0,"[0, 0, -56, 127, -56, 127, -54, 127, -45, 127, -35, 127, -19, 127, -6, 127, 8, 127, 15, 127, 22, 127, 28, 127, 19, 127, 18, 127, 0, 127, -18, 127, -29, 127, -46, 117, -53, 79, -55, 51, -45, 13, -26, -12, -6, -35, 13, -53, 31, -61, 57, -60, -83, -87, -84, -99, -84, -107, -85, -114, -83, -121, -77, -127, -72, -123, -66, -127, -59, -116, -64, -106, -58, -95, -51, -83, -64, -63, -67, -53, -72, -39, -66, -26, -63, -17, -64, -6, -68, 16, -59, 32, -50, 58, -46, 74, -33, 96, -37, 127, -40, 127, -32, 127]",esp32_1
CSI_DATA,133127,2025-08-27 15:31:21.218,0,stand,00:00:00:00:00:00,-41,11,0,0,0,0,0,0,0,0,0,-97,0,1,0,751876989,0,14,0,0,0,104,0,"[0, 0, -31, -128, -18, -128, -8, -128, -8, -128, -15, -128, -23, -128, -31, -128, -38, -128, -43, -128, -45, -128, -49, -118, -52, -89, -56, -58, -61, -27, -70, 5, -83, 36, -102, 60, -125, 74, -128, 79, -128, 76, -128, 63, -128, 46, -128, 26, -128, 8, -128, -5, 127, 127, 127, 127, 127, 127, 95, 127, 68, 113, 45, 79, 32, 35, 32, -12, 44, -58, 66, -98, 95, -128, 125, -128, 127, -128, 127, -128, 127, -128, 127, -128, 127, -127, 127, -127, 107, -128, 69, -128, 29, -128, -4, -128, -30, -128, -46, -128, -54, -128, -56, -128]",esp32_2
CSI_DATA,130211,2025-08-27 15:31:21.236,0,stand,00:00:00:00:00:00,-66,11,0,0,0,0,0,0,0,0,0,-97,0,1,0,3892729418,0,14,0,0,0,104,0,"[0, 0, 127, -69, 127, -61, 127, -56, 127, -65, 127, -66, 127, -75, 127, -80, 127, -96, 127, -104, 127, -111, 127, -115, 127, -108, 127, -105, 127, -96, 127, -71, 127, -46, 120, -20, 97, 0, 70, 15, 38, 24, 3, 31, -29, 27, -50, 14, -73, -3, -79, -19, -29, 116, -34, 121, -44, 127, -51, 127, -58, 127, -63, 127, -65, 127, -69, 122, -63, 119, -59, 107, -41, 104, -33, 96, -25, 80, -17, 81, -1, 73, 15, 79, 23, 70, 35, 64, 42, 42, 56, 27, 65, 9, 81, -6, 109, -18, 127, -40, 127, -56, 127, -52]",esp32_1
CSI_DATA,133128,2025-08-27 15:31:21.236,0,stand,00:00:00:00:00:00,-44,11,0,0,0,0,0,0,0,0,0,-97,0,1,0,751902771,0,14,0,0,0,104,0,"[0, 0, -103, -128, -99, -128, -88, -128, -79, -128, -73, -128, -71, -128, -73, -128, -79, -128, -85, -128, -87, -124, -83, -100, -76, -73, -73, -42, -75, -9, -80, 24, -90, 59, -106, 93, -128, 119, -128, 127, -128, 127, -128, 127, -128, 116, -128, 94, -128, 70, -128, 53, 127, 55, 127, 66, 127, 77, 125, 80, 92, 71, 64, 49, 44, 18, 31, -16, 27, -52, 36, -89, 53, -119, 70, -128, 85, -128, 95, -128, 99, -128, 96, -128, 85, -128, 67, -128, 42, -127, 16, -128, -12, -128, -41, -128, -70, -128, -92, -128, -105, -128, -111, -128]",esp32_2
CSI_DATA,133129,2025-08-27 15:31:21.261,0,stand,00:00:00:00:00:00,-41,11,0,0,0,0,0,0,0,0,0,-97,0,1,0,751928430,0,14,0,0,0,104,0,"[0, 0, 110, 127, 95, 127, 84, 127, 76, 127, 72, 127, 72, 127, 74, 127, 76, 127, 78, 127, 77, 126, 75, 102, 70, 74, 67, 44, 66, 11, 69, -22, 76, -55, 90, -82, 110, -99, 127, -109, 127, -108, 127, -99, 127, -86, 127, -67, 127, -47, 127, -32, -128, -83, -128, -99, -128, -111, -128, -110, -96, -94, -65, -66, -41, -27, -29, 19, -29, 66, -39, 111, -58, 127, -83, 127, -108, 127, -128, 127, -128, 127, -128, 127, -128, 127, -107, 127, -74, 127, -35, 127, 7, 127, 47, 127, 84, 127, 114, 127, 127, 127, 127, 127]",esp32_2
CSI_DATA,130212,2025-08-27 15:31:21.284,0,stand,00:00:00:00:00:00,-65,11,0,0,0,0,0,0,0,0,0,-97,0,1,0,3892739486,0,14,0,0,0,104,0,"[0, 0, -61, 127, -64, 127, -50, 127, -49, 127, -32, 127, -18, 127, 4, 127, 16, 127, 40, 127, 47, 127, 48, 127, 50, 127, 38, 127, 9, 127, -9, 127, -27, 127, -48, 127, -62, 104, -60, 69, -56, 26, -37, -16, -13, -45, 14, -63, 33, -79, 61, -82, -106, -106, -113, -125, -110, -128, -109, -128, -106, -128, -105, -128, -95, -128, -85, -128, -82, -128, -86, -128, -76, -116, -74, -100, -83, -79, -88, -59, -92, -43, -84, -29, -86, -22, -81, -2, -82, 23, -82, 44, -59, 73, -60, 94, -38, 125, -33, 127, -35, 127, -31, 127]",esp32_1
CSI_DATA,133130,2025-08-27 15:31:21.284,0,stand,00:00:00:00:00:00,-41,11,0,0,0,0,0,0,0,0,0,-97,0,1,0,751999682,0,14,0,0,0,104,0,"[0, 0, -128, 127, -128, 127, -128, 127, -128, 127, -128, 120, -128, 114, -128, 111, -128, 110, -128, 108, -128, 105, -106, 99, -76, 92, -43, 87, -7, 82, 29, 81, 65, 87, 96, 101, 117, 122, 127, 127, 127, 127, 122, 127, 105, 127, 82, 127, 57, 127, 38, 127, 37, -128, 59, -128, 79, -128, 85, -128, 78, -123, 56, -82, 18, -47, -31, -25, -84, -17, -128, -21, -128, -36, -128, -59, -128, -85, -128, -107, -128, -119, -128, -119, -128, -110, -128, -87, -128, -50, -128, -5, -128, 43, -128, 91, -128, 127, -128, 127, -128, 127, -128, 127]",esp32_2
CSI_DATA,133131,2025-08-27 15:31:21.305,0,stand,00:00:00:00:00:00,-41,11,0,0,0,0,0,0,0,0,0,-97,0,1,0,752037034,0,14,0,0,0,104,0,"[0, 0, 30, 127, 17, 127, 13, 127, 12, 127, 17, 127, 23, 127, 31, 127, 38, 127, 42, 127, 43, 127, 44, 116, 46, 88, 51, 56, 59, 22, 68, -12, 82, -44, 100, -70, 123, -86, 127, -93, 127, -90, 127, -80, 127, -61, 127, -39, 127, -19, 127, -6, -128, -128, -128, -128, -126, -128, -91, -128, -62, -127, -40, -89, -30, -42, -32, 8, -45, 56, -71, 97, -105, 125, -128, 127, -128, 127, -128, 127, -128, 127, -128, 127, -128, 127, -128, 127, -114, 127, -73, 127, -33, 127, 3, 127, 28, 127, 46, 127, 57, 127, 59, 127]",esp32_2
CSI_DATA,130213,2025-08-27 15:31:21.322,0,stand,00:00:00:00:00:00,-65,11,0,0,0,0,0,0,0,0,0,-97,0,1,0,3892749485,0,14,0,0,0,104,0,"[0, 0, 127, -128, 127, -128, 127, -128, 126, -128, 103, -128, 79, -128, 65, -128, 46, -128, 35, -128, 24, -128, 22, -128, 27, -128, 26, -128, 53, -128, 75, -128, 81, -128, 93, -128, 92, -94, 82, -53, 68, -10, 41, 27, 4, 52, -27, 71, -52, 76, -80, 75, 47, 127, 45, 127, 40, 127, 36, 127, 28, 127, 25, 127, 15, 127, 15, 127, 13, 127, 20, 127, 12, 127, 20, 123, 41, 99, 45, 97, 57, 75, 62, 62, 63, 50, 73, 35, 78, 4, 76, -23, 76, -50, 81, -82, 75, -109, 90, -128, 101, -128, 107, -128]",esp32_1
CSI_DATA,133132,2025-08-27 15:31:21.327,0,stand,00:00:00:00:00:00,-41,11,0,0,0,0,0,0,0,0,0,-97,0,1,0,752063888,0,14,0,0,0,104,0,"[0, 0, 97, 127, 80, 127, 72, 127, 66, 127, 63, 127, 64, 127, 68, 127, 72, 127, 75, 127, 75, 127, 71, 121, 68, 91, 69, 56, 73, 18, 78, -20, 89, -54, 106, -81, 127, -100, 127, -109, 127, -107, 127, -96, 127, -77, 127, -55, 127, -34, 127, -19, -128, -105, -128, -121, -128, -128, -128, -128, -102, -110, -69, -77, -45, -32, -36, 19, -39, 73, -56, 122, -82, 127, -109, 127, -128, 127, -128, 127, -128, 127, -128, 127, -128, 127, -128, 127, -95, 127, -51, 127, -6, 127, 38, 127, 77, 127, 107, 127, 123, 127, 127, 127]",esp32_2
CSI_DATA,130214,2025-08-27 15:31:21.348,0,stand,00:00:00:00:00:00,-65,11,0,0,0,0,0,0,0,0,0,-97,0,1,0,3892760616,0,14,0,0,0,104,0,"[0, 0, 6, 127, 6, 127, 9, 127, 10, 127, 20, 127, 29, 127, 48, 127, 58, 127, 73, 127, 80, 127, 90, 127, 84, 127, 79, 127, 55, 127, 39, 127, 18, 127, -9, 127, -28, 97, -40, 67, -40, 30, -28, -2, -17, -33, -4, -58, 12, -74, 36, -83, -111, -64, -117, -76, -113, -86, -118, -94, -118, -96, -116, -109, -104, -105, -102, -108, -94, -102, -95, -87, -90, -77, -85, -64, -89, -50, -91, -33, -90, -24, -80, -8, -76, -2, -68, 17, -66, 28, -51, 50, -34, 63, -22, 91, -1, 116, 5, 127, 14, 127, 23, 127]",esp32_1
CSI_DATA,133133,2025-08-27 15:31:21.348,0,stand,00:00:00:00:00:00,-41,11,0,0,0,0,0,0,0,0,0,-97,0,1,0,752101061,0,14,0,0,0,104,0,"[0, 0, 127, 121, 127, 126, 127, 123, 127, 115, 127, 99, 127, 79, 127, 60, 127, 41, 127, 25, 127, 10, 127, -4, 115, -19, 84, -38, 53, -60, 23, -83, -1, -112, -17, -128, -21, -128, -16, -128, -3, -128, 15, -128, 38, -128, 58, -128, 72, -128, 80, -128, -128, 127, -128, 127, -128, 100, -128, 66, -128, 38, -109, 23, -56, 23, -2, 38, 47, 69, 83, 111, 106, 127, 115, 127, 110, 127, 101, 127, 94, 127, 88, 127, 85, 127, 91, 127, 109, 127, 127, 127, 127, 101, 127, 77, 127, 65, 127, 60, 127, 64, 127, 75]",esp32_2
CSI_DATA,133134,2025-08-27 15:31:21.369,0,stand,00:00:00:00:00:00,-41,11,0,0,0,0,0,0,0,0,0,-97,0,1,0,752123136,0,14,0,0,0,104,0,"[0, 0, -128, -128, -128, -128, -128, -128, -128, -128, -128, -128, -128, -120, -128, -101, -128, -81, -128, -62, -128, -42, -128, -24, -113, -6, -89, 16, -67, 39, -46, 65, -30, 95, -24, 124, -28, 127, -40, 127, -56, 127, -74, 127, -91, 127, -102, 127, -108, 127, -110, 124, 127, -128, 127, -113, 127, -80, 127, -52, 127, -30, 95, -19, 49, -23, 6, -42, -32, -73, -61, -110, -77, -128, -81, -128, -76, -128, -65, -128, -55, -128, -48, -128, -47, -128, -57, -128, -74, -128, -101, -128, -128, -120, -128, -107, -128, -103, -128, -106, -128, -120, -128, -128]",esp32_2
CSI_DATA,133135,2025-08-27 15:31:21.396,0,stand,00:00:00:00:00:00,-41,11,0,0,0,0,0,0,0,0,0,-97,0,1,0,752148118,0,14,0,0,0,104,0,"[0, 0, -128, -128, -128, -128, -128, -128, -128, -128, -128, -128, -128, -128, -128, -128, -128, -128, -128, -104, -128, -78, -127, -56, -107, -32, -87, -3, -66, 29, -48, 63, -37, 98, -35, 127, -42, 127, -56, 127, -74, 127, -94, 127, -112, 127, -122, 127, -125, 127, -124, 126, 127, -28, 127, -3, 127, 25, 127, 42, 127, 46, 97, 36, 54, 10, 18, -30, -8, -78, -21, -128, -20, -128, -9, -128, 6, -128, 24, -128, 36, -128, 39, -128, 33, -128, 15, -128, -15, -128, -54, -128, -102, -128, -128, -128, -128, -128, -128, -128, -128, -128, -128, -128]",esp32_2
CSI_DATA,130216,2025-08-27 15:31:21.449,0,stand,00:00:00:00:00:00,-65,11,0,0,0,0,0,0,0,0,0,-97,0,1,0,3892779438,0,14,0,0,0,104,0,"[0, 0, 60, -128, 57, -128, 54, -128, 47, -128, 38, -128, 26, -128, 9, -128, -6, -128, -14, -128, -30, -128, -33, -128, -31, -128, -23, -128, 3, -128, 15, -128, 28, -128, 47, -125, 58, -89, 60, -55, 47, -17, 26, 10, 9, 36, -16, 53, -39, 65, -58, 61, 91, 89, 95, 99, 91, 109, 94, 116, 91, 127, 87, 127, 76, 127, 75, 127, 65, 126, 69, 109, 64, 98, 63, 84, 68, 66, 75, 58, 73, 40, 70, 27, 70, 19, 68, 1, 72, -20, 63, -34, 53, -57, 48, -82, 31, -106, 36, -128, 36, -128, 33, -128]",esp32_1
CSI_DATA,130217,2025-08-27 15:31:21.475,0,stand,00:00:00:00:00:00,-65,11,0,0,0,0,0,0,0,0,0,-97,0,1,0,3892789443,0,14,0,0,0,104,0,"[0, 0, 127, 127, 127, 127, 127, 127, 127, 127, 127, 127, 127, 127, 127, 127, 127, 127, 127, 127, 127, 118, 127, 127, 127, 127, 127, 127, 127, 127, 127, 127, 117, 127, 76, 127, 38, 115, 8, 93, -19, 57, -36, 21, -42, -13, -41, -52, -38, -81, -19, -110, -128, 4, -128, -5, -128, -9, -128, -20, -128, -19, -128, -31, -128, -29, -128, -35, -128, -33, -128, -27, -128, -24, -121, -11, -118, -1, -106, 5, -98, 27, -77, 46, -70, 53, -59, 68, -45, 65, -21, 77, 7, 83, 38, 96, 81, 119, 93, 127, 120, 127, 127, 127]",esp32_1
CSI_DATA,133137,2025-08-27 15:31:21.475,0,stand,00:00:00:00:00:00,-41,11,0,0,0,0,0,0,0,0,0,-97,0,1,0,752221252,0,14,0,0,0,104,0,"[0, 0, 127, 127, 127, 127, 127, 127, 127, 127, 127, 127, 127, 127, 127, 127, 127, 106, 127, 83, 127, 60, 122, 40, 100, 19, 79, -7, 59, -36, 41, -66, 27, -98, 24, -128, 30, -128, 42, -128, 57, -128, 75, -128, 94, -128, 105, -128, 110, -128, 112, -127, -128, 54, -128, 28, -128, -1, -128, -21, -128, -30, -97, -24, -54, -4, -16, 28, 13, 71, 30, 119, 34, 127, 29, 127, 15, 127, 0, 127, -10, 127, -13, 127, -10, 127, 6, 127, 31, 127, 67, 127, 111, 127, 127, 127, 127, 127, 127, 127, 127, 127, 127, 127]",esp32_2
CSI_DATA,130218,2025-08-27 15:31:21.496,0,stand,00:00:00:00:00:00,-65,11,0,0,0,0,0,0,0,0,0,-97,0,1,0,3892799421,0,14,0,0,0,104,0,"[0, 0, 127, 127, 127, 127, 127, 127, 127, 127, 127, 122, 127, 103, 127, 84, 127, 68, 127, 50, 127, 43, 127, 49, 127, 54, 127, 60, 127, 77, 127, 89, 127, 102, 115, 103, 77, 92, 38, 82, 1, 54, -25, 33, -47, 3, -56, -29, -69, -72, -57, -97, -128, 55, -128, 55, -128, 51, -128, 48, -128, 40, -128, 35, -128, 32, -128, 24, -128, 21, -128, 24, -128, 27, -123, 41, -113, 35, -101, 46, -81, 55, -59, 74, -50, 82, -31, 87, -15, 72, 7, 74, 38, 71, 70, 78, 113, 89, 127, 93, 127, 109, 127, 127]",esp32_1
CSI_DATA,133138,2025-08-27 15:31:21.496,0,stand,00:00:00:00:00:00,-42,11,0,0,0,0,0,0,0,0,0,-97,0,1,0,752275069,0,14,0,0,0,104,0,"[0, 0, 127, 127, 127, 127, 127, 127, 127, 127, 127, 127, 127, 111, 127, 89, 127, 68, 127, 49, 127, 31, 127, 15, 108, -2, 80, -23, 53, -48, 28, -76, 7, -106, -5, -128, -5, -128, 2, -128, 17, -128, 36, -128, 56, -128, 73, -128, 83, -128, 88, -128, -128, 118, -128, 90, -128, 54, -128, 25, -128, 6, -106, 0, -56, 9, -8, 34, 34, 70, 63, 115, 78, 127, 80, 127, 72, 127, 61, 127, 52, 127, 46, 127, 45, 127, 55, 127, 76, 127, 108, 127, 127, 121, 127, 103, 127, 97, 127, 97, 127, 104, 127, 115]",esp32_2
CSI_DATA,130219,2025-08-27 15:31:21.518,0,stand,00:00:00:00:00:00,-65,11,0,0,0,0,0,0,0,0,0,-97,0,1,0,3892809426,0,14,0,0,0,104,0,"[0, 0, 127, -5, 127, 3, 127, 4, 127, -5, 127, -9, 127, -23, 127, -33, 127, -53, 127, -60, 127, -69, 127, -65, 127, -63, 127, -54, 127, -43, 127, -23, 127, 2, 125, 16, 90, 31, 58, 37, 26, 36, -8, 34, -33, 19, -52, 3, -69, -20, -73, -41, -64, 100, -76, 108, -78, 108, -91, 114, -95, 111, -103, 111, -98, 104, -101, 97, -94, 91, -90, 82, -76, 82, -60, 80, -52, 72, -40, 70, -22, 71, -7, 76, 2, 76, 12, 67, 26, 53, 41, 40, 58, 24, 79, 15, 109, 11, 127, -3, 127, -9, 127, -2]",esp32_1
CSI_DATA,133139,2025-08-27 15:31:21.525,0,stand,00:00:00:00:00:00,-42,11,0,0,0,0,0,0,0,0,0,-97,0,1,0,752304299,0,14,0,0,0,104,0,"[0, 0, 127, 127, 127, 127, 127, 127, 127, 127, 127, 127, 123, 127, 120, 127, 119, 127, 113, 127, 103, 127, 93, 98, 83, 67, 76, 32, 71, -6, 67, -44, 68, -80, 79, -109, 97, -128, 120, -128, 127, -128, 127, -128, 127, -128, 127, -111, 127, -87, 127, -68, -128, -78, -128, -96, -128, -110, -128, -110, -113, -97, -75, -70, -46, -29, -28, 20, -23, 75, -33, 127, -52, 127, -76, 127, -102, 127, -123, 127, -128, 127, -128, 127, -119, 127, -96, 127, -62, 127, -18, 127, 31, 127, 82, 127, 127, 127, 127, 127, 127, 127, 127, 127]",esp32_2
CSI_DATA,130220,2025-08-27 15:31:21.544,0,stand,00:00:00:00:00:00,-65,11,0,0,0,0,0,0,0,0,0,-97,0,1,0,3892819483,0,14,0,0,0,104,0,"[0, 0, -96, 127, -100, 127, -92, 127, -83, 127, -70, 127, -45, 127, -36, 127, -18, 127, -2, 127, 10, 127, 11, 127, 5, 127, 4, 127, -26, 127, -44, 127, -58, 127, -75, 127, -76, 93, -75, 61, -61, 16, -35, -21, -3, -46, 19, -70, 48, -74, 74, -75, -95, -119, -96, -128, -90, -128, -94, -128, -90, -128, -89, -128, -77, -128, -68, -128, -60, -128, -65, -128, -61, -128, -63, -113, -71, -85, -81, -73, -88, -58, -84, -44, -82, -30, -81, -14, -84, 11, -79, 35, -69, 61, -68, 97, -54, 122, -64, 127, -60, 127, -59, 127]",esp32_1
CSI_DATA,133140,2025-08-27 15:31:21.544,0,stand,00:00:00:00:00:00,-41,11,0,0,0,0,0,0,0,0,0,-97,0,1,0,752330036,0,14,0,0,0,104,0,"[0, 0, 127, -128, 127, -128, 127, -128, 127, -128, 127, -128, 119, -128, 97, -128, 76, -128, 55, -128, 35, -128, 17, -128, -1, -111, -22, -85, -47, -60, -73, -37, -102, -20, -128, -13, -128, -17, -128, -27, -128, -40, -128, -58, -128, -76, -128, -91, -128, -101, -128, -104, 107, 127, 80, 127, 47, 127, 21, 127, 4, 127, -1, 94, 8, 47, 31, 3, 66, -34, 107, -59, 127, -72, 127, -73, 127, -65, 127, -54, 127, -44, 127, -39, 127, -40, 127, -51, 127, -72, 127, -102, 124, -128, 111, -128, 108, -128, 110, -128, 119, -128, 127, -128]",esp32_2
CSI_DATA,130221,2025-08-27 15:31:21.565,0,stand,00:00:00:00:00:00,-65,11,0,0,0,0,0,0,0,0,0,-97,0,1,0,3892829442,0,14,0,0,0,104,0,"[0, 0, 127, -128, 127, -128, 127, -126, 127, -128, 127, -126, 127, -128, 127, -128, 127, -128, 127, -128, 127, -128, 127, -128, 127, -128, 127, -128, 127, -128, 127, -126, 127, -92, 127, -61, 124, -22, 91, 5, 57, 23, 10, 35, -32, 41, -59, 32, -86, 21, -106, -1, -8, 127, -14, 127, -26, 127, -32, 127, -37, 127, -46, 127, -52, 127, -59, 127, -55, 127, -45, 127, -37, 127, -20, 127, -5, 108, 12, 98, 21, 97, 27, 92, 43, 82, 53, 68, 65, 41, 76, 23, 87, -8, 109, -36, 127, -55, 127, -90, 127, -113, 127, -114]",esp32_1
CSI_DATA,133141,2025-08-27 15:31:21.565,0,stand,00:00:00:00:00:00,-41,11,0,0,0,0,0,0,0,0,0,-97,0,1,0,752364173,0,14,0,0,0,104,0,"[0, 0, 57, -128, 65, -128, 69, -128, 67, -128, 59, -128, 46, -128, 34, -128, 20, -128, 7, -128, -5, -128, -15, -128, -25, -109, -41, -80, -60, -51, -80, -25, -105, -3, -128, 10, -128, 12, -128, 5, -128, -9, -128, -27, -128, -46, -128, -62, -128, -73, -128, -79, 127, 127, 127, 127, 127, 127, 107, 127, 76, 114, 52, 80, 40, 36, 41, -11, 55, -57, 81, -98, 115, -127, 127, -128, 127, -128, 127, -128, 127, -128, 127, -128, 127, -123, 127, -122, 127, -128, 105, -128, 71, -128, 44, -128, 25, -128, 14, -128, 11, -128, 15, -128]",esp32_2
CSI_DATA,130222,2025-08-27 15:31:21.591,0,stand,00:00:00:00:00:00,-66,11,0,0,0,0,0,0,0,0,0,-97,0,1,0,3892839492,0,14,0,0,0,104,0,"[0, 0, -128, 127, -128, 127, -124, 127, -115, 127, -101, 127, -85, 127, -67, 127, -59, 127, -43, 127, -33, 127, -32, 127, -36, 127, -41, 127, -66, 127, -72, 127, -78, 127, -88, 108, -86, 74, -74, 37, -54, 5, -24, -19, 6, -44, 30, -55, 55, -54, 81, -49, -57, -121, -54, -128, -56, -128, -48, -128, -43, -128, -38, -128, -31, -128, -27, -128, -22, -128, -25, -128, -27, -122, -37, -108, -45, -87, -52, -73, -58, -62, -64, -53, -64, -46, -72, -33, -71, -5, -69, 17, -68, 40, -75, 68, -72, 88, -83, 126, -94, 127, -100, 127]",esp32_1
CSI_DATA,133142,2025-08-27 15:31:21.591,0,stand,00:00:00:00:00:00,-41,11,0,0,0,0,0,0,0,0,0,-97,0,1,0,752388871,0,14,0,0,0,104,0,"[0, 0, -14, 127, -24, 127, -25, 127, -24, 127, -19, 127, -8, 127, 4, 127, 15, 127, 24, 127, 33, 127, 40, 127, 46, 97, 55, 63, 66, 27, 80, -9, 100, -42, 126, -65, 127, -75, 127, -78, 127, -71, 127, -56, 127, -39, 127, -20, 127, 0, 127, 13, -128, -128, -128, -128, -116, -128, -81, -128, -53, -128, -34, -98, -26, -46, -33, 7, -54, 55, -83, 97, -118, 127, -128, 127, -128, 127, -128, 127, -128, 127, -128, 127, -128, 122, -128, 125, -128, 127, -100, 127, -61, 127, -28, 127, 0, 127, 20, 127, 29, 127, 30, 127]",esp32_2
CSI_DATA,130223,2025-08-27 15:31:21.611,0,stand,00:00:00:00:00:00,-65,11,0,0,0,0,0,0,0,0,0,-97,0,1,0,3892849539,0,14,0,0,0,104,0,"[0, 0, -128, 127, -128, 127, -128, 127, -128, 127, -128, 127, -122, 127, -101, 127, -86, 127, -79, 127, -70, 127, -67, 127, -80, 127, -76, 127, -99, 127, -109, 127, -110, 127, -115, 113, -111, 74, -92, 30, -69, -4, -39, -37, 0, -61, 34, -65, 67, -69, 93, -59, -16, -128, -13, -128, -8, -128, -4, -128, 10, -128, 9, -128, 12, -128, 23, -128, 22, -128, 9, -128, 10, -128, -1, -128, -14, -107, -27, -93, -46, -81, -52, -77, -59, -66, -62, -55, -71, -19, -75, 6, -80, 38, -85, 67, -90, 95, -114, 127, -128, 127, -128, 127]",esp32_1
CSI_DATA,133143,2025-08-27 15:31:21.611,0,stand,00:00:00:00:00:00,-41,11,0,0,0,0,0,0,0,0,0,-97,0,1,0,752414707,0,14,0,0,0,104,0,"[0, 0, 127, -128, 127, -128, 127, -128, 127, -128, 127, -128, 127, -128, 122, -128, 100, -128, 79, -128, 57, -128, 35, -127, 13, -104, -12, -81, -40, -61, -69, -42, -101, -28, -128, -22, -128, -27, -128, -40, -128, -56, -128, -74, -128, -92, -128, -105, -128, -111, -126, -112, 85, 127, 59, 127, 27, 127, 4, 127, -9, 127, -10, 98, 5, 52, 32, 10, 69, -23, 114, -45, 127, -54, 127, -51, 127, -40, 127, -27, 127, -18, 127, -14, 127, -15, 127, -27, 127, -50, 127, -83, 127, -125, 127, -128, 127, -128, 127, -128, 127, -128, 127, -128]",esp32_2
CSI_DATA,130224,2025-08-27 15:31:21.634,0,stand,00:00:00:00:00:00,-65,11,0,0,0,0,0,0,0,0,0,-97,0,1,0,3892860942,0,14,0,0,0,104,0,"[0, 0, 127, -99, 127, -94, 127, -87, 127, -96, 127, -95, 127, -103, 127, -115, 127, -128, 127, -128, 127, -128, 127, -128, 127, -128, 127, -128, 127, -128, 127, -107, 127, -71, 127, -40, 118, -8, 84, 11, 48, 25, 10, 37, -30, 35, -59, 26, -88, 4, -103, -18, -32, 127, -42, 127, -46, 127, -57, 127, -62, 127, -73, 127, -68, 127, -73, 127, -67, 127, -62, 125, -49, 127, -35, 123, -25, 97, -8, 99, 9, 90, 19, 94, 28, 84, 40, 72, 50, 47, 64, 26, 75, 2, 100, -22, 125, -37, 127, -65, 127, -85, 127, -87]",esp32_1
CSI_DATA,133144,2025-08-27 15:31:21.637,0,stand,00:00:00:00:00:00,-41,11,0,0,0,0,0,0,0,0,0,-97,0,1,0,752449125,0,14,0,0,0,104,0,"[0, 0, 127, -128, 127, -128, 127, -128, 127, -128, 127, -128, 127, -128, 127, -128, 127, -128, 127, -128, 99, -121, 72, -110, 46, -97, 17, -87, -15, -78, -48, -73, -80, -75, -107, -84, -127, -101, -128, -122, -128, -128, -128, -128, -123, -128, -103, -128, -80, -128, -62, -128, 43, 127, 18, 127, -10, 127, -27, 127, -33, 127, -27, 93, -5, 53, 30, 20, 74, -3, 121, -15, 127, -16, 127, -5, 127, 12, 127, 31, 127, 45, 127, 50, 127, 46, 127, 30, 127, 3, 127, -32, 127, -74, 127, -119, 127, -128, 127, -128, 127, -128, 127, -128]",esp32_2
CSI_DATA,130225,2025-08-27 15:31:21.657,0,stand,00:00:00:00:00:00,-65,11,0,0,0,0,0,0,0,0,0,-97,0,1,0,3892869452,0,14,0,0,0,104,0,"[0, 0, 127, -29, 127, -31, 127, -26, 127, -31, 127, -43, 127, -50, 127, -63, 127, -75, 127, -88, 127, -99, 127, -97, 127, -92, 127, -86, 127, -75, 127, -51, 127, -24, 127, -4, 103, 20, 69, 29, 35, 32, -1, 35, -35, 25, -58, 10, -74, -12, -84, -32, -57, 114, -64, 124, -71, 125, -81, 127, -87, 127, -96, 127, -93, 123, -99, 116, -90, 110, -84, 98, -69, 99, -56, 96, -49, 80, -29, 82, -18, 77, -3, 84, 8, 81, 23, 72, 30, 51, 51, 41, 66, 17, 90, 4, 117, 1, 127, -22, 127, -31, 127, -29]",esp32_1
CSI_DATA,133145,2025-08-27 15:31:21.657,0,stand,00:00:00:00:00:00,-41,11,0,0,0,0,0,0,0,0,0,-97,0,1,0,752474946,0,14,0,0,0,104,0,"[0, 0, -128, -128, -128, -128, -128, -128, -128, -128, -128, -128, -128, -128, -128, -128, -128, -128, -128, -106, -128, -81, -125, -56, -104, -29, -83, 1, -64, 34, -46, 66, -34, 102, -31, 127, -39, 127, -53, 127, -71, 127, -90, 127, -108, 127, -120, 127, -123, 127, -123, 127, 127, -22, 127, 2, 127, 28, 127, 44, 127, 48, 97, 38, 53, 11, 17, -30, -9, -77, -23, -128, -23, -128, -13, -128, 3, -128, 21, -128, 33, -128, 37, -128, 32, -128, 14, -128, -15, -128, -54, -128, -102, -128, -128, -128, -128, -128, -128, -128, -128, -128, -128, -128]",esp32_2
CSI_DATA,130226,2025-08-27 15:31:21.680,0,stand,00:00:00:00:00:00,-65,11,0,0,0,0,0,0,0,0,0,-97,0,1,0,3892879429,0,14,0,0,0,104,0,"[0, 0, -128, -49, -128, -51, -128, -53, -128, -45, -128, -31, -128, -21, -128, -7, -128, 11, -128, 21, -128, 32, -128, 33, -128, 26, -128, 21, -128, 2, -128, -13, -128, -33, -126, -43, -89, -54, -58, -52, -21, -44, 11, -35, 37, -12, 53, 8, 72, 38, 70, 61, 92, -86, 106, -91, 108, -95, 116, -98, 127, -94, 127, -90, 125, -81, 127, -78, 120, -72, 115, -64, 96, -72, 81, -67, 72, -63, 55, -64, 46, -67, 23, -84, 14, -78, -1, -75, -17, -62, -32, -51, -50, -42, -79, -37, -112, -36, -128, -27, -128, -25, -128, -40]",esp32_1
CSI_DATA,133146,2025-08-27 15:31:21.685,0,stand,00:00:00:00:00:00,-41,11,0,0,0,0,0,0,0,0,0,-97,0,1,0,752559428,0,14,0,0,0,104,0,"[0, 0, -128, 127, -128, 127, -128, 127, -128, 127, -114, 127, -95, 127, -76, 127, -57, 127, -39, 127, -21, 127, -6, 121, 9, 97, 28, 71, 49, 44, 72, 19, 99, -2, 127, -12, 127, -12, 127, -5, 127, 8, 127, 23, 127, 39, 127, 54, 127, 68, 127, 76, -101, -128, -75, -128, -42, -128, -16, -128, -1, -128, 4, -92, -4, -45, -26, -2, -59, 34, -98, 61, -128, 78, -128, 80, -128, 73, -128, 63, -128, 53, -128, 46, -128, 45, -128, 55, -128, 73, -128, 99, -111, 127, -95, 127, -87, 127, -85, 127, -90, 127, -98, 127]",esp32_2
CSI_DATA,130227,2025-08-27 15:31:21.701,0,stand,00:00:00:00:00:00,-65,11,0,0,0,0,0,0,0,0,0,-97,0,1,0,3892889487,0,14,0,0,0,104,0,"[0, 0, 14, -128, 15, -128, 10, -128, 7, -128, 0, -128, -15, -128, -29, -128, -49, -128, -53, -128, -67, -128, -68, -128, -64, -128, -58, -128, -37, -128, -17, -128, -1, -128, 25, -128, 37, -94, 48, -68, 40, -25, 29, 6, 15, 33, -2, 54, -21, 75, -44, 77, 106, 75, 112, 85, 108, 95, 115, 103, 112, 110, 107, 121, 99, 116, 93, 119, 90, 110, 88, 100, 81, 85, 74, 71, 78, 57, 86, 42, 82, 28, 72, 18, 74, 5, 68, -8, 65, -30, 54, -43, 40, -68, 29, -88, 10, -114, 13, -128, 9, -128, 3, -128]",esp32_1
CSI_DATA,133147,2025-08-27 15:31:21.701,0,stand,00:00:00:00:00:00,-41,11,0,0,0,0,0,0,0,0,0,-97,0,1,0,752585002,0,14,0,0,0,104,0,"[0, 0, 127, 127, 127, 127, 127, 127, 127, 127, 127, 127, 127, 127, 127, 127, 127, 127, 124, 127, 113, 119, 99, 90, 85, 59, 74, 24, 67, -14, 63, -52, 63, -89, 72, -122, 89, -128, 111, -128, 127, -128, 127, -128, 127, -128, 127, -125, 127, -101, 127, -83, -128, -42, -128, -63, -128, -83, -128, -91, -128, -84, -87, -62, -51, -25, -25, 23, -13, 76, -14, 127, -27, 127, -47, 127, -69, 127, -89, 127, -101, 127, -104, 127, -96, 127, -73, 127, -39, 127, 4, 127, 53, 127, 103, 127, 127, 127, 127, 127, 127, 127, 127, 127]",esp32_2
CSI_DATA,130228,2025-08-27 15:31:21.725,0,stand,00:00:00:00:00:00,-65,11,0,0,0,0,0,0,0,0,0,-97,0,1,0,3892899458,0,14,0,0,0,104,0,"[0, 0, 55, -128, 55, -128, 55, -128, 47, -128, 37, -128, 26, -128, 6, -128, -8, -128, -18, -128, -26, -128, -30, -128, -23, -128, -20, -128, 5, -128, 19, -128, 29, -128, 48, -115, 53, -83, 59, -52, 43, -16, 25, 11, 7, 34, -14, 50, -28, 66, -55, 68, 83, 85, 85, 96, 79, 108, 79, 113, 80, 120, 77, 127, 70, 122, 64, 127, 57, 122, 58, 106, 55, 96, 53, 84, 61, 65, 67, 52, 69, 39, 63, 27, 62, 18, 62, 4, 62, -15, 54, -33, 43, -56, 39, -76, 29, -101, 31, -128, 37, -128, 32, -128]",esp32_1
CSI_DATA,133148,2025-08-27 15:31:21.725,0,stand,00:00:00:00:00:00,-42,11,0,0,0,0,0,0,0,0,0,-97,0,1,0,752619272,0,14,0,0,0,104,0,"[0, 0, -25, -128, -14, -128, -10, -128, -7, -128, -9, -128, -16, -128, -25, -128, -33, -128, -39, -128, -46, -128, -51, -122, -53, -87, -57, -50, -65, -12, -74, 27, -89, 64, -110, 92, -128, 108, -128, 116, -128, 114, -128, 103, -128, 86, -128, 63, -128, 39, -128, 22, 127, 127, 127, 127, 101, 127, 65, 127, 36, 127, 17, 104, 11, 49, 21, -7, 43, -59, 74, -103, 111, -128, 127, -128, 127, -128, 127, -128, 127, -128, 127, -128, 127, -128, 127, -128, 127, -128, 90, -128, 50, -128, 13, -128, -20, -128, -45, -128, -58, -128, -59, -128]",esp32_2
CSI_DATA,130229,2025-08-27 15:31:21.748,0,stand,00:00:00:00:00:00,-65,11,0,0,0,0,0,0,0,0,0,-97,0,1,0,3892934828,0,14,0,0,0,104,0,"[0, 0, 127, -128, 127, -128, 127, -128, 127, -128, 127, -128, 116, -128, 102, -128, 83, -128, 79, -128, 63, -128, 64, -128, 66, -128, 78, -128, 102, -128, 114, -128, 109, -128, 118, -115, 98, -69, 90, -36, 58, 3, 21, 32, -11, 52, -42, 53, -77, 52, -100, 41, 40, 127, 42, 127, 36, 127, 25, 127, 23, 127, 17, 127, 11, 127, 9, 127, 7, 127, 13, 127, 18, 127, 18, 127, 35, 106, 49, 92, 56, 82, 52, 77, 61, 65, 67, 50, 69, 21, 74, -9, 76, -37, 81, -72, 88, -96, 101, -128, 121, -128, 127, -128]",esp32_1
CSI_DATA,133149,2025-08-27 15:31:21.748,0,stand,00:00:00:00:00:00,-41,11,0,0,0,0,0,0,0,0,0,-97,0,1,0,752661064,0,14,0,0,0,104,0,"[0, 0, -128, -36, -128, -44, -128, -51, -128, -52, -128, -44, -128, -34, -128, -24, -128, -12, -128, -1, -128, 10, -128, 22, -100, 33, -71, 48, -41, 64, -13, 84, 12, 108, 25, 127, 28, 127, 23, 127, 11, 127, -6, 127, -26, 127, -43, 127, -57, 127, -66, 127, 127, -128, 127, -128, 127, -128, 127, -105, 117, -73, 84, -48, 41, -34, -8, -36, -55, -51, -97, -76, -127, -109, -128, -128, -128, -128, -128, -128, -128, -128, -128, -128, -128, -128, -128, -128, -128, -128, -128, -103, -128, -69, -128, -40, -128, -21, -128, -9, -128, -6, -128, -12]",esp32_2
CSI_DATA,130230,2025-08-27 15:31:21.770,0,stand,00:00:00:00:00:00,-65,11,0,0,0,0,0,0,0,0,0,-97,0,1,0,3892971957,0,14,0,0,0,104,0,"[0, 0, -128, 127, -128, 127, -128, 127, -128, 127, -118, 127, -99, 127, -80, 127, -65, 127, -51, 127, -41, 127, -34, 127, -41, 127, -47, 127, -75, 127, -83, 127, -87, 127, -97, 127, -97, 92, -83, 54, -61, 10, -34, -26, 4, -51, 28, -61, 61, -67, 89, -63, -44, -128, -40, -128, -38, -128, -32, -128, -27, -128, -26, -128, -14, -128, -12, -128, -9, -128, -18, -128, -21, -128, -24, -127, -39, -107, -47, -97, -60, -81, -62, -79, -63, -64, -75, -51, -71, -14, -73, 10, -71, 42, -80, 75, -76, 101, -92, 127, -103, 127, -120, 127]",esp32_1
CSI_DATA,133150,2025-08-27 15:31:21.770,0,stand,00:00:00:00:00:00,-41,11,0,0,0,0,0,0,0,0,0,-97,0,1,0,752681794,0,14,0,0,0,104,0,"[0, 0, 127, -61, 127, -48, 127, -41, 127, -37, 127, -35, 127, -37, 127, -41, 127, -46, 127, -50, 127, -53, 119, -56, 84, -56, 48, -60, 10, -68, -27, -79, -61, -96, -86, -118, -100, -128, -106, -128, -102, -128, -88, -128, -68, -128, -45, -128, -23, -128, -7, -128, -128, 127, -128, 127, -128, 127, -128, 113, -128, 77, -95, 47, -47, 30, 9, 28, 64, 40, 111, 64, 127, 96, 127, 127, 127, 127, 127, 127, 127, 127, 127, 127, 127, 127, 127, 127, 127, 119, 127, 77, 127, 33, 127, -6, 127, -40, 127, -67, 127, -81, 127, -82]",esp32_2
CSI_DATA,130231,2025-08-27 15:31:21.796,0,stand,00:00:00:00:00:00,-65,11,0,0,0,0,0,0,0,0,0,-97,0,1,0,3893018736,0,14,0,0,0,104,0,"[0, 0, 127, -52, 127, -48, 127, -42, 127, -51, 127, -59, 127, -66, 127, -75, 127, -90, 127, -94, 127, -98, 127, -99, 127, -96, 127, -89, 127, -76, 127, -61, 127, -34, 123, -8, 94, 5, 68, 20, 33, 23, 4, 28, -28, 22, -51, 9, -68, -7, -77, -29, -42, 107, -43, 115, -52, 120, -57, 120, -62, 126, -67, 124, -64, 122, -69, 117, -64, 110, -60, 96, -55, 95, -39, 90, -36, 78, -21, 78, -5, 70, 5, 76, 15, 71, 22, 62, 36, 41, 47, 29, 62, 8, 79, -9, 105, -16, 127, -36, 127, -45, 127, -48]",esp32_1
CSI_DATA,133151,2025-08-27 15:31:21.796,0,stand,00:00:00:00:00:00,-41,11,0,0,0,0,0,0,0,0,0,-97,0,1,0,752716793,0,14,0,0,0,104,0,"[0, 0, -128, 127, -128, 127, -128, 127, -128, 127, -128, 127, -128, 127, -128, 127, -110, 127, -85, 127, -60, 127, -38, 122, -16, 99, 11, 76, 41, 53, 72, 34, 103, 21, 127, 17, 127, 24, 127, 38, 127, 55, 127, 73, 127, 86, 127, 97, 127, 103, 127, 106, -71, -128, -44, -128, -13, -128, 8, -128, 18, -128, 17, -101, 1, -54, -31, -12, -72, 20, -117, 43, -128, 53, -128, 50, -128, 38, -128, 23, -128, 10, -128, 3, -128, 5, -128, 18, -128, 41, -128, 74, -128, 115, -128, 127, -128, 127, -128, 127, -128, 127, -128, 127]",esp32_2
CSI_DATA,130232,2025-08-27 15:31:21.814,0,stand,00:00:00:00:00:00,-66,11,0,0,0,0,0,0,0,0,0,-97,0,1,0,3893043905,0,14,0,0,0,104,0,"[0, 0, -128, 127, -128, 120, -128, 114, -128, 118, -128, 119, -128, 122, -116, 122, -107, 127, -102, 127, -93, 127, -97, 127, -102, 127, -104, 127, -112, 127, -114, 118, -109, 89, -104, 65, -92, 31, -70, 7, -47, -10, -14, -30, 16, -34, 42, -31, 64, -23, 85, -7, -4, -114, 5, -121, 4, -128, 11, -128, 19, -128, 25, -128, 22, -128, 29, -128, 26, -124, 24, -113, 15, -113, 7, -102, -5, -86, -15, -81, -21, -76, -34, -72, -40, -58, -45, -51, -46, -31, -53, -6, -60, 9, -67, 40, -89, 47, -104, 81, -114, 102, -128, 108]",esp32_1
CSI_DATA,133152,2025-08-27 15:31:21.814,0,stand,00:00:00:00:00:00,-41,11,0,0,0,0,0,0,0,0,0,-97,0,1,0,752741320,0,14,0,0,0,104,0,"[0, 0, 127, 127, 127, 127, 127, 127, 127, 127, 127, 127, 123, 127, 116, 127, 110, 127, 104, 127, 96, 116, 86, 87, 76, 55, 68, 20, 63, -16, 63, -53, 67, -88, 78, -118, 96, -128, 118, -128, 127, -128, 127, -128, 127, -128, 127, -114, 127, -91, 127, -73, -128, -67, -128, -86, -128, -102, -128, -105, -114, -94, -77, -69, -45, -30, -24, 17, -16, 68, -21, 119, -36, 127, -56, 127, -79, 127, -100, 127, -113, 127, -116, 127, -108, 127, -86, 127, -55, 127, -15, 127, 30, 127, 76, 127, 122, 127, 127, 127, 127, 127, 127, 127]",esp32_2
CSI_DATA,130233,2025-08-27 15:31:21.836,0,stand,00:00:00:00:00:00,-65,11,0,0,0,0,0,0,0,0,0,-97,0,1,0,3893069459,0,14,0,0,0,104,0,"[0, 0, 127, -128, 127, -128, 127, -128, 127, -128, 127, -128, 118, -128, 105, -128, 94, -128, 83, -128, 65, -128, 63, -128, 73, -128, 80, -128, 105, -128, 109, -128, 112, -128, 103, -96, 102, -60, 88, -29, 65, -2, 28, 27, -10, 48, -47, 53, -74, 49, -95, 29, 51, 127, 45, 127, 44, 127, 34, 127, 33, 127, 25, 127, 18, 127, 21, 127, 14, 127, 20, 127, 23, 127, 30, 124, 37, 98, 52, 90, 53, 72, 67, 78, 58, 58, 73, 52, 70, 12, 73, -3, 71, -35, 82, -63, 89, -93, 98, -128, 112, -128, 123, -128]",esp32_1
CSI_DATA,133153,2025-08-27 15:31:21.844,0,stand,00:00:00:00:00:00,-41,11,0,0,0,0,0,0,0,0,0,-97,0,1,0,752778319,0,14,0,0,0,104,0,"[0, 0, -113, 127, -117, 127, -112, 127, -106, 127, -95, 127, -80, 127, -64, 127, -48, 127, -31, 127, -14, 127, 0, 127, 16, 99, 35, 66, 58, 34, 82, 4, 110, -21, 127, -35, 127, -37, 127, -32, 127, -20, 127, -4, 127, 13, 127, 31, 127, 47, 127, 57, -128, -128, -106, -128, -68, -128, -38, -128, -18, -128, -8, -107, -12, -53, -32, -2, -65, 42, -104, 76, -128, 99, -128, 107, -128, 104, -128, 96, -128, 86, -128, 77, -128, 76, -128, 85, -128, 102, -128, 127, -117, 127, -93, 127, -75, 127, -63, 127, -61, 127, -64, 127]",esp32_2
CSI_DATA,130234,2025-08-27 15:31:21.863,0,stand,00:00:00:00:00:00,-65,11,0,0,0,0,0,0,0,0,0,-97,0,1,0,3893103907,0,14,0,0,0,104,0,"[0, 0, 34, -128, 40, -128, 38, -128, 31, -128, 30, -128, 13, -128, -8, -128, -20, -128, -40, -128, -57, -128, -64, -128, -59, -128, -48, -128, -21, -128, 1, -128, 11, -128, 35, -128, 51, -99, 52, -62, 44, -26, 27, 5, 13, 33, -5, 55, -23, 75, -46, 74, 95, 89, 92, 103, 90, 110, 94, 116, 94, 125, 90, 127, 75, 127, 74, 127, 68, 126, 74, 105, 70, 95, 70, 77, 79, 64, 84, 51, 82, 42, 69, 31, 70, 20, 65, 8, 64, -19, 57, -28, 45, -55, 41, -83, 16, -109, 13, -128, 11, -128, 11, -128]",esp32_1
CSI_DATA,133154,2025-08-27 15:31:21.866,0,stand,00:00:00:00:00:00,-41,11,0,0,0,0,0,0,0,0,0,-97,0,1,0,752827340,0,14,0,0,0,104,0,"[0, 0, 56, 127, 46, 127, 36, 127, 30, 127, 28, 127, 28, 127, 30, 127, 34, 127, 37, 127, 40, 127, 41, 107, 44, 78, 50, 47, 60, 16, 73, -13, 90, -41, 110, -60, 127, -68, 127, -67, 127, -60, 127, -47, 127, -29, 127, -11, 127, 6, 127, 17, -128, -75, -128, -90, -128, -102, -128, -102, -96, -90, -66, -65, -44, -29, -32, 14, -33, 58, -45, 100, -67, 127, -90, 127, -114, 127, -128, 127, -128, 127, -128, 127, -128, 127, -119, 127, -92, 127, -59, 127, -23, 127, 10, 127, 37, 127, 59, 127, 72, 127, 76, 127]",esp32_2
CSI_DATA,130235,2025-08-27 15:31:21.883,0,stand,00:00:00:00:00:00,-66,11,0,0,0,0,0,0,0,0,0,-97,0,1,0,3893129754,0,14,0,0,0,104,0,"[0, 0, 127, -128, 127, -128, 127, -128, 127, -128, 119, -128, 101, -128, 84, -128, 73, -128, 66, -128, 56, -128, 56, -128, 54, -128, 64, -128, 83, -128, 86, -128, 87, -115, 94, -88, 85, -54, 72, -27, 50, 4, 22, 25, -7, 40, -32, 44, -54, 44, -74, 34, 34, 117, 29, 123, 25, 127, 26, 127, 14, 127, 15, 127, 7, 127, 4, 127, 1, 127, 5, 120, 9, 116, 16, 101, 26, 86, 39, 72, 40, 62, 48, 63, 51, 53, 57, 37, 60, 14, 62, -3, 64, -30, 74, -53, 72, -69, 85, -105, 98, -128, 111, -128]",esp32_1
CSI_DATA,133155,2025-08-27 15:31:21.893,0,stand,00:00:00:00:00:00,-41,11,0,0,0,0,0,0,0,0,0,-97,0,1,0,752862014,0,14,0,0,0,104,0,"[0, 0, 127, -11, 127, -3, 127, 1, 127, 2, 127, -1, 127, -6, 127, -13, 127, -20, 127, -25, 127, -28, 111, -32, 78, -36, 44, -46, 11, -58, -22, -72, -51, -90, -73, -112, -85, -128, -89, -128, -83, -128, -69, -128, -49, -128, -27, -128, -8, -128, 5, -128, -128, 127, -128, 127, -128, 109, -128, 76, -128, 49, -93, 30, -47, 22, 3, 26, 51, 44, 90, 74, 118, 108, 127, 127, 127, 127, 127, 127, 127, 127, 127, 127, 125, 127, 127, 127, 127, 127, 127, 92, 127, 55, 127, 23, 127, 1, 127, -15, 127, -24, 127, -26]",esp32_2
CSI_DATA,130236,2025-08-27 15:31:21.907,0,stand,00:00:00:00:00:00,-65,11,0,0,0,0,0,0,0,0,0,-97,0,1,0,3893163956,0,14,0,0,0,104,0,"[0, 0, -128, 114, -128, 102, -128, 109, -128, 100, -128, 101, -128, 108, -128, 112, -128, 127, -128, 127, -108, 127, -111, 127, -120, 127, -119, 127, -128, 127, -120, 112, -126, 87, -111, 56, -102, 30, -78, 6, -51, -13, -22, -41, 13, -46, 40, -41, 69, -36, 87, -22, 47, -111, 53, -117, 62, -128, 60, -125, 73, -128, 78, -124, 75, -121, 81, -119, 73, -110, 70, -105, 52, -99, 40, -92, 31, -78, 16, -75, 5, -71, -15, -81, -19, -67, -30, -62, -31, -37, -49, -18, -60, -3, -70, 24, -105, 44, -117, 74, -128, 88, -128, 86]",esp32_1
CSI_DATA,133156,2025-08-27 15:31:21.916,0,stand,00:00:00:00:00:00,-41,11,0,0,0,0,0,0,0,0,0,-97,0,1,0,752890889,0,14,0,0,0,104,0,"[0, 0, -128, -128, -128, -128, -128, -128, -121, -128, -110, -128, -103, -128, -97, -128, -95, -128, -91, -128, -85, -118, -78, -89, -71, -58, -66, -24, -65, 9, -66, 42, -70, 74, -83, 100, -103, 119, -125, 127, -128, 127, -128, 123, -128, 107, -128, 85, -128, 63, -128, 47, 127, 50, 127, 68, 127, 85, 127, 90, 104, 81, 70, 60, 40, 25, 21, -19, 13, -67, 17, -114, 33, -128, 54, -128, 76, -128, 96, -128, 107, -128, 108, -128, 101, -128, 83, -128, 54, -128, 18, -128, -23, -128, -65, -128, -103, -128, -128, -128, -128, -128, -128, -128]",esp32_2
CSI_DATA,130237,2025-08-27 15:31:21.926,0,stand,00:00:00:00:00:00,-65,11,0,0,0,0,0,0,0,0,0,-97,0,1,0,3893189353,0,14,0,0,0,104,0,"[0, 0, 127, 55, 127, 58, 127, 57, 127, 49, 127, 41, 127, 28, 127, 9, 127, 3, 127, -18, 127, -29, 127, -28, 127, -21, 127, -16, 127, 4, 127, 14, 127, 31, 117, 41, 82, 48, 53, 49, 22, 39, -8, 30, -34, 12, -50, -7, -64, -32, -63, -57, -92, 68, -100, 70, -109, 76, -117, 75, -122, 73, -128, 71, -124, 62, -125, 64, -114, 56, -105, 51, -96, 63, -80, 66, -71, 55, -59, 61, -43, 61, -41, 71, -26, 68, -9, 68, 5, 57, 22, 51, 50, 38, 71, 38, 101, 34, 121, 26, 127, 30, 127, 45]",esp32_1
CSI_DATA,130238,2025-08-27 15:31:21.948,0,stand,00:00:00:00:00:00,-65,11,0,0,0,0,0,0,0,0,0,-97,0,1,0,3893225982,0,14,0,0,0,104,0,"[0, 0, -128, 127, -128, 127, -128, 127, -128, 127, -128, 127, -128, 127, -116, 127, -104, 127, -92, 127, -84, 127, -81, 127, -83, 127, -91, 127, -112, 127, -121, 127, -119, 127, -128, 110, -111, 76, -97, 31, -66, 0, -26, -32, 13, -50, 46, -56, 74, -54, 104, -43, -24, -128, -18, -128, -15, -128, -10, -128, -1, -128, 2, -128, 8, -128, 12, -128, 13, -128, -1, -128, 1, -128, -9, -128, -28, -115, -39, -103, -52, -93, -54, -86, -55, -79, -62, -61, -76, -34, -78, -6, -81, 30, -92, 58, -96, 86, -114, 127, -128, 127, -128, 127]",esp32_1
CSI_DATA,130239,2025-08-27 15:31:21.971,0,stand,00:00:00:00:00:00,-65,11,0,0,0,0,0,0,0,0,0,-97,0,1,0,3893272208,0,14,0,0,0,104,0,"[0, 0, -78, 127, -79, 127, -75, 127, -69, 127, -54, 127, -38, 127, -11, 127, -1, 127, 15, 127, 29, 127, 31, 127, 29, 127, 19, 127, -5, 127, -26, 127, -39, 127, -56, 127, -71, 106, -66, 75, -55, 31, -38, -16, -13, -45, 12, -70, 36, -84, 69, -83, -93, -123, -91, -128, -88, -128, -94, -128, -88, -128, -91, -128, -75, -128, -74, -128, -64, -128, -67, -128, -66, -128, -71, -117, -74, -89, -80, -77, -81, -59, -89, -49, -88, -39, -87, -23, -76, 7, -65, 35, -55, 58, -45, 94, -44, 117, -37, 127, -41, 127, -50, 127]",esp32_1
CSI_DATA,130240,2025-08-27 15:31:21.991,0,stand,00:00:00:00:00:00,-65,11,0,0,0,0,0,0,0,0,0,-97,0,1,0,3893298205,0,14,0,0,0,104,0,"[0, 0, -128, -128, -128, -128, -128, -128, -128, -128, -128, -124, -128, -113, -128, -99, -128, -79, -128, -73, -128, -65, -128, -67, -128, -71, -128, -76, -128, -82, -128, -92, -114, -91, -78, -90, -47, -80, -18, -68, 4, -45, 18, -21, 32, 7, 37, 32, 40, 58, 31, 81, 118, -18, 127, -16, 127, -11, 127, -5, 127, -4, 127, 8, 127, 9, 127, 8, 124, 10, 122, 7, 104, -3, 98, -10, 92, -12, 85, -25, 78, -33, 61, -44, 51, -47, 35, -53, 31, -48, 7, -56, -14, -53, -38, -65, -76, -74, -92, -85, -115, -103, -128, -120]",esp32_1
CSI_DATA,133158,2025-08-27 15:31:22.002,0,stand,00:00:00:00:00:00,-41,11,0,0,0,0,0,0,0,0,0,-97,0,1,0,752940055,0,14,0,0,0,104,0,"[0, 0, -128, 127, -128, 127, -128, 127, -128, 127, -128, 127, -128, 127, -112, 127, -92, 127, -73, 127, -53, 127, -32, 113, -11, 91, 14, 68, 41, 47, 72, 28, 103, 16, 127, 12, 127, 19, 127, 32, 127, 49, 127, 67, 127, 85, 127, 99, 127, 108, 125, 111, -86, -128, -62, -128, -31, -128, -8, -128, 6, -128, 8, -89, -3, -45, -28, -5, -62, 28, -103, 51, -128, 62, -128, 62, -128, 54, -128, 42, -128, 33, -128, 28, -128, 29, -128, 40, -128, 59, -128, 87, -128, 123, -128, 127, -127, 127, -128, 127, -128, 127, -128, 127]",esp32_2
CSI_DATA,130241,2025-08-27 15:31:22.022,0,stand,00:00:00:00:00:00,-65,11,0,0,0,0,0,0,0,0,0,-97,0,1,0,3893333501,0,14,0,0,0,104,0,"[0, 0, -128, 127, -128, 127, -128, 127, -128, 127, -128, 127, -122, 127, -106, 127, -105, 127, -90, 127, -85, 127, -84, 127, -88, 127, -93, 127, -105, 127, -111, 127, -104, 103, -105, 72, -89, 43, -77, 18, -50, -5, -20, -31, 13, -37, 37, -38, 62, -32, 83, -22, -8, -118, -6, -128, 4, -128, 3, -128, 12, -128, 13, -128, 13, -128, 21, -128, 19, -128, 11, -122, 9, -119, 1, -106, -13, -92, -23, -83, -31, -78, -38, -76, -37, -68, -48, -56, -50, -31, -57, -8, -60, 14, -71, 42, -83, 59, -101, 96, -120, 116, -128, 120]",esp32_1
CSI_DATA,133159,2025-08-27 15:31:22.024,0,stand,00:00:00:00:00:00,-41,11,0,0,0,0,0,0,0,0,0,-97,0,1,0,752963014,0,14,0,0,0,104,0,"[0, 0, 127, -99, 127, -87, 127, -79, 127, -73, 127, -69, 127, -66, 127, -66, 127, -67, 127, -66, 127, -64, 114, -62, 77, -60, 38, -61, -1, -66, -39, -73, -75, -87, -104, -107, -122, -128, -128, -128, -128, -128, -116, -128, -97, -128, -71, -128, -46, -128, -28, -128, -128, 127, -128, 127, -128, 127, -128, 125, -126, 89, -90, 58, -43, 37, 11, 30, 67, 38, 116, 58, 127, 86, 127, 116, 127, 127, 127, 127, 127, 127, 127, 127, 127, 127, 127, 127, 127, 108, 127, 65, 127, 20, 127, -21, 127, -56, 127, -86, 127, -102, 127, -107]",esp32_2
CSI_DATA,130242,2025-08-27 15:31:22.043,0,stand,00:00:00:00:00:00,-65,11,0,0,0,0,0,0,0,0,0,-97,0,1,0,3893360663,0,14,0,0,0,104,0,"[0, 0, 127, -100, 127, -91, 127, -86, 127, -89, 127, -92, 127, -93, 127, -102, 127, -115, 127, -127, 127, -128, 125, -128, 127, -128, 127, -128, 127, -117, 127, -98, 127, -65, 120, -43, 96, -16, 77, 4, 45, 19, 11, 32, -22, 33, -45, 24, -73, 14, -86, -4, -19, 114, -25, 124, -28, 127, -37, 127, -42, 127, -47, 127, -47, 127, -52, 127, -51, 124, -43, 111, -37, 109, -26, 104, -13, 88, -2, 84, 9, 77, 18, 78, 28, 74, 37, 60, 43, 39, 50, 24, 59, 0, 79, -23, 95, -33, 116, -59, 127, -77, 127, -85]",esp32_1
CSI_DATA,133160,2025-08-27 15:31:22.056,0,stand,00:00:00:00:00:00,-41,11,0,0,0,0,0,0,0,0,0,-97,0,1,0,753010752,0,14,0,0,0,104,0,"[0, 0, -128, -2, -128, -9, -128, -15, -128, -17, -128, -13, -128, -7, -128, 0, -128, 8, -128, 15, -128, 22, -111, 30, -81, 37, -49, 47, -17, 58, 14, 74, 41, 94, 60, 118, 69, 127, 70, 127, 63, 127, 48, 127, 30, 127, 11, 127, -7, 127, -20, 127, 127, -128, 127, -128, 127, -112, 127, -81, 122, -54, 86, -33, 41, -23, -7, -28, -52, -44, -92, -70, -121, -101, -128, -128, -128, -128, -128, -128, -128, -128, -128, -128, -126, -128, -127, -128, -128, -128, -128, -95, -128, -60, -128, -30, -128, -7, -128, 10, -128, 17, -128, 17]",esp32_2
CSI_DATA,130243,2025-08-27 15:31:22.067,0,stand,00:00:00:00:00:00,-65,11,0,0,0,0,0,0,0,0,0,-97,0,1,0,3893382893,0,14,0,0,0,104,0,"[0, 0, 127, 127, 127, 127, 127, 127, 127, 127, 127, 125, 127, 118, 127, 103, 127, 77, 127, 89, 127, 90, 127, 96, 127, 99, 127, 95, 127, 87, 127, 102, 120, 102, 89, 107, 56, 87, 22, 74, -2, 51, -27, 27, -31, -8, -35, -38, -32, -70, -25, -96, -126, 27, -128, 31, -128, 26, -128, 25, -128, 17, -128, 4, -128, 14, -128, 2, -128, 9, -128, -5, -124, 1, -111, 4, -106, 4, -94, 19, -85, 36, -62, 59, -60, 61, -47, 65, -35, 53, -8, 56, 16, 62, 48, 62, 77, 86, 93, 102, 117, 115, 127, 127]",esp32_1
CSI_DATA,130244,2025-08-27 15:31:22.088,0,stand,00:00:00:00:00:00,-65,11,0,0,0,0,0,0,0,0,0,-97,0,1,0,3893407654,0,14,0,0,0,104,0,"[0, 0, 79, 127, 76, 127, 79, 127, 73, 127, 81, 127, 84, 127, 96, 127, 109, 127, 118, 127, 123, 127, 127, 127, 127, 127, 127, 127, 107, 127, 83, 127, 62, 127, 33, 127, 12, 99, -10, 74, -26, 46, -31, 14, -30, -17, -25, -46, -13, -72, 5, -90, -118, -35, -125, -40, -125, -45, -128, -53, -128, -57, -128, -69, -128, -69, -125, -70, -114, -67, -114, -59, -101, -49, -91, -39, -97, -30, -91, -16, -91, -4, -75, 10, -71, 19, -61, 29, -55, 37, -37, 48, -19, 59, 9, 80, 37, 98, 45, 125, 62, 127, 78, 127]",esp32_1
CSI_DATA,133161,2025-08-27 15:31:22.088,0,stand,00:00:00:00:00:00,-41,11,0,0,0,0,0,0,0,0,0,-97,0,1,0,753057453,0,14,0,0,0,104,0,"[0, 0, 127, -128, 127, -128, 127, -128, 127, -128, 127, -128, 127, -119, 127, -112, 127, -105, 127, -99, 127, -93, 101, -84, 65, -75, 28, -69, -12, -66, -51, -66, -88, -73, -118, -88, -128, -112, -128, -128, -128, -128, -128, -128, -128, -128, -105, -128, -79, -128, -61, -128, -74, 127, -93, 127, -110, 127, -112, 127, -100, 120, -73, 80, -33, 48, 19, 29, 75, 23, 127, 29, 127, 45, 127, 68, 127, 94, 127, 118, 127, 127, 127, 127, 127, 126, 127, 105, 127, 71, 127, 29, 127, -17, 127, -65, 127, -112, 127, -128, 127, -128, 127, -128]",esp32_2
CSI_DATA,130245,2025-08-27 15:31:22.110,0,stand,00:00:00:00:00:00,-65,11,0,0,0,0,0,0,0,0,0,-97,0,1,0,3893492258,0,14,0,0,0,104,0,"[0, 0, 127, 127, 127, 127, 127, 127, 127, 127, 127, 127, 127, 113, 127, 91, 127, 86, 127, 54, 127, 42, 127, 44, 127, 47, 127, 68, 127, 81, 127, 97, 127, 91, 122, 102, 72, 87, 38, 83, 4, 49, -21, 22, -41, -4, -53, -30, -53, -65, -42, -95, -124, 62, -128, 59, -128, 50, -128, 58, -128, 45, -128, 46, -128, 32, -128, 38, -128, 28, -128, 28, -128, 49, -122, 56, -107, 50, -90, 58, -89, 65, -71, 70, -64, 80, -38, 73, -25, 73, -1, 69, 27, 58, 62, 73, 87, 75, 127, 74, 127, 86, 127, 117]",esp32_1
CSI_DATA,133162,2025-08-27 15:31:22.117,0,stand,00:00:00:00:00:00,-41,11,0,0,0,0,0,0,0,0,0,-97,0,1,0,753082996,0,14,0,0,0,104,0,"[0, 0, -37, 127, -43, 127, -46, 127, -46, 127, -39, 127, -30, 127, -21, 127, -13, 127, -6, 127, 3, 127, 13, 116, 21, 84, 34, 50, 52, 18, 71, -12, 94, -38, 120, -55, 127, -62, 127, -60, 127, -51, 127, -36, 127, -16, 127, 5, 127, 23, 127, 34, -128, -128, -128, -128, -100, -128, -68, -128, -43, -128, -28, -93, -23, -46, -32, 1, -52, 45, -83, 81, -117, 106, -128, 120, -128, 123, -128, 122, -128, 117, -128, 112, -128, 109, -128, 112, -128, 123, -113, 127, -82, 127, -56, 127, -38, 127, -27, 127, -21, 127, -21, 127]",esp32_2
CSI_DATA,130246,2025-08-27 15:31:22.132,0,stand,00:00:00:00:00:00,-65,11,0,0,0,0,0,0,0,0,0,-97,0,1,0,3893517249,0,14,0,0,0,104,0,"[0, 0, 96, 127, 92, 127, 96, 127, 98, 127, 100, 127, 107, 127, 113, 127, 122, 127, 127, 127, 127, 127, 127, 127, 127, 127, 127, 127, 125, 127, 103, 127, 76, 127, 45, 127, 15, 102, -2, 75, -23, 49, -31, 12, -29, -21, -20, -49, -15, -77, 3, -93, -122, -25, -128, -29, -128, -34, -128, -39, -128, -45, -128, -54, -128, -51, -128, -59, -122, -46, -119, -55, -109, -46, -98, -36, -102, -24, -92, -12, -89, 2, -82, 17, -69, 25, -61, 30, -54, 39, -29, 57, -6, 61, 20, 73, 45, 97, 49, 127, 66, 127, 91, 127]",esp32_1
CSI_DATA,133163,2025-08-27 15:31:22.146,0,stand,00:00:00:00:00:00,-41,11,0,0,0,0,0,0,0,0,0,-97,0,1,0,753109180,0,14,0,0,0,104,0,"[0, 0, 127, 127, 127, 127, 127, 127, 127, 127, 127, 127, 127, 119, 127, 102, 127, 84, 127, 65, 127, 45, 112, 24, 85, 3, 61, -20, 40, -46, 22, -75, 8, -105, 4, -128, 10, -128, 21, -128, 37, -128, 55, -128, 73, -128, 86, -128, 95, -128, 98, -128, -128, 115, -128, 91, -128, 59, -128, 32, -128, 13, -100, 6, -55, 13, -10, 32, 28, 63, 55, 102, 71, 127, 76, 127, 70, 127, 62, 127, 55, 127, 50, 127, 51, 127, 61, 127, 77, 127, 102, 127, 127, 127, 127, 117, 127, 113, 127, 114, 127, 122, 127, 127]",esp32_2
CSI_DATA,130247,2025-08-27 15:31:22.153,0,stand,00:00:00:00:00:00,-65,11,0,0,0,0,0,0,0,0,0,-97,0,1,0,3893555904,0,14,0,0,0,104,0,"[0, 0, -128, -111, -128, -110, -128, -117, -128, -110, -128, -89, -128, -75, -128, -61, -128, -43, -128, -36, -128, -28, -128, -29, -128, -34, -128, -39, -128, -46, -128, -58, -128, -68, -98, -78, -68, -68, -39, -61, -8, -42, 16, -28, 32, 0, 46, 23, 50, 51, 44, 75, 104, -50, 116, -48, 119, -46, 126, -44, 127, -42, 127, -37, 127, -34, 127, -32, 125, -31, 121, -24, 105, -36, 95, -41, 88, -35, 81, -43, 66, -47, 50, -64, 42, -64, 31, -66, 20, -55, -5, -49, -23, -51, -51, -51, -88, -61, -106, -63, -128, -68, -128, -94]",esp32_1
CSI_DATA,133165,2025-08-27 15:31:22.233,0,stand,00:00:00:00:00:00,-41,11,0,0,0,0,0,0,0,0,0,-97,0,1,0,753168890,0,14,0,0,0,104,0,"[0, 0, -128, -45, -128, -51, -128, -53, -128, -51, -128, -45, -128, -37, -128, -29, -128, -21, -128, -13, -128, -4, -106, 5, -79, 16, -51, 30, -23, 46, 2, 64, 24, 88, 37, 113, 40, 127, 37, 127, 26, 127, 10, 127, -8, 127, -23, 127, -36, 127, -45, 127, 127, -128, 127, -127, 127, -97, 127, -69, 114, -45, 81, -28, 41, -23, -1, -30, -42, -48, -76, -74, -100, -104, -112, -128, -115, -128, -113, -128, -107, -128, -100, -128, -96, -128, -100, -128, -110, -128, -126, -104, -128, -77, -128, -53, -128, -35, -128, -24, -128, -20, -128, -22]",esp32_2
CSI_DATA,130250,2025-08-27 15:31:22.260,0,stand,00:00:00:00:00:00,-65,11,0,0,0,0,0,0,0,0,0,-97,0,1,0,3893640647,0,14,0,0,0,104,0,"[0, 0, -128, -128, -128, -128, -128, -128, -123, -128, -124, -128, -125, -128, -128, -122, -128, -111, -128, -101, -128, -95, -128, -101, -128, -110, -128, -115, -128, -110, -123, -121, -98, -113, -63, -109, -37, -93, -11, -77, 10, -53, 25, -24, 32, 5, 33, 34, 32, 70, 20, 87, 126, -5, 127, -1, 127, 5, 127, 6, 127, 9, 127, 20, 127, 21, 127, 24, 127, 25, 126, 20, 108, 13, 103, 8, 101, 0, 98, -17, 87, -27, 69, -37, 61, -43, 50, -51, 40, -50, 24, -57, -1, -59, -23, -73, -60, -82, -71, -101, -99, -126, -128, -128]",esp32_1
CSI_DATA,133166,2025-08-27 15:31:22.260,0,stand,00:00:00:00:00:00,-41,11,0,0,0,0,0,0,0,0,0,-97,0,1,0,753194190,0,14,0,0,0,104,0,"[0, 0, 127, -128, 127, -128, 127, -128, 127, -128, 127, -128, 127, -128, 127, -128, 120, -128, 96, -128, 69, -128, 43, -128, 16, -100, -13, -73, -45, -50, -78, -30, -113, -15, -128, -12, -128, -20, -128, -36, -128, -54, -128, -74, -128, -91, -128, -104, -128, -113, -128, -116, 72, 127, 45, 127, 13, 127, -10, 127, -19, 127, -17, 108, 1, 58, 34, 15, 78, -19, 127, -42, 127, -52, 127, -50, 127, -39, 127, -24, 127, -12, 127, -6, 127, -8, 127, -22, 127, -46, 127, -80, 127, -122, 127, -128, 127, -128, 127, -128, 127, -128, 127, -128]",esp32_2
CSI_DATA,130251,2025-08-27 15:31:22.285,0,stand,00:00:00:00:00:00,-64,11,0,0,0,0,0,0,0,0,0,-97,0,1,0,3893680140,0,14,0,0,0,104,0,"[0, 0, 127, -126, 127, -124, 127, -113, 127, -119, 127, -111, 127, -116, 127, -120, 116, -128, 109, -128, 104, -128, 103, -128, 106, -128, 109, -128, 118, -128, 123, -114, 112, -86, 113, -61, 96, -33, 76, -7, 47, 9, 19, 29, -15, 33, -40, 30, -65, 25, -79, 5, 5, 118, 0, 123, -7, 127, -10, 127, -15, 127, -18, 127, -22, 127, -26, 127, -25, 127, -21, 118, -11, 114, -5, 105, 7, 88, 16, 83, 25, 74, 35, 76, 36, 67, 44, 57, 51, 35, 55, 19, 59, -7, 71, -29, 86, -46, 101, -80, 122, -97, 127, -106]",esp32_1
CSI_DATA,133167,2025-08-27 15:31:22.291,0,stand,00:00:00:00:00:00,-41,11,0,0,0,0,0,0,0,0,0,-97,0,1,0,753228993,0,14,0,0,0,104,0,"[0, 0, 127, -128, 127, -128, 127, -128, 127, -128, 127, -128, 118, -128, 102, -128, 85, -128, 67, -128, 45, -128, 25, -118, 6, -90, -18, -62, -46, -37, -76, -15, -107, 1, -128, 7, -128, 2, -128, -10, -128, -26, -128, -45, -128, -63, -128, -78, -128, -89, -128, -93, 120, 127, 93, 127, 59, 127, 32, 127, 14, 127, 5, 101, 10, 54, 31, 8, 63, -32, 103, -61, 127, -79, 127, -84, 127, -80, 127, -71, 127, -63, 127, -57, 127, -56, 127, -66, 127, -83, 127, -108, 127, -128, 117, -128, 108, -128, 104, -128, 107, -128, 113, -128]",esp32_2
CSI_DATA,130252,2025-08-27 15:31:22.307,0,stand,00:00:00:00:00:00,-65,11,0,0,0,0,0,0,0,0,0,-97,0,1,0,3893743207,0,14,0,0,0,104,0,"[0, 0, 127, -128, 127, -128, 127, -128, 127, -128, 120, -128, 102, -128, 91, -128, 75, -128, 66, -128, 60, -128, 60, -128, 65, -128, 68, -128, 86, -128, 96, -128, 89, -118, 100, -89, 90, -58, 75, -27, 50, -2, 22, 21, -8, 36, -35, 42, -58, 40, -80, 30, 36, 114, 33, 122, 32, 127, 29, 127, 24, 127, 21, 127, 13, 127, 9, 127, 12, 127, 10, 120, 14, 117, 21, 104, 32, 93, 40, 80, 48, 73, 50, 67, 49, 59, 54, 47, 61, 21, 60, 9, 58, -20, 64, -44, 68, -67, 82, -104, 94, -128, 110, -128]",esp32_1
CSI_DATA,133168,2025-08-27 15:31:22.320,0,stand,00:00:00:00:00:00,-41,11,0,0,0,0,0,0,0,0,0,-97,0,1,0,753253828,0,14,0,0,0,104,0,"[0, 0, -128, -128, -114, -128, -103, -128, -93, -128, -85, -128, -79, -128, -75, -128, -73, -128, -69, -128, -65, -128, -60, -109, -56, -74, -57, -37, -60, 1, -66, 38, -78, 73, -96, 100, -119, 116, -128, 124, -128, 122, -128, 111, -128, 93, -128, 70, -128, 47, -128, 31, 127, 88, 127, 102, 127, 113, 127, 113, 104, 100, 71, 73, 45, 34, 31, -13, 30, -65, 39, -114, 60, -128, 85, -128, 109, -128, 127, -128, 127, -128, 127, -128, 127, -128, 117, -128, 86, -128, 48, -128, 7, -128, -34, -128, -72, -128, -104, -128, -125, -128, -128, -128]",esp32_2
