type,seq,timestamp,taget_seq,taget,mac,rssi,rate,sig_mode,mcs,cwb,smoothing,not_sounding,aggregation,stbc,fec_coding,sgi,noise_floor,ampdu_cnt,channel_primary,channel_secondary,local_timestamp,ant,sig_len,rx_state,agc_gain,fft_gain,len,first_word_invalid,data,device_id
CSI_DATA,149453,2025-07-23 16:15:47.422,0,stand,00:00:00:00:00:00,-62,11,0,0,0,0,0,0,0,0,0,-97,0,1,0,734681808,0,14,0,0,0,104,0,"[0, 0, 7, 127, 3, 108, 9, 62, 20, 15, 37, -27, 59, -61, 86, -87, 114, -105, 127, -116, 127, -119, 127, -115, 127, -105, 127, -91, 127, -77, 127, -64, 127, -52, 127, -45, 114, -43, 93, -46, 73, -53, 55, -62, 45, -72, 41, -83, 42, -96, 44, -104, -36, 45, -37, 56, -40, 69, -47, 86, -57, 103, -69, 115, -79, 123, -86, 127, -91, 127, -92, 127, -89, 127, -82, 127, -70, 121, -55, 121, -37, 127, -16, 127, 4, 127, 28, 127, 51, 127, 68, 127, 76, 127, 80, 127, 81, 127, 75, 127, 65, 127, 55, 127]",esp32_1
CSI_DATA,47982,2025-07-23 16:15:47.435,0,stand,00:00:00:00:00:00,-72,11,0,0,0,0,0,0,0,0,0,-97,0,1,0,3650376514,0,14,0,0,0,104,0,"[0, 0, 46, 114, 41, 118, 34, 124, 23, 127, 14, 127, 7, 127, 1, 127, -1, 127, 0, 127, 4, 127, 9, 127, 17, 127, 26, 127, 32, 127, 39, 127, 46, 127, 49, 127, 48, 127, 46, 123, 41, 102, 33, 79, 23, 61, 9, 49, -7, 37, -20, 26, 81, -14, 84, -15, 85, -21, 86, -27, 89, -31, 90, -32, 89, -32, 88, -32, 87, -32, 85, -31, 81, -27, 75, -25, 70, -22, 68, -17, 65, -8, 59, -1, 55, 4, 52, 12, 48, 23, 47, 36, 46, 47, 46, 60, 50, 73, 54, 83, 59, 91, 63, 98]",esp32_2
CSI_DATA,149454,2025-07-23 16:15:47.449,0,stand,00:00:00:00:00:00,-62,11,0,0,0,0,0,0,0,0,0,-97,0,1,0,734691855,0,14,0,0,0,104,0,"[0, 0, 98, 86, 74, 60, 57, 30, 43, -4, 36, -38, 36, -70, 43, -97, 56, -118, 71, -128, 85, -128, 98, -128, 108, -128, 115, -128, 119, -120, 115, -105, 105, -92, 93, -81, 80, -73, 67, -71, 53, -72, 42, -75, 36, -81, 33, -86, 35, -91, 38, -95, 28, 48, 36, 51, 45, 57, 52, 64, 60, 73, 64, 83, 67, 92, 71, 100, 75, 104, 79, 107, 80, 108, 83, 104, 89, 98, 96, 93, 104, 90, 114, 86, 127, 83, 127, 80, 127, 78, 127, 79, 127, 85, 127, 94, 127, 105, 127, 111, 127, 116, 127, 121]",esp32_1
CSI_DATA,47983,2025-07-23 16:15:47.460,0,stand,00:00:00:00:00:00,-76,11,0,0,0,0,0,0,0,0,0,-97,0,1,0,3650398510,0,14,0,0,0,104,0,"[0, 0, 10, -128, 18, -128, 37, -128, 61, -128, 83, -128, 114, -128, 127, -128, 127, -128, 127, -128, 127, -128, 127, -128, 127, -128, 127, -128, 127, -128, 127, -128, 127, -128, 127, -128, 127, -128, 127, -128, 113, -128, 94, -128, 77, -106, 64, -70, 60, -26, 63, 16, -99, 36, -99, 33, -99, 31, -105, 31, -108, 36, -108, 44, -108, 46, -107, 41, -103, 37, -102, 42, -103, 50, -95, 47, -83, 37, -69, 30, -56, 28, -47, 21, -30, 7, -10, -9, 3, -26, 7, -39, 5, -55, 8, -79, 8, -102, 0, -125, -11, -128, -18, -128]",esp32_2
CSI_DATA,149455,2025-07-23 16:15:47.478,0,stand,00:00:00:00:00:00,-62,11,0,0,0,0,0,0,0,0,0,-97,0,1,0,734701794,0,14,0,0,0,104,0,"[0, 0, -44, -128, -41, -98, -47, -62, -58, -30, -72, -3, -91, 18, -115, 32, -128, 38, -128, 37, -128, 30, -128, 21, -128, 11, -128, 1, -128, -7, -128, -12, -128, -13, -128, -12, -116, -7, -105, 2, -97, 10, -95, 18, -96, 23, -100, 27, -106, 27, -111, 24, -13, -74, -15, -78, -19, -84, -22, -90, -24, -98, -27, -107, -30, -113, -34, -117, -37, -121, -41, -127, -48, -128, -54, -128, -60, -128, -68, -128, -77, -128, -87, -128, -97, -128, -108, -128, -115, -128, -118, -128, -120, -128, -118, -128, -114, -128, -105, -128, -93, -128, -83, -128]",esp32_1
CSI_DATA,47984,2025-07-23 16:15:47.486,0,stand,00:00:00:00:00:00,-72,11,0,0,0,0,0,0,0,0,0,-97,0,1,0,3650434037,0,14,0,0,0,104,0,"[0, 0, 80, -37, 92, -27, 105, -11, 117, 4, 127, 16, 127, 22, 127, 24, 127, 21, 127, 16, 127, 10, 127, 2, 127, -7, 127, -16, 127, -23, 127, -25, 127, -23, 127, -20, 122, -16, 106, -8, 90, 2, 73, 12, 58, 21, 45, 32, 33, 42, 24, 49, -47, -49, -52, -51, -55, -52, -60, -53, -65, -54, -67, -52, -69, -47, -71, -41, -69, -36, -63, -31, -54, -27, -43, -24, -32, -22, -20, -18, -5, -19, 10, -24, 23, -28, 36, -31, 44, -37, 52, -46, 60, -57, 66, -65, 68, -68, 68, -71, 70, -73, 75, -74]",esp32_2
CSI_DATA,149456,2025-07-23 16:15:47.505,0,stand,00:00:00:00:00:00,-62,11,0,0,0,0,0,0,0,0,0,-97,0,1,0,734711774,0,14,0,0,0,104,0,"[0, 0, -99, -79, -84, -50, -76, -21, -72, 10, -74, 38, -82, 63, -95, 82, -110, 93, -123, 98, -128, 100, -128, 99, -128, 93, -128, 83, -128, 70, -128, 61, -117, 57, -103, 55, -93, 55, -84, 58, -76, 61, -71, 66, -70, 72, -71, 76, -78, 77, -85, 76, -47, -64, -50, -68, -54, -72, -58, -75, -59, -79, -59, -80, -62, -79, -68, -76, -76, -73, -88, -72, -100, -71, -111, -69, -125, -69, -128, -71, -128, -77, -128, -84, -128, -93, -128, -100, -128, -106, -128, -113, -128, -123, -128, -128, -128, -128, -128, -128, -128, -128, -128, -128]",esp32_1
CSI_DATA,47985,2025-07-23 16:15:47.528,0,stand,00:00:00:00:00:00,-73,11,0,0,0,0,0,0,0,0,0,-97,0,1,0,3650458846,0,14,0,0,0,104,0,"[0, 0, -41, -128, -4, -128, 34, -128, 67, -128, 88, -128, 107, -128, 127, -128, 127, -128, 127, -128, 127, -128, 127, -128, 127, -128, 125, -128, 114, -128, 107, -128, 98, -128, 92, -128, 87, -128, 86, -128, 87, -102, 83, -68, 76, -39, 74, -13, 80, 15, 88, 35, -92, 90, -92, 95, -91, 101, -85, 108, -81, 117, -76, 126, -63, 127, -45, 127, -30, 125, -20, 112, -9, 92, 13, 67, 34, 40, 39, 13, 30, -13, 16, -44, 6, -78, 2, -105, -10, -128, -27, -128, -46, -128, -71, -128, -90, -128, -100, -128, -102, -128, -101, -128]",esp32_2
CSI_DATA,47986,2025-07-23 16:15:47.555,0,stand,00:00:00:00:00:00,-73,11,0,0,0,0,0,0,0,0,0,-97,0,1,0,3650484372,0,14,0,0,0,104,0,"[0, 0, -121, -77, -113, -100, -101, -128, -88, -128, -82, -128, -83, -128, -91, -128, -111, -128, -125, -128, -128, -128, -128, -128, -128, -128, -128, -128, -128, -128, -128, -128, -126, -128, -104, -128, -86, -128, -61, -128, -32, -128, -11, -102, 12, -79, 34, -61, 52, -48, 66, -39, 25, 124, 30, 122, 38, 126, 52, 127, 67, 122, 75, 118, 79, 109, 82, 95, 82, 81, 80, 65, 75, 46, 63, 26, 49, 4, 31, -14, 8, -28, -16, -40, -45, -49, -73, -54, -96, -60, -119, -58, -128, -53, -128, -49, -128, -40, -128, -37, -128, -45, -128, -51]",esp32_2
CSI_DATA,149458,2025-07-23 16:15:47.572,0,stand,00:00:00:00:00:00,-62,11,0,0,0,0,0,0,0,0,0,-97,0,1,0,734731846,0,14,0,0,0,104,0,"[0, 0, 27, 96, 38, 62, 54, 32, 70, 8, 86, -12, 105, -27, 122, -36, 127, -40, 127, -38, 127, -34, 127, -30, 127, -26, 127, -21, 121, -21, 104, -23, 86, -28, 73, -38, 63, -50, 57, -63, 53, -74, 53, -83, 55, -89, 62, -91, 72, -91, 80, -89, -48, 72, -53, 74, -59, 75, -64, 75, -66, 73, -65, 70, -61, 66, -50, 63, -35, 63, -18, 67, 1, 77, 20, 88, 37, 102, 53, 120, 67, 127, 76, 127, 83, 127, 86, 127, 86, 127, 83, 127, 76, 127, 68, 127, 59, 127, 47, 127, 36, 127, 29, 127]",esp32_1
CSI_DATA,47987,2025-07-23 16:15:47.587,0,stand,00:00:00:00:00:00,-74,11,0,0,0,0,0,0,0,0,0,-97,0,1,0,3650532209,0,14,0,0,0,104,0,"[0, 0, 89, 58, 50, 61, 3, 73, -46, 83, -88, 96, -128, 116, -128, 127, -128, 127, -128, 127, -128, 127, -128, 127, -128, 127, -128, 127, -128, 127, -128, 127, -128, 127, -128, 124, -128, 99, -128, 73, -124, 41, -88, 11, -55, -14, -26, -43, -2, -70, 19, -85, -79, -52, -88, -57, -92, -59, -96, -55, -105, -50, -109, -47, -106, -42, -105, -34, -101, -24, -89, -8, -77, 10, -70, 30, -64, 51, -54, 65, -33, 77, -3, 95, 27, 107, 54, 113, 76, 124, 99, 127, 124, 127, 127, 119, 127, 107, 127, 91, 127, 78, 127, 76]",esp32_2
CSI_DATA,149459,2025-07-23 16:15:47.592,0,stand,00:00:00:00:00:00,-63,11,0,0,0,0,0,0,0,0,0,-97,0,1,0,734741778,0,14,0,0,0,104,0,"[0, 0, -75, -62, -62, -21, -58, 18, -55, 54, -55, 86, -61, 113, -71, 127, -84, 127, -94, 127, -100, 127, -104, 127, -102, 127, -96, 118, -84, 100, -65, 83, -41, 71, -18, 64, 2, 62, 22, 64, 40, 69, 55, 77, 64, 88, 66, 99, 60, 110, 54, 119, 32, -91, 37, -96, 42, -103, 48, -105, 56, -104, 61, -98, 57, -89, 47, -80, 32, -73, 11, -68, -14, -66, -38, -64, -65, -67, -95, -75, -123, -86, -128, -99, -128, -116, -128, -128, -128, -128, -128, -128, -128, -128, -128, -128, -128, -128, -128, -128, -128, -128, -128, -128]",esp32_1
CSI_DATA,149460,2025-07-23 16:15:47.614,0,stand,00:00:00:00:00:00,-63,11,0,0,0,0,0,0,0,0,0,-97,0,1,0,734751959,0,14,0,0,0,104,0,"[0, 0, 65, -66, 21, -54, -21, -46, -59, -48, -93, -53, -121, -59, -128, -67, -128, -76, -128, -85, -128, -95, -128, -101, -128, -101, -128, -97, -110, -89, -89, -72, -70, -51, -55, -28, -47, -3, -42, 22, -43, 44, -49, 62, -57, 77, -67, 85, -80, 88, -90, 87, 72, 55, 77, 66, 79, 79, 81, 89, 80, 95, 76, 97, 69, 95, 63, 87, 60, 73, 59, 52, 58, 29, 58, 3, 67, -22, 81, -49, 94, -78, 105, -106, 121, -128, 127, -128, 127, -128, 127, -128, 127, -128, 127, -128, 127, -128, 127, -128, 127, -128, 127, -128]",esp32_1
CSI_DATA,47988,2025-07-23 16:15:47.620,0,stand,00:00:00:00:00:00,-73,11,0,0,0,0,0,0,0,0,0,-97,0,1,0,3650558397,0,14,0,0,0,104,0,"[0, 0, 30, -90, 50, -80, 76, -66, 99, -54, 120, -49, 127, -50, 127, -54, 127, -60, 127, -69, 127, -77, 127, -85, 127, -94, 127, -99, 127, -97, 127, -94, 127, -89, 127, -82, 127, -69, 109, -51, 88, -33, 69, -14, 55, 6, 42, 25, 30, 39, 25, 53, -68, 16, -73, 19, -74, 24, -73, 27, -70, 29, -64, 32, -57, 36, -50, 37, -41, 36, -34, 33, -25, 25, -10, 16, 1, 5, 10, -7, 15, -22, 21, -40, 28, -57, 29, -73, 25, -88, 22, -98, 19, -110, 15, -122, 9, -127, 3, -128, -2, -128, -4, -128]",esp32_2
CSI_DATA,149461,2025-07-23 16:15:47.642,0,stand,00:00:00:00:00:00,-63,11,0,0,0,0,0,0,0,0,0,-97,0,1,0,734761825,0,14,0,0,0,104,0,"[0, 0, -85, 10, -44, 25, -5, 42, 29, 66, 55, 91, 73, 115, 87, 127, 93, 127, 93, 127, 89, 127, 81, 127, 70, 127, 56, 127, 42, 127, 32, 122, 26, 94, 24, 68, 26, 42, 35, 17, 47, -4, 62, -19, 75, -30, 87, -34, 99, -32, 107, -30, -17, -84, -16, -95, -13, -109, -9, -120, -5, -126, -1, -127, 4, -123, 6, -117, 3, -106, -6, -91, -18, -75, -33, -58, -53, -40, -78, -24, -101, -7, -124, 7, -128, 18, -128, 23, -128, 24, -128, 24, -128, 21, -128, 16, -128, 11, -128, 6, -128, 0, -128, -5]",esp32_1
CSI_DATA,149462,2025-07-23 16:15:47.664,0,stand,00:00:00:00:00:00,-63,11,0,0,0,0,0,0,0,0,0,-97,0,1,0,734771802,0,14,0,0,0,104,0,"[0, 0, -54, -64, -37, -23, -28, 18, -19, 60, -14, 98, -16, 127, -23, 127, -33, 127, -43, 127, -52, 127, -60, 127, -66, 127, -70, 127, -70, 127, -64, 127, -53, 105, -39, 82, -20, 62, 2, 46, 24, 33, 45, 25, 64, 22, 79, 26, 90, 34, 97, 42, 63, -57, 74, -63, 85, -69, 95, -73, 105, -73, 112, -68, 114, -63, 110, -60, 100, -57, 84, -55, 63, -54, 38, -55, 11, -58, -16, -67, -43, -80, -68, -95, -92, -112, -117, -128, -128, -128, -128, -128, -128, -128, -128, -128, -128, -128, -128, -128, -128, -128, -122, -128]",esp32_1
CSI_DATA,149463,2025-07-23 16:15:47.685,0,stand,00:00:00:00:00:00,-62,11,0,0,0,0,0,0,0,0,0,-97,0,1,0,734794078,0,14,0,0,0,104,0,"[0, 0, 102, -5, 61, -19, 22, -37, -13, -62, -43, -87, -67, -111, -85, -128, -95, -128, -98, -128, -98, -128, -96, -128, -86, -128, -72, -128, -57, -128, -46, -128, -38, -128, -34, -123, -34, -99, -40, -76, -49, -55, -63, -38, -77, -25, -90, -18, -100, -18, -108, -19, 45, 68, 48, 81, 50, 98, 49, 114, 46, 127, 40, 127, 30, 127, 24, 127, 22, 127, 24, 119, 29, 102, 37, 82, 52, 61, 72, 40, 91, 19, 112, 1, 127, -13, 127, -24, 127, -29, 127, -31, 127, -29, 127, -23, 127, -16, 127, -11, 127, -4, 127, 4]",esp32_1
CSI_DATA,47990,2025-07-23 16:15:47.700,0,stand,00:00:00:00:00:00,-76,11,0,0,0,0,0,0,0,0,0,-97,0,1,0,3651262029,0,14,0,0,0,104,0,"[0, 0, 127, 127, 127, 127, 127, 127, 117, 127, 87, 127, 57, 127, 29, 127, -3, 127, -35, 127, -72, 127, -102, 127, -120, 127, -128, 127, -128, 127, -128, 127, -125, 127, -113, 127, -104, 127, -86, 127, -62, 127, -39, 127, -18, 110, 1, 72, 21, 26, 35, -17, -123, 17, -125, 23, -121, 36, -107, 50, -93, 67, -83, 87, -67, 103, -49, 116, -36, 119, -23, 111, -7, 100, 1, 88, -2, 81, -4, 77, 2, 64, 5, 52, 3, 53, -1, 52, -7, 49, -4, 58, 6, 68, 17, 76, 43, 87, 74, 97, 94, 106, 108, 116]",esp32_2
CSI_DATA,149464,2025-07-23 16:15:47.706,0,stand,00:00:00:00:00:00,-61,11,0,0,0,0,0,0,0,0,0,-97,0,1,0,734811840,0,14,0,0,0,104,0,"[0, 0, 45, -93, 17, -66, -15, -46, -47, -33, -80, -24, -112, -19, -128, -18, -128, -22, -128, -32, -128, -44, -128, -56, -128, -65, -128, -71, -128, -74, -128, -73, -128, -67, -116, -56, -100, -43, -89, -26, -82, -9, -81, 6, -82, 20, -85, 31, -92, 37, -98, 40, 63, -36, 75, -37, 90, -37, 106, -37, 120, -35, 127, -29, 127, -23, 127, -16, 127, -11, 127, -11, 113, -15, 98, -23, 88, -33, 78, -51, 65, -75, 53, -102, 51, -128, 53, -128, 57, -128, 63, -128, 72, -128, 84, -128, 96, -128, 103, -128, 105, -128, 103, -128]",esp32_1
CSI_DATA,149465,2025-07-23 16:15:47.732,0,stand,00:00:00:00:00:00,-61,11,0,0,0,0,0,0,0,0,0,-97,0,1,0,734848215,0,14,0,0,0,104,0,"[0, 0, 104, -11, 76, -26, 52, -44, 30, -67, 14, -90, 4, -113, -2, -128, -4, -128, -3, -128, 2, -128, 7, -128, 13, -128, 21, -128, 29, -128, 32, -128, 34, -128, 34, -128, 31, -128, 26, -128, 18, -122, 11, -119, 6, -117, 3, -115, 3, -114, 5, -115, 67, 0, 78, 1, 94, 5, 107, 13, 116, 22, 116, 32, 117, 40, 119, 44, 120, 44, 120, 41, 119, 34, 120, 24, 127, 12, 127, -2, 127, -15, 127, -24, 127, -32, 127, -37, 127, -37, 127, -34, 127, -30, 127, -23, 127, -14, 127, -5, 127, 3, 127, 11]",esp32_1
CSI_DATA,47991,2025-07-23 16:15:47.732,0,stand,00:00:00:00:00:00,-76,11,0,0,0,0,0,0,0,0,0,-97,0,1,0,3651270503,0,14,0,0,0,104,0,"[0, 0, -128, -47, -128, -50, -128, -55, -128, -71, -128, -93, -128, -114, -123, -128, -104, -128, -82, -128, -60, -128, -45, -128, -37, -128, -29, -128, -24, -128, -27, -128, -34, -128, -38, -128, -42, -128, -44, -128, -43, -128, -44, -128, -43, -107, -43, -57, -44, -16, -44, 14, 97, -85, 86, -94, 71, -107, 55, -118, 36, -128, 13, -128, -13, -128, -28, -126, -37, -114, -52, -112, -61, -102, -58, -80, -51, -60, -41, -49, -40, -44, -48, -43, -51, -41, -43, -40, -37, -37, -46, -40, -62, -46, -79, -51, -104, -56, -128, -55, -128, -56, -128, -61]",esp32_2
CSI_DATA,149466,2025-07-23 16:15:47.754,0,stand,00:00:00:00:00:00,-62,11,0,0,0,0,0,0,0,0,0,-97,0,1,0,734899235,0,14,0,0,0,104,0,"[0, 0, -111, 65, -77, 59, -41, 58, -10, 66, 17, 78, 42, 91, 61, 107, 74, 122, 81, 127, 81, 127, 77, 127, 72, 127, 63, 127, 51, 127, 43, 127, 35, 127, 30, 127, 29, 127, 32, 121, 36, 111, 40, 105, 44, 103, 47, 102, 48, 106, 47, 109, -47, 31, -56, 38, -70, 43, -83, 47, -93, 52, -102, 52, -110, 49, -116, 48, -122, 48, -128, 49, -126, 53, -121, 57, -122, 64, -126, 74, -126, 88, -124, 102, -128, 118, -128, 127, -128, 127, -128, 127, -128, 127, -128, 127, -128, 127, -128, 127, -128, 126, -128, 111]",esp32_1
CSI_DATA,47992,2025-07-23 16:15:47.761,0,stand,00:00:00:00:00:00,-76,11,0,0,0,0,0,0,0,0,0,-97,0,1,0,3651280161,0,14,0,0,0,104,0,"[0, 0, -92, -128, -87, -128, -71, -128, -54, -128, -29, -128, 5, -128, 47, -128, 83, -128, 113, -128, 127, -128, 127, -128, 127, -128, 127, -128, 127, -128, 127, -128, 127, -128, 127, -128, 127, -128, 127, -128, 127, -128, 110, -123, 68, -94, 24, -66, -15, -36, -42, -17, 123, 27, 125, 6, 122, -19, 120, -38, 116, -54, 104, -68, 89, -83, 80, -95, 73, -103, 57, -109, 36, -107, 30, -98, 33, -84, 25, -73, 12, -69, 7, -62, 11, -56, 10, -56, 11, -57, 18, -61, 18, -77, 10, -99, -6, -119, -26, -128, -42, -128, -56, -128]",esp32_2
CSI_DATA,149467,2025-07-23 16:15:47.775,0,stand,00:00:00:00:00:00,-62,11,0,0,0,0,0,0,0,0,0,-97,0,1,0,734921011,0,14,0,0,0,104,0,"[0, 0, -1, 127, 9, 101, 29, 62, 52, 33, 78, 11, 106, -6, 127, -16, 127, -19, 127, -21, 127, -17, 127, -5, 127, 10, 127, 24, 127, 34, 127, 39, 127, 40, 127, 36, 127, 31, 127, 24, 121, 14, 116, 4, 115, -7, 117, -15, 122, -15, 127, -11, -2, 67, 0, 76, 2, 88, 1, 102, -2, 118, -7, 127, -12, 127, -18, 127, -22, 127, -19, 127, -11, 127, -3, 127, 2, 127, 7, 127, 17, 127, 29, 127, 43, 127, 54, 127, 59, 127, 58, 127, 55, 127, 52, 127, 50, 127, 45, 127, 34, 127, 24, 127]",esp32_1
CSI_DATA,149468,2025-07-23 16:15:47.793,0,stand,00:00:00:00:00:00,-62,11,0,0,0,0,0,0,0,0,0,-97,0,1,0,734946788,0,14,0,0,0,104,0,"[0, 0, -60, 100, -35, 77, -3, 57, 27, 47, 55, 41, 82, 39, 109, 41, 127, 48, 127, 59, 127, 70, 127, 81, 127, 88, 127, 92, 127, 92, 126, 88, 114, 82, 105, 74, 98, 62, 94, 51, 93, 41, 93, 35, 96, 31, 99, 29, 102, 32, 104, 33, -43, 50, -50, 56, -59, 62, -69, 67, -78, 72, -83, 75, -86, 77, -88, 78, -89, 80, -88, 82, -82, 87, -74, 93, -68, 100, -63, 114, -55, 127, -50, 127, -49, 127, -53, 127, -57, 127, -62, 127, -70, 127, -81, 127, -93, 127, -102, 127, -104, 127, -103, 127]",esp32_1
CSI_DATA,47993,2025-07-23 16:15:47.793,0,stand,00:00:00:00:00:00,-76,11,0,0,0,0,0,0,0,0,0,-97,0,1,0,3651289526,0,14,0,0,0,104,0,"[0, 0, -128, -24, -128, -31, -128, -35, -128, -40, -128, -53, -128, -77, -125, -112, -102, -128, -80, -128, -64, -128, -52, -128, -45, -128, -42, -128, -31, -128, -20, -128, -22, -128, -28, -128, -32, -128, -41, -128, -52, -128, -52, -128, -45, -113, -44, -64, -47, -16, -49, 15, 63, -113, 54, -115, 39, -115, 19, -115, -6, -118, -29, -118, -45, -118, -56, -117, -64, -105, -72, -90, -78, -74, -77, -62, -71, -52, -65, -42, -60, -40, -55, -44, -51, -43, -47, -40, -52, -40, -71, -40, -90, -42, -101, -45, -114, -43, -128, -37, -128, -34, -128, -35]",esp32_2
CSI_DATA,149469,2025-07-23 16:15:47.822,0,stand,00:00:00:00:00:00,-62,11,0,0,0,0,0,0,0,0,0,-97,0,1,0,734981381,0,14,0,0,0,104,0,"[0, 0, -97, 63, -59, 51, -20, 45, 16, 49, 49, 56, 78, 64, 102, 76, 120, 90, 127, 104, 127, 119, 124, 127, 119, 127, 111, 127, 98, 127, 86, 115, 76, 100, 70, 81, 70, 63, 74, 47, 79, 33, 86, 24, 96, 21, 104, 23, 110, 29, 114, 35, -69, 8, -79, 8, -91, 5, -103, 4, -111, 3, -116, 2, -120, 0, -123, 1, -121, 4, -119, 7, -116, 16, -113, 27, -113, 39, -115, 57, -115, 80, -116, 103, -124, 125, -128, 127, -128, 127, -128, 127, -128, 127, -128, 127, -128, 127, -128, 127, -128, 127, -128, 113]",esp32_1
CSI_DATA,47994,2025-07-23 16:15:47.826,0,stand,00:00:00:00:00:00,-76,11,0,0,0,0,0,0,0,0,0,-97,0,1,0,3651299556,0,14,0,0,0,104,0,"[0, 0, -9, 127, -8, 127, -18, 127, -35, 127, -50, 127, -73, 127, -108, 120, -128, 93, -128, 70, -128, 60, -128, 52, -128, 41, -128, 30, -128, 20, -128, 15, -128, 15, -128, 13, -128, 17, -128, 27, -128, 36, -128, 43, -112, 46, -63, 52, -17, 52, 20, 47, -118, -42, -116, -34, -117, -19, -120, 2, -115, 25, -109, 44, -105, 59, -98, 73, -89, 81, -77, 81, -66, 82, -58, 84, -49, 84, -43, 82, -44, 73, -43, 65, -47, 62, -52, 60, -51, 63, -50, 68, -50, 77, -56, 98, -60, 127, -55, 127, -42, 127, -27, 127]",esp32_2
CSI_DATA,149470,2025-07-23 16:15:47.837,0,stand,00:00:00:00:00:00,-62,11,0,0,0,0,0,0,0,0,0,-97,0,1,0,735007635,0,14,0,0,0,104,0,"[0, 0, -112, 16, -66, 22, -31, 32, 0, 49, 32, 66, 57, 88, 77, 107, 92, 125, 89, 127, 79, 127, 75, 127, 70, 127, 66, 127, 63, 127, 58, 120, 54, 103, 51, 82, 54, 63, 65, 51, 77, 41, 90, 34, 100, 34, 105, 37, 110, 44, 113, 50, -66, -42, -71, -48, -78, -57, -85, -64, -89, -70, -87, -71, -87, -73, -89, -72, -90, -66, -90, -60, -88, -48, -93, -28, -108, -8, -122, 11, -128, 34, -128, 58, -128, 77, -128, 87, -128, 89, -128, 90, -128, 92, -128, 88, -128, 71, -128, 50, -128, 32, -128, 18]",esp32_1
CSI_DATA,47995,2025-07-23 16:15:47.860,0,stand,00:00:00:00:00:00,-76,11,0,0,0,0,0,0,0,0,0,-97,0,1,0,3651310080,0,14,0,44,100,104,0,"[0, 0, 127, 5, 127, 5, 127, 8, 127, 17, 127, 34, 127, 60, 127, 96, 93, 127, 60, 127, 40, 127, 23, 127, 6, 127, -6, 127, -20, 127, -29, 127, -31, 127, -28, 127, -15, 127, -1, 127, 8, 127, 19, 127, 35, 127, 53, 82, 68, 29, 74, -10, -6, 123, 8, 125, 26, 123, 50, 116, 69, 112, 83, 106, 94, 95, 104, 79, 111, 63, 117, 55, 116, 52, 99, 46, 82, 39, 75, 35, 68, 36, 61, 45, 64, 50, 72, 48, 76, 46, 83, 52, 94, 52, 116, 47, 127, 45, 127, 43, 127, 45, 127, 48]",esp32_2
CSI_DATA,149471,2025-07-23 16:15:47.866,0,stand,00:00:00:00:00:00,-62,11,0,0,0,0,0,0,0,0,0,-97,0,1,0,735043711,0,14,0,0,0,104,0,"[0, 0, -54, 95, -20, 82, 15, 74, 43, 74, 66, 79, 88, 84, 108, 92, 122, 99, 127, 104, 127, 109, 123, 113, 114, 114, 105, 109, 96, 100, 87, 87, 79, 71, 75, 54, 76, 38, 82, 24, 89, 13, 97, 6, 106, 4, 113, 5, 120, 11, 124, 19, -80, 45, -89, 41, -100, 34, -110, 29, -115, 26, -115, 22, -111, 18, -106, 17, -98, 21, -87, 32, -74, 48, -63, 64, -58, 83, -55, 108, -54, 127, -57, 127, -66, 127, -79, 127, -94, 127, -110, 127, -125, 127, -128, 127, -128, 127, -128, 127, -128, 127, -128, 127]",esp32_1
CSI_DATA,149472,2025-07-23 16:15:47.888,0,stand,00:00:00:00:00:00,-62,11,0,0,0,0,0,0,0,0,0,-97,0,1,0,735069528,0,14,0,0,0,104,0,"[0, 0, -59, -70, -55, -31, -57, 6, -62, 41, -68, 72, -78, 96, -96, 113, -114, 122, -126, 124, -128, 122, -128, 117, -128, 109, -128, 96, -119, 81, -102, 67, -80, 58, -58, 53, -35, 52, -16, 57, 1, 64, 15, 73, 22, 83, 23, 95, 18, 106, 11, 114, 18, -87, 24, -95, 31, -105, 39, -110, 50, -111, 57, -108, 58, -103, 56, -97, 47, -90, 31, -83, 12, -82, -9, -81, -34, -81, -59, -86, -84, -98, -105, -113, -126, -128, -128, -128, -128, -128, -128, -128, -128, -128, -128, -128, -128, -128, -128, -128, -122, -128, -107, -128]",esp32_1
CSI_DATA,149473,2025-07-23 16:15:47.910,0,stand,00:00:00:00:00:00,-62,11,0,0,0,0,0,0,0,0,0,-97,0,1,0,735116591,0,14,0,0,0,104,0,"[0, 0, 86, 26, 58, 2, 37, -27, 12, -62, -12, -93, -30, -121, -39, -128, -38, -128, -23, -128, -9, -128, -1, -128, 1, -128, -1, -128, 1, -128, 2, -128, 1, -123, -5, -104, -17, -83, -32, -62, -47, -46, -63, -35, -74, -34, -84, -40, -94, -46, -101, -50, 12, 74, 12, 89, 10, 104, 6, 117, 0, 127, -7, 127, -9, 127, -11, 125, -10, 116, -8, 104, -2, 92, 14, 79, 40, 67, 71, 56, 102, 45, 127, 38, 127, 37, 127, 42, 127, 46, 127, 47, 127, 52, 127, 64, 127, 85, 127, 102, 127, 106, 127, 104]",esp32_1
CSI_DATA,149474,2025-07-23 16:15:47.933,0,stand,00:00:00:00:00:00,-62,11,0,0,0,0,0,0,0,0,0,-97,0,1,0,735164156,0,14,0,0,0,104,0,"[0, 0, 42, -125, 13, -82, -20, -41, -54, -13, -90, 9, -128, 26, -128, 37, -128, 41, -128, 36, -128, 26, -128, 15, -128, 3, -128, -7, -128, -17, -128, -22, -128, -20, -127, -11, -103, 2, -84, 19, -71, 38, -64, 58, -61, 76, -62, 91, -71, 102, -79, 108, 81, -43, 94, -45, 111, -44, 125, -43, 127, -41, 127, -37, 127, -31, 127, -28, 127, -28, 127, -34, 111, -46, 94, -60, 82, -76, 72, -100, 57, -128, 42, -128, 35, -128, 35, -128, 38, -128, 44, -128, 52, -128, 61, -128, 69, -128, 75, -128, 80, -128, 85, -128]",esp32_1
CSI_DATA,47997,2025-07-23 16:15:47.933,0,stand,00:00:00:00:00:00,-76,11,0,0,0,0,0,0,0,0,0,-97,0,1,0,3651329881,0,14,0,0,0,104,0,"[0, 0, 127, -57, 127, -65, 127, -54, 127, -33, 127, -9, 127, 20, 127, 59, 120, 100, 90, 127, 63, 127, 42, 127, 23, 127, 0, 127, -20, 127, -23, 127, -21, 127, -24, 127, -23, 127, -12, 127, 2, 127, 21, 127, 39, 127, 56, 99, 77, 51, 89, 18, 71, 89, 82, 84, 97, 67, 105, 46, 111, 32, 119, 18, 127, 7, 127, 7, 127, 5, 127, -7, 117, -10, 112, -9, 100, -13, 94, -10, 90, 3, 84, 13, 91, 20, 98, 25, 99, 29, 111, 33, 127, 29, 127, 17, 127, 2, 127, -18, 127, -42, 127, -61]",esp32_2
CSI_DATA,149475,2025-07-23 16:15:47.955,0,stand,00:00:00:00:00:00,-61,11,0,0,0,0,0,0,0,0,0,-97,0,1,0,735191449,0,14,0,0,0,104,0,"[0, 0, -12, 79, 13, 52, 44, 27, 73, 9, 99, -3, 125, -11, 127, -12, 127, -10, 127, -4, 127, 5, 127, 13, 127, 20, 127, 23, 127, 22, 126, 18, 107, 10, 90, -3, 77, -18, 68, -33, 61, -47, 58, -58, 62, -68, 68, -75, 75, -78, 82, -77, -66, 47, -75, 50, -87, 50, -98, 48, -107, 44, -111, 41, -111, 37, -106, 34, -98, 36, -85, 41, -70, 51, -55, 63, -44, 77, -34, 96, -23, 121, -16, 127, -15, 127, -17, 127, -19, 127, -25, 127, -33, 127, -43, 127, -54, 127, -61, 127, -63, 127, -61, 127]",esp32_1
CSI_DATA,47998,2025-07-23 16:15:47.965,0,stand,00:00:00:00:00:00,-76,11,0,0,0,0,0,0,0,0,0,-97,0,1,0,3651339524,0,14,0,0,0,104,0,"[0, 0, 127, -128, 127, -128, 127, -128, 127, -128, 127, -128, 127, -93, 127, -49, 127, -2, 127, 55, 127, 103, 127, 127, 127, 127, 127, 127, 127, 127, 127, 127, 127, 127, 127, 127, 127, 127, 127, 127, 127, 127, 127, 127, 124, 93, 116, 42, 100, 1, 85, -30, 114, 4, 116, -13, 108, -28, 101, -40, 102, -58, 101, -73, 96, -83, 93, -89, 86, -93, 75, -95, 72, -89, 75, -87, 75, -82, 74, -67, 74, -51, 81, -37, 92, -24, 104, -26, 114, -37, 123, -41, 127, -50, 127, -75, 127, -107, 127, -128, 127, -128, 127, -128]",esp32_2
CSI_DATA,149476,2025-07-23 16:15:47.980,0,stand,00:00:00:00:00:00,-62,11,0,0,0,0,0,0,0,0,0,-97,0,1,0,735214227,0,14,0,0,0,104,0,"[0, 0, 55, -54, 10, -47, -32, -47, -68, -57, -99, -66, -125, -77, -128, -90, -128, -101, -128, -110, -128, -118, -128, -124, -128, -125, -128, -120, -118, -109, -103, -92, -91, -71, -80, -49, -74, -27, -74, -6, -80, 12, -89, 26, -97, 36, -103, 42, -112, 41, -119, 36, 85, 17, 95, 25, 105, 38, 113, 51, 118, 61, 116, 68, 109, 74, 103, 74, 96, 66, 89, 51, 82, 29, 80, 5, 85, -19, 94, -46, 102, -75, 113, -102, 127, -128, 127, -128, 127, -128, 127, -128, 127, -128, 127, -128, 127, -128, 127, -128, 127, -115, 127, -100]",esp32_1
CSI_DATA,149477,2025-07-23 16:15:47.997,0,stand,00:00:00:00:00:00,-62,11,0,0,0,0,0,0,0,0,0,-97,0,1,0,735239069,0,14,0,0,0,104,0,"[0, 0, 81, 34, 56, 5, 38, -26, 23, -59, 11, -91, 6, -119, 8, -128, 15, -128, 23, -128, 32, -128, 39, -128, 45, -128, 51, -128, 54, -128, 50, -128, 39, -110, 27, -91, 12, -77, -5, -68, -22, -62, -40, -62, -54, -65, -61, -71, -64, -80, -65, -87, 21, 69, 23, 80, 23, 94, 21, 107, 16, 117, 9, 120, 3, 119, -1, 115, 1, 108, 8, 98, 18, 87, 33, 73, 55, 60, 81, 51, 105, 46, 127, 44, 127, 46, 127, 50, 127, 57, 127, 67, 127, 78, 127, 88, 127, 97, 127, 100, 127, 99, 127, 97]",esp32_1
CSI_DATA,47999,2025-07-23 16:15:48.008,0,stand,00:00:00:00:00:00,-76,11,0,0,0,0,0,0,0,0,0,-97,0,1,0,3651349520,0,14,0,0,0,104,0,"[0, 0, -128, -128, -128, -128, -128, -128, -115, -128, -87, -128, -53, -128, -13, -128, 40, -128, 95, -112, 127, -92, 127, -79, 127, -70, 127, -62, 127, -58, 127, -55, 127, -48, 127, -48, 127, -56, 127, -60, 127, -61, 127, -66, 127, -78, 97, -91, 51, -99, 22, -109, 26, -119, 12, -109, -11, -109, -26, -119, -36, -122, -49, -110, -64, -102, -77, -102, -82, -106, -78, -102, -72, -84, -58, -80, -40, -80, -29, -79, -21, -89, -9, -96, 0, -102, -3, -116, -4, -125, -4, -128, -15, -128, -32, -128, -47, -128, -67, -128, -94, -128, -115, -128]",esp32_2
CSI_DATA,149478,2025-07-23 16:15:48.018,0,stand,00:00:00:00:00:00,-61,11,0,0,0,0,0,0,0,0,0,-97,0,1,0,735275280,0,14,0,0,0,104,0,"[0, 0, 76, 62, 65, 26, 62, -9, 60, -43, 62, -72, 68, -98, 78, -117, 91, -128, 101, -128, 107, -128, 111, -128, 113, -128, 113, -120, 107, -109, 95, -98, 81, -86, 65, -78, 49, -76, 32, -77, 16, -80, 3, -86, -5, -94, -8, -103, -3, -111, 3, -115, 17, 80, 16, 89, 15, 100, 10, 111, 1, 120, -9, 122, -17, 120, -19, 114, -15, 104, -4, 93, 11, 84, 30, 73, 53, 63, 78, 61, 103, 63, 127, 72, 127, 86, 127, 99, 127, 112, 127, 127, 127, 127, 127, 127, 127, 127, 127, 127, 127, 127, 127, 127]",esp32_1
CSI_DATA,48000,2025-07-23 16:15:48.040,0,stand,00:00:00:00:00:00,-77,11,0,0,0,0,0,0,0,0,0,-97,0,1,0,3651359732,0,14,0,0,0,104,0,"[0, 0, 127, 127, 127, 127, 127, 127, 127, 127, 98, 127, 59, 127, 15, 127, -37, 111, -90, 96, -128, 86, -128, 84, -128, 80, -128, 70, -128, 67, -128, 60, -128, 49, -128, 48, -128, 48, -128, 52, -128, 59, -128, 64, -128, 76, -108, 93, -69, 105, -42, 112, -4, 104, 10, 106, 27, 100, 45, 99, 63, 103, 70, 97, 75, 91, 89, 91, 96, 92, 84, 93, 72, 90, 60, 91, 42, 95, 30, 95, 21, 97, 10, 102, 8, 112, 9, 123, 5, 127, 3, 127, 9, 127, 25, 127, 55, 127, 84, 127, 107, 127, 124, 127]",esp32_2
CSI_DATA,149479,2025-07-23 16:15:48.044,0,stand,00:00:00:00:00:00,-61,11,0,0,0,0,0,0,0,0,0,-97,0,1,0,735301962,0,14,0,0,0,104,0,"[0, 0, -119, -20, -95, 12, -76, 45, -61, 80, -50, 113, -47, 127, -49, 127, -55, 127, -65, 127, -74, 127, -80, 127, -82, 127, -81, 127, -76, 127, -66, 127, -51, 111, -34, 96, -15, 85, 6, 81, 25, 82, 42, 87, 53, 95, 57, 107, 55, 118, 51, 127, -58, -86, -60, -98, -63, -115, -61, -128, -55, -128, -46, -128, -36, -128, -29, -128, -28, -122, -35, -106, -46, -89, -61, -70, -84, -51, -114, -34, -128, -22, -128, -18, -128, -20, -128, -26, -128, -33, -128, -44, -128, -58, -128, -73, -128, -88, -128, -94, -128, -93, -128, -92]",esp32_1
CSI_DATA,149480,2025-07-23 16:15:48.062,0,stand,00:00:00:00:00:00,-61,11,0,0,0,0,0,0,0,0,0,-97,0,1,0,735337462,0,14,0,0,0,104,0,"[0, 0, -73, -66, -68, -27, -70, 8, -74, 41, -80, 70, -89, 93, -102, 110, -116, 121, -124, 127, -126, 127, -126, 125, -125, 115, -122, 101, -113, 86, -95, 74, -74, 65, -53, 59, -31, 58, -11, 62, 5, 67, 19, 76, 31, 88, 35, 99, 30, 111, 24, 117, 13, -90, 18, -100, 23, -112, 32, -121, 44, -125, 55, -124, 62, -118, 64, -111, 59, -101, 44, -91, 23, -81, -2, -70, -29, -64, -58, -67, -86, -75, -113, -88, -128, -107, -128, -124, -128, -128, -128, -128, -128, -128, -128, -128, -128, -128, -128, -128, -128, -128, -128, -128]",esp32_1
CSI_DATA,48001,2025-07-23 16:15:48.062,0,stand,00:00:00:00:00:00,-76,11,0,0,0,0,0,0,0,0,0,-97,0,1,0,3651369571,0,14,0,0,0,104,0,"[0, 0, 127, 127, 127, 127, 127, 127, 127, 127, 100, 127, 60, 127, 21, 112, -22, 96, -75, 85, -123, 72, -128, 58, -128, 50, -128, 45, -128, 39, -128, 32, -128, 25, -128, 22, -128, 22, -128, 24, -128, 33, -128, 44, -128, 56, -115, 68, -78, 84, -53, 99, 27, 89, 33, 93, 42, 88, 55, 79, 72, 73, 85, 65, 89, 55, 92, 51, 94, 51, 91, 54, 84, 55, 71, 60, 55, 72, 45, 78, 40, 83, 33, 94, 23, 107, 16, 117, 14, 127, 15, 127, 19, 127, 30, 127, 54, 127, 82, 127, 109, 127, 127, 127]",esp32_2
CSI_DATA,149481,2025-07-23 16:15:48.091,0,stand,00:00:00:00:00:00,-61,11,0,0,0,0,0,0,0,0,0,-97,0,1,0,735383729,0,14,0,0,0,104,0,"[0, 0, 18, 104, 35, 66, 56, 40, 73, 13, 91, -15, 114, -32, 127, -43, 127, -48, 127, -41, 127, -29, 127, -22, 127, -16, 127, -13, 127, -15, 123, -14, 100, -15, 77, -20, 54, -30, 37, -46, 24, -60, 17, -76, 19, -91, 27, -100, 35, -108, 41, -112, -73, 56, -81, 60, -93, 65, -106, 68, -116, 66, -119, 61, -121, 57, -119, 51, -110, 48, -99, 44, -81, 44, -58, 52, -35, 64, -13, 80, 8, 104, 26, 127, 38, 127, 47, 127, 54, 127, 57, 127, 55, 127, 48, 127, 27, 127, 5, 127, -5, 127, -7, 127]",esp32_1
CSI_DATA,149482,2025-07-23 16:15:48.111,0,stand,00:00:00:00:00:00,-61,11,0,0,0,0,0,0,0,0,0,-97,0,1,0,735408594,0,14,0,0,0,104,0,"[0, 0, -70, -86, -67, -49, -70, -13, -77, 20, -86, 50, -98, 75, -112, 90, -127, 98, -128, 99, -128, 96, -128, 93, -128, 88, -128, 77, -128, 66, -109, 58, -86, 52, -64, 50, -44, 54, -26, 61, -12, 69, -2, 81, 3, 92, 3, 103, -2, 113, -7, 119, 19, -84, 23, -94, 29, -105, 38, -114, 49, -119, 58, -119, 63, -114, 64, -108, 59, -99, 46, -89, 30, -83, 9, -78, -15, -75, -44, -78, -74, -87, -100, -101, -124, -120, -128, -128, -128, -128, -128, -128, -128, -128, -128, -128, -128, -128, -128, -128, -123, -128, -110, -128]",esp32_1
CSI_DATA,149483,2025-07-23 16:15:48.133,0,stand,00:00:00:00:00:00,-61,11,0,0,0,0,0,0,0,0,0,-97,0,1,0,735444563,0,14,0,0,0,104,0,"[0, 0, -128, 13, -95, 28, -62, 49, -37, 76, -20, 103, -8, 126, -2, 127, -3, 127, -4, 127, -11, 127, -20, 127, -26, 127, -31, 127, -33, 127, -29, 124, -20, 104, -8, 86, 7, 74, 24, 66, 41, 64, 56, 65, 68, 66, 74, 73, 75, 85, 75, 95, -77, -44, -86, -54, -94, -67, -100, -80, -101, -91, -95, -97, -88, -99, -82, -98, -75, -92, -71, -78, -70, -61, -74, -39, -86, -15, -107, 7, -128, 28, -128, 43, -128, 54, -128, 62, -128, 67, -128, 65, -128, 57, -128, 44, -128, 30, -128, 18, -128, 8, -128, 1]",esp32_1
CSI_DATA,48003,2025-07-23 16:15:48.141,0,stand,00:00:00:00:00:00,-76,11,0,0,0,0,0,0,0,0,0,-97,0,1,0,3651390050,0,14,0,0,0,104,0,"[0, 0, -128, -40, -128, -37, -128, -37, -128, -45, -128, -56, -128, -60, -89, -68, -49, -85, -3, -107, 57, -128, 112, -128, 127, -128, 127, -128, 127, -128, 127, -128, 127, -128, 127, -128, 127, -128, 127, -128, 127, -128, 127, -128, 124, -128, 78, -128, 39, -128, 12, -128, -95, -39, -94, -31, -97, -18, -100, -6, -102, 5, -108, 16, -110, 24, -116, 31, -119, 35, -111, 31, -102, 22, -90, 1, -80, -19, -75, -24, -73, -38, -72, -64, -71, -86, -75, -100, -86, -104, -101, -107, -120, -113, -128, -111, -128, -101, -128, -84, -128, -73, -128, -72]",esp32_2
CSI_DATA,149484,2025-07-23 16:15:48.155,0,stand,00:00:00:00:00:00,-61,11,0,0,0,0,0,0,0,0,0,-97,0,1,0,735470474,0,14,0,0,0,104,0,"[0, 0, 109, 45, 85, 16, 68, -17, 56, -51, 48, -82, 45, -109, 48, -128, 56, -128, 64, -128, 72, -128, 78, -128, 81, -128, 82, -128, 79, -127, 70, -110, 54, -92, 37, -79, 19, -73, 0, -70, -18, -71, -33, -77, -44, -83, -48, -92, -47, -104, -44, -113, 42, 77, 44, 86, 46, 98, 45, 110, 40, 120, 32, 126, 25, 126, 22, 122, 21, 113, 25, 98, 35, 83, 49, 68, 67, 52, 93, 39, 120, 31, 127, 29, 127, 32, 127, 36, 127, 41, 127, 51, 127, 65, 127, 80, 127, 91, 127, 95, 127, 98, 127, 99]",esp32_1
CSI_DATA,48004,2025-07-23 16:15:48.174,0,stand,00:00:00:00:00:00,-76,11,0,0,0,0,0,0,0,0,0,-97,0,1,0,3651399581,0,14,0,0,0,104,0,"[0, 0, 127, -128, 127, -128, 127, -128, 127, -128, 120, -128, 108, -105, 101, -52, 86, -3, 71, 43, 69, 97, 68, 127, 59, 127, 47, 127, 36, 127, 26, 127, 20, 127, 16, 127, 15, 127, 17, 127, 22, 127, 34, 127, 47, 127, 62, 127, 85, 114, 108, 89, 47, -82, 38, -87, 25, -92, 14, -97, 2, -102, -1, -107, 4, -111, 1, -113, -5, -111, -3, -108, 8, -103, 18, -95, 30, -86, 49, -75, 66, -65, 81, -55, 100, -44, 120, -40, 127, -46, 127, -59, 127, -74, 127, -88, 127, -114, 127, -128, 127, -128, 127, -128]",esp32_2
CSI_DATA,48005,2025-07-23 16:15:48.196,0,stand,00:00:00:00:00:00,-76,11,0,0,0,0,0,0,0,0,0,-97,0,1,0,3651409522,0,14,0,0,0,104,0,"[0, 0, 61, -128, 62, -128, 63, -128, 60, -128, 55, -128, 58, -128, 71, -86, 79, -41, 87, 4, 108, 56, 127, 111, 127, 127, 127, 127, 127, 127, 127, 127, 127, 127, 127, 127, 127, 127, 127, 127, 127, 127, 127, 127, 127, 127, 127, 99, 127, 60, 127, 30, 31, -101, 18, -94, 4, -91, -11, -95, -23, -99, -28, -99, -30, -97, -29, -97, -25, -102, -18, -101, -10, -87, -3, -83, 11, -85, 30, -76, 45, -66, 60, -62, 85, -65, 111, -71, 124, -75, 127, -86, 127, -103, 127, -126, 120, -128, 115, -128, 108, -128, 104, -128]",esp32_2
CSI_DATA,149486,2025-07-23 16:15:48.207,0,stand,00:00:00:00:00:00,-61,11,0,0,0,0,0,0,0,0,0,-97,0,1,0,735533210,0,14,0,0,0,104,0,"[0, 0, -81, 91, -46, 81, -8, 75, 25, 77, 52, 80, 75, 87, 94, 96, 109, 105, 116, 112, 115, 120, 109, 126, 102, 127, 92, 122, 81, 111, 71, 95, 65, 76, 62, 55, 63, 36, 68, 19, 76, 7, 86, 0, 96, -4, 106, -3, 115, 2, 121, 8, -84, 21, -94, 19, -106, 12, -118, 7, -127, 1, -128, -6, -126, -12, -119, -16, -109, -14, -99, -5, -87, 10, -76, 29, -70, 49, -68, 73, -67, 101, -70, 127, -80, 127, -95, 127, -113, 127, -128, 127, -128, 127, -128, 127, -128, 127, -128, 127, -128, 127, -128, 127]",esp32_1
CSI_DATA,48006,2025-07-23 16:15:48.218,0,stand,00:00:00:00:00:00,-76,11,0,0,0,0,0,0,0,0,0,-97,0,1,0,3651422140,0,14,0,0,0,104,0,"[0, 0, -128, 127, -128, 127, -128, 127, -128, 127, -128, 127, -117, 92, -108, 46, -101, 1, -83, -50, -69, -102, -65, -128, -50, -128, -27, -128, -16, -128, -10, -128, -6, -128, -3, -128, -1, -128, -1, -128, -7, -128, -23, -128, -47, -128, -68, -128, -83, -127, -93, -106, -58, 85, -52, 82, -44, 84, -28, 89, -14, 96, -15, 104, -17, 110, -18, 112, -21, 112, -27, 103, -31, 89, -33, 76, -47, 58, -68, 45, -81, 37, -96, 21, -119, 8, -128, 8, -128, 12, -128, 18, -128, 30, -128, 47, -128, 69, -128, 99, -128, 127, -128, 127]",esp32_2
CSI_DATA,149487,2025-07-23 16:15:48.234,0,stand,00:00:00:00:00:00,-61,11,0,0,0,0,0,0,0,0,0,-97,0,1,0,735579571,0,14,0,0,0,104,0,"[0, 0, -118, 3, -87, 23, -61, 46, -39, 74, -24, 103, -15, 127, -11, 127, -12, 127, -17, 127, -23, 127, -28, 127, -30, 127, -31, 127, -30, 127, -24, 119, -13, 101, -1, 86, 15, 75, 32, 67, 48, 65, 63, 68, 74, 74, 78, 80, 77, 90, 75, 100, -60, -56, -67, -66, -76, -79, -79, -91, -78, -101, -73, -107, -67, -108, -61, -105, -58, -96, -60, -83, -64, -67, -70, -46, -84, -24, -105, -5, -127, 12, -128, 25, -128, 33, -128, 37, -128, 35, -128, 29, -128, 22, -128, 11, -128, -4, -128, -16, -128, -24, -128, -31]",esp32_1
CSI_DATA,48007,2025-07-23 16:15:48.240,0,stand,00:00:00:00:00:00,-77,11,0,0,0,0,0,0,0,0,0,-97,0,1,0,3651430592,0,14,0,0,0,104,0,"[0, 0, -128, -125, -128, -119, -128, -108, -128, -94, -128, -97, -128, -104, -77, -98, -27, -89, 22, -88, 76, -90, 127, -90, 127, -87, 127, -84, 127, -81, 127, -76, 127, -71, 127, -70, 127, -72, 127, -74, 127, -72, 127, -73, 127, -79, 127, -94, 103, -115, 83, -125, -80, -44, -83, -36, -88, -25, -94, -14, -97, -7, -103, 3, -113, 13, -116, 15, -110, 8, -99, -1, -87, -8, -75, -23, -61, -44, -51, -63, -44, -82, -36, -101, -31, -118, -32, -128, -33, -128, -42, -128, -61, -128, -84, -128, -107, -128, -128, -128, -128, -128, -128, -128]",esp32_2
CSI_DATA,149488,2025-07-23 16:15:48.250,0,stand,00:00:00:00:00:00,-61,11,0,0,0,0,0,0,0,0,0,-97,0,1,0,735627561,0,14,0,0,0,104,0,"[0, 0, -50, -97, -51, -56, -58, -22, -67, 12, -79, 43, -94, 65, -110, 80, -125, 89, -128, 91, -128, 89, -128, 88, -128, 83, -128, 74, -124, 65, -105, 56, -83, 51, -62, 50, -41, 53, -22, 59, -6, 68, 6, 81, 12, 95, 11, 106, 4, 115, -2, 121, 41, -70, 48, -78, 58, -88, 69, -94, 80, -96, 87, -92, 90, -86, 91, -82, 85, -77, 72, -71, 54, -68, 30, -68, 3, -74, -24, -83, -51, -97, -73, -115, -90, -128, -108, -128, -123, -128, -128, -128, -128, -128, -127, -128, -115, -128, -99, -128, -83, -128, -72, -128]",esp32_1
CSI_DATA,149489,2025-07-23 16:15:48.272,0,stand,00:00:00:00:00:00,-61,11,0,0,0,0,0,0,0,0,0,-97,0,1,0,735652154,0,14,0,0,0,104,0,"[0, 0, -63, 84, -29, 65, 9, 51, 42, 47, 71, 47, 98, 48, 123, 54, 127, 60, 127, 62, 127, 68, 127, 76, 127, 80, 127, 81, 116, 76, 99, 65, 83, 50, 70, 32, 61, 12, 58, -7, 61, -23, 67, -37, 74, -52, 82, -61, 94, -63, 104, -61, -81, 9, -91, 5, -102, -2, -114, -9, -125, -16, -128, -24, -124, -30, -119, -33, -109, -30, -96, -20, -83, -3, -70, 16, -62, 36, -59, 62, -56, 91, -58, 121, -66, 127, -79, 127, -94, 127, -111, 127, -127, 127, -128, 127, -128, 127, -128, 127, -128, 127, -128, 127]",esp32_1
CSI_DATA,48008,2025-07-23 16:15:48.272,0,stand,00:00:00:00:00:00,-76,11,0,0,0,0,0,0,0,0,0,-97,0,1,0,3651439914,0,14,0,0,0,104,0,"[0, 0, -128, -128, -128, -128, -128, -128, -128, -128, -128, -124, -97, -115, -54, -102, -8, -92, 37, -82, 90, -74, 127, -61, 127, -45, 127, -39, 127, -30, 127, -19, 127, -11, 127, -10, 127, -18, 127, -20, 127, -23, 127, -30, 127, -43, 127, -64, 127, -83, 102, -92, -81, -43, -90, -36, -95, -28, -101, -19, -108, -8, -110, 8, -110, 13, -108, 6, -100, 4, -93, 5, -89, -4, -82, -23, -66, -47, -48, -66, -36, -74, -26, -87, -16, -105, -13, -120, -21, -128, -31, -128, -43, -128, -63, -128, -85, -128, -106, -128, -128, -128, -128, -128]",esp32_2
CSI_DATA,48009,2025-07-23 16:15:48.294,0,stand,00:00:00:00:00:00,-76,11,0,0,0,0,0,0,0,0,0,-97,0,1,0,3651449557,0,14,0,0,0,104,0,"[0, 0, -128, 12, -128, 20, -128, 22, -128, 19, -128, 5, -128, -14, -109, -39, -69, -65, -19, -91, 33, -111, 81, -128, 124, -128, 127, -128, 127, -128, 127, -128, 127, -128, 127, -128, 127, -128, 127, -128, 127, -128, 127, -128, 127, -128, 116, -128, 84, -128, 56, -128, -91, 54, -84, 61, -74, 69, -68, 75, -61, 81, -57, 89, -56, 95, -55, 95, -58, 90, -58, 83, -55, 64, -57, 40, -61, 17, -70, -5, -80, -23, -87, -47, -97, -65, -104, -73, -114, -79, -128, -85, -128, -84, -128, -78, -128, -68, -128, -54, -128, -35, -128, -15]",esp32_2
CSI_DATA,149490,2025-07-23 16:15:48.304,0,stand,00:00:00:00:00:00,-61,11,0,0,0,0,0,0,0,0,0,-97,0,1,0,735677955,0,14,0,0,0,104,0,"[0, 0, 29, 107, 33, 67, 46, 29, 61, -4, 75, -32, 92, -54, 112, -70, 127, -80, 127, -84, 127, -82, 127, -77, 127, -69, 127, -58, 127, -49, 120, -42, 97, -37, 74, -37, 53, -43, 35, -53, 19, -64, 8, -77, 2, -89, 3, -102, 9, -114, 14, -121, -47, 67, -55, 74, -64, 83, -76, 88, -88, 90, -98, 89, -103, 85, -102, 79, -95, 73, -82, 67, -63, 67, -40, 68, -16, 71, 9, 82, 33, 98, 54, 119, 74, 127, 91, 127, 102, 127, 107, 127, 104, 127, 97, 127, 88, 127, 76, 127, 63, 127, 54, 127]",esp32_1
CSI_DATA,48010,2025-07-23 16:15:48.316,0,stand,00:00:00:00:00:00,-76,11,0,0,0,0,0,0,0,0,0,-97,0,1,0,3651461760,0,14,0,0,0,104,0,"[0, 0, 18, 127, 19, 127, 22, 127, 21, 127, 15, 127, -2, 127, -23, 119, -42, 73, -77, 32, -124, -4, -128, -41, -128, -90, -128, -128, -128, -128, -128, -128, -128, -128, -128, -128, -128, -128, -128, -128, -128, -128, -128, -128, -128, -108, -128, -65, -128, -28, -128, -4, 19, 98, 26, 99, 35, 95, 45, 95, 57, 101, 65, 94, 69, 78, 69, 68, 63, 76, 51, 100, 30, 107, 17, 103, 2, 107, -24, 101, -47, 85, -70, 79, -92, 84, -107, 89, -116, 99, -114, 113, -105, 127, -107, 127, -107, 127, -86, 127, -55, 127, -35, 127]",esp32_2
CSI_DATA,149491,2025-07-23 16:15:48.326,0,stand,00:00:00:00:00:00,-62,11,0,0,0,0,0,0,0,0,0,-97,0,1,0,735715047,0,14,0,0,0,104,0,"[0, 0, 62, 99, 53, 58, 54, 16, 57, -25, 62, -61, 72, -91, 87, -115, 103, -128, 115, -128, 123, -128, 127, -128, 127, -128, 127, -118, 122, -105, 105, -90, 84, -75, 62, -65, 40, -60, 18, -62, -4, -67, -22, -74, -33, -84, -38, -96, -39, -111, -37, -123, -36, 78, -41, 90, -49, 103, -59, 112, -71, 116, -81, 116, -88, 111, -90, 105, -84, 98, -71, 91, -52, 86, -27, 82, 1, 79, 30, 83, 60, 93, 87, 109, 113, 127, 127, 127, 127, 127, 127, 127, 127, 127, 127, 127, 127, 127, 127, 127, 127, 127, 119, 127]",esp32_1
CSI_DATA,149492,2025-07-23 16:15:48.348,0,stand,00:00:00:00:00:00,-62,11,0,0,0,0,0,0,0,0,0,-97,0,1,0,735738283,0,14,0,0,0,104,0,"[0, 0, 102, -69, 60, -60, 18, -57, -21, -64, -56, -73, -86, -83, -111, -97, -128, -109, -128, -120, -128, -128, -128, -128, -128, -128, -114, -128, -99, -128, -85, -114, -74, -93, -64, -69, -59, -45, -60, -22, -67, -4, -78, 12, -90, 24, -103, 29, -117, 28, -126, 24, 84, 25, 95, 32, 106, 43, 116, 55, 123, 66, 123, 76, 118, 81, 110, 82, 103, 76, 97, 64, 90, 46, 83, 22, 84, -2, 92, -30, 100, -62, 108, -94, 124, -122, 127, -128, 127, -128, 127, -128, 127, -128, 127, -128, 127, -128, 127, -128, 127, -128, 127, -118]",esp32_1
CSI_DATA,149493,2025-07-23 16:15:48.369,0,stand,00:00:00:00:00:00,-62,11,0,0,0,0,0,0,0,0,0,-97,0,1,0,735772250,0,14,0,0,0,104,0,"[0, 0, 111, -38, 71, -42, 32, -51, -3, -70, -31, -89, -54, -108, -70, -127, -79, -128, -83, -128, -85, -128, -84, -128, -79, -128, -66, -128, -49, -128, -41, -128, -39, -107, -38, -86, -41, -67, -49, -48, -62, -34, -76, -23, -88, -16, -101, -15, -116, -21, -126, -30, 78, 36, 88, 46, 97, 58, 105, 71, 108, 82, 105, 93, 97, 98, 89, 97, 81, 89, 77, 72, 77, 54, 80, 35, 88, 11, 105, -18, 118, -45, 127, -68, 127, -87, 127, -104, 127, -113, 127, -112, 127, -110, 127, -104, 127, -96, 127, -89, 127, -75, 127, -60]",esp32_1
CSI_DATA,48012,2025-07-23 16:15:48.391,0,stand,00:00:00:00:00:00,-75,11,0,0,0,0,0,0,0,0,0,-97,0,1,0,3651481439,0,14,0,0,0,104,0,"[0, 0, 127, 127, 127, 127, 127, 127, 112, 127, 91, 127, 62, 127, 28, 108, -11, 76, -53, 41, -94, 8, -128, -18, -128, -49, -128, -88, -128, -118, -128, -128, -128, -128, -128, -128, -128, -128, -128, -128, -128, -128, -128, -118, -128, -91, -128, -60, -128, -25, -128, -5, 96, 26, 98, 20, 97, 11, 99, 1, 105, -6, 109, -12, 109, -15, 105, -10, 97, -2, 86, 2, 74, 7, 60, 20, 44, 39, 26, 56, 13, 71, 3, 85, -12, 104, -25, 123, -33, 127, -33, 127, -20, 127, 0, 127, 20, 127, 42, 127, 69, 127, 90, 127]",esp32_2
CSI_DATA,149494,2025-07-23 16:15:48.393,0,stand,00:00:00:00:00:00,-62,11,0,0,0,0,0,0,0,0,0,-97,0,1,0,735796993,0,14,0,0,0,104,0,"[0, 0, -93, -65, -70, -33, -54, 0, -43, 36, -38, 69, -36, 97, -39, 122, -48, 127, -57, 127, -65, 127, -72, 127, -76, 127, -79, 127, -77, 127, -69, 113, -56, 95, -42, 80, -25, 71, -5, 67, 15, 65, 32, 68, 45, 75, 53, 83, 53, 95, 51, 106, -15, -83, -14, -95, -13, -110, -10, -121, -2, -128, 6, -128, 14, -128, 17, -126, 13, -117, 4, -106, -8, -95, -24, -82, -47, -70, -74, -63, -101, -62, -127, -63, -128, -68, -128, -76, -128, -86, -128, -100, -128, -115, -128, -128, -128, -128, -128, -128, -128, -128, -128, -128]",esp32_1
CSI_DATA,149495,2025-07-23 16:15:48.417,0,stand,00:00:00:00:00:00,-62,11,0,0,0,0,0,0,0,0,0,-97,0,1,0,735822856,0,14,0,0,0,104,0,"[0, 0, -38, 118, -13, 86, 21, 58, 51, 37, 80, 22, 108, 12, 127, 8, 127, 10, 127, 13, 127, 21, 127, 30, 127, 37, 127, 42, 127, 45, 127, 43, 111, 34, 94, 20, 82, 3, 72, -15, 66, -32, 66, -46, 69, -59, 77, -69, 89, -74, 98, -74, -75, 53, -86, 56, -99, 57, -112, 56, -123, 54, -128, 50, -127, 45, -122, 40, -113, 37, -101, 40, -85, 50, -67, 63, -52, 78, -39, 98, -26, 124, -15, 127, -11, 127, -11, 127, -15, 127, -22, 127, -32, 127, -43, 127, -55, 127, -64, 127, -68, 127, -70, 127]",esp32_1
CSI_DATA,48013,2025-07-23 16:15:48.417,0,stand,00:00:00:00:00:00,-75,11,0,0,0,0,0,0,0,0,0,-97,0,1,0,3651489534,0,14,0,0,0,104,0,"[0, 0, -128, -128, -128, -128, -128, -128, -128, -128, -119, -128, -84, -128, -42, -108, -2, -81, 40, -54, 85, -32, 127, -6, 127, 27, 127, 59, 127, 79, 127, 97, 127, 115, 127, 123, 127, 124, 127, 120, 127, 105, 127, 86, 127, 65, 127, 35, 127, 2, 127, -20, -101, -14, -100, -3, -95, 6, -97, 12, -104, 20, -104, 27, -98, 31, -96, 29, -96, 21, -92, 14, -81, 6, -63, -9, -45, -33, -30, -56, -19, -71, -8, -84, 0, -102, 4, -121, 5, -128, 1, -128, -8, -128, -25, -128, -49, -128, -74, -128, -104, -128, -128, -128]",esp32_2
CSI_DATA,149496,2025-07-23 16:15:48.436,0,stand,00:00:00:00:00:00,-63,11,0,0,0,0,0,0,0,0,0,-97,0,1,0,735869627,0,14,0,0,0,104,0,"[0, 0, -19, -116, -24, -81, -37, -47, -50, -13, -65, 15, -84, 37, -104, 54, -126, 63, -128, 63, -128, 60, -128, 55, -128, 49, -128, 41, -128, 33, -128, 28, -110, 25, -93, 27, -76, 32, -60, 40, -47, 52, -39, 64, -36, 76, -40, 85, -50, 94, -58, 99, 40, -75, 46, -82, 53, -86, 62, -91, 74, -95, 80, -93, 79, -91, 76, -89, 69, -86, 58, -84, 45, -86, 28, -88, 9, -93, -12, -104, -33, -120, -50, -128, -63, -128, -75, -128, -85, -128, -88, -128, -87, -128, -81, -128, -71, -128, -57, -128, -43, -128, -34, -128]",esp32_1
CSI_DATA,48014,2025-07-23 16:15:48.447,0,stand,00:00:00:00:00:00,-75,11,0,0,0,0,0,0,0,0,0,-97,0,1,0,3651499519,0,14,0,0,0,104,0,"[0, 0, 127, -110, 127, -116, 127, -108, 127, -92, 127, -70, 127, -43, 112, -12, 75, 22, 36, 53, -4, 83, -48, 120, -89, 127, -126, 127, -128, 127, -128, 127, -128, 127, -128, 127, -128, 127, -128, 127, -128, 127, -128, 127, -128, 127, -106, 127, -74, 127, -46, 127, 29, -91, 21, -98, 8, -99, -2, -98, -7, -99, -10, -101, -9, -103, -4, -106, 2, -104, 7, -92, 20, -77, 31, -61, 37, -36, 49, -14, 67, -5, 85, 12, 101, 37, 115, 47, 127, 42, 127, 37, 127, 34, 127, 22, 127, 3, 127, -20, 127, -44, 127, -63]",esp32_2
CSI_DATA,149497,2025-07-23 16:15:48.464,0,stand,00:00:00:00:00:00,-63,11,0,0,0,0,0,0,0,0,0,-97,0,1,0,735921494,0,14,0,0,0,104,0,"[0, 0, 100, -77, 63, -61, 27, -50, -9, -48, -44, -49, -77, -55, -106, -63, -128, -74, -128, -89, -128, -103, -128, -117, -128, -126, -128, -128, -114, -125, -98, -115, -84, -101, -72, -83, -63, -62, -63, -40, -68, -22, -77, -10, -88, -2, -99, 5, -110, 4, -116, -3, 89, -13, 98, -11, 109, -6, 120, 0, 127, 7, 127, 12, 127, 16, 122, 14, 116, 9, 111, 0, 105, -15, 98, -31, 97, -49, 98, -69, 97, -92, 98, -116, 106, -128, 120, -128, 127, -128, 127, -128, 127, -128, 127, -128, 127, -128, 127, -128, 127, -128, 127, -128]",esp32_1
CSI_DATA,48015,2025-07-23 16:15:48.475,0,stand,00:00:00:00:00:00,-76,11,0,0,0,0,0,0,0,0,0,-97,0,1,0,3651509501,0,14,0,0,0,104,0,"[0, 0, -128, -34, -128, -32, -128, -31, -128, -31, -128, -38, -128, -51, -94, -62, -55, -66, -8, -73, 46, -83, 96, -92, 127, -97, 127, -95, 127, -94, 127, -95, 127, -91, 127, -83, 127, -77, 127, -76, 127, -79, 127, -79, 127, -83, 127, -92, 124, -101, 105, -105, -83, 49, -77, 56, -74, 62, -71, 70, -65, 77, -63, 81, -61, 85, -62, 87, -64, 76, -62, 62, -58, 44, -56, 18, -56, -4, -60, -22, -58, -44, -53, -67, -56, -88, -65, -106, -78, -116, -92, -123, -109, -124, -128, -120, -128, -108, -128, -88, -128, -73, -128, -71]",esp32_2
CSI_DATA,149498,2025-07-23 16:15:48.486,0,stand,00:00:00:00:00:00,-62,11,0,0,0,0,0,0,0,0,0,-97,0,1,0,735941836,0,14,0,112,73,104,0,"[0, 0, 30, 119, 31, 82, 41, 48, 52, 15, 63, -16, 80, -40, 100, -56, 121, -69, 127, -77, 127, -77, 127, -72, 127, -60, 127, -46, 127, -38, 127, -29, 124, -21, 106, -20, 85, -25, 68, -34, 54, -44, 45, -55, 44, -69, 48, -80, 56, -88, 64, -91, -13, 87, -17, 93, -24, 103, -31, 111, -39, 117, -46, 118, -51, 116, -50, 109, -42, 106, -32, 107, -19, 109, -2, 106, 16, 102, 32, 105, 50, 115, 72, 127, 89, 127, 103, 127, 114, 127, 119, 127, 116, 127, 113, 127, 109, 127, 101, 127, 84, 127, 69, 127]",esp32_1
CSI_DATA,48016,2025-07-23 16:15:48.505,0,stand,00:00:00:00:00:00,-76,11,0,0,0,0,0,0,0,0,0,-97,0,1,0,3651519541,0,14,0,0,0,104,0,"[0, 0, -46, -128, -50, -128, -44, -128, -33, -128, -15, -128, 8, -128, 28, -127, 46, -80, 68, -30, 91, 23, 113, 75, 127, 123, 127, 127, 127, 127, 127, 127, 127, 127, 127, 127, 127, 127, 127, 127, 127, 127, 127, 127, 127, 127, 127, 127, 127, 112, 127, 88, -94, -50, -100, -43, -107, -38, -111, -38, -114, -38, -118, -32, -116, -27, -109, -26, -101, -28, -87, -31, -66, -39, -44, -50, -15, -58, 11, -63, 28, -69, 50, -76, 75, -89, 92, -102, 97, -112, 95, -128, 88, -128, 80, -128, 72, -128, 55, -128, 32, -128, 10, -128]",esp32_2
CSI_DATA,149499,2025-07-23 16:15:48.507,0,stand,00:00:00:00:00:00,-63,11,0,0,0,0,0,0,0,0,0,-97,0,1,0,735977852,0,14,0,0,0,104,0,"[0, 0, 102, 86, 78, 54, 62, 20, 50, -17, 42, -54, 42, -87, 50, -115, 61, -128, 73, -128, 84, -128, 94, -128, 102, -128, 109, -128, 113, -128, 107, -115, 93, -98, 76, -84, 59, -76, 40, -74, 20, -74, 3, -80, -9, -90, -14, -100, -11, -112, -6, -120, 32, 84, 35, 94, 37, 106, 34, 117, 30, 127, 24, 127, 18, 127, 16, 127, 20, 125, 27, 116, 37, 107, 52, 96, 70, 86, 91, 80, 114, 76, 127, 75, 127, 79, 127, 83, 127, 88, 127, 98, 127, 110, 127, 123, 127, 127, 127, 127, 127, 127, 127, 127]",esp32_1
CSI_DATA,149500,2025-07-23 16:15:48.529,0,stand,00:00:00:00:00:00,-63,11,0,0,0,0,0,0,0,0,0,-97,0,1,0,736002685,0,14,0,0,0,104,0,"[0, 0, -127, -33, -94, -14, -68, 6, -42, 34, -21, 66, -9, 96, -5, 123, -8, 127, -18, 127, -30, 127, -34, 127, -31, 127, -41, 127, -50, 127, -51, 127, -49, 122, -39, 104, -24, 90, -7, 81, 11, 75, 28, 75, 40, 80, 48, 88, 51, 99, 50, 109, -66, -64, -71, -75, -77, -88, -80, -98, -78, -107, -73, -112, -70, -114, -67, -113, -68, -107, -70, -97, -73, -84, -82, -69, -97, -54, -114, -40, -128, -27, -128, -19, -128, -13, -128, -8, -128, -5, -128, -6, -128, -12, -128, -21, -128, -34, -128, -45, -128, -54, -128, -64]",esp32_1
CSI_DATA,48017,2025-07-23 16:15:48.529,0,stand,00:00:00:00:00:00,-75,11,0,0,0,0,0,0,0,0,0,-97,0,1,0,3651529513,0,14,0,0,0,104,0,"[0, 0, 111, -128, 96, -128, 93, -128, 94, -128, 97, -128, 96, -128, 84, -110, 75, -49, 73, 13, 72, 70, 69, 127, 53, 127, 30, 127, 14, 127, 5, 127, 2, 127, -7, 127, -21, 127, -23, 127, -18, 127, -10, 127, 10, 127, 37, 127, 58, 127, 67, 127, -59, -84, -69, -84, -79, -83, -85, -81, -92, -82, -92, -82, -88, -78, -86, -77, -79, -78, -64, -75, -41, -71, -14, -65, 15, -61, 41, -54, 60, -42, 78, -42, 107, -48, 127, -49, 127, -56, 127, -71, 127, -88, 127, -112, 127, -128, 127, -128, 127, -128, 127, -128]",esp32_2
CSI_DATA,149501,2025-07-23 16:15:48.555,0,stand,00:00:00:00:00:00,-63,11,0,0,0,0,0,0,0,0,0,-97,0,1,0,736027754,0,14,0,0,0,104,0,"[0, 0, -128, -28, -100, -12, -69, 10, -41, 39, -21, 70, -8, 99, -1, 124, 0, 127, -5, 127, -15, 127, -25, 127, -34, 127, -42, 127, -47, 127, -48, 127, -44, 126, -35, 107, -22, 92, -7, 82, 11, 76, 29, 75, 42, 79, 49, 88, 52, 100, 50, 110, -69, -60, -76, -69, -83, -81, -87, -93, -88, -103, -84, -108, -78, -109, -75, -108, -76, -102, -78, -91, -81, -79, -87, -65, -102, -50, -121, -36, -128, -22, -128, -10, -128, -1, -128, 5, -128, 7, -128, 7, -128, 2, -128, -9, -128, -21, -128, -31, -128, -40, -128, -51]",esp32_1
CSI_DATA,48018,2025-07-23 16:15:48.561,0,stand,00:00:00:00:00:00,-76,11,0,0,0,0,0,0,0,0,0,-97,0,1,0,3651539525,0,14,0,0,0,104,0,"[0, 0, -128, -128, -128, -128, -128, -128, -128, -128, -128, -128, -127, -128, -78, -112, -29, -96, 20, -78, 78, -46, 127, -18, 127, -1, 127, 22, 127, 52, 127, 66, 127, 72, 127, 86, 127, 95, 127, 95, 127, 80, 127, 59, 127, 43, 127, 20, 127, -9, 127, -29, -114, 18, -107, 35, -97, 47, -94, 53, -98, 60, -103, 69, -104, 72, -107, 66, -104, 58, -88, 43, -74, 24, -61, -5, -49, -33, -36, -51, -23, -72, -15, -95, -7, -121, -7, -128, -17, -128, -27, -128, -37, -128, -60, -128, -91, -128, -120, -128, -128, -128, -128, -128]",esp32_2
CSI_DATA,149502,2025-07-23 16:15:48.576,0,stand,00:00:00:00:00:00,-63,11,0,0,0,0,0,0,0,0,0,-97,0,1,0,736065687,0,14,0,0,0,104,0,"[0, 0, 36, 121, 29, 86, 34, 43, 45, 9, 60, -15, 74, -41, 96, -60, 115, -70, 122, -79, 127, -80, 127, -75, 127, -68, 127, -55, 127, -38, 127, -29, 111, -25, 93, -26, 80, -33, 65, -42, 53, -53, 45, -64, 39, -73, 40, -81, 50, -91, 62, -98, -16, 80, -19, 90, -24, 97, -30, 104, -38, 111, -44, 113, -44, 113, -43, 112, -38, 107, -24, 100, -11, 97, 1, 95, 15, 97, 33, 105, 52, 115, 66, 127, 80, 127, 96, 127, 109, 127, 120, 127, 126, 127, 124, 127, 120, 127, 109, 127, 96, 127, 92, 127]",esp32_1
CSI_DATA,48019,2025-07-23 16:15:48.594,0,stand,00:00:00:00:00:00,-76,11,0,0,0,0,0,0,0,0,0,-97,0,1,0,3651549508,0,14,0,0,0,104,0,"[0, 0, -45, 127, -39, 127, -50, 127, -62, 127, -63, 127, -61, 127, -69, 124, -76, 72, -77, 9, -85, -55, -94, -109, -96, -128, -93, -128, -90, -128, -83, -128, -72, -128, -69, -128, -72, -128, -70, -128, -69, -128, -72, -128, -76, -128, -85, -128, -104, -128, -123, -124, 63, 84, 69, 82, 78, 82, 91, 76, 99, 70, 96, 68, 93, 68, 86, 68, 75, 68, 60, 66, 37, 61, 13, 59, -14, 56, -40, 57, -63, 55, -84, 52, -102, 63, -125, 73, -128, 75, -128, 85, -128, 103, -128, 125, -128, 127, -124, 127, -110, 127, -96, 127]",esp32_2
CSI_DATA,149503,2025-07-23 16:15:48.600,0,stand,00:00:00:00:00:00,-62,11,0,0,0,0,0,0,0,0,0,-97,0,1,0,736137549,0,14,0,0,0,104,0,"[0, 0, 113, 65, 88, 36, 71, 7, 57, -24, 49, -56, 46, -86, 50, -111, 59, -128, 69, -128, 77, -128, 86, -128, 93, -128, 98, -128, 98, -126, 91, -113, 79, -99, 66, -86, 51, -80, 35, -79, 18, -81, 4, -88, -4, -96, -6, -105, -2, -115, 3, -121, 51, 69, 55, 78, 59, 90, 60, 102, 57, 112, 51, 117, 45, 118, 43, 117, 46, 109, 51, 98, 58, 88, 70, 77, 86, 65, 106, 55, 126, 50, 127, 46, 127, 46, 127, 49, 127, 54, 127, 62, 127, 73, 127, 85, 127, 97, 127, 104, 127, 109, 127, 114]",esp32_1
CSI_DATA,149504,2025-07-23 16:15:48.620,0,stand,00:00:00:00:00:00,-63,11,0,0,0,0,0,0,0,0,0,-97,0,1,0,736162153,0,14,0,0,0,104,0,"[0, 0, -128, -15, -102, -1, -70, 19, -42, 48, -19, 76, -3, 104, 3, 127, 2, 127, -1, 127, -8, 127, -17, 127, -23, 127, -31, 127, -37, 127, -37, 127, -32, 126, -24, 110, -12, 97, 3, 87, 19, 81, 34, 82, 47, 88, 55, 96, 55, 106, 51, 113, -81, -47, -89, -57, -96, -67, -101, -78, -101, -89, -95, -96, -90, -96, -87, -93, -87, -85, -90, -73, -92, -59, -99, -42, -111, -25, -128, -10, -128, 5, -128, 18, -128, 26, -128, 31, -128, 34, -128, 33, -128, 26, -128, 16, -128, 7, -128, -1, -128, -13, -128, -24]",esp32_1
CSI_DATA,48020,2025-07-23 16:15:48.620,0,stand,00:00:00:00:00:00,-76,11,0,0,0,0,0,0,0,0,0,-97,0,1,0,3651559878,0,14,0,0,0,104,0,"[0, 0, 50, -128, 42, -128, 43, -128, 52, -128, 59, -128, 56, -128, 56, -110, 60, -65, 65, -10, 71, 48, 76, 103, 76, 127, 71, 127, 68, 127, 67, 127, 62, 127, 48, 127, 40, 127, 41, 127, 41, 127, 44, 127, 54, 127, 65, 127, 78, 127, 92, 117, -53, -69, -62, -66, -73, -64, -83, -65, -93, -67, -91, -65, -85, -65, -81, -68, -72, -66, -60, -60, -45, -56, -23, -57, 6, -55, 31, -52, 49, -53, 69, -49, 91, -43, 108, -48, 124, -62, 127, -74, 127, -91, 127, -113, 126, -128, 119, -128, 102, -128, 89, -128]",esp32_2
CSI_DATA,149505,2025-07-23 16:15:48.641,0,stand,00:00:00:00:00:00,-62,11,0,0,0,0,0,0,0,0,0,-97,0,1,0,736187532,0,14,0,0,0,104,0,"[0, 0, 6, -126, -5, -93, -22, -61, -42, -36, -64, -17, -86, -2, -112, 8, -128, 12, -128, 11, -128, 7, -128, -1, -128, -10, -128, -18, -128, -24, -128, -27, -116, -25, -102, -16, -89, -4, -81, 10, -76, 22, -74, 33, -75, 43, -82, 53, -94, 57, -103, 57, 37, -81, 43, -87, 51, -91, 60, -96, 71, -99, 78, -97, 80, -93, 78, -90, 71, -86, 61, -86, 48, -90, 35, -93, 19, -99, 4, -111, -13, -127, -28, -128, -38, -128, -45, -128, -48, -128, -47, -128, -42, -128, -34, -128, -25, -128, -15, -128, -4, -128, 3, -128]",esp32_1
CSI_DATA,48021,2025-07-23 16:15:48.648,0,stand,00:00:00:00:00:00,-76,11,0,0,0,0,0,0,0,0,0,-97,0,1,0,3651572571,0,14,0,0,0,104,0,"[0, 0, 127, -31, 127, -40, 127, -36, 127, -26, 127, -14, 127, -3, 127, 16, 95, 42, 45, 65, -9, 89, -58, 113, -103, 127, -128, 127, -128, 127, -128, 127, -128, 127, -128, 127, -128, 127, -128, 127, -128, 127, -128, 127, -128, 127, -128, 127, -96, 127, -70, 127, 76, -63, 64, -71, 55, -81, 49, -87, 48, -93, 51, -99, 55, -101, 60, -100, 58, -90, 52, -68, 53, -47, 53, -25, 56, 3, 60, 29, 58, 45, 66, 62, 80, 87, 87, 104, 94, 107, 108, 104, 126, 100, 127, 97, 127, 85, 127, 56, 127, 34, 127, 23]",esp32_2
CSI_DATA,149506,2025-07-23 16:15:48.673,0,stand,00:00:00:00:00:00,-63,11,0,0,0,0,0,0,0,0,0,-97,0,1,0,736227090,0,14,0,0,0,104,0,"[0, 0, 103, 85, 83, 54, 72, 21, 63, -15, 60, -50, 62, -81, 71, -104, 85, -120, 98, -128, 109, -128, 119, -128, 125, -128, 127, -123, 127, -110, 117, -97, 101, -85, 87, -76, 72, -72, 55, -74, 37, -78, 24, -85, 17, -94, 18, -105, 24, -115, 30, -120, 45, 79, 47, 88, 49, 100, 49, 113, 44, 122, 38, 127, 33, 127, 32, 127, 35, 121, 41, 111, 49, 101, 61, 91, 78, 80, 99, 74, 120, 70, 127, 71, 127, 78, 127, 83, 127, 89, 127, 98, 127, 109, 127, 124, 127, 127, 127, 127, 127, 127, 127, 127]",esp32_1
CSI_DATA,48022,2025-07-23 16:15:48.673,0,stand,00:00:00:00:00:00,-75,11,0,0,0,0,0,0,0,0,0,-97,0,1,0,3651579555,0,14,0,0,0,104,0,"[0, 0, 106, 127, 104, 127, 95, 127, 80, 127, 62, 127, 35, 127, 6, 125, -20, 82, -46, 37, -76, -9, -112, -55, -128, -102, -128, -128, -128, -128, -128, -128, -128, -128, -128, -128, -128, -128, -128, -128, -128, -128, -128, -128, -128, -128, -128, -128, -128, -99, -128, -71, 99, 13, 100, 7, 102, -3, 108, -11, 114, -19, 114, -24, 113, -26, 111, -25, 100, -16, 85, -1, 63, 7, 44, 21, 29, 42, 7, 55, -15, 69, -35, 82, -53, 91, -61, 105, -64, 122, -64, 127, -57, 127, -42, 127, -23, 127, 1, 127, 29, 127, 57, 127]",esp32_2
CSI_DATA,48023,2025-07-23 16:15:48.705,0,stand,00:00:00:00:00:00,-75,11,0,0,0,0,0,0,0,0,0,-97,0,1,0,3651589515,0,14,0,0,0,104,0,"[0, 0, 127, 127, 127, 127, 127, 127, 127, 127, 127, 124, 111, 114, 67, 101, 25, 82, -19, 61, -72, 39, -122, 15, -128, -16, -128, -45, -128, -67, -128, -87, -128, -103, -128, -118, -128, -128, -128, -127, -128, -115, -128, -97, -128, -72, -128, -44, -128, -17, -128, 3, 91, -44, 88, -49, 80, -58, 74, -69, 74, -77, 80, -83, 84, -83, 83, -77, 84, -65, 81, -48, 69, -29, 54, -5, 42, 21, 32, 38, 24, 60, 19, 86, 17, 106, 14, 124, 11, 127, 20, 127, 39, 127, 55, 127, 77, 127, 111, 127, 127, 127, 127, 127]",esp32_2
CSI_DATA,48024,2025-07-23 16:15:48.733,0,stand,00:00:00:00:00:00,-75,11,0,0,0,0,0,0,0,0,0,-97,0,1,0,3651599511,0,14,0,0,0,104,0,"[0, 0, 127, -49, 127, -55, 127, -52, 127, -44, 127, -28, 127, -11, 115, 7, 69, 29, 24, 53, -19, 79, -62, 104, -107, 120, -128, 127, -128, 127, -128, 127, -128, 127, -128, 127, -128, 127, -128, 125, -128, 118, -128, 115, -128, 113, -128, 115, -100, 120, -77, 122, 40, -84, 30, -90, 20, -94, 14, -96, 8, -100, 5, -104, 5, -103, 10, -98, 17, -89, 22, -79, 25, -64, 29, -43, 34, -23, 42, 0, 51, 20, 59, 37, 70, 57, 84, 70, 101, 77, 117, 81, 127, 77, 127, 69, 127, 56, 127, 30, 127, 2, 127, -14]",esp32_2
CSI_DATA,149508,2025-07-23 16:15:48.759,0,stand,00:00:00:00:00:00,-63,11,0,0,0,0,0,0,0,0,0,-97,0,1,0,736284546,0,14,0,0,0,104,0,"[0, 0, 15, 127, 18, 97, 32, 59, 48, 26, 65, -1, 86, -25, 110, -42, 127, -53, 127, -56, 127, -51, 127, -45, 127, -37, 127, -27, 127, -16, 127, -9, 127, -6, 114, -8, 96, -14, 82, -26, 71, -40, 64, -54, 63, -67, 67, -78, 77, -87, 86, -89, -32, 89, -37, 96, -43, 104, -52, 109, -63, 114, -71, 115, -75, 113, -76, 110, -70, 106, -58, 104, -42, 106, -25, 106, -8, 109, 9, 118, 27, 127, 45, 127, 61, 127, 75, 127, 84, 127, 89, 127, 88, 127, 84, 127, 76, 127, 65, 127, 52, 127, 41, 127]",esp32_1
CSI_DATA,48025,2025-07-23 16:15:48.761,0,stand,00:00:00:00:00:00,-76,11,0,0,0,0,0,0,0,0,0,-97,0,1,0,3651609893,0,14,0,0,0,104,0,"[0, 0, 127, 127, 127, 127, 127, 127, 122, 127, 101, 127, 73, 127, 37, 117, -1, 86, -36, 49, -76, 11, -122, -31, -128, -72, -128, -110, -128, -128, -128, -128, -128, -128, -128, -128, -128, -128, -128, -128, -128, -128, -128, -128, -128, -127, -128, -88, -128, -52, -128, -37, 93, -2, 97, -7, 105, -12, 109, -15, 107, -23, 103, -33, 101, -35, 100, -31, 93, -24, 76, -13, 59, 1, 44, 18, 24, 35, 1, 48, -10, 65, -17, 82, -32, 96, -46, 114, -50, 127, -42, 127, -29, 127, -9, 127, 17, 127, 38, 127, 65, 127, 93, 127]",esp32_2
CSI_DATA,149509,2025-07-23 16:15:48.783,0,stand,00:00:00:00:00:00,-63,11,0,0,0,0,0,0,0,0,0,-97,0,1,0,736325884,0,14,0,0,0,104,0,"[0, 0, -115, 86, -78, 72, -36, 62, 0, 60, 34, 64, 67, 72, 95, 85, 117, 97, 127, 110, 127, 125, 127, 127, 124, 127, 111, 127, 97, 127, 83, 127, 71, 122, 63, 102, 59, 81, 61, 61, 68, 43, 79, 32, 91, 25, 102, 23, 113, 28, 118, 34, -93, 28, -104, 26, -116, 20, -128, 16, -128, 12, -128, 7, -128, 1, -128, -2, -128, 2, -124, 9, -115, 22, -107, 37, -105, 52, -106, 73, -102, 96, -100, 119, -108, 127, -121, 127, -128, 127, -128, 127, -128, 127, -128, 127, -128, 127, -128, 127, -128, 127, -128, 127]",esp32_1
CSI_DATA,48026,2025-07-23 16:15:48.794,0,stand,00:00:00:00:00:00,-76,11,0,0,0,0,0,0,0,0,0,-97,0,1,0,3651619528,0,14,0,0,0,104,0,"[0, 0, -128, -128, -128, -128, -128, -128, -128, -128, -128, -128, -95, -128, -51, -128, -7, -103, 43, -74, 98, -46, 127, -10, 127, 26, 127, 59, 127, 87, 127, 111, 127, 127, 127, 127, 127, 127, 127, 127, 127, 127, 127, 98, 127, 74, 127, 49, 127, 13, 127, -18, -109, -6, -111, 10, -114, 20, -119, 24, -121, 32, -119, 43, -116, 48, -112, 42, -106, 31, -97, 22, -79, 10, -57, -17, -38, -45, -23, -61, -6, -77, 12, -96, 22, -116, 26, -128, 25, -128, 23, -128, 14, -128, -11, -128, -46, -128, -73, -128, -103, -128, -128, -128]",esp32_2
CSI_DATA,149510,2025-07-23 16:15:48.815,0,stand,00:00:00:00:00:00,-63,11,0,0,0,0,0,0,0,0,0,-97,0,1,0,736356198,0,14,0,0,0,104,0,"[0, 0, -128, 6, -103, 15, -60, 26, -25, 47, 1, 73, 23, 98, 36, 123, 45, 127, 57, 127, 62, 127, 55, 127, 41, 127, 21, 127, 6, 127, 0, 127, -2, 127, -1, 113, 3, 96, 13, 82, 30, 71, 49, 64, 66, 61, 82, 63, 91, 73, 92, 86, -88, -28, -98, -39, -111, -50, -121, -59, -125, -69, -120, -79, -111, -88, -104, -92, -101, -85, -103, -66, -108, -46, -108, -28, -112, -9, -128, 9, -128, 24, -128, 39, -128, 56, -128, 70, -128, 75, -128, 70, -128, 64, -128, 64, -128, 71, -128, 76, -128, 63, -128, 42]",esp32_1
CSI_DATA,48027,2025-07-23 16:15:48.820,0,stand,00:00:00:00:00:00,-76,11,0,0,0,0,0,0,0,0,0,-97,0,1,0,3651636133,0,14,0,0,0,104,0,"[0, 0, -128, 17, -128, 19, -128, 22, -128, 22, -128, 9, -128, -8, -120, -23, -81, -42, -27, -65, 20, -89, 61, -112, 108, -128, 127, -128, 127, -128, 127, -128, 127, -128, 127, -128, 127, -128, 127, -128, 127, -128, 127, -128, 127, -127, 127, -126, 96, -128, 72, -128, -75, 64, -66, 67, -57, 73, -48, 79, -41, 89, -44, 96, -48, 96, -49, 98, -51, 94, -51, 77, -48, 53, -47, 30, -49, 7, -55, -17, -57, -44, -54, -67, -61, -83, -71, -98, -85, -100, -104, -93, -119, -87, -128, -81, -128, -77, -128, -65, -128, -46, -128, -30]",esp32_2
CSI_DATA,48028,2025-07-23 16:15:48.847,0,stand,00:00:00:00:00:00,-76,11,0,0,0,0,0,0,0,0,0,-97,0,1,0,3651640324,0,14,0,0,0,104,0,"[0, 0, -88, 127, -83, 127, -77, 127, -76, 127, -77, 127, -79, 127, -84, 110, -87, 62, -90, 8, -91, -54, -90, -118, -94, -128, -98, -128, -96, -128, -88, -128, -74, -128, -68, -128, -73, -128, -69, -128, -63, -128, -70, -128, -82, -128, -92, -128, -106, -128, -114, -107, 31, 104, 40, 102, 50, 98, 59, 99, 66, 101, 71, 98, 71, 94, 60, 90, 48, 87, 39, 80, 23, 74, 3, 72, -19, 63, -39, 46, -58, 35, -76, 30, -100, 29, -127, 32, -128, 37, -128, 51, -128, 69, -128, 95, -128, 123, -128, 127, -128, 127, -121, 127]",esp32_2
CSI_DATA,149511,2025-07-23 16:15:48.852,0,stand,00:00:00:00:00:00,-63,11,0,0,0,0,0,0,0,0,0,-97,0,1,0,736415011,0,14,0,0,0,104,0,"[0, 0, -56, 120, -32, 89, -1, 62, 32, 42, 63, 26, 92, 15, 122, 14, 127, 17, 127, 22, 127, 30, 127, 42, 127, 54, 127, 62, 127, 65, 127, 63, 120, 57, 101, 46, 88, 29, 79, 10, 74, -7, 74, -23, 80, -36, 89, -46, 101, -51, 112, -50, -75, 53, -85, 56, -97, 58, -109, 59, -120, 59, -127, 55, -128, 50, -124, 46, -118, 46, -109, 50, -97, 59, -83, 69, -72, 81, -61, 97, -51, 117, -42, 127, -37, 127, -35, 127, -36, 127, -41, 127, -48, 127, -57, 127, -67, 127, -75, 127, -82, 127, -87, 127]",esp32_1
CSI_DATA,149512,2025-07-23 16:15:48.887,0,stand,00:00:00:00:00:00,-63,11,0,0,0,0,0,0,0,0,0,-97,0,1,0,736440778,0,14,0,0,0,104,0,"[0, 0, -45, -109, -38, -72, -41, -37, -47, -4, -57, 26, -72, 53, -92, 72, -112, 84, -128, 88, -128, 89, -128, 85, -128, 78, -128, 68, -128, 55, -128, 43, -117, 36, -99, 33, -82, 35, -64, 41, -49, 49, -39, 58, -34, 70, -35, 82, -41, 91, -49, 96, 8, -84, 11, -92, 14, -101, 20, -109, 28, -115, 34, -116, 37, -115, 37, -114, 34, -111, 25, -106, 14, -105, 0, -103, -17, -101, -34, -105, -53, -113, -71, -123, -87, -128, -103, -128, -117, -128, -124, -128, -127, -128, -127, -128, -125, -128, -117, -128, -103, -128, -92, -128]",esp32_1
CSI_DATA,149513,2025-07-23 16:15:48.915,0,stand,00:00:00:00:00:00,-63,11,0,0,0,0,0,0,0,0,0,-97,0,1,0,736475253,0,14,0,0,0,104,0,"[0, 0, -17, 127, -3, 111, 22, 68, 49, 34, 79, 7, 110, -15, 127, -30, 127, -36, 127, -36, 127, -28, 127, -17, 127, -5, 127, 9, 127, 19, 127, 22, 127, 22, 127, 16, 108, 2, 91, -17, 81, -36, 75, -53, 76, -69, 84, -84, 98, -92, 109, -93, -63, 90, -72, 99, -83, 107, -96, 111, -109, 112, -117, 109, -120, 105, -118, 102, -111, 99, -97, 98, -80, 105, -62, 110, -45, 115, -27, 127, -8, 127, 10, 127, 24, 127, 38, 127, 46, 127, 45, 127, 41, 127, 36, 127, 26, 127, 13, 127, 1, 127, -6, 127]",esp32_1
CSI_DATA,149514,2025-07-23 16:15:48.936,0,stand,00:00:00:00:00:00,-63,11,0,0,0,0,0,0,0,0,0,-97,0,1,0,736499640,0,14,0,0,0,104,0,"[0, 0, -74, 112, -43, 85, -8, 63, 26, 49, 59, 39, 93, 35, 123, 36, 127, 43, 127, 55, 127, 69, 127, 81, 127, 91, 127, 98, 127, 95, 127, 88, 108, 81, 93, 65, 83, 44, 79, 23, 78, 4, 80, -11, 88, -21, 99, -26, 112, -26, 121, -23, -83, 47, -95, 49, -108, 48, -117, 46, -127, 44, -128, 41, -128, 37, -128, 36, -124, 37, -115, 39, -104, 48, -91, 61, -83, 73, -75, 91, -66, 116, -58, 127, -57, 127, -61, 127, -66, 127, -72, 127, -81, 127, -93, 127, -107, 127, -118, 127, -121, 127, -121, 127]",esp32_1
CSI_DATA,48030,2025-07-23 16:15:48.950,0,stand,00:00:00:00:00:00,-76,11,0,0,0,0,0,0,0,0,0,-97,0,1,0,3651661905,0,14,0,0,0,104,0,"[0, 0, -128, 86, -128, 92, -128, 89, -128, 80, -128, 59, -128, 31, -124, -1, -90, -34, -49, -65, -6, -94, 28, -128, 64, -128, 106, -128, 127, -128, 127, -128, 127, -128, 127, -128, 127, -128, 127, -128, 127, -128, 127, -128, 107, -128, 71, -128, 37, -128, 10, -128, -56, 76, -50, 77, -40, 80, -29, 87, -24, 94, -28, 99, -35, 102, -38, 100, -37, 95, -37, 81, -41, 57, -45, 36, -52, 21, -62, 0, -68, -26, -74, -48, -85, -66, -100, -72, -116, -71, -128, -72, -128, -70, -128, -56, -128, -35, -128, -11, -128, 15, -128, 31]",esp32_2
CSI_DATA,48031,2025-07-23 16:15:48.981,0,stand,00:00:00:00:00:00,-76,11,0,0,0,0,0,0,0,0,0,-97,0,1,0,3651671633,0,14,0,0,0,104,0,"[0, 0, 127, 64, 127, 55, 127, 55, 127, 57, 127, 59, 127, 61, 114, 65, 58, 71, 7, 73, -47, 71, -114, 74, -128, 79, -128, 76, -128, 67, -128, 58, -128, 49, -128, 35, -128, 30, -128, 32, -128, 34, -128, 37, -128, 46, -128, 66, -128, 89, -128, 106, 85, -63, 74, -71, 66, -83, 61, -91, 58, -98, 58, -104, 63, -105, 69, -104, 65, -90, 58, -67, 57, -46, 56, -19, 55, 8, 53, 31, 50, 54, 52, 82, 59, 111, 67, 127, 73, 127, 81, 127, 94, 127, 122, 127, 127, 127, 127, 113, 127, 100, 127, 91]",esp32_2
CSI_DATA,48032,2025-07-23 16:15:49.010,0,stand,00:00:00:00:00:00,-76,11,0,0,0,0,0,0,0,0,0,-97,0,1,0,3651679534,0,14,0,0,0,104,0,"[0, 0, 20, 127, 27, 127, 24, 127, 10, 127, -5, 127, -17, 127, -29, 112, -42, 72, -60, 21, -82, -33, -106, -84, -125, -128, -128, -128, -128, -128, -128, -128, -128, -128, -128, -128, -124, -128, -121, -128, -115, -128, -113, -128, -113, -128, -110, -126, -113, -90, -117, -71, 71, 54, 78, 45, 83, 39, 89, 37, 97, 31, 103, 22, 102, 18, 95, 21, 85, 29, 71, 37, 47, 35, 25, 35, 8, 42, -9, 47, -25, 51, -44, 59, -62, 72, -75, 86, -84, 94, -86, 102, -84, 117, -78, 127, -71, 127, -58, 127, -34, 127, -12, 127]",esp32_2
CSI_DATA,149516,2025-07-23 16:15:49.032,0,stand,00:00:00:00:00:00,-62,11,0,0,0,0,0,0,0,0,0,-97,0,1,0,736560166,0,14,0,0,0,104,0,"[0, 0, 119, -7, 83, -15, 48, -28, 18, -48, -8, -71, -28, -95, -41, -118, -48, -128, -48, -128, -44, -128, -38, -128, -28, -128, -16, -128, -6, -128, -1, -128, 1, -128, 0, -107, -7, -88, -20, -73, -35, -62, -51, -57, -65, -58, -75, -63, -80, -71, -82, -80, 73, 40, 80, 48, 89, 59, 94, 69, 95, 78, 92, 84, 89, 86, 88, 85, 87, 78, 88, 67, 89, 54, 92, 39, 100, 25, 114, 8, 127, -10, 127, -26, 127, -40, 127, -52, 127, -59, 127, -60, 127, -58, 127, -52, 127, -45, 127, -38, 127, -26, 127, -13]",esp32_1
CSI_DATA,149517,2025-07-23 16:15:49.054,0,stand,00:00:00:00:00:00,-62,11,0,0,0,0,0,0,0,0,0,-97,0,1,0,736596784,0,14,0,0,0,104,0,"[0, 0, 119, 22, 85, 6, 56, -13, 30, -41, 9, -70, -4, -97, -11, -123, -12, -128, -8, -128, -1, -128, 5, -128, 14, -128, 26, -128, 36, -128, 37, -128, 33, -122, 27, -102, 16, -87, 1, -75, -17, -68, -36, -67, -51, -70, -59, -76, -62, -86, -61, -96, 62, 54, 68, 63, 74, 74, 78, 85, 79, 96, 74, 103, 69, 104, 67, 103, 68, 97, 72, 86, 75, 73, 80, 59, 91, 45, 107, 33, 122, 21, 127, 9, 127, -1, 127, -9, 127, -10, 127, -8, 127, -4, 127, 2, 127, 10, 127, 16, 127, 26, 127, 36]",esp32_1
CSI_DATA,149518,2025-07-23 16:15:49.093,0,stand,00:00:00:00:00:00,-62,11,0,0,0,0,0,0,0,0,0,-97,0,1,0,736646344,0,14,0,0,0,104,0,"[0, 0, 88, 90, 71, 55, 63, 21, 56, -15, 52, -51, 58, -83, 71, -108, 86, -126, 101, -128, 113, -128, 125, -128, 127, -128, 127, -123, 127, -107, 125, -91, 108, -76, 90, -65, 71, -61, 51, -62, 33, -66, 17, -75, 7, -86, 7, -98, 13, -111, 18, -119, 24, 84, 26, 95, 26, 108, 25, 118, 21, 126, 14, 127, 8, 127, 5, 127, 8, 125, 15, 118, 25, 111, 38, 101, 54, 92, 73, 87, 93, 87, 113, 88, 127, 93, 127, 99, 127, 106, 127, 115, 127, 127, 127, 127, 127, 127, 127, 127, 127, 127, 127, 127]",esp32_1
CSI_DATA,48034,2025-07-23 16:15:49.100,0,stand,00:00:00:00:00:00,-76,11,0,0,0,0,0,0,0,0,0,-97,0,1,0,3651699552,0,14,0,0,0,104,0,"[0, 0, 127, 127, 127, 127, 127, 127, 116, 127, 89, 127, 54, 127, 20, 124, -14, 94, -57, 60, -99, 22, -128, -17, -128, -49, -128, -80, -128, -112, -128, -128, -128, -128, -128, -128, -128, -128, -128, -128, -128, -128, -128, -118, -128, -91, -128, -59, -128, -25, -128, -3, 95, 24, 94, 19, 95, 9, 100, 2, 105, -4, 105, -9, 103, -7, 103, -3, 98, 2, 86, 6, 70, 9, 47, 17, 24, 38, 8, 57, -4, 69, -15, 83, -28, 100, -37, 116, -39, 126, -40, 127, -32, 127, -14, 127, 7, 127, 33, 127, 68, 127, 96, 127]",esp32_2
CSI_DATA,149519,2025-07-23 16:15:49.124,0,stand,00:00:00:00:00:00,-62,11,0,0,0,0,0,0,0,0,0,-97,0,1,0,736680321,0,14,0,180,98,104,0,"[0, 0, -48, -113, -41, -74, -41, -35, -46, 1, -57, 35, -71, 62, -91, 82, -113, 94, -128, 102, -128, 105, -128, 101, -128, 93, -128, 81, -128, 66, -128, 53, -120, 44, -100, 39, -80, 41, -62, 47, -46, 54, -32, 66, -26, 79, -27, 91, -34, 102, -41, 107, 11, -87, 14, -96, 19, -107, 25, -116, 34, -122, 41, -122, 45, -119, 45, -117, 39, -112, 28, -107, 15, -106, 0, -104, -17, -103, -37, -107, -57, -115, -78, -125, -98, -128, -115, -128, -128, -128, -128, -128, -128, -128, -128, -128, -128, -128, -125, -128, -111, -128, -100, -128]",esp32_1
CSI_DATA,48035,2025-07-23 16:15:49.124,0,stand,00:00:00:00:00:00,-75,11,0,0,0,0,0,0,0,0,0,-97,0,1,0,3651709909,0,14,0,0,0,104,0,"[0, 0, 119, 127, 121, 127, 121, 127, 106, 127, 79, 127, 47, 127, 16, 127, -20, 96, -64, 57, -105, 18, -128, -21, -128, -60, -128, -94, -128, -121, -128, -128, -128, -128, -128, -128, -128, -128, -128, -128, -128, -128, -128, -120, -128, -92, -128, -60, -128, -28, -128, -7, 80, 39, 86, 34, 92, 30, 96, 25, 99, 13, 101, 2, 102, 3, 101, 6, 93, 9, 81, 14, 61, 21, 40, 33, 23, 43, 3, 50, -20, 61, -38, 75, -50, 92, -57, 109, -57, 123, -50, 127, -39, 127, -28, 127, -14, 127, 11, 127, 44, 127, 71, 127]",esp32_2
CSI_DATA,48036,2025-07-23 16:15:49.154,0,stand,00:00:00:00:00:00,-75,11,0,0,0,0,0,0,0,0,0,-97,0,1,0,3651719554,0,14,0,0,0,104,0,"[0, 0, 49, 127, 54, 127, 53, 127, 38, 127, 16, 127, -8, 127, -33, 127, -56, 95, -84, 44, -116, -10, -128, -61, -128, -112, -128, -128, -128, -128, -128, -128, -128, -128, -128, -128, -128, -128, -128, -128, -128, -128, -128, -128, -128, -128, -128, -104, -128, -66, -128, -50, 75, 73, 84, 71, 90, 66, 98, 57, 108, 52, 110, 51, 105, 48, 97, 48, 90, 52, 81, 53, 61, 51, 36, 57, 12, 64, -16, 68, -42, 70, -58, 73, -78, 78, -93, 90, -98, 112, -105, 127, -106, 127, -91, 127, -73, 127, -52, 127, -22, 127, 5, 127]",esp32_2
CSI_DATA,149520,2025-07-23 16:15:49.156,0,stand,00:00:00:00:00:00,-63,11,0,0,0,0,0,0,0,0,0,-97,0,1,0,736704714,0,14,0,0,0,104,0,"[0, 0, 121, 36, 86, 15, 57, -10, 32, -41, 13, -73, 0, -105, -6, -128, -5, -128, 0, -128, 8, -128, 19, -128, 29, -128, 39, -128, 47, -128, 49, -128, 43, -128, 34, -109, 21, -93, 3, -80, -17, -72, -36, -72, -51, -76, -61, -83, -64, -93, -63, -103, 57, 68, 62, 78, 67, 91, 71, 103, 71, 115, 65, 122, 58, 122, 55, 119, 57, 112, 63, 103, 68, 92, 76, 77, 91, 61, 111, 48, 127, 35, 127, 24, 127, 17, 127, 13, 127, 11, 127, 14, 127, 19, 127, 27, 127, 38, 127, 46, 127, 55, 127, 64]",esp32_1
CSI_DATA,149521,2025-07-23 16:15:49.186,0,stand,00:00:00:00:00:00,-63,11,0,0,0,0,0,0,0,0,0,-97,0,1,0,736730634,0,14,0,0,0,104,0,"[0, 0, 111, -63, 72, -53, 33, -49, -4, -55, -38, -65, -66, -77, -89, -91, -108, -106, -118, -123, -121, -128, -118, -128, -108, -128, -93, -128, -76, -128, -62, -128, -51, -118, -43, -100, -43, -82, -49, -60, -57, -42, -69, -32, -83, -27, -95, -25, -105, -29, -112, -36, 88, -6, 97, -1, 109, 5, 120, 11, 127, 18, 127, 24, 126, 28, 123, 28, 119, 24, 116, 15, 111, 1, 107, -15, 109, -32, 113, -50, 115, -70, 118, -91, 127, -113, 127, -128, 127, -128, 127, -128, 127, -128, 127, -128, 127, -128, 127, -128, 127, -128, 127, -121]",esp32_1
CSI_DATA,48038,2025-07-23 16:15:49.219,0,stand,00:00:00:00:00:00,-76,11,0,0,0,0,0,0,0,0,0,-97,0,1,0,3651774091,0,14,0,0,0,104,0,"[0, 0, 127, -128, 127, -128, 127, -128, 127, -128, 127, -112, 127, -74, 111, -38, 87, 3, 56, 47, 25, 86, -10, 127, -45, 127, -72, 127, -94, 127, -113, 127, -128, 127, -128, 127, -128, 127, -128, 127, -128, 127, -105, 127, -77, 127, -44, 127, -12, 127, 12, 127, 8, -93, 5, -98, -5, -102, -21, -102, -29, -103, -28, -104, -26, -105, -18, -103, -9, -96, 0, -86, 10, -73, 23, -57, 37, -40, 48, -20, 66, -4, 87, 11, 100, 20, 115, 23, 127, 26, 127, 20, 127, 6, 127, -15, 127, -36, 127, -56, 127, -83, 127, -106]",esp32_2
CSI_DATA,48039,2025-07-23 16:15:49.239,0,stand,00:00:00:00:00:00,-75,11,0,0,0,0,0,0,0,0,0,-97,0,1,0,3651796324,0,14,0,0,0,104,0,"[0, 0, -11, -128, -16, -128, -24, -128, -16, -128, 2, -128, 20, -128, 36, -123, 48, -75, 62, -25, 87, 30, 115, 89, 127, 127, 127, 127, 127, 127, 127, 127, 127, 127, 127, 127, 123, 127, 121, 127, 117, 127, 115, 127, 113, 127, 118, 127, 127, 111, 127, 88, -75, -61, -80, -49, -86, -41, -95, -40, -105, -38, -105, -34, -100, -31, -95, -36, -90, -43, -77, -44, -51, -43, -24, -53, -7, -65, 17, -66, 43, -64, 62, -68, 78, -82, 91, -94, 100, -99, 104, -109, 100, -125, 88, -128, 75, -128, 58, -128, 34, -128, 13, -128]",esp32_2
CSI_DATA,149523,2025-07-23 16:15:49.283,0,stand,00:00:00:00:00:00,-62,11,0,0,0,0,0,0,0,0,0,-97,0,1,0,737401979,0,14,0,0,0,104,0,"[0, 0, -62, -110, -53, -72, -53, -35, -58, 0, -67, 31, -82, 59, -101, 80, -121, 93, -128, 98, -128, 97, -128, 94, -128, 86, -128, 71, -128, 57, -128, 45, -122, 36, -103, 32, -82, 34, -61, 43, -46, 53, -37, 64, -33, 76, -33, 88, -41, 98, -51, 103, -2, -91, 0, -99, 3, -108, 8, -118, 15, -126, 20, -128, 24, -128, 26, -125, 22, -121, 14, -116, 1, -114, -13, -110, -29, -106, -48, -107, -68, -113, -88, -122, -108, -128, -126, -128, -128, -128, -128, -128, -128, -128, -128, -128, -128, -128, -128, -128, -124, -128, -112, -128]",esp32_1
CSI_DATA,149524,2025-07-23 16:15:49.303,0,stand,00:00:00:00:00:00,-63,11,0,0,0,0,0,0,0,0,0,-97,0,1,0,737409845,0,14,0,0,0,104,0,"[0, 0, -97, -84, -74, -50, -58, -13, -47, 25, -42, 62, -43, 97, -51, 125, -66, 127, -81, 127, -93, 127, -104, 127, -115, 127, -120, 127, -119, 127, -110, 112, -94, 94, -75, 80, -55, 70, -33, 68, -12, 70, 5, 76, 18, 86, 24, 100, 21, 114, 15, 124, -26, -88, -26, -99, -27, -114, -25, -126, -19, -128, -13, -128, -8, -128, -5, -128, -8, -128, -17, -121, -28, -112, -42, -102, -61, -92, -83, -86, -107, -82, -128, -83, -128, -88, -128, -94, -128, -101, -128, -111, -128, -123, -128, -128, -128, -128, -128, -128, -128, -128, -128, -128]",esp32_1
CSI_DATA,48041,2025-07-23 16:15:49.333,0,stand,00:00:00:00:00:00,-75,11,0,0,0,0,0,0,0,0,0,-97,0,1,0,3651894393,0,14,0,0,0,104,0,"[0, 0, 127, -16, 127, -21, 127, -18, 127, -9, 127, 3, 127, 16, 116, 33, 70, 54, 15, 71, -35, 87, -87, 108, -128, 126, -128, 127, -128, 127, -128, 127, -128, 127, -128, 127, -128, 127, -128, 122, -128, 119, -128, 124, -128, 126, -128, 124, -112, 127, -86, 127, 65, -74, 59, -79, 51, -91, 46, -98, 42, -101, 43, -105, 47, -104, 51, -98, 48, -89, 45, -72, 49, -52, 50, -30, 50, -6, 57, 16, 66, 38, 71, 59, 79, 79, 90, 96, 96, 105, 108, 106, 127, 101, 127, 91, 127, 76, 127, 55, 127, 36, 127, 24]",esp32_2
CSI_DATA,149525,2025-07-23 16:15:49.336,0,stand,00:00:00:00:00:00,-63,11,0,0,0,0,0,0,0,0,0,-97,0,1,0,737422288,0,14,0,0,0,104,0,"[0, 0, -26, 125, -8, 89, 19, 56, 44, 28, 71, 6, 103, -12, 127, -20, 127, -21, 127, -17, 127, -7, 127, 8, 127, 19, 127, 27, 127, 33, 127, 35, 127, 33, 106, 22, 88, 6, 75, -11, 66, -28, 62, -45, 66, -59, 75, -69, 86, -75, 95, -76, -66, 66, -75, 71, -85, 74, -96, 76, -106, 79, -111, 78, -112, 74, -110, 73, -103, 73, -95, 74, -82, 79, -66, 86, -54, 97, -40, 112, -24, 127, -10, 127, 0, 127, 7, 127, 10, 127, 10, 127, 6, 127, -3, 127, -15, 127, -26, 127, -35, 127, -39, 127]",esp32_1
CSI_DATA,149526,2025-07-23 16:15:49.365,0,stand,00:00:00:00:00:00,-62,11,0,0,0,0,0,0,0,0,0,-97,0,1,0,737439797,0,14,0,0,0,104,0,"[0, 0, 21, -127, 2, -93, -23, -62, -47, -38, -74, -19, -101, -6, -128, 0, -128, 0, -128, -7, -128, -18, -128, -29, -128, -38, -128, -45, -128, -49, -128, -49, -120, -43, -100, -33, -87, -17, -77, 0, -70, 18, -70, 33, -75, 45, -83, 53, -94, 56, -102, 56, 57, -71, 65, -75, 75, -80, 87, -83, 97, -86, 103, -86, 104, -82, 103, -78, 98, -76, 90, -76, 78, -81, 63, -87, 49, -94, 34, -108, 20, -128, 5, -128, -3, -128, -8, -128, -12, -128, -13, -128, -8, -128, 0, -128, 12, -128, 24, -128, 33, -128, 38, -128]",esp32_1
CSI_DATA,48042,2025-07-23 16:15:49.365,0,stand,00:00:00:00:00:00,-75,11,0,0,0,0,0,0,0,0,0,-97,0,1,0,3651918775,0,14,0,0,0,104,0,"[0, 0, -128, 127, -128, 127, -128, 127, -128, 111, -128, 91, -128, 64, -109, 29, -80, -16, -50, -59, -15, -96, 22, -128, 56, -128, 91, -128, 125, -128, 127, -128, 127, -128, 127, -128, 127, -128, 127, -128, 127, -128, 118, -128, 85, -128, 53, -128, 22, -128, 2, -128, -35, 86, -26, 90, -13, 97, -3, 103, 3, 105, 5, 103, 6, 104, 5, 104, 0, 94, -9, 79, -24, 66, -37, 51, -45, 30, -57, 10, -76, -3, -96, -19, -114, -35, -127, -42, -128, -41, -128, -31, -128, -20, -128, -9, -128, 8, -128, 30, -128, 54, -128, 73]",esp32_2
CSI_DATA,48043,2025-07-23 16:15:49.393,0,stand,00:00:00:00:00:00,-76,11,0,0,0,0,0,0,0,0,0,-97,0,1,0,3651944198,0,14,0,0,0,104,0,"[0, 0, -128, -128, -128, -128, -128, -128, -121, -128, -99, -128, -71, -128, -32, -106, 5, -81, 40, -55, 85, -28, 127, 1, 127, 34, 127, 64, 127, 87, 127, 110, 127, 127, 127, 127, 127, 127, 127, 123, 127, 107, 127, 88, 127, 64, 127, 37, 127, 6, 127, -16, -83, -15, -85, -9, -89, -2, -96, 5, -101, 12, -108, 17, -110, 17, -106, 10, -100, -1, -86, -14, -69, -23, -52, -36, -35, -56, -16, -71, 3, -80, 19, -93, 29, -112, 33, -126, 32, -128, 25, -128, 18, -128, 3, -128, -20, -128, -44, -128, -75, -128, -108, -128]",esp32_2
CSI_DATA,149527,2025-07-23 16:15:49.395,0,stand,00:00:00:00:00:00,-62,11,0,0,0,0,0,0,0,0,0,-97,0,1,0,737451853,0,14,0,0,0,104,0,"[0, 0, -21, -128, -27, -92, -43, -57, -60, -24, -81, 2, -105, 22, -128, 34, -128, 39, -128, 39, -128, 34, -128, 24, -128, 13, -128, 2, -128, -7, -128, -12, -128, -12, -109, -6, -91, 3, -77, 16, -68, 31, -64, 45, -65, 58, -71, 70, -81, 75, -91, 75, 24, -89, 30, -96, 36, -103, 44, -110, 54, -116, 62, -117, 65, -114, 64, -112, 57, -110, 48, -110, 36, -111, 22, -111, 8, -112, -9, -119, -27, -128, -46, -128, -61, -128, -73, -128, -82, -128, -85, -128, -83, -128, -78, -128, -72, -128, -64, -128, -51, -128, -40, -128]",esp32_1
CSI_DATA,48044,2025-07-23 16:15:49.416,0,stand,00:00:00:00:00:00,-75,11,0,0,0,0,0,0,0,0,0,-97,0,1,0,3651981217,0,14,0,0,0,104,0,"[0, 0, -128, 111, -128, 110, -128, 97, -128, 84, -128, 67, -128, 37, -124, 3, -84, -35, -43, -67, -2, -93, 34, -128, 70, -128, 114, -128, 127, -128, 127, -128, 127, -128, 127, -128, 127, -128, 127, -128, 127, -128, 127, -128, 114, -128, 84, -128, 51, -128, 19, -128, -37, 88, -26, 88, -16, 91, -10, 96, -8, 98, -10, 103, -9, 110, -9, 109, -13, 97, -18, 78, -27, 59, -35, 37, -42, 15, -59, -4, -75, -21, -84, -39, -97, -53, -110, -56, -122, -54, -128, -56, -128, -53, -128, -40, -128, -19, -128, 8, -128, 36, -128, 57]",esp32_2
CSI_DATA,48045,2025-07-23 16:15:49.445,0,stand,00:00:00:00:00:00,-76,11,0,0,0,0,0,0,0,0,0,-97,0,1,0,3652006111,0,14,0,0,0,104,0,"[0, 0, 127, 123, 127, 118, 127, 115, 127, 109, 127, 99, 116, 92, 69, 90, 27, 84, -21, 76, -81, 67, -128, 60, -128, 48, -128, 35, -128, 26, -128, 14, -128, 6, -128, 5, -128, 0, -128, -1, -128, 6, -128, 14, -128, 29, -128, 48, -128, 68, -127, 84, 92, -10, 90, -19, 85, -35, 86, -45, 91, -46, 93, -50, 95, -52, 95, -49, 89, -39, 84, -24, 78, -7, 66, 13, 49, 32, 40, 49, 35, 70, 29, 95, 23, 119, 22, 127, 29, 127, 38, 127, 52, 127, 74, 127, 96, 127, 124, 127, 127, 127, 127, 127]",esp32_2
CSI_DATA,48046,2025-07-23 16:15:49.474,0,stand,00:00:00:00:00:00,-76,11,0,0,0,0,0,0,0,0,0,-97,0,1,0,3652031543,0,14,0,0,0,104,0,"[0, 0, -128, -128, -128, -128, -128, -128, -128, -128, -128, -128, -112, -128, -62, -119, -15, -109, 36, -102, 96, -87, 127, -66, 127, -46, 127, -25, 127, -11, 127, -1, 127, 1, 127, 0, 127, -1, 127, -3, 127, -11, 127, -22, 127, -32, 127, -46, 127, -74, 127, -99, -104, -29, -108, -16, -106, 1, -115, 12, -128, 15, -128, 18, -128, 18, -128, 15, -128, -4, -115, -22, -92, -26, -74, -38, -59, -61, -45, -81, -31, -100, -14, -113, -3, -127, -9, -128, -18, -128, -18, -128, -31, -128, -66, -128, -97, -128, -112, -128, -128, -128, -128, -128]",esp32_2
CSI_DATA,149529,2025-07-23 16:15:49.481,0,stand,00:00:00:00:00:00,-62,11,0,0,0,0,0,0,0,0,0,-97,0,1,0,737469788,0,14,0,0,0,104,0,"[0, 0, -30, 127, -11, 92, 16, 58, 44, 33, 72, 14, 103, 1, 127, -6, 127, -5, 127, 0, 127, 9, 127, 19, 127, 30, 127, 41, 127, 47, 127, 47, 124, 43, 104, 33, 89, 18, 78, -1, 70, -22, 68, -38, 73, -51, 82, -60, 95, -66, 104, -68, -62, 72, -71, 76, -82, 80, -94, 84, -105, 86, -111, 83, -112, 78, -109, 74, -104, 73, -95, 76, -81, 82, -64, 88, -51, 95, -37, 110, -22, 127, -8, 127, 1, 127, 8, 127, 11, 127, 8, 127, 2, 127, -6, 127, -16, 127, -26, 127, -34, 127, -38, 127]",esp32_1
CSI_DATA,48047,2025-07-23 16:15:49.506,0,stand,00:00:00:00:00:00,-75,11,0,0,0,0,0,0,0,0,0,-97,0,1,0,3652105807,0,14,0,0,0,104,0,"[0, 0, -98, 127, -92, 127, -88, 127, -90, 127, -86, 127, -80, 127, -79, 91, -73, 34, -68, -26, -66, -82, -60, -128, -57, -128, -45, -128, -22, -128, -7, -128, 2, -128, 11, -128, 13, -128, 10, -128, 2, -128, -15, -128, -36, -128, -54, -128, -67, -128, -73, -128, 38, 78, 43, 78, 51, 74, 67, 69, 80, 71, 79, 75, 73, 78, 63, 78, 52, 78, 42, 76, 24, 68, 4, 59, -16, 52, -41, 43, -63, 36, -84, 34, -107, 33, -128, 41, -128, 51, -128, 57, -128, 70, -128, 97, -128, 127, -128, 127, -124, 127, -116, 127]",esp32_2
CSI_DATA,149530,2025-07-23 16:15:49.525,0,stand,00:00:00:00:00:00,-62,11,0,0,0,0,0,0,0,0,0,-97,0,1,0,737479763,0,14,0,0,0,104,0,"[0, 0, -106, 67, -68, 56, -31, 50, 6, 53, 41, 61, 71, 73, 96, 85, 115, 98, 123, 112, 125, 127, 123, 127, 114, 127, 100, 127, 86, 127, 74, 127, 64, 110, 54, 89, 50, 66, 54, 46, 62, 29, 74, 17, 88, 11, 100, 10, 109, 14, 114, 19, -88, 0, -97, -3, -109, -10, -119, -16, -127, -22, -128, -26, -125, -30, -121, -30, -118, -27, -115, -20, -109, -7, -103, 10, -103, 28, -106, 48, -107, 71, -110, 93, -121, 116, -128, 127, -128, 127, -128, 127, -128, 127, -128, 127, -128, 127, -128, 127, -128, 127, -128, 125]",esp32_1
CSI_DATA,149531,2025-07-23 16:15:49.562,0,stand,00:00:00:00:00:00,-62,11,0,0,0,0,0,0,0,0,0,-97,0,1,0,737489776,0,14,0,0,0,104,0,"[0, 0, -45, 127, -21, 107, 12, 69, 47, 41, 82, 21, 119, 7, 127, -1, 127, -1, 127, 5, 127, 17, 127, 31, 127, 46, 127, 58, 127, 63, 127, 61, 127, 55, 121, 40, 101, 21, 89, 1, 84, -20, 85, -39, 89, -55, 99, -68, 115, -77, 127, -79, -81, 78, -92, 83, -105, 86, -118, 88, -128, 89, -128, 85, -128, 80, -128, 77, -128, 75, -120, 78, -103, 87, -85, 97, -70, 108, -55, 126, -37, 127, -21, 127, -12, 127, -8, 127, -6, 127, -10, 127, -20, 127, -31, 127, -43, 127, -54, 127, -64, 127, -69, 127]",esp32_1
CSI_DATA,48049,2025-07-23 16:15:49.577,0,stand,00:00:00:00:00:00,-75,11,0,0,0,0,0,0,0,0,0,-97,0,1,0,3652166396,0,14,0,0,0,104,0,"[0, 0, 127, -128, 127, -128, 127, -128, 127, -119, 127, -101, 127, -76, 107, -40, 84, 6, 54, 56, 27, 100, -1, 127, -31, 127, -56, 127, -79, 127, -100, 127, -115, 127, -121, 127, -117, 127, -109, 127, -102, 127, -83, 127, -51, 127, -20, 127, 3, 127, 17, 127, 22, -87, 13, -93, 7, -96, 1, -96, -4, -103, -1, -107, -1, -102, -5, -98, -1, -91, 15, -79, 32, -70, 39, -61, 45, -44, 59, -15, 76, 11, 92, 24, 108, 33, 126, 41, 127, 41, 127, 36, 127, 21, 127, 1, 127, -23, 127, -54, 127, -83, 127, -98]",esp32_2
CSI_DATA,149532,2025-07-23 16:15:49.587,0,stand,00:00:00:00:00:00,-62,11,0,0,0,0,0,0,0,0,0,-97,0,1,0,737501069,0,14,0,0,0,104,0,"[0, 0, 67, -105, 39, -81, 5, -61, -29, -48, -62, -40, -93, -38, -121, -41, -128, -49, -128, -60, -128, -73, -128, -87, -128, -96, -128, -99, -128, -98, -121, -93, -102, -84, -86, -67, -75, -47, -71, -28, -72, -9, -78, 7, -86, 19, -97, 25, -108, 25, -117, 21, 79, -43, 86, -43, 97, -42, 108, -42, 118, -40, 124, -36, 124, -33, 121, -33, 118, -35, 112, -40, 101, -49, 90, -60, 83, -72, 78, -88, 68, -111, 60, -128, 60, -128, 65, -128, 71, -128, 80, -128, 89, -128, 98, -128, 108, -128, 115, -128, 117, -128, 117, -128]",esp32_1
CSI_DATA,48050,2025-07-23 16:15:49.601,0,stand,00:00:00:00:00:00,-78,11,0,0,0,0,0,0,0,0,0,-97,0,1,0,3652192245,0,14,0,0,0,104,0,"[0, 0, 127, -65, 127, -74, 127, -73, 127, -55, 127, -34, 116, -22, 89, -2, 53, 34, 13, 63, -30, 86, -80, 106, -126, 124, -128, 127, -128, 127, -128, 127, -128, 127, -128, 127, -128, 127, -128, 127, -128, 127, -128, 127, -128, 127, -128, 127, -128, 127, -128, 127, -10, -74, -22, -80, -28, -84, -35, -83, -43, -81, -43, -86, -33, -91, -21, -89, -18, -81, -13, -67, 4, -53, 18, -37, 30, -23, 49, -16, 61, -6, 66, 12, 80, 24, 94, 26, 101, 27, 111, 27, 122, 21, 127, 14, 127, 2, 127, -18, 127, -37, 127, -54]",esp32_2
CSI_DATA,48051,2025-07-23 16:15:49.621,0,stand,00:00:00:00:00:00,-75,11,0,0,0,0,0,0,0,0,0,-97,0,1,0,3652238015,0,14,0,0,0,104,0,"[0, 0, 127, 127, 127, 127, 127, 127, 106, 127, 82, 127, 49, 127, 18, 116, -14, 77, -55, 39, -98, 3, -128, -33, -128, -71, -128, -105, -128, -128, -128, -128, -128, -128, -128, -128, -128, -128, -128, -128, -128, -128, -128, -128, -128, -113, -128, -78, -128, -39, -128, -11, 90, 17, 89, 12, 95, 5, 101, -5, 102, -12, 103, -17, 104, -18, 102, -13, 93, -6, 82, 1, 65, 13, 47, 31, 28, 47, 8, 62, -11, 75, -29, 86, -41, 106, -47, 122, -48, 127, -43, 127, -30, 127, -13, 127, 6, 127, 34, 127, 72, 127, 97, 127]",esp32_2
CSI_DATA,149533,2025-07-23 16:15:49.627,0,stand,00:00:00:00:00:00,-63,11,0,0,0,0,0,0,0,0,0,-97,0,1,0,737510452,0,14,0,0,0,104,0,"[0, 0, 84, 115, 68, 73, 63, 27, 57, -19, 58, -60, 67, -96, 84, -126, 106, -128, 123, -128, 127, -128, 127, -128, 127, -128, 127, -128, 127, -116, 127, -99, 123, -83, 100, -73, 75, -71, 51, -73, 29, -78, 11, -87, 1, -98, -1, -112, 5, -128, 12, -128, 5, 100, 4, 111, 2, 126, -3, 127, -10, 127, -18, 127, -22, 127, -24, 127, -18, 127, -8, 127, 5, 127, 22, 122, 44, 113, 70, 110, 95, 113, 120, 120, 127, 127, 127, 127, 127, 127, 127, 127, 127, 127, 127, 127, 127, 127, 127, 127, 127, 127, 127, 127]",esp32_1
CSI_DATA,48052,2025-07-23 16:15:49.643,0,stand,00:00:00:00:00:00,-75,11,0,0,0,0,0,0,0,0,0,-97,0,1,0,3652266497,0,14,0,0,0,104,0,"[0, 0, 127, -128, 127, -128, 127, -128, 127, -128, 127, -111, 127, -78, 114, -35, 88, 8, 58, 49, 25, 93, -7, 127, -36, 127, -61, 127, -87, 127, -111, 127, -128, 127, -128, 127, -128, 127, -128, 127, -113, 127, -93, 127, -66, 127, -37, 127, -10, 127, 16, 127, 19, -92, 14, -92, 7, -95, -2, -98, -9, -100, -11, -100, -8, -100, -1, -101, 5, -95, 15, -84, 27, -68, 34, -46, 42, -20, 59, -1, 76, 10, 86, 26, 103, 40, 120, 42, 127, 38, 127, 30, 127, 16, 127, 1, 127, -20, 127, -48, 127, -74, 127, -93]",esp32_2
CSI_DATA,149534,2025-07-23 16:15:49.653,0,stand,00:00:00:00:00:00,-63,11,0,0,0,0,0,0,0,0,0,-97,0,1,0,737519786,0,14,0,0,0,104,0,"[0, 0, -64, 102, -37, 77, -5, 55, 27, 42, 59, 33, 89, 29, 118, 31, 127, 38, 127, 46, 127, 57, 127, 70, 127, 79, 127, 84, 127, 84, 116, 81, 98, 70, 83, 54, 73, 37, 68, 18, 67, 0, 70, -15, 77, -26, 88, -33, 100, -34, 109, -31, -75, 41, -84, 43, -94, 43, -105, 41, -115, 39, -121, 36, -121, 32, -118, 30, -112, 31, -106, 36, -94, 45, -82, 55, -74, 67, -67, 83, -58, 105, -51, 127, -51, 127, -54, 127, -59, 127, -65, 127, -74, 127, -84, 127, -95, 127, -102, 127, -105, 127, -106, 127]",esp32_1
CSI_DATA,48053,2025-07-23 16:15:49.665,0,stand,00:00:00:00:00:00,-75,11,0,0,0,0,0,0,0,0,0,-97,0,1,0,3652292345,0,14,0,0,0,104,0,"[0, 0, 127, -96, 125, -99, 122, -94, 116, -80, 102, -63, 87, -45, 73, -20, 58, 9, 41, 34, 23, 61, 5, 89, -13, 115, -31, 127, -46, 127, -59, 127, -70, 127, -76, 127, -76, 127, -69, 127, -57, 127, -44, 127, -29, 127, -11, 114, 5, 103, 20, 94, 14, -56, 10, -56, 4, -56, -1, -60, -5, -67, -2, -69, 1, -67, 2, -65, 6, -61, 10, -53, 19, -42, 30, -31, 40, -19, 46, -8, 53, 2, 62, 15, 73, 26, 83, 30, 87, 27, 91, 23, 100, 16, 110, 4, 118, -10, 123, -28, 127, -47, 127, -60]",esp32_2
CSI_DATA,149535,2025-07-23 16:15:49.688,0,stand,00:00:00:00:00:00,-63,11,0,0,0,0,0,0,0,0,0,-97,0,1,0,737530141,0,14,0,0,0,104,0,"[0, 0, 77, -92, 48, -73, 13, -57, -22, -50, -54, -47, -83, -48, -109, -55, -128, -65, -128, -77, -128, -91, -128, -104, -128, -113, -128, -114, -115, -111, -99, -102, -83, -89, -71, -72, -63, -50, -61, -30, -66, -14, -74, -2, -84, 9, -94, 15, -105, 14, -112, 8, 79, -24, 90, -24, 101, -22, 111, -19, 120, -15, 126, -11, 125, -7, 121, -6, 115, -7, 108, -14, 99, -25, 90, -38, 86, -51, 85, -70, 79, -93, 74, -117, 77, -128, 86, -128, 94, -128, 103, -128, 114, -128, 124, -128, 127, -128, 127, -128, 127, -128, 127, -128]",esp32_1
CSI_DATA,48054,2025-07-23 16:15:49.691,0,stand,00:00:00:00:00:00,-75,11,0,0,0,0,0,0,0,0,0,-97,0,1,0,3652339248,0,14,0,0,0,104,0,"[0, 0, -128, -20, -128, -8, -128, -7, -128, -13, -128, -28, -128, -40, -104, -47, -67, -63, -24, -82, 28, -96, 83, -114, 126, -128, 127, -128, 127, -128, 127, -128, 127, -128, 127, -128, 127, -128, 127, -128, 127, -128, 127, -128, 127, -128, 117, -128, 87, -128, 68, -128, -83, 58, -83, 57, -77, 65, -70, 74, -70, 80, -76, 84, -86, 81, -90, 79, -85, 77, -82, 66, -83, 45, -75, 24, -70, 3, -75, -24, -74, -50, -72, -72, -83, -93, -96, -113, -104, -128, -116, -127, -128, -121, -128, -119, -128, -108, -128, -82, -128, -56, -128, -47]",esp32_2
CSI_DATA,48055,2025-07-23 16:15:49.713,0,stand,00:00:00:00:00:00,-75,11,0,0,0,0,0,0,0,0,0,-97,0,1,0,3652378425,0,14,0,0,0,104,0,"[0, 0, -128, -128, -128, -128, -128, -128, -128, -128, -128, -121, -115, -109, -67, -93, -15, -77, 34, -64, 83, -50, 127, -35, 127, -21, 127, -2, 127, 21, 127, 34, 127, 38, 127, 45, 127, 50, 127, 49, 127, 38, 127, 25, 127, 7, 127, -16, 127, -38, 127, -51, -86, 18, -92, 30, -90, 37, -87, 42, -92, 46, -100, 50, -101, 54, -93, 54, -88, 42, -87, 23, -78, 5, -59, -19, -43, -48, -31, -69, -25, -81, -20, -98, -13, -119, -9, -128, -13, -128, -26, -128, -45, -128, -59, -128, -81, -128, -114, -128, -128, -128, -128, -128]",esp32_2
CSI_DATA,48056,2025-07-23 16:15:49.733,0,stand,00:00:00:00:00:00,-76,11,0,0,0,0,0,0,0,0,0,-97,0,1,0,3652414501,0,14,0,0,0,104,0,"[0, 0, -128, -128, -128, -128, -128, -128, -128, -128, -104, -128, -77, -128, -40, -106, 0, -79, 40, -53, 86, -32, 127, -13, 127, 11, 127, 38, 127, 67, 127, 90, 127, 101, 127, 102, 127, 101, 127, 97, 127, 84, 127, 68, 127, 45, 127, 14, 127, -11, 127, -26, -92, -27, -91, -16, -92, -9, -97, -4, -102, 5, -107, 14, -108, 11, -105, 2, -99, -6, -84, -18, -64, -27, -45, -37, -27, -56, -11, -69, 7, -77, 24, -95, 34, -117, 42, -128, 43, -128, 32, -128, 16, -128, -1, -128, -23, -128, -49, -128, -77, -128, -99, -128]",esp32_2
CSI_DATA,48057,2025-07-23 16:15:49.759,0,stand,00:00:00:00:00:00,-76,11,0,0,0,0,0,0,0,0,0,-97,0,1,0,3652438863,0,14,0,0,0,104,0,"[0, 0, 97, 127, 100, 127, 88, 127, 70, 127, 49, 127, 29, 127, -3, 105, -35, 69, -63, 30, -97, -16, -125, -61, -128, -101, -128, -128, -128, -128, -128, -128, -128, -128, -128, -128, -128, -128, -128, -128, -128, -128, -128, -128, -128, -128, -128, -103, -128, -69, -128, -48, 86, 23, 90, 18, 93, 7, 95, 1, 97, -2, 101, -6, 104, -4, 106, 4, 98, 9, 76, 13, 56, 23, 43, 39, 26, 55, 8, 72, -10, 85, -29, 91, -46, 101, -59, 114, -66, 127, -63, 127, -55, 127, -47, 127, -29, 127, 0, 127, 29, 127, 50, 127]",esp32_2
CSI_DATA,149537,2025-07-23 16:15:49.776,0,stand,00:00:00:00:00:00,-63,11,0,0,0,0,0,0,0,0,0,-97,0,1,0,737550104,0,14,0,0,0,104,0,"[0, 0, -1, -123, -9, -88, -26, -53, -50, -20, -77, 6, -103, 25, -128, 36, -128, 37, -128, 38, -128, 38, -128, 31, -128, 18, -128, 1, -128, -14, -128, -20, -127, -16, -106, -9, -89, 2, -72, 17, -61, 33, -56, 50, -54, 67, -59, 79, -73, 85, -86, 87, 43, -76, 52, -85, 62, -93, 71, -99, 82, -101, 93, -102, 95, -98, 92, -94, 84, -91, 71, -91, 57, -96, 41, -99, 22, -103, 6, -115, -8, -128, -21, -128, -32, -128, -45, -128, -56, -128, -58, -128, -54, -128, -48, -128, -42, -128, -37, -128, -27, -128, -18, -128]",esp32_1
CSI_DATA,48058,2025-07-23 16:15:49.776,0,stand,00:00:00:00:00:00,-76,11,0,0,0,0,0,0,0,0,0,-97,0,1,0,3652463264,0,14,0,0,0,104,0,"[0, 0, -128, -128, -128, -128, -128, -128, -118, -128, -94, -128, -64, -128, -33, -127, 6, -96, 55, -63, 104, -28, 127, 5, 127, 31, 127, 55, 127, 75, 127, 92, 127, 111, 127, 119, 127, 114, 127, 106, 127, 92, 127, 76, 127, 58, 127, 32, 127, 2, 127, -19, -83, -50, -90, -39, -96, -23, -100, -15, -105, -17, -109, -13, -113, -3, -115, -2, -105, -14, -82, -32, -63, -46, -48, -60, -27, -76, -7, -88, 13, -102, 38, -116, 53, -127, 56, -128, 54, -128, 53, -128, 48, -128, 27, -128, 4, -128, -17, -128, -45, -128, -71, -128]",esp32_2
CSI_DATA,48059,2025-07-23 16:15:49.798,0,stand,00:00:00:00:00:00,-75,11,0,0,0,0,0,0,0,0,0,-97,0,1,0,3652498898,0,14,0,0,0,104,0,"[0, 0, 127, 127, 127, 127, 127, 127, 127, 127, 127, 127, 105, 117, 59, 102, 18, 90, -24, 84, -74, 68, -128, 44, -128, 29, -128, 23, -128, 12, -128, -1, -128, -12, -128, -16, -128, -17, -128, -19, -128, -13, -128, 6, -128, 23, -128, 36, -128, 59, -128, 79, 95, 8, 99, 2, 96, -9, 94, -18, 103, -24, 115, -28, 119, -22, 116, -14, 116, -14, 122, -6, 113, 12, 88, 34, 70, 56, 60, 76, 44, 91, 30, 110, 21, 127, 15, 127, 11, 127, 18, 127, 30, 127, 46, 127, 69, 127, 96, 127, 127, 127, 127, 127]",esp32_2
CSI_DATA,149538,2025-07-23 16:15:49.818,0,stand,00:00:00:00:00:00,-63,11,0,0,0,0,0,0,0,0,0,-97,0,1,0,737559849,0,14,0,0,0,104,0,"[0, 0, 119, 39, 86, 16, 59, -11, 36, -44, 17, -79, 7, -111, 4, -128, 9, -128, 15, -128, 22, -128, 32, -128, 41, -128, 52, -128, 61, -128, 60, -128, 51, -118, 40, -100, 24, -86, 5, -76, -15, -72, -35, -73, -52, -78, -60, -86, -62, -97, -61, -106, 55, 70, 59, 79, 63, 91, 66, 104, 66, 114, 62, 121, 57, 123, 55, 121, 56, 116, 59, 106, 64, 92, 74, 76, 90, 61, 108, 47, 125, 34, 127, 26, 127, 21, 127, 18, 127, 16, 127, 19, 127, 27, 127, 38, 127, 48, 127, 55, 127, 62, 127, 69]",esp32_1
CSI_DATA,48060,2025-07-23 16:15:49.822,0,stand,00:00:00:00:00:00,-75,11,0,0,0,0,0,0,0,0,0,-97,0,1,0,3652536635,0,14,0,0,0,104,0,"[0, 0, 127, -104, 127, -107, 127, -99, 127, -83, 127, -60, 127, -39, 123, -7, 78, 29, 30, 60, -14, 91, -57, 126, -100, 127, -128, 127, -128, 127, -128, 127, -128, 127, -128, 127, -128, 127, -128, 127, -128, 127, -128, 127, -128, 127, -122, 127, -86, 127, -62, 127, 23, -80, 11, -85, 5, -94, -1, -100, -8, -100, -6, -103, 0, -109, 7, -110, 20, -104, 34, -92, 44, -75, 47, -51, 52, -26, 70, -6, 89, 16, 96, 39, 107, 52, 124, 61, 127, 72, 127, 78, 127, 71, 127, 49, 127, 22, 127, -1, 127, -27, 127, -50]",esp32_2
CSI_DATA,149539,2025-07-23 16:15:49.842,0,stand,00:00:00:00:00:00,-62,11,0,0,0,0,0,0,0,0,0,-97,0,1,0,737569784,0,14,0,0,0,104,0,"[0, 0, -13, 125, -1, 89, 22, 54, 46, 25, 71, 1, 98, -17, 125, -27, 127, -31, 127, -30, 127, -22, 127, -12, 127, -2, 127, 7, 127, 17, 127, 21, 124, 19, 103, 12, 87, 1, 73, -15, 63, -33, 58, -48, 59, -63, 66, -74, 78, -81, 87, -81, -56, 70, -61, 77, -70, 84, -81, 88, -92, 90, -100, 89, -103, 87, -100, 85, -93, 83, -82, 83, -70, 86, -55, 91, -38, 98, -23, 109, -7, 126, 7, 127, 19, 127, 29, 127, 34, 127, 35, 127, 33, 127, 27, 127, 19, 127, 10, 127, 0, 127, -8, 127]",esp32_1
CSI_DATA,48061,2025-07-23 16:15:49.850,0,stand,00:00:00:00:00:00,-75,11,0,0,0,0,0,0,0,0,0,-97,0,1,0,3652573169,0,14,0,0,0,104,0,"[0, 0, 127, -128, 123, -128, 117, -128, 116, -128, 109, -128, 98, -122, 89, -81, 76, -35, 63, 18, 56, 77, 47, 127, 33, 127, 16, 127, 3, 127, -6, 127, -16, 127, -26, 127, -34, 127, -35, 127, -26, 127, -9, 127, 10, 127, 26, 127, 43, 127, 60, 127, -17, -87, -26, -86, -35, -86, -44, -89, -53, -92, -56, -92, -53, -95, -43, -99, -33, -97, -22, -91, -6, -77, 14, -63, 37, -53, 65, -40, 89, -32, 107, -22, 126, -14, 127, -14, 127, -18, 127, -30, 127, -45, 127, -62, 127, -88, 127, -120, 127, -128, 127, -128]",esp32_2
CSI_DATA,48062,2025-07-23 16:15:49.872,0,stand,00:00:00:00:00:00,-75,11,0,0,0,0,0,0,0,0,0,-97,0,1,0,3652614930,0,14,0,0,0,104,0,"[0, 0, 127, 43, 127, 35, 127, 36, 127, 39, 127, 45, 127, 48, 94, 49, 52, 59, -1, 70, -57, 78, -107, 86, -128, 94, -128, 99, -128, 96, -128, 93, -128, 94, -128, 91, -128, 84, -128, 79, -128, 79, -128, 80, -128, 83, -128, 90, -128, 102, -108, 110, 79, -41, 72, -53, 65, -63, 64, -71, 67, -80, 73, -85, 80, -82, 82, -79, 82, -76, 76, -62, 70, -36, 64, -4, 56, 22, 52, 44, 52, 65, 54, 84, 57, 105, 64, 126, 73, 127, 82, 127, 93, 127, 111, 127, 127, 127, 127, 120, 127, 104, 127, 95]",esp32_2
CSI_DATA,149540,2025-07-23 16:15:49.875,0,stand,00:00:00:00:00:00,-62,11,0,0,0,0,0,0,0,0,0,-97,0,1,0,737579761,0,14,0,0,0,104,0,"[0, 0, -76, 105, -44, 80, -9, 60, 24, 50, 58, 43, 91, 40, 120, 43, 127, 54, 127, 68, 127, 82, 127, 95, 127, 103, 127, 106, 127, 105, 112, 97, 96, 85, 82, 67, 71, 46, 66, 25, 67, 7, 76, -6, 86, -17, 97, -23, 109, -22, 118, -18, -81, 40, -91, 41, -104, 39, -115, 38, -124, 36, -128, 32, -128, 28, -126, 24, -122, 26, -115, 31, -104, 41, -91, 53, -84, 67, -78, 86, -72, 108, -67, 127, -66, 127, -69, 127, -77, 127, -85, 127, -94, 127, -106, 127, -121, 127, -128, 127, -128, 127, -128, 127]",esp32_1
CSI_DATA,48063,2025-07-23 16:15:49.894,0,stand,00:00:00:00:00:00,-75,11,0,0,0,0,0,0,0,0,0,-97,0,1,0,3652644198,0,14,0,116,-91,104,0,"[0, 0, -128, -127, -128, -114, -128, -109, -128, -111, -128, -105, -101, -92, -66, -84, -24, -78, 18, -70, 62, -62, 113, -61, 127, -54, 127, -44, 127, -35, 127, -25, 127, -12, 127, -8, 127, -13, 127, -19, 127, -24, 127, -26, 127, -37, 127, -59, 127, -78, 118, -92, -83, -16, -85, -5, -88, 7, -92, 19, -96, 20, -102, 20, -102, 25, -103, 23, -102, 13, -96, 2, -84, -10, -72, -33, -59, -56, -43, -72, -27, -87, -14, -102, -10, -116, -10, -127, -10, -128, -9, -128, -19, -128, -37, -128, -57, -128, -88, -128, -120, -128, -128, -128]",esp32_2
CSI_DATA,149541,2025-07-23 16:15:49.904,0,stand,00:00:00:00:00:00,-62,11,0,0,0,0,0,0,0,0,0,-97,0,1,0,737589783,0,14,0,0,0,104,0,"[0, 0, 5, 126, 14, 88, 32, 51, 51, 20, 72, -7, 97, -29, 123, -43, 127, -49, 127, -49, 127, -43, 127, -34, 127, -24, 127, -14, 127, -5, 127, 1, 126, 3, 105, -1, 87, -12, 72, -27, 59, -41, 51, -55, 51, -70, 56, -81, 67, -88, 77, -92, -50, 77, -55, 83, -64, 90, -74, 96, -84, 99, -91, 99, -92, 97, -91, 93, -86, 89, -77, 88, -62, 93, -45, 97, -29, 100, -12, 110, 7, 127, 24, 127, 37, 127, 48, 127, 56, 127, 60, 127, 59, 127, 53, 127, 44, 127, 33, 127, 22, 127, 14, 127]",esp32_1
CSI_DATA,48064,2025-07-23 16:15:49.915,0,stand,00:00:00:00:00:00,-75,11,0,0,0,0,0,0,0,0,0,-97,0,1,0,3652669596,0,14,0,0,0,104,0,"[0, 0, -70, 127, -63, 127, -59, 127, -61, 127, -57, 103, -52, 75, -55, 51, -55, 23, -49, -10, -46, -43, -48, -78, -46, -110, -47, -128, -46, -128, -41, -128, -39, -128, -39, -128, -40, -128, -41, -128, -39, -128, -41, -128, -48, -123, -53, -110, -60, -90, -64, -72, 7, 54, 12, 55, 18, 54, 27, 52, 33, 53, 34, 59, 31, 66, 28, 70, 22, 68, 11, 57, 3, 44, -7, 37, -20, 35, -35, 31, -50, 25, -64, 19, -76, 19, -89, 25, -101, 31, -105, 38, -102, 46, -100, 55, -101, 68, -95, 84, -85, 101, -85, 112]",esp32_2
CSI_DATA,149542,2025-07-23 16:15:49.935,0,stand,00:00:00:00:00:00,-62,11,0,0,0,0,0,0,0,0,0,-97,0,1,0,737599796,0,14,0,0,0,104,0,"[0, 0, 98, 74, 78, 44, 66, 12, 56, -23, 53, -57, 57, -87, 66, -113, 80, -128, 94, -128, 107, -128, 117, -128, 124, -128, 127, -127, 127, -110, 117, -94, 101, -79, 84, -66, 64, -62, 43, -64, 25, -69, 12, -77, 4, -87, 3, -98, 9, -109, 14, -117, 41, 75, 43, 85, 44, 98, 45, 109, 42, 120, 37, 127, 31, 127, 27, 126, 29, 121, 35, 112, 43, 102, 54, 91, 69, 81, 89, 74, 108, 71, 127, 70, 127, 73, 127, 76, 127, 81, 127, 89, 127, 99, 127, 112, 127, 126, 127, 127, 127, 127, 127, 127]",esp32_1
CSI_DATA,48065,2025-07-23 16:15:49.941,0,stand,00:00:00:00:00:00,-75,11,0,0,0,0,0,0,0,0,0,-97,0,1,0,3652725261,0,14,0,0,0,104,0,"[0, 0, -128, -112, -128, -104, -128, -101, -128, -99, -128, -91, -128, -87, -86, -86, -31, -87, 24, -88, 80, -80, 127, -72, 127, -71, 127, -69, 127, -62, 127, -57, 127, -53, 127, -48, 127, -46, 127, -47, 127, -49, 127, -52, 127, -64, 127, -77, 127, -88, 127, -94, -105, 11, -99, 23, -93, 37, -94, 46, -102, 52, -110, 59, -116, 59, -114, 53, -110, 42, -102, 24, -89, 3, -78, -20, -67, -49, -57, -80, -46, -105, -35, -126, -25, -128, -13, -128, -16, -128, -32, -128, -47, -128, -68, -128, -99, -128, -128, -128, -128, -128, -128, -128]",esp32_2
CSI_DATA,48066,2025-07-23 16:15:49.963,0,stand,00:00:00:00:00:00,-75,11,0,0,0,0,0,0,0,0,0,-97,0,1,0,3652745267,0,14,0,0,0,104,0,"[0, 0, -114, -128, -114, -128, -109, -128, -98, -128, -80, -128, -55, -128, -22, -128, 18, -104, 64, -71, 104, -42, 127, -19, 127, 8, 127, 37, 127, 57, 127, 72, 127, 83, 127, 85, 127, 86, 127, 84, 127, 69, 127, 49, 127, 26, 127, 3, 127, -20, 127, -39, -64, -75, -73, -70, -80, -60, -86, -55, -95, -58, -98, -56, -100, -52, -106, -51, -101, -58, -80, -68, -52, -75, -35, -85, -25, -96, -7, -99, 15, -105, 38, -116, 63, -126, 83, -128, 84, -128, 77, -128, 70, -128, 55, -128, 33, -128, 9, -128, -20, -128, -45, -128]",esp32_2
CSI_DATA,48067,2025-07-23 16:15:49.985,0,stand,00:00:00:00:00:00,-75,11,0,0,0,0,0,0,0,0,0,-97,0,1,0,3652783418,0,14,0,0,0,104,0,"[0, 0, 59, 127, 67, 127, 67, 127, 50, 127, 26, 127, 8, 127, -13, 124, -41, 83, -71, 31, -102, -22, -128, -71, -128, -114, -128, -128, -128, -128, -128, -128, -128, -128, -128, -128, -128, -128, -128, -128, -128, -128, -128, -128, -128, -128, -128, -125, -128, -88, -128, -59, 82, 45, 82, 41, 86, 37, 92, 32, 99, 28, 99, 27, 100, 27, 105, 31, 98, 40, 79, 47, 58, 56, 36, 68, 14, 77, -13, 85, -41, 96, -63, 99, -81, 97, -99, 111, -108, 127, -107, 127, -99, 127, -84, 127, -68, 127, -51, 127, -23, 127, 7, 127]",esp32_2
CSI_DATA,48068,2025-07-23 16:15:50.001,0,stand,00:00:00:00:00:00,-75,11,0,0,0,0,0,0,0,0,0,-97,0,1,0,3652820364,0,14,0,0,0,104,0,"[0, 0, -128, -128, -128, -128, -128, -128, -128, -128, -122, -128, -95, -114, -61, -96, -15, -84, 36, -64, 86, -38, 127, -16, 127, 6, 127, 29, 127, 43, 127, 54, 127, 70, 127, 84, 127, 84, 127, 75, 127, 64, 127, 48, 127, 25, 127, -3, 127, -29, 127, -44, -91, -12, -97, -8, -99, -1, -101, 11, -104, 24, -107, 33, -109, 32, -110, 23, -104, 11, -87, -6, -74, -22, -63, -38, -48, -55, -29, -69, -12, -92, 1, -117, 15, -128, 27, -128, 24, -128, 12, -128, 0, -128, -16, -128, -36, -128, -64, -128, -100, -128, -128, -128]",esp32_2
CSI_DATA,149544,2025-07-23 16:15:50.014,0,stand,00:00:00:00:00:00,-63,11,0,0,0,0,0,0,0,0,0,-97,0,1,0,737619777,0,14,0,0,0,104,0,"[0, 0, -112, 39, -76, 37, -40, 39, -7, 50, 25, 66, 50, 83, 68, 101, 80, 117, 86, 127, 85, 127, 79, 127, 71, 127, 59, 127, 45, 127, 36, 127, 30, 118, 27, 95, 29, 74, 37, 56, 48, 43, 63, 34, 79, 31, 91, 32, 98, 39, 101, 47, -80, -16, -90, -22, -101, -31, -108, -39, -114, -46, -114, -51, -110, -54, -107, -56, -105, -52, -104, -43, -100, -30, -97, -13, -100, 3, -106, 20, -114, 41, -123, 63, -128, 83, -128, 97, -128, 108, -128, 115, -128, 118, -128, 117, -128, 112, -128, 103, -128, 89, -128, 74]",esp32_1
CSI_DATA,48069,2025-07-23 16:15:50.030,0,stand,00:00:00:00:00:00,-75,11,0,0,0,0,0,0,0,0,0,-97,0,1,0,3652856346,0,14,0,0,0,104,0,"[0, 0, -128, 127, -128, 127, -128, 127, -128, 127, -128, 127, -128, 103, -107, 58, -84, 10, -60, -41, -37, -92, -16, -128, 6, -128, 33, -128, 61, -128, 82, -128, 93, -128, 98, -128, 97, -128, 89, -128, 79, -128, 66, -128, 43, -128, 13, -128, -15, -128, -35, -128, -4, 90, 3, 89, 15, 93, 29, 95, 37, 92, 36, 94, 32, 99, 27, 103, 19, 102, 5, 97, -17, 85, -36, 66, -54, 49, -75, 32, -91, 14, -109, 1, -128, -9, -128, -15, -128, -13, -128, -5, -128, 9, -128, 25, -128, 47, -128, 81, -128, 114, -128, 127]",esp32_2
CSI_DATA,149545,2025-07-23 16:15:50.046,0,stand,00:00:00:00:00:00,-63,11,0,0,0,0,0,0,0,0,0,-97,0,1,0,737629820,0,14,0,0,0,104,0,"[0, 0, 109, -45, 72, -42, 36, -42, 1, -53, -30, -67, -54, -83, -75, -100, -89, -115, -95, -128, -96, -128, -91, -128, -80, -128, -67, -128, -54, -128, -45, -128, -36, -116, -31, -96, -32, -75, -40, -55, -51, -40, -66, -31, -80, -26, -92, -26, -101, -31, -105, -38, 79, 16, 88, 21, 99, 29, 107, 38, 112, 46, 113, 51, 111, 54, 106, 53, 103, 49, 101, 40, 96, 28, 94, 14, 98, -4, 106, -24, 113, -43, 120, -63, 127, -82, 127, -101, 127, -114, 127, -120, 127, -123, 127, -123, 127, -119, 127, -109, 127, -93, 127, -79]",esp32_1
CSI_DATA,48070,2025-07-23 16:15:50.053,0,stand,00:00:00:00:00:00,-75,11,0,0,0,0,0,0,0,0,0,-97,0,1,0,3652905295,0,14,0,158,68,104,0,"[0, 0, 72, 127, 79, 127, 74, 127, 61, 127, 46, 127, 19, 127, -14, 112, -37, 65, -62, 16, -92, -29, -119, -74, -128, -125, -128, -128, -128, -128, -128, -128, -128, -128, -128, -128, -128, -128, -128, -128, -128, -128, -128, -128, -128, -128, -128, -128, -128, -109, -128, -87, 79, 26, 83, 22, 88, 18, 96, 9, 108, -2, 112, -7, 108, -2, 104, 7, 99, 19, 85, 32, 63, 42, 39, 56, 17, 71, -7, 83, -32, 93, -55, 100, -72, 111, -84, 121, -89, 127, -87, 127, -79, 127, -65, 127, -45, 127, -27, 127, 1, 127, 30, 127]",esp32_2
CSI_DATA,149546,2025-07-23 16:15:50.071,0,stand,00:00:00:00:00:00,-63,11,0,0,0,0,0,0,0,0,0,-97,0,1,0,737639788,0,14,0,0,0,104,0,"[0, 0, -81, 87, -50, 68, -14, 53, 20, 46, 51, 43, 83, 43, 110, 50, 127, 59, 127, 69, 127, 81, 127, 94, 127, 103, 127, 108, 118, 106, 102, 98, 86, 85, 71, 67, 63, 47, 62, 27, 64, 9, 71, -6, 80, -17, 91, -21, 103, -20, 111, -16, -78, 24, -88, 22, -101, 18, -112, 15, -121, 12, -125, 8, -124, 4, -120, 2, -115, 4, -109, 10, -101, 21, -92, 36, -86, 51, -82, 69, -78, 90, -76, 113, -80, 127, -89, 127, -97, 127, -106, 127, -116, 127, -126, 127, -128, 127, -128, 127, -128, 127, -128, 127]",esp32_1
CSI_DATA,48071,2025-07-23 16:15:50.075,0,stand,00:00:00:00:00:00,-75,11,0,0,0,0,0,0,0,0,0,-97,0,1,0,3652919406,0,14,0,108,59,104,0,"[0, 0, 127, -128, 127, -128, 127, -128, 127, -128, 127, -128, 118, -115, 105, -72, 92, -23, 70, 32, 44, 85, 24, 127, 3, 127, -18, 127, -38, 127, -57, 127, -67, 127, -73, 127, -77, 127, -77, 127, -68, 127, -50, 127, -27, 127, 0, 127, 25, 127, 47, 127, -18, -86, -21, -91, -29, -96, -38, -96, -47, -97, -49, -102, -45, -105, -36, -100, -25, -93, -13, -93, 6, -87, 28, -75, 46, -61, 70, -46, 96, -31, 117, -14, 127, -3, 127, 2, 127, 5, 127, -2, 127, -18, 127, -37, 127, -65, 127, -104, 127, -128, 127, -128]",esp32_2
CSI_DATA,48072,2025-07-23 16:15:50.096,0,stand,00:00:00:00:00:00,-75,11,0,0,0,0,0,0,0,0,0,-97,0,1,0,3652923629,0,14,0,0,0,104,0,"[0, 0, -46, 127, -43, 127, -40, 127, -38, 125, -38, 107, -42, 84, -43, 56, -41, 26, -42, -6, -42, -38, -42, -68, -42, -101, -39, -128, -36, -128, -35, -128, -30, -128, -24, -128, -21, -128, -19, -128, -18, -128, -23, -128, -31, -128, -40, -109, -49, -90, -58, -77, 22, 43, 28, 44, 31, 41, 35, 37, 43, 37, 47, 40, 44, 42, 38, 44, 32, 44, 23, 44, 14, 43, 3, 41, -14, 38, -32, 34, -47, 29, -60, 27, -71, 29, -81, 32, -89, 35, -92, 42, -94, 51, -93, 61, -87, 72, -78, 87, -70, 103, -67, 114]",esp32_2
CSI_DATA,149547,2025-07-23 16:15:50.103,0,stand,00:00:00:00:00:00,-63,11,0,0,0,0,0,0,0,0,0,-97,0,1,0,737652721,0,14,0,0,0,104,0,"[0, 0, 34, 121, 36, 81, 46, 42, 56, 6, 70, -26, 89, -51, 112, -70, 127, -81, 127, -84, 127, -82, 127, -77, 127, -67, 127, -52, 127, -39, 127, -30, 127, -24, 106, -24, 86, -29, 68, -40, 53, -53, 43, -66, 41, -80, 45, -92, 55, -101, 65, -105, -19, 88, -23, 96, -30, 106, -37, 115, -46, 122, -54, 123, -57, 120, -57, 118, -52, 115, -42, 110, -29, 110, -13, 110, 6, 109, 28, 113, 48, 124, 67, 127, 87, 127, 104, 127, 118, 127, 124, 127, 124, 127, 122, 127, 116, 127, 103, 127, 87, 127, 75, 127]",esp32_1
CSI_DATA,48073,2025-07-23 16:15:50.118,0,stand,00:00:00:00:00:00,-76,11,0,0,0,0,0,0,0,0,0,-97,0,1,0,3652972855,0,14,0,0,0,104,0,"[0, 0, -30, -128, -37, -128, -32, -128, -21, -128, -12, -118, 0, -96, 15, -76, 28, -49, 40, -21, 58, 7, 78, 37, 93, 65, 102, 93, 113, 118, 120, 127, 122, 127, 122, 127, 117, 127, 114, 127, 109, 127, 102, 112, 95, 94, 91, 72, 91, 52, 88, 38, -39, -36, -41, -33, -47, -32, -54, -33, -59, -30, -62, -26, -61, -28, -57, -33, -49, -37, -40, -36, -29, -33, -15, -36, -3, -42, 12, -44, 32, -46, 49, -50, 62, -56, 70, -64, 69, -71, 67, -77, 65, -84, 61, -93, 54, -104, 43, -118, 28, -128, 14, -128]",esp32_2
CSI_DATA,149548,2025-07-23 16:15:50.128,0,stand,00:00:00:00:00:00,-63,11,0,0,0,0,0,0,0,0,0,-97,0,1,0,737663758,0,14,0,0,0,104,0,"[0, 0, 120, 20, 81, 3, 49, -18, 21, -46, -5, -75, -24, -104, -34, -128, -35, -128, -34, -128, -29, -128, -21, -128, -11, -128, 3, -128, 14, -128, 16, -128, 14, -125, 8, -104, -2, -86, -17, -71, -36, -60, -56, -55, -74, -54, -85, -58, -92, -69, -95, -81, 60, 63, 65, 75, 69, 89, 72, 102, 71, 112, 67, 118, 62, 120, 58, 117, 58, 110, 63, 98, 69, 83, 78, 66, 93, 49, 111, 35, 127, 21, 127, 8, 127, -1, 127, -9, 127, -14, 127, -14, 127, -11, 127, -5, 127, 4, 127, 13, 127, 23, 127, 30]",esp32_1
CSI_DATA,48074,2025-07-23 16:15:50.141,0,stand,00:00:00:00:00:00,-76,11,0,0,0,0,0,0,0,0,0,-97,0,1,0,3652984124,0,14,0,0,0,104,0,"[0, 0, -128, -128, -128, -128, -128, -128, -128, -128, -108, -128, -72, -128, -30, -128, 15, -95, 53, -62, 97, -26, 127, 12, 127, 46, 127, 78, 127, 108, 127, 127, 127, 127, 127, 127, 127, 127, 127, 127, 127, 127, 127, 116, 127, 88, 127, 58, 127, 24, 127, -3, -101, -25, -99, -18, -101, -12, -108, -12, -116, -8, -116, 4, -114, 7, -116, 0, -112, -13, -97, -26, -74, -34, -50, -49, -29, -70, -8, -91, 11, -110, 28, -121, 44, -128, 57, -128, 66, -128, 62, -128, 45, -128, 25, -128, -2, -128, -34, -128, -65, -128, -89, -128]",esp32_2
CSI_DATA,149549,2025-07-23 16:15:50.160,0,stand,00:00:00:00:00:00,-62,11,0,0,0,0,0,0,0,0,0,-97,0,1,0,737669783,0,14,0,0,0,104,0,"[0, 0, -128, 0, -90, 11, -55, 27, -26, 51, -2, 78, 15, 104, 23, 127, 26, 127, 25, 127, 20, 127, 11, 127, 1, 127, -11, 127, -21, 127, -25, 127, -23, 125, -17, 103, -6, 84, 11, 71, 29, 62, 45, 60, 59, 63, 70, 70, 74, 81, 73, 92, -78, -40, -86, -49, -96, -61, -102, -72, -104, -81, -102, -88, -98, -91, -92, -91, -90, -85, -91, -75, -92, -62, -97, -47, -106, -29, -118, -11, -128, 5, -128, 20, -128, 33, -128, 44, -128, 50, -128, 50, -128, 47, -128, 41, -128, 33, -128, 25, -128, 14, -128, 3]",esp32_1
CSI_DATA,48075,2025-07-23 16:15:50.160,0,stand,00:00:00:00:00:00,-76,11,0,0,0,0,0,0,0,0,0,-97,0,1,0,3653006580,0,14,0,0,0,104,0,"[0, 0, -59, -128, -59, -128, -52, -128, -42, -128, -26, -128, -5, -128, 22, -103, 43, -61, 61, -26, 90, 14, 125, 62, 127, 110, 127, 127, 127, 127, 127, 127, 127, 127, 127, 127, 127, 127, 127, 127, 127, 127, 127, 127, 127, 127, 127, 118, 127, 81, 127, 50, -72, -51, -71, -41, -74, -33, -86, -33, -96, -32, -96, -26, -94, -27, -94, -35, -89, -42, -76, -47, -60, -55, -38, -64, -5, -71, 26, -80, 47, -85, 63, -86, 79, -96, 96, -109, 102, -118, 102, -128, 99, -128, 89, -128, 75, -128, 53, -128, 20, -128, -6, -128]",esp32_2
CSI_DATA,48076,2025-07-23 16:15:50.188,0,stand,00:00:00:00:00:00,-74,11,0,0,0,0,0,0,0,0,0,-97,0,1,0,3653021779,0,14,0,0,0,104,0,"[0, 0, 127, -128, 127, -128, 127, -128, 127, -128, 127, -128, 113, -124, 99, -79, 88, -27, 74, 28, 57, 83, 41, 127, 24, 127, 9, 127, -7, 127, -22, 127, -37, 127, -49, 127, -53, 127, -51, 127, -41, 127, -22, 127, 0, 127, 20, 127, 38, 127, 55, 127, -6, -96, -10, -93, -21, -96, -35, -98, -38, -100, -36, -102, -35, -103, -31, -106, -24, -106, -8, -99, 15, -83, 32, -64, 50, -49, 76, -33, 98, -19, 116, -7, 127, 5, 127, 13, 127, 11, 127, -2, 127, -21, 127, -38, 127, -60, 127, -95, 127, -128, 127, -128]",esp32_2
CSI_DATA,48078,2025-07-23 16:15:50.236,0,stand,00:00:00:00:00:00,-75,11,0,0,0,0,0,0,0,0,0,-97,0,1,0,3653095791,0,14,0,0,0,104,0,"[0, 0, -3, 127, 1, 127, 2, 127, -1, 127, -7, 121, -16, 95, -24, 66, -35, 36, -47, 7, -58, -20, -69, -50, -79, -82, -87, -111, -91, -128, -95, -128, -97, -128, -92, -128, -87, -128, -86, -128, -87, -128, -87, -127, -83, -110, -80, -90, -81, -71, -80, -56, 31, 44, 37, 42, 42, 39, 47, 35, 52, 32, 52, 32, 49, 35, 48, 39, 45, 44, 36, 43, 21, 41, 5, 44, -11, 48, -25, 49, -39, 47, -54, 48, -70, 51, -80, 54, -83, 58, -83, 64, -83, 74, -78, 87, -67, 100, -52, 113, -40, 127, -35, 127]",esp32_2
CSI_DATA,149551,2025-07-23 16:15:50.244,0,stand,00:00:00:00:00:00,-62,11,0,0,0,0,0,0,0,0,0,-97,0,1,0,737689847,0,14,0,0,0,104,0,"[0, 0, 124, 94, 95, 52, 74, 9, 60, -35, 52, -77, 53, -115, 62, -128, 79, -128, 97, -128, 112, -128, 124, -128, 127, -128, 127, -128, 127, -128, 127, -128, 114, -113, 91, -96, 67, -86, 43, -83, 17, -87, -3, -95, -15, -108, -19, -122, -15, -128, -9, -128, 47, 95, 50, 107, 52, 126, 52, 127, 48, 127, 40, 127, 33, 127, 30, 127, 31, 127, 38, 127, 49, 127, 65, 115, 85, 100, 110, 88, 127, 82, 127, 81, 127, 87, 127, 92, 127, 96, 127, 105, 127, 118, 127, 127, 127, 127, 127, 127, 127, 127, 127, 127]",esp32_1
CSI_DATA,48079,2025-07-23 16:15:50.265,0,stand,00:00:00:00:00:00,-75,11,0,0,0,0,0,0,0,0,0,-97,0,1,0,3653129518,0,14,0,0,0,104,0,"[0, 0, -128, -85, -128, -81, -128, -78, -128, -68, -128, -61, -128, -63, -93, -70, -56, -75, -8, -80, 55, -85, 118, -84, 127, -82, 127, -85, 127, -86, 127, -87, 127, -90, 127, -89, 127, -85, 127, -84, 127, -84, 127, -84, 127, -84, 127, -89, 127, -101, 124, -112, -101, 17, -100, 30, -92, 46, -86, 57, -90, 65, -96, 68, -103, 63, -110, 60, -110, 52, -103, 36, -100, 18, -91, -10, -74, -39, -65, -53, -65, -73, -63, -103, -61, -125, -63, -128, -68, -128, -83, -128, -91, -128, -99, -128, -120, -128, -128, -128, -128, -128, -128, -126]",esp32_2
CSI_DATA,149552,2025-07-23 16:15:50.277,0,stand,00:00:00:00:00:00,-62,11,0,0,0,0,0,0,0,0,0,-97,0,1,0,737699788,0,14,0,0,0,104,0,"[0, 0, -87, 94, -52, 74, -16, 60, 20, 54, 55, 54, 86, 57, 114, 64, 127, 75, 127, 89, 127, 105, 127, 120, 127, 127, 127, 127, 111, 126, 95, 115, 80, 99, 68, 78, 62, 56, 63, 35, 69, 18, 78, 6, 90, -2, 101, -5, 111, -2, 118, 3, -83, 33, -93, 33, -106, 30, -118, 28, -128, 26, -128, 22, -128, 16, -128, 13, -123, 14, -116, 20, -107, 32, -97, 45, -91, 59, -88, 79, -83, 102, -79, 125, -82, 127, -90, 127, -99, 127, -108, 127, -120, 127, -128, 127, -128, 127, -128, 127, -128, 127, -128, 127]",esp32_1
CSI_DATA,48080,2025-07-23 16:15:50.287,0,stand,00:00:00:00:00:00,-75,11,0,0,0,0,0,0,0,0,0,-97,0,1,0,3653154335,0,14,0,0,0,104,0,"[0, 0, 53, 127, 54, 127, 42, 127, 26, 127, 16, 127, -1, 127, -22, 109, -40, 65, -61, 23, -86, -21, -113, -66, -128, -109, -128, -128, -128, -128, -128, -128, -128, -128, -128, -128, -128, -128, -128, -128, -128, -128, -128, -128, -128, -128, -128, -122, -128, -85, -128, -58, 66, 50, 70, 49, 75, 44, 81, 42, 90, 40, 96, 36, 94, 35, 90, 37, 84, 43, 72, 46, 55, 45, 30, 56, -1, 69, -29, 74, -52, 78, -69, 82, -86, 84, -99, 91, -102, 107, -103, 120, -99, 127, -87, 127, -76, 127, -55, 127, -26, 127, -3, 127]",esp32_2
CSI_DATA,149553,2025-07-23 16:15:50.307,0,stand,00:00:00:00:00:00,-63,11,0,0,0,0,0,0,0,0,0,-97,0,1,0,737709784,0,14,0,0,0,104,0,"[0, 0, -69, -94, -57, -60, -51, -25, -48, 10, -51, 45, -60, 76, -74, 98, -89, 113, -104, 121, -116, 126, -123, 125, -128, 118, -128, 106, -128, 92, -119, 78, -101, 66, -82, 58, -61, 54, -41, 55, -22, 60, -8, 68, 1, 79, 3, 91, -1, 104, -9, 111, -1, -85, 2, -94, 4, -104, 8, -113, 16, -120, 24, -124, 28, -124, 28, -121, 24, -115, 15, -108, 2, -105, -11, -98, -29, -92, -50, -92, -71, -97, -92, -102, -114, -112, -128, -123, -128, -128, -128, -128, -128, -128, -128, -128, -128, -128, -128, -128, -128, -128, -128, -128]",esp32_1
CSI_DATA,48081,2025-07-23 16:15:50.310,0,stand,00:00:00:00:00:00,-75,11,0,0,0,0,0,0,0,0,0,-97,0,1,0,3653181144,0,14,0,0,0,104,0,"[0, 0, -28, 127, -29, 127, -29, 127, -27, 127, -27, 127, -35, 127, -47, 108, -62, 59, -76, 10, -91, -41, -110, -95, -124, -128, -125, -128, -127, -128, -128, -128, -128, -128, -125, -128, -123, -128, -119, -128, -115, -128, -116, -128, -119, -128, -119, -128, -116, -108, -118, -85, 51, 70, 52, 70, 60, 65, 74, 65, 80, 68, 80, 68, 80, 68, 77, 68, 69, 72, 52, 73, 29, 64, 8, 59, -16, 64, -48, 70, -76, 69, -93, 65, -108, 64, -119, 64, -128, 72, -128, 93, -128, 112, -128, 125, -128, 127, -112, 127, -86, 127, -69, 127]",esp32_2
CSI_DATA,149554,2025-07-23 16:15:50.332,0,stand,00:00:00:00:00:00,-63,11,0,0,0,0,0,0,0,0,0,-97,0,1,0,737719833,0,14,0,0,0,104,0,"[0, 0, -54, 127, -27, 101, 9, 66, 44, 41, 78, 23, 114, 13, 127, 9, 127, 11, 127, 19, 127, 32, 127, 46, 127, 59, 127, 68, 127, 73, 127, 71, 127, 62, 110, 45, 94, 25, 85, 4, 79, -18, 81, -37, 88, -50, 98, -61, 113, -65, 126, -64, -82, 67, -92, 71, -104, 73, -117, 73, -128, 73, -128, 72, -128, 68, -128, 64, -128, 62, -119, 67, -102, 76, -86, 86, -73, 97, -62, 116, -47, 127, -33, 127, -26, 127, -23, 127, -23, 127, -28, 127, -37, 127, -47, 127, -60, 127, -73, 127, -82, 127, -85, 127]",esp32_1
CSI_DATA,48082,2025-07-23 16:15:50.332,0,stand,00:00:00:00:00:00,-76,11,0,0,0,0,0,0,0,0,0,-97,0,1,0,3653207264,0,14,0,0,0,104,0,"[0, 0, -91, -128, -100, -128, -95, -128, -81, -128, -61, -128, -35, -128, -7, -123, 26, -83, 61, -43, 95, 0, 127, 38, 127, 71, 127, 107, 127, 127, 127, 127, 127, 127, 127, 127, 127, 127, 127, 127, 127, 127, 127, 127, 127, 113, 127, 83, 127, 50, 127, 26, -74, -46, -78, -44, -83, -36, -86, -32, -93, -28, -103, -19, -106, -22, -102, -32, -93, -39, -77, -44, -56, -51, -37, -64, -17, -78, 11, -83, 38, -91, 56, -104, 74, -115, 92, -125, 96, -128, 92, -128, 87, -128, 75, -128, 53, -128, 26, -128, -1, -128, -23, -128]",esp32_2
CSI_DATA,48083,2025-07-23 16:15:50.355,0,stand,00:00:00:00:00:00,-75,11,0,0,0,0,0,0,0,0,0,-97,0,1,0,3653241387,0,14,0,0,0,104,0,"[0, 0, -128, -128, -128, -128, -128, -128, -128, -128, -128, -123, -99, -108, -55, -92, -11, -78, 33, -63, 79, -41, 127, -23, 127, -9, 127, 15, 127, 37, 127, 48, 127, 59, 127, 66, 127, 69, 127, 67, 127, 58, 127, 45, 127, 27, 127, 5, 127, -19, 127, -38, -90, 6, -89, 11, -85, 18, -84, 23, -91, 33, -96, 44, -95, 40, -96, 30, -92, 19, -81, 10, -67, -2, -53, -27, -38, -51, -22, -67, -14, -84, -6, -98, 6, -117, 15, -128, 13, -128, 6, -128, -4, -128, -25, -128, -51, -128, -78, -128, -111, -128, -128, -128]",esp32_2
CSI_DATA,149555,2025-07-23 16:15:50.364,0,stand,00:00:00:00:00:00,-63,11,0,0,0,0,0,0,0,0,0,-97,0,1,0,737729792,0,14,0,0,0,104,0,"[0, 0, 86, -115, 55, -83, 16, -65, -28, -58, -70, -50, -107, -49, -128, -55, -128, -64, -128, -78, -128, -94, -128, -107, -128, -116, -128, -122, -128, -122, -128, -112, -113, -97, -95, -77, -83, -55, -78, -31, -79, -8, -87, 10, -99, 24, -111, 31, -125, 31, -128, 26, 93, -44, 106, -42, 121, -38, 127, -35, 127, -33, 127, -28, 127, -23, 127, -19, 127, -21, 127, -30, 118, -43, 106, -56, 98, -72, 93, -95, 86, -122, 79, -128, 79, -128, 86, -128, 96, -128, 109, -128, 120, -128, 127, -128, 127, -128, 127, -128, 127, -128, 127, -128]",esp32_1
CSI_DATA,48084,2025-07-23 16:15:50.377,0,stand,00:00:00:00:00:00,-75,11,0,0,0,0,0,0,0,0,0,-97,0,1,0,3653269501,0,14,0,0,0,104,0,"[0, 0, -128, 127, -128, 127, -128, 127, -128, 127, -128, 113, -128, 78, -108, 41, -85, -2, -58, -50, -20, -99, 22, -128, 55, -128, 86, -128, 119, -128, 127, -128, 127, -128, 127, -128, 127, -128, 127, -128, 127, -128, 125, -128, 98, -128, 65, -128, 31, -128, 9, -128, -14, 89, -2, 96, 11, 103, 25, 104, 33, 108, 32, 112, 28, 112, 21, 112, 13, 110, -3, 102, -23, 89, -35, 68, -49, 45, -75, 26, -104, 8, -127, -12, -128, -29, -128, -40, -128, -44, -128, -38, -128, -28, -128, -13, -128, 16, -128, 49, -128, 76, -128, 97]",esp32_2
CSI_DATA,149556,2025-07-23 16:15:50.686,0,stand,00:00:00:00:00:00,-63,11,0,0,0,0,0,0,0,0,0,-97,0,1,0,737739779,0,14,0,0,0,104,0,"[0, 0, -112, 97, -69, 77, -22, 62, 19, 59, 58, 61, 95, 67, 127, 80, 127, 95, 127, 111, 127, 127, 127, 127, 127, 127, 127, 127, 126, 127, 106, 127, 90, 117, 78, 93, 70, 69, 71, 44, 76, 23, 87, 6, 101, -6, 115, -11, 127, -7, 127, 0, -100, 22, -113, 19, -128, 14, -128, 7, -128, 0, -128, -6, -128, -10, -128, -12, -128, -9, -128, 1, -128, 18, -118, 35, -112, 50, -110, 73, -107, 102, -107, 127, -116, 127, -128, 127, -128, 127, -128, 127, -128, 127, -128, 127, -128, 127, -128, 127, -128, 127, -128, 127]",esp32_1
CSI_DATA,149557,2025-07-23 16:15:50.694,0,stand,00:00:00:00:00:00,-63,11,0,0,0,0,0,0,0,0,0,-97,0,1,0,737749773,0,14,0,0,0,104,0,"[0, 0, -92, 115, -55, 92, -14, 69, 26, 55, 65, 50, 103, 48, 127, 53, 127, 63, 127, 75, 127, 89, 127, 106, 127, 117, 127, 123, 127, 122, 127, 114, 111, 100, 94, 77, 84, 53, 81, 30, 81, 7, 87, -10, 98, -23, 111, -31, 123, -30, 127, -25, -97, 38, -108, 37, -122, 33, -128, 31, -128, 29, -128, 25, -128, 19, -128, 16, -128, 18, -128, 25, -121, 39, -108, 56, -101, 72, -95, 92, -88, 119, -82, 127, -86, 127, -95, 127, -103, 127, -113, 127, -124, 127, -128, 127, -128, 127, -128, 127, -128, 127, -128, 127]",esp32_1
CSI_DATA,149560,2025-07-23 16:15:50.715,0,stand,00:00:00:00:00:00,-63,11,0,0,0,0,0,0,0,0,0,-97,0,1,0,737779771,0,14,0,0,0,104,0,"[0, 0, 93, 108, 70, 65, 57, 19, 48, -27, 45, -71, 50, -110, 62, -128, 79, -128, 95, -128, 108, -128, 118, -128, 125, -128, 127, -128, 127, -128, 122, -126, 104, -105, 83, -91, 60, -83, 33, -80, 7, -81, -13, -89, -26, -100, -32, -115, -29, -128, -24, -128, 6, 100, 6, 112, 4, 127, -1, 127, -9, 127, -18, 127, -25, 127, -27, 127, -20, 127, -7, 127, 9, 127, 27, 118, 51, 106, 75, 103, 100, 105, 125, 109, 127, 118, 127, 127, 127, 127, 127, 127, 127, 127, 127, 127, 127, 127, 127, 127, 127, 127, 127, 127]",esp32_1
CSI_DATA,149561,2025-07-23 16:15:50.719,0,stand,00:00:00:00:00:00,-62,11,0,0,0,0,0,0,0,0,0,-97,0,1,0,737789816,0,14,0,0,0,104,0,"[0, 0, -103, 120, -61, 95, -17, 76, 25, 66, 68, 61, 109, 64, 127, 72, 127, 83, 127, 100, 127, 119, 127, 127, 127, 127, 127, 127, 127, 127, 125, 127, 106, 116, 90, 91, 81, 64, 79, 39, 84, 17, 94, 0, 107, -11, 122, -17, 127, -15, 127, -9, -106, 37, -118, 37, -128, 33, -128, 30, -128, 26, -128, 20, -128, 15, -128, 14, -128, 16, -128, 23, -128, 38, -120, 51, -111, 68, -106, 93, -101, 124, -98, 127, -102, 127, -112, 127, -120, 127, -128, 127, -128, 127, -128, 127, -128, 127, -128, 127, -128, 127, -128, 127]",esp32_1
CSI_DATA,149562,2025-07-23 16:15:50.725,0,stand,00:00:00:00:00:00,-62,11,0,0,0,0,0,0,0,0,0,-97,0,1,0,737799776,0,14,0,0,0,104,0,"[0, 0, -55, 117, -29, 89, 3, 64, 35, 45, 66, 33, 98, 24, 127, 24, 127, 30, 127, 40, 127, 52, 127, 66, 127, 77, 127, 84, 127, 85, 127, 78, 108, 68, 90, 53, 78, 35, 71, 15, 70, -3, 76, -17, 84, -29, 93, -36, 104, -36, 113, -33, -70, 56, -79, 59, -90, 61, -101, 62, -111, 62, -117, 59, -118, 56, -117, 54, -113, 53, -105, 55, -92, 63, -78, 72, -67, 82, -56, 98, -45, 119, -36, 127, -32, 127, -33, 127, -36, 127, -42, 127, -48, 127, -57, 127, -69, 127, -80, 127, -86, 127, -87, 127]",esp32_1
CSI_DATA,149563,2025-07-23 16:15:50.732,0,stand,00:00:00:00:00:00,-62,11,0,0,0,0,0,0,0,0,0,-97,0,1,0,737809753,0,14,0,0,0,104,0,"[0, 0, -127, 13, -86, 23, -53, 37, -23, 57, 4, 77, 24, 101, 37, 125, 44, 127, 44, 127, 36, 127, 28, 127, 18, 127, 6, 127, -1, 127, -4, 127, -7, 127, -6, 107, 2, 85, 16, 72, 32, 62, 51, 58, 69, 61, 79, 66, 81, 73, 77, 82, -83, -29, -90, -37, -101, -48, -110, -57, -114, -64, -110, -70, -105, -77, -102, -80, -102, -76, -106, -68, -103, -54, -101, -36, -106, -17, -115, 1, -127, 20, -128, 39, -128, 55, -128, 68, -128, 72, -128, 71, -128, 69, -128, 66, -128, 62, -128, 53, -128, 36, -128, 19]",esp32_1
CSI_DATA,149565,2025-07-23 16:15:50.746,0,stand,00:00:00:00:00:00,-63,11,0,0,0,0,0,0,0,0,0,-97,0,1,0,737830935,0,14,0,0,0,104,0,"[0, 0, -128, -37, -103, -14, -68, 15, -39, 51, -17, 88, -3, 121, 1, 127, -4, 127, -12, 127, -22, 127, -35, 127, -49, 127, -59, 127, -65, 127, -64, 127, -55, 127, -44, 117, -26, 98, -5, 86, 17, 80, 38, 81, 54, 86, 62, 96, 66, 109, 65, 119, -67, -73, -73, -84, -81, -97, -86, -110, -85, -122, -82, -128, -79, -128, -76, -127, -77, -121, -81, -110, -86, -97, -97, -80, -115, -63, -128, -50, -128, -36, -128, -25, -128, -19, -128, -14, -128, -10, -128, -11, -128, -16, -128, -28, -128, -43, -128, -53, -128, -62, -128, -71]",esp32_1
CSI_DATA,48085,2025-07-23 16:15:50.746,0,stand,00:00:00:00:00:00,-75,11,0,0,0,0,0,0,0,0,0,-97,0,1,0,3653301394,0,14,0,0,0,104,0,"[0, 0, -99, 127, -93, 127, -91, 127, -92, 127, -89, 127, -85, 127, -82, 102, -80, 46, -76, -14, -83, -75, -93, -128, -94, -128, -93, -128, -90, -128, -82, -128, -75, -128, -68, -128, -63, -128, -64, -128, -71, -128, -75, -128, -78, -128, -86, -128, -98, -128, -107, -128, 29, 101, 33, 99, 47, 97, 62, 92, 68, 93, 68, 99, 64, 102, 57, 99, 46, 95, 30, 91, 7, 85, -16, 75, -37, 67, -65, 61, -95, 52, -117, 38, -128, 35, -128, 45, -128, 54, -128, 63, -128, 78, -128, 97, -128, 127, -128, 127, -128, 127, -128, 127]",esp32_2
CSI_DATA,149566,2025-07-23 16:15:50.752,0,stand,00:00:00:00:00:00,-63,11,0,0,0,0,0,0,0,0,0,-97,0,1,0,737841285,0,14,0,0,0,104,0,"[0, 0, -65, 100, -37, 76, -4, 57, 27, 45, 57, 37, 88, 35, 118, 38, 127, 44, 127, 54, 127, 67, 127, 79, 127, 88, 127, 94, 127, 93, 111, 87, 95, 77, 82, 60, 72, 41, 67, 21, 67, 6, 72, -7, 80, -18, 90, -24, 101, -25, 109, -21, -72, 40, -82, 41, -92, 40, -101, 40, -111, 40, -117, 37, -118, 33, -117, 33, -112, 35, -106, 39, -97, 47, -87, 57, -81, 68, -74, 85, -66, 107, -60, 127, -59, 127, -61, 127, -67, 127, -74, 127, -82, 127, -91, 127, -100, 127, -107, 127, -111, 127, -112, 127]",esp32_1
CSI_DATA,48086,2025-07-23 16:15:50.752,0,stand,00:00:00:00:00:00,-75,11,0,0,0,0,0,0,0,0,0,-97,0,1,0,3653328990,0,14,0,0,0,104,0,"[0, 0, -128, 127, -128, 127, -128, 127, -128, 126, -128, 101, -128, 73, -112, 38, -82, -9, -50, -58, -17, -99, 14, -128, 50, -128, 92, -128, 127, -128, 127, -128, 127, -128, 127, -128, 127, -128, 127, -128, 127, -128, 127, -128, 108, -128, 79, -128, 47, -128, 19, -128, -21, 87, -10, 90, 0, 94, 6, 98, 11, 105, 9, 113, 6, 114, 2, 107, -6, 99, -16, 91, -29, 77, -42, 56, -57, 34, -80, 14, -98, -7, -112, -28, -128, -43, -128, -49, -128, -50, -128, -50, -128, -47, -128, -31, -128, -3, -128, 28, -128, 60, -128, 85]",esp32_2
CSI_DATA,48087,2025-07-23 16:15:50.758,0,stand,00:00:00:00:00:00,-75,11,0,0,0,0,0,0,0,0,0,-97,0,1,0,3653352944,0,14,0,0,0,104,0,"[0, 0, -128, -128, -128, -128, -128, -128, -128, -128, -128, -128, -97, -113, -59, -95, -15, -78, 33, -59, 89, -35, 127, -18, 127, -2, 127, 23, 127, 53, 127, 71, 127, 76, 127, 77, 127, 78, 127, 78, 127, 73, 127, 63, 127, 40, 127, 8, 127, -17, 127, -35, -99, 12, -94, 17, -94, 20, -100, 23, -104, 28, -101, 33, -101, 35, -107, 28, -110, 18, -103, 7, -90, -5, -75, -26, -60, -55, -42, -79, -26, -96, -11, -114, 1, -128, 7, -128, 10, -128, 4, -128, -10, -128, -25, -128, -49, -128, -78, -128, -110, -128, -128, -128]",esp32_2
CSI_DATA,48088,2025-07-23 16:15:50.762,0,stand,00:00:00:00:00:00,-75,11,0,0,0,0,0,0,0,0,0,-97,0,1,0,3653378369,0,14,0,0,0,104,0,"[0, 0, 127, 77, 127, 70, 127, 68, 127, 66, 127, 66, 127, 62, 100, 62, 52, 69, 6, 71, -51, 73, -109, 78, -128, 89, -128, 99, -128, 99, -128, 96, -128, 90, -128, 81, -128, 80, -128, 77, -128, 73, -128, 76, -128, 83, -128, 94, -128, 107, -111, 114, 89, -23, 85, -26, 84, -34, 92, -38, 96, -43, 95, -54, 96, -61, 100, -62, 99, -56, 93, -43, 86, -24, 76, 4, 67, 33, 64, 63, 54, 90, 44, 106, 47, 120, 61, 127, 63, 127, 65, 127, 75, 127, 90, 127, 115, 127, 127, 127, 127, 119, 127, 111]",esp32_2
CSI_DATA,48089,2025-07-23 16:15:50.769,0,stand,00:00:00:00:00:00,-76,11,0,0,0,0,0,0,0,0,0,-97,0,1,0,3653415821,0,14,0,0,0,104,0,"[0, 0, -24, 127, -23, 127, -18, 127, -17, 127, -19, 113, -25, 86, -35, 61, -42, 36, -46, 8, -54, -24, -66, -54, -76, -83, -83, -111, -86, -128, -87, -128, -89, -128, -86, -128, -83, -128, -84, -128, -84, -128, -83, -123, -80, -103, -79, -82, -81, -64, -83, -52, 18, 48, 20, 48, 27, 47, 35, 47, 38, 49, 41, 47, 43, 43, 40, 46, 33, 50, 26, 50, 14, 48, 0, 46, -14, 43, -32, 37, -48, 31, -60, 31, -72, 34, -83, 38, -91, 42, -93, 49, -90, 59, -87, 70, -81, 82, -75, 97, -69, 110, -62, 120]",esp32_2
CSI_DATA,48090,2025-07-23 16:15:50.774,0,stand,00:00:00:00:00:00,-74,11,0,0,0,0,0,0,0,0,0,-97,0,1,0,3653439878,0,14,0,0,0,104,0,"[0, 0, -128, 57, -128, 67, -128, 57, -128, 40, -128, 27, -128, 9, -128, -18, -83, -45, -38, -68, 9, -98, 59, -128, 108, -128, 127, -128, 127, -128, 127, -128, 127, -128, 127, -128, 127, -128, 127, -128, 127, -128, 127, -128, 127, -128, 103, -128, 79, -128, 52, -128, -64, 65, -58, 74, -52, 87, -47, 97, -46, 104, -58, 110, -67, 114, -63, 109, -60, 91, -59, 82, -65, 73, -71, 43, -71, 7, -83, -26, -97, -53, -100, -74, -109, -93, -123, -107, -128, -114, -128, -116, -128, -114, -128, -107, -128, -84, -128, -49, -128, -23, -128, -15]",esp32_2
CSI_DATA,149567,2025-07-23 16:15:50.775,0,stand,00:00:00:00:00:00,-63,11,0,0,0,0,0,0,0,0,0,-97,0,1,0,737849786,0,14,0,0,0,104,0,"[0, 0, 46, -110, 23, -81, -5, -54, -35, -36, -65, -26, -93, -20, -121, -20, -128, -23, -128, -30, -128, -40, -128, -53, -128, -64, -128, -69, -128, -72, -124, -70, -103, -61, -87, -46, -76, -30, -68, -12, -66, 4, -69, 18, -76, 30, -85, 39, -97, 42, -105, 39, 64, -55, 72, -57, 83, -58, 93, -60, 104, -62, 110, -59, 111, -55, 109, -53, 104, -52, 96, -53, 84, -60, 71, -69, 61, -80, 52, -95, 41, -114, 31, -128, 27, -128, 26, -128, 28, -128, 33, -128, 40, -128, 49, -128, 59, -128, 68, -128, 74, -128, 77, -128]",esp32_1
CSI_DATA,48091,2025-07-23 16:15:50.775,0,stand,00:00:00:00:00:00,-75,11,0,0,0,0,0,0,0,0,0,-97,0,1,0,3653464261,0,14,0,0,0,104,0,"[0, 0, 127, -128, 127, -128, 127, -128, 127, -128, 116, -128, 104, -128, 104, -90, 94, -40, 77, 18, 66, 76, 65, 127, 60, 127, 46, 127, 33, 127, 23, 127, 14, 127, 5, 127, 5, 127, 10, 127, 15, 127, 21, 127, 30, 127, 43, 127, 60, 127, 72, 127, 3, -98, -11, -106, -19, -109, -26, -111, -36, -117, -43, -123, -42, -122, -34, -121, -20, -120, 1, -117, 17, -114, 32, -102, 59, -77, 88, -59, 108, -51, 119, -42, 127, -33, 127, -32, 127, -36, 127, -41, 127, -50, 127, -66, 127, -80, 127, -105, 127, -128, 127, -128]",esp32_2
CSI_DATA,48092,2025-07-23 16:15:50.784,0,stand,00:00:00:00:00:00,-75,11,0,0,0,0,0,0,0,0,0,-97,0,1,0,3653499873,0,14,0,0,0,104,0,"[0, 0, -128, 112, -128, 124, -128, 126, -128, 115, -128, 86, -128, 47, -125, 12, -101, -23, -79, -64, -53, -105, -10, -128, 32, -128, 53, -128, 72, -128, 93, -128, 111, -128, 120, -128, 112, -128, 100, -128, 86, -128, 67, -128, 42, -128, 11, -128, -18, -128, -35, -128, -75, 69, -72, 75, -67, 91, -57, 106, -49, 108, -62, 116, -79, 127, -81, 126, -76, 105, -70, 86, -74, 68, -77, 50, -79, 34, -97, 0, -115, -31, -128, -43, -128, -66, -128, -86, -128, -84, -128, -79, -128, -77, -128, -68, -128, -45, -128, -6, -128, 29, -128, 36]",esp32_2
CSI_DATA,48093,2025-07-23 16:15:50.790,0,stand,00:00:00:00:00:00,-75,11,0,0,0,0,0,0,0,0,0,-97,0,1,0,3653525186,0,14,0,0,0,104,0,"[0, 0, 127, -128, 127, -128, 127, -128, 127, -128, 127, -112, 127, -81, 107, -44, 82, -3, 58, 39, 25, 84, -14, 127, -50, 127, -83, 127, -114, 127, -128, 127, -128, 127, -128, 127, -128, 127, -128, 127, -128, 127, -124, 127, -90, 127, -57, 127, -30, 127, -12, 127, 13, -99, 0, -100, -16, -103, -29, -106, -34, -107, -28, -107, -20, -107, -14, -103, -4, -99, 9, -92, 27, -75, 45, -58, 60, -45, 79, -24, 98, -1, 114, 16, 127, 25, 127, 38, 127, 46, 127, 40, 127, 25, 127, 9, 127, -16, 127, -52, 127, -84, 127, -107]",esp32_2
CSI_DATA,48094,2025-07-23 16:15:50.794,0,stand,00:00:00:00:00:00,-75,11,0,0,0,0,0,0,0,0,0,-97,0,1,0,3653562076,0,14,0,0,0,104,0,"[0, 0, 49, -128, 45, -128, 42, -128, 42, -128, 45, -128, 54, -128, 61, -105, 65, -61, 73, -10, 82, 42, 99, 97, 111, 127, 108, 127, 103, 127, 103, 127, 107, 127, 106, 127, 102, 127, 100, 127, 99, 127, 101, 127, 103, 127, 104, 127, 113, 121, 123, 96, -40, -80, -44, -80, -51, -81, -64, -78, -80, -76, -85, -78, -81, -78, -71, -78, -56, -78, -41, -78, -20, -78, 3, -76, 23, -73, 47, -68, 74, -61, 97, -55, 117, -54, 127, -57, 127, -65, 127, -78, 127, -92, 127, -110, 127, -128, 122, -128, 104, -128, 93, -128]",esp32_2
CSI_DATA,48095,2025-07-23 16:15:50.799,0,stand,00:00:00:00:00:00,-75,11,0,0,0,0,0,0,0,0,0,-97,0,1,0,3653622290,0,14,0,0,0,104,0,"[0, 0, 76, 127, 89, 127, 92, 127, 74, 127, 51, 127, 28, 127, -6, 127, -40, 83, -68, 30, -101, -17, -128, -60, -128, -116, -128, -128, -128, -128, -128, -128, -128, -128, -128, -128, -128, -128, -128, -128, -128, -128, -128, -128, -128, -128, -128, -128, -128, -91, -128, -66, 83, 39, 89, 40, 101, 37, 113, 30, 119, 27, 115, 21, 111, 19, 113, 25, 107, 33, 88, 42, 63, 49, 42, 64, 20, 89, -7, 100, -33, 98, -56, 106, -79, 119, -96, 127, -104, 127, -103, 127, -93, 127, -79, 127, -62, 127, -39, 127, -7, 127, 21, 127]",esp32_2
CSI_DATA,149568,2025-07-23 16:15:50.803,0,stand,00:00:00:00:00:00,-63,11,0,0,0,0,0,0,0,0,0,-97,0,1,0,737861508,0,14,0,0,0,104,0,"[0, 0, 4, -116, -9, -81, -27, -50, -47, -25, -70, -4, -96, 13, -122, 21, -128, 22, -128, 18, -128, 10, -128, 0, -128, -11, -128, -21, -128, -27, -128, -30, -118, -29, -100, -21, -85, -9, -73, 5, -67, 21, -64, 35, -65, 46, -70, 55, -81, 60, -91, 60, 35, -76, 42, -82, 49, -89, 57, -94, 68, -100, 76, -99, 78, -96, 78, -96, 74, -95, 65, -94, 53, -96, 41, -98, 27, -103, 13, -112, -3, -125, -19, -128, -32, -128, -40, -128, -44, -128, -46, -128, -43, -128, -37, -128, -29, -128, -19, -128, -9, -128, -1, -128]",esp32_1
CSI_DATA,48096,2025-07-23 16:15:50.805,0,stand,00:00:00:00:00:00,-75,11,0,0,0,0,0,0,0,0,0,-97,0,1,0,3653658155,0,14,0,0,0,104,0,"[0, 0, -128, -128, -128, -128, -128, -128, -128, -128, -125, -128, -84, -128, -45, -120, -1, -93, 50, -61, 97, -31, 127, -2, 127, 27, 127, 55, 127, 73, 127, 87, 127, 105, 127, 115, 127, 117, 127, 114, 127, 102, 127, 83, 127, 61, 127, 35, 127, 6, 127, -20, -94, -19, -92, -8, -93, 3, -100, 7, -110, 7, -115, 13, -112, 17, -113, 13, -112, 7, -97, -4, -80, -23, -63, -44, -44, -65, -26, -83, -11, -99, 4, -115, 23, -128, 37, -128, 33, -128, 26, -128, 19, -128, 2, -128, -20, -128, -47, -128, -79, -128, -105, -128]",esp32_2
CSI_DATA,48097,2025-07-23 16:15:50.809,0,stand,00:00:00:00:00:00,-75,11,0,0,0,0,0,0,0,0,0,-97,0,1,0,3653683490,0,14,0,0,0,104,0,"[0, 0, 127, -128, 127, -128, 127, -128, 127, -128, 116, -128, 106, -122, 99, -84, 92, -38, 80, 18, 67, 78, 58, 127, 50, 127, 35, 127, 21, 127, 14, 127, 5, 127, -4, 127, -9, 127, -9, 127, -2, 127, 13, 127, 29, 127, 44, 127, 62, 127, 76, 127, -6, -92, -12, -100, -21, -104, -29, -100, -39, -99, -43, -101, -33, -100, -19, -99, -11, -96, -2, -91, 13, -84, 28, -72, 47, -57, 73, -44, 97, -27, 115, -10, 127, -3, 127, -6, 127, -10, 127, -15, 127, -25, 127, -42, 127, -69, 127, -101, 127, -128, 127, -128]",esp32_2
CSI_DATA,48098,2025-07-23 16:15:50.811,0,stand,00:00:00:00:00:00,-75,11,0,0,0,0,0,0,0,0,0,-97,0,1,0,3653730319,0,14,0,0,0,104,0,"[0, 0, -128, 127, -128, 127, -128, 127, -128, 127, -128, 127, -115, 93, -97, 56, -81, 15, -70, -35, -60, -87, -46, -128, -30, -128, -18, -128, -6, -128, 4, -128, 11, -128, 24, -128, 30, -128, 26, -128, 18, -128, 3, -128, -17, -128, -37, -128, -54, -128, -66, -128, -21, 92, -15, 91, -10, 96, -2, 104, 6, 105, 9, 103, 10, 102, 4, 104, -4, 104, -9, 95, -19, 78, -34, 65, -48, 52, -68, 36, -93, 15, -110, -2, -126, -2, -128, -1, -128, -3, -128, -3, -128, -2, -128, 12, -128, 44, -128, 84, -128, 114, -128, 127]",esp32_2
CSI_DATA,149569,2025-07-23 16:15:50.832,0,stand,00:00:00:00:00:00,-63,11,0,0,0,0,0,0,0,0,0,-97,0,1,0,737872859,0,14,0,0,0,104,0,"[0, 0, -83, -78, -63, -46, -50, -14, -41, 21, -37, 57, -39, 89, -46, 115, -58, 127, -72, 127, -85, 127, -95, 127, -101, 127, -104, 127, -104, 120, -97, 104, -83, 88, -66, 75, -47, 67, -27, 64, -9, 65, 6, 71, 17, 80, 22, 91, 21, 103, 16, 110, -19, -81, -18, -91, -18, -103, -16, -113, -10, -121, -3, -124, 1, -124, 1, -121, -4, -115, -11, -110, -21, -105, -34, -95, -51, -85, -73, -80, -94, -80, -115, -82, -128, -88, -128, -93, -128, -98, -128, -107, -128, -120, -128, -128, -128, -128, -128, -128, -128, -128, -128, -128]",esp32_1
CSI_DATA,48100,2025-07-23 16:15:50.832,0,stand,00:00:00:00:00:00,-75,11,0,0,0,0,0,0,0,0,0,-97,0,1,0,3653805103,0,14,0,0,0,104,0,"[0, 0, 45, -128, 29, -128, 28, -128, 38, -128, 49, -128, 56, -128, 60, -113, 67, -66, 78, -18, 94, 27, 107, 76, 114, 127, 124, 127, 127, 127, 127, 127, 127, 127, 127, 127, 121, 127, 117, 127, 117, 127, 121, 127, 126, 127, 127, 127, 127, 113, 127, 87, -38, -80, -42, -84, -49, -81, -59, -82, -69, -93, -74, -96, -70, -97, -62, -99, -52, -92, -38, -82, -14, -77, 9, -72, 26, -67, 47, -70, 70, -72, 89, -65, 112, -65, 127, -77, 127, -83, 127, -88, 127, -101, 127, -115, 127, -128, 116, -128, 96, -128, 82, -128]",esp32_2
CSI_DATA,48101,2025-07-23 16:15:50.837,0,stand,00:00:00:00:00:00,-75,11,0,0,0,0,0,0,0,0,0,-97,0,1,0,3653829531,0,14,0,0,0,104,0,"[0, 0, 127, 51, 127, 40, 127, 33, 127, 38, 127, 50, 127, 58, 113, 67, 68, 82, 12, 91, -53, 91, -110, 99, -128, 114, -128, 126, -128, 125, -128, 119, -128, 122, -128, 125, -128, 114, -128, 102, -128, 96, -128, 96, -128, 111, -128, 126, -128, 127, -119, 127, 98, -54, 91, -56, 83, -64, 79, -82, 76, -93, 74, -89, 80, -81, 91, -78, 94, -80, 86, -66, 80, -38, 77, -10, 73, 17, 72, 44, 71, 73, 68, 97, 71, 116, 78, 127, 85, 127, 90, 127, 99, 127, 121, 127, 127, 127, 127, 125, 127, 101, 127, 87]",esp32_2
CSI_DATA,48102,2025-07-23 16:15:50.845,0,stand,00:00:00:00:00:00,-75,11,0,0,0,0,0,0,0,0,0,-97,0,1,0,3653866358,0,14,0,0,0,104,0,"[0, 0, 113, 127, 115, 127, 107, 127, 94, 127, 74, 127, 49, 127, 22, 114, -13, 78, -54, 34, -94, -10, -128, -48, -128, -84, -128, -125, -128, -128, -128, -128, -128, -128, -128, -128, -128, -128, -128, -128, -128, -128, -128, -128, -128, -128, -128, -104, -128, -64, -128, -38, 97, 24, 94, 16, 97, 6, 105, -2, 114, -8, 117, -11, 116, -12, 111, -7, 101, 7, 90, 23, 71, 33, 47, 46, 25, 66, 6, 84, -13, 92, -34, 99, -56, 115, -66, 127, -68, 127, -67, 127, -60, 127, -42, 127, -16, 127, 9, 127, 35, 127, 58, 127]",esp32_2
CSI_DATA,149570,2025-07-23 16:15:50.856,0,stand,00:00:00:00:00:00,-62,11,0,0,0,0,0,0,0,0,0,-97,0,1,0,737880395,0,14,0,0,0,104,0,"[0, 0, -126, 2, -88, 14, -53, 28, -24, 53, -1, 78, 18, 103, 29, 127, 33, 127, 30, 127, 24, 127, 14, 127, 3, 127, -8, 127, -17, 127, -20, 127, -17, 125, -11, 105, -1, 86, 13, 73, 30, 65, 48, 61, 62, 63, 71, 70, 74, 82, 74, 91, -74, -42, -83, -49, -93, -60, -99, -69, -102, -78, -100, -84, -94, -87, -90, -88, -88, -83, -90, -73, -92, -59, -94, -43, -103, -26, -117, -11, -128, 5, -128, 22, -128, 36, -128, 46, -128, 52, -128, 53, -128, 50, -128, 42, -128, 33, -128, 26, -128, 15, -128, 2]",esp32_1
CSI_DATA,48103,2025-07-23 16:15:50.868,0,stand,00:00:00:00:00:00,-78,11,0,0,0,0,0,0,0,0,0,-97,0,1,0,3653901839,0,14,0,0,0,104,0,"[0, 0, 52, -128, 55, -128, 61, -128, 62, -128, 57, -128, 58, -114, 60, -74, 57, -37, 58, 1, 57, 56, 51, 112, 49, 127, 48, 127, 43, 127, 34, 127, 19, 127, 10, 127, 9, 127, 5, 127, 2, 127, 12, 127, 34, 127, 59, 127, 78, 127, 93, 127, -56, -56, -60, -52, -69, -52, -76, -53, -72, -51, -66, -47, -62, -43, -60, -47, -58, -57, -47, -55, -28, -41, -10, -39, 8, -49, 28, -56, 46, -54, 56, -47, 67, -45, 82, -51, 88, -61, 94, -65, 106, -70, 107, -82, 105, -98, 99, -112, 81, -127, 68, -128]",esp32_2
CSI_DATA,149571,2025-07-23 16:15:50.883,0,stand,00:00:00:00:00:00,-62,11,0,0,0,0,0,0,0,0,0,-97,0,1,0,737899821,0,14,0,0,0,104,0,"[0, 0, -13, -125, -21, -87, -36, -49, -52, -16, -70, 11, -94, 32, -120, 44, -128, 49, -128, 50, -128, 46, -128, 37, -128, 27, -128, 15, -128, 4, -128, -2, -127, -3, -105, 1, -87, 11, -71, 23, -60, 38, -54, 53, -54, 67, -60, 78, -72, 86, -82, 89, 34, -84, 40, -90, 47, -97, 55, -104, 65, -109, 72, -110, 75, -108, 75, -106, 70, -104, 60, -101, 46, -102, 32, -103, 16, -106, -4, -113, -23, -127, -41, -128, -57, -128, -70, -128, -78, -128, -81, -128, -80, -128, -75, -128, -69, -128, -60, -128, -46, -128, -35, -128]",esp32_1
CSI_DATA,48104,2025-07-23 16:15:50.899,0,stand,00:00:00:00:00:00,-75,11,0,0,0,0,0,0,0,0,0,-97,0,1,0,3653931900,0,14,0,0,0,104,0,"[0, 0, -128, -48, -128, -48, -128, -48, -128, -46, -128, -46, -128, -52, -110, -61, -65, -71, -10, -83, 48, -99, 99, -117, 127, -128, 127, -128, 127, -128, 127, -128, 127, -128, 127, -128, 127, -128, 127, -128, 127, -128, 127, -127, 127, -126, 127, -126, 109, -128, 83, -128, -96, 28, -95, 31, -90, 38, -89, 51, -92, 59, -91, 63, -90, 66, -91, 65, -90, 52, -90, 32, -87, 12, -72, -8, -55, -34, -50, -60, -49, -79, -47, -101, -49, -122, -53, -128, -56, -128, -67, -128, -87, -128, -112, -128, -128, -128, -128, -114, -128, -97, -128, -96]",esp32_2
CSI_DATA,149572,2025-07-23 16:15:50.918,0,stand,00:00:00:00:00:00,-63,11,0,0,0,0,0,0,0,0,0,-97,0,1,0,737941640,0,14,0,0,0,104,0,"[0, 0, 81, -122, 46, -94, 4, -71, -34, -57, -70, -51, -107, -50, -128, -56, -128, -67, -128, -83, -128, -100, -128, -114, -128, -124, -128, -128, -128, -128, -128, -120, -110, -104, -91, -84, -83, -61, -81, -37, -82, -17, -89, -2, -102, 11, -115, 18, -127, 16, -128, 11, 86, -54, 96, -56, 110, -56, 123, -56, 127, -55, 127, -52, 127, -47, 127, -47, 127, -50, 127, -55, 118, -65, 105, -76, 96, -88, 89, -107, 79, -128, 70, -128, 69, -128, 75, -128, 81, -128, 88, -128, 100, -128, 114, -128, 127, -128, 127, -128, 127, -128, 127, -128]",esp32_1
CSI_DATA,48105,2025-07-23 16:15:50.932,0,stand,00:00:00:00:00:00,-75,11,0,0,0,0,0,0,0,0,0,-97,0,1,0,3653961116,0,14,0,0,0,104,0,"[0, 0, 127, 79, 127, 76, 127, 76, 127, 76, 112, 70, 88, 62, 55, 57, 21, 51, -13, 44, -49, 38, -86, 33, -119, 29, -128, 22, -128, 16, -128, 8, -128, -1, -128, -7, -128, -9, -128, -7, -128, -1, -128, 4, -128, 13, -125, 27, -107, 41, -94, 50, 58, -19, 58, -28, 55, -35, 54, -38, 59, -41, 61, -43, 60, -41, 57, -39, 54, -33, 52, -22, 50, -10, 44, 1, 38, 17, 33, 32, 26, 47, 17, 63, 14, 78, 17, 90, 20, 97, 24, 100, 35, 102, 49, 104, 63, 107, 83, 103, 103, 95, 118, 96]",esp32_2
CSI_DATA,149573,2025-07-23 16:15:50.941,0,stand,00:00:00:00:00:00,-63,11,0,0,0,0,0,0,0,0,0,-97,0,1,0,737979208,0,14,0,0,0,104,0,"[0, 0, -91, -75, -67, -46, -48, -12, -32, 26, -21, 62, -16, 94, -20, 122, -31, 127, -42, 127, -54, 127, -65, 127, -72, 127, -78, 127, -81, 127, -76, 121, -63, 102, -47, 84, -30, 70, -11, 64, 10, 63, 29, 66, 43, 72, 51, 82, 53, 96, 52, 106, -11, -83, -11, -93, -10, -105, -8, -116, -1, -125, 5, -128, 7, -126, 7, -123, 3, -117, -4, -111, -14, -103, -28, -93, -47, -84, -70, -80, -94, -76, -115, -77, -128, -81, -128, -85, -128, -90, -128, -96, -128, -106, -128, -119, -128, -128, -128, -128, -128, -128, -128, -128]",esp32_1
CSI_DATA,149574,2025-07-23 16:15:50.961,0,stand,00:00:00:00:00:00,-62,11,0,0,0,0,0,0,0,0,0,-97,0,1,0,738013221,0,14,0,0,0,104,0,"[0, 0, 127, -13, 99, -22, 61, -39, 22, -64, -11, -92, -34, -119, -45, -128, -48, -128, -47, -128, -41, -128, -35, -128, -26, -128, -11, -128, 3, -128, 9, -128, 9, -128, 3, -120, -9, -100, -25, -84, -44, -73, -63, -68, -79, -68, -92, -74, -98, -87, -97, -99, 88, 41, 98, 48, 110, 59, 118, 70, 123, 82, 121, 91, 116, 95, 111, 95, 108, 87, 108, 73, 111, 59, 114, 41, 122, 18, 127, -3, 127, -22, 127, -41, 127, -56, 127, -69, 127, -80, 127, -84, 127, -82, 127, -75, 127, -67, 127, -57, 127, -42, 127, -27]",esp32_1
CSI_DATA,48106,2025-07-23 16:15:50.961,0,stand,00:00:00:00:00:00,-75,11,0,0,0,0,0,0,0,0,0,-97,0,1,0,3654009310,0,14,0,0,0,104,0,"[0, 0, -128, -128, -128, -128, -128, -128, -128, -128, -125, -128, -83, -117, -46, -106, -13, -93, 30, -73, 81, -52, 127, -44, 127, -29, 127, -3, 127, 19, 127, 31, 127, 33, 127, 35, 127, 36, 127, 30, 127, 17, 127, 0, 127, -13, 127, -25, 127, -47, 127, -63, -85, -40, -94, -40, -94, -36, -97, -29, -109, -25, -116, -20, -114, -16, -111, -21, -107, -28, -98, -33, -85, -43, -68, -60, -43, -71, -17, -77, -1, -90, 13, -112, 29, -128, 36, -128, 36, -128, 34, -128, 21, -128, -4, -128, -26, -128, -45, -128, -68, -128, -87, -128]",esp32_2
CSI_DATA,149575,2025-07-23 16:15:50.984,0,stand,00:00:00:00:00:00,-63,11,0,0,0,0,0,0,0,0,0,-97,0,1,0,738038649,0,14,0,0,0,104,0,"[0, 0, 73, -92, 45, -73, 13, -55, -21, -45, -55, -43, -85, -44, -112, -50, -128, -59, -128, -73, -128, -88, -128, -101, -128, -108, -128, -110, -119, -108, -101, -99, -85, -85, -72, -69, -65, -49, -63, -28, -66, -9, -72, 5, -82, 13, -94, 15, -106, 13, -114, 8, 77, -25, 85, -26, 96, -25, 107, -23, 117, -19, 123, -15, 122, -13, 119, -12, 115, -13, 109, -18, 99, -28, 89, -38, 83, -51, 79, -69, 75, -93, 72, -117, 74, -128, 81, -128, 88, -128, 95, -128, 103, -128, 115, -128, 127, -128, 127, -128, 127, -128, 127, -128]",esp32_1
CSI_DATA,48107,2025-07-23 16:15:50.999,0,stand,00:00:00:00:00:00,-75,11,0,0,0,0,0,0,0,0,0,-97,0,1,0,3654035094,0,14,0,0,0,104,0,"[0, 0, 127, 10, 127, 2, 127, 7, 127, 13, 127, 19, 127, 27, 105, 39, 59, 56, 11, 72, -41, 87, -96, 104, -128, 117, -128, 120, -128, 115, -128, 112, -128, 114, -128, 111, -128, 103, -128, 96, -128, 95, -128, 100, -128, 104, -128, 108, -128, 114, -111, 120, 68, -65, 63, -71, 55, -78, 47, -83, 49, -90, 52, -94, 56, -94, 65, -94, 69, -84, 70, -65, 72, -47, 68, -25, 63, 3, 67, 31, 71, 52, 73, 71, 78, 92, 84, 107, 93, 113, 107, 119, 124, 120, 127, 113, 127, 107, 127, 91, 127, 63, 127, 43]",esp32_2
CSI_DATA,149576,2025-07-23 16:15:51.004,0,stand,00:00:00:00:00:00,-62,11,0,0,0,0,0,0,0,0,0,-97,0,1,0,738073780,0,14,0,0,0,104,0,"[0, 0, -45, 116, -18, 85, 10, 63, 38, 48, 67, 33, 98, 23, 126, 20, 127, 24, 127, 37, 127, 54, 127, 67, 127, 73, 127, 74, 127, 71, 127, 66, 110, 59, 91, 45, 78, 25, 71, 7, 68, -9, 72, -26, 81, -37, 91, -41, 102, -42, 109, -41, -73, 49, -83, 52, -96, 54, -107, 54, -115, 52, -118, 48, -118, 45, -117, 43, -113, 44, -108, 47, -98, 51, -85, 61, -75, 73, -63, 91, -51, 113, -40, 127, -34, 127, -36, 127, -38, 127, -41, 127, -46, 127, -58, 127, -77, 127, -90, 127, -94, 127, -95, 127]",esp32_1
CSI_DATA,149577,2025-07-23 16:15:51.029,0,stand,00:00:00:00:00:00,-63,11,0,0,0,0,0,0,0,0,0,-97,0,1,0,738111037,0,14,0,0,0,104,0,"[0, 0, -32, -116, -32, -79, -37, -42, -50, -11, -68, 17, -87, 42, -108, 62, -128, 75, -128, 78, -128, 73, -128, 65, -128, 56, -128, 44, -128, 32, -128, 22, -121, 18, -100, 19, -80, 24, -61, 34, -48, 46, -42, 61, -40, 75, -43, 86, -50, 94, -58, 98, 21, -81, 26, -90, 35, -97, 43, -104, 50, -110, 56, -111, 59, -109, 57, -106, 52, -103, 44, -102, 31, -101, 17, -101, 3, -105, -16, -114, -37, -122, -58, -128, -76, -128, -91, -128, -99, -128, -102, -128, -101, -128, -99, -128, -96, -128, -87, -128, -73, -128, -59, -128]",esp32_1
CSI_DATA,48108,2025-07-23 16:15:51.032,0,stand,00:00:00:00:00:00,-75,11,0,0,0,0,0,0,0,0,0,-97,0,1,0,3654070043,0,14,0,0,0,104,0,"[0, 0, 38, -128, 38, -128, 45, -128, 45, -128, 44, -128, 51, -128, 60, -105, 62, -50, 66, 1, 79, 55, 96, 108, 104, 127, 105, 127, 106, 127, 106, 127, 101, 127, 93, 127, 88, 127, 87, 127, 89, 127, 93, 127, 98, 127, 102, 127, 111, 127, 120, 112, -47, -79, -54, -77, -66, -75, -78, -70, -85, -65, -84, -65, -82, -69, -81, -73, -76, -71, -62, -64, -39, -63, -14, -68, 12, -75, 41, -76, 66, -72, 84, -69, 102, -76, 120, -86, 127, -91, 127, -95, 127, -105, 127, -128, 127, -128, 120, -128, 96, -128, 77, -128]",esp32_2
CSI_DATA,149578,2025-07-23 16:15:51.051,0,stand,00:00:00:00:00:00,-63,11,0,0,0,0,0,0,0,0,0,-97,0,1,0,738138070,0,14,0,0,0,104,0,"[0, 0, -117, -21, -83, -4, -53, 16, -29, 42, -9, 69, 5, 96, 10, 119, 11, 127, 6, 127, -2, 127, -12, 127, -21, 127, -30, 127, -38, 127, -38, 127, -33, 115, -27, 95, -16, 78, 0, 68, 19, 62, 37, 61, 52, 66, 61, 74, 63, 84, 61, 92, -62, -52, -68, -60, -75, -71, -79, -82, -80, -91, -77, -98, -73, -100, -69, -100, -68, -94, -71, -86, -74, -76, -79, -61, -90, -45, -105, -31, -120, -18, -128, -5, -128, 4, -128, 10, -128, 13, -128, 12, -128, 6, -128, -2, -128, -10, -128, -18, -128, -27, -128, -37]",esp32_1
CSI_DATA,48109,2025-07-23 16:15:51.064,0,stand,00:00:00:00:00:00,-75,11,0,0,0,0,0,0,0,0,0,-97,0,1,0,3654094949,0,14,0,0,0,104,0,"[0, 0, -24, 127, -25, 127, -25, 127, -26, 127, -29, 127, -41, 127, -57, 102, -65, 55, -71, 7, -85, -43, -104, -98, -110, -128, -105, -128, -108, -128, -112, -128, -107, -128, -101, -128, -100, -128, -101, -128, -100, -128, -98, -128, -99, -128, -101, -128, -107, -126, -111, -99, 68, 69, 67, 66, 72, 63, 82, 60, 90, 58, 90, 55, 87, 54, 82, 57, 74, 63, 59, 66, 39, 63, 18, 61, -7, 61, -30, 60, -54, 63, -83, 66, -105, 73, -117, 79, -122, 85, -127, 98, -128, 112, -122, 127, -110, 127, -94, 127, -71, 127, -48, 127]",esp32_2
CSI_DATA,149579,2025-07-23 16:15:51.074,0,stand,00:00:00:00:00:00,-63,11,0,0,0,0,0,0,0,0,0,-97,0,1,0,738164814,0,14,0,0,0,104,0,"[0, 0, -94, -91, -75, -55, -65, -18, -58, 20, -56, 55, -61, 87, -72, 115, -89, 127, -107, 127, -123, 127, -128, 127, -128, 127, -128, 126, -128, 109, -127, 93, -108, 80, -89, 68, -68, 62, -45, 64, -27, 70, -13, 80, -3, 92, -1, 105, -7, 117, -15, 125, -28, -88, -28, -100, -28, -114, -26, -126, -21, -128, -15, -128, -9, -128, -7, -128, -12, -128, -19, -124, -28, -117, -41, -107, -58, -96, -80, -91, -104, -88, -126, -90, -128, -96, -128, -104, -128, -111, -128, -120, -128, -128, -128, -128, -128, -128, -128, -128, -128, -128, -128, -128]",esp32_1
CSI_DATA,48110,2025-07-23 16:15:51.088,0,stand,00:00:00:00:00:00,-75,11,0,0,0,0,0,0,0,0,0,-97,0,1,0,3654120818,0,14,0,0,0,104,0,"[0, 0, 127, 42, 127, 37, 127, 32, 127, 31, 127, 37, 127, 47, 87, 54, 43, 57, 0, 60, -44, 66, -92, 77, -128, 87, -128, 93, -128, 95, -128, 94, -128, 88, -128, 82, -128, 81, -128, 84, -128, 85, -128, 86, -128, 91, -128, 95, -115, 97, -97, 100, 70, -44, 67, -50, 63, -58, 57, -66, 55, -71, 61, -72, 65, -70, 65, -67, 62, -61, 61, -52, 61, -38, 55, -17, 50, 7, 47, 31, 44, 53, 48, 72, 55, 90, 58, 107, 64, 114, 81, 114, 99, 118, 111, 116, 127, 104, 127, 89, 127, 76, 127, 71]",esp32_2
CSI_DATA,149580,2025-07-23 16:15:51.096,0,stand,00:00:00:00:00:00,-62,11,0,0,0,0,0,0,0,0,0,-97,0,1,0,738209449,0,14,0,0,0,104,0,"[0, 0, -122, -2, -83, 8, -49, 24, -20, 47, 5, 71, 24, 96, 37, 119, 42, 127, 41, 127, 37, 127, 28, 127, 18, 127, 6, 127, -5, 127, -10, 127, -10, 123, -6, 102, 4, 82, 19, 66, 35, 55, 52, 51, 68, 51, 78, 56, 85, 66, 88, 77, -71, -46, -78, -54, -85, -65, -92, -75, -94, -84, -90, -90, -86, -93, -84, -94, -83, -87, -84, -76, -87, -63, -91, -48, -99, -31, -112, -14, -125, 1, -128, 17, -128, 30, -128, 40, -128, 46, -128, 49, -128, 48, -128, 43, -128, 34, -128, 26, -128, 15, -128, 2]",esp32_1
CSI_DATA,149581,2025-07-23 16:15:51.120,0,stand,00:00:00:00:00:00,-63,11,0,0,0,0,0,0,0,0,0,-97,0,1,0,738257840,0,14,0,0,0,104,0,"[0, 0, -94, 115, -58, 88, -16, 66, 25, 56, 66, 52, 105, 52, 127, 57, 127, 68, 127, 82, 127, 98, 127, 114, 127, 124, 127, 127, 127, 126, 125, 116, 107, 99, 91, 77, 80, 54, 78, 32, 82, 11, 91, -6, 101, -19, 113, -26, 127, -25, 127, -20, -98, 36, -109, 37, -122, 33, -128, 30, -128, 27, -128, 24, -128, 19, -128, 16, -128, 18, -128, 26, -122, 39, -110, 53, -102, 70, -95, 92, -88, 117, -83, 127, -87, 127, -96, 127, -105, 127, -114, 127, -126, 127, -128, 127, -128, 127, -128, 127, -128, 127, -128, 127]",esp32_1
CSI_DATA,48111,2025-07-23 16:15:51.120,0,stand,00:00:00:00:00:00,-75,11,0,0,0,0,0,0,0,0,0,-97,0,1,0,3654147595,0,14,0,0,0,104,0,"[0, 0, 127, 112, 127, 106, 127, 104, 127, 98, 127, 93, 127, 90, 90, 84, 37, 74, -14, 67, -63, 62, -118, 55, -128, 45, -128, 35, -128, 28, -128, 21, -128, 12, -128, 9, -128, 8, -128, 9, -128, 13, -128, 20, -128, 28, -128, 41, -128, 61, -128, 77, 88, -28, 86, -34, 85, -43, 87, -48, 85, -53, 83, -61, 86, -61, 87, -57, 85, -47, 82, -32, 77, -19, 64, 2, 48, 30, 40, 55, 36, 78, 31, 98, 28, 113, 27, 123, 29, 127, 35, 127, 50, 127, 71, 127, 96, 127, 123, 127, 127, 127, 127, 127]",esp32_2
CSI_DATA,149582,2025-07-23 16:15:51.140,0,stand,00:00:00:00:00:00,-63,11,0,0,0,0,0,0,0,0,0,-97,0,1,0,738282672,0,14,0,0,0,104,0,"[0, 0, 40, 127, 35, 86, 41, 37, 52, -7, 69, -45, 87, -77, 112, -103, 127, -116, 127, -120, 127, -119, 127, -113, 127, -107, 127, -93, 127, -74, 127, -61, 127, -51, 109, -46, 86, -50, 64, -59, 43, -71, 26, -85, 19, -97, 21, -110, 32, -127, 39, -128, -41, 95, -46, 105, -54, 115, -63, 123, -71, 127, -77, 127, -78, 127, -79, 127, -73, 123, -60, 116, -46, 114, -29, 115, -7, 119, 18, 127, 45, 127, 68, 127, 89, 127, 110, 127, 127, 127, 127, 127, 127, 127, 127, 127, 127, 127, 114, 127, 100, 127, 92, 127]",esp32_1
CSI_DATA,48112,2025-07-23 16:15:51.152,0,stand,00:00:00:00:00:00,-75,11,0,0,0,0,0,0,0,0,0,-97,0,1,0,3654182808,0,14,0,0,0,104,0,"[0, 0, -128, 44, -128, 57, -128, 53, -128, 38, -128, 21, -128, 3, -128, -20, -83, -48, -29, -81, 20, -117, 69, -128, 113, -128, 127, -128, 127, -128, 127, -128, 127, -128, 127, -128, 127, -128, 127, -128, 127, -128, 127, -128, 127, -128, 117, -128, 87, -128, 61, -128, -77, 74, -68, 80, -57, 86, -51, 94, -47, 104, -50, 112, -55, 114, -62, 112, -70, 101, -67, 76, -63, 50, -69, 27, -72, 8, -69, -13, -72, -44, -84, -76, -94, -96, -105, -106, -121, -108, -128, -107, -128, -104, -128, -97, -128, -83, -128, -58, -128, -35, -128, -22]",esp32_2
CSI_DATA,149583,2025-07-23 16:15:51.160,0,stand,00:00:00:00:00:00,-62,11,0,0,0,0,0,0,0,0,0,-97,0,1,0,738318327,0,14,0,60,-64,104,0,"[0, 0, 109, 49, 82, 25, 57, -3, 40, -40, 31, -72, 26, -100, 28, -128, 34, -128, 37, -128, 41, -128, 51, -128, 64, -128, 75, -128, 78, -128, 72, -128, 60, -108, 49, -91, 36, -80, 20, -71, -1, -71, -19, -75, -32, -79, -42, -87, -43, -103, -39, -118, 51, 66, 58, 77, 62, 87, 65, 97, 62, 108, 54, 120, 44, 125, 39, 123, 41, 112, 49, 96, 60, 87, 69, 78, 82, 64, 103, 52, 123, 42, 127, 33, 127, 29, 127, 28, 127, 36, 127, 50, 127, 62, 127, 67, 127, 66, 127, 64, 127, 74, 127, 88]",esp32_1
CSI_DATA,149584,2025-07-23 16:15:51.184,0,stand,00:00:00:00:00:00,-63,11,0,0,0,0,0,0,0,0,0,-97,0,1,0,738344181,0,14,0,180,98,104,0,"[0, 0, -99, -107, -79, -65, -66, -23, -56, 21, -55, 62, -63, 99, -77, 127, -95, 127, -114, 127, -128, 127, -128, 127, -128, 127, -128, 127, -128, 124, -128, 105, -113, 89, -90, 77, -68, 72, -45, 74, -22, 79, -3, 90, 9, 104, 12, 116, 6, 127, -3, 127, -16, -102, -16, -114, -15, -127, -12, -128, -5, -128, 3, -128, 8, -128, 10, -128, 6, -128, -4, -128, -16, -128, -34, -119, -56, -108, -80, -102, -106, -102, -128, -107, -128, -117, -128, -127, -128, -128, -128, -128, -128, -128, -128, -128, -128, -128, -128, -128, -128, -128, -128, -128]",esp32_1
CSI_DATA,48113,2025-07-23 16:15:51.184,0,stand,00:00:00:00:00:00,-74,11,0,0,0,0,0,0,0,0,0,-97,0,1,0,3654875609,0,14,0,0,0,104,0,"[0, 0, 50, -128, 48, -128, 50, -128, 55, -128, 54, -128, 52, -128, 54, -102, 59, -47, 61, 11, 57, 62, 56, 109, 56, 127, 52, 127, 51, 127, 51, 127, 46, 127, 40, 127, 34, 127, 35, 127, 42, 127, 48, 127, 51, 127, 58, 127, 71, 127, 84, 127, -63, -71, -71, -65, -81, -63, -87, -65, -91, -65, -93, -63, -91, -60, -84, -59, -75, -58, -56, -61, -30, -61, -5, -57, 20, -55, 43, -58, 63, -59, 83, -56, 101, -58, 116, -64, 125, -73, 127, -88, 127, -109, 127, -128, 127, -128, 119, -128, 105, -128, 90, -128]",esp32_2
CSI_DATA,149585,2025-07-23 16:15:51.205,0,stand,00:00:00:00:00:00,-62,11,0,0,0,0,0,0,0,0,0,-97,0,1,0,738381901,0,14,0,180,98,104,0,"[0, 0, 93, 76, 71, 44, 58, 9, 49, -27, 46, -61, 49, -92, 58, -118, 71, -128, 86, -128, 99, -128, 109, -128, 117, -128, 121, -128, 120, -115, 112, -97, 97, -82, 78, -70, 59, -65, 39, -65, 19, -70, 5, -77, -5, -86, -8, -98, -4, -110, 2, -117, 34, 78, 36, 88, 37, 100, 37, 111, 34, 120, 29, 125, 25, 126, 23, 124, 26, 120, 33, 112, 41, 104, 53, 94, 69, 84, 89, 77, 108, 74, 126, 74, 127, 78, 127, 81, 127, 86, 127, 96, 127, 106, 127, 118, 127, 127, 127, 127, 127, 127, 127, 127]",esp32_1
CSI_DATA,149586,2025-07-23 16:15:51.234,0,stand,00:00:00:00:00:00,-62,11,0,0,0,0,0,0,0,0,0,-97,0,1,0,738416387,0,14,0,180,98,104,0,"[0, 0, 119, -35, 82, -35, 41, -39, 6, -55, -22, -75, -46, -93, -63, -113, -74, -128, -80, -128, -83, -128, -79, -128, -71, -128, -56, -128, -37, -128, -27, -128, -21, -122, -20, -101, -26, -81, -36, -61, -49, -49, -64, -43, -78, -37, -92, -37, -103, -47, -109, -60, 82, 17, 91, 25, 101, 35, 110, 44, 114, 52, 115, 60, 112, 65, 107, 63, 101, 56, 97, 43, 98, 28, 101, 15, 106, -1, 118, -22, 125, -42, 127, -60, 127, -79, 127, -94, 127, -105, 127, -109, 127, -108, 127, -104, 127, -102, 127, -102, 127, -91, 127, -75]",esp32_1
CSI_DATA,149587,2025-07-23 16:15:51.254,0,stand,00:00:00:00:00:00,-62,11,0,0,0,0,0,0,0,0,0,-97,0,1,0,738453154,0,14,0,180,98,104,0,"[0, 0, 82, 78, 64, 48, 53, 14, 45, -23, 42, -58, 43, -89, 53, -115, 67, -128, 78, -128, 88, -128, 98, -128, 107, -128, 114, -128, 114, -110, 104, -94, 87, -79, 69, -70, 51, -65, 31, -63, 13, -66, -3, -73, -14, -81, -17, -91, -12, -104, -6, -114, 20, 80, 20, 88, 20, 98, 18, 109, 13, 118, 7, 123, 4, 123, 4, 120, 7, 113, 14, 104, 24, 97, 38, 90, 55, 83, 76, 79, 96, 77, 114, 80, 127, 86, 127, 91, 127, 97, 127, 106, 127, 117, 127, 127, 127, 127, 127, 127, 127, 127, 127, 127]",esp32_1
CSI_DATA,48115,2025-07-23 16:15:51.267,0,stand,00:00:00:00:00:00,-75,11,0,0,0,0,0,0,0,0,0,-97,0,1,0,3654895548,0,14,0,0,0,104,0,"[0, 0, -128, -128, -128, -128, -128, -128, -128, -128, -128, -128, -125, -125, -77, -107, -22, -87, 28, -67, 81, -41, 127, -15, 127, 12, 127, 43, 127, 70, 127, 88, 127, 103, 127, 113, 127, 114, 127, 111, 127, 99, 127, 79, 127, 55, 127, 23, 127, -10, 127, -33, -108, 32, -102, 37, -99, 43, -102, 50, -106, 58, -105, 62, -102, 65, -103, 61, -102, 44, -92, 22, -79, 6, -63, -12, -52, -40, -40, -64, -24, -83, -16, -108, -10, -128, -2, -128, -5, -128, -15, -128, -30, -128, -53, -128, -81, -128, -112, -128, -128, -128, -128, -128]",esp32_2
CSI_DATA,149588,2025-07-23 16:15:51.277,0,stand,00:00:00:00:00:00,-62,11,0,0,0,0,0,0,0,0,0,-97,0,1,0,738500668,0,14,0,180,98,104,0,"[0, 0, 117, 40, 86, 19, 60, -8, 36, -41, 18, -74, 9, -105, 8, -128, 12, -128, 20, -128, 29, -128, 39, -128, 50, -128, 58, -128, 63, -128, 59, -128, 51, -116, 38, -97, 22, -84, 5, -76, -14, -72, -33, -72, -47, -79, -54, -88, -54, -100, -52, -111, 52, 68, 56, 77, 60, 90, 63, 101, 63, 110, 58, 115, 52, 116, 51, 116, 53, 111, 57, 101, 63, 89, 73, 76, 88, 61, 106, 48, 126, 37, 127, 28, 127, 23, 127, 21, 127, 20, 127, 23, 127, 30, 127, 41, 127, 54, 127, 62, 127, 69, 127, 75]",esp32_1
CSI_DATA,48116,2025-07-23 16:15:51.295,0,stand,00:00:00:00:00:00,-75,11,0,0,0,0,0,0,0,0,0,-97,0,1,0,3654909621,0,14,0,0,0,104,0,"[0, 0, 127, 47, 127, 41, 127, 42, 127, 45, 127, 44, 101, 43, 74, 49, 43, 54, 3, 57, -39, 58, -79, 61, -115, 69, -128, 72, -128, 71, -128, 67, -128, 59, -128, 53, -128, 51, -128, 53, -128, 57, -128, 61, -128, 64, -118, 70, -99, 78, -82, 81, 60, -36, 60, -37, 57, -41, 55, -44, 56, -51, 56, -58, 54, -57, 54, -51, 58, -45, 56, -38, 48, -28, 44, -6, 43, 17, 39, 31, 35, 47, 32, 66, 32, 81, 35, 91, 39, 97, 48, 101, 63, 101, 77, 102, 92, 99, 110, 86, 127, 77, 127, 77]",esp32_2
CSI_DATA,149589,2025-07-23 16:15:51.299,0,stand,00:00:00:00:00:00,-63,11,0,0,0,0,0,0,0,0,0,-97,0,1,0,738538342,0,14,0,0,0,104,0,"[0, 0, 115, 8, 80, -5, 50, -21, 23, -44, 0, -70, -17, -96, -26, -121, -28, -128, -24, -128, -17, -128, -9, -128, 1, -128, 12, -128, 21, -128, 22, -128, 19, -116, 13, -96, 3, -80, -12, -69, -30, -60, -47, -56, -60, -59, -68, -67, -73, -79, -75, -89, 66, 47, 71, 54, 78, 64, 82, 76, 83, 85, 79, 89, 77, 90, 76, 91, 77, 87, 78, 77, 77, 64, 80, 50, 91, 34, 106, 19, 119, 5, 127, -7, 127, -19, 127, -28, 127, -33, 127, -36, 127, -35, 127, -27, 127, -15, 127, -5, 127, 5, 127, 13]",esp32_1
CSI_DATA,149590,2025-07-23 16:15:51.321,0,stand,00:00:00:00:00:00,-63,11,0,0,0,0,0,0,0,0,0,-97,0,1,0,738563046,0,14,0,0,0,104,0,"[0, 0, 66, -107, 36, -80, 3, -62, -32, -45, -69, -30, -104, -24, -128, -24, -128, -30, -128, -51, -128, -74, -128, -85, -128, -89, -128, -87, -128, -80, -128, -76, -117, -69, -99, -52, -84, -29, -77, -6, -74, 14, -75, 30, -85, 39, -99, 42, -109, 43, -117, 44, 92, -20, 100, -21, 111, -20, 121, -17, 127, -14, 127, -13, 127, -15, 127, -17, 124, -18, 121, -18, 112, -26, 102, -40, 96, -54, 90, -75, 82, -104, 74, -128, 74, -128, 82, -128, 84, -128, 84, -128, 88, -128, 102, -128, 127, -128, 127, -128, 127, -128, 127, -128]",esp32_1
CSI_DATA,48117,2025-07-23 16:15:51.327,0,stand,00:00:00:00:00:00,-75,11,0,0,0,0,0,0,0,0,0,-97,0,1,0,3654920156,0,14,0,0,0,104,0,"[0, 0, -128, 127, -128, 127, -128, 127, -128, 127, -128, 110, -128, 75, -116, 31, -88, -8, -53, -49, -24, -96, 1, -128, 27, -128, 52, -128, 78, -128, 96, -128, 106, -128, 112, -128, 111, -128, 108, -128, 100, -128, 79, -128, 53, -128, 29, -128, 2, -128, -22, -128, -21, 89, -14, 93, -3, 96, 8, 99, 9, 101, 8, 105, 6, 109, 1, 106, -4, 98, -11, 83, -22, 61, -36, 47, -49, 36, -61, 18, -74, -2, -92, -18, -114, -27, -128, -32, -128, -30, -128, -26, -128, -14, -128, 5, -128, 24, -128, 49, -128, 74, -128, 91]",esp32_2
CSI_DATA,149591,2025-07-23 16:15:51.342,0,stand,00:00:00:00:00:00,-62,11,0,0,0,0,0,0,0,0,0,-97,0,1,0,738588167,0,14,0,0,0,104,0,"[0, 0, -123, 14, -85, 21, -48, 31, -16, 51, 12, 74, 35, 97, 50, 119, 56, 127, 56, 127, 51, 127, 44, 127, 34, 127, 23, 127, 13, 127, 6, 127, 5, 124, 7, 102, 14, 82, 26, 67, 41, 53, 59, 46, 75, 46, 84, 51, 91, 60, 94, 68, -74, -42, -82, -49, -92, -60, -99, -71, -102, -79, -100, -84, -95, -86, -91, -85, -89, -79, -91, -71, -92, -59, -97, -42, -105, -25, -117, -7, -128, 11, -128, 29, -128, 44, -128, 57, -128, 66, -128, 72, -128, 73, -128, 68, -128, 57, -128, 46, -128, 34, -128, 24]",esp32_1
CSI_DATA,48118,2025-07-23 16:15:51.352,0,stand,00:00:00:00:00:00,-75,11,0,0,0,0,0,0,0,0,0,-97,0,1,0,3654925525,0,14,0,0,0,104,0,"[0, 0, 127, 0, 127, -5, 127, -4, 127, 2, 127, 11, 127, 26, 109, 42, 62, 58, 14, 75, -37, 92, -87, 106, -128, 115, -128, 124, -128, 127, -128, 127, -128, 127, -128, 127, -128, 127, -128, 127, -128, 124, -128, 121, -128, 120, -128, 121, -119, 127, -93, 127, 71, -67, 64, -76, 58, -83, 54, -90, 48, -95, 48, -98, 48, -104, 49, -105, 53, -90, 58, -70, 64, -51, 66, -27, 68, 3, 72, 30, 72, 51, 76, 72, 86, 91, 91, 103, 95, 110, 109, 113, 126, 108, 127, 97, 127, 87, 127, 69, 127, 50, 127, 36]",esp32_2
CSI_DATA,149592,2025-07-23 16:15:51.363,0,stand,00:00:00:00:00:00,-62,11,0,0,0,0,0,0,0,0,0,-97,0,1,0,738623445,0,14,0,0,0,104,0,"[0, 0, -56, -107, -52, -69, -55, -34, -62, 1, -70, 32, -85, 57, -103, 76, -123, 88, -128, 92, -128, 91, -128, 88, -128, 80, -128, 68, -128, 55, -128, 45, -121, 38, -101, 34, -80, 36, -62, 43, -47, 54, -37, 68, -33, 80, -35, 90, -45, 99, -55, 105, 5, -87, 8, -96, 12, -107, 17, -117, 26, -123, 34, -125, 39, -123, 38, -120, 31, -115, 24, -110, 14, -109, -2, -107, -21, -104, -43, -107, -65, -112, -86, -120, -104, -128, -121, -128, -128, -128, -128, -128, -128, -128, -128, -128, -128, -128, -128, -128, -114, -128, -100, -128]",esp32_1
CSI_DATA,48119,2025-07-23 16:15:51.384,0,stand,00:00:00:00:00:00,-75,11,0,0,0,0,0,0,0,0,0,-97,0,1,0,3654935503,0,14,0,0,0,104,0,"[0, 0, 127, -128, 127, -128, 127, -128, 127, -128, 127, -128, 110, -111, 93, -61, 80, -9, 67, 35, 54, 75, 39, 124, 17, 127, -2, 127, -16, 127, -27, 127, -41, 127, -55, 127, -57, 127, -49, 127, -43, 127, -35, 127, -18, 127, 6, 127, 31, 127, 55, 127, -19, -93, -29, -95, -39, -94, -49, -92, -55, -93, -52, -96, -46, -99, -39, -104, -27, -99, -14, -88, 3, -79, 20, -70, 37, -59, 60, -45, 82, -30, 95, -20, 114, -19, 127, -17, 127, -19, 127, -24, 127, -38, 127, -59, 127, -82, 127, -108, 127, -128, 127, -128]",esp32_2
CSI_DATA,149593,2025-07-23 16:15:51.390,0,stand,00:00:00:00:00:00,-63,11,0,0,0,0,0,0,0,0,0,-97,0,1,0,738660611,0,14,0,0,0,104,0,"[0, 0, -26, -114, -27, -78, -35, -42, -48, -9, -65, 20, -84, 45, -106, 62, -128, 71, -128, 72, -128, 69, -128, 63, -128, 53, -128, 41, -128, 32, -128, 24, -116, 18, -95, 19, -78, 24, -62, 34, -48, 47, -40, 61, -38, 74, -41, 85, -50, 94, -59, 98, 28, -79, 33, -87, 39, -95, 47, -101, 56, -105, 63, -106, 66, -104, 65, -102, 61, -97, 51, -94, 38, -94, 22, -96, 5, -98, -14, -103, -34, -115, -53, -128, -68, -128, -81, -128, -91, -128, -97, -128, -98, -128, -95, -128, -87, -128, -77, -128, -64, -128, -54, -128]",esp32_1
CSI_DATA,48120,2025-07-23 16:15:51.406,0,stand,00:00:00:00:00:00,-75,11,0,0,0,0,0,0,0,0,0,-97,0,1,0,3654948012,0,14,0,0,0,104,0,"[0, 0, -128, -31, -128, -25, -128, -22, -128, -25, -128, -31, -128, -40, -113, -51, -62, -61, -9, -69, 44, -83, 96, -93, 127, -101, 127, -108, 127, -110, 127, -108, 127, -101, 127, -94, 127, -94, 127, -94, 127, -93, 127, -93, 127, -98, 127, -104, 127, -112, 111, -121, -72, 64, -63, 72, -59, 81, -53, 86, -50, 91, -54, 96, -60, 97, -66, 92, -71, 81, -68, 67, -61, 47, -58, 20, -57, -5, -57, -28, -58, -54, -65, -81, -75, -105, -80, -120, -86, -122, -91, -120, -101, -117, -126, -112, -128, -103, -128, -86, -128, -74, -128, -69]",esp32_2
CSI_DATA,149594,2025-07-23 16:15:51.413,0,stand,00:00:00:00:00:00,-62,11,0,0,0,0,0,0,0,0,0,-97,0,1,0,738708771,0,14,0,0,0,104,0,"[0, 0, -53, -112, -45, -74, -47, -36, -53, 2, -63, 37, -78, 66, -97, 88, -118, 102, -128, 108, -128, 111, -128, 107, -128, 98, -128, 84, -128, 68, -128, 54, -120, 45, -98, 40, -77, 41, -56, 48, -38, 57, -26, 70, -20, 85, -21, 98, -29, 109, -37, 116, 13, -90, 16, -99, 21, -108, 27, -117, 35, -124, 44, -126, 47, -123, 47, -119, 41, -115, 30, -112, 16, -110, 1, -107, -18, -104, -39, -108, -59, -115, -80, -125, -100, -128, -119, -128, -128, -128, -128, -128, -128, -128, -128, -128, -128, -128, -128, -128, -120, -128, -107, -128]",esp32_1
CSI_DATA,149595,2025-07-23 16:15:51.435,0,stand,00:00:00:00:00:00,-62,11,0,0,0,0,0,0,0,0,0,-97,0,1,0,738734672,0,14,0,0,0,104,0,"[0, 0, -21, 126, -3, 93, 22, 63, 46, 40, 72, 22, 102, 9, 127, 2, 127, 1, 127, 8, 127, 19, 127, 30, 127, 41, 127, 48, 127, 49, 127, 47, 120, 43, 101, 31, 86, 16, 77, 0, 71, -17, 72, -32, 79, -43, 88, -50, 97, -53, 105, -52, -52, 71, -61, 75, -73, 78, -84, 82, -93, 85, -98, 84, -101, 80, -100, 77, -95, 77, -88, 79, -74, 84, -57, 89, -43, 96, -30, 110, -16, 127, -3, 127, 7, 127, 12, 127, 14, 127, 11, 127, 6, 127, 0, 127, -10, 127, -21, 127, -30, 127, -37, 127]",esp32_1
CSI_DATA,48121,2025-07-23 16:15:51.447,0,stand,00:00:00:00:00:00,-75,11,0,0,0,0,0,0,0,0,0,-97,0,1,0,3654955538,0,14,0,0,0,104,0,"[0, 0, -53, 127, -48, 127, -43, 127, -50, 127, -57, 127, -54, 127, -53, 102, -57, 51, -63, -4, -71, -64, -78, -124, -77, -128, -72, -128, -65, -128, -54, -128, -42, -128, -36, -128, -34, -128, -31, -128, -33, -128, -44, -128, -60, -128, -70, -128, -84, -128, -101, -128, 72, 69, 78, 62, 87, 53, 93, 51, 94, 54, 91, 54, 89, 56, 89, 59, 81, 61, 64, 63, 38, 66, 17, 69, -1, 66, -30, 62, -59, 61, -80, 60, -103, 62, -122, 73, -128, 87, -128, 98, -128, 106, -128, 118, -121, 127, -108, 127, -89, 127, -71, 127]",esp32_2
CSI_DATA,149596,2025-07-23 16:15:51.458,0,stand,00:00:00:00:00:00,-63,11,0,0,0,0,0,0,0,0,0,-97,0,1,0,738782661,0,14,0,0,0,104,0,"[0, 0, -86, 85, -50, 66, -11, 48, 22, 41, 52, 43, 81, 48, 108, 59, 127, 71, 127, 78, 127, 86, 127, 100, 127, 113, 126, 119, 108, 117, 89, 107, 72, 92, 61, 72, 57, 52, 58, 34, 64, 18, 72, 5, 82, -5, 92, -11, 105, -8, 115, -2, -78, 29, -89, 27, -100, 23, -110, 21, -119, 18, -122, 12, -120, 8, -117, 7, -113, 10, -105, 20, -95, 35, -86, 47, -80, 59, -79, 76, -79, 97, -79, 120, -83, 127, -90, 127, -98, 127, -109, 127, -122, 127, -128, 127, -128, 127, -128, 127, -128, 127, -128, 127]",esp32_1
CSI_DATA,149597,2025-07-23 16:15:51.479,0,stand,00:00:00:00:00:00,-62,11,0,0,0,0,0,0,0,0,0,-97,0,1,0,738821773,0,14,0,0,0,104,0,"[0, 0, -34, -117, -35, -80, -43, -41, -54, -6, -70, 22, -90, 44, -113, 61, -128, 70, -128, 72, -128, 69, -128, 62, -128, 53, -128, 41, -128, 27, -128, 18, -125, 14, -104, 14, -85, 20, -68, 31, -57, 44, -50, 57, -46, 70, -48, 81, -57, 90, -68, 95, 20, -86, 23, -94, 29, -101, 35, -108, 43, -113, 50, -115, 53, -114, 52, -112, 48, -109, 39, -107, 26, -109, 11, -108, -5, -107, -22, -113, -40, -124, -59, -128, -77, -128, -93, -128, -103, -128, -106, -128, -107, -128, -105, -128, -100, -128, -91, -128, -76, -128, -64, -128]",esp32_1
CSI_DATA,48122,2025-07-23 16:15:51.479,0,stand,00:00:00:00:00:00,-75,11,0,0,0,0,0,0,0,0,0,-97,0,1,0,3654965568,0,14,0,0,0,104,0,"[0, 0, 127, -128, 127, -128, 127, -128, 127, -126, 127, -100, 127, -70, 122, -31, 89, 13, 50, 53, 6, 90, -32, 127, -66, 127, -100, 127, -128, 127, -128, 127, -128, 127, -128, 127, -128, 127, -128, 127, -128, 127, -128, 127, -108, 127, -78, 127, -49, 127, -28, 127, 9, -97, 8, -100, -1, -102, -12, -108, -14, -111, -10, -111, -12, -114, -7, -117, 4, -110, 10, -97, 20, -81, 34, -57, 46, -35, 63, -18, 83, 0, 102, 17, 121, 32, 127, 40, 127, 42, 127, 40, 127, 30, 127, 16, 127, -5, 127, -33, 127, -65, 127, -89]",esp32_2
CSI_DATA,149598,2025-07-23 16:15:51.502,0,stand,00:00:00:00:00:00,-62,11,0,0,0,0,0,0,0,0,0,-97,0,1,0,738847501,0,14,0,0,0,104,0,"[0, 0, -111, 52, -73, 45, -35, 44, 2, 51, 35, 61, 64, 73, 86, 89, 102, 105, 110, 120, 112, 127, 108, 127, 99, 127, 87, 127, 73, 127, 59, 127, 49, 112, 44, 90, 43, 68, 49, 49, 58, 33, 71, 21, 85, 15, 96, 15, 106, 21, 113, 28, -86, -8, -95, -15, -106, -24, -114, -31, -118, -36, -118, -40, -116, -44, -115, -45, -113, -40, -111, -31, -107, -18, -103, -2, -104, 15, -107, 34, -112, 56, -118, 78, -128, 97, -128, 115, -128, 127, -128, 127, -128, 127, -128, 127, -128, 127, -128, 127, -128, 116, -128, 100]",esp32_1
CSI_DATA,48124,2025-07-23 16:15:51.575,0,stand,00:00:00:00:00:00,-75,11,0,0,0,0,0,0,0,0,0,-97,0,1,0,3654985540,0,14,0,0,0,104,0,"[0, 0, 18, 127, 25, 127, 23, 127, 9, 127, -5, 127, -13, 127, -29, 119, -54, 74, -78, 24, -102, -21, -127, -67, -128, -116, -128, -128, -128, -128, -128, -128, -128, -128, -128, -128, -128, -128, -128, -128, -128, -128, -128, -128, -128, -128, -128, -128, -128, -90, -128, -64, 59, 72, 71, 65, 77, 61, 82, 62, 92, 62, 98, 57, 98, 54, 97, 57, 89, 64, 71, 65, 45, 62, 22, 67, -3, 71, -35, 72, -61, 75, -79, 76, -99, 78, -116, 88, -125, 97, -124, 105, -114, 125, -102, 127, -89, 127, -69, 127, -43, 127, -28, 127]",esp32_2
CSI_DATA,48125,2025-07-23 16:15:51.597,0,stand,00:00:00:00:00:00,-75,11,0,0,0,0,0,0,0,0,0,-97,0,1,0,3654995507,0,14,0,0,0,104,0,"[0, 0, -128, 127, -128, 127, -128, 127, -128, 127, -128, 120, -128, 87, -127, 52, -104, 5, -77, -46, -46, -91, -18, -128, 5, -128, 30, -128, 55, -128, 68, -128, 75, -128, 86, -128, 94, -128, 93, -128, 81, -128, 59, -128, 30, -128, -1, -128, -26, -128, -37, -128, -38, 84, -26, 92, -21, 102, -17, 109, -8, 114, -5, 112, -7, 111, -12, 109, -18, 98, -29, 87, -42, 74, -52, 57, -59, 34, -69, 13, -84, -6, -100, -27, -118, -43, -128, -50, -128, -47, -128, -36, -128, -21, -128, -3, -128, 20, -128, 51, -128, 86, -128, 113]",esp32_2
CSI_DATA,149601,2025-07-23 16:15:51.607,0,stand,00:00:00:00:00:00,-62,11,0,0,0,0,0,0,0,0,0,-97,0,1,0,738957203,0,14,0,0,0,104,0,"[0, 0, 116, 99, 89, 58, 72, 16, 60, -30, 54, -76, 57, -115, 68, -128, 86, -128, 104, -128, 119, -128, 127, -128, 127, -128, 127, -128, 127, -128, 127, -127, 116, -107, 94, -93, 70, -84, 45, -82, 21, -87, 1, -97, -13, -109, -16, -124, -11, -128, -5, -128, 36, 101, 38, 114, 38, 127, 37, 127, 33, 127, 25, 127, 18, 127, 15, 127, 19, 127, 29, 127, 42, 127, 59, 119, 79, 104, 102, 96, 127, 91, 127, 92, 127, 98, 127, 105, 127, 111, 127, 122, 127, 127, 127, 127, 127, 127, 127, 127, 127, 127, 127, 127]",esp32_1
CSI_DATA,149602,2025-07-23 16:15:51.629,0,stand,00:00:00:00:00:00,-63,11,0,0,0,0,0,0,0,0,0,-97,0,1,0,739003516,0,14,0,0,0,104,0,"[0, 0, -58, -101, -48, -68, -45, -26, -48, 13, -57, 45, -66, 72, -81, 94, -96, 105, -109, 107, -126, 110, -128, 106, -128, 100, -128, 91, -128, 73, -126, 60, -104, 52, -85, 49, -64, 51, -43, 55, -27, 62, -17, 69, -12, 77, -14, 88, -21, 102, -29, 111, 6, -86, 8, -95, 13, -102, 19, -109, 25, -116, 30, -120, 30, -119, 27, -115, 24, -108, 16, -99, 5, -98, -7, -97, -21, -95, -42, -100, -65, -106, -87, -114, -108, -126, -127, -128, -128, -128, -128, -128, -128, -128, -128, -128, -128, -128, -128, -128, -124, -128, -116, -128]",esp32_1
CSI_DATA,48126,2025-07-23 16:15:51.629,0,stand,00:00:00:00:00:00,-77,11,0,0,0,0,0,0,0,0,0,-97,0,1,0,3655006278,0,14,0,0,0,104,0,"[0, 0, -5, 127, -5, 127, -11, 127, -18, 127, -26, 127, -27, 117, -26, 87, -38, 50, -65, -4, -85, -54, -91, -104, -93, -128, -95, -128, -99, -128, -96, -128, -92, -128, -92, -128, -81, -128, -74, -128, -83, -128, -95, -128, -110, -128, -128, -128, -128, -128, -128, -128, 70, 31, 77, 33, 83, 28, 89, 24, 91, 30, 88, 28, 88, 22, 83, 23, 71, 28, 62, 35, 45, 40, 22, 44, 4, 48, -12, 57, -32, 65, -52, 62, -66, 67, -79, 80, -86, 86, -86, 90, -84, 94, -73, 99, -59, 116, -47, 127, -33, 127, -23, 127]",esp32_2
CSI_DATA,149603,2025-07-23 16:15:51.651,0,stand,00:00:00:00:00:00,-63,11,0,0,0,0,0,0,0,0,0,-97,0,1,0,739039406,0,14,0,0,0,104,0,"[0, 0, 76, 87, 60, 53, 51, 18, 45, -20, 45, -54, 52, -83, 63, -107, 77, -124, 90, -128, 101, -128, 110, -128, 116, -128, 121, -123, 121, -107, 110, -90, 92, -75, 74, -66, 56, -61, 36, -61, 17, -65, 2, -73, -8, -84, -12, -96, -8, -108, -1, -114, 9, 82, 10, 91, 7, 101, 1, 110, -4, 118, -10, 123, -15, 122, -16, 118, -11, 113, -1, 108, 11, 103, 25, 96, 43, 88, 62, 85, 81, 86, 101, 90, 122, 98, 127, 107, 127, 114, 127, 124, 127, 127, 127, 127, 127, 127, 127, 127, 127, 127, 127, 127]",esp32_1
CSI_DATA,48127,2025-07-23 16:15:51.661,0,stand,00:00:00:00:00:00,-75,11,0,0,0,0,0,0,0,0,0,-97,0,1,0,3655015562,0,14,0,0,0,104,0,"[0, 0, -125, -128, -121, -128, -110, -128, -98, -128, -73, -128, -42, -128, -15, -122, 17, -87, 56, -51, 96, -11, 127, 31, 127, 69, 127, 105, 127, 127, 127, 127, 127, 127, 127, 127, 127, 127, 127, 127, 127, 127, 127, 124, 127, 105, 127, 82, 127, 50, 127, 26, -95, -25, -98, -18, -97, -11, -103, -9, -113, -5, -114, 4, -106, 6, -100, 1, -96, -12, -84, -23, -64, -26, -43, -38, -25, -58, -6, -73, 15, -83, 33, -94, 49, -112, 59, -127, 58, -128, 54, -128, 48, -128, 31, -128, 5, -128, -20, -128, -48, -128, -75, -128]",esp32_2
CSI_DATA,149604,2025-07-23 16:15:51.675,0,stand,00:00:00:00:00:00,-62,11,0,0,0,0,0,0,0,0,0,-97,0,1,0,739076061,0,14,0,0,0,104,0,"[0, 0, -13, 123, 0, 86, 21, 52, 45, 23, 69, -2, 95, -20, 124, -30, 127, -32, 127, -29, 127, -23, 127, -15, 127, -5, 127, 6, 127, 15, 127, 18, 125, 17, 103, 11, 86, -1, 72, -18, 63, -35, 58, -50, 59, -64, 65, -75, 76, -82, 86, -84, -56, 68, -63, 73, -74, 78, -84, 82, -94, 84, -99, 84, -101, 80, -100, 77, -94, 75, -84, 77, -70, 85, -53, 90, -38, 97, -24, 110, -9, 127, 5, 127, 16, 127, 26, 127, 32, 127, 32, 127, 28, 127, 22, 127, 15, 127, 5, 127, -5, 127, -13, 127]",esp32_1
CSI_DATA,149605,2025-07-23 16:15:51.694,0,stand,00:00:00:00:00:00,-62,11,0,0,0,0,0,0,0,0,0,-97,0,1,0,739100412,0,14,0,0,0,104,0,"[0, 0, 71, -98, 40, -74, 5, -55, -28, -46, -60, -41, -91, -39, -121, -44, -128, -55, -128, -68, -128, -82, -128, -94, -128, -102, -128, -105, -128, -103, -110, -96, -94, -83, -80, -65, -71, -45, -68, -25, -70, -7, -77, 7, -87, 18, -98, 24, -110, 23, -118, 18, 78, -37, 88, -36, 100, -33, 111, -32, 120, -30, 125, -26, 125, -22, 121, -21, 116, -22, 108, -27, 98, -38, 87, -51, 81, -64, 77, -83, 70, -107, 63, -128, 64, -128, 70, -128, 76, -128, 85, -128, 95, -128, 106, -128, 115, -128, 123, -128, 127, -128, 127, -128]",esp32_1
CSI_DATA,48128,2025-07-23 16:15:51.694,0,stand,00:00:00:00:00:00,-75,11,0,0,0,0,0,0,0,0,0,-97,0,1,0,3655025530,0,14,0,0,0,104,0,"[0, 0, 127, -128, 127, -128, 127, -128, 127, -128, 127, -128, 122, -109, 108, -65, 92, -16, 70, 36, 49, 85, 30, 127, 8, 127, -14, 127, -35, 127, -53, 127, -65, 127, -72, 127, -69, 127, -60, 127, -50, 127, -33, 127, -14, 127, 2, 127, 24, 127, 48, 127, 0, -95, -9, -98, -24, -100, -36, -101, -37, -102, -32, -106, -33, -111, -32, -112, -23, -109, -8, -97, 10, -78, 23, -64, 37, -53, 59, -38, 86, -22, 110, -7, 127, 8, 127, 13, 127, 8, 127, -1, 127, -15, 127, -32, 127, -58, 127, -93, 127, -123, 127, -128]",esp32_2
CSI_DATA,149606,2025-07-23 16:15:51.722,0,stand,00:00:00:00:00:00,-62,11,0,0,0,0,0,0,0,0,0,-97,0,1,0,739125753,0,14,0,0,0,104,0,"[0, 0, -128, -17, -101, 1, -67, 24, -36, 56, -14, 90, 0, 121, 7, 127, 8, 127, 5, 127, -4, 127, -14, 127, -25, 127, -37, 127, -47, 127, -48, 127, -42, 127, -33, 112, -19, 95, -1, 83, 21, 77, 43, 76, 59, 81, 68, 89, 70, 103, 67, 115, -78, -57, -87, -68, -96, -81, -103, -93, -104, -103, -99, -110, -92, -112, -87, -111, -87, -105, -90, -93, -93, -78, -101, -61, -115, -43, -128, -26, -128, -11, -128, 1, -128, 11, -128, 21, -128, 26, -128, 25, -128, 19, -128, 10, -128, 2, -128, -5, -128, -18, -128, -31]",esp32_1
CSI_DATA,149607,2025-07-23 16:15:51.738,0,stand,00:00:00:00:00:00,-62,11,0,0,0,0,0,0,0,0,0,-97,0,1,0,739163673,0,14,0,0,0,104,0,"[0, 0, 117, -4, 81, -12, 47, -26, 15, -49, -13, -74, -34, -98, -47, -121, -52, -128, -51, -128, -46, -128, -39, -128, -28, -128, -15, -128, -4, -128, 2, -128, 3, -121, 0, -101, -10, -83, -24, -66, -39, -54, -56, -49, -72, -50, -82, -55, -89, -67, -91, -76, 70, 43, 78, 51, 85, 61, 91, 72, 92, 81, 89, 86, 85, 87, 82, 85, 82, 78, 84, 67, 87, 53, 91, 36, 101, 21, 116, 6, 127, -11, 127, -27, 127, -40, 127, -50, 127, -56, 127, -59, 127, -58, 127, -53, 127, -44, 127, -35, 127, -24, 127, -13]",esp32_1
CSI_DATA,149608,2025-07-23 16:15:51.768,0,stand,00:00:00:00:00:00,-62,11,0,0,0,0,0,0,0,0,0,-97,0,1,0,739199714,0,14,0,0,0,104,0,"[0, 0, -69, 96, -43, 72, -9, 52, 25, 39, 58, 32, 90, 28, 119, 32, 127, 40, 127, 50, 127, 62, 127, 75, 127, 83, 127, 88, 127, 91, 112, 87, 94, 76, 80, 59, 71, 38, 67, 17, 66, -3, 72, -17, 81, -28, 92, -34, 104, -35, 111, -33, -79, 32, -88, 33, -100, 31, -110, 28, -119, 26, -123, 24, -122, 21, -119, 20, -114, 23, -106, 29, -97, 41, -86, 53, -77, 64, -71, 79, -68, 101, -64, 127, -64, 127, -67, 127, -73, 127, -79, 127, -86, 127, -98, 127, -112, 127, -120, 127, -120, 127, -117, 127]",esp32_1
CSI_DATA,48130,2025-07-23 16:15:51.770,0,stand,00:00:00:00:00:00,-75,11,0,0,0,0,0,0,0,0,0,-97,0,1,0,3655045847,0,14,0,0,0,104,0,"[0, 0, 71, -128, 69, -128, 66, -128, 59, -128, 62, -128, 71, -128, 75, -105, 83, -62, 87, -19, 88, 28, 104, 80, 127, 127, 127, 127, 127, 127, 127, 127, 127, 127, 127, 127, 127, 127, 127, 127, 127, 127, 127, 127, 127, 127, 127, 123, 127, 99, 127, 80, -10, -90, -10, -96, -21, -104, -37, -111, -43, -111, -39, -111, -35, -114, -31, -117, -25, -115, -17, -105, 3, -96, 27, -94, 41, -92, 58, -80, 76, -62, 91, -52, 112, -47, 127, -46, 127, -54, 127, -70, 127, -85, 127, -100, 127, -125, 124, -128, 107, -128, 97, -128]",esp32_2
CSI_DATA,149609,2025-07-23 16:15:51.788,0,stand,00:00:00:00:00:00,-62,11,0,0,0,0,0,0,0,0,0,-97,0,1,0,739246525,0,14,0,0,0,104,0,"[0, 0, 55, 110, 48, 70, 46, 29, 50, -8, 63, -38, 77, -67, 95, -90, 112, -103, 121, -111, 127, -117, 127, -118, 127, -110, 127, -92, 127, -72, 127, -58, 112, -48, 92, -42, 74, -43, 54, -50, 37, -59, 23, -72, 13, -84, 11, -96, 20, -111, 29, -120, -6, 86, -10, 95, -15, 104, -22, 113, -30, 120, -38, 124, -44, 124, -45, 119, -38, 112, -22, 106, -7, 105, 8, 103, 27, 98, 47, 101, 65, 110, 84, 120, 105, 127, 124, 127, 127, 127, 127, 127, 127, 127, 127, 127, 127, 127, 127, 127, 127, 127, 122, 127]",esp32_1
CSI_DATA,48131,2025-07-23 16:15:51.794,0,stand,00:00:00:00:00:00,-75,11,0,0,0,0,0,0,0,0,0,-97,0,1,0,3655055538,0,14,0,0,0,104,0,"[0, 0, 127, 127, 127, 127, 127, 127, 127, 127, 127, 120, 116, 102, 72, 88, 24, 81, -30, 69, -82, 51, -128, 33, -128, 15, -128, -5, -128, -20, -128, -34, -128, -51, -128, -63, -128, -63, -128, -59, -128, -50, -128, -32, -128, -18, -128, 1, -128, 29, -128, 45, 97, -25, 96, -36, 90, -47, 85, -53, 89, -57, 94, -61, 94, -61, 97, -51, 97, -36, 93, -24, 79, -13, 59, 9, 42, 39, 28, 66, 23, 89, 24, 106, 20, 121, 14, 127, 14, 127, 29, 127, 49, 127, 66, 127, 88, 127, 114, 127, 127, 127, 127, 127]",esp32_2
CSI_DATA,149610,2025-07-23 16:15:51.804,0,stand,00:00:00:00:00:00,-62,11,0,0,0,0,0,0,0,0,0,-97,0,1,0,739270971,0,14,0,0,0,104,0,"[0, 0, -80, 100, -49, 77, -11, 53, 26, 45, 59, 48, 89, 50, 117, 55, 127, 63, 127, 66, 127, 74, 127, 90, 127, 104, 127, 113, 120, 114, 102, 105, 86, 88, 74, 71, 68, 54, 64, 33, 66, 15, 73, 0, 82, -13, 94, -20, 109, -17, 120, -11, -78, 43, -89, 45, -100, 43, -112, 42, -122, 40, -128, 33, -128, 24, -122, 20, -114, 23, -103, 34, -93, 50, -82, 62, -74, 74, -70, 94, -67, 114, -64, 127, -67, 127, -72, 127, -82, 127, -96, 127, -111, 127, -120, 127, -118, 127, -114, 127, -117, 127, -121, 127]",esp32_1
CSI_DATA,149611,2025-07-23 16:15:51.835,0,stand,00:00:00:00:00:00,-63,11,0,0,0,0,0,0,0,0,0,-97,0,1,0,739299871,0,14,0,0,0,104,0,"[0, 0, -7, -121, -15, -85, -32, -50, -51, -20, -72, 3, -96, 20, -122, 30, -128, 36, -128, 36, -128, 31, -128, 22, -128, 12, -128, 2, -128, -7, -128, -11, -121, -10, -99, -6, -82, 5, -70, 20, -62, 35, -57, 49, -57, 63, -62, 74, -73, 81, -84, 84, 43, -75, 49, -81, 57, -86, 67, -91, 77, -96, 84, -95, 86, -91, 84, -88, 77, -86, 67, -87, 54, -91, 39, -94, 23, -97, 8, -107, -7, -123, -23, -128, -37, -128, -47, -128, -53, -128, -54, -128, -53, -128, -49, -128, -43, -128, -33, -128, -20, -128, -12, -128]",esp32_1
CSI_DATA,48132,2025-07-23 16:15:51.836,0,stand,00:00:00:00:00:00,-75,11,0,0,0,0,0,0,0,0,0,-97,0,1,0,3655065524,0,14,0,0,0,104,0,"[0, 0, -40, 127, -33, 127, -35, 127, -42, 127, -44, 127, -47, 127, -55, 112, -64, 56, -78, 4, -95, -46, -104, -103, -105, -128, -108, -128, -113, -128, -113, -128, -109, -128, -104, -128, -100, -128, -99, -128, -98, -128, -97, -128, -100, -128, -106, -128, -120, -128, -128, -106, 46, 82, 56, 79, 67, 78, 79, 77, 88, 74, 85, 71, 80, 73, 76, 73, 66, 68, 52, 66, 32, 65, 5, 67, -18, 69, -39, 66, -66, 59, -90, 55, -112, 58, -126, 68, -128, 72, -128, 81, -128, 101, -128, 126, -118, 127, -105, 127, -89, 127, -74, 127]",esp32_2
CSI_DATA,149612,2025-07-23 16:15:51.857,0,stand,00:00:00:00:00:00,-62,11,0,0,0,0,0,0,0,0,0,-97,0,1,0,739332494,0,14,0,0,0,104,0,"[0, 0, -15, -125, -23, -88, -39, -52, -55, -22, -75, 4, -100, 23, -128, 34, -128, 38, -128, 35, -128, 29, -128, 19, -128, 8, -128, -4, -128, -13, -128, -16, -126, -15, -105, -8, -87, 3, -74, 17, -67, 31, -63, 46, -64, 60, -71, 69, -83, 73, -91, 74, 29, -88, 34, -93, 41, -99, 49, -106, 59, -110, 66, -109, 68, -106, 67, -106, 61, -105, 51, -103, 38, -106, 24, -107, 9, -109, -6, -118, -23, -128, -41, -128, -56, -128, -68, -128, -74, -128, -76, -128, -76, -128, -71, -128, -64, -128, -53, -128, -39, -128, -28, -128]",esp32_1
CSI_DATA,48133,2025-07-23 16:15:51.871,0,stand,00:00:00:00:00:00,-75,11,0,0,0,0,0,0,0,0,0,-97,0,1,0,3655075508,0,14,0,0,0,104,0,"[0, 0, 127, -128, 127, -128, 127, -128, 127, -128, 127, -128, 119, -122, 96, -73, 77, -20, 57, 35, 39, 83, 24, 127, 5, 127, -18, 127, -40, 127, -59, 127, -76, 127, -85, 127, -86, 127, -82, 127, -72, 127, -55, 127, -34, 127, -13, 127, 12, 127, 35, 127, -27, -82, -38, -84, -49, -87, -58, -91, -63, -95, -63, -96, -59, -98, -50, -97, -39, -92, -25, -91, -6, -83, 11, -69, 29, -61, 59, -51, 84, -33, 100, -19, 117, -14, 127, -16, 127, -26, 127, -35, 127, -42, 127, -53, 127, -78, 127, -117, 127, -128, 127, -128]",esp32_2
CSI_DATA,149613,2025-07-23 16:15:51.881,0,stand,00:00:00:00:00:00,-62,11,0,0,0,0,0,0,0,0,0,-97,0,1,0,739356859,0,14,0,0,0,104,0,"[0, 0, -79, -96, -65, -60, -58, -24, -55, 11, -56, 45, -66, 76, -80, 100, -95, 119, -112, 127, -124, 127, -128, 127, -128, 119, -128, 107, -128, 93, -125, 78, -109, 67, -89, 60, -67, 56, -47, 59, -30, 64, -16, 74, -9, 87, -7, 100, -12, 112, -20, 118, -15, -88, -13, -97, -10, -106, -6, -116, -1, -126, 4, -128, 7, -128, 9, -125, 6, -121, -2, -116, -15, -110, -30, -103, -45, -96, -62, -92, -83, -95, -109, -101, -128, -109, -128, -118, -128, -126, -128, -128, -128, -128, -128, -128, -128, -128, -128, -128, -128, -128, -128, -128]",esp32_1
CSI_DATA,48134,2025-07-23 16:15:51.897,0,stand,00:00:00:00:00:00,-75,11,0,0,0,0,0,0,0,0,0,-97,0,1,0,3655085547,0,14,0,0,0,104,0,"[0, 0, 127, -128, 127, -128, 127, -128, 127, -128, 127, -119, 127, -87, 117, -47, 89, 0, 57, 47, 25, 92, 0, 127, -18, 127, -40, 127, -65, 127, -86, 127, -99, 127, -108, 127, -114, 127, -108, 127, -94, 127, -72, 127, -48, 127, -25, 127, 2, 127, 24, 127, 17, -98, 9, -99, -2, -101, -10, -103, -13, -109, -12, -115, -9, -116, -5, -115, 4, -106, 14, -91, 23, -79, 36, -63, 53, -45, 75, -21, 95, 4, 112, 17, 127, 26, 127, 33, 127, 33, 127, 23, 127, 9, 127, -5, 127, -29, 127, -63, 127, -93, 127, -109]",esp32_2
CSI_DATA,149614,2025-07-23 16:15:51.902,0,stand,00:00:00:00:00:00,-62,11,0,0,0,0,0,0,0,0,0,-97,0,1,0,739382299,0,14,0,0,0,104,0,"[0, 0, -78, -90, -62, -54, -53, -19, -49, 17, -51, 51, -59, 81, -72, 105, -88, 122, -103, 127, -115, 127, -125, 127, -128, 127, -128, 115, -128, 98, -118, 83, -101, 71, -83, 61, -64, 56, -44, 58, -27, 63, -13, 71, -4, 83, -1, 95, -6, 105, -14, 111, -12, -86, -12, -94, -12, -105, -10, -115, -4, -123, 4, -126, 8, -124, 6, -122, 0, -118, -9, -113, -19, -108, -31, -101, -48, -94, -68, -91, -88, -93, -107, -98, -128, -106, -128, -114, -128, -122, -128, -128, -128, -128, -128, -128, -128, -128, -128, -128, -128, -128, -128, -128]",esp32_1
CSI_DATA,149615,2025-07-23 16:15:51.924,0,stand,00:00:00:00:00:00,-62,11,0,0,0,0,0,0,0,0,0,-97,0,1,0,739429221,0,14,0,0,0,104,0,"[0, 0, -52, 127, -24, 96, 8, 70, 38, 53, 69, 39, 101, 32, 127, 29, 127, 33, 127, 49, 127, 66, 127, 78, 127, 83, 127, 85, 127, 83, 127, 79, 115, 73, 95, 57, 82, 37, 77, 18, 76, -1, 83, -19, 94, -30, 104, -34, 112, -33, 117, -31, -73, 61, -81, 62, -95, 64, -107, 66, -119, 67, -121, 64, -119, 60, -118, 57, -115, 58, -111, 63, -100, 70, -85, 78, -74, 89, -62, 103, -48, 124, -36, 127, -31, 127, -32, 127, -34, 127, -37, 127, -44, 127, -56, 127, -78, 127, -92, 127, -94, 127, -93, 127]",esp32_1
CSI_DATA,48135,2025-07-23 16:15:51.924,0,stand,00:00:00:00:00:00,-75,11,0,0,0,0,0,0,0,0,0,-97,0,1,0,3655095525,0,14,0,0,0,104,0,"[0, 0, -128, -92, -128, -86, -128, -84, -128, -86, -128, -84, -128, -80, -103, -79, -58, -78, -1, -79, 63, -81, 124, -79, 127, -73, 127, -69, 127, -74, 127, -76, 127, -68, 127, -64, 127, -66, 127, -64, 127, -62, 127, -67, 127, -80, 127, -96, 127, -110, 124, -116, -99, 21, -96, 29, -94, 38, -95, 44, -98, 52, -101, 62, -100, 66, -99, 61, -98, 46, -91, 28, -75, 11, -64, -12, -60, -39, -52, -58, -43, -76, -38, -103, -36, -126, -37, -128, -42, -128, -51, -128, -67, -128, -89, -128, -115, -128, -128, -128, -128, -128, -128, -128]",esp32_2
CSI_DATA,149616,2025-07-23 16:15:51.947,0,stand,00:00:00:00:00:00,-63,11,0,0,0,0,0,0,0,0,0,-97,0,1,0,739476583,0,14,0,0,0,104,0,"[0, 0, -76, 112, -44, 84, -4, 53, 31, 39, 64, 39, 97, 37, 127, 42, 127, 50, 127, 48, 127, 52, 127, 71, 127, 89, 127, 100, 127, 102, 120, 95, 100, 77, 84, 59, 77, 44, 72, 25, 72, 5, 78, -13, 83, -29, 93, -38, 111, -38, 124, -36, -83, 45, -95, 45, -106, 43, -117, 42, -126, 39, -128, 34, -128, 29, -128, 26, -123, 27, -110, 39, -96, 55, -85, 64, -78, 75, -74, 97, -69, 121, -61, 127, -59, 127, -61, 127, -69, 127, -81, 127, -96, 127, -106, 127, -102, 127, -99, 127, -107, 127, -112, 127]",esp32_1
CSI_DATA,149617,2025-07-23 16:15:51.968,0,stand,00:00:00:00:00:00,-62,11,0,0,0,0,0,0,0,0,0,-97,0,1,0,739503859,0,14,0,0,0,104,0,"[0, 0, -13, -121, -21, -85, -36, -51, -54, -20, -74, 5, -97, 23, -122, 35, -128, 41, -128, 39, -128, 31, -128, 20, -128, 10, -128, 1, -128, -8, -128, -13, -120, -13, -98, -6, -82, 5, -70, 20, -62, 34, -58, 47, -60, 61, -66, 72, -77, 77, -87, 77, 30, -84, 37, -90, 44, -97, 52, -102, 62, -105, 67, -105, 68, -103, 67, -100, 62, -98, 51, -96, 37, -97, 22, -99, 7, -102, -7, -110, -24, -125, -43, -128, -58, -128, -68, -128, -74, -128, -77, -128, -76, -128, -72, -128, -66, -128, -54, -128, -40, -128, -31, -128]",esp32_1
CSI_DATA,149618,2025-07-23 16:15:51.996,0,stand,00:00:00:00:00:00,-62,11,0,0,0,0,0,0,0,0,0,-97,0,1,0,739527183,0,14,0,0,0,104,0,"[0, 0, -123, 4, -88, 13, -55, 30, -23, 53, 1, 79, 19, 104, 30, 127, 34, 127, 30, 127, 22, 127, 12, 127, 4, 127, -5, 127, -16, 127, -20, 127, -16, 124, -11, 104, 1, 87, 16, 72, 32, 61, 51, 57, 65, 60, 72, 68, 76, 80, 77, 89, -73, -46, -83, -53, -92, -62, -97, -72, -100, -82, -99, -87, -94, -89, -90, -88, -89, -83, -90, -73, -90, -61, -94, -46, -104, -28, -119, -9, -128, 7, -128, 20, -128, 32, -128, 43, -128, 51, -128, 55, -128, 53, -128, 47, -128, 36, -128, 26, -128, 14, -128, 1]",esp32_1
CSI_DATA,149619,2025-07-23 16:15:52.029,0,stand,00:00:00:00:00:00,-63,11,0,0,0,0,0,0,0,0,0,-97,0,1,0,739561209,0,14,0,0,0,104,0,"[0, 0, 95, 106, 74, 62, 62, 18, 54, -29, 52, -73, 58, -110, 70, -128, 87, -128, 104, -128, 118, -128, 127, -128, 127, -128, 127, -128, 127, -128, 127, -124, 109, -106, 87, -92, 62, -83, 37, -82, 12, -86, -10, -94, -23, -105, -27, -117, -23, -128, -18, -128, 3, 104, 4, 115, 1, 127, -4, 127, -12, 127, -21, 127, -26, 127, -25, 127, -18, 127, -5, 127, 10, 127, 29, 118, 54, 110, 82, 106, 108, 108, 127, 115, 127, 127, 127, 127, 127, 127, 127, 127, 127, 127, 127, 127, 127, 127, 127, 127, 127, 127, 127, 127]",esp32_1
CSI_DATA,48137,2025-07-23 16:15:52.031,0,stand,00:00:00:00:00:00,-75,11,0,0,0,0,0,0,0,0,0,-97,0,1,0,3655117010,0,14,0,0,0,104,0,"[0, 0, 127, -128, 127, -128, 127, -128, 127, -123, 127, -101, 127, -72, 109, -34, 78, 11, 44, 52, 13, 87, -18, 127, -50, 127, -82, 127, -112, 127, -128, 127, -128, 127, -128, 127, -128, 127, -128, 127, -128, 127, -107, 127, -77, 127, -49, 127, -22, 127, 0, 127, 15, -98, 7, -96, -5, -96, -14, -100, -18, -106, -18, -107, -10, -107, 1, -110, 7, -105, 12, -90, 21, -70, 33, -52, 51, -35, 69, -16, 84, 0, 99, 12, 116, 24, 127, 32, 127, 34, 127, 31, 127, 22, 127, 5, 127, -20, 127, -51, 127, -78, 127, -92]",esp32_2
CSI_DATA,149620,2025-07-23 16:15:52.062,0,stand,00:00:00:00:00:00,-63,11,0,0,0,0,0,0,0,0,0,-97,0,1,0,739586749,0,14,0,0,0,104,0,"[0, 0, -110, 40, -74, 36, -39, 40, -2, 52, 32, 67, 59, 83, 76, 101, 84, 117, 83, 127, 82, 127, 81, 127, 74, 127, 63, 127, 50, 127, 40, 127, 34, 115, 32, 94, 36, 74, 43, 54, 53, 38, 66, 28, 78, 24, 89, 28, 100, 37, 107, 45, -81, -24, -90, -29, -101, -35, -111, -41, -114, -50, -115, -57, -111, -59, -107, -57, -102, -51, -99, -43, -98, -35, -97, -22, -99, -1, -109, 23, -117, 44, -126, 59, -128, 77, -128, 96, -128, 111, -128, 120, -128, 122, -128, 119, -128, 109, -128, 97, -128, 85, -128, 74]",esp32_1
CSI_DATA,48138,2025-07-23 16:15:52.064,0,stand,00:00:00:00:00:00,-75,11,0,0,0,0,0,0,0,0,0,-97,0,1,0,3655125565,0,14,0,0,0,104,0,"[0, 0, 127, -42, 127, -49, 127, -44, 127, -35, 127, -20, 127, -2, 114, 21, 70, 48, 28, 68, -20, 91, -77, 118, -128, 127, -128, 127, -128, 127, -128, 127, -128, 127, -128, 127, -128, 127, -128, 127, -128, 127, -128, 127, -128, 127, -128, 127, -105, 127, -84, 127, 39, -85, 38, -92, 32, -95, 22, -99, 20, -104, 24, -109, 28, -112, 33, -109, 37, -95, 41, -74, 51, -57, 58, -38, 63, -14, 70, 9, 77, 33, 85, 52, 98, 70, 106, 86, 112, 92, 123, 89, 127, 79, 127, 76, 127, 71, 127, 45, 127, 13, 127, -11]",esp32_2
CSI_DATA,48139,2025-07-23 16:15:52.094,0,stand,00:00:00:00:00:00,-75,11,0,0,0,0,0,0,0,0,0,-97,0,1,0,3655135524,0,14,0,0,0,104,0,"[0, 0, -85, -128, -86, -128, -80, -128, -68, -128, -53, -128, -34, -109, -10, -84, 13, -58, 39, -32, 69, -10, 98, 12, 122, 36, 127, 63, 127, 86, 127, 95, 127, 101, 127, 108, 127, 111, 127, 107, 127, 93, 127, 75, 127, 58, 127, 37, 122, 12, 119, -6, -62, -29, -64, -26, -70, -21, -76, -18, -76, -17, -73, -13, -73, -13, -71, -18, -66, -20, -56, -23, -45, -29, -36, -37, -19, -47, 4, -56, 21, -65, 30, -70, 35, -74, 43, -85, 52, -97, 54, -107, 47, -115, 35, -124, 19, -128, 0, -128, -17, -128, -27, -128]",esp32_2
CSI_DATA,48140,2025-07-23 16:15:52.119,0,stand,00:00:00:00:00:00,-76,11,0,0,0,0,0,0,0,0,0,-97,0,1,0,3655148238,0,14,0,0,0,104,0,"[0, 0, -104, 127, -97, 127, -87, 127, -78, 127, -81, 127, -91, 127, -91, 101, -89, 49, -94, -3, -100, -52, -106, -104, -110, -128, -113, -128, -105, -128, -97, -128, -103, -128, -105, -128, -96, -128, -90, -128, -90, -128, -94, -128, -103, -128, -112, -128, -121, -128, -128, -120, 21, 98, 32, 106, 47, 112, 57, 116, 57, 117, 55, 115, 58, 112, 56, 115, 46, 123, 32, 126, 8, 116, -18, 104, -42, 100, -72, 96, -98, 80, -106, 62, -117, 52, -128, 49, -128, 60, -128, 76, -128, 83, -128, 99, -128, 127, -128, 127, -128, 127, -110, 127]",esp32_2
CSI_DATA,149622,2025-07-23 16:15:52.141,0,stand,00:00:00:00:00:00,-62,11,0,0,0,0,0,0,0,0,0,-97,0,1,0,739659000,0,14,0,0,0,104,0,"[0, 0, 54, 105, 46, 66, 48, 29, 51, -7, 57, -40, 69, -68, 87, -92, 107, -107, 123, -114, 127, -115, 127, -111, 127, -101, 127, -87, 127, -75, 127, -65, 113, -55, 93, -48, 72, -47, 53, -51, 36, -60, 22, -72, 15, -84, 16, -97, 22, -109, 29, -116, -6, 86, -8, 94, -12, 103, -17, 112, -24, 120, -31, 123, -35, 121, -35, 119, -30, 114, -20, 110, -7, 108, 9, 103, 27, 99, 46, 99, 67, 103, 87, 112, 108, 125, 127, 127, 127, 127, 127, 127, 127, 127, 127, 127, 127, 127, 127, 127, 127, 127, 114, 127]",esp32_1
CSI_DATA,48141,2025-07-23 16:15:52.151,0,stand,00:00:00:00:00:00,-75,11,0,0,0,0,0,0,0,0,0,-97,0,1,0,3655156957,0,14,0,0,0,104,0,"[0, 0, -61, 127, -55, 127, -57, 127, -62, 127, -65, 127, -67, 127, -69, 99, -67, 47, -66, -9, -73, -60, -78, -113, -72, -128, -64, -128, -62, -128, -60, -128, -52, -128, -42, -128, -37, -128, -38, -128, -41, -128, -47, -128, -59, -128, -75, -128, -91, -128, -105, -128, 64, 72, 69, 69, 79, 65, 88, 60, 93, 58, 94, 61, 90, 64, 86, 61, 77, 62, 56, 66, 31, 66, 10, 66, -10, 66, -38, 65, -62, 65, -84, 61, -109, 59, -125, 64, -128, 74, -128, 84, -128, 96, -128, 113, -128, 127, -128, 127, -116, 127, -89, 127]",esp32_2
CSI_DATA,149623,2025-07-23 16:15:52.173,0,stand,00:00:00:00:00:00,-63,11,0,0,0,0,0,0,0,0,0,-97,0,1,0,739696408,0,14,0,0,0,104,0,"[0, 0, 99, 53, 73, 28, 53, -2, 37, -37, 26, -68, 22, -97, 23, -123, 31, -128, 40, -128, 50, -128, 60, -128, 69, -128, 76, -128, 78, -128, 75, -118, 65, -99, 51, -84, 33, -75, 15, -70, -4, -68, -21, -71, -33, -78, -38, -88, -37, -100, -34, -111, 40, 70, 44, 78, 47, 89, 47, 100, 45, 109, 40, 115, 34, 116, 32, 114, 35, 107, 40, 98, 48, 89, 58, 77, 73, 65, 93, 56, 112, 49, 127, 44, 127, 42, 127, 42, 127, 45, 127, 53, 127, 60, 127, 68, 127, 78, 127, 88, 127, 93, 127, 96]",esp32_1
CSI_DATA,48142,2025-07-23 16:15:52.180,0,stand,00:00:00:00:00:00,-75,11,0,0,0,0,0,0,0,0,0,-97,0,1,0,3655165511,0,14,0,0,0,104,0,"[0, 0, -128, 127, -128, 127, -128, 127, -128, 127, -128, 116, -128, 81, -116, 41, -93, -8, -61, -56, -30, -99, -2, -128, 25, -128, 52, -128, 78, -128, 93, -128, 101, -128, 112, -128, 117, -128, 109, -128, 90, -128, 69, -128, 47, -128, 25, -128, 0, -128, -22, -128, -26, 96, -20, 96, -12, 102, 0, 106, 9, 109, 9, 116, 6, 122, 0, 115, -9, 104, -21, 93, -31, 73, -38, 51, -49, 28, -71, 6, -93, -9, -108, -19, -120, -33, -128, -43, -128, -39, -128, -35, -128, -28, -128, -10, -128, 19, -128, 53, -128, 81, -128, 98]",esp32_2
CSI_DATA,149624,2025-07-23 16:15:52.198,0,stand,00:00:00:00:00:00,-62,11,0,0,0,0,0,0,0,0,0,-97,0,1,0,739744810,0,14,0,0,0,104,0,"[0, 0, -119, 19, -80, 24, -41, 33, -10, 51, 17, 72, 40, 93, 58, 112, 68, 127, 69, 127, 63, 127, 55, 127, 46, 127, 36, 127, 26, 127, 20, 127, 17, 117, 17, 94, 23, 73, 34, 57, 48, 44, 64, 36, 78, 36, 89, 40, 95, 47, 98, 53, -75, -38, -81, -46, -89, -59, -97, -70, -99, -78, -95, -83, -91, -84, -87, -82, -86, -75, -88, -64, -88, -51, -91, -35, -100, -18, -113, -1, -125, 19, -128, 39, -128, 55, -128, 67, -128, 74, -128, 79, -128, 80, -128, 76, -128, 67, -128, 57, -128, 44, -128, 31]",esp32_1
CSI_DATA,48143,2025-07-23 16:15:52.209,0,stand,00:00:00:00:00:00,-75,11,0,0,0,0,0,0,0,0,0,-97,0,1,0,3655175975,0,14,0,0,0,104,0,"[0, 0, -49, 127, -39, 127, -35, 127, -40, 127, -54, 127, -66, 127, -68, 114, -66, 60, -67, 7, -77, -45, -92, -103, -101, -128, -107, -128, -108, -128, -102, -128, -95, -128, -89, -128, -82, -128, -77, -128, -78, -128, -82, -128, -89, -128, -99, -128, -106, -128, -108, -126, 65, 74, 68, 69, 73, 65, 82, 65, 96, 60, 100, 53, 95, 56, 87, 66, 75, 72, 60, 67, 38, 60, 10, 62, -10, 69, -34, 69, -68, 65, -92, 68, -106, 75, -119, 81, -128, 85, -128, 95, -128, 107, -128, 127, -128, 127, -111, 127, -88, 127, -68, 127]",esp32_2
CSI_DATA,149625,2025-07-23 16:15:52.233,0,stand,00:00:00:00:00:00,-62,11,0,0,0,0,0,0,0,0,0,-97,0,1,0,739779218,0,14,0,0,0,104,0,"[0, 0, 1, 120, 11, 79, 28, 43, 46, 14, 64, -10, 87, -32, 112, -48, 127, -55, 127, -56, 127, -52, 127, -44, 127, -33, 127, -22, 127, -12, 127, -7, 120, -5, 98, -7, 80, -14, 64, -28, 51, -43, 43, -58, 42, -72, 47, -83, 56, -93, 65, -96, -46, 71, -54, 77, -62, 83, -72, 87, -82, 91, -87, 90, -90, 86, -89, 83, -83, 81, -72, 83, -57, 88, -40, 90, -24, 94, -7, 106, 9, 121, 24, 127, 37, 127, 49, 127, 57, 127, 59, 127, 58, 127, 54, 127, 47, 127, 38, 127, 26, 127, 19, 127]",esp32_1
CSI_DATA,149626,2025-07-23 16:15:52.261,0,stand,00:00:00:00:00:00,-63,11,0,0,0,0,0,0,0,0,0,-97,0,1,0,739803648,0,14,0,0,0,104,0,"[0, 0, -117, -11, -81, 3, -51, 22, -25, 48, -3, 74, 12, 99, 20, 122, 21, 127, 19, 127, 12, 127, 3, 127, -7, 127, -17, 127, -24, 127, -26, 127, -22, 114, -15, 95, -4, 78, 12, 65, 28, 58, 44, 57, 58, 60, 67, 66, 70, 76, 69, 85, -62, -53, -69, -62, -75, -73, -78, -82, -78, -90, -76, -95, -73, -95, -69, -92, -70, -86, -73, -76, -76, -65, -83, -51, -96, -35, -112, -21, -127, -8, -128, 5, -128, 15, -128, 21, -128, 25, -128, 25, -128, 20, -128, 12, -128, 3, -128, -3, -128, -12, -128, -25]",esp32_1
CSI_DATA,149627,2025-07-23 16:15:52.293,0,stand,00:00:00:00:00:00,-62,11,0,0,0,0,0,0,0,0,0,-97,0,1,0,739829107,0,14,0,0,0,104,0,"[0, 0, 106, 60, 79, 32, 58, 1, 42, -35, 32, -69, 27, -102, 31, -128, 41, -128, 53, -128, 64, -128, 74, -128, 82, -128, 89, -128, 92, -128, 86, -122, 74, -102, 59, -87, 42, -78, 21, -72, 1, -71, -16, -76, -29, -85, -35, -95, -33, -106, -30, -115, 42, 76, 44, 86, 46, 98, 46, 110, 44, 119, 39, 124, 33, 125, 31, 122, 34, 116, 40, 106, 48, 97, 58, 85, 74, 72, 95, 62, 117, 56, 127, 53, 127, 53, 127, 54, 127, 56, 127, 61, 127, 69, 127, 81, 127, 94, 127, 103, 127, 108, 127, 113]",esp32_1
CSI_DATA,48145,2025-07-23 16:15:52.299,0,stand,00:00:00:00:00:00,-75,11,0,0,0,0,0,0,0,0,0,-97,0,1,0,3655195513,0,14,0,0,0,104,0,"[0, 0, 100, 127, 109, 127, 107, 127, 85, 127, 57, 127, 31, 127, 4, 123, -29, 81, -68, 41, -110, 6, -128, -30, -128, -64, -128, -101, -128, -128, -128, -128, -128, -128, -128, -128, -128, -128, -128, -128, -128, -128, -128, -128, -128, -111, -128, -74, -128, -41, -128, -16, 91, 34, 95, 32, 95, 29, 98, 24, 106, 16, 110, 13, 109, 12, 107, 16, 99, 26, 86, 33, 67, 37, 45, 50, 21, 67, -3, 79, -25, 90, -41, 96, -52, 105, -66, 116, -79, 126, -76, 127, -63, 127, -46, 127, -24, 127, 3, 127, 34, 127, 62, 127]",esp32_2
CSI_DATA,149628,2025-07-23 16:15:52.321,0,stand,00:00:00:00:00:00,-62,11,0,0,0,0,0,0,0,0,0,-97,0,1,0,739853581,0,14,0,0,0,104,0,"[0, 0, 121, -21, 82, -26, 47, -39, 14, -58, -13, -79, -35, -101, -49, -123, -57, -128, -57, -128, -52, -128, -46, -128, -39, -128, -26, -128, -11, -128, -3, -128, -3, -125, -6, -103, -14, -85, -26, -71, -42, -59, -59, -53, -74, -52, -84, -57, -89, -66, -90, -76, 84, 27, 92, 34, 101, 44, 106, 53, 108, 63, 106, 69, 102, 72, 99, 72, 98, 65, 99, 53, 99, 36, 100, 19, 107, 0, 119, -17, 127, -34, 127, -49, 127, -62, 127, -76, 127, -86, 127, -90, 127, -89, 127, -85, 127, -78, 127, -68, 127, -57, 127, -44]",esp32_1
CSI_DATA,48146,2025-07-23 16:15:52.331,0,stand,00:00:00:00:00:00,-75,11,0,0,0,0,0,0,0,0,0,-97,0,1,0,3655205499,0,14,0,0,0,104,0,"[0, 0, -84, 127, -80, 127, -79, 127, -80, 127, -77, 127, -76, 127, -79, 96, -81, 41, -80, -8, -85, -55, -90, -111, -88, -128, -83, -128, -83, -128, -82, -128, -72, -128, -63, -128, -61, -128, -61, -128, -63, -128, -71, -128, -84, -128, -97, -128, -106, -128, -109, -120, 29, 79, 42, 84, 53, 87, 63, 84, 72, 81, 69, 82, 64, 86, 63, 89, 61, 87, 43, 85, 18, 80, -3, 71, -25, 65, -51, 56, -77, 47, -103, 41, -126, 34, -128, 37, -128, 49, -128, 59, -128, 72, -128, 96, -128, 124, -128, 127, -127, 127, -112, 127]",esp32_2
CSI_DATA,48147,2025-07-23 16:15:52.364,0,stand,00:00:00:00:00:00,-75,11,0,0,0,0,0,0,0,0,0,-97,0,1,0,3655215549,0,14,0,0,0,104,0,"[0, 0, 127, -128, 127, -128, 127, -128, 127, -128, 127, -128, 127, -96, 117, -53, 95, -4, 67, 41, 42, 89, 21, 127, 1, 127, -17, 127, -37, 127, -55, 127, -68, 127, -77, 127, -79, 127, -77, 127, -63, 127, -39, 127, -18, 127, 0, 127, 24, 127, 48, 127, 8, -93, -2, -94, -16, -102, -26, -108, -30, -112, -27, -113, -23, -110, -14, -109, -6, -109, 1, -99, 18, -81, 38, -61, 55, -42, 74, -25, 88, -8, 99, 10, 118, 24, 127, 28, 127, 21, 127, 9, 127, -10, 127, -35, 127, -55, 127, -78, 127, -110, 127, -128]",esp32_2
CSI_DATA,48148,2025-07-23 16:15:52.396,0,stand,00:00:00:00:00:00,-75,11,0,0,0,0,0,0,0,0,0,-97,0,1,0,3655225489,0,14,0,0,0,104,0,"[0, 0, -128, -128, -128, -128, -128, -128, -128, -128, -128, -128, -98, -128, -53, -110, -9, -96, 40, -76, 97, -52, 127, -35, 127, -17, 127, 5, 127, 24, 127, 37, 127, 48, 127, 58, 127, 58, 127, 51, 127, 43, 127, 32, 127, 14, 127, -9, 127, -33, 127, -52, -102, -7, -101, 1, -102, 12, -104, 19, -106, 26, -109, 35, -113, 34, -112, 27, -104, 16, -91, 2, -80, -15, -63, -38, -43, -58, -27, -71, -10, -89, 4, -109, 9, -124, 10, -128, 13, -128, 11, -128, -5, -128, -27, -128, -49, -128, -82, -128, -117, -128, -128, -128]",esp32_2
CSI_DATA,149630,2025-07-23 16:15:52.412,0,stand,00:00:00:00:00:00,-62,11,0,0,0,0,0,0,0,0,0,-97,0,1,0,739938222,0,14,0,0,0,104,0,"[0, 0, -32, 124, -13, 89, 14, 58, 42, 37, 69, 20, 100, 7, 127, 1, 127, 2, 127, 9, 127, 18, 127, 29, 127, 38, 127, 48, 127, 52, 127, 50, 119, 45, 99, 33, 83, 18, 75, 0, 70, -18, 69, -34, 74, -47, 83, -56, 96, -59, 105, -58, -61, 68, -70, 70, -80, 73, -91, 77, -101, 79, -108, 76, -109, 71, -105, 67, -99, 67, -92, 71, -80, 79, -65, 86, -51, 93, -38, 107, -24, 127, -12, 127, -3, 127, 3, 127, 5, 127, 2, 127, -5, 127, -13, 127, -24, 127, -34, 127, -42, 127, -47, 127]",esp32_1
CSI_DATA,48149,2025-07-23 16:15:52.419,0,stand,00:00:00:00:00:00,-75,11,0,0,0,0,0,0,0,0,0,-97,0,1,0,3655235514,0,14,0,0,0,104,0,"[0, 0, 127, -128, 124, -128, 122, -128, 117, -128, 106, -128, 95, -128, 89, -85, 82, -33, 80, 19, 75, 72, 61, 127, 47, 127, 37, 127, 28, 127, 19, 127, 8, 127, -3, 127, -6, 127, 4, 127, 15, 127, 26, 127, 40, 127, 54, 127, 72, 127, 86, 127, -23, -87, -30, -94, -39, -95, -50, -92, -56, -98, -52, -104, -44, -103, -34, -99, -26, -91, -18, -83, -2, -74, 16, -65, 34, -56, 55, -46, 75, -35, 94, -24, 111, -21, 127, -22, 127, -22, 127, -27, 127, -46, 127, -71, 127, -96, 127, -122, 127, -128, 127, -128]",esp32_2
CSI_DATA,149631,2025-07-23 16:15:52.444,0,stand,00:00:00:00:00:00,-63,11,0,0,0,0,0,0,0,0,0,-97,0,1,0,739972937,0,14,0,0,0,104,0,"[0, 0, 120, 39, 87, 16, 62, -12, 40, -45, 23, -81, 14, -114, 13, -128, 18, -128, 28, -128, 40, -128, 49, -128, 59, -128, 69, -128, 73, -128, 70, -128, 61, -116, 48, -99, 31, -86, 11, -77, -9, -75, -28, -79, -41, -85, -45, -95, -44, -109, -42, -120, 63, 67, 69, 75, 73, 85, 76, 97, 77, 107, 74, 113, 69, 115, 66, 113, 68, 106, 72, 94, 77, 84, 87, 71, 102, 55, 119, 41, 127, 30, 127, 23, 127, 19, 127, 15, 127, 13, 127, 16, 127, 24, 127, 35, 127, 46, 127, 56, 127, 65, 127, 71]",esp32_1
CSI_DATA,48150,2025-07-23 16:15:52.450,0,stand,00:00:00:00:00:00,-75,11,0,0,0,0,0,0,0,0,0,-97,0,1,0,3655245562,0,14,0,0,0,104,0,"[0, 0, -128, 127, -128, 127, -127, 127, -119, 127, -115, 127, -106, 122, -94, 81, -85, 34, -76, -14, -61, -66, -51, -123, -51, -128, -38, -128, -15, -128, -1, -128, 6, -128, 12, -128, 13, -128, 8, -128, 2, -128, -7, -128, -21, -128, -39, -128, -58, -128, -72, -128, 18, 88, 23, 88, 30, 88, 39, 94, 47, 101, 51, 100, 45, 99, 36, 96, 26, 93, 14, 90, -1, 79, -19, 64, -38, 51, -64, 38, -87, 23, -100, 10, -111, 8, -127, 10, -128, 13, -128, 18, -128, 31, -128, 54, -128, 84, -128, 115, -128, 127, -128, 127]",esp32_2
CSI_DATA,149632,2025-07-23 16:15:52.476,0,stand,00:00:00:00:00:00,-63,11,0,0,0,0,0,0,0,0,0,-97,0,1,0,739997284,0,14,0,0,0,104,0,"[0, 0, 119, -53, 78, -49, 37, -48, 1, -58, -33, -72, -63, -88, -86, -106, -102, -123, -111, -128, -110, -128, -104, -128, -94, -128, -81, -128, -66, -128, -53, -128, -46, -124, -41, -101, -40, -78, -47, -58, -60, -41, -76, -31, -92, -26, -104, -26, -114, -33, -119, -41, 89, 12, 98, 19, 110, 29, 119, 36, 125, 43, 125, 49, 122, 53, 119, 54, 116, 48, 113, 37, 108, 22, 106, 5, 110, -14, 117, -35, 122, -58, 127, -83, 127, -105, 127, -123, 127, -128, 127, -128, 127, -128, 127, -128, 127, -128, 127, -128, 127, -116, 127, -98]",esp32_1
CSI_DATA,48151,2025-07-23 16:15:52.476,0,stand,00:00:00:00:00:00,-75,11,0,0,0,0,0,0,0,0,0,-97,0,1,0,3655255538,0,14,0,0,0,104,0,"[0, 0, 127, -59, 127, -67, 127, -63, 127, -48, 127, -32, 127, -17, 127, 8, 81, 39, 35, 65, -6, 92, -54, 125, -102, 127, -128, 127, -128, 127, -128, 127, -128, 127, -128, 127, -128, 127, -128, 127, -128, 127, -128, 127, -128, 127, -111, 127, -81, 127, -56, 127, 54, -80, 46, -88, 40, -94, 37, -97, 31, -105, 30, -112, 36, -112, 43, -106, 51, -93, 56, -74, 55, -51, 60, -31, 69, -10, 75, 14, 80, 35, 86, 57, 97, 77, 113, 84, 123, 84, 127, 86, 127, 81, 127, 66, 127, 45, 127, 27, 127, 7, 127, -15]",esp32_2
CSI_DATA,149633,2025-07-23 16:15:52.499,0,stand,00:00:00:00:00:00,-62,11,0,0,0,0,0,0,0,0,0,-97,0,1,0,740033439,0,14,0,0,0,104,0,"[0, 0, -59, -97, -49, -61, -46, -24, -45, 12, -50, 46, -61, 75, -77, 98, -95, 114, -110, 123, -123, 126, -128, 124, -128, 116, -128, 103, -128, 87, -119, 72, -100, 61, -81, 53, -61, 53, -42, 56, -24, 62, -9, 71, -1, 82, 0, 93, -4, 105, -9, 114, 11, -83, 14, -94, 19, -105, 24, -112, 32, -116, 39, -116, 41, -114, 38, -112, 32, -109, 21, -103, 6, -100, -10, -98, -28, -96, -49, -100, -70, -106, -88, -115, -107, -128, -127, -128, -128, -128, -128, -128, -128, -128, -128, -128, -128, -128, -128, -128, -127, -128, -115, -128]",esp32_1
CSI_DATA,149634,2025-07-23 16:15:52.530,0,stand,00:00:00:00:00:00,-62,11,0,0,0,0,0,0,0,0,0,-97,0,1,0,740057930,0,14,0,0,0,104,0,"[0, 0, -6, -127, -16, -89, -34, -53, -52, -22, -74, 4, -99, 23, -127, 35, -128, 40, -128, 39, -128, 34, -128, 25, -128, 14, -128, 3, -128, -6, -128, -11, -128, -9, -106, -3, -87, 7, -72, 21, -63, 37, -58, 51, -59, 65, -66, 77, -78, 84, -87, 85, 41, -80, 48, -87, 57, -95, 66, -101, 76, -104, 83, -102, 85, -99, 83, -96, 77, -93, 66, -94, 52, -97, 36, -100, 21, -104, 5, -114, -14, -128, -33, -128, -46, -128, -55, -128, -63, -128, -66, -128, -62, -128, -57, -128, -50, -128, -41, -128, -28, -128, -18, -128]",esp32_1
CSI_DATA,149635,2025-07-23 16:15:52.562,0,stand,00:00:00:00:00:00,-63,11,0,0,0,0,0,0,0,0,0,-97,0,1,0,740086986,0,14,0,0,0,104,0,"[0, 0, 48, -118, 23, -87, -7, -60, -38, -41, -71, -27, -105, -18, -128, -17, -128, -21, -128, -28, -128, -39, -128, -51, -128, -62, -128, -70, -128, -73, -128, -69, -118, -61, -100, -47, -87, -28, -77, -8, -73, 12, -76, 29, -82, 43, -91, 51, -105, 52, -116, 51, 76, -58, 84, -59, 95, -60, 108, -59, 119, -58, 124, -54, 125, -49, 124, -48, 118, -49, 106, -55, 93, -65, 80, -75, 67, -87, 56, -104, 44, -127, 33, -128, 29, -128, 29, -128, 31, -128, 38, -128, 48, -128, 59, -128, 68, -128, 74, -128, 78, -128, 82, -128]",esp32_1
CSI_DATA,48153,2025-07-23 16:15:52.581,0,stand,00:00:00:00:00:00,-75,11,0,0,0,0,0,0,0,0,0,-97,0,1,0,3655275514,0,14,0,0,0,104,0,"[0, 0, -128, -128, -128, -128, -128, -128, -128, -128, -113, -128, -80, -127, -42, -109, -2, -83, 39, -56, 83, -34, 127, -12, 127, 14, 127, 42, 127, 65, 127, 81, 127, 94, 127, 103, 127, 112, 127, 108, 127, 90, 127, 74, 127, 55, 127, 29, 127, 2, 127, -20, -95, -1, -95, -2, -96, 3, -98, 14, -101, 21, -102, 24, -102, 27, -102, 25, -95, 16, -80, 6, -67, -3, -52, -26, -33, -50, -15, -65, 2, -77, 17, -91, 22, -109, 23, -124, 22, -128, 15, -128, 5, -128, -9, -128, -34, -128, -66, -128, -96, -128, -120, -128]",esp32_2
CSI_DATA,48154,2025-07-23 16:15:52.610,0,stand,00:00:00:00:00:00,-75,11,0,0,0,0,0,0,0,0,0,-97,0,1,0,3655285565,0,14,0,0,0,104,0,"[0, 0, 75, -128, 72, -128, 73, -128, 72, -128, 70, -112, 65, -88, 60, -56, 54, -24, 48, 12, 42, 48, 37, 83, 30, 117, 20, 127, 12, 127, 6, 127, -2, 127, -7, 127, -8, 127, -7, 127, -3, 127, 4, 127, 15, 127, 28, 126, 39, 107, 47, 93, -16, -61, -20, -61, -29, -60, -38, -61, -44, -65, -45, -66, -40, -65, -34, -65, -29, -60, -22, -53, -8, -48, 9, -42, 25, -36, 40, -32, 53, -27, 63, -17, 74, -10, 88, -11, 98, -16, 103, -24, 103, -35, 104, -47, 106, -61, 104, -81, 101, -103, 99, -122]",esp32_2
CSI_DATA,48155,2025-07-23 16:15:52.642,0,stand,00:00:00:00:00:00,-75,11,0,0,0,0,0,0,0,0,0,-97,0,1,0,3655295506,0,14,0,0,0,104,0,"[0, 0, -128, -118, -128, -113, -128, -116, -128, -115, -128, -108, -126, -102, -80, -93, -29, -80, 25, -72, 78, -67, 127, -65, 127, -63, 127, -52, 127, -41, 127, -36, 127, -30, 127, -21, 127, -18, 127, -21, 127, -28, 127, -35, 127, -49, 127, -72, 127, -91, 127, -99, -105, 22, -104, 24, -100, 29, -98, 36, -100, 45, -101, 55, -103, 60, -108, 55, -108, 41, -94, 23, -79, 4, -67, -17, -53, -40, -41, -61, -28, -85, -15, -103, -8, -124, -8, -128, -14, -128, -26, -128, -43, -128, -70, -128, -103, -128, -128, -128, -128, -128, -128, -128]",esp32_2
CSI_DATA,149637,2025-07-23 16:15:52.646,0,stand,00:00:00:00:00:00,-61,11,0,0,0,0,0,0,0,0,0,-97,0,1,0,740753881,0,14,0,0,0,104,0,"[0, 0, -21, -107, -39, -83, -61, -66, -80, -55, -96, -47, -112, -42, -128, -42, -128, -45, -128, -46, -128, -48, -128, -48, -128, -47, -128, -44, -128, -39, -120, -31, -112, -23, -107, -14, -105, -7, -106, 0, -106, 5, -108, 7, -111, 6, -114, 4, -116, -2, -117, -7, 18, -86, 25, -91, 34, -94, 40, -96, 45, -99, 50, -97, 49, -93, 44, -90, 35, -89, 21, -91, 3, -97, -12, -105, -26, -118, -38, -128, -49, -128, -57, -128, -58, -128, -55, -128, -47, -128, -35, -128, -24, -128, -12, -128, -1, -128, 7, -128, 11, -128, 12, -128]",esp32_1
CSI_DATA,48156,2025-07-23 16:15:52.668,0,stand,00:00:00:00:00:00,-75,11,0,0,0,0,0,0,0,0,0,-97,0,1,0,3655305512,0,14,0,0,0,104,0,"[0, 0, 127, -128, 127, -128, 127, -128, 127, -128, 121, -128, 107, -121, 98, -82, 85, -30, 69, 28, 56, 82, 42, 127, 26, 127, 13, 127, -3, 127, -16, 127, -26, 127, -34, 127, -38, 127, -38, 127, -28, 127, -8, 127, 9, 127, 25, 127, 46, 127, 63, 127, -21, -88, -28, -93, -35, -99, -45, -104, -53, -106, -54, -106, -52, -106, -43, -104, -30, -98, -19, -93, -3, -80, 15, -67, 34, -56, 53, -41, 74, -25, 99, -10, 121, 0, 127, -2, 127, -11, 127, -19, 127, -32, 127, -50, 127, -74, 127, -107, 127, -128, 127, -128]",esp32_2
CSI_DATA,149638,2025-07-23 16:15:52.677,0,stand,00:00:00:00:00:00,-61,11,0,0,0,0,0,0,0,0,0,-97,0,1,0,740763844,0,14,0,0,0,104,0,"[0, 0, 116, 57, 111, 19, 116, -13, 118, -41, 120, -66, 126, -86, 127, -99, 127, -104, 127, -105, 127, -106, 127, -110, 127, -109, 127, -103, 127, -100, 118, -99, 106, -99, 96, -99, 89, -103, 84, -109, 78, -114, 75, -117, 77, -118, 81, -116, 89, -113, 97, -110, 64, 88, 66, 95, 64, 106, 62, 116, 60, 122, 53, 124, 46, 121, 47, 112, 55, 99, 70, 86, 89, 75, 111, 65, 127, 59, 127, 59, 127, 65, 127, 79, 127, 97, 127, 114, 127, 127, 127, 127, 127, 127, 127, 127, 127, 127, 127, 127, 127, 127, 127, 127]",esp32_1
CSI_DATA,48157,2025-07-23 16:15:52.689,0,stand,00:00:00:00:00:00,-75,11,0,0,0,0,0,0,0,0,0,-97,0,1,0,3655317512,0,14,0,0,0,104,0,"[0, 0, 127, -82, 127, -81, 127, -76, 127, -67, 127, -46, 127, -20, 117, 8, 77, 40, 30, 70, -8, 95, -49, 123, -94, 127, -128, 127, -128, 127, -128, 127, -128, 127, -128, 127, -128, 127, -128, 127, -128, 127, -128, 127, -128, 127, -99, 127, -66, 127, -38, 127, 52, -85, 46, -88, 41, -88, 36, -91, 28, -99, 27, -106, 34, -109, 41, -108, 44, -96, 46, -80, 54, -60, 62, -31, 63, -8, 71, 14, 83, 40, 88, 58, 97, 72, 112, 82, 124, 85, 127, 82, 127, 73, 127, 62, 127, 48, 127, 22, 127, -7, 127, -23]",esp32_2
CSI_DATA,149639,2025-07-23 16:15:52.711,0,stand,00:00:00:00:00:00,-61,11,0,0,0,0,0,0,0,0,0,-97,0,1,0,740773783,0,14,0,0,0,104,0,"[0, 0, 44, -103, 17, -99, -7, -98, -27, -103, -44, -108, -57, -113, -66, -118, -74, -121, -78, -124, -77, -126, -77, -126, -77, -122, -77, -116, -76, -108, -76, -99, -76, -91, -77, -84, -79, -80, -82, -77, -85, -75, -86, -77, -85, -77, -82, -78, -79, -83, -76, -87, 59, -62, 67, -63, 77, -61, 87, -58, 92, -56, 91, -53, 86, -50, 80, -50, 73, -53, 63, -61, 52, -76, 44, -93, 42, -112, 43, -128, 45, -128, 49, -128, 61, -128, 78, -128, 95, -128, 109, -128, 122, -128, 127, -128, 127, -128, 127, -128, 127, -128, 120, -128]",esp32_1
CSI_DATA,48158,2025-07-23 16:15:52.722,0,stand,00:00:00:00:00:00,-75,11,0,0,0,0,0,0,0,0,0,-97,0,1,0,3655326875,0,14,0,0,0,104,0,"[0, 0, 127, 127, 127, 127, 127, 127, 127, 127, 117, 126, 86, 113, 49, 101, 11, 87, -30, 60, -78, 32, -126, 16, -128, 3, -128, -12, -128, -31, -128, -49, -128, -61, -128, -67, -128, -64, -128, -59, -128, -50, -128, -37, -128, -23, -128, -5, -128, 19, -128, 39, 92, 8, 92, 1, 90, -8, 91, -15, 99, -21, 104, -26, 97, -24, 93, -17, 95, -7, 87, 2, 69, 11, 51, 28, 35, 48, 20, 65, 7, 81, -5, 94, -16, 110, -25, 126, -24, 127, -14, 127, 0, 127, 18, 127, 38, 127, 62, 127, 92, 127, 113, 127]",esp32_2
CSI_DATA,149640,2025-07-23 16:15:52.744,0,stand,00:00:00:00:00:00,-61,11,0,0,0,0,0,0,0,0,0,-97,0,1,0,740783823,0,14,0,0,0,104,0,"[0, 0, -113, 40, -89, 54, -70, 71, -55, 93, -42, 111, -32, 125, -27, 127, -27, 127, -27, 127, -27, 127, -25, 127, -21, 127, -17, 127, -14, 127, -9, 127, -3, 127, 2, 123, 7, 121, 11, 119, 13, 119, 15, 119, 15, 121, 11, 122, 5, 121, -1, 120, -86, -10, -95, -15, -104, -21, -109, -28, -109, -35, -106, -38, -100, -38, -94, -32, -91, -21, -93, -6, -97, 11, -104, 31, -119, 49, -128, 65, -128, 79, -128, 86, -128, 89, -128, 92, -128, 90, -128, 81, -128, 68, -128, 53, -128, 38, -128, 28, -128, 21, -128, 14]",esp32_1
CSI_DATA,149641,2025-07-23 16:15:52.768,0,stand,00:00:00:00:00:00,-62,11,0,0,0,0,0,0,0,0,0,-97,0,1,0,740793817,0,14,0,0,0,104,0,"[0, 0, -83, 92, -54, 91, -28, 94, -8, 102, 10, 109, 27, 115, 40, 121, 49, 126, 53, 127, 55, 127, 57, 127, 58, 127, 59, 127, 60, 127, 60, 122, 61, 116, 61, 109, 61, 105, 63, 103, 65, 100, 66, 97, 65, 96, 64, 97, 61, 101, 57, 103, -72, 42, -82, 42, -95, 38, -105, 34, -107, 33, -106, 30, -102, 27, -96, 29, -88, 36, -82, 47, -75, 62, -70, 80, -74, 100, -82, 121, -90, 127, -99, 127, -113, 127, -128, 127, -128, 127, -128, 127, -128, 127, -128, 127, -128, 127, -128, 127, -128, 127, -128, 121]",esp32_1
CSI_DATA,149642,2025-07-23 16:15:52.798,0,stand,00:00:00:00:00:00,-62,11,0,0,0,0,0,0,0,0,0,-97,0,1,0,740803803,0,14,0,0,0,104,0,"[0, 0, -66, 108, -38, 98, -11, 93, 10, 93, 30, 96, 49, 98, 66, 101, 79, 103, 86, 107, 88, 113, 89, 118, 92, 119, 94, 117, 93, 113, 90, 109, 85, 104, 80, 99, 79, 91, 79, 85, 80, 79, 80, 78, 80, 77, 80, 76, 80, 79, 77, 82, -59, 58, -67, 59, -79, 59, -89, 59, -95, 58, -96, 56, -93, 54, -89, 53, -81, 56, -74, 62, -65, 75, -55, 90, -52, 108, -53, 127, -53, 127, -57, 127, -67, 127, -81, 127, -96, 127, -110, 127, -122, 127, -128, 127, -128, 127, -128, 127, -128, 127, -128, 127]",esp32_1
CSI_DATA,48160,2025-07-23 16:15:52.809,0,stand,00:00:00:00:00:00,-75,11,0,0,0,0,0,0,0,0,0,-97,0,1,0,3655345506,0,14,0,0,0,104,0,"[0, 0, -60, 127, -55, 127, -54, 127, -56, 127, -56, 127, -58, 127, -65, 102, -73, 50, -80, -2, -90, -55, -101, -105, -108, -128, -107, -128, -105, -128, -107, -128, -102, -128, -92, -128, -85, -128, -84, -128, -89, -128, -94, -128, -101, -128, -111, -128, -121, -128, -128, -105, 45, 79, 47, 75, 56, 75, 68, 77, 77, 74, 79, 70, 74, 74, 66, 77, 56, 75, 43, 72, 25, 66, 2, 60, -24, 60, -53, 60, -75, 53, -93, 45, -104, 42, -112, 45, -126, 54, -128, 66, -128, 82, -128, 106, -126, 127, -123, 127, -108, 127, -90, 127]",esp32_2
CSI_DATA,48161,2025-07-23 16:15:52.846,0,stand,00:00:00:00:00:00,-75,11,0,0,0,0,0,0,0,0,0,-97,0,1,0,3655357655,0,14,0,0,0,104,0,"[0, 0, -128, 127, -128, 127, -128, 127, -128, 127, -128, 127, -116, 106, -105, 66, -87, 18, -65, -35, -44, -88, -28, -128, -14, -128, 6, -128, 28, -128, 51, -128, 66, -128, 70, -128, 70, -128, 66, -128, 52, -128, 36, -128, 19, -128, -3, -128, -28, -128, -44, -128, 15, 86, 21, 91, 27, 93, 34, 98, 43, 103, 45, 97, 40, 94, 34, 96, 26, 90, 12, 80, -14, 72, -32, 63, -41, 52, -60, 37, -82, 22, -101, 14, -118, 8, -128, 1, -128, 3, -128, 14, -128, 27, -128, 47, -128, 76, -128, 101, -128, 127, -128, 127]",esp32_2
CSI_DATA,48162,2025-07-23 16:15:52.874,0,stand,00:00:00:00:00:00,-75,11,0,0,0,0,0,0,0,0,0,-97,0,1,0,3655365531,0,14,0,0,0,104,0,"[0, 0, 127, -128, 127, -128, 127, -128, 127, -128, 127, -104, 127, -68, 124, -30, 103, 12, 81, 57, 54, 104, 24, 127, -8, 127, -37, 127, -55, 127, -67, 127, -77, 127, -85, 127, -86, 127, -80, 127, -64, 127, -41, 127, -14, 127, 11, 127, 33, 127, 47, 127, 57, -81, 49, -88, 35, -99, 22, -109, 24, -115, 35, -114, 39, -109, 41, -104, 45, -97, 52, -85, 59, -66, 60, -42, 62, -17, 73, 7, 87, 26, 94, 42, 105, 57, 121, 66, 127, 64, 127, 54, 127, 44, 127, 30, 127, 8, 127, -23, 127, -59, 127, -81]",esp32_2
CSI_DATA,149644,2025-07-23 16:15:52.893,0,stand,00:00:00:00:00:00,-63,11,0,0,0,0,0,0,0,0,0,-97,0,1,0,740826613,0,14,0,0,0,104,0,"[0, 0, -110, -72, -94, -46, -78, -16, -74, 17, -74, 47, -70, 73, -69, 96, -73, 109, -77, 120, -84, 127, -94, 127, -100, 127, -102, 127, -103, 126, -96, 117, -84, 108, -78, 101, -70, 95, -58, 89, -47, 87, -38, 88, -29, 93, -25, 99, -26, 106, -29, 110, -46, -65, -50, -78, -52, -94, -53, -108, -48, -118, -40, -123, -35, -122, -30, -115, -30, -105, -38, -95, -49, -84, -62, -73, -81, -66, -105, -62, -128, -58, -128, -57, -128, -62, -128, -74, -128, -91, -128, -105, -128, -116, -128, -128, -128, -128, -128, -128, -128, -128, -128, -128]",esp32_1
CSI_DATA,48163,2025-07-23 16:15:52.896,0,stand,00:00:00:00:00:00,-74,11,0,0,0,0,0,0,0,0,0,-97,0,1,0,3655385926,0,14,0,0,0,104,0,"[0, 0, -128, 80, -128, 76, -128, 72, -128, 66, -124, 52, -105, 35, -81, 16, -53, -9, -29, -38, -5, -66, 19, -94, 39, -119, 60, -128, 86, -128, 106, -128, 114, -128, 114, -128, 114, -128, 108, -128, 96, -128, 80, -128, 61, -128, 42, -124, 24, -119, 8, -114, -23, 59, -19, 62, -11, 66, -6, 69, -5, 72, -6, 75, -8, 77, -11, 75, -14, 66, -17, 56, -24, 46, -31, 29, -38, 11, -46, -4, -54, -19, -63, -30, -72, -36, -81, -39, -89, -39, -95, -38, -105, -34, -118, -28, -128, -16, -128, 5, -128, 26, -128, 36]",esp32_2
CSI_DATA,48164,2025-07-23 16:15:52.917,0,stand,00:00:00:00:00:00,-75,11,0,0,0,0,0,0,0,0,0,-97,0,1,0,3655415805,0,14,0,0,0,104,0,"[0, 0, 127, 54, 127, 43, 127, 41, 127, 45, 127, 53, 127, 59, 109, 66, 61, 73, 6, 76, -52, 77, -104, 85, -128, 97, -128, 105, -128, 106, -128, 98, -128, 94, -128, 90, -128, 84, -128, 87, -128, 89, -128, 89, -128, 93, -128, 103, -128, 117, -113, 127, 83, -44, 79, -53, 77, -60, 75, -69, 77, -79, 84, -83, 84, -81, 78, -80, 76, -71, 78, -47, 78, -23, 69, -2, 60, 21, 59, 44, 55, 65, 49, 89, 53, 111, 57, 127, 62, 127, 75, 127, 88, 127, 110, 122, 127, 115, 127, 105, 127, 94, 127, 86]",esp32_2
CSI_DATA,149645,2025-07-23 16:15:52.928,0,stand,00:00:00:00:00:00,-62,11,0,0,0,0,0,0,0,0,0,-97,0,1,0,740835026,0,14,0,0,0,104,0,"[0, 0, 119, 45, 95, 18, 77, -10, 62, -40, 50, -67, 43, -93, 43, -116, 48, -128, 53, -128, 57, -128, 60, -128, 62, -128, 66, -128, 69, -128, 67, -128, 60, -126, 52, -114, 43, -105, 32, -100, 18, -97, 5, -97, -5, -99, -10, -103, -9, -110, -6, -117, 58, 63, 65, 73, 70, 85, 71, 99, 68, 111, 60, 118, 51, 117, 46, 113, 46, 103, 52, 88, 60, 73, 71, 57, 91, 40, 117, 28, 127, 17, 127, 13, 127, 17, 127, 23, 127, 32, 127, 46, 127, 60, 127, 72, 127, 83, 127, 89, 127, 92, 127, 94]",esp32_1
CSI_DATA,48165,2025-07-23 16:15:52.941,0,stand,00:00:00:00:00:00,-75,11,0,0,0,0,0,0,0,0,0,-97,0,1,0,3655463834,0,14,0,0,0,104,0,"[0, 0, 127, -128, 127, -128, 127, -128, 127, -128, 127, -105, 127, -74, 127, -37, 100, 12, 58, 64, 27, 111, -11, 127, -53, 127, -86, 127, -116, 127, -128, 127, -128, 127, -128, 127, -128, 127, -128, 127, -128, 127, -117, 127, -84, 127, -51, 127, -22, 127, 5, 127, 25, -94, 22, -103, 14, -111, 7, -115, 3, -119, 3, -121, 4, -121, 5, -121, 15, -112, 25, -94, 35, -76, 50, -53, 62, -27, 76, -8, 88, 12, 97, 36, 113, 55, 127, 65, 127, 64, 127, 52, 127, 35, 127, 21, 127, -1, 127, -38, 127, -74, 127, -93]",esp32_2
CSI_DATA,149646,2025-07-23 16:15:52.958,0,stand,00:00:00:00:00:00,-62,11,0,0,0,0,0,0,0,0,0,-97,0,1,0,740843787,0,14,0,0,0,104,0,"[0, 0, -21, -128, -31, -105, -48, -68, -68, -37, -90, -11, -112, 10, -128, 25, -128, 32, -128, 35, -128, 35, -128, 34, -128, 29, -128, 21, -128, 13, -128, 9, -128, 9, -128, 12, -123, 20, -111, 30, -102, 39, -95, 48, -91, 58, -93, 69, -102, 75, -109, 76, 35, -100, 44, -109, 55, -117, 68, -124, 81, -128, 89, -124, 90, -117, 87, -111, 78, -103, 60, -98, 36, -100, 12, -105, -12, -114, -36, -128, -59, -128, -77, -128, -89, -128, -96, -128, -97, -128, -93, -128, -84, -128, -72, -128, -59, -128, -46, -128, -32, -128, -21, -128]",esp32_1
CSI_DATA,48166,2025-07-23 16:15:52.962,0,stand,00:00:00:00:00:00,-74,11,0,0,0,0,0,0,0,0,0,-97,0,1,0,3655487876,0,14,0,0,0,104,0,"[0, 0, 127, -11, 127, -12, 127, -7, 127, -2, 127, 4, 106, 12, 80, 22, 49, 32, 17, 43, -17, 59, -54, 73, -88, 82, -115, 89, -128, 97, -128, 102, -128, 99, -128, 97, -128, 96, -128, 95, -128, 92, -128, 89, -119, 88, -95, 90, -69, 92, -50, 94, 47, -43, 45, -48, 39, -55, 33, -62, 33, -67, 37, -68, 38, -66, 39, -62, 40, -57, 40, -49, 40, -35, 40, -14, 37, 6, 37, 20, 37, 35, 35, 49, 42, 60, 54, 70, 59, 77, 61, 78, 69, 72, 84, 63, 99, 57, 115, 46, 127, 31, 127, 25]",esp32_2
CSI_DATA,149647,2025-07-23 16:15:52.984,0,stand,00:00:00:00:00:00,-62,11,0,0,0,0,0,0,0,0,0,-97,0,1,0,740853764,0,14,0,0,0,104,0,"[0, 0, 14, -114, -4, -85, -27, -58, -48, -40, -70, -25, -93, -13, -115, -6, -128, -4, -128, -6, -128, -10, -128, -14, -128, -17, -128, -21, -128, -23, -128, -23, -123, -20, -108, -12, -96, -2, -88, 8, -84, 17, -81, 25, -81, 33, -84, 40, -90, 44, -96, 45, 53, -71, 62, -74, 73, -77, 83, -78, 94, -78, 101, -73, 99, -67, 92, -62, 83, -60, 70, -62, 53, -70, 35, -80, 19, -94, 4, -113, -10, -128, -19, -128, -22, -128, -21, -128, -15, -128, -5, -128, 5, -128, 17, -128, 28, -128, 35, -128, 40, -128, 42, -128]",esp32_1
CSI_DATA,48167,2025-07-23 16:15:52.984,0,stand,00:00:00:00:00:00,-75,11,0,0,0,0,0,0,0,0,0,-97,0,1,0,3655513589,0,14,0,0,0,104,0,"[0, 0, -128, 40, -128, 41, -128, 42, -128, 41, -128, 29, -128, 11, -113, -11, -66, -39, -15, -62, 34, -82, 85, -106, 127, -128, 127, -128, 127, -128, 127, -128, 127, -128, 127, -128, 127, -128, 127, -128, 127, -128, 127, -128, 127, -128, 127, -128, 120, -128, 102, -128, -42, 89, -38, 93, -31, 101, -25, 106, -23, 106, -25, 112, -30, 116, -36, 112, -39, 100, -39, 81, -45, 64, -52, 40, -56, 8, -61, -22, -65, -42, -75, -53, -89, -73, -100, -93, -110, -99, -123, -92, -128, -84, -128, -78, -128, -65, -128, -45, -128, -25, -128, -10]",esp32_2
CSI_DATA,48168,2025-07-23 16:15:53.006,0,stand,00:00:00:00:00:00,-75,11,0,0,0,0,0,0,0,0,0,-97,0,1,0,3655548337,0,14,0,0,0,104,0,"[0, 0, -128, 96, -128, 100, -128, 101, -128, 89, -128, 72, -128, 47, -128, 11, -100, -33, -54, -73, -11, -111, 30, -128, 79, -128, 123, -128, 127, -128, 127, -128, 127, -128, 127, -128, 127, -128, 127, -128, 127, -128, 127, -128, 120, -128, 87, -128, 53, -128, 23, -128, -53, 96, -45, 100, -35, 108, -24, 118, -24, 123, -27, 121, -25, 118, -26, 117, -34, 103, -45, 75, -58, 58, -66, 51, -70, 30, -76, -6, -85, -36, -99, -59, -113, -76, -126, -85, -128, -87, -128, -85, -128, -77, -128, -57, -128, -27, -128, 2, -128, 23, -128, 36]",esp32_2
CSI_DATA,48169,2025-07-23 16:15:53.026,0,stand,00:00:00:00:00:00,-75,11,0,0,0,0,0,0,0,0,0,-97,0,1,0,3655572754,0,14,0,0,0,104,0,"[0, 0, 127, 127, 127, 127, 127, 127, 127, 127, 103, 127, 69, 127, 37, 115, -1, 86, -48, 58, -94, 32, -128, 10, -128, -14, -128, -42, -128, -65, -128, -82, -128, -95, -128, -101, -128, -96, -128, -92, -128, -87, -128, -68, -128, -41, -128, -15, -128, 12, -128, 30, 104, 18, 107, 7, 108, -5, 109, -10, 115, -9, 122, -5, 121, 0, 118, 0, 112, 1, 94, 12, 71, 22, 55, 31, 43, 45, 24, 66, 2, 87, -15, 97, -28, 108, -35, 122, -36, 127, -28, 127, -10, 127, 8, 127, 36, 127, 70, 127, 97, 127, 117, 127]",esp32_2
CSI_DATA,48170,2025-07-23 16:15:53.053,0,stand,00:00:00:00:00:00,-75,11,0,0,0,0,0,0,0,0,0,-97,0,1,0,3655609859,0,14,0,0,0,104,0,"[0, 0, -108, 127, -102, 127, -104, 127, -109, 127, -99, 127, -85, 127, -82, 98, -83, 45, -77, -17, -68, -75, -66, -128, -64, -128, -52, -128, -38, -128, -26, -128, -17, -128, -13, -128, -5, -128, 0, -128, -8, -128, -20, -128, -33, -128, -49, -128, -68, -128, -83, -128, 41, 79, 50, 81, 62, 82, 75, 83, 83, 82, 78, 81, 75, 80, 73, 81, 63, 80, 49, 76, 27, 70, 2, 64, -21, 60, -46, 52, -71, 41, -93, 35, -107, 38, -123, 44, -128, 53, -128, 63, -128, 74, -128, 96, -128, 126, -128, 127, -128, 127, -110, 127]",esp32_2
CSI_DATA,149649,2025-07-23 16:15:53.070,0,stand,00:00:00:00:00:00,-62,11,0,0,0,0,0,0,0,0,0,-97,0,1,0,740873787,0,14,0,0,0,104,0,"[0, 0, 65, -69, 29, -58, -5, -53, -35, -55, -63, -59, -88, -66, -109, -74, -124, -81, -128, -90, -128, -100, -128, -108, -123, -108, -117, -101, -109, -92, -99, -82, -90, -69, -82, -52, -80, -35, -82, -20, -86, -10, -93, -4, -100, 0, -105, 1, -110, -1, -114, -6, 88, -13, 97, -9, 109, 0, 118, 8, 123, 14, 121, 19, 114, 20, 107, 18, 100, 10, 91, -3, 83, -20, 79, -38, 80, -61, 85, -88, 90, -115, 97, -128, 112, -128, 127, -128, 127, -128, 127, -128, 127, -128, 127, -128, 127, -128, 127, -128, 127, -128, 127, -122]",esp32_1
CSI_DATA,48171,2025-07-23 16:15:53.070,0,stand,00:00:00:00:00:00,-75,11,0,0,0,0,0,0,0,0,0,-97,0,1,0,3655635280,0,14,0,0,0,104,0,"[0, 0, -128, -128, -128, -128, -128, -128, -128, -128, -128, -128, -97, -126, -58, -109, -14, -91, 31, -77, 79, -66, 127, -48, 127, -30, 127, -17, 127, -5, 127, 12, 127, 25, 127, 27, 127, 28, 127, 28, 127, 22, 127, 9, 127, -10, 127, -31, 127, -53, 127, -70, -104, 3, -101, 12, -98, 19, -98, 25, -103, 32, -112, 31, -112, 22, -114, 19, -122, 14, -108, 6, -81, 0, -68, -22, -57, -49, -39, -66, -29, -86, -20, -109, -7, -128, -4, -128, -10, -128, -18, -128, -34, -128, -55, -128, -83, -128, -115, -128, -128, -128, -128, -128]",esp32_2
CSI_DATA,149650,2025-07-23 16:15:53.093,0,stand,00:00:00:00:00:00,-62,11,0,0,0,0,0,0,0,0,0,-97,0,1,0,740883845,0,14,0,0,0,104,0,"[0, 0, -82, 44, -45, 47, -10, 55, 19, 71, 44, 90, 63, 105, 76, 117, 83, 127, 84, 127, 81, 127, 78, 127, 73, 127, 67, 127, 62, 125, 59, 109, 60, 94, 61, 79, 64, 68, 72, 58, 81, 49, 91, 45, 98, 47, 101, 50, 102, 58, 99, 64, -88, -4, -98, -12, -109, -23, -117, -31, -120, -39, -117, -44, -109, -46, -101, -43, -95, -34, -92, -20, -91, -1, -92, 21, -99, 44, -111, 67, -124, 89, -128, 108, -128, 124, -128, 127, -128, 127, -128, 127, -128, 127, -128, 117, -128, 106, -128, 94, -128, 77, -128, 62]",esp32_1
CSI_DATA,48172,2025-07-23 16:15:53.100,0,stand,00:00:00:00:00:00,-76,11,0,0,0,0,0,0,0,0,0,-97,0,1,0,3655670680,0,14,0,0,0,104,0,"[0, 0, -128, -1, -128, 2, -128, 0, -128, 3, -128, -8, -128, -33, -113, -59, -74, -72, -29, -77, 21, -96, 69, -127, 110, -128, 127, -128, 127, -128, 127, -128, 127, -128, 127, -128, 127, -128, 127, -128, 127, -128, 127, -128, 127, -128, 109, -128, 84, -128, 60, -128, -82, 45, -83, 55, -79, 68, -75, 77, -76, 84, -85, 87, -91, 87, -91, 84, -92, 82, -92, 77, -87, 60, -84, 31, -88, -1, -88, -28, -83, -49, -85, -69, -88, -87, -89, -94, -98, -100, -116, -112, -128, -114, -128, -99, -128, -80, -128, -66, -128, -52, -128, -38]",esp32_2
CSI_DATA,48173,2025-07-23 16:15:53.119,0,stand,00:00:00:00:00:00,-75,11,0,0,0,0,0,0,0,0,0,-97,0,1,0,3655705809,0,14,0,0,0,104,0,"[0, 0, 75, -128, 72, -128, 72, -128, 67, -128, 65, -128, 68, -128, 71, -104, 77, -50, 82, 3, 87, 51, 99, 101, 109, 127, 114, 127, 116, 127, 115, 127, 107, 127, 97, 127, 98, 127, 107, 127, 112, 127, 115, 127, 115, 127, 117, 127, 127, 114, 127, 94, -20, -91, -23, -93, -35, -97, -46, -99, -52, -103, -55, -107, -50, -108, -42, -103, -33, -101, -25, -106, -10, -105, 15, -101, 35, -92, 58, -78, 83, -64, 97, -52, 114, -45, 127, -39, 127, -46, 127, -64, 127, -82, 127, -105, 127, -128, 127, -128, 119, -128, 109, -128]",esp32_2
CSI_DATA,149651,2025-07-23 16:15:53.132,0,stand,00:00:00:00:00:00,-62,11,0,0,0,0,0,0,0,0,0,-97,0,1,0,740893766,0,14,0,0,0,104,0,"[0, 0, 13, -95, -12, -71, -41, -53, -69, -41, -94, -32, -116, -27, -128, -28, -128, -32, -128, -37, -128, -42, -128, -45, -128, -46, -128, -47, -128, -44, -128, -37, -116, -29, -111, -19, -107, -8, -103, 3, -102, 12, -105, 18, -109, 21, -112, 21, -117, 18, -121, 14, 48, -72, 57, -77, 69, -79, 80, -80, 90, -81, 96, -79, 95, -73, 88, -69, 78, -68, 65, -72, 51, -83, 36, -95, 22, -110, 11, -128, 3, -128, -2, -128, -1, -128, 3, -128, 12, -128, 25, -128, 38, -128, 48, -128, 56, -128, 63, -128, 66, -128, 65, -128]",esp32_1
CSI_DATA,48174,2025-07-23 16:15:53.143,0,stand,00:00:00:00:00:00,-75,11,0,0,0,0,0,0,0,0,0,-97,0,1,0,3655742418,0,14,0,0,0,104,0,"[0, 0, 127, -128, 127, -128, 127, -128, 127, -128, 127, -128, 123, -115, 113, -61, 94, -7, 71, 40, 52, 87, 36, 127, 20, 127, 4, 127, -14, 127, -31, 127, -44, 127, -54, 127, -58, 127, -54, 127, -41, 127, -18, 127, 10, 127, 30, 127, 45, 127, 62, 127, 4, -84, -5, -91, -16, -98, -25, -100, -30, -103, -31, -104, -29, -106, -23, -109, -16, -107, -9, -98, 6, -85, 24, -70, 38, -57, 56, -45, 79, -32, 100, -15, 121, -4, 127, -6, 127, -9, 127, -14, 127, -26, 127, -43, 127, -68, 127, -103, 127, -128, 127, -128]",esp32_2
CSI_DATA,149652,2025-07-23 16:15:53.163,0,stand,00:00:00:00:00:00,-62,11,0,0,0,0,0,0,0,0,0,-97,0,1,0,740904126,0,14,0,0,0,104,0,"[0, 0, -83, 48, -48, 51, -15, 57, 12, 68, 36, 83, 56, 96, 71, 109, 81, 120, 84, 127, 83, 127, 80, 127, 75, 127, 68, 127, 62, 127, 57, 121, 55, 108, 56, 94, 60, 83, 66, 74, 72, 66, 77, 62, 81, 61, 84, 62, 86, 67, 84, 70, -81, 11, -90, 7, -102, 0, -113, -7, -119, -14, -118, -19, -116, -21, -112, -20, -107, -15, -102, -5, -95, 11, -94, 29, -100, 48, -109, 68, -117, 89, -128, 107, -128, 123, -128, 127, -128, 127, -128, 127, -128, 127, -128, 126, -128, 113, -128, 100, -128, 86, -128, 72]",esp32_1
CSI_DATA,48175,2025-07-23 16:15:53.166,0,stand,00:00:00:00:00:00,-75,11,0,0,0,0,0,0,0,0,0,-97,0,1,0,3655767542,0,14,0,0,0,104,0,"[0, 0, 127, 14, 127, 4, 127, 3, 127, 8, 127, 20, 127, 31, 105, 43, 59, 59, 13, 70, -44, 81, -106, 98, -128, 116, -128, 119, -128, 112, -128, 115, -128, 119, -128, 114, -128, 105, -128, 102, -128, 102, -128, 100, -128, 99, -128, 102, -107, 113, -88, 122, 76, -49, 72, -58, 67, -69, 59, -78, 55, -84, 57, -88, 57, -91, 63, -91, 71, -83, 69, -69, 68, -55, 71, -33, 75, -3, 74, 25, 74, 46, 79, 68, 86, 92, 93, 106, 103, 109, 113, 111, 122, 110, 127, 106, 127, 102, 127, 87, 127, 67, 127, 52]",esp32_2
CSI_DATA,48176,2025-07-23 16:15:53.188,0,stand,00:00:00:00:00:00,-76,11,0,0,0,0,0,0,0,0,0,-97,0,1,0,3655793571,0,14,0,0,0,104,0,"[0, 0, 127, -54, 127, -55, 127, -45, 127, -32, 127, -16, 127, -7, 113, 13, 61, 50, 12, 83, -34, 104, -80, 127, -128, 127, -128, 127, -128, 127, -128, 127, -128, 127, -128, 127, -128, 127, -128, 127, -128, 127, -128, 127, -128, 127, -128, 127, -95, 127, -62, 127, 71, -67, 64, -71, 53, -80, 47, -91, 46, -104, 50, -110, 53, -112, 58, -115, 66, -104, 68, -86, 69, -71, 75, -44, 86, -13, 94, 10, 97, 29, 101, 50, 110, 72, 117, 90, 125, 100, 127, 98, 127, 93, 127, 89, 127, 75, 127, 50, 127, 26, 127, 8]",esp32_2
CSI_DATA,149653,2025-07-23 16:15:53.195,0,stand,00:00:00:00:00:00,-62,11,0,0,0,0,0,0,0,0,0,-97,0,1,0,740913815,0,14,0,0,0,104,0,"[0, 0, 8, -92, -12, -66, -35, -40, -59, -22, -83, -9, -106, -1, -128, 2, -128, 2, -128, -1, -128, -6, -128, -12, -128, -18, -128, -22, -128, -23, -128, -20, -121, -15, -108, -8, -100, 0, -93, 9, -88, 18, -87, 26, -87, 32, -92, 36, -97, 37, -101, 36, 38, -72, 45, -79, 56, -84, 66, -88, 76, -92, 83, -90, 86, -85, 86, -81, 79, -78, 65, -77, 50, -82, 35, -90, 21, -101, 8, -118, -4, -128, -13, -128, -19, -128, -19, -128, -14, -128, -6, -128, 5, -128, 16, -128, 23, -128, 30, -128, 36, -128, 41, -128]",esp32_1
CSI_DATA,48177,2025-07-23 16:15:53.212,0,stand,00:00:00:00:00:00,-76,11,0,0,0,0,0,0,0,0,0,-97,0,1,0,3655829503,0,14,0,0,0,104,0,"[0, 0, 63, 127, 65, 127, 61, 127, 49, 127, 30, 127, 5, 127, -25, 118, -57, 72, -89, 28, -127, -14, -128, -56, -128, -96, -128, -128, -128, -128, -128, -128, -128, -128, -128, -128, -128, -128, -128, -128, -128, -128, -128, -128, -128, -95, -128, -53, -128, -12, -128, 10, 38, 90, 45, 87, 58, 82, 73, 81, 86, 82, 87, 80, 85, 81, 86, 84, 76, 89, 59, 88, 46, 83, 28, 85, -1, 92, -27, 97, -45, 100, -60, 105, -78, 109, -94, 113, -99, 122, -99, 127, -91, 127, -80, 127, -66, 127, -38, 127, -7, 127, 15, 127]",esp32_2
CSI_DATA,149654,2025-07-23 16:15:53.219,0,stand,00:00:00:00:00:00,-62,11,0,0,0,0,0,0,0,0,0,-97,0,1,0,740923825,0,14,0,0,0,104,0,"[0, 0, 82, 15, 56, -9, 35, -36, 16, -65, 4, -92, -3, -117, -4, -128, 0, -128, 4, -128, 8, -128, 13, -128, 17, -128, 23, -128, 26, -128, 24, -128, 19, -119, 11, -104, 0, -93, -11, -86, -24, -81, -36, -79, -44, -80, -48, -83, -50, -88, -49, -92, 59, 54, 63, 65, 67, 80, 68, 92, 65, 103, 59, 111, 52, 113, 47, 109, 47, 99, 51, 86, 57, 71, 68, 54, 85, 38, 108, 26, 127, 17, 127, 12, 127, 11, 127, 14, 127, 18, 127, 26, 127, 37, 127, 48, 127, 57, 127, 61, 127, 61, 127, 61]",esp32_1
CSI_DATA,48178,2025-07-23 16:15:53.231,0,stand,00:00:00:00:00:00,-76,11,0,0,0,0,0,0,0,0,0,-97,0,1,0,3655854422,0,14,0,0,0,104,0,"[0, 0, -128, 127, -128, 127, -128, 127, -128, 116, -128, 85, -128, 51, -110, 12, -84, -35, -59, -84, -38, -128, -17, -128, 12, -128, 39, -128, 62, -128, 80, -128, 87, -128, 90, -128, 91, -128, 82, -128, 62, -128, 34, -128, 3, -128, -22, -128, -46, -125, -71, -105, -89, 43, -81, 51, -78, 62, -75, 77, -70, 89, -75, 95, -81, 95, -85, 92, -86, 92, -90, 84, -94, 65, -93, 47, -96, 25, -106, 1, -115, -18, -116, -37, -117, -51, -126, -58, -128, -62, -128, -58, -128, -42, -128, -17, -128, 9, -128, 31, -128, 55, -128, 80]",esp32_2
CSI_DATA,149655,2025-07-23 16:15:53.242,0,stand,00:00:00:00:00:00,-62,11,0,0,0,0,0,0,0,0,0,-97,0,1,0,740933807,0,14,0,0,0,104,0,"[0, 0, -10, -83, -27, -51, -47, -20, -68, 6, -88, 26, -109, 40, -128, 49, -128, 53, -128, 52, -128, 49, -128, 44, -128, 38, -128, 31, -128, 27, -128, 23, -112, 23, -93, 26, -77, 33, -65, 42, -54, 53, -48, 62, -46, 71, -48, 80, -54, 86, -60, 88, 48, -72, 59, -77, 71, -82, 82, -85, 94, -84, 101, -80, 102, -72, 98, -66, 89, -64, 73, -64, 53, -71, 35, -80, 17, -88, -2, -103, -18, -125, -30, -128, -39, -128, -45, -128, -45, -128, -39, -128, -31, -128, -22, -128, -12, -128, -3, -128, 4, -128, 9, -128]",esp32_1
CSI_DATA,48179,2025-07-23 16:15:53.258,0,stand,00:00:00:00:00:00,-76,11,0,0,0,0,0,0,0,0,0,-97,0,1,0,3655901265,0,14,0,0,0,104,0,"[0, 0, 127, -25, 127, -27, 127, -21, 127, -11, 127, 7, 101, 32, 59, 59, 15, 88, -28, 111, -68, 127, -114, 127, -128, 127, -128, 127, -128, 127, -128, 127, -128, 127, -128, 127, -128, 127, -128, 127, -128, 127, -127, 127, -87, 127, -43, 127, -1, 127, 27, 127, 98, -1, 98, -11, 95, -22, 94, -39, 100, -54, 108, -56, 115, -62, 127, -68, 127, -63, 127, -53, 121, -42, 122, -27, 123, -8, 127, 10, 127, 33, 127, 57, 127, 73, 127, 82, 127, 85, 127, 86, 127, 77, 127, 61, 127, 49, 127, 34, 127, 8, 127, -17]",esp32_2
CSI_DATA,48180,2025-07-23 16:15:53.274,0,stand,00:00:00:00:00:00,-76,11,0,0,0,0,0,0,0,0,0,-97,0,1,0,3655949041,0,14,0,0,0,104,0,"[0, 0, 127, -128, 127, -128, 127, -111, 103, -71, 72, -22, 40, 14, 6, 48, -31, 87, -68, 122, -102, 127, -128, 127, -128, 127, -128, 127, -128, 127, -128, 127, -128, 127, -128, 127, -128, 127, -128, 127, -113, 127, -74, 127, -33, 127, 14, 126, 56, 122, 85, 122, 52, -38, 43, -47, 31, -55, 18, -64, 11, -78, 12, -86, 10, -92, 15, -108, 30, -122, 44, -123, 61, -117, 79, -114, 92, -110, 108, -104, 127, -96, 127, -86, 127, -73, 127, -64, 127, -73, 127, -84, 127, -89, 127, -97, 127, -110, 127, -128, 127, -128, 127, -128]",esp32_2
CSI_DATA,149656,2025-07-23 16:15:53.282,0,stand,00:00:00:00:00:00,-62,11,0,0,0,0,0,0,0,0,0,-97,0,1,0,740943788,0,14,0,0,0,104,0,"[0, 0, -13, 79, 14, 50, 43, 23, 68, 5, 93, -9, 118, -21, 127, -27, 127, -27, 127, -24, 127, -19, 127, -13, 127, -6, 127, -2, 127, -1, 127, -3, 106, -7, 88, -14, 73, -26, 61, -41, 52, -54, 48, -64, 49, -75, 51, -83, 57, -88, 63, -90, -77, 48, -89, 48, -101, 44, -112, 41, -122, 38, -127, 32, -125, 26, -117, 23, -106, 23, -89, 28, -71, 39, -54, 54, -40, 74, -28, 100, -18, 127, -13, 127, -12, 127, -14, 127, -21, 127, -30, 127, -39, 127, -48, 127, -56, 127, -62, 127, -63, 127, -60, 127]",esp32_1
CSI_DATA,48181,2025-07-23 16:15:53.296,0,stand,00:00:00:00:00:00,-76,11,0,0,0,0,0,0,0,0,0,-97,0,1,0,3655975872,0,14,0,0,0,104,0,"[0, 0, -128, -128, -128, -125, -96, -107, -58, -75, -22, -41, 18, -10, 53, 20, 88, 46, 122, 69, 127, 98, 127, 125, 127, 127, 127, 127, 127, 127, 127, 127, 127, 127, 127, 127, 127, 121, 127, 90, 127, 53, 126, 17, 120, -18, 115, -57, 109, -91, 103, -111, -46, -38, -47, -27, -44, -10, -44, -1, -57, 5, -77, 14, -87, 19, -90, 21, -103, 19, -114, 1, -122, -20, -128, -38, -128, -62, -128, -87, -128, -109, -128, -128, -128, -128, -128, -128, -128, -128, -128, -128, -128, -128, -128, -128, -128, -128, -128, -128, -128, -128, -128, -128]",esp32_2
CSI_DATA,149657,2025-07-23 16:15:53.306,0,stand,00:00:00:00:00:00,-62,11,0,0,0,0,0,0,0,0,0,-97,0,1,0,740953845,0,14,0,0,0,104,0,"[0, 0, 51, 51, 45, 11, 47, -26, 50, -60, 56, -89, 64, -112, 76, -128, 88, -128, 97, -128, 101, -128, 102, -128, 101, -128, 97, -123, 89, -110, 73, -97, 54, -86, 35, -80, 17, -78, 1, -78, -14, -79, -26, -84, -35, -90, -37, -97, -34, -106, -31, -113, -17, 89, -25, 99, -34, 109, -44, 114, -54, 117, -62, 115, -66, 108, -63, 99, -53, 90, -35, 81, -13, 77, 14, 75, 43, 76, 73, 83, 100, 95, 121, 113, 127, 127, 127, 127, 127, 127, 127, 127, 127, 127, 127, 127, 127, 127, 127, 127, 118, 127, 105, 127]",esp32_1
CSI_DATA,48182,2025-07-23 16:15:53.325,0,stand,00:00:00:00:00:00,-76,11,0,0,0,0,0,0,0,0,0,-97,0,1,0,3655999584,0,14,0,0,0,104,0,"[0, 0, 127, -128, 127, -128, 110, -111, 99, -65, 80, -15, 56, 30, 33, 76, 16, 120, 0, 127, -13, 127, -23, 127, -30, 127, -37, 127, -44, 127, -44, 127, -36, 127, -29, 127, -16, 127, 9, 127, 35, 125, 60, 88, 85, 58, 114, 33, 127, 12, 127, -3, 57, -34, 50, -43, 35, -54, 20, -62, 14, -72, 21, -83, 31, -98, 45, -114, 51, -128, 40, -128, 38, -128, 53, -128, 76, -128, 97, -128, 110, -128, 124, -128, 127, -128, 127, -128, 127, -128, 127, -128, 127, -128, 127, -128, 127, -128, 127, -128, 127, -128, 127, -128]",esp32_2
CSI_DATA,48183,2025-07-23 16:15:53.346,0,stand,00:00:00:00:00:00,-77,11,0,0,0,0,0,0,0,0,0,-97,0,1,0,3656034400,0,14,0,0,0,104,0,"[0, 0, 127, 17, 127, 17, 127, 17, 111, 23, 68, 33, 28, 49, -16, 70, -62, 92, -100, 111, -128, 126, -128, 127, -128, 127, -128, 127, -128, 127, -128, 127, -128, 127, -128, 127, -128, 124, -94, 103, -47, 78, -3, 59, 34, 47, 78, 36, 122, 22, 127, 9, 45, 50, 49, 37, 54, 23, 60, 10, 67, -10, 76, -24, 87, -26, 108, -30, 124, -40, 127, -44, 127, -33, 127, -17, 127, -5, 127, 6, 127, 22, 127, 40, 127, 49, 127, 54, 127, 59, 127, 66, 127, 71, 127, 67, 127, 58, 127, 50, 127, 42, 127, 36]",esp32_2
