type,seq,timestamp,taget_seq,taget,mac,rssi,rate,sig_mode,mcs,cwb,smoothing,not_sounding,aggregation,stbc,fec_coding,sgi,noise_floor,ampdu_cnt,channel_primary,channel_secondary,local_timestamp,ant,sig_len,rx_state,agc_gain,fft_gain,len,first_word_invalid,data,device_id
CSI_DATA,150572,2025-07-23 16:16:20.228,0,stand,00:00:00:00:00:00,-61,11,0,0,0,0,0,0,0,0,0,-97,0,1,0,767623490,0,14,0,0,0,104,0,"[0, 0, 10, -128, -7, -98, -36, -51, -72, -20, -107, -4, -128, 11, -128, 17, -128, 14, -128, 16, -128, 14, -128, 0, -128, -18, -128, -35, -128, -45, -128, -41, -128, -25, -114, -8, -106, 9, -98, 29, -97, 47, -98, 59, -97, 73, -104, 83, -120, 84, -128, 80, 39, -76, 48, -87, 57, -97, 69, -105, 82, -112, 95, -115, 100, -112, 103, -110, 99, -107, 80, -107, 62, -114, 48, -117, 33, -120, 16, -128, -1, -128, -16, -128, -29, -128, -40, -128, -43, -128, -42, -128, -35, -128, -26, -128, -28, -128, -27, -128, -14, -128, -3, -128]",esp32_1
CSI_DATA,49115,2025-07-23 16:16:20.230,0,stand,00:00:00:00:00:00,-74,11,0,0,0,0,0,0,0,0,0,-97,0,1,0,3683658506,0,14,0,0,0,104,0,"[0, 0, 49, 127, 31, 127, 5, 127, -29, 98, -66, 62, -102, 33, -128, 7, -128, -15, -128, -30, -128, -41, -128, -50, -128, -52, -128, -47, -128, -44, -128, -40, -128, -30, -128, -23, -128, -20, -128, -15, -128, -9, -109, -4, -60, -3, -13, -6, 25, -14, 49, -20, -39, -42, -35, -40, -32, -36, -31, -33, -26, -32, -19, -31, -15, -30, -13, -28, -12, -28, -7, -26, -3, -19, -7, -13, -14, -9, -14, -2, -16, 7, -20, 18, -20, 32, -26, 57, -28, 85, -17, 108, -7, 127, -2, 127, 5, 127, 21, 127, 44, 127, 62, 127]",esp32_2
CSI_DATA,150573,2025-07-23 16:16:20.240,0,stand,00:00:00:00:00:00,-62,11,0,0,0,0,0,0,0,0,0,-97,0,1,0,767649664,0,14,0,0,0,104,0,"[0, 0, -77, -69, -57, -33, -46, 3, -39, 42, -38, 79, -43, 109, -54, 127, -68, 127, -83, 127, -95, 127, -104, 127, -108, 127, -107, 127, -101, 114, -88, 101, -68, 90, -49, 80, -30, 75, -12, 78, 4, 83, 15, 91, 21, 101, 19, 110, 12, 118, 5, 124, -17, -75, -17, -84, -17, -95, -17, -105, -15, -113, -11, -119, -9, -120, -10, -118, -15, -114, -23, -109, -33, -103, -46, -95, -63, -87, -86, -82, -108, -81, -128, -86, -128, -93, -128, -100, -128, -108, -128, -118, -128, -128, -128, -128, -128, -128, -128, -128, -128, -128, -128, -128]",esp32_1
CSI_DATA,49116,2025-07-23 16:16:20.261,0,stand,00:00:00:00:00:00,-74,11,0,0,0,0,0,0,0,0,0,-97,0,1,0,3683668538,0,14,0,0,0,104,0,"[0, 0, -128, -128, -128, -128, -80, -121, -28, -103, 22, -85, 75, -76, 127, -73, 127, -76, 127, -84, 127, -94, 127, -110, 127, -125, 127, -128, 127, -128, 127, -128, 127, -128, 127, -127, 127, -110, 127, -91, 127, -68, 119, -49, 71, -27, 24, 0, -16, 27, -43, 46, 49, 13, 52, 18, 45, 18, 42, 11, 42, 11, 33, 15, 22, 19, 18, 23, 19, 25, 20, 22, 18, 21, 15, 19, 15, 7, 18, -5, 11, -13, 0, -26, -6, -45, -14, -64, -23, -86, -36, -111, -53, -128, -78, -128, -106, -128, -128, -128, -128, -128, -128, -128]",esp32_2
CSI_DATA,150574,2025-07-23 16:16:20.271,0,stand,00:00:00:00:00:00,-61,11,0,0,0,0,0,0,0,0,0,-97,0,1,0,767675430,0,14,0,0,0,104,0,"[0, 0, 101, -17, 60, -24, 23, -36, -10, -56, -38, -80, -60, -104, -74, -126, -81, -128, -80, -128, -76, -128, -68, -128, -58, -128, -45, -128, -34, -128, -29, -128, -26, -121, -26, -99, -33, -79, -44, -64, -57, -53, -71, -47, -85, -46, -94, -49, -97, -56, -99, -64, 65, 34, 72, 39, 80, 49, 86, 59, 88, 66, 87, 69, 82, 69, 80, 68, 82, 61, 85, 50, 88, 36, 93, 19, 105, 2, 120, -14, 127, -30, 127, -45, 127, -58, 127, -68, 127, -72, 127, -71, 127, -70, 127, -66, 127, -60, 127, -52, 127, -41, 127, -27]",esp32_1
CSI_DATA,49117,2025-07-23 16:16:20.287,0,stand,00:00:00:00:00:00,-74,11,0,0,0,0,0,0,0,0,0,-97,0,1,0,3683679055,0,14,0,0,0,104,0,"[0, 0, 15, -128, 24, -128, 38, -128, 57, -94, 80, -44, 108, 6, 127, 47, 127, 82, 127, 110, 127, 127, 127, 127, 127, 127, 127, 127, 127, 127, 127, 127, 127, 127, 127, 127, 127, 115, 127, 93, 127, 70, 110, 46, 58, 23, 10, 9, -33, -3, -65, -15, 19, 56, 16, 58, 14, 55, 13, 48, 12, 45, 11, 45, 7, 40, -1, 33, -6, 28, -6, 30, -5, 35, -5, 25, -4, 8, 5, 3, 14, 0, 20, -12, 30, -20, 41, -35, 50, -67, 56, -98, 60, -125, 57, -128, 51, -128, 44, -128, 30, -128, 20, -128]",esp32_2
CSI_DATA,150575,2025-07-23 16:16:20.292,0,stand,00:00:00:00:00:00,-61,11,0,0,0,0,0,0,0,0,0,-97,0,1,0,767716198,0,14,0,0,0,104,0,"[0, 0, 67, -84, 36, -61, 1, -41, -34, -29, -70, -24, -104, -24, -128, -30, -128, -40, -128, -53, -128, -68, -128, -82, -128, -92, -128, -97, -128, -96, -124, -89, -105, -77, -88, -59, -79, -40, -75, -21, -75, -4, -80, 9, -88, 20, -98, 25, -107, 24, -113, 20, 62, -22, 69, -23, 81, -24, 91, -25, 99, -26, 105, -25, 108, -24, 109, -26, 108, -29, 105, -34, 100, -44, 95, -54, 90, -64, 87, -80, 82, -100, 76, -122, 76, -128, 83, -128, 90, -128, 97, -128, 106, -128, 114, -128, 121, -128, 126, -128, 127, -128, 127, -128]",esp32_1
CSI_DATA,49118,2025-07-23 16:16:20.315,0,stand,00:00:00:00:00:00,-74,11,0,0,0,0,0,0,0,0,0,-97,0,1,0,3683688519,0,14,0,0,0,104,0,"[0, 0, -81, -128, -62, -128, -32, -128, 2, -112, 42, -80, 90, -55, 127, -32, 127, -12, 127, -5, 127, -8, 127, -9, 127, -3, 127, 0, 127, -8, 127, -16, 127, -21, 127, -21, 127, -20, 127, -21, 127, -20, 117, -15, 67, -4, 21, 7, -23, 15, -58, 27, 54, 37, 43, 37, 37, 37, 34, 34, 29, 34, 24, 33, 18, 31, 9, 33, 5, 32, 7, 28, 3, 28, 3, 26, 6, 14, 10, -1, 17, -11, 20, -21, 20, -35, 22, -58, 18, -85, 9, -108, -1, -128, -18, -128, -38, -128, -61, -128, -80, -128, -88, -128]",esp32_2
CSI_DATA,150576,2025-07-23 16:16:20.318,0,stand,00:00:00:00:00:00,-63,11,0,0,0,0,0,0,0,0,0,-97,0,1,0,767748547,0,14,0,0,0,104,0,"[0, 0, 96, 27, 61, 9, 32, -13, 5, -43, -17, -73, -31, -102, -36, -128, -35, -128, -30, -128, -25, -128, -16, -128, -4, -128, 8, -128, 18, -128, 21, -128, 17, -120, 10, -99, -1, -81, -16, -69, -33, -60, -49, -58, -63, -60, -72, -66, -75, -77, -74, -86, 41, 55, 46, 61, 51, 70, 56, 78, 59, 85, 59, 89, 58, 90, 60, 88, 67, 83, 76, 76, 84, 69, 93, 59, 107, 48, 126, 39, 127, 32, 127, 25, 127, 21, 127, 19, 127, 18, 127, 20, 127, 24, 127, 30, 127, 36, 127, 40, 127, 46, 127, 53]",esp32_1
CSI_DATA,150577,2025-07-23 16:16:20.332,0,stand,00:00:00:00:00:00,-62,11,0,0,0,0,0,0,0,0,0,-97,0,1,0,767795140,0,14,0,0,0,104,0,"[0, 0, -128, -27, -86, -18, -43, -3, -2, 21, 32, 48, 60, 74, 81, 100, 91, 124, 96, 127, 94, 127, 86, 127, 78, 127, 67, 127, 54, 127, 44, 127, 39, 127, 36, 118, 38, 96, 46, 74, 55, 55, 68, 44, 81, 39, 92, 37, 99, 41, 103, 45, -40, -59, -46, -69, -54, -84, -60, -98, -62, -110, -61, -115, -62, -115, -62, -113, -63, -108, -67, -105, -72, -98, -79, -84, -93, -70, -109, -56, -127, -40, -128, -27, -128, -16, -128, -6, -128, 3, -128, 11, -128, 12, -128, 5, -128, -7, -128, -17, -128, -24, -128, -31]",esp32_1
CSI_DATA,49119,2025-07-23 16:16:20.344,0,stand,00:00:00:00:00:00,-74,11,0,0,0,0,0,0,0,0,0,-97,0,1,0,3683698568,0,14,0,0,0,104,0,"[0, 0, 127, 126, 127, 113, 88, 102, 41, 96, -9, 91, -67, 88, -123, 93, -128, 96, -128, 104, -128, 120, -128, 127, -128, 127, -128, 127, -128, 127, -128, 127, -128, 127, -128, 127, -128, 127, -128, 116, -128, 90, -101, 61, -61, 30, -23, 2, 12, -22, 36, -42, -59, -19, -57, -20, -51, -22, -46, -22, -45, -18, -41, -18, -36, -18, -33, -19, -26, -23, -19, -24, -18, -25, -23, -22, -28, -11, -27, 5, -18, 17, -3, 25, 10, 35, 21, 56, 28, 85, 43, 109, 69, 127, 92, 127, 113, 127, 127, 127, 127, 127, 127, 127]",esp32_2
CSI_DATA,150578,2025-07-23 16:16:20.362,0,stand,00:00:00:00:00:00,-62,11,0,0,0,0,0,0,0,0,0,-97,0,1,0,767828497,0,14,0,0,0,104,0,"[0, 0, -117, -2, -74, 2, -32, 12, 7, 30, 39, 53, 64, 77, 84, 101, 96, 124, 100, 127, 99, 127, 95, 127, 87, 127, 73, 127, 55, 127, 43, 127, 39, 127, 37, 114, 39, 95, 46, 78, 56, 65, 67, 56, 78, 52, 88, 54, 94, 59, 94, 63, -60, -31, -68, -36, -80, -45, -91, -54, -97, -61, -100, -67, -101, -69, -102, -70, -103, -68, -106, -61, -110, -51, -115, -39, -125, -26, -128, -12, -128, 4, -128, 19, -128, 32, -128, 43, -128, 51, -128, 56, -128, 58, -128, 55, -128, 50, -128, 45, -128, 35, -128, 20]",esp32_1
CSI_DATA,49120,2025-07-23 16:16:20.365,0,stand,00:00:00:00:00:00,-74,11,0,0,0,0,0,0,0,0,0,-97,0,1,0,3683713614,0,14,0,163,0,104,0,"[0, 0, 127, 40, 127, 39, 122, 45, 78, 55, 26, 69, -25, 81, -73, 100, -126, 127, -128, 127, -128, 127, -128, 127, -128, 127, -128, 127, -128, 127, -128, 127, -128, 127, -128, 127, -128, 127, -128, 127, -128, 117, -93, 84, -61, 52, -25, 10, 11, -29, 35, -51, -46, 24, -46, 22, -43, 25, -42, 26, -40, 19, -36, 13, -33, 10, -33, 6, -34, 3, -31, -2, -27, -3, -33, 7, -38, 12, -30, 12, -14, 20, 5, 34, 19, 45, 32, 51, 54, 58, 79, 66, 109, 73, 127, 72, 127, 65, 127, 60, 127, 57, 127, 54]",esp32_2
CSI_DATA,150579,2025-07-23 16:16:20.378,0,stand,00:00:00:00:00:00,-62,11,0,0,0,0,0,0,0,0,0,-97,0,1,0,767847983,0,14,0,0,0,104,0,"[0, 0, -99, -58, -65, -31, -35, -1, -10, 35, 9, 72, 20, 108, 22, 127, 16, 127, 6, 127, -4, 127, -14, 127, -23, 127, -31, 127, -37, 127, -36, 127, -30, 127, -21, 116, -8, 98, 8, 86, 25, 79, 41, 77, 53, 79, 60, 86, 63, 96, 63, 105, -28, -63, -33, -73, -39, -87, -43, -99, -43, -108, -40, -114, -39, -116, -39, -116, -43, -114, -52, -111, -62, -105, -72, -96, -88, -87, -107, -79, -127, -70, -128, -65, -128, -64, -128, -65, -128, -67, -128, -70, -128, -77, -128, -85, -128, -93, -128, -98, -128, -102, -128, -107]",esp32_1
CSI_DATA,49121,2025-07-23 16:16:20.398,0,stand,00:00:00:00:00:00,-75,11,0,0,0,0,0,0,0,0,0,-97,0,1,0,3683718543,0,14,0,163,0,104,0,"[0, 0, 125, -128, 112, -128, 103, -93, 92, -51, 86, -7, 91, 44, 90, 98, 96, 127, 117, 127, 127, 127, 127, 127, 127, 127, 127, 127, 127, 127, 127, 127, 127, 127, 127, 127, 127, 127, 119, 127, 103, 127, 73, 97, 40, 62, 11, 20, -16, -20, -39, -50, -21, 70, -22, 61, -21, 60, -18, 62, -14, 58, -16, 55, -22, 52, -21, 48, -20, 43, -17, 40, -8, 36, -6, 28, -9, 22, -1, 17, 11, 13, 20, 11, 35, 6, 58, -8, 80, -28, 96, -39, 104, -51, 116, -73, 127, -95, 127, -119, 127, -128, 127, -128]",esp32_2
CSI_DATA,150580,2025-07-23 16:16:20.408,0,stand,00:00:00:00:00:00,-62,11,0,0,0,0,0,0,0,0,0,-97,0,1,0,767882283,0,14,0,0,0,104,0,"[0, 0, -61, -83, -41, -49, -29, -13, -20, 26, -16, 63, -18, 95, -26, 122, -39, 127, -55, 127, -68, 127, -78, 127, -85, 127, -90, 127, -91, 127, -83, 117, -68, 101, -54, 89, -40, 81, -23, 75, -5, 73, 10, 77, 20, 83, 23, 90, 21, 98, 18, 104, 0, -65, 0, -74, -1, -85, 0, -95, 3, -103, 6, -108, 6, -109, 4, -111, 0, -111, -8, -110, -17, -108, -29, -107, -48, -106, -70, -107, -89, -109, -106, -114, -124, -121, -128, -128, -128, -128, -128, -128, -128, -128, -128, -128, -128, -128, -128, -128, -128, -128, -128, -128]",esp32_1
CSI_DATA,150581,2025-07-23 16:16:20.431,0,stand,00:00:00:00:00:00,-62,11,0,0,0,0,0,0,0,0,0,-97,0,1,0,767923334,0,14,0,0,0,104,0,"[0, 0, -74, -87, -49, -52, -29, -13, -12, 28, -2, 66, 0, 101, -6, 127, -15, 127, -25, 127, -33, 127, -42, 127, -52, 127, -60, 127, -63, 127, -59, 127, -49, 118, -36, 100, -21, 87, -5, 79, 13, 72, 31, 70, 46, 72, 55, 77, 57, 87, 57, 97, -4, -63, -5, -75, -6, -90, -5, -104, -1, -115, 5, -120, 8, -123, 9, -126, 4, -124, -5, -120, -15, -116, -28, -108, -47, -99, -70, -95, -93, -95, -116, -97, -128, -104, -128, -112, -128, -119, -128, -128, -128, -128, -128, -128, -128, -128, -128, -128, -128, -128, -128, -128]",esp32_1
CSI_DATA,150582,2025-07-23 16:16:20.452,0,stand,00:00:00:00:00:00,-62,11,0,0,0,0,0,0,0,0,0,-97,0,1,0,767943820,0,14,0,0,0,104,0,"[0, 0, 120, 42, 79, 21, 39, -3, 8, -38, -12, -75, -28, -109, -37, -128, -44, -128, -55, -128, -62, -128, -56, -128, -42, -128, -21, -128, -3, -128, 3, -128, 4, -128, 5, -128, 4, -114, -5, -99, -22, -89, -41, -83, -60, -76, -75, -74, -80, -82, -79, -90, 55, 41, 64, 50, 76, 63, 86, 76, 92, 88, 87, 98, 79, 108, 78, 112, 82, 105, 93, 88, 105, 70, 114, 55, 127, 39, 127, 27, 127, 19, 127, 10, 127, 1, 127, -3, 127, 5, 127, 25, 127, 38, 127, 40, 127, 28, 127, 16, 127, 25, 127, 40]",esp32_1
CSI_DATA,150583,2025-07-23 16:16:20.475,0,stand,00:00:00:00:00:00,-62,11,0,0,0,0,0,0,0,0,0,-97,0,1,0,767970964,0,14,0,0,0,104,0,"[0, 0, -28, -125, -30, -82, -42, -41, -54, -3, -70, 31, -92, 59, -119, 79, -128, 89, -128, 93, -128, 92, -128, 88, -128, 80, -128, 69, -128, 55, -128, 45, -128, 39, -128, 36, -121, 37, -105, 43, -91, 51, -81, 62, -78, 72, -80, 79, -86, 84, -91, 83, 7, -82, 8, -92, 11, -102, 15, -112, 21, -121, 27, -127, 30, -128, 28, -128, 23, -128, 13, -128, 1, -128, -14, -128, -32, -128, -49, -128, -67, -128, -84, -128, -99, -128, -111, -128, -118, -128, -120, -128, -117, -128, -111, -128, -104, -128, -92, -128, -77, -128, -65, -128]",esp32_1
CSI_DATA,150584,2025-07-23 16:16:20.496,0,stand,00:00:00:00:00:00,-62,11,0,0,0,0,0,0,0,0,0,-97,0,1,0,768016408,0,14,0,0,0,104,0,"[0, 0, 102, 11, 67, -3, 38, -22, 12, -47, -10, -73, -25, -97, -35, -120, -38, -128, -36, -128, -31, -128, -24, -128, -16, -128, -6, -128, 4, -128, 8, -128, 8, -128, 6, -123, 0, -108, -9, -98, -19, -90, -30, -86, -39, -86, -44, -88, -46, -92, -47, -97, 55, 26, 64, 30, 75, 37, 85, 45, 90, 52, 91, 57, 92, 60, 93, 62, 97, 61, 103, 56, 105, 49, 107, 39, 115, 27, 126, 16, 127, 5, 127, -4, 127, -13, 127, -21, 127, -24, 127, -23, 127, -21, 127, -16, 127, -7, 127, 1, 127, 10, 127, 19]",esp32_1
CSI_DATA,49123,2025-07-23 16:16:20.496,0,stand,00:00:00:00:00:00,-74,11,0,0,0,0,0,0,0,0,0,-97,0,1,0,3683738540,0,14,0,0,0,104,0,"[0, 0, -128, 107, -128, 86, -128, 52, -102, 14, -79, -31, -52, -80, -25, -128, -4, -128, 9, -128, 18, -128, 23, -128, 20, -128, 15, -128, 12, -128, 10, -128, 13, -128, 11, -128, 5, -128, -1, -128, -4, -128, 3, -120, 3, -74, -5, -24, -5, 27, 2, 61, 14, -56, 13, -52, 14, -49, 13, -51, 11, -48, 13, -44, 15, -39, 17, -33, 18, -30, 16, -29, 13, -29, 20, -29, 27, -26, 22, -24, 2, -24, -20, -25, -41, -24, -64, -21, -84, -5, -102, 15, -122, 26, -128, 40, -128, 60, -128, 82, -128, 106, -128, 119]",esp32_2
CSI_DATA,150585,2025-07-23 16:16:20.521,0,stand,00:00:00:00:00:00,-62,11,0,0,0,0,0,0,0,0,0,-97,0,1,0,768051509,0,14,0,0,0,104,0,"[0, 0, -22, -106, -22, -67, -28, -30, -38, 4, -51, 34, -70, 60, -92, 78, -116, 89, -128, 93, -128, 92, -128, 87, -128, 79, -128, 67, -128, 56, -128, 45, -128, 37, -110, 34, -93, 35, -79, 40, -68, 48, -59, 56, -54, 64, -54, 72, -59, 79, -65, 81, 11, -67, 12, -75, 14, -84, 17, -94, 23, -103, 29, -110, 34, -114, 35, -117, 33, -117, 28, -117, 20, -118, 9, -117, -3, -116, -18, -118, -33, -124, -48, -128, -63, -128, -78, -128, -90, -128, -95, -128, -97, -128, -97, -128, -93, -128, -83, -128, -70, -128, -59, -128]",esp32_1
CSI_DATA,49124,2025-07-23 16:16:20.521,0,stand,00:00:00:00:00:00,-74,11,0,0,0,0,0,0,0,0,0,-97,0,1,0,3683748500,0,14,0,0,0,104,0,"[0, 0, 127, 92, 127, 81, 116, 86, 73, 88, 24, 90, -32, 97, -93, 107, -128, 121, -128, 127, -128, 127, -128, 127, -128, 127, -128, 127, -128, 127, -128, 127, -128, 127, -128, 127, -128, 127, -128, 127, -128, 105, -100, 78, -58, 47, -16, 14, 18, -19, 40, -49, -56, 12, -57, 9, -54, 3, -52, -1, -49, -2, -37, -3, -30, -6, -36, -10, -42, -15, -37, -21, -31, -23, -35, -16, -42, -10, -36, -4, -28, 8, -19, 22, -7, 32, 8, 43, 31, 62, 58, 78, 84, 91, 115, 104, 127, 113, 127, 118, 127, 120, 127, 120]",esp32_2
CSI_DATA,150586,2025-07-23 16:16:20.542,0,stand,00:00:00:00:00:00,-62,11,0,0,0,0,0,0,0,0,0,-97,0,1,0,768076089,0,14,0,0,0,104,0,"[0, 0, -92, -47, -57, -25, -29, 2, -1, 35, 25, 66, 43, 96, 54, 121, 55, 127, 42, 127, 25, 127, 15, 127, 12, 127, 13, 127, 13, 127, 10, 127, 9, 127, 13, 121, 22, 101, 31, 84, 42, 70, 55, 60, 63, 60, 68, 64, 73, 70, 77, 75, -15, -62, -21, -72, -27, -85, -32, -98, -31, -109, -29, -117, -32, -119, -34, -118, -35, -115, -35, -114, -36, -112, -44, -104, -59, -93, -81, -84, -104, -72, -128, -59, -128, -52, -128, -53, -128, -51, -128, -47, -128, -48, -128, -58, -128, -78, -128, -96, -128, -103, -128, -105]",esp32_1
CSI_DATA,49125,2025-07-23 16:16:20.542,0,stand,00:00:00:00:00:00,-74,11,0,0,0,0,0,0,0,0,0,-97,0,1,0,3683758514,0,14,0,0,0,104,0,"[0, 0, -128, -109, -128, -101, -114, -92, -62, -80, -11, -74, 48, -73, 110, -71, 127, -75, 127, -84, 127, -91, 127, -100, 127, -113, 127, -123, 127, -125, 127, -120, 127, -107, 127, -96, 127, -91, 127, -83, 127, -67, 127, -49, 71, -32, 11, -15, -38, 0, -65, 13, 50, -21, 47, -21, 45, -22, 44, -23, 42, -20, 38, -9, 38, -2, 37, 2, 29, 4, 28, 4, 30, 11, 31, 9, 36, -5, 40, -12, 31, -13, 15, -22, 4, -38, -13, -59, -37, -82, -63, -94, -90, -103, -118, -116, -128, -126, -128, -128, -128, -128, -128, -128]",esp32_2
CSI_DATA,150587,2025-07-23 16:16:20.568,0,stand,00:00:00:00:00:00,-62,11,0,0,0,0,0,0,0,0,0,-97,0,1,0,768108754,0,14,0,0,0,104,0,"[0, 0, 85, -63, 46, -46, 4, -33, -37, -29, -75, -32, -109, -40, -128, -52, -128, -64, -128, -79, -128, -95, -128, -109, -128, -119, -128, -122, -128, -121, -128, -113, -113, -99, -98, -82, -88, -65, -84, -47, -83, -32, -88, -19, -94, -8, -100, -1, -107, -1, -112, -4, 69, -9, 79, -11, 92, -9, 104, -5, 115, -1, 122, 0, 125, 1, 125, 2, 124, 0, 122, -6, 117, -17, 112, -30, 110, -45, 110, -64, 109, -85, 110, -107, 117, -128, 127, -128, 127, -128, 127, -128, 127, -128, 127, -128, 127, -128, 127, -128, 127, -128, 127, -128]",esp32_1
CSI_DATA,49126,2025-07-23 16:16:20.575,0,stand,00:00:00:00:00:00,-74,11,0,0,0,0,0,0,0,0,0,-97,0,1,0,3683769234,0,14,0,0,0,104,0,"[0, 0, 127, 123, 127, 109, 118, 102, 67, 83, 12, 71, -47, 70, -106, 73, -128, 78, -128, 83, -128, 99, -128, 118, -128, 127, -128, 127, -128, 127, -128, 127, -128, 127, -128, 116, -128, 103, -128, 93, -128, 76, -118, 54, -66, 33, -18, 15, 27, -5, 58, -24, -68, 7, -62, 9, -54, 8, -48, 3, -48, 0, -47, -4, -42, -8, -36, -9, -37, -14, -36, -23, -34, -24, -44, -17, -50, -12, -47, -9, -38, -1, -22, 13, -10, 30, -2, 52, 18, 74, 49, 92, 78, 106, 109, 120, 127, 127, 127, 127, 127, 127, 127, 127]",esp32_2
CSI_DATA,150588,2025-07-23 16:16:20.587,0,stand,00:00:00:00:00:00,-62,11,0,0,0,0,0,0,0,0,0,-97,0,1,0,768128537,0,14,0,0,0,104,0,"[0, 0, -95, 0, -57, 10, -22, 23, 5, 46, 26, 72, 42, 95, 52, 120, 57, 127, 61, 127, 62, 127, 56, 127, 45, 127, 29, 127, 15, 127, 8, 127, 8, 127, 9, 111, 12, 95, 19, 82, 30, 72, 41, 67, 54, 63, 63, 62, 67, 65, 67, 70, -60, -24, -68, -31, -79, -40, -88, -49, -93, -57, -92, -63, -90, -67, -88, -69, -90, -66, -93, -56, -93, -42, -95, -26, -104, -12, -114, 1, -126, 13, -128, 25, -128, 36, -128, 44, -128, 48, -128, 47, -128, 42, -128, 37, -128, 34, -128, 32, -128, 21, -128, 9]",esp32_1
CSI_DATA,49127,2025-07-23 16:16:20.608,0,stand,00:00:00:00:00:00,-74,11,0,0,0,0,0,0,0,0,0,-97,0,1,0,3683781328,0,14,0,0,0,104,0,"[0, 0, 100, 127, 82, 127, 51, 127, 13, 104, -34, 65, -80, 29, -123, -4, -128, -37, -128, -72, -128, -97, -128, -114, -128, -127, -128, -128, -128, -128, -128, -128, -128, -128, -128, -115, -128, -96, -128, -80, -128, -66, -125, -45, -72, -18, -23, 6, 19, 23, 49, 33, -63, 1, -62, 2, -58, 1, -51, -1, -49, -3, -47, -9, -40, -17, -39, -26, -45, -34, -45, -41, -39, -45, -34, -37, -34, -24, -37, -17, -40, -17, -37, -8, -25, 15, -13, 41, -12, 72, -10, 103, 7, 127, 34, 127, 56, 127, 74, 127, 94, 127, 116, 127]",esp32_2
CSI_DATA,150589,2025-07-23 16:16:20.616,0,stand,00:00:00:00:00:00,-62,11,0,0,0,0,0,0,0,0,0,-97,0,1,0,768169574,0,14,0,0,0,104,0,"[0, 0, -29, 121, -1, 83, 33, 49, 67, 24, 102, 5, 127, -8, 127, -12, 127, -10, 127, -4, 127, 6, 127, 16, 127, 26, 127, 33, 127, 34, 127, 33, 127, 30, 127, 21, 127, 7, 116, -9, 107, -25, 104, -37, 105, -47, 109, -55, 118, -58, 127, -59, -62, 69, -72, 76, -85, 80, -98, 84, -110, 88, -120, 88, -123, 83, -121, 81, -113, 81, -102, 84, -87, 93, -70, 103, -54, 114, -41, 127, -26, 127, -12, 127, -5, 127, -4, 127, -6, 127, -14, 127, -24, 127, -33, 127, -47, 127, -61, 127, -67, 127, -69, 127]",esp32_1
CSI_DATA,49128,2025-07-23 16:16:20.633,0,stand,00:00:00:00:00:00,-75,11,0,0,0,0,0,0,0,0,0,-97,0,1,0,3683789754,0,14,0,0,0,104,0,"[0, 0, 77, 127, 54, 127, 27, 127, 0, 100, -32, 61, -73, 25, -121, -10, -128, -36, -128, -57, -128, -74, -128, -91, -128, -107, -128, -115, -128, -119, -128, -115, -128, -103, -128, -90, -128, -74, -128, -58, -128, -46, -120, -33, -74, -17, -25, -1, 20, 14, 52, 23, -53, -12, -55, -10, -52, -9, -47, -10, -46, -9, -49, -11, -46, -19, -41, -31, -39, -38, -36, -41, -33, -45, -34, -43, -36, -36, -36, -27, -34, -20, -36, -11, -35, 8, -29, 36, -21, 64, -12, 92, -1, 119, 17, 127, 36, 127, 51, 127, 67, 127, 82, 127]",esp32_2
CSI_DATA,150590,2025-07-23 16:16:20.641,0,stand,00:00:00:00:00:00,-62,11,0,0,0,0,0,0,0,0,0,-97,0,1,0,768191869,0,14,0,0,0,104,0,"[0, 0, 99, -73, 56, -66, 12, -63, -26, -73, -58, -86, -87, -99, -111, -115, -128, -128, -128, -128, -128, -128, -128, -128, -126, -128, -114, -128, -101, -128, -91, -128, -83, -128, -76, -115, -75, -96, -79, -79, -85, -66, -94, -58, -103, -51, -111, -49, -117, -54, -118, -59, 83, -20, 96, -18, 111, -12, 124, -5, 127, 1, 127, 7, 127, 13, 127, 16, 126, 13, 118, 1, 110, -17, 104, -36, 104, -57, 109, -83, 114, -111, 120, -128, 127, -128, 127, -128, 127, -128, 127, -128, 127, -128, 127, -128, 127, -128, 127, -128, 127, -128, 127, -128]",esp32_1
CSI_DATA,150592,2025-07-23 16:16:20.725,0,stand,00:00:00:00:00:00,-62,11,0,0,0,0,0,0,0,0,0,-97,0,1,0,768250535,0,14,0,0,0,104,0,"[0, 0, -84, 65, -47, 58, -11, 61, 22, 64, 55, 67, 83, 76, 104, 86, 121, 97, 126, 113, 124, 127, 119, 127, 115, 127, 111, 127, 108, 119, 101, 107, 91, 95, 86, 80, 84, 60, 87, 43, 89, 30, 91, 22, 96, 22, 103, 25, 110, 28, 115, 32, -82, 0, -91, -3, -100, -7, -109, -11, -116, -17, -120, -22, -118, -24, -111, -22, -104, -16, -99, -9, -97, 4, -95, 23, -93, 41, -96, 65, -100, 92, -110, 119, -126, 127, -128, 127, -128, 127, -128, 127, -128, 127, -128, 127, -128, 127, -128, 127, -128, 122, -128, 106]",esp32_1
CSI_DATA,49130,2025-07-23 16:16:20.741,0,stand,00:00:00:00:00:00,-74,11,0,0,0,0,0,0,0,0,0,-97,0,1,0,3683808519,0,14,0,0,0,104,0,"[0, 0, 55, -128, 50, -128, 55, -127, 61, -87, 66, -33, 75, 24, 90, 83, 106, 127, 124, 127, 127, 127, 127, 127, 127, 127, 127, 127, 127, 127, 127, 127, 127, 127, 127, 127, 127, 127, 127, 127, 111, 127, 81, 100, 51, 54, 25, 13, 0, -26, -20, -53, 44, 48, 35, 44, 32, 41, 28, 39, 24, 38, 25, 37, 18, 39, 4, 44, 1, 47, 2, 52, -1, 52, -3, 45, -3, 39, 4, 31, 14, 23, 21, 16, 31, 2, 44, -23, 58, -50, 68, -73, 78, -101, 82, -128, 71, -128, 65, -128, 69, -128, 73, -128]",esp32_2
CSI_DATA,150593,2025-07-23 16:16:20.759,0,stand,00:00:00:00:00:00,-62,11,0,0,0,0,0,0,0,0,0,-97,0,1,0,768290021,0,14,0,0,0,104,0,"[0, 0, 3, 108, 20, 75, 44, 44, 66, 21, 89, 4, 113, -8, 127, -16, 127, -20, 127, -19, 127, -13, 127, -7, 127, -2, 127, 3, 127, 5, 127, 5, 125, 1, 112, -7, 102, -17, 96, -28, 91, -38, 88, -48, 88, -56, 93, -61, 102, -60, 108, -56, -35, 75, -41, 80, -49, 84, -60, 87, -70, 90, -75, 89, -76, 86, -73, 84, -65, 83, -54, 83, -37, 89, -18, 95, -1, 102, 15, 116, 32, 127, 45, 127, 53, 127, 57, 127, 56, 127, 50, 127, 41, 127, 31, 127, 20, 127, 8, 127, -2, 127, -8, 127]",esp32_1
CSI_DATA,49131,2025-07-23 16:16:20.773,0,stand,00:00:00:00:00:00,-75,11,0,0,0,0,0,0,0,0,0,-97,0,1,0,3683820865,0,14,0,0,0,104,0,"[0, 0, 127, -128, 127, -124, 127, -99, 107, -61, 81, -6, 61, 47, 57, 109, 63, 127, 69, 127, 75, 127, 70, 127, 67, 127, 76, 127, 90, 127, 98, 127, 90, 127, 77, 127, 70, 127, 62, 127, 56, 127, 52, 127, 38, 75, 22, 20, 12, -23, 3, -53, 19, 86, 19, 78, 19, 80, 16, 81, 11, 79, 7, 69, 4, 55, 2, 53, -4, 54, -12, 58, -16, 64, -25, 58, -27, 47, -12, 45, 2, 46, 12, 42, 30, 28, 52, 7, 76, -13, 94, -27, 110, -46, 127, -80, 127, -114, 127, -128, 127, -128, 127, -128]",esp32_2
CSI_DATA,150594,2025-07-23 16:16:20.789,0,stand,00:00:00:00:00:00,-61,11,0,0,0,0,0,0,0,0,0,-97,0,1,0,768325428,0,14,0,0,0,104,0,"[0, 0, 100, -14, 69, -28, 42, -46, 21, -73, 5, -98, -10, -119, -18, -128, -20, -128, -18, -128, -13, -128, -8, -128, -4, -128, 0, -128, 3, -128, 1, -128, -4, -120, -10, -108, -19, -97, -30, -87, -41, -82, -52, -82, -60, -83, -63, -87, -64, -97, -64, -106, 70, 29, 76, 37, 83, 47, 90, 57, 91, 67, 88, 74, 82, 76, 75, 70, 71, 61, 71, 48, 75, 31, 81, 13, 93, -5, 111, -22, 127, -39, 127, -54, 127, -64, 127, -68, 127, -68, 127, -61, 127, -50, 127, -40, 127, -30, 127, -22, 127, -12, 127, -3]",esp32_1
CSI_DATA,49132,2025-07-23 16:16:20.794,0,stand,00:00:00:00:00:00,-75,11,0,0,0,0,0,0,0,0,0,-97,0,1,0,3683829272,0,14,0,0,0,104,0,"[0, 0, 127, -97, 127, -79, 127, -50, 107, -18, 76, 17, 39, 62, 7, 115, -16, 127, -33, 127, -49, 127, -66, 127, -77, 127, -79, 127, -74, 127, -68, 127, -64, 127, -57, 127, -49, 127, -37, 127, -23, 127, -9, 126, 2, 75, 13, 27, 23, -18, 28, -50, -4, 51, -3, 56, -4, 55, -7, 48, -12, 47, -15, 49, -15, 47, -17, 44, -23, 40, -33, 41, -38, 44, -40, 37, -42, 29, -40, 29, -26, 31, -6, 34, 15, 35, 37, 29, 67, 17, 99, 4, 127, -10, 127, -31, 127, -53, 127, -72, 127, -86, 127, -95]",esp32_2
CSI_DATA,150595,2025-07-23 16:16:20.816,0,stand,00:00:00:00:00:00,-62,11,0,0,0,0,0,0,0,0,0,-97,0,1,0,768376591,0,14,0,0,0,104,0,"[0, 0, 105, 0, 71, -20, 43, -43, 21, -71, 4, -99, -8, -123, -12, -128, -11, -128, -8, -128, -4, -128, 0, -128, 4, -128, 7, -128, 10, -128, 8, -128, 1, -118, -9, -103, -20, -94, -33, -87, -47, -82, -61, -81, -70, -86, -74, -92, -73, -101, -71, -109, 60, 52, 67, 61, 73, 73, 75, 85, 74, 94, 66, 98, 59, 97, 56, 92, 57, 82, 60, 66, 65, 47, 76, 28, 95, 9, 117, -8, 127, -21, 127, -30, 127, -35, 127, -39, 127, -37, 127, -29, 127, -18, 127, -7, 127, 6, 127, 18, 127, 26, 127, 31]",esp32_1
CSI_DATA,49133,2025-07-23 16:16:20.827,0,stand,00:00:00:00:00:00,-75,11,0,0,0,0,0,0,0,0,0,-97,0,1,0,3683838529,0,14,0,0,0,104,0,"[0, 0, -114, -128, -82, -128, -48, -126, -17, -95, 18, -59, 65, -23, 119, 9, 127, 33, 127, 49, 127, 65, 127, 82, 127, 96, 127, 105, 127, 110, 127, 104, 127, 95, 127, 87, 127, 74, 127, 60, 127, 45, 125, 26, 78, 5, 29, -12, -15, -28, -47, -44, 49, -15, 46, -16, 42, -14, 38, -12, 36, -9, 38, 2, 39, 13, 36, 21, 36, 27, 38, 28, 42, 29, 42, 23, 37, 11, 38, 9, 34, 6, 25, -9, 23, -28, 17, -49, 3, -74, -11, -98, -29, -124, -49, -128, -70, -128, -94, -128, -116, -128, -126, -128]",esp32_2
CSI_DATA,150596,2025-07-23 16:16:20.837,0,stand,00:00:00:00:00:00,-62,11,0,0,0,0,0,0,0,0,0,-97,0,1,0,768410373,0,14,0,0,0,104,0,"[0, 0, -90, 29, -54, 39, -22, 50, 5, 68, 28, 88, 45, 106, 57, 120, 63, 127, 63, 127, 59, 127, 54, 127, 50, 127, 45, 127, 40, 127, 37, 116, 38, 99, 42, 83, 48, 69, 57, 58, 68, 50, 78, 46, 87, 46, 92, 51, 95, 57, 95, 63, -69, -33, -75, -43, -82, -54, -85, -63, -85, -69, -82, -71, -76, -69, -70, -65, -68, -57, -67, -42, -68, -23, -73, -3, -85, 15, -101, 34, -117, 54, -128, 70, -128, 82, -128, 91, -128, 94, -128, 93, -128, 87, -128, 77, -128, 66, -128, 54, -128, 40, -128, 29]",esp32_1
CSI_DATA,49134,2025-07-23 16:16:20.857,0,stand,00:00:00:00:00:00,-74,11,0,0,0,0,0,0,0,0,0,-97,0,1,0,3683848529,0,14,0,0,0,104,0,"[0, 0, 127, -73, 127, -54, 127, -28, 99, 3, 55, 36, 8, 71, -30, 118, -62, 127, -93, 127, -120, 127, -128, 127, -128, 127, -128, 127, -128, 127, -128, 127, -128, 127, -128, 127, -118, 127, -94, 127, -72, 127, -51, 115, -26, 73, 3, 28, 30, -14, 46, -41, -4, 56, -2, 51, -7, 47, -15, 47, -15, 49, -11, 47, -18, 40, -28, 35, -37, 31, -44, 26, -39, 24, -37, 25, -37, 26, -26, 25, -9, 26, 6, 33, 21, 34, 45, 29, 72, 21, 104, 11, 127, -1, 127, -16, 127, -33, 127, -57, 127, -77, 127, -77]",esp32_2
CSI_DATA,150597,2025-07-23 16:16:20.870,0,stand,00:00:00:00:00:00,-61,11,0,0,0,0,0,0,0,0,0,-97,0,1,0,768434638,0,14,0,0,0,104,0,"[0, 0, -94, 24, -59, 34, -27, 48, 0, 68, 21, 90, 37, 109, 49, 124, 54, 127, 53, 127, 51, 127, 47, 127, 41, 127, 35, 127, 30, 127, 29, 122, 30, 106, 34, 89, 43, 73, 53, 62, 63, 54, 75, 52, 85, 53, 91, 58, 92, 65, 91, 72, -68, -33, -75, -41, -84, -52, -89, -62, -89, -70, -85, -73, -79, -74, -73, -72, -69, -61, -69, -46, -71, -29, -76, -10, -88, 11, -103, 31, -119, 49, -128, 64, -128, 76, -128, 85, -128, 88, -128, 85, -128, 78, -128, 68, -128, 58, -128, 47, -128, 36, -128, 24]",esp32_1
CSI_DATA,49135,2025-07-23 16:16:20.884,0,stand,00:00:00:00:00:00,-75,11,0,0,0,0,0,0,0,0,0,-97,0,1,0,3683858499,0,14,0,0,0,104,0,"[0, 0, 127, 122, 127, 110, 91, 97, 44, 77, -6, 57, -60, 41, -116, 22, -128, 2, -128, -12, -128, -16, -128, -15, -128, -19, -128, -26, -128, -32, -128, -35, -128, -34, -128, -36, -128, -36, -128, -26, -128, -16, -128, -4, -77, 7, -26, 14, 19, 26, 49, 38, -35, 35, -34, 31, -32, 26, -36, 23, -43, 21, -43, 17, -43, 9, -44, 1, -41, -4, -43, -10, -49, -11, -53, -6, -50, -2, -43, 4, -38, 15, -29, 31, -13, 45, 8, 58, 30, 74, 54, 90, 79, 105, 106, 121, 127, 127, 127, 127, 127, 127, 127, 127]",esp32_2
CSI_DATA,49136,2025-07-23 16:16:20.917,0,stand,00:00:00:00:00:00,-74,11,0,0,0,0,0,0,0,0,0,-97,0,1,0,3683868487,0,14,0,0,0,104,0,"[0, 0, 38, 124, 24, 108, 9, 83, -6, 55, -25, 27, -48, 1, -77, -25, -104, -51, -123, -76, -128, -98, -128, -114, -128, -122, -128, -126, -128, -128, -128, -128, -128, -123, -128, -111, -128, -93, -123, -75, -98, -57, -72, -37, -45, -16, -20, 6, 3, 25, 20, 37, -32, 3, -31, -1, -30, -5, -28, -6, -25, -4, -26, -4, -28, -10, -26, -17, -24, -21, -25, -20, -27, -22, -26, -23, -28, -20, -31, -16, -28, -10, -23, 1, -19, 15, -19, 30, -18, 49, -11, 72, 2, 89, 9, 105, 16, 122, 29, 127, 38, 127, 40, 127]",esp32_2
CSI_DATA,150599,2025-07-23 16:16:20.953,0,stand,00:00:00:00:00:00,-62,11,0,0,0,0,0,0,0,0,0,-97,0,1,0,768497124,0,14,0,0,0,104,0,"[0, 0, 72, 76, 59, 36, 54, -2, 51, -41, 52, -75, 60, -104, 73, -128, 89, -128, 104, -128, 114, -128, 119, -128, 121, -128, 121, -128, 117, -122, 104, -110, 87, -97, 70, -86, 52, -83, 33, -84, 15, -88, 3, -96, -5, -105, -6, -114, 0, -123, 4, -128, 9, 84, 8, 94, 7, 105, 3, 115, -4, 122, -12, 126, -17, 126, -17, 121, -12, 112, 0, 103, 15, 97, 35, 89, 58, 82, 83, 81, 107, 86, 127, 94, 127, 107, 127, 120, 127, 127, 127, 127, 127, 127, 127, 127, 127, 127, 127, 127, 127, 127, 127, 127]",esp32_1
CSI_DATA,150600,2025-07-23 16:16:20.981,0,stand,00:00:00:00:00:00,-61,11,0,0,0,0,0,0,0,0,0,-97,0,1,0,768556797,0,14,0,0,0,104,0,"[0, 0, 95, 9, 62, -8, 34, -31, 10, -60, -11, -89, -26, -115, -34, -128, -34, -128, -30, -128, -23, -128, -15, -128, -6, -128, 3, -128, 10, -128, 11, -128, 8, -117, 0, -96, -12, -80, -26, -69, -41, -61, -58, -57, -72, -58, -80, -63, -83, -72, -84, -80, 49, 54, 54, 62, 60, 75, 63, 87, 63, 96, 59, 100, 54, 102, 51, 101, 53, 97, 56, 87, 59, 73, 65, 56, 79, 39, 98, 24, 116, 10, 127, -3, 127, -11, 127, -17, 127, -18, 127, -14, 127, -7, 127, 0, 127, 8, 127, 14, 127, 22, 127, 30]",esp32_1
CSI_DATA,49138,2025-07-23 16:16:20.986,0,stand,00:00:00:00:00:00,-75,11,0,0,0,0,0,0,0,0,0,-97,0,1,0,3683900756,0,14,0,0,0,104,0,"[0, 0, 41, -128, 37, -128, 37, -115, 43, -72, 51, -17, 61, 37, 69, 93, 76, 127, 96, 127, 122, 127, 127, 127, 127, 127, 127, 127, 127, 127, 127, 127, 127, 127, 116, 127, 98, 127, 85, 127, 71, 127, 56, 102, 40, 54, 24, 9, 12, -35, 1, -67, 43, 18, 43, 17, 40, 14, 35, 11, 30, 14, 23, 25, 17, 33, 20, 37, 22, 40, 23, 44, 27, 46, 24, 40, 17, 32, 23, 24, 31, 15, 32, 3, 39, -14, 51, -35, 59, -59, 63, -87, 61, -112, 53, -128, 53, -128, 53, -128, 44, -128, 35, -128]",esp32_2
CSI_DATA,150601,2025-07-23 16:16:21.012,0,stand,00:00:00:00:00:00,-62,11,0,0,0,0,0,0,0,0,0,-97,0,1,0,768581842,0,14,0,0,0,104,0,"[0, 0, -68, -69, -52, -30, -43, 8, -37, 47, -35, 85, -40, 117, -49, 127, -61, 127, -76, 127, -88, 127, -95, 127, -98, 127, -100, 127, -98, 127, -86, 116, -68, 97, -48, 82, -28, 74, -6, 71, 14, 71, 31, 76, 43, 83, 49, 92, 50, 104, 48, 112, 11, -78, 14, -88, 17, -100, 23, -110, 32, -118, 39, -121, 44, -119, 45, -115, 40, -109, 28, -103, 13, -96, -4, -86, -27, -80, -55, -79, -81, -84, -105, -91, -128, -102, -128, -113, -128, -125, -128, -128, -128, -128, -128, -128, -128, -128, -128, -128, -128, -128, -128, -128]",esp32_1
CSI_DATA,49139,2025-07-23 16:16:21.019,0,stand,00:00:00:00:00:00,-75,11,0,0,0,0,0,0,0,0,0,-97,0,1,0,3683932850,0,14,0,0,0,104,0,"[0, 0, -5, -128, 2, -128, 15, -110, 29, -59, 47, -10, 65, 44, 83, 104, 103, 127, 122, 127, 127, 127, 127, 127, 127, 127, 127, 127, 127, 127, 127, 127, 127, 127, 127, 127, 114, 127, 92, 127, 71, 127, 56, 97, 41, 44, 25, -7, 13, -50, 4, -78, 47, 15, 43, 15, 39, 14, 38, 11, 39, 10, 33, 10, 22, 15, 21, 22, 29, 22, 35, 19, 40, 21, 36, 17, 30, 8, 38, 0, 47, -8, 49, -15, 49, -36, 48, -66, 44, -90, 41, -110, 38, -128, 30, -128, 20, -128, 10, -128, 3, -128, 1, -128]",esp32_2
CSI_DATA,150602,2025-07-23 16:16:21.030,0,stand,00:00:00:00:00:00,-62,11,0,0,0,0,0,0,0,0,0,-97,0,1,0,768606577,0,14,0,0,0,104,0,"[0, 0, -88, -29, -57, -2, -31, 27, -11, 61, 4, 92, 13, 120, 16, 127, 13, 127, 7, 127, 0, 127, -6, 127, -14, 127, -22, 127, -28, 127, -27, 127, -19, 110, -9, 90, 5, 73, 23, 60, 40, 51, 57, 47, 73, 49, 83, 55, 89, 64, 90, 72, -24, -69, -24, -80, -26, -94, -25, -106, -21, -115, -16, -120, -10, -120, -6, -117, -9, -110, -17, -100, -25, -88, -37, -73, -56, -58, -79, -46, -102, -38, -124, -33, -128, -30, -128, -29, -128, -32, -128, -38, -128, -47, -128, -57, -128, -65, -128, -69, -128, -72, -128, -76]",esp32_1
CSI_DATA,49140,2025-07-23 16:16:21.041,0,stand,00:00:00:00:00:00,-74,11,0,0,0,0,0,0,0,0,0,-97,0,1,0,3683933752,0,14,0,0,0,104,0,"[0, 0, -100, 127, -90, 119, -85, 76, -68, 32, -47, -18, -30, -76, -10, -128, 8, -128, 20, -128, 23, -128, 17, -128, 20, -128, 32, -128, 40, -128, 40, -128, 36, -128, 34, -128, 31, -128, 23, -128, 12, -128, 2, -107, -7, -55, -22, -12, -41, 29, -53, 59, -22, -41, -24, -39, -24, -36, -20, -32, -16, -33, -16, -33, -18, -32, -19, -36, -14, -38, -11, -34, -18, -33, -20, -32, -17, -25, -23, -17, -36, -12, -50, -8, -66, 5, -78, 27, -86, 50, -95, 69, -109, 91, -122, 118, -127, 127, -126, 127, -126, 127, -127, 127]",esp32_2
CSI_DATA,150603,2025-07-23 16:16:21.063,0,stand,00:00:00:00:00:00,-62,11,0,0,0,0,0,0,0,0,0,-97,0,1,0,768642296,0,14,0,0,0,104,0,"[0, 0, 23, 87, 25, 43, 34, -2, 45, -42, 60, -75, 76, -104, 95, -126, 115, -128, 127, -128, 127, -128, 127, -128, 127, -127, 127, -114, 127, -99, 114, -84, 91, -71, 67, -63, 42, -61, 18, -65, -4, -70, -21, -78, -32, -88, -37, -99, -36, -113, -31, -123, -56, 54, -64, 61, -74, 68, -85, 73, -97, 74, -106, 72, -109, 70, -107, 67, -98, 63, -84, 62, -67, 66, -46, 70, -22, 76, 3, 87, 25, 103, 44, 124, 64, 127, 83, 127, 96, 127, 102, 127, 102, 127, 101, 127, 95, 127, 85, 127, 71, 127, 59, 127]",esp32_1
CSI_DATA,49141,2025-07-23 16:16:21.063,0,stand,00:00:00:00:00:00,-74,11,0,0,0,0,0,0,0,0,0,-97,0,1,0,3683938527,0,14,0,0,0,104,0,"[0, 0, 127, -116, 119, -86, 96, -48, 65, -9, 30, 36, -11, 83, -44, 127, -73, 127, -104, 127, -127, 127, -128, 127, -128, 127, -128, 127, -128, 127, -128, 127, -128, 127, -128, 127, -128, 127, -106, 127, -76, 127, -43, 101, -8, 56, 27, 16, 58, -16, 77, -39, 19, 42, 11, 38, 8, 38, 7, 38, 4, 33, 3, 26, 5, 22, 8, 25, 6, 31, 5, 28, 7, 22, 7, 18, 14, 17, 30, 17, 41, 13, 54, 9, 72, 0, 92, -16, 105, -33, 118, -50, 127, -72, 127, -96, 127, -112, 127, -126, 127, -128, 127, -128]",esp32_2
CSI_DATA,49142,2025-07-23 16:16:21.092,0,stand,00:00:00:00:00:00,-74,11,0,0,0,0,0,0,0,0,0,-97,0,1,0,3683948499,0,14,0,0,0,104,0,"[0, 0, -59, -128, -37, -128, -15, -101, 17, -58, 49, -13, 78, 27, 115, 68, 127, 110, 127, 127, 127, 127, 127, 127, 127, 127, 127, 127, 127, 127, 127, 127, 127, 127, 127, 127, 127, 127, 127, 127, 119, 97, 80, 59, 49, 28, 19, -12, -8, -52, -26, -76, 45, 10, 43, 8, 37, 11, 31, 9, 32, 6, 33, 7, 29, 8, 25, 9, 28, 11, 31, 9, 28, 8, 25, 4, 29, -7, 32, -20, 27, -31, 15, -42, 12, -59, 20, -82, 17, -101, 3, -119, -10, -128, -21, -128, -35, -128, -51, -128, -64, -128, -73, -128]",esp32_2
CSI_DATA,150604,2025-07-23 16:16:21.096,0,stand,00:00:00:00:00:00,-62,11,0,0,0,0,0,0,0,0,0,-97,0,1,0,768666667,0,14,0,0,0,104,0,"[0, 0, -85, 8, -46, 19, -12, 36, 17, 60, 41, 84, 60, 106, 73, 127, 80, 127, 79, 127, 75, 127, 68, 127, 58, 127, 47, 127, 37, 127, 30, 125, 28, 102, 28, 79, 34, 58, 44, 39, 56, 24, 71, 14, 85, 9, 96, 9, 105, 16, 108, 23, -46, -53, -52, -63, -57, -76, -60, -88, -61, -97, -58, -103, -53, -105, -48, -103, -47, -96, -49, -86, -53, -71, -59, -52, -70, -34, -85, -16, -101, 3, -119, 20, -128, 33, -128, 42, -128, 47, -128, 49, -128, 46, -128, 39, -128, 32, -128, 26, -128, 18, -128, 7]",esp32_1
CSI_DATA,49143,2025-07-23 16:16:21.117,0,stand,00:00:00:00:00:00,-75,11,0,0,0,0,0,0,0,0,0,-97,0,1,0,3684001365,0,14,0,0,0,104,0,"[0, 0, -128, -110, -96, -90, -52, -67, -6, -36, 39, 3, 88, 36, 127, 65, 127, 95, 127, 123, 127, 127, 127, 127, 127, 127, 127, 127, 127, 127, 127, 127, 127, 127, 127, 127, 127, 127, 127, 125, 108, 88, 78, 43, 51, 1, 25, -37, 3, -75, -11, -106, 34, -31, 32, -25, 32, -22, 29, -22, 25, -24, 19, -21, 12, -20, 10, -23, 10, -23, 6, -21, 5, -24, 7, -35, 4, -55, -1, -74, -9, -78, -28, -77, -44, -88, -54, -103, -67, -115, -85, -125, -107, -128, -126, -128, -128, -128, -128, -128, -128, -128, -128, -128]",esp32_2
CSI_DATA,49144,2025-07-23 16:16:21.150,0,stand,00:00:00:00:00:00,-74,11,0,0,0,0,0,0,0,0,0,-97,0,1,0,3684001713,0,14,0,0,0,104,0,"[0, 0, 97, -128, 82, -92, 58, -50, 29, -3, 2, 42, -22, 86, -47, 127, -77, 127, -103, 127, -123, 127, -128, 127, -128, 127, -128, 127, -128, 127, -128, 127, -128, 127, -128, 127, -124, 127, -96, 127, -63, 118, -29, 80, 4, 44, 39, 16, 70, -6, 92, -30, 25, 30, 28, 31, 22, 31, 14, 27, 15, 19, 17, 12, 17, 8, 23, 5, 33, 2, 39, 1, 42, 4, 41, 2, 40, -6, 49, -14, 64, -23, 74, -29, 81, -39, 95, -59, 107, -82, 112, -104, 115, -122, 119, -128, 125, -128, 127, -128, 127, -128, 123, -128]",esp32_2
CSI_DATA,150606,2025-07-23 16:16:21.182,0,stand,00:00:00:00:00:00,-62,11,0,0,0,0,0,0,0,0,0,-97,0,1,0,769347863,0,14,0,0,0,104,0,"[0, 0, -67, 65, -28, 45, 13, 29, 49, 22, 83, 20, 116, 22, 127, 27, 127, 32, 127, 39, 127, 50, 127, 62, 127, 70, 127, 72, 127, 71, 126, 65, 105, 54, 84, 38, 69, 18, 61, -2, 55, -22, 55, -41, 59, -54, 66, -65, 76, -71, 85, -72, -74, -17, -84, -20, -95, -28, -105, -35, -113, -41, -115, -45, -113, -48, -109, -49, -102, -46, -96, -36, -90, -20, -83, -2, -79, 18, -81, 44, -84, 73, -86, 102, -94, 127, -106, 127, -118, 127, -128, 127, -128, 127, -128, 127, -128, 127, -128, 127, -128, 127, -128, 127]",esp32_1
CSI_DATA,150607,2025-07-23 16:16:21.214,0,stand,00:00:00:00:00:00,-62,11,0,0,0,0,0,0,0,0,0,-97,0,1,0,769357823,0,14,0,0,0,104,0,"[0, 0, 2, -99, -13, -56, -34, -14, -56, 21, -78, 51, -102, 74, -128, 89, -128, 97, -128, 98, -128, 94, -128, 87, -128, 77, -128, 64, -128, 52, -128, 41, -121, 35, -95, 35, -70, 40, -48, 49, -29, 60, -16, 71, -9, 83, -6, 97, -10, 110, -15, 116, 65, -44, 75, -48, 86, -53, 98, -57, 110, -57, 118, -52, 120, -48, 118, -46, 110, -45, 97, -47, 81, -55, 61, -63, 41, -74, 21, -91, 3, -114, -14, -128, -27, -128, -37, -128, -44, -128, -45, -128, -40, -128, -34, -128, -26, -128, -17, -128, -7, -128, 1, -128]",esp32_1
CSI_DATA,150608,2025-07-23 16:16:21.243,0,stand,00:00:00:00:00:00,-62,11,0,0,0,0,0,0,0,0,0,-97,0,1,0,769370214,0,14,0,0,0,104,0,"[0, 0, 52, -82, 16, -54, -22, -31, -58, -18, -94, -10, -128, -6, -128, -7, -128, -11, -128, -21, -128, -33, -128, -45, -128, -55, -128, -59, -128, -60, -128, -55, -119, -46, -96, -31, -80, -13, -67, 7, -59, 26, -58, 42, -61, 58, -67, 71, -76, 78, -83, 79, 79, -7, 89, -5, 100, -2, 111, 3, 121, 9, 127, 13, 126, 15, 121, 15, 115, 12, 108, 5, 98, -9, 86, -27, 77, -44, 72, -67, 68, -97, 66, -128, 69, -128, 77, -128, 85, -128, 95, -128, 105, -128, 116, -128, 125, -128, 127, -128, 127, -128, 125, -128]",esp32_1
CSI_DATA,150609,2025-07-23 16:16:21.273,0,stand,00:00:00:00:00:00,-62,11,0,0,0,0,0,0,0,0,0,-97,0,1,0,769377803,0,14,0,0,0,104,0,"[0, 0, -95, -26, -56, -3, -20, 24, 9, 59, 31, 96, 45, 127, 51, 127, 52, 127, 49, 127, 42, 127, 33, 127, 23, 127, 13, 127, 3, 127, -3, 127, 0, 123, 6, 98, 16, 76, 30, 56, 47, 41, 64, 32, 81, 29, 95, 32, 103, 39, 107, 45, -23, -73, -25, -84, -27, -100, -26, -114, -23, -123, -17, -128, -12, -128, -9, -127, -12, -119, -20, -106, -30, -93, -43, -78, -61, -61, -86, -46, -113, -36, -128, -28, -128, -21, -128, -19, -128, -20, -128, -24, -128, -32, -128, -41, -128, -49, -128, -54, -128, -59, -128, -65]",esp32_1
CSI_DATA,49147,2025-07-23 16:16:21.273,0,stand,00:00:00:00:00:00,-75,11,0,0,0,0,0,0,0,0,0,-97,0,1,0,3684030205,0,14,0,0,0,104,0,"[0, 0, -48, -128, -29, -110, -13, -68, 10, -15, 36, 36, 55, 83, 77, 127, 91, 127, 97, 127, 112, 127, 126, 127, 121, 127, 112, 127, 106, 127, 96, 127, 80, 127, 67, 127, 59, 127, 48, 127, 39, 127, 40, 78, 41, 22, 43, -31, 49, -77, 55, -109, 38, 2, 39, 6, 36, 9, 25, 9, 18, 3, 19, -5, 22, -13, 22, -20, 19, -23, 17, -25, 18, -31, 13, -42, 9, -54, 9, -67, 12, -77, 18, -87, 18, -99, 9, -119, -3, -128, -16, -128, -30, -128, -39, -128, -45, -128, -56, -128, -66, -128, -72, -128]",esp32_2
CSI_DATA,49148,2025-07-23 16:16:21.298,0,stand,00:00:00:00:00:00,-74,11,0,0,0,0,0,0,0,0,0,-97,0,1,0,3684038567,0,14,0,0,0,104,0,"[0, 0, 127, -41, 97, -27, 51, -18, 4, -10, -48, 15, -102, 35, -128, 39, -128, 39, -128, 41, -128, 45, -128, 45, -128, 43, -128, 38, -128, 30, -128, 20, -128, 12, -128, 1, -128, -7, -128, -6, -126, 0, -73, 12, -29, 29, 9, 46, 44, 68, 69, 86, 10, 30, 4, 27, 3, 25, 3, 21, 0, 14, 4, 6, 13, 5, 21, 6, 20, 2, 23, 1, 34, 2, 40, 6, 45, 13, 58, 14, 75, 9, 90, 5, 105, 0, 119, -6, 127, -9, 127, -15, 127, -24, 127, -36, 127, -49, 127, -57, 127, -60, 127, -62]",esp32_2
CSI_DATA,150610,2025-07-23 16:16:21.305,0,stand,00:00:00:00:00:00,-62,11,0,0,0,0,0,0,0,0,0,-97,0,1,0,769387839,0,14,0,0,0,104,0,"[0, 0, 6, -93, -9, -52, -28, -14, -48, 18, -71, 45, -96, 68, -121, 83, -128, 92, -128, 91, -128, 85, -128, 79, -128, 71, -128, 59, -128, 48, -128, 39, -113, 33, -88, 33, -65, 38, -44, 45, -27, 54, -13, 66, -5, 80, -3, 92, -5, 103, -10, 109, 67, -34, 76, -37, 85, -38, 96, -40, 108, -40, 116, -38, 117, -36, 114, -36, 109, -35, 98, -36, 83, -44, 66, -54, 48, -65, 31, -83, 12, -106, -4, -128, -13, -128, -19, -128, -25, -128, -27, -128, -23, -128, -17, -128, -8, -128, 2, -128, 10, -128, 13, -128]",esp32_1
CSI_DATA,150611,2025-07-23 16:16:21.337,0,stand,00:00:00:00:00:00,-62,11,0,0,0,0,0,0,0,0,0,-97,0,1,0,769400617,0,14,0,0,0,104,0,"[0, 0, 85, -21, 43, -23, 4, -33, -31, -51, -64, -70, -90, -87, -109, -104, -122, -120, -128, -128, -126, -128, -119, -128, -110, -128, -96, -128, -79, -128, -66, -127, -56, -105, -49, -82, -47, -59, -51, -37, -58, -18, -70, -4, -83, 6, -93, 10, -103, 8, -110, 6, 52, 49, 58, 57, 64, 69, 69, 81, 72, 90, 70, 96, 67, 99, 65, 97, 64, 90, 65, 78, 66, 62, 71, 44, 82, 25, 96, 5, 109, -17, 124, -37, 127, -54, 127, -69, 127, -79, 127, -82, 127, -81, 127, -78, 127, -72, 127, -63, 127, -49, 127, -36]",esp32_1
CSI_DATA,49150,2025-07-23 16:16:21.394,0,stand,00:00:00:00:00:00,-74,11,0,0,0,0,0,0,0,0,0,-97,0,1,0,3684058575,0,14,0,0,0,104,0,"[0, 0, 95, 104, 65, 75, 34, 48, 3, 12, -37, -35, -72, -80, -99, -122, -128, -128, -128, -128, -128, -128, -128, -128, -128, -128, -128, -128, -128, -128, -128, -128, -128, -128, -118, -128, -94, -128, -76, -128, -65, -108, -56, -60, -45, -18, -36, 23, -37, 66, -45, 98, -29, 24, -25, 22, -24, 16, -22, 14, -15, 16, -7, 15, -3, 10, 1, 11, 5, 18, 3, 23, -2, 29, 4, 45, 15, 63, 22, 73, 29, 83, 36, 90, 41, 98, 52, 110, 68, 122, 80, 127, 90, 127, 105, 127, 124, 127, 127, 127, 127, 127, 127, 127]",esp32_2
CSI_DATA,49151,2025-07-23 16:16:21.426,0,stand,00:00:00:00:00:00,-75,11,0,0,0,0,0,0,0,0,0,-97,0,1,0,3684070215,0,14,0,0,0,104,0,"[0, 0, 76, -128, 59, -98, 42, -52, 20, -4, -11, 46, -43, 99, -75, 127, -104, 127, -124, 127, -128, 127, -128, 127, -128, 127, -128, 127, -128, 127, -128, 127, -128, 127, -128, 127, -128, 127, -113, 127, -79, 112, -44, 70, -2, 37, 38, 12, 77, -11, 102, -28, 30, 32, 23, 27, 16, 19, 12, 11, 15, 3, 19, 2, 23, 2, 26, 1, 31, -10, 38, -21, 42, -17, 40, -13, 44, -18, 60, -28, 77, -36, 83, -39, 91, -48, 102, -68, 105, -86, 111, -101, 119, -119, 122, -128, 122, -128, 119, -128, 120, -128, 121, -128]",esp32_2
CSI_DATA,150613,2025-07-23 16:16:21.431,0,stand,00:00:00:00:00:00,-62,11,0,0,0,0,0,0,0,0,0,-97,0,1,0,769417797,0,14,0,0,0,104,0,"[0, 0, 50, 82, 39, 36, 35, -9, 34, -51, 38, -89, 47, -122, 62, -128, 79, -128, 96, -128, 109, -128, 118, -128, 123, -128, 122, -128, 116, -128, 104, -113, 85, -95, 65, -81, 41, -72, 16, -68, -6, -68, -25, -71, -38, -78, -46, -87, -49, -101, -46, -110, -37, 68, -41, 78, -49, 90, -59, 99, -68, 105, -76, 107, -79, 105, -78, 101, -71, 98, -61, 94, -45, 91, -24, 87, 2, 85, 29, 89, 55, 97, 81, 111, 104, 127, 127, 127, 127, 127, 127, 127, 127, 127, 127, 127, 127, 127, 127, 127, 127, 127, 115, 127]",esp32_1
CSI_DATA,150614,2025-07-23 16:16:21.457,0,stand,00:00:00:00:00:00,-62,11,0,0,0,0,0,0,0,0,0,-97,0,1,0,769430956,0,14,0,0,0,104,0,"[0, 0, 67, -98, 21, -68, -28, -41, -75, -26, -119, -19, -128, -16, -128, -19, -128, -27, -128, -40, -128, -54, -128, -67, -128, -77, -128, -84, -128, -83, -128, -76, -128, -63, -120, -44, -99, -21, -85, 6, -77, 30, -77, 51, -81, 71, -87, 86, -100, 92, -110, 92, 99, -3, 110, -2, 125, 2, 127, 8, 127, 14, 127, 21, 127, 27, 127, 28, 127, 24, 127, 14, 121, -4, 107, -26, 97, -49, 92, -79, 84, -115, 79, -128, 86, -128, 100, -128, 113, -128, 127, -128, 127, -128, 127, -128, 127, -128, 127, -128, 127, -128, 127, -128]",esp32_1
CSI_DATA,49152,2025-07-23 16:16:21.457,0,stand,00:00:00:00:00:00,-75,11,0,0,0,0,0,0,0,0,0,-97,0,1,0,3684078510,0,14,0,0,0,104,0,"[0, 0, 127, -58, 98, -40, 59, -18, 9, 4, -43, 30, -99, 50, -128, 66, -128, 80, -128, 88, -128, 97, -128, 104, -128, 100, -128, 94, -128, 91, -128, 79, -128, 66, -128, 52, -128, 39, -128, 32, -128, 30, -77, 34, -31, 42, 14, 51, 59, 61, 89, 70, 1, 38, 2, 31, 1, 24, 0, 17, 1, 13, 5, 14, 9, 13, 22, 12, 35, 12, 42, 6, 51, 2, 57, 10, 58, 18, 67, 18, 81, 21, 95, 23, 113, 10, 126, -6, 127, -11, 127, -15, 127, -28, 127, -40, 127, -51, 127, -63, 127, -65, 127, -64]",esp32_2
CSI_DATA,49153,2025-07-23 16:16:21.485,0,stand,00:00:00:00:00:00,-75,11,0,0,0,0,0,0,0,0,0,-97,0,1,0,3684088520,0,14,0,0,0,104,0,"[0, 0, 76, -126, 59, -83, 30, -51, 2, -11, -29, 38, -61, 84, -87, 127, -114, 127, -128, 127, -128, 127, -128, 127, -128, 127, -128, 127, -128, 127, -128, 127, -128, 127, -128, 127, -128, 127, -128, 127, -88, 107, -49, 73, -7, 52, 40, 37, 82, 22, 108, 11, 35, 28, 28, 19, 23, 13, 16, 7, 14, 2, 19, -3, 21, -9, 25, -10, 29, -10, 33, -17, 40, -20, 44, -19, 46, -25, 58, -37, 72, -51, 81, -63, 89, -70, 96, -83, 102, -100, 106, -115, 104, -128, 105, -128, 108, -128, 111, -128, 110, -128, 103, -128]",esp32_2
CSI_DATA,150615,2025-07-23 16:16:21.489,0,stand,00:00:00:00:00:00,-62,11,0,0,0,0,0,0,0,0,0,-97,0,1,0,769437802,0,14,0,0,0,104,0,"[0, 0, -87, -47, -56, -14, -31, 21, -10, 60, 4, 98, 13, 127, 13, 127, 6, 127, -3, 127, -12, 127, -20, 127, -30, 127, -38, 127, -42, 127, -41, 127, -33, 123, -22, 101, -6, 82, 14, 68, 36, 56, 55, 51, 70, 51, 81, 56, 88, 66, 90, 75, -7, -79, -6, -90, -6, -105, -4, -118, 2, -127, 10, -128, 15, -128, 17, -128, 13, -120, 4, -110, -7, -99, -23, -87, -47, -75, -74, -66, -99, -61, -125, -58, -128, -60, -128, -65, -128, -70, -128, -79, -128, -88, -128, -99, -128, -108, -128, -112, -128, -112, -128, -112]",esp32_1
CSI_DATA,49154,2025-07-23 16:16:21.508,0,stand,00:00:00:00:00:00,-75,11,0,0,0,0,0,0,0,0,0,-97,0,1,0,3684103855,0,14,0,0,0,104,0,"[0, 0, -127, -95, -90, -73, -52, -47, -22, -12, 17, 24, 72, 63, 123, 106, 127, 127, 127, 127, 127, 127, 127, 127, 127, 127, 127, 127, 127, 127, 127, 127, 127, 127, 127, 127, 127, 127, 112, 127, 91, 124, 70, 74, 56, 19, 52, -36, 51, -80, 50, -110, 14, -41, 16, -36, 17, -29, 13, -23, 4, -20, -1, -17, -4, -20, -8, -27, -12, -31, -17, -40, -18, -48, -20, -55, -26, -65, -29, -75, -31, -80, -37, -83, -49, -95, -62, -110, -78, -113, -100, -113, -120, -120, -128, -128, -128, -128, -128, -128, -128, -125, -128, -128]",esp32_2
CSI_DATA,150616,2025-07-23 16:16:21.521,0,stand,00:00:00:00:00:00,-62,11,0,0,0,0,0,0,0,0,0,-97,0,1,0,769447765,0,14,0,0,0,104,0,"[0, 0, 5, 99, 17, 58, 39, 20, 59, -13, 81, -41, 106, -63, 127, -78, 127, -86, 127, -87, 127, -82, 127, -75, 127, -65, 127, -53, 127, -43, 127, -34, 121, -27, 96, -27, 75, -35, 56, -45, 38, -57, 25, -69, 19, -82, 20, -95, 25, -107, 29, -115, -62, 48, -71, 54, -83, 59, -95, 62, -107, 63, -114, 62, -116, 60, -115, 58, -108, 57, -97, 58, -82, 64, -63, 70, -42, 77, -23, 92, -4, 113, 13, 127, 28, 127, 39, 127, 45, 127, 47, 127, 45, 127, 39, 127, 30, 127, 20, 127, 9, 127, 3, 127]",esp32_1
CSI_DATA,49155,2025-07-23 16:16:21.538,0,stand,00:00:00:00:00:00,-74,11,0,0,0,0,0,0,0,0,0,-97,0,1,0,3684108509,0,14,0,0,0,104,0,"[0, 0, -61, -85, -46, -60, -29, -36, -9, -7, 12, 26, 29, 58, 45, 94, 58, 127, 70, 127, 84, 127, 93, 127, 89, 127, 81, 127, 76, 127, 69, 127, 58, 127, 47, 127, 38, 127, 31, 125, 27, 90, 27, 56, 32, 24, 37, -7, 44, -34, 49, -51, 17, -17, 16, -16, 14, -14, 11, -13, 11, -13, 9, -11, 2, -10, -4, -14, -6, -17, -6, -19, -5, -25, -6, -37, -7, -49, -6, -57, -11, -63, -19, -69, -21, -76, -20, -83, -26, -89, -35, -92, -45, -99, -54, -110, -65, -115, -77, -112, -83, -118, -82, -128]",esp32_2
CSI_DATA,150617,2025-07-23 16:16:21.553,0,stand,00:00:00:00:00:00,-62,11,0,0,0,0,0,0,0,0,0,-97,0,1,0,769459116,0,14,0,3,12,104,0,"[0, 0, -53, -72, -39, -32, -33, 9, -30, 50, -29, 86, -35, 117, -47, 127, -62, 127, -76, 127, -88, 127, -97, 127, -103, 127, -104, 127, -101, 127, -90, 117, -73, 99, -55, 83, -35, 71, -13, 65, 8, 63, 25, 64, 38, 70, 48, 78, 51, 88, 49, 96, 31, -66, 35, -75, 40, -86, 47, -94, 57, -100, 64, -104, 67, -103, 66, -101, 60, -96, 50, -92, 36, -91, 16, -87, -8, -83, -34, -87, -60, -96, -83, -106, -105, -120, -128, -128, -128, -128, -128, -128, -128, -128, -128, -128, -128, -128, -128, -128, -128, -128, -115, -128]",esp32_1
CSI_DATA,49156,2025-07-23 16:16:21.562,0,stand,00:00:00:00:00:00,-75,11,0,0,0,0,0,0,0,0,0,-97,0,1,0,3684118533,0,14,0,0,0,104,0,"[0, 0, 90, -128, 75, -105, 49, -69, 15, -28, -23, 24, -61, 80, -103, 121, -128, 127, -128, 127, -128, 127, -128, 127, -128, 127, -128, 127, -128, 127, -128, 127, -128, 127, -128, 127, -128, 127, -128, 114, -121, 95, -70, 74, -19, 59, 27, 57, 68, 57, 97, 56, 40, 24, 39, 15, 34, 13, 25, 14, 18, 5, 18, -7, 20, -13, 26, -17, 33, -21, 40, -27, 50, -34, 51, -30, 52, -20, 61, -26, 71, -40, 85, -52, 98, -66, 104, -83, 104, -96, 107, -110, 113, -128, 117, -128, 123, -128, 123, -128, 115, -128, 108, -128]",esp32_2
CSI_DATA,150618,2025-07-23 16:16:21.582,0,stand,00:00:00:00:00:00,-62,11,0,0,0,0,0,0,0,0,0,-97,0,1,0,769467777,0,14,0,0,0,104,0,"[0, 0, -88, 38, -45, 32, -1, 30, 39, 38, 74, 49, 102, 61, 126, 75, 127, 88, 127, 103, 127, 118, 127, 127, 127, 127, 127, 127, 111, 121, 94, 107, 79, 89, 67, 67, 59, 45, 58, 22, 60, 1, 65, -16, 75, -29, 87, -36, 97, -37, 104, -36, -61, -41, -68, -49, -76, -60, -84, -70, -89, -78, -90, -84, -86, -89, -82, -89, -80, -82, -78, -70, -76, -54, -77, -36, -83, -16, -93, 8, -103, 36, -114, 62, -128, 84, -128, 101, -128, 114, -128, 121, -128, 123, -128, 123, -128, 118, -128, 107, -128, 92, -128, 76]",esp32_1
CSI_DATA,49157,2025-07-23 16:16:21.592,0,stand,00:00:00:00:00:00,-75,11,0,0,0,0,0,0,0,0,0,-97,0,1,0,3684129890,0,14,0,0,0,104,0,"[0, 0, -104, 127, -86, 99, -52, 59, -20, 12, 10, -28, 52, -69, 93, -119, 127, -128, 127, -128, 127, -128, 127, -128, 127, -128, 127, -128, 127, -128, 127, -128, 127, -128, 127, -128, 127, -128, 127, -128, 121, -112, 70, -84, 18, -61, -32, -43, -75, -37, -104, -38, -25, -29, -28, -24, -26, -20, -24, -17, -25, -10, -25, -5, -27, -3, -34, 1, -38, 1, -45, 3, -62, 8, -66, 7, -61, 3, -72, 4, -88, 11, -95, 22, -106, 31, -116, 41, -116, 53, -116, 68, -127, 91, -128, 116, -128, 127, -128, 127, -128, 127, -128, 127]",esp32_2
CSI_DATA,150619,2025-07-23 16:16:21.604,0,stand,00:00:00:00:00:00,-62,11,0,0,0,0,0,0,0,0,0,-97,0,1,0,769477780,0,14,0,0,0,104,0,"[0, 0, -50, 78, -18, 47, 19, 22, 54, 6, 86, -5, 116, -13, 127, -14, 127, -13, 127, -8, 127, 1, 127, 10, 127, 19, 127, 27, 127, 30, 127, 29, 116, 23, 94, 12, 75, -3, 60, -20, 50, -37, 46, -53, 44, -68, 46, -80, 53, -88, 60, -93, -74, 1, -85, -3, -96, -8, -107, -12, -116, -18, -121, -23, -120, -26, -116, -26, -110, -22, -101, -13, -91, 1, -80, 18, -71, 36, -65, 59, -61, 86, -60, 116, -64, 127, -70, 127, -76, 127, -83, 127, -93, 127, -104, 127, -111, 127, -112, 127, -110, 127, -108, 127]",esp32_1
CSI_DATA,49158,2025-07-23 16:16:21.616,0,stand,00:00:00:00:00:00,-75,11,0,0,0,0,0,0,0,0,0,-97,0,1,0,3684138501,0,14,0,0,0,104,0,"[0, 0, -128, -15, -114, -8, -75, -4, -28, -5, 30, -4, 92, 8, 127, 22, 127, 30, 127, 38, 127, 49, 127, 62, 127, 76, 127, 95, 127, 110, 127, 110, 127, 106, 127, 105, 127, 96, 127, 77, 127, 49, 109, 17, 65, -14, 30, -44, 10, -78, -3, -105, -5, -40, -2, -35, -1, -29, -4, -20, -10, -14, -14, -9, -19, -4, -26, -4, -30, -10, -33, -15, -40, -16, -44, -26, -47, -40, -59, -47, -72, -51, -82, -53, -91, -52, -99, -55, -114, -51, -126, -44, -128, -38, -128, -31, -128, -25, -128, -15, -128, -4, -128, 1]",esp32_2
CSI_DATA,49159,2025-07-23 16:16:21.636,0,stand,00:00:00:00:00:00,-75,11,0,0,0,0,0,0,0,0,0,-97,0,1,0,3684180970,0,14,0,0,0,104,0,"[0, 0, 127, 77, 127, 61, 91, 42, 41, 13, -9, -16, -59, -47, -110, -80, -128, -111, -128, -128, -128, -128, -128, -128, -128, -128, -128, -128, -128, -128, -128, -128, -128, -128, -128, -128, -128, -128, -128, -128, -114, -128, -97, -91, -84, -44, -72, -2, -67, 38, -72, 68, 18, 31, 15, 22, 15, 18, 15, 18, 20, 18, 30, 13, 35, 11, 30, 15, 27, 24, 31, 32, 30, 41, 28, 54, 35, 63, 45, 72, 54, 85, 58, 91, 58, 93, 67, 96, 86, 97, 103, 97, 114, 91, 127, 86, 127, 88, 127, 86, 127, 81, 127, 82]",esp32_2
CSI_DATA,49160,2025-07-23 16:16:21.657,0,stand,00:00:00:00:00:00,-75,11,0,0,0,0,0,0,0,0,0,-97,0,1,0,3684205467,0,14,0,0,0,104,0,"[0, 0, 126, 127, 100, 117, 79, 90, 46, 45, 4, -4, -33, -54, -61, -110, -79, -128, -101, -128, -125, -128, -128, -128, -128, -128, -128, -128, -126, -128, -111, -128, -97, -128, -75, -128, -54, -128, -42, -128, -44, -128, -53, -128, -61, -83, -70, -38, -87, 3, -109, 33, 2, 35, 6, 36, 3, 31, 5, 24, 14, 23, 18, 24, 21, 28, 22, 35, 19, 47, 19, 57, 15, 58, 8, 65, 2, 76, 2, 82, 4, 85, 2, 94, 4, 105, 14, 116, 30, 124, 43, 127, 61, 127, 84, 127, 103, 127, 125, 127, 127, 127, 127, 127]",esp32_2
CSI_DATA,49161,2025-07-23 16:16:21.680,0,stand,00:00:00:00:00:00,-75,11,0,0,0,0,0,0,0,0,0,-97,0,1,0,3684230489,0,14,0,0,0,104,0,"[0, 0, -128, 77, -124, 57, -89, 40, -52, 20, -1, -3, 52, -27, 100, -46, 127, -61, 127, -69, 127, -60, 127, -46, 127, -45, 127, -43, 127, -34, 127, -23, 127, -13, 127, -3, 127, -1, 127, -6, 127, -4, 127, -12, 100, -34, 67, -58, 35, -82, 10, -98, -41, 1, -48, 8, -52, 14, -56, 14, -56, 18, -55, 24, -66, 21, -79, 24, -75, 29, -68, 20, -77, 19, -85, 12, -82, -6, -88, -8, -106, -2, -116, -2, -119, -4, -120, 1, -123, 10, -128, 19, -128, 36, -128, 65, -128, 86, -128, 99, -128, 109, -128, 115]",esp32_2
CSI_DATA,150621,2025-07-23 16:16:21.695,0,stand,00:00:00:00:00:00,-63,11,0,0,0,0,0,0,0,0,0,-97,0,1,0,769498588,0,14,0,0,0,104,0,"[0, 0, -28, 82, -4, 48, 24, 18, 54, -3, 86, -21, 114, -34, 127, -42, 127, -46, 127, -43, 127, -36, 127, -26, 127, -17, 127, -8, 127, -2, 127, 1, 117, -1, 92, -7, 70, -15, 55, -28, 45, -42, 37, -58, 34, -73, 34, -85, 38, -94, 45, -98, -68, 22, -79, 23, -90, 22, -101, 20, -111, 19, -116, 18, -118, 12, -116, 9, -109, 11, -101, 16, -88, 27, -73, 40, -60, 55, -47, 76, -34, 100, -24, 124, -19, 127, -19, 127, -22, 127, -29, 127, -37, 127, -46, 127, -53, 127, -57, 127, -62, 127, -64, 127]",esp32_1
CSI_DATA,49162,2025-07-23 16:16:21.699,0,stand,00:00:00:00:00:00,-75,11,0,0,0,0,0,0,0,0,0,-97,0,1,0,3684268402,0,14,0,0,0,104,0,"[0, 0, -128, -86, -128, -75, -94, -54, -57, -24, -7, 0, 47, 25, 97, 60, 127, 102, 127, 127, 127, 127, 127, 127, 127, 127, 127, 127, 127, 127, 127, 127, 127, 127, 127, 127, 127, 127, 127, 127, 127, 127, 110, 96, 96, 54, 90, 7, 88, -37, 86, -67, -38, -34, -32, -26, -28, -17, -32, -12, -39, -10, -43, -9, -47, -12, -47, -15, -44, -24, -40, -40, -37, -54, -41, -66, -49, -73, -51, -73, -46, -72, -44, -72, -51, -79, -60, -93, -75, -96, -93, -89, -110, -85, -128, -88, -128, -96, -128, -96, -128, -95, -128, -103]",esp32_2
CSI_DATA,150622,2025-07-23 16:16:21.721,0,stand,00:00:00:00:00:00,-62,11,0,0,0,0,0,0,0,0,0,-97,0,1,0,769507792,0,14,0,0,0,104,0,"[0, 0, -74, 69, -32, 54, 10, 41, 48, 35, 83, 38, 116, 45, 127, 53, 127, 63, 127, 76, 127, 90, 127, 103, 127, 110, 127, 110, 127, 105, 116, 95, 98, 81, 82, 60, 71, 37, 66, 14, 64, -6, 69, -24, 76, -37, 85, -46, 96, -49, 105, -49, -76, -16, -87, -20, -99, -27, -111, -35, -119, -42, -120, -46, -118, -49, -114, -50, -109, -47, -104, -38, -96, -22, -89, -5, -87, 14, -90, 39, -92, 70, -95, 99, -105, 126, -120, 127, -128, 127, -128, 127, -128, 127, -128, 127, -128, 127, -128, 127, -128, 127, -128, 127]",esp32_1
CSI_DATA,49163,2025-07-23 16:16:21.727,0,stand,00:00:00:00:00:00,-76,11,0,0,0,0,0,0,0,0,0,-97,0,1,0,3684307374,0,14,0,0,0,104,0,"[0, 0, -6, 127, -10, 127, -14, 111, -14, 62, -6, 6, 3, -52, 8, -108, 20, -128, 36, -128, 52, -128, 75, -128, 96, -128, 109, -128, 119, -128, 127, -128, 127, -128, 126, -128, 114, -128, 99, -128, 73, -128, 37, -128, 0, -103, -36, -73, -71, -51, -95, -36, -21, 29, -13, 34, -6, 33, -6, 33, -4, 42, 0, 47, -3, 47, -13, 51, -21, 59, -26, 63, -32, 61, -34, 56, -36, 56, -47, 56, -61, 55, -66, 57, -62, 60, -63, 72, -60, 92, -49, 102, -38, 115, -34, 127, -30, 127, -14, 127, 2, 127, 6, 127]",esp32_2
CSI_DATA,49164,2025-07-23 16:16:21.743,0,stand,00:00:00:00:00:00,-76,11,0,0,0,0,0,0,0,0,0,-97,0,1,0,3684341424,0,14,0,0,0,104,0,"[0, 0, 127, 4, 127, 12, 110, 12, 62, 15, 8, 15, -50, 15, -109, 16, -128, 11, -128, 3, -128, -6, -128, -14, -128, -22, -128, -29, -128, -37, -128, -45, -128, -49, -128, -48, -128, -45, -128, -35, -128, -19, -128, 2, -100, 24, -59, 49, -23, 77, 1, 96, 34, 26, 34, 22, 35, 19, 38, 18, 39, 14, 45, 7, 52, 8, 52, 16, 49, 23, 47, 27, 44, 38, 42, 48, 38, 57, 34, 66, 40, 70, 49, 64, 55, 56, 59, 53, 71, 54, 92, 49, 112, 41, 127, 33, 127, 22, 127, 11, 127, 5, 127, 4]",esp32_2
CSI_DATA,150623,2025-07-23 16:16:21.754,0,stand,00:00:00:00:00:00,-62,11,0,0,0,0,0,0,0,0,0,-97,0,1,0,769518768,0,14,0,0,0,104,0,"[0, 0, 77, 55, 53, 18, 37, -21, 23, -61, 15, -98, 12, -128, 17, -128, 28, -128, 40, -128, 49, -128, 57, -128, 63, -128, 69, -128, 70, -128, 66, -128, 55, -117, 38, -98, 19, -85, -2, -75, -23, -68, -42, -67, -57, -69, -66, -75, -70, -85, -70, -93, -6, 77, -8, 87, -11, 100, -14, 113, -19, 122, -26, 127, -31, 125, -31, 122, -26, 115, -16, 108, -3, 101, 15, 90, 38, 80, 65, 75, 91, 75, 115, 76, 127, 83, 127, 91, 127, 99, 127, 108, 127, 120, 127, 127, 127, 127, 127, 127, 127, 127, 127, 127]",esp32_1
CSI_DATA,49165,2025-07-23 16:16:21.774,0,stand,00:00:00:00:00:00,-75,11,0,0,0,0,0,0,0,0,0,-97,0,1,0,3684369437,0,14,0,0,0,104,0,"[0, 0, -128, -52, -128, -42, -112, -32, -61, -21, -6, -5, 53, 10, 110, 25, 127, 41, 127, 60, 127, 89, 127, 119, 127, 127, 127, 127, 127, 127, 127, 127, 127, 127, 127, 127, 127, 127, 127, 123, 127, 89, 127, 50, 103, 12, 73, -26, 49, -67, 34, -100, -32, -28, -34, -28, -37, -25, -43, -22, -45, -22, -43, -19, -43, -19, -48, -23, -50, -25, -48, -31, -44, -41, -40, -53, -37, -59, -37, -59, -42, -60, -50, -63, -53, -69, -55, -72, -72, -68, -98, -60, -117, -55, -128, -51, -128, -46, -128, -42, -128, -43, -128, -47]",esp32_2
CSI_DATA,150624,2025-07-23 16:16:21.775,0,stand,00:00:00:00:00:00,-62,11,0,0,0,0,0,0,0,0,0,-97,0,1,0,769527822,0,14,0,0,0,104,0,"[0, 0, 86, -49, 43, -43, 2, -42, -38, -51, -73, -63, -102, -77, -127, -93, -128, -107, -128, -121, -128, -128, -128, -128, -128, -128, -127, -128, -108, -128, -92, -122, -78, -102, -67, -80, -61, -55, -59, -32, -64, -12, -74, 4, -85, 17, -95, 23, -106, 23, -114, 19, 69, 35, 76, 43, 86, 54, 95, 64, 100, 74, 100, 80, 97, 84, 95, 85, 91, 78, 88, 67, 85, 50, 83, 30, 88, 6, 98, -18, 106, -45, 114, -71, 127, -96, 127, -115, 127, -126, 127, -128, 127, -128, 127, -128, 127, -128, 127, -122, 127, -104, 127, -87]",esp32_1
CSI_DATA,49166,2025-07-23 16:16:21.797,0,stand,00:00:00:00:00:00,-75,11,0,0,0,0,0,0,0,0,0,-97,0,1,0,3684415558,0,14,0,0,0,104,0,"[0, 0, -128, -126, -101, -105, -68, -83, -35, -58, 4, -21, 52, 22, 98, 67, 127, 118, 127, 127, 127, 127, 127, 127, 127, 127, 127, 127, 127, 127, 127, 127, 127, 127, 127, 127, 127, 127, 127, 127, 117, 127, 92, 97, 81, 48, 76, -2, 73, -47, 76, -84, -10, -52, -8, -48, -11, -47, -20, -50, -27, -50, -32, -46, -32, -48, -24, -46, -19, -42, -16, -47, -12, -56, -10, -66, -4, -74, 2, -73, -1, -75, -3, -82, -4, -88, -17, -86, -33, -89, -46, -99, -62, -105, -85, -112, -115, -125, -128, -128, -128, -128, -128, -128]",esp32_2
CSI_DATA,150625,2025-07-23 16:16:21.807,0,stand,00:00:00:00:00:00,-62,11,0,0,0,0,0,0,0,0,0,-97,0,1,0,769537780,0,14,0,0,0,104,0,"[0, 0, 91, 33, 56, 4, 29, -27, 5, -63, -15, -97, -26, -128, -29, -128, -27, -128, -20, -128, -12, -128, -4, -128, 3, -128, 12, -128, 21, -128, 22, -128, 15, -126, 7, -103, -6, -83, -22, -66, -41, -54, -58, -47, -74, -45, -86, -47, -95, -56, -101, -66, 12, 74, 14, 86, 15, 100, 15, 112, 10, 123, 3, 127, -2, 127, -4, 126, -1, 120, 7, 111, 16, 99, 30, 84, 53, 69, 80, 56, 103, 47, 126, 42, 127, 41, 127, 41, 127, 44, 127, 50, 127, 59, 127, 69, 127, 78, 127, 82, 127, 84, 127, 87]",esp32_1
CSI_DATA,49167,2025-07-23 16:16:21.818,0,stand,00:00:00:00:00:00,-76,11,0,0,0,0,0,0,0,0,0,-97,0,1,0,3684443674,0,14,0,0,0,104,0,"[0, 0, -128, -62, -128, -62, -104, -60, -51, -43, 5, -21, 70, 0, 127, 22, 127, 43, 127, 54, 127, 66, 127, 90, 127, 114, 127, 127, 127, 127, 127, 127, 127, 127, 127, 127, 127, 118, 127, 95, 127, 64, 127, 29, 101, -5, 60, -44, 25, -79, -1, -103, -20, -58, -27, -52, -36, -45, -43, -40, -44, -36, -39, -33, -37, -33, -37, -31, -34, -34, -31, -43, -34, -47, -35, -51, -30, -60, -22, -72, -22, -76, -31, -76, -34, -77, -47, -79, -68, -80, -82, -78, -103, -76, -128, -80, -128, -84, -128, -82, -128, -83, -128, -90]",esp32_2
CSI_DATA,150626,2025-07-23 16:16:21.840,0,stand,00:00:00:00:00:00,-62,11,0,0,0,0,0,0,0,0,0,-97,0,1,0,769548771,0,14,0,0,0,104,0,"[0, 0, 34, 81, 25, 37, 26, -6, 28, -46, 31, -81, 38, -113, 52, -128, 69, -128, 85, -128, 94, -128, 100, -128, 105, -128, 105, -128, 100, -128, 89, -117, 73, -97, 53, -81, 32, -71, 10, -66, -12, -62, -31, -62, -46, -65, -56, -74, -61, -86, -62, -94, -53, 55, -60, 61, -68, 69, -78, 75, -88, 78, -96, 78, -99, 77, -97, 75, -87, 72, -75, 71, -59, 73, -37, 74, -12, 77, 12, 87, 35, 101, 57, 119, 78, 127, 99, 127, 116, 127, 126, 127, 127, 127, 127, 127, 122, 127, 111, 127, 95, 127, 82, 127]",esp32_1
CSI_DATA,49168,2025-07-23 16:16:21.840,0,stand,00:00:00:00:00:00,-76,11,0,0,0,0,0,0,0,0,0,-97,0,1,0,3684475567,0,14,0,0,0,104,0,"[0, 0, 29, -128, 33, -124, 36, -82, 44, -38, 49, 8, 40, 63, 28, 117, 26, 127, 30, 127, 28, 127, 21, 127, 20, 127, 21, 127, 13, 127, -2, 127, -6, 127, -1, 127, 5, 127, 10, 127, 10, 127, 17, 118, 37, 70, 61, 30, 78, -6, 86, -28, 48, -38, 52, -34, 44, -34, 40, -40, 40, -48, 44, -52, 50, -57, 52, -63, 52, -65, 50, -65, 54, -66, 58, -60, 56, -54, 66, -52, 75, -54, 71, -62, 67, -75, 69, -86, 63, -98, 49, -116, 45, -128, 48, -128, 37, -128, 23, -128, 21, -128, 18, -128]",esp32_2
CSI_DATA,49169,2025-07-23 16:16:21.859,0,stand,00:00:00:00:00:00,-76,11,0,0,0,0,0,0,0,0,0,-97,0,1,0,3684506485,0,14,0,0,0,104,0,"[0, 0, 127, 90, 121, 75, 81, 63, 33, 46, -17, 19, -62, -17, -111, -51, -128, -74, -128, -94, -128, -119, -128, -128, -128, -128, -128, -128, -128, -128, -128, -128, -128, -128, -128, -128, -128, -128, -128, -128, -128, -99, -124, -58, -92, -13, -60, 32, -39, 77, -25, 105, -4, 49, 2, 47, 12, 42, 21, 40, 28, 47, 30, 45, 32, 34, 36, 34, 29, 40, 21, 43, 20, 43, 16, 48, 10, 61, 5, 65, 8, 64, 17, 64, 24, 66, 40, 71, 61, 76, 70, 80, 83, 85, 112, 91, 127, 92, 127, 86, 127, 88, 127, 101]",esp32_2
CSI_DATA,150627,2025-07-23 16:16:21.867,0,stand,00:00:00:00:00:00,-62,11,0,0,0,0,0,0,0,0,0,-97,0,1,0,769557785,0,14,0,0,0,104,0,"[0, 0, 15, -91, -1, -51, -24, -11, -48, 21, -73, 46, -99, 67, -126, 83, -128, 91, -128, 93, -128, 91, -128, 85, -128, 75, -128, 63, -128, 50, -128, 40, -115, 33, -90, 33, -66, 37, -44, 46, -26, 56, -11, 67, 0, 78, 4, 90, 1, 104, -4, 113, 70, -22, 79, -25, 90, -27, 104, -26, 116, -24, 122, -19, 123, -16, 122, -15, 114, -16, 101, -20, 86, -31, 70, -44, 53, -57, 38, -77, 24, -103, 11, -128, 2, -128, -3, -128, -5, -128, -4, -128, 2, -128, 9, -128, 14, -128, 20, -128, 24, -128, 28, -128]",esp32_1
CSI_DATA,49170,2025-07-23 16:16:21.885,0,stand,00:00:00:00:00:00,-75,11,0,0,0,0,0,0,0,0,0,-97,0,1,0,3684526501,0,14,0,0,0,104,0,"[0, 0, 113, -128, 97, -97, 78, -63, 58, -22, 28, 24, -9, 73, -44, 121, -75, 127, -102, 127, -128, 127, -128, 127, -128, 127, -128, 127, -128, 127, -128, 127, -128, 127, -128, 127, -128, 127, -117, 127, -77, 127, -38, 113, -2, 82, 35, 56, 74, 37, 103, 23, 54, 14, 53, 2, 54, -7, 56, -12, 57, -19, 61, -28, 65, -23, 65, -10, 62, -6, 61, -9, 62, -12, 56, -12, 50, -14, 60, -12, 69, -10, 69, -12, 77, -13, 85, -24, 87, -50, 95, -79, 107, -97, 115, -106, 119, -122, 125, -128, 127, -128, 127, -128]",esp32_2
CSI_DATA,49171,2025-07-23 16:16:21.908,0,stand,00:00:00:00:00:00,-76,11,0,0,0,0,0,0,0,0,0,-97,0,1,0,3684552317,0,14,0,0,0,104,0,"[0, 0, -128, 107, -112, 86, -87, 52, -57, 9, -18, -37, 26, -78, 64, -112, 105, -128, 127, -128, 127, -128, 127, -128, 127, -128, 127, -128, 127, -128, 127, -128, 127, -128, 127, -128, 127, -128, 127, -128, 113, -126, 72, -99, 29, -81, -13, -67, -61, -53, -99, -39, -60, -16, -59, -9, -57, -4, -55, 3, -57, 13, -64, 22, -70, 22, -69, 12, -65, 9, -62, 10, -62, 7, -60, 4, -50, 0, -50, -2, -63, -1, -70, 2, -76, 8, -86, 18, -92, 37, -105, 55, -121, 66, -124, 78, -128, 94, -128, 115, -128, 127, -128, 127]",esp32_2
CSI_DATA,49172,2025-07-23 16:16:21.932,0,stand,00:00:00:00:00:00,-75,11,0,0,0,0,0,0,0,0,0,-97,0,1,0,3684586923,0,14,0,0,0,104,0,"[0, 0, -109, -128, -82, -116, -49, -82, -7, -47, 32, -13, 67, 20, 107, 62, 127, 106, 127, 127, 127, 127, 127, 127, 127, 127, 127, 127, 127, 127, 127, 127, 127, 127, 127, 127, 127, 127, 127, 127, 127, 109, 107, 62, 79, 18, 57, -29, 42, -73, 33, -107, 18, -56, 16, -54, 10, -48, 1, -50, -5, -53, -8, -52, -8, -53, -4, -50, -8, -50, -15, -54, -9, -49, 3, -51, 8, -59, 8, -57, 5, -52, -6, -53, -16, -60, -24, -67, -35, -78, -44, -94, -55, -109, -73, -123, -90, -128, -100, -128, -110, -128, -118, -128]",esp32_2
CSI_DATA,49173,2025-07-23 16:16:21.954,0,stand,00:00:00:00:00:00,-76,11,0,0,0,0,0,0,0,0,0,-97,0,1,0,3684614082,0,14,0,0,0,104,0,"[0, 0, 127, -23, 127, -9, 93, 4, 51, 19, 2, 36, -52, 55, -107, 73, -128, 83, -128, 94, -128, 109, -128, 126, -128, 127, -128, 127, -128, 127, -128, 121, -128, 108, -128, 101, -128, 91, -128, 79, -128, 69, -105, 65, -54, 63, -2, 58, 44, 60, 75, 67, 41, 54, 44, 41, 47, 31, 51, 25, 51, 18, 51, 18, 58, 16, 64, 12, 58, 11, 52, 17, 53, 25, 51, 27, 44, 29, 39, 28, 41, 24, 56, 23, 74, 18, 87, 9, 92, 6, 100, 6, 121, 0, 127, -15, 127, -33, 127, -46, 127, -49, 127, -47]",esp32_2
CSI_DATA,49174,2025-07-23 16:16:21.975,0,stand,00:00:00:00:00:00,-76,11,0,0,0,0,0,0,0,0,0,-97,0,1,0,3684659623,0,14,0,0,0,104,0,"[0, 0, 94, 127, 64, 127, 25, 100, -15, 55, -55, 10, -101, -25, -128, -62, -128, -106, -128, -128, -128, -128, -128, -128, -128, -128, -128, -128, -128, -128, -128, -128, -128, -128, -128, -128, -128, -128, -128, -128, -128, -106, -113, -58, -83, -14, -49, 31, -23, 76, -10, 108, -45, 52, -38, 51, -27, 51, -17, 56, -9, 65, -6, 61, -3, 53, 1, 57, 1, 66, -4, 62, -11, 49, -15, 50, -12, 56, -3, 53, 0, 57, -2, 67, 2, 69, 6, 81, 14, 105, 27, 121, 42, 127, 64, 127, 93, 127, 111, 127, 123, 127, 127, 127]",esp32_2
CSI_DATA,150630,2025-07-23 16:16:21.996,0,stand,00:00:00:00:00:00,-62,11,0,0,0,0,0,0,0,0,0,-97,0,1,0,769587796,0,14,0,0,0,104,0,"[0, 0, 89, 0, 48, -14, 11, -30, -22, -52, -50, -76, -72, -100, -88, -122, -98, -128, -100, -128, -96, -128, -92, -128, -82, -128, -68, -128, -56, -128, -46, -128, -39, -112, -35, -89, -38, -67, -46, -46, -56, -27, -69, -13, -82, -5, -94, -1, -104, -2, -110, -7, 35, 61, 39, 71, 44, 85, 46, 98, 45, 109, 42, 115, 38, 115, 36, 112, 36, 107, 39, 96, 45, 80, 55, 62, 70, 44, 87, 27, 106, 10, 125, -6, 127, -19, 127, -29, 127, -33, 127, -32, 127, -30, 127, -26, 127, -20, 127, -13, 127, -2, 127, 9]",esp32_1
CSI_DATA,49175,2025-07-23 16:16:21.997,0,stand,00:00:00:00:00:00,-75,11,0,0,0,0,0,0,0,0,0,-97,0,1,0,3684706797,0,14,0,0,0,104,0,"[0, 0, 55, 127, 34, 127, 8, 94, -12, 47, -35, 1, -68, -45, -104, -101, -128, -128, -128, -128, -128, -128, -128, -128, -128, -128, -128, -128, -128, -128, -128, -128, -128, -128, -128, -128, -128, -128, -119, -128, -99, -128, -83, -84, -71, -38, -60, 12, -50, 61, -42, 96, -40, 40, -36, 40, -29, 43, -23, 52, -17, 61, -15, 61, -15, 57, -12, 50, -6, 45, -2, 49, -2, 49, -6, 46, -6, 46, -7, 51, -8, 57, -5, 57, -4, 58, -1, 71, 9, 90, 19, 110, 28, 127, 41, 127, 58, 127, 72, 127, 77, 127, 81, 127]",esp32_2
CSI_DATA,49176,2025-07-23 16:16:22.018,0,stand,00:00:00:00:00:00,-75,11,0,0,0,0,0,0,0,0,0,-97,0,1,0,3684737684,0,14,0,0,0,104,0,"[0, 0, 78, 127, 58, 110, 29, 86, -10, 50, -49, 10, -90, -26, -128, -65, -128, -110, -128, -128, -128, -128, -128, -128, -128, -128, -128, -128, -128, -128, -128, -128, -128, -128, -128, -128, -128, -128, -128, -128, -128, -96, -104, -49, -75, -8, -45, 37, -17, 75, 0, 93, -41, 51, -42, 52, -36, 51, -25, 51, -16, 58, -10, 61, -8, 54, -6, 48, -2, 50, -3, 57, -7, 57, -4, 54, -2, 57, -6, 61, -3, 62, 6, 62, 14, 65, 19, 76, 29, 88, 46, 101, 60, 117, 74, 127, 89, 127, 103, 127, 120, 127, 127, 127]",esp32_2
CSI_DATA,150631,2025-07-23 16:16:22.040,0,stand,00:00:00:00:00:00,-63,11,0,0,0,0,0,0,0,0,0,-97,0,1,0,769597833,0,14,0,0,0,104,0,"[0, 0, 74, 79, 49, 32, 33, -14, 22, -63, 18, -109, 21, -128, 29, -128, 42, -128, 55, -128, 67, -128, 75, -128, 81, -128, 87, -128, 88, -128, 80, -128, 65, -128, 46, -112, 22, -93, -3, -80, -28, -74, -50, -72, -69, -74, -82, -83, -88, -96, -89, -106, -29, 83, -33, 96, -40, 111, -50, 123, -59, 127, -68, 127, -73, 127, -73, 127, -65, 125, -51, 118, -34, 111, -9, 104, 21, 98, 54, 96, 85, 99, 114, 107, 127, 120, 127, 127, 127, 127, 127, 127, 127, 127, 127, 127, 127, 127, 127, 127, 127, 127, 127, 127]",esp32_1
CSI_DATA,49177,2025-07-23 16:16:22.044,0,stand,00:00:00:00:00:00,-76,11,0,0,0,0,0,0,0,0,0,-97,0,1,0,3684762977,0,14,0,0,0,104,0,"[0, 0, -128, -58, -122, -67, -75, -68, -20, -60, 38, -52, 97, -46, 127, -42, 127, -36, 127, -24, 127, -14, 127, -5, 127, 1, 127, 6, 127, 7, 127, 6, 127, 14, 127, 12, 127, -4, 127, -10, 127, -10, 119, -21, 65, -40, 14, -57, -31, -71, -65, -84, 17, -75, 5, -67, -4, -63, -7, -61, -14, -57, -29, -52, -39, -43, -37, -41, -32, -50, -34, -54, -37, -51, -36, -51, -33, -57, -30, -64, -36, -69, -46, -72, -54, -66, -64, -57, -78, -55, -97, -57, -115, -57, -128, -63, -128, -73, -128, -72, -128, -66, -128, -60]",esp32_2
CSI_DATA,49178,2025-07-23 16:16:22.062,0,stand,00:00:00:00:00:00,-75,11,0,0,0,0,0,0,0,0,0,-97,0,1,0,3684797058,0,14,0,0,0,104,0,"[0, 0, 127, 103, 108, 92, 63, 79, 8, 57, -48, 33, -105, 17, -128, 2, -128, -14, -128, -25, -128, -38, -128, -53, -128, -63, -128, -66, -128, -66, -128, -70, -128, -69, -128, -57, -128, -47, -128, -36, -128, -14, -118, 14, -60, 33, -3, 48, 38, 67, 64, 87, -37, 56, -36, 47, -32, 46, -26, 54, -19, 58, -10, 57, -2, 55, 7, 54, 18, 57, 19, 61, 15, 59, 8, 54, -2, 53, 2, 55, 15, 56, 26, 58, 32, 59, 32, 65, 39, 83, 64, 94, 92, 94, 115, 104, 127, 113, 127, 108, 127, 113, 127, 127]",esp32_2
CSI_DATA,150632,2025-07-23 16:16:22.076,0,stand,00:00:00:00:00:00,-63,11,0,0,0,0,0,0,0,0,0,-97,0,1,0,769609387,0,14,0,0,0,104,0,"[0, 0, -3, 96, 10, 53, 34, 11, 57, -25, 79, -55, 103, -79, 127, -97, 127, -106, 127, -107, 127, -102, 127, -94, 127, -82, 127, -70, 127, -60, 127, -49, 123, -40, 98, -39, 74, -44, 53, -51, 32, -61, 16, -72, 6, -85, 3, -97, 6, -109, 11, -116, -69, 39, -80, 42, -91, 46, -103, 49, -116, 50, -124, 50, -125, 48, -121, 46, -114, 45, -102, 49, -88, 57, -71, 67, -52, 78, -32, 95, -13, 118, 2, 127, 14, 127, 24, 127, 32, 127, 33, 127, 31, 127, 26, 127, 17, 127, 5, 127, -4, 127, -9, 127]",esp32_1
CSI_DATA,49179,2025-07-23 16:16:22.084,0,stand,00:00:00:00:00:00,-75,11,0,0,0,0,0,0,0,0,0,-97,0,1,0,3684822599,0,14,0,0,0,104,0,"[0, 0, -128, 42, -123, 17, -88, -3, -52, -31, -10, -68, 28, -102, 64, -128, 109, -128, 127, -128, 127, -128, 127, -128, 127, -128, 127, -128, 127, -128, 127, -128, 127, -128, 127, -128, 127, -128, 118, -128, 75, -128, 33, -100, -5, -65, -42, -40, -77, -22, -104, -7, -52, -71, -49, -64, -50, -64, -59, -61, -65, -45, -70, -31, -76, -26, -78, -32, -77, -39, -83, -32, -87, -26, -79, -29, -75, -28, -79, -23, -81, -21, -82, -18, -92, -12, -107, -6, -114, 10, -122, 20, -128, 33, -128, 52, -128, 65, -128, 80, -128, 88, -128, 84]",esp32_2
CSI_DATA,150633,2025-07-23 16:16:22.108,0,stand,00:00:00:00:00:00,-62,11,0,0,0,0,0,0,0,0,0,-97,0,1,0,769617769,0,14,0,0,0,104,0,"[0, 0, 83, -32, 43, -29, 0, -33, -39, -40, -72, -50, -102, -63, -125, -78, -128, -94, -128, -111, -128, -122, -128, -125, -128, -126, -126, -126, -112, -122, -95, -109, -78, -90, -69, -69, -65, -45, -62, -21, -63, -1, -68, 14, -77, 26, -87, 34, -96, 36, -105, 34, 60, 43, 66, 50, 71, 59, 78, 68, 85, 78, 87, 87, 83, 91, 78, 89, 74, 83, 73, 70, 75, 51, 74, 31, 75, 13, 84, -8, 97, -34, 113, -60, 127, -81, 127, -99, 127, -111, 127, -119, 127, -121, 127, -119, 127, -116, 127, -107, 127, -91, 127, -77]",esp32_1
CSI_DATA,49180,2025-07-23 16:16:22.108,0,stand,00:00:00:00:00:00,-76,11,0,0,0,0,0,0,0,0,0,-97,0,1,0,3684908347,0,14,0,0,0,104,0,"[0, 0, 70, -128, 68, -98, 64, -57, 55, -9, 37, 41, 28, 89, 19, 127, 8, 127, 1, 127, 2, 127, -3, 127, -13, 127, -17, 127, -18, 127, -13, 127, -4, 127, -6, 127, -7, 127, 6, 127, 13, 127, 18, 98, 33, 46, 49, 2, 63, -34, 76, -59, 50, 33, 52, 26, 52, 14, 51, 6, 54, 0, 59, -8, 58, -18, 53, -26, 50, -24, 51, -17, 50, -19, 44, -25, 43, -26, 49, -25, 50, -27, 51, -34, 57, -44, 59, -55, 58, -68, 62, -78, 66, -91, 69, -112, 74, -128, 81, -128, 87, -128, 88, -128]",esp32_2
CSI_DATA,49181,2025-07-23 16:16:22.128,0,stand,00:00:00:00:00:00,-76,11,0,0,0,0,0,0,0,0,0,-97,0,1,0,3684932647,0,14,0,0,0,104,0,"[0, 0, 6, 127, -14, 127, -33, 89, -49, 40, -70, -13, -88, -73, -104, -128, -122, -128, -128, -128, -128, -128, -128, -128, -128, -128, -128, -128, -128, -128, -128, -128, -128, -128, -128, -128, -128, -128, -110, -128, -91, -128, -78, -81, -67, -25, -53, 23, -42, 68, -37, 103, -68, 18, -64, 20, -60, 22, -64, 26, -61, 34, -55, 39, -50, 40, -44, 45, -38, 52, -29, 51, -28, 49, -31, 52, -34, 55, -37, 56, -30, 62, -22, 61, -20, 60, -22, 74, -20, 99, -17, 121, -15, 127, -9, 127, -5, 127, 2, 127, 16, 127, 26, 127]",esp32_2
CSI_DATA,49182,2025-07-23 16:16:22.157,0,stand,00:00:00:00:00:00,-76,11,0,0,0,0,0,0,0,0,0,-97,0,1,0,3684967789,0,14,0,0,0,104,0,"[0, 0, 127, 5, 127, 14, 81, 30, 30, 43, -16, 50, -72, 60, -128, 75, -128, 93, -128, 111, -128, 125, -128, 127, -128, 127, -128, 127, -128, 127, -128, 127, -128, 127, -128, 123, -128, 108, -128, 94, -128, 86, -80, 72, -30, 53, 18, 41, 63, 39, 95, 40, -6, 74, 3, 64, 10, 56, 16, 54, 26, 53, 36, 50, 38, 49, 38, 49, 40, 46, 45, 41, 49, 38, 43, 37, 35, 33, 39, 29, 47, 30, 49, 33, 55, 33, 70, 29, 82, 27, 96, 18, 122, 9, 127, 9, 127, 5, 127, 2, 127, 7, 127, 12]",esp32_2
CSI_DATA,49183,2025-07-23 16:16:22.179,0,stand,00:00:00:00:00:00,-76,11,0,0,0,0,0,0,0,0,0,-97,0,1,0,3684992646,0,14,0,0,0,104,0,"[0, 0, 127, -107, 119, -70, 96, -29, 74, 18, 43, 71, 7, 120, -25, 127, -48, 127, -67, 127, -84, 127, -95, 127, -104, 127, -117, 127, -128, 127, -125, 127, -109, 127, -97, 127, -81, 127, -53, 127, -23, 127, 2, 110, 24, 58, 45, 7, 63, -38, 79, -76, 19, 73, 27, 66, 32, 57, 37, 42, 46, 32, 55, 32, 66, 27, 69, 19, 65, 15, 62, 14, 63, 12, 63, 7, 54, 0, 49, -2, 53, 2, 60, -1, 71, -12, 86, -28, 98, -42, 108, -46, 120, -53, 127, -71, 127, -95, 127, -111, 127, -119, 127, -124]",esp32_2
CSI_DATA,150635,2025-07-23 16:16:22.189,0,stand,00:00:00:00:00:00,-62,11,0,0,0,0,0,0,0,0,0,-97,0,1,0,769638874,0,14,0,0,0,104,0,"[0, 0, -56, 97, -19, 63, 25, 33, 66, 15, 105, 3, 127, -5, 127, -7, 127, -2, 127, 7, 127, 20, 127, 33, 127, 44, 127, 50, 127, 52, 127, 49, 127, 41, 110, 24, 91, 4, 77, -15, 68, -34, 66, -52, 67, -70, 72, -83, 81, -91, 89, -94, -89, 11, -101, 10, -115, 7, -127, 3, -128, -1, -128, -4, -128, -8, -128, -11, -128, -9, -122, -1, -110, 15, -96, 33, -85, 53, -77, 79, -69, 112, -64, 127, -67, 127, -73, 127, -79, 127, -87, 127, -99, 127, -111, 127, -123, 127, -128, 127, -128, 127, -127, 127]",esp32_1
CSI_DATA,49184,2025-07-23 16:16:22.199,0,stand,00:00:00:00:00:00,-76,11,0,0,0,0,0,0,0,0,0,-97,0,1,0,3685018499,0,14,0,0,0,104,0,"[0, 0, 127, -26, 123, -6, 91, 18, 47, 41, -12, 66, -63, 88, -118, 109, -128, 127, -128, 127, -128, 127, -128, 127, -128, 127, -128, 127, -128, 127, -128, 127, -128, 127, -128, 127, -128, 127, -128, 123, -128, 96, -81, 79, -31, 65, 18, 47, 66, 31, 96, 25, 17, 64, 27, 57, 31, 50, 33, 42, 38, 35, 43, 30, 45, 28, 52, 24, 58, 20, 57, 18, 56, 16, 53, 17, 48, 20, 50, 17, 53, 11, 60, 10, 75, 13, 88, 10, 100, -3, 121, -16, 127, -20, 127, -26, 127, -39, 127, -49, 127, -51, 127, -53]",esp32_2
CSI_DATA,150636,2025-07-23 16:16:22.220,0,stand,00:00:00:00:00:00,-62,11,0,0,0,0,0,0,0,0,0,-97,0,1,0,769647790,0,14,0,0,0,104,0,"[0, 0, -71, 86, -27, 59, 19, 36, 61, 24, 101, 20, 127, 18, 127, 21, 127, 29, 127, 41, 127, 54, 127, 67, 127, 76, 127, 81, 127, 81, 127, 75, 127, 62, 104, 44, 86, 22, 75, 0, 68, -22, 70, -43, 76, -61, 83, -73, 94, -79, 103, -83, -89, 0, -99, -3, -112, -9, -126, -15, -128, -21, -128, -28, -128, -33, -128, -35, -128, -32, -122, -21, -112, -5, -99, 14, -92, 35, -87, 62, -83, 94, -82, 127, -89, 127, -101, 127, -112, 127, -125, 127, -128, 127, -128, 127, -128, 127, -128, 127, -128, 127, -128, 127]",esp32_1
CSI_DATA,49185,2025-07-23 16:16:22.221,0,stand,00:00:00:00:00:00,-76,11,0,0,0,0,0,0,0,0,0,-97,0,1,0,3685044895,0,14,0,0,0,104,0,"[0, 0, 76, -128, 67, -112, 66, -76, 68, -26, 60, 34, 55, 95, 50, 127, 46, 127, 49, 127, 52, 127, 54, 127, 57, 127, 58, 127, 58, 127, 52, 127, 46, 127, 43, 127, 41, 127, 39, 127, 37, 127, 40, 106, 43, 50, 48, -4, 54, -50, 54, -78, 66, 34, 62, 27, 62, 17, 66, 0, 73, -13, 73, -15, 65, -19, 58, -28, 59, -33, 63, -28, 64, -23, 55, -27, 42, -31, 37, -33, 39, -33, 41, -33, 45, -38, 55, -57, 63, -78, 66, -94, 65, -109, 65, -128, 67, -128, 70, -128, 68, -128, 61, -128]",esp32_2
CSI_DATA,150637,2025-07-23 16:16:22.243,0,stand,00:00:00:00:00:00,-62,11,0,0,0,0,0,0,0,0,0,-97,0,1,0,769657776,0,14,0,0,0,104,0,"[0, 0, -40, 93, -11, 59, 25, 26, 60, 3, 93, -12, 124, -22, 127, -28, 127, -29, 127, -23, 127, -13, 127, -2, 127, 8, 127, 15, 127, 20, 127, 22, 125, 18, 101, 8, 80, -8, 64, -26, 52, -42, 45, -58, 44, -76, 47, -89, 54, -97, 60, -101, -80, 12, -90, 13, -102, 12, -113, 9, -125, 6, -128, 3, -128, 0, -127, -3, -120, -2, -109, 6, -97, 19, -84, 34, -72, 50, -62, 74, -53, 102, -45, 127, -42, 127, -44, 127, -48, 127, -54, 127, -63, 127, -73, 127, -83, 127, -89, 127, -90, 127, -91, 127]",esp32_1
CSI_DATA,150638,2025-07-23 16:16:22.283,0,stand,00:00:00:00:00:00,-62,11,0,0,0,0,0,0,0,0,0,-97,0,1,0,769668732,0,14,0,0,0,104,0,"[0, 0, 89, 29, 54, 5, 25, -25, -1, -62, -21, -97, -31, -128, -36, -128, -36, -128, -30, -128, -21, -128, -12, -128, -4, -128, 7, -128, 16, -128, 17, -128, 12, -128, 3, -104, -9, -84, -24, -69, -41, -55, -61, -46, -78, -43, -90, -48, -96, -58, -99, -66, 25, 72, 28, 83, 29, 97, 28, 111, 26, 122, 20, 127, 15, 127, 13, 126, 15, 118, 21, 106, 30, 92, 44, 77, 64, 62, 88, 48, 113, 36, 127, 28, 127, 25, 127, 24, 127, 26, 127, 32, 127, 39, 127, 49, 127, 60, 127, 66, 127, 68, 127, 70]",esp32_1
CSI_DATA,150639,2025-07-23 16:16:22.315,0,stand,00:00:00:00:00:00,-62,11,0,0,0,0,0,0,0,0,0,-97,0,1,0,769677790,0,14,0,0,0,104,0,"[0, 0, -83, 42, -42, 33, 1, 30, 41, 37, 76, 46, 107, 55, 127, 66, 127, 79, 127, 93, 127, 106, 127, 118, 127, 122, 127, 120, 118, 114, 101, 101, 86, 83, 72, 62, 62, 40, 59, 18, 61, -3, 67, -20, 75, -33, 84, -40, 96, -42, 104, -40, -61, -35, -70, -43, -79, -55, -87, -65, -93, -74, -95, -79, -92, -81, -87, -80, -83, -76, -80, -65, -76, -49, -77, -31, -82, -12, -91, 12, -100, 40, -110, 67, -127, 90, -128, 110, -128, 124, -128, 127, -128, 127, -128, 127, -128, 127, -128, 119, -128, 102, -128, 87]",esp32_1
CSI_DATA,49188,2025-07-23 16:16:22.327,0,stand,00:00:00:00:00:00,-76,11,0,0,0,0,0,0,0,0,0,-97,0,1,0,3685192475,0,14,0,0,0,104,0,"[0, 0, -128, -4, -126, -15, -90, -27, -49, -37, 2, -54, 59, -80, 118, -103, 127, -126, 127, -128, 127, -128, 127, -128, 127, -128, 127, -128, 127, -128, 127, -128, 127, -128, 127, -128, 127, -128, 127, -127, 116, -103, 70, -75, 26, -49, -21, -31, -66, -15, -94, 0, 18, -72, 10, -67, -2, -59, -13, -55, -22, -56, -31, -56, -41, -49, -45, -41, -39, -38, -37, -40, -45, -37, -43, -36, -34, -40, -30, -35, -37, -24, -55, -24, -68, -30, -70, -28, -74, -19, -88, -15, -110, -14, -128, -11, -128, -8, -128, 4, -128, 14, -128, 8]",esp32_2
CSI_DATA,150640,2025-07-23 16:16:22.335,0,stand,00:00:00:00:00:00,-62,11,0,0,0,0,0,0,0,0,0,-97,0,1,0,769687790,0,14,0,0,0,104,0,"[0, 0, 86, -24, 44, -26, 4, -32, -33, -46, -64, -63, -91, -80, -113, -98, -126, -113, -128, -127, -128, -128, -128, -128, -119, -128, -103, -128, -87, -128, -75, -122, -64, -100, -55, -78, -50, -55, -53, -32, -60, -12, -69, 1, -80, 12, -90, 18, -101, 17, -111, 14, 50, 47, 58, 55, 66, 68, 71, 81, 75, 91, 75, 97, 70, 99, 66, 99, 65, 94, 65, 81, 64, 62, 69, 44, 79, 25, 93, 5, 106, -18, 119, -41, 127, -61, 127, -77, 127, -86, 127, -89, 127, -90, 127, -88, 127, -80, 127, -70, 127, -57, 127, -44]",esp32_1
CSI_DATA,49189,2025-07-23 16:16:22.349,0,stand,00:00:00:00:00:00,-75,11,0,0,0,0,0,0,0,0,0,-97,0,1,0,3685200776,0,14,0,0,0,104,0,"[0, 0, -128, -9, -128, -30, -90, -43, -44, -48, 2, -64, 52, -90, 112, -109, 127, -126, 127, -128, 127, -128, 127, -128, 127, -128, 127, -128, 127, -128, 127, -128, 127, -128, 127, -128, 127, -128, 127, -128, 106, -104, 65, -82, 15, -61, -32, -31, -67, -6, -92, 5, 17, -68, 15, -65, 6, -63, -10, -63, -20, -62, -24, -57, -29, -48, -34, -44, -34, -44, -32, -41, -31, -36, -30, -35, -27, -35, -27, -31, -34, -24, -47, -22, -54, -25, -60, -31, -74, -30, -92, -30, -107, -28, -126, -20, -128, -15, -128, -9, -128, -3, -128, -8]",esp32_2
CSI_DATA,150641,2025-07-23 16:16:22.360,0,stand,00:00:00:00:00:00,-63,11,0,0,0,0,0,0,0,0,0,-97,0,1,0,769703392,0,14,0,0,0,104,0,"[0, 0, -57, 68, -25, 46, 12, 27, 51, 20, 85, 17, 117, 15, 127, 18, 127, 21, 127, 23, 127, 28, 127, 38, 127, 50, 127, 57, 127, 58, 127, 55, 106, 47, 86, 33, 70, 15, 58, -3, 53, -22, 53, -38, 54, -53, 58, -65, 69, -73, 81, -76, -70, 0, -81, -4, -93, -11, -103, -17, -113, -22, -118, -30, -116, -36, -109, -38, -101, -33, -95, -22, -89, -5, -80, 11, -73, 27, -71, 50, -69, 77, -67, 105, -72, 127, -83, 127, -99, 127, -115, 127, -127, 127, -128, 127, -128, 127, -128, 127, -127, 127, -127, 127]",esp32_1
CSI_DATA,49190,2025-07-23 16:16:22.371,0,stand,00:00:00:00:00:00,-76,11,0,0,0,0,0,0,0,0,0,-97,0,1,0,3685222006,0,14,0,0,0,104,0,"[0, 0, -75, -128, -53, -116, -20, -89, 19, -50, 56, -10, 94, 22, 127, 55, 127, 91, 127, 123, 127, 127, 127, 127, 127, 127, 127, 127, 127, 127, 127, 127, 127, 127, 127, 127, 127, 127, 127, 108, 127, 70, 96, 33, 62, -4, 32, -36, 2, -68, -19, -95, 55, -36, 49, -39, 42, -46, 32, -50, 20, -52, 14, -53, 15, -56, 11, -55, 2, -52, 2, -52, 9, -49, 9, -48, 3, -54, 3, -55, 5, -53, 0, -54, -7, -61, -17, -75, -30, -88, -40, -100, -45, -106, -56, -110, -74, -116, -85, -128, -92, -128, -104, -128]",esp32_2
CSI_DATA,150642,2025-07-23 16:16:22.382,0,stand,00:00:00:00:00:00,-62,11,0,0,0,0,0,0,0,0,0,-97,0,1,0,769707816,0,14,0,0,0,104,0,"[0, 0, -85, 39, -44, 33, -1, 31, 39, 38, 73, 49, 102, 60, 127, 73, 127, 86, 127, 99, 127, 113, 127, 124, 127, 127, 127, 124, 111, 117, 96, 103, 81, 85, 67, 64, 60, 40, 60, 17, 62, -2, 68, -17, 75, -29, 84, -38, 95, -41, 105, -39, -59, -41, -67, -51, -75, -63, -81, -74, -85, -82, -86, -86, -83, -88, -80, -89, -77, -84, -76, -72, -75, -55, -77, -35, -83, -14, -93, 9, -103, 34, -115, 60, -128, 82, -128, 98, -128, 110, -128, 120, -128, 126, -128, 125, -128, 119, -128, 109, -128, 93, -128, 79]",esp32_1
CSI_DATA,49191,2025-07-23 16:16:22.394,0,stand,00:00:00:00:00:00,-76,11,0,0,0,0,0,0,0,0,0,-97,0,1,0,3685259346,0,14,0,0,0,104,0,"[0, 0, 72, -128, 68, -106, 65, -71, 65, -28, 67, 39, 64, 109, 48, 127, 36, 127, 43, 127, 46, 127, 41, 127, 36, 127, 34, 127, 40, 127, 43, 127, 37, 127, 35, 127, 40, 127, 42, 127, 38, 127, 39, 108, 47, 54, 51, -3, 47, -55, 46, -87, 57, 35, 56, 30, 58, 23, 65, 14, 70, 6, 70, 2, 70, -3, 69, -11, 63, -11, 59, -7, 58, -11, 52, -22, 48, -31, 42, -31, 35, -30, 37, -30, 47, -40, 60, -53, 64, -67, 60, -83, 61, -101, 70, -119, 76, -128, 78, -128, 81, -128, 80, -128]",esp32_2
CSI_DATA,150643,2025-07-23 16:16:22.403,0,stand,00:00:00:00:00:00,-62,11,0,0,0,0,0,0,0,0,0,-97,0,1,0,769717784,0,14,0,0,0,104,0,"[0, 0, 33, 84, 29, 41, 33, -2, 38, -40, 45, -74, 56, -106, 71, -128, 88, -128, 103, -128, 114, -128, 122, -128, 125, -128, 124, -128, 120, -114, 106, -97, 88, -80, 67, -69, 45, -64, 22, -62, -1, -62, -19, -68, -31, -75, -37, -85, -38, -98, -36, -106, -46, 57, -52, 64, -60, 73, -69, 79, -79, 84, -87, 86, -91, 84, -91, 81, -83, 76, -71, 75, -55, 77, -34, 78, -11, 79, 12, 87, 35, 98, 57, 114, 78, 127, 100, 127, 116, 127, 124, 127, 125, 127, 124, 127, 118, 127, 107, 127, 92, 127, 80, 127]",esp32_1
CSI_DATA,49192,2025-07-23 16:16:22.421,0,stand,00:00:00:00:00:00,-76,11,0,0,0,0,0,0,0,0,0,-97,0,1,0,3685283728,0,14,0,0,0,104,0,"[0, 0, -13, -128, -1, -128, 18, -96, 45, -43, 70, 7, 90, 60, 113, 116, 127, 127, 127, 127, 127, 127, 127, 127, 127, 127, 127, 127, 127, 127, 127, 127, 127, 127, 127, 127, 127, 127, 127, 127, 113, 122, 90, 73, 63, 21, 36, -33, 13, -77, -5, -105, 68, 15, 66, 6, 63, -9, 60, -19, 59, -27, 51, -35, 44, -39, 47, -37, 48, -36, 42, -42, 33, -43, 22, -47, 23, -54, 32, -50, 36, -47, 34, -51, 30, -54, 27, -66, 25, -86, 20, -104, 9, -123, -2, -128, -6, -128, -11, -128, -23, -128, -27, -128]",esp32_2
CSI_DATA,150644,2025-07-23 16:16:22.426,0,stand,00:00:00:00:00:00,-62,11,0,0,0,0,0,0,0,0,0,-97,0,1,0,769733093,0,14,0,0,0,104,0,"[0, 0, -27, 110, 0, 67, 34, 30, 68, 2, 103, -19, 127, -33, 127, -41, 127, -44, 127, -43, 127, -34, 127, -21, 127, -8, 127, 3, 127, 11, 127, 14, 127, 11, 111, 1, 89, -13, 71, -30, 58, -48, 50, -66, 46, -83, 48, -95, 57, -104, 65, -109, -82, 34, -94, 35, -108, 36, -120, 37, -128, 36, -128, 33, -128, 28, -128, 23, -128, 22, -119, 28, -104, 40, -87, 52, -69, 67, -54, 91, -40, 121, -27, 127, -18, 127, -15, 127, -17, 127, -22, 127, -30, 127, -40, 127, -50, 127, -58, 127, -62, 127, -64, 127]",esp32_1
CSI_DATA,49193,2025-07-23 16:16:22.443,0,stand,00:00:00:00:00:00,-75,11,0,0,0,0,0,0,0,0,0,-97,0,1,0,3685313023,0,14,0,64,47,104,0,"[0, 0, 20, -128, 25, -104, 44, -73, 57, -27, 59, 27, 60, 80, 71, 127, 83, 127, 96, 127, 109, 127, 120, 127, 127, 127, 127, 127, 125, 127, 124, 127, 113, 127, 97, 127, 89, 127, 79, 127, 63, 127, 53, 87, 48, 34, 40, -13, 34, -57, 31, -87, 61, 11, 66, 9, 61, 4, 57, -7, 57, -18, 56, -24, 53, -28, 52, -28, 50, -31, 45, -33, 41, -24, 34, -19, 28, -29, 29, -31, 34, -29, 32, -33, 32, -43, 38, -57, 38, -68, 36, -82, 37, -101, 32, -123, 28, -128, 32, -128, 34, -128, 31, -128]",esp32_2
CSI_DATA,150645,2025-07-23 16:16:22.447,0,stand,00:00:00:00:00:00,-62,11,0,0,0,0,0,0,0,0,0,-97,0,1,0,769737776,0,14,0,0,0,104,0,"[0, 0, -92, 18, -52, 26, -13, 36, 20, 53, 47, 74, 68, 96, 83, 115, 93, 127, 96, 127, 94, 127, 88, 127, 79, 127, 67, 127, 53, 127, 42, 127, 36, 109, 34, 86, 36, 64, 42, 44, 52, 28, 65, 15, 78, 9, 88, 8, 98, 12, 104, 16, -54, -47, -61, -55, -67, -67, -73, -79, -75, -87, -73, -93, -68, -95, -64, -93, -63, -88, -64, -78, -65, -64, -68, -46, -77, -27, -91, -8, -105, 12, -120, 31, -128, 47, -128, 60, -128, 67, -128, 69, -128, 68, -128, 63, -128, 56, -128, 50, -128, 38, -128, 25]",esp32_1
CSI_DATA,49194,2025-07-23 16:16:22.465,0,stand,00:00:00:00:00:00,-76,11,0,0,0,0,0,0,0,0,0,-97,0,1,0,3685336585,0,14,0,0,0,104,0,"[0, 0, -128, -74, -99, -73, -60, -73, -11, -61, 45, -52, 105, -55, 127, -54, 127, -48, 127, -38, 127, -27, 127, -22, 127, -17, 127, -12, 127, -12, 127, -12, 127, -10, 127, -14, 127, -18, 127, -20, 127, -24, 105, -30, 56, -41, 10, -54, -36, -66, -70, -77, 29, -84, 18, -76, 10, -77, 7, -82, -2, -83, -14, -81, -21, -73, -27, -75, -35, -80, -41, -77, -43, -72, -37, -71, -29, -77, -32, -75, -43, -66, -49, -64, -55, -67, -67, -70, -78, -71, -84, -68, -107, -66, -128, -67, -128, -67, -128, -69, -128, -70, -128, -69]",esp32_2
CSI_DATA,150646,2025-07-23 16:16:22.473,0,stand,00:00:00:00:00:00,-62,11,0,0,0,0,0,0,0,0,0,-97,0,1,0,769748797,0,14,0,0,0,104,0,"[0, 0, -105, 5, -57, 17, -12, 34, 28, 59, 62, 86, 89, 112, 107, 127, 118, 127, 119, 127, 114, 127, 108, 127, 98, 127, 83, 127, 68, 127, 57, 127, 49, 127, 44, 102, 45, 75, 53, 47, 65, 26, 80, 10, 95, 1, 108, 0, 119, 4, 126, 8, -48, -68, -53, -80, -59, -97, -64, -111, -65, -122, -61, -128, -56, -128, -52, -127, -51, -118, -54, -106, -60, -88, -69, -66, -85, -45, -107, -24, -128, -3, -128, 18, -128, 34, -128, 45, -128, 53, -128, 56, -128, 53, -128, 46, -128, 35, -128, 25, -128, 13, -128, 1]",esp32_1
CSI_DATA,49195,2025-07-23 16:16:22.481,0,stand,00:00:00:00:00:00,-75,11,0,0,0,0,0,0,0,0,0,-97,0,1,0,3685423870,0,14,0,0,0,104,0,"[0, 0, -63, -128, -36, -125, -2, -100, 29, -62, 58, -25, 97, 14, 127, 58, 127, 95, 127, 124, 127, 127, 127, 127, 127, 127, 127, 127, 127, 127, 127, 127, 127, 127, 127, 127, 127, 127, 127, 101, 127, 68, 101, 36, 66, 0, 26, -37, -11, -69, -34, -90, 62, -26, 62, -29, 60, -34, 54, -41, 47, -48, 41, -52, 35, -52, 27, -52, 21, -52, 17, -48, 14, -39, 18, -37, 24, -42, 25, -45, 14, -47, 1, -47, 1, -48, 4, -53, -2, -63, -12, -79, -28, -93, -46, -108, -53, -128, -60, -128, -73, -128, -77, -128]",esp32_2
CSI_DATA,150647,2025-07-23 16:16:22.495,0,stand,00:00:00:00:00:00,-62,11,0,0,0,0,0,0,0,0,0,-97,0,1,0,769758721,0,14,0,0,0,104,0,"[0, 0, -14, -92, -20, -50, -34, -9, -50, 26, -67, 56, -87, 79, -111, 98, -128, 108, -128, 111, -128, 108, -128, 103, -128, 94, -128, 83, -128, 71, -128, 58, -109, 49, -86, 47, -63, 47, -43, 51, -25, 59, -11, 68, -1, 79, 3, 92, 0, 104, -6, 112, 57, -50, 66, -56, 74, -62, 84, -66, 96, -68, 103, -66, 104, -61, 102, -60, 97, -59, 85, -61, 69, -65, 51, -69, 31, -75, 9, -89, -11, -108, -29, -128, -44, -128, -57, -128, -64, -128, -67, -128, -66, -128, -61, -128, -53, -128, -45, -128, -35, -128, -26, -128]",esp32_1
CSI_DATA,49196,2025-07-23 16:16:22.512,0,stand,00:00:00:00:00:00,-75,11,0,0,0,0,0,0,0,0,0,-97,0,1,0,3685457858,0,14,0,0,0,104,0,"[0, 0, -49, -128, -22, -112, 6, -78, 26, -47, 53, -10, 89, 31, 125, 75, 127, 115, 127, 127, 127, 127, 127, 127, 127, 127, 127, 127, 127, 127, 127, 127, 127, 127, 127, 127, 127, 127, 127, 124, 127, 90, 90, 50, 51, 8, 21, -30, -6, -61, -29, -83, 73, -6, 67, -12, 61, -18, 54, -29, 48, -39, 41, -40, 38, -43, 35, -49, 32, -53, 30, -50, 26, -45, 19, -44, 19, -45, 18, -45, 7, -44, -1, -42, -2, -48, -4, -59, -8, -71, -13, -89, -23, -104, -29, -115, -31, -128, -37, -128, -44, -128, -49, -128]",esp32_2
CSI_DATA,150648,2025-07-23 16:16:22.516,0,stand,00:00:00:00:00:00,-62,11,0,0,0,0,0,0,0,0,0,-97,0,1,0,769767789,0,14,0,0,0,104,0,"[0, 0, 71, 54, 47, 21, 31, -14, 15, -54, 6, -91, 4, -122, 8, -128, 17, -128, 27, -128, 36, -128, 43, -128, 50, -128, 57, -128, 59, -128, 54, -128, 44, -111, 32, -91, 15, -76, -6, -66, -26, -60, -44, -56, -59, -58, -70, -64, -75, -73, -76, -81, -7, 71, -8, 83, -11, 96, -16, 107, -23, 118, -30, 122, -34, 120, -33, 117, -28, 111, -20, 102, -9, 94, 8, 83, 32, 73, 58, 68, 84, 67, 109, 71, 127, 77, 127, 81, 127, 89, 127, 101, 127, 113, 127, 125, 127, 127, 127, 127, 127, 127, 127, 127]",esp32_1
CSI_DATA,49197,2025-07-23 16:16:22.528,0,stand,00:00:00:00:00:00,-75,11,0,0,0,0,0,0,0,0,0,-97,0,1,0,3685478886,0,14,0,0,0,104,0,"[0, 0, -114, 112, -99, 80, -79, 38, -64, -3, -47, -49, -19, -100, 7, -128, 29, -128, 47, -128, 58, -128, 73, -128, 84, -128, 77, -128, 75, -128, 75, -128, 65, -128, 57, -128, 49, -128, 33, -128, 16, -128, 1, -115, -15, -63, -32, -11, -49, 31, -63, 59, -48, -49, -41, -43, -41, -39, -44, -29, -52, -13, -65, -8, -68, -7, -67, -2, -65, 2, -57, 2, -50, -1, -45, 0, -39, 5, -39, 11, -42, 17, -46, 18, -53, 18, -56, 23, -58, 38, -59, 57, -64, 74, -81, 92, -101, 110, -111, 125, -118, 127, -124, 127]",esp32_2
CSI_DATA,150649,2025-07-23 16:16:22.538,0,stand,00:00:00:00:00:00,-62,11,0,0,0,0,0,0,0,0,0,-97,0,1,0,769777806,0,14,0,0,0,104,0,"[0, 0, 78, -49, 36, -40, -5, -35, -44, -37, -79, -44, -110, -54, -128, -65, -128, -76, -128, -91, -128, -106, -128, -118, -128, -121, -128, -118, -125, -111, -108, -99, -91, -82, -75, -62, -66, -40, -62, -18, -63, 2, -69, 19, -76, 32, -84, 41, -95, 44, -103, 43, 65, 31, 74, 38, 84, 48, 93, 58, 99, 67, 99, 73, 96, 75, 93, 74, 89, 69, 86, 58, 82, 43, 80, 24, 82, 2, 89, -23, 96, -50, 104, -77, 119, -103, 127, -125, 127, -128, 127, -128, 127, -128, 127, -128, 127, -128, 127, -128, 127, -119, 127, -103]",esp32_1
CSI_DATA,49198,2025-07-23 16:16:22.552,0,stand,00:00:00:00:00:00,-75,11,0,0,0,0,0,0,0,0,0,-97,0,1,0,3685501214,0,14,0,0,0,104,0,"[0, 0, 79, -128, 80, -106, 79, -68, 75, -19, 61, 31, 47, 81, 50, 127, 54, 127, 54, 127, 63, 127, 74, 127, 78, 127, 76, 127, 78, 127, 81, 127, 76, 127, 69, 127, 62, 127, 55, 127, 53, 127, 51, 92, 43, 44, 33, -5, 25, -56, 17, -93, 41, 58, 45, 52, 50, 43, 57, 35, 60, 29, 64, 20, 67, 9, 62, 8, 57, 9, 55, 5, 56, 3, 53, 0, 48, -5, 44, -7, 35, -5, 31, -5, 40, -14, 51, -28, 54, -35, 53, -47, 54, -73, 61, -98, 71, -120, 80, -128, 89, -128, 91, -128]",esp32_2
CSI_DATA,150650,2025-07-23 16:16:22.560,0,stand,00:00:00:00:00:00,-62,11,0,0,0,0,0,0,0,0,0,-97,0,1,0,769788958,0,14,0,0,0,104,0,"[0, 0, 69, -60, 32, -42, -7, -30, -46, -26, -82, -28, -115, -33, -128, -39, -128, -48, -128, -60, -128, -71, -128, -82, -128, -89, -128, -91, -128, -88, -121, -78, -103, -64, -85, -47, -71, -28, -63, -8, -60, 12, -62, 31, -67, 46, -75, 56, -84, 60, -91, 60, 71, 21, 79, 26, 89, 34, 98, 42, 104, 49, 106, 55, 104, 58, 100, 58, 97, 53, 93, 43, 86, 27, 81, 8, 81, -12, 84, -36, 88, -64, 92, -93, 102, -120, 118, -128, 127, -128, 127, -128, 127, -128, 127, -128, 127, -128, 127, -128, 127, -128, 127, -128]",esp32_1
CSI_DATA,49199,2025-07-23 16:16:22.571,0,stand,00:00:00:00:00:00,-76,11,0,0,0,0,0,0,0,0,0,-97,0,1,0,3685539866,0,14,0,0,0,104,0,"[0, 0, 20, -128, 33, -128, 48, -98, 63, -46, 73, 13, 85, 63, 105, 117, 124, 127, 127, 127, 127, 127, 127, 127, 127, 127, 127, 127, 127, 127, 127, 127, 127, 127, 127, 127, 127, 127, 127, 127, 104, 127, 83, 87, 60, 35, 35, -20, 17, -63, 4, -92, 71, 21, 67, 14, 63, -4, 65, -16, 67, -21, 68, -26, 67, -31, 66, -37, 62, -38, 51, -34, 45, -30, 43, -31, 37, -33, 34, -32, 26, -29, 18, -27, 23, -30, 27, -46, 29, -69, 32, -86, 25, -104, 18, -122, 17, -128, 17, -128, 11, -128, 4, -128]",esp32_2
CSI_DATA,150651,2025-07-23 16:16:22.584,0,stand,00:00:00:00:00:00,-62,11,0,0,0,0,0,0,0,0,0,-97,0,1,0,769797838,0,14,0,0,0,104,0,"[0, 0, 33, 85, 28, 41, 32, -1, 36, -42, 43, -77, 55, -106, 71, -128, 89, -128, 105, -128, 114, -128, 121, -128, 124, -128, 123, -128, 118, -115, 103, -98, 83, -81, 64, -70, 42, -64, 21, -62, 0, -64, -18, -68, -31, -75, -39, -86, -41, -98, -39, -105, -44, 59, -50, 67, -58, 77, -68, 84, -77, 88, -85, 88, -89, 86, -88, 83, -81, 79, -70, 76, -55, 76, -35, 76, -11, 78, 14, 85, 38, 98, 60, 113, 82, 127, 103, 127, 119, 127, 127, 127, 127, 127, 127, 127, 124, 127, 112, 127, 96, 127, 83, 127]",esp32_1
CSI_DATA,150652,2025-07-23 16:16:22.604,0,stand,00:00:00:00:00:00,-62,11,0,0,0,0,0,0,0,0,0,-97,0,1,0,769810235,0,14,0,0,0,104,0,"[0, 0, -41, -81, -34, -39, -36, 1, -41, 40, -50, 75, -63, 103, -79, 126, -98, 127, -113, 127, -125, 127, -128, 127, -128, 127, -128, 122, -127, 105, -111, 89, -91, 75, -71, 64, -49, 60, -26, 60, -7, 62, 9, 67, 22, 76, 29, 87, 29, 98, 26, 105, 39, -61, 46, -69, 54, -80, 63, -88, 72, -92, 80, -93, 82, -90, 81, -86, 75, -83, 62, -81, 47, -82, 29, -83, 6, -85, -19, -91, -41, -103, -62, -118, -82, -128, -101, -128, -116, -128, -124, -128, -125, -128, -124, -128, -119, -128, -107, -128, -93, -128, -83, -128]",esp32_1
CSI_DATA,49200,2025-07-23 16:16:22.604,0,stand,00:00:00:00:00:00,-76,11,0,0,0,0,0,0,0,0,0,-97,0,1,0,3685562159,0,14,0,0,0,104,0,"[0, 0, 127, -36, 121, -17, 95, 9, 55, 37, 6, 62, -29, 89, -58, 123, -94, 127, -126, 127, -128, 127, -128, 127, -128, 127, -128, 127, -128, 127, -128, 127, -128, 127, -128, 127, -128, 127, -112, 127, -76, 127, -42, 93, -12, 58, 21, 18, 52, -18, 68, -36, 13, 68, 16, 62, 21, 53, 32, 50, 42, 50, 49, 45, 51, 37, 51, 31, 54, 28, 47, 29, 37, 23, 33, 15, 27, 11, 27, 13, 29, 17, 24, 18, 26, 14, 37, 4, 45, -4, 57, -8, 79, -9, 99, -18, 118, -36, 127, -51, 127, -56, 127, -58]",esp32_2
CSI_DATA,49201,2025-07-23 16:16:22.627,0,stand,00:00:00:00:00:00,-76,11,0,0,0,0,0,0,0,0,0,-97,0,1,0,3685587616,0,14,0,0,0,104,0,"[0, 0, 127, -10, 127, 5, 94, 29, 51, 53, 3, 72, -37, 94, -81, 127, -128, 127, -128, 127, -128, 127, -128, 127, -128, 127, -128, 127, -128, 127, -128, 127, -128, 127, -128, 127, -128, 127, -128, 127, -100, 127, -60, 109, -20, 59, 33, 24, 73, -1, 96, -25, -8, 94, -4, 83, -1, 77, 2, 78, 14, 78, 35, 76, 49, 70, 46, 65, 39, 66, 41, 65, 45, 54, 37, 40, 28, 34, 26, 41, 30, 45, 39, 29, 55, 18, 75, 17, 86, 16, 90, 14, 98, 10, 119, 2, 127, -6, 127, -15, 127, -17, 127, -7]",esp32_2
CSI_DATA,150653,2025-07-23 16:16:22.631,0,stand,00:00:00:00:00:00,-62,11,0,0,0,0,0,0,0,0,0,-97,0,1,0,769822314,0,14,0,0,0,104,0,"[0, 0, -79, -47, -52, -15, -31, 19, -13, 58, -1, 94, 5, 126, 6, 127, 1, 127, -7, 127, -16, 127, -26, 127, -33, 127, -40, 127, -43, 127, -38, 127, -29, 115, -19, 94, -6, 77, 12, 63, 32, 52, 51, 46, 67, 47, 78, 53, 86, 63, 89, 73, 0, -77, 0, -88, 1, -101, 4, -112, 11, -121, 19, -124, 25, -123, 27, -120, 22, -114, 12, -106, 1, -97, -15, -85, -39, -74, -67, -67, -94, -62, -119, -60, -128, -62, -128, -69, -128, -77, -128, -86, -128, -95, -128, -106, -128, -118, -128, -121, -128, -118, -128, -117]",esp32_1
CSI_DATA,150654,2025-07-23 16:16:22.649,0,stand,00:00:00:00:00:00,-62,11,0,0,0,0,0,0,0,0,0,-97,0,1,0,769837803,0,14,0,0,0,104,0,"[0, 0, -12, 94, 7, 51, 30, 13, 54, -15, 79, -34, 106, -50, 127, -62, 127, -68, 127, -70, 127, -70, 127, -65, 127, -55, 127, -40, 127, -26, 127, -18, 116, -14, 92, -17, 73, -25, 56, -35, 42, -51, 31, -66, 21, -76, 19, -88, 27, -104, 35, -114, -66, 41, -76, 46, -88, 49, -100, 50, -109, 49, -115, 45, -119, 38, -119, 35, -113, 35, -97, 37, -80, 48, -65, 59, -46, 71, -28, 91, -13, 112, 2, 127, 13, 127, 20, 127, 19, 127, 13, 127, 7, 127, 1, 127, 0, 127, 0, 127, -9, 127, -16, 127]",esp32_1
CSI_DATA,49202,2025-07-23 16:16:22.649,0,stand,00:00:00:00:00:00,-76,11,0,0,0,0,0,0,0,0,0,-97,0,1,0,3685635058,0,14,0,0,0,104,0,"[0, 0, -113, -105, -77, -85, -40, -75, -7, -67, 36, -49, 87, -28, 127, -5, 127, 21, 127, 40, 127, 48, 127, 53, 127, 63, 127, 75, 127, 79, 127, 69, 127, 55, 127, 45, 127, 40, 127, 34, 127, 20, 115, 0, 63, -20, 17, -37, -24, -54, -51, -68, 51, -61, 51, -62, 43, -65, 33, -70, 18, -69, 7, -65, 3, -63, 1, -65, 0, -64, 2, -56, 3, -47, 1, -43, 3, -47, 5, -46, 1, -40, -3, -38, -8, -40, -14, -43, -19, -52, -31, -61, -55, -69, -76, -81, -93, -95, -114, -109, -128, -120, -128, -128]",esp32_2
CSI_DATA,150655,2025-07-23 16:16:22.671,0,stand,00:00:00:00:00:00,-62,11,0,0,0,0,0,0,0,0,0,-97,0,1,0,769873064,0,14,0,0,0,104,0,"[0, 0, 82, -54, 40, -45, 0, -39, -38, -44, -73, -50, -103, -60, -128, -74, -128, -88, -128, -99, -128, -113, -128, -125, -128, -128, -128, -125, -116, -119, -99, -106, -83, -87, -69, -65, -62, -43, -61, -21, -66, -2, -74, 13, -83, 24, -91, 33, -102, 35, -110, 31, 68, 27, 76, 34, 86, 44, 93, 53, 100, 62, 103, 68, 101, 70, 97, 70, 94, 65, 91, 55, 85, 38, 81, 17, 85, -3, 93, -25, 101, -51, 108, -78, 122, -104, 127, -126, 127, -128, 127, -128, 127, -128, 127, -128, 127, -128, 127, -128, 127, -120, 127, -106]",esp32_1
CSI_DATA,49203,2025-07-23 16:16:22.671,0,stand,00:00:00:00:00:00,-76,11,0,0,0,0,0,0,0,0,0,-97,0,1,0,3685673980,0,14,0,0,0,104,0,"[0, 0, 127, 76, 99, 65, 62, 64, 27, 59, -17, 52, -70, 49, -128, 47, -128, 48, -128, 51, -128, 54, -128, 52, -128, 46, -128, 41, -128, 39, -128, 40, -128, 39, -128, 37, -128, 41, -128, 37, -128, 32, -104, 38, -54, 40, -3, 39, 41, 42, 73, 41, -37, 67, -30, 62, -18, 62, -10, 67, -3, 67, 4, 63, 10, 61, 13, 57, 10, 49, 3, 40, 4, 33, 2, 35, -1, 43, 3, 38, 7, 29, 9, 29, 15, 31, 19, 36, 25, 42, 38, 47, 55, 51, 78, 54, 104, 56, 126, 59, 127, 61, 127, 62]",esp32_2
CSI_DATA,150656,2025-07-23 16:16:22.696,0,stand,00:00:00:00:00:00,-62,11,0,0,0,0,0,0,0,0,0,-97,0,1,0,769912927,0,14,0,0,0,104,0,"[0, 0, 90, 22, 54, -1, 23, -27, -4, -58, -27, -88, -44, -115, -51, -128, -52, -128, -50, -128, -45, -128, -39, -128, -31, -128, -20, -128, -10, -128, -6, -128, -6, -116, -10, -93, -20, -72, -34, -54, -49, -40, -65, -32, -80, -28, -91, -29, -99, -37, -104, -44, 21, 66, 23, 77, 26, 90, 27, 103, 25, 114, 20, 120, 15, 121, 13, 119, 15, 111, 21, 99, 28, 86, 40, 71, 60, 55, 83, 41, 104, 30, 125, 20, 127, 13, 127, 10, 127, 11, 127, 15, 127, 20, 127, 28, 127, 38, 127, 44, 127, 49, 127, 54]",esp32_1
CSI_DATA,49204,2025-07-23 16:16:22.696,0,stand,00:00:00:00:00:00,-76,11,0,0,0,0,0,0,0,0,0,-97,0,1,0,3685725449,0,14,0,0,0,104,0,"[0, 0, 102, 116, 76, 104, 44, 81, 7, 53, -35, 30, -78, 6, -128, -14, -128, -33, -128, -53, -128, -69, -128, -88, -128, -102, -128, -109, -128, -116, -128, -116, -128, -109, -128, -97, -128, -81, -128, -64, -128, -44, -119, -18, -74, 12, -28, 38, 14, 56, 36, 72, -39, 61, -39, 65, -33, 68, -20, 72, -11, 74, -7, 70, -4, 64, 3, 59, 4, 57, -4, 55, -5, 46, -6, 41, -11, 38, -9, 36, -6, 37, -2, 36, 3, 34, 9, 40, 24, 47, 39, 56, 49, 64, 66, 74, 83, 92, 101, 106, 122, 113, 127, 116]",esp32_2
CSI_DATA,150657,2025-07-23 16:16:22.714,0,stand,00:00:00:00:00:00,-62,11,0,0,0,0,0,0,0,0,0,-97,0,1,0,769956923,0,14,0,0,0,104,0,"[0, 0, 32, -118, 4, -78, -30, -38, -68, -7, -107, 16, -128, 31, -128, 38, -128, 37, -128, 35, -128, 29, -128, 17, -128, 3, -128, -12, -128, -23, -128, -26, -128, -21, -122, -8, -98, 8, -80, 26, -69, 48, -63, 69, -58, 87, -59, 103, -71, 114, -85, 117, 84, -45, 96, -48, 111, -50, 126, -52, 127, -52, 127, -44, 127, -37, 127, -34, 127, -36, 127, -41, 107, -53, 86, -66, 66, -82, 50, -106, 35, -128, 22, -128, 15, -128, 10, -128, 12, -128, 22, -128, 34, -128, 45, -128, 51, -128, 55, -128, 61, -128, 67, -128]",esp32_1
CSI_DATA,49205,2025-07-23 16:16:22.714,0,stand,00:00:00:00:00:00,-76,11,0,0,0,0,0,0,0,0,0,-97,0,1,0,3685725823,0,14,0,0,0,104,0,"[0, 0, -28, -128, -11, -128, 17, -114, 42, -64, 63, -14, 82, 32, 116, 82, 127, 127, 127, 127, 127, 127, 127, 127, 127, 127, 127, 127, 127, 127, 127, 127, 127, 127, 127, 127, 127, 127, 127, 127, 127, 123, 110, 72, 76, 30, 42, -13, 6, -60, -19, -91, 74, -5, 72, -8, 71, -18, 71, -27, 71, -35, 66, -39, 65, -42, 61, -43, 51, -40, 50, -36, 51, -34, 43, -34, 32, -33, 27, -30, 29, -26, 26, -22, 25, -29, 23, -42, 18, -56, 13, -74, 8, -90, 5, -108, 4, -128, 0, -128, -13, -128, -25, -128]",esp32_2
CSI_DATA,49206,2025-07-23 16:16:22.735,0,stand,00:00:00:00:00:00,-76,11,0,0,0,0,0,0,0,0,0,-97,0,1,0,3685763353,0,14,0,36,55,104,0,"[0, 0, 117, 127, 82, 111, 45, 91, 6, 71, -45, 52, -102, 28, -128, 8, -128, -7, -128, -23, -128, -38, -128, -49, -128, -53, -128, -53, -128, -50, -128, -47, -128, -47, -128, -45, -128, -36, -128, -25, -128, -11, -121, 7, -69, 21, -18, 30, 32, 43, 69, 54, -67, 41, -67, 44, -63, 47, -55, 55, -44, 63, -36, 68, -31, 73, -26, 70, -25, 60, -26, 51, -22, 42, -17, 38, -19, 37, -24, 34, -24, 34, -17, 35, -10, 32, -1, 35, 2, 46, 7, 59, 25, 71, 49, 86, 70, 102, 95, 117, 117, 127, 123, 127]",esp32_2
CSI_DATA,150658,2025-07-23 16:16:22.744,0,stand,00:00:00:00:00:00,-62,11,0,0,0,0,0,0,0,0,0,-97,0,1,0,769984429,0,14,0,0,0,104,0,"[0, 0, -78, 63, -39, 48, 4, 38, 45, 35, 79, 37, 111, 40, 127, 47, 127, 58, 127, 70, 127, 83, 127, 95, 127, 102, 127, 103, 127, 97, 114, 88, 95, 74, 78, 54, 68, 32, 63, 11, 63, -9, 67, -28, 74, -41, 84, -48, 96, -51, 104, -49, -78, -15, -87, -19, -97, -27, -106, -37, -115, -44, -118, -48, -115, -50, -112, -51, -107, -47, -100, -38, -93, -23, -88, -4, -86, 16, -87, 41, -88, 69, -92, 98, -103, 126, -119, 127, -128, 127, -128, 127, -128, 127, -128, 127, -128, 127, -128, 127, -128, 127, -128, 127]",esp32_1
CSI_DATA,150659,2025-07-23 16:16:22.760,0,stand,00:00:00:00:00:00,-62,11,0,0,0,0,0,0,0,0,0,-97,0,1,0,770028675,0,14,0,239,-76,104,0,"[0, 0, -96, 15, -54, 22, -14, 35, 22, 53, 52, 73, 75, 91, 93, 110, 103, 127, 107, 127, 105, 127, 99, 127, 90, 127, 77, 127, 64, 127, 53, 127, 46, 106, 42, 84, 44, 61, 49, 40, 57, 22, 70, 9, 83, 0, 94, -1, 104, 3, 112, 8, -55, -50, -61, -60, -67, -72, -73, -83, -76, -92, -74, -98, -70, -100, -67, -98, -66, -91, -67, -80, -69, -63, -72, -42, -81, -23, -96, -4, -113, 16, -128, 35, -128, 52, -128, 65, -128, 74, -128, 78, -128, 77, -128, 71, -128, 64, -128, 55, -128, 42, -128, 31]",esp32_1
CSI_DATA,49207,2025-07-23 16:16:22.768,0,stand,00:00:00:00:00:00,-76,11,0,0,0,0,0,0,0,0,0,-97,0,1,0,3685771125,0,14,0,36,55,104,0,"[0, 0, -128, 22, -128, 3, -102, -16, -65, -33, -23, -59, 25, -96, 69, -128, 115, -128, 127, -128, 127, -128, 127, -128, 127, -128, 127, -128, 127, -128, 127, -128, 127, -128, 127, -128, 127, -128, 127, -128, 103, -128, 56, -107, 18, -71, -18, -34, -57, 2, -84, 32, 1, -78, -2, -77, -12, -77, -23, -70, -29, -63, -38, -63, -47, -63, -46, -61, -38, -55, -35, -46, -38, -40, -33, -40, -22, -39, -14, -28, -10, -24, -18, -28, -32, -25, -41, -21, -49, -19, -66, -18, -86, -13, -111, 1, -128, 17, -128, 32, -128, 40, -128, 42]",esp32_2
CSI_DATA,150660,2025-07-23 16:16:22.786,0,stand,00:00:00:00:00:00,-62,11,0,0,0,0,0,0,0,0,0,-97,0,1,0,770042749,0,14,0,239,-76,104,0,"[0, 0, 34, -99, 6, -61, -28, -26, -58, -2, -88, 14, -117, 28, -128, 36, -128, 36, -128, 29, -128, 17, -128, 5, -128, -1, -128, -4, -128, -9, -128, -11, -121, -5, -95, 5, -77, 18, -61, 33, -50, 48, -43, 64, -40, 77, -43, 89, -52, 101, -60, 108, 82, -13, 91, -15, 102, -14, 115, -10, 125, -5, 127, -3, 127, -3, 127, -2, 124, -3, 110, -7, 94, -18, 82, -32, 72, -51, 62, -78, 50, -110, 41, -128, 39, -128, 42, -128, 42, -128, 41, -128, 49, -128, 63, -128, 77, -128, 88, -128, 93, -128, 89, -128]",esp32_1
CSI_DATA,150661,2025-07-23 16:16:22.810,0,stand,00:00:00:00:00:00,-62,11,0,0,0,0,0,0,0,0,0,-97,0,1,0,770067561,0,14,0,0,0,104,0,"[0, 0, 23, 91, 25, 49, 34, 9, 46, -29, 62, -60, 81, -85, 103, -103, 123, -115, 127, -124, 127, -128, 127, -124, 127, -109, 127, -89, 127, -72, 126, -59, 103, -50, 81, -45, 61, -46, 42, -52, 23, -60, 7, -72, -5, -86, -11, -96, -6, -106, 2, -113, -38, 62, -45, 71, -54, 81, -65, 88, -75, 91, -84, 89, -90, 86, -91, 83, -82, 80, -67, 80, -48, 80, -26, 78, -2, 82, 19, 91, 36, 103, 52, 118, 69, 127, 88, 127, 101, 127, 103, 127, 101, 127, 101, 127, 103, 127, 97, 127, 81, 127, 70, 127]",esp32_1
CSI_DATA,150662,2025-07-23 16:16:22.829,0,stand,00:00:00:00:00:00,-62,11,0,0,0,0,0,0,0,0,0,-97,0,1,0,770103381,0,14,0,0,0,104,0,"[0, 0, 95, 18, 56, -1, 21, -24, -5, -55, -20, -88, -32, -115, -40, -128, -43, -128, -49, -128, -53, -128, -48, -128, -36, -128, -15, -128, 4, -128, 9, -128, 5, -115, -1, -91, -10, -75, -24, -62, -42, -51, -61, -45, -76, -37, -88, -35, -98, -43, -102, -54, 43, 59, 46, 69, 50, 83, 52, 97, 52, 108, 46, 111, 38, 114, 36, 115, 37, 109, 43, 92, 50, 71, 60, 53, 77, 36, 97, 23, 115, 13, 127, 2, 127, -6, 127, -13, 127, -12, 127, -2, 127, 9, 127, 16, 127, 10, 127, 3, 127, 8, 127, 18]",esp32_1
CSI_DATA,150663,2025-07-23 16:16:22.854,0,stand,00:00:00:00:00:00,-62,11,0,0,0,0,0,0,0,0,0,-97,0,1,0,770140128,0,14,0,0,0,104,0,"[0, 0, -99, 23, -57, 32, -18, 46, 18, 65, 51, 86, 77, 106, 95, 125, 105, 127, 103, 127, 95, 127, 85, 127, 74, 127, 67, 127, 60, 127, 49, 127, 42, 121, 40, 96, 43, 71, 51, 48, 62, 30, 74, 18, 88, 15, 101, 17, 110, 21, 114, 26, -66, -48, -73, -57, -79, -71, -84, -83, -86, -92, -87, -98, -85, -100, -80, -97, -78, -91, -79, -82, -80, -67, -85, -48, -96, -29, -109, -7, -124, 18, -128, 43, -128, 61, -128, 71, -128, 78, -128, 82, -128, 82, -128, 77, -128, 64, -128, 49, -128, 34, -128, 21]",esp32_1
CSI_DATA,49209,2025-07-23 16:16:22.859,0,stand,00:00:00:00:00:00,-75,11,0,0,0,0,0,0,0,0,0,-97,0,1,0,3685821975,0,14,0,0,0,104,0,"[0, 0, 127, -112, 118, -90, 96, -62, 76, -19, 53, 35, 31, 90, 14, 127, -5, 127, -25, 127, -43, 127, -57, 127, -61, 127, -56, 127, -54, 127, -50, 127, -43, 127, -40, 127, -37, 127, -30, 127, -16, 127, -1, 127, 13, 77, 27, 22, 43, -32, 52, -69, 35, 72, 47, 59, 56, 48, 60, 43, 67, 37, 77, 32, 80, 28, 77, 30, 71, 27, 62, 22, 55, 24, 42, 19, 28, 13, 27, 20, 29, 21, 32, 11, 38, 4, 45, -8, 52, -21, 62, -29, 77, -42, 91, -63, 105, -82, 121, -99, 127, -122, 127, -128]",esp32_2
CSI_DATA,150664,2025-07-23 16:16:22.873,0,stand,00:00:00:00:00:00,-62,11,0,0,0,0,0,0,0,0,0,-97,0,1,0,770186663,0,14,0,0,0,104,0,"[0, 0, 116, -59, 62, -52, 8, -51, -40, -63, -83, -80, -119, -98, -128, -116, -128, -128, -128, -128, -128, -128, -128, -128, -128, -128, -128, -128, -126, -128, -107, -128, -91, -124, -78, -97, -72, -69, -75, -41, -83, -18, -97, 0, -113, 14, -126, 21, -128, 20, -128, 13, 92, 32, 103, 40, 117, 52, 127, 64, 127, 76, 127, 86, 127, 90, 127, 91, 121, 84, 116, 70, 110, 47, 106, 21, 111, -5, 123, -36, 127, -71, 127, -105, 127, -128, 127, -128, 127, -128, 127, -128, 127, -128, 127, -128, 127, -128, 127, -128, 127, -128, 127, -119]",esp32_1
CSI_DATA,49210,2025-07-23 16:16:22.885,0,stand,00:00:00:00:00:00,-76,11,0,0,0,0,0,0,0,0,0,-97,0,1,0,3685873770,0,14,0,0,0,104,0,"[0, 0, 53, 127, 39, 127, 20, 106, -14, 73, -55, 38, -95, 5, -128, -31, -128, -66, -128, -97, -128, -125, -128, -128, -128, -128, -128, -128, -128, -128, -128, -128, -128, -128, -128, -128, -128, -128, -128, -100, -128, -72, -128, -39, -83, -4, -30, 29, 15, 55, 44, 71, -80, 18, -76, 30, -70, 36, -61, 41, -51, 49, -45, 55, -44, 55, -44, 51, -41, 50, -39, 50, -36, 43, -31, 33, -27, 24, -27, 18, -31, 13, -30, 10, -23, 19, -18, 34, -14, 48, -5, 62, 9, 77, 24, 97, 39, 121, 54, 127, 67, 127, 78, 127]",esp32_2
CSI_DATA,150665,2025-07-23 16:16:22.902,0,stand,00:00:00:00:00:00,-62,11,0,0,0,0,0,0,0,0,0,-97,0,1,0,770216298,0,14,0,0,0,104,0,"[0, 0, -90, -57, -64, -21, -45, 16, -31, 54, -22, 91, -20, 122, -24, 127, -34, 127, -45, 127, -56, 127, -66, 127, -71, 127, -75, 127, -77, 127, -69, 127, -55, 109, -41, 92, -24, 79, -3, 72, 16, 67, 34, 68, 48, 73, 56, 82, 58, 93, 58, 101, -18, -78, -18, -90, -19, -103, -17, -115, -10, -124, -4, -128, 1, -128, 4, -125, 0, -118, -8, -108, -19, -98, -34, -86, -54, -73, -78, -64, -102, -59, -127, -58, -128, -63, -128, -70, -128, -75, -128, -83, -128, -95, -128, -108, -128, -121, -128, -125, -128, -125, -128, -124]",esp32_1
CSI_DATA,49211,2025-07-23 16:16:22.917,0,stand,00:00:00:00:00:00,-76,11,0,0,0,0,0,0,0,0,0,-97,0,1,0,3685904841,0,14,0,0,0,104,0,"[0, 0, 126, -128, 114, -99, 96, -73, 77, -37, 59, 20, 44, 84, 27, 127, 9, 127, -6, 127, -19, 127, -18, 127, -13, 127, -21, 127, -26, 127, -24, 127, -29, 127, -29, 127, -16, 127, -1, 127, 11, 127, 22, 127, 26, 78, 29, 22, 40, -35, 55, -75, 51, 68, 55, 59, 60, 47, 66, 38, 72, 29, 80, 19, 85, 11, 78, 8, 70, 10, 69, 8, 70, 6, 63, 7, 47, 12, 37, 19, 33, 21, 26, 15, 30, 5, 42, -9, 53, -20, 67, -24, 79, -38, 95, -65, 115, -86, 127, -104, 127, -126, 127, -128]",esp32_2
CSI_DATA,150666,2025-07-23 16:16:22.923,0,stand,00:00:00:00:00:00,-62,11,0,0,0,0,0,0,0,0,0,-97,0,1,0,770237838,0,14,0,0,0,104,0,"[0, 0, -52, 94, -18, 66, 19, 42, 55, 30, 90, 24, 124, 20, 127, 19, 127, 22, 127, 30, 127, 42, 127, 53, 127, 61, 127, 65, 127, 66, 127, 60, 112, 49, 94, 33, 79, 14, 69, -6, 65, -23, 66, -40, 71, -55, 79, -64, 89, -66, 96, -66, -79, 20, -89, 18, -103, 14, -116, 11, -125, 9, -128, 5, -128, 0, -124, -4, -118, -2, -111, 6, -98, 18, -84, 35, -75, 54, -69, 77, -61, 103, -55, 127, -56, 127, -63, 127, -73, 127, -83, 127, -94, 127, -106, 127, -117, 127, -123, 127, -121, 127, -119, 127]",esp32_1
CSI_DATA,150667,2025-07-23 16:16:22.945,0,stand,00:00:00:00:00:00,-62,11,0,0,0,0,0,0,0,0,0,-97,0,1,0,770266743,0,14,0,0,0,104,0,"[0, 0, -95, 22, -54, 26, -15, 35, 21, 52, 51, 69, 74, 87, 90, 106, 101, 121, 105, 127, 102, 127, 96, 127, 88, 127, 76, 127, 63, 127, 52, 124, 47, 103, 42, 80, 42, 58, 49, 38, 59, 21, 71, 9, 83, 2, 94, 0, 103, 3, 110, 8, -59, -43, -67, -52, -76, -65, -83, -76, -85, -84, -82, -89, -75, -92, -71, -90, -69, -84, -70, -73, -71, -58, -73, -38, -82, -18, -96, 3, -110, 25, -126, 46, -128, 63, -128, 76, -128, 84, -128, 87, -128, 85, -128, 80, -128, 73, -128, 64, -128, 52, -128, 40]",esp32_1
CSI_DATA,49212,2025-07-23 16:16:22.949,0,stand,00:00:00:00:00:00,-78,11,0,0,0,0,0,0,0,0,0,-97,0,1,0,3685954885,0,14,0,0,0,104,0,"[0, 0, -46, 113, -48, 89, -42, 60, -35, 26, -37, -10, -38, -58, -34, -121, -35, -128, -37, -128, -29, -128, -15, -128, -4, -128, -4, -128, 4, -128, 25, -128, 24, -128, 7, -128, -2, -128, -3, -128, -6, -128, -22, -128, -46, -105, -63, -49, -84, 3, -110, 48, -66, 30, -68, 33, -63, 37, -55, 41, -50, 44, -48, 47, -49, 51, -50, 55, -49, 49, -48, 37, -47, 34, -36, 32, -26, 29, -27, 30, -30, 23, -30, 10, -23, 8, -25, 20, -31, 33, -27, 43, -26, 53, -35, 70, -42, 93, -32, 113, -25, 127, -25, 127]",esp32_2
CSI_DATA,150668,2025-07-23 16:16:22.966,0,stand,00:00:00:00:00:00,-62,11,0,0,0,0,0,0,0,0,0,-97,0,1,0,770289484,0,14,0,0,0,104,0,"[0, 0, -97, 31, -54, 32, -14, 39, 23, 55, 53, 73, 78, 91, 98, 110, 109, 126, 112, 127, 111, 127, 107, 127, 98, 127, 85, 127, 71, 127, 60, 127, 53, 105, 48, 82, 48, 61, 54, 41, 62, 25, 74, 12, 87, 4, 98, 1, 108, 4, 113, 10, -63, -41, -71, -50, -81, -63, -88, -74, -91, -83, -89, -87, -86, -88, -82, -87, -80, -81, -78, -68, -77, -51, -81, -31, -91, -12, -104, 10, -118, 33, -128, 54, -128, 72, -128, 87, -128, 95, -128, 99, -128, 99, -128, 95, -128, 87, -128, 77, -128, 63, -128, 48]",esp32_1
CSI_DATA,49213,2025-07-23 16:16:22.982,0,stand,00:00:00:00:00:00,-76,11,0,0,0,0,0,0,0,0,0,-97,0,1,0,3685979739,0,14,0,0,0,104,0,"[0, 0, 77, -128, 71, -115, 75, -80, 72, -34, 60, 20, 57, 70, 65, 120, 72, 127, 72, 127, 76, 127, 87, 127, 91, 127, 89, 127, 91, 127, 92, 127, 93, 127, 88, 127, 77, 127, 69, 127, 62, 127, 52, 109, 42, 53, 32, 2, 25, -46, 25, -83, 59, 39, 61, 35, 64, 22, 63, 8, 67, -2, 69, -5, 67, -1, 66, 0, 64, -5, 63, -7, 62, 1, 49, 3, 34, -1, 32, -1, 37, 2, 31, -2, 24, -4, 27, -9, 32, -24, 38, -43, 50, -65, 63, -90, 72, -119, 72, -128, 66, -128, 58, -128]",esp32_2
CSI_DATA,49214,2025-07-23 16:16:23.014,0,stand,00:00:00:00:00:00,-76,11,0,0,0,0,0,0,0,0,0,-97,0,1,0,3686003856,0,14,0,0,0,104,0,"[0, 0, 127, 45, 127, 46, 96, 46, 53, 47, 4, 53, -49, 64, -100, 72, -128, 79, -128, 93, -128, 113, -128, 127, -128, 127, -128, 127, -128, 127, -128, 127, -128, 127, -128, 121, -128, 111, -128, 101, -128, 82, -103, 67, -55, 60, -2, 49, 45, 32, 73, 17, -31, 79, -23, 74, -8, 67, 1, 65, 5, 66, 16, 67, 24, 64, 27, 62, 26, 63, 21, 55, 14, 39, 9, 34, -2, 38, -10, 36, -11, 32, -10, 32, 0, 35, 16, 37, 30, 37, 50, 40, 74, 38, 98, 34, 121, 35, 127, 35, 127, 42, 127, 54]",esp32_2
CSI_DATA,150670,2025-07-23 16:16:23.051,0,stand,00:00:00:00:00:00,-62,11,0,0,0,0,0,0,0,0,0,-97,0,1,0,770363206,0,14,0,0,0,104,0,"[0, 0, 14, -103, -6, -63, -31, -27, -56, 3, -83, 28, -111, 46, -128, 57, -128, 62, -128, 59, -128, 53, -128, 46, -128, 38, -128, 28, -128, 19, -128, 15, -121, 15, -97, 21, -76, 29, -58, 40, -43, 54, -33, 68, -30, 82, -31, 96, -39, 107, -47, 112, 72, -42, 81, -47, 92, -49, 104, -48, 116, -48, 125, -45, 125, -41, 120, -38, 112, -38, 100, -41, 83, -49, 65, -59, 47, -73, 29, -94, 14, -120, 1, -128, -7, -128, -13, -128, -14, -128, -11, -128, -4, -128, 5, -128, 15, -128, 24, -128, 31, -128, 36, -128]",esp32_1
CSI_DATA,150671,2025-07-23 16:16:23.071,0,stand,00:00:00:00:00:00,-62,11,0,0,0,0,0,0,0,0,0,-97,0,1,0,770413888,0,14,0,0,0,104,0,"[0, 0, -95, 44, -50, 39, -6, 38, 28, 45, 59, 58, 88, 73, 112, 88, 127, 103, 127, 115, 127, 123, 127, 127, 123, 127, 108, 127, 96, 126, 83, 110, 70, 92, 60, 69, 57, 47, 60, 29, 65, 11, 74, -4, 87, -16, 97, -21, 106, -20, 112, -16, -75, -25, -83, -32, -92, -41, -99, -52, -105, -62, -105, -67, -101, -70, -96, -73, -92, -68, -90, -55, -88, -34, -85, -12, -86, 7, -92, 29, -101, 54, -114, 80, -128, 103, -128, 121, -128, 127, -128, 127, -128, 127, -128, 127, -128, 127, -128, 127, -128, 111, -128, 91]",esp32_1
CSI_DATA,150672,2025-07-23 16:16:23.098,0,stand,00:00:00:00:00:00,-62,11,0,0,0,0,0,0,0,0,0,-97,0,1,0,770437517,0,14,0,0,0,104,0,"[0, 0, -105, -17, -67, 5, -34, 31, -6, 62, 15, 94, 29, 123, 36, 127, 37, 127, 32, 127, 25, 127, 18, 127, 10, 127, -1, 127, -10, 127, -10, 127, -4, 124, 3, 101, 14, 81, 30, 65, 48, 53, 67, 48, 80, 48, 90, 52, 97, 61, 99, 70, -44, -69, -49, -80, -54, -94, -58, -108, -56, -119, -51, -124, -45, -124, -40, -122, -41, -114, -46, -102, -53, -87, -63, -68, -80, -48, -104, -31, -128, -18, -128, -6, -128, 2, -128, 6, -128, 7, -128, 4, -128, -4, -128, -14, -128, -25, -128, -34, -128, -42, -128, -50]",esp32_1
CSI_DATA,49216,2025-07-23 16:16:23.100,0,stand,00:00:00:00:00:00,-76,11,0,0,0,0,0,0,0,0,0,-97,0,1,0,3686101400,0,14,0,0,0,104,0,"[0, 0, 127, -46, 126, -39, 102, -20, 68, 8, 33, 39, 0, 73, -40, 109, -81, 127, -111, 127, -128, 127, -128, 127, -128, 127, -128, 127, -128, 127, -128, 127, -128, 127, -128, 127, -128, 127, -125, 127, -93, 127, -57, 110, -18, 71, 21, 33, 54, 1, 78, -22, 15, 68, 16, 64, 30, 56, 43, 49, 48, 49, 55, 46, 60, 41, 57, 39, 53, 36, 47, 31, 42, 28, 32, 29, 18, 29, 11, 29, 12, 31, 12, 29, 19, 27, 31, 22, 40, 12, 54, 4, 73, -6, 93, -18, 114, -28, 127, -36, 127, -48, 127, -60]",esp32_2
CSI_DATA,150673,2025-07-23 16:16:23.112,0,stand,00:00:00:00:00:00,-62,11,0,0,0,0,0,0,0,0,0,-97,0,1,0,770472170,0,14,0,0,0,104,0,"[0, 0, -65, -65, -51, -29, -45, 5, -42, 41, -39, 74, -44, 104, -54, 126, -66, 127, -83, 127, -97, 127, -105, 127, -106, 127, -102, 127, -93, 116, -81, 102, -67, 88, -51, 76, -31, 68, -10, 66, 7, 65, 21, 68, 30, 76, 34, 87, 32, 98, 30, 103, 9, -73, 12, -82, 14, -95, 18, -105, 25, -112, 34, -114, 38, -111, 39, -106, 34, -100, 26, -96, 14, -91, -4, -85, -28, -79, -55, -79, -80, -80, -103, -85, -127, -96, -128, -111, -128, -125, -128, -128, -128, -128, -128, -128, -128, -128, -128, -128, -128, -128, -125, -128]",esp32_1
CSI_DATA,49217,2025-07-23 16:16:23.124,0,stand,00:00:00:00:00:00,-78,11,0,0,0,0,0,0,0,0,0,-97,0,1,0,3686137480,0,14,0,0,0,104,0,"[0, 0, 62, 110, 52, 95, 33, 82, 9, 44, -26, 3, -62, -24, -97, -44, -128, -74, -128, -121, -128, -128, -128, -128, -128, -128, -128, -128, -128, -128, -128, -128, -128, -128, -128, -128, -128, -128, -128, -128, -128, -128, -122, -122, -103, -59, -84, 4, -65, 60, -53, 105, -3, 69, -1, 67, 3, 65, 11, 61, 15, 57, 19, 53, 18, 48, 15, 48, 15, 57, 8, 61, -1, 52, -5, 44, -15, 42, -20, 39, -15, 35, -13, 33, -17, 32, -11, 34, 6, 46, 16, 61, 21, 71, 28, 82, 39, 85, 54, 88, 71, 101, 90, 107]",esp32_2
CSI_DATA,150674,2025-07-23 16:16:23.140,0,stand,00:00:00:00:00:00,-62,11,0,0,0,0,0,0,0,0,0,-97,0,1,0,770508891,0,14,0,0,0,104,0,"[0, 0, -88, 52, -48, 44, -6, 41, 32, 47, 65, 58, 94, 69, 118, 81, 127, 92, 127, 103, 127, 115, 127, 125, 127, 127, 119, 127, 102, 120, 88, 107, 77, 88, 67, 67, 62, 46, 63, 26, 68, 8, 76, -7, 85, -18, 94, -23, 105, -22, 112, -18, -75, -20, -85, -28, -95, -37, -103, -45, -110, -53, -111, -58, -108, -62, -104, -63, -99, -56, -95, -43, -90, -25, -86, -5, -88, 15, -95, 39, -101, 66, -108, 91, -124, 115, -128, 127, -128, 127, -128, 127, -128, 127, -128, 127, -128, 127, -128, 127, -128, 121, -128, 104]",esp32_1
CSI_DATA,49218,2025-07-23 16:16:23.156,0,stand,00:00:00:00:00:00,-76,11,0,0,0,0,0,0,0,0,0,-97,0,1,0,3686164467,0,14,0,0,0,104,0,"[0, 0, -128, 62, -128, 44, -115, 23, -76, -3, -42, -40, -5, -84, 44, -125, 91, -128, 123, -128, 127, -128, 127, -128, 127, -128, 127, -128, 127, -128, 127, -128, 127, -128, 127, -128, 127, -128, 126, -128, 89, -128, 55, -127, 20, -78, -18, -35, -52, 3, -78, 30, -10, -81, -25, -69, -39, -59, -46, -58, -55, -58, -61, -50, -60, -46, -60, -53, -64, -50, -59, -38, -47, -35, -31, -38, -18, -40, -16, -37, -18, -34, -20, -34, -21, -32, -27, -31, -37, -32, -53, -22, -75, 0, -100, 18, -127, 28, -128, 42, -128, 58, -128, 67]",esp32_2
CSI_DATA,150675,2025-07-23 16:16:23.160,0,stand,00:00:00:00:00:00,-62,11,0,0,0,0,0,0,0,0,0,-97,0,1,0,770534590,0,14,0,0,0,104,0,"[0, 0, 72, 93, 54, 46, 49, -2, 45, -51, 42, -96, 47, -128, 61, -128, 78, -128, 97, -128, 114, -128, 123, -128, 127, -128, 124, -128, 118, -128, 104, -128, 83, -116, 60, -99, 35, -89, 9, -84, -16, -84, -37, -87, -50, -94, -57, -105, -60, -121, -59, -128, -26, 90, -29, 104, -35, 117, -43, 127, -52, 127, -61, 127, -67, 127, -66, 127, -58, 127, -46, 117, -30, 112, -7, 107, 23, 102, 58, 103, 91, 107, 120, 119, 127, 127, 127, 127, 127, 127, 127, 127, 127, 127, 127, 127, 127, 127, 127, 127, 127, 127, 127, 127]",esp32_1
CSI_DATA,150676,2025-07-23 16:16:23.187,0,stand,00:00:00:00:00:00,-62,11,0,0,0,0,0,0,0,0,0,-97,0,1,0,770560539,0,14,0,0,0,104,0,"[0, 0, 35, -103, 6, -71, -28, -44, -60, -27, -91, -15, -122, -8, -128, -7, -128, -9, -128, -17, -128, -29, -128, -41, -128, -50, -128, -55, -128, -55, -128, -50, -120, -42, -98, -27, -83, -10, -75, 9, -70, 27, -70, 42, -74, 54, -81, 64, -92, 69, -100, 69, 73, -45, 83, -45, 95, -45, 107, -45, 117, -43, 123, -40, 124, -36, 121, -35, 113, -35, 102, -40, 87, -51, 74, -63, 61, -78, 50, -100, 39, -127, 29, -128, 26, -128, 29, -128, 34, -128, 44, -128, 55, -128, 66, -128, 77, -128, 84, -128, 88, -128, 88, -128]",esp32_1
CSI_DATA,49219,2025-07-23 16:16:23.187,0,stand,00:00:00:00:00:00,-76,11,0,0,0,0,0,0,0,0,0,-97,0,1,0,3686190874,0,14,0,0,0,104,0,"[0, 0, 127, 120, 105, 111, 66, 97, 25, 76, -19, 54, -76, 33, -128, 9, -128, -5, -128, -8, -128, -10, -128, -16, -128, -20, -128, -21, -128, -28, -128, -28, -128, -22, -128, -16, -128, -6, -128, 3, -128, 8, -128, 15, -83, 26, -20, 35, 34, 43, 73, 53, -57, 51, -55, 57, -50, 60, -38, 63, -29, 64, -27, 59, -24, 56, -19, 56, -17, 58, -17, 53, -20, 47, -25, 44, -30, 36, -34, 30, -31, 29, -25, 27, -20, 31, -13, 40, -2, 45, 17, 52, 35, 64, 55, 78, 84, 93, 110, 107, 127, 122, 127, 127]",esp32_2
CSI_DATA,150677,2025-07-23 16:16:23.204,0,stand,00:00:00:00:00:00,-62,11,0,0,0,0,0,0,0,0,0,-97,0,1,0,770607922,0,14,0,0,0,104,0,"[0, 0, 93, 30, 60, 6, 33, -21, 9, -56, -8, -89, -17, -118, -21, -128, -22, -128, -16, -128, -7, -128, 0, -128, 7, -128, 13, -128, 18, -128, 17, -128, 11, -114, 3, -94, -8, -78, -24, -65, -42, -55, -60, -50, -73, -50, -83, -54, -88, -64, -89, -73, 28, 69, 30, 80, 33, 94, 33, 108, 30, 118, 24, 123, 17, 123, 14, 120, 18, 112, 26, 100, 33, 87, 47, 72, 68, 57, 92, 46, 115, 35, 127, 26, 127, 22, 127, 23, 127, 27, 127, 33, 127, 42, 127, 53, 127, 64, 127, 70, 127, 73, 127, 76]",esp32_1
CSI_DATA,49220,2025-07-23 16:16:23.218,0,stand,00:00:00:00:00:00,-76,11,0,0,0,0,0,0,0,0,0,-97,0,1,0,3686215972,0,14,0,0,0,104,0,"[0, 0, -45, -128, -27, -128, 0, -113, 27, -70, 51, -32, 80, 0, 112, 42, 127, 86, 127, 115, 127, 127, 127, 127, 127, 127, 127, 127, 127, 127, 127, 127, 127, 127, 127, 127, 127, 127, 127, 117, 127, 80, 115, 45, 70, 14, 31, -12, -4, -46, -32, -72, 63, 16, 62, 6, 57, -8, 56, -21, 60, -29, 62, -28, 58, -28, 58, -27, 59, -27, 54, -26, 47, -19, 42, -18, 34, -21, 32, -18, 34, -8, 32, -3, 31, -10, 30, -22, 27, -40, 25, -57, 21, -70, 11, -91, -2, -118, -13, -128, -21, -128, -24, -128]",esp32_2
CSI_DATA,150678,2025-07-23 16:16:23.234,0,stand,00:00:00:00:00:00,-62,11,0,0,0,0,0,0,0,0,0,-97,0,1,0,770656222,0,14,0,0,0,104,0,"[0, 0, -71, -78, -55, -39, -46, 2, -40, 40, -40, 75, -45, 106, -55, 127, -69, 127, -82, 127, -94, 127, -102, 127, -106, 127, -105, 127, -100, 127, -90, 112, -75, 95, -56, 82, -36, 74, -14, 71, 5, 71, 21, 73, 33, 79, 40, 89, 41, 102, 37, 113, 11, -79, 13, -89, 15, -101, 21, -113, 30, -121, 38, -122, 42, -121, 42, -118, 36, -110, 25, -102, 10, -97, -9, -91, -30, -84, -56, -82, -85, -86, -113, -96, -128, -111, -128, -124, -128, -128, -128, -128, -128, -128, -128, -128, -128, -128, -128, -128, -128, -128, -128, -128]",esp32_1
CSI_DATA,49221,2025-07-23 16:16:23.236,0,stand,00:00:00:00:00:00,-76,11,0,0,0,0,0,0,0,0,0,-97,0,1,0,3686247625,0,14,0,0,0,104,0,"[0, 0, -25, -128, -15, -128, 7, -123, 33, -81, 59, -32, 83, 20, 109, 69, 127, 113, 127, 127, 127, 127, 127, 127, 127, 127, 127, 127, 127, 127, 127, 127, 127, 127, 127, 127, 127, 127, 127, 127, 127, 127, 112, 84, 81, 34, 45, -11, 8, -49, -16, -71, 68, -12, 66, -16, 61, -27, 56, -38, 54, -43, 55, -46, 55, -45, 55, -41, 51, -38, 41, -29, 38, -19, 39, -16, 39, -23, 35, -25, 38, -17, 42, -9, 41, -13, 42, -29, 42, -47, 36, -60, 25, -77, 14, -98, 8, -126, -1, -128, -14, -128, -24, -128]",esp32_2
CSI_DATA,150679,2025-07-23 16:16:23.250,0,stand,00:00:00:00:00:00,-62,11,0,0,0,0,0,0,0,0,0,-97,0,1,0,770682054,0,14,0,0,0,104,0,"[0, 0, 34, -99, 6, -66, -26, -40, -57, -22, -89, -8, -121, 1, -128, 6, -128, 4, -128, -4, -128, -13, -128, -21, -128, -27, -128, -33, -128, -36, -128, -34, -118, -25, -98, -12, -82, 3, -70, 19, -63, 37, -62, 53, -64, 66, -69, 76, -79, 82, -87, 82, 73, -40, 84, -41, 97, -41, 108, -40, 119, -38, 124, -34, 124, -29, 121, -24, 112, -24, 100, -30, 85, -43, 69, -58, 55, -75, 45, -97, 35, -122, 25, -128, 21, -128, 23, -128, 29, -128, 37, -128, 48, -128, 59, -128, 70, -128, 78, -128, 82, -128, 84, -128]",esp32_1
CSI_DATA,49222,2025-07-23 16:16:23.526,0,stand,00:00:00:00:00:00,-76,11,0,0,0,0,0,0,0,0,0,-97,0,1,0,3686915615,0,14,0,0,0,104,0,"[0, 0, 78, 127, 59, 127, 29, 97, 1, 66, -27, 37, -62, 1, -104, -42, -128, -76, -128, -106, -128, -128, -128, -128, -128, -128, -128, -128, -128, -128, -128, -128, -128, -128, -128, -128, -128, -128, -128, -128, -128, -101, -117, -62, -88, -25, -55, 10, -21, 43, -1, 71, -39, 46, -37, 51, -31, 57, -27, 63, -24, 71, -16, 74, -13, 71, -14, 66, -16, 61, -19, 52, -20, 44, -22, 44, -30, 43, -36, 36, -33, 34, -31, 39, -35, 41, -35, 44, -22, 52, -3, 63, 12, 75, 24, 88, 45, 102, 69, 124, 87, 127, 99, 127]",esp32_2
CSI_DATA,49224,2025-07-23 16:16:23.548,0,stand,00:00:00:00:00:00,-76,11,0,0,0,0,0,0,0,0,0,-97,0,1,0,3686935573,0,14,0,0,0,104,0,"[0, 0, 127, 9, 127, 6, 105, 18, 67, 35, 21, 48, -32, 61, -90, 76, -128, 92, -128, 109, -128, 119, -128, 127, -128, 127, -128, 127, -128, 127, -128, 127, -128, 127, -128, 125, -128, 114, -128, 96, -128, 77, -116, 67, -60, 59, -13, 50, 32, 42, 68, 37, 17, 58, 23, 57, 30, 50, 34, 48, 41, 50, 49, 47, 46, 44, 40, 49, 43, 56, 44, 53, 41, 49, 27, 53, 7, 56, 0, 53, 3, 48, 5, 46, 7, 48, 15, 50, 30, 49, 52, 41, 71, 26, 91, 18, 118, 14, 127, 2, 127, -8, 127, -8]",esp32_2
CSI_DATA,150680,2025-07-23 16:16:23.554,0,stand,00:00:00:00:00:00,-62,11,0,0,0,0,0,0,0,0,0,-97,0,1,0,770716077,0,14,0,0,0,104,0,"[0, 0, 99, -25, 59, -28, 21, -39, -13, -58, -45, -76, -70, -95, -88, -113, -101, -128, -107, -128, -105, -128, -98, -128, -87, -128, -76, -128, -65, -128, -56, -128, -49, -108, -46, -87, -49, -63, -56, -43, -64, -28, -75, -17, -89, -10, -101, -6, -110, -9, -115, -17, 62, 43, 70, 51, 79, 63, 85, 74, 88, 84, 87, 90, 84, 94, 79, 92, 76, 83, 76, 71, 76, 53, 80, 32, 89, 11, 102, -7, 115, -30, 127, -54, 127, -72, 127, -85, 127, -92, 127, -93, 127, -90, 127, -88, 127, -84, 127, -74, 127, -57, 127, -40]",esp32_1
CSI_DATA,49225,2025-07-23 16:16:23.554,0,stand,00:00:00:00:00:00,-76,11,0,0,0,0,0,0,0,0,0,-97,0,1,0,3686945509,0,14,0,0,0,104,0,"[0, 0, 127, -42, 127, -21, 118, -1, 79, 16, 34, 35, -12, 59, -58, 90, -104, 123, -128, 127, -128, 127, -128, 127, -128, 127, -128, 127, -128, 127, -128, 127, -128, 127, -128, 127, -128, 127, -128, 127, -127, 127, -84, 107, -42, 73, -1, 47, 43, 26, 81, 7, 24, 63, 32, 57, 42, 52, 47, 50, 49, 45, 52, 39, 59, 41, 66, 46, 57, 50, 42, 51, 40, 46, 35, 42, 20, 46, 13, 51, 14, 49, 13, 44, 19, 44, 30, 41, 37, 33, 49, 24, 67, 14, 87, 3, 111, -11, 127, -27, 127, -44, 127, -53]",esp32_2
CSI_DATA,150681,2025-07-23 16:16:23.558,0,stand,00:00:00:00:00:00,-62,11,0,0,0,0,0,0,0,0,0,-97,0,1,0,770742296,0,14,0,0,0,104,0,"[0, 0, -65, 82, -28, 61, 12, 45, 48, 33, 80, 29, 110, 31, 127, 36, 127, 46, 127, 55, 127, 60, 127, 66, 127, 75, 127, 81, 127, 81, 119, 71, 101, 56, 86, 40, 76, 22, 72, 1, 70, -17, 73, -32, 77, -46, 83, -55, 94, -57, 103, -54, -82, 11, -91, 9, -102, 6, -114, 2, -125, -2, -128, -8, -127, -14, -123, -17, -115, -13, -105, -1, -94, 16, -82, 35, -70, 55, -63, 77, -64, 102, -73, 127, -82, 127, -88, 127, -95, 127, -107, 127, -122, 127, -128, 127, -128, 127, -128, 127, -128, 127, -128, 127]",esp32_1
CSI_DATA,49226,2025-07-23 16:16:23.562,0,stand,00:00:00:00:00:00,-76,11,0,0,0,0,0,0,0,0,0,-97,0,1,0,3686956088,0,14,0,0,0,104,0,"[0, 0, 127, -109, 127, -93, 104, -63, 72, -24, 40, 20, 12, 75, -22, 127, -51, 127, -70, 127, -92, 127, -116, 127, -128, 127, -128, 127, -128, 127, -128, 127, -128, 127, -128, 127, -120, 127, -98, 127, -74, 127, -47, 127, -15, 88, 20, 42, 54, 1, 77, -26, 56, 37, 58, 34, 64, 25, 70, 11, 72, 4, 79, 7, 83, 4, 77, -4, 66, -2, 66, 8, 75, 18, 66, 22, 50, 29, 49, 38, 48, 43, 43, 39, 42, 28, 52, 19, 69, 10, 82, -8, 92, -31, 104, -53, 120, -74, 127, -97, 127, -119, 127, -128]",esp32_2
CSI_DATA,150682,2025-07-23 16:16:23.563,0,stand,00:00:00:00:00:00,-62,11,0,0,0,0,0,0,0,0,0,-97,0,1,0,770776279,0,14,0,0,0,104,0,"[0, 0, -108, -2, -65, 13, -29, 33, 3, 59, 30, 85, 53, 111, 66, 127, 68, 127, 64, 127, 59, 127, 54, 127, 46, 127, 35, 127, 27, 127, 22, 127, 20, 118, 23, 96, 31, 77, 43, 59, 56, 44, 72, 33, 88, 30, 101, 32, 108, 41, 111, 49, -54, -60, -61, -70, -69, -83, -73, -95, -71, -106, -66, -113, -61, -115, -57, -112, -57, -103, -61, -90, -66, -75, -73, -54, -86, -32, -105, -12, -126, 5, -128, 20, -128, 31, -128, 39, -128, 44, -128, 44, -128, 38, -128, 28, -128, 16, -128, 6, -128, -4, -128, -13]",esp32_1
CSI_DATA,150683,2025-07-23 16:16:23.567,0,stand,00:00:00:00:00:00,-62,11,0,0,0,0,0,0,0,0,0,-97,0,1,0,770803803,0,14,0,0,0,104,0,"[0, 0, -39, 97, -11, 66, 21, 38, 53, 16, 82, 2, 111, -9, 127, -14, 127, -13, 127, -8, 127, 0, 127, 8, 127, 16, 127, 23, 127, 24, 127, 22, 113, 20, 94, 10, 78, -8, 65, -27, 56, -43, 55, -57, 57, -69, 62, -79, 70, -86, 78, -89, -73, 31, -84, 33, -97, 33, -109, 32, -118, 30, -124, 26, -124, 23, -118, 21, -110, 21, -100, 27, -86, 38, -72, 49, -57, 65, -45, 87, -34, 113, -28, 127, -27, 127, -28, 127, -30, 127, -36, 127, -45, 127, -57, 127, -68, 127, -74, 127, -78, 127, -80, 127]",esp32_1
CSI_DATA,150684,2025-07-23 16:16:23.570,0,stand,00:00:00:00:00:00,-62,11,0,0,0,0,0,0,0,0,0,-97,0,1,0,770829799,0,14,0,0,0,104,0,"[0, 0, 14, 99, 22, 59, 38, 20, 53, -12, 72, -39, 93, -61, 116, -77, 127, -86, 127, -89, 127, -86, 127, -80, 127, -71, 127, -60, 127, -50, 127, -43, 109, -38, 87, -36, 67, -42, 49, -53, 34, -64, 25, -73, 20, -82, 19, -93, 25, -105, 33, -110, -46, 64, -53, 69, -62, 73, -72, 76, -81, 80, -87, 83, -89, 80, -87, 78, -80, 77, -68, 75, -50, 76, -31, 80, -13, 86, 6, 100, 24, 119, 40, 127, 57, 127, 69, 127, 75, 127, 77, 127, 76, 127, 69, 127, 59, 127, 48, 127, 36, 127, 27, 127]",esp32_1
CSI_DATA,49227,2025-07-23 16:16:23.570,0,stand,00:00:00:00:00:00,-76,11,0,0,0,0,0,0,0,0,0,-97,0,1,0,3686965488,0,14,0,0,0,104,0,"[0, 0, -128, 5, -128, -1, -123, -15, -73, -28, -29, -43, 18, -65, 78, -88, 127, -106, 127, -126, 127, -128, 127, -128, 127, -128, 127, -128, 127, -128, 127, -128, 127, -128, 127, -128, 127, -128, 127, -120, 127, -103, 127, -90, 69, -77, 12, -62, -41, -48, -77, -34, -24, -65, -28, -61, -34, -58, -42, -54, -53, -51, -61, -46, -63, -39, -66, -44, -66, -54, -57, -52, -45, -46, -33, -47, -24, -56, -16, -58, -7, -59, -11, -62, -16, -57, -21, -53, -30, -51, -44, -41, -64, -30, -92, -27, -124, -23, -128, -7, -128, 4, -128, 6]",esp32_2
CSI_DATA,150685,2025-07-23 16:16:23.575,0,stand,00:00:00:00:00:00,-62,11,0,0,0,0,0,0,0,0,0,-97,0,1,0,770874620,0,14,0,0,0,104,0,"[0, 0, -105, -28, -70, -4, -40, 24, -15, 58, 3, 91, 16, 120, 20, 127, 19, 127, 12, 127, 5, 127, -3, 127, -11, 127, -18, 127, -22, 127, -21, 127, -15, 121, -5, 101, 8, 83, 24, 68, 42, 59, 59, 55, 73, 57, 83, 62, 87, 73, 87, 82, -39, -68, -44, -80, -48, -95, -50, -108, -48, -119, -43, -124, -37, -123, -32, -119, -32, -111, -38, -100, -47, -88, -59, -72, -78, -54, -102, -40, -125, -28, -128, -19, -128, -14, -128, -12, -128, -14, -128, -19, -128, -27, -128, -38, -128, -51, -128, -60, -128, -67, -128, -72]",esp32_1
CSI_DATA,49228,2025-07-23 16:16:23.577,0,stand,00:00:00:00:00:00,-76,11,0,0,0,0,0,0,0,0,0,-97,0,1,0,3686975499,0,14,0,0,0,104,0,"[0, 0, 122, -128, 111, -108, 92, -72, 70, -34, 47, 11, 30, 63, 15, 121, -7, 127, -37, 127, -60, 127, -68, 127, -71, 127, -74, 127, -78, 127, -81, 127, -80, 127, -79, 127, -71, 127, -54, 127, -36, 127, -17, 127, 9, 86, 37, 36, 52, -6, 58, -35, 65, 40, 65, 35, 67, 27, 70, 16, 73, 8, 74, 3, 75, -2, 79, -1, 76, 7, 71, 16, 67, 24, 54, 26, 44, 26, 44, 31, 42, 31, 41, 28, 46, 23, 53, 15, 63, 5, 77, -5, 83, -23, 91, -44, 103, -65, 111, -91, 123, -118, 127, -128]",esp32_2
CSI_DATA,150686,2025-07-23 16:16:23.579,0,stand,00:00:00:00:00:00,-62,11,0,0,0,0,0,0,0,0,0,-97,0,1,0,770922322,0,14,0,0,0,104,0,"[0, 0, 4, -108, -13, -70, -36, -34, -61, -4, -86, 20, -112, 37, -128, 49, -128, 53, -128, 50, -128, 44, -128, 36, -128, 28, -128, 21, -128, 14, -128, 12, -119, 12, -98, 17, -81, 28, -65, 42, -52, 56, -45, 68, -42, 80, -45, 92, -53, 102, -62, 107, 63, -57, 71, -61, 82, -64, 93, -67, 104, -68, 111, -65, 113, -60, 110, -58, 102, -56, 87, -57, 71, -65, 53, -74, 35, -84, 17, -103, -1, -128, -16, -128, -24, -128, -30, -128, -34, -128, -34, -128, -27, -128, -17, -128, -5, -128, 6, -128, 16, -128, 21, -128]",esp32_1
CSI_DATA,150687,2025-07-23 16:16:23.584,0,stand,00:00:00:00:00:00,-62,11,0,0,0,0,0,0,0,0,0,-97,0,1,0,770946640,0,14,0,0,0,104,0,"[0, 0, -115, -73, -83, -32, -53, 14, -39, 62, -33, 104, -28, 127, -27, 127, -35, 127, -50, 127, -69, 127, -86, 127, -95, 127, -94, 127, -87, 127, -77, 127, -61, 127, -41, 111, -19, 97, 4, 88, 27, 83, 46, 85, 59, 92, 67, 102, 72, 116, 75, 125, -20, -98, -20, -112, -17, -128, -11, -128, -5, -128, 1, -128, 4, -128, 7, -128, 4, -128, -6, -128, -20, -118, -38, -106, -63, -98, -97, -92, -128, -83, -128, -77, -128, -83, -128, -96, -128, -107, -128, -116, -128, -127, -128, -128, -128, -128, -128, -128, -128, -128, -128, -128]",esp32_1
CSI_DATA,150688,2025-07-23 16:16:23.588,0,stand,00:00:00:00:00:00,-62,11,0,0,0,0,0,0,0,0,0,-97,0,1,0,770972909,0,14,0,0,0,104,0,"[0, 0, -103, 37, -59, 36, -17, 41, 21, 57, 54, 75, 79, 92, 98, 109, 111, 124, 117, 127, 116, 127, 111, 127, 102, 127, 90, 127, 75, 127, 65, 121, 58, 101, 53, 80, 54, 58, 60, 38, 69, 21, 81, 8, 92, 2, 103, 0, 115, 3, 120, 8, -72, -38, -80, -47, -90, -59, -97, -69, -100, -77, -98, -82, -94, -84, -89, -82, -85, -76, -83, -64, -82, -45, -84, -23, -92, -1, -107, 22, -122, 46, -128, 67, -128, 87, -128, 103, -128, 112, -128, 116, -128, 116, -128, 112, -128, 104, -128, 93, -128, 78, -128, 62]",esp32_1
CSI_DATA,150689,2025-07-23 16:16:23.595,0,stand,00:00:00:00:00:00,-62,11,0,0,0,0,0,0,0,0,0,-97,0,1,0,771008647,0,14,0,0,0,104,0,"[0, 0, 109, 48, 76, 13, 48, -23, 25, -62, 9, -100, 0, -128, -1, -128, 4, -128, 13, -128, 24, -128, 32, -128, 36, -128, 43, -128, 49, -128, 45, -128, 34, -128, 21, -111, 4, -95, -17, -84, -38, -76, -58, -74, -73, -77, -84, -84, -87, -96, -85, -104, 27, 83, 30, 96, 32, 113, 31, 127, 27, 127, 19, 127, 12, 127, 9, 127, 13, 127, 23, 117, 34, 102, 51, 85, 76, 69, 107, 59, 127, 50, 127, 45, 127, 48, 127, 52, 127, 57, 127, 68, 127, 80, 127, 94, 127, 107, 127, 113, 127, 114, 127, 115]",esp32_1
CSI_DATA,150690,2025-07-23 16:16:23.599,0,stand,00:00:00:00:00:00,-62,11,0,0,0,0,0,0,0,0,0,-97,0,1,0,771039585,0,14,0,0,0,104,0,"[0, 0, 73, -77, 34, -59, -7, -47, -44, -44, -78, -45, -109, -50, -128, -56, -128, -64, -128, -77, -128, -89, -128, -99, -128, -103, -128, -103, -128, -98, -114, -87, -98, -72, -84, -53, -76, -34, -72, -15, -73, 3, -80, 18, -87, 28, -96, 35, -107, 37, -115, 35, 80, -4, 91, -2, 101, 4, 111, 11, 122, 18, 124, 23, 121, 26, 117, 26, 111, 21, 103, 11, 94, -4, 85, -24, 82, -45, 83, -70, 84, -99, 87, -128, 97, -128, 110, -128, 123, -128, 127, -128, 127, -128, 127, -128, 127, -128, 127, -128, 127, -128, 127, -128]",esp32_1
CSI_DATA,49230,2025-07-23 16:16:23.599,0,stand,00:00:00:00:00:00,-76,11,0,0,0,0,0,0,0,0,0,-97,0,1,0,3686995768,0,14,0,0,0,104,0,"[0, 0, 123, 118, 101, 111, 73, 101, 37, 71, -4, 42, -61, 26, -126, 8, -128, -18, -128, -46, -128, -67, -128, -81, -128, -87, -128, -90, -128, -93, -128, -88, -128, -83, -128, -81, -128, -74, -128, -64, -128, -46, -128, -18, -90, 8, -44, 27, 3, 46, 36, 64, -48, 64, -38, 62, -31, 62, -22, 66, -10, 73, -5, 76, -9, 72, -11, 65, -11, 63, -18, 65, -25, 59, -31, 53, -36, 51, -36, 48, -29, 43, -22, 39, -17, 45, -14, 56, -10, 58, 0, 63, 19, 74, 38, 83, 56, 93, 88, 104, 121, 114, 127, 122]",esp32_2
CSI_DATA,150692,2025-07-23 16:16:23.608,0,stand,00:00:00:00:00:00,-62,11,0,0,0,0,0,0,0,0,0,-97,0,1,0,771093190,0,14,0,0,0,104,0,"[0, 0, 51, -90, 20, -63, -15, -45, -50, -28, -83, -18, -114, -15, -128, -19, -128, -27, -128, -32, -128, -38, -128, -45, -128, -51, -128, -58, -128, -60, -128, -53, -112, -42, -97, -28, -85, -11, -75, 7, -70, 25, -69, 41, -72, 56, -79, 66, -90, 69, -100, 66, 79, -24, 90, -22, 102, -22, 112, -21, 121, -14, 126, -7, 126, -2, 123, 0, 114, -3, 102, -12, 91, -27, 78, -44, 64, -64, 56, -88, 52, -115, 52, -128, 56, -128, 63, -128, 70, -128, 81, -128, 93, -128, 104, -128, 112, -128, 115, -128, 116, -128, 115, -128]",esp32_1
CSI_DATA,150693,2025-07-23 16:16:23.626,0,stand,00:00:00:00:00:00,-62,11,0,0,0,0,0,0,0,0,0,-97,0,1,0,771129858,0,14,0,0,0,104,0,"[0, 0, 83, 57, 60, 21, 47, -15, 33, -51, 23, -84, 23, -115, 27, -128, 35, -128, 49, -128, 61, -128, 67, -128, 69, -128, 71, -128, 70, -128, 61, -128, 51, -111, 37, -94, 21, -82, 3, -76, -16, -72, -35, -75, -49, -83, -55, -90, -55, -98, -52, -104, 15, 79, 16, 88, 16, 101, 12, 112, 6, 121, 0, 122, -6, 122, -9, 121, -4, 116, 7, 109, 20, 98, 38, 85, 61, 73, 86, 65, 112, 62, 127, 63, 127, 69, 127, 79, 127, 86, 127, 97, 127, 113, 127, 127, 127, 127, 127, 127, 127, 127, 127, 127]",esp32_1
CSI_DATA,49231,2025-07-23 16:16:23.626,0,stand,00:00:00:00:00:00,-76,11,0,0,0,0,0,0,0,0,0,-97,0,1,0,3687007526,0,14,0,0,0,104,0,"[0, 0, 115, 127, 97, 117, 70, 104, 29, 84, -22, 55, -75, 24, -123, -8, -128, -28, -128, -46, -128, -72, -128, -97, -128, -112, -128, -124, -128, -128, -128, -128, -128, -126, -128, -115, -128, -99, -128, -81, -128, -57, -128, -33, -95, -9, -44, 24, 0, 57, 29, 76, -40, 70, -32, 68, -22, 66, -9, 64, -3, 65, -4, 70, -6, 74, -10, 74, -8, 71, -8, 67, -13, 57, -22, 54, -32, 53, -38, 43, -33, 36, -27, 42, -29, 46, -29, 44, -18, 45, -1, 54, 21, 71, 49, 89, 74, 100, 92, 110, 116, 124, 127, 127]",esp32_2
CSI_DATA,49232,2025-07-23 16:16:23.653,0,stand,00:00:00:00:00:00,-76,11,0,0,0,0,0,0,0,0,0,-97,0,1,0,3687015528,0,14,0,0,0,104,0,"[0, 0, -128, 57, -128, 46, -128, 31, -95, 4, -50, -35, 2, -75, 51, -121, 92, -128, 119, -128, 127, -128, 127, -128, 127, -128, 127, -128, 127, -128, 127, -128, 127, -128, 127, -128, 127, -128, 127, -128, 111, -128, 71, -128, 29, -85, -14, -47, -50, -19, -75, -7, -39, -66, -45, -57, -48, -47, -54, -39, -66, -35, -75, -37, -76, -33, -73, -26, -66, -31, -57, -40, -53, -41, -46, -44, -33, -47, -27, -41, -27, -40, -28, -48, -35, -52, -43, -47, -49, -38, -58, -29, -77, -10, -104, 12, -128, 29, -128, 46, -128, 67, -128, 83]",esp32_2
CSI_DATA,150694,2025-07-23 16:16:23.658,0,stand,00:00:00:00:00:00,-62,11,0,0,0,0,0,0,0,0,0,-97,0,1,0,771191252,0,14,0,0,0,104,0,"[0, 0, 3, -101, -14, -66, -35, -35, -57, -11, -81, 9, -106, 23, -128, 31, -128, 34, -128, 31, -128, 24, -128, 15, -128, 8, -128, 1, -128, -5, -128, -7, -111, -3, -92, 3, -78, 13, -66, 26, -57, 40, -52, 53, -51, 64, -56, 73, -65, 79, -73, 82, 48, -59, 57, -65, 67, -70, 76, -72, 85, -73, 92, -71, 93, -67, 92, -66, 85, -64, 71, -65, 56, -71, 40, -76, 25, -85, 10, -101, -5, -123, -18, -128, -27, -128, -33, -128, -35, -128, -33, -128, -25, -128, -15, -128, -8, -128, 0, -128, 8, -128, 15, -128]",esp32_1
CSI_DATA,49233,2025-07-23 16:16:23.680,0,stand,00:00:00:00:00:00,-76,11,0,0,0,0,0,0,0,0,0,-97,0,1,0,3687025901,0,14,0,0,0,104,0,"[0, 0, 127, -44, 127, -35, 127, -12, 89, 13, 44, 43, -3, 82, -52, 120, -95, 127, -128, 127, -128, 127, -128, 127, -128, 127, -128, 127, -128, 127, -128, 127, -128, 127, -128, 127, -128, 127, -128, 127, -128, 127, -87, 125, -44, 82, 2, 44, 44, 10, 69, -18, 17, 65, 28, 63, 43, 59, 50, 55, 50, 53, 54, 49, 59, 44, 57, 42, 48, 46, 40, 52, 36, 49, 23, 43, 12, 53, 10, 62, 14, 60, 19, 56, 24, 50, 28, 44, 39, 38, 59, 33, 78, 22, 99, 10, 127, -5, 127, -27, 127, -45, 127, -49]",esp32_2
CSI_DATA,150695,2025-07-23 16:16:23.685,0,stand,00:00:00:00:00:00,-61,11,0,0,0,0,0,0,0,0,0,-97,0,1,0,771215168,0,14,0,0,0,104,0,"[0, 0, 11, 115, 22, 70, 43, 32, 62, -1, 83, -29, 108, -51, 127, -65, 127, -69, 127, -65, 127, -58, 127, -51, 127, -43, 127, -34, 127, -25, 127, -20, 124, -18, 100, -22, 81, -33, 65, -48, 51, -62, 43, -75, 41, -85, 46, -94, 56, -105, 64, -110, -54, 65, -61, 73, -70, 82, -81, 90, -91, 92, -96, 90, -99, 88, -98, 87, -91, 83, -79, 78, -64, 81, -44, 87, -23, 95, -1, 109, 20, 127, 36, 127, 50, 127, 63, 127, 73, 127, 78, 127, 77, 127, 68, 127, 52, 127, 34, 127, 21, 127, 15, 127]",esp32_1
CSI_DATA,150696,2025-07-23 16:16:23.712,0,stand,00:00:00:00:00:00,-62,11,0,0,0,0,0,0,0,0,0,-97,0,1,0,771250307,0,14,0,0,0,104,0,"[0, 0, 16, -100, -3, -65, -29, -33, -55, -6, -82, 15, -109, 30, -128, 38, -128, 40, -128, 36, -128, 30, -128, 25, -128, 17, -128, 8, -128, 1, -128, -2, -119, 1, -99, 8, -81, 19, -66, 31, -54, 44, -47, 58, -46, 72, -49, 83, -57, 91, -65, 94, 65, -49, 72, -51, 82, -55, 93, -58, 105, -58, 111, -56, 111, -53, 109, -51, 101, -51, 89, -54, 74, -62, 58, -72, 41, -84, 26, -102, 13, -127, 2, -128, -5, -128, -9, -128, -10, -128, -6, -128, 2, -128, 11, -128, 19, -128, 28, -128, 35, -128, 38, -128]",esp32_1
CSI_DATA,49234,2025-07-23 16:16:23.712,0,stand,00:00:00:00:00:00,-76,11,0,0,0,0,0,0,0,0,0,-97,0,1,0,3687035569,0,14,0,0,0,104,0,"[0, 0, 118, -126, 105, -109, 93, -81, 74, -45, 54, 4, 36, 57, 19, 108, -1, 127, -24, 127, -49, 127, -66, 127, -74, 127, -83, 127, -93, 127, -93, 127, -90, 127, -87, 127, -73, 127, -53, 127, -35, 127, -15, 127, 10, 90, 30, 44, 49, -3, 67, -43, 62, 38, 64, 28, 64, 17, 66, 12, 68, 3, 73, -9, 74, -11, 73, -6, 71, -2, 67, 3, 65, 10, 60, 15, 48, 21, 41, 28, 44, 33, 49, 32, 48, 24, 49, 12, 56, 5, 63, -5, 73, -34, 84, -62, 89, -81, 94, -105, 102, -128, 103, -128]",esp32_2
CSI_DATA,150697,2025-07-23 16:16:23.743,0,stand,00:00:00:00:00:00,-62,11,0,0,0,0,0,0,0,0,0,-97,0,1,0,771289542,0,14,0,0,0,104,0,"[0, 0, 27, 118, 32, 69, 47, 25, 63, -12, 82, -46, 106, -77, 127, -98, 127, -109, 127, -113, 127, -111, 127, -106, 127, -95, 127, -81, 127, -68, 127, -57, 127, -50, 103, -48, 81, -53, 61, -63, 43, -75, 30, -89, 23, -102, 23, -114, 29, -126, 36, -128, -47, 82, -54, 90, -64, 100, -74, 109, -86, 112, -97, 110, -101, 104, -99, 100, -90, 97, -72, 96, -49, 99, -26, 101, -1, 105, 24, 118, 47, 127, 67, 127, 86, 127, 104, 127, 115, 127, 117, 127, 114, 127, 107, 127, 98, 127, 86, 127, 71, 127, 58, 127]",esp32_1
CSI_DATA,49235,2025-07-23 16:16:23.743,0,stand,00:00:00:00:00:00,-76,11,0,0,0,0,0,0,0,0,0,-97,0,1,0,3687045520,0,14,0,0,0,104,0,"[0, 0, 127, 27, 127, 32, 112, 39, 71, 38, 17, 42, -38, 55, -94, 66, -128, 74, -128, 76, -128, 77, -128, 88, -128, 100, -128, 102, -128, 93, -128, 86, -128, 85, -128, 80, -128, 72, -128, 67, -128, 60, -126, 51, -74, 47, -23, 47, 28, 43, 65, 36, 6, 63, 8, 66, 14, 64, 24, 60, 35, 60, 41, 60, 44, 62, 43, 66, 40, 67, 30, 63, 16, 56, 7, 48, -3, 51, -8, 57, -6, 50, -3, 43, 0, 44, 3, 50, 19, 58, 40, 59, 57, 53, 81, 46, 108, 40, 127, 33, 127, 27, 127, 30]",esp32_2
CSI_DATA,150698,2025-07-23 16:16:23.774,0,stand,00:00:00:00:00:00,-62,11,0,0,0,0,0,0,0,0,0,-97,0,1,0,771337348,0,14,0,0,0,104,0,"[0, 0, 44, -94, 15, -66, -17, -42, -50, -25, -81, -13, -110, -4, -128, 1, -128, -1, -128, -14, -128, -29, -128, -39, -128, -43, -128, -42, -128, -40, -128, -36, -114, -28, -95, -16, -81, 1, -71, 17, -63, 33, -61, 49, -65, 61, -73, 69, -83, 73, -90, 73, 76, -22, 85, -23, 97, -22, 107, -19, 118, -15, 124, -11, 123, -8, 118, -7, 111, -8, 102, -14, 90, -25, 79, -40, 70, -57, 61, -81, 51, -110, 42, -128, 42, -128, 49, -128, 56, -128, 62, -128, 71, -128, 83, -128, 100, -128, 112, -128, 115, -128, 113, -128]",esp32_1
CSI_DATA,49237,2025-07-23 16:16:23.827,0,stand,00:00:00:00:00:00,-76,11,0,0,0,0,0,0,0,0,0,-97,0,1,0,3687071557,0,14,0,0,0,104,0,"[0, 0, 17, -128, 31, -128, 41, -116, 43, -70, 46, -21, 57, 27, 72, 80, 88, 127, 109, 127, 127, 127, 127, 127, 127, 127, 127, 127, 127, 127, 127, 127, 127, 127, 127, 127, 127, 127, 111, 127, 96, 127, 81, 114, 65, 62, 49, 12, 33, -34, 18, -71, 64, 16, 62, 6, 64, -2, 66, -9, 69, -21, 73, -28, 72, -26, 70, -19, 68, -15, 62, -15, 56, -11, 50, -6, 45, -4, 45, -2, 49, 4, 49, 9, 46, 3, 45, -6, 45, -15, 46, -31, 44, -55, 43, -77, 41, -104, 31, -128, 30, -128, 39, -128]",esp32_2
CSI_DATA,150700,2025-07-23 16:16:23.857,0,stand,00:00:00:00:00:00,-62,11,0,0,0,0,0,0,0,0,0,-97,0,1,0,771420480,0,14,0,0,0,104,0,"[0, 0, 9, -98, -9, -64, -32, -34, -55, -9, -78, 10, -103, 24, -128, 32, -128, 33, -128, 29, -128, 22, -128, 14, -128, 7, -128, 1, -128, -4, -128, -6, -113, -4, -95, 2, -80, 12, -67, 25, -57, 39, -52, 52, -52, 63, -56, 72, -64, 78, -73, 79, 51, -54, 58, -60, 67, -65, 77, -68, 87, -69, 95, -68, 98, -64, 94, -61, 87, -60, 75, -62, 60, -69, 46, -77, 32, -86, 17, -101, 1, -121, -14, -128, -22, -128, -25, -128, -25, -128, -22, -128, -15, -128, -7, -128, 3, -128, 10, -128, 18, -128, 25, -128]",esp32_1
CSI_DATA,49238,2025-07-23 16:16:23.857,0,stand,00:00:00:00:00:00,-76,11,0,0,0,0,0,0,0,0,0,-97,0,1,0,3687075594,0,14,0,0,0,104,0,"[0, 0, -128, -49, -128, -47, -102, -49, -64, -56, -21, -62, 31, -63, 87, -63, 127, -66, 127, -72, 127, -83, 127, -97, 127, -105, 127, -106, 127, -108, 127, -109, 127, -102, 127, -91, 127, -84, 127, -76, 127, -69, 125, -64, 72, -52, 18, -43, -32, -43, -63, -42, 9, -67, 5, -73, -2, -71, -12, -69, -26, -67, -40, -64, -40, -64, -33, -68, -29, -72, -27, -64, -21, -56, -8, -53, 1, -50, 7, -48, 15, -52, 14, -55, 6, -54, 1, -49, -9, -49, -30, -49, -54, -47, -72, -52, -96, -52, -124, -44, -128, -41, -128, -45]",esp32_2
CSI_DATA,49239,2025-07-23 16:16:23.880,0,stand,00:00:00:00:00:00,-76,11,0,0,0,0,0,0,0,0,0,-97,0,1,0,3687085490,0,14,0,0,0,104,0,"[0, 0, -20, -128, -17, -128, -7, -128, 13, -87, 35, -34, 64, 26, 90, 82, 109, 127, 127, 127, 127, 127, 127, 127, 127, 127, 127, 127, 127, 127, 127, 127, 127, 127, 127, 127, 127, 127, 127, 127, 122, 127, 97, 124, 73, 72, 51, 18, 38, -35, 37, -74, 65, -21, 60, -36, 53, -48, 51, -55, 49, -64, 46, -67, 47, -65, 46, -66, 41, -67, 47, -59, 58, -42, 54, -32, 46, -34, 48, -31, 57, -16, 58, -8, 58, -16, 63, -31, 58, -46, 45, -58, 29, -76, 6, -102, -3, -126, -2, -128, -11, -128, -16, -128]",esp32_2
CSI_DATA,150701,2025-07-23 16:16:23.889,0,stand,00:00:00:00:00:00,-62,11,0,0,0,0,0,0,0,0,0,-97,0,1,0,771444820,0,14,0,0,0,104,0,"[0, 0, -67, 120, -27, 82, 19, 53, 66, 31, 108, 16, 127, 7, 127, 10, 127, 21, 127, 28, 127, 36, 127, 48, 127, 58, 127, 67, 127, 69, 127, 60, 127, 44, 121, 28, 106, 9, 94, -12, 87, -36, 85, -57, 85, -72, 93, -84, 111, -90, 126, -91, -99, 28, -113, 31, -128, 32, -128, 30, -128, 25, -128, 17, -128, 11, -128, 7, -128, 9, -128, 19, -117, 38, -98, 59, -80, 83, -70, 116, -66, 127, -67, 127, -71, 127, -73, 127, -80, 127, -91, 127, -106, 127, -122, 127, -128, 127, -128, 127, -128, 127, -128, 127]",esp32_1
CSI_DATA,49240,2025-07-23 16:16:23.912,0,stand,00:00:00:00:00:00,-76,11,0,0,0,0,0,0,0,0,0,-97,0,1,0,3687102256,0,14,0,0,0,104,0,"[0, 0, -99, 127, -96, 121, -94, 84, -83, 43, -67, -3, -50, -57, -37, -115, -29, -128, -18, -128, -17, -128, -20, -128, -19, -128, -17, -128, -12, -128, -10, -128, -12, -128, -13, -128, -12, -128, -17, -128, -24, -128, -29, -128, -35, -88, -40, -29, -45, 22, -50, 54, -54, -39, -59, -32, -61, -22, -65, -14, -68, -8, -77, -1, -87, 4, -80, 3, -69, -4, -69, -13, -69, -18, -55, -18, -40, -16, -39, -18, -45, -28, -47, -34, -49, -33, -51, -25, -53, -4, -56, 18, -58, 40, -71, 63, -87, 85, -99, 107, -108, 127, -109, 127]",esp32_2
CSI_DATA,150702,2025-07-23 16:16:23.916,0,stand,00:00:00:00:00:00,-62,11,0,0,0,0,0,0,0,0,0,-97,0,1,0,771469819,0,14,0,147,21,104,0,"[0, 0, 117, -25, 70, -33, 28, -47, -9, -71, -41, -96, -67, -121, -85, -128, -95, -128, -95, -128, -89, -128, -84, -128, -75, -128, -63, -128, -51, -128, -43, -128, -40, -128, -40, -107, -45, -85, -57, -65, -71, -51, -86, -41, -100, -35, -112, -36, -121, -44, -126, -51, 78, 44, 87, 53, 98, 67, 107, 81, 109, 91, 105, 97, 100, 100, 95, 99, 92, 90, 92, 74, 93, 53, 98, 31, 109, 7, 126, -17, 127, -40, 127, -61, 127, -81, 127, -96, 127, -101, 127, -100, 127, -97, 127, -89, 127, -76, 127, -64, 127, -49, 127, -34]",esp32_1
CSI_DATA,49241,2025-07-23 16:16:23.944,0,stand,00:00:00:00:00:00,-76,11,0,0,0,0,0,0,0,0,0,-97,0,1,0,3687106143,0,14,0,0,0,104,0,"[0, 0, 102, 127, 82, 120, 55, 110, 18, 84, -29, 57, -82, 35, -128, 9, -128, -18, -128, -40, -128, -59, -128, -72, -128, -79, -128, -84, -128, -87, -128, -89, -128, -93, -128, -85, -128, -63, -128, -46, -128, -32, -128, -10, -97, 10, -47, 25, 4, 41, 34, 57, -57, 39, -49, 44, -43, 49, -42, 55, -38, 59, -31, 64, -27, 67, -27, 64, -31, 64, -36, 66, -36, 54, -35, 41, -39, 41, -44, 33, -48, 26, -43, 32, -37, 39, -36, 39, -26, 44, -6, 58, 12, 70, 29, 82, 51, 101, 76, 122, 94, 127, 101, 127]",esp32_2
CSI_DATA,150703,2025-07-23 16:16:23.947,0,stand,00:00:00:00:00:00,-62,11,0,0,0,0,0,0,0,0,0,-97,0,1,0,771505273,0,14,0,147,21,104,0,"[0, 0, 99, 43, 69, 12, 45, -20, 25, -57, 12, -92, 5, -124, 3, -128, 7, -128, 16, -128, 26, -128, 35, -128, 41, -128, 47, -128, 49, -128, 44, -128, 35, -117, 24, -99, 9, -87, -10, -76, -30, -70, -49, -71, -63, -74, -72, -81, -74, -91, -74, -99, 30, 74, 32, 87, 35, 102, 35, 115, 31, 125, 24, 127, 19, 127, 18, 124, 20, 117, 26, 106, 35, 93, 50, 78, 72, 64, 98, 53, 124, 44, 127, 40, 127, 40, 127, 43, 127, 48, 127, 57, 127, 67, 127, 80, 127, 92, 127, 99, 127, 102, 127, 105]",esp32_1
CSI_DATA,150704,2025-07-23 16:16:23.979,0,stand,00:00:00:00:00:00,-62,11,0,0,0,0,0,0,0,0,0,-97,0,1,0,772200886,0,14,0,0,0,104,0,"[0, 0, 3, -105, -10, -66, -32, -29, -54, 3, -77, 31, -101, 52, -127, 66, -128, 73, -128, 74, -128, 69, -128, 62, -128, 54, -128, 44, -128, 36, -128, 31, -118, 29, -94, 31, -72, 38, -53, 50, -38, 62, -28, 74, -24, 88, -25, 100, -31, 111, -40, 116, 67, -52, 74, -56, 84, -59, 96, -61, 108, -62, 114, -59, 114, -54, 111, -53, 102, -54, 88, -57, 70, -66, 50, -76, 31, -88, 16, -108, 0, -128, -16, -128, -26, -128, -31, -128, -34, -128, -32, -128, -26, -128, -19, -128, -11, -128, -1, -128, 7, -128, 13, -128]",esp32_1
CSI_DATA,49242,2025-07-23 16:16:23.979,0,stand,00:00:00:00:00:00,-77,11,0,0,0,0,0,0,0,0,0,-97,0,1,0,3687115518,0,14,0,0,0,104,0,"[0, 0, -128, 122, -124, 94, -107, 68, -91, 34, -64, -8, -42, -63, -25, -128, 3, -128, 30, -128, 43, -128, 54, -128, 64, -128, 70, -128, 76, -128, 73, -128, 66, -128, 63, -128, 56, -128, 38, -128, 18, -128, -1, -128, -21, -95, -36, -41, -46, 7, -54, 43, -60, -45, -60, -38, -60, -34, -61, -35, -67, -31, -75, -22, -79, -15, -83, -15, -80, -21, -70, -27, -63, -34, -57, -36, -52, -33, -48, -37, -47, -43, -47, -43, -51, -42, -62, -36, -60, -23, -61, -3, -77, 21, -88, 45, -98, 65, -111, 85, -121, 106, -128, 121]",esp32_2
CSI_DATA,150706,2025-07-23 16:16:24.058,0,stand,00:00:00:00:00:00,-62,11,0,0,0,0,0,0,0,0,0,-97,0,1,0,772223127,0,14,0,0,0,104,0,"[0, 0, -45, 94, -16, 64, 19, 38, 50, 21, 80, 8, 111, 0, 127, -2, 127, -1, 127, 5, 127, 14, 127, 23, 127, 29, 127, 33, 127, 33, 127, 31, 108, 24, 91, 11, 77, -4, 68, -23, 61, -40, 61, -54, 65, -65, 70, -75, 80, -80, 88, -79, -76, 32, -87, 31, -98, 29, -108, 26, -119, 22, -124, 19, -122, 15, -115, 12, -107, 13, -96, 21, -82, 35, -68, 50, -57, 66, -49, 88, -42, 116, -36, 127, -36, 127, -40, 127, -46, 127, -55, 127, -64, 127, -75, 127, -87, 127, -95, 127, -95, 127, -92, 127]",esp32_1
CSI_DATA,49244,2025-07-23 16:16:24.058,0,stand,00:00:00:00:00:00,-76,11,0,0,0,0,0,0,0,0,0,-97,0,1,0,3687135533,0,14,0,0,0,104,0,"[0, 0, 53, -128, 51, -128, 48, -109, 51, -69, 52, -14, 48, 45, 49, 105, 51, 127, 57, 127, 73, 127, 87, 127, 88, 127, 82, 127, 75, 127, 73, 127, 74, 127, 71, 127, 66, 127, 53, 127, 43, 127, 46, 125, 44, 69, 39, 16, 42, -29, 46, -63, 56, 5, 61, -2, 61, -9, 63, -17, 68, -25, 71, -26, 72, -21, 74, -16, 71, -19, 68, -20, 66, -9, 60, -2, 54, -6, 56, -3, 56, 8, 49, 16, 48, 16, 54, 4, 54, -18, 56, -38, 60, -55, 51, -77, 46, -104, 51, -128, 47, -128, 40, -128]",esp32_2
CSI_DATA,150707,2025-07-23 16:16:24.093,0,stand,00:00:00:00:00:00,-62,11,0,0,0,0,0,0,0,0,0,-97,0,1,0,772232049,0,14,0,0,0,104,0,"[0, 0, 40, 92, 38, 50, 43, 11, 51, -26, 61, -57, 74, -84, 92, -105, 110, -117, 124, -123, 127, -125, 127, -123, 127, -115, 127, -102, 127, -87, 113, -74, 93, -64, 72, -60, 53, -60, 36, -65, 21, -72, 9, -80, 0, -89, -3, -101, 1, -114, 8, -121, -22, 77, -27, 86, -34, 95, -43, 104, -52, 110, -60, 110, -65, 106, -64, 101, -55, 96, -39, 90, -20, 87, 1, 85, 25, 86, 49, 94, 70, 106, 90, 122, 110, 127, 127, 127, 127, 127, 127, 127, 127, 127, 127, 127, 127, 127, 121, 127, 105, 127, 92, 127]",esp32_1
CSI_DATA,49245,2025-07-23 16:16:24.093,0,stand,00:00:00:00:00:00,-76,11,0,0,0,0,0,0,0,0,0,-97,0,1,0,3687145564,0,14,0,0,0,104,0,"[0, 0, 3, 127, -8, 127, -24, 111, -31, 69, -45, 25, -71, -23, -91, -75, -109, -126, -128, -128, -128, -128, -128, -128, -128, -128, -128, -128, -128, -128, -128, -128, -128, -128, -128, -128, -128, -128, -128, -128, -120, -128, -96, -114, -73, -56, -48, -4, -25, 38, -11, 68, -62, 12, -61, 16, -61, 26, -56, 33, -53, 36, -52, 41, -52, 48, -56, 48, -56, 42, -52, 37, -52, 33, -49, 29, -48, 22, -52, 11, -45, -1, -37, -3, -44, 6, -49, 16, -48, 27, -46, 47, -40, 67, -31, 84, -20, 105, -8, 127, 4, 127, 17, 127]",esp32_2
CSI_DATA,49246,2025-07-23 16:16:24.114,0,stand,00:00:00:00:00:00,-76,11,0,0,0,0,0,0,0,0,0,-97,0,1,0,3687155489,0,14,0,0,0,104,0,"[0, 0, 127, 80, 116, 77, 80, 74, 45, 65, 5, 57, -49, 56, -108, 48, -128, 33, -128, 26, -128, 28, -128, 35, -128, 40, -128, 43, -128, 42, -128, 41, -128, 42, -128, 41, -128, 39, -128, 37, -128, 34, -128, 34, -79, 40, -27, 41, 19, 39, 51, 43, -35, 60, -33, 60, -26, 61, -16, 67, -7, 71, -1, 69, 5, 70, 7, 73, 1, 70, -4, 58, -5, 45, -12, 45, -25, 44, -34, 34, -33, 30, -25, 33, -21, 40, -17, 45, -8, 48, 10, 54, 32, 63, 61, 71, 91, 75, 118, 75, 127, 81, 127, 95]",esp32_2
CSI_DATA,150708,2025-07-23 16:16:24.124,0,stand,00:00:00:00:00:00,-62,11,0,0,0,0,0,0,0,0,0,-97,0,1,0,772240814,0,14,0,0,0,104,0,"[0, 0, -79, 68, -40, 54, -1, 45, 36, 46, 71, 51, 100, 58, 124, 68, 127, 78, 127, 87, 127, 99, 127, 110, 127, 116, 127, 114, 116, 106, 100, 94, 85, 80, 73, 62, 68, 40, 67, 20, 70, 3, 78, -10, 88, -20, 98, -24, 108, -23, 115, -19, -81, 1, -92, -3, -104, -10, -113, -16, -120, -21, -122, -25, -118, -28, -113, -29, -108, -24, -103, -13, -95, 3, -88, 23, -88, 43, -91, 66, -94, 92, -98, 119, -109, 127, -125, 127, -128, 127, -128, 127, -128, 127, -128, 127, -128, 127, -128, 127, -128, 127, -128, 127]",esp32_1
CSI_DATA,49247,2025-07-23 16:16:24.146,0,stand,00:00:00:00:00:00,-76,11,0,0,0,0,0,0,0,0,0,-97,0,1,0,3687169120,0,14,0,0,0,104,0,"[0, 0, 117, -128, 111, -124, 102, -97, 88, -58, 62, -3, 39, 58, 29, 120, 19, 127, 11, 127, 6, 127, -4, 127, -7, 127, -1, 127, 2, 127, 2, 127, -2, 127, -2, 127, 2, 127, 9, 127, 19, 127, 27, 127, 34, 95, 39, 42, 48, -9, 56, -45, 53, 43, 55, 33, 59, 20, 69, 12, 78, 6, 79, 0, 77, -3, 75, -4, 76, -3, 76, 3, 69, 11, 54, 13, 46, 16, 46, 26, 41, 36, 39, 37, 46, 29, 58, 15, 62, 2, 64, -7, 74, -27, 87, -56, 91, -89, 90, -121, 98, -128, 108, -128]",esp32_2
CSI_DATA,150709,2025-07-23 16:16:24.168,0,stand,00:00:00:00:00:00,-62,11,0,0,0,0,0,0,0,0,0,-97,0,1,0,772250787,0,14,0,0,0,104,0,"[0, 0, -55, 90, -22, 63, 14, 40, 47, 28, 79, 22, 111, 20, 127, 22, 127, 27, 127, 34, 127, 43, 127, 52, 127, 61, 127, 66, 127, 65, 125, 59, 106, 48, 90, 32, 79, 15, 73, -3, 70, -20, 71, -36, 75, -48, 83, -55, 95, -58, 104, -57, -80, 27, -89, 28, -100, 27, -111, 23, -120, 18, -124, 15, -122, 12, -118, 10, -111, 13, -100, 21, -89, 35, -77, 51, -68, 68, -62, 91, -56, 118, -54, 127, -59, 127, -65, 127, -72, 127, -82, 127, -94, 127, -106, 127, -116, 127, -121, 127, -121, 127, -116, 127]",esp32_1
CSI_DATA,49248,2025-07-23 16:16:24.177,0,stand,00:00:00:00:00:00,-76,11,0,0,0,0,0,0,0,0,0,-97,0,1,0,3687175532,0,14,0,0,0,104,0,"[0, 0, -128, -40, -128, -48, -107, -50, -65, -49, -16, -52, 39, -60, 87, -67, 127, -74, 127, -91, 127, -109, 127, -122, 127, -128, 127, -128, 127, -128, 127, -128, 127, -128, 127, -113, 127, -106, 127, -97, 127, -82, 120, -70, 68, -63, 20, -53, -29, -40, -68, -28, 10, -64, 4, -63, -3, -62, -14, -62, -26, -65, -31, -66, -33, -63, -35, -60, -29, -58, -26, -53, -25, -48, -9, -51, 7, -51, 15, -46, 15, -44, 7, -48, 2, -51, -4, -56, -17, -56, -31, -48, -48, -44, -74, -47, -107, -46, -128, -34, -128, -27, -128, -31]",esp32_2
CSI_DATA,150710,2025-07-23 16:16:24.199,0,stand,00:00:00:00:00:00,-62,11,0,0,0,0,0,0,0,0,0,-97,0,1,0,772263402,0,14,0,0,0,104,0,"[0, 0, 69, 68, 52, 30, 41, -6, 34, -45, 31, -78, 34, -106, 43, -128, 54, -128, 64, -128, 73, -128, 80, -128, 84, -128, 85, -128, 81, -127, 71, -110, 57, -95, 40, -83, 22, -73, 2, -68, -17, -68, -32, -74, -43, -81, -48, -86, -49, -97, -48, -105, -9, 76, -11, 87, -15, 101, -19, 110, -25, 115, -32, 114, -37, 111, -38, 109, -31, 104, -20, 95, -6, 85, 14, 78, 39, 75, 68, 78, 96, 81, 118, 86, 127, 97, 127, 109, 127, 120, 127, 127, 127, 127, 127, 127, 127, 127, 127, 127, 127, 127, 127, 127]",esp32_1
CSI_DATA,49249,2025-07-23 16:16:24.199,0,stand,00:00:00:00:00:00,-76,11,0,0,0,0,0,0,0,0,0,-97,0,1,0,3687185519,0,14,0,0,0,104,0,"[0, 0, -91, -128, -79, -125, -56, -99, -23, -69, 17, -42, 62, -15, 101, 16, 127, 48, 127, 75, 127, 99, 127, 122, 127, 127, 127, 127, 127, 127, 127, 127, 127, 127, 127, 127, 127, 127, 127, 112, 127, 81, 127, 48, 88, 14, 50, -21, 15, -56, -9, -77, 37, -48, 31, -54, 25, -59, 14, -65, 9, -70, 11, -72, 9, -70, 5, -71, 6, -75, 9, -69, 16, -55, 25, -49, 26, -43, 29, -35, 36, -37, 33, -37, 29, -37, 29, -43, 22, -52, 6, -62, -10, -70, -25, -81, -48, -97, -75, -112, -95, -127, -107, -128]",esp32_2
CSI_DATA,49250,2025-07-23 16:16:24.232,0,stand,00:00:00:00:00:00,-76,11,0,0,0,0,0,0,0,0,0,-97,0,1,0,3687195532,0,14,0,0,0,104,0,"[0, 0, 84, 127, 66, 127, 48, 117, 15, 94, -34, 60, -83, 20, -126, -10, -128, -43, -128, -86, -128, -120, -128, -128, -128, -128, -128, -128, -128, -128, -128, -128, -128, -128, -128, -128, -128, -127, -128, -99, -128, -72, -128, -44, -110, -11, -56, 22, -2, 54, 29, 78, -60, 32, -55, 39, -50, 51, -41, 65, -31, 70, -28, 63, -30, 63, -30, 70, -29, 68, -33, 57, -36, 46, -34, 40, -37, 34, -45, 29, -44, 24, -39, 22, -38, 27, -36, 39, -29, 52, -17, 65, 1, 79, 22, 99, 44, 119, 64, 127, 85, 127, 98, 127]",esp32_2
CSI_DATA,150712,2025-07-23 16:16:24.279,0,stand,00:00:00:00:00:00,-61,11,0,0,0,0,0,0,0,0,0,-97,0,1,0,772280773,0,14,0,0,0,104,0,"[0, 0, -95, 38, -56, 38, -18, 42, 16, 55, 44, 72, 66, 89, 83, 105, 94, 120, 99, 127, 98, 127, 94, 127, 84, 127, 73, 127, 62, 127, 52, 120, 47, 100, 44, 78, 45, 59, 51, 43, 60, 30, 73, 20, 85, 15, 94, 14, 102, 19, 106, 24, -73, -26, -81, -34, -90, -44, -97, -52, -100, -59, -99, -65, -94, -67, -88, -66, -85, -59, -84, -48, -83, -31, -85, -11, -93, 11, -105, 33, -116, 53, -128, 72, -128, 88, -128, 101, -128, 108, -128, 110, -128, 107, -128, 103, -128, 98, -128, 90, -128, 76, -128, 60]",esp32_1
CSI_DATA,150713,2025-07-23 16:16:24.313,0,stand,00:00:00:00:00:00,-62,11,0,0,0,0,0,0,0,0,0,-97,0,1,0,772290787,0,14,0,0,0,104,0,"[0, 0, -26, 96, -5, 64, 22, 38, 50, 18, 78, 2, 107, -8, 127, -13, 127, -14, 127, -10, 127, -2, 127, 8, 127, 16, 127, 23, 127, 25, 127, 24, 110, 18, 91, 8, 77, -6, 65, -20, 58, -35, 56, -49, 59, -62, 64, -70, 73, -75, 81, -77, -69, 45, -75, 47, -84, 48, -95, 48, -105, 47, -109, 44, -108, 41, -105, 38, -97, 39, -87, 43, -74, 53, -58, 65, -45, 78, -33, 96, -23, 119, -14, 127, -11, 127, -12, 127, -15, 127, -20, 127, -27, 127, -37, 127, -48, 127, -56, 127, -59, 127, -60, 127]",esp32_1
CSI_DATA,49252,2025-07-23 16:16:24.313,0,stand,00:00:00:00:00:00,-76,11,0,0,0,0,0,0,0,0,0,-97,0,1,0,3687215566,0,14,0,0,0,104,0,"[0, 0, 23, -128, 25, -128, 29, -111, 41, -73, 55, -33, 74, 22, 97, 84, 115, 127, 127, 127, 127, 127, 127, 127, 127, 127, 127, 127, 127, 127, 127, 127, 127, 127, 127, 127, 127, 127, 127, 127, 119, 127, 100, 111, 75, 58, 52, 12, 27, -34, 5, -74, 81, 3, 72, -6, 71, -12, 73, -20, 73, -31, 71, -34, 68, -35, 72, -37, 72, -38, 72, -32, 69, -20, 59, -11, 51, -2, 52, 7, 55, 13, 55, 12, 52, 1, 59, -11, 61, -21, 54, -40, 49, -67, 42, -92, 30, -113, 17, -128, 15, -128, 24, -128]",esp32_2
CSI_DATA,150714,2025-07-23 16:16:24.340,0,stand,00:00:00:00:00:00,-61,11,0,0,0,0,0,0,0,0,0,-97,0,1,0,772300792,0,14,0,0,0,104,0,"[0, 0, 75, 78, 61, 38, 53, -2, 49, -43, 49, -81, 54, -113, 65, -128, 81, -128, 94, -128, 103, -128, 110, -128, 113, -128, 113, -128, 110, -128, 98, -114, 81, -98, 63, -86, 43, -79, 21, -77, 0, -79, -16, -85, -27, -94, -32, -104, -29, -116, -24, -124, 1, 86, 0, 97, -3, 111, -8, 121, -14, 127, -22, 127, -26, 127, -26, 123, -19, 116, -6, 108, 10, 101, 29, 95, 53, 89, 80, 87, 106, 90, 127, 99, 127, 112, 127, 124, 127, 127, 127, 127, 127, 127, 127, 127, 127, 127, 127, 127, 127, 127, 127, 127]",esp32_1
CSI_DATA,150715,2025-07-23 16:16:24.364,0,stand,00:00:00:00:00:00,-62,11,0,0,0,0,0,0,0,0,0,-97,0,1,0,772310780,0,14,0,0,0,104,0,"[0, 0, 87, 44, 64, 15, 48, -15, 36, -48, 28, -80, 26, -108, 31, -128, 42, -128, 51, -128, 59, -128, 66, -128, 71, -128, 75, -128, 75, -128, 68, -114, 55, -98, 42, -84, 27, -75, 10, -72, -7, -72, -22, -74, -33, -81, -37, -89, -35, -97, -32, -104, 32, 67, 35, 78, 37, 90, 36, 100, 33, 109, 27, 113, 21, 113, 20, 110, 23, 103, 30, 93, 39, 82, 53, 70, 71, 58, 93, 51, 114, 47, 127, 46, 127, 49, 127, 53, 127, 59, 127, 69, 127, 81, 127, 93, 127, 102, 127, 106, 127, 107, 127, 106]",esp32_1
CSI_DATA,49254,2025-07-23 16:16:24.377,0,stand,00:00:00:00:00:00,-76,11,0,0,0,0,0,0,0,0,0,-97,0,1,0,3687235943,0,14,0,0,0,104,0,"[0, 0, -44, 127, -46, 127, -54, 123, -66, 90, -82, 39, -94, -18, -106, -71, -127, -128, -128, -128, -128, -128, -128, -128, -128, -128, -128, -128, -128, -128, -128, -128, -128, -128, -128, -128, -128, -128, -128, -128, -128, -128, -106, -105, -75, -56, -45, -3, -19, 45, 0, 76, -58, -39, -63, -30, -69, -21, -73, -7, -76, 1, -75, 2, -77, 10, -79, 16, -70, 11, -67, 0, -70, -4, -63, -4, -56, -8, -52, -15, -50, -20, -51, -22, -56, -15, -61, 1, -63, 14, -64, 27, -65, 51, -60, 83, -55, 111, -54, 127, -53, 127, -53, 127]",esp32_2
CSI_DATA,150716,2025-07-23 16:16:24.393,0,stand,00:00:00:00:00:00,-62,11,0,0,0,0,0,0,0,0,0,-97,0,1,0,772320776,0,14,0,0,0,104,0,"[0, 0, 98, 75, 71, 32, 54, -13, 41, -61, 32, -104, 30, -128, 36, -128, 49, -128, 62, -128, 74, -128, 83, -128, 90, -128, 93, -128, 92, -128, 83, -128, 67, -128, 48, -111, 26, -99, 3, -93, -20, -90, -42, -91, -58, -96, -66, -106, -67, -122, -65, -128, 18, 96, 19, 109, 18, 125, 14, 127, 8, 127, -2, 127, -9, 127, -11, 127, -4, 127, 9, 122, 24, 110, 46, 99, 77, 89, 109, 83, 127, 80, 127, 84, 127, 92, 127, 102, 127, 114, 127, 127, 127, 127, 127, 127, 127, 127, 127, 127, 127, 127, 127, 127]",esp32_1
CSI_DATA,49255,2025-07-23 16:16:24.406,0,stand,00:00:00:00:00:00,-76,11,0,0,0,0,0,0,0,0,0,-97,0,1,0,3687245533,0,14,0,0,0,104,0,"[0, 0, 127, 4, 127, 10, 127, 22, 84, 40, 36, 57, -9, 76, -59, 96, -117, 117, -128, 127, -128, 127, -128, 127, -128, 127, -128, 127, -128, 127, -128, 127, -128, 127, -128, 127, -128, 127, -128, 127, -128, 117, -108, 91, -59, 69, -9, 48, 38, 31, 75, 21, -7, 65, 3, 70, 14, 70, 23, 68, 26, 64, 33, 60, 46, 58, 50, 57, 43, 59, 33, 63, 27, 58, 17, 53, -2, 55, -12, 57, -8, 54, -8, 50, -2, 53, 12, 56, 24, 52, 35, 43, 54, 43, 84, 45, 116, 38, 127, 27, 127, 19, 127, 9]",esp32_2
CSI_DATA,150717,2025-07-23 16:16:24.428,0,stand,00:00:00:00:00:00,-62,11,0,0,0,0,0,0,0,0,0,-97,0,1,0,772330834,0,14,0,0,0,104,0,"[0, 0, 36, 94, 35, 52, 43, 11, 52, -26, 62, -57, 76, -85, 94, -106, 114, -119, 127, -125, 127, -126, 127, -120, 127, -111, 127, -98, 127, -84, 120, -71, 99, -62, 78, -57, 57, -58, 37, -63, 20, -69, 6, -79, -2, -90, -5, -101, -1, -112, 4, -119, -31, 76, -35, 84, -42, 93, -51, 100, -61, 104, -68, 105, -71, 104, -68, 100, -58, 94, -45, 89, -29, 89, -8, 89, 16, 91, 38, 101, 60, 114, 80, 127, 99, 127, 115, 127, 127, 127, 127, 127, 127, 127, 127, 127, 121, 127, 108, 127, 92, 127, 81, 127]",esp32_1
CSI_DATA,49256,2025-07-23 16:16:24.428,0,stand,00:00:00:00:00:00,-76,11,0,0,0,0,0,0,0,0,0,-97,0,1,0,3687255518,0,14,0,0,0,104,0,"[0, 0, 127, 61, 127, 59, 106, 59, 67, 56, 12, 59, -45, 61, -96, 66, -128, 74, -128, 77, -128, 78, -128, 82, -128, 94, -128, 105, -128, 107, -128, 108, -128, 106, -128, 95, -128, 78, -128, 68, -128, 64, -128, 57, -77, 46, -21, 37, 28, 34, 58, 32, -16, 60, -16, 63, -7, 65, 5, 68, 11, 74, 14, 72, 21, 65, 25, 64, 20, 64, 12, 58, 9, 47, 3, 41, -13, 43, -22, 45, -21, 47, -11, 46, -4, 40, -2, 42, 7, 53, 26, 58, 47, 58, 69, 57, 99, 60, 125, 63, 127, 64, 127, 66]",esp32_2
CSI_DATA,150718,2025-07-23 16:16:24.460,0,stand,00:00:00:00:00:00,-62,11,0,0,0,0,0,0,0,0,0,-97,0,1,0,772340805,0,14,0,0,0,104,0,"[0, 0, -3, 103, 12, 63, 34, 27, 55, -1, 78, -25, 102, -46, 127, -59, 127, -65, 127, -67, 127, -63, 127, -55, 127, -45, 127, -36, 127, -29, 127, -23, 114, -22, 93, -28, 73, -37, 56, -48, 43, -61, 33, -74, 30, -86, 34, -96, 41, -105, 47, -111, -64, 54, -70, 60, -79, 64, -90, 67, -102, 68, -108, 66, -108, 63, -104, 61, -95, 59, -81, 61, -64, 69, -46, 79, -27, 90, -10, 106, 6, 127, 20, 127, 29, 127, 37, 127, 41, 127, 40, 127, 34, 127, 25, 127, 16, 127, 6, 127, -4, 127, -10, 127]",esp32_1
CSI_DATA,49257,2025-07-23 16:16:24.460,0,stand,00:00:00:00:00:00,-76,11,0,0,0,0,0,0,0,0,0,-97,0,1,0,3687267047,0,14,0,0,0,104,0,"[0, 0, -63, -128, -46, -128, -16, -116, 9, -91, 25, -60, 57, -21, 105, 24, 127, 66, 127, 103, 127, 127, 127, 127, 127, 127, 127, 127, 127, 127, 127, 127, 127, 127, 127, 127, 127, 127, 127, 124, 127, 89, 127, 57, 88, 24, 51, -14, 18, -48, -9, -71, 49, -30, 48, -34, 46, -41, 41, -52, 39, -63, 42, -66, 40, -62, 34, -57, 35, -55, 45, -51, 48, -37, 43, -27, 41, -25, 38, -25, 34, -20, 34, -13, 37, -19, 36, -31, 28, -42, 24, -54, 19, -68, 3, -88, -16, -114, -34, -128, -52, -128, -60, -128]",esp32_2
CSI_DATA,150719,2025-07-23 16:16:24.490,0,stand,00:00:00:00:00:00,-62,11,0,0,0,0,0,0,0,0,0,-97,0,1,0,772350852,0,14,0,0,0,104,0,"[0, 0, 73, -72, 36, -56, -4, -44, -41, -42, -74, -44, -103, -50, -128, -60, -128, -70, -128, -80, -128, -90, -128, -100, -128, -106, -128, -109, -124, -104, -106, -91, -91, -75, -79, -57, -72, -38, -70, -19, -72, -1, -79, 14, -88, 24, -97, 30, -108, 30, -115, 27, 81, -10, 91, -8, 102, -3, 112, 3, 120, 9, 124, 14, 122, 19, 116, 20, 109, 14, 101, 3, 91, -13, 84, -32, 82, -52, 84, -76, 83, -102, 83, -128, 94, -128, 108, -128, 124, -128, 127, -128, 127, -128, 127, -128, 127, -128, 127, -128, 127, -128, 127, -128]",esp32_1
CSI_DATA,49258,2025-07-23 16:16:24.492,0,stand,00:00:00:00:00:00,-76,11,0,0,0,0,0,0,0,0,0,-97,0,1,0,3687277593,0,14,0,0,0,104,0,"[0, 0, 9, 110, 7, 96, -3, 76, -19, 53, -34, 28, -46, -2, -61, -34, -78, -67, -95, -96, -115, -121, -128, -128, -128, -128, -128, -128, -128, -128, -128, -128, -128, -128, -128, -128, -120, -128, -102, -121, -89, -88, -72, -57, -51, -29, -34, -2, -20, 24, -8, 46, -39, -3, -40, 0, -38, 7, -37, 13, -36, 18, -37, 22, -38, 25, -38, 24, -37, 22, -34, 18, -35, 11, -34, 5, -32, 5, -34, 3, -35, -3, -35, -6, -34, -1, -27, 7, -24, 16, -24, 23, -20, 35, -16, 56, -13, 73, -10, 88, -4, 104, 3, 116]",esp32_2
CSI_DATA,49259,2025-07-23 16:16:24.524,0,stand,00:00:00:00:00:00,-76,11,0,0,0,0,0,0,0,0,0,-97,0,1,0,3687285580,0,14,0,0,0,104,0,"[0, 0, -87, -128, -74, -128, -54, -108, -23, -84, 21, -53, 65, -21, 107, 5, 127, 32, 127, 58, 127, 82, 127, 105, 127, 122, 127, 127, 127, 127, 127, 127, 127, 127, 127, 120, 127, 99, 127, 81, 127, 62, 127, 38, 84, 10, 45, -19, 3, -46, -29, -64, 54, -41, 43, -48, 39, -54, 38, -58, 30, -66, 26, -70, 26, -67, 28, -63, 28, -62, 31, -59, 35, -46, 34, -36, 37, -36, 47, -31, 50, -26, 45, -29, 40, -34, 36, -37, 30, -46, 19, -62, -2, -75, -26, -85, -42, -101, -65, -121, -89, -128, -99, -128]",esp32_2
CSI_DATA,49260,2025-07-23 16:16:24.544,0,stand,00:00:00:00:00:00,-76,11,0,0,0,0,0,0,0,0,0,-97,0,1,0,3687297769,0,14,0,0,0,104,0,"[0, 0, -128, -128, -100, -128, -63, -115, -26, -90, 14, -61, 66, -41, 123, -21, 127, 0, 127, 14, 127, 24, 127, 34, 127, 43, 127, 46, 127, 48, 127, 47, 127, 39, 127, 30, 127, 25, 127, 19, 127, 7, 127, -13, 86, -26, 32, -30, -15, -37, -47, -49, 57, -42, 49, -49, 41, -58, 37, -61, 35, -65, 28, -70, 18, -73, 14, -69, 17, -62, 20, -59, 22, -56, 31, -50, 40, -44, 42, -42, 39, -38, 35, -27, 36, -26, 33, -40, 21, -51, -1, -56, -26, -71, -43, -94, -58, -110, -81, -119, -104, -128, -115, -128]",esp32_2
CSI_DATA,150721,2025-07-23 16:16:24.567,0,stand,00:00:00:00:00:00,-62,11,0,0,0,0,0,0,0,0,0,-97,0,1,0,772370816,0,14,0,0,0,104,0,"[0, 0, -97, -37, -68, -11, -43, 19, -21, 54, -7, 85, -1, 114, -1, 127, -5, 127, -11, 127, -18, 127, -27, 127, -34, 127, -39, 127, -43, 127, -40, 127, -31, 114, -20, 96, -6, 82, 12, 72, 29, 66, 44, 66, 57, 68, 67, 74, 71, 83, 71, 92, -39, -71, -41, -82, -43, -95, -43, -107, -39, -116, -33, -120, -27, -120, -26, -116, -29, -107, -37, -95, -47, -83, -61, -68, -80, -54, -104, -44, -128, -37, -128, -33, -128, -32, -128, -34, -128, -38, -128, -47, -128, -57, -128, -68, -128, -78, -128, -84, -128, -85, -128, -87]",esp32_1
CSI_DATA,49261,2025-07-23 16:16:24.567,0,stand,00:00:00:00:00:00,-77,11,0,0,0,0,0,0,0,0,0,-97,0,1,0,3687307464,0,14,0,0,0,104,0,"[0, 0, -128, 96, -128, 82, -124, 65, -95, 31, -62, -9, -24, -51, 7, -104, 33, -128, 63, -128, 87, -128, 101, -128, 116, -128, 127, -128, 127, -128, 127, -128, 127, -128, 118, -128, 110, -128, 88, -128, 60, -128, 37, -128, 10, -97, -20, -46, -44, -4, -62, 27, -40, -49, -46, -47, -50, -45, -59, -39, -69, -30, -75, -26, -76, -25, -76, -21, -72, -20, -62, -25, -56, -29, -45, -30, -32, -31, -28, -33, -26, -36, -26, -39, -27, -40, -33, -35, -48, -30, -61, -15, -72, 11, -89, 31, -110, 49, -127, 68, -128, 86, -128, 103]",esp32_2
CSI_DATA,49262,2025-07-23 16:16:24.588,0,stand,00:00:00:00:00:00,-76,11,0,0,0,0,0,0,0,0,0,-97,0,1,0,3687315915,0,14,0,0,0,104,0,"[0, 0, -6, 127, -14, 127, -29, 127, -44, 91, -56, 38, -70, -17, -93, -68, -120, -121, -128, -128, -128, -128, -128, -128, -128, -128, -128, -128, -128, -128, -128, -128, -128, -128, -128, -128, -128, -128, -128, -128, -117, -128, -92, -117, -75, -57, -56, -3, -33, 44, -18, 78, -61, 10, -64, 12, -63, 15, -63, 22, -64, 34, -64, 42, -64, 43, -65, 44, -64, 41, -58, 35, -58, 28, -61, 24, -57, 22, -53, 14, -55, 5, -58, -1, -63, 2, -65, 9, -57, 26, -51, 53, -48, 73, -42, 92, -35, 116, -26, 127, -12, 127, 0, 127]",esp32_2
CSI_DATA,150722,2025-07-23 16:16:24.599,0,stand,00:00:00:00:00:00,-62,11,0,0,0,0,0,0,0,0,0,-97,0,1,0,772380803,0,14,0,0,0,104,0,"[0, 0, -11, 110, 7, 72, 34, 37, 59, 8, 83, -15, 112, -33, 127, -43, 127, -45, 127, -41, 127, -34, 127, -26, 127, -16, 127, -8, 127, -2, 127, -1, 123, -3, 100, -10, 83, -22, 70, -37, 60, -53, 55, -67, 53, -80, 58, -90, 67, -98, 74, -101, -62, 63, -69, 68, -79, 73, -91, 75, -103, 75, -109, 73, -109, 70, -106, 66, -98, 64, -84, 67, -67, 75, -48, 84, -29, 95, -11, 114, 4, 127, 16, 127, 25, 127, 31, 127, 34, 127, 30, 127, 20, 127, 10, 127, 0, 127, -10, 127, -19, 127, -24, 127]",esp32_1
CSI_DATA,49263,2025-07-23 16:16:24.621,0,stand,00:00:00:00:00:00,-76,11,0,0,0,0,0,0,0,0,0,-97,0,1,0,3687326326,0,14,0,0,0,104,0,"[0, 0, -103, -34, -89, -36, -66, -37, -42, -33, -15, -32, 17, -38, 50, -45, 86, -51, 122, -59, 127, -68, 127, -75, 127, -80, 127, -83, 127, -84, 127, -85, 127, -83, 127, -76, 127, -69, 127, -63, 109, -55, 77, -47, 44, -40, 9, -31, -21, -20, -40, -14, 13, -37, 10, -38, 2, -40, -4, -42, -7, -43, -11, -44, -14, -45, -13, -46, -9, -44, -8, -37, -6, -30, 0, -28, 6, -27, 10, -26, 16, -25, 18, -26, 12, -26, 3, -26, -3, -30, -13, -34, -28, -34, -42, -35, -59, -36, -74, -39, -88, -44, -99, -50]",esp32_2
CSI_DATA,150723,2025-07-23 16:16:24.630,0,stand,00:00:00:00:00:00,-62,11,0,0,0,0,0,0,0,0,0,-97,0,1,0,772390853,0,14,0,0,0,104,0,"[0, 0, 55, -81, 23, -61, -11, -45, -43, -36, -73, -30, -101, -29, -127, -32, -128, -37, -128, -47, -128, -58, -128, -68, -128, -73, -128, -74, -128, -71, -114, -64, -97, -52, -83, -38, -74, -21, -69, -3, -67, 14, -70, 27, -75, 38, -82, 45, -94, 46, -102, 44, 74, -23, 83, -21, 93, -17, 104, -15, 112, -12, 114, -8, 112, -4, 109, -2, 102, -5, 94, -13, 84, -26, 74, -42, 67, -59, 63, -81, 61, -106, 58, -128, 62, -128, 72, -128, 83, -128, 94, -128, 105, -128, 116, -128, 126, -128, 127, -128, 126, -128, 120, -128]",esp32_1
CSI_DATA,49264,2025-07-23 16:16:24.642,0,stand,00:00:00:00:00:00,-76,11,0,0,0,0,0,0,0,0,0,-97,0,1,0,3687335497,0,14,0,0,0,104,0,"[0, 0, -84, -128, -73, -128, -53, -118, -15, -85, 24, -51, 67, -22, 115, 8, 127, 36, 127, 58, 127, 77, 127, 97, 127, 112, 127, 119, 127, 125, 127, 124, 127, 120, 127, 112, 127, 92, 127, 69, 127, 49, 127, 24, 82, -4, 38, -29, -3, -48, -34, -63, 53, -31, 46, -35, 39, -41, 38, -51, 41, -62, 38, -66, 29, -65, 29, -61, 31, -57, 34, -48, 41, -41, 44, -39, 38, -33, 38, -27, 42, -26, 39, -25, 38, -24, 38, -29, 32, -43, 21, -57, 6, -69, -16, -80, -42, -95, -63, -115, -83, -128, -96, -128]",esp32_2
CSI_DATA,150724,2025-07-23 16:16:24.653,0,stand,00:00:00:00:00:00,-62,11,0,0,0,0,0,0,0,0,0,-97,0,1,0,772400766,0,14,0,0,0,104,0,"[0, 0, 22, 96, 28, 56, 40, 18, 52, -11, 67, -36, 86, -59, 107, -75, 127, -83, 127, -86, 127, -86, 127, -80, 127, -69, 127, -58, 127, -51, 125, -44, 105, -38, 84, -37, 64, -42, 48, -51, 34, -61, 24, -73, 20, -84, 22, -95, 28, -103, 34, -107, -37, 70, -43, 76, -51, 83, -59, 88, -68, 90, -74, 89, -76, 87, -74, 84, -66, 79, -52, 77, -36, 79, -18, 82, 1, 86, 21, 98, 41, 115, 58, 127, 73, 127, 85, 127, 91, 127, 91, 127, 88, 127, 83, 127, 76, 127, 66, 127, 53, 127, 44, 127]",esp32_1
CSI_DATA,49265,2025-07-23 16:16:24.667,0,stand,00:00:00:00:00:00,-76,11,0,0,0,0,0,0,0,0,0,-97,0,1,0,3687345533,0,14,0,0,0,104,0,"[0, 0, -23, 127, -34, 127, -41, 125, -51, 84, -61, 40, -70, -14, -85, -69, -104, -124, -128, -128, -128, -128, -128, -128, -128, -128, -128, -128, -128, -128, -128, -128, -128, -128, -128, -128, -128, -128, -128, -128, -115, -128, -92, -102, -74, -53, -47, -7, -22, 36, -10, 66, -64, -8, -65, -1, -67, 9, -72, 15, -75, 17, -74, 20, -69, 26, -64, 25, -65, 22, -65, 21, -62, 14, -53, 8, -43, 5, -43, -5, -49, -14, -49, -16, -46, -10, -47, 1, -53, 10, -60, 27, -53, 52, -41, 76, -40, 98, -36, 123, -24, 127, -15, 127]",esp32_2
CSI_DATA,150725,2025-07-23 16:16:24.680,0,stand,00:00:00:00:00:00,-62,11,0,0,0,0,0,0,0,0,0,-97,0,1,0,772410789,0,14,0,0,0,104,0,"[0, 0, 110, 7, 69, -13, 34, -34, 5, -61, -17, -91, -33, -121, -42, -128, -44, -128, -42, -128, -35, -128, -28, -128, -21, -128, -12, -128, -3, -128, -1, -128, -3, -124, -9, -100, -20, -81, -34, -68, -50, -58, -68, -53, -84, -53, -94, -57, -99, -67, -100, -75, 60, 60, 65, 70, 71, 83, 75, 95, 75, 105, 68, 110, 63, 112, 59, 109, 59, 100, 64, 85, 70, 67, 81, 48, 98, 29, 119, 13, 127, -2, 127, -16, 127, -25, 127, -29, 127, -28, 127, -22, 127, -15, 127, -7, 127, 1, 127, 8, 127, 18, 127, 28]",esp32_1
CSI_DATA,49266,2025-07-23 16:16:24.690,0,stand,00:00:00:00:00:00,-76,11,0,0,0,0,0,0,0,0,0,-97,0,1,0,3687355555,0,14,0,0,0,104,0,"[0, 0, 112, 127, 87, 127, 55, 127, 22, 93, -20, 64, -64, 41, -116, 5, -128, -35, -128, -69, -128, -90, -128, -102, -128, -118, -128, -128, -128, -128, -128, -128, -128, -128, -128, -127, -128, -107, -128, -90, -128, -70, -128, -41, -103, -9, -56, 21, -2, 51, 40, 74, -60, 47, -54, 53, -46, 62, -39, 67, -36, 70, -35, 76, -31, 83, -26, 78, -30, 67, -36, 59, -37, 49, -38, 42, -42, 46, -50, 46, -58, 31, -63, 19, -60, 20, -49, 30, -39, 46, -25, 68, -5, 82, 15, 96, 40, 119, 68, 127, 93, 127, 112, 127]",esp32_2
CSI_DATA,150726,2025-07-23 16:16:24.709,0,stand,00:00:00:00:00:00,-62,11,0,0,0,0,0,0,0,0,0,-97,0,1,0,772420811,0,14,0,0,0,104,0,"[0, 0, -6, -124, -22, -78, -44, -35, -67, 2, -92, 31, -120, 53, -128, 68, -128, 77, -128, 78, -128, 72, -128, 63, -128, 52, -128, 42, -128, 34, -128, 28, -128, 27, -111, 31, -89, 40, -70, 53, -56, 67, -47, 84, -42, 100, -43, 112, -52, 121, -61, 125, 64, -72, 73, -79, 84, -85, 96, -90, 108, -93, 115, -90, 116, -86, 112, -84, 102, -81, 86, -82, 66, -90, 45, -100, 23, -111, 1, -127, -21, -128, -40, -128, -53, -128, -61, -128, -65, -128, -63, -128, -57, -128, -48, -128, -37, -128, -26, -128, -13, -128, -5, -128]",esp32_1
CSI_DATA,49267,2025-07-23 16:16:24.709,0,stand,00:00:00:00:00:00,-76,11,0,0,0,0,0,0,0,0,0,-97,0,1,0,3687365500,0,14,0,0,0,104,0,"[0, 0, 109, -128, 101, -128, 101, -91, 92, -53, 75, -6, 60, 51, 46, 113, 37, 127, 35, 127, 33, 127, 27, 127, 24, 127, 25, 127, 20, 127, 16, 127, 19, 127, 18, 127, 13, 127, 14, 127, 23, 127, 31, 127, 35, 90, 38, 35, 43, -16, 47, -58, 61, 43, 70, 30, 77, 17, 80, 7, 83, -4, 86, -13, 88, -13, 90, -8, 87, -3, 80, 0, 74, 4, 64, 8, 55, 17, 45, 27, 31, 28, 29, 31, 42, 28, 54, 18, 51, 14, 52, -2, 66, -39, 83, -70, 97, -86, 103, -108, 102, -128, 97, -128]",esp32_2
CSI_DATA,49268,2025-07-23 16:16:24.731,0,stand,00:00:00:00:00:00,-76,11,0,0,0,0,0,0,0,0,0,-97,0,1,0,3687381762,0,14,0,0,0,104,0,"[0, 0, 124, 124, 105, 115, 73, 105, 38, 87, -3, 64, -54, 48, -110, 38, -128, 28, -128, 16, -128, 11, -128, 8, -128, 0, -128, -6, -128, -5, -128, 6, -128, 13, -128, 8, -128, 6, -128, 7, -128, 12, -128, 22, -84, 28, -28, 35, 20, 44, 50, 47, -54, 42, -48, 44, -42, 49, -37, 58, -30, 69, -24, 70, -17, 63, -15, 62, -22, 61, -26, 58, -23, 50, -27, 41, -37, 37, -45, 34, -44, 33, -38, 28, -36, 23, -34, 27, -24, 34, -5, 45, 11, 62, 28, 79, 54, 92, 83, 100, 109, 109, 122, 113]",esp32_2
CSI_DATA,150727,2025-07-23 16:16:24.742,0,stand,00:00:00:00:00:00,-62,11,0,0,0,0,0,0,0,0,0,-97,0,1,0,772430805,0,14,0,0,0,104,0,"[0, 0, -69, -87, -58, -48, -57, -8, -59, 30, -64, 65, -74, 94, -90, 118, -108, 127, -122, 127, -128, 127, -128, 127, -128, 127, -128, 115, -128, 102, -117, 90, -96, 79, -76, 71, -56, 69, -36, 71, -19, 75, -6, 84, 1, 94, 2, 104, -3, 116, -10, 122, 4, -86, 6, -97, 8, -108, 13, -119, 22, -127, 30, -128, 34, -125, 33, -119, 27, -113, 16, -107, 1, -104, -18, -99, -43, -94, -70, -96, -94, -104, -116, -114, -128, -128, -128, -128, -128, -128, -128, -128, -128, -128, -128, -128, -128, -128, -128, -128, -128, -128, -128, -128]",esp32_1
CSI_DATA,49269,2025-07-23 16:16:24.757,0,stand,00:00:00:00:00:00,-76,11,0,0,0,0,0,0,0,0,0,-97,0,1,0,3687390208,0,14,0,0,0,104,0,"[0, 0, -13, -128, 0, -128, 12, -124, 27, -88, 54, -47, 82, -1, 108, 48, 127, 95, 127, 127, 127, 127, 127, 127, 127, 127, 127, 127, 127, 127, 127, 127, 127, 127, 127, 127, 127, 127, 127, 127, 127, 124, 113, 83, 78, 49, 48, 5, 23, -42, 2, -72, 68, 6, 67, -2, 63, -14, 59, -27, 60, -39, 61, -46, 60, -49, 57, -43, 55, -36, 55, -40, 48, -33, 41, -23, 44, -21, 49, -14, 49, -4, 47, 2, 46, -3, 43, -17, 35, -34, 32, -56, 33, -81, 21, -105, 6, -124, 0, -128, -8, -128, -16, -128]",esp32_2
CSI_DATA,49270,2025-07-23 16:16:24.774,0,stand,00:00:00:00:00:00,-76,11,0,0,0,0,0,0,0,0,0,-97,0,1,0,3687418004,0,14,0,228,47,104,0,"[0, 0, 127, -13, 127, -4, 115, 8, 81, 24, 42, 45, -2, 70, -47, 99, -99, 125, -128, 127, -128, 127, -128, 127, -128, 127, -128, 127, -128, 127, -128, 127, -128, 127, -128, 127, -128, 127, -128, 127, -128, 121, -104, 94, -54, 71, -5, 53, 40, 31, 72, 11, 4, 68, 15, 67, 27, 62, 34, 55, 40, 51, 52, 49, 58, 50, 54, 54, 47, 53, 39, 49, 34, 45, 25, 49, 13, 52, 10, 47, 5, 45, -1, 50, 5, 54, 15, 47, 26, 41, 42, 37, 62, 31, 87, 25, 120, 16, 127, -3, 127, -20, 127, -26]",esp32_2
CSI_DATA,49271,2025-07-23 16:16:24.795,0,stand,00:00:00:00:00:00,-76,11,0,0,0,0,0,0,0,0,0,-97,0,1,0,3687421352,0,14,0,0,0,104,0,"[0, 0, 105, 127, 85, 127, 54, 116, 18, 101, -21, 72, -65, 40, -113, 13, -128, -18, -128, -44, -128, -63, -128, -79, -128, -91, -128, -99, -128, -104, -128, -102, -128, -98, -128, -88, -128, -69, -128, -52, -128, -33, -128, -13, -91, 3, -38, 22, 11, 41, 44, 52, -54, 33, -64, 34, -58, 40, -47, 50, -46, 60, -39, 63, -32, 61, -34, 58, -34, 53, -32, 49, -33, 43, -34, 35, -37, 33, -42, 27, -46, 15, -41, 9, -35, 13, -34, 22, -29, 37, -20, 56, -7, 72, 14, 86, 35, 106, 55, 120, 75, 127, 91, 127]",esp32_2
CSI_DATA,49272,2025-07-23 16:16:24.826,0,stand,00:00:00:00:00:00,-76,11,0,0,0,0,0,0,0,0,0,-97,0,1,0,3687449185,0,14,0,0,0,104,0,"[0, 0, -128, -128, -104, -126, -72, -112, -33, -90, 12, -68, 66, -50, 127, -30, 127, -9, 127, 18, 127, 43, 127, 59, 127, 68, 127, 70, 127, 73, 127, 79, 127, 78, 127, 69, 127, 54, 127, 36, 127, 22, 127, 6, 100, -12, 54, -30, 4, -47, -41, -55, 48, -53, 46, -63, 32, -71, 20, -72, 18, -69, 14, -69, 8, -72, 5, -74, 9, -73, 16, -64, 24, -57, 27, -51, 24, -44, 24, -40, 27, -40, 33, -40, 35, -39, 32, -44, 26, -56, 15, -68, -5, -78, -33, -91, -64, -107, -88, -123, -108, -128, -124, -128]",esp32_2
CSI_DATA,150729,2025-07-23 16:16:24.827,0,stand,00:00:00:00:00:00,-62,11,0,0,0,0,0,0,0,0,0,-97,0,1,0,772450781,0,14,0,0,0,104,0,"[0, 0, 46, -95, 16, -68, -18, -43, -50, -27, -81, -18, -112, -13, -128, -14, -128, -18, -128, -22, -128, -31, -128, -41, -128, -48, -128, -54, -128, -56, -128, -51, -110, -41, -93, -27, -81, -10, -73, 10, -69, 27, -70, 42, -72, 54, -78, 62, -91, 66, -102, 65, 74, -35, 85, -34, 96, -31, 107, -29, 117, -26, 122, -22, 119, -18, 115, -17, 108, -20, 97, -29, 82, -42, 69, -58, 60, -75, 53, -97, 46, -123, 43, -128, 44, -128, 50, -128, 60, -128, 71, -128, 82, -128, 91, -128, 98, -128, 102, -128, 103, -128, 101, -128]",esp32_1
CSI_DATA,49273,2025-07-23 16:16:24.848,0,stand,00:00:00:00:00:00,-76,11,0,0,0,0,0,0,0,0,0,-97,0,1,0,3687490272,0,14,0,0,0,104,0,"[0, 0, -128, 34, -128, 19, -128, 7, -97, -15, -54, -51, -8, -86, 40, -124, 89, -128, 127, -128, 127, -128, 127, -128, 127, -128, 127, -128, 127, -128, 127, -128, 127, -128, 127, -128, 127, -128, 127, -128, 113, -128, 81, -128, 41, -95, -8, -47, -56, -8, -90, 18, -14, -66, -24, -62, -34, -60, -40, -57, -43, -56, -52, -57, -64, -52, -69, -45, -63, -43, -53, -46, -53, -43, -50, -39, -28, -38, -9, -39, -4, -41, -9, -40, -18, -43, -24, -48, -27, -46, -41, -37, -61, -24, -86, -14, -123, 0, -128, 20, -128, 34, -128, 46]",esp32_2
CSI_DATA,150730,2025-07-23 16:16:24.859,0,stand,00:00:00:00:00:00,-62,11,0,0,0,0,0,0,0,0,0,-97,0,1,0,772461173,0,14,0,104,0,104,0,"[0, 0, -89, -52, -63, -22, -45, 12, -32, 50, -23, 85, -20, 115, -24, 127, -33, 127, -41, 127, -49, 127, -56, 127, -61, 127, -65, 127, -67, 127, -61, 126, -47, 107, -32, 91, -15, 80, 3, 73, 20, 69, 36, 70, 50, 75, 58, 83, 59, 93, 57, 100, -20, -79, -21, -89, -22, -103, -19, -114, -14, -122, -8, -125, -3, -123, -1, -119, -5, -111, -16, -100, -30, -90, -46, -78, -67, -68, -93, -63, -119, -62, -128, -62, -128, -67, -128, -73, -128, -79, -128, -89, -128, -101, -128, -113, -128, -123, -128, -125, -128, -123, -128, -122]",esp32_1
CSI_DATA,49274,2025-07-23 16:16:24.871,0,stand,00:00:00:00:00:00,-76,11,0,0,0,0,0,0,0,0,0,-97,0,1,0,3687536524,0,14,0,0,0,104,0,"[0, 0, 103, -123, 92, -110, 85, -89, 77, -48, 66, 0, 54, 50, 41, 100, 29, 127, 12, 127, -7, 127, -19, 127, -23, 127, -22, 127, -22, 127, -20, 127, -12, 127, -5, 127, -4, 127, 0, 127, 10, 127, 21, 127, 32, 84, 40, 40, 47, -12, 54, -58, 64, 41, 59, 32, 54, 22, 58, 12, 67, 12, 77, 9, 82, 1, 84, 1, 83, 7, 82, 21, 78, 27, 69, 22, 57, 24, 45, 19, 33, 18, 22, 30, 31, 34, 49, 24, 54, 9, 56, -7, 63, -29, 75, -53, 90, -76, 95, -101, 95, -117, 100, -114]",esp32_2
CSI_DATA,150731,2025-07-23 16:16:24.890,0,stand,00:00:00:00:00:00,-62,11,0,0,0,0,0,0,0,0,0,-97,0,1,0,772472622,0,14,0,104,0,104,0,"[0, 0, -86, -54, -61, -23, -41, 13, -28, 50, -21, 84, -19, 113, -21, 127, -29, 127, -39, 127, -48, 127, -55, 127, -59, 127, -61, 127, -59, 127, -52, 124, -40, 105, -25, 89, -9, 79, 9, 72, 27, 68, 44, 68, 57, 73, 64, 79, 66, 90, 65, 99, -11, -79, -12, -89, -11, -102, -8, -114, -2, -122, 5, -123, 9, -121, 9, -116, 5, -108, -5, -98, -19, -89, -39, -79, -64, -68, -90, -62, -115, -60, -128, -61, -128, -69, -128, -79, -128, -86, -128, -94, -128, -106, -128, -118, -128, -128, -128, -128, -128, -128, -128, -128]",esp32_1
CSI_DATA,49275,2025-07-23 16:16:24.892,0,stand,00:00:00:00:00:00,-76,11,0,0,0,0,0,0,0,0,0,-97,0,1,0,3687560963,0,14,0,0,0,104,0,"[0, 0, 89, 127, 73, 127, 51, 119, 13, 104, -30, 82, -68, 50, -122, 26, -128, -1, -128, -40, -128, -66, -128, -76, -128, -75, -128, -75, -128, -80, -128, -82, -128, -84, -128, -86, -128, -73, -128, -56, -128, -41, -128, -16, -103, 9, -39, 35, 6, 61, 35, 72, -75, 42, -72, 51, -68, 55, -61, 58, -61, 68, -54, 76, -38, 79, -37, 79, -41, 76, -39, 68, -35, 57, -31, 55, -34, 63, -42, 63, -47, 59, -54, 63, -44, 64, -21, 71, -10, 91, -8, 99, 0, 97, 22, 102, 45, 117, 63, 127, 86, 127, 108, 127]",esp32_2
CSI_DATA,150732,2025-07-23 16:16:24.914,0,stand,00:00:00:00:00:00,-62,11,0,0,0,0,0,0,0,0,0,-97,0,1,0,772480765,0,14,0,104,0,104,0,"[0, 0, -77, 70, -38, 52, 4, 38, 42, 35, 76, 37, 108, 38, 127, 43, 127, 50, 127, 59, 127, 69, 127, 80, 127, 88, 127, 90, 127, 85, 117, 76, 100, 62, 86, 43, 75, 21, 70, 0, 70, -18, 75, -33, 83, -44, 90, -51, 100, -53, 109, -52, -83, -3, -93, -8, -103, -15, -112, -23, -120, -30, -122, -33, -117, -36, -111, -36, -104, -29, -98, -17, -91, 0, -84, 21, -83, 44, -86, 69, -88, 98, -93, 126, -106, 127, -123, 127, -128, 127, -128, 127, -128, 127, -128, 127, -128, 127, -128, 127, -128, 127, -128, 127]",esp32_1
CSI_DATA,49276,2025-07-23 16:16:24.914,0,stand,00:00:00:00:00:00,-76,11,0,0,0,0,0,0,0,0,0,-97,0,1,0,3687596614,0,14,0,0,0,104,0,"[0, 0, -128, 127, -126, 127, -112, 104, -94, 63, -79, 5, -65, -54, -52, -109, -38, -128, -25, -128, -21, -128, -25, -128, -23, -128, -16, -128, -10, -128, -14, -128, -20, -128, -10, -128, -3, -128, -13, -128, -29, -128, -40, -128, -46, -104, -50, -43, -56, 12, -60, 52, -54, -53, -74, -40, -81, -28, -80, -21, -84, -10, -88, -3, -86, -4, -79, -5, -75, -5, -77, -5, -79, -7, -69, -14, -55, -20, -54, -24, -54, -26, -54, -31, -52, -37, -50, -33, -55, -22, -63, -4, -65, 20, -73, 43, -90, 69, -101, 109, -101, 127, -104, 127]",esp32_2
CSI_DATA,49277,2025-07-23 16:16:24.936,0,stand,00:00:00:00:00:00,-76,11,0,0,0,0,0,0,0,0,0,-97,0,1,0,3687620979,0,14,0,0,0,104,0,"[0, 0, -4, -128, 0, -128, 10, -128, 26, -100, 49, -61, 84, -12, 125, 32, 127, 76, 127, 126, 127, 127, 127, 127, 127, 127, 127, 127, 127, 127, 127, 127, 127, 127, 127, 127, 127, 127, 127, 127, 127, 108, 127, 68, 85, 25, 45, -13, 10, -48, -15, -74, 67, 4, 67, 2, 69, -6, 68, -22, 69, -34, 74, -38, 73, -38, 68, -31, 68, -23, 68, -22, 64, -15, 57, -11, 54, -11, 55, 0, 51, 9, 45, 8, 43, 6, 44, -1, 47, -23, 46, -40, 44, -56, 43, -82, 36, -108, 24, -128, 15, -128, 15, -128]",esp32_2
CSI_DATA,150733,2025-07-23 16:16:24.948,0,stand,00:00:00:00:00:00,-62,11,0,0,0,0,0,0,0,0,0,-97,0,1,0,772490805,0,14,0,104,0,104,0,"[0, 0, 96, 21, 65, 0, 39, -25, 16, -54, -1, -83, -10, -110, -12, -128, -9, -128, -4, -128, 2, -128, 9, -128, 15, -128, 21, -128, 27, -128, 26, -128, 19, -108, 10, -91, -2, -78, -17, -69, -34, -63, -50, -61, -63, -62, -71, -67, -74, -78, -73, -86, 44, 59, 48, 70, 53, 82, 55, 92, 53, 100, 48, 105, 41, 106, 39, 103, 42, 95, 49, 83, 55, 68, 65, 54, 82, 39, 103, 26, 124, 16, 127, 11, 127, 9, 127, 7, 127, 8, 127, 13, 127, 22, 127, 32, 127, 41, 127, 47, 127, 52, 127, 57]",esp32_1
CSI_DATA,49278,2025-07-23 16:16:24.957,0,stand,00:00:00:00:00:00,-76,11,0,0,0,0,0,0,0,0,0,-97,0,1,0,3687657862,0,14,0,0,0,104,0,"[0, 0, -72, 127, -62, 126, -62, 93, -66, 56, -77, 8, -84, -40, -89, -82, -99, -127, -111, -128, -121, -128, -128, -128, -128, -128, -128, -128, -128, -128, -128, -128, -128, -128, -128, -128, -111, -128, -89, -128, -75, -128, -65, -106, -60, -55, -49, -11, -32, 28, -22, 60, -73, -26, -80, -28, -86, -20, -91, -7, -90, 4, -87, 7, -83, 5, -85, 12, -83, 20, -70, 12, -65, 3, -55, 2, -41, -3, -45, -6, -58, -4, -67, 2, -75, 9, -82, 6, -84, 11, -82, 35, -75, 60, -68, 71, -61, 86, -51, 120, -47, 127, -52, 127]",esp32_2
CSI_DATA,49279,2025-07-23 16:16:24.982,0,stand,00:00:00:00:00:00,-76,11,0,0,0,0,0,0,0,0,0,-97,0,1,0,3687683290,0,14,0,0,0,104,0,"[0, 0, -67, 127, -76, 127, -79, 121, -82, 86, -81, 37, -81, -20, -91, -80, -114, -128, -128, -128, -128, -128, -128, -128, -128, -128, -128, -128, -128, -128, -128, -128, -128, -128, -128, -128, -128, -128, -128, -128, -120, -128, -101, -97, -73, -47, -46, -2, -19, 41, -3, 69, -58, -52, -63, -51, -75, -41, -83, -29, -85, -23, -92, -26, -99, -29, -99, -24, -95, -16, -91, -6, -92, -4, -85, -11, -71, -14, -63, -20, -59, -26, -59, -20, -59, -9, -62, 2, -69, 17, -70, 33, -69, 48, -77, 65, -84, 84, -79, 118, -71, 127, -66, 127]",esp32_2
CSI_DATA,49280,2025-07-23 16:16:24.996,0,stand,00:00:00:00:00:00,-76,11,0,0,0,0,0,0,0,0,0,-97,0,1,0,3687730570,0,14,0,0,0,104,0,"[0, 0, 127, -4, 127, 15, 126, 27, 91, 38, 49, 56, 5, 75, -42, 96, -87, 126, -125, 127, -128, 127, -128, 127, -128, 127, -128, 127, -128, 127, -128, 127, -128, 127, -128, 127, -128, 127, -128, 127, -104, 127, -63, 113, -28, 79, 12, 48, 52, 16, 76, -6, -22, 71, -18, 74, -8, 80, 3, 82, 15, 78, 32, 70, 41, 69, 36, 74, 36, 70, 33, 58, 24, 49, 19, 47, 11, 48, 5, 55, 3, 59, 9, 58, 24, 62, 34, 61, 42, 52, 54, 44, 69, 38, 89, 37, 116, 28, 127, 13, 127, 6, 127, 10]",esp32_2
CSI_DATA,49281,2025-07-23 16:16:25.024,0,stand,00:00:00:00:00:00,-77,11,0,0,0,0,0,0,0,0,0,-97,0,1,0,3687779022,0,14,0,0,0,104,0,"[0, 0, 57, 127, 45, 127, 31, 127, 5, 106, -33, 69, -76, 27, -124, -7, -128, -40, -128, -74, -128, -106, -128, -127, -128, -128, -128, -128, -128, -128, -128, -128, -128, -128, -128, -128, -128, -123, -128, -102, -128, -69, -128, -36, -101, -5, -46, 22, 4, 43, 29, 55, -67, 19, -63, 28, -62, 40, -63, 46, -62, 49, -59, 58, -51, 63, -41, 61, -41, 57, -43, 47, -41, 32, -45, 26, -52, 28, -59, 25, -61, 15, -53, 13, -46, 18, -44, 17, -38, 22, -25, 39, -9, 65, 3, 95, 16, 115, 38, 127, 62, 127, 77, 127]",esp32_2
CSI_DATA,150735,2025-07-23 16:16:25.042,0,stand,00:00:00:00:00:00,-62,11,0,0,0,0,0,0,0,0,0,-97,0,1,0,772510793,0,14,0,0,0,104,0,"[0, 0, 14, -102, -5, -70, -28, -37, -52, -12, -78, 4, -105, 15, -128, 21, -128, 23, -128, 19, -128, 12, -128, 4, -128, -4, -128, -12, -128, -18, -128, -17, -110, -12, -91, -4, -77, 9, -67, 24, -59, 40, -56, 53, -57, 65, -62, 74, -72, 78, -80, 78, 55, -56, 65, -59, 76, -61, 86, -63, 95, -63, 99, -60, 101, -55, 98, -52, 90, -51, 77, -56, 62, -65, 46, -75, 33, -85, 20, -102, 6, -125, -5, -128, -11, -128, -12, -128, -10, -128, -6, -128, 2, -128, 12, -128, 21, -128, 28, -128, 34, -128, 38, -128]",esp32_1
CSI_DATA,49282,2025-07-23 16:16:25.042,0,stand,00:00:00:00:00:00,-77,11,0,0,0,0,0,0,0,0,0,-97,0,1,0,3687803056,0,14,0,0,0,104,0,"[0, 0, 77, 127, 65, 127, 46, 119, 17, 106, -17, 85, -52, 55, -94, 30, -128, 10, -128, -14, -128, -40, -128, -52, -128, -52, -128, -48, -128, -44, -128, -45, -128, -49, -128, -46, -128, -35, -128, -22, -128, -11, -128, 2, -90, 16, -42, 31, 2, 44, 31, 49, -62, 30, -61, 33, -53, 35, -41, 44, -39, 57, -40, 62, -33, 65, -26, 69, -28, 68, -36, 59, -39, 55, -32, 56, -31, 54, -39, 42, -42, 31, -44, 34, -45, 39, -39, 39, -25, 48, -16, 59, -8, 62, 12, 69, 28, 88, 40, 112, 65, 127, 88, 127]",esp32_2
CSI_DATA,150736,2025-07-23 16:16:25.072,0,stand,00:00:00:00:00:00,-61,11,0,0,0,0,0,0,0,0,0,-97,0,1,0,772520779,0,14,0,0,0,104,0,"[0, 0, -32, -95, -33, -56, -42, -20, -54, 12, -67, 40, -85, 62, -106, 79, -127, 88, -128, 92, -128, 91, -128, 85, -128, 76, -128, 64, -128, 56, -124, 49, -104, 43, -84, 41, -66, 45, -48, 53, -35, 63, -26, 73, -21, 84, -20, 94, -26, 103, -34, 108, 30, -73, 35, -81, 41, -89, 49, -96, 58, -100, 64, -99, 67, -95, 64, -92, 55, -88, 43, -85, 29, -86, 9, -88, -12, -91, -33, -100, -54, -113, -73, -128, -88, -128, -99, -128, -107, -128, -110, -128, -109, -128, -104, -128, -94, -128, -83, -128, -69, -128, -58, -128]",esp32_1
CSI_DATA,49283,2025-07-23 16:16:25.072,0,stand,00:00:00:00:00:00,-77,11,0,0,0,0,0,0,0,0,0,-97,0,1,0,3687828922,0,14,0,0,0,104,0,"[0, 0, 127, -118, 127, -100, 122, -71, 102, -31, 79, 17, 53, 66, 28, 115, 4, 127, -14, 127, -28, 127, -46, 127, -58, 127, -59, 127, -55, 127, -60, 127, -62, 127, -52, 127, -41, 127, -28, 127, -10, 127, 3, 127, 15, 99, 35, 46, 53, -5, 53, -40, 35, 58, 37, 50, 43, 45, 57, 36, 67, 29, 74, 28, 79, 27, 76, 23, 68, 25, 62, 27, 55, 25, 39, 25, 30, 27, 25, 34, 18, 46, 17, 45, 20, 40, 29, 37, 38, 27, 49, 16, 69, -1, 90, -21, 105, -37, 123, -63, 127, -91, 127, -103]",esp32_2
CSI_DATA,49284,2025-07-23 16:16:25.088,0,stand,00:00:00:00:00:00,-76,11,0,0,0,0,0,0,0,0,0,-97,0,1,0,3687863099,0,14,0,0,0,104,0,"[0, 0, -128, 84, -128, 75, -120, 54, -105, 20, -82, -20, -57, -61, -33, -105, -13, -128, 2, -128, 20, -128, 36, -128, 38, -128, 30, -128, 32, -128, 39, -128, 41, -128, 36, -128, 20, -128, 8, -128, -2, -128, -14, -128, -25, -88, -39, -37, -53, 8, -68, 41, -19, -68, -20, -68, -35, -68, -50, -63, -57, -60, -66, -61, -77, -58, -80, -55, -70, -50, -62, -49, -68, -55, -61, -55, -42, -49, -39, -51, -43, -61, -43, -68, -44, -62, -43, -50, -46, -38, -59, -18, -75, 4, -91, 14, -107, 23, -124, 48, -128, 70, -128, 72]",esp32_2
CSI_DATA,150737,2025-07-23 16:16:25.098,0,stand,00:00:00:00:00:00,-62,11,0,0,0,0,0,0,0,0,0,-97,0,1,0,772530807,0,14,0,0,0,104,0,"[0, 0, 87, -55, 47, -48, 8, -46, -28, -52, -61, -62, -89, -72, -113, -83, -128, -96, -128, -109, -128, -120, -128, -128, -128, -128, -116, -128, -101, -123, -87, -108, -76, -89, -67, -69, -64, -48, -66, -28, -72, -12, -81, 0, -92, 10, -101, 15, -111, 12, -117, 7, 79, 13, 87, 18, 97, 26, 107, 34, 114, 41, 114, 48, 111, 51, 107, 50, 101, 43, 95, 31, 89, 11, 86, -10, 90, -30, 99, -52, 107, -78, 116, -104, 127, -127, 127, -128, 127, -128, 127, -128, 127, -128, 127, -128, 127, -128, 127, -128, 127, -126, 127, -108]",esp32_1
CSI_DATA,49285,2025-07-23 16:16:25.110,0,stand,00:00:00:00:00:00,-77,11,0,0,0,0,0,0,0,0,0,-97,0,1,0,3687890848,0,14,0,0,0,104,0,"[0, 0, 127, 68, 127, 56, 127, 62, 82, 73, 32, 74, -22, 73, -78, 85, -128, 104, -128, 120, -128, 127, -128, 127, -128, 127, -128, 127, -128, 127, -128, 127, -128, 127, -128, 127, -128, 127, -128, 122, -128, 108, -119, 94, -67, 74, -16, 49, 33, 24, 66, 4, -37, 63, -24, 64, -13, 66, -9, 67, -1, 68, 5, 71, 13, 75, 20, 75, 13, 72, 5, 64, 3, 50, -2, 49, -15, 52, -31, 46, -30, 42, -22, 39, -21, 35, -17, 39, -1, 47, 18, 55, 40, 57, 64, 55, 89, 59, 117, 60, 127, 58, 127, 62]",esp32_2
CSI_DATA,150738,2025-07-23 16:16:25.132,0,stand,00:00:00:00:00:00,-62,11,0,0,0,0,0,0,0,0,0,-97,0,1,0,772540807,0,14,0,0,0,104,0,"[0, 0, 30, -103, 4, -69, -26, -41, -55, -19, -82, -2, -110, 9, -128, 14, -128, 13, -128, 8, -128, 1, -128, -6, -128, -14, -128, -20, -128, -23, -128, -22, -116, -17, -97, -6, -82, 8, -70, 24, -64, 39, -62, 53, -64, 66, -68, 76, -77, 82, -87, 83, 70, -44, 79, -46, 90, -48, 100, -48, 109, -46, 115, -43, 115, -39, 111, -38, 102, -39, 90, -44, 75, -56, 60, -68, 47, -81, 36, -103, 24, -128, 13, -128, 11, -128, 12, -128, 16, -128, 24, -128, 34, -128, 43, -128, 52, -128, 59, -128, 64, -128, 67, -128]",esp32_1
CSI_DATA,49286,2025-07-23 16:16:25.140,0,stand,00:00:00:00:00:00,-77,11,0,0,0,0,0,0,0,0,0,-97,0,1,0,3687917896,0,14,0,0,0,104,0,"[0, 0, -102, 127, -103, 127, -98, 104, -89, 67, -84, 16, -81, -35, -72, -84, -71, -128, -82, -128, -91, -128, -102, -128, -110, -128, -107, -128, -98, -128, -100, -128, -108, -128, -101, -128, -98, -128, -99, -128, -84, -128, -72, -120, -65, -69, -50, -22, -40, 29, -34, 65, -55, -52, -71, -52, -76, -44, -78, -32, -87, -26, -98, -18, -102, -19, -104, -30, -102, -28, -99, -25, -99, -30, -90, -30, -74, -26, -65, -22, -62, -24, -55, -30, -57, -33, -63, -31, -59, -16, -71, 4, -82, 28, -74, 52, -75, 74, -87, 102, -98, 124, -106, 127]",esp32_2
CSI_DATA,150739,2025-07-23 16:16:25.163,0,stand,00:00:00:00:00:00,-62,11,0,0,0,0,0,0,0,0,0,-97,0,1,0,772550786,0,14,0,0,0,104,0,"[0, 0, 16, 102, 24, 62, 40, 22, 55, -13, 70, -42, 88, -67, 109, -86, 127, -95, 127, -95, 127, -91, 127, -86, 127, -80, 127, -69, 127, -59, 127, -50, 108, -45, 87, -45, 68, -49, 50, -56, 34, -66, 22, -78, 17, -89, 19, -99, 27, -110, 33, -117, -44, 70, -50, 78, -59, 83, -69, 88, -79, 91, -85, 91, -85, 89, -83, 85, -75, 82, -62, 80, -45, 84, -24, 88, -3, 94, 18, 108, 38, 125, 57, 127, 71, 127, 84, 127, 93, 127, 96, 127, 93, 127, 85, 127, 74, 127, 61, 127, 48, 127, 40, 127]",esp32_1
CSI_DATA,49287,2025-07-23 16:16:25.163,0,stand,00:00:00:00:00:00,-76,11,0,0,0,0,0,0,0,0,0,-97,0,1,0,3687948847,0,14,0,0,0,104,0,"[0, 0, 95, 127, 83, 127, 66, 120, 34, 100, -6, 73, -54, 48, -108, 27, -128, 7, -128, -17, -128, -39, -128, -55, -128, -63, -128, -63, -128, -65, -128, -71, -128, -72, -128, -61, -128, -50, -128, -42, -128, -25, -128, -1, -92, 17, -42, 23, 3, 35, 34, 54, -63, 37, -57, 45, -45, 51, -37, 59, -31, 68, -25, 71, -18, 65, -11, 63, -8, 69, -13, 64, -23, 48, -31, 39, -34, 36, -42, 31, -49, 25, -44, 18, -39, 22, -33, 35, -23, 41, -12, 46, -2, 60, 12, 75, 35, 90, 64, 111, 89, 127, 102, 127]",esp32_2
CSI_DATA,150740,2025-07-23 16:16:25.185,0,stand,00:00:00:00:00:00,-62,11,0,0,0,0,0,0,0,0,0,-97,0,1,0,772560804,0,14,0,0,0,104,0,"[0, 0, -102, 31, -60, 35, -20, 42, 14, 58, 43, 76, 68, 93, 86, 110, 97, 127, 100, 127, 98, 127, 93, 127, 86, 127, 74, 127, 62, 127, 53, 127, 48, 106, 46, 83, 49, 63, 57, 47, 66, 33, 79, 22, 91, 16, 101, 17, 109, 22, 112, 28, -72, -35, -80, -42, -90, -53, -97, -64, -100, -73, -98, -77, -94, -78, -90, -75, -86, -67, -85, -55, -85, -37, -87, -16, -98, 4, -113, 26, -126, 47, -128, 67, -128, 85, -128, 99, -128, 105, -128, 107, -128, 106, -128, 100, -128, 91, -128, 81, -128, 66, -128, 50]",esp32_1
CSI_DATA,49288,2025-07-23 16:16:25.185,0,stand,00:00:00:00:00:00,-76,11,0,0,0,0,0,0,0,0,0,-97,0,1,0,3687974826,0,14,0,0,0,104,0,"[0, 0, 112, -128, 102, -122, 100, -106, 89, -64, 77, -14, 77, 36, 73, 84, 63, 127, 61, 127, 66, 127, 71, 127, 76, 127, 78, 127, 80, 127, 85, 127, 84, 127, 75, 127, 62, 127, 50, 127, 47, 127, 45, 127, 48, 79, 52, 26, 48, -24, 48, -56, 62, 58, 62, 51, 66, 41, 67, 32, 69, 24, 71, 19, 77, 15, 87, 7, 89, 7, 80, 13, 67, 18, 57, 21, 58, 23, 60, 21, 55, 20, 54, 23, 51, 29, 59, 32, 78, 26, 82, 4, 73, -26, 69, -48, 80, -70, 98, -97, 100, -127, 94, -128]",esp32_2
CSI_DATA,49289,2025-07-23 16:16:25.207,0,stand,00:00:00:00:00:00,-76,11,0,0,0,0,0,0,0,0,0,-97,0,1,0,3688048214,0,14,0,0,0,104,0,"[0, 0, 127, -58, 127, -44, 117, -21, 96, 3, 65, 32, 31, 69, 4, 110, -23, 127, -57, 127, -89, 127, -114, 127, -128, 127, -128, 127, -128, 127, -128, 127, -128, 127, -128, 127, -111, 127, -85, 127, -67, 127, -46, 121, -13, 78, 22, 39, 49, 6, 61, -23, 25, 68, 32, 71, 34, 71, 40, 64, 52, 58, 63, 54, 63, 54, 63, 54, 68, 53, 65, 50, 60, 38, 50, 34, 31, 47, 24, 62, 34, 66, 39, 64, 37, 56, 43, 43, 47, 34, 60, 31, 78, 21, 92, -1, 114, -18, 127, -37, 127, -60, 127, -67]",esp32_2
CSI_DATA,49290,2025-07-23 16:16:25.231,0,stand,00:00:00:00:00:00,-76,11,0,0,0,0,0,0,0,0,0,-97,0,1,0,3688092779,0,14,0,0,0,104,0,"[0, 0, 127, 40, 127, 41, 127, 43, 98, 46, 48, 58, -2, 78, -60, 103, -120, 123, -128, 127, -128, 127, -128, 127, -128, 127, -128, 127, -128, 127, -128, 127, -128, 127, -128, 127, -128, 127, -128, 127, -128, 127, -123, 105, -67, 75, -12, 49, 36, 26, 66, 7, -16, 55, -11, 66, 0, 72, 11, 74, 17, 75, 25, 74, 34, 74, 40, 72, 36, 63, 23, 55, 10, 55, -4, 55, -13, 55, -16, 56, -16, 52, -16, 51, -20, 52, -19, 53, -3, 50, 16, 46, 36, 50, 63, 56, 96, 51, 127, 36, 127, 31, 127, 34]",esp32_2
CSI_DATA,49291,2025-07-23 16:16:25.251,0,stand,00:00:00:00:00:00,-77,11,0,0,0,0,0,0,0,0,0,-97,0,1,0,3688103566,0,14,0,0,0,104,0,"[0, 0, 127, 91, 127, 81, 112, 77, 73, 77, 29, 77, -24, 70, -87, 65, -128, 71, -128, 75, -128, 81, -128, 88, -128, 90, -128, 92, -128, 98, -128, 96, -128, 87, -128, 79, -128, 75, -128, 74, -128, 68, -128, 60, -79, 50, -23, 42, 22, 44, 50, 49, -32, 55, -21, 65, -10, 68, -6, 72, 0, 76, 13, 75, 21, 75, 23, 76, 21, 73, 13, 65, 5, 61, -6, 60, -17, 52, -32, 46, -45, 49, -43, 49, -34, 45, -28, 49, -17, 54, 10, 57, 40, 57, 64, 59, 82, 71, 104, 81, 127, 84, 127, 87]",esp32_2
CSI_DATA,49292,2025-07-23 16:16:25.272,0,stand,00:00:00:00:00:00,-76,11,0,0,0,0,0,0,0,0,0,-97,0,1,0,3688138047,0,14,0,0,0,104,0,"[0, 0, -128, 115, -128, 93, -115, 71, -101, 44, -90, -1, -82, -59, -76, -123, -60, -128, -47, -128, -39, -128, -26, -128, -20, -128, -25, -128, -29, -128, -36, -128, -39, -128, -29, -128, -22, -128, -33, -128, -48, -128, -50, -128, -47, -84, -43, -30, -43, 28, -48, 68, -39, -68, -50, -58, -58, -60, -65, -61, -71, -52, -77, -45, -88, -44, -99, -45, -99, -45, -89, -54, -79, -56, -70, -44, -65, -41, -66, -40, -59, -42, -40, -46, -45, -45, -66, -43, -69, -32, -72, -13, -86, 11, -100, 36, -117, 55, -128, 77, -128, 104, -128, 127]",esp32_2
CSI_DATA,150742,2025-07-23 16:16:25.277,0,stand,00:00:00:00:00:00,-62,11,0,0,0,0,0,0,0,0,0,-97,0,1,0,772580810,0,14,0,0,0,104,0,"[0, 0, 47, 88, 38, 46, 37, 5, 38, -34, 43, -69, 52, -101, 66, -125, 83, -128, 98, -128, 109, -128, 116, -128, 120, -128, 119, -128, 113, -115, 98, -100, 79, -86, 60, -77, 38, -72, 17, -71, -1, -74, -18, -81, -28, -88, -30, -99, -28, -111, -24, -120, -26, 78, -31, 88, -37, 98, -43, 105, -51, 110, -59, 110, -63, 108, -61, 105, -52, 99, -37, 91, -19, 87, 1, 86, 25, 88, 51, 94, 78, 105, 100, 120, 120, 127, 127, 127, 127, 127, 127, 127, 127, 127, 127, 127, 127, 127, 127, 127, 124, 127, 112, 127]",esp32_1
CSI_DATA,49293,2025-07-23 16:16:25.297,0,stand,00:00:00:00:00:00,-76,11,0,0,0,0,0,0,0,0,0,-97,0,1,0,3688178819,0,14,0,0,0,104,0,"[0, 0, -128, 6, -128, 5, -128, -9, -93, -28, -62, -51, -23, -80, 29, -114, 81, -128, 123, -128, 127, -128, 127, -128, 127, -128, 127, -128, 127, -128, 127, -128, 127, -128, 127, -128, 127, -128, 127, -128, 113, -128, 73, -128, 29, -93, -9, -57, -41, -22, -69, 5, 14, -55, 1, -66, -7, -73, -16, -74, -26, -78, -38, -76, -47, -68, -44, -62, -41, -61, -36, -63, -28, -61, -24, -61, -8, -61, 8, -53, 9, -46, 3, -49, -1, -54, -3, -54, -10, -52, -26, -48, -53, -44, -85, -34, -109, -17, -128, 3, -128, 12, -128, 5]",esp32_2
CSI_DATA,150743,2025-07-23 16:16:25.300,0,stand,00:00:00:00:00:00,-61,11,0,0,0,0,0,0,0,0,0,-97,0,1,0,772590778,0,14,0,0,0,104,0,"[0, 0, 18, 97, 25, 59, 39, 24, 54, -7, 69, -33, 89, -54, 110, -70, 127, -78, 127, -80, 127, -77, 127, -71, 127, -62, 127, -52, 127, -43, 126, -37, 104, -34, 85, -34, 68, -40, 51, -50, 38, -60, 29, -72, 27, -83, 29, -93, 36, -102, 43, -107, -38, 69, -44, 74, -52, 81, -61, 87, -70, 91, -78, 90, -80, 86, -77, 82, -68, 78, -56, 78, -39, 82, -19, 85, -1, 89, 18, 101, 37, 117, 54, 127, 68, 127, 79, 127, 85, 127, 86, 127, 83, 127, 76, 127, 66, 127, 56, 127, 45, 127, 37, 127]",esp32_1
CSI_DATA,49294,2025-07-23 16:16:25.314,0,stand,00:00:00:00:00:00,-77,11,0,0,0,0,0,0,0,0,0,-97,0,1,0,3688212613,0,14,0,0,0,104,0,"[0, 0, -128, -16, -128, -18, -128, -34, -91, -51, -44, -64, 0, -84, 52, -118, 108, -128, 127, -128, 127, -128, 127, -128, 127, -128, 127, -128, 127, -128, 127, -128, 127, -128, 127, -128, 127, -128, 127, -128, 127, -128, 92, -127, 44, -93, 1, -54, -38, -20, -65, 1, 19, -78, 9, -76, 2, -71, -8, -71, -18, -75, -24, -70, -31, -62, -38, -64, -29, -67, -17, -62, -14, -53, -9, -52, 6, -57, 18, -55, 21, -49, 15, -50, 11, -52, 9, -48, -7, -48, -29, -47, -48, -42, -69, -39, -99, -34, -128, -25, -128, -23, -128, -28]",esp32_2
CSI_DATA,150744,2025-07-23 16:16:25.334,0,stand,00:00:00:00:00:00,-61,11,0,0,0,0,0,0,0,0,0,-97,0,1,0,772601152,0,14,0,0,0,104,0,"[0, 0, -39, -94, -39, -56, -46, -19, -55, 15, -66, 44, -82, 68, -101, 85, -120, 94, -128, 98, -128, 98, -128, 91, -128, 83, -128, 73, -128, 63, -122, 53, -101, 46, -81, 44, -62, 47, -46, 54, -32, 61, -21, 71, -16, 83, -17, 95, -24, 103, -30, 108, 21, -75, 25, -84, 31, -93, 38, -101, 47, -106, 56, -105, 59, -100, 57, -96, 50, -91, 38, -89, 23, -88, 4, -88, -17, -89, -39, -97, -60, -109, -79, -127, -97, -128, -112, -128, -121, -128, -125, -128, -123, -128, -118, -128, -112, -128, -101, -128, -86, -128, -73, -128]",esp32_1
CSI_DATA,49295,2025-07-23 16:16:25.344,0,stand,00:00:00:00:00:00,-76,11,0,0,0,0,0,0,0,0,0,-97,0,1,0,3688261521,0,14,0,0,0,104,0,"[0, 0, 34, 127, 19, 127, 4, 118, -14, 87, -42, 48, -83, 13, -121, -9, -128, -34, -128, -69, -128, -101, -128, -119, -128, -128, -128, -128, -128, -128, -128, -128, -128, -128, -128, -128, -128, -121, -128, -102, -128, -73, -126, -38, -86, -5, -41, 29, -2, 58, 19, 77, -74, 8, -75, 29, -73, 43, -72, 45, -72, 48, -67, 49, -64, 52, -58, 55, -58, 54, -66, 53, -62, 51, -55, 51, -58, 53, -61, 52, -61, 49, -56, 41, -51, 47, -53, 59, -50, 66, -42, 72, -25, 81, -1, 94, 15, 116, 25, 127, 34, 127, 40, 127]",esp32_2
CSI_DATA,150745,2025-07-23 16:16:25.357,0,stand,00:00:00:00:00:00,-62,11,0,0,0,0,0,0,0,0,0,-97,0,1,0,772610794,0,14,0,0,0,104,0,"[0, 0, -34, 96, -10, 66, 19, 40, 47, 22, 76, 8, 105, -3, 127, -8, 127, -8, 127, -2, 127, 8, 127, 17, 127, 24, 127, 29, 127, 31, 127, 28, 108, 21, 89, 10, 76, -6, 65, -21, 59, -36, 59, -49, 62, -61, 67, -69, 76, -74, 83, -74, -70, 36, -80, 37, -90, 36, -101, 36, -111, 35, -114, 31, -112, 28, -107, 26, -100, 27, -90, 33, -78, 44, -64, 57, -52, 73, -42, 94, -33, 119, -26, 127, -25, 127, -28, 127, -34, 127, -39, 127, -46, 127, -58, 127, -69, 127, -76, 127, -77, 127, -75, 127]",esp32_1
CSI_DATA,150746,2025-07-23 16:16:25.377,0,stand,00:00:00:00:00:00,-62,11,0,0,0,0,0,0,0,0,0,-97,0,1,0,772620835,0,14,0,0,0,104,0,"[0, 0, 98, 2, 65, -14, 34, -34, 8, -61, -11, -86, -26, -109, -34, -128, -38, -128, -36, -128, -30, -128, -23, -128, -16, -128, -8, -128, 0, -128, 3, -128, 0, -111, -6, -91, -16, -76, -29, -64, -44, -55, -59, -52, -73, -52, -82, -56, -86, -64, -86, -72, 54, 49, 61, 58, 67, 71, 70, 83, 70, 92, 67, 97, 61, 99, 58, 96, 58, 87, 61, 74, 66, 57, 75, 40, 90, 24, 107, 10, 124, -6, 127, -19, 127, -26, 127, -31, 127, -32, 127, -27, 127, -19, 127, -12, 127, -4, 127, 3, 127, 12, 127, 20]",esp32_1
CSI_DATA,150747,2025-07-23 16:16:25.409,0,stand,00:00:00:00:00:00,-62,11,0,0,0,0,0,0,0,0,0,-97,0,1,0,772631705,0,14,0,0,0,104,0,"[0, 0, -22, 104, -2, 69, 25, 37, 53, 13, 81, -5, 108, -18, 127, -26, 127, -28, 127, -24, 127, -16, 127, -7, 127, 1, 127, 8, 127, 9, 127, 9, 114, 7, 95, -2, 79, -17, 67, -33, 57, -47, 53, -60, 55, -72, 60, -82, 70, -87, 78, -89, -66, 47, -75, 50, -86, 51, -98, 52, -108, 52, -113, 49, -113, 45, -109, 44, -99, 44, -86, 47, -71, 59, -55, 72, -41, 84, -28, 103, -16, 127, -7, 127, -3, 127, -1, 127, -2, 127, -6, 127, -13, 127, -22, 127, -33, 127, -42, 127, -48, 127, -51, 127]",esp32_1
CSI_DATA,49297,2025-07-23 16:16:25.419,0,stand,00:00:00:00:00:00,-77,11,0,0,0,0,0,0,0,0,0,-97,0,1,0,3688335454,0,14,0,0,0,104,0,"[0, 0, -128, -58, -128, -55, -115, -60, -78, -68, -24, -78, 32, -91, 82, -105, 127, -119, 127, -128, 127, -128, 127, -128, 127, -128, 127, -128, 127, -128, 127, -128, 127, -128, 127, -128, 127, -128, 127, -128, 127, -111, 89, -88, 48, -67, 0, -44, -44, -27, -72, -14, 37, -63, 29, -68, 17, -81, 10, -97, 3, -101, -1, -90, -8, -80, -21, -83, -19, -89, -6, -86, -8, -73, -4, -74, 10, -91, 8, -86, -2, -67, -6, -63, -9, -70, -17, -67, -23, -61, -27, -57, -46, -54, -84, -57, -115, -57, -128, -53, -128, -55, -128, -63]",esp32_2
CSI_DATA,150748,2025-07-23 16:16:25.428,0,stand,00:00:00:00:00:00,-62,11,0,0,0,0,0,0,0,0,0,-97,0,1,0,772644335,0,14,0,0,0,104,0,"[0, 0, -96, 48, -56, 44, -14, 42, 25, 49, 57, 60, 84, 72, 106, 85, 121, 97, 127, 110, 127, 122, 123, 127, 116, 127, 105, 127, 92, 121, 79, 105, 70, 89, 63, 70, 61, 48, 63, 28, 70, 11, 79, -2, 89, -10, 100, -12, 111, -10, 117, -5, -79, -19, -88, -27, -97, -37, -104, -46, -109, -55, -109, -61, -105, -63, -99, -63, -95, -57, -91, -44, -86, -26, -84, -6, -89, 17, -98, 42, -106, 68, -117, 92, -128, 114, -128, 127, -128, 127, -128, 127, -128, 127, -128, 127, -128, 127, -128, 127, -128, 110, -128, 93]",esp32_1
CSI_DATA,49298,2025-07-23 16:16:25.442,0,stand,00:00:00:00:00:00,-76,11,0,0,0,0,0,0,0,0,0,-97,0,1,0,3688360053,0,14,0,0,0,104,0,"[0, 0, -128, -85, -128, -82, -99, -78, -58, -73, -10, -66, 41, -60, 96, -59, 127, -61, 127, -65, 127, -73, 127, -82, 127, -83, 127, -80, 127, -80, 127, -83, 127, -81, 127, -73, 127, -67, 127, -66, 127, -64, 127, -61, 83, -55, 32, -42, -21, -34, -62, -35, 39, -41, 32, -45, 21, -53, 13, -64, 5, -72, -2, -73, -6, -71, -3, -69, 0, -66, -1, -58, 0, -50, 7, -49, 17, -50, 21, -50, 20, -51, 18, -49, 15, -47, 12, -47, 9, -53, 1, -59, -19, -61, -52, -67, -84, -74, -109, -81, -128, -93, -128, -104]",esp32_2
CSI_DATA,150749,2025-07-23 16:16:25.453,0,stand,00:00:00:00:00:00,-66,11,0,0,0,0,0,0,0,0,0,-97,0,1,0,772652150,0,14,0,0,0,104,0,"[0, 0, -94, 78, -54, 68, -15, 60, 19, 68, 54, 83, 89, 96, 120, 111, 127, 127, 127, 127, 127, 127, 127, 127, 127, 127, 127, 127, 124, 127, 111, 127, 100, 127, 98, 120, 102, 91, 110, 66, 123, 50, 127, 43, 127, 37, 127, 41, 127, 56, 127, 69, -92, 30, -104, 26, -121, 15, -128, 4, -128, 1, -128, 0, -128, 0, -127, -2, -119, -2, -112, 7, -103, 25, -96, 43, -99, 60, -101, 81, -98, 108, -96, 127, -106, 127, -124, 127, -128, 127, -128, 127, -128, 127, -128, 127, -128, 127, -128, 127, -128, 127, -128, 127]",esp32_1
CSI_DATA,49299,2025-07-23 16:16:25.473,0,stand,00:00:00:00:00:00,-76,11,0,0,0,0,0,0,0,0,0,-97,0,1,0,3688385870,0,14,0,0,0,104,0,"[0, 0, -112, -128, -94, -128, -64, -125, -29, -105, 13, -81, 66, -55, 126, -24, 127, 6, 127, 22, 127, 38, 127, 52, 127, 57, 127, 66, 127, 73, 127, 71, 127, 65, 127, 52, 127, 40, 127, 36, 127, 25, 127, 5, 93, -11, 40, -26, -13, -45, -55, -57, 66, -27, 64, -34, 53, -46, 45, -53, 44, -60, 37, -68, 33, -68, 36, -63, 41, -62, 42, -60, 35, -48, 37, -39, 51, -35, 55, -26, 47, -22, 41, -23, 43, -22, 42, -25, 32, -39, 20, -56, 8, -68, -12, -81, -39, -102, -64, -121, -89, -128, -107, -128]",esp32_2
CSI_DATA,150750,2025-07-23 16:16:25.475,0,stand,00:00:00:00:00:00,-62,11,0,0,0,0,0,0,0,0,0,-97,0,1,0,772661232,0,14,0,0,0,104,0,"[0, 0, 82, 55, 58, 21, 43, -14, 31, -49, 21, -83, 18, -114, 22, -128, 31, -128, 39, -128, 48, -128, 56, -128, 60, -128, 64, -128, 65, -128, 58, -128, 45, -109, 31, -92, 16, -80, -3, -73, -23, -69, -40, -70, -53, -74, -61, -82, -62, -93, -59, -102, 16, 78, 16, 88, 13, 100, 9, 111, 5, 119, -1, 122, -6, 121, -6, 118, -1, 111, 9, 101, 22, 92, 41, 81, 63, 70, 87, 65, 112, 63, 127, 66, 127, 71, 127, 78, 127, 86, 127, 97, 127, 109, 127, 121, 127, 127, 127, 127, 127, 127, 127, 125]",esp32_1
CSI_DATA,49300,2025-07-23 16:16:25.495,0,stand,00:00:00:00:00:00,-77,11,0,0,0,0,0,0,0,0,0,-97,0,1,0,3688420113,0,14,0,0,0,104,0,"[0, 0, -111, 127, -104, 127, -92, 96, -82, 54, -72, 9, -62, -46, -60, -112, -49, -128, -35, -128, -33, -128, -36, -128, -38, -128, -40, -128, -39, -128, -39, -128, -35, -128, -28, -128, -29, -128, -38, -128, -44, -128, -44, -128, -48, -92, -49, -37, -44, 18, -37, 57, -60, -46, -59, -37, -64, -24, -67, -15, -70, -9, -73, -4, -80, -1, -82, 2, -76, 3, -76, -4, -78, -18, -70, -25, -59, -17, -55, -10, -52, -18, -42, -31, -39, -31, -52, -16, -64, -2, -68, 10, -73, 32, -81, 60, -95, 85, -113, 108, -117, 127, -112, 127]",esp32_2
CSI_DATA,150751,2025-07-23 16:16:25.498,0,stand,00:00:00:00:00:00,-62,11,0,0,0,0,0,0,0,0,0,-97,0,1,0,772674088,0,14,0,0,0,104,0,"[0, 0, -35, 96, -10, 65, 20, 36, 49, 16, 77, -1, 106, -12, 127, -16, 127, -18, 127, -14, 127, -6, 127, 2, 127, 9, 127, 15, 127, 15, 127, 14, 110, 11, 92, 1, 77, -13, 65, -29, 55, -45, 52, -59, 53, -72, 58, -83, 68, -89, 76, -91, -73, 36, -83, 37, -94, 37, -105, 35, -115, 31, -119, 27, -120, 24, -115, 23, -106, 23, -95, 28, -81, 39, -64, 53, -50, 69, -38, 91, -27, 118, -20, 127, -18, 127, -21, 127, -25, 127, -31, 127, -40, 127, -52, 127, -64, 127, -72, 127, -75, 127, -76, 127]",esp32_1
CSI_DATA,49301,2025-07-23 16:16:25.516,0,stand,00:00:00:00:00:00,-76,11,0,0,0,0,0,0,0,0,0,-97,0,1,0,3688456904,0,14,0,0,0,104,0,"[0, 0, -128, -95, -123, -91, -89, -89, -51, -89, -3, -80, 46, -72, 94, -73, 127, -75, 127, -79, 127, -80, 127, -82, 127, -90, 127, -92, 127, -84, 127, -78, 127, -79, 127, -83, 127, -82, 127, -75, 127, -66, 115, -58, 64, -52, 18, -46, -29, -41, -61, -37, 65, -52, 55, -58, 47, -63, 40, -66, 32, -69, 27, -76, 26, -82, 22, -82, 19, -77, 14, -70, 14, -69, 20, -74, 30, -68, 38, -60, 30, -62, 18, -63, 15, -56, 7, -54, -8, -64, -17, -75, -33, -79, -59, -81, -82, -87, -105, -87, -128, -87, -128, -93]",esp32_2
CSI_DATA,150752,2025-07-23 16:16:25.519,0,stand,00:00:00:00:00:00,-62,11,0,0,0,0,0,0,0,0,0,-97,0,1,0,772685117,0,14,0,0,0,104,0,"[0, 0, -64, 82, -29, 59, 6, 41, 40, 30, 74, 23, 105, 20, 127, 22, 127, 25, 127, 32, 127, 44, 127, 54, 127, 58, 127, 59, 127, 56, 120, 50, 104, 41, 87, 25, 74, 6, 67, -13, 62, -28, 63, -43, 68, -56, 76, -64, 86, -68, 95, -70, -78, 6, -89, 3, -100, -4, -111, -10, -120, -14, -122, -18, -119, -21, -114, -20, -106, -16, -98, -8, -87, 6, -79, 25, -75, 46, -73, 70, -70, 98, -69, 127, -76, 127, -86, 127, -96, 127, -107, 127, -118, 127, -128, 127, -128, 127, -128, 127, -128, 127, -128, 127]",esp32_1
CSI_DATA,49302,2025-07-23 16:16:25.538,0,stand,00:00:00:00:00:00,-76,11,0,0,0,0,0,0,0,0,0,-97,0,1,0,3688505717,0,14,0,0,0,104,0,"[0, 0, -128, 117, -128, 91, -107, 72, -81, 42, -61, -7, -38, -65, -19, -123, -2, -128, 16, -128, 32, -128, 47, -128, 59, -128, 63, -128, 59, -128, 55, -128, 56, -128, 53, -128, 45, -128, 35, -128, 21, -128, 2, -128, -14, -93, -30, -45, -47, 2, -59, 40, -45, -57, -48, -53, -56, -43, -64, -37, -69, -32, -74, -33, -79, -35, -78, -30, -73, -25, -65, -25, -53, -31, -41, -38, -32, -42, -28, -42, -33, -42, -36, -49, -36, -58, -38, -47, -46, -25, -56, -15, -67, -2, -87, 21, -107, 42, -119, 67, -128, 90, -128, 102]",esp32_2
CSI_DATA,150753,2025-07-23 16:16:25.541,0,stand,00:00:00:00:00:00,-62,11,0,0,0,0,0,0,0,0,0,-97,0,1,0,772690830,0,14,0,0,0,104,0,"[0, 0, 67, 86, 55, 45, 51, 2, 50, -38, 55, -73, 62, -104, 75, -128, 94, -128, 108, -128, 117, -128, 125, -128, 127, -128, 127, -128, 121, -116, 107, -98, 88, -84, 69, -77, 48, -74, 28, -74, 12, -78, -4, -85, -15, -94, -19, -107, -15, -120, -10, -128, -7, 85, -9, 97, -13, 110, -18, 118, -26, 124, -34, 126, -38, 123, -37, 119, -30, 113, -17, 105, 1, 101, 21, 96, 44, 92, 71, 95, 98, 101, 122, 112, 127, 126, 127, 127, 127, 127, 127, 127, 127, 127, 127, 127, 127, 127, 127, 127, 127, 127, 127, 127]",esp32_1
CSI_DATA,49303,2025-07-23 16:16:25.559,0,stand,00:00:00:00:00:00,-76,11,0,0,0,0,0,0,0,0,0,-97,0,1,0,3688535931,0,14,0,0,0,104,0,"[0, 0, 63, 127, 44, 127, 25, 127, -3, 97, -38, 67, -82, 35, -128, 1, -128, -29, -128, -55, -128, -73, -128, -92, -128, -111, -128, -125, -128, -128, -128, -120, -128, -109, -128, -105, -128, -97, -128, -74, -128, -42, -128, -15, -105, 1, -48, 18, 7, 39, 44, 50, -69, 7, -67, 16, -65, 27, -64, 44, -65, 56, -64, 52, -62, 51, -58, 53, -48, 51, -44, 48, -47, 41, -50, 35, -52, 28, -55, 18, -57, 10, -56, 6, -51, 7, -45, 17, -37, 34, -31, 52, -26, 72, 0, 95, 31, 116, 44, 127, 57, 127, 75, 127]",esp32_2
CSI_DATA,150754,2025-07-23 16:16:25.562,0,stand,00:00:00:00:00:00,-62,11,0,0,0,0,0,0,0,0,0,-97,0,1,0,772712540,0,14,0,0,0,104,0,"[0, 0, -78, 84, -38, 65, 4, 51, 40, 47, 75, 46, 106, 49, 127, 59, 127, 68, 127, 79, 127, 90, 127, 99, 127, 104, 127, 106, 127, 102, 114, 90, 99, 74, 85, 53, 77, 31, 77, 11, 80, -6, 85, -18, 94, -29, 104, -36, 115, -36, 121, -31, -86, 15, -98, 12, -111, 6, -123, 0, -128, -6, -128, -11, -127, -15, -121, -16, -114, -12, -106, 0, -96, 18, -87, 37, -82, 56, -81, 81, -80, 111, -84, 127, -94, 127, -108, 127, -123, 127, -128, 127, -128, 127, -128, 127, -128, 127, -128, 127, -128, 127, -128, 127]",esp32_1
CSI_DATA,150755,2025-07-23 16:16:25.584,0,stand,00:00:00:00:00:00,-62,11,0,0,0,0,0,0,0,0,0,-97,0,1,0,772738706,0,14,0,0,0,104,0,"[0, 0, -24, -103, -28, -62, -39, -23, -51, 11, -66, 43, -84, 69, -105, 86, -125, 96, -128, 101, -128, 100, -128, 97, -128, 90, -128, 80, -128, 69, -124, 60, -102, 52, -81, 48, -59, 51, -39, 58, -23, 67, -13, 78, -7, 89, -6, 100, -11, 111, -18, 116, 45, -68, 52, -74, 60, -81, 69, -88, 79, -91, 87, -89, 89, -84, 87, -81, 79, -77, 65, -75, 47, -79, 27, -83, 6, -89, -17, -101, -40, -118, -61, -128, -78, -128, -90, -128, -96, -128, -98, -128, -96, -128, -91, -128, -83, -128, -73, -128, -59, -128, -46, -128]",esp32_1
CSI_DATA,49304,2025-07-23 16:16:25.584,0,stand,00:00:00:00:00:00,-76,11,0,0,0,0,0,0,0,0,0,-97,0,1,0,3688555200,0,14,0,0,0,104,0,"[0, 0, 17, -128, 22, -128, 31, -122, 41, -87, 56, -43, 76, 7, 99, 60, 119, 110, 127, 127, 127, 127, 127, 127, 127, 127, 127, 127, 127, 127, 127, 127, 127, 127, 127, 127, 127, 127, 127, 127, 127, 127, 102, 88, 73, 43, 45, 6, 22, -38, 4, -75, 68, 14, 71, 3, 70, -12, 67, -23, 68, -26, 71, -25, 72, -25, 71, -23, 71, -27, 66, -27, 58, -17, 50, -14, 44, -8, 44, 2, 46, 8, 45, 12, 44, 10, 43, 1, 43, -16, 46, -36, 48, -54, 40, -75, 26, -105, 22, -128, 20, -128, 10, -128]",esp32_2
CSI_DATA,49305,2025-07-23 16:16:25.604,0,stand,00:00:00:00:00:00,-77,11,0,0,0,0,0,0,0,0,0,-97,0,1,0,3688598309,0,14,0,0,0,104,0,"[0, 0, -128, -24, -128, -31, -125, -45, -82, -58, -25, -65, 31, -77, 78, -102, 124, -128, 127, -128, 127, -128, 127, -128, 127, -128, 127, -128, 127, -128, 127, -128, 127, -128, 127, -128, 127, -128, 127, -128, 127, -128, 110, -97, 56, -73, 6, -49, -33, -19, -61, -1, 29, -63, 12, -70, -1, -74, -5, -71, -15, -72, -28, -75, -32, -76, -28, -70, -21, -65, -15, -63, -11, -56, 0, -51, 8, -49, 8, -45, 9, -40, 12, -44, 12, -54, 3, -56, -9, -50, -30, -44, -55, -37, -82, -44, -111, -50, -128, -33, -128, -16, -128, -11]",esp32_2
CSI_DATA,150756,2025-07-23 16:16:25.610,0,stand,00:00:00:00:00:00,-62,11,0,0,0,0,0,0,0,0,0,-97,0,1,0,772776002,0,14,0,0,0,104,0,"[0, 0, -24, 102, -4, 67, 23, 35, 50, 9, 77, -11, 103, -25, 127, -32, 127, -36, 127, -37, 127, -32, 127, -25, 127, -17, 127, -9, 127, -2, 127, 0, 112, -2, 92, -9, 75, -22, 62, -36, 52, -51, 48, -65, 46, -77, 49, -88, 57, -95, 66, -98, -65, 46, -74, 49, -85, 52, -96, 53, -107, 52, -113, 50, -113, 46, -109, 44, -101, 43, -87, 45, -69, 54, -52, 66, -37, 80, -23, 100, -11, 122, -1, 127, 5, 127, 8, 127, 8, 127, 2, 127, -6, 127, -15, 127, -23, 127, -30, 127, -35, 127, -36, 127]",esp32_1
CSI_DATA,49306,2025-07-23 16:16:25.626,0,stand,00:00:00:00:00:00,-76,11,0,0,0,0,0,0,0,0,0,-97,0,1,0,3688617269,0,14,0,0,0,104,0,"[0, 0, -128, 11, -128, -8, -125, -22, -85, -33, -46, -52, -1, -87, 43, -120, 92, -128, 127, -128, 127, -128, 127, -128, 127, -128, 127, -128, 127, -128, 127, -128, 127, -128, 127, -128, 127, -128, 127, -128, 119, -128, 81, -128, 39, -93, -4, -51, -41, -11, -71, 20, 13, -65, 5, -68, -3, -70, -10, -72, -25, -75, -40, -74, -48, -68, -52, -66, -45, -65, -31, -63, -21, -60, -5, -61, 11, -60, 12, -58, 3, -58, -4, -58, -3, -59, -6, -58, -19, -51, -37, -49, -59, -48, -81, -35, -102, -19, -126, -12, -128, -6, -128, 1]",esp32_2
CSI_DATA,150757,2025-07-23 16:16:25.635,0,stand,00:00:00:00:00:00,-62,11,0,0,0,0,0,0,0,0,0,-97,0,1,0,772826221,0,14,0,0,0,104,0,"[0, 0, -90, 51, -52, 43, -12, 40, 23, 47, 53, 59, 78, 69, 100, 81, 115, 94, 122, 105, 124, 116, 120, 126, 111, 127, 99, 127, 86, 119, 75, 105, 66, 87, 58, 66, 57, 47, 60, 30, 65, 14, 76, 3, 88, -4, 97, -7, 106, -5, 113, 1, -77, -12, -86, -19, -97, -28, -106, -35, -112, -41, -111, -47, -108, -51, -103, -50, -97, -43, -92, -32, -86, -17, -83, 2, -86, 24, -92, 47, -98, 70, -107, 93, -123, 115, -128, 127, -128, 127, -128, 127, -128, 127, -128, 127, -128, 127, -128, 127, -128, 116, -128, 101]",esp32_1
CSI_DATA,49307,2025-07-23 16:16:25.651,0,stand,00:00:00:00:00:00,-76,11,0,0,0,0,0,0,0,0,0,-97,0,1,0,3688651974,0,14,0,0,0,104,0,"[0, 0, -118, -128, -97, -128, -67, -126, -25, -111, 12, -91, 59, -74, 123, -54, 127, -48, 127, -55, 127, -62, 127, -69, 127, -74, 127, -71, 127, -72, 127, -80, 127, -79, 127, -69, 127, -56, 127, -54, 127, -58, 127, -57, 84, -47, 15, -36, -40, -30, -77, -24, 85, -16, 69, -19, 64, -29, 61, -46, 54, -59, 49, -58, 42, -62, 33, -61, 34, -51, 37, -53, 41, -53, 46, -47, 41, -47, 40, -41, 38, -35, 30, -47, 30, -55, 29, -51, 19, -50, 6, -49, -3, -53, -16, -73, -46, -97, -83, -117, -109, -128, -117, -128]",esp32_2
CSI_DATA,150758,2025-07-23 16:16:25.657,0,stand,00:00:00:00:00:00,-62,11,0,0,0,0,0,0,0,0,0,-97,0,1,0,772858830,0,14,0,0,0,104,0,"[0, 0, -42, 124, -13, 83, 25, 47, 61, 18, 95, -3, 127, -17, 127, -24, 127, -25, 127, -21, 127, -15, 127, -5, 127, 6, 127, 15, 127, 17, 127, 16, 127, 10, 118, -3, 96, -20, 80, -39, 70, -56, 65, -74, 64, -91, 71, -105, 84, -114, 94, -116, -93, 44, -104, 48, -117, 48, -128, 47, -128, 46, -128, 40, -128, 33, -128, 30, -128, 33, -115, 41, -98, 55, -79, 72, -61, 91, -48, 117, -35, 127, -27, 127, -24, 127, -24, 127, -26, 127, -35, 127, -47, 127, -59, 127, -71, 127, -81, 127, -86, 127, -89, 127]",esp32_1
CSI_DATA,49308,2025-07-23 16:16:25.673,0,stand,00:00:00:00:00:00,-76,11,0,0,0,0,0,0,0,0,0,-97,0,1,0,3688690149,0,14,0,0,0,104,0,"[0, 0, 127, 97, 104, 91, 71, 93, 27, 86, -21, 68, -66, 53, -112, 48, -128, 47, -128, 43, -128, 43, -128, 52, -128, 50, -128, 43, -128, 48, -128, 54, -128, 52, -128, 48, -128, 42, -128, 43, -128, 47, -124, 45, -66, 34, -13, 30, 35, 37, 61, 38, -58, 42, -53, 46, -46, 51, -35, 60, -29, 66, -26, 66, -20, 71, -20, 74, -26, 72, -25, 66, -22, 58, -25, 54, -25, 55, -27, 52, -37, 45, -37, 48, -24, 52, -15, 51, -10, 55, 8, 63, 32, 73, 48, 91, 63, 103, 90, 98, 115, 100, 119, 114]",esp32_2
CSI_DATA,150759,2025-07-23 16:16:25.679,0,stand,00:00:00:00:00:00,-63,11,0,0,0,0,0,0,0,0,0,-97,0,1,0,772886189,0,14,0,0,0,104,0,"[0, 0, 51, -88, 21, -61, -12, -39, -44, -26, -75, -17, -104, -12, -128, -13, -128, -17, -128, -24, -128, -35, -128, -44, -128, -49, -128, -52, -128, -51, -124, -45, -106, -36, -89, -22, -76, -5, -67, 13, -62, 29, -63, 44, -67, 57, -74, 67, -83, 71, -92, 71, 78, -20, 87, -18, 99, -14, 109, -9, 117, -5, 121, 0, 119, 4, 113, 4, 106, 0, 97, -7, 84, -21, 73, -37, 67, -56, 60, -79, 56, -108, 54, -128, 57, -128, 65, -128, 74, -128, 84, -128, 95, -128, 105, -128, 115, -128, 119, -128, 119, -128, 116, -128]",esp32_1
CSI_DATA,49309,2025-07-23 16:16:25.693,0,stand,00:00:00:00:00:00,-76,11,0,0,0,0,0,0,0,0,0,-97,0,1,0,3688736863,0,14,0,0,0,104,0,"[0, 0, -128, 104, -113, 83, -93, 53, -82, 18, -66, -31, -42, -74, -24, -111, -8, -128, 4, -128, 8, -128, 18, -128, 27, -128, 26, -128, 30, -128, 38, -128, 39, -128, 39, -128, 35, -128, 23, -128, 9, -128, -8, -128, -28, -79, -40, -28, -49, 14, -63, 41, -45, -59, -43, -58, -52, -58, -63, -53, -72, -44, -79, -42, -84, -41, -86, -37, -80, -38, -75, -38, -75, -38, -62, -35, -49, -29, -50, -34, -46, -39, -38, -38, -45, -36, -61, -28, -67, -11, -73, 6, -84, 14, -97, 20, -112, 43, -126, 75, -128, 96, -128, 110]",esp32_2
CSI_DATA,150760,2025-07-23 16:16:25.701,0,stand,00:00:00:00:00:00,-61,11,0,0,0,0,0,0,0,0,0,-97,0,1,0,772909615,0,14,0,0,0,104,0,"[0, 0, -50, -89, -42, -50, -43, -13, -47, 24, -53, 57, -63, 83, -78, 104, -95, 118, -110, 126, -120, 127, -125, 123, -127, 115, -124, 104, -118, 91, -104, 79, -84, 70, -64, 64, -45, 62, -26, 64, -10, 68, 3, 75, 12, 84, 15, 95, 12, 106, 7, 112, 24, -73, 29, -81, 35, -92, 42, -100, 52, -104, 59, -104, 61, -101, 61, -97, 53, -92, 39, -87, 22, -85, 1, -84, -21, -85, -44, -92, -68, -103, -89, -118, -107, -128, -126, -128, -128, -128, -128, -128, -128, -128, -128, -128, -128, -128, -126, -128, -110, -128, -98, -128]",esp32_1
CSI_DATA,49310,2025-07-23 16:16:25.720,0,stand,00:00:00:00:00:00,-76,11,0,0,0,0,0,0,0,0,0,-97,0,1,0,3688762566,0,14,0,0,0,104,0,"[0, 0, -16, -128, -6, -128, 10, -122, 29, -80, 56, -42, 86, 1, 113, 50, 127, 95, 127, 127, 127, 127, 127, 127, 127, 127, 127, 127, 127, 127, 127, 127, 127, 127, 127, 127, 127, 127, 127, 127, 127, 118, 125, 71, 77, 31, 34, -6, 4, -47, -24, -76, 77, 10, 74, -9, 72, -23, 73, -28, 74, -36, 69, -40, 61, -41, 58, -47, 62, -46, 63, -35, 57, -26, 57, -19, 58, -15, 52, -14, 46, -15, 46, -16, 52, -16, 54, -25, 45, -40, 30, -51, 16, -62, 8, -84, 0, -114, -15, -128, -26, -128, -33, -128]",esp32_2
CSI_DATA,150761,2025-07-23 16:16:25.726,0,stand,00:00:00:00:00:00,-62,11,0,0,0,0,0,0,0,0,0,-97,0,1,0,772935148,0,14,0,0,0,104,0,"[0, 0, 103, -16, 62, -23, 26, -36, -8, -56, -37, -76, -61, -96, -77, -116, -86, -128, -87, -128, -82, -128, -78, -128, -73, -128, -62, -128, -51, -128, -45, -128, -41, -108, -39, -86, -42, -64, -52, -45, -65, -31, -79, -23, -92, -18, -101, -19, -110, -25, -117, -31, 61, 47, 68, 57, 74, 71, 78, 82, 79, 92, 77, 97, 72, 98, 69, 95, 68, 87, 68, 73, 70, 56, 76, 38, 91, 18, 108, -4, 124, -26, 127, -45, 127, -59, 127, -69, 127, -75, 127, -76, 127, -73, 127, -66, 127, -55, 127, -43, 127, -29, 127, -17]",esp32_1
CSI_DATA,49311,2025-07-23 16:16:25.738,0,stand,00:00:00:00:00:00,-76,11,0,0,0,0,0,0,0,0,0,-97,0,1,0,3688799062,0,14,0,0,0,104,0,"[0, 0, 127, -16, 127, -10, 102, 3, 68, 20, 23, 42, -24, 65, -66, 85, -111, 108, -128, 127, -128, 127, -128, 127, -128, 127, -128, 127, -128, 127, -128, 127, -128, 127, -128, 127, -128, 127, -128, 127, -128, 116, -92, 89, -52, 66, -10, 43, 38, 19, 72, 6, 23, 63, 22, 62, 28, 60, 35, 57, 47, 50, 57, 39, 55, 34, 50, 35, 47, 34, 42, 28, 37, 25, 28, 30, 16, 38, 14, 40, 15, 40, 12, 40, 15, 34, 25, 31, 37, 29, 53, 22, 73, 15, 91, 10, 109, 4, 127, -3, 127, -14, 127, -23]",esp32_2
CSI_DATA,150762,2025-07-23 16:16:25.745,0,stand,00:00:00:00:00:00,-62,11,0,0,0,0,0,0,0,0,0,-97,0,1,0,772969509,0,14,0,0,0,104,0,"[0, 0, 16, -128, -5, -81, -33, -38, -64, -3, -93, 27, -122, 51, -128, 67, -128, 74, -128, 73, -128, 67, -128, 59, -128, 51, -128, 41, -128, 33, -128, 29, -128, 28, -111, 32, -86, 44, -66, 58, -51, 74, -39, 90, -34, 105, -36, 119, -44, 127, -55, 127, 87, -53, 99, -56, 113, -58, 126, -57, 127, -55, 127, -50, 127, -45, 127, -44, 127, -45, 113, -49, 92, -62, 69, -78, 48, -95, 30, -120, 12, -128, -4, -128, -13, -128, -17, -128, -19, -128, -16, -128, -7, -128, 6, -128, 17, -128, 26, -128, 36, -128, 42, -128]",esp32_1
CSI_DATA,49312,2025-07-23 16:16:25.760,0,stand,00:00:00:00:00:00,-76,11,0,0,0,0,0,0,0,0,0,-97,0,1,0,3688822946,0,14,0,0,0,104,0,"[0, 0, 127, -93, 117, -69, 111, -49, 91, -21, 58, 20, 30, 71, 7, 127, -13, 127, -27, 127, -42, 127, -63, 127, -77, 127, -80, 127, -86, 127, -91, 127, -81, 127, -69, 127, -57, 127, -42, 127, -27, 127, -11, 127, 9, 81, 30, 28, 48, -18, 57, -46, 37, 70, 37, 69, 41, 61, 50, 50, 57, 44, 57, 44, 60, 48, 70, 45, 74, 32, 69, 30, 70, 38, 65, 41, 44, 42, 31, 43, 36, 48, 36, 49, 34, 39, 36, 29, 41, 23, 56, 9, 75, -16, 89, -40, 108, -60, 127, -82, 127, -102, 127, -118]",esp32_2
CSI_DATA,150763,2025-07-23 16:16:25.767,0,stand,00:00:00:00:00:00,-62,11,0,0,0,0,0,0,0,0,0,-97,0,1,0,772995400,0,14,0,0,0,104,0,"[0, 0, -35, -104, -35, -61, -43, -20, -53, 17, -66, 49, -81, 75, -102, 95, -123, 108, -128, 112, -128, 113, -128, 111, -128, 104, -128, 91, -128, 77, -122, 65, -99, 58, -78, 54, -59, 56, -40, 62, -22, 70, -9, 79, -1, 90, 1, 103, -5, 115, -12, 121, 41, -75, 45, -83, 52, -91, 61, -98, 73, -101, 81, -100, 83, -95, 80, -91, 72, -86, 57, -84, 39, -85, 19, -87, -4, -92, -28, -102, -52, -117, -74, -128, -93, -128, -107, -128, -116, -128, -120, -128, -120, -128, -115, -128, -108, -128, -97, -128, -82, -128, -68, -128]",esp32_1
CSI_DATA,49313,2025-07-23 16:16:25.783,0,stand,00:00:00:00:00:00,-76,11,0,0,0,0,0,0,0,0,0,-97,0,1,0,3688848784,0,14,0,0,0,104,0,"[0, 0, 108, 121, 82, 113, 51, 100, 18, 75, -21, 46, -70, 18, -122, -10, -128, -42, -128, -76, -128, -106, -128, -128, -128, -128, -128, -128, -128, -128, -128, -128, -128, -128, -128, -128, -128, -125, -128, -101, -128, -74, -128, -46, -97, -18, -51, 16, -7, 56, 27, 82, -47, 53, -45, 58, -35, 63, -27, 66, -22, 67, -11, 71, -6, 73, -5, 71, -1, 72, -2, 68, -12, 53, -24, 49, -31, 50, -31, 44, -29, 35, -25, 29, -24, 30, -23, 39, -16, 53, 1, 61, 24, 70, 43, 84, 60, 104, 91, 124, 120, 127, 127, 127]",esp32_2
CSI_DATA,150764,2025-07-23 16:16:25.788,0,stand,00:00:00:00:00:00,-62,11,0,0,0,0,0,0,0,0,0,-97,0,1,0,773042372,0,14,0,0,0,104,0,"[0, 0, 94, -21, 56, -26, 21, -37, -9, -56, -36, -75, -58, -95, -72, -113, -80, -128, -82, -128, -80, -128, -76, -128, -68, -128, -57, -128, -46, -128, -40, -120, -37, -101, -36, -80, -40, -62, -49, -45, -61, -31, -74, -24, -85, -19, -95, -20, -103, -27, -106, -35, 61, 40, 68, 49, 75, 60, 80, 71, 83, 78, 80, 82, 74, 83, 70, 80, 69, 72, 70, 60, 73, 42, 77, 24, 86, 5, 101, -15, 117, -33, 127, -48, 127, -63, 127, -74, 127, -78, 127, -79, 127, -77, 127, -71, 127, -62, 127, -53, 127, -40, 127, -28]",esp32_1
CSI_DATA,49314,2025-07-23 16:16:25.803,0,stand,00:00:00:00:00:00,-76,11,0,0,0,0,0,0,0,0,0,-97,0,1,0,3688882935,0,14,0,0,0,104,0,"[0, 0, -97, -128, -80, -116, -50, -104, -10, -84, 34, -51, 77, -24, 126, -3, 127, 23, 127, 48, 127, 61, 127, 71, 127, 83, 127, 87, 127, 88, 127, 92, 127, 94, 127, 82, 127, 63, 127, 47, 127, 33, 127, 16, 77, -3, 31, -19, -15, -35, -54, -51, 61, -27, 59, -32, 53, -45, 43, -58, 35, -60, 32, -56, 33, -54, 36, -55, 39, -55, 39, -51, 32, -38, 30, -29, 38, -32, 40, -31, 32, -26, 29, -26, 28, -26, 21, -27, 10, -33, -3, -43, -19, -57, -30, -74, -45, -90, -67, -107, -91, -122, -107, -128]",esp32_2
CSI_DATA,150765,2025-07-23 16:16:25.814,0,stand,00:00:00:00:00:00,-62,11,0,0,0,0,0,0,0,0,0,-97,0,1,0,773083189,0,14,0,0,0,104,0,"[0, 0, 94, -32, 53, -32, 16, -39, -18, -54, -46, -70, -70, -87, -90, -104, -103, -119, -106, -128, -102, -128, -97, -128, -91, -128, -80, -128, -68, -128, -59, -119, -53, -98, -50, -77, -52, -56, -57, -36, -65, -21, -79, -11, -90, -5, -100, -5, -109, -9, -115, -14, 66, 38, 74, 47, 82, 59, 88, 70, 90, 78, 87, 83, 83, 83, 80, 80, 78, 74, 76, 60, 75, 42, 77, 21, 88, 1, 103, -21, 118, -44, 127, -64, 127, -80, 127, -94, 127, -102, 127, -107, 127, -106, 127, -100, 127, -89, 127, -76, 127, -62, 127, -50]",esp32_1
CSI_DATA,49315,2025-07-23 16:16:25.832,0,stand,00:00:00:00:00:00,-76,11,0,0,0,0,0,0,0,0,0,-97,0,1,0,3688909906,0,14,0,0,0,104,0,"[0, 0, -7, -128, 3, -128, 18, -107, 38, -63, 57, -16, 76, 28, 101, 77, 122, 127, 127, 127, 127, 127, 127, 127, 127, 127, 127, 127, 127, 127, 127, 127, 127, 127, 127, 127, 127, 127, 127, 127, 127, 127, 97, 89, 72, 40, 42, -7, 12, -49, -8, -79, 69, 10, 67, 0, 62, -14, 57, -25, 56, -34, 57, -37, 55, -34, 56, -31, 62, -27, 62, -23, 55, -19, 47, -19, 42, -19, 39, -13, 36, -7, 31, -4, 27, -7, 26, -22, 25, -43, 28, -61, 28, -80, 21, -102, 17, -119, 13, -128, 7, -128, 2, -128]",esp32_2
CSI_DATA,150766,2025-07-23 16:16:25.835,0,stand,00:00:00:00:00:00,-62,11,0,0,0,0,0,0,0,0,0,-97,0,1,0,773116892,0,14,0,0,0,104,0,"[0, 0, -121, -26, -81, -1, -44, 27, -12, 63, 12, 98, 28, 127, 36, 127, 37, 127, 32, 127, 26, 127, 19, 127, 11, 127, 3, 127, -4, 127, -8, 127, -5, 127, 5, 111, 19, 89, 35, 72, 54, 60, 73, 55, 90, 55, 102, 59, 109, 69, 111, 78, -51, -77, -54, -89, -60, -105, -62, -121, -58, -128, -51, -128, -45, -128, -40, -128, -40, -121, -48, -105, -59, -88, -73, -69, -94, -50, -119, -35, -128, -21, -128, -10, -128, -3, -128, -2, -128, -2, -128, -7, -128, -16, -128, -26, -128, -36, -128, -44, -128, -51, -128, -58]",esp32_1
CSI_DATA,49316,2025-07-23 16:16:25.854,0,stand,00:00:00:00:00:00,-76,11,0,0,0,0,0,0,0,0,0,-97,0,1,0,3688945948,0,14,0,0,0,104,0,"[0, 0, 127, 70, 119, 67, 90, 68, 49, 66, -7, 53, -63, 37, -126, 31, -128, 31, -128, 27, -128, 27, -128, 36, -128, 34, -128, 21, -128, 14, -128, 10, -128, 7, -128, 10, -128, 8, -128, 11, -128, 22, -128, 32, -91, 37, -25, 41, 33, 48, 60, 52, -26, 73, -25, 68, -16, 66, -2, 71, 8, 77, 15, 81, 23, 86, 21, 83, 14, 73, 12, 66, 9, 58, 4, 51, -2, 54, -13, 57, -20, 53, -13, 47, -9, 45, 0, 38, 22, 40, 44, 59, 61, 70, 78, 73, 106, 73, 127, 72, 127, 75, 127, 75]",esp32_2
CSI_DATA,150767,2025-07-23 16:16:25.857,0,stand,00:00:00:00:00:00,-62,11,0,0,0,0,0,0,0,0,0,-97,0,1,0,773142164,0,14,0,0,0,104,0,"[0, 0, -54, 119, -20, 86, 25, 55, 68, 34, 107, 23, 127, 14, 127, 11, 127, 17, 127, 29, 127, 45, 127, 60, 127, 68, 127, 71, 127, 69, 127, 63, 127, 48, 119, 29, 107, 6, 95, -16, 87, -36, 84, -51, 88, -63, 100, -71, 115, -77, 127, -81, -95, 38, -109, 43, -122, 43, -128, 41, -128, 39, -128, 35, -128, 31, -128, 29, -128, 31, -117, 38, -105, 52, -91, 70, -80, 88, -71, 119, -59, 127, -51, 127, -53, 127, -59, 127, -68, 127, -73, 127, -82, 127, -95, 127, -112, 127, -128, 127, -128, 127, -128, 127]",esp32_1
CSI_DATA,49317,2025-07-23 16:16:25.876,0,stand,00:00:00:00:00:00,-76,11,0,0,0,0,0,0,0,0,0,-97,0,1,0,3688992608,0,14,0,0,0,104,0,"[0, 0, 127, -60, 118, -35, 98, -7, 69, 12, 29, 38, -12, 78, -47, 121, -86, 127, -117, 127, -128, 127, -128, 127, -128, 127, -128, 127, -128, 127, -128, 127, -128, 127, -128, 127, -128, 127, -128, 127, -96, 127, -58, 119, -14, 73, 30, 33, 63, 4, 83, -20, 17, 67, 26, 69, 40, 69, 46, 65, 51, 62, 58, 57, 64, 46, 69, 43, 64, 48, 60, 49, 60, 48, 51, 46, 43, 43, 41, 49, 36, 50, 29, 38, 36, 30, 54, 18, 63, 6, 71, 3, 89, -6, 104, -23, 122, -42, 127, -57, 127, -63, 127, -65]",esp32_2
CSI_DATA,150768,2025-07-23 16:16:25.878,0,stand,00:00:00:00:00:00,-62,11,0,0,0,0,0,0,0,0,0,-97,0,1,0,773167579,0,14,0,0,0,104,0,"[0, 0, -81, 74, -43, 56, 0, 39, 38, 38, 70, 46, 100, 50, 127, 58, 127, 65, 127, 65, 127, 71, 127, 84, 127, 96, 127, 101, 122, 98, 101, 87, 85, 69, 75, 52, 71, 34, 69, 14, 72, -4, 76, -18, 79, -30, 86, -39, 101, -42, 114, -40, -81, 10, -93, 6, -103, 0, -113, -6, -120, -12, -124, -20, -122, -26, -116, -27, -107, -22, -95, -7, -85, 11, -77, 28, -74, 46, -79, 73, -82, 100, -84, 124, -94, 127, -107, 127, -124, 127, -128, 127, -128, 127, -128, 127, -128, 127, -128, 127, -128, 127, -128, 127]",esp32_1
CSI_DATA,49318,2025-07-23 16:16:25.897,0,stand,00:00:00:00:00:00,-76,11,0,0,0,0,0,0,0,0,0,-97,0,1,0,3689017910,0,14,0,0,0,104,0,"[0, 0, -24, 127, -31, 127, -37, 98, -47, 51, -57, 0, -71, -57, -87, -115, -100, -128, -117, -128, -128, -128, -128, -128, -128, -128, -128, -128, -128, -128, -128, -128, -128, -128, -128, -128, -128, -128, -118, -128, -100, -128, -80, -116, -60, -59, -41, -3, -25, 44, -17, 77, -64, -12, -70, -6, -73, 3, -71, 17, -68, 26, -66, 31, -67, 31, -66, 29, -63, 28, -54, 24, -48, 18, -44, 15, -38, 11, -39, 8, -40, 5, -39, 8, -38, 16, -33, 26, -31, 43, -31, 62, -28, 84, -26, 110, -22, 127, -14, 127, -6, 127, -5, 127]",esp32_2
CSI_DATA,150769,2025-07-23 16:16:25.900,0,stand,00:00:00:00:00:00,-62,11,0,0,0,0,0,0,0,0,0,-97,0,1,0,773202296,0,14,0,0,0,104,0,"[0, 0, 32, -121, 3, -82, -34, -45, -69, -18, -103, -1, -128, 11, -128, 16, -128, 15, -128, 12, -128, 8, -128, 0, -128, -8, -128, -16, -128, -21, -128, -21, -128, -16, -118, -6, -101, 9, -85, 27, -74, 46, -70, 65, -70, 81, -77, 95, -90, 104, -100, 107, 80, -58, 93, -62, 105, -64, 118, -65, 127, -63, 127, -56, 127, -49, 127, -47, 126, -46, 107, -52, 89, -69, 69, -85, 49, -101, 35, -128, 21, -128, 6, -128, 0, -128, 3, -128, 12, -128, 27, -128, 40, -128, 49, -128, 54, -128, 58, -128, 68, -128, 77, -128]",esp32_1
CSI_DATA,49319,2025-07-23 16:16:25.919,0,stand,00:00:00:00:00:00,-76,11,0,0,0,0,0,0,0,0,0,-97,0,1,0,3689052585,0,14,0,0,0,104,0,"[0, 0, 127, -45, 120, -26, 96, -4, 64, 21, 23, 48, -24, 80, -71, 115, -110, 127, -128, 127, -128, 127, -128, 127, -128, 127, -128, 127, -128, 127, -128, 127, -128, 127, -128, 127, -128, 127, -128, 127, -102, 127, -68, 104, -29, 63, 16, 29, 56, 0, 80, -22, 2, 70, 10, 72, 20, 70, 27, 61, 34, 58, 44, 56, 54, 46, 57, 40, 52, 47, 49, 53, 47, 48, 33, 40, 21, 33, 23, 33, 26, 42, 26, 42, 30, 33, 41, 16, 52, 4, 60, 6, 78, 1, 106, -15, 127, -25, 127, -34, 127, -44, 127, -55]",esp32_2
CSI_DATA,150770,2025-07-23 16:16:25.927,0,stand,00:00:00:00:00:00,-62,11,0,0,0,0,0,0,0,0,0,-97,0,1,0,773251921,0,14,0,0,0,104,0,"[0, 0, -13, -109, -25, -67, -44, -28, -63, 6, -81, 34, -104, 54, -128, 68, -128, 74, -128, 74, -128, 72, -128, 67, -128, 59, -128, 49, -128, 39, -128, 30, -118, 26, -98, 30, -79, 38, -61, 49, -46, 61, -36, 75, -33, 90, -35, 101, -42, 108, -50, 112, 49, -71, 56, -77, 64, -86, 75, -92, 86, -94, 93, -91, 95, -86, 93, -83, 83, -81, 70, -81, 53, -87, 32, -93, 9, -99, -11, -112, -29, -128, -47, -128, -60, -128, -71, -128, -78, -128, -77, -128, -72, -128, -65, -128, -56, -128, -45, -128, -32, -128, -22, -128]",esp32_1
CSI_DATA,150771,2025-07-23 16:16:25.948,0,stand,00:00:00:00:00:00,-62,11,0,0,0,0,0,0,0,0,0,-97,0,1,0,773287889,0,14,0,0,0,104,0,"[0, 0, -99, 36, -59, 36, -19, 40, 17, 53, 47, 68, 73, 83, 94, 98, 107, 112, 113, 126, 112, 127, 107, 127, 98, 127, 86, 127, 74, 127, 64, 117, 57, 99, 52, 78, 52, 56, 57, 36, 66, 22, 78, 10, 90, 3, 101, 2, 109, 6, 114, 10, -72, -27, -80, -36, -89, -47, -97, -57, -103, -65, -103, -71, -99, -75, -93, -74, -87, -66, -84, -54, -82, -37, -83, -18, -91, 3, -101, 26, -112, 50, -125, 72, -128, 92, -128, 107, -128, 116, -128, 120, -128, 120, -128, 117, -128, 110, -128, 98, -128, 82, -128, 69]",esp32_1
CSI_DATA,150772,2025-07-23 16:16:25.967,0,stand,00:00:00:00:00:00,-62,11,0,0,0,0,0,0,0,0,0,-97,0,1,0,773312528,0,14,0,0,0,104,0,"[0, 0, 101, 29, 69, 6, 37, -23, 14, -60, 2, -96, -8, -125, -9, -128, -7, -128, -10, -128, -10, -128, -1, -128, 10, -128, 25, -128, 37, -128, 36, -128, 26, -114, 13, -96, -1, -83, -20, -72, -39, -67, -55, -65, -69, -61, -78, -65, -83, -80, -85, -93, 41, 65, 46, 77, 49, 92, 51, 105, 48, 114, 43, 119, 38, 119, 37, 115, 39, 106, 46, 87, 56, 70, 68, 55, 88, 40, 113, 31, 127, 23, 127, 19, 127, 18, 127, 15, 127, 19, 127, 27, 127, 36, 127, 43, 127, 42, 127, 43, 127, 49, 127, 54]",esp32_1
CSI_DATA,49321,2025-07-23 16:16:25.991,0,stand,00:00:00:00:00:00,-76,11,0,0,0,0,0,0,0,0,0,-97,0,1,0,3689110299,0,14,0,0,0,104,0,"[0, 0, 109, 91, 87, 80, 53, 66, 14, 51, -31, 26, -85, -5, -128, -33, -128, -53, -128, -68, -128, -79, -128, -91, -128, -107, -128, -118, -128, -127, -128, -126, -128, -117, -128, -113, -128, -101, -128, -70, -128, -39, -121, -15, -77, 8, -38, 32, -2, 59, 24, 82, -33, 62, -24, 58, -13, 58, -7, 58, -1, 58, 6, 56, 13, 55, 21, 57, 18, 55, 7, 46, 6, 37, 7, 37, 2, 46, -4, 50, -7, 47, 1, 43, 9, 42, 18, 48, 37, 57, 53, 67, 61, 71, 75, 73, 99, 78, 120, 81, 127, 90, 127, 106]",esp32_2
CSI_DATA,49322,2025-07-23 16:16:26.022,0,stand,00:00:00:00:00:00,-76,11,0,0,0,0,0,0,0,0,0,-97,0,1,0,3689140975,0,14,0,0,0,104,0,"[0, 0, 127, 6, 112, 13, 74, 21, 32, 38, -23, 61, -78, 84, -128, 105, -128, 117, -128, 125, -128, 127, -128, 127, -128, 127, -128, 127, -128, 127, -128, 127, -128, 127, -128, 127, -128, 127, -128, 111, -128, 89, -102, 69, -53, 53, 0, 37, 53, 27, 91, 26, 8, 73, 8, 68, 15, 65, 28, 60, 38, 52, 42, 52, 43, 49, 45, 37, 43, 31, 32, 29, 30, 26, 36, 28, 37, 29, 29, 26, 21, 28, 33, 29, 55, 28, 68, 28, 77, 24, 95, 17, 113, 9, 127, 0, 127, -5, 127, -5, 127, -7, 127, -15]",esp32_2
CSI_DATA,49323,2025-07-23 16:16:26.054,0,stand,00:00:00:00:00:00,-76,11,0,0,0,0,0,0,0,0,0,-97,0,1,0,3689165093,0,14,0,0,0,104,0,"[0, 0, 90, 109, 51, 96, 14, 82, -25, 56, -69, 27, -113, 0, -128, -25, -128, -49, -128, -66, -128, -81, -128, -98, -128, -104, -128, -110, -128, -120, -128, -115, -128, -101, -128, -92, -128, -79, -128, -59, -128, -37, -106, -12, -70, 15, -29, 39, 13, 66, 44, 94, -58, 58, -45, 57, -36, 58, -33, 61, -29, 68, -26, 72, -26, 71, -20, 71, -18, 62, -26, 60, -24, 68, -17, 68, -16, 62, -7, 60, 0, 57, 1, 51, 5, 49, 14, 56, 24, 66, 40, 75, 57, 90, 69, 109, 92, 118, 115, 116, 126, 118, 127, 126]",esp32_2
CSI_DATA,150775,2025-07-23 16:16:26.074,0,stand,00:00:00:00:00:00,-62,11,0,0,0,0,0,0,0,0,0,-97,0,1,0,773421590,0,14,0,0,0,104,0,"[0, 0, -106, -7, -70, 13, -40, 35, -15, 65, 5, 95, 19, 120, 25, 127, 25, 127, 19, 127, 12, 127, 4, 127, -4, 127, -13, 127, -19, 127, -19, 127, -13, 119, -6, 99, 5, 83, 19, 71, 35, 63, 53, 59, 67, 60, 76, 66, 79, 75, 78, 84, -60, -53, -67, -62, -76, -74, -81, -86, -81, -96, -75, -102, -69, -104, -65, -104, -65, -97, -70, -86, -73, -72, -80, -53, -95, -34, -114, -17, -128, -1, -128, 11, -128, 19, -128, 24, -128, 26, -128, 22, -128, 13, -128, 3, -128, -6, -128, -14, -128, -22, -128, -31]",esp32_1
CSI_DATA,49324,2025-07-23 16:16:26.084,0,stand,00:00:00:00:00:00,-75,11,0,0,0,0,0,0,0,0,0,-97,0,1,0,3689229855,0,14,0,0,0,104,0,"[0, 0, 127, 6, 118, 17, 77, 32, 28, 40, -30, 45, -85, 49, -128, 59, -128, 75, -128, 89, -128, 97, -128, 104, -128, 108, -128, 106, -128, 104, -128, 104, -128, 97, -128, 79, -128, 64, -128, 57, -128, 49, -97, 46, -45, 47, 9, 47, 56, 49, 79, 51, -2, 63, 5, 66, 16, 65, 24, 55, 32, 46, 42, 45, 45, 46, 41, 42, 40, 37, 38, 34, 33, 33, 32, 35, 32, 36, 31, 28, 35, 26, 45, 31, 54, 32, 57, 30, 67, 30, 90, 25, 117, 22, 127, 17, 127, 11, 127, 5, 127, 2, 127, 2]",esp32_2
CSI_DATA,150776,2025-07-23 16:16:26.095,0,stand,00:00:00:00:00:00,-62,11,0,0,0,0,0,0,0,0,0,-97,0,1,0,773469583,0,14,0,0,0,104,0,"[0, 0, -28, -118, -33, -69, -46, -22, -60, 21, -78, 57, -99, 86, -124, 106, -128, 117, -128, 120, -128, 116, -128, 110, -128, 103, -128, 91, -128, 78, -128, 65, -121, 57, -95, 56, -69, 59, -47, 67, -29, 77, -13, 89, -4, 102, -3, 115, -10, 127, -17, 127, 56, -77, 63, -85, 72, -94, 83, -101, 97, -105, 107, -103, 110, -98, 108, -95, 99, -91, 84, -87, 63, -89, 39, -94, 14, -101, -14, -114, -40, -128, -62, -128, -81, -128, -99, -128, -112, -128, -115, -128, -112, -128, -106, -128, -94, -128, -79, -128, -63, -128, -53, -128]",esp32_1
CSI_DATA,49325,2025-07-23 16:16:26.106,0,stand,00:00:00:00:00:00,-76,11,0,0,0,0,0,0,0,0,0,-97,0,1,0,3689251911,0,14,0,0,0,104,0,"[0, 0, 127, 36, 115, 38, 72, 40, 24, 37, -26, 35, -77, 46, -128, 57, -128, 62, -128, 68, -128, 77, -128, 89, -128, 96, -128, 91, -128, 80, -128, 77, -128, 74, -128, 60, -128, 51, -128, 52, -128, 49, -93, 45, -43, 47, 2, 50, 45, 50, 80, 48, -14, 57, -7, 55, 3, 51, 8, 51, 11, 57, 18, 58, 26, 50, 29, 41, 28, 34, 30, 29, 31, 27, 26, 28, 19, 26, 19, 21, 28, 24, 44, 34, 52, 36, 60, 28, 78, 24, 99, 28, 118, 26, 127, 21, 127, 21, 127, 18, 127, 17, 127, 28]",esp32_2
CSI_DATA,150777,2025-07-23 16:16:26.117,0,stand,00:00:00:00:00:00,-62,11,0,0,0,0,0,0,0,0,0,-97,0,1,0,773505609,0,14,0,0,0,104,0,"[0, 0, -62, 82, -27, 61, 11, 42, 44, 31, 76, 26, 108, 26, 127, 30, 127, 35, 127, 44, 127, 55, 127, 66, 127, 72, 127, 73, 127, 70, 120, 62, 102, 50, 87, 35, 76, 17, 69, -2, 66, -20, 69, -36, 73, -48, 80, -56, 91, -60, 100, -59, -81, 13, -90, 10, -100, 5, -111, 0, -121, -5, -126, -9, -125, -13, -120, -15, -113, -13, -105, -5, -94, 10, -83, 27, -75, 45, -70, 68, -66, 98, -66, 127, -72, 127, -80, 127, -89, 127, -101, 127, -113, 127, -127, 127, -128, 127, -128, 127, -128, 127, -128, 127]",esp32_1
CSI_DATA,49326,2025-07-23 16:16:26.138,0,stand,00:00:00:00:00:00,-75,11,0,0,0,0,0,0,0,0,0,-97,0,1,0,3689252299,0,14,0,0,0,104,0,"[0, 0, 110, -102, 92, -69, 68, -35, 39, 1, 9, 48, -18, 101, -46, 127, -78, 127, -103, 127, -120, 127, -128, 127, -128, 127, -128, 127, -128, 127, -128, 127, -128, 127, -128, 127, -112, 127, -87, 127, -65, 127, -35, 97, 6, 59, 41, 25, 65, -8, 81, -29, 40, 46, 40, 46, 41, 40, 46, 32, 49, 26, 50, 15, 50, 9, 50, 8, 50, 8, 56, 10, 58, 10, 43, 6, 33, 3, 34, -2, 42, -4, 53, -6, 65, -9, 76, -17, 80, -32, 85, -45, 95, -59, 104, -81, 112, -102, 122, -117, 127, -128, 127, -128]",esp32_2
CSI_DATA,150778,2025-07-23 16:16:26.144,0,stand,00:00:00:00:00:00,-62,11,0,0,0,0,0,0,0,0,0,-97,0,1,0,773541982,0,14,0,0,0,104,0,"[0, 0, 40, -88, 12, -64, -19, -44, -50, -33, -81, -25, -110, -21, -128, -23, -128, -29, -128, -38, -128, -50, -128, -60, -128, -66, -128, -68, -128, -67, -118, -61, -99, -50, -83, -35, -73, -16, -66, 3, -64, 18, -66, 29, -73, 40, -81, 48, -90, 50, -98, 49, 70, -31, 78, -31, 88, -29, 99, -27, 110, -26, 115, -24, 115, -21, 111, -18, 104, -19, 94, -24, 83, -34, 71, -48, 63, -63, 57, -83, 49, -108, 43, -128, 45, -128, 51, -128, 57, -128, 64, -128, 74, -128, 85, -128, 95, -128, 101, -128, 103, -128, 100, -128]",esp32_1
CSI_DATA,150779,2025-07-23 16:16:26.166,0,stand,00:00:00:00:00:00,-62,11,0,0,0,0,0,0,0,0,0,-97,0,1,0,773568792,0,14,0,0,0,104,0,"[0, 0, 11, -103, -4, -66, -29, -33, -57, -4, -82, 18, -107, 35, -128, 46, -128, 49, -128, 46, -128, 38, -128, 31, -128, 24, -128, 16, -128, 9, -128, 6, -115, 6, -94, 11, -74, 23, -58, 38, -46, 52, -39, 64, -37, 77, -40, 89, -48, 98, -56, 102, 64, -47, 72, -49, 82, -53, 95, -55, 107, -56, 114, -54, 115, -51, 113, -48, 107, -45, 94, -47, 77, -54, 60, -64, 44, -75, 27, -92, 11, -116, -4, -128, -13, -128, -18, -128, -21, -128, -20, -128, -14, -128, -5, -128, 6, -128, 17, -128, 26, -128, 30, -128]",esp32_1
CSI_DATA,49327,2025-07-23 16:16:26.169,0,stand,00:00:00:00:00:00,-75,11,0,0,0,0,0,0,0,0,0,-97,0,1,0,3689267182,0,14,0,0,0,104,0,"[0, 0, -24, 127, -28, 122, -36, 84, -41, 32, -42, -30, -42, -89, -48, -128, -61, -128, -71, -128, -76, -128, -80, -128, -77, -128, -70, -128, -65, -128, -63, -128, -58, -128, -49, -128, -43, -128, -40, -128, -39, -128, -42, -93, -46, -44, -53, -2, -58, 43, -58, 86, -65, -7, -61, -5, -58, 1, -55, 9, -51, 18, -50, 21, -51, 18, -52, 21, -48, 28, -41, 28, -42, 25, -46, 28, -41, 35, -38, 38, -42, 38, -44, 45, -42, 62, -39, 78, -33, 90, -25, 101, -20, 119, -14, 127, -13, 127, -17, 127, -20, 127, -24, 127]",esp32_2
CSI_DATA,150780,2025-07-23 16:16:26.188,0,stand,00:00:00:00:00:00,-63,11,0,0,0,0,0,0,0,0,0,-97,0,1,0,773594582,0,14,0,0,0,104,0,"[0, 0, -19, 107, 2, 67, 33, 32, 63, 3, 90, -20, 116, -37, 127, -47, 127, -50, 127, -48, 127, -44, 127, -37, 127, -29, 127, -20, 127, -11, 127, -7, 122, -9, 97, -16, 76, -28, 60, -42, 49, -56, 41, -72, 34, -85, 37, -97, 47, -110, 55, -116, -76, 40, -87, 44, -99, 48, -111, 49, -123, 47, -128, 43, -128, 39, -128, 37, -119, 35, -105, 38, -90, 48, -73, 61, -53, 76, -34, 99, -19, 124, -8, 127, 1, 127, 6, 127, 6, 127, 4, 127, -3, 127, -13, 127, -20, 127, -28, 127, -36, 127, -42, 127]",esp32_1
CSI_DATA,49328,2025-07-23 16:16:26.201,0,stand,00:00:00:00:00:00,-75,11,0,0,0,0,0,0,0,0,0,-97,0,1,0,3689321861,0,14,0,0,0,104,0,"[0, 0, -23, 127, -30, 125, -35, 81, -43, 28, -51, -29, -60, -83, -74, -128, -81, -128, -82, -128, -93, -128, -107, -128, -106, -128, -96, -128, -91, -128, -89, -128, -85, -128, -73, -128, -61, -128, -56, -128, -53, -128, -49, -85, -47, -37, -46, 10, -44, 53, -42, 79, -44, -18, -48, -12, -46, -4, -40, 1, -39, 8, -42, 14, -43, 20, -44, 26, -49, 30, -48, 28, -42, 26, -36, 35, -36, 47, -41, 55, -46, 61, -43, 63, -38, 68, -41, 84, -46, 104, -47, 125, -48, 127, -45, 127, -33, 127, -20, 127, -13, 127, -7, 127]",esp32_2
