type,seq,timestamp,taget_seq,taget,mac,rssi,rate,sig_mode,mcs,cwb,smoothing,not_sounding,aggregation,stbc,fec_coding,sgi,noise_floor,ampdu_cnt,channel_primary,channel_secondary,local_timestamp,ant,sig_len,rx_state,agc_gain,fft_gain,len,first_word_invalid,data,device_id
CSI_DATA,132423,2025-08-27 15:31:00.646,0,stand,00:00:00:00:00:00,-41,11,0,0,0,0,0,0,0,0,0,-97,0,1,0,731612448,0,14,0,0,0,104,0,"[0, 0, 59, -128, 57, -128, 58, -128, 56, -128, 49, -128, 43, -128, 41, -128, 41, -128, 42, -128, 44, -128, 45, -128, 43, -128, 34, -128, 19, -98, -3, -63, -34, -35, -70, -19, -106, -17, -128, -27, -128, -45, -128, -69, -128, -94, -128, -114, -123, -128, -101, -128, 127, 90, 127, 109, 127, 127, 127, 127, 127, 127, 112, 113, 94, 86, 87, 51, 92, 12, 108, -24, 127, -54, 127, -72, 127, -82, 127, -86, 127, -85, 127, -80, 127, -74, 127, -72, 127, -76, 127, -86, 127, -105, 108, -128, 90, -128, 78, -128, 71, -128, 69, -128]",esp32_2
CSI_DATA,129510,2025-08-27 15:31:00.703,0,stand,00:00:00:00:00:00,-64,11,0,0,0,0,0,0,0,0,0,-97,0,1,0,3872122365,0,14,0,0,0,104,0,"[0, 0, -128, -46, -128, -46, -128, -41, -128, -29, -128, -10, -128, 2, -128, 24, -128, 44, -128, 52, -128, 56, -128, 55, -128, 48, -128, 33, -128, 13, -128, -8, -128, -26, -102, -37, -64, -34, -34, -29, -6, -12, 22, 8, 37, 29, 44, 57, 41, 83, 32, 104, 14, -113, 23, -123, 22, -116, 24, -124, 27, -122, 32, -124, 29, -116, 29, -126, 22, -120, 21, -115, 12, -116, 7, -113, 9, -98, 0, -92, -10, -84, -26, -86, -42, -72, -55, -62, -71, -39, -91, -26, -116, -17, -128, -12, -128, -17, -128, -9, -128, -17, -128, -37]",esp32_1
CSI_DATA,129511,2025-08-27 15:31:00.723,0,stand,00:00:00:00:00:00,-64,11,0,0,0,0,0,0,0,0,0,-97,0,1,0,3872170639,0,14,0,0,0,104,0,"[0, 0, 127, -128, 123, -128, 127, -128, 117, -128, 114, -128, 88, -128, 86, -128, 48, -128, 65, -128, 51, -128, 56, -128, 55, -128, 58, -128, 72, -128, 66, -122, 94, -123, 77, -73, 78, -44, 47, -7, 30, 6, -8, 33, -50, 32, -72, 25, -100, 13, -101, -6, 77, 94, 63, 84, 81, 112, 60, 94, 76, 119, 55, 104, 65, 111, 56, 114, 63, 105, 64, 108, 56, 92, 51, 83, 54, 61, 55, 49, 53, 30, 71, 24, 57, 1, 72, -11, 59, -31, 63, -72, 77, -83, 69, -122, 116, -128, 122, -128, 127, -128, 127, -128]",esp32_1
CSI_DATA,132425,2025-08-27 15:31:00.729,0,stand,00:00:00:00:00:00,-41,11,0,0,0,0,0,0,0,0,0,-97,0,1,0,731672030,0,14,0,0,0,104,0,"[0, 0, -128, 127, -128, 127, -128, 127, -128, 127, -128, 127, -128, 127, -128, 127, -128, 127, -128, 127, -128, 114, -128, 92, -128, 71, -128, 55, -87, 45, -37, 43, 11, 53, 51, 75, 79, 108, 93, 127, 90, 127, 73, 127, 42, 127, 5, 127, -29, 127, -52, 127, -111, -128, -88, -128, -59, -128, -34, -128, -15, -128, -7, -128, -15, -128, -36, -117, -67, -92, -104, -78, -128, -73, -128, -74, -128, -84, -128, -96, -128, -104, -128, -105, -128, -104, -128, -96, -128, -74, -128, -42, -128, -8, -128, 27, -128, 59, -128, 89, -128, 112, -128, 122]",esp32_2
CSI_DATA,129512,2025-08-27 15:31:00.743,0,stand,00:00:00:00:00:00,-64,11,0,0,0,0,0,0,0,0,0,-97,0,1,0,3872195428,0,14,0,0,0,104,0,"[0, 0, -85, 127, -92, 127, -77, 127, -77, 127, -49, 127, -28, 127, -10, 127, 18, 127, 14, 127, 14, 127, 14, 127, 1, 127, 9, 127, -10, 127, -28, 127, -41, 127, -58, 118, -54, 72, -46, 32, -28, 3, 2, -28, 36, -42, 64, -48, 92, -46, 115, -35, -128, -53, -128, -55, -128, -65, -128, -70, -128, -73, -128, -85, -128, -71, -128, -82, -124, -69, -123, -73, -110, -65, -99, -57, -102, -38, -99, -26, -92, -6, -80, 17, -71, 30, -62, 50, -68, 78, -49, 111, -48, 127, -37, 127, -41, 127, -61, 127, -67, 127, -70, 127]",esp32_1
CSI_DATA,132426,2025-08-27 15:31:00.755,0,stand,00:00:00:00:00:00,-41,11,0,0,0,0,0,0,0,0,0,-97,0,1,0,731708022,0,14,0,0,0,104,0,"[0, 0, 127, 50, 127, 46, 127, 37, 127, 27, 127, 19, 127, 12, 127, 8, 127, 7, 127, 9, 127, 13, 127, 18, 127, 22, 115, 17, 76, 2, 38, -21, 6, -53, -12, -91, -15, -128, -4, -128, 18, -128, 45, -128, 73, -128, 99, -128, 120, -128, 127, -128, -31, 127, -52, 127, -73, 127, -85, 127, -89, 127, -81, 127, -61, 117, -31, 103, 4, 98, 39, 104, 70, 117, 93, 127, 106, 127, 115, 127, 119, 127, 121, 127, 122, 127, 126, 127, 127, 127, 127, 113, 127, 91, 127, 73, 127, 59, 127, 49, 127, 44, 127, 46]",esp32_2
CSI_DATA,129513,2025-08-27 15:31:00.766,0,stand,00:00:00:00:00:00,-64,11,0,0,0,0,0,0,0,0,0,-97,0,1,0,3872220903,0,14,0,0,0,104,0,"[0, 0, -56, 127, -62, 127, -50, 127, -49, 127, -37, 127, -22, 127, -5, 127, 14, 127, 23, 127, 36, 127, 32, 127, 22, 127, 14, 127, -9, 127, -22, 127, -35, 127, -50, 100, -48, 63, -37, 33, -19, 4, 7, -17, 38, -29, 61, -34, 82, -30, 101, -18, -119, 4, -125, -1, -127, -10, -128, -14, -128, -18, -128, -25, -128, -31, -128, -33, -124, -34, -124, -24, -110, -21, -106, -12, -99, 0, -91, 7, -84, 18, -71, 30, -64, 48, -51, 60, -50, 86, -40, 104, -30, 122, -27, 127, -11, 127, -19, 127, -21, 127, -21, 127]",esp32_1
CSI_DATA,132427,2025-08-27 15:31:00.787,0,stand,00:00:00:00:00:00,-41,11,0,0,0,0,0,0,0,0,0,-97,0,1,0,731732933,0,14,0,0,0,104,0,"[0, 0, 127, -128, 127, -128, 127, -128, 127, -128, 127, -128, 127, -128, 127, -128, 127, -128, 127, -128, 127, -128, 127, -128, 127, -101, 97, -76, 58, -54, 15, -40, -33, -38, -76, -51, -110, -77, -128, -111, -128, -128, -124, -128, -102, -128, -70, -128, -35, -128, -9, -128, 127, 127, 127, 127, 118, 127, 93, 127, 73, 127, 58, 127, 55, 127, 64, 95, 83, 67, 110, 44, 127, 29, 127, 22, 127, 24, 127, 28, 127, 30, 127, 29, 127, 25, 127, 14, 127, -7, 127, -34, 127, -66, 127, -99, 127, -128, 127, -128, 127, -128, 127, -128]",esp32_2
CSI_DATA,129514,2025-08-27 15:31:00.795,0,stand,00:00:00:00:00:00,-65,11,0,0,0,0,0,0,0,0,0,-97,0,1,0,3872257168,0,14,0,0,0,104,0,"[0, 0, 127, -74, 127, -66, 127, -56, 127, -59, 127, -62, 127, -69, 127, -80, 127, -94, 127, -107, 119, -117, 122, -122, 127, -118, 127, -111, 127, -96, 127, -75, 123, -43, 108, -19, 80, -4, 51, 13, 16, 18, -19, 16, -48, 5, -69, -10, -78, -35, -81, -58, 23, 109, 21, 114, 22, 120, 19, 127, 14, 127, 9, 127, 7, 127, 4, 127, 3, 126, 1, 108, 5, 106, 15, 91, 19, 75, 28, 62, 39, 50, 52, 50, 63, 35, 79, 22, 88, 0, 100, -12, 111, -33, 127, -48, 127, -58, 127, -79, 127, -89, 127, -79]",esp32_1
CSI_DATA,129515,2025-08-27 15:31:00.819,0,stand,00:00:00:00:00:00,-64,11,0,0,0,0,0,0,0,0,0,-97,0,1,0,3872281210,0,14,0,0,0,104,0,"[0, 0, -128, -128, -128, -128, -128, -128, -128, -128, -128, -127, -128, -104, -128, -96, -128, -68, -128, -78, -128, -68, -128, -74, -128, -76, -128, -83, -128, -86, -128, -99, -104, -98, -71, -95, -40, -77, -12, -48, -2, -25, 18, 10, 14, 41, 2, 65, -18, 86, -39, 100, 63, -92, 74, -95, 73, -101, 80, -108, 87, -98, 97, -99, 94, -98, 102, -90, 90, -87, 92, -71, 82, -79, 65, -74, 53, -63, 38, -65, 24, -68, 7, -85, -9, -82, -19, -85, -41, -81, -67, -77, -80, -85, -113, -78, -128, -105, -128, -116, -128, -125, -128, -128]",esp32_1
CSI_DATA,132428,2025-08-27 15:31:00.819,0,stand,00:00:00:00:00:00,-41,11,0,0,0,0,0,0,0,0,0,-97,0,1,0,731759441,0,14,0,0,0,104,0,"[0, 0, -128, -14, -128, -11, -128, 0, -128, 11, -128, 22, -128, 30, -128, 33, -128, 32, -128, 25, -128, 16, -128, 5, -128, -3, -128, -5, -84, 1, -36, 20, 7, 52, 36, 92, 46, 127, 42, 127, 24, 127, -3, 127, -35, 127, -68, 127, -97, 127, -113, 127, 6, -128, 28, -128, 51, -128, 67, -128, 73, -128, 68, -128, 47, -128, 17, -123, -19, -114, -57, -114, -90, -123, -115, -128, -128, -128, -128, -128, -128, -128, -128, -128, -128, -128, -128, -128, -128, -128, -128, -102, -128, -74, -128, -50, -128, -30, -128, -15, -128, -9, -128, -9]",esp32_2
CSI_DATA,129516,2025-08-27 15:31:00.841,0,stand,00:00:00:00:00:00,-64,11,0,0,0,0,0,0,0,0,0,-97,0,1,0,3872307412,0,14,0,0,0,104,0,"[0, 0, 127, 83, 127, 90, 127, 93, 127, 83, 127, 73, 127, 51, 127, 33, 127, 10, 127, -3, 127, -19, 127, -17, 127, -12, 127, -7, 127, 7, 127, 27, 127, 42, 108, 47, 67, 48, 35, 38, 7, 21, -22, 5, -35, -26, -39, -49, -34, -85, -22, -105, -32, 118, -37, 121, -40, 121, -47, 125, -54, 127, -62, 126, -59, 120, -61, 117, -56, 110, -60, 104, -43, 101, -28, 95, -25, 83, -10, 81, 2, 80, 28, 79, 34, 77, 54, 71, 63, 54, 80, 52, 104, 41, 127, 37, 127, 35, 127, 32, 127, 38, 127, 54]",esp32_1
CSI_DATA,132429,2025-08-27 15:31:00.848,0,stand,00:00:00:00:00:00,-41,11,0,0,0,0,0,0,0,0,0,-97,0,1,0,731793570,0,14,0,0,0,104,0,"[0, 0, 25, -128, 20, -128, 11, -128, 0, -128, -11, -128, -20, -128, -25, -128, -24, -128, -17, -128, -8, -128, 4, -128, 13, -128, 13, -128, 4, -80, -17, -33, -48, 8, -87, 37, -128, 49, -128, 44, -128, 27, -128, -1, -128, -34, -128, -66, -128, -91, -128, -105, 127, 21, 127, 42, 127, 66, 127, 80, 127, 85, 127, 76, 127, 55, 123, 26, 117, -10, 121, -47, 127, -79, 127, -102, 127, -116, 127, -125, 127, -128, 127, -128, 127, -128, 127, -128, 127, -128, 104, -128, 77, -128, 54, -128, 37, -128, 26, -128, 22, -128, 21, -128]",esp32_2
CSI_DATA,129517,2025-08-27 15:31:00.861,0,stand,00:00:00:00:00:00,-64,11,0,0,0,0,0,0,0,0,0,-97,0,1,0,3872356414,0,14,0,0,0,104,0,"[0, 0, 127, -128, 127, -128, 127, -116, 127, -110, 127, -101, 127, -107, 127, -113, 114, -128, 105, -128, 92, -128, 85, -128, 100, -128, 107, -128, 125, -128, 126, -128, 118, -98, 117, -65, 95, -29, 67, -7, 32, 9, -12, 21, -43, 16, -73, 6, -95, -13, -101, -43, 59, 114, 53, 121, 55, 126, 52, 127, 52, 127, 47, 127, 45, 127, 39, 127, 39, 127, 41, 117, 43, 112, 48, 106, 53, 81, 66, 65, 68, 56, 73, 50, 81, 34, 86, 22, 90, -7, 98, -34, 105, -58, 115, -89, 127, -106, 127, -128, 127, -128, 127, -128]",esp32_1
CSI_DATA,132430,2025-08-27 15:31:00.877,0,stand,00:00:00:00:00:00,-41,11,0,0,0,0,0,0,0,0,0,-97,0,1,0,731831435,0,14,0,0,0,104,0,"[0, 0, -128, 127, -128, 127, -118, 127, -105, 127, -92, 127, -79, 127, -73, 127, -71, 127, -72, 127, -73, 127, -75, 127, -71, 127, -55, 118, -30, 74, 6, 36, 50, 7, 96, -7, 127, -1, 127, 19, 127, 48, 127, 81, 127, 113, 127, 127, 127, 127, 125, 127, -128, -84, -128, -106, -128, -126, -128, -128, -128, -128, -128, -118, -127, -90, -119, -56, -122, -20, -128, 15, -128, 44, -128, 62, -128, 71, -128, 75, -128, 77, -128, 79, -128, 83, -128, 93, -128, 110, -128, 127, -126, 127, -113, 127, -107, 127, -107, 127, -110, 127, -116, 127]",esp32_2
CSI_DATA,129518,2025-08-27 15:31:00.882,0,stand,00:00:00:00:00:00,-64,11,0,0,0,0,0,0,0,0,0,-97,0,1,0,3872401812,0,14,0,0,0,104,0,"[0, 0, -128, 127, -128, 127, -128, 125, -128, 116, -128, 113, -128, 108, -113, 113, -91, 127, -81, 127, -71, 127, -74, 127, -84, 127, -88, 127, -111, 127, -115, 127, -108, 103, -106, 67, -92, 36, -62, 8, -31, -4, 9, -16, 40, -10, 67, -4, 86, 15, 93, 38, -74, -94, -70, -102, -74, -113, -72, -111, -71, -121, -69, -121, -64, -116, -63, -119, -60, -112, -66, -99, -65, -99, -67, -87, -72, -70, -79, -62, -81, -49, -81, -44, -82, -29, -89, -15, -90, 15, -90, 36, -94, 63, -106, 90, -123, 108, -128, 127, -128, 127, -128, 127]",esp32_1
CSI_DATA,129519,2025-08-27 15:31:00.910,0,stand,00:00:00:00:00:00,-64,11,0,0,0,0,0,0,0,0,0,-97,0,1,0,3872426120,0,14,0,0,0,104,0,"[0, 0, 127, -128, 127, -128, 127, -128, 127, -128, 127, -122, 127, -124, 127, -128, 115, -128, 99, -128, 86, -128, 83, -128, 92, -128, 102, -128, 127, -128, 127, -128, 127, -125, 127, -87, 107, -40, 77, -12, 39, 11, -9, 27, -49, 27, -83, 20, -109, 1, -123, -27, 52, 127, 50, 127, 46, 127, 47, 127, 45, 127, 41, 127, 36, 127, 33, 127, 38, 127, 47, 127, 47, 127, 46, 116, 64, 92, 72, 84, 79, 68, 81, 59, 87, 41, 94, 27, 101, -9, 109, -38, 120, -71, 127, -105, 127, -124, 127, -128, 127, -128, 127, -128]",esp32_1
CSI_DATA,129520,2025-08-27 15:31:00.926,0,stand,00:00:00:00:00:00,-65,11,0,0,0,0,0,0,0,0,0,-97,0,1,0,3872461765,0,14,0,0,0,104,0,"[0, 0, -128, -90, -128, -106, -128, -108, -128, -89, -128, -73, -128, -48, -128, -20, -128, 14, -128, 32, -128, 52, -128, 61, -128, 57, -128, 46, -128, 32, -128, 7, -128, -17, -128, -40, -96, -56, -53, -52, -10, -37, 27, -20, 54, 16, 67, 45, 70, 83, 63, 115, 70, -119, 81, -128, 76, -127, 85, -128, 88, -128, 96, -128, 89, -122, 90, -117, 82, -121, 77, -112, 60, -118, 49, -112, 37, -98, 25, -96, 8, -97, -12, -102, -26, -97, -47, -84, -63, -70, -92, -56, -120, -48, -128, -30, -128, -44, -128, -34, -128, -41, -128, -71]",esp32_1
CSI_DATA,129521,2025-08-27 15:31:00.956,0,stand,00:00:00:00:00:00,-64,11,0,0,0,0,0,0,0,0,0,-97,0,1,0,3872488525,0,14,0,0,0,104,0,"[0, 0, -111, -128, -89, -128, -84, -128, -69, -128, -76, -128, -82, -128, -101, -128, -128, -128, -128, -125, -128, -115, -128, -128, -128, -128, -128, -128, -128, -128, -128, -128, -100, -128, -57, -128, -16, -116, 12, -76, 28, -33, 30, 6, 21, 50, 3, 83, -20, 114, -46, 127, 127, -25, 127, -16, 127, -13, 127, -11, 127, -9, 127, 1, 127, -9, 127, 1, 127, -1, 127, -10, 127, -16, 115, -33, 114, -37, 107, -50, 93, -60, 68, -74, 53, -83, 37, -94, 19, -101, -6, -118, -36, -128, -66, -128, -103, -128, -118, -128, -128, -128, -128, -128]",esp32_1
CSI_DATA,132432,2025-08-27 15:31:00.964,0,stand,00:00:00:00:00:00,-42,11,0,0,0,0,0,0,0,0,0,-97,0,1,0,732510714,0,14,0,0,0,104,0,"[0, 0, 127, 127, 127, 121, 127, 111, 127, 101, 127, 90, 127, 80, 127, 74, 127, 73, 127, 74, 127, 77, 127, 82, 127, 82, 124, 72, 79, 52, 36, 23, 0, -16, -23, -60, -29, -106, -21, -128, -2, -128, 23, -128, 50, -128, 73, -128, 92, -128, 102, -128, -128, 127, -128, 127, -128, 127, -128, 127, -128, 117, -128, 99, -128, 90, -112, 91, -79, 103, -50, 123, -26, 127, -12, 127, -8, 127, -8, 127, -7, 127, -6, 127, -2, 127, 10, 127, 31, 127, 59, 127, 97, 111, 127, 98, 127, 91, 127, 90, 127, 96, 127, 104]",esp32_2
CSI_DATA,129522,2025-08-27 15:31:00.975,0,stand,00:00:00:00:00:00,-64,11,0,0,0,0,0,0,0,0,0,-97,0,1,0,3872527219,0,14,0,0,0,104,0,"[0, 0, 64, -128, 68, -128, 80, -128, 65, -128, 49, -128, 18, -128, 4, -128, -36, -128, -40, -128, -47, -128, -56, -128, -54, -128, -53, -128, -45, -128, -19, -128, 4, -128, 26, -112, 37, -88, 42, -49, 31, -16, 18, 19, -14, 48, -43, 56, -67, 64, -88, 57, 115, 53, 108, 52, 120, 66, 111, 60, 119, 75, 105, 72, 112, 67, 107, 74, 110, 60, 105, 61, 90, 55, 83, 46, 89, 28, 87, 16, 80, 3, 82, -21, 64, -30, 67, -46, 52, -56, 36, -91, 34, -111, 12, -128, 24, -128, 41, -128, 43, -128, 43, -128]",esp32_1
CSI_DATA,132433,2025-08-27 15:31:00.995,0,stand,00:00:00:00:00:00,-41,11,0,0,0,0,0,0,0,0,0,-97,0,1,0,732526493,0,14,0,0,0,104,0,"[0, 0, 127, -108, 127, -107, 127, -111, 127, -115, 127, -117, 127, -119, 127, -119, 127, -115, 127, -107, 127, -94, 127, -73, 127, -49, 127, -29, 97, -15, 44, -11, -9, -18, -55, -39, -88, -72, -107, -110, -112, -128, -104, -128, -86, -128, -62, -128, -34, -128, -12, -128, -3, 127, -27, 127, -53, 127, -70, 127, -79, 127, -76, 127, -59, 127, -31, 127, 3, 127, 40, 127, 76, 127, 102, 127, 118, 127, 127, 127, 127, 127, 127, 127, 127, 127, 125, 127, 127, 104, 127, 64, 127, 22, 127, -18, 127, -55, 127, -86, 127, -104, 127, -110]",esp32_2
CSI_DATA,129523,2025-08-27 15:31:01.003,0,stand,00:00:00:00:00:00,-64,11,0,0,0,0,0,0,0,0,0,-97,0,1,0,3872573391,0,14,0,0,0,104,0,"[0, 0, 114, 127, 96, 127, 98, 127, 80, 127, 81, 127, 85, 127, 101, 105, 119, 84, 127, 73, 127, 66, 127, 73, 127, 81, 127, 89, 127, 104, 127, 109, 100, 113, 64, 103, 30, 81, 1, 58, -18, 28, -31, -3, -32, -39, -23, -65, -11, -97, 14, -109, -123, 20, -125, 16, -126, 19, -126, 16, -128, 12, -128, 10, -124, 8, -126, 9, -119, 13, -118, 18, -101, 23, -89, 35, -88, 31, -78, 40, -67, 46, -50, 60, -38, 67, -22, 78, -1, 78, 17, 88, 45, 100, 70, 116, 103, 127, 112, 127, 127, 127, 127, 127]",esp32_1
CSI_DATA,129524,2025-08-27 15:31:01.019,0,stand,00:00:00:00:00:00,-64,11,0,0,0,0,0,0,0,0,0,-97,0,1,0,3872599256,0,14,0,0,0,104,0,"[0, 0, 127, -128, 127, -128, 127, -128, 127, -128, 127, -125, 106, -127, 84, -128, 62, -128, 44, -128, 33, -128, 30, -128, 36, -128, 47, -128, 69, -128, 80, -128, 81, -127, 90, -92, 77, -55, 59, -23, 36, 6, 1, 30, -33, 41, -64, 37, -91, 32, -107, 14, 42, 115, 40, 120, 37, 124, 36, 127, 36, 127, 33, 127, 32, 127, 29, 127, 33, 123, 43, 106, 39, 105, 44, 89, 55, 76, 63, 66, 66, 49, 67, 41, 71, 29, 75, 5, 83, -23, 86, -45, 88, -76, 109, -109, 115, -127, 127, -128, 127, -128, 127, -128]",esp32_1
CSI_DATA,132434,2025-08-27 15:31:01.019,0,stand,00:00:00:00:00:00,-41,11,0,0,0,0,0,0,0,0,0,-97,0,1,0,732530725,0,14,0,0,0,104,0,"[0, 0, -44, -128, -44, -128, -47, -128, -52, -128, -57, -128, -61, -128, -62, -128, -61, -128, -55, -128, -45, -128, -30, -128, -15, -128, -4, -122, 0, -81, -3, -37, -16, 5, -37, 40, -66, 63, -99, 74, -128, 73, -128, 63, -128, 45, -128, 24, -128, 3, -128, -13, 127, 43, 127, 62, 127, 81, 127, 91, 127, 94, 127, 88, 126, 71, 113, 47, 109, 18, 112, -13, 122, -41, 127, -60, 127, -72, 127, -78, 127, -81, 127, -83, 127, -83, 127, -84, 104, -90, 75, -102, 45, -121, 16, -128, -10, -128, -29, -128, -37, -128, -38, -128]",esp32_2
CSI_DATA,129525,2025-08-27 15:31:01.042,0,stand,00:00:00:00:00:00,-64,11,0,0,0,0,0,0,0,0,0,-97,0,1,0,3872633991,0,14,0,0,0,104,0,"[0, 0, 127, 12, 127, 30, 127, 25, 127, 15, 127, 2, 127, -21, 127, -41, 127, -69, 127, -90, 127, -99, 127, -110, 127, -106, 127, -99, 127, -90, 127, -56, 127, -30, 121, -6, 89, 13, 59, 22, 17, 26, -19, 24, -53, 5, -71, -20, -87, -52, -88, -74, -41, 124, -43, 118, -47, 127, -46, 121, -55, 127, -52, 121, -47, 121, -45, 125, -39, 119, -41, 117, -29, 106, -12, 105, -11, 90, -7, 89, 10, 72, 40, 85, 40, 64, 60, 59, 67, 36, 89, 19, 113, 6, 127, -13, 127, -23, 127, -20, 127, -22, 127, -14]",esp32_1
CSI_DATA,132435,2025-08-27 15:31:01.049,0,stand,00:00:00:00:00:00,-41,11,0,0,0,0,0,0,0,0,0,-97,0,1,0,732541126,0,14,0,0,0,104,0,"[0, 0, -119, -128, -116, -128, -117, -128, -119, -128, -120, -128, -121, -128, -120, -128, -116, -128, -105, -128, -89, -128, -69, -128, -48, -128, -31, -120, -17, -81, -11, -38, -15, 7, -29, 46, -53, 74, -82, 91, -110, 96, -128, 89, -128, 74, -128, 52, -128, 29, -128, 12, 127, -39, 127, -19, 127, 3, 127, 20, 127, 31, 127, 33, 127, 24, 124, 7, 110, -19, 104, -50, 104, -78, 108, -99, 116, -113, 125, -122, 127, -127, 125, -128, 117, -125, 101, -121, 76, -118, 43, -119, 8, -128, -26, -128, -58, -128, -84, -128, -101, -128, -109, -128]",esp32_2
CSI_DATA,129526,2025-08-27 15:31:01.071,0,stand,00:00:00:00:00:00,-64,11,0,0,0,0,0,0,0,0,0,-97,0,1,0,3872658490,0,14,0,0,0,104,0,"[0, 0, -128, -102, -128, -89, -128, -103, -128, -79, -128, -56, -128, -37, -128, -13, -128, 13, -128, 34, -128, 46, -128, 47, -128, 43, -128, 37, -128, 22, -128, 0, -128, -23, -110, -32, -79, -41, -47, -39, -10, -30, 21, -16, 48, 14, 60, 44, 61, 76, 52, 94, 66, -110, 67, -105, 72, -115, 69, -104, 85, -119, 76, -106, 74, -106, 71, -110, 73, -106, 72, -103, 55, -96, 43, -98, 35, -86, 23, -84, 9, -75, -15, -92, -27, -77, -50, -76, -55, -53, -84, -49, -105, -42, -128, -34, -128, -41, -128, -39, -128, -47, -128, -61]",esp32_1
CSI_DATA,132436,2025-08-27 15:31:01.082,0,stand,00:00:00:00:00:00,-41,11,0,0,0,0,0,0,0,0,0,-97,0,1,0,732550753,0,14,0,0,0,104,0,"[0, 0, 127, 127, 127, 127, 127, 127, 127, 127, 127, 127, 127, 127, 127, 127, 127, 127, 127, 127, 127, 127, 127, 127, 107, 127, 76, 127, 47, 88, 27, 39, 18, -15, 22, -65, 43, -107, 75, -128, 107, -128, 127, -128, 127, -128, 127, -114, 127, -87, 127, -62, -128, 127, -128, 118, -128, 88, -128, 62, -128, 43, -128, 32, -128, 33, -128, 46, -123, 69, -103, 101, -92, 127, -88, 127, -92, 127, -99, 127, -102, 127, -101, 127, -93, 127, -75, 127, -45, 127, -7, 127, 38, 127, 84, 127, 127, 127, 127, 127, 127, 127, 127, 127]",esp32_2
CSI_DATA,129527,2025-08-27 15:31:01.096,0,stand,00:00:00:00:00:00,-65,11,0,0,0,0,0,0,0,0,0,-97,0,1,0,3872683912,0,14,0,0,0,104,0,"[0, 0, -128, 127, -128, 127, -128, 127, -128, 127, -128, 127, -113, 127, -86, 127, -57, 127, -32, 127, -19, 127, -19, 127, -25, 127, -35, 127, -70, 127, -85, 127, -87, 127, -100, 111, -89, 61, -72, 22, -41, -13, 0, -43, 40, -54, 73, -57, 103, -53, 127, -28, -50, -128, -46, -128, -43, -128, -45, -128, -39, -128, -41, -128, -37, -128, -40, -128, -40, -128, -48, -128, -49, -116, -61, -106, -64, -85, -79, -70, -80, -62, -78, -43, -85, -23, -87, -5, -97, 29, -103, 61, -110, 96, -123, 127, -128, 127, -128, 127, -128, 127, -128, 127]",esp32_1
CSI_DATA,132437,2025-08-27 15:31:01.107,0,stand,00:00:00:00:00:00,-42,11,0,0,0,0,0,0,0,0,0,-97,0,1,0,732565513,0,14,0,0,0,104,0,"[0, 0, -72, -128, -73, -128, -75, -128, -79, -128, -83, -128, -85, -128, -86, -128, -84, -128, -76, -128, -61, -128, -44, -128, -26, -128, -11, -128, -2, -86, -3, -38, -13, 8, -33, 48, -63, 76, -96, 91, -127, 93, -128, 82, -128, 64, -128, 40, -128, 15, -128, -2, 127, 31, 127, 51, 127, 72, 127, 85, 127, 91, 127, 86, 127, 68, 123, 43, 115, 12, 115, -21, 122, -51, 127, -72, 127, -85, 127, -94, 127, -99, 127, -100, 127, -98, 127, -99, 102, -102, 69, -112, 34, -128, 0, -128, -27, -128, -48, -128, -64, -128, -71, -128]",esp32_2
CSI_DATA,129528,2025-08-27 15:31:01.117,0,stand,00:00:00:00:00:00,-64,11,0,0,0,0,0,0,0,0,0,-97,0,1,0,3872719012,0,14,0,0,0,104,0,"[0, 0, -128, -60, -128, -70, -128, -77, -128, -54, -128, -31, -128, -7, -128, 22, -128, 52, -128, 83, -128, 107, -128, 117, -128, 107, -128, 105, -128, 74, -128, 50, -128, 16, -128, -15, -108, -34, -64, -44, -16, -39, 27, -30, 74, -8, 95, 23, 111, 63, 110, 91, 81, -128, 91, -128, 92, -128, 93, -128, 99, -128, 101, -128, 95, -128, 97, -128, 87, -128, 77, -127, 58, -126, 44, -125, 31, -107, 16, -102, -3, -94, -24, -102, -40, -92, -61, -80, -88, -53, -112, -43, -128, -25, -128, -16, -128, -14, -128, -3, -128, -2, -128, -26]",esp32_1
CSI_DATA,129529,2025-08-27 15:31:01.150,0,stand,00:00:00:00:00:00,-64,11,0,0,0,0,0,0,0,0,0,-97,0,1,0,3872744412,0,14,0,0,0,104,0,"[0, 0, 73, 127, 59, 127, 65, 127, 50, 127, 54, 127, 63, 127, 84, 120, 106, 102, 124, 92, 127, 91, 127, 99, 127, 111, 127, 121, 127, 127, 109, 127, 82, 127, 41, 112, 14, 88, -17, 61, -25, 22, -28, -11, -21, -46, -8, -74, 6, -100, 30, -109, -127, 6, -128, 5, -128, -3, -128, -4, -128, -6, -128, -12, -128, -7, -128, -12, -118, -6, -123, 0, -106, 8, -97, 17, -94, 18, -86, 30, -71, 35, -53, 59, -44, 63, -30, 77, -12, 83, 6, 97, 29, 115, 57, 127, 81, 127, 87, 127, 97, 127, 106, 127]",esp32_1
CSI_DATA,132439,2025-08-27 15:31:01.213,0,stand,00:00:00:00:00:00,-41,11,0,0,0,0,0,0,0,0,0,-97,0,1,0,732580730,0,14,0,0,0,104,0,"[0, 0, 127, -128, 127, -128, 127, -128, 122, -128, 111, -128, 101, -128, 95, -128, 93, -128, 91, -128, 90, -128, 91, -128, 88, -128, 76, -124, 56, -77, 24, -35, -16, -1, -61, 20, -107, 23, -128, 13, -128, -7, -128, -31, -128, -56, -128, -79, -128, -98, -128, -108, 127, 127, 127, 127, 127, 127, 124, 127, 102, 127, 84, 127, 76, 127, 80, 124, 95, 91, 116, 60, 127, 37, 127, 25, 127, 20, 127, 21, 127, 22, 127, 19, 127, 14, 127, 2, 127, -20, 127, -52, 122, -92, 110, -128, 103, -128, 103, -128, 110, -128, 118, -128]",esp32_2
CSI_DATA,129531,2025-08-27 15:31:01.236,0,stand,00:00:00:00:00:00,-64,11,0,0,0,0,0,0,0,0,0,-97,0,1,0,3872816127,0,14,0,0,0,104,0,"[0, 0, -59, -128, -53, -128, -47, -128, -47, -128, -54, -128, -60, -128, -82, -120, -103, -108, -115, -79, -128, -81, -128, -86, -128, -99, -128, -114, -125, -121, -119, -128, -78, -115, -48, -115, -13, -88, 7, -59, 24, -23, 24, 10, 30, 42, 26, 70, 13, 97, -12, 113, 121, 17, 127, 26, 115, 27, 127, 30, 121, 26, 127, 31, 122, 34, 122, 28, 117, 29, 110, 7, 101, 1, 93, -12, 87, -18, 87, -25, 80, -38, 55, -46, 50, -58, 32, -70, 15, -87, -1, -92, -31, -114, -37, -128, -78, -128, -87, -128, -100, -128, -111, -128]",esp32_1
CSI_DATA,132440,2025-08-27 15:31:01.247,0,stand,00:00:00:00:00:00,-41,11,0,0,0,0,0,0,0,0,0,-97,0,1,0,732590707,0,14,0,0,0,104,0,"[0, 0, -128, -128, -128, -128, -128, -128, -128, -128, -128, -118, -128, -106, -128, -101, -128, -98, -128, -98, -128, -100, -128, -101, -128, -97, -121, -82, -78, -57, -36, -25, -2, 17, 17, 64, 20, 110, 10, 127, -10, 127, -36, 127, -65, 127, -89, 127, -106, 127, -115, 127, 127, -128, 127, -128, 127, -128, 127, -118, 127, -95, 127, -79, 127, -73, 126, -79, 94, -94, 66, -117, 46, -128, 35, -128, 33, -128, 32, -128, 30, -128, 26, -128, 20, -128, 7, -128, -16, -128, -48, -128, -88, -124, -128, -114, -128, -112, -128, -117, -128, -127, -128, -128]",esp32_2
CSI_DATA,129532,2025-08-27 15:31:01.264,0,stand,00:00:00:00:00:00,-64,11,0,0,0,0,0,0,0,0,0,-97,0,1,0,3872853473,0,14,0,0,0,104,0,"[0, 0, 92, 127, 73, 127, 77, 127, 66, 127, 69, 127, 74, 127, 88, 113, 110, 93, 127, 82, 127, 76, 127, 88, 127, 96, 127, 104, 127, 116, 121, 121, 91, 118, 54, 108, 22, 85, -6, 57, -22, 22, -29, -12, -23, -47, -11, -71, 2, -102, 24, -110, -123, 15, -128, 13, -128, 11, -128, 11, -128, 10, -128, 5, -128, 3, -128, 2, -120, 12, -124, 12, -110, 23, -97, 26, -93, 26, -85, 40, -75, 43, -55, 64, -42, 68, -25, 80, -6, 86, 14, 96, 35, 108, 63, 124, 91, 127, 100, 127, 110, 127, 122, 127]",esp32_1
CSI_DATA,132441,2025-08-27 15:31:01.275,0,stand,00:00:00:00:00:00,-41,11,0,0,0,0,0,0,0,0,0,-97,0,1,0,732600719,0,14,0,0,0,104,0,"[0, 0, 127, 127, 127, 127, 127, 127, 127, 127, 127, 127, 127, 127, 127, 127, 127, 127, 126, 127, 108, 127, 84, 127, 58, 127, 37, 127, 20, 91, 12, 39, 13, -12, 27, -59, 53, -95, 86, -119, 118, -128, 127, -124, 127, -107, 127, -82, 127, -57, 127, -37, -128, 0, -128, -23, -128, -49, -128, -67, -128, -75, -128, -72, -128, -55, -128, -29, -128, 4, -126, 40, -127, 74, -128, 100, -128, 118, -128, 127, -128, 127, -128, 127, -128, 127, -128, 127, -101, 127, -62, 127, -21, 127, 21, 127, 59, 127, 90, 127, 112, 127, 124, 127]",esp32_2
CSI_DATA,129533,2025-08-27 15:31:01.296,0,stand,00:00:00:00:00:00,-64,11,0,0,0,0,0,0,0,0,0,-97,0,1,0,3872899277,0,14,0,0,0,104,0,"[0, 0, 127, 127, 127, 127, 127, 127, 127, 127, 127, 116, 127, 86, 127, 62, 127, 26, 127, 11, 127, -3, 127, -5, 127, 2, 127, 10, 127, 26, 127, 43, 127, 63, 100, 70, 66, 68, 26, 57, -5, 35, -33, 14, -55, -17, -59, -50, -65, -83, -49, -107, -124, 47, -123, 45, -128, 45, -126, 47, -128, 44, -128, 42, -124, 40, -124, 41, -114, 44, -111, 42, -96, 50, -83, 59, -74, 48, -62, 53, -44, 59, -29, 73, -11, 74, 10, 76, 31, 68, 56, 71, 84, 73, 113, 83, 127, 104, 127, 114, 127, 127, 127, 127]",esp32_1
CSI_DATA,132442,2025-08-27 15:31:01.305,0,stand,00:00:00:00:00:00,-42,11,0,0,0,0,0,0,0,0,0,-97,0,1,0,732610722,0,14,0,0,0,104,0,"[0, 0, 127, -128, 127, -128, 127, -128, 127, -128, 127, -128, 127, -128, 127, -128, 127, -128, 127, -128, 127, -128, 127, -128, 127, -128, 111, -90, 76, -54, 33, -25, -17, -6, -66, 0, -110, -11, -128, -34, -128, -61, -128, -90, -128, -114, -128, -128, -125, -128, -103, -128, 108, 127, 85, 127, 56, 127, 33, 127, 16, 127, 7, 127, 10, 127, 27, 127, 53, 118, 85, 97, 118, 84, 127, 81, 127, 85, 127, 91, 127, 94, 127, 92, 127, 84, 127, 65, 127, 36, 127, 0, 127, -44, 127, -91, 127, -128, 127, -128, 127, -128, 127, -128]",esp32_2
CSI_DATA,129534,2025-08-27 15:31:01.321,0,stand,00:00:00:00:00:00,-64,11,0,0,0,0,0,0,0,0,0,-97,0,1,0,3872935846,0,14,0,0,0,104,0,"[0, 0, 127, -74, 127, -60, 127, -47, 127, -58, 127, -53, 127, -65, 126, -80, 108, -102, 100, -124, 94, -128, 99, -128, 104, -128, 113, -128, 127, -128, 127, -118, 122, -83, 119, -49, 90, -15, 62, 7, 31, 24, -7, 38, -46, 37, -72, 27, -104, 4, -114, -17, -32, 121, -35, 126, -36, 127, -38, 127, -40, 127, -40, 127, -37, 127, -39, 127, -32, 122, -26, 110, -17, 113, -4, 102, 5, 89, 16, 82, 28, 69, 39, 66, 49, 54, 68, 42, 77, 14, 95, -12, 112, -36, 127, -56, 127, -65, 127, -91, 127, -98, 127, -88]",esp32_1
CSI_DATA,132443,2025-08-27 15:31:01.337,0,stand,00:00:00:00:00:00,-41,11,0,0,0,0,0,0,0,0,0,-97,0,1,0,732624103,0,14,0,0,0,104,0,"[0, 0, 127, -85, 127, -86, 127, -90, 127, -94, 127, -100, 127, -104, 127, -104, 127, -100, 127, -89, 127, -72, 127, -52, 127, -32, 127, -16, 93, -7, 41, -6, -9, -16, -52, -38, -84, -70, -102, -106, -107, -128, -98, -128, -78, -128, -50, -128, -23, -128, -4, -128, -42, 127, -63, 127, -86, 127, -100, 127, -105, 127, -98, 127, -79, 127, -49, 127, -14, 127, 22, 127, 55, 127, 80, 127, 95, 127, 106, 127, 113, 127, 114, 127, 112, 127, 113, 127, 117, 118, 127, 79, 127, 40, 127, 4, 127, -28, 127, -53, 127, -69, 127, -75]",esp32_2
CSI_DATA,129535,2025-08-27 15:31:01.353,0,stand,00:00:00:00:00:00,-64,11,0,0,0,0,0,0,0,0,0,-97,0,1,0,3872960807,0,14,0,0,0,104,0,"[0, 0, -128, 127, -128, 127, -128, 127, -128, 127, -128, 125, -110, 120, -81, 127, -56, 127, -39, 127, -25, 127, -19, 127, -31, 127, -42, 127, -67, 127, -73, 127, -79, 127, -91, 88, -83, 53, -64, 18, -39, -12, -1, -42, 32, -51, 61, -53, 89, -49, 107, -34, -29, -119, -24, -124, -20, -128, -18, -128, -13, -128, -17, -128, -14, -128, -11, -128, -15, -123, -27, -110, -29, -105, -35, -92, -45, -79, -54, -68, -59, -58, -62, -47, -67, -27, -70, -9, -77, 20, -85, 45, -93, 74, -105, 102, -122, 126, -128, 127, -128, 127, -128, 127]",esp32_1
CSI_DATA,132444,2025-08-27 15:31:01.362,0,stand,00:00:00:00:00:00,-41,11,0,0,0,0,0,0,0,0,0,-97,0,1,0,732630735,0,14,0,0,0,104,0,"[0, 0, -128, -128, -128, -128, -128, -128, -128, -128, -128, -128, -128, -128, -128, -128, -128, -128, -128, -128, -110, -128, -86, -128, -61, -128, -40, -128, -24, -95, -16, -43, -19, 11, -36, 59, -66, 95, -101, 117, -128, 124, -128, 116, -128, 98, -128, 72, -128, 44, -128, 22, 127, -32, 127, -8, 127, 19, 127, 39, 127, 52, 127, 53, 127, 41, 127, 16, 127, -16, 127, -53, 127, -88, 127, -115, 127, -128, 127, -128, 127, -128, 127, -128, 127, -128, 127, -128, 96, -128, 57, -128, 13, -128, -30, -128, -69, -128, -100, -128, -121, -128, -128, -128]",esp32_2
CSI_DATA,129536,2025-08-27 15:31:01.381,0,stand,00:00:00:00:00:00,-65,11,0,0,0,0,0,0,0,0,0,-97,0,1,0,3872985113,0,14,0,0,0,104,0,"[0, 0, -128, 127, -128, 127, -128, 127, -128, 127, -128, 127, -105, 127, -71, 127, -46, 127, -15, 127, 6, 127, 15, 127, 5, 127, -10, 127, -32, 127, -55, 127, -65, 127, -80, 124, -84, 73, -66, 33, -45, -7, -6, -41, 25, -65, 58, -71, 86, -72, 116, -55, -54, -128, -50, -128, -40, -128, -44, -128, -42, -128, -40, -128, -33, -128, -37, -128, -37, -128, -54, -120, -55, -111, -62, -98, -71, -86, -79, -70, -81, -55, -81, -41, -85, -21, -83, -2, -90, 29, -94, 61, -96, 95, -112, 126, -114, 127, -128, 127, -128, 127, -128, 127]",esp32_1
CSI_DATA,132445,2025-08-27 15:31:01.392,0,stand,00:00:00:00:00:00,-41,11,0,0,0,0,0,0,0,0,0,-97,0,1,0,732640696,0,14,0,0,0,104,0,"[0, 0, 127, 101, 127, 98, 127, 91, 127, 83, 127, 74, 127, 66, 127, 63, 127, 61, 127, 61, 127, 62, 127, 65, 127, 63, 106, 54, 70, 38, 35, 13, 5, -19, -13, -55, -18, -92, -12, -125, 2, -128, 22, -128, 44, -128, 63, -128, 78, -128, 87, -122, -128, 127, -128, 127, -128, 127, -128, 127, -128, 112, -128, 95, -124, 84, -97, 83, -69, 90, -44, 105, -23, 125, -10, 127, -4, 127, -1, 127, 1, 127, 3, 127, 7, 127, 17, 127, 33, 127, 56, 115, 85, 98, 120, 85, 127, 78, 127, 75, 127, 78, 127, 86]",esp32_2
CSI_DATA,129537,2025-08-27 15:31:01.416,0,stand,00:00:00:00:00:00,-65,11,0,0,0,0,0,0,0,0,0,-97,0,1,0,3873021029,0,14,0,0,0,104,0,"[0, 0, 127, 123, 127, 127, 127, 123, 127, 105, 127, 79, 127, 51, 127, 28, 127, -1, 127, -26, 127, -37, 127, -45, 127, -40, 127, -28, 127, -10, 127, 11, 127, 36, 119, 48, 78, 51, 40, 50, 2, 34, -31, 15, -56, -13, -69, -41, -72, -78, -60, -103, -94, 88, -103, 93, -102, 88, -107, 91, -110, 90, -113, 89, -105, 85, -104, 81, -98, 83, -89, 79, -74, 83, -62, 87, -56, 79, -39, 77, -27, 78, -7, 87, 6, 82, 31, 79, 50, 63, 71, 55, 109, 49, 127, 47, 127, 59, 127, 59, 127, 71, 127, 91]",esp32_1
CSI_DATA,132447,2025-08-27 15:31:01.468,0,stand,00:00:00:00:00:00,-41,11,0,0,0,0,0,0,0,0,0,-97,0,1,0,732663360,0,14,0,0,0,104,0,"[0, 0, 127, 127, 127, 127, 127, 127, 127, 127, 127, 127, 127, 127, 127, 127, 127, 127, 127, 127, 127, 127, 117, 127, 90, 127, 65, 100, 42, 67, 24, 28, 15, -13, 16, -54, 30, -89, 51, -114, 76, -127, 101, -128, 121, -119, 127, -102, 127, -80, 127, -61, -128, 96, -128, 77, -128, 53, -128, 33, -128, 18, -128, 11, -128, 13, -126, 25, -104, 45, -88, 72, -79, 99, -75, 122, -78, 127, -84, 127, -86, 127, -83, 127, -77, 127, -63, 127, -39, 127, -9, 127, 26, 127, 64, 127, 102, 127, 127, 127, 127, 127, 127, 127]",esp32_2
CSI_DATA,129539,2025-08-27 15:31:01.495,0,stand,00:00:00:00:00:00,-64,11,0,0,0,0,0,0,0,0,0,-97,0,1,0,3873093660,0,14,0,0,0,104,0,"[0, 0, 127, -128, 127, -121, 127, -109, 127, -108, 127, -89, 127, -99, 110, -104, 81, -118, 75, -128, 60, -128, 57, -128, 62, -128, 79, -128, 97, -128, 105, -128, 107, -107, 104, -78, 91, -34, 61, -5, 29, 10, -5, 33, -43, 33, -70, 28, -96, 16, -108, -8, 26, 121, 22, 124, 16, 127, 17, 127, 16, 127, 12, 127, 10, 127, 6, 127, 12, 120, 20, 112, 28, 108, 33, 96, 43, 77, 51, 67, 52, 60, 62, 51, 63, 38, 72, 24, 80, -10, 89, -36, 98, -59, 109, -86, 127, -107, 127, -128, 127, -128, 127, -128]",esp32_1
CSI_DATA,132448,2025-08-27 15:31:01.500,0,stand,00:00:00:00:00:00,-41,11,0,0,0,0,0,0,0,0,0,-97,0,1,0,732671890,0,14,0,0,0,104,0,"[0, 0, -115, -128, -111, -128, -112, -128, -116, -128, -120, -128, -121, -128, -119, -128, -115, -128, -105, -128, -89, -128, -67, -128, -44, -128, -27, -128, -14, -99, -12, -45, -22, 9, -43, 56, -76, 89, -114, 109, -128, 112, -128, 101, -128, 80, -128, 55, -128, 27, -128, 4, 127, -3, 127, 21, 127, 48, 127, 67, 127, 78, 127, 76, 127, 61, 127, 34, 127, 0, 127, -38, 127, -75, 127, -102, 127, -120, 127, -128, 127, -128, 127, -128, 127, -128, 127, -128, 111, -128, 71, -128, 28, -128, -12, -128, -49, -128, -79, -128, -98, -128, -107, -128]",esp32_2
CSI_DATA,129540,2025-08-27 15:31:01.522,0,stand,00:00:00:00:00:00,-64,11,0,0,0,0,0,0,0,0,0,-97,0,1,0,3873141986,0,14,0,0,0,104,0,"[0, 0, -128, -128, -128, -128, -128, -128, -128, -128, -128, -112, -128, -86, -128, -60, -128, -31, -128, -18, -128, 0, -128, -3, -128, -9, -128, -14, -128, -33, -128, -51, -128, -64, -101, -70, -64, -67, -26, -54, 4, -34, 30, -9, 45, 26, 50, 52, 48, 85, 36, 108, 109, -66, 112, -67, 112, -69, 118, -68, 123, -63, 123, -61, 113, -61, 111, -59, 106, -59, 99, -58, 86, -65, 72, -69, 68, -60, 54, -69, 38, -65, 22, -86, 9, -81, -12, -78, -30, -71, -54, -66, -82, -67, -117, -70, -128, -87, -128, -96, -128, -112, -128, -128]",esp32_1
CSI_DATA,132449,2025-08-27 15:31:01.532,0,stand,00:00:00:00:00:00,-41,11,0,0,0,0,0,0,0,0,0,-97,0,1,0,732680687,0,14,0,0,0,104,0,"[0, 0, -128, -110, -128, -107, -128, -99, -128, -91, -128, -82, -128, -74, -128, -70, -128, -67, -128, -67, -128, -68, -128, -69, -128, -68, -118, -58, -77, -41, -38, -14, -5, 22, 17, 61, 24, 100, 17, 127, 2, 127, -19, 127, -44, 127, -66, 127, -83, 127, -93, 127, 127, -128, 127, -128, 127, -128, 127, -128, 127, -121, 127, -101, 127, -89, 110, -88, 79, -97, 48, -114, 24, -128, 9, -128, 2, -128, 0, -128, -3, -128, -7, -128, -11, -128, -21, -128, -38, -128, -63, -128, -96, -106, -128, -91, -128, -82, -128, -78, -128, -81, -128, -89]",esp32_2
CSI_DATA,129541,2025-08-27 15:31:01.549,0,stand,00:00:00:00:00:00,-65,11,0,0,0,0,0,0,0,0,0,-97,0,1,0,3873165948,0,14,0,0,0,104,0,"[0, 0, 14, 127, 7, 127, 8, 127, 3, 127, 17, 127, 36, 127, 65, 127, 89, 127, 119, 127, 127, 127, 127, 127, 127, 127, 127, 127, 122, 127, 92, 127, 63, 127, 24, 127, -5, 106, -28, 71, -38, 24, -33, -18, -17, -57, -1, -90, 17, -114, 50, -123, -128, -50, -128, -55, -128, -68, -128, -70, -128, -72, -128, -76, -128, -67, -128, -70, -127, -59, -128, -47, -116, -32, -109, -21, -118, -11, -108, 5, -103, 15, -85, 30, -73, 46, -58, 67, -49, 82, -22, 109, 3, 126, 19, 127, 46, 127, 50, 127, 57, 127, 62, 127]",esp32_1
CSI_DATA,132450,2025-08-27 15:31:01.558,0,stand,00:00:00:00:00:00,-41,11,0,0,0,0,0,0,0,0,0,-97,0,1,0,732690746,0,14,0,0,0,104,0,"[0, 0, 50, 127, 51, 127, 52, 127, 56, 127, 60, 127, 63, 127, 64, 127, 63, 127, 56, 127, 45, 127, 30, 127, 15, 127, 3, 127, -2, 84, 4, 36, 19, -10, 43, -47, 76, -72, 111, -84, 127, -84, 127, -72, 127, -53, 127, -30, 127, -6, 127, 12, -128, -51, -128, -72, -128, -93, -128, -106, -128, -110, -128, -102, -128, -85, -128, -58, -121, -26, -123, 7, -128, 38, -128, 60, -128, 75, -128, 85, -128, 91, -128, 93, -128, 93, -128, 96, -116, 103, -84, 115, -49, 127, -17, 127, 9, 127, 29, 127, 41, 127, 45, 127]",esp32_2
CSI_DATA,132451,2025-08-27 15:31:01.590,0,stand,00:00:00:00:00:00,-41,11,0,0,0,0,0,0,0,0,0,-97,0,1,0,732700695,0,14,0,0,0,104,0,"[0, 0, 127, -27, 127, -27, 127, -32, 127, -36, 127, -40, 127, -42, 127, -43, 127, -42, 127, -37, 127, -28, 127, -14, 127, -1, 127, 6, 85, 7, 39, -2, -4, -23, -38, -52, -60, -87, -68, -123, -64, -128, -51, -128, -29, -128, -5, -128, 19, -128, 35, -128, -53, 127, -73, 127, -95, 127, -107, 127, -112, 127, -106, 127, -89, 127, -62, 125, -29, 119, 5, 123, 36, 127, 58, 127, 71, 127, 80, 127, 85, 127, 87, 127, 87, 127, 90, 127, 97, 122, 110, 90, 127, 57, 127, 27, 127, 1, 127, -20, 127, -31, 127, -33]",esp32_2
CSI_DATA,132452,2025-08-27 15:31:01.617,0,stand,00:00:00:00:00:00,-41,11,0,0,0,0,0,0,0,0,0,-97,0,1,0,732710685,0,14,0,0,0,104,0,"[0, 0, 127, -102, 127, -100, 127, -104, 127, -110, 127, -115, 127, -117, 127, -118, 127, -115, 127, -105, 127, -90, 127, -69, 127, -44, 127, -24, 88, -9, 36, -2, -18, -7, -65, -24, -101, -52, -126, -88, -128, -122, -128, -128, -116, -128, -89, -128, -61, -128, -40, -128, -81, 127, -101, 127, -123, 127, -128, 127, -128, 127, -125, 127, -103, 127, -71, 126, -34, 120, 4, 123, 39, 127, 65, 127, 81, 127, 92, 127, 100, 127, 102, 127, 101, 127, 105, 127, 111, 111, 122, 72, 127, 32, 127, -5, 127, -39, 127, -67, 127, -84, 127, -88]",esp32_2
CSI_DATA,129543,2025-08-27 15:31:01.649,0,stand,00:00:00:00:00:00,-64,11,0,0,0,0,0,0,0,0,0,-97,0,1,0,3873226069,0,14,0,0,0,104,0,"[0, 0, -47, 127, -52, 127, -49, 127, -47, 127, -35, 127, -8, 127, 15, 127, 38, 127, 59, 127, 76, 127, 85, 127, 88, 127, 79, 127, 59, 127, 38, 127, 15, 127, -11, 118, -30, 84, -36, 48, -35, 10, -21, -24, -4, -51, 18, -69, 35, -86, 62, -84, -106, -67, -103, -78, -99, -83, -103, -85, -103, -88, -98, -94, -92, -87, -87, -86, -83, -74, -89, -64, -88, -51, -82, -41, -85, -31, -85, -15, -82, -6, -72, 11, -69, 16, -57, 39, -56, 56, -45, 78, -27, 100, -18, 127, -5, 127, -4, 127, -6, 127, -5, 127]",esp32_1
CSI_DATA,132453,2025-08-27 15:31:01.649,0,stand,00:00:00:00:00:00,-42,11,0,0,0,0,0,0,0,0,0,-97,0,1,0,732723183,0,14,0,0,0,104,0,"[0, 0, 127, 127, 127, 127, 127, 127, 127, 127, 127, 127, 127, 123, 127, 116, 127, 110, 127, 103, 127, 99, 127, 100, 127, 94, 112, 79, 68, 54, 29, 21, -3, -18, -22, -63, -26, -109, -17, -128, 1, -128, 25, -128, 48, -128, 68, -128, 86, -128, 97, -128, -128, 127, -128, 122, -128, 94, -128, 69, -128, 49, -128, 36, -128, 34, -128, 43, -105, 64, -78, 92, -58, 122, -48, 127, -46, 127, -48, 127, -48, 127, -44, 127, -37, 127, -22, 127, 2, 127, 33, 127, 72, 126, 118, 118, 127, 116, 127, 118, 127, 127, 127, 127]",esp32_2
CSI_DATA,129544,2025-08-27 15:31:01.671,0,stand,00:00:00:00:00:00,-65,11,0,0,0,0,0,0,0,0,0,-97,0,1,0,3873251740,0,14,0,0,0,104,0,"[0, 0, -128, -128, -128, -128, -128, -128, -128, -127, -128, -100, -128, -78, -128, -53, -128, -21, -128, 4, -128, 17, -128, 19, -128, 20, -128, 5, -128, -11, -128, -30, -128, -49, -117, -57, -73, -62, -34, -53, -2, -36, 31, -17, 52, 19, 61, 47, 66, 82, 52, 104, 107, -86, 113, -86, 110, -84, 115, -84, 121, -80, 123, -78, 113, -70, 114, -72, 102, -75, 95, -68, 76, -81, 64, -82, 57, -75, 44, -77, 35, -83, 14, -91, 1, -90, -16, -85, -35, -74, -62, -67, -87, -60, -119, -61, -128, -70, -128, -69, -128, -79, -128, -108]",esp32_1
CSI_DATA,132454,2025-08-27 15:31:01.671,0,stand,00:00:00:00:00:00,-42,11,0,0,0,0,0,0,0,0,0,-97,0,1,0,732731579,0,14,0,0,0,104,0,"[0, 0, 127, 32, 127, 29, 127, 21, 127, 12, 127, 3, 127, -3, 127, -6, 127, -6, 127, -3, 127, 4, 127, 15, 127, 25, 127, 28, 82, 24, 32, 10, -13, -15, -49, -48, -71, -88, -79, -128, -73, -128, -58, -128, -36, -128, -10, -128, 14, -128, 31, -128, -128, 127, -128, 127, -128, 127, -128, 127, -128, 127, -128, 110, -128, 96, -107, 93, -70, 100, -35, 114, -6, 127, 13, 127, 24, 127, 30, 127, 33, 127, 34, 127, 38, 127, 48, 127, 64, 127, 87, 109, 118, 80, 127, 56, 127, 37, 127, 23, 127, 19, 127, 20]",esp32_2
CSI_DATA,129545,2025-08-27 15:31:01.707,0,stand,00:00:00:00:00:00,-64,11,0,0,0,0,0,0,0,0,0,-97,0,1,0,3873909519,0,14,0,0,0,104,0,"[0, 0, 127, 24, 127, 31, 127, 44, 127, 43, 127, 28, 127, 11, 127, -5, 127, -35, 127, -51, 127, -73, 127, -76, 127, -80, 127, -75, 127, -64, 127, -38, 127, -9, 126, 7, 90, 24, 56, 30, 17, 30, -19, 25, -51, 3, -70, -19, -84, -52, -80, -74, -58, 121, -66, 122, -71, 124, -74, 126, -78, 124, -82, 121, -78, 114, -78, 111, -66, 106, -59, 99, -42, 103, -30, 100, -20, 87, -9, 89, 7, 84, 19, 92, 26, 82, 44, 70, 57, 53, 69, 39, 94, 15, 120, 1, 127, -3, 127, -16, 127, -15, 127, -7]",esp32_1
CSI_DATA,129546,2025-08-27 15:31:01.737,0,stand,00:00:00:00:00:00,-64,11,0,0,0,0,0,0,0,0,0,-97,0,1,0,3873919521,0,14,0,0,0,104,0,"[0, 0, -128, 127, -128, 127, -128, 123, -128, 117, -128, 109, -128, 110, -121, 113, -106, 125, -89, 127, -81, 127, -78, 127, -83, 127, -88, 127, -107, 127, -116, 127, -105, 103, -109, 68, -88, 32, -66, 4, -36, -15, 3, -28, 37, -30, 70, -28, 94, -8, 108, 13, -36, -128, -35, -128, -27, -128, -26, -128, -19, -128, -16, -128, -16, -128, -14, -128, -11, -125, -26, -110, -30, -108, -36, -99, -44, -79, -60, -70, -64, -60, -66, -57, -75, -44, -77, -31, -82, -2, -83, 19, -91, 50, -102, 79, -118, 100, -128, 127, -128, 127, -128, 127]",esp32_1
CSI_DATA,132456,2025-08-27 15:31:01.759,0,stand,00:00:00:00:00:00,-41,11,0,0,0,0,0,0,0,0,0,-97,0,1,0,732750695,0,14,0,0,0,104,0,"[0, 0, -128, -128, -128, -128, -128, -128, -128, -128, -128, -121, -128, -112, -128, -105, -128, -101, -128, -97, -128, -94, -128, -90, -116, -82, -84, -67, -52, -46, -23, -18, -1, 17, 11, 54, 10, 88, 1, 118, -15, 127, -35, 127, -57, 127, -73, 127, -84, 122, -90, 105, 127, -104, 127, -88, 127, -67, 127, -48, 127, -33, 127, -24, 127, -23, 109, -31, 86, -47, 66, -71, 53, -96, 46, -116, 46, -128, 48, -128, 47, -128, 43, -128, 37, -128, 25, -128, 5, -124, -22, -111, -54, -104, -90, -101, -128, -104, -128, -109, -128, -119, -128, -128]",esp32_2
CSI_DATA,129547,2025-08-27 15:31:01.769,0,stand,00:00:00:00:00:00,-64,11,0,0,0,0,0,0,0,0,0,-97,0,1,0,3873929471,0,14,0,0,0,104,0,"[0, 0, 127, -128, 127, -128, 127, -128, 127, -128, 124, -128, 95, -128, 69, -128, 46, -128, 25, -128, 13, -128, 1, -128, 3, -128, 6, -128, 30, -128, 47, -128, 51, -128, 67, -109, 64, -71, 58, -37, 38, -3, 8, 26, -23, 43, -49, 53, -78, 53, -97, 40, 71, 112, 66, 118, 63, 125, 63, 127, 57, 127, 57, 127, 52, 127, 53, 127, 52, 112, 55, 99, 57, 90, 61, 81, 73, 63, 80, 52, 81, 37, 85, 31, 79, 17, 78, -2, 77, -24, 73, -49, 67, -77, 69, -108, 73, -128, 90, -128, 103, -128, 115, -128]",esp32_1
CSI_DATA,132457,2025-08-27 15:31:01.796,0,stand,00:00:00:00:00:00,-41,11,0,0,0,0,0,0,0,0,0,-97,0,1,0,732760701,0,14,0,0,0,104,0,"[0, 0, -128, 127, -128, 127, -128, 127, -128, 127, -128, 127, -128, 127, -128, 127, -128, 127, -128, 127, -128, 111, -128, 90, -128, 67, -124, 44, -81, 25, -33, 14, 16, 13, 61, 24, 96, 47, 120, 77, 127, 107, 127, 127, 118, 127, 94, 127, 68, 127, 47, 127, -1, -128, 22, -128, 47, -128, 63, -128, 71, -128, 70, -128, 56, -128, 31, -128, 0, -123, -35, -117, -69, -117, -96, -121, -114, -128, -126, -128, -128, -128, -128, -128, -128, -128, -128, -116, -128, -86, -128, -48, -128, -8, -128, 32, -128, 70, -128, 104, -128, 127, -128, 127]",esp32_2
CSI_DATA,132458,2025-08-27 15:31:01.822,0,stand,00:00:00:00:00:00,-41,11,0,0,0,0,0,0,0,0,0,-97,0,1,0,732770696,0,14,0,0,0,104,0,"[0, 0, -128, -128, -128, -128, -128, -128, -128, -128, -128, -128, -128, -128, -128, -128, -128, -128, -128, -128, -128, -128, -108, -128, -80, -128, -54, -121, -31, -79, -16, -32, -11, 19, -18, 66, -39, 104, -68, 127, -98, 127, -128, 127, -128, 127, -128, 108, -128, 82, -128, 60, 127, -32, 127, -9, 127, 17, 127, 36, 127, 49, 127, 51, 127, 41, 127, 20, 120, -9, 110, -45, 108, -80, 110, -106, 115, -123, 124, -128, 127, -128, 124, -128, 115, -128, 97, -128, 69, -128, 33, -128, -6, -128, -47, -128, -89, -128, -125, -128, -128, -128, -128, -128]",esp32_2
CSI_DATA,132459,2025-08-27 15:31:01.845,0,stand,00:00:00:00:00:00,-41,11,0,0,0,0,0,0,0,0,0,-97,0,1,0,732780710,0,14,0,0,0,104,0,"[0, 0, 127, -128, 127, -128, 127, -128, 127, -128, 127, -128, 127, -128, 127, -128, 127, -128, 127, -128, 127, -122, 127, -99, 127, -73, 121, -49, 80, -29, 32, -16, -18, -13, -63, -22, -99, -44, -125, -74, -128, -103, -128, -128, -125, -128, -103, -128, -77, -128, -56, -128, 8, 127, -15, 127, -40, 127, -57, 127, -66, 127, -66, 127, -54, 127, -32, 127, 0, 122, 36, 114, 70, 113, 97, 117, 115, 125, 127, 127, 127, 127, 127, 127, 127, 125, 127, 107, 127, 78, 127, 43, 127, 3, 127, -37, 127, -76, 127, -111, 127, -128, 127, -128]",esp32_2
CSI_DATA,129549,2025-08-27 15:31:01.866,0,stand,00:00:00:00:00:00,-64,11,0,0,0,0,0,0,0,0,0,-97,0,1,0,3873949428,0,14,0,0,0,104,0,"[0, 0, 127, 99, 127, 109, 127, 114, 127, 103, 127, 81, 127, 65, 127, 43, 127, 18, 127, -4, 127, -21, 127, -22, 127, -22, 127, -14, 127, 3, 127, 19, 127, 39, 113, 42, 72, 46, 42, 42, 8, 27, -22, 8, -43, -17, -49, -44, -52, -80, -39, -101, -71, 114, -78, 113, -82, 114, -86, 116, -92, 112, -95, 106, -92, 101, -89, 98, -81, 98, -76, 90, -58, 97, -43, 97, -37, 86, -25, 91, -9, 88, 6, 96, 12, 89, 29, 85, 42, 70, 60, 61, 85, 46, 115, 40, 127, 42, 127, 39, 127, 42, 127, 64]",esp32_1
CSI_DATA,129550,2025-08-27 15:31:01.901,0,stand,00:00:00:00:00:00,-64,11,0,0,0,0,0,0,0,0,0,-97,0,1,0,3873959486,0,14,0,0,0,104,0,"[0, 0, -95, 127, -101, 127, -94, 127, -94, 127, -78, 127, -51, 127, -32, 127, -11, 127, 10, 127, 26, 127, 34, 127, 35, 127, 25, 127, 5, 127, -8, 127, -26, 127, -41, 109, -50, 73, -44, 37, -36, 3, -14, -24, 12, -46, 38, -57, 61, -64, 84, -59, -98, -71, -100, -84, -96, -90, -97, -93, -95, -99, -93, -102, -85, -96, -82, -96, -75, -86, -79, -76, -78, -65, -76, -46, -81, -37, -88, -25, -85, -17, -77, -3, -73, 7, -70, 20, -70, 42, -57, 64, -45, 92, -40, 116, -29, 127, -37, 127, -41, 127, -44, 127]",esp32_1
CSI_DATA,129551,2025-08-27 15:31:01.932,0,stand,00:00:00:00:00:00,-64,11,0,0,0,0,0,0,0,0,0,-97,0,1,0,3873969436,0,14,0,0,0,104,0,"[0, 0, -91, 127, -101, 127, -93, 127, -94, 127, -76, 127, -54, 127, -23, 127, 11, 127, 31, 127, 55, 127, 62, 127, 65, 127, 64, 127, 35, 127, 15, 127, -7, 127, -36, 127, -52, 95, -52, 54, -44, 12, -22, -30, 5, -60, 36, -79, 64, -91, 98, -91, -128, -91, -128, -109, -123, -114, -128, -114, -123, -121, -117, -128, -111, -120, -105, -118, -98, -107, -104, -91, -96, -74, -95, -57, -106, -46, -109, -35, -109, -13, -99, 3, -96, 16, -83, 31, -80, 56, -67, 81, -54, 110, -38, 127, -25, 127, -25, 127, -30, 127, -31, 127]",esp32_1
CSI_DATA,129552,2025-08-27 15:31:01.964,0,stand,00:00:00:00:00:00,-65,11,0,0,0,0,0,0,0,0,0,-97,0,1,0,3873979441,0,14,0,0,0,104,0,"[0, 0, 127, 113, 127, 125, 127, 125, 127, 117, 127, 95, 127, 69, 127, 46, 127, 16, 127, -9, 127, -32, 127, -33, 127, -30, 127, -29, 127, -8, 127, 14, 127, 38, 127, 54, 90, 62, 47, 53, 7, 40, -30, 17, -57, -14, -68, -42, -77, -87, -68, -115, -100, 126, -109, 124, -114, 123, -117, 119, -128, 122, -124, 113, -121, 104, -118, 104, -106, 100, -98, 95, -77, 99, -61, 100, -56, 93, -37, 97, -24, 98, 0, 104, 9, 104, 34, 99, 45, 77, 70, 66, 102, 49, 127, 42, 127, 49, 127, 46, 127, 50, 127, 72]",esp32_1
CSI_DATA,132462,2025-08-27 15:31:01.976,0,stand,00:00:00:00:00:00,-41,11,0,0,0,0,0,0,0,0,0,-97,0,1,0,732812184,0,14,0,0,0,104,0,"[0, 0, -128, -128, -128, -128, -128, -128, -128, -123, -128, -115, -128, -108, -128, -102, -128, -98, -128, -94, -128, -91, -128, -88, -118, -81, -86, -66, -53, -44, -24, -16, 0, 19, 13, 55, 13, 89, 4, 119, -12, 127, -33, 127, -55, 127, -72, 127, -84, 124, -90, 108, 127, -113, 127, -96, 127, -75, 127, -56, 127, -40, 127, -29, 127, -27, 108, -33, 84, -48, 63, -70, 49, -95, 42, -115, 40, -128, 40, -128, 39, -128, 35, -128, 28, -128, 16, -128, -3, -125, -27, -112, -59, -104, -95, -100, -128, -100, -128, -105, -128, -114, -128, -123]",esp32_2
CSI_DATA,129553,2025-08-27 15:31:01.988,0,stand,00:00:00:00:00:00,-64,11,0,0,0,0,0,0,0,0,0,-97,0,1,0,3873989452,0,14,0,0,0,104,0,"[0, 0, -128, -115, -128, -118, -128, -126, -128, -108, -128, -93, -128, -72, -128, -49, -128, -23, -128, -4, -128, 12, -128, 16, -128, 16, -128, 13, -128, -1, -128, -18, -128, -32, -107, -44, -72, -50, -44, -46, -6, -33, 25, -18, 48, 11, 58, 35, 62, 68, 52, 91, 101, -79, 107, -75, 106, -77, 112, -76, 118, -73, 120, -67, 110, -65, 108, -63, 100, -64, 94, -60, 75, -64, 61, -69, 52, -67, 41, -73, 27, -74, 13, -85, 4, -82, -16, -83, -29, -67, -49, -56, -76, -52, -104, -50, -128, -57, -128, -53, -128, -59, -128, -86]",esp32_1
CSI_DATA,132463,2025-08-27 15:31:02.003,0,stand,00:00:00:00:00:00,-41,11,0,0,0,0,0,0,0,0,0,-97,0,1,0,732820698,0,14,0,0,0,104,0,"[0, 0, -128, 127, -128, 127, -128, 127, -128, 127, -128, 127, -117, 127, -110, 127, -108, 127, -105, 127, -102, 127, -100, 127, -93, 127, -75, 123, -48, 80, -13, 40, 30, 10, 76, -9, 121, -10, 127, 2, 127, 23, 127, 49, 127, 77, 127, 101, 127, 118, 127, 126, -128, -128, -128, -128, -128, -128, -128, -128, -113, -128, -94, -128, -82, -128, -83, -128, -97, -99, -119, -69, -128, -44, -128, -27, -128, -21, -128, -19, -128, -17, -128, -12, -128, -6, -128, 6, -128, 26, -128, 58, -128, 98, -125, 127, -121, 127, -122, 127, -127, 127, -128, 127]",esp32_2
CSI_DATA,129554,2025-08-27 15:31:02.009,0,stand,00:00:00:00:00:00,-64,11,0,0,0,0,0,0,0,0,0,-97,0,1,0,3873999455,0,14,0,0,0,104,0,"[0, 0, -93, -128, -82, -128, -74, -128, -62, -128, -62, -128, -69, -128, -78, -128, -100, -118, -109, -113, -124, -105, -128, -112, -128, -120, -128, -119, -121, -127, -99, -125, -74, -122, -37, -112, -12, -85, 12, -57, 20, -25, 25, 5, 20, 42, 8, 62, -8, 90, -31, 101, 127, -9, 127, -4, 127, 3, 127, 6, 127, 9, 127, 14, 126, 12, 125, 14, 111, 10, 111, 6, 102, -6, 90, -20, 91, -19, 83, -33, 75, -42, 59, -58, 48, -64, 40, -66, 25, -76, 4, -81, -21, -94, -40, -113, -75, -128, -85, -128, -100, -128, -118, -128]",esp32_1
CSI_DATA,132464,2025-08-27 15:31:02.035,0,stand,00:00:00:00:00:00,-42,11,0,0,0,0,0,0,0,0,0,-97,0,1,0,732833747,0,14,0,0,0,104,0,"[0, 0, -128, -128, -128, -128, -128, -128, -128, -128, -128, -128, -128, -128, -128, -128, -128, -128, -128, -128, -128, -128, -128, -128, -127, -120, -91, -97, -55, -65, -23, -24, -1, 23, 8, 71, 2, 115, -16, 127, -41, 127, -69, 127, -96, 127, -116, 127, -128, 127, -128, 116, 127, -103, 127, -80, 127, -52, 127, -28, 127, -11, 127, -3, 127, -6, 127, -21, 111, -45, 89, -75, 76, -107, 70, -128, 71, -128, 75, -128, 75, -128, 71, -128, 63, -128, 47, -128, 20, -128, -14, -128, -55, -128, -99, -128, -128, -128, -128, -128, -128, -128, -128, -128]",esp32_2
CSI_DATA,129555,2025-08-27 15:31:02.052,0,stand,00:00:00:00:00:00,-64,11,0,0,0,0,0,0,0,0,0,-97,0,1,0,3874009475,0,14,0,0,0,104,0,"[0, 0, 31, -128, 45, -128, 45, -128, 45, -128, 36, -128, 19, -128, 0, -128, -25, -128, -43, -128, -61, -128, -73, -128, -71, -128, -64, -128, -41, -128, -25, -128, -4, -128, 18, -119, 32, -82, 39, -48, 33, -13, 14, 17, -8, 45, -30, 62, -50, 73, -74, 70, 122, 38, 126, 48, 125, 55, 124, 59, 123, 65, 121, 71, 111, 70, 107, 70, 100, 60, 104, 48, 92, 38, 90, 27, 90, 15, 93, 1, 91, -8, 81, -21, 74, -31, 62, -43, 56, -58, 43, -75, 23, -97, 12, -123, -11, -128, -9, -128, -10, -128, -13, -128]",esp32_1
CSI_DATA,132465,2025-08-27 15:31:02.063,0,stand,00:00:00:00:00:00,-42,11,0,0,0,0,0,0,0,0,0,-97,0,1,0,732842326,0,14,0,0,0,104,0,"[0, 0, 82, -128, 79, -128, 77, -128, 71, -128, 62, -128, 53, -128, 50, -128, 50, -128, 53, -128, 56, -128, 59, -128, 60, -128, 52, -124, 37, -79, 12, -34, -22, 6, -62, 33, -106, 45, -128, 42, -128, 27, -128, 5, -128, -22, -128, -48, -128, -71, -128, -84, 127, 127, 127, 127, 127, 127, 127, 127, 123, 127, 102, 127, 88, 127, 86, 113, 95, 78, 111, 45, 127, 19, 127, 1, 127, -8, 127, -13, 127, -17, 127, -20, 127, -24, 127, -34, 127, -53, 127, -79, 103, -113, 85, -128, 74, -128, 69, -128, 69, -128, 72, -128]",esp32_2
CSI_DATA,129556,2025-08-27 15:31:02.075,0,stand,00:00:00:00:00:00,-64,11,0,0,0,0,0,0,0,0,0,-97,0,1,0,3874019443,0,14,0,0,0,104,0,"[0, 0, -92, -128, -78, -128, -73, -128, -62, -128, -59, -128, -65, -128, -75, -128, -100, -125, -108, -113, -121, -105, -128, -110, -128, -120, -128, -121, -122, -127, -98, -128, -71, -124, -40, -113, -14, -91, 11, -59, 21, -24, 26, 8, 19, 39, 5, 66, -11, 89, -33, 101, 127, -10, 127, 1, 127, 7, 127, 5, 127, 12, 127, 18, 127, 17, 127, 17, 116, 14, 113, 6, 101, -3, 90, -20, 90, -20, 83, -34, 77, -43, 61, -55, 50, -60, 38, -69, 26, -75, 5, -84, -21, -95, -44, -116, -76, -128, -86, -128, -99, -128, -116, -128]",esp32_1
CSI_DATA,132466,2025-08-27 15:31:02.098,0,stand,00:00:00:00:00:00,-42,11,0,0,0,0,0,0,0,0,0,-97,0,1,0,732850692,0,14,0,0,0,104,0,"[0, 0, -128, -128, -128, -128, -128, -128, -128, -128, -128, -128, -128, -128, -128, -128, -128, -127, -128, -120, -128, -114, -128, -111, -128, -102, -106, -84, -63, -57, -24, -20, 6, 25, 23, 72, 24, 117, 12, 127, -9, 127, -35, 127, -61, 127, -84, 127, -101, 127, -111, 127, 127, -118, 127, -96, 127, -67, 127, -43, 127, -25, 127, -13, 127, -13, 127, -27, 111, -51, 86, -81, 70, -112, 61, -128, 59, -128, 61, -128, 61, -128, 56, -128, 47, -128, 30, -128, 4, -128, -30, -128, -72, -128, -119, -128, -128, -128, -128, -128, -128, -128, -128, -128]",esp32_2
CSI_DATA,129557,2025-08-27 15:31:02.107,0,stand,00:00:00:00:00:00,-64,11,0,0,0,0,0,0,0,0,0,-97,0,1,0,3874029420,0,14,0,0,0,104,0,"[0, 0, -63, 127, -68, 127, -66, 127, -67, 127, -50, 127, -32, 127, -11, 127, 14, 127, 33, 127, 52, 127, 61, 127, 60, 127, 57, 127, 39, 127, 17, 127, 0, 127, -22, 120, -38, 79, -40, 47, -36, 11, -20, -20, 5, -46, 28, -65, 51, -77, 76, -72, -106, -67, -115, -82, -108, -86, -110, -92, -105, -93, -106, -100, -94, -91, -92, -91, -89, -84, -91, -63, -85, -55, -86, -42, -90, -29, -94, -18, -90, -6, -85, 4, -79, 18, -68, 32, -68, 53, -52, 72, -39, 96, -26, 124, -11, 127, -14, 127, -14, 127, -16, 127]",esp32_1
CSI_DATA,129558,2025-08-27 15:31:02.130,0,stand,00:00:00:00:00:00,-64,11,0,0,0,0,0,0,0,0,0,-97,0,1,0,3874039443,0,14,0,0,0,104,0,"[0, 0, -76, -128, -62, -128, -57, -128, -45, -128, -48, -128, -57, -128, -67, -128, -91, -128, -102, -124, -120, -118, -128, -125, -128, -128, -128, -128, -115, -128, -91, -128, -62, -128, -32, -117, -1, -89, 19, -59, 28, -25, 27, 5, 17, 43, 4, 68, -11, 96, -35, 104, 127, 6, 127, 15, 127, 23, 127, 29, 127, 28, 127, 33, 127, 33, 126, 32, 115, 31, 115, 20, 99, 8, 92, -8, 92, -11, 87, -20, 81, -35, 68, -50, 57, -56, 42, -67, 31, -70, 9, -85, -10, -98, -39, -119, -71, -128, -76, -128, -92, -128, -103, -128]",esp32_1
CSI_DATA,132468,2025-08-27 15:31:02.173,0,stand,00:00:00:00:00:00,-42,11,0,0,0,0,0,0,0,0,0,-97,0,1,0,732870764,0,14,0,0,0,104,0,"[0, 0, -128, 127, -128, 127, -128, 127, -128, 127, -128, 127, -128, 127, -128, 127, -128, 127, -128, 122, -128, 105, -128, 84, -128, 61, -127, 38, -81, 19, -30, 8, 24, 10, 73, 23, 110, 48, 127, 80, 127, 112, 127, 127, 127, 127, 105, 127, 76, 127, 53, 127, 50, -128, 72, -128, 95, -128, 109, -128, 113, -128, 106, -128, 86, -128, 55, -128, 20, -119, -17, -117, -51, -123, -79, -128, -99, -128, -113, -128, -121, -128, -123, -128, -123, -128, -124, -124, -128, -92, -128, -54, -128, -13, -128, 26, -128, 60, -128, 89, -128, 110, -128, 120]",esp32_2
CSI_DATA,132469,2025-08-27 15:31:02.199,0,stand,00:00:00:00:00:00,-41,11,0,0,0,0,0,0,0,0,0,-97,0,1,0,732881139,0,14,0,0,0,104,0,"[0, 0, 127, 127, 127, 127, 127, 127, 127, 125, 127, 109, 127, 95, 127, 88, 127, 84, 127, 83, 127, 83, 127, 84, 127, 80, 116, 68, 69, 48, 24, 20, -17, -17, -45, -59, -58, -106, -58, -128, -47, -128, -26, -128, 2, -128, 30, -128, 52, -128, 66, -128, -128, 106, -128, 84, -128, 55, -128, 31, -128, 13, -128, 4, -128, 8, -128, 22, -113, 45, -88, 75, -70, 107, -58, 127, -56, 127, -55, 127, -52, 127, -48, 127, -38, 127, -19, 127, 10, 127, 46, 127, 87, 119, 127, 111, 127, 112, 127, 118, 127, 127, 127, 127]",esp32_2
CSI_DATA,129560,2025-08-27 15:31:02.219,0,stand,00:00:00:00:00:00,-64,11,0,0,0,0,0,0,0,0,0,-97,0,1,0,3874059449,0,14,0,0,0,104,0,"[0, 0, -128, -128, -128, -128, -128, -128, -128, -128, -128, -128, -128, -117, -128, -88, -128, -68, -128, -45, -128, -29, -128, -33, -128, -35, -128, -38, -128, -53, -128, -64, -128, -78, -91, -76, -58, -74, -22, -59, 5, -32, 27, -15, 45, 22, 49, 49, 50, 84, 32, 107, 127, -47, 127, -46, 127, -44, 127, -42, 127, -39, 127, -32, 127, -30, 126, -31, 117, -32, 111, -31, 94, -45, 81, -52, 75, -47, 66, -59, 51, -63, 40, -81, 24, -77, 10, -80, -10, -72, -31, -71, -61, -73, -90, -81, -128, -92, -128, -103, -128, -117, -128, -128]",esp32_1
CSI_DATA,132470,2025-08-27 15:31:02.228,0,stand,00:00:00:00:00:00,-41,11,0,0,0,0,0,0,0,0,0,-97,0,1,0,732893596,0,14,0,0,0,104,0,"[0, 0, -128, -127, -128, -125, -128, -117, -128, -109, -128, -99, -128, -91, -128, -86, -128, -82, -128, -78, -128, -76, -128, -74, -120, -68, -88, -56, -54, -37, -23, -12, 3, 21, 19, 55, 22, 89, 16, 119, 4, 127, -15, 127, -36, 127, -53, 127, -67, 127, -76, 119, 127, -106, 127, -91, 127, -70, 127, -52, 127, -37, 127, -26, 127, -23, 105, -30, 82, -45, 62, -67, 47, -91, 39, -111, 36, -127, 36, -128, 33, -128, 28, -128, 21, -128, 9, -128, -11, -122, -36, -108, -66, -98, -100, -93, -128, -92, -128, -95, -128, -103, -128, -113]",esp32_2
CSI_DATA,129561,2025-08-27 15:31:02.251,0,stand,00:00:00:00:00:00,-64,11,0,0,0,0,0,0,0,0,0,-97,0,1,0,3874069435,0,14,0,0,0,104,0,"[0, 0, 80, 127, 61, 127, 63, 127, 53, 127, 51, 127, 59, 127, 73, 127, 90, 127, 107, 116, 119, 107, 127, 118, 127, 125, 127, 126, 122, 127, 96, 127, 75, 127, 36, 116, 10, 91, -12, 60, -26, 24, -30, -8, -22, -42, -11, -69, 4, -96, 28, -108, -128, -17, -128, -20, -128, -32, -128, -34, -128, -41, -128, -44, -128, -40, -124, -42, -117, -33, -117, -27, -102, -12, -92, 1, -96, 8, -91, 22, -86, 32, -68, 48, -60, 55, -48, 61, -32, 68, -14, 83, 10, 98, 39, 118, 67, 127, 77, 127, 93, 127, 104, 127]",esp32_1
CSI_DATA,132471,2025-08-27 15:31:02.260,0,stand,00:00:00:00:00:00,-41,11,0,0,0,0,0,0,0,0,0,-97,0,1,0,732900742,0,14,0,0,0,104,0,"[0, 0, 127, -128, 127, -128, 118, -128, 108, -128, 97, -128, 86, -128, 80, -128, 76, -128, 73, -128, 72, -128, 72, -128, 69, -128, 58, -128, 39, -80, 11, -33, -27, 8, -71, 36, -116, 48, -128, 45, -128, 31, -128, 10, -128, -16, -128, -43, -128, -67, -128, -83, 127, 127, 127, 127, 127, 127, 100, 127, 77, 127, 60, 127, 54, 127, 59, 127, 76, 107, 102, 76, 127, 51, 127, 35, 127, 28, 127, 26, 127, 22, 127, 15, 127, 7, 127, -9, 127, -34, 127, -66, 122, -108, 109, -128, 102, -128, 101, -128, 104, -128, 111, -128]",esp32_2
CSI_DATA,129562,2025-08-27 15:31:02.283,0,stand,00:00:00:00:00:00,-64,11,0,0,0,0,0,0,0,0,0,-97,0,1,0,3874079451,0,14,0,0,0,104,0,"[0, 0, 127, 127, 127, 127, 127, 127, 127, 127, 127, 124, 127, 102, 127, 78, 127, 54, 127, 36, 127, 22, 127, 25, 127, 26, 127, 32, 127, 46, 127, 61, 123, 72, 92, 73, 58, 65, 25, 50, -4, 29, -27, 3, -35, -25, -36, -53, -33, -89, -14, -106, -99, 88, -103, 89, -109, 86, -112, 84, -117, 81, -119, 72, -113, 72, -113, 66, -103, 67, -96, 64, -78, 71, -68, 77, -59, 69, -45, 77, -36, 82, -18, 91, -9, 88, 8, 88, 22, 73, 43, 74, 68, 66, 98, 69, 127, 76, 127, 80, 127, 95, 127, 118]",esp32_1
CSI_DATA,132472,2025-08-27 15:31:02.292,0,stand,00:00:00:00:00:00,-41,11,0,0,0,0,0,0,0,0,0,-97,0,1,0,732910710,0,14,0,0,0,104,0,"[0, 0, -128, -128, -128, -128, -128, -128, -128, -128, -128, -128, -128, -128, -128, -128, -128, -128, -128, -128, -128, -128, -128, -128, -123, -128, -86, -111, -50, -72, -21, -25, -2, 29, 1, 82, -13, 127, -38, 127, -68, 127, -99, 127, -126, 127, -128, 127, -128, 127, -128, 119, 127, -58, 127, -34, 127, -6, 127, 17, 127, 34, 127, 39, 127, 31, 127, 10, 127, -21, 110, -60, 101, -98, 99, -127, 102, -128, 108, -128, 109, -128, 104, -128, 93, -128, 72, -128, 41, -128, 3, -128, -42, -128, -92, -128, -128, -128, -128, -128, -128, -128, -128, -128]",esp32_2
CSI_DATA,129563,2025-08-27 15:31:02.315,0,stand,00:00:00:00:00:00,-64,11,0,0,0,0,0,0,0,0,0,-97,0,1,0,3874089500,0,14,0,0,0,104,0,"[0, 0, -10, -128, -1, -128, 0, -128, 11, -128, 0, -128, -18, -128, -36, -128, -64, -128, -90, -128, -107, -128, -121, -128, -123, -128, -121, -128, -97, -128, -69, -128, -41, -128, -5, -128, 18, -107, 32, -67, 31, -25, 28, 17, 11, 58, -11, 81, -38, 107, -70, 112, 127, 44, 127, 54, 127, 63, 127, 66, 127, 72, 127, 80, 127, 74, 127, 75, 127, 70, 127, 51, 117, 37, 112, 16, 115, 5, 112, -8, 109, -18, 90, -35, 81, -44, 73, -59, 61, -77, 41, -98, 16, -121, -3, -128, -40, -128, -42, -128, -52, -128, -58, -128]",esp32_1
CSI_DATA,132473,2025-08-27 15:31:02.315,0,stand,00:00:00:00:00:00,-41,11,0,0,0,0,0,0,0,0,0,-97,0,1,0,732922354,0,14,0,0,0,104,0,"[0, 0, -128, 127, -128, 127, -128, 127, -128, 127, -128, 127, -128, 127, -128, 127, -128, 127, -128, 120, -128, 104, -128, 82, -128, 59, -118, 40, -75, 24, -28, 14, 21, 15, 65, 25, 100, 47, 126, 76, 127, 106, 127, 127, 123, 127, 101, 127, 76, 127, 55, 127, 40, -128, 60, -128, 82, -128, 95, -128, 101, -128, 95, -128, 78, -128, 52, -126, 20, -115, -17, -111, -51, -115, -77, -122, -96, -128, -111, -128, -120, -128, -124, -128, -124, -128, -125, -115, -127, -86, -128, -50, -128, -12, -128, 25, -128, 61, -128, 92, -128, 111, -128, 117]",esp32_2
CSI_DATA,132474,2025-08-27 15:31:02.337,0,stand,00:00:00:00:00:00,-41,11,0,0,0,0,0,0,0,0,0,-97,0,1,0,732931624,0,14,0,0,0,104,0,"[0, 0, 48, -128, 47, -128, 46, -128, 41, -128, 32, -128, 24, -128, 20, -128, 19, -128, 22, -128, 26, -128, 31, -128, 35, -128, 31, -120, 22, -74, 5, -29, -22, 12, -56, 43, -96, 59, -128, 61, -128, 54, -128, 37, -128, 14, -128, -12, -128, -36, -128, -52, 127, 127, 127, 127, 127, 127, 127, 127, 115, 127, 96, 127, 82, 127, 78, 109, 86, 76, 102, 45, 123, 19, 127, 1, 127, -10, 127, -16, 127, -22, 127, -28, 127, -34, 127, -44, 127, -62, 112, -85, 86, -116, 67, -128, 55, -128, 49, -128, 49, -128, 53, -128]",esp32_2
CSI_DATA,129564,2025-08-27 15:31:02.347,0,stand,00:00:00:00:00:00,-65,11,0,0,0,0,0,0,0,0,0,-97,0,1,0,3874100412,0,14,0,0,0,104,0,"[0, 0, 127, -20, 127, -10, 127, -2, 127, -4, 127, -5, 127, -18, 127, -35, 127, -55, 127, -76, 127, -87, 127, -93, 127, -94, 127, -90, 127, -78, 127, -58, 127, -31, 116, -7, 81, 12, 52, 21, 16, 25, -16, 21, -47, 7, -70, -12, -81, -37, -82, -61, -28, 118, -36, 121, -38, 126, -44, 125, -46, 125, -50, 119, -50, 120, -47, 114, -45, 106, -38, 98, -20, 98, -11, 92, -2, 80, 10, 80, 21, 77, 30, 77, 40, 67, 53, 59, 58, 38, 74, 18, 87, 1, 110, -18, 127, -24, 127, -45, 127, -55, 127, -40]",esp32_1
CSI_DATA,132475,2025-08-27 15:31:02.359,0,stand,00:00:00:00:00:00,-41,11,0,0,0,0,0,0,0,0,0,-97,0,1,0,732941808,0,14,0,0,0,104,0,"[0, 0, 127, 127, 127, 127, 127, 127, 127, 127, 127, 127, 127, 127, 127, 127, 127, 127, 118, 127, 99, 127, 75, 127, 52, 127, 34, 127, 21, 84, 16, 30, 21, -24, 38, -70, 67, -106, 102, -128, 127, -128, 127, -128, 127, -114, 127, -86, 127, -57, 127, -35, -128, -16, -128, -41, -128, -68, -128, -86, -128, -95, -128, -91, -128, -73, -128, -45, -128, -12, -127, 25, -128, 62, -128, 91, -128, 111, -128, 126, -128, 127, -128, 127, -128, 127, -126, 127, -95, 127, -56, 127, -15, 127, 25, 127, 63, 127, 97, 127, 122, 127, 127, 127]",esp32_2
CSI_DATA,132476,2025-08-27 15:31:02.380,0,stand,00:00:00:00:00:00,-41,11,0,0,0,0,0,0,0,0,0,-97,0,1,0,732950701,0,14,0,0,0,104,0,"[0, 0, -128, 127, -128, 127, -117, 127, -105, 127, -93, 127, -82, 127, -75, 127, -72, 127, -70, 127, -70, 127, -71, 127, -69, 127, -57, 123, -38, 73, -10, 27, 28, -12, 70, -40, 116, -53, 127, -50, 127, -37, 127, -16, 127, 11, 127, 38, 127, 62, 127, 77, -128, -128, -128, -128, -121, -128, -93, -128, -71, -128, -55, -128, -51, -128, -58, -128, -75, -107, -99, -76, -127, -52, -128, -36, -128, -29, -128, -26, -128, -21, -128, -14, -128, -5, -128, 10, -128, 34, -128, 68, -120, 109, -107, 127, -100, 127, -99, 127, -103, 127, -107, 127]",esp32_2
CSI_DATA,132477,2025-08-27 15:31:02.402,0,stand,00:00:00:00:00:00,-41,11,0,0,0,0,0,0,0,0,0,-97,0,1,0,732961066,0,14,0,0,0,104,0,"[0, 0, -128, 127, -128, 127, -128, 127, -128, 127, -128, 127, -128, 127, -128, 127, -128, 127, -128, 127, -128, 110, -128, 89, -128, 66, -114, 45, -72, 25, -27, 14, 22, 13, 67, 24, 101, 45, 125, 73, 127, 103, 127, 127, 122, 127, 101, 127, 74, 127, 52, 127, 1, -128, 22, -128, 46, -128, 63, -128, 71, -128, 70, -128, 57, -128, 34, -128, 4, -114, -30, -106, -63, -106, -89, -109, -107, -116, -123, -125, -128, -128, -128, -125, -128, -116, -128, -98, -128, -69, -128, -34, -128, 3, -128, 41, -128, 76, -128, 108, -128, 127, -128, 127]",esp32_2
CSI_DATA,132478,2025-08-27 15:31:02.424,0,stand,00:00:00:00:00:00,-41,11,0,0,0,0,0,0,0,0,0,-97,0,1,0,732973795,0,14,0,0,0,104,0,"[0, 0, -128, 28, -128, 27, -128, 33, -128, 41, -128, 51, -128, 56, -128, 57, -128, 54, -128, 45, -128, 32, -128, 17, -128, 5, -128, -2, -87, -4, -33, 3, 20, 22, 63, 50, 93, 86, 110, 126, 112, 127, 100, 127, 77, 127, 47, 127, 19, 127, -1, 127, 127, -128, 127, -128, 127, -128, 127, -128, 127, -128, 127, -128, 127, -117, 102, -109, 64, -111, 27, -121, -5, -128, -28, -128, -44, -128, -56, -128, -65, -128, -72, -128, -77, -128, -87, -128, -101, -128, -122, -98, -128, -63, -128, -33, -128, -9, -128, 9, -128, 18, -128, 20]",esp32_2
CSI_DATA,129566,2025-08-27 15:31:02.434,0,stand,00:00:00:00:00:00,-64,11,0,0,0,0,0,0,0,0,0,-97,0,1,0,3874121078,0,14,0,0,0,104,0,"[0, 0, -128, -19, -128, -30, -128, -40, -128, -32, -128, -21, -128, -4, -128, 12, -128, 40, -128, 54, -128, 69, -128, 80, -128, 83, -128, 74, -128, 57, -128, 36, -128, 9, -123, -13, -89, -28, -54, -30, -15, -30, 20, -24, 49, -1, 70, 23, 79, 53, 81, 79, 50, -123, 59, -128, 59, -128, 64, -128, 73, -127, 78, -126, 71, -115, 69, -118, 61, -111, 57, -99, 36, -102, 24, -100, 18, -89, 5, -88, -7, -89, -23, -91, -28, -84, -46, -73, -57, -52, -73, -35, -95, -17, -120, -5, -128, 5, -128, 22, -128, 25, -128, 11]",esp32_1
CSI_DATA,132479,2025-08-27 15:31:02.448,0,stand,00:00:00:00:00:00,-41,11,0,0,0,0,0,0,0,0,0,-97,0,1,0,732992418,0,14,0,0,0,104,0,"[0, 0, -128, -26, -128, -24, -128, -18, -128, -12, -128, -7, -128, -2, -128, 0, -128, 2, -128, 0, -128, -4, -128, -12, -128, -18, -120, -18, -74, -13, -28, 0, 15, 23, 48, 55, 68, 91, 76, 127, 71, 127, 56, 127, 36, 127, 13, 127, -11, 127, -29, 127, 127, -128, 127, -128, 127, -128, 127, -128, 127, -123, 127, -100, 127, -85, 105, -82, 72, -88, 37, -102, 7, -121, -12, -128, -24, -128, -30, -128, -36, -128, -42, -128, -47, -128, -57, -128, -72, -128, -93, -102, -123, -77, -128, -56, -128, -37, -128, -22, -128, -16, -128, -18]",esp32_2
CSI_DATA,129567,2025-08-27 15:31:02.456,0,stand,00:00:00:00:00:00,-64,11,0,0,0,0,0,0,0,0,0,-97,0,1,0,3874129453,0,14,0,0,0,104,0,"[0, 0, 127, -122, 127, -103, 127, -86, 127, -79, 127, -76, 127, -78, 127, -89, 125, -104, 116, -120, 105, -128, 109, -128, 113, -128, 116, -128, 127, -128, 127, -111, 122, -81, 116, -48, 93, -20, 65, 1, 30, 20, -9, 31, -43, 25, -71, 14, -95, -8, -106, -30, 14, 127, 7, 127, 1, 127, -4, 127, -9, 127, -16, 127, -14, 127, -14, 127, -8, 127, -7, 114, 5, 111, 16, 100, 28, 85, 41, 80, 48, 72, 63, 71, 62, 60, 72, 47, 78, 18, 83, -7, 96, -32, 111, -60, 127, -75, 127, -109, 127, -125, 127, -121]",esp32_1
CSI_DATA,132480,2025-08-27 15:31:02.473,0,stand,00:00:00:00:00:00,-41,11,0,0,0,0,0,0,0,0,0,-97,0,1,0,733020723,0,14,0,0,0,104,0,"[0, 0, 127, -3, 127, -5, 127, -6, 127, -9, 127, -14, 127, -18, 127, -19, 127, -18, 127, -15, 127, -9, 127, -1, 127, 7, 117, 9, 73, 4, 29, -8, -12, -30, -43, -61, -61, -97, -66, -128, -60, -128, -46, -128, -25, -128, 0, -128, 24, -128, 41, -128, -102, 127, -121, 127, -128, 127, -128, 127, -128, 127, -128, 127, -113, 113, -84, 102, -50, 102, -16, 109, 14, 122, 36, 127, 49, 127, 59, 127, 64, 127, 67, 127, 70, 127, 77, 127, 89, 122, 105, 95, 127, 65, 127, 40, 127, 21, 127, 6, 127, -1, 127, -1]",esp32_2
CSI_DATA,129568,2025-08-27 15:31:02.487,0,stand,00:00:00:00:00:00,-64,11,0,0,0,0,0,0,0,0,0,-97,0,1,0,3874139412,0,14,0,0,0,104,0,"[0, 0, 127, -86, 127, -68, 127, -49, 127, -49, 127, -50, 127, -57, 127, -72, 127, -88, 127, -106, 117, -125, 121, -128, 127, -128, 127, -128, 127, -120, 127, -96, 127, -65, 123, -36, 92, -8, 64, 13, 26, 22, -13, 33, -49, 20, -69, 8, -97, -15, -100, -41, -13, 127, -20, 127, -24, 127, -27, 127, -35, 127, -39, 127, -39, 127, -38, 127, -30, 126, -25, 110, -6, 113, 2, 104, 10, 85, 28, 87, 34, 82, 47, 77, 58, 68, 67, 56, 75, 26, 87, 8, 98, -18, 120, -41, 127, -60, 127, -85, 127, -96, 127, -91]",esp32_1
CSI_DATA,132481,2025-08-27 15:31:02.493,0,stand,00:00:00:00:00:00,-42,11,0,0,0,0,0,0,0,0,0,-97,0,1,0,733054510,0,14,0,0,0,104,0,"[0, 0, 127, -121, 127, -121, 127, -123, 127, -124, 127, -123, 127, -122, 127, -119, 127, -114, 127, -105, 127, -89, 127, -70, 127, -49, 122, -29, 76, -15, 25, -10, -27, -15, -72, -34, -106, -64, -128, -99, -128, -128, -128, -128, -114, -128, -87, -128, -57, -128, -34, -128, -52, 127, -75, 127, -99, 127, -114, 127, -118, 127, -111, 127, -92, 127, -63, 125, -26, 115, 13, 113, 49, 117, 77, 125, 96, 127, 110, 127, 118, 127, 120, 127, 119, 127, 121, 124, 126, 93, 127, 57, 127, 19, 127, -19, 127, -54, 127, -84, 127, -105, 127, -114]",esp32_2
CSI_DATA,132482,2025-08-27 15:31:02.513,0,stand,00:00:00:00:00:00,-42,11,0,0,0,0,0,0,0,0,0,-97,0,1,0,733091803,0,14,0,0,0,104,0,"[0, 0, -128, 127, -128, 127, -128, 127, -128, 127, -128, 127, -128, 127, -128, 127, -128, 127, -128, 127, -128, 127, -128, 127, -122, 121, -95, 85, -59, 49, -17, 19, 31, -2, 79, -11, 125, -4, 127, 14, 127, 38, 127, 64, 127, 91, 127, 113, 127, 127, 127, 127, -52, -128, -30, -128, -3, -128, 19, -128, 33, -128, 36, -128, 26, -128, 6, -128, -22, -115, -56, -98, -91, -88, -121, -83, -128, -85, -128, -91, -128, -92, -128, -87, -128, -78, -128, -59, -128, -30, -128, 9, -128, 52, -128, 98, -128, 127, -128, 127, -128, 127, -128, 127]",esp32_2
CSI_DATA,129569,2025-08-27 15:31:02.528,0,stand,00:00:00:00:00:00,-64,11,0,0,0,0,0,0,0,0,0,-97,0,1,0,3874149470,0,14,0,0,0,104,0,"[0, 0, 39, 127, 25, 127, 21, 127, 13, 127, 19, 127, 27, 127, 43, 127, 63, 127, 80, 127, 96, 127, 106, 127, 104, 127, 99, 127, 83, 127, 59, 127, 38, 127, 7, 120, -16, 89, -27, 52, -24, 19, -16, -16, 2, -43, 18, -63, 44, -84, 67, -84, -128, 14, -128, 5, -128, -6, -128, -12, -128, -14, -128, -19, -128, -22, -128, -27, -120, -17, -122, -6, -104, 0, -97, 13, -100, 15, -94, 30, -89, 39, -75, 55, -66, 60, -55, 68, -44, 78, -22, 89, -2, 102, 21, 122, 53, 127, 58, 127, 69, 127, 79, 127]",esp32_1
CSI_DATA,132483,2025-08-27 15:31:02.534,0,stand,00:00:00:00:00:00,-41,11,0,0,0,0,0,0,0,0,0,-97,0,1,0,733140744,0,14,0,0,0,104,0,"[0, 0, -128, 127, -128, 127, -128, 127, -128, 127, -128, 127, -128, 127, -128, 127, -128, 127, -128, 127, -128, 127, -128, 111, -128, 83, -116, 57, -71, 34, -21, 18, 32, 13, 82, 18, 123, 37, 127, 65, 127, 95, 127, 124, 127, 127, 127, 127, 112, 127, 89, 127, 30, -128, 53, -128, 78, -128, 93, -128, 100, -128, 96, -128, 78, -128, 51, -128, 16, -122, -23, -114, -61, -114, -89, -119, -111, -127, -128, -128, -128, -128, -128, -128, -128, -126, -128, -106, -128, -74, -128, -33, -128, 9, -128, 52, -128, 94, -128, 127, -128, 127, -128, 127]",esp32_2
CSI_DATA,129570,2025-08-27 15:31:02.559,0,stand,00:00:00:00:00:00,-64,11,0,0,0,0,0,0,0,0,0,-97,0,1,0,3874159443,0,14,0,0,0,104,0,"[0, 0, -24, -128, -14, -128, -8, -128, -6, -128, -9, -128, -18, -128, -35, -128, -59, -128, -77, -128, -92, -128, -103, -128, -102, -128, -95, -128, -79, -128, -58, -128, -35, -128, -7, -113, 17, -89, 31, -56, 29, -18, 22, 13, 9, 45, -9, 69, -30, 84, -52, 86, 124, 25, 127, 30, 127, 40, 127, 44, 127, 49, 123, 54, 115, 54, 115, 53, 105, 48, 105, 36, 93, 26, 87, 8, 91, 1, 90, -12, 83, -23, 74, -33, 61, -39, 54, -56, 42, -65, 25, -79, 6, -95, -12, -120, -39, -128, -46, -128, -54, -128, -63, -128]",esp32_1
CSI_DATA,132484,2025-08-27 15:31:02.559,0,stand,00:00:00:00:00:00,-41,11,0,0,0,0,0,0,0,0,0,-97,0,1,0,733164804,0,14,0,0,0,104,0,"[0, 0, 127, -128, 127, -128, 127, -128, 127, -128, 127, -128, 127, -128, 127, -128, 127, -128, 127, -128, 127, -128, 127, -124, 127, -94, 97, -66, 60, -41, 17, -20, -30, -9, -75, -10, -115, -24, -128, -46, -128, -72, -128, -99, -128, -123, -128, -128, -116, -128, -95, -128, 41, 127, 18, 127, -9, 127, -29, 127, -43, 127, -47, 127, -37, 127, -17, 127, 10, 111, 44, 97, 78, 92, 105, 90, 126, 93, 127, 97, 127, 98, 127, 94, 127, 86, 127, 68, 127, 39, 127, 4, 127, -35, 127, -76, 127, -119, 127, -128, 127, -128, 127, -128]",esp32_2
CSI_DATA,132485,2025-08-27 15:31:02.577,0,stand,00:00:00:00:00:00,-41,11,0,0,0,0,0,0,0,0,0,-97,0,1,0,733199143,0,14,0,0,0,104,0,"[0, 0, -27, -128, -26, -128, -28, -128, -30, -128, -34, -128, -38, -128, -40, -128, -39, -128, -34, -128, -27, -128, -17, -128, -6, -128, 0, -116, -1, -71, -8, -23, -25, 22, -50, 59, -82, 83, -118, 96, -128, 96, -128, 87, -128, 67, -128, 42, -128, 17, -128, -2, 127, 127, 127, 127, 127, 127, 127, 127, 127, 127, 119, 127, 101, 127, 93, 96, 93, 62, 101, 27, 115, -5, 127, -26, 127, -40, 127, -50, 127, -58, 127, -66, 127, -71, 127, -78, 112, -90, 82, -107, 52, -128, 25, -128, 1, -128, -18, -128, -28, -128, -31, -128]",esp32_2
CSI_DATA,129571,2025-08-27 15:31:02.588,0,stand,00:00:00:00:00:00,-64,11,0,0,0,0,0,0,0,0,0,-97,0,1,0,3874169420,0,14,0,0,0,104,0,"[0, 0, 70, -128, 78, -128, 76, -128, 74, -128, 58, -128, 39, -128, 17, -128, -11, -128, -29, -128, -44, -128, -58, -128, -56, -128, -53, -128, -33, -128, -10, -128, 8, -128, 26, -116, 39, -80, 44, -46, 35, -11, 18, 20, -3, 50, -27, 67, -46, 78, -72, 71, 100, 77, 103, 90, 92, 92, 94, 100, 91, 103, 89, 109, 82, 102, 82, 100, 77, 89, 79, 74, 75, 63, 74, 52, 81, 38, 86, 23, 88, 14, 81, 4, 73, -10, 71, -26, 64, -44, 52, -61, 40, -91, 32, -119, 17, -128, 23, -128, 22, -128, 30, -128]",esp32_1
CSI_DATA,132486,2025-08-27 15:31:02.607,0,stand,00:00:00:00:00:00,-41,11,0,0,0,0,0,0,0,0,0,-97,0,1,0,733223646,0,14,0,0,0,104,0,"[0, 0, -128, 127, -128, 127, -128, 127, -128, 127, -128, 127, -128, 127, -128, 127, -128, 127, -128, 127, -128, 109, -128, 86, -128, 63, -128, 43, -78, 25, -25, 16, 31, 18, 81, 31, 120, 55, 127, 88, 127, 121, 127, 127, 127, 127, 117, 127, 87, 127, 64, 127, 65, -128, 87, -128, 110, -128, 125, -128, 127, -128, 121, -128, 98, -128, 67, -128, 30, -124, -10, -120, -48, -125, -77, -128, -99, -128, -117, -128, -128, -128, -128, -128, -128, -128, -128, -127, -128, -95, -128, -54, -128, -11, -128, 31, -128, 69, -128, 102, -128, 125, -128, 127]",esp32_2
CSI_DATA,132487,2025-08-27 15:31:02.623,0,stand,00:00:00:00:00:00,-41,11,0,0,0,0,0,0,0,0,0,-97,0,1,0,733259558,0,14,0,0,0,104,0,"[0, 0, 34, 127, 33, 127, 38, 127, 42, 127, 45, 127, 48, 127, 49, 127, 46, 127, 41, 127, 34, 127, 22, 127, 11, 127, 4, 115, 2, 69, 9, 22, 24, -23, 48, -61, 79, -87, 114, -101, 127, -102, 127, -94, 127, -76, 127, -53, 127, -28, 127, -9, -128, -128, -128, -128, -128, -128, -128, -128, -128, -128, -122, -128, -104, -126, -94, -94, -94, -59, -101, -25, -115, 6, -128, 30, -128, 44, -128, 52, -128, 60, -128, 67, -128, 72, -128, 78, -114, 90, -84, 108, -53, 127, -24, 127, 1, 127, 21, 127, 36, 127, 42, 127]",esp32_2
CSI_DATA,132488,2025-08-27 15:31:02.654,0,stand,00:00:00:00:00:00,-41,11,0,0,0,0,0,0,0,0,0,-97,0,1,0,733283997,0,14,0,0,0,104,0,"[0, 0, -128, 71, -128, 69, -128, 70, -128, 73, -128, 76, -128, 76, -128, 75, -128, 73, -128, 64, -128, 50, -128, 33, -128, 18, -116, 11, -73, 9, -26, 11, 19, 22, 60, 43, 91, 71, 109, 106, 113, 127, 106, 127, 87, 127, 59, 127, 32, 127, 13, 127, 107, -128, 124, -128, 127, -128, 127, -128, 127, -128, 127, -128, 114, -117, 84, -104, 49, -101, 14, -108, -18, -121, -42, -128, -58, -128, -68, -128, -78, -128, -88, -128, -92, -128, -95, -128, -104, -111, -119, -75, -128, -42, -128, -10, -128, 17, -128, 38, -128, 51, -128, 53]",esp32_2
CSI_DATA,132489,2025-08-27 15:31:02.675,0,stand,00:00:00:00:00:00,-42,11,0,0,0,0,0,0,0,0,0,-97,0,1,0,733320649,0,14,0,0,0,104,0,"[0, 0, -128, 127, -128, 127, -128, 127, -128, 127, -128, 127, -128, 127, -128, 127, -128, 127, -128, 127, -128, 127, -128, 108, -128, 82, -112, 56, -68, 32, -20, 16, 31, 9, 79, 13, 119, 30, 127, 57, 127, 86, 127, 114, 127, 127, 127, 127, 114, 127, 93, 127, 44, -128, 66, -128, 90, -128, 105, -128, 111, -128, 104, -128, 84, -128, 55, -128, 22, -115, -14, -109, -51, -109, -80, -115, -102, -125, -118, -128, -128, -128, -128, -128, -128, -124, -128, -104, -128, -74, -128, -36, -128, 5, -128, 47, -128, 88, -128, 124, -128, 127, -128, 127]",esp32_2
CSI_DATA,132490,2025-08-27 15:31:02.696,0,stand,00:00:00:00:00:00,-42,11,0,0,0,0,0,0,0,0,0,-97,0,1,0,733369685,0,14,0,0,0,104,0,"[0, 0, 127, -128, 127, -128, 127, -128, 127, -128, 127, -128, 121, -128, 113, -128, 107, -128, 103, -128, 98, -128, 93, -128, 83, -128, 64, -107, 38, -64, 6, -24, -34, 9, -77, 29, -121, 34, -128, 26, -128, 11, -128, -12, -128, -39, -128, -65, -128, -87, -128, -99, 127, 127, 114, 127, 84, 127, 58, 127, 37, 127, 24, 127, 22, 127, 33, 127, 51, 110, 77, 83, 107, 63, 127, 52, 127, 48, 127, 45, 127, 40, 127, 33, 127, 24, 127, 7, 127, -19, 127, -53, 121, -95, 114, -128, 114, -128, 121, -128, 127, -128, 127, -128]",esp32_2
CSI_DATA,129574,2025-08-27 15:31:02.706,0,stand,00:00:00:00:00:00,-65,11,0,0,0,0,0,0,0,0,0,-97,0,1,0,3874202313,0,14,0,0,0,104,0,"[0, 0, 127, -128, 127, -128, 127, -128, 127, -128, 123, -128, 97, -128, 73, -128, 50, -128, 30, -128, 21, -128, 17, -128, 17, -128, 22, -128, 45, -128, 61, -128, 65, -128, 82, -102, 66, -61, 57, -32, 32, 6, 6, 30, -21, 44, -56, 51, -85, 42, -110, 30, 63, 113, 70, 127, 61, 121, 62, 127, 55, 127, 52, 127, 52, 127, 52, 124, 52, 116, 42, 97, 52, 94, 64, 82, 60, 69, 67, 56, 76, 42, 76, 33, 80, 20, 82, 7, 75, -20, 68, -46, 61, -77, 67, -111, 83, -128, 92, -128, 111, -128, 127, -128]",esp32_1
CSI_DATA,132491,2025-08-27 15:31:02.720,0,stand,00:00:00:00:00:00,-41,11,0,0,0,0,0,0,0,0,0,-97,0,1,0,733398467,0,14,0,0,0,104,0,"[0, 0, 79, 127, 77, 127, 83, 127, 86, 127, 88, 127, 90, 127, 92, 127, 89, 127, 81, 127, 70, 127, 54, 127, 36, 127, 20, 126, 9, 76, 6, 22, 13, -32, 31, -80, 61, -117, 96, -128, 127, -128, 127, -128, 127, -128, 127, -113, 127, -84, 127, -61, -128, -128, -128, -128, -128, -128, -128, -128, -128, -128, -127, -128, -108, -128, -98, -109, -98, -70, -107, -30, -123, 5, -128, 31, -128, 47, -128, 59, -128, 68, -128, 76, -128, 82, -128, 90, -111, 102, -74, 121, -37, 127, -2, 127, 31, 127, 56, 127, 74, 127, 83, 127]",esp32_2
CSI_DATA,129575,2025-08-27 15:31:02.739,0,stand,00:00:00:00:00:00,-65,11,0,0,0,0,0,0,0,0,0,-97,0,1,0,3874210709,0,14,0,0,0,104,0,"[0, 0, 127, -104, 127, -91, 127, -74, 127, -72, 127, -64, 127, -75, 127, -81, 125, -97, 116, -118, 104, -128, 106, -128, 110, -128, 116, -128, 127, -128, 127, -112, 125, -78, 117, -48, 91, -19, 65, 4, 26, 19, -11, 30, -44, 29, -73, 21, -97, -4, -109, -28, -6, 127, -12, 127, -14, 127, -24, 127, -27, 127, -30, 127, -30, 127, -31, 127, -22, 126, -16, 110, -6, 106, 7, 103, 20, 84, 33, 81, 43, 76, 49, 75, 58, 67, 69, 48, 72, 22, 82, 3, 98, -24, 113, -58, 127, -66, 127, -97, 127, -119, 127, -115]",esp32_1
CSI_DATA,132492,2025-08-27 15:31:02.739,0,stand,00:00:00:00:00:00,-42,11,0,0,0,0,0,0,0,0,0,-97,0,1,0,733430140,0,14,0,0,0,104,0,"[0, 0, -128, 127, -128, 127, -128, 127, -128, 127, -128, 127, -128, 127, -128, 127, -128, 127, -128, 127, -128, 127, -128, 127, -125, 114, -96, 79, -59, 44, -17, 16, 31, -2, 79, -9, 123, -3, 127, 15, 127, 39, 127, 64, 127, 88, 127, 109, 127, 124, 127, 127, -31, -128, -7, -128, 21, -128, 41, -128, 53, -128, 55, -128, 45, -128, 23, -128, -5, -119, -41, -103, -76, -95, -106, -93, -128, -96, -128, -101, -128, -103, -128, -98, -128, -88, -128, -69, -128, -39, -128, 0, -128, 44, -128, 90, -128, 127, -128, 127, -128, 127, -128, 127]",esp32_2
CSI_DATA,132493,2025-08-27 15:31:02.761,0,stand,00:00:00:00:00:00,-41,11,0,0,0,0,0,0,0,0,0,-97,0,1,0,733456344,0,14,0,12,46,104,0,"[0, 0, -128, 127, -128, 127, -128, 127, -128, 127, -128, 127, -128, 127, -128, 127, -128, 127, -128, 127, -128, 127, -128, 127, -111, 113, -85, 80, -53, 47, -14, 18, 29, -3, 74, -14, 116, -10, 127, 4, 127, 23, 127, 45, 127, 70, 127, 91, 127, 107, 127, 114, -39, -128, -18, -128, 8, -128, 27, -128, 40, -128, 45, -128, 36, -128, 18, -128, -9, -115, -42, -99, -75, -90, -102, -85, -123, -86, -128, -90, -128, -90, -128, -84, -128, -74, -128, -58, -128, -30, -128, 6, -128, 48, -128, 92, -128, 127, -128, 127, -128, 127, -128, 127]",esp32_2
CSI_DATA,129576,2025-08-27 15:31:02.780,0,stand,00:00:00:00:00:00,-64,11,0,0,0,0,0,0,0,0,0,-97,0,1,0,3874219480,0,14,0,0,0,104,0,"[0, 0, 127, 127, 127, 127, 127, 127, 127, 127, 127, 127, 127, 119, 127, 92, 127, 72, 127, 49, 127, 36, 127, 38, 127, 38, 127, 48, 127, 58, 127, 69, 125, 84, 92, 84, 52, 73, 23, 57, -6, 29, -29, 6, -42, -29, -40, -55, -32, -92, -17, -109, -117, 78, -126, 72, -128, 68, -128, 67, -128, 62, -128, 56, -128, 53, -128, 51, -114, 49, -108, 53, -93, 60, -79, 67, -74, 58, -61, 69, -49, 75, -34, 89, -23, 85, -2, 85, 12, 79, 36, 78, 65, 72, 94, 79, 127, 92, 127, 100, 127, 118, 127, 127]",esp32_1
CSI_DATA,132494,2025-08-27 15:31:02.783,0,stand,00:00:00:00:00:00,-42,11,0,0,0,0,0,0,0,0,0,-97,0,1,0,733490633,0,14,0,0,0,104,0,"[0, 0, 127, 38, 127, 35, 127, 30, 127, 25, 127, 19, 127, 12, 127, 8, 127, 6, 127, 7, 127, 11, 127, 18, 127, 25, 119, 25, 72, 17, 23, 3, -24, -20, -62, -51, -86, -90, -98, -128, -97, -128, -85, -128, -64, -128, -38, -128, -13, -128, 7, -128, -128, 127, -128, 127, -128, 127, -128, 102, -128, 79, -128, 62, -128, 53, -128, 56, -98, 69, -64, 91, -36, 116, -18, 127, -7, 127, 0, 127, 5, 127, 11, 127, 18, 127, 31, 127, 50, 127, 77, 112, 113, 85, 127, 62, 127, 46, 127, 33, 127, 28, 127, 29]",esp32_2
CSI_DATA,129577,2025-08-27 15:31:02.807,0,stand,00:00:00:00:00:00,-64,11,0,0,0,0,0,0,0,0,0,-97,0,1,0,3874229454,0,14,0,0,0,104,0,"[0, 0, 48, 127, 33, 127, 33, 127, 23, 127, 29, 127, 32, 127, 48, 127, 76, 127, 88, 127, 109, 126, 118, 127, 125, 127, 123, 127, 97, 127, 80, 127, 55, 127, 23, 127, -6, 92, -21, 61, -29, 20, -25, -12, -13, -47, 4, -69, 23, -95, 48, -103, -128, -18, -128, -27, -128, -36, -128, -38, -128, -46, -128, -50, -128, -49, -128, -49, -119, -41, -120, -33, -104, -16, -100, -8, -99, 3, -97, 17, -91, 28, -77, 43, -72, 49, -55, 61, -46, 72, -24, 80, -3, 102, 25, 126, 50, 127, 59, 127, 73, 127, 84, 127]",esp32_1
CSI_DATA,132495,2025-08-27 15:31:02.807,0,stand,00:00:00:00:00:00,-41,11,0,0,0,0,0,0,0,0,0,-97,0,1,0,733515082,0,14,0,0,0,104,0,"[0, 0, 127, -128, 127, -128, 127, -128, 127, -128, 127, -128, 127, -128, 127, -128, 127, -128, 127, -128, 127, -128, 127, -128, 127, -100, 104, -68, 65, -40, 20, -16, -29, -1, -76, 3, -121, -7, -128, -29, -128, -54, -128, -81, -128, -105, -128, -123, -128, -128, -123, -128, -29, 127, -53, 127, -79, 127, -96, 127, -104, 127, -99, 127, -83, 127, -55, 127, -19, 121, 20, 113, 59, 110, 90, 112, 113, 119, 127, 127, 127, 127, 127, 127, 127, 120, 127, 102, 127, 70, 127, 30, 127, -14, 127, -60, 127, -108, 127, -128, 127, -128, 127, -128]",esp32_2
CSI_DATA,129578,2025-08-27 15:31:02.834,0,stand,00:00:00:00:00:00,-64,11,0,0,0,0,0,0,0,0,0,-97,0,1,0,3874239454,0,14,0,0,0,104,0,"[0, 0, 43, -128, 54, -128, 53, -128, 52, -128, 44, -128, 21, -128, 2, -128, -23, -128, -43, -128, -54, -128, -72, -128, -68, -128, -67, -128, -38, -128, -23, -128, -2, -128, 23, -121, 36, -83, 43, -51, 35, -14, 15, 23, -6, 48, -30, 67, -52, 80, -79, 75, 124, 54, 127, 64, 123, 76, 124, 82, 122, 84, 118, 87, 108, 84, 113, 84, 101, 75, 104, 63, 92, 50, 92, 33, 97, 21, 100, 10, 93, -4, 84, -16, 76, -25, 70, -46, 60, -59, 47, -74, 30, -98, 20, -128, -5, -128, -1, -128, 2, -128, -5, -128]",esp32_1
CSI_DATA,132496,2025-08-27 15:31:02.834,0,stand,00:00:00:00:00:00,-42,11,0,0,0,0,0,0,0,0,0,-97,0,1,0,733551742,0,14,0,0,0,104,0,"[0, 0, 127, -128, 127, -128, 127, -128, 127, -128, 127, -128, 127, -128, 127, -128, 127, -128, 127, -128, 127, -119, 127, -95, 127, -68, 118, -42, 74, -19, 25, -3, -28, 5, -78, 1, -121, -16, -128, -42, -128, -70, -128, -97, -128, -121, -128, -128, -128, -128, -108, -128, -128, 127, -128, 127, -128, 127, -128, 127, -128, 127, -128, 127, -128, 123, -98, 110, -59, 106, -20, 109, 18, 120, 47, 127, 67, 127, 83, 127, 93, 127, 97, 127, 99, 127, 101, 127, 106, 98, 117, 59, 127, 16, 127, -26, 127, -65, 127, -100, 127, -128, 127, -128]",esp32_2
CSI_DATA,132497,2025-08-27 15:31:02.856,0,stand,00:00:00:00:00:00,-41,11,0,0,0,0,0,0,0,0,0,-97,0,1,0,733603553,0,14,0,0,0,104,0,"[0, 0, 127, -128, 127, -128, 127, -128, 127, -128, 127, -128, 127, -128, 127, -128, 127, -128, 127, -128, 127, -113, 127, -91, 127, -67, 102, -45, 65, -26, 23, -12, -23, -6, -66, -10, -102, -27, -128, -50, -128, -74, -128, -97, -128, -119, -123, -128, -100, -128, -81, -128, -41, 127, -61, 127, -83, 127, -96, 127, -101, 127, -97, 127, -80, 127, -55, 121, -24, 108, 11, 104, 44, 106, 71, 112, 90, 119, 104, 127, 113, 127, 117, 127, 117, 124, 116, 107, 116, 80, 118, 47, 126, 9, 127, -31, 127, -67, 127, -100, 127, -127, 127, -128]",esp32_2
CSI_DATA,129579,2025-08-27 15:31:02.866,0,stand,00:00:00:00:00:00,-64,11,0,0,0,0,0,0,0,0,0,-97,0,1,0,3874249440,0,14,0,0,0,104,0,"[0, 0, -128, 127, -128, 127, -128, 127, -128, 127, -123, 127, -101, 127, -75, 127, -53, 127, -38, 127, -24, 127, -16, 127, -18, 127, -27, 127, -46, 127, -61, 127, -67, 127, -75, 97, -72, 63, -55, 27, -36, 0, -3, -25, 33, -36, 58, -37, 84, -32, 104, -22, -96, -95, -95, -105, -94, -112, -92, -123, -87, -125, -83, -127, -74, -120, -74, -118, -66, -108, -74, -94, -72, -86, -78, -71, -81, -53, -88, -44, -88, -32, -90, -25, -89, -12, -90, 1, -81, 27, -75, 51, -71, 79, -72, 113, -77, 127, -85, 127, -97, 127, -113, 127]",esp32_1
CSI_DATA,132498,2025-08-27 15:31:02.878,0,stand,00:00:00:00:00:00,-41,11,0,0,0,0,0,0,0,0,0,-97,0,1,0,733635536,0,14,0,0,0,104,0,"[0, 0, 67, 127, 68, 127, 67, 127, 66, 127, 66, 127, 65, 127, 64, 127, 61, 127, 52, 127, 40, 127, 27, 127, 15, 127, 5, 113, 0, 69, 2, 23, 11, -22, 29, -61, 56, -89, 86, -107, 115, -114, 127, -110, 127, -95, 127, -73, 127, -50, 127, -32, -128, -128, -128, -128, -128, -128, -128, -128, -128, -128, -121, -128, -103, -124, -94, -93, -94, -61, -102, -28, -116, 3, -128, 26, -128, 41, -128, 52, -128, 59, -128, 63, -128, 65, -128, 69, -118, 78, -89, 91, -57, 111, -24, 127, 3, 127, 25, 127, 42, 127, 51, 127]",esp32_2
CSI_DATA,132499,2025-08-27 15:31:02.897,0,stand,00:00:00:00:00:00,-41,11,0,0,0,0,0,0,0,0,0,-97,0,1,0,733662025,0,14,0,0,0,104,0,"[0, 0, 127, 127, 127, 127, 127, 127, 127, 127, 127, 127, 127, 127, 127, 127, 127, 127, 127, 127, 127, 124, 127, 116, 127, 102, 96, 80, 58, 51, 24, 16, -6, -26, -24, -70, -27, -114, -19, -128, -2, -128, 21, -128, 45, -128, 66, -128, 83, -128, 94, -128, -128, 84, -128, 61, -128, 33, -128, 10, -128, -7, -128, -15, -128, -9, -128, 8, -123, 33, -100, 66, -85, 101, -76, 127, -76, 127, -79, 127, -80, 127, -77, 127, -71, 127, -56, 127, -31, 127, 2, 127, 45, 127, 93, 126, 127, 127, 127, 127, 127, 127, 127, 127]",esp32_2
CSI_DATA,129581,2025-08-27 15:31:02.951,0,stand,00:00:00:00:00:00,-64,11,0,0,0,0,0,0,0,0,0,-97,0,1,0,3874269462,0,14,0,0,0,104,0,"[0, 0, -128, 0, -128, -12, -128, -20, -128, -17, -128, -9, -128, 0, -128, 23, -128, 43, -128, 63, -128, 79, -128, 90, -128, 91, -128, 96, -128, 75, -128, 58, -128, 27, -119, 1, -87, -13, -57, -27, -15, -30, 16, -30, 50, -14, 69, 4, 86, 29, 92, 53, 57, -111, 71, -118, 70, -116, 79, -118, 83, -113, 90, -115, 82, -103, 78, -103, 68, -96, 60, -91, 47, -92, 31, -89, 21, -79, 7, -79, -4, -77, -19, -82, -27, -77, -40, -66, -54, -49, -69, -30, -87, -17, -112, 3, -128, 8, -128, 25, -128, 37, -128, 18]",esp32_1
CSI_DATA,129582,2025-08-27 15:31:02.984,0,stand,00:00:00:00:00:00,-65,11,0,0,0,0,0,0,0,0,0,-97,0,1,0,3874279484,0,14,0,0,0,104,0,"[0, 0, -2, 127, -14, 127, -9, 127, -12, 127, -5, 127, 6, 127, 21, 127, 47, 127, 62, 127, 79, 127, 90, 127, 89, 127, 85, 127, 69, 127, 45, 127, 27, 127, 0, 114, -20, 83, -32, 53, -33, 14, -23, -18, -7, -49, 11, -65, 31, -85, 55, -88, -121, -44, -123, -51, -121, -64, -121, -66, -122, -70, -118, -76, -109, -71, -104, -72, -94, -64, -100, -51, -90, -37, -85, -27, -87, -17, -85, -4, -83, 7, -79, 23, -69, 32, -62, 45, -51, 54, -34, 74, -14, 93, 0, 119, 22, 127, 25, 127, 28, 127, 39, 127]",esp32_1
CSI_DATA,132502,2025-08-27 15:31:03.006,0,stand,00:00:00:00:00:00,-41,11,0,0,0,0,0,0,0,0,0,-97,0,1,0,733751409,0,14,0,0,0,104,0,"[0, 0, -105, 127, -105, 127, -100, 127, -96, 127, -90, 127, -83, 127, -78, 127, -75, 127, -73, 127, -71, 127, -70, 127, -66, 127, -55, 116, -37, 69, -12, 25, 21, -13, 60, -42, 100, -57, 127, -59, 127, -51, 127, -35, 127, -13, 127, 12, 127, 34, 127, 49, -128, -128, -128, -128, -103, -128, -77, -128, -57, -128, -44, -128, -41, -128, -50, -128, -67, -111, -91, -82, -121, -60, -128, -46, -128, -40, -128, -38, -128, -35, -128, -31, -128, -24, -128, -13, -128, 6, -128, 36, -120, 74, -101, 119, -90, 127, -84, 127, -80, 127, -80, 127]",esp32_2
CSI_DATA,129583,2025-08-27 15:31:03.013,0,stand,00:00:00:00:00:00,-65,11,0,0,0,0,0,0,0,0,0,-97,0,1,0,3874291983,0,14,0,0,0,104,0,"[0, 0, -124, -128, -112, -128, -108, -128, -89, -128, -87, -128, -91, -128, -95, -121, -112, -99, -124, -88, -128, -73, -128, -76, -128, -84, -128, -89, -128, -101, -117, -101, -95, -108, -57, -98, -25, -80, 0, -60, 18, -29, 27, 0, 30, 33, 24, 63, 13, 89, -6, 102, 127, -16, 127, -9, 127, -7, 127, -1, 127, 6, 127, 13, 127, 13, 124, 9, 114, 5, 112, 2, 95, -14, 82, -24, 86, -26, 77, -37, 67, -46, 56, -60, 39, -65, 36, -67, 19, -71, -5, -75, -30, -85, -53, -99, -93, -116, -106, -128, -120, -128, -128, -128]",esp32_1
CSI_DATA,132503,2025-08-27 15:31:03.026,0,stand,00:00:00:00:00:00,-41,11,0,0,0,0,0,0,0,0,0,-97,0,1,0,733771838,0,14,0,0,0,104,0,"[0, 0, 127, -128, 127, -128, 127, -128, 127, -128, 127, -128, 127, -128, 127, -128, 127, -128, 127, -128, 121, -128, 112, -128, 98, -126, 77, -90, 50, -54, 18, -21, -21, 5, -62, 19, -102, 20, -128, 10, -128, -5, -128, -25, -128, -48, -128, -69, -128, -84, -128, -93, 94, 127, 73, 127, 47, 127, 25, 127, 9, 127, 1, 127, 3, 127, 16, 127, 39, 115, 68, 92, 99, 77, 126, 70, 127, 70, 127, 73, 127, 73, 127, 70, 127, 65, 127, 52, 127, 29, 127, -2, 123, -40, 117, -83, 116, -128, 122, -128, 127, -128, 127, -128]",esp32_2
CSI_DATA,129584,2025-08-27 15:31:03.038,0,stand,00:00:00:00:00:00,-65,11,0,0,0,0,0,0,0,0,0,-97,0,1,0,3874299467,0,14,0,0,0,104,0,"[0, 0, -13, -128, -1, -128, -1, -128, 6, -128, -1, -128, -14, -128, -30, -128, -51, -128, -70, -128, -87, -128, -100, -128, -101, -128, -97, -128, -76, -128, -58, -128, -35, -128, -9, -115, 16, -85, 30, -56, 31, -20, 28, 12, 9, 46, -10, 66, -25, 86, -52, 92, 123, 35, 125, 45, 125, 51, 123, 57, 124, 60, 120, 65, 112, 64, 109, 63, 102, 55, 102, 46, 90, 30, 84, 20, 88, 8, 90, -4, 83, -16, 69, -25, 64, -35, 56, -49, 49, -62, 30, -78, 10, -94, -7, -119, -31, -128, -37, -128, -42, -128, -50, -128]",esp32_1
CSI_DATA,132504,2025-08-27 15:31:03.053,0,stand,00:00:00:00:00:00,-41,11,0,0,0,0,0,0,0,0,0,-97,0,1,0,733843748,0,14,0,0,0,104,0,"[0, 0, -128, 127, -128, 127, -128, 127, -128, 127, -128, 127, -128, 127, -128, 127, -128, 127, -128, 127, -128, 127, -128, 104, -128, 77, -121, 53, -76, 32, -28, 15, 20, 7, 67, 10, 108, 24, 127, 48, 127, 73, 127, 99, 127, 122, 127, 127, 117, 127, 96, 127, 43, -128, 65, -128, 87, -128, 102, -128, 110, -128, 106, -128, 86, -128, 57, -128, 21, -128, -19, -124, -57, -127, -89, -128, -112, -128, -128, -128, -128, -128, -128, -128, -128, -128, -128, -128, -128, -116, -128, -75, -128, -31, -128, 15, -128, 61, -128, 106, -128, 127, -128, 127]",esp32_2
CSI_DATA,129585,2025-08-27 15:31:03.059,0,stand,00:00:00:00:00:00,-65,11,0,0,0,0,0,0,0,0,0,-97,0,1,0,3874309637,0,14,0,0,0,104,0,"[0, 0, 127, -128, 127, -128, 127, -128, 127, -128, 126, -128, 102, -128, 79, -128, 55, -128, 38, -128, 19, -128, 13, -128, 15, -128, 21, -128, 44, -128, 57, -128, 60, -125, 74, -92, 70, -57, 58, -26, 35, 3, 9, 30, -25, 46, -51, 50, -79, 46, -94, 31, 58, 111, 56, 120, 53, 124, 43, 127, 44, 127, 41, 127, 33, 127, 33, 126, 34, 115, 42, 97, 41, 92, 47, 78, 55, 59, 72, 54, 73, 45, 71, 33, 74, 26, 74, 11, 74, -17, 71, -35, 69, -68, 74, -96, 79, -119, 93, -128, 107, -128, 125, -128]",esp32_1
CSI_DATA,132505,2025-08-27 15:31:03.070,0,stand,00:00:00:00:00:00,-41,11,0,0,0,0,0,0,0,0,0,-97,0,1,0,733880471,0,14,0,0,0,104,0,"[0, 0, 127, -128, 127, -128, 127, -128, 127, -128, 127, -128, 127, -128, 127, -128, 127, -128, 127, -128, 127, -128, 123, -128, 107, -128, 84, -105, 54, -64, 18, -27, -24, 2, -69, 20, -113, 22, -128, 13, -128, -2, -128, -23, -128, -47, -128, -69, -128, -88, -128, -100, 116, 127, 93, 127, 64, 127, 40, 127, 21, 127, 11, 127, 12, 127, 25, 127, 49, 127, 80, 104, 116, 87, 127, 79, 127, 78, 127, 80, 127, 79, 127, 75, 127, 70, 127, 58, 127, 34, 127, 1, 127, -41, 127, -89, 127, -128, 127, -128, 127, -128, 127, -128]",esp32_2
CSI_DATA,129586,2025-08-27 15:31:03.085,0,stand,00:00:00:00:00:00,-65,11,0,0,0,0,0,0,0,0,0,-97,0,1,0,3874319428,0,14,0,0,0,104,0,"[0, 0, -128, -128, -125, -128, -118, -128, -102, -128, -97, -128, -99, -128, -101, -123, -119, -98, -128, -79, -128, -73, -128, -73, -128, -81, -128, -82, -128, -94, -122, -101, -98, -104, -64, -95, -27, -81, -5, -60, 17, -31, 28, -4, 34, 34, 28, 58, 16, 91, -2, 105, 126, -24, 127, -19, 127, -15, 127, -11, 127, -6, 127, 2, 127, 5, 127, 3, 114, -4, 110, -6, 95, -16, 81, -25, 82, -28, 73, -42, 64, -53, 48, -62, 39, -67, 26, -73, 11, -73, -8, -75, -36, -83, -58, -96, -101, -115, -114, -128, -128, -128, -128, -128]",esp32_1
CSI_DATA,132506,2025-08-27 15:31:03.099,0,stand,00:00:00:00:00:00,-41,11,0,0,0,0,0,0,0,0,0,-97,0,1,0,733917004,0,14,0,0,0,104,0,"[0, 0, 127, -128, 127, -128, 127, -128, 127, -128, 127, -128, 127, -128, 127, -128, 127, -128, 127, -128, 127, -128, 127, -110, 127, -82, 120, -55, 78, -32, 29, -16, -22, -8, -69, -12, -111, -29, -128, -54, -128, -81, -128, -108, -128, -128, -128, -128, -122, -128, -101, -128, -37, 127, -61, 127, -87, 127, -104, 127, -111, 127, -106, 127, -88, 127, -59, 127, -21, 127, 23, 127, 65, 127, 98, 127, 120, 127, 127, 127, 127, 127, 127, 127, 127, 127, 127, 127, 127, 119, 127, 79, 127, 34, 127, -15, 127, -66, 127, -115, 127, -128, 127, -128]",esp32_2
CSI_DATA,129587,2025-08-27 15:31:03.105,0,stand,00:00:00:00:00:00,-64,11,0,0,0,0,0,0,0,0,0,-97,0,1,0,3874329475,0,14,0,0,0,104,0,"[0, 0, 127, -104, 127, -89, 127, -70, 127, -70, 127, -65, 127, -70, 127, -83, 126, -98, 115, -115, 103, -128, 105, -128, 113, -128, 115, -128, 127, -128, 127, -109, 124, -78, 116, -48, 93, -19, 63, 2, 28, 20, -11, 34, -45, 26, -73, 16, -96, -4, -105, -25, -5, 127, -11, 127, -14, 127, -21, 127, -26, 127, -30, 127, -30, 127, -28, 127, -27, 127, -15, 112, -6, 111, 6, 105, 18, 87, 30, 82, 37, 74, 51, 75, 58, 64, 69, 51, 75, 24, 82, 2, 96, -25, 112, -48, 127, -73, 127, -99, 127, -112, 127, -109]",esp32_1
CSI_DATA,132507,2025-08-27 15:31:03.116,0,stand,00:00:00:00:00:00,-41,11,0,0,0,0,0,0,0,0,0,-97,0,1,0,733944548,0,14,0,0,0,104,0,"[0, 0, 83, -128, 87, -128, 87, -128, 85, -128, 79, -128, 73, -128, 71, -128, 70, -128, 72, -128, 72, -128, 70, -128, 64, -128, 52, -105, 35, -66, 13, -28, -17, 5, -51, 30, -88, 42, -122, 44, -128, 36, -128, 22, -128, 0, -128, -23, -128, -42, -128, -53, 127, 127, 127, 127, 110, 127, 87, 127, 68, 127, 55, 127, 52, 127, 57, 125, 71, 94, 92, 67, 118, 47, 127, 33, 127, 28, 127, 26, 127, 24, 127, 22, 127, 20, 127, 13, 127, -4, 127, -27, 116, -59, 96, -97, 83, -128, 75, -128, 70, -128, 69, -128]",esp32_2
CSI_DATA,129588,2025-08-27 15:31:03.132,0,stand,00:00:00:00:00:00,-64,11,0,0,0,0,0,0,0,0,0,-97,0,1,0,3874339461,0,14,0,0,0,104,0,"[0, 0, -128, 20, -128, 6, -128, -13, -128, -6, -128, 3, -128, 17, -128, 39, -128, 69, -128, 94, -128, 122, -128, 127, -128, 127, -128, 127, -128, 105, -128, 80, -128, 44, -128, 17, -113, -15, -74, -34, -26, -33, 19, -32, 61, -22, 88, 7, 112, 37, 117, 70, 65, -128, 70, -128, 77, -128, 84, -128, 95, -128, 99, -128, 88, -128, 92, -128, 77, -128, 65, -127, 45, -128, 31, -123, 17, -108, 2, -109, -20, -107, -39, -116, -48, -100, -67, -85, -75, -60, -99, -35, -121, -10, -128, 10, -128, 23, -128, 52, -128, 64, -128, 46]",esp32_1
CSI_DATA,132508,2025-08-27 15:31:03.138,0,stand,00:00:00:00:00:00,-41,11,0,0,0,0,0,0,0,0,0,-97,0,1,0,733977643,0,14,0,0,0,104,0,"[0, 0, -128, 127, -128, 127, -128, 127, -128, 127, -128, 127, -128, 127, -128, 127, -128, 127, -125, 127, -114, 127, -105, 127, -94, 127, -75, 96, -50, 58, -17, 23, 21, -4, 61, -22, 100, -27, 127, -21, 127, -8, 127, 10, 127, 30, 127, 50, 127, 67, 127, 77, -105, -128, -84, -128, -59, -128, -37, -128, -21, -128, -11, -128, -12, -128, -25, -128, -48, -119, -78, -95, -111, -78, -128, -68, -128, -67, -128, -71, -128, -73, -128, -72, -128, -67, -128, -55, -128, -32, -128, -1, -128, 37, -118, 82, -113, 127, -113, 127, -118, 127, -122, 127]",esp32_2
CSI_DATA,129589,2025-08-27 15:31:03.148,0,stand,00:00:00:00:00:00,-64,11,0,0,0,0,0,0,0,0,0,-97,0,1,0,3874349501,0,14,0,0,0,104,0,"[0, 0, 127, -128, 127, -128, 127, -128, 127, -128, 127, -128, 119, -128, 92, -128, 73, -128, 50, -128, 35, -128, 29, -128, 30, -128, 36, -128, 58, -128, 70, -128, 72, -128, 84, -94, 71, -56, 62, -23, 39, 6, 2, 30, -29, 44, -58, 48, -85, 43, -106, 26, 51, 121, 53, 127, 44, 127, 43, 127, 39, 127, 31, 127, 30, 127, 27, 127, 30, 125, 37, 109, 40, 105, 51, 89, 58, 71, 66, 58, 71, 49, 75, 47, 76, 36, 78, 18, 77, -13, 76, -33, 75, -66, 84, -97, 89, -120, 109, -128, 123, -128, 127, -128]",esp32_1
CSI_DATA,132509,2025-08-27 15:31:03.164,0,stand,00:00:00:00:00:00,-41,11,0,0,0,0,0,0,0,0,0,-97,0,1,0,734002079,0,14,0,0,0,104,0,"[0, 0, 127, -128, 127, -128, 127, -128, 127, -128, 127, -128, 127, -128, 127, -128, 127, -128, 127, -117, 127, -100, 127, -79, 127, -57, 118, -37, 76, -22, 30, -13, -16, -11, -58, -20, -93, -39, -119, -65, -128, -91, -128, -116, -128, -128, -111, -128, -88, -128, -69, -128, -45, 127, -67, 127, -90, 127, -104, 127, -109, 127, -103, 127, -87, 127, -61, 127, -25, 127, 14, 126, 51, 127, 80, 127, 100, 127, 115, 127, 125, 127, 127, 127, 125, 127, 121, 127, 118, 125, 119, 90, 127, 49, 127, 6, 127, -36, 127, -78, 127, -110, 127, -127]",esp32_2
CSI_DATA,129590,2025-08-27 15:31:03.170,0,stand,00:00:00:00:00:00,-64,11,0,0,0,0,0,0,0,0,0,-97,0,1,0,3874359433,0,14,0,0,0,104,0,"[0, 0, -128, -128, -122, -128, -113, -128, -98, -128, -92, -128, -95, -128, -101, -128, -120, -113, -128, -94, -128, -88, -128, -91, -128, -97, -128, -101, -128, -109, -118, -116, -97, -116, -63, -103, -26, -86, -2, -60, 18, -31, 26, 1, 26, 37, 23, 64, 9, 97, -11, 110, 127, -24, 127, -16, 127, -11, 127, -7, 127, -4, 127, 8, 127, 11, 127, 7, 123, 6, 121, -4, 103, -15, 94, -29, 90, -29, 80, -44, 75, -53, 58, -65, 47, -70, 31, -78, 16, -78, -5, -86, -30, -92, -62, -111, -97, -125, -114, -128, -128, -128, -128, -128]",esp32_1
CSI_DATA,132510,2025-08-27 15:31:03.189,0,stand,00:00:00:00:00:00,-41,11,0,0,0,0,0,0,0,0,0,-97,0,1,0,734026730,0,14,0,0,0,104,0,"[0, 0, -128, 110, -128, 110, -128, 106, -128, 102, -128, 96, -128, 91, -128, 86, -128, 79, -128, 70, -128, 57, -128, 44, -128, 28, -116, 14, -74, 5, -30, 3, 15, 11, 53, 26, 82, 49, 102, 76, 111, 103, 109, 125, 98, 127, 80, 127, 59, 127, 40, 127, 78, -128, 97, -128, 117, -128, 127, -128, 127, -128, 120, -128, 100, -128, 72, -119, 37, -113, 1, -115, -32, -125, -59, -128, -77, -128, -89, -128, -94, -128, -94, -128, -92, -128, -91, -128, -90, -128, -94, -101, -107, -63, -127, -26, -128, 10, -128, 43, -128, 70, -128, 84]",esp32_2
CSI_DATA,129591,2025-08-27 15:31:03.196,0,stand,00:00:00:00:00:00,-64,11,0,0,0,0,0,0,0,0,0,-97,0,1,0,3874369428,0,14,0,0,0,104,0,"[0, 0, 127, 127, 127, 127, 127, 127, 118, 127, 107, 127, 103, 127, 115, 120, 125, 96, 127, 84, 127, 66, 127, 73, 127, 74, 127, 81, 127, 92, 127, 101, 107, 105, 75, 98, 37, 82, 7, 61, -16, 30, -30, -1, -36, -34, -31, -61, -21, -96, -6, -113, -128, 31, -128, 22, -128, 20, -128, 14, -128, 6, -128, 3, -128, 1, -128, 0, -125, 6, -123, 7, -107, 23, -93, 31, -90, 34, -78, 45, -71, 53, -57, 70, -45, 74, -28, 78, -14, 73, 9, 84, 33, 86, 69, 97, 104, 118, 127, 127, 127, 127, 127, 127]",esp32_1
CSI_DATA,132511,2025-08-27 15:31:03.213,0,stand,00:00:00:00:00:00,-41,11,0,0,0,0,0,0,0,0,0,-97,0,1,0,734075751,0,14,0,0,0,104,0,"[0, 0, 34, 127, 32, 127, 33, 127, 31, 127, 29, 127, 28, 127, 26, 127, 22, 127, 17, 127, 9, 127, -1, 127, -10, 127, -14, 117, -12, 74, -5, 30, 10, -11, 33, -46, 63, -71, 95, -84, 123, -86, 127, -79, 127, -65, 127, -45, 127, -24, 127, -8, -128, -128, -128, -128, -128, -128, -128, -128, -128, -128, -125, -128, -109, -128, -102, -99, -104, -65, -114, -30, -128, 1, -128, 23, -128, 37, -128, 44, -128, 48, -128, 49, -128, 49, -128, 50, -128, 56, -124, 69, -91, 89, -58, 116, -27, 127, -1, 127, 19, 127, 30, 127]",esp32_2
CSI_DATA,129592,2025-08-27 15:31:03.223,0,stand,00:00:00:00:00:00,-65,11,0,0,0,0,0,0,0,0,0,-97,0,1,0,3874389488,0,14,0,0,0,104,0,"[0, 0, -128, 127, -128, 127, -128, 127, -128, 127, -128, 127, -127, 127, -95, 127, -66, 127, -42, 127, -20, 127, -11, 127, -12, 127, -18, 127, -47, 127, -59, 127, -67, 127, -82, 122, -80, 75, -70, 34, -47, -5, -9, -42, 24, -60, 55, -69, 86, -69, 115, -53, -62, -128, -55, -128, -49, -128, -48, -128, -39, -128, -38, -128, -29, -128, -27, -128, -29, -128, -44, -128, -45, -123, -52, -103, -73, -81, -83, -67, -89, -62, -91, -50, -91, -36, -90, -17, -94, 14, -90, 42, -88, 76, -93, 111, -97, 127, -118, 127, -128, 127, -128, 127]",esp32_1
CSI_DATA,132512,2025-08-27 15:31:03.235,0,stand,00:00:00:00:00:00,-41,11,0,0,0,0,0,0,0,0,0,-97,0,1,0,734111102,0,14,0,0,0,104,0,"[0, 0, 127, -128, 127, -128, 127, -128, 127, -128, 127, -128, 127, -128, 127, -128, 127, -121, 127, -111, 127, -97, 127, -77, 127, -54, 120, -35, 78, -21, 31, -12, -16, -11, -56, -20, -91, -41, -117, -68, -128, -94, -128, -119, -127, -128, -109, -128, -86, -128, -67, -128, -47, 127, -69, 127, -92, 127, -106, 127, -111, 127, -106, 127, -90, 127, -64, 127, -30, 127, 10, 127, 48, 127, 78, 127, 98, 127, 113, 127, 122, 127, 124, 127, 121, 127, 117, 127, 114, 127, 114, 96, 121, 56, 127, 13, 127, -31, 127, -74, 127, -106, 127, -122]",esp32_2
CSI_DATA,129593,2025-08-27 15:31:03.245,0,stand,00:00:00:00:00:00,-64,11,0,0,0,0,0,0,0,0,0,-97,0,1,0,3874423754,0,14,0,0,0,104,0,"[0, 0, 127, -128, 127, -128, 127, -128, 127, -128, 127, -126, 125, -124, 100, -124, 80, -128, 69, -128, 54, -128, 52, -128, 56, -128, 62, -128, 81, -128, 91, -128, 90, -109, 93, -77, 77, -44, 59, -16, 36, 9, -2, 32, -38, 35, -66, 33, -88, 20, -105, 2, 50, 118, 45, 126, 39, 127, 34, 127, 32, 127, 27, 127, 25, 127, 23, 127, 25, 121, 31, 106, 33, 101, 38, 90, 51, 71, 61, 68, 63, 55, 68, 49, 66, 35, 74, 21, 74, -6, 78, -25, 75, -58, 84, -88, 95, -108, 119, -128, 127, -128, 127, -128]",esp32_1
CSI_DATA,132513,2025-08-27 15:31:03.256,0,stand,00:00:00:00:00:00,-41,11,0,0,0,0,0,0,0,0,0,-97,0,1,0,734136481,0,14,0,0,0,104,0,"[0, 0, -128, -128, -128, -128, -128, -128, -128, -128, -128, -128, -128, -128, -128, -128, -128, -128, -128, -128, -128, -128, -117, -127, -91, -110, -64, -86, -39, -58, -17, -24, -2, 12, 4, 49, 0, 82, -12, 111, -28, 127, -49, 127, -68, 127, -82, 127, -90, 114, -96, 98, 127, -45, 127, -27, 127, -6, 127, 10, 127, 22, 127, 26, 127, 20, 127, 5, 110, -19, 96, -48, 89, -79, 88, -105, 92, -124, 98, -128, 102, -128, 101, -128, 98, -128, 89, -128, 70, -128, 42, -119, 7, -113, -31, -112, -71, -116, -111, -124, -128, -128, -128, -128]",esp32_2
CSI_DATA,129594,2025-08-27 15:31:03.266,0,stand,00:00:00:00:00:00,-64,11,0,0,0,0,0,0,0,0,0,-97,0,1,0,3874449923,0,14,0,0,0,104,0,"[0, 0, -54, -128, -40, -128, -36, -128, -32, -128, -36, -128, -42, -128, -59, -128, -81, -128, -95, -125, -111, -118, -123, -124, -127, -127, -126, -128, -110, -128, -87, -128, -63, -128, -31, -115, -3, -90, 16, -60, 28, -26, 23, 8, 20, 42, 6, 66, -9, 93, -29, 102, 127, 32, 127, 41, 127, 51, 127, 52, 127, 59, 127, 65, 121, 61, 117, 58, 106, 53, 109, 40, 94, 26, 89, 12, 93, 10, 91, -6, 89, -17, 76, -36, 66, -43, 52, -52, 44, -62, 23, -74, -1, -92, -20, -114, -51, -128, -59, -128, -66, -128, -78, -128]",esp32_1
CSI_DATA,132514,2025-08-27 15:31:03.278,0,stand,00:00:00:00:00:00,-41,11,0,0,0,0,0,0,0,0,0,-97,0,1,0,734177540,0,14,0,0,0,104,0,"[0, 0, -128, 127, -128, 127, -128, 127, -128, 127, -128, 127, -128, 125, -128, 118, -128, 110, -128, 98, -128, 83, -128, 65, -128, 47, -122, 30, -80, 15, -33, 7, 15, 9, 56, 19, 89, 38, 114, 64, 127, 91, 127, 115, 124, 127, 106, 127, 84, 127, 65, 127, 78, -128, 98, -128, 119, -128, 127, -128, 127, -128, 124, -128, 103, -128, 74, -128, 39, -126, -1, -128, -38, -128, -65, -128, -84, -128, -98, -128, -106, -128, -108, -128, -105, -128, -102, -128, -101, -128, -105, -103, -116, -62, -128, -21, -128, 22, -128, 61, -128, 92, -128, 108]",esp32_2
CSI_DATA,129595,2025-08-27 15:31:03.288,0,stand,00:00:00:00:00:00,-65,11,0,0,0,0,0,0,0,0,0,-97,0,1,0,3874486510,0,14,0,0,0,104,0,"[0, 0, -128, -114, -128, -98, -128, -120, -128, -97, -128, -85, -128, -64, -128, -50, -128, -18, -128, -2, -128, 19, -128, 22, -128, 22, -128, 13, -128, 2, -128, -10, -128, -35, -98, -40, -70, -52, -33, -49, -7, -36, 25, -22, 52, 8, 60, 35, 63, 67, 59, 87, 100, -81, 105, -69, 116, -80, 104, -70, 127, -73, 116, -57, 113, -54, 114, -54, 106, -58, 100, -59, 75, -62, 66, -67, 53, -64, 48, -68, 33, -63, 17, -88, 2, -75, -5, -78, -21, -60, -41, -53, -67, -56, -97, -39, -128, -53, -128, -49, -128, -54, -128, -77]",esp32_1
CSI_DATA,132515,2025-08-27 15:31:03.299,0,stand,00:00:00:00:00:00,-40,11,0,0,0,0,0,0,0,0,0,-97,0,1,0,734196793,0,14,0,0,0,104,0,"[0, 0, 127, 127, 127, 127, 127, 127, 127, 127, 127, 127, 127, 127, 127, 127, 127, 127, 127, 127, 127, 127, 110, 127, 82, 127, 56, 111, 34, 74, 17, 31, 6, -14, 6, -57, 17, -96, 36, -127, 59, -128, 85, -128, 109, -128, 124, -128, 127, -112, 127, -92, -128, 19, -128, -2, -128, -27, -128, -46, -128, -57, -128, -57, -128, -45, -128, -24, -128, 6, -124, 43, -120, 80, -121, 109, -128, 127, -128, 127, -128, 127, -128, 127, -128, 127, -128, 127, -108, 127, -73, 127, -31, 127, 15, 127, 63, 127, 108, 127, 127, 127, 127, 127]",esp32_2
CSI_DATA,129596,2025-08-27 15:31:03.310,0,stand,00:00:00:00:00:00,-64,11,0,0,0,0,0,0,0,0,0,-97,0,1,0,3874534480,0,14,0,0,0,104,0,"[0, 0, 127, -128, 127, -104, 127, -94, 127, -87, 127, -75, 127, -86, 127, -102, 127, -116, 127, -128, 115, -128, 118, -128, 127, -128, 127, -128, 127, -128, 127, -128, 127, -94, 127, -53, 113, -13, 76, 7, 31, 29, -14, 32, -61, 30, -88, 18, -116, 3, -126, -28, 6, 127, -3, 127, -20, 127, -24, 127, -33, 127, -38, 127, -44, 127, -40, 127, -38, 127, -15, 127, -9, 127, 10, 119, 30, 110, 46, 102, 53, 96, 55, 85, 62, 72, 71, 57, 88, 29, 102, 11, 116, -24, 127, -54, 127, -90, 127, -124, 127, -128, 127, -128]",esp32_1
CSI_DATA,132516,2025-08-27 15:31:03.323,0,stand,00:00:00:00:00:00,-41,11,0,0,0,0,0,0,0,0,0,-97,0,1,0,734222277,0,14,0,0,0,104,0,"[0, 0, 127, -42, 127, -39, 127, -39, 127, -39, 127, -39, 127, -38, 127, -35, 127, -31, 127, -25, 127, -17, 127, -6, 127, 3, 118, 9, 77, 9, 34, 3, -9, -9, -46, -29, -73, -57, -89, -88, -94, -115, -89, -128, -76, -128, -56, -128, -36, -128, -20, -128, -128, 127, -128, 127, -128, 127, -128, 127, -128, 127, -128, 116, -128, 102, -107, 97, -72, 101, -38, 113, -8, 127, 14, 127, 27, 127, 34, 127, 38, 127, 38, 127, 38, 127, 41, 127, 48, 127, 60, 126, 81, 91, 110, 58, 127, 27, 127, 0, 127, -21, 127, -32]",esp32_2
CSI_DATA,129597,2025-08-27 15:31:03.331,0,stand,00:00:00:00:00:00,-64,11,0,0,0,0,0,0,0,0,0,-97,0,1,0,3874559959,0,14,0,0,0,104,0,"[0, 0, 76, 127, 64, 127, 61, 127, 51, 127, 51, 127, 54, 127, 72, 127, 85, 127, 113, 110, 126, 100, 127, 105, 127, 108, 127, 113, 122, 127, 95, 127, 74, 126, 36, 107, 9, 88, -14, 61, -30, 23, -24, -8, -28, -42, -20, -70, -9, -94, 18, -103, -128, -18, -128, -29, -128, -41, -128, -43, -128, -49, -128, -53, -125, -56, -123, -52, -111, -47, -115, -28, -100, -12, -91, -6, -94, 9, -90, 20, -81, 28, -73, 37, -64, 41, -47, 58, -35, 65, -21, 81, 6, 91, 21, 116, 68, 127, 79, 127, 94, 127, 107, 127]",esp32_1
CSI_DATA,132517,2025-08-27 15:31:03.342,0,stand,00:00:00:00:00:00,-41,11,0,0,0,0,0,0,0,0,0,-97,0,1,0,734262672,0,14,0,0,0,104,0,"[0, 0, -128, 101, -128, 98, -128, 97, -128, 94, -128, 91, -128, 87, -128, 81, -128, 74, -128, 63, -128, 51, -128, 37, -128, 23, -122, 14, -80, 7, -36, 6, 8, 13, 46, 28, 75, 50, 96, 79, 105, 106, 103, 127, 92, 127, 73, 127, 52, 127, 35, 127, 88, -128, 106, -128, 124, -128, 127, -128, 127, -128, 127, -128, 106, -128, 77, -126, 43, -123, 6, -127, -28, -128, -53, -128, -71, -128, -83, -128, -90, -128, -92, -128, -90, -128, -88, -128, -88, -128, -93, -118, -106, -81, -126, -43, -128, -4, -128, 30, -128, 56, -128, 69]",esp32_2
CSI_DATA,129598,2025-08-27 15:31:03.355,0,stand,00:00:00:00:00:00,-65,11,0,0,0,0,0,0,0,0,0,-97,0,1,0,3874593967,0,14,0,0,0,104,0,"[0, 0, -54, -128, -43, -128, -38, -128, -29, -128, -33, -128, -46, -128, -66, -128, -93, -128, -112, -128, -128, -128, -128, -128, -128, -128, -128, -128, -124, -128, -101, -128, -66, -128, -27, -128, 2, -109, 24, -71, 29, -25, 24, 14, 15, 55, -7, 87, -29, 111, -57, 121, 127, 24, 127, 35, 127, 43, 127, 52, 127, 55, 127, 66, 127, 64, 127, 61, 127, 52, 127, 38, 122, 22, 115, 5, 121, -2, 115, -18, 110, -31, 91, -49, 83, -56, 72, -70, 54, -81, 35, -92, 5, -116, -18, -128, -56, -128, -69, -128, -81, -128, -98, -128]",esp32_1
CSI_DATA,129599,2025-08-27 15:31:03.374,0,stand,00:00:00:00:00:00,-65,11,0,0,0,0,0,0,0,0,0,-97,0,1,0,3874620287,0,14,0,0,0,104,0,"[0, 0, -98, 127, -103, 127, -95, 127, -92, 127, -72, 127, -53, 127, -28, 127, -2, 127, 17, 127, 35, 127, 46, 127, 48, 127, 40, 127, 19, 127, 0, 127, -16, 127, -38, 115, -50, 81, -46, 43, -40, 5, -19, -26, 5, -54, 31, -70, 54, -75, 83, -75, -91, -98, -91, -110, -83, -122, -87, -121, -81, -125, -79, -128, -71, -125, -70, -124, -68, -111, -73, -92, -67, -80, -72, -69, -80, -54, -90, -40, -90, -27, -87, -15, -84, -2, -75, 12, -69, 32, -61, 57, -48, 85, -44, 116, -34, 127, -43, 127, -47, 127, -54, 127]",esp32_1
CSI_DATA,132518,2025-08-27 15:31:03.374,0,stand,00:00:00:00:00:00,-41,11,0,0,0,0,0,0,0,0,0,-97,0,1,0,734282777,0,14,0,0,0,104,0,"[0, 0, 127, 59, 127, 62, 127, 63, 127, 66, 127, 68, 127, 66, 127, 65, 127, 64, 127, 61, 127, 59, 127, 60, 127, 58, 112, 49, 72, 34, 33, 12, -1, -17, -25, -50, -38, -86, -39, -120, -32, -128, -17, -128, 0, -128, 19, -128, 37, -128, 51, -128, -128, 127, -128, 127, -128, 127, -128, 127, -128, 114, -128, 96, -128, 85, -124, 84, -90, 93, -57, 111, -30, 127, -13, 127, -5, 127, -2, 127, -1, 127, -2, 127, -3, 127, 1, 127, 11, 127, 29, 127, 56, 119, 91, 93, 127, 72, 127, 55, 127, 46, 127, 44]",esp32_2
CSI_DATA,129600,2025-08-27 15:31:03.403,0,stand,00:00:00:00:00:00,-64,11,0,0,0,0,0,0,0,0,0,-97,0,1,0,3874655285,0,14,0,0,0,104,0,"[0, 0, 122, 127, 105, 127, 93, 127, 86, 127, 82, 127, 93, 127, 108, 127, 126, 127, 127, 127, 127, 127, 127, 127, 127, 127, 127, 127, 127, 127, 127, 127, 101, 127, 62, 127, 20, 113, -9, 77, -28, 37, -37, -16, -32, -57, -23, -93, -3, -119, 29, -128, -128, -15, -128, -22, -128, -36, -128, -41, -128, -46, -128, -51, -128, -49, -128, -57, -128, -42, -128, -20, -128, -19, -124, 1, -113, 17, -112, 34, -101, 52, -95, 52, -87, 60, -67, 72, -40, 91, -12, 103, 21, 122, 53, 127, 78, 127, 113, 127, 127, 127, 127, 127]",esp32_1
CSI_DATA,132519,2025-08-27 15:31:03.403,0,stand,00:00:00:00:00:00,-41,11,0,0,0,0,0,0,0,0,0,-97,0,1,0,734317132,0,14,0,0,0,104,0,"[0, 0, -128, -128, -128, -128, -128, -128, -128, -128, -128, -128, -128, -128, -128, -128, -128, -128, -122, -128, -104, -128, -86, -128, -66, -128, -46, -101, -26, -66, -13, -28, -7, 14, -9, 52, -22, 82, -39, 107, -60, 121, -82, 125, -101, 120, -113, 107, -119, 90, -120, 75, 127, 10, 127, 27, 127, 47, 127, 60, 127, 67, 127, 66, 127, 52, 127, 31, 117, 5, 107, -27, 107, -59, 113, -84, 124, -103, 127, -120, 127, -128, 127, -128, 127, -128, 127, -123, 106, -116, 75, -110, 38, -111, 0, -119, -39, -128, -76, -128, -108, -128, -128, -128]",esp32_2
CSI_DATA,129601,2025-08-27 15:31:03.427,0,stand,00:00:00:00:00:00,-65,11,0,0,0,0,0,0,0,0,0,-97,0,1,0,3874680167,0,14,0,0,0,104,0,"[0, 0, 127, -12, 127, -4, 127, 10, 127, 4, 127, 0, 127, -13, 127, -28, 127, -51, 127, -72, 127, -89, 127, -97, 127, -97, 127, -93, 127, -78, 127, -60, 127, -28, 116, -3, 83, 13, 53, 23, 16, 27, -18, 26, -48, 14, -70, -5, -87, -29, -88, -55, -54, 115, -58, 119, -66, 116, -71, 121, -76, 120, -80, 114, -79, 105, -76, 107, -68, 99, -57, 88, -41, 96, -28, 91, -18, 81, -5, 77, 5, 78, 14, 83, 25, 74, 41, 63, 50, 43, 66, 27, 83, 8, 108, -7, 127, -13, 127, -37, 127, -45, 127, -29]",esp32_1
CSI_DATA,132520,2025-08-27 15:31:03.427,0,stand,00:00:00:00:00:00,-41,11,0,0,0,0,0,0,0,0,0,-97,0,1,0,734353863,0,14,0,0,0,104,0,"[0, 0, -128, 127, -128, 127, -128, 127, -128, 127, -128, 127, -124, 127, -119, 127, -115, 127, -108, 127, -101, 127, -97, 127, -89, 127, -74, 115, -52, 71, -23, 30, 13, -5, 52, -30, 94, -42, 127, -42, 127, -33, 127, -17, 127, 4, 127, 26, 127, 47, 127, 60, -128, -128, -109, -128, -81, -128, -58, -128, -40, -128, -28, -128, -29, -128, -42, -128, -63, -125, -93, -97, -128, -77, -128, -65, -128, -63, -128, -67, -128, -69, -128, -68, -128, -66, -128, -58, -128, -39, -128, -9, -128, 31, -121, 78, -108, 127, -100, 127, -98, 127, -101, 127]",esp32_2
CSI_DATA,129602,2025-08-27 15:31:03.439,0,stand,00:00:00:00:00:00,-65,11,0,0,0,0,0,0,0,0,0,-97,0,1,0,3874705495,0,14,0,0,0,104,0,"[0, 0, -59, -128, -41, -128, -26, -128, -27, -128, -23, -128, -44, -128, -50, -128, -81, -128, -112, -128, -128, -128, -128, -128, -128, -128, -128, -128, -127, -128, -94, -128, -64, -128, -32, -128, 5, -108, 25, -68, 34, -34, 37, 22, 25, 64, 8, 88, -15, 110, -47, 116, 127, 53, 127, 60, 127, 68, 127, 74, 127, 86, 127, 84, 127, 88, 127, 85, 127, 76, 122, 56, 119, 43, 114, 27, 103, 0, 108, -14, 95, -18, 99, -31, 86, -40, 77, -50, 48, -70, 32, -85, 2, -109, -16, -128, -44, -128, -71, -128, -89, -128, -72, -128]",esp32_1
CSI_DATA,129603,2025-08-27 15:31:03.466,0,stand,00:00:00:00:00:00,-64,11,0,0,0,0,0,0,0,0,0,-97,0,1,0,3874752792,0,14,0,0,0,104,0,"[0, 0, 127, 63, 127, 74, 127, 83, 127, 82, 127, 77, 127, 58, 127, 39, 127, 6, 127, -16, 127, -48, 127, -46, 127, -46, 127, -30, 127, -24, 127, -11, 127, 21, 121, 32, 73, 50, 36, 41, 4, 29, -34, 12, -50, -11, -63, -36, -68, -66, -63, -94, -74, 111, -86, 116, -89, 113, -103, 115, -101, 106, -112, 103, -110, 89, -113, 77, -93, 77, -82, 75, -65, 92, -49, 94, -39, 81, -22, 80, -18, 85, 0, 95, 9, 90, 19, 75, 35, 69, 53, 57, 72, 48, 103, 34, 127, 33, 127, 13, 127, 14, 127, 45]",esp32_1
CSI_DATA,129604,2025-08-27 15:31:03.494,0,stand,00:00:00:00:00:00,-65,11,0,0,0,0,0,0,0,0,0,-97,0,1,0,3874789564,0,14,0,2,8,104,0,"[0, 0, -128, 36, -128, 23, -128, 8, -128, 15, -128, 17, -128, 31, -128, 47, -128, 76, -128, 96, -128, 115, -128, 126, -128, 127, -128, 127, -128, 108, -128, 81, -128, 50, -128, 21, -109, -9, -71, -24, -21, -38, 21, -39, 58, -24, 86, -2, 107, 26, 116, 58, 55, -128, 66, -128, 68, -128, 75, -128, 87, -128, 93, -128, 85, -128, 82, -128, 73, -128, 67, -120, 46, -120, 26, -114, 14, -99, -4, -105, -16, -98, -29, -99, -41, -91, -56, -80, -70, -56, -87, -32, -106, -13, -128, 14, -128, 29, -128, 56, -128, 72, -128, 54]",esp32_1
CSI_DATA,132522,2025-08-27 15:31:03.513,0,stand,00:00:00:00:00:00,-41,11,0,0,0,0,0,0,0,0,0,-97,0,1,0,734427114,0,14,0,0,0,104,0,"[0, 0, 127, -89, 127, -86, 127, -85, 127, -81, 127, -78, 127, -75, 127, -69, 127, -63, 127, -55, 127, -44, 127, -31, 127, -18, 120, -9, 78, -4, 33, -4, -12, -12, -51, -28, -81, -52, -101, -80, -111, -106, -110, -128, -99, -128, -81, -128, -60, -128, -43, -128, -128, 127, -128, 127, -128, 127, -128, 127, -128, 127, -128, 127, -128, 123, -100, 114, -64, 114, -27, 122, 6, 127, 32, 127, 47, 127, 57, 127, 64, 127, 66, 127, 65, 127, 66, 127, 70, 127, 79, 121, 95, 83, 120, 44, 127, 8, 127, -25, 127, -50, 127, -63]",esp32_2
CSI_DATA,129605,2025-08-27 15:31:03.516,0,stand,00:00:00:00:00:00,-65,11,0,0,0,0,0,0,0,0,0,-97,0,1,0,3874825110,0,14,0,0,0,104,0,"[0, 0, -128, -128, -128, -128, -128, -128, -128, -128, -128, -114, -128, -91, -128, -64, -128, -38, -128, -15, -128, 1, -128, 4, -128, 1, -128, -6, -128, -26, -128, -39, -128, -51, -107, -64, -68, -65, -28, -54, 5, -38, 33, -17, 56, 12, 66, 40, 73, 76, 60, 100, 127, -49, 127, -44, 127, -42, 127, -38, 127, -36, 127, -26, 127, -25, 127, -23, 121, -25, 118, -30, 95, -38, 83, -46, 76, -50, 67, -57, 58, -62, 38, -78, 23, -74, 9, -80, -10, -72, -28, -65, -61, -62, -91, -68, -128, -75, -128, -82, -128, -95, -128, -114]",esp32_1
CSI_DATA,129606,2025-08-27 15:31:03.538,0,stand,00:00:00:00:00:00,-64,11,0,0,0,0,0,0,0,0,0,-97,0,1,0,3874849664,0,14,0,0,0,104,0,"[0, 0, -128, -128, -128, -128, -128, -128, -119, -128, -115, -128, -111, -128, -116, -117, -127, -96, -128, -80, -128, -69, -128, -72, -128, -77, -128, -78, -128, -93, -128, -103, -107, -96, -68, -101, -34, -84, -4, -63, 20, -30, 31, 0, 37, 34, 30, 67, 25, 94, 5, 107, 127, -33, 127, -29, 127, -18, 127, -15, 127, -8, 127, 0, 127, 2, 127, 2, 127, 1, 116, -8, 104, -13, 91, -22, 88, -38, 81, -51, 72, -62, 59, -69, 46, -68, 32, -73, 14, -84, -5, -84, -34, -89, -63, -98, -99, -103, -122, -128, -128, -128, -128, -128]",esp32_1
CSI_DATA,132523,2025-08-27 15:31:03.538,0,stand,00:00:00:00:00:00,-41,11,0,0,0,0,0,0,0,0,0,-97,0,1,0,734467420,0,14,0,0,0,104,0,"[0, 0, 114, 127, 112, 127, 110, 127, 106, 127, 100, 127, 94, 127, 88, 127, 82, 127, 71, 127, 58, 127, 41, 127, 25, 127, 13, 127, 6, 82, 3, 34, 8, -14, 22, -59, 45, -94, 73, -118, 102, -128, 127, -128, 127, -120, 127, -101, 127, -80, 127, -61, -128, -128, -128, -128, -128, -128, -128, -128, -128, -128, -128, -128, -128, -128, -126, -100, -124, -61, -128, -22, -128, 14, -128, 42, -128, 61, -128, 73, -128, 80, -128, 83, -128, 82, -128, 80, -128, 80, -128, 87, -85, 103, -41, 127, 1, 127, 40, 127, 71, 127, 89, 127]",esp32_2
CSI_DATA,129607,2025-08-27 15:31:03.561,0,stand,00:00:00:00:00:00,-65,11,0,0,0,0,0,0,0,0,0,-97,0,1,0,3874886336,0,14,0,0,0,104,0,"[0, 0, -61, -128, -49, -128, -43, -128, -36, -128, -42, -128, -49, -128, -57, -128, -84, -121, -86, -120, -101, -122, -109, -128, -108, -128, -113, -128, -99, -128, -74, -128, -50, -126, -17, -113, 2, -81, 21, -51, 26, -16, 25, 16, 8, 42, -7, 67, -26, 89, -49, 97, 124, 12, 127, 19, 127, 20, 127, 30, 127, 32, 127, 44, 127, 41, 120, 43, 109, 34, 106, 35, 90, 23, 86, 10, 88, 6, 87, -10, 80, -24, 66, -38, 61, -45, 49, -51, 39, -60, 17, -72, 0, -88, -29, -100, -46, -128, -50, -128, -59, -128, -78, -128]",esp32_1
CSI_DATA,132524,2025-08-27 15:31:03.570,0,stand,00:00:00:00:00:00,-41,11,0,0,0,0,0,0,0,0,0,-97,0,1,0,734488930,0,14,0,0,0,104,0,"[0, 0, -110, -128, -105, -128, -103, -128, -101, -128, -98, -128, -94, -128, -90, -128, -84, -128, -74, -128, -62, -128, -49, -128, -34, -128, -21, -121, -10, -79, -6, -33, -11, 15, -24, 57, -46, 88, -73, 112, -100, 124, -127, 126, -128, 118, -128, 100, -128, 78, -128, 59, 127, 119, 127, 127, 127, 127, 127, 127, 127, 127, 127, 127, 127, 121, 117, 90, 116, 54, 121, 16, 127, -19, 127, -44, 127, -61, 127, -71, 127, -79, 127, -82, 127, -79, 127, -78, 127, -82, 110, -90, 71, -107, 32, -128, -8, -128, -42, -128, -69, -128, -86, -128]",esp32_2
CSI_DATA,129608,2025-08-27 15:31:03.581,0,stand,00:00:00:00:00:00,-64,11,0,0,0,0,0,0,0,0,0,-97,0,1,0,3874945970,0,14,0,0,0,104,0,"[0, 0, 127, 127, 127, 127, 127, 127, 127, 127, 125, 127, 118, 122, 125, 95, 127, 76, 127, 50, 127, 36, 127, 35, 127, 38, 127, 48, 127, 70, 127, 79, 114, 84, 82, 83, 46, 72, 16, 56, -11, 30, -32, 4, -51, -27, -50, -55, -44, -85, -24, -107, -128, 25, -128, 18, -128, 17, -128, 14, -128, 5, -128, 2, -128, -4, -128, -6, -125, 0, -111, 6, -101, 25, -88, 36, -80, 35, -71, 44, -63, 48, -60, 67, -48, 66, -27, 72, -7, 64, 11, 68, 41, 69, 68, 81, 107, 98, 127, 107, 127, 121, 127, 127]",esp32_1
CSI_DATA,132525,2025-08-27 15:31:03.598,0,stand,00:00:00:00:00:00,-40,11,0,0,0,0,0,0,0,0,0,-97,0,1,0,734523101,0,14,0,0,0,104,0,"[0, 0, -128, 127, -128, 127, -128, 127, -128, 127, -128, 127, -128, 127, -128, 127, -128, 127, -128, 118, -128, 102, -128, 83, -120, 63, -92, 43, -61, 26, -26, 13, 11, 6, 46, 6, 76, 14, 101, 29, 116, 48, 124, 66, 122, 83, 110, 96, 94, 103, 80, 105, 22, -128, 39, -128, 57, -128, 69, -128, 75, -128, 73, -128, 60, -128, 39, -119, 12, -107, -20, -103, -51, -105, -77, -110, -96, -118, -108, -128, -117, -128, -121, -128, -118, -128, -113, -122, -107, -100, -101, -70, -101, -36, -108, 2, -123, 42, -128, 81, -128, 111, -128, 127]",esp32_2
CSI_DATA,129609,2025-08-27 15:31:03.609,0,stand,00:00:00:00:00:00,-64,11,0,0,0,0,0,0,0,0,0,-97,0,1,0,3874971682,0,14,0,0,0,104,0,"[0, 0, 127, 98, 127, 105, 127, 103, 127, 96, 127, 79, 127, 56, 127, 31, 127, 5, 127, -14, 127, -30, 127, -33, 127, -32, 127, -26, 127, -9, 127, 9, 127, 27, 108, 43, 73, 46, 35, 43, 0, 33, -28, 16, -51, -6, -66, -31, -71, -64, -65, -88, -100, 83, -112, 85, -112, 82, -124, 81, -128, 77, -126, 72, -124, 62, -118, 61, -107, 59, -94, 59, -79, 66, -65, 72, -54, 65, -42, 72, -33, 77, -16, 81, -8, 83, 9, 78, 20, 63, 41, 57, 68, 43, 96, 39, 127, 42, 127, 39, 127, 45, 127, 58]",esp32_1
CSI_DATA,129610,2025-08-27 15:31:03.631,0,stand,00:00:00:00:00:00,-65,11,0,0,0,0,0,0,0,0,0,-97,0,1,0,3875008793,0,14,0,0,0,104,0,"[0, 0, 72, -128, 75, -128, 76, -128, 72, -128, 62, -128, 42, -128, 20, -128, -3, -128, -20, -128, -39, -128, -49, -128, -48, -128, -41, -128, -21, -128, -3, -128, 14, -128, 34, -107, 44, -75, 42, -42, 35, -6, 18, 23, -8, 51, -31, 60, -50, 72, -78, 67, 104, 75, 102, 85, 98, 95, 96, 100, 98, 111, 90, 114, 81, 108, 78, 109, 73, 100, 76, 82, 69, 68, 67, 55, 75, 39, 83, 29, 81, 17, 81, 5, 75, -3, 71, -18, 66, -36, 59, -52, 46, -77, 32, -106, 21, -128, 26, -128, 27, -128, 31, -128]",esp32_1
CSI_DATA,132526,2025-08-27 15:31:03.631,0,stand,00:00:00:00:00:00,-41,11,0,0,0,0,0,0,0,0,0,-97,0,1,0,734570061,0,14,0,0,0,104,0,"[0, 0, 127, -128, 127, -128, 127, -128, 127, -128, 127, -128, 127, -128, 127, -128, 127, -128, 127, -128, 127, -120, 127, -97, 127, -72, 119, -47, 78, -24, 32, -6, -17, 4, -65, 5, -106, -6, -128, -26, -128, -50, -128, -73, -128, -95, -128, -113, -128, -125, -122, -128, -128, 127, -128, 127, -128, 127, -128, 127, -128, 127, -128, 127, -128, 127, -102, 121, -62, 118, -20, 124, 20, 127, 51, 127, 72, 127, 88, 127, 98, 127, 100, 127, 98, 127, 97, 127, 98, 127, 101, 106, 113, 59, 127, 10, 127, -39, 127, -85, 127, -122, 127, -128]",esp32_2
CSI_DATA,129611,2025-08-27 15:31:03.818,0,stand,00:00:00:00:00:00,-64,11,0,0,0,0,0,0,0,0,0,-97,0,1,0,3875032752,0,14,0,0,0,104,0,"[0, 0, -128, -128, -128, -128, -128, -128, -128, -128, -128, -128, -128, -128, -128, -128, -128, -116, -128, -105, -128, -66, -128, -75, -128, -85, -128, -83, -128, -126, -128, -104, -128, -128, -78, -103, -42, -105, -11, -74, 16, -38, 32, -3, 48, 50, 34, 83, 16, 119, -14, 127, 127, -81, 127, -59, 127, -70, 127, -52, 127, -56, 127, -35, 127, -29, 127, -26, 127, -28, 127, -35, 112, -52, 105, -64, 88, -65, 81, -74, 65, -66, 66, -105, 41, -85, 29, -106, 10, -78, -14, -92, -41, -96, -76, -102, -128, -128, -128, -128, -128, -128, -128, -128]",esp32_1
CSI_DATA,129612,2025-08-27 15:31:03.823,0,stand,00:00:00:00:00:00,-64,11,0,0,0,0,0,0,0,0,0,-97,0,1,0,3875069731,0,14,0,0,0,104,0,"[0, 0, -128, -128, -128, -128, -128, -128, -128, -128, -128, -128, -128, -113, -128, -87, -128, -64, -128, -45, -128, -34, -128, -34, -128, -33, -128, -39, -128, -59, -128, -68, -123, -74, -87, -83, -53, -71, -14, -58, 11, -32, 28, -5, 37, 28, 38, 58, 41, 80, 24, 99, 112, -73, 123, -68, 127, -60, 127, -59, 127, -50, 127, -46, 127, -37, 127, -37, 122, -33, 110, -42, 94, -42, 78, -50, 73, -57, 63, -72, 52, -74, 36, -76, 27, -77, 14, -79, -4, -80, -23, -77, -57, -75, -88, -79, -119, -77, -128, -96, -128, -116, -128, -122]",esp32_1
CSI_DATA,129614,2025-08-27 15:31:03.835,0,stand,00:00:00:00:00:00,-64,11,0,0,0,0,0,0,0,0,0,-97,0,1,0,3875166934,0,14,0,0,0,104,0,"[0, 0, -128, -128, -128, -128, -128, -128, -125, -128, -113, -128, -113, -128, -118, -122, -128, -97, -128, -84, -128, -72, -128, -73, -128, -77, -128, -86, -128, -97, -128, -101, -105, -102, -68, -97, -34, -82, -5, -61, 14, -28, 29, -1, 32, 36, 26, 63, 19, 96, -2, 108, 127, -36, 127, -33, 127, -27, 127, -20, 127, -14, 127, -9, 127, -3, 127, -1, 126, -6, 120, -9, 102, -25, 89, -36, 87, -34, 79, -49, 72, -54, 53, -70, 48, -76, 30, -73, 17, -74, -4, -77, -31, -81, -62, -94, -103, -104, -123, -125, -128, -128, -128, -128]",esp32_1
CSI_DATA,129615,2025-08-27 15:31:03.839,0,stand,00:00:00:00:00:00,-65,11,0,0,0,0,0,0,0,0,0,-97,0,1,0,3875191204,0,14,0,0,0,104,0,"[0, 0, 83, -128, 91, -128, 88, -128, 86, -128, 66, -128, 47, -128, 28, -128, 2, -128, -17, -128, -32, -128, -44, -128, -46, -128, -36, -128, -18, -128, 0, -128, 18, -128, 35, -109, 46, -74, 42, -45, 33, -7, 12, 24, -10, 49, -35, 60, -58, 73, -81, 64, 92, 89, 90, 99, 85, 110, 84, 116, 80, 119, 75, 124, 69, 116, 64, 114, 62, 102, 64, 88, 64, 78, 63, 60, 74, 50, 84, 37, 85, 26, 78, 16, 76, 4, 73, -6, 68, -30, 60, -48, 51, -70, 41, -105, 29, -128, 38, -128, 42, -128, 46, -128]",esp32_1
CSI_DATA,132527,2025-08-27 15:31:03.840,0,stand,00:00:00:00:00:00,-41,11,0,0,0,0,0,0,0,0,0,-97,0,1,0,734619548,0,14,0,0,0,104,0,"[0, 0, -128, 127, -128, 127, -128, 127, -128, 127, -128, 127, -128, 127, -128, 127, -128, 127, -128, 127, -128, 127, -128, 110, -128, 84, -119, 59, -77, 36, -31, 16, 18, 5, 64, 4, 107, 14, 127, 34, 127, 57, 127, 82, 127, 107, 127, 125, 127, 127, 115, 127, 47, -128, 69, -128, 93, -128, 109, -128, 117, -128, 111, -128, 91, -128, 61, -128, 25, -128, -16, -128, -57, -128, -92, -128, -117, -128, -128, -128, -128, -128, -128, -128, -128, -128, -128, -128, -128, -128, -128, -87, -128, -39, -128, 13, -128, 66, -128, 116, -128, 127, -128, 127]",esp32_2
CSI_DATA,129616,2025-08-27 15:31:03.842,0,stand,00:00:00:00:00:00,-65,11,0,0,0,0,0,0,0,0,0,-97,0,1,0,3875226713,0,14,0,0,0,104,0,"[0, 0, -99, -128, -78, -128, -81, -128, -64, -128, -65, -128, -67, -128, -75, -128, -110, -127, -115, -128, -126, -112, -128, -127, -128, -126, -128, -128, -128, -128, -107, -128, -80, -128, -40, -116, -14, -90, 12, -58, 24, -26, 30, 9, 15, 46, 4, 71, -11, 96, -27, 110, 127, 7, 127, 15, 127, 23, 127, 29, 127, 35, 127, 49, 127, 42, 127, 49, 126, 36, 124, 36, 107, 18, 97, 10, 98, -3, 94, -17, 90, -27, 73, -46, 59, -57, 53, -67, 40, -66, 20, -75, -7, -94, -34, -110, -60, -128, -71, -128, -87, -128, -101, -128]",esp32_1
CSI_DATA,129617,2025-08-27 15:31:03.847,0,stand,00:00:00:00:00:00,-64,11,0,0,0,0,0,0,0,0,0,-97,0,1,0,3875264476,0,14,0,0,0,104,0,"[0, 0, 127, 127, 127, 127, 127, 127, 127, 127, 127, 112, 127, 87, 127, 64, 127, 37, 127, 22, 127, 8, 127, 9, 127, 12, 127, 18, 127, 31, 127, 44, 127, 60, 98, 64, 60, 60, 27, 52, -2, 27, -28, 5, -44, -26, -47, -51, -46, -84, -35, -105, -112, 76, -123, 73, -124, 71, -128, 66, -128, 62, -128, 58, -124, 54, -127, 48, -111, 46, -107, 50, -93, 52, -74, 64, -70, 57, -59, 68, -48, 75, -32, 84, -23, 82, -5, 80, 2, 71, 29, 68, 56, 61, 88, 60, 127, 66, 127, 77, 127, 85, 127, 108]",esp32_1
CSI_DATA,132528,2025-08-27 15:31:03.847,0,stand,00:00:00:00:00:00,-41,11,0,0,0,0,0,0,0,0,0,-97,0,1,0,734643863,0,14,0,0,0,104,0,"[0, 0, 122, -128, 127, -128, 127, -128, 127, -128, 124, -128, 117, -128, 112, -128, 108, -128, 102, -128, 95, -128, 88, -128, 77, -128, 61, -103, 41, -65, 14, -30, -19, -1, -55, 20, -91, 28, -125, 26, -128, 17, -128, 1, -128, -19, -128, -40, -128, -57, -128, -68, 127, 127, 114, 127, 89, 127, 67, 127, 49, 127, 37, 127, 34, 127, 43, 127, 61, 111, 87, 84, 118, 65, 127, 54, 127, 50, 127, 51, 127, 52, 127, 52, 127, 51, 127, 44, 127, 27, 127, 1, 127, -34, 110, -75, 97, -121, 91, -128, 89, -128, 91, -128]",esp32_2
CSI_DATA,129618,2025-08-27 15:31:03.853,0,stand,00:00:00:00:00:00,-64,11,0,0,0,0,0,0,0,0,0,-97,0,1,0,3875289096,0,14,0,0,0,104,0,"[0, 0, 23, 127, 11, 127, 4, 127, 5, 127, 2, 127, 13, 127, 34, 127, 52, 127, 74, 127, 95, 127, 105, 127, 106, 127, 97, 127, 83, 127, 61, 127, 31, 127, 9, 117, -14, 85, -24, 51, -29, 14, -25, -15, -15, -47, -1, -66, 27, -89, 48, -91, -128, -32, -128, -48, -128, -51, -128, -59, -128, -68, -128, -73, -119, -79, -115, -73, -107, -72, -106, -51, -98, -29, -96, -18, -86, -14, -89, 6, -87, 16, -88, 27, -83, 39, -69, 49, -55, 57, -39, 66, -18, 83, 1, 111, 26, 127, 46, 127, 59, 127, 56, 127]",esp32_1
CSI_DATA,129619,2025-08-27 15:31:03.858,0,stand,00:00:00:00:00:00,-65,11,0,0,0,0,0,0,0,0,0,-97,0,1,0,3875316014,0,14,0,0,0,104,0,"[0, 0, -128, 127, -128, 114, -128, 98, -128, 96, -128, 89, -128, 90, -118, 99, -103, 112, -88, 125, -80, 127, -75, 127, -82, 127, -87, 127, -105, 127, -108, 119, -103, 89, -100, 58, -86, 30, -58, 5, -28, -15, 5, -29, 40, -32, 62, -27, 88, -11, 99, 9, -13, -124, -2, -128, -1, -128, 5, -128, 11, -128, 15, -128, 19, -128, 18, -128, 14, -123, 5, -107, -5, -105, -14, -97, -27, -80, -39, -77, -44, -72, -55, -70, -59, -59, -67, -47, -67, -21, -76, -1, -79, 25, -94, 51, -110, 76, -128, 106, -128, 127, -128, 127]",esp32_1
CSI_DATA,132530,2025-08-27 15:31:03.862,0,stand,00:00:00:00:00:00,-41,11,0,0,0,0,0,0,0,0,0,-97,0,1,0,734704579,0,14,0,0,0,104,0,"[0, 0, 1, 127, -4, 127, -4, 127, -5, 127, -5, 127, -5, 127, -5, 127, -6, 127, -10, 127, -15, 127, -22, 127, -26, 127, -24, 127, -18, 83, -6, 34, 15, -13, 42, -53, 75, -79, 111, -94, 127, -98, 127, -92, 127, -75, 127, -53, 127, -29, 127, -11, -128, -128, -128, -128, -128, -128, -128, -128, -121, -128, -101, -128, -90, -128, -89, -128, -98, -104, -118, -67, -128, -35, -128, -12, -128, 0, -128, 7, -128, 12, -128, 16, -128, 17, -128, 22, -128, 34, -128, 55, -117, 85, -83, 123, -53, 127, -28, 127, -8, 127, 3, 127]",esp32_2
CSI_DATA,132531,2025-08-27 15:31:03.869,0,stand,00:00:00:00:00:00,-41,11,0,0,0,0,0,0,0,0,0,-97,0,1,0,734730371,0,14,0,0,0,104,0,"[0, 0, -128, 127, -128, 127, -128, 127, -128, 127, -128, 127, -128, 127, -128, 127, -128, 127, -128, 127, -128, 127, -128, 127, -113, 110, -88, 78, -57, 45, -21, 16, 19, -7, 59, -21, 98, -25, 127, -19, 127, -6, 127, 11, 127, 32, 127, 52, 127, 69, 127, 79, 28, -128, 48, -128, 70, -128, 83, -128, 90, -128, 86, -128, 68, -128, 42, -128, 9, -122, -28, -111, -65, -109, -96, -112, -121, -120, -128, -128, -128, -128, -128, -128, -128, -128, -128, -118, -128, -92, -127, -54, -121, -10, -120, 37, -127, 87, -128, 127, -128, 127, -128, 127]",esp32_2
CSI_DATA,132532,2025-08-27 15:31:03.877,0,stand,00:00:00:00:00:00,-41,11,0,0,0,0,0,0,0,0,0,-97,0,1,0,734779254,0,14,0,0,0,104,0,"[0, 0, -5, 127, -9, 127, -10, 127, -11, 127, -8, 127, -5, 127, -5, 127, -7, 127, -11, 127, -16, 127, -20, 127, -22, 127, -19, 118, -12, 73, 0, 28, 19, -15, 45, -51, 78, -77, 113, -91, 127, -93, 127, -85, 127, -67, 127, -43, 127, -20, 127, -4, -128, -128, -128, -128, -128, -128, -128, -128, -114, -128, -96, -128, -86, -128, -86, -128, -95, -93, -111, -60, -128, -31, -128, -10, -128, 2, -128, 8, -128, 13, -128, 18, -128, 20, -128, 25, -128, 38, -128, 58, -102, 86, -70, 122, -44, 127, -24, 127, -7, 127, 3, 127]",esp32_2
CSI_DATA,129620,2025-08-27 15:31:03.881,0,stand,00:00:00:00:00:00,-64,11,0,0,0,0,0,0,0,0,0,-97,0,1,0,3875341274,0,14,0,0,0,104,0,"[0, 0, 66, -128, 73, -128, 72, -128, 68, -128, 51, -128, 36, -128, 13, -128, -10, -128, -28, -128, -42, -128, -50, -128, -53, -128, -47, -128, -23, -128, -8, -128, 9, -128, 32, -118, 43, -79, 38, -49, 32, -7, 13, 20, -9, 47, -36, 60, -54, 72, -78, 66, 106, 81, 108, 91, 102, 98, 104, 104, 98, 110, 98, 116, 88, 109, 84, 109, 80, 99, 80, 84, 75, 72, 74, 53, 81, 43, 90, 29, 90, 16, 85, 4, 80, -5, 78, -19, 68, -40, 58, -55, 47, -80, 35, -112, 19, -128, 23, -128, 24, -128, 28, -128]",esp32_1
CSI_DATA,132533,2025-08-27 15:31:03.881,0,stand,00:00:00:00:00:00,-41,11,0,0,0,0,0,0,0,0,0,-97,0,1,0,734812969,0,14,0,0,0,104,0,"[0, 0, 118, -128, 122, -128, 124, -128, 125, -128, 120, -128, 113, -128, 109, -128, 104, -128, 98, -128, 89, -128, 82, -128, 73, -128, 58, -98, 37, -60, 11, -26, -20, 4, -55, 26, -91, 35, -125, 33, -128, 24, -128, 9, -128, -10, -128, -30, -128, -50, -128, -62, 125, 127, 106, 127, 81, 127, 59, 127, 41, 127, 29, 127, 26, 127, 36, 127, 54, 111, 81, 85, 110, 66, 127, 54, 127, 50, 127, 51, 127, 50, 127, 49, 127, 47, 127, 39, 127, 22, 127, -5, 119, -40, 103, -83, 91, -128, 86, -128, 84, -128, 86, -128]",esp32_2
CSI_DATA,129621,2025-08-27 15:31:03.904,0,stand,00:00:00:00:00:00,-67,11,0,0,0,0,0,0,0,0,0,-97,0,1,0,3875375862,0,14,0,0,0,104,0,"[0, 0, 127, -128, 127, -128, 127, -128, 127, -123, 127, -118, 125, -122, 113, -128, 83, -128, 67, -128, 54, -128, 55, -128, 47, -128, 64, -128, 86, -128, 91, -128, 95, -128, 93, -105, 82, -63, 58, -29, 41, 5, 1, 24, -38, 48, -81, 54, -119, 54, -128, 37, 10, 124, 7, 127, -3, 127, -10, 127, -12, 127, -15, 127, -15, 126, -14, 115, -19, 106, -1, 100, 5, 93, 15, 81, 30, 80, 35, 69, 43, 64, 52, 47, 48, 39, 56, 23, 62, 12, 70, 2, 72, -27, 79, -45, 86, -74, 105, -93, 121, -114, 127, -128]",esp32_1
CSI_DATA,129622,2025-08-27 15:31:03.927,0,stand,00:00:00:00:00:00,-64,11,0,0,0,0,0,0,0,0,0,-97,0,1,0,3875401633,0,14,0,0,0,104,0,"[0, 0, -128, -42, -128, -60, -128, -71, -128, -62, -128, -41, -128, -25, -128, -5, -128, 32, -128, 51, -128, 72, -128, 79, -128, 76, -128, 71, -128, 53, -128, 26, -128, -9, -128, -24, -110, -39, -58, -50, -14, -33, 22, -26, 60, 6, 82, 31, 92, 65, 88, 101, 79, -128, 91, -128, 98, -128, 104, -128, 122, -128, 124, -128, 115, -128, 113, -128, 100, -121, 91, -111, 67, -116, 56, -115, 37, -102, 24, -111, 8, -107, -12, -118, -21, -110, -42, -102, -55, -76, -71, -55, -98, -39, -128, -19, -128, -15, -128, 12, -128, 7, -128, -7]",esp32_1
CSI_DATA,129623,2025-08-27 15:31:03.946,0,stand,00:00:00:00:00:00,-64,11,0,0,0,0,0,0,0,0,0,-97,0,1,0,3875436128,0,14,0,0,0,104,0,"[0, 0, 127, -103, 127, -94, 127, -79, 127, -79, 127, -88, 127, -89, 127, -96, 117, -110, 102, -110, 106, -119, 107, -128, 118, -128, 123, -128, 119, -110, 127, -102, 105, -67, 118, -42, 82, -17, 57, 1, 21, 14, -13, 22, -42, 14, -66, 1, -83, -18, -95, -42, 26, 120, 25, 127, 18, 127, 11, 127, 6, 127, 1, 127, 7, 127, 6, 127, 6, 125, 9, 103, 5, 104, 16, 101, 23, 83, 37, 80, 56, 73, 53, 65, 64, 62, 67, 46, 74, 21, 81, -2, 84, -34, 105, -52, 110, -65, 127, -91, 127, -103, 127, -115]",esp32_1
CSI_DATA,132535,2025-08-27 15:31:03.952,0,stand,00:00:00:00:00:00,-41,11,0,0,0,0,0,0,0,0,0,-97,0,1,0,734863465,0,14,0,0,0,104,0,"[0, 0, 127, -128, 127, -128, 127, -128, 127, -128, 127, -128, 127, -128, 127, -128, 127, -128, 127, -128, 127, -128, 127, -128, 127, -114, 98, -79, 64, -47, 23, -20, -22, 1, -69, 12, -112, 8, -128, -5, -128, -24, -128, -47, -128, -70, -128, -91, -128, -107, -128, -116, 17, 127, -8, 127, -36, 127, -56, 127, -68, 127, -68, 127, -55, 127, -31, 127, 4, 127, 44, 121, 85, 114, 120, 113, 127, 119, 127, 127, 127, 127, 127, 127, 127, 127, 127, 119, 127, 91, 127, 53, 127, 7, 127, -46, 127, -99, 127, -128, 127, -128, 127, -128]",esp32_2
CSI_DATA,129624,2025-08-27 15:31:03.967,0,stand,00:00:00:00:00:00,-64,11,0,0,0,0,0,0,0,0,0,-97,0,1,0,3875474926,0,14,0,0,0,104,0,"[0, 0, 127, -70, 127, -64, 127, -47, 127, -50, 127, -51, 127, -56, 127, -72, 127, -89, 113, -107, 114, -119, 112, -128, 119, -128, 127, -128, 127, -117, 127, -100, 122, -63, 121, -39, 89, -9, 64, 8, 23, 23, -10, 30, -45, 28, -70, 18, -91, -7, -108, -28, -33, 127, -40, 127, -46, 127, -56, 127, -55, 127, -61, 127, -61, 127, -57, 120, -53, 116, -39, 97, -29, 104, -13, 100, 0, 85, 14, 80, 24, 82, 32, 78, 37, 76, 51, 61, 59, 35, 75, 20, 81, -14, 109, -29, 127, -47, 127, -78, 127, -92, 127, -88]",esp32_1
CSI_DATA,132536,2025-08-27 15:31:03.978,0,stand,00:00:00:00:00:00,-41,11,0,0,0,0,0,0,0,0,0,-97,0,1,0,734902414,0,14,0,0,0,104,0,"[0, 0, 127, 127, 127, 127, 127, 127, 127, 127, 127, 127, 127, 127, 127, 127, 127, 127, 127, 127, 127, 127, 127, 127, 124, 125, 88, 95, 53, 61, 21, 21, -3, -24, -18, -71, -21, -116, -12, -128, 5, -128, 29, -128, 53, -128, 72, -128, 88, -128, 100, -128, -128, 18, -128, -7, -128, -35, -128, -55, -128, -68, -128, -70, -128, -57, -128, -33, -128, 1, -126, 43, -117, 87, -115, 123, -120, 127, -128, 127, -128, 127, -128, 127, -128, 127, -114, 127, -87, 127, -48, 127, 0, 127, 54, 127, 112, 127, 127, 127, 127, 127, 127, 127]",esp32_2
CSI_DATA,129625,2025-08-27 15:31:03.990,0,stand,00:00:00:00:00:00,-64,11,0,0,0,0,0,0,0,0,0,-97,0,1,0,3875522889,0,14,0,0,0,104,0,"[0, 0, -128, 127, -128, 127, -128, 127, -128, 127, -127, 127, -105, 127, -83, 127, -61, 127, -43, 127, -31, 127, -24, 127, -31, 127, -35, 127, -53, 127, -66, 127, -70, 127, -75, 96, -74, 55, -58, 23, -35, -4, -2, -30, 29, -38, 58, -40, 81, -34, 98, -20, -71, -107, -72, -119, -65, -128, -62, -128, -56, -128, -49, -128, -46, -128, -43, -128, -39, -118, -48, -104, -48, -98, -54, -86, -62, -67, -72, -58, -76, -50, -80, -40, -76, -27, -78, -17, -74, 8, -73, 29, -72, 60, -75, 85, -80, 114, -91, 127, -107, 127, -117, 127]",esp32_1
CSI_DATA,132537,2025-08-27 15:31:04.007,0,stand,00:00:00:00:00:00,-42,11,0,0,0,0,0,0,0,0,0,-97,0,1,0,735532781,0,14,0,0,0,104,0,"[0, 0, -128, -128, -128, -128, -128, -128, -128, -128, -128, -128, -128, -128, -128, -128, -128, -128, -128, -126, -128, -113, -128, -102, -128, -88, -94, -66, -54, -40, -17, -10, 17, 28, 40, 69, 50, 111, 48, 127, 38, 127, 20, 127, -3, 127, -26, 127, -46, 127, -61, 127, 127, -3, 127, 20, 127, 45, 127, 63, 127, 74, 127, 75, 127, 61, 127, 36, 114, 3, 96, -36, 87, -74, 84, -107, 86, -128, 91, -128, 92, -128, 88, -128, 80, -128, 63, -128, 34, -128, -4, -128, -48, -123, -98, -121, -128, -125, -128, -128, -128, -128, -128, -128]",esp32_2
CSI_DATA,129626,2025-08-27 15:31:04.018,0,stand,00:00:00:00:00:00,-64,11,0,0,0,0,0,0,0,0,0,-97,0,1,0,3875546774,0,14,0,0,0,104,0,"[0, 0, 127, -1, 127, 10, 127, 22, 127, 18, 127, 2, 127, -11, 127, -29, 127, -48, 127, -61, 127, -68, 127, -69, 127, -70, 127, -68, 127, -61, 127, -37, 127, -15, 118, 8, 91, 21, 53, 29, 19, 27, -24, 17, -49, -9, -63, -29, -72, -57, -67, -77, -41, 125, -40, 121, -55, 127, -57, 127, -70, 127, -73, 122, -64, 127, -65, 120, -55, 113, -53, 100, -45, 101, -32, 92, -17, 87, -2, 85, 5, 78, 20, 91, 26, 81, 41, 74, 49, 48, 71, 34, 88, 15, 108, -13, 127, -8, 127, -17, 127, -22, 127, -10]",esp32_1
CSI_DATA,132538,2025-08-27 15:31:04.032,0,stand,00:00:00:00:00:00,-41,11,0,0,0,0,0,0,0,0,0,-97,0,1,0,735543096,0,14,0,0,0,104,0,"[0, 0, 127, 127, 127, 127, 127, 127, 127, 127, 127, 127, 127, 127, 127, 127, 127, 127, 127, 127, 115, 127, 93, 127, 70, 127, 48, 94, 28, 54, 13, 12, 2, -31, 0, -75, 10, -114, 28, -128, 50, -128, 75, -128, 98, -128, 113, -128, 123, -128, 127, -122, -128, -122, -128, -128, -128, -128, -128, -128, -128, -128, -128, -128, -121, -123, -106, -91, -100, -55, -102, -16, -109, 21, -119, 50, -128, 71, -128, 86, -128, 98, -128, 104, -128, 106, -122, 107, -94, 109, -58, 114, -18, 125, 25, 127, 69, 127, 109, 127, 127, 127, 127, 127]",esp32_2
CSI_DATA,129627,2025-08-27 15:31:04.039,0,stand,00:00:00:00:00:00,-64,11,0,0,0,0,0,0,0,0,0,-97,0,1,0,3875583814,0,14,0,0,0,104,0,"[0, 0, 127, -128, 127, -121, 127, -116, 127, -107, 127, -101, 127, -101, 127, -109, 109, -126, 100, -128, 87, -128, 92, -128, 98, -128, 99, -128, 116, -128, 116, -127, 121, -98, 105, -67, 83, -32, 61, -9, 26, 13, -3, 26, -39, 27, -69, 20, -95, -3, -108, -21, 22, 127, 14, 127, 11, 127, 9, 127, -2, 127, -6, 127, -6, 127, -7, 127, -4, 127, -4, 122, 10, 112, 23, 102, 25, 86, 37, 85, 49, 71, 66, 70, 63, 58, 74, 45, 69, 25, 74, -1, 82, -26, 96, -58, 127, -85, 127, -116, 127, -128, 127, -128]",esp32_1
CSI_DATA,129628,2025-08-27 15:31:04.059,0,stand,00:00:00:00:00:00,-64,11,0,0,0,0,0,0,0,0,0,-97,0,1,0,3875609715,0,14,0,0,0,104,0,"[0, 0, -128, -128, -128, -128, -128, -128, -128, -128, -128, -127, -128, -107, -128, -82, -128, -56, -128, -37, -128, -19, -128, -18, -128, -23, -128, -23, -128, -40, -128, -51, -127, -59, -98, -63, -60, -65, -27, -51, 0, -32, 24, -12, 42, 15, 47, 43, 49, 75, 38, 98, 123, -54, 127, -51, 127, -47, 127, -42, 127, -38, 127, -32, 127, -24, 127, -26, 118, -24, 108, -28, 93, -39, 78, -53, 71, -47, 63, -57, 51, -68, 37, -78, 27, -85, 15, -82, 0, -72, -18, -72, -48, -65, -74, -72, -121, -81, -128, -86, -128, -94, -128, -123]",esp32_1
CSI_DATA,132539,2025-08-27 15:31:04.077,0,stand,00:00:00:00:00:00,-41,11,0,0,0,0,0,0,0,0,0,-97,0,1,0,735552733,0,14,0,0,0,104,0,"[0, 0, 127, -128, 127, -128, 127, -128, 127, -128, 127, -128, 127, -128, 127, -128, 127, -128, 116, -128, 103, -128, 91, -128, 77, -127, 59, -91, 36, -53, 7, -17, -28, 15, -67, 37, -107, 45, -128, 43, -128, 34, -128, 18, -128, -1, -128, -23, -128, -43, -128, -57, 9, 127, -13, 127, -38, 127, -55, 127, -65, 127, -65, 127, -54, 127, -32, 127, -3, 111, 33, 93, 70, 84, 100, 80, 124, 80, 127, 84, 127, 84, 127, 80, 127, 71, 127, 54, 127, 27, 127, -8, 118, -51, 115, -98, 117, -128, 125, -128, 127, -128, 127, -128]",esp32_2
CSI_DATA,129629,2025-08-27 15:31:04.084,0,stand,00:00:00:00:00:00,-65,11,0,0,0,0,0,0,0,0,0,-97,0,1,0,3875644329,0,14,0,0,0,104,0,"[0, 0, -110, -128, -95, -128, -87, -128, -77, -128, -72, -128, -75, -128, -92, -128, -105, -128, -126, -103, -128, -88, -128, -94, -128, -101, -128, -114, -128, -128, -115, -128, -83, -119, -49, -110, -18, -94, 3, -72, 19, -30, 25, 9, 32, 46, 22, 69, 11, 96, -12, 106, 127, -1, 127, 8, 127, 22, 127, 31, 127, 32, 127, 36, 127, 50, 127, 40, 127, 42, 114, 14, 102, 6, 97, -4, 98, -25, 92, -38, 88, -47, 73, -46, 66, -49, 53, -64, 28, -74, 19, -79, -20, -95, -32, -120, -74, -118, -105, -128, -124, -128, -128, -128]",esp32_1
CSI_DATA,129630,2025-08-27 15:31:04.109,0,stand,00:00:00:00:00:00,-64,11,0,0,0,0,0,0,0,0,0,-97,0,1,0,3875700496,0,14,0,0,0,104,0,"[0, 0, -128, 74, -128, 56, -128, 43, -128, 44, -128, 43, -128, 50, -128, 59, -128, 81, -128, 93, -121, 108, -123, 119, -128, 117, -128, 118, -128, 104, -128, 82, -128, 56, -115, 31, -88, 3, -57, -13, -27, -22, 9, -29, 42, -18, 65, -4, 84, 19, 92, 42, 13, -128, 22, -128, 29, -128, 32, -128, 43, -128, 47, -128, 45, -128, 45, -126, 39, -116, 27, -106, 20, -104, 5, -100, -5, -82, -18, -80, -29, -74, -42, -81, -47, -71, -58, -61, -64, -40, -69, -14, -88, 5, -101, 27, -128, 42, -128, 70, -128, 85, -128, 79]",esp32_1
CSI_DATA,132540,2025-08-27 15:31:04.109,0,stand,00:00:00:00:00:00,-41,11,0,0,0,0,0,0,0,0,0,-97,0,1,0,735562754,0,14,0,232,41,104,0,"[0, 0, 127, 127, 127, 127, 127, 127, 127, 127, 127, 127, 127, 127, 127, 126, 127, 116, 127, 105, 127, 95, 127, 86, 125, 75, 90, 57, 53, 33, 18, 5, -14, -30, -37, -68, -47, -106, -46, -128, -37, -128, -19, -128, 3, -128, 24, -128, 43, -128, 56, -128, -128, 51, -128, 29, -128, 2, -128, -19, -128, -33, -128, -37, -128, -30, -128, -13, -112, 13, -90, 45, -75, 80, -67, 109, -66, 127, -69, 127, -68, 127, -64, 127, -56, 127, -40, 127, -15, 127, 18, 125, 59, 113, 105, 107, 127, 105, 127, 108, 127, 116, 127, 125]",esp32_2
CSI_DATA,129631,2025-08-27 15:31:04.132,0,stand,00:00:00:00:00:00,-64,11,0,0,0,0,0,0,0,0,0,-97,0,1,0,3875729950,0,14,0,0,0,104,0,"[0, 0, -128, -26, -128, -38, -128, -52, -128, -45, -128, -39, -128, -26, -128, -12, -128, 20, -128, 31, -128, 55, -128, 57, -128, 61, -128, 51, -128, 44, -128, 28, -128, 0, -117, -13, -88, -33, -48, -36, -15, -32, 17, -26, 47, 1, 61, 22, 69, 54, 69, 76, 59, -119, 67, -117, 77, -127, 76, -119, 90, -125, 91, -107, 91, -106, 92, -101, 76, -96, 75, -87, 51, -92, 36, -90, 28, -79, 13, -81, 5, -78, -17, -96, -25, -82, -34, -77, -41, -61, -60, -47, -76, -34, -99, -12, -128, -12, -128, 2, -128, 11, -128, -10]",esp32_1
CSI_DATA,129632,2025-08-27 15:31:04.152,0,stand,00:00:00:00:00:00,-64,11,0,0,0,0,0,0,0,0,0,-97,0,1,0,3875754284,0,14,0,0,0,104,0,"[0, 0, 15, -128, 30, -128, 23, -128, 34, -128, 14, -128, 2, -128, -15, -128, -41, -128, -50, -128, -61, -128, -68, -128, -71, -128, -79, -128, -40, -128, -25, -128, -10, -128, 17, -121, 24, -80, 33, -51, 25, -15, 8, 15, -10, 42, -33, 53, -57, 66, -83, 64, 125, 30, 127, 37, 127, 49, 127, 54, 127, 57, 127, 71, 121, 60, 122, 63, 112, 60, 104, 41, 94, 36, 91, 28, 94, 16, 100, 2, 101, -17, 80, -24, 80, -32, 69, -45, 63, -54, 46, -68, 21, -91, 10, -122, -13, -128, -5, -128, -10, -128, -20, -128]",esp32_1
CSI_DATA,129633,2025-08-27 15:31:04.182,0,stand,00:00:00:00:00:00,-64,11,0,0,0,0,0,0,0,0,0,-97,0,1,0,3875789995,0,14,0,0,0,104,0,"[0, 0, 115, -128, 127, -128, 112, -128, 127, -128, 102, -128, 85, -128, 59, -128, 38, -128, 17, -128, 3, -128, -3, -128, 0, -128, 7, -128, 26, -128, 49, -128, 47, -118, 66, -108, 60, -62, 52, -35, 31, 1, 6, 22, -23, 38, -46, 43, -73, 42, -99, 32, 99, 82, 116, 105, 90, 93, 106, 124, 86, 111, 97, 127, 78, 115, 78, 120, 74, 108, 69, 78, 69, 77, 75, 67, 82, 48, 91, 33, 98, 29, 80, 15, 99, 10, 75, -7, 83, -35, 70, -48, 62, -78, 63, -107, 43, -113, 55, -128, 67, -128, 76, -128]",esp32_1
CSI_DATA,132542,2025-08-27 15:31:04.196,0,stand,00:00:00:00:00:00,-42,11,0,0,0,0,0,0,0,0,0,-97,0,1,0,735582686,0,14,0,0,0,104,0,"[0, 0, -128, -128, -128, -128, -128, -128, -128, -128, -128, -128, -128, -128, -128, -128, -120, -128, -109, -128, -96, -128, -79, -128, -60, -128, -41, -107, -23, -63, -12, -16, -8, 33, -13, 80, -29, 118, -53, 127, -78, 127, -106, 127, -128, 127, -128, 127, -128, 125, -128, 105, 127, 127, 127, 127, 127, 127, 127, 127, 127, 127, 127, 127, 114, 127, 101, 105, 96, 65, 100, 23, 112, -14, 127, -43, 127, -62, 127, -77, 127, -89, 127, -95, 127, -98, 127, -102, 108, -107, 70, -116, 29, -128, -13, -128, -54, -128, -91, -128, -119, -128, -128, -128]",esp32_2
CSI_DATA,129634,2025-08-27 15:31:04.207,0,stand,00:00:00:00:00:00,-64,11,0,0,0,0,0,0,0,0,0,-97,0,1,0,3875815706,0,14,0,0,0,104,0,"[0, 0, 127, -128, 127, -128, 127, -128, 127, -128, 127, -128, 109, -128, 91, -128, 62, -128, 48, -128, 28, -128, 22, -128, 29, -128, 34, -128, 53, -128, 69, -128, 69, -127, 77, -99, 74, -61, 61, -29, 38, 5, 7, 29, -24, 46, -52, 44, -82, 44, -104, 28, 51, 122, 50, 127, 41, 127, 37, 127, 29, 127, 26, 127, 22, 127, 21, 127, 24, 125, 32, 104, 38, 104, 42, 83, 54, 74, 64, 62, 74, 50, 68, 46, 71, 34, 77, 23, 77, -7, 71, -27, 72, -57, 77, -88, 81, -112, 96, -128, 111, -128, 127, -128]",esp32_1
CSI_DATA,132543,2025-08-27 15:31:04.227,0,stand,00:00:00:00:00:00,-42,11,0,0,0,0,0,0,0,0,0,-97,0,1,0,735595076,0,14,0,0,0,104,0,"[0, 0, -128, -128, -128, -128, -128, -128, -128, -128, -128, -128, -128, -128, -128, -128, -128, -128, -128, -128, -128, -128, -128, -128, -112, -114, -78, -85, -44, -52, -12, -13, 14, 31, 30, 76, 33, 120, 26, 127, 12, 127, -10, 127, -35, 127, -56, 127, -72, 127, -85, 127, 127, 96, 127, 115, 127, 127, 127, 127, 127, 127, 127, 127, 127, 114, 117, 81, 105, 41, 99, -2, 101, -44, 107, -77, 117, -101, 127, -121, 127, -128, 127, -128, 118, -128, 99, -128, 68, -128, 29, -128, -18, -128, -68, -128, -120, -128, -128, -128, -128, -128, -128, -128]",esp32_2
CSI_DATA,132544,2025-08-27 15:31:04.267,0,stand,00:00:00:00:00:00,-41,11,0,0,0,0,0,0,0,0,0,-97,0,1,0,735602758,0,14,0,0,0,104,0,"[0, 0, -128, 127, -128, 127, -128, 127, -128, 127, -128, 127, -128, 127, -128, 127, -128, 127, -128, 127, -128, 127, -128, 115, -128, 88, -99, 61, -59, 35, -14, 15, 35, 4, 82, 2, 124, 14, 127, 35, 127, 59, 127, 83, 127, 103, 127, 120, 127, 127, 127, 127, 86, -128, 109, -128, 127, -128, 127, -128, 127, -128, 127, -128, 113, -128, 80, -125, 41, -113, -2, -109, -43, -112, -76, -119, -101, -128, -119, -128, -128, -128, -128, -128, -128, -128, -128, -119, -128, -88, -128, -48, -128, -3, -128, 45, -128, 96, -128, 127, -128, 127, -128, 127]",esp32_2
CSI_DATA,129636,2025-08-27 15:31:04.291,0,stand,00:00:00:00:00:00,-64,11,0,0,0,0,0,0,0,0,0,-97,0,1,0,3875888128,0,14,0,0,0,104,0,"[0, 0, -128, 79, -128, 59, -128, 48, -128, 40, -128, 49, -128, 60, -128, 65, -128, 84, -128, 98, -128, 107, -128, 117, -128, 117, -128, 117, -128, 103, -128, 77, -128, 53, -124, 20, -94, 2, -61, -11, -24, -20, 13, -26, 48, -5, 67, 12, 80, 38, 87, 62, -2, -128, 3, -128, 9, -128, 15, -128, 27, -128, 32, -128, 26, -128, 34, -128, 23, -128, 17, -115, 7, -114, -2, -107, -12, -91, -26, -85, -32, -80, -50, -84, -53, -73, -67, -62, -72, -35, -83, -16, -95, 12, -111, 33, -128, 44, -128, 70, -128, 85, -128, 80]",esp32_1
CSI_DATA,132545,2025-08-27 15:31:04.291,0,stand,00:00:00:00:00:00,-41,11,0,0,0,0,0,0,0,0,0,-97,0,1,0,735613241,0,14,0,0,0,104,0,"[0, 0, -128, 64, -128, 59, -128, 57, -128, 57, -128, 57, -128, 56, -128, 55, -128, 53, -128, 47, -128, 37, -128, 26, -128, 15, -118, 9, -70, 6, -19, 7, 32, 18, 76, 36, 110, 63, 127, 96, 127, 127, 127, 127, 126, 127, 102, 127, 76, 127, 54, 127, 127, -128, 127, -128, 127, -128, 127, -128, 127, -117, 127, -93, 127, -79, 127, -76, 87, -83, 48, -99, 16, -120, -10, -128, -27, -128, -38, -128, -47, -128, -55, -128, -60, -128, -68, -128, -81, -128, -101, -99, -128, -62, -128, -27, -128, 4, -128, 29, -128, 46, -128, 53]",esp32_2
CSI_DATA,129637,2025-08-27 15:31:04.320,0,stand,00:00:00:00:00:00,-64,11,0,0,0,0,0,0,0,0,0,-97,0,1,0,3875924920,0,14,0,0,0,104,0,"[0, 0, 127, 55, 127, 68, 127, 78, 127, 64, 127, 49, 127, 28, 127, 10, 127, -11, 127, -29, 127, -36, 127, -40, 127, -36, 127, -33, 127, -27, 127, -4, 127, 18, 108, 29, 77, 40, 45, 36, 11, 29, -24, 17, -45, -5, -56, -31, -64, -64, -57, -83, -79, 105, -80, 99, -92, 106, -92, 97, -106, 99, -100, 90, -97, 91, -93, 83, -80, 82, -81, 75, -67, 76, -51, 80, -41, 71, -32, 74, -16, 71, 1, 85, 6, 75, 19, 75, 30, 54, 49, 46, 72, 29, 100, 17, 127, 23, 127, 19, 127, 19, 127, 29]",esp32_1
CSI_DATA,132546,2025-08-27 15:31:04.323,0,stand,00:00:00:00:00:00,-41,11,0,0,0,0,0,0,0,0,0,-97,0,1,0,735622707,0,14,0,0,0,104,0,"[0, 0, -128, 34, -128, 31, -128, 31, -128, 29, -128, 29, -128, 28, -128, 30, -128, 31, -128, 31, -128, 27, -128, 19, -128, 11, -118, 6, -70, 4, -20, 7, 30, 20, 74, 41, 107, 70, 127, 103, 127, 127, 127, 127, 122, 127, 102, 127, 77, 127, 56, 127, 127, -128, 127, -128, 127, -128, 127, -109, 127, -85, 127, -65, 127, -55, 127, -56, 99, -68, 61, -89, 30, -116, 8, -128, -7, -128, -18, -128, -26, -128, -33, -128, -39, -128, -51, -128, -67, -128, -89, -110, -120, -76, -128, -45, -128, -15, -128, 11, -128, 25, -128, 28]",esp32_2
CSI_DATA,129638,2025-08-27 15:31:04.344,0,stand,00:00:00:00:00:00,-63,11,0,0,0,0,0,0,0,0,0,-97,0,1,0,3875964318,0,14,0,0,0,104,0,"[0, 0, -128, 127, -128, 127, -128, 127, -128, 127, -120, 127, -99, 127, -76, 127, -55, 127, -38, 127, -28, 127, -21, 127, -28, 127, -29, 127, -50, 127, -62, 127, -64, 127, -75, 96, -71, 61, -55, 28, -34, 1, -1, -22, 26, -34, 56, -37, 80, -33, 97, -18, -77, -103, -76, -116, -74, -125, -73, -128, -65, -128, -59, -128, -54, -125, -48, -124, -47, -114, -55, -98, -59, -91, -60, -81, -69, -61, -77, -53, -81, -42, -80, -37, -81, -25, -80, -11, -78, 15, -70, 35, -67, 62, -68, 93, -70, 114, -83, 127, -94, 127, -108, 127]",esp32_1
CSI_DATA,132547,2025-08-27 15:31:04.344,0,stand,00:00:00:00:00:00,-41,11,0,0,0,0,0,0,0,0,0,-97,0,1,0,735632685,0,14,0,0,0,104,0,"[0, 0, -128, 106, -128, 102, -128, 100, -128, 99, -128, 97, -128, 93, -128, 90, -128, 86, -128, 77, -128, 66, -128, 52, -128, 38, -101, 24, -59, 13, -14, 7, 31, 8, 72, 18, 107, 37, 127, 62, 127, 87, 127, 111, 127, 127, 124, 127, 102, 127, 84, 127, 127, -128, 127, -128, 127, -128, 127, -128, 127, -121, 127, -99, 127, -83, 107, -78, 71, -80, 36, -89, 4, -104, -21, -121, -38, -128, -50, -128, -60, -128, -66, -128, -70, -128, -77, -128, -87, -106, -100, -72, -121, -36, -128, -1, -128, 32, -128, 60, -128, 78, -128, 87]",esp32_2
CSI_DATA,129639,2025-08-27 15:31:04.382,0,stand,00:00:00:00:00:00,-64,11,0,0,0,0,0,0,0,0,0,-97,0,1,0,3876002976,0,14,0,0,0,104,0,"[0, 0, 72, -128, 83, -128, 83, -128, 81, -128, 65, -128, 49, -128, 30, -128, 5, -128, -8, -128, -24, -128, -30, -128, -28, -128, -18, -128, -4, -128, 17, -128, 30, -128, 48, -111, 48, -77, 44, -43, 28, -8, 1, 16, -29, 32, -55, 41, -79, 42, -96, 28, 127, 43, 127, 52, 127, 63, 127, 68, 127, 79, 127, 82, 117, 81, 113, 80, 104, 73, 103, 62, 98, 51, 92, 38, 97, 24, 101, 11, 97, -3, 93, -12, 86, -20, 80, -32, 75, -49, 63, -65, 46, -91, 36, -120, 20, -128, 27, -128, 32, -128, 33, -128]",esp32_1
CSI_DATA,129640,2025-08-27 15:31:04.410,0,stand,00:00:00:00:00:00,-64,11,0,0,0,0,0,0,0,0,0,-97,0,1,0,3876025253,0,14,0,0,0,104,0,"[0, 0, 127, -128, 127, -128, 127, -128, 127, -128, 122, -128, 98, -128, 74, -128, 56, -128, 34, -128, 19, -128, 12, -128, 16, -128, 26, -128, 45, -128, 63, -128, 61, -120, 71, -100, 69, -60, 59, -31, 33, 2, 1, 22, -27, 37, -52, 43, -77, 37, -98, 23, 70, 101, 72, 117, 60, 118, 61, 127, 57, 127, 55, 127, 40, 125, 48, 125, 43, 120, 48, 93, 54, 88, 60, 81, 66, 54, 77, 51, 82, 42, 76, 33, 77, 31, 79, 10, 74, -17, 72, -32, 65, -62, 74, -94, 68, -115, 74, -128, 90, -128, 110, -128]",esp32_1
CSI_DATA,129641,2025-08-27 15:31:04.432,0,stand,00:00:00:00:00:00,-64,11,0,0,0,0,0,0,0,0,0,-97,0,1,0,3876072034,0,14,0,0,0,104,0,"[0, 0, 127, -33, 127, -17, 127, -15, 127, -8, 127, -16, 127, -29, 127, -47, 127, -69, 127, -87, 127, -98, 127, -110, 127, -113, 127, -109, 127, -94, 127, -72, 127, -45, 118, -16, 88, 8, 59, 19, 21, 32, -9, 29, -43, 16, -66, 2, -94, -20, -101, -45, -51, 125, -60, 127, -66, 127, -70, 126, -80, 127, -81, 122, -76, 112, -75, 110, -65, 103, -57, 99, -36, 91, -23, 87, -20, 85, -3, 86, 7, 88, 24, 83, 35, 75, 51, 66, 49, 48, 66, 35, 83, 12, 107, -5, 127, -31, 127, -43, 127, -50, 127, -57]",esp32_1
CSI_DATA,132549,2025-08-27 15:31:04.442,0,stand,00:00:00:00:00:00,-41,11,0,0,0,0,0,0,0,0,0,-97,0,1,0,735653323,0,14,0,0,0,104,0,"[0, 0, 127, -128, 127, -128, 127, -128, 127, -128, 127, -128, 127, -128, 127, -128, 127, -128, 127, -128, 127, -128, 127, -128, 126, -102, 92, -71, 53, -42, 10, -16, -38, 3, -86, 11, -128, 5, -128, -10, -128, -30, -128, -53, -128, -78, -128, -100, -128, -117, -128, -126, -95, 127, -117, 127, -128, 127, -128, 127, -128, 127, -128, 127, -116, 127, -81, 125, -41, 113, 1, 109, 41, 111, 73, 117, 98, 126, 118, 127, 127, 127, 127, 127, 127, 127, 127, 109, 127, 76, 127, 34, 127, -15, 127, -63, 127, -110, 127, -128, 127, -128, 127, -128]",esp32_2
CSI_DATA,129642,2025-08-27 15:31:04.464,0,stand,00:00:00:00:00:00,-64,11,0,0,0,0,0,0,0,0,0,-97,0,1,0,3876108953,0,14,0,0,0,104,0,"[0, 0, 127, -128, 127, -128, 127, -128, 127, -128, 127, -128, 127, -128, 116, -128, 83, -128, 69, -128, 52, -128, 49, -128, 48, -128, 50, -128, 79, -128, 90, -128, 93, -128, 98, -102, 91, -62, 69, -26, 39, 3, 5, 24, -39, 38, -68, 38, -98, 31, -116, 9, 84, 127, 80, 127, 77, 127, 69, 127, 69, 127, 58, 127, 55, 127, 47, 127, 51, 127, 53, 126, 54, 112, 61, 95, 78, 79, 86, 68, 93, 54, 93, 45, 93, 33, 95, 17, 96, -9, 92, -34, 91, -71, 94, -102, 99, -128, 119, -128, 127, -128, 127, -128]",esp32_1
CSI_DATA,132550,2025-08-27 15:31:04.464,0,stand,00:00:00:00:00:00,-41,11,0,0,0,0,0,0,0,0,0,-97,0,1,0,735662718,0,14,0,0,0,104,0,"[0, 0, -128, -128, -128, -128, -128, -128, -128, -128, -128, -128, -128, -128, -128, -128, -128, -128, -128, -128, -128, -126, -128, -111, -111, -92, -79, -68, -48, -40, -18, -7, 6, 31, 22, 71, 25, 109, 18, 127, 3, 127, -17, 127, -39, 127, -57, 127, -73, 127, -84, 127, 127, -9, 127, 13, 127, 37, 127, 55, 127, 66, 127, 67, 127, 56, 127, 36, 108, 6, 91, -29, 82, -64, 79, -93, 81, -116, 85, -128, 86, -128, 81, -128, 72, -128, 57, -128, 33, -128, -1, -125, -42, -120, -88, -120, -128, -128, -128, -128, -128, -128, -128, -128]",esp32_2
CSI_DATA,129643,2025-08-27 15:31:04.495,0,stand,00:00:00:00:00:00,-64,11,0,0,0,0,0,0,0,0,0,-97,0,1,0,3876135131,0,14,0,0,0,104,0,"[0, 0, -128, -128, -128, -128, -128, -128, -128, -128, -128, -128, -126, -120, -125, -93, -128, -74, -128, -65, -128, -51, -128, -53, -128, -62, -128, -64, -128, -76, -128, -79, -109, -86, -74, -85, -42, -72, -15, -53, 7, -27, 19, 1, 24, 31, 19, 56, 14, 84, -5, 96, 103, -78, 111, -73, 116, -70, 119, -65, 127, -60, 127, -55, 116, -50, 115, -47, 103, -45, 99, -51, 84, -51, 71, -58, 66, -58, 61, -68, 48, -73, 30, -85, 20, -79, 10, -81, -3, -76, -21, -70, -46, -71, -76, -73, -116, -83, -128, -98, -128, -112, -128, -128]",esp32_1
CSI_DATA,132551,2025-08-27 15:31:04.498,0,stand,00:00:00:00:00:00,-41,11,0,0,0,0,0,0,0,0,0,-97,0,1,0,735672702,0,14,0,0,0,104,0,"[0, 0, 127, -128, 127, -128, 127, -128, 127, -128, 127, -128, 127, -128, 127, -128, 127, -128, 127, -128, 127, -128, 127, -112, 127, -87, 97, -61, 57, -37, 11, -19, -39, -8, -85, -9, -126, -23, -128, -45, -128, -71, -128, -98, -128, -121, -128, -128, -128, -128, -121, -128, -55, 127, -78, 127, -104, 127, -119, 127, -124, 127, -118, 127, -99, 127, -69, 127, -32, 117, 10, 110, 50, 110, 82, 114, 105, 123, 124, 127, 127, 127, 127, 127, 127, 127, 127, 108, 127, 77, 127, 37, 127, -8, 127, -55, 127, -102, 127, -128, 127, -128, 127, -128]",esp32_2
CSI_DATA,132552,2025-08-27 15:31:04.526,0,stand,00:00:00:00:00:00,-42,11,0,0,0,0,0,0,0,0,0,-97,0,1,0,735683082,0,14,0,0,0,104,0,"[0, 0, -128, -41, -128, -45, -128, -45, -128, -42, -128, -36, -128, -30, -128, -26, -128, -22, -128, -22, -128, -22, -128, -24, -128, -23, -112, -18, -66, -11, -19, 2, 26, 24, 63, 52, 88, 86, 102, 121, 103, 127, 94, 127, 76, 127, 53, 127, 28, 127, 10, 127, 127, -128, 127, -120, 127, -92, 127, -67, 127, -45, 127, -30, 127, -26, 127, -34, 103, -51, 70, -75, 44, -103, 25, -128, 16, -128, 10, -128, 5, -128, -2, -128, -9, -128, -21, -128, -41, -128, -69, -116, -105, -89, -128, -66, -128, -48, -128, -35, -128, -29, -128, -29]",esp32_2
CSI_DATA,132553,2025-08-27 15:31:04.554,0,stand,00:00:00:00:00:00,-42,11,0,0,0,0,0,0,0,0,0,-97,0,1,0,735696239,0,14,0,0,0,104,0,"[0, 0, -128, -128, -128, -128, -128, -128, -128, -128, -128, -128, -128, -128, -128, -128, -128, -128, -128, -128, -128, -128, -125, -128, -96, -123, -68, -90, -40, -53, -15, -12, 3, 34, 12, 80, 9, 123, -4, 127, -24, 127, -48, 127, -75, 127, -95, 127, -108, 127, -117, 127, 127, 95, 127, 115, 127, 127, 127, 127, 127, 127, 127, 127, 127, 112, 118, 80, 106, 41, 101, 0, 104, -39, 111, -70, 121, -93, 127, -111, 127, -124, 127, -128, 123, -128, 105, -128, 74, -128, 35, -128, -9, -128, -57, -128, -106, -128, -128, -128, -128, -128, -128, -128]",esp32_2
CSI_DATA,129645,2025-08-27 15:31:04.576,0,stand,00:00:00:00:00:00,-63,11,0,0,0,0,0,0,0,0,0,-97,0,1,0,3876207830,0,14,0,0,0,104,0,"[0, 0, -128, 127, -128, 127, -128, 127, -128, 120, -128, 112, -128, 112, -112, 111, -95, 126, -85, 127, -72, 127, -76, 127, -78, 127, -81, 127, -95, 127, -101, 121, -100, 97, -98, 65, -81, 33, -60, 10, -34, -7, 3, -29, 36, -24, 61, -18, 79, -6, 95, 14, -51, -115, -44, -124, -45, -128, -38, -128, -32, -128, -25, -128, -24, -128, -22, -127, -20, -118, -26, -104, -31, -99, -40, -89, -48, -72, -56, -66, -66, -56, -72, -54, -71, -41, -75, -32, -75, -8, -72, 15, -79, 39, -86, 68, -101, 90, -118, 125, -128, 127, -128, 127]",esp32_1
CSI_DATA,132554,2025-08-27 15:31:04.586,0,stand,00:00:00:00:00:00,-42,11,0,0,0,0,0,0,0,0,0,-97,0,1,0,735702709,0,14,0,0,0,104,0,"[0, 0, -128, 127, -128, 127, -128, 127, -128, 127, -128, 127, -128, 127, -128, 127, -128, 127, -128, 127, -128, 113, -128, 93, -128, 70, -101, 48, -58, 28, -13, 12, 36, 3, 81, 5, 121, 19, 127, 40, 127, 64, 127, 89, 127, 112, 127, 127, 127, 127, 115, 127, 120, -128, 127, -128, 127, -128, 127, -128, 127, -128, 127, -128, 124, -123, 90, -107, 51, -100, 11, -100, -25, -107, -56, -117, -80, -128, -96, -128, -106, -128, -111, -128, -113, -128, -114, -120, -117, -89, -124, -52, -128, -9, -128, 34, -128, 76, -128, 113, -128, 127, -128, 127]",esp32_2
CSI_DATA,129646,2025-08-27 15:31:04.607,0,stand,00:00:00:00:00:00,-64,11,0,0,0,0,0,0,0,0,0,-97,0,1,0,3876244306,0,14,0,0,0,104,0,"[0, 0, 127, 96, 127, 109, 127, 102, 127, 101, 127, 82, 127, 64, 127, 41, 127, 19, 127, -1, 127, -15, 127, -18, 127, -13, 127, -7, 127, 8, 127, 24, 127, 41, 104, 49, 67, 52, 37, 48, 4, 27, -19, 8, -37, -21, -46, -46, -50, -75, -38, -98, -78, 109, -86, 109, -93, 101, -96, 100, -106, 101, -110, 95, -102, 86, -100, 84, -89, 83, -82, 80, -66, 79, -50, 83, -45, 83, -35, 89, -24, 88, -5, 85, 4, 88, 21, 82, 24, 71, 47, 66, 73, 50, 100, 48, 127, 37, 127, 42, 127, 49, 127, 60]",esp32_1
CSI_DATA,132555,2025-08-27 15:31:04.618,0,stand,00:00:00:00:00:00,-41,11,0,0,0,0,0,0,0,0,0,-97,0,1,0,735715342,0,14,0,0,0,104,0,"[0, 0, 127, -126, 127, -124, 127, -124, 127, -124, 127, -122, 127, -118, 127, -116, 127, -111, 127, -103, 127, -91, 127, -73, 127, -52, 109, -31, 64, -14, 15, -1, -36, 4, -86, 0, -128, -16, -128, -40, -128, -66, -128, -91, -128, -113, -128, -128, -128, -128, -126, -128, -128, 127, -128, 127, -128, 127, -128, 109, -128, 86, -128, 67, -128, 55, -128, 55, -89, 66, -50, 82, -15, 104, 11, 126, 29, 127, 41, 127, 50, 127, 57, 127, 62, 127, 71, 127, 85, 116, 104, 78, 127, 38, 127, -1, 127, -38, 127, -71, 127, -95, 127, -106]",esp32_2
CSI_DATA,129647,2025-08-27 15:31:04.640,0,stand,00:00:00:00:00:00,-64,11,0,0,0,0,0,0,0,0,0,-97,0,1,0,3876279737,0,14,0,0,0,104,0,"[0, 0, -128, -47, -128, -53, -128, -80, -128, -60, -128, -70, -128, -51, -128, -41, -128, -5, -128, 7, -128, 32, -128, 34, -128, 34, -128, 12, -128, 28, -128, 8, -128, -29, -111, -29, -80, -52, -38, -40, -13, -31, 24, -17, 40, 17, 46, 44, 50, 74, 40, 96, 41, -128, 44, -120, 62, -128, 54, -124, 78, -128, 74, -117, 84, -124, 90, -105, 64, -100, 73, -106, 42, -107, 29, -100, 21, -87, 8, -85, 2, -78, -28, -108, -31, -82, -40, -93, -43, -67, -67, -54, -77, -50, -103, -20, -128, -31, -128, -9, -128, -7, -128, -31]",esp32_1
CSI_DATA,129648,2025-08-27 15:31:04.664,0,stand,00:00:00:00:00:00,-64,11,0,0,0,0,0,0,0,0,0,-97,0,1,0,3876305654,0,14,0,0,0,104,0,"[0, 0, 127, -81, 127, -68, 127, -51, 127, -51, 127, -53, 127, -61, 127, -68, 127, -89, 127, -102, 127, -118, 127, -124, 127, -128, 127, -122, 127, -107, 127, -84, 127, -50, 125, -28, 95, -3, 61, 11, 24, 17, -12, 22, -45, 8, -68, -9, -84, -37, -86, -61, 13, 127, 7, 127, 0, 127, -5, 127, -13, 127, -16, 127, -16, 127, -21, 127, -13, 127, -12, 109, 6, 111, 13, 103, 19, 87, 36, 80, 44, 75, 54, 76, 60, 70, 69, 58, 74, 32, 82, 10, 90, -13, 112, -41, 127, -50, 127, -81, 127, -93, 127, -95]",esp32_1
CSI_DATA,132557,2025-08-27 15:31:04.702,0,stand,00:00:00:00:00:00,-41,11,0,0,0,0,0,0,0,0,0,-97,0,1,0,735734093,0,14,0,0,0,104,0,"[0, 0, 127, 127, 127, 127, 127, 127, 127, 127, 127, 127, 127, 127, 127, 127, 127, 127, 127, 127, 127, 127, 127, 113, 110, 96, 78, 71, 46, 40, 16, 5, -8, -34, -23, -74, -25, -115, -17, -128, -2, -128, 19, -128, 42, -128, 63, -128, 80, -128, 90, -128, -128, -8, -128, -30, -128, -54, -128, -70, -128, -80, -128, -78, -128, -64, -128, -42, -109, -11, -95, 27, -88, 64, -86, 94, -89, 116, -93, 127, -94, 127, -91, 127, -83, 127, -65, 127, -38, 127, -2, 127, 40, 125, 88, 127, 127, 127, 127, 127, 127, 127, 127, 127]",esp32_2
CSI_DATA,132558,2025-08-27 15:31:04.731,0,stand,00:00:00:00:00:00,-41,11,0,0,0,0,0,0,0,0,0,-97,0,1,0,735744980,0,14,0,0,0,104,0,"[0, 0, 127, -128, 127, -128, 127, -128, 127, -128, 127, -128, 127, -128, 127, -128, 127, -128, 127, -128, 127, -128, 127, -128, 117, -120, 86, -85, 49, -51, 8, -21, -39, 2, -87, 14, -128, 11, -128, -3, -128, -22, -128, -46, -128, -71, -128, -95, -128, -115, -128, -125, -13, 127, -38, 127, -66, 127, -85, 127, -95, 127, -93, 127, -77, 127, -49, 127, -14, 120, 27, 104, 68, 97, 102, 98, 127, 103, 127, 109, 127, 111, 127, 108, 127, 99, 127, 80, 127, 49, 127, 8, 127, -40, 127, -91, 127, -128, 127, -128, 127, -128, 127, -128]",esp32_2
CSI_DATA,129650,2025-08-27 15:31:04.746,0,stand,00:00:00:00:00:00,-64,11,0,0,0,0,0,0,0,0,0,-97,0,1,0,3876994950,0,14,0,0,0,104,0,"[0, 0, 127, 127, 127, 127, 127, 127, 127, 127, 127, 115, 127, 93, 127, 74, 127, 54, 127, 37, 127, 24, 127, 28, 127, 34, 127, 44, 127, 54, 127, 66, 118, 77, 92, 80, 49, 69, 25, 50, -4, 24, -24, 3, -34, -27, -33, -57, -22, -88, -4, -108, -82, 103, -94, 104, -96, 96, -104, 94, -110, 91, -113, 90, -105, 82, -102, 77, -94, 78, -89, 73, -70, 78, -56, 81, -54, 76, -42, 84, -30, 90, -17, 96, -9, 95, 5, 87, 18, 80, 35, 70, 61, 67, 89, 63, 127, 67, 127, 73, 127, 86, 127, 101]",esp32_1
CSI_DATA,132559,2025-08-27 15:31:04.757,0,stand,00:00:00:00:00:00,-41,11,0,0,0,0,0,0,0,0,0,-97,0,1,0,735752709,0,14,0,0,0,104,0,"[0, 0, 127, 127, 127, 127, 127, 127, 127, 127, 127, 127, 127, 127, 127, 127, 127, 127, 127, 127, 127, 127, 127, 113, 111, 95, 79, 70, 46, 40, 15, 5, -10, -34, -25, -75, -28, -116, -20, -128, -6, -128, 13, -128, 36, -128, 55, -128, 72, -128, 84, -128, -128, -40, -128, -60, -128, -81, -128, -95, -128, -102, -128, -97, -128, -80, -124, -54, -107, -22, -97, 16, -93, 54, -93, 85, -97, 108, -103, 127, -105, 127, -101, 127, -91, 127, -72, 127, -44, 127, -8, 127, 35, 126, 82, 127, 127, 127, 127, 127, 127, 127, 127, 127]",esp32_2
CSI_DATA,129651,2025-08-27 15:31:04.773,0,stand,00:00:00:00:00:00,-64,11,0,0,0,0,0,0,0,0,0,-97,0,1,0,3877003487,0,14,0,0,0,104,0,"[0, 0, 127, -103, 127, -86, 127, -72, 127, -69, 127, -68, 127, -76, 127, -85, 127, -100, 127, -115, 118, -127, 119, -128, 125, -128, 127, -128, 127, -120, 127, -100, 127, -67, 121, -36, 94, -11, 66, 11, 26, 18, -9, 26, -46, 18, -71, 3, -93, -18, -96, -42, 7, 127, 2, 127, -7, 127, -10, 127, -18, 127, -20, 127, -18, 127, -23, 127, -15, 122, -5, 109, 3, 111, 12, 99, 24, 85, 36, 79, 46, 75, 55, 76, 57, 67, 63, 55, 73, 28, 81, 10, 88, -16, 105, -41, 127, -59, 127, -92, 127, -105, 127, -103]",esp32_1
CSI_DATA,132560,2025-08-27 15:31:04.784,0,stand,00:00:00:00:00:00,-41,11,0,0,0,0,0,0,0,0,0,-97,0,1,0,735762745,0,14,0,0,0,104,0,"[0, 0, 127, 127, 127, 127, 127, 127, 127, 127, 127, 127, 127, 127, 127, 127, 127, 127, 127, 127, 127, 127, 115, 127, 88, 117, 62, 86, 37, 48, 16, 7, 1, -36, -6, -79, 0, -119, 16, -128, 37, -128, 60, -128, 83, -128, 102, -128, 115, -128, 122, -128, -128, -56, -128, -78, -128, -100, -128, -113, -128, -117, -128, -111, -128, -91, -120, -64, -104, -31, -97, 8, -97, 45, -100, 75, -107, 97, -116, 114, -120, 126, -117, 127, -108, 127, -91, 127, -63, 127, -26, 126, 16, 127, 60, 127, 105, 127, 127, 127, 127, 127, 127, 127]",esp32_2
CSI_DATA,129652,2025-08-27 15:31:04.800,0,stand,00:00:00:00:00:00,-63,11,0,0,0,0,0,0,0,0,0,-97,0,1,0,3877013456,0,14,0,0,0,104,0,"[0, 0, -128, 127, -128, 127, -128, 125, -128, 122, -128, 114, -128, 109, -111, 112, -96, 123, -87, 127, -75, 127, -80, 127, -85, 127, -86, 127, -104, 127, -108, 120, -101, 93, -100, 62, -82, 29, -62, 7, -29, -9, 5, -22, 37, -23, 63, -9, 81, 4, 95, 26, -64, -104, -63, -116, -56, -124, -55, -128, -46, -128, -46, -128, -41, -125, -37, -124, -38, -111, -42, -96, -46, -93, -53, -84, -61, -68, -72, -62, -78, -54, -79, -50, -80, -41, -84, -31, -83, -5, -84, 16, -83, 36, -90, 67, -102, 88, -115, 122, -128, 127, -128, 127]",esp32_1
CSI_DATA,132561,2025-08-27 15:31:04.816,0,stand,00:00:00:00:00:00,-41,11,0,0,0,0,0,0,0,0,0,-97,0,1,0,735772689,0,14,0,0,0,104,0,"[0, 0, -128, 127, -128, 127, -128, 127, -128, 127, -128, 127, -128, 127, -128, 127, -123, 127, -113, 127, -101, 127, -91, 127, -78, 124, -59, 88, -34, 51, -4, 16, 32, -15, 71, -35, 111, -43, 127, -40, 127, -28, 127, -12, 127, 10, 127, 34, 127, 55, 127, 68, -45, -128, -23, -128, 3, -128, 23, -128, 38, -128, 42, -128, 34, -128, 16, -128, -10, -108, -42, -88, -77, -74, -106, -67, -128, -65, -128, -67, -128, -67, -128, -62, -128, -53, -128, -37, -128, -11, -127, 24, -117, 65, -111, 111, -114, 127, -121, 127, -128, 127, -128, 127]",esp32_2
CSI_DATA,129653,2025-08-27 15:31:04.832,0,stand,00:00:00:00:00:00,-63,11,0,0,0,0,0,0,0,0,0,-97,0,1,0,3877023450,0,14,0,0,0,104,0,"[0, 0, -85, -128, -69, -128, -67, -128, -54, -128, -56, -128, -61, -128, -71, -128, -89, -127, -101, -123, -113, -114, -123, -125, -124, -128, -120, -128, -100, -128, -79, -128, -56, -125, -24, -111, -4, -85, 14, -57, 21, -23, 14, 5, 3, 40, -12, 60, -31, 79, -52, 80, 121, -32, 127, -23, 127, -14, 127, -12, 127, -7, 127, 2, 127, 4, 122, 0, 115, 3, 112, -10, 93, -15, 87, -27, 87, -33, 88, -46, 80, -51, 63, -61, 54, -61, 47, -72, 35, -76, 17, -79, -5, -92, -30, -106, -64, -121, -70, -128, -86, -128, -101, -128]",esp32_1
CSI_DATA,129654,2025-08-27 15:31:04.869,0,stand,00:00:00:00:00:00,-64,11,0,0,0,0,0,0,0,0,0,-97,0,1,0,3877033485,0,14,0,0,0,104,0,"[0, 0, 127, -63, 127, -51, 127, -35, 127, -37, 127, -37, 127, -47, 127, -59, 127, -80, 127, -98, 127, -113, 127, -123, 127, -118, 127, -120, 127, -94, 127, -74, 127, -38, 127, -18, 97, 5, 61, 17, 24, 20, -14, 18, -49, 5, -69, -14, -82, -42, -85, -70, 2, 127, -1, 127, -9, 127, -14, 127, -21, 127, -26, 127, -29, 127, -29, 127, -21, 127, -12, 115, 3, 116, 16, 110, 21, 92, 36, 91, 45, 90, 53, 89, 61, 84, 72, 68, 80, 44, 87, 25, 99, 3, 116, -21, 127, -38, 127, -67, 127, -80, 127, -74]",esp32_1
CSI_DATA,132563,2025-08-27 15:31:04.880,0,stand,00:00:00:00:00:00,-42,11,0,0,0,0,0,0,0,0,0,-97,0,1,0,735801887,0,14,0,0,0,104,0,"[0, 0, -128, 127, -128, 127, -128, 127, -128, 127, -128, 127, -126, 127, -114, 127, -105, 127, -97, 127, -89, 127, -81, 127, -70, 127, -53, 99, -30, 56, 0, 17, 35, -18, 72, -45, 113, -59, 127, -59, 127, -51, 127, -35, 127, -12, 127, 15, 127, 38, 127, 54, -69, -128, -45, -128, -17, -128, 6, -128, 23, -128, 29, -128, 22, -128, 5, -128, -21, -113, -53, -89, -88, -72, -118, -61, -128, -58, -128, -57, -128, -55, -128, -49, -128, -40, -128, -24, -128, 2, -128, 39, -119, 82, -109, 127, -107, 127, -110, 127, -114, 127, -118, 127]",esp32_2
CSI_DATA,129655,2025-08-27 15:31:04.895,0,stand,00:00:00:00:00:00,-64,11,0,0,0,0,0,0,0,0,0,-97,0,1,0,3877043810,0,14,0,0,0,104,0,"[0, 0, 15, -128, 28, -128, 28, -128, 27, -128, 21, -128, 10, -128, -8, -128, -31, -128, -45, -128, -59, -128, -64, -128, -59, -128, -52, -128, -30, -128, -14, -128, 7, -128, 27, -121, 37, -83, 38, -49, 23, -15, 2, 10, -25, 32, -53, 44, -77, 50, -95, 39, 127, -10, 127, 3, 127, 10, 127, 16, 127, 21, 127, 29, 127, 27, 127, 32, 123, 28, 123, 14, 111, 7, 105, -3, 106, -12, 106, -25, 102, -33, 93, -43, 84, -49, 79, -61, 69, -74, 50, -81, 30, -101, 16, -124, -8, -128, -12, -128, -16, -128, -21, -128]",esp32_1
CSI_DATA,132564,2025-08-27 15:31:04.910,0,stand,00:00:00:00:00:00,-42,11,0,0,0,0,0,0,0,0,0,-97,0,1,0,735805665,0,14,0,0,0,104,0,"[0, 0, -128, -103, -128, -104, -128, -102, -128, -98, -128, -90, -128, -80, -128, -72, -128, -65, -128, -59, -128, -54, -128, -51, -128, -46, -108, -36, -63, -20, -18, 1, 22, 29, 54, 63, 73, 100, 79, 127, 76, 127, 62, 127, 41, 127, 18, 127, -4, 127, -22, 127, 127, -99, 127, -76, 127, -49, 127, -25, 127, -6, 127, 6, 127, 4, 127, -11, 106, -33, 77, -62, 55, -94, 42, -123, 36, -128, 33, -128, 28, -128, 21, -128, 14, -128, 0, -128, -23, -128, -54, -125, -93, -105, -128, -90, -128, -80, -128, -75, -128, -75, -128, -80]",esp32_2
CSI_DATA,132565,2025-08-27 15:31:04.941,0,stand,00:00:00:00:00:00,-41,11,0,0,0,0,0,0,0,0,0,-97,0,1,0,735815939,0,14,0,0,0,104,0,"[0, 0, -128, -14, -128, -18, -128, -17, -128, -16, -128, -14, -128, -11, -128, -8, -128, -4, -128, -3, -128, -3, -128, -7, -128, -10, -111, -9, -66, -3, -19, 9, 25, 28, 61, 54, 86, 87, 100, 122, 101, 127, 92, 127, 75, 127, 52, 127, 29, 127, 10, 127, 127, -128, 127, -128, 127, -128, 127, -107, 127, -83, 127, -63, 127, -52, 127, -52, 91, -63, 57, -83, 29, -108, 7, -128, -7, -128, -15, -128, -21, -128, -28, -128, -35, -128, -45, -128, -63, -128, -86, -104, -117, -76, -128, -51, -128, -28, -128, -11, -128, -4, -128, -3]",esp32_2
CSI_DATA,129657,2025-08-27 15:31:04.982,0,stand,00:00:00:00:00:00,-64,11,0,0,0,0,0,0,0,0,0,-97,0,1,0,3877063606,0,14,0,0,0,104,0,"[0, 0, -128, -128, -127, -128, -119, -128, -110, -128, -102, -128, -103, -128, -106, -128, -128, -108, -128, -96, -128, -89, -128, -93, -128, -102, -128, -107, -128, -118, -115, -118, -85, -114, -52, -106, -23, -83, -1, -58, 14, -27, 18, 0, 17, 42, 4, 61, -11, 91, -31, 98, 114, -64, 126, -58, 125, -48, 127, -48, 127, -43, 127, -39, 126, -34, 125, -34, 115, -32, 109, -36, 93, -45, 83, -53, 82, -53, 74, -65, 64, -71, 46, -79, 37, -83, 27, -83, 20, -83, -4, -84, -27, -93, -57, -98, -94, -109, -106, -128, -128, -128, -128, -128]",esp32_1
CSI_DATA,129658,2025-08-27 15:31:05.023,0,stand,00:00:00:00:00:00,-64,11,0,0,0,0,0,0,0,0,0,-97,0,1,0,3877073480,0,14,0,0,0,104,0,"[0, 0, -128, -77, -128, -83, -128, -91, -128, -85, -128, -67, -128, -51, -128, -33, -128, -12, -128, 0, -128, 17, -128, 17, -128, 13, -128, 8, -128, -6, -128, -24, -128, -43, -108, -48, -73, -51, -41, -42, -5, -30, 18, -9, 34, 19, 41, 46, 39, 79, 28, 100, 48, -120, 58, -125, 58, -119, 65, -120, 78, -120, 81, -116, 76, -105, 73, -107, 66, -103, 62, -97, 42, -94, 29, -96, 26, -90, 15, -94, 4, -91, -15, -101, -22, -93, -32, -92, -41, -69, -54, -62, -74, -46, -102, -37, -128, -35, -128, -26, -128, -26, -128, -46]",esp32_1
CSI_DATA,132567,2025-08-27 15:31:05.028,0,stand,00:00:00:00:00:00,-41,11,0,0,0,0,0,0,0,0,0,-97,0,1,0,735832752,0,14,0,0,0,104,0,"[0, 0, -1, -128, 2, -128, 1, -128, 2, -128, 1, -128, -2, -128, -5, -128, -8, -128, -11, -128, -11, -128, -7, -128, -1, -128, 1, -111, 0, -65, -8, -18, -24, 29, -49, 67, -81, 91, -116, 106, -128, 110, -128, 104, -128, 90, -128, 70, -128, 45, -128, 25, 127, 127, 127, 127, 127, 127, 106, 127, 84, 127, 65, 127, 53, 127, 53, 127, 64, 93, 83, 57, 107, 26, 127, 4, 127, -10, 127, -18, 127, -24, 127, -31, 127, -38, 127, -49, 127, -66, 100, -89, 71, -120, 45, -128, 20, -128, 1, -128, -10, -128, -14, -128]",esp32_2
CSI_DATA,129659,2025-08-27 15:31:05.055,0,stand,00:00:00:00:00:00,-64,11,0,0,0,0,0,0,0,0,0,-97,0,1,0,3877083451,0,14,0,0,0,104,0,"[0, 0, -86, 127, -89, 127, -83, 127, -83, 127, -67, 127, -48, 127, -27, 127, -3, 127, 13, 127, 25, 127, 31, 127, 27, 127, 20, 127, -1, 127, -19, 127, -31, 127, -52, 118, -56, 77, -49, 45, -30, 7, -4, -20, 24, -35, 51, -48, 76, -50, 99, -38, -128, -49, -128, -61, -128, -75, -128, -77, -127, -83, -123, -87, -114, -82, -107, -87, -104, -77, -108, -62, -99, -51, -97, -35, -103, -22, -106, -10, -106, -2, -102, 9, -94, 16, -87, 28, -85, 47, -66, 67, -54, 88, -42, 114, -27, 127, -36, 127, -33, 127, -33, 127]",esp32_1
CSI_DATA,132568,2025-08-27 15:31:05.060,0,stand,00:00:00:00:00:00,-41,11,0,0,0,0,0,0,0,0,0,-97,0,1,0,735842720,0,14,0,0,0,104,0,"[0, 0, 127, 127, 127, 127, 127, 127, 127, 127, 127, 127, 127, 127, 127, 127, 127, 127, 127, 127, 122, 127, 100, 127, 77, 127, 54, 94, 34, 54, 18, 9, 10, -38, 11, -81, 23, -118, 44, -128, 68, -128, 95, -128, 119, -128, 127, -128, 127, -128, 127, -115, -128, -74, -128, -96, -128, -118, -128, -128, -128, -128, -128, -125, -128, -104, -120, -76, -107, -40, -102, 0, -104, 39, -110, 68, -118, 89, -128, 106, -128, 118, -128, 125, -122, 126, -103, 127, -74, 126, -37, 127, 4, 127, 48, 127, 93, 127, 127, 127, 127, 127, 127, 127]",esp32_2
CSI_DATA,132569,2025-08-27 15:31:05.087,0,stand,00:00:00:00:00:00,-41,11,0,0,0,0,0,0,0,0,0,-97,0,1,0,735852745,0,14,0,0,0,104,0,"[0, 0, -128, -128, -128, -128, -128, -128, -128, -128, -128, -128, -128, -128, -128, -128, -128, -128, -128, -128, -128, -128, -128, -128, -106, -109, -77, -79, -46, -45, -19, -6, 2, 37, 13, 81, 11, 122, -1, 127, -19, 127, -43, 127, -68, 127, -87, 127, -102, 127, -111, 127, 127, 42, 127, 64, 127, 87, 127, 100, 127, 108, 127, 104, 127, 86, 127, 59, 109, 25, 99, -14, 97, -53, 98, -83, 102, -106, 108, -124, 110, -128, 105, -128, 96, -128, 77, -128, 48, -128, 10, -128, -32, -128, -79, -128, -128, -128, -128, -128, -128, -128, -128, -128]",esp32_2
CSI_DATA,129660,2025-08-27 15:31:05.097,0,stand,00:00:00:00:00:00,-64,11,0,0,0,0,0,0,0,0,0,-97,0,1,0,3877093413,0,14,0,0,0,104,0,"[0, 0, 127, -128, 127, -128, 127, -128, 127, -128, 127, -128, 111, -128, 95, -127, 74, -128, 65, -128, 57, -128, 53, -128, 58, -128, 61, -128, 81, -128, 90, -128, 85, -104, 88, -76, 76, -43, 57, -19, 30, 6, -5, 20, -34, 23, -63, 19, -81, 4, -93, -14, 76, 95, 76, 105, 73, 111, 66, 114, 66, 123, 60, 120, 54, 114, 53, 115, 49, 107, 52, 90, 57, 86, 63, 75, 70, 59, 79, 50, 83, 41, 86, 40, 83, 30, 85, 17, 80, -7, 78, -26, 74, -51, 82, -78, 85, -99, 98, -128, 114, -128, 127, -128]",esp32_1
CSI_DATA,132570,2025-08-27 15:31:05.119,0,stand,00:00:00:00:00:00,-41,11,0,0,0,0,0,0,0,0,0,-97,0,1,0,735862831,0,14,0,0,0,104,0,"[0, 0, -128, 127, -128, 127, -128, 127, -128, 127, -128, 127, -128, 127, -128, 127, -128, 127, -128, 123, -128, 108, -128, 89, -128, 68, -99, 49, -58, 31, -13, 18, 35, 13, 79, 16, 117, 31, 127, 53, 127, 78, 127, 103, 127, 126, 127, 127, 124, 127, 103, 127, 97, -128, 117, -128, 127, -128, 127, -128, 127, -128, 127, -128, 115, -128, 84, -113, 48, -103, 8, -102, -30, -108, -59, -115, -81, -125, -97, -128, -109, -128, -116, -128, -117, -128, -119, -112, -121, -82, -127, -45, -128, -5, -128, 37, -128, 80, -128, 119, -128, 127, -128, 127]",esp32_2
CSI_DATA,129661,2025-08-27 15:31:05.129,0,stand,00:00:00:00:00:00,-64,11,0,0,0,0,0,0,0,0,0,-97,0,1,0,3877103444,0,14,0,0,0,104,0,"[0, 0, -128, -69, -128, -79, -128, -85, -128, -76, -128, -62, -128, -46, -128, -29, -128, -4, -128, 8, -128, 21, -128, 22, -128, 20, -128, 13, -128, -3, -128, -16, -128, -35, -106, -41, -71, -46, -40, -39, -9, -24, 17, -10, 35, 20, 40, 45, 38, 73, 32, 93, 51, -114, 61, -116, 65, -117, 67, -115, 79, -114, 81, -109, 75, -104, 75, -97, 65, -93, 62, -89, 44, -93, 32, -95, 25, -86, 15, -90, 7, -86, -13, -98, -20, -91, -29, -84, -36, -70, -54, -58, -75, -46, -99, -33, -128, -39, -128, -26, -128, -25, -128, -46]",esp32_1
CSI_DATA,132571,2025-08-27 15:31:05.146,0,stand,00:00:00:00:00:00,-41,11,0,0,0,0,0,0,0,0,0,-97,0,1,0,735873776,0,14,0,0,0,104,0,"[0, 0, -117, 127, -119, 127, -115, 127, -109, 127, -99, 127, -88, 127, -80, 127, -74, 127, -69, 127, -64, 127, -60, 127, -52, 127, -38, 101, -20, 60, 5, 21, 36, -14, 70, -40, 107, -54, 127, -57, 127, -50, 127, -34, 127, -12, 127, 14, 127, 35, 127, 50, -123, -128, -103, -128, -75, -128, -51, -128, -32, -128, -19, -128, -18, -128, -27, -128, -45, -102, -70, -74, -99, -53, -124, -38, -128, -31, -128, -28, -128, -24, -128, -17, -128, -10, -128, 3, -128, 25, -124, 56, -104, 93, -90, 127, -83, 127, -81, 127, -82, 127, -84, 127]",esp32_2
CSI_DATA,129662,2025-08-27 15:31:05.163,0,stand,00:00:00:00:00:00,-64,11,0,0,0,0,0,0,0,0,0,-97,0,1,0,3877113481,0,14,0,0,0,104,0,"[0, 0, 60, -128, 71, -128, 70, -128, 69, -128, 60, -128, 34, -128, 17, -128, -4, -128, -26, -128, -39, -128, -49, -128, -47, -128, -38, -128, -10, -128, 6, -128, 22, -128, 40, -118, 48, -83, 45, -45, 29, -13, 8, 17, -20, 40, -48, 50, -74, 54, -95, 47, 127, 42, 127, 53, 127, 63, 127, 71, 127, 73, 127, 78, 119, 76, 120, 79, 107, 67, 108, 52, 99, 44, 96, 28, 104, 18, 106, 1, 106, -4, 95, -18, 94, -24, 82, -34, 79, -57, 66, -71, 43, -93, 39, -122, 18, -128, 19, -128, 19, -128, 19, -128]",esp32_1
CSI_DATA,132572,2025-08-27 15:31:05.193,0,stand,00:00:00:00:00:00,-41,11,0,0,0,0,0,0,0,0,0,-97,0,1,0,735884306,0,14,0,0,0,104,0,"[0, 0, 127, -128, 127, -128, 127, -128, 127, -128, 127, -128, 127, -128, 127, -128, 127, -128, 127, -123, 127, -110, 127, -90, 126, -67, 93, -47, 54, -28, 12, -11, -34, -2, -79, -4, -117, -18, -128, -40, -128, -62, -128, -85, -128, -107, -128, -123, -128, -128, -112, -128, -122, 127, -128, 127, -128, 127, -128, 127, -128, 127, -128, 127, -123, 108, -91, 93, -54, 87, -15, 88, 21, 97, 49, 108, 70, 119, 85, 127, 95, 127, 101, 127, 103, 126, 105, 109, 110, 81, 118, 46, 127, 7, 127, -34, 127, -74, 127, -111, 127, -128, 127, -128]",esp32_2
CSI_DATA,132573,2025-08-27 15:31:05.214,0,stand,00:00:00:00:00:00,-41,11,0,0,0,0,0,0,0,0,0,-97,0,1,0,735892699,0,14,0,0,0,104,0,"[0, 0, 127, -128, 127, -128, 127, -128, 127, -128, 127, -128, 124, -128, 112, -128, 102, -128, 92, -128, 82, -128, 73, -128, 64, -128, 48, -105, 29, -60, 5, -15, -28, 26, -67, 57, -109, 75, -128, 79, -128, 73, -128, 60, -128, 39, -128, 12, -128, -14, -128, -33, 22, 127, -1, 127, -29, 127, -50, 127, -63, 127, -64, 127, -53, 127, -31, 127, 1, 116, 39, 94, 79, 79, 112, 72, 127, 70, 127, 69, 127, 67, 127, 60, 127, 51, 127, 32, 127, 2, 127, -37, 121, -83, 115, -128, 114, -128, 117, -128, 124, -128, 127, -128]",esp32_2
CSI_DATA,132574,2025-08-27 15:31:05.243,0,stand,00:00:00:00:00:00,-42,11,0,0,0,0,0,0,0,0,0,-97,0,1,0,735905839,0,14,0,0,0,104,0,"[0, 0, 127, 114, 127, 113, 127, 108, 127, 103, 127, 97, 127, 87, 127, 77, 127, 69, 127, 60, 127, 53, 127, 51, 127, 48, 104, 37, 61, 21, 16, -1, -25, -28, -58, -62, -77, -102, -85, -128, -83, -128, -70, -128, -49, -128, -26, -128, -2, -128, 16, -128, -128, 83, -128, 58, -128, 29, -128, 6, -128, -11, -128, -19, -128, -15, -128, -2, -110, 22, -82, 55, -60, 89, -47, 119, -42, 127, -39, 127, -35, 127, -30, 127, -21, 127, -5, 127, 19, 127, 52, 127, 93, 108, 127, 94, 127, 85, 127, 80, 127, 80, 127, 85]",esp32_2
CSI_DATA,129664,2025-08-27 15:31:05.253,0,stand,00:00:00:00:00:00,-64,11,0,0,0,0,0,0,0,0,0,-97,0,1,0,3877133456,0,14,0,0,0,104,0,"[0, 0, -27, 127, -46, 127, -39, 127, -48, 127, -35, 127, -16, 127, 11, 127, 32, 127, 56, 127, 72, 127, 81, 127, 79, 127, 69, 127, 43, 127, 16, 127, -1, 127, -31, 127, -46, 101, -49, 60, -39, 15, -15, -22, 18, -49, 49, -65, 74, -80, 109, -69, -128, -23, -128, -39, -128, -50, -128, -58, -128, -61, -128, -73, -128, -69, -128, -72, -128, -63, -128, -45, -126, -27, -117, -16, -127, -6, -128, 12, -127, 27, -114, 37, -109, 45, -90, 60, -86, 74, -67, 95, -41, 115, -21, 127, 6, 127, 8, 127, 13, 127, 21, 127]",esp32_1
CSI_DATA,132575,2025-08-27 15:31:05.264,0,stand,00:00:00:00:00:00,-41,11,0,0,0,0,0,0,0,0,0,-97,0,1,0,735912718,0,14,0,0,0,104,0,"[0, 0, -62, -128, -60, -128, -55, -128, -54, -128, -58, -128, -60, -128, -60, -128, -59, -128, -54, -128, -46, -128, -36, -128, -24, -128, -15, -101, -8, -59, -5, -13, -10, 34, -23, 75, -46, 108, -73, 127, -100, 127, -127, 127, -128, 127, -128, 114, -128, 89, -128, 70, 127, 127, 127, 127, 123, 127, 98, 127, 76, 127, 59, 127, 49, 127, 49, 120, 59, 84, 75, 49, 96, 19, 116, -3, 127, -18, 127, -28, 127, -36, 127, -43, 127, -50, 127, -60, 109, -74, 79, -93, 48, -121, 18, -128, -6, -128, -25, -128, -39, -128, -44, -128]",esp32_2
CSI_DATA,129665,2025-08-27 15:31:05.277,0,stand,00:00:00:00:00:00,-64,11,0,0,0,0,0,0,0,0,0,-97,0,1,0,3877143475,0,14,0,0,0,104,0,"[0, 0, 127, -83, 127, -69, 127, -51, 127, -52, 127, -48, 127, -55, 127, -68, 127, -85, 127, -100, 127, -109, 127, -118, 127, -118, 127, -111, 127, -101, 127, -76, 127, -49, 120, -20, 90, 6, 63, 17, 27, 21, -13, 20, -47, 7, -65, -17, -79, -40, -80, -65, 24, 127, 19, 127, 18, 127, 10, 127, 4, 127, -1, 127, -4, 127, -7, 127, 2, 122, 3, 110, 13, 107, 26, 100, 29, 81, 41, 82, 52, 72, 61, 74, 63, 67, 75, 58, 74, 35, 82, 11, 90, -11, 103, -38, 127, -48, 127, -77, 127, -90, 127, -87]",esp32_1
CSI_DATA,132576,2025-08-27 15:31:05.287,0,stand,00:00:00:00:00:00,-41,11,0,0,0,0,0,0,0,0,0,-97,0,1,0,735922711,0,14,0,0,0,104,0,"[0, 0, -128, -110, -128, -111, -128, -107, -128, -102, -128, -93, -128, -83, -128, -74, -128, -65, -128, -58, -128, -53, -128, -50, -128, -46, -97, -36, -56, -21, -15, -1, 24, 25, 54, 57, 73, 91, 80, 126, 76, 127, 65, 127, 45, 127, 24, 127, 2, 127, -14, 127, 127, -60, 127, -39, 127, -13, 127, 7, 127, 22, 127, 29, 127, 24, 127, 9, 100, -15, 76, -45, 59, -77, 49, -105, 43, -128, 41, -128, 38, -128, 31, -128, 22, -128, 8, -128, -14, -128, -45, -114, -84, -98, -128, -87, -128, -81, -128, -79, -128, -82, -128, -88]",esp32_2
CSI_DATA,132577,2025-08-27 15:31:05.305,0,stand,00:00:00:00:00:00,-41,11,0,0,0,0,0,0,0,0,0,-97,0,1,0,735932690,0,14,0,0,0,104,0,"[0, 0, -128, -128, -128, -128, -128, -128, -128, -128, -128, -128, -128, -128, -128, -128, -128, -128, -128, -128, -128, -128, -128, -128, -120, -112, -83, -84, -45, -50, -10, -11, 19, 35, 35, 83, 36, 127, 29, 127, 12, 127, -11, 127, -35, 127, -56, 127, -74, 127, -87, 127, 127, 106, 127, 127, 127, 127, 127, 127, 127, 127, 127, 127, 127, 121, 119, 86, 105, 47, 99, 2, 100, -41, 106, -74, 114, -99, 123, -118, 126, -128, 123, -128, 111, -128, 87, -128, 55, -128, 14, -128, -34, -128, -83, -128, -128, -128, -128, -128, -128, -128, -128, -128]",esp32_2
CSI_DATA,129666,2025-08-27 15:31:05.311,0,stand,00:00:00:00:00:00,-64,11,0,0,0,0,0,0,0,0,0,-97,0,1,0,3877153435,0,14,0,0,0,104,0,"[0, 0, -128, 14, -128, 4, -128, -10, -128, -5, -128, -2, -128, 7, -128, 24, -128, 44, -128, 62, -128, 79, -128, 85, -128, 86, -128, 79, -128, 63, -128, 37, -128, 14, -120, -6, -89, -23, -53, -28, -15, -24, 17, -19, 47, 2, 61, 23, 72, 52, 66, 77, 11, -128, 23, -128, 27, -128, 28, -128, 39, -128, 39, -128, 43, -124, 42, -127, 35, -117, 25, -106, 11, -108, 2, -103, -6, -91, -20, -90, -26, -87, -40, -88, -49, -84, -60, -76, -65, -53, -73, -37, -92, -16, -112, 5, -128, 14, -128, 37, -128, 46, -128, 33]",esp32_1
CSI_DATA,132578,2025-08-27 15:31:05.329,0,stand,00:00:00:00:00:00,-41,11,0,0,0,0,0,0,0,0,0,-97,0,1,0,735942739,0,14,0,0,0,104,0,"[0, 0, -128, 127, -128, 127, -128, 127, -128, 127, -128, 127, -128, 127, -128, 127, -128, 127, -128, 127, -128, 127, -113, 127, -95, 110, -70, 78, -41, 46, -6, 15, 34, -9, 75, -23, 115, -26, 127, -19, 127, -4, 127, 15, 127, 37, 127, 59, 127, 78, 127, 89, 17, -128, 39, -128, 63, -128, 78, -128, 86, -128, 83, -128, 69, -128, 46, -125, 15, -107, -21, -94, -58, -89, -88, -87, -111, -88, -128, -92, -128, -93, -128, -88, -128, -78, -128, -60, -128, -33, -128, 4, -127, 46, -128, 92, -128, 127, -128, 127, -128, 127, -128, 127]",esp32_2
CSI_DATA,129667,2025-08-27 15:31:05.341,0,stand,00:00:00:00:00:00,-68,11,0,0,0,0,0,0,0,0,0,-97,0,1,0,3877163429,0,14,0,0,0,104,0,"[0, 0, 127, -86, 127, -83, 127, -79, 127, -78, 127, -77, 127, -84, 127, -95, 125, -112, 121, -121, 121, -128, 113, -128, 120, -128, 127, -128, 127, -128, 127, -123, 127, -99, 127, -68, 104, -33, 69, -12, 34, 14, -10, 19, -52, 18, -97, 8, -127, -18, -128, -49, -10, 120, -12, 122, -13, 127, -20, 127, -21, 127, -25, 124, -23, 124, -18, 115, -12, 108, -9, 86, 1, 98, 7, 97, 19, 78, 27, 74, 37, 61, 44, 66, 44, 58, 57, 50, 58, 29, 68, 3, 75, -12, 85, -29, 103, -39, 121, -64, 127, -77, 127, -83]",esp32_1
CSI_DATA,132579,2025-08-27 15:31:05.353,0,stand,00:00:00:00:00:00,-41,11,0,0,0,0,0,0,0,0,0,-97,0,1,0,735952709,0,14,0,0,0,104,0,"[0, 0, 127, -128, 127, -128, 127, -128, 127, -128, 127, -128, 127, -128, 127, -128, 127, -128, 127, -128, 127, -120, 127, -98, 123, -73, 90, -51, 52, -30, 9, -13, -37, -2, -80, 0, -119, -9, -128, -27, -128, -49, -128, -74, -128, -98, -128, -118, -128, -128, -124, -128, -126, 127, -128, 127, -128, 127, -128, 127, -128, 127, -128, 127, -123, 111, -91, 97, -55, 91, -17, 94, 19, 101, 48, 111, 68, 122, 83, 127, 95, 127, 102, 127, 105, 123, 108, 105, 113, 75, 120, 38, 127, -3, 127, -44, 127, -84, 127, -120, 127, -128, 127, -128]",esp32_2
CSI_DATA,129668,2025-08-27 15:31:05.370,0,stand,00:00:00:00:00:00,-64,11,0,0,0,0,0,0,0,0,0,-97,0,1,0,3877173473,0,14,0,0,0,104,0,"[0, 0, 127, -74, 127, -60, 127, -46, 127, -45, 127, -46, 127, -52, 127, -61, 127, -80, 127, -96, 125, -110, 127, -120, 127, -118, 127, -114, 127, -100, 127, -77, 127, -48, 120, -21, 89, 1, 61, 12, 21, 19, -14, 16, -44, 8, -67, -10, -82, -33, -85, -60, 6, 127, 3, 127, -1, 127, -9, 127, -16, 127, -18, 127, -19, 127, -19, 127, -12, 121, -8, 108, 9, 106, 22, 100, 25, 87, 33, 86, 43, 80, 54, 80, 61, 71, 68, 63, 72, 35, 79, 17, 88, -3, 109, -30, 127, -43, 127, -71, 127, -84, 127, -77]",esp32_1
CSI_DATA,132580,2025-08-27 15:31:05.373,0,stand,00:00:00:00:00:00,-41,11,0,0,0,0,0,0,0,0,0,-97,0,1,0,735962709,0,14,0,0,0,104,0,"[0, 0, 127, 120, 127, 121, 127, 118, 127, 111, 127, 102, 127, 93, 127, 84, 127, 76, 127, 68, 127, 60, 127, 55, 105, 47, 75, 35, 44, 19, 14, -2, -14, -27, -35, -55, -46, -86, -48, -117, -42, -128, -28, -128, -11, -128, 7, -128, 24, -128, 36, -128, -128, 47, -128, 29, -128, 7, -128, -11, -128, -23, -128, -27, -128, -22, -110, -9, -87, 11, -69, 36, -55, 63, -46, 86, -43, 105, -44, 119, -42, 127, -37, 127, -29, 127, -16, 122, 4, 111, 30, 98, 62, 88, 100, 82, 127, 81, 127, 82, 127, 87, 127, 93]",esp32_2
CSI_DATA,129669,2025-08-27 15:31:05.395,0,stand,00:00:00:00:00:00,-64,11,0,0,0,0,0,0,0,0,0,-97,0,1,0,3877184032,0,14,0,0,0,104,0,"[0, 0, -120, 127, -127, 127, -116, 127, -114, 127, -97, 127, -74, 127, -55, 127, -33, 127, -14, 127, -3, 127, 0, 127, -8, 127, -10, 127, -39, 127, -47, 127, -56, 127, -70, 106, -66, 66, -55, 33, -33, 3, 0, -19, 32, -33, 60, -36, 85, -33, 105, -16, -118, -61, -123, -75, -119, -87, -118, -91, -114, -97, -111, -101, -102, -97, -100, -96, -93, -86, -99, -72, -92, -62, -94, -50, -102, -34, -109, -22, -105, -17, -101, -2, -96, 3, -92, 13, -87, 37, -75, 56, -68, 80, -60, 108, -47, 127, -61, 127, -67, 127, -73, 127]",esp32_1
CSI_DATA,132581,2025-08-27 15:31:05.395,0,stand,00:00:00:00:00:00,-41,11,0,0,0,0,0,0,0,0,0,-97,0,1,0,735972762,0,14,0,0,0,104,0,"[0, 0, 127, 116, 127, 115, 127, 111, 127, 105, 127, 96, 127, 84, 127, 74, 127, 67, 127, 59, 127, 54, 127, 51, 127, 47, 98, 36, 57, 20, 15, -1, -23, -28, -54, -61, -73, -98, -79, -128, -75, -128, -61, -128, -41, -128, -18, -128, 3, -128, 21, -128, -128, 74, -128, 51, -128, 25, -128, 4, -128, -13, -128, -20, -128, -17, -128, -4, -105, 20, -81, 50, -62, 82, -50, 109, -44, 127, -41, 127, -38, 127, -31, 127, -22, 127, -5, 127, 20, 127, 51, 116, 90, 99, 127, 88, 127, 83, 127, 80, 127, 82, 127, 87]",esp32_2
CSI_DATA,132582,2025-08-27 15:31:05.417,0,stand,00:00:00:00:00:00,-41,11,0,0,0,0,0,0,0,0,0,-97,0,1,0,735982710,0,14,0,0,0,104,0,"[0, 0, -128, 127, -128, 127, -128, 127, -128, 127, -128, 127, -128, 127, -128, 127, -128, 127, -128, 124, -128, 112, -128, 94, -128, 71, -109, 48, -63, 27, -13, 13, 39, 8, 87, 14, 127, 31, 127, 58, 127, 87, 127, 114, 127, 127, 127, 127, 127, 127, 121, 127, 127, -128, 127, -128, 127, -128, 127, -128, 127, -128, 127, -128, 127, -117, 112, -102, 70, -99, 25, -103, -17, -114, -50, -127, -73, -128, -89, -128, -100, -128, -106, -128, -110, -128, -116, -128, -123, -99, -128, -59, -128, -17, -128, 27, -128, 74, -128, 118, -128, 127, -128, 127]",esp32_2
CSI_DATA,129670,2025-08-27 15:31:05.427,0,stand,00:00:00:00:00:00,-64,11,0,0,0,0,0,0,0,0,0,-97,0,1,0,3877193459,0,14,0,0,0,104,0,"[0, 0, -128, -128, -128, -128, -128, -128, -128, -128, -128, -128, -128, -104, -128, -84, -128, -57, -128, -45, -128, -30, -128, -32, -128, -40, -128, -45, -128, -60, -128, -70, -128, -84, -92, -82, -56, -71, -29, -54, 0, -28, 16, -4, 27, 33, 29, 58, 18, 93, 1, 109, 87, -106, 100, -110, 103, -102, 108, -102, 115, -97, 119, -93, 107, -85, 106, -82, 98, -80, 95, -81, 67, -84, 54, -90, 57, -86, 47, -94, 36, -96, 14, -107, 5, -103, -7, -98, -17, -88, -35, -80, -61, -75, -93, -75, -128, -80, -128, -85, -128, -96, -128, -114]",esp32_1
CSI_DATA,132583,2025-08-27 15:31:05.446,0,stand,00:00:00:00:00:00,-41,11,0,0,0,0,0,0,0,0,0,-97,0,1,0,736017110,0,14,0,0,0,104,0,"[0, 0, -128, -128, -128, -128, -128, -128, -128, -128, -128, -128, -125, -128, -120, -128, -113, -128, -102, -128, -90, -128, -74, -128, -56, -128, -38, -99, -24, -58, -15, -14, -15, 33, -24, 77, -42, 110, -68, 127, -95, 127, -122, 127, -128, 127, -128, 119, -128, 95, -128, 76, 127, 88, 127, 108, 127, 127, 127, 127, 127, 127, 127, 127, 125, 108, 108, 78, 98, 44, 95, 8, 101, -26, 110, -54, 121, -74, 127, -89, 127, -100, 127, -106, 126, -108, 107, -111, 80, -115, 46, -122, 8, -128, -29, -128, -62, -128, -91, -128, -115, -128, -128, -128]",esp32_2
CSI_DATA,129671,2025-08-27 15:31:05.456,0,stand,00:00:00:00:00:00,-64,11,0,0,0,0,0,0,0,0,0,-97,0,1,0,3877203795,0,14,0,0,0,104,0,"[0, 0, -128, -56, -128, -68, -128, -77, -128, -64, -128, -52, -128, -37, -128, -16, -128, 8, -128, 22, -128, 39, -128, 43, -128, 38, -128, 33, -128, 9, -128, -7, -128, -26, -123, -39, -84, -45, -47, -46, -15, -26, 18, -11, 37, 18, 50, 48, 51, 78, 37, 103, 39, -128, 51, -128, 53, -128, 56, -128, 67, -128, 71, -128, 66, -121, 65, -121, 56, -113, 50, -107, 32, -110, 19, -110, 14, -96, 2, -101, -8, -98, -23, -110, -29, -101, -42, -90, -54, -73, -64, -58, -90, -40, -117, -27, -128, -23, -128, -11, -128, -7, -128, -26]",esp32_1
CSI_DATA,132584,2025-08-27 15:31:05.467,0,stand,00:00:00:00:00:00,-41,11,0,0,0,0,0,0,0,0,0,-97,0,1,0,736041721,0,14,0,0,0,104,0,"[0, 0, -128, 81, -128, 74, -128, 74, -128, 73, -128, 73, -128, 73, -128, 72, -128, 69, -128, 64, -128, 57, -128, 46, -128, 34, -116, 23, -69, 15, -17, 15, 35, 26, 79, 45, 111, 73, 127, 105, 127, 127, 127, 127, 127, 127, 106, 127, 79, 127, 58, 127, 127, -128, 127, -128, 127, -128, 127, -128, 127, -128, 127, -120, 127, -100, 117, -92, 77, -93, 35, -102, -3, -119, -31, -128, -50, -128, -63, -128, -73, -128, -79, -128, -85, -128, -93, -128, -104, -121, -122, -82, -128, -44, -128, -10, -128, 25, -128, 56, -128, 76, -128, 84]",esp32_2
CSI_DATA,132585,2025-08-27 15:31:05.488,0,stand,00:00:00:00:00:00,-41,11,0,0,0,0,0,0,0,0,0,-97,0,1,0,736067210,0,14,0,0,0,104,0,"[0, 0, -128, 63, -128, 59, -128, 57, -128, 56, -128, 56, -128, 56, -128, 55, -128, 53, -128, 48, -128, 41, -128, 29, -128, 19, -114, 13, -65, 10, -16, 13, 32, 27, 74, 49, 105, 78, 125, 112, 127, 127, 125, 127, 108, 127, 84, 127, 57, 127, 36, 127, 127, -128, 127, -128, 127, -128, 127, -128, 127, -128, 127, -118, 127, -99, 111, -91, 73, -91, 34, -100, 0, -117, -26, -128, -45, -128, -60, -128, -70, -128, -77, -128, -82, -128, -90, -128, -102, -120, -119, -83, -128, -47, -128, -15, -128, 15, -128, 39, -128, 55, -128, 61]",esp32_2
CSI_DATA,132586,2025-08-27 15:31:05.512,0,stand,00:00:00:00:00:00,-41,11,0,0,0,0,0,0,0,0,0,-97,0,1,0,736113802,0,14,0,0,0,104,0,"[0, 0, 127, -128, 127, -128, 127, -128, 127, -128, 127, -128, 127, -128, 127, -128, 127, -128, 127, -128, 127, -128, 127, -119, 114, -91, 83, -61, 48, -33, 9, -9, -34, 9, -78, 17, -120, 13, -128, -1, -128, -19, -128, -43, -128, -68, -128, -90, -128, -107, -128, -115, -90, 127, -110, 127, -128, 127, -128, 127, -128, 127, -128, 127, -109, 125, -80, 108, -44, 97, -5, 92, 32, 93, 63, 98, 85, 106, 101, 114, 113, 115, 121, 111, 122, 102, 121, 83, 121, 52, 124, 15, 127, -26, 127, -71, 127, -117, 127, -128, 127, -128, 127, -128]",esp32_2
CSI_DATA,132587,2025-08-27 15:31:05.536,0,stand,00:00:00:00:00:00,-41,11,0,0,0,0,0,0,0,0,0,-97,0,1,0,736150036,0,14,0,0,0,104,0,"[0, 0, 127, -128, 127, -128, 127, -128, 127, -128, 127, -128, 127, -128, 127, -128, 127, -128, 117, -128, 102, -128, 90, -128, 76, -127, 58, -88, 36, -50, 5, -13, -34, 21, -75, 41, -117, 46, -128, 43, -128, 30, -128, 12, -128, -8, -128, -30, -128, -53, -128, -69, -2, 127, -26, 127, -52, 127, -68, 127, -75, 127, -75, 127, -64, 127, -42, 122, -13, 101, 22, 84, 57, 75, 87, 71, 111, 69, 127, 70, 127, 68, 127, 62, 127, 50, 127, 29, 127, 0, 125, -34, 123, -77, 125, -122, 127, -128, 127, -128, 127, -128, 127, -128]",esp32_2
CSI_DATA,132588,2025-08-27 15:31:05.557,0,stand,00:00:00:00:00:00,-41,11,0,0,0,0,0,0,0,0,0,-97,0,1,0,736175758,0,14,0,0,0,104,0,"[0, 0, 127, 127, 127, 127, 127, 127, 127, 127, 127, 127, 127, 127, 127, 127, 127, 127, 127, 127, 127, 127, 117, 127, 90, 115, 63, 85, 37, 48, 14, 7, -1, -37, -6, -81, 1, -121, 17, -128, 39, -128, 65, -128, 90, -128, 107, -128, 120, -128, 126, -128, -128, -54, -128, -74, -128, -97, -128, -109, -128, -114, -128, -107, -128, -89, -118, -63, -104, -30, -96, 9, -94, 46, -96, 75, -102, 97, -109, 115, -112, 127, -110, 127, -101, 127, -82, 127, -54, 127, -19, 127, 21, 127, 66, 127, 111, 127, 127, 127, 127, 127, 127, 127]",esp32_2
CSI_DATA,129673,2025-08-27 15:31:05.561,0,stand,00:00:00:00:00:00,-64,11,0,0,0,0,0,0,0,0,0,-97,0,1,0,3877223557,0,14,0,0,0,104,0,"[0, 0, -128, -128, -128, -128, -128, -128, -128, -128, -128, -128, -127, -122, -128, -104, -128, -82, -128, -71, -128, -54, -128, -63, -128, -66, -128, -72, -128, -87, -128, -90, -112, -97, -77, -92, -41, -77, -13, -58, 8, -32, 21, -5, 26, 31, 26, 59, 15, 92, -3, 105, 115, -68, 124, -61, 123, -55, 127, -51, 127, -47, 127, -42, 124, -40, 123, -37, 111, -40, 106, -42, 85, -50, 76, -59, 75, -58, 66, -68, 58, -75, 37, -79, 27, -82, 17, -87, 8, -78, -16, -78, -40, -81, -67, -86, -115, -94, -128, -110, -128, -122, -128, -128]",esp32_1
CSI_DATA,132589,2025-08-27 15:31:05.579,0,stand,00:00:00:00:00:00,-41,11,0,0,0,0,0,0,0,0,0,-97,0,1,0,736213833,0,14,0,0,0,104,0,"[0, 0, 127, 11, 127, 11, 127, 9, 127, 7, 127, 4, 127, 1, 127, -2, 127, -5, 127, -7, 127, -5, 127, 0, 126, 5, 91, 6, 53, 4, 14, -5, -25, -21, -58, -43, -81, -71, -93, -102, -95, -128, -88, -128, -73, -128, -53, -128, -32, -128, -16, -128, -128, 127, -128, 127, -128, 105, -128, 83, -128, 63, -128, 47, -128, 38, -111, 39, -79, 49, -50, 67, -24, 88, -6, 107, 5, 124, 13, 127, 18, 127, 23, 127, 30, 127, 41, 127, 57, 107, 76, 85, 104, 62, 127, 41, 127, 23, 127, 8, 127, 0, 127, 0]",esp32_2
CSI_DATA,129674,2025-08-27 15:31:05.590,0,stand,00:00:00:00:00:00,-64,11,0,0,0,0,0,0,0,0,0,-97,0,1,0,3877233462,0,14,0,0,0,104,0,"[0, 0, -128, 127, -128, 121, -128, 111, -128, 102, -128, 100, -128, 98, -128, 104, -114, 116, -103, 127, -97, 127, -96, 127, -105, 127, -108, 127, -125, 127, -125, 112, -115, 81, -112, 50, -90, 22, -62, 1, -33, -16, 7, -26, 39, -18, 67, -11, 88, 10, 98, 34, -41, -123, -38, -128, -38, -128, -31, -128, -24, -128, -20, -128, -17, -128, -16, -128, -17, -124, -24, -108, -26, -106, -38, -93, -44, -80, -58, -72, -63, -64, -72, -63, -75, -53, -76, -42, -78, -16, -83, 7, -89, 35, -97, 61, -119, 79, -128, 112, -128, 127, -128, 127]",esp32_1
CSI_DATA,132590,2025-08-27 15:31:05.601,0,stand,00:00:00:00:00:00,-41,11,0,0,0,0,0,0,0,0,0,-97,0,1,0,736236941,0,14,0,0,0,104,0,"[0, 0, 127, 116, 127, 117, 127, 116, 127, 111, 127, 99, 127, 87, 127, 80, 127, 72, 127, 65, 127, 61, 127, 58, 122, 51, 87, 39, 51, 23, 14, 1, -19, -27, -45, -60, -57, -94, -60, -128, -54, -128, -39, -128, -18, -128, 3, -128, 23, -128, 37, -128, -128, 73, -128, 54, -128, 30, -128, 8, -128, -7, -128, -14, -128, -11, -122, 0, -95, 19, -72, 45, -55, 73, -45, 98, -39, 118, -36, 127, -33, 127, -29, 127, -21, 127, -3, 127, 19, 122, 46, 106, 80, 92, 121, 85, 127, 83, 127, 86, 127, 94, 127, 102]",esp32_2
CSI_DATA,129675,2025-08-27 15:31:05.615,0,stand,00:00:00:00:00:00,-64,11,0,0,0,0,0,0,0,0,0,-97,0,1,0,3877243412,0,14,0,0,0,104,0,"[0, 0, -128, 127, -128, 127, -128, 127, -128, 127, -128, 119, -128, 117, -114, 118, -103, 127, -86, 127, -79, 127, -75, 127, -82, 127, -88, 127, -109, 127, -115, 126, -107, 94, -103, 64, -87, 33, -64, 5, -34, -14, 7, -24, 41, -27, 63, -17, 88, -3, 102, 20, -58, -114, -58, -124, -54, -128, -48, -128, -41, -128, -39, -128, -33, -128, -31, -126, -31, -118, -39, -102, -45, -101, -51, -94, -59, -71, -66, -62, -73, -57, -76, -52, -79, -44, -82, -30, -82, -5, -82, 20, -82, 46, -92, 71, -102, 95, -120, 127, -128, 127, -128, 127]",esp32_1
CSI_DATA,132591,2025-08-27 15:31:05.626,0,stand,00:00:00:00:00:00,-41,11,0,0,0,0,0,0,0,0,0,-97,0,1,0,736270072,0,14,0,0,0,104,0,"[0, 0, 127, -54, 127, -52, 127, -54, 127, -55, 127, -57, 127, -60, 127, -62, 127, -61, 127, -56, 127, -49, 127, -37, 127, -24, 102, -16, 58, -12, 11, -12, -35, -20, -78, -36, -110, -63, -128, -95, -128, -124, -128, -128, -122, -128, -100, -128, -76, -128, -55, -128, -128, 127, -128, 127, -128, 127, -128, 127, -128, 108, -128, 87, -128, 73, -111, 67, -76, 70, -41, 82, -9, 98, 14, 114, 29, 127, 41, 127, 52, 127, 60, 127, 68, 127, 80, 122, 95, 97, 113, 66, 127, 35, 127, 6, 127, -18, 127, -37, 127, -50, 127, -56]",esp32_2
CSI_DATA,132592,2025-08-27 15:31:05.639,0,stand,00:00:00:00:00:00,-41,11,0,0,0,0,0,0,0,0,0,-97,0,1,0,736294449,0,14,0,0,0,104,0,"[0, 0, 96, 127, 92, 127, 93, 127, 92, 127, 91, 127, 91, 127, 90, 127, 86, 127, 79, 127, 68, 127, 53, 127, 36, 127, 22, 119, 12, 68, 9, 14, 13, -39, 29, -88, 56, -126, 88, -128, 121, -128, 127, -128, 127, -128, 127, -128, 127, -101, 127, -78, -128, -128, -128, -128, -128, -128, -128, -128, -128, -128, -118, -128, -98, -128, -89, -123, -89, -82, -99, -41, -115, -3, -128, 26, -128, 46, -128, 60, -128, 71, -128, 81, -128, 87, -128, 96, -116, 108, -80, 126, -41, 127, -3, 127, 31, 127, 61, 127, 83, 127, 94, 127]",esp32_2
CSI_DATA,129676,2025-08-27 15:31:05.650,0,stand,00:00:00:00:00:00,-64,11,0,0,0,0,0,0,0,0,0,-97,0,1,0,3877253461,0,14,0,0,0,104,0,"[0, 0, -128, -128, -128, -128, -128, -128, -113, -128, -108, -128, -105, -128, -109, -126, -126, -102, -128, -92, -128, -83, -128, -90, -128, -93, -128, -98, -128, -109, -123, -112, -95, -116, -60, -104, -28, -85, -3, -59, 15, -28, 21, -1, 22, 37, 16, 60, 1, 93, -21, 106, 124, -46, 127, -42, 127, -37, 127, -33, 127, -28, 127, -24, 127, -19, 125, -18, 113, -23, 112, -25, 94, -37, 86, -44, 80, -46, 75, -57, 65, -65, 51, -78, 39, -82, 28, -84, 19, -73, -4, -77, -33, -85, -56, -94, -96, -115, -111, -128, -128, -128, -128, -128]",esp32_1
CSI_DATA,132593,2025-08-27 15:31:05.671,0,stand,00:00:00:00:00:00,-42,11,0,0,0,0,0,0,0,0,0,-97,0,1,0,736330106,0,14,0,0,0,104,0,"[0, 0, 127, -128, 127, -128, 127, -128, 127, -128, 127, -128, 127, -128, 115, -128, 105, -128, 97, -128, 90, -128, 81, -128, 68, -117, 51, -84, 29, -49, 2, -14, -32, 16, -70, 38, -109, 47, -128, 45, -128, 35, -128, 18, -128, -5, -128, -31, -128, -52, -128, -66, 1, 127, -18, 127, -41, 127, -57, 127, -66, 127, -65, 127, -51, 127, -29, 114, -4, 92, 26, 77, 57, 69, 83, 65, 103, 65, 122, 66, 127, 62, 127, 55, 127, 44, 127, 26, 127, -1, 120, -36, 114, -75, 114, -115, 122, -128, 127, -128, 127, -128, 127, -128]",esp32_2
CSI_DATA,129677,2025-08-27 15:31:05.673,0,stand,00:00:00:00:00:00,-64,11,0,0,0,0,0,0,0,0,0,-97,0,1,0,3877263459,0,14,0,0,0,104,0,"[0, 0, 127, 127, 127, 127, 127, 127, 127, 127, 127, 113, 127, 90, 127, 69, 127, 47, 127, 31, 127, 17, 127, 19, 127, 20, 127, 28, 127, 41, 127, 58, 127, 70, 97, 70, 58, 64, 29, 51, -1, 25, -20, 4, -34, -28, -34, -54, -30, -86, -11, -106, -93, 91, -101, 88, -106, 88, -112, 85, -116, 83, -115, 77, -111, 73, -108, 70, -95, 72, -91, 70, -73, 73, -61, 77, -57, 78, -48, 86, -39, 86, -20, 95, -11, 91, 2, 90, 18, 79, 33, 74, 59, 69, 90, 63, 127, 69, 127, 72, 127, 85, 127, 107]",esp32_1
CSI_DATA,132594,2025-08-27 15:31:05.687,0,stand,00:00:00:00:00:00,-41,11,0,0,0,0,0,0,0,0,0,-97,0,1,0,736368991,0,14,0,0,0,104,0,"[0, 0, 127, -128, 127, -128, 127, -128, 127, -128, 127, -128, 127, -128, 127, -128, 127, -128, 127, -128, 127, -128, 127, -119, 110, -91, 81, -64, 48, -38, 9, -15, -35, 1, -79, 7, -120, 2, -128, -13, -128, -34, -128, -59, -128, -83, -128, -103, -128, -118, -128, -125, -67, 127, -88, 127, -110, 127, -122, 127, -125, 127, -117, 127, -99, 127, -71, 112, -36, 98, 2, 92, 38, 93, 67, 96, 89, 101, 104, 107, 116, 109, 122, 105, 123, 95, 123, 76, 125, 46, 127, 10, 127, -30, 127, -73, 127, -118, 127, -128, 127, -128, 127, -128]",esp32_2
CSI_DATA,132595,2025-08-27 15:31:05.716,0,stand,00:00:00:00:00:00,-42,11,0,0,0,0,0,0,0,0,0,-97,0,1,0,736417608,0,14,0,0,0,104,0,"[0, 0, -128, 127, -128, 127, -128, 127, -128, 127, -128, 127, -128, 127, -128, 127, -128, 127, -128, 127, -128, 127, -128, 125, -121, 97, -91, 63, -56, 30, -14, 2, 33, -20, 80, -30, 124, -27, 127, -16, 127, 3, 127, 26, 127, 49, 127, 71, 127, 91, 127, 102, 127, -128, 127, -128, 127, -128, 127, -128, 127, -128, 127, -128, 127, -107, 98, -94, 58, -88, 16, -88, -22, -95, -52, -104, -74, -115, -92, -126, -104, -128, -111, -128, -115, -118, -119, -97, -122, -66, -127, -27, -128, 16, -128, 60, -128, 106, -128, 127, -128, 127, -128, 127]",esp32_2
CSI_DATA,132596,2025-08-27 15:31:05.739,0,stand,00:00:00:00:00:00,-41,11,0,0,0,0,0,0,0,0,0,-97,0,1,0,736452282,0,14,0,0,0,104,0,"[0, 0, -29, -128, -29, -128, -31, -128, -32, -128, -36, -128, -40, -128, -41, -128, -42, -128, -40, -128, -34, -128, -25, -128, -14, -128, -7, -120, -3, -69, -7, -15, -21, 38, -44, 83, -76, 114, -113, 127, -128, 127, -128, 127, -128, 122, -128, 96, -128, 66, -128, 44, 127, 127, 127, 127, 127, 127, 127, 127, 101, 127, 79, 127, 66, 127, 64, 127, 73, 94, 90, 56, 112, 22, 127, -4, 127, -21, 127, -32, 127, -42, 127, -51, 127, -60, 127, -73, 127, -91, 97, -115, 64, -128, 34, -128, 9, -128, -11, -128, -25, -128, -31, -128]",esp32_2
CSI_DATA,132597,2025-08-27 15:31:05.760,0,stand,00:00:00:00:00:00,-42,11,0,0,0,0,0,0,0,0,0,-97,0,1,0,736478403,0,14,0,0,0,104,0,"[0, 0, -128, 127, -128, 127, -128, 127, -128, 127, -128, 127, -128, 127, -128, 127, -128, 127, -128, 127, -128, 127, -128, 122, -126, 94, -93, 64, -54, 35, -10, 11, 40, -4, 86, -8, 127, 0, 127, 18, 127, 42, 127, 67, 127, 91, 127, 112, 127, 127, 127, 127, 78, -128, 99, -128, 120, -128, 127, -128, 127, -128, 125, -128, 104, -128, 74, -121, 38, -108, -2, -102, -41, -102, -72, -106, -97, -113, -115, -120, -127, -123, -128, -120, -128, -109, -128, -87, -128, -56, -128, -18, -128, 24, -128, 68, -128, 111, -128, 127, -128, 127, -128, 127]",esp32_2
CSI_DATA,129679,2025-08-27 15:31:05.771,0,stand,00:00:00:00:00:00,-64,11,0,0,0,0,0,0,0,0,0,-97,0,1,0,3877283447,0,14,0,0,0,104,0,"[0, 0, -128, 127, -128, 127, -128, 127, -128, 127, -120, 127, -98, 127, -78, 127, -57, 127, -45, 127, -34, 127, -29, 127, -41, 127, -42, 127, -63, 127, -75, 127, -76, 116, -83, 87, -72, 52, -55, 24, -30, -1, 2, -23, 34, -28, 60, -28, 80, -19, 97, 0, -96, -82, -93, -92, -91, -102, -90, -104, -84, -110, -85, -112, -75, -106, -70, -105, -67, -98, -75, -83, -70, -76, -77, -66, -82, -47, -86, -37, -93, -27, -89, -24, -90, -16, -88, -5, -82, 23, -80, 41, -70, 68, -73, 92, -72, 117, -83, 127, -92, 127, -103, 127]",esp32_1
CSI_DATA,132598,2025-08-27 15:31:05.782,0,stand,00:00:00:00:00:00,-42,11,0,0,0,0,0,0,0,0,0,-97,0,1,0,736515605,0,14,0,0,0,104,0,"[0, 0, -128, 127, -128, 127, -128, 127, -128, 127, -128, 127, -115, 127, -104, 127, -96, 127, -87, 127, -79, 127, -75, 127, -68, 127, -54, 101, -34, 56, -6, 13, 29, -23, 68, -51, 111, -64, 127, -64, 127, -54, 127, -37, 127, -14, 127, 12, 127, 35, 127, 52, -71, -128, -48, -128, -19, -128, 5, -128, 20, -128, 26, -128, 21, -128, 5, -128, -20, -108, -51, -83, -84, -64, -114, -53, -128, -49, -128, -49, -128, -45, -128, -38, -128, -27, -128, -10, -128, 16, -128, 50, -121, 91, -113, 127, -109, 127, -111, 127, -116, 127, -122, 127]",esp32_2
CSI_DATA,129680,2025-08-27 15:31:05.801,0,stand,00:00:00:00:00:00,-64,11,0,0,0,0,0,0,0,0,0,-97,0,1,0,3877296586,0,14,0,0,0,104,0,"[0, 0, -107, 127, -112, 127, -107, 127, -107, 127, -84, 127, -62, 127, -43, 127, -17, 127, -11, 127, 3, 127, 6, 127, -1, 127, -1, 127, -20, 127, -38, 127, -47, 127, -65, 111, -64, 74, -53, 36, -33, 6, 1, -21, 30, -34, 57, -38, 88, -37, 105, -21, -126, -53, -128, -65, -128, -76, -128, -78, -124, -84, -120, -88, -114, -87, -110, -88, -102, -75, -106, -62, -100, -57, -100, -42, -102, -30, -106, -19, -108, -8, -101, 3, -99, 14, -88, 26, -86, 44, -77, 65, -57, 89, -50, 115, -42, 127, -54, 127, -51, 127, -56, 127]",esp32_1
CSI_DATA,132599,2025-08-27 15:31:05.804,0,stand,00:00:00:00:00:00,-41,11,0,0,0,0,0,0,0,0,0,-97,0,1,0,736553527,0,14,0,0,0,104,0,"[0, 0, -128, 127, -128, 127, -128, 127, -123, 127, -112, 127, -100, 127, -91, 127, -84, 127, -78, 127, -71, 127, -66, 127, -60, 127, -47, 98, -28, 57, -2, 18, 32, -16, 69, -41, 108, -52, 127, -51, 127, -41, 127, -23, 127, 0, 127, 24, 127, 47, 127, 62, -102, -128, -82, -128, -54, -128, -30, -128, -13, -128, -2, -128, -4, -128, -15, -128, -34, -100, -60, -74, -90, -55, -116, -43, -128, -37, -128, -35, -128, -31, -128, -24, -128, -16, -128, -1, -128, 23, -124, 55, -109, 94, -101, 127, -96, 127, -97, 127, -101, 127, -106, 127]",esp32_2
CSI_DATA,129681,2025-08-27 15:31:05.830,0,stand,00:00:00:00:00:00,-64,11,0,0,0,0,0,0,0,0,0,-97,0,1,0,3877303448,0,14,0,0,0,104,0,"[0, 0, 14, 127, 8, 127, 6, 127, 2, 127, 3, 127, 16, 127, 38, 127, 59, 127, 79, 127, 95, 127, 104, 127, 97, 127, 99, 127, 69, 127, 45, 127, 20, 127, -9, 127, -33, 100, -33, 59, -28, 15, -9, -19, 11, -45, 42, -66, 65, -82, 94, -80, -128, 5, -128, -4, -128, -18, -128, -26, -128, -30, -128, -36, -128, -39, -128, -41, -128, -32, -128, -22, -123, -3, -116, 7, -122, 15, -116, 30, -114, 40, -99, 53, -92, 59, -76, 67, -67, 76, -45, 95, -19, 115, -1, 127, 33, 127, 37, 127, 52, 127, 58, 127]",esp32_1
CSI_DATA,132600,2025-08-27 15:31:05.830,0,stand,00:00:00:00:00:00,-42,11,0,0,0,0,0,0,0,0,0,-97,0,1,0,736593579,0,14,0,0,0,104,0,"[0, 0, -128, 126, -128, 126, -128, 125, -128, 126, -128, 124, -128, 122, -128, 119, -128, 115, -128, 106, -128, 93, -128, 76, -128, 54, -111, 33, -65, 15, -17, 3, 36, -1, 87, 6, 127, 25, 127, 52, 127, 80, 127, 108, 127, 127, 127, 127, 127, 127, 109, 127, 127, -128, 127, -128, 127, -128, 127, -128, 127, -127, 127, -102, 127, -85, 116, -78, 76, -80, 36, -88, 1, -103, -27, -119, -48, -128, -64, -128, -74, -128, -82, -128, -88, -128, -96, -128, -109, -97, -126, -60, -128, -22, -128, 14, -128, 48, -128, 79, -128, 100, -128, 110]",esp32_2
CSI_DATA,132601,2025-08-27 15:31:05.847,0,stand,00:00:00:00:00:00,-42,11,0,0,0,0,0,0,0,0,0,-97,0,1,0,736614207,0,14,0,0,0,104,0,"[0, 0, -128, -128, -128, -128, -128, -128, -128, -128, -128, -128, -128, -121, -128, -111, -128, -102, -128, -94, -128, -87, -128, -80, -128, -71, -99, -55, -56, -34, -15, -7, 20, 30, 45, 71, 56, 112, 55, 127, 45, 127, 24, 127, -1, 127, -25, 127, -47, 127, -62, 127, 127, -58, 127, -36, 127, -9, 127, 13, 127, 28, 127, 34, 127, 28, 127, 10, 106, -15, 82, -47, 66, -81, 58, -111, 54, -128, 53, -128, 49, -128, 43, -128, 33, -128, 15, -128, -11, -128, -44, -128, -85, -121, -128, -117, -128, -118, -128, -123, -128, -128, -128, -128]",esp32_2
CSI_DATA,132602,2025-08-27 15:31:05.869,0,stand,00:00:00:00:00:00,-41,11,0,0,0,0,0,0,0,0,0,-97,0,1,0,736647169,0,14,0,0,0,104,0,"[0, 0, -128, 127, -128, 127, -128, 127, -128, 127, -128, 127, -128, 127, -128, 127, -128, 124, -128, 116, -128, 104, -128, 86, -128, 64, -118, 43, -69, 25, -16, 14, 39, 13, 87, 24, 126, 47, 127, 78, 127, 110, 127, 127, 127, 127, 127, 127, 118, 127, 92, 127, 127, -128, 127, -128, 127, -128, 127, -128, 127, -128, 127, -128, 127, -120, 105, -107, 64, -102, 19, -106, -21, -117, -52, -128, -75, -128, -92, -128, -104, -128, -111, -128, -116, -128, -122, -128, -128, -101, -128, -62, -128, -21, -128, 19, -128, 60, -128, 96, -128, 120, -128, 127]",esp32_2
CSI_DATA,129683,2025-08-27 15:31:05.900,0,stand,00:00:00:00:00:00,-64,11,0,0,0,0,0,0,0,0,0,-97,0,1,0,3877323434,0,14,0,0,0,104,0,"[0, 0, 97, 127, 84, 127, 85, 127, 74, 127, 69, 127, 75, 127, 85, 127, 103, 127, 118, 127, 127, 126, 127, 127, 127, 127, 127, 127, 116, 127, 91, 127, 62, 127, 30, 121, 2, 96, -13, 62, -17, 25, -15, -9, -5, -42, 12, -69, 34, -92, 61, -97, -128, 44, -128, 35, -128, 25, -128, 24, -128, 16, -128, 12, -128, 10, -128, 5, -128, 8, -124, 18, -107, 29, -96, 39, -101, 42, -94, 55, -85, 59, -73, 75, -65, 75, -47, 80, -35, 85, -19, 95, 9, 100, 41, 120, 75, 127, 88, 127, 104, 127, 120, 127]",esp32_1
CSI_DATA,129684,2025-08-27 15:31:05.930,0,stand,00:00:00:00:00:00,-63,11,0,0,0,0,0,0,0,0,0,-97,0,1,0,3877333456,0,14,0,0,0,104,0,"[0, 0, -128, -77, -128, -87, -128, -89, -128, -86, -128, -66, -128, -49, -128, -32, -128, -12, -128, 4, -128, 20, -128, 16, -128, 14, -128, 12, -128, -5, -128, -24, -128, -39, -108, -46, -70, -50, -39, -43, -9, -26, 16, -10, 34, 19, 42, 45, 39, 79, 28, 97, 50, -116, 58, -122, 58, -116, 66, -123, 73, -117, 77, -115, 71, -104, 68, -105, 62, -97, 57, -91, 40, -98, 29, -99, 23, -88, 12, -90, 1, -89, -12, -97, -22, -91, -32, -86, -42, -68, -57, -57, -79, -44, -100, -37, -128, -34, -128, -24, -128, -29, -128, -42]",esp32_1
CSI_DATA,132604,2025-08-27 15:31:05.943,0,stand,00:00:00:00:00:00,-42,11,0,0,0,0,0,0,0,0,0,-97,0,1,0,736697712,0,14,0,0,0,104,0,"[0, 0, 127, -128, 127, -128, 127, -128, 127, -128, 127, -128, 127, -128, 127, -128, 127, -128, 118, -128, 106, -128, 95, -128, 83, -128, 65, -95, 40, -53, 7, -15, -32, 18, -75, 39, -120, 45, -128, 38, -128, 23, -128, 2, -128, -22, -128, -47, -128, -70, -128, -86, 41, 127, 16, 127, -13, 127, -34, 127, -47, 127, -51, 127, -42, 127, -22, 127, 6, 110, 39, 90, 74, 75, 105, 67, 127, 64, 127, 65, 127, 63, 127, 56, 127, 46, 127, 27, 127, -2, 127, -37, 127, -80, 127, -127, 127, -128, 127, -128, 127, -128, 127, -128]",esp32_2
CSI_DATA,132605,2025-08-27 15:31:05.965,0,stand,00:00:00:00:00:00,-41,11,0,0,0,0,0,0,0,0,0,-97,0,1,0,736746225,0,14,0,0,0,104,0,"[0, 0, -103, 127, -102, 127, -96, 127, -90, 127, -82, 127, -72, 127, -65, 127, -60, 127, -56, 127, -53, 127, -54, 127, -50, 127, -39, 117, -21, 69, 3, 25, 36, -15, 76, -45, 120, -60, 127, -60, 127, -49, 127, -30, 127, -4, 127, 23, 127, 48, 127, 65, -128, -128, -128, -128, -128, -128, -108, -128, -83, -128, -64, -128, -54, -128, -56, -128, -68, -101, -89, -67, -115, -37, -128, -17, -128, -6, -128, 1, -128, 8, -128, 18, -128, 28, -128, 42, -128, 63, -128, 92, -109, 127, -92, 127, -82, 127, -76, 127, -73, 127, -75, 127]",esp32_2
CSI_DATA,132606,2025-08-27 15:31:05.990,0,stand,00:00:00:00:00:00,-42,11,0,0,0,0,0,0,0,0,0,-97,0,1,0,736782887,0,14,0,0,0,104,0,"[0, 0, -128, 127, -128, 127, -128, 127, -128, 127, -128, 127, -128, 127, -128, 127, -128, 127, -128, 127, -128, 127, -128, 127, -127, 100, -95, 69, -56, 38, -12, 12, 36, -5, 84, -10, 127, -2, 127, 17, 127, 41, 127, 67, 127, 94, 127, 117, 127, 127, 127, 127, 65, -128, 86, -128, 108, -128, 121, -128, 125, -128, 118, -128, 97, -128, 67, -120, 33, -105, -6, -97, -44, -96, -74, -100, -98, -107, -118, -114, -128, -115, -128, -110, -128, -99, -128, -78, -128, -46, -128, -7, -128, 35, -128, 77, -128, 121, -128, 127, -128, 127, -128, 127]",esp32_2
CSI_DATA,132607,2025-08-27 15:31:06.012,0,stand,00:00:00:00:00:00,-42,11,0,0,0,0,0,0,0,0,0,-97,0,1,0,736832673,0,14,0,0,0,104,0,"[0, 0, -128, -128, -128, -128, -128, -128, -128, -128, -128, -128, -128, -128, -128, -128, -128, -128, -128, -128, -128, -128, -128, -128, -103, -122, -72, -91, -41, -54, -15, -12, 2, 36, 8, 85, 1, 127, -17, 127, -41, 127, -70, 127, -98, 127, -119, 127, -128, 127, -128, 127, 127, 54, 127, 75, 127, 96, 127, 109, 127, 114, 127, 108, 127, 88, 119, 60, 103, 25, 94, -13, 92, -50, 96, -80, 102, -102, 108, -119, 109, -128, 103, -128, 92, -128, 73, -128, 43, -128, 6, -128, -36, -128, -79, -128, -121, -128, -128, -128, -128, -128, -128, -128]",esp32_2
CSI_DATA,129686,2025-08-27 15:31:06.021,0,stand,00:00:00:00:00:00,-64,11,0,0,0,0,0,0,0,0,0,-97,0,1,0,3877353458,0,14,0,0,0,104,0,"[0, 0, 127, 127, 127, 127, 127, 127, 127, 127, 127, 127, 127, 115, 127, 96, 127, 75, 127, 60, 127, 46, 127, 54, 127, 58, 127, 67, 127, 76, 127, 83, 112, 94, 80, 86, 45, 76, 16, 54, -5, 27, -19, -3, -27, -34, -24, -58, -12, -91, 6, -106, -106, 79, -113, 79, -114, 73, -119, 68, -125, 67, -128, 61, -118, 57, -115, 54, -108, 54, -104, 56, -82, 62, -70, 67, -70, 67, -57, 78, -50, 76, -33, 86, -25, 90, -8, 92, 0, 81, 23, 82, 48, 76, 78, 79, 114, 92, 127, 97, 127, 114, 127, 127]",esp32_1
CSI_DATA,132608,2025-08-27 15:31:06.034,0,stand,00:00:00:00:00:00,-41,11,0,0,0,0,0,0,0,0,0,-97,0,1,0,736866203,0,14,0,0,0,104,0,"[0, 0, -128, 127, -128, 127, -128, 127, -128, 127, -128, 127, -128, 127, -128, 127, -128, 127, -128, 127, -128, 127, -128, 109, -128, 83, -97, 59, -58, 36, -15, 19, 32, 10, 75, 12, 113, 26, 127, 49, 127, 75, 127, 101, 127, 125, 127, 127, 116, 127, 94, 127, 30, -128, 52, -128, 75, -128, 89, -128, 95, -128, 91, -128, 75, -128, 50, -117, 18, -102, -18, -94, -53, -93, -80, -95, -101, -100, -117, -106, -128, -109, -128, -106, -128, -96, -128, -77, -128, -49, -128, -15, -128, 22, -128, 61, -128, 102, -128, 127, -128, 127, -128, 127]",esp32_2
CSI_DATA,129687,2025-08-27 15:31:06.048,0,stand,00:00:00:00:00:00,-64,11,0,0,0,0,0,0,0,0,0,-97,0,1,0,3877363961,0,14,0,0,0,104,0,"[0, 0, -128, 127, -128, 127, -128, 127, -128, 127, -128, 127, -109, 127, -87, 127, -71, 127, -53, 127, -42, 127, -41, 127, -42, 127, -53, 127, -71, 127, -83, 127, -78, 116, -87, 83, -76, 51, -58, 17, -32, -5, 1, -22, 35, -28, 61, -28, 82, -22, 102, 2, -75, -96, -81, -108, -77, -115, -76, -122, -69, -121, -66, -124, -60, -117, -61, -116, -54, -107, -64, -90, -64, -87, -65, -72, -77, -63, -82, -50, -91, -43, -84, -38, -89, -29, -87, -13, -84, 10, -77, 30, -75, 60, -81, 88, -84, 108, -95, 127, -110, 127, -125, 127]",esp32_1
CSI_DATA,132609,2025-08-27 15:31:06.059,0,stand,00:00:00:00:00:00,-42,11,0,0,0,0,0,0,0,0,0,-97,0,1,0,736891672,0,14,0,0,0,104,0,"[0, 0, -128, -128, -128, -128, -128, -128, -128, -128, -128, -128, -128, -128, -128, -128, -128, -128, -122, -128, -108, -128, -89, -128, -66, -128, -45, -106, -27, -62, -15, -15, -12, 36, -21, 83, -44, 120, -74, 127, -106, 127, -128, 127, -128, 127, -128, 127, -128, 103, -128, 79, 127, 85, 127, 107, 127, 127, 127, 127, 127, 127, 127, 127, 123, 108, 107, 78, 99, 42, 97, 3, 100, -34, 107, -63, 116, -84, 125, -98, 127, -108, 125, -115, 115, -119, 95, -122, 66, -128, 31, -128, -5, -128, -43, -128, -79, -128, -110, -128, -128, -128, -128, -128]",esp32_2
CSI_DATA,132610,2025-08-27 15:31:06.081,0,stand,00:00:00:00:00:00,-42,11,0,0,0,0,0,0,0,0,0,-97,0,1,0,736929865,0,14,0,0,0,104,0,"[0, 0, -69, 127, -67, 127, -57, 127, -49, 127, -41, 127, -32, 127, -24, 127, -19, 127, -15, 127, -13, 127, -18, 127, -21, 127, -18, 117, -9, 70, 10, 24, 37, -18, 72, -50, 112, -68, 127, -73, 127, -66, 127, -50, 127, -27, 127, 1, 127, 28, 127, 47, -128, -128, -128, -128, -128, -128, -113, -128, -89, -128, -69, -128, -58, -128, -59, -116, -68, -81, -85, -48, -108, -20, -128, 0, -128, 13, -128, 21, -128, 28, -128, 36, -128, 47, -128, 63, -127, 84, -104, 111, -83, 127, -66, 127, -53, 127, -44, 127, -43, 127, -46, 127]",esp32_2
CSI_DATA,129688,2025-08-27 15:31:06.085,0,stand,00:00:00:00:00:00,-64,11,0,0,0,0,0,0,0,0,0,-97,0,1,0,3877373443,0,14,0,0,0,104,0,"[0, 0, -128, 127, -128, 127, -128, 127, -128, 127, -128, 127, -128, 127, -128, 127, -125, 127, -105, 127, -95, 127, -94, 127, -100, 127, -106, 127, -128, 127, -128, 127, -128, 127, -128, 84, -105, 42, -80, 12, -40, -14, 5, -28, 47, -28, 80, -19, 110, 6, 123, 30, -78, -128, -72, -128, -72, -128, -70, -128, -59, -128, -53, -128, -55, -128, -50, -128, -46, -128, -54, -126, -60, -121, -69, -111, -77, -90, -90, -73, -98, -69, -103, -64, -107, -49, -111, -37, -103, -6, -104, 23, -109, 55, -117, 88, -128, 114, -128, 127, -128, 127, -128, 127]",esp32_1
CSI_DATA,132611,2025-08-27 15:31:06.102,0,stand,00:00:00:00:00:00,-41,11,0,0,0,0,0,0,0,0,0,-97,0,1,0,736963254,0,14,0,0,0,104,0,"[0, 0, 127, -5, 127, -6, 127, -13, 127, -20, 127, -27, 127, -33, 127, -37, 127, -39, 127, -38, 127, -32, 127, -21, 127, -9, 123, -1, 74, 2, 22, -4, -30, -20, -74, -47, -104, -83, -122, -123, -126, -128, -117, -128, -98, -128, -71, -128, -41, -128, -18, -128, -128, 127, -128, 127, -128, 127, -128, 126, -128, 101, -128, 78, -128, 65, -122, 64, -83, 72, -45, 87, -12, 108, 12, 127, 27, 127, 37, 127, 46, 127, 51, 127, 60, 127, 75, 127, 95, 119, 119, 88, 127, 58, 127, 32, 127, 10, 127, -9, 127, -17, 127, -19]",esp32_2
CSI_DATA,129689,2025-08-27 15:31:06.117,0,stand,00:00:00:00:00:00,-64,11,0,0,0,0,0,0,0,0,0,-97,0,1,0,3877385104,0,14,0,0,0,104,0,"[0, 0, 127, 127, 127, 127, 127, 127, 127, 127, 127, 127, 127, 113, 127, 93, 127, 73, 127, 58, 127, 50, 127, 56, 127, 61, 127, 67, 127, 84, 127, 87, 113, 98, 78, 88, 43, 74, 17, 55, -6, 25, -14, -5, -19, -37, -14, -62, 0, -94, 21, -104, -82, 108, -91, 103, -97, 101, -100, 98, -109, 95, -110, 92, -103, 84, -103, 82, -93, 80, -88, 84, -73, 83, -62, 86, -57, 81, -48, 90, -40, 90, -19, 99, -10, 96, 4, 96, 14, 83, 32, 80, 57, 76, 85, 76, 127, 82, 127, 90, 127, 106, 127, 124]",esp32_1
CSI_DATA,132612,2025-08-27 15:31:06.123,0,stand,00:00:00:00:00:00,-42,11,0,0,0,0,0,0,0,0,0,-97,0,1,0,736987646,0,14,0,0,0,104,0,"[0, 0, 127, 127, 127, 127, 127, 127, 127, 127, 127, 127, 127, 127, 127, 127, 127, 120, 127, 111, 127, 104, 127, 96, 106, 83, 75, 63, 45, 38, 16, 7, -7, -28, -22, -66, -24, -104, -16, -128, 0, -128, 22, -128, 47, -128, 68, -128, 83, -128, 93, -128, -128, 10, -128, -9, -128, -32, -128, -47, -128, -56, -128, -55, -128, -44, -108, -25, -88, 1, -74, 30, -67, 59, -63, 83, -65, 102, -66, 117, -64, 126, -58, 127, -48, 127, -31, 127, -6, 122, 25, 117, 60, 116, 99, 122, 127, 127, 127, 127, 127, 127, 127, 127]",esp32_2
CSI_DATA,129690,2025-08-27 15:31:06.149,0,stand,00:00:00:00:00:00,-64,11,0,0,0,0,0,0,0,0,0,-97,0,1,0,3877393424,0,14,0,0,0,104,0,"[0, 0, -128, -128, -128, -128, -128, -128, -128, -128, -128, -128, -128, -127, -128, -102, -128, -79, -128, -63, -128, -51, -128, -56, -128, -66, -128, -71, -128, -85, -128, -91, -113, -98, -83, -92, -48, -80, -16, -59, 6, -31, 16, 2, 18, 36, 14, 63, 2, 93, -20, 108, 79, -110, 92, -113, 98, -104, 102, -104, 110, -102, 114, -99, 108, -86, 103, -82, 96, -80, 93, -80, 72, -86, 58, -90, 54, -86, 45, -99, 39, -98, 15, -103, 8, -99, -4, -98, -16, -91, -37, -85, -60, -82, -86, -80, -128, -84, -128, -98, -128, -107, -128, -128]",esp32_1
CSI_DATA,132613,2025-08-27 15:31:06.149,0,stand,00:00:00:00:00:00,-42,11,0,0,0,0,0,0,0,0,0,-97,0,1,0,737024399,0,14,0,0,0,104,0,"[0, 0, 127, -128, 127, -128, 127, -128, 127, -128, 127, -128, 127, -128, 124, -128, 115, -128, 102, -128, 90, -128, 83, -128, 75, -128, 61, -105, 38, -62, 5, -25, -35, 5, -78, 22, -122, 22, -128, 12, -128, -8, -128, -31, -128, -53, -128, -74, -128, -95, -128, -110, 112, 127, 87, 127, 55, 127, 30, 127, 13, 127, 2, 127, 0, 127, 13, 124, 36, 94, 64, 66, 95, 46, 124, 35, 127, 30, 127, 30, 127, 29, 127, 25, 127, 16, 127, 0, 127, -25, 127, -56, 127, -96, 124, -128, 120, -128, 122, -128, 127, -128, 127, -128]",esp32_2
CSI_DATA,132614,2025-08-27 15:31:06.173,0,stand,00:00:00:00:00:00,-42,11,0,0,0,0,0,0,0,0,0,-97,0,1,0,737084131,0,14,0,0,0,104,0,"[0, 0, 127, 57, 127, 55, 127, 47, 127, 40, 127, 32, 127, 23, 127, 17, 127, 13, 127, 10, 127, 10, 127, 15, 127, 19, 122, 18, 76, 12, 28, -5, -16, -32, -49, -67, -66, -109, -72, -128, -64, -128, -47, -128, -25, -128, 1, -128, 27, -128, 47, -128, -128, 127, -128, 127, -128, 127, -128, 118, -128, 94, -128, 74, -128, 62, -114, 61, -78, 71, -41, 90, -11, 111, 9, 127, 21, 127, 29, 127, 35, 127, 39, 127, 47, 127, 62, 127, 82, 127, 107, 108, 127, 84, 127, 65, 127, 48, 127, 36, 127, 34, 127, 38]",esp32_2
CSI_DATA,129691,2025-08-27 15:31:06.181,0,stand,00:00:00:00:00:00,-64,11,0,0,0,0,0,0,0,0,0,-97,0,1,0,3877403431,0,14,0,0,0,104,0,"[0, 0, -128, -128, -128, -128, -128, -128, -128, -128, -128, -116, -128, -99, -128, -81, -128, -60, -128, -47, -128, -38, -128, -41, -128, -48, -128, -51, -128, -62, -128, -72, -111, -77, -80, -75, -50, -69, -22, -47, -1, -23, 14, 1, 20, 32, 19, 55, 10, 82, -10, 98, 77, -94, 87, -98, 89, -92, 91, -94, 99, -89, 102, -88, 96, -80, 94, -78, 85, -75, 80, -74, 63, -76, 57, -82, 54, -79, 41, -81, 33, -86, 16, -95, 6, -94, -8, -88, -19, -77, -34, -75, -59, -66, -83, -69, -122, -75, -128, -79, -128, -88, -128, -110]",esp32_1
CSI_DATA,132615,2025-08-27 15:31:06.194,0,stand,00:00:00:00:00:00,-42,11,0,0,0,0,0,0,0,0,0,-97,0,1,0,737113116,0,14,0,0,0,104,0,"[0, 0, -118, 127, -115, 127, -104, 127, -90, 127, -74, 127, -59, 127, -50, 127, -47, 127, -46, 127, -47, 127, -50, 127, -51, 127, -42, 127, -25, 79, 1, 29, 35, -16, 77, -49, 125, -66, 127, -67, 127, -54, 127, -31, 127, 1, 127, 35, 127, 65, 127, 84, -128, -128, -128, -128, -126, -128, -95, -128, -69, -128, -53, -128, -48, -128, -54, -128, -70, -91, -93, -57, -121, -29, -128, -10, -128, -1, -128, 5, -128, 11, -128, 19, -128, 29, -128, 46, -128, 72, -128, 107, -111, 127, -96, 127, -90, 127, -89, 127, -89, 127, -91, 127]",esp32_2
CSI_DATA,132616,2025-08-27 15:31:06.216,0,stand,00:00:00:00:00:00,-42,11,0,0,0,0,0,0,0,0,0,-97,0,1,0,737134593,0,14,0,0,0,104,0,"[0, 0, -128, -128, -128, -128, -128, -128, -128, -128, -128, -128, -128, -128, -128, -128, -128, -128, -128, -128, -128, -128, -128, -119, -128, -105, -111, -83, -70, -52, -31, -12, -1, 36, 16, 86, 14, 127, 0, 127, -24, 127, -53, 127, -83, 127, -107, 127, -126, 127, -128, 127, 127, -66, 127, -39, 127, -9, 127, 15, 127, 30, 127, 34, 127, 25, 127, 4, 106, -27, 83, -66, 69, -103, 63, -128, 63, -128, 65, -128, 63, -128, 57, -128, 46, -128, 25, -128, -5, -128, -44, -128, -89, -128, -128, -128, -128, -128, -128, -128, -128, -128, -128, -128]",esp32_2
CSI_DATA,129692,2025-08-27 15:31:06.219,0,stand,00:00:00:00:00:00,-64,11,0,0,0,0,0,0,0,0,0,-97,0,1,0,3877413464,0,14,0,0,0,104,0,"[0, 0, 127, -128, 127, -128, 127, -114, 127, -108, 127, -100, 127, -105, 127, -110, 127, -119, 116, -128, 108, -128, 107, -128, 115, -128, 119, -128, 127, -128, 127, -111, 124, -80, 120, -52, 92, -22, 64, -2, 28, 17, -11, 19, -46, 7, -70, -5, -85, -28, -93, -51, 66, 113, 64, 127, 60, 127, 58, 127, 50, 127, 46, 127, 42, 127, 40, 127, 41, 124, 42, 108, 53, 105, 58, 99, 61, 76, 74, 70, 80, 61, 87, 61, 84, 54, 90, 37, 90, 10, 94, -10, 98, -35, 109, -67, 122, -84, 127, -121, 127, -128, 127, -128]",esp32_1
CSI_DATA,129693,2025-08-27 15:31:06.238,0,stand,00:00:00:00:00:00,-64,11,0,0,0,0,0,0,0,0,0,-97,0,1,0,3877423440,0,14,0,0,0,104,0,"[0, 0, -128, 127, -128, 114, -128, 98, -128, 92, -128, 87, -128, 90, -124, 95, -116, 108, -107, 117, -103, 126, -100, 127, -108, 127, -115, 127, -126, 118, -128, 97, -113, 70, -106, 40, -83, 20, -54, 0, -29, -11, 11, -14, 38, -7, 62, 5, 76, 26, 82, 46, -55, -110, -54, -116, -51, -122, -47, -128, -40, -128, -39, -128, -34, -123, -35, -122, -34, -113, -38, -99, -43, -96, -51, -89, -54, -76, -61, -66, -72, -58, -73, -59, -76, -51, -82, -37, -79, -10, -85, 8, -89, 32, -100, 55, -112, 72, -128, 106, -128, 126, -128, 122]",esp32_1
CSI_DATA,132617,2025-08-27 15:31:06.238,0,stand,00:00:00:00:00:00,-41,11,0,0,0,0,0,0,0,0,0,-97,0,1,0,737169916,0,14,0,0,0,104,0,"[0, 0, 127, 104, 127, 98, 127, 87, 127, 74, 127, 61, 127, 49, 127, 40, 127, 35, 127, 31, 127, 30, 127, 33, 127, 35, 127, 30, 84, 16, 35, -7, -8, -39, -39, -80, -54, -125, -54, -128, -42, -128, -20, -128, 9, -128, 40, -128, 68, -128, 87, -128, -128, 127, -128, 127, -128, 127, -128, 116, -128, 89, -128, 68, -128, 58, -115, 60, -78, 73, -44, 94, -14, 120, 6, 127, 15, 127, 22, 127, 30, 127, 37, 127, 46, 127, 63, 127, 86, 127, 115, 114, 127, 95, 127, 81, 127, 73, 127, 68, 127, 70, 127, 78]",esp32_2
CSI_DATA,132618,2025-08-27 15:31:06.261,0,stand,00:00:00:00:00:00,-41,11,0,0,0,0,0,0,0,0,0,-97,0,1,0,737192815,0,14,0,0,0,104,0,"[0, 0, 127, 127, 127, 127, 127, 127, 127, 127, 127, 127, 127, 127, 127, 127, 127, 127, 127, 127, 127, 127, 124, 127, 97, 127, 70, 117, 45, 70, 27, 20, 21, -33, 27, -83, 47, -126, 77, -128, 109, -128, 127, -128, 127, -128, 127, -128, 127, -102, 127, -76, -128, -7, -128, -31, -128, -59, -128, -76, -128, -85, -128, -80, -128, -61, -128, -33, -110, 0, -99, 39, -97, 76, -99, 106, -106, 127, -113, 127, -115, 127, -110, 127, -98, 127, -76, 127, -45, 127, -6, 127, 37, 127, 80, 127, 121, 127, 127, 127, 127, 127, 127, 127]",esp32_2
CSI_DATA,129694,2025-08-27 15:31:06.264,0,stand,00:00:00:00:00:00,-64,11,0,0,0,0,0,0,0,0,0,-97,0,1,0,3877433435,0,14,0,0,0,104,0,"[0, 0, 127, -106, 127, -92, 127, -73, 127, -73, 127, -67, 127, -74, 127, -82, 127, -98, 123, -116, 119, -128, 121, -128, 125, -128, 127, -128, 127, -119, 127, -96, 127, -63, 121, -36, 91, -8, 63, 7, 26, 15, -14, 21, -47, 14, -70, -6, -90, -27, -92, -51, 25, 127, 21, 127, 18, 127, 11, 127, 8, 127, 3, 127, 0, 127, 2, 127, 4, 125, 6, 110, 19, 108, 32, 100, 38, 86, 47, 80, 56, 71, 63, 70, 68, 61, 75, 52, 79, 27, 87, 4, 91, -22, 107, -46, 127, -63, 127, -92, 127, -113, 127, -107]",esp32_1
CSI_DATA,132619,2025-08-27 15:31:06.282,0,stand,00:00:00:00:00:00,-42,11,0,0,0,0,0,0,0,0,0,-97,0,1,0,737218286,0,14,0,0,0,104,0,"[0, 0, -18, 127, -14, 127, -6, 127, 0, 127, 7, 127, 16, 127, 23, 127, 25, 127, 23, 127, 17, 127, 6, 127, -4, 127, -8, 125, -4, 79, 7, 31, 28, -14, 58, -52, 95, -77, 127, -88, 127, -85, 127, -70, 127, -45, 127, -16, 127, 13, 127, 34, -128, -128, -128, -128, -128, -128, -128, -128, -117, -128, -95, -128, -81, -128, -76, -94, -81, -57, -95, -22, -114, 9, -128, 30, -128, 42, -128, 50, -128, 57, -128, 65, -128, 72, -128, 83, -120, 99, -91, 123, -63, 127, -39, 127, -22, 127, -9, 127, -3, 127, -1, 127]",esp32_2
CSI_DATA,129695,2025-08-27 15:31:06.287,0,stand,00:00:00:00:00:00,-64,11,0,0,0,0,0,0,0,0,0,-97,0,1,0,3877443443,0,14,0,0,0,104,0,"[0, 0, 127, -128, 127, -128, 127, -128, 127, -128, 122, -128, 96, -128, 84, -128, 61, -128, 46, -128, 36, -128, 30, -128, 35, -128, 40, -128, 61, -128, 75, -128, 73, -123, 81, -91, 73, -54, 57, -26, 33, 3, 0, 22, -34, 31, -61, 32, -88, 21, -103, 3, 90, 91, 92, 101, 86, 106, 85, 114, 81, 118, 79, 121, 71, 115, 71, 112, 67, 105, 71, 87, 72, 82, 72, 72, 80, 50, 85, 44, 90, 32, 85, 26, 89, 19, 88, 2, 81, -21, 76, -43, 69, -73, 70, -102, 72, -120, 84, -128, 95, -128, 113, -128]",esp32_1
CSI_DATA,129696,2025-08-27 15:31:06.308,0,stand,00:00:00:00:00:00,-64,11,0,0,0,0,0,0,0,0,0,-97,0,1,0,3877453452,0,14,0,0,0,104,0,"[0, 0, -15, -128, -4, -128, -3, -128, 1, -128, 0, -128, -12, -128, -27, -128, -55, -128, -67, -128, -80, -128, -85, -128, -89, -128, -80, -128, -56, -128, -38, -128, -17, -128, 12, -120, 30, -83, 34, -53, 30, -16, 14, 12, -7, 44, -29, 58, -55, 74, -79, 70, 127, 2, 127, 13, 127, 22, 127, 26, 127, 30, 127, 37, 125, 36, 125, 40, 117, 33, 114, 20, 102, 9, 95, -1, 101, -9, 99, -21, 97, -32, 79, -42, 72, -47, 64, -60, 53, -70, 38, -83, 17, -98, -2, -121, -33, -128, -31, -128, -39, -128, -49, -128]",esp32_1
CSI_DATA,132620,2025-08-27 15:31:06.308,0,stand,00:00:00:00:00:00,-41,11,0,0,0,0,0,0,0,0,0,-97,0,1,0,737252906,0,14,0,0,0,104,0,"[0, 0, 127, 21, 127, 20, 127, 13, 127, 6, 127, -2, 127, -10, 127, -15, 127, -16, 127, -16, 127, -12, 127, -2, 127, 7, 127, 8, 89, 1, 41, -15, -4, -41, -38, -75, -57, -117, -61, -128, -50, -128, -29, -128, -2, -128, 26, -128, 53, -128, 73, -128, -120, 127, -128, 127, -128, 127, -128, 127, -128, 127, -128, 127, -115, 109, -79, 97, -42, 97, -5, 106, 30, 122, 54, 127, 67, 127, 75, 127, 83, 127, 88, 127, 94, 127, 103, 127, 119, 121, 127, 90, 127, 61, 127, 37, 127, 18, 127, 4, 127, -1, 127, 1]",esp32_2
CSI_DATA,129697,2025-08-27 15:31:06.330,0,stand,00:00:00:00:00:00,-64,11,0,0,0,0,0,0,0,0,0,-97,0,1,0,3877463447,0,14,0,0,0,104,0,"[0, 0, -49, -128, -39, -128, -36, -128, -27, -128, -27, -128, -41, -128, -55, -128, -75, -128, -88, -128, -105, -128, -115, -128, -110, -128, -106, -128, -83, -128, -64, -128, -39, -128, -9, -120, 8, -91, 22, -55, 23, -18, 16, 11, 1, 42, -19, 65, -39, 84, -64, 84, 127, -5, 127, 3, 127, 11, 127, 17, 127, 22, 127, 29, 127, 27, 127, 29, 118, 22, 116, 9, 107, 1, 95, -11, 96, -15, 94, -27, 90, -37, 72, -50, 69, -55, 55, -64, 46, -71, 29, -82, 3, -97, -15, -117, -43, -128, -53, -128, -64, -128, -74, -128]",esp32_1
CSI_DATA,132621,2025-08-27 15:31:06.330,0,stand,00:00:00:00:00:00,-42,11,0,0,0,0,0,0,0,0,0,-97,0,1,0,737301903,0,14,0,0,0,104,0,"[0, 0, 127, 127, 127, 127, 127, 127, 127, 127, 127, 127, 127, 127, 127, 127, 127, 127, 127, 127, 127, 127, 127, 126, 125, 111, 93, 87, 61, 55, 32, 17, 11, -28, 2, -75, 9, -119, 28, -128, 52, -128, 82, -128, 111, -128, 127, -128, 127, -128, 127, -118, -128, 52, -128, 29, -128, 0, -128, -21, -128, -34, -128, -36, -128, -26, -115, -6, -91, 23, -73, 59, -62, 93, -58, 120, -61, 127, -64, 127, -64, 127, -59, 127, -49, 127, -30, 127, 0, 127, 37, 127, 78, 127, 122, 127, 127, 127, 127, 127, 127, 127, 127, 127]",esp32_2
CSI_DATA,129698,2025-08-27 15:31:06.352,0,stand,00:00:00:00:00:00,-64,11,0,0,0,0,0,0,0,0,0,-97,0,1,0,3877483496,0,14,0,0,0,104,0,"[0, 0, -128, -83, -128, -90, -128, -91, -128, -89, -128, -73, -128, -53, -128, -35, -128, -12, -128, 1, -128, 15, -128, 17, -128, 11, -128, 4, -128, -12, -128, -27, -128, -41, -107, -51, -73, -52, -37, -43, -6, -22, 19, -9, 36, 21, 42, 47, 42, 80, 31, 103, 56, -116, 64, -122, 65, -117, 73, -117, 79, -112, 84, -114, 78, -103, 79, -102, 65, -96, 64, -94, 47, -95, 33, -94, 30, -90, 17, -89, 9, -90, -6, -98, -16, -92, -29, -85, -44, -74, -56, -61, -80, -51, -102, -38, -128, -39, -128, -36, -128, -34, -128, -53]",esp32_1
CSI_DATA,132622,2025-08-27 15:31:06.362,0,stand,00:00:00:00:00:00,-41,11,0,0,0,0,0,0,0,0,0,-97,0,1,0,737339898,0,14,0,0,0,104,0,"[0, 0, 88, 127, 86, 127, 86, 127, 89, 127, 92, 127, 95, 127, 96, 127, 95, 127, 86, 127, 74, 127, 58, 127, 42, 127, 31, 117, 25, 78, 27, 35, 38, -8, 58, -44, 87, -70, 121, -81, 127, -80, 127, -66, 127, -43, 127, -16, 127, 11, 127, 30, -128, 9, -128, -13, -128, -38, -128, -55, -128, -62, -128, -58, -124, -43, -103, -19, -89, 11, -84, 43, -86, 73, -92, 96, -100, 112, -109, 123, -112, 127, -108, 127, -98, 127, -80, 127, -55, 127, -25, 127, 7, 127, 36, 127, 58, 127, 75, 127, 86, 127, 90, 127]",esp32_2
CSI_DATA,129699,2025-08-27 15:31:06.373,0,stand,00:00:00:00:00:00,-64,11,0,0,0,0,0,0,0,0,0,-97,0,1,0,3877505091,0,14,0,0,0,104,0,"[0, 0, -106, -128, -88, -128, -81, -128, -66, -128, -69, -128, -75, -128, -87, -128, -107, -128, -118, -128, -128, -127, -128, -128, -128, -128, -128, -128, -113, -128, -86, -128, -57, -128, -28, -122, -2, -94, 15, -60, 16, -21, 12, 9, 0, 43, -17, 63, -38, 85, -66, 88, 125, -55, 127, -49, 127, -41, 127, -41, 127, -37, 127, -28, 127, -23, 127, -21, 123, -24, 123, -32, 102, -41, 90, -50, 91, -48, 87, -59, 82, -70, 60, -77, 50, -79, 39, -86, 23, -86, 5, -91, -16, -102, -44, -119, -77, -128, -93, -128, -111, -128, -128, -128]",esp32_1
CSI_DATA,132623,2025-08-27 15:31:06.395,0,stand,00:00:00:00:00:00,-41,11,0,0,0,0,0,0,0,0,0,-97,0,1,0,737367679,0,14,0,0,0,104,0,"[0, 0, 127, -59, 127, -57, 127, -59, 127, -61, 127, -64, 127, -68, 127, -70, 127, -69, 127, -65, 127, -57, 127, -44, 127, -30, 127, -20, 87, -16, 43, -21, 1, -36, -32, -61, -53, -94, -62, -128, -59, -128, -45, -128, -23, -128, 3, -128, 30, -128, 48, -128, -16, 127, -39, 127, -62, 127, -76, 127, -82, 127, -77, 127, -59, 121, -32, 102, 1, 92, 36, 90, 70, 96, 94, 105, 109, 116, 119, 127, 125, 127, 126, 127, 125, 125, 127, 108, 127, 82, 127, 51, 127, 20, 127, -9, 127, -36, 127, -58, 127, -69, 127, -69]",esp32_2
CSI_DATA,129700,2025-08-27 15:31:06.400,0,stand,00:00:00:00:00:00,-64,11,0,0,0,0,0,0,0,0,0,-97,0,1,0,3877549208,0,14,0,0,0,104,0,"[0, 0, 127, -85, 127, -70, 127, -50, 127, -56, 127, -50, 127, -59, 127, -74, 127, -94, 127, -111, 127, -127, 127, -128, 127, -128, 127, -128, 127, -106, 127, -82, 127, -46, 127, -18, 104, 8, 70, 17, 26, 22, -19, 18, -52, -4, -76, -26, -89, -54, -88, -85, 30, 127, 23, 127, 17, 127, 13, 127, 6, 127, 1, 127, 2, 127, -4, 127, 1, 127, 12, 127, 24, 123, 32, 122, 39, 99, 52, 98, 58, 89, 70, 90, 77, 79, 87, 63, 94, 34, 102, 13, 113, -16, 127, -43, 127, -58, 127, -92, 127, -106, 127, -97]",esp32_1
CSI_DATA,129701,2025-08-27 15:31:06.422,0,stand,00:00:00:00:00:00,-64,11,0,0,0,0,0,0,0,0,0,-97,0,1,0,3877589967,0,14,0,0,0,104,0,"[0, 0, 55, 127, 44, 127, 43, 127, 32, 127, 34, 127, 41, 127, 55, 127, 67, 127, 86, 127, 95, 127, 102, 127, 104, 127, 97, 127, 77, 127, 56, 127, 33, 127, 7, 118, -16, 80, -23, 53, -20, 18, -11, -11, 9, -41, 28, -57, 50, -76, 74, -70, -124, 39, -128, 32, -128, 22, -128, 20, -128, 14, -128, 10, -128, 6, -128, 6, -120, 6, -119, 14, -102, 20, -94, 25, -96, 33, -91, 45, -82, 54, -66, 59, -59, 67, -49, 74, -36, 82, -20, 94, 1, 103, 22, 123, 55, 127, 61, 127, 76, 127, 86, 127]",esp32_1
CSI_DATA,129702,2025-08-27 15:31:06.444,0,stand,00:00:00:00:00:00,-64,11,0,0,0,0,0,0,0,0,0,-97,0,1,0,3877621869,0,14,0,0,0,104,0,"[0, 0, 127, 127, 127, 127, 127, 127, 127, 127, 127, 127, 127, 121, 127, 104, 127, 82, 127, 70, 127, 56, 127, 64, 127, 69, 127, 72, 127, 90, 127, 92, 116, 102, 71, 93, 33, 83, 13, 59, -8, 29, -17, -8, -16, -41, -8, -67, 3, -89, 26, -101, -73, 110, -80, 103, -96, 107, -96, 101, -108, 102, -104, 92, -106, 91, -106, 80, -93, 79, -91, 92, -68, 81, -64, 84, -55, 88, -43, 93, -30, 91, -19, 95, -9, 89, 6, 89, 22, 90, 43, 84, 66, 82, 96, 82, 127, 88, 127, 103, 127, 119, 127, 124]",esp32_1
CSI_DATA,129703,2025-08-27 15:31:06.468,0,stand,00:00:00:00:00:00,-64,11,0,0,0,0,0,0,0,0,0,-97,0,1,0,3877646266,0,14,0,0,0,104,0,"[0, 0, 127, -101, 127, -79, 127, -57, 127, -65, 127, -56, 127, -70, 127, -86, 127, -114, 127, -128, 127, -128, 127, -128, 127, -128, 127, -128, 127, -128, 127, -105, 127, -71, 127, -35, 119, 1, 78, 18, 29, 25, -23, 28, -58, 12, -88, -7, -111, -43, -119, -71, 4, 127, -7, 127, -6, 127, -14, 127, -17, 127, -25, 127, -24, 127, -28, 127, -19, 127, -8, 127, 8, 127, 19, 127, 24, 110, 39, 106, 49, 100, 59, 97, 70, 81, 87, 71, 89, 41, 104, 14, 121, -13, 127, -41, 127, -66, 127, -105, 127, -116, 127, -112]",esp32_1
CSI_DATA,132625,2025-08-27 15:31:06.484,0,stand,00:00:00:00:00:00,-42,11,0,0,0,0,0,0,0,0,0,-97,0,1,0,737423588,0,14,0,0,0,104,0,"[0, 0, 127, 127, 127, 127, 127, 127, 127, 127, 127, 127, 127, 118, 127, 109, 127, 103, 127, 98, 127, 94, 127, 91, 127, 86, 120, 72, 83, 48, 48, 15, 21, -26, 7, -70, 9, -113, 24, -128, 48, -128, 75, -128, 103, -128, 124, -128, 127, -128, 127, -114, -128, 127, -128, 127, -128, 124, -128, 95, -128, 71, -128, 54, -128, 47, -94, 53, -59, 71, -29, 97, -7, 127, 5, 127, 8, 127, 7, 127, 6, 127, 6, 127, 12, 127, 25, 127, 47, 127, 75, 127, 111, 125, 127, 117, 127, 118, 127, 123, 127, 127, 127, 127]",esp32_2
CSI_DATA,129704,2025-08-27 15:31:06.489,0,stand,00:00:00:00:00:00,-64,11,0,0,0,0,0,0,0,0,0,-97,0,1,0,3877671149,0,14,0,0,0,104,0,"[0, 0, -128, -51, -128, -61, -128, -68, -128, -58, -128, -50, -128, -35, -128, -15, -128, 10, -128, 27, -128, 42, -128, 43, -128, 42, -128, 40, -128, 26, -128, 3, -128, -16, -120, -31, -84, -42, -48, -40, -13, -32, 21, -20, 49, 9, 59, 33, 68, 68, 60, 94, 59, -123, 71, -124, 70, -127, 74, -123, 84, -127, 86, -118, 79, -112, 82, -110, 72, -105, 68, -100, 48, -98, 36, -97, 28, -88, 13, -88, 3, -86, -19, -98, -27, -87, -38, -83, -56, -62, -69, -48, -90, -40, -116, -24, -128, -21, -128, -9, -128, -7, -128, -28]",esp32_1
CSI_DATA,129705,2025-08-27 15:31:06.511,0,stand,00:00:00:00:00:00,-64,11,0,0,0,0,0,0,0,0,0,-97,0,1,0,3877708031,0,14,0,0,0,104,0,"[0, 0, 127, 127, 126, 127, 127, 127, 109, 127, 105, 127, 100, 127, 110, 127, 126, 120, 127, 111, 127, 96, 127, 109, 127, 113, 127, 118, 127, 127, 114, 127, 83, 127, 50, 114, 21, 89, -1, 61, -13, 22, -19, -10, -12, -43, 4, -68, 22, -95, 46, -103, -126, 66, -128, 58, -128, 53, -128, 47, -128, 50, -128, 43, -128, 40, -128, 39, -120, 37, -118, 44, -100, 53, -91, 56, -89, 51, -77, 65, -67, 68, -51, 83, -40, 81, -23, 87, -11, 82, 13, 92, 37, 95, 63, 106, 103, 127, 119, 127, 127, 127, 127, 127]",esp32_1
CSI_DATA,132626,2025-08-27 15:31:06.511,0,stand,00:00:00:00:00:00,-41,11,0,0,0,0,0,0,0,0,0,-97,0,1,0,737449889,0,14,0,0,0,104,0,"[0, 0, 127, -97, 127, -95, 127, -99, 127, -103, 127, -106, 127, -110, 127, -113, 127, -112, 127, -107, 127, -99, 127, -83, 127, -64, 127, -45, 102, -32, 52, -29, 1, -39, -41, -62, -69, -96, -86, -128, -87, -128, -76, -128, -56, -128, -27, -128, 6, -128, 30, -128, -7, 127, -33, 127, -59, 127, -75, 127, -79, 127, -73, 127, -54, 127, -23, 107, 14, 95, 55, 90, 94, 95, 122, 105, 127, 119, 127, 127, 127, 127, 127, 127, 127, 127, 127, 106, 127, 75, 127, 39, 127, 1, 127, -36, 127, -70, 127, -98, 127, -112, 127, -113]",esp32_2
CSI_DATA,129706,2025-08-27 15:31:06.533,0,stand,00:00:00:00:00:00,-64,11,0,0,0,0,0,0,0,0,0,-97,0,1,0,3877732575,0,14,0,0,0,104,0,"[0, 0, 51, -128, 55, -128, 66, -128, 63, -128, 49, -128, 30, -128, 17, -128, -8, -128, -14, -128, -27, -128, -30, -128, -25, -128, -23, -128, -8, -128, 15, -128, 28, -128, 45, -114, 51, -80, 41, -44, 24, -13, 5, 9, -32, 34, -61, 37, -82, 37, -104, 24, 127, 15, 127, 20, 127, 29, 127, 34, 127, 40, 127, 45, 127, 46, 127, 50, 121, 36, 122, 32, 109, 30, 104, 16, 107, 6, 100, -8, 91, -20, 92, -33, 78, -32, 77, -53, 65, -64, 49, -87, 37, -103, 18, -128, 16, -128, 15, -128, 21, -128, 23, -128]",esp32_1
CSI_DATA,132627,2025-08-27 15:31:06.533,0,stand,00:00:00:00:00:00,-42,11,0,0,0,0,0,0,0,0,0,-97,0,1,0,737483738,0,14,0,0,0,104,0,"[0, 0, -128, 127, -128, 127, -128, 127, -128, 127, -128, 127, -128, 127, -128, 127, -128, 127, -128, 127, -122, 127, -117, 127, -108, 127, -90, 116, -62, 82, -26, 51, 16, 29, 60, 20, 102, 25, 127, 44, 127, 69, 127, 97, 127, 124, 127, 127, 110, 127, 86, 127, -128, -128, -128, -128, -106, -128, -78, -128, -56, -128, -42, -128, -39, -126, -49, -92, -70, -59, -99, -33, -128, -15, -128, -8, -128, -7, -128, -11, -128, -14, -128, -14, -128, -8, -128, 5, -128, 28, -128, 60, -128, 97, -128, 127, -128, 127, -128, 127, -128, 127, -128, 127]",esp32_2
CSI_DATA,129707,2025-08-27 15:31:06.556,0,stand,00:00:00:00:00:00,-64,11,0,0,0,0,0,0,0,0,0,-97,0,1,0,3877758345,0,14,0,0,0,104,0,"[0, 0, 70, 127, 57, 127, 54, 127, 46, 127, 51, 127, 58, 127, 72, 127, 83, 127, 97, 127, 111, 127, 116, 127, 121, 127, 114, 127, 93, 127, 72, 127, 49, 127, 17, 118, -5, 85, -16, 54, -20, 18, -16, -13, -3, -43, 16, -63, 38, -84, 64, -84, -124, 28, -128, 25, -128, 14, -128, 14, -128, 10, -128, 4, -128, 2, -128, 1, -118, 3, -116, 14, -105, 20, -92, 25, -96, 32, -89, 43, -81, 49, -63, 60, -57, 65, -43, 74, -29, 80, -15, 89, 7, 101, 33, 122, 69, 127, 69, 127, 84, 127, 95, 127]",esp32_1
CSI_DATA,132628,2025-08-27 15:31:06.569,0,stand,00:00:00:00:00:00,-42,11,0,0,0,0,0,0,0,0,0,-97,0,1,0,737520288,0,14,0,0,0,104,0,"[0, 0, -128, -128, -128, -128, -128, -128, -128, -128, -128, -128, -128, -128, -128, -128, -128, -128, -128, -128, -128, -128, -128, -128, -105, -128, -79, -128, -57, -108, -44, -56, -43, -1, -58, 48, -89, 84, -127, 107, -128, 114, -128, 104, -128, 82, -128, 53, -128, 19, -128, -9, 127, -82, 127, -53, 127, -19, 127, 6, 127, 22, 127, 24, 127, 10, 108, -17, 84, -53, 69, -94, 65, -128, 69, -128, 80, -128, 92, -128, 99, -128, 98, -128, 90, -128, 71, -128, 41, -128, 3, -128, -39, -128, -81, -128, -124, -128, -128, -128, -128, -128, -128, -128]",esp32_2
CSI_DATA,129708,2025-08-27 15:31:06.580,0,stand,00:00:00:00:00:00,-65,11,0,0,0,0,0,0,0,0,0,-97,0,1,0,3877794708,0,14,0,0,0,104,0,"[0, 0, 127, -128, 127, -128, 127, -128, 127, -128, 108, -128, 89, -128, 65, -128, 42, -128, 24, -128, 17, -128, 15, -128, 13, -128, 25, -128, 51, -128, 65, -128, 65, -128, 80, -105, 71, -61, 55, -32, 31, 4, -2, 21, -36, 32, -67, 35, -94, 28, -112, 10, 113, 65, 117, 74, 110, 80, 109, 84, 110, 91, 110, 97, 102, 92, 103, 96, 97, 86, 98, 71, 89, 68, 88, 56, 95, 38, 99, 27, 101, 16, 86, 5, 88, -6, 79, -24, 81, -45, 73, -66, 61, -96, 62, -125, 58, -128, 70, -128, 81, -128, 89, -128]",esp32_1
CSI_DATA,132629,2025-08-27 15:31:06.598,0,stand,00:00:00:00:00:00,-42,11,0,0,0,0,0,0,0,0,0,-97,0,1,0,737544309,0,14,0,0,0,104,0,"[0, 0, -101, -128, -98, -128, -101, -128, -108, -128, -117, -128, -123, -128, -126, -128, -124, -128, -111, -128, -92, -128, -72, -128, -53, -128, -40, -128, -33, -116, -31, -64, -40, -13, -60, 32, -92, 65, -128, 83, -128, 84, -128, 71, -128, 42, -128, 8, -128, -22, -128, -43, 127, 23, 127, 47, 127, 72, 127, 87, 127, 90, 127, 78, 127, 50, 108, 13, 97, -28, 99, -69, 111, -105, 127, -128, 127, -128, 127, -128, 127, -128, 127, -128, 127, -128, 127, -128, 106, -128, 63, -128, 20, -128, -18, -128, -47, -128, -68, -128, -82, -128, -89, -128]",esp32_2
CSI_DATA,129709,2025-08-27 15:31:06.604,0,stand,00:00:00:00:00:00,-63,11,0,0,0,0,0,0,0,0,0,-97,0,1,0,3877830783,0,14,0,0,0,104,0,"[0, 0, -128, 91, -128, 77, -128, 62, -128, 61, -128, 59, -128, 65, -128, 73, -128, 89, -125, 99, -120, 109, -119, 122, -127, 120, -128, 120, -128, 103, -128, 81, -122, 54, -112, 30, -85, 7, -56, -11, -22, -16, 14, -21, 42, -8, 66, 6, 79, 29, 87, 54, -24, -117, -19, -126, -19, -128, -15, -128, -6, -128, -5, -128, -6, -128, -1, -128, -3, -122, -10, -108, -17, -106, -23, -97, -28, -82, -42, -72, -48, -67, -58, -63, -61, -53, -72, -43, -77, -15, -87, 5, -98, 26, -110, 49, -128, 59, -128, 89, -128, 102, -128, 94]",esp32_1
