type,seq,timestamp,taget_seq,taget,mac,rssi,rate,sig_mode,mcs,cwb,smoothing,not_sounding,aggregation,stbc,fec_coding,sgi,noise_floor,ampdu_cnt,channel_primary,channel_secondary,local_timestamp,ant,sig_len,rx_state,agc_gain,fft_gain,len,first_word_invalid,data,device_id
CSI_DATA,199972,2025-07-23 16:40:43.841,0,walk,00:00:00:00:00:00,-62,11,0,0,0,0,0,0,0,0,0,-97,0,1,0,2231142424,0,14,0,0,0,104,0,"[0, 0, -114, -19, -75, -9, -37, 6, -2, 30, 28, 56, 51, 79, 66, 102, 76, 123, 84, 127, 86, 127, 82, 127, 73, 127, 60, 127, 48, 127, 40, 127, 37, 127, 35, 108, 36, 87, 43, 69, 54, 54, 68, 42, 82, 35, 93, 33, 101, 37, 105, 43, -42, -50, -46, -60, -52, -72, -57, -84, -57, -94, -55, -100, -51, -101, -48, -100, -51, -94, -57, -82, -63, -66, -72, -49, -88, -33, -107, -20, -126, -9, -128, 4, -128, 14, -128, 19, -128, 20, -128, 18, -128, 13, -128, 7, -128, 4, -128, 2, -128, -5, -128, -15]",esp32_1
CSI_DATA,99101,2025-07-23 16:40:43.853,0,walk,00:00:00:00:00:00,-74,11,0,0,0,0,0,0,0,0,0,-97,0,1,0,851653358,0,14,0,0,0,104,0,"[0, 0, 17, -128, 7, -128, 3, -118, 9, -90, 8, -52, -2, -16, -4, 15, -8, 56, -21, 96, -35, 127, -46, 127, -56, 127, -64, 127, -73, 127, -85, 127, -91, 127, -87, 127, -68, 127, -46, 127, -33, 122, -18, 116, 1, 111, 17, 102, 31, 100, 34, 104, -47, 30, -49, 27, -46, 22, -48, 19, -52, 5, -48, -19, -39, -42, -30, -68, -19, -101, 5, -128, 36, -128, 57, -128, 72, -128, 96, -128, 119, -128, 127, -128, 127, -128, 127, -128, 127, -128, 127, -128, 120, -128, 104, -128, 100, -128, 92, -128, 75, -128, 65, -128]",esp32_2
CSI_DATA,199973,2025-07-23 16:40:43.863,0,walk,00:00:00:00:00:00,-62,11,0,0,0,0,0,0,0,0,0,-97,0,1,0,2231168574,0,14,0,0,0,104,0,"[0, 0, -97, 50, -61, 43, -23, 40, 11, 47, 43, 55, 70, 64, 92, 78, 107, 91, 114, 104, 116, 118, 114, 127, 108, 127, 100, 127, 90, 127, 80, 117, 71, 103, 65, 87, 63, 69, 66, 54, 72, 43, 80, 34, 88, 28, 94, 28, 100, 31, 103, 35, -69, -1, -77, -4, -89, -10, -97, -18, -101, -23, -101, -24, -98, -25, -94, -23, -92, -17, -92, -7, -89, 7, -86, 25, -91, 43, -99, 64, -107, 84, -116, 103, -128, 120, -128, 127, -128, 127, -128, 127, -128, 127, -128, 127, -128, 127, -128, 123, -128, 108, -128, 93]",esp32_1
CSI_DATA,99102,2025-07-23 16:40:43.874,0,walk,00:00:00:00:00:00,-73,11,0,0,0,0,0,0,0,0,0,-97,0,1,0,851677949,0,14,0,0,0,104,0,"[0, 0, 127, 126, 127, 115, 127, 104, 124, 88, 92, 63, 56, 41, 16, 21, -18, 0, -48, -26, -84, -58, -120, -91, -128, -116, -128, -128, -128, -128, -128, -128, -128, -128, -128, -128, -128, -128, -128, -128, -120, -110, -117, -88, -117, -64, -118, -42, -123, -27, -128, -18, 20, -77, 24, -72, 27, -68, 37, -60, 51, -48, 61, -33, 74, -14, 89, 13, 96, 52, 95, 97, 87, 127, 83, 127, 77, 127, 68, 127, 66, 127, 61, 127, 51, 127, 47, 127, 51, 127, 64, 127, 80, 127, 94, 127, 106, 127, 124, 127, 127, 127, 127, 127]",esp32_2
CSI_DATA,199974,2025-07-23 16:40:43.888,0,walk,00:00:00:00:00:00,-61,11,0,0,0,0,0,0,0,0,0,-97,0,1,0,2231202327,0,14,0,0,0,104,0,"[0, 0, 14, 114, 15, 78, 25, 46, 34, 14, 44, -18, 60, -45, 80, -66, 99, -80, 118, -83, 127, -85, 127, -87, 127, -85, 127, -80, 127, -73, 127, -66, 127, -58, 115, -53, 99, -54, 84, -59, 72, -65, 61, -69, 57, -74, 58, -79, 62, -85, 66, -89, -29, 60, -33, 67, -40, 73, -46, 78, -53, 82, -58, 85, -58, 86, -54, 85, -45, 84, -36, 83, -27, 88, -12, 96, 5, 104, 22, 116, 40, 127, 55, 127, 65, 127, 72, 127, 80, 127, 84, 127, 83, 127, 78, 127, 64, 127, 48, 127, 37, 127, 30, 127]",esp32_1
CSI_DATA,99103,2025-07-23 16:40:43.899,0,walk,00:00:00:00:00:00,-74,11,0,0,0,0,0,0,0,0,0,-97,0,1,0,851726224,0,14,0,0,0,104,0,"[0, 0, -128, 127, -128, 127, -128, 127, -128, 127, -122, 127, -105, 104, -93, 63, -90, 16, -95, -35, -96, -83, -94, -122, -97, -128, -92, -128, -76, -128, -68, -128, -66, -128, -60, -128, -56, -128, -55, -128, -61, -128, -71, -125, -74, -92, -75, -58, -89, -27, -104, -3, -85, 87, -92, 93, -102, 96, -108, 93, -117, 82, -128, 67, -128, 50, -128, 31, -128, 13, -128, -6, -128, -32, -128, -61, -128, -80, -128, -95, -128, -109, -128, -112, -128, -109, -128, -102, -128, -89, -128, -63, -128, -27, -128, 3, -128, 34, -128, 74, -128, 119, -128, 127]",esp32_2
CSI_DATA,199975,2025-07-23 16:40:43.911,0,walk,00:00:00:00:00:00,-62,11,0,0,0,0,0,0,0,0,0,-97,0,1,0,2231227742,0,14,0,0,0,104,0,"[0, 0, 24, -119, 14, -87, -3, -55, -20, -27, -41, -2, -67, 19, -94, 34, -119, 43, -128, 48, -128, 47, -128, 43, -128, 37, -128, 28, -128, 18, -128, 10, -128, 4, -128, 3, -121, 6, -109, 11, -96, 18, -86, 27, -80, 36, -79, 44, -82, 49, -87, 51, 41, -48, 46, -54, 54, -58, 61, -62, 69, -66, 74, -67, 74, -68, 71, -69, 65, -70, 58, -75, 49, -83, 37, -92, 25, -101, 16, -115, 7, -128, 0, -128, -4, -128, -6, -128, -7, -128, -7, -128, -5, -128, 0, -128, 8, -128, 15, -128, 21, -128, 25, -128]",esp32_1
CSI_DATA,99104,2025-07-23 16:40:43.917,0,walk,00:00:00:00:00:00,-75,11,0,0,0,0,0,0,0,0,0,-97,0,1,0,851776796,0,14,0,0,0,104,0,"[0, 0, 90, 127, 93, 127, 90, 126, 82, 118, 70, 108, 55, 96, 32, 85, 7, 76, -16, 70, -44, 64, -71, 59, -95, 55, -117, 51, -128, 48, -128, 43, -128, 38, -128, 35, -120, 36, -108, 40, -92, 42, -71, 40, -46, 40, -24, 40, -5, 39, 8, 41, -49, 80, -49, 80, -51, 80, -54, 83, -59, 87, -63, 85, -67, 78, -74, 72, -82, 65, -89, 55, -99, 42, -107, 29, -112, 18, -122, 14, -125, 11, -118, 9, -116, 13, -115, 20, -107, 30, -95, 40, -80, 48, -58, 63, -36, 83, -14, 97, 13, 107, 34, 115]",esp32_2
CSI_DATA,199976,2025-07-23 16:40:43.934,0,walk,00:00:00:00:00:00,-62,11,0,0,0,0,0,0,0,0,0,-97,0,1,0,2231301826,0,14,0,0,0,104,0,"[0, 0, 127, -40, 100, -25, 56, -15, 13, -15, -29, -18, -70, -23, -106, -30, -128, -41, -128, -57, -128, -75, -128, -91, -128, -102, -128, -108, -128, -111, -128, -107, -126, -98, -107, -86, -90, -71, -78, -53, -71, -33, -69, -13, -70, 5, -75, 21, -84, 30, -91, 35, 47, 48, 54, 59, 64, 72, 71, 83, 74, 92, 72, 98, 69, 100, 68, 100, 68, 94, 70, 82, 71, 65, 75, 47, 87, 29, 102, 8, 116, -16, 127, -39, 127, -62, 127, -81, 127, -94, 127, -104, 127, -113, 127, -118, 127, -116, 127, -109, 127, -96, 127, -82]",esp32_1
CSI_DATA,99105,2025-07-23 16:40:43.944,0,walk,00:00:00:00:00:00,-75,11,0,0,0,0,0,0,0,0,0,-97,0,1,0,851801162,0,14,0,0,0,104,0,"[0, 0, 127, 121, 127, 116, 127, 114, 127, 110, 127, 102, 127, 95, 86, 98, 47, 101, 11, 105, -32, 113, -78, 119, -116, 125, -128, 127, -128, 127, -128, 127, -128, 127, -128, 127, -128, 125, -128, 115, -105, 105, -78, 94, -46, 84, -11, 76, 25, 63, 52, 55, 0, 127, 2, 127, 0, 127, -3, 127, -9, 127, -15, 127, -28, 127, -48, 127, -69, 127, -93, 127, -116, 127, -128, 127, -128, 125, -128, 121, -128, 121, -128, 122, -128, 126, -128, 127, -127, 127, -98, 127, -63, 127, -24, 127, 17, 127, 68, 127, 121, 127, 127, 127]",esp32_2
CSI_DATA,199977,2025-07-23 16:40:43.954,0,walk,00:00:00:00:00:00,-63,11,0,0,0,0,0,0,0,0,0,-97,0,1,0,2231340390,0,14,0,0,0,104,0,"[0, 0, 45, 127, 27, 85, 13, 41, 1, -4, -8, -46, -12, -86, -10, -123, 0, -128, 10, -128, 20, -128, 28, -128, 37, -128, 45, -128, 52, -128, 53, -128, 48, -128, 40, -122, 27, -102, 10, -86, -9, -71, -29, -58, -46, -52, -61, -52, -73, -58, -81, -64, -53, 43, -64, 52, -76, 60, -87, 65, -98, 68, -105, 68, -108, 67, -106, 67, -97, 66, -85, 66, -70, 69, -48, 73, -21, 79, 6, 90, 30, 105, 52, 121, 77, 127, 103, 127, 124, 127, 127, 127, 127, 127, 127, 127, 127, 127, 127, 127, 127, 127, 121, 127]",esp32_1
CSI_DATA,99106,2025-07-23 16:40:43.965,0,walk,00:00:00:00:00:00,-74,11,0,0,0,0,0,0,0,0,0,-97,0,1,0,851846118,0,14,0,0,0,104,0,"[0, 0, 127, 127, 127, 127, 127, 127, 127, 127, 96, 127, 54, 127, 6, 125, -43, 108, -87, 90, -128, 79, -128, 67, -128, 57, -128, 50, -128, 47, -128, 46, -128, 41, -128, 39, -128, 44, -128, 49, -128, 53, -112, 62, -79, 73, -39, 79, -2, 86, 22, 96, -35, 115, -43, 114, -53, 115, -67, 122, -80, 127, -97, 127, -122, 127, -128, 127, -128, 127, -128, 120, -128, 104, -128, 92, -128, 87, -128, 84, -128, 85, -128, 86, -128, 90, -128, 94, -128, 99, -114, 116, -80, 127, -41, 127, 0, 127, 51, 127, 102, 127, 127, 127]",esp32_2
CSI_DATA,199978,2025-07-23 16:40:43.980,0,walk,00:00:00:00:00:00,-63,11,0,0,0,0,0,0,0,0,0,-97,0,1,0,2231364894,0,14,0,0,0,104,0,"[0, 0, 27, -117, 22, -75, 13, -31, 2, 11, -12, 48, -31, 82, -51, 111, -72, 127, -89, 127, -103, 127, -115, 127, -122, 127, -124, 127, -122, 127, -113, 116, -99, 98, -81, 84, -60, 73, -37, 65, -17, 60, 4, 58, 22, 60, 36, 66, 45, 77, 50, 85, 59, -5, 72, -4, 85, -3, 98, -1, 109, 2, 117, 6, 118, 8, 116, 8, 111, 5, 101, -3, 89, -15, 75, -29, 60, -43, 45, -65, 31, -91, 19, -119, 9, -128, 0, -128, -8, -128, -13, -128, -12, -128, -8, -128, -4, -128, 1, -128, 9, -128, 15, -128]",esp32_1
CSI_DATA,199979,2025-07-23 16:40:44.003,0,walk,00:00:00:00:00:00,-63,11,0,0,0,0,0,0,0,0,0,-97,0,1,0,2231399802,0,14,0,0,0,104,0,"[0, 0, -95, 84, -62, 48, -25, 14, 12, -12, 52, -35, 90, -54, 125, -68, 127, -76, 127, -77, 127, -73, 127, -67, 127, -57, 127, -47, 127, -39, 127, -32, 127, -26, 121, -27, 94, -32, 71, -39, 50, -50, 35, -64, 23, -78, 15, -93, 14, -105, 17, -113, -55, -28, -67, -37, -79, -47, -89, -57, -98, -65, -103, -71, -103, -75, -101, -75, -97, -69, -93, -58, -90, -39, -85, -18, -82, 4, -84, 30, -87, 62, -89, 95, -97, 127, -108, 127, -117, 127, -126, 127, -128, 127, -128, 127, -128, 127, -128, 127, -128, 127, -128, 127]",esp32_1
CSI_DATA,99108,2025-07-23 16:40:44.017,0,walk,00:00:00:00:00:00,-73,11,0,0,0,0,0,0,0,0,0,-97,0,1,0,851895914,0,14,0,0,0,104,0,"[0, 0, -36, -128, -31, -128, -19, -128, -3, -119, 13, -96, 30, -77, 53, -59, 75, -40, 95, -20, 115, -5, 127, 9, 127, 24, 127, 35, 127, 42, 127, 42, 127, 38, 127, 34, 125, 26, 108, 15, 89, 2, 66, -13, 44, -29, 26, -43, 10, -56, 2, -66, 69, -24, 73, -24, 79, -21, 87, -19, 95, -18, 100, -14, 108, -7, 122, 1, 127, 7, 127, 11, 127, 15, 127, 19, 127, 19, 127, 19, 123, 16, 114, 8, 103, -4, 90, -21, 77, -40, 64, -52, 49, -69, 33, -91, 18, -111, 0, -127, -16, -128, -23, -128]",esp32_2
CSI_DATA,199980,2025-07-23 16:40:44.028,0,walk,00:00:00:00:00:00,-63,11,0,0,0,0,0,0,0,0,0,-97,0,1,0,2231425287,0,14,0,0,0,104,0,"[0, 0, 67, 89, 39, 56, 16, 21, -5, -18, -23, -54, -34, -89, -41, -120, -42, -128, -37, -128, -32, -128, -29, -128, -23, -128, -15, -128, -7, -128, -3, -128, -4, -128, -8, -114, -16, -94, -28, -75, -41, -58, -55, -44, -69, -35, -82, -32, -92, -34, -98, -37, -29, 42, -35, 53, -44, 66, -52, 77, -62, 85, -72, 87, -77, 86, -78, 86, -72, 84, -62, 81, -48, 78, -27, 73, -3, 71, 23, 73, 49, 76, 73, 83, 98, 92, 127, 104, 127, 115, 127, 126, 127, 127, 127, 127, 127, 127, 127, 127, 127, 127, 127, 127]",esp32_1
CSI_DATA,99109,2025-07-23 16:40:44.038,0,walk,00:00:00:00:00:00,-74,11,0,0,0,0,0,0,0,0,0,-97,0,1,0,851943028,0,14,0,0,0,104,0,"[0, 0, -127, -128, -106, -128, -74, -128, -41, -128, -10, -128, 27, -128, 70, -128, 113, -128, 127, -118, 127, -105, 127, -95, 127, -91, 127, -85, 127, -76, 127, -72, 127, -71, 127, -67, 127, -67, 127, -69, 127, -68, 101, -72, 54, -78, 14, -80, -25, -82, -53, -86, 127, -3, 127, -6, 127, -6, 127, -5, 127, -6, 127, -8, 127, -9, 127, -12, 127, -19, 127, -25, 127, -25, 127, -32, 127, -43, 127, -53, 111, -61, 86, -69, 64, -79, 40, -94, 16, -109, -8, -128, -36, -128, -66, -128, -92, -128, -112, -128, -128, -128, -128, -128]",esp32_2
CSI_DATA,199981,2025-07-23 16:40:44.049,0,walk,00:00:00:00:00:00,-63,11,0,0,0,0,0,0,0,0,0,-97,0,1,0,2231461069,0,14,0,0,0,104,0,"[0, 0, 29, 127, 18, 91, 14, 33, 15, -18, 23, -65, 35, -109, 53, -128, 70, -128, 77, -128, 82, -128, 88, -128, 97, -128, 111, -128, 117, -128, 107, -128, 89, -128, 71, -122, 53, -111, 33, -106, 11, -105, -13, -104, -37, -105, -54, -109, -63, -122, -65, -128, -43, 52, -51, 63, -62, 77, -78, 89, -93, 97, -106, 97, -116, 91, -122, 88, -114, 85, -91, 85, -67, 90, -42, 92, -12, 94, 19, 104, 45, 121, 71, 127, 100, 127, 127, 127, 127, 127, 127, 127, 127, 127, 127, 127, 127, 127, 127, 127, 127, 127, 127, 127]",esp32_1
CSI_DATA,99110,2025-07-23 16:40:44.059,0,walk,00:00:00:00:00:00,-74,11,0,0,0,0,0,0,0,0,0,-97,0,1,0,851977235,0,14,0,0,0,104,0,"[0, 0, -39, 127, -52, 127, -65, 127, -78, 127, -96, 127, -114, 127, -128, 127, -128, 127, -128, 127, -128, 127, -128, 127, -128, 127, -128, 127, -128, 125, -128, 125, -128, 126, -128, 123, -128, 118, -128, 114, -128, 101, -103, 84, -59, 66, -19, 42, 15, 16, 38, -3, 95, -128, 97, -128, 95, -128, 82, -128, 63, -128, 45, -128, 28, -128, 11, -128, -8, -128, -27, -128, -40, -102, -50, -72, -56, -41, -55, -9, -45, 14, -35, 33, -29, 56, -18, 76, -8, 100, -7, 123, -6, 127, 0, 127, 0, 127, -10, 127, -11, 127, -4, 127]",esp32_2
CSI_DATA,199982,2025-07-23 16:40:44.070,0,walk,00:00:00:00:00:00,-62,11,0,0,0,0,0,0,0,0,0,-97,0,1,0,2231497830,0,14,0,0,0,104,0,"[0, 0, -117, -29, -78, -16, -40, 2, -5, 27, 22, 54, 44, 78, 63, 101, 74, 122, 79, 127, 80, 127, 79, 127, 74, 127, 65, 127, 55, 127, 48, 127, 45, 127, 43, 111, 46, 93, 53, 76, 62, 60, 72, 49, 82, 42, 92, 39, 100, 43, 103, 48, -26, -47, -33, -58, -40, -73, -44, -88, -44, -98, -38, -104, -34, -106, -31, -105, -33, -98, -39, -87, -46, -72, -56, -56, -73, -41, -94, -28, -115, -15, -128, -1, -128, 6, -128, 9, -128, 10, -128, 7, -128, 0, -128, -8, -128, -15, -128, -21, -128, -29, -128, -40]",esp32_1
CSI_DATA,99111,2025-07-23 16:40:44.080,0,walk,00:00:00:00:00:00,-73,11,0,0,0,0,0,0,0,0,0,-97,0,1,0,852001654,0,14,0,0,0,104,0,"[0, 0, -128, -103, -128, -118, -128, -128, -128, -128, -128, -128, -128, -128, -128, -128, -126, -128, -114, -128, -103, -128, -93, -128, -87, -128, -80, -128, -74, -128, -73, -128, -70, -128, -67, -128, -66, -128, -65, -128, -61, -128, -55, -128, -47, -104, -31, -66, -11, -30, -1, -11, -12, 127, 3, 127, 22, 127, 41, 127, 61, 127, 77, 127, 84, 120, 88, 98, 85, 73, 80, 43, 72, 16, 55, -1, 28, -16, -3, -31, -28, -39, -52, -40, -78, -35, -102, -25, -116, -16, -127, -6, -128, 1, -128, -4, -128, -13, -128, -23, -128, -41, -128, -59]",esp32_2
CSI_DATA,199983,2025-07-23 16:40:44.090,0,walk,00:00:00:00:00:00,-63,11,0,0,0,0,0,0,0,0,0,-97,0,1,0,2231557427,0,14,0,0,0,104,0,"[0, 0, 115, 19, 71, 12, 27, -1, -17, -21, -53, -41, -84, -59, -108, -77, -124, -92, -128, -104, -128, -121, -128, -128, -128, -128, -128, -128, -118, -128, -105, -115, -96, -94, -90, -73, -87, -52, -85, -31, -87, -12, -92, 5, -96, 17, -103, 23, -115, 25, -125, 26, 15, 58, 18, 72, 19, 89, 19, 105, 15, 115, 10, 121, 7, 121, 8, 116, 10, 105, 14, 90, 22, 74, 38, 58, 63, 42, 93, 24, 119, 7, 127, -6, 127, -17, 127, -23, 127, -27, 127, -30, 127, -27, 127, -18, 127, -8, 127, 3, 127, 13, 127, 21]",esp32_1
CSI_DATA,99112,2025-07-23 16:40:44.106,0,walk,00:00:00:00:00:00,-72,11,0,0,0,0,0,0,0,0,0,-97,0,1,0,852026412,0,14,0,0,0,104,0,"[0, 0, 110, 127, 113, 127, 109, 127, 106, 127, 105, 127, 98, 127, 85, 127, 73, 127, 64, 127, 48, 127, 30, 127, 18, 127, 6, 127, -5, 127, -9, 127, -10, 127, -11, 127, -11, 127, -8, 127, -1, 127, 6, 127, 7, 127, 1, 102, -7, 63, -15, 34, 85, -128, 74, -128, 57, -128, 32, -128, 10, -128, -4, -128, -22, -128, -42, -128, -52, -111, -54, -80, -51, -42, -41, -12, -26, 10, -2, 31, 32, 51, 64, 62, 91, 61, 115, 57, 127, 51, 127, 41, 127, 31, 127, 30, 127, 32, 127, 40, 127, 62, 125, 83]",esp32_2
CSI_DATA,199984,2025-07-23 16:40:44.112,0,walk,00:00:00:00:00:00,-62,11,0,0,0,0,0,0,0,0,0,-97,0,1,0,2231594365,0,14,0,0,0,104,0,"[0, 0, 26, -113, 14, -69, -3, -24, -21, 13, -43, 43, -67, 71, -90, 93, -112, 108, -128, 116, -128, 119, -128, 118, -128, 113, -128, 106, -128, 97, -121, 87, -102, 78, -81, 72, -59, 70, -37, 73, -18, 77, -3, 83, 9, 91, 15, 101, 17, 113, 15, 119, 66, -18, 77, -18, 91, -17, 105, -15, 117, -11, 123, -4, 122, 1, 117, 3, 109, 3, 96, -4, 80, -19, 61, -33, 43, -48, 28, -74, 14, -105, 1, -128, -7, -128, -11, -128, -12, -128, -10, -128, -5, -128, 4, -128, 13, -128, 19, -128, 27, -128, 33, -128]",esp32_1
CSI_DATA,99113,2025-07-23 16:40:44.131,0,walk,00:00:00:00:00:00,-72,11,0,0,0,0,0,0,0,0,0,-97,0,1,0,852062548,0,14,0,0,0,104,0,"[0, 0, -83, -79, -89, -96, -91, -107, -89, -115, -89, -123, -91, -128, -91, -128, -89, -128, -82, -128, -72, -128, -66, -128, -61, -128, -58, -128, -55, -128, -50, -128, -44, -128, -40, -128, -38, -128, -36, -128, -32, -121, -28, -102, -25, -82, -17, -61, -5, -44, 2, -32, -50, 83, -42, 90, -30, 98, -18, 102, -6, 103, 7, 101, 20, 91, 31, 77, 38, 64, 40, 46, 35, 25, 25, 7, 13, -7, -2, -19, -21, -26, -41, -32, -59, -34, -76, -31, -90, -23, -98, -15, -102, -10, -103, -7, -102, -9, -100, -13, -92, -19, -82, -28]",esp32_2
CSI_DATA,199985,2025-07-23 16:40:44.145,0,walk,00:00:00:00:00:00,-62,11,0,0,0,0,0,0,0,0,0,-97,0,1,0,2231618878,0,14,0,0,0,104,0,"[0, 0, 69, -89, 44, -58, 7, -29, -30, -5, -65, 13, -97, 29, -127, 37, -128, 35, -128, 26, -128, 15, -128, 4, -128, -2, -128, -6, -128, -11, -128, -11, -127, -2, -106, 11, -87, 27, -67, 43, -55, 58, -50, 69, -49, 76, -54, 85, -62, 94, -67, 102, 68, 11, 80, 13, 91, 20, 102, 28, 112, 33, 119, 36, 118, 35, 111, 32, 102, 28, 90, 21, 82, 9, 76, -10, 70, -31, 69, -58, 67, -89, 68, -120, 76, -128, 85, -128, 90, -128, 90, -128, 94, -128, 107, -128, 126, -128, 127, -128, 127, -128, 127, -128]",esp32_1
CSI_DATA,99114,2025-07-23 16:40:44.152,0,walk,00:00:00:00:00:00,-72,11,0,0,0,0,0,0,0,0,0,-97,0,1,0,852087121,0,14,0,0,0,104,0,"[0, 0, 10, -103, 26, -107, 43, -111, 59, -121, 67, -127, 72, -127, 76, -127, 82, -128, 90, -128, 96, -128, 104, -124, 109, -117, 110, -118, 114, -116, 114, -109, 111, -100, 108, -87, 102, -74, 91, -69, 80, -62, 68, -50, 53, -36, 39, -23, 27, -8, 19, 4, -80, 40, -81, 46, -80, 60, -76, 73, -69, 83, -58, 91, -43, 93, -26, 89, -12, 82, -1, 73, 9, 60, 19, 39, 26, 12, 30, -12, 24, -32, 7, -54, -5, -73, -10, -81, -20, -86, -35, -94, -47, -96, -50, -93, -49, -94, -44, -97, -35, -94, -29, -88]",esp32_2
CSI_DATA,199986,2025-07-23 16:40:44.173,0,walk,00:00:00:00:00:00,-62,11,0,0,0,0,0,0,0,0,0,-97,0,1,0,2231644433,0,14,0,0,0,104,0,"[0, 0, -108, -20, -68, -6, -32, 13, 1, 37, 30, 61, 52, 83, 68, 104, 78, 124, 80, 127, 79, 127, 77, 127, 72, 127, 65, 127, 59, 127, 54, 127, 51, 110, 50, 91, 53, 70, 61, 52, 70, 37, 82, 26, 95, 21, 104, 20, 111, 22, 115, 25, -30, -63, -32, -75, -34, -92, -34, -105, -32, -113, -26, -117, -21, -115, -17, -111, -18, -102, -23, -89, -31, -73, -45, -55, -66, -37, -90, -22, -114, -7, -128, 5, -128, 15, -128, 19, -128, 18, -128, 15, -128, 11, -128, 2, -128, -9, -128, -17, -128, -27, -128, -36]",esp32_1
CSI_DATA,99115,2025-07-23 16:40:44.177,0,walk,00:00:00:00:00:00,-72,11,0,0,0,0,0,0,0,0,0,-97,0,1,0,852123848,0,14,0,0,0,104,0,"[0, 0, -10, 116, -26, 119, -43, 126, -58, 127, -63, 127, -65, 127, -73, 127, -77, 127, -78, 127, -83, 127, -90, 127, -96, 127, -102, 127, -107, 127, -106, 127, -105, 126, -105, 111, -101, 100, -92, 90, -79, 82, -67, 71, -58, 54, -47, 34, -34, 18, -27, 4, 91, -35, 94, -45, 94, -56, 89, -69, 84, -82, 74, -94, 58, -99, 41, -100, 25, -96, 9, -83, -6, -63, -11, -42, -14, -18, -19, 3, -18, 22, -10, 41, -1, 59, 12, 77, 27, 92, 36, 96, 43, 96, 52, 95, 55, 94, 53, 93, 47, 93, 39, 97]",esp32_2
CSI_DATA,99116,2025-07-23 16:40:44.199,0,walk,00:00:00:00:00:00,-73,11,0,0,0,0,0,0,0,0,0,-97,0,1,0,852150161,0,14,0,0,0,104,0,"[0, 0, 35, 127, 22, 127, 6, 127, -6, 127, -9, 127, -16, 127, -30, 127, -41, 127, -53, 127, -70, 127, -85, 127, -98, 127, -106, 127, -114, 127, -116, 127, -112, 127, -102, 127, -87, 127, -76, 127, -66, 127, -53, 127, -40, 108, -30, 75, -21, 43, -12, 18, 122, -70, 126, -79, 126, -94, 116, -113, 106, -128, 94, -128, 73, -128, 53, -128, 37, -128, 20, -128, 8, -121, -6, -97, -21, -71, -26, -44, -20, -11, -7, 20, 9, 42, 23, 60, 38, 74, 48, 88, 57, 103, 65, 115, 68, 125, 72, 127, 75, 127, 74, 127]",esp32_2
CSI_DATA,199987,2025-07-23 16:40:44.200,0,walk,00:00:00:00:00:00,-63,11,0,0,0,0,0,0,0,0,0,-97,0,1,0,2231674111,0,14,0,0,0,104,0,"[0, 0, 90, -59, 52, -43, 12, -31, -24, -30, -59, -32, -89, -35, -116, -39, -128, -46, -128, -56, -128, -68, -128, -76, -128, -80, -128, -81, -128, -78, -119, -69, -104, -56, -93, -40, -84, -23, -78, -4, -78, 14, -82, 28, -87, 38, -93, 45, -101, 49, -107, 48, 68, 19, 77, 25, 88, 35, 95, 44, 99, 52, 98, 57, 95, 59, 91, 59, 85, 53, 79, 40, 73, 20, 69, -1, 72, -22, 78, -46, 83, -76, 90, -104, 104, -128, 123, -128, 127, -128, 127, -128, 127, -128, 127, -128, 127, -128, 127, -128, 127, -128, 127, -128]",esp32_1
CSI_DATA,99117,2025-07-23 16:40:44.218,0,walk,00:00:00:00:00:00,-75,11,0,0,0,0,0,0,0,0,0,-97,0,1,0,852189844,0,14,0,0,0,104,0,"[0, 0, 127, -128, 127, -125, 127, -101, 127, -81, 127, -54, 127, -23, 127, 5, 127, 29, 127, 56, 127, 86, 127, 117, 127, 127, 127, 127, 127, 127, 127, 127, 127, 127, 127, 127, 127, 127, 127, 110, 127, 92, 118, 73, 82, 45, 47, 19, 13, 1, -15, -9, -128, 26, -128, 30, -128, 37, -128, 51, -128, 70, -128, 89, -128, 105, -128, 121, -124, 127, -110, 127, -93, 125, -69, 116, -45, 100, -23, 88, -2, 77, 21, 58, 42, 35, 60, 15, 77, -10, 91, -34, 108, -55, 127, -76, 127, -93, 127, -110, 127, -128, 127, -128]",esp32_2
CSI_DATA,199988,2025-07-23 16:40:44.224,0,walk,00:00:00:00:00:00,-61,11,0,0,0,0,0,0,0,0,0,-97,0,1,0,2231705602,0,14,0,0,0,104,0,"[0, 0, 95, -51, 56, -41, 17, -36, -20, -38, -54, -44, -85, -51, -109, -61, -127, -71, -128, -83, -128, -95, -128, -104, -128, -109, -128, -108, -117, -102, -104, -91, -93, -76, -84, -58, -79, -40, -78, -23, -80, -8, -87, 5, -94, 15, -102, 19, -111, 18, -117, 15, 67, 16, 76, 23, 86, 34, 95, 43, 99, 50, 98, 55, 94, 57, 91, 57, 85, 51, 79, 38, 75, 20, 73, -1, 78, -21, 86, -44, 92, -71, 101, -98, 118, -121, 127, -128, 127, -128, 127, -128, 127, -128, 127, -128, 127, -128, 127, -128, 127, -126, 127, -107]",esp32_1
CSI_DATA,99118,2025-07-23 16:40:44.244,0,walk,00:00:00:00:00:00,-74,11,0,0,0,0,0,0,0,0,0,-97,0,1,0,852223574,0,14,0,0,0,104,0,"[0, 0, -4, -128, 15, -128, 37, -128, 63, -128, 90, -128, 118, -113, 127, -90, 127, -66, 127, -44, 127, -26, 127, -17, 127, -7, 127, 12, 127, 29, 127, 31, 127, 29, 127, 34, 127, 33, 127, 22, 127, 9, 111, -2, 70, -7, 29, -11, -9, -19, -35, -23, 28, 107, 30, 117, 41, 126, 54, 127, 60, 127, 72, 127, 88, 127, 102, 127, 112, 124, 115, 112, 116, 99, 122, 74, 125, 45, 126, 22, 122, 0, 107, -28, 93, -54, 81, -77, 67, -104, 50, -128, 32, -128, 17, -128, 6, -128, -5, -128, -14, -128, -20, -128]",esp32_2
CSI_DATA,99119,2025-07-23 16:40:44.267,0,walk,00:00:00:00:00:00,-74,11,0,0,0,0,0,0,0,0,0,-97,0,1,0,852270877,0,14,0,0,0,104,0,"[0, 0, 127, -61, 127, -38, 127, -7, 127, 26, 127, 57, 127, 84, 127, 113, 127, 127, 127, 127, 127, 127, 127, 127, 127, 127, 127, 127, 127, 127, 127, 127, 127, 127, 127, 127, 115, 127, 92, 127, 69, 108, 45, 86, 19, 61, -2, 30, -19, 2, -32, -18, -128, 24, -128, 29, -128, 39, -128, 55, -128, 72, -128, 91, -128, 106, -116, 117, -96, 127, -72, 127, -41, 127, -13, 125, 14, 108, 45, 86, 68, 64, 81, 46, 97, 31, 121, 5, 127, -28, 127, -51, 127, -70, 127, -87, 127, -99, 127, -111, 127, -114, 127, -107]",esp32_2
CSI_DATA,99120,2025-07-23 16:40:44.289,0,walk,00:00:00:00:00:00,-73,11,0,0,0,0,0,0,0,0,0,-97,0,1,0,852295328,0,14,0,0,0,104,0,"[0, 0, 127, 24, 127, 52, 127, 84, 127, 113, 127, 127, 127, 127, 127, 127, 127, 127, 127, 127, 127, 127, 127, 127, 127, 127, 127, 127, 127, 127, 111, 127, 102, 127, 87, 127, 64, 127, 48, 127, 35, 127, 18, 103, 0, 77, -12, 48, -22, 17, -29, -1, -128, -61, -128, -49, -128, -38, -128, -29, -128, -9, -128, 17, -128, 35, -128, 51, -128, 73, -119, 92, -81, 96, -44, 90, -8, 85, 25, 83, 58, 70, 88, 51, 112, 37, 127, 18, 127, -12, 127, -35, 127, -49, 127, -63, 127, -72, 127, -69, 127, -55, 127, -39]",esp32_2
CSI_DATA,99121,2025-07-23 16:40:44.312,0,walk,00:00:00:00:00:00,-72,11,0,0,0,0,0,0,0,0,0,-97,0,1,0,852332398,0,14,0,0,0,104,0,"[0, 0, 26, 127, -1, 127, -29, 127, -47, 127, -53, 127, -59, 127, -67, 127, -75, 127, -87, 127, -97, 127, -105, 127, -112, 127, -117, 127, -124, 127, -128, 127, -128, 127, -128, 127, -128, 114, -128, 90, -120, 71, -105, 55, -90, 36, -73, 12, -54, -6, -42, -17, -20, -128, -34, -128, -54, -128, -76, -128, -93, -128, -106, -128, -117, -128, -122, -96, -119, -63, -112, -32, -98, -4, -79, 27, -54, 56, -23, 81, 12, 100, 47, 110, 82, 116, 113, 116, 127, 110, 127, 101, 127, 93, 127, 86, 127, 83, 127, 86, 116, 93, 102, 103]",esp32_2
CSI_DATA,199990,2025-07-23 16:40:44.319,0,walk,00:00:00:00:00:00,-62,11,0,0,0,0,0,0,0,0,0,-97,0,1,0,2231768684,0,14,0,0,0,104,0,"[0, 0, -62, 104, -35, 69, -2, 36, 30, 13, 63, -4, 97, -15, 127, -20, 127, -22, 127, -18, 127, -9, 127, 0, 127, 10, 127, 19, 127, 24, 127, 26, 127, 23, 114, 13, 97, -2, 84, -18, 75, -35, 72, -50, 73, -62, 77, -72, 84, -79, 91, -82, -68, 23, -77, 24, -88, 25, -99, 24, -110, 24, -115, 23, -116, 22, -114, 22, -109, 25, -101, 31, -91, 43, -80, 57, -72, 71, -64, 92, -55, 116, -49, 127, -47, 127, -49, 127, -52, 127, -58, 127, -66, 127, -78, 127, -90, 127, -97, 127, -99, 127, -99, 127]",esp32_1
CSI_DATA,99122,2025-07-23 16:40:44.334,0,walk,00:00:00:00:00:00,-72,11,0,0,0,0,0,0,0,0,0,-97,0,1,0,852357877,0,14,0,0,0,104,0,"[0, 0, 127, 94, 127, 127, 127, 127, 127, 127, 127, 127, 127, 127, 127, 127, 127, 127, 127, 127, 127, 127, 127, 127, 127, 127, 121, 127, 88, 127, 64, 127, 42, 127, 19, 127, -1, 127, -13, 127, -19, 127, -27, 118, -32, 98, -33, 72, -37, 45, -41, 26, -128, -63, -128, -56, -128, -44, -128, -23, -128, 2, -128, 22, -128, 40, -128, 61, -111, 75, -73, 81, -37, 84, 0, 77, 38, 60, 75, 44, 108, 23, 127, -4, 127, -24, 127, -48, 127, -77, 127, -93, 127, -95, 127, -95, 127, -91, 123, -75, 116, -43, 116, -8]",esp32_2
CSI_DATA,199991,2025-07-23 16:40:44.345,0,walk,00:00:00:00:00:00,-62,11,0,0,0,0,0,0,0,0,0,-97,0,1,0,2231803225,0,14,0,60,-64,104,0,"[0, 0, 117, 41, 73, 25, 33, 4, -1, -24, -32, -55, -55, -85, -70, -113, -80, -128, -83, -128, -79, -128, -74, -128, -66, -128, -54, -128, -43, -128, -36, -128, -34, -128, -34, -108, -37, -87, -47, -66, -60, -47, -74, -36, -88, -31, -100, -28, -110, -31, -116, -36, 18, 60, 20, 71, 23, 87, 26, 101, 24, 111, 20, 116, 18, 118, 17, 119, 20, 114, 26, 108, 33, 96, 45, 80, 63, 66, 85, 55, 104, 42, 126, 28, 127, 18, 127, 13, 127, 11, 127, 12, 127, 16, 127, 23, 127, 33, 127, 41, 127, 48, 127, 57]",esp32_1
CSI_DATA,99123,2025-07-23 16:40:44.359,0,walk,00:00:00:00:00:00,-72,11,0,0,0,0,0,0,0,0,0,-97,0,1,0,852392125,0,14,0,0,0,104,0,"[0, 0, -3, -128, 17, -128, 34, -128, 51, -128, 58, -128, 54, -128, 50, -128, 48, -128, 57, -128, 66, -128, 74, -128, 89, -128, 108, -128, 120, -128, 127, -128, 127, -105, 127, -82, 127, -66, 127, -51, 127, -35, 116, -21, 101, -7, 81, 8, 61, 17, 41, 21, 80, 127, 92, 127, 107, 127, 124, 127, 127, 127, 127, 113, 127, 87, 127, 60, 127, 28, 116, -7, 91, -36, 56, -60, 22, -83, -15, -100, -58, -105, -98, -107, -128, -107, -128, -98, -128, -82, -128, -71, -128, -62, -128, -54, -128, -54, -128, -66, -102, -80, -89, -93]",esp32_2
CSI_DATA,199992,2025-07-23 16:40:44.373,0,walk,00:00:00:00:00:00,-63,11,0,0,0,0,0,0,0,0,0,-97,0,1,0,2231852290,0,14,0,150,18,104,0,"[0, 0, -42, 124, -31, 75, -12, 25, 8, -18, 31, -53, 59, -86, 87, -113, 114, -128, 127, -128, 127, -128, 127, -128, 127, -128, 127, -116, 127, -102, 127, -88, 117, -73, 91, -66, 62, -66, 35, -67, 11, -69, -10, -76, -26, -86, -35, -98, -39, -113, -42, -124, -70, -4, -81, -1, -94, 1, -108, -1, -121, -6, -128, -8, -128, -9, -128, -10, -128, -9, -120, -5, -109, 6, -95, 20, -78, 35, -63, 57, -48, 86, -34, 119, -23, 127, -15, 127, -6, 127, -2, 127, -3, 127, -9, 127, -18, 127, -28, 127, -36, 127, -40, 127]",esp32_1
CSI_DATA,99124,2025-07-23 16:40:44.380,0,walk,00:00:00:00:00:00,-72,11,0,0,0,0,0,0,0,0,0,-97,0,1,0,852429115,0,14,0,0,0,104,0,"[0, 0, -18, 127, -43, 127, -68, 127, -83, 127, -87, 127, -88, 127, -87, 127, -83, 127, -85, 127, -94, 127, -106, 127, -116, 127, -124, 127, -128, 127, -128, 111, -128, 83, -128, 54, -128, 29, -128, 8, -128, 0, -128, -2, -117, -14, -92, -28, -68, -34, -50, -37, -52, -128, -64, -128, -84, -128, -102, -128, -118, -128, -128, -128, -128, -109, -128, -76, -128, -40, -112, 1, -89, 40, -60, 71, -26, 94, 14, 113, 54, 127, 92, 127, 127, 127, 127, 117, 127, 98, 127, 81, 127, 69, 127, 64, 127, 64, 127, 69, 104, 84, 86, 107]",esp32_2
CSI_DATA,199993,2025-07-23 16:40:44.400,0,walk,00:00:00:00:00:00,-63,11,0,0,0,0,0,0,0,0,0,-97,0,1,0,2231893693,0,14,0,0,0,104,0,"[0, 0, -49, 113, -35, 67, -13, 20, 10, -21, 33, -56, 59, -87, 86, -112, 113, -128, 127, -128, 127, -128, 127, -128, 127, -128, 127, -122, 127, -106, 123, -91, 101, -76, 76, -68, 48, -64, 21, -64, -4, -66, -27, -72, -44, -81, -55, -91, -62, -103, -64, -113, -65, -20, -75, -21, -87, -22, -100, -27, -112, -34, -121, -40, -124, -43, -123, -44, -117, -42, -110, -33, -101, -18, -89, -2, -74, 16, -62, 42, -51, 74, -43, 108, -36, 127, -29, 127, -24, 127, -24, 127, -27, 127, -33, 127, -41, 127, -50, 127, -56, 127, -60, 127]",esp32_1
CSI_DATA,99125,2025-07-23 16:40:44.400,0,walk,00:00:00:00:00:00,-73,11,0,0,0,0,0,0,0,0,0,-97,0,1,0,852467535,0,14,0,0,0,104,0,"[0, 0, -105, 76, -128, 77, -128, 79, -128, 78, -128, 76, -128, 80, -128, 80, -128, 75, -128, 67, -128, 57, -128, 46, -128, 31, -128, 9, -124, -13, -114, -29, -106, -44, -94, -59, -81, -69, -71, -75, -61, -75, -48, -72, -35, -68, -22, -58, -9, -47, 1, -37, 75, -90, 71, -96, 64, -103, 52, -108, 37, -114, 21, -114, 5, -106, -13, -95, -33, -77, -46, -57, -55, -31, -61, -1, -63, 28, -62, 55, -53, 81, -39, 102, -22, 118, -6, 127, 6, 127, 16, 127, 27, 127, 33, 122, 28, 117, 14, 110, -3, 101, -17, 97]",esp32_2
CSI_DATA,199994,2025-07-23 16:40:44.421,0,walk,00:00:00:00:00:00,-62,11,0,0,0,0,0,0,0,0,0,-97,0,1,0,2231925719,0,14,0,0,0,104,0,"[0, 0, -120, 27, -73, 13, -24, 5, 23, 5, 68, 8, 108, 13, 127, 22, 127, 32, 127, 44, 127, 57, 127, 68, 127, 74, 127, 75, 127, 72, 127, 62, 116, 46, 93, 28, 75, 7, 63, -15, 55, -38, 52, -62, 54, -80, 58, -94, 65, -103, 70, -108, -27, -57, -31, -70, -35, -85, -39, -99, -41, -110, -41, -117, -39, -121, -35, -120, -36, -115, -39, -104, -43, -87, -50, -67, -62, -47, -78, -22, -95, 5, -112, 33, -128, 59, -128, 80, -128, 96, -128, 109, -128, 118, -128, 119, -128, 117, -128, 113, -128, 98, -128, 82]",esp32_1
CSI_DATA,99126,2025-07-23 16:40:44.421,0,walk,00:00:00:00:00:00,-72,11,0,0,0,0,0,0,0,0,0,-97,0,1,0,852525929,0,14,0,0,0,104,0,"[0, 0, 97, -128, 127, -128, 127, -128, 127, -128, 127, -128, 127, -128, 127, -128, 127, -128, 127, -128, 127, -128, 127, -128, 127, -100, 127, -67, 127, -29, 127, 0, 127, 29, 127, 57, 127, 75, 118, 87, 102, 91, 86, 86, 61, 80, 39, 75, 21, 68, 2, 60, -5, 127, 8, 127, 23, 127, 42, 127, 65, 127, 86, 127, 99, 127, 110, 108, 118, 71, 113, 30, 102, -9, 89, -46, 72, -82, 49, -115, 14, -128, -26, -128, -61, -128, -88, -128, -105, -128, -117, -128, -126, -128, -128, -128, -116, -128, -92, -128, -64, -128, -40, -128]",esp32_2
CSI_DATA,99127,2025-07-23 16:40:44.442,0,walk,00:00:00:00:00:00,-72,11,0,0,0,0,0,0,0,0,0,-97,0,1,0,852553357,0,14,0,0,0,104,0,"[0, 0, -46, 127, -81, 127, -111, 127, -128, 127, -128, 127, -128, 127, -128, 127, -128, 127, -128, 127, -128, 127, -128, 127, -128, 127, -128, 115, -128, 80, -128, 44, -128, 11, -128, -17, -128, -41, -128, -60, -114, -70, -96, -69, -74, -69, -50, -69, -29, -64, -12, -62, -58, -128, -70, -128, -88, -128, -106, -128, -124, -128, -128, -110, -128, -81, -128, -51, -128, -16, -120, 25, -99, 58, -65, 83, -32, 109, -3, 127, 36, 127, 79, 127, 114, 127, 127, 127, 127, 127, 127, 122, 127, 108, 127, 99, 127, 97, 127, 97, 100, 99, 72, 107]",esp32_2
CSI_DATA,199995,2025-07-23 16:40:44.452,0,walk,00:00:00:00:00:00,-62,11,0,0,0,0,0,0,0,0,0,-97,0,1,0,2231951848,0,14,0,0,0,104,0,"[0, 0, 118, -2, 68, 0, 22, -2, -25, -13, -68, -28, -106, -43, -128, -57, -128, -70, -128, -84, -128, -99, -128, -111, -128, -116, -128, -115, -128, -108, -122, -91, -103, -70, -87, -50, -73, -26, -66, 0, -63, 26, -66, 48, -71, 65, -79, 78, -89, 85, -99, 86, 13, 60, 16, 72, 16, 89, 16, 106, 15, 119, 13, 125, 10, 127, 9, 126, 10, 120, 14, 109, 22, 93, 33, 74, 50, 56, 73, 36, 94, 13, 117, -10, 127, -31, 127, -47, 127, -58, 127, -65, 127, -70, 127, -68, 127, -63, 127, -56, 127, -45, 127, -30]",esp32_1
CSI_DATA,99128,2025-07-23 16:40:44.469,0,walk,00:00:00:00:00:00,-73,11,0,0,0,0,0,0,0,0,0,-97,0,1,0,852576718,0,14,0,0,0,104,0,"[0, 0, -104, 127, -128, 127, -128, 127, -128, 127, -128, 127, -128, 127, -128, 127, -128, 127, -128, 127, -128, 127, -128, 116, -128, 88, -128, 59, -128, 28, -128, -4, -128, -31, -128, -55, -120, -76, -103, -88, -91, -93, -73, -93, -52, -91, -34, -91, -13, -84, 6, -72, 20, -128, 9, -128, -10, -128, -27, -128, -45, -128, -66, -128, -84, -128, -100, -110, -114, -77, -119, -38, -112, 1, -96, 42, -78, 85, -57, 122, -26, 127, 6, 127, 36, 127, 70, 127, 93, 127, 109, 127, 118, 127, 120, 127, 113, 127, 91, 127, 57, 127, 32, 127]",esp32_2
CSI_DATA,199996,2025-07-23 16:40:44.474,0,walk,00:00:00:00:00:00,-62,11,0,0,0,0,0,0,0,0,0,-97,0,1,0,2231987891,0,14,0,0,0,104,0,"[0, 0, -7, 117, -7, 67, 2, 19, 10, -26, 21, -67, 37, -102, 59, -128, 80, -128, 96, -128, 108, -128, 117, -128, 121, -128, 120, -128, 113, -128, 98, -113, 78, -96, 56, -84, 31, -77, 4, -73, -20, -71, -39, -73, -53, -79, -63, -88, -69, -100, -71, -108, -62, 16, -72, 21, -85, 25, -97, 26, -109, 26, -117, 25, -120, 24, -119, 23, -113, 23, -103, 26, -90, 35, -71, 45, -50, 56, -29, 74, -9, 96, 9, 121, 27, 127, 47, 127, 59, 127, 66, 127, 69, 127, 68, 127, 61, 127, 49, 127, 38, 127, 30, 127]",esp32_1
CSI_DATA,99130,2025-07-23 16:40:44.544,0,walk,00:00:00:00:00:00,-73,11,0,0,0,0,0,0,0,0,0,-97,0,1,0,852639311,0,14,0,0,0,104,0,"[0, 0, -128, 45, -128, 23, -128, 2, -128, -15, -128, -22, -128, -29, -128, -42, -128, -53, -128, -59, -128, -62, -128, -72, -128, -86, -128, -100, -128, -119, -128, -128, -99, -128, -69, -128, -39, -128, -15, -128, 4, -124, 21, -112, 35, -98, 45, -75, 54, -49, 62, -32, 127, -128, 127, -128, 114, -128, 96, -128, 73, -128, 43, -128, 15, -128, -11, -128, -40, -128, -75, -104, -107, -66, -125, -23, -128, 21, -128, 66, -128, 106, -128, 127, -120, 127, -104, 127, -85, 127, -64, 127, -45, 127, -36, 127, -33, 127, -34, 127, -48, 127, -67, 127]",esp32_2
CSI_DATA,199998,2025-07-23 16:40:44.564,0,walk,00:00:00:00:00:00,-62,11,0,0,0,0,0,0,0,0,0,-97,0,1,0,2232037650,0,14,0,0,0,104,0,"[0, 0, 110, -49, 64, -28, 20, -10, -23, -1, -67, 5, -107, 8, -128, 5, -128, 1, -128, -7, -128, -18, -128, -28, -128, -34, -128, -36, -128, -38, -128, -34, -123, -25, -99, -12, -77, 5, -60, 26, -49, 45, -44, 64, -40, 83, -40, 98, -45, 109, -52, 113, 38, 46, 45, 58, 51, 73, 56, 86, 59, 96, 60, 103, 60, 107, 59, 106, 58, 102, 59, 92, 60, 72, 62, 50, 69, 28, 79, 4, 90, -26, 102, -57, 120, -86, 127, -112, 127, -128, 127, -128, 127, -128, 127, -128, 127, -128, 127, -128, 127, -128, 127, -123]",esp32_1
CSI_DATA,99131,2025-07-23 16:40:44.567,0,walk,00:00:00:00:00:00,-73,11,0,0,0,0,0,0,0,0,0,-97,0,1,0,852675333,0,14,0,0,0,104,0,"[0, 0, -128, -62, -128, -109, -128, -128, -128, -128, -128, -128, -128, -128, -128, -128, -128, -128, -128, -128, -128, -128, -120, -128, -95, -128, -64, -128, -34, -128, -6, -128, 22, -128, 46, -128, 62, -114, 72, -96, 79, -72, 82, -48, 79, -27, 69, -8, 58, 10, 49, 23, 127, -44, 127, -55, 127, -69, 127, -84, 127, -102, 127, -117, 100, -124, 69, -127, 33, -126, -7, -118, -48, -100, -83, -77, -115, -54, -128, -30, -128, -2, -128, 28, -128, 54, -128, 85, -128, 115, -128, 127, -128, 127, -128, 127, -128, 127, -128, 127, -128, 103, -128, 68]",esp32_2
CSI_DATA,199999,2025-07-23 16:40:44.588,0,walk,00:00:00:00:00:00,-63,11,0,0,0,0,0,0,0,0,0,-97,0,1,0,2232084413,0,14,0,0,0,104,0,"[0, 0, -104, 37, -63, 21, -20, 10, 24, 4, 65, 0, 102, -2, 127, -2, 127, 2, 127, 18, 127, 36, 127, 49, 127, 55, 127, 51, 127, 43, 127, 37, 114, 29, 95, 15, 76, -6, 58, -25, 47, -43, 41, -61, 42, -73, 47, -83, 54, -94, 61, -103, -31, -47, -38, -59, -44, -72, -49, -84, -53, -95, -57, -103, -58, -104, -55, -100, -50, -95, -45, -87, -45, -77, -51, -63, -59, -46, -73, -20, -85, 11, -98, 43, -117, 71, -128, 92, -128, 114, -128, 127, -128, 127, -128, 127, -128, 126, -128, 114, -128, 103, -128, 92]",esp32_1
CSI_DATA,99132,2025-07-23 16:40:44.598,0,walk,00:00:00:00:00:00,-72,11,0,0,0,0,0,0,0,0,0,-97,0,1,0,852744613,0,14,0,0,0,104,0,"[0, 0, -128, 58, -128, 33, -128, 10, -128, -7, -128, -18, -128, -32, -128, -44, -128, -49, -128, -58, -128, -69, -128, -83, -128, -95, -128, -101, -128, -112, -123, -128, -94, -128, -63, -128, -33, -128, -6, -123, 16, -113, 33, -99, 46, -80, 52, -56, 58, -29, 64, -10, 81, -128, 72, -128, 61, -128, 45, -128, 27, -128, 2, -128, -28, -128, -54, -128, -75, -115, -96, -82, -112, -50, -121, -5, -128, 46, -128, 90, -124, 127, -106, 127, -94, 127, -81, 127, -58, 127, -36, 127, -24, 127, -18, 127, -17, 127, -23, 127, -35, 127, -44, 127]",esp32_2
CSI_DATA,99133,2025-07-23 16:40:44.623,0,walk,00:00:00:00:00:00,-73,11,0,0,0,0,0,0,0,0,0,-97,0,1,0,852778034,0,14,0,0,0,104,0,"[0, 0, 19, 127, -19, 127, -45, 127, -62, 127, -77, 127, -93, 127, -108, 127, -118, 127, -125, 127, -128, 127, -128, 127, -128, 127, -128, 127, -128, 127, -128, 99, -128, 61, -128, 24, -128, -8, -128, -31, -106, -46, -84, -57, -60, -67, -36, -74, -12, -76, 7, -75, -128, -90, -128, -91, -128, -83, -128, -64, -128, -43, -128, -21, -128, 3, -128, 35, -128, 71, -107, 98, -66, 117, -22, 127, 21, 127, 66, 127, 116, 127, 127, 127, 127, 127, 127, 112, 127, 89, 127, 75, 127, 62, 127, 49, 127, 44, 127, 46, 127, 57, 127, 74]",esp32_2
CSI_DATA,200000,2025-07-23 16:40:44.633,0,walk,00:00:00:00:00:00,-62,11,0,0,0,0,0,0,0,0,0,-97,0,1,0,2232121854,0,14,0,0,0,104,0,"[0, 0, -48, -113, -31, -72, -17, -26, -7, 25, -4, 72, -8, 112, -17, 127, -28, 127, -35, 127, -43, 127, -52, 127, -59, 127, -65, 127, -64, 127, -56, 127, -44, 121, -30, 102, -11, 85, 11, 71, 33, 63, 52, 58, 69, 57, 85, 61, 95, 71, 99, 80, 41, -46, 52, -55, 64, -66, 75, -75, 88, -79, 100, -78, 105, -76, 102, -73, 93, -69, 81, -68, 68, -71, 47, -72, 22, -73, -6, -80, -34, -91, -60, -103, -87, -120, -116, -128, -128, -128, -128, -128, -128, -128, -128, -128, -128, -128, -128, -128, -128, -128, -128, -128]",esp32_1
CSI_DATA,99134,2025-07-23 16:40:44.656,0,walk,00:00:00:00:00:00,-72,11,0,0,0,0,0,0,0,0,0,-97,0,1,0,852792261,0,14,0,0,0,104,0,"[0, 0, 127, -17, 127, 20, 127, 54, 127, 80, 127, 96, 127, 109, 127, 125, 127, 127, 127, 127, 127, 127, 127, 127, 127, 127, 127, 127, 124, 127, 80, 127, 40, 127, 13, 127, -12, 127, -38, 117, -56, 92, -71, 68, -79, 52, -77, 28, -72, -3, -65, -22, -101, 127, -95, 127, -87, 127, -73, 127, -46, 127, -15, 127, 13, 127, 40, 127, 64, 127, 89, 111, 111, 74, 127, 30, 127, -23, 127, -73, 127, -112, 127, -128, 127, -128, 125, -128, 104, -128, 83, -128, 72, -128, 61, -128, 51, -128, 57, -128, 74, -128, 84, -128]",esp32_2
CSI_DATA,200001,2025-07-23 16:40:44.658,0,walk,00:00:00:00:00:00,-63,11,0,0,0,0,0,0,0,0,0,-97,0,1,0,2232156928,0,14,0,0,0,104,0,"[0, 0, -108, 48, -66, 29, -21, 13, 21, 6, 60, 2, 98, 0, 127, 2, 127, 5, 127, 13, 127, 23, 127, 31, 127, 37, 127, 43, 127, 45, 127, 40, 118, 31, 96, 18, 76, 1, 62, -19, 53, -39, 48, -57, 46, -73, 47, -86, 52, -97, 58, -101, -44, -43, -49, -53, -56, -66, -63, -77, -69, -87, -69, -93, -67, -97, -65, -98, -65, -93, -66, -83, -66, -66, -66, -45, -70, -23, -79, 0, -88, 28, -98, 58, -114, 86, -128, 111, -128, 127, -128, 127, -128, 127, -128, 127, -128, 127, -128, 127, -128, 127, -128, 123]",esp32_1
CSI_DATA,200002,2025-07-23 16:40:44.691,0,walk,00:00:00:00:00:00,-62,11,0,0,0,0,0,0,0,0,0,-97,0,1,0,2232186440,0,14,0,0,0,104,0,"[0, 0, -50, 110, -31, 67, -5, 26, 23, -9, 51, -38, 79, -63, 107, -82, 127, -93, 127, -97, 127, -95, 127, -90, 127, -81, 127, -68, 127, -58, 127, -51, 115, -46, 90, -45, 63, -49, 41, -56, 21, -64, 5, -76, -5, -89, -11, -100, -11, -111, -8, -118, -63, -3, -74, -4, -87, -6, -100, -11, -113, -16, -120, -20, -121, -23, -120, -24, -114, -23, -106, -17, -95, -5, -81, 9, -67, 26, -54, 50, -45, 78, -37, 110, -31, 127, -26, 127, -24, 127, -26, 127, -31, 127, -40, 127, -51, 127, -59, 127, -64, 127, -67, 127]",esp32_1
CSI_DATA,99135,2025-07-23 16:40:44.701,0,walk,00:00:00:00:00:00,-73,11,0,0,0,0,0,0,0,0,0,-97,0,1,0,852817611,0,14,0,0,0,104,0,"[0, 0, -128, 50, -128, 22, -128, -2, -128, -20, -128, -34, -128, -44, -128, -45, -128, -49, -128, -62, -128, -75, -128, -84, -128, -93, -128, -105, -128, -117, -112, -124, -79, -128, -49, -127, -25, -120, -3, -111, 18, -102, 36, -87, 46, -70, 48, -51, 52, -27, 58, -8, 71, -128, 64, -128, 52, -128, 34, -128, 16, -128, -1, -128, -21, -128, -43, -128, -70, -113, -95, -80, -112, -46, -123, -3, -128, 44, -128, 84, -124, 123, -109, 127, -91, 127, -75, 127, -54, 127, -32, 127, -19, 127, -14, 127, -12, 127, -14, 127, -26, 127, -47, 127]",esp32_2
CSI_DATA,99136,2025-07-23 16:40:44.723,0,walk,00:00:00:00:00:00,-76,11,0,0,0,0,0,0,0,0,0,-97,0,1,0,852869755,0,14,0,0,0,104,0,"[0, 0, 51, 122, 40, 127, 31, 127, 32, 127, 31, 127, 26, 127, 26, 127, 26, 127, 16, 127, 5, 127, -1, 127, -15, 127, -44, 127, -80, 127, -99, 127, -101, 127, -113, 113, -128, 83, -128, 57, -128, 31, -123, 10, -111, -11, -93, -40, -67, -64, -42, -72, -128, -64, -128, -55, -128, -47, -128, -36, -128, -18, -128, 8, -128, 34, -128, 59, -106, 86, -73, 105, -34, 116, 4, 126, 37, 125, 70, 116, 108, 102, 127, 87, 127, 65, 127, 36, 127, 13, 127, -3, 127, -17, 127, -24, 127, -17, 127, -4, 116, 8, 95, 20]",esp32_2
CSI_DATA,99137,2025-07-23 16:40:44.762,0,walk,00:00:00:00:00:00,-73,11,0,0,0,0,0,0,0,0,0,-97,0,1,0,852892853,0,14,0,0,0,104,0,"[0, 0, -128, -28, -128, -65, -128, -99, -128, -123, -128, -128, -128, -128, -128, -128, -128, -128, -128, -128, -128, -128, -128, -128, -128, -128, -117, -128, -81, -128, -46, -128, -18, -128, 8, -126, 29, -117, 41, -103, 52, -82, 63, -62, 70, -41, 67, -18, 55, 3, 45, 23, 127, -98, 127, -109, 127, -123, 120, -128, 104, -128, 85, -128, 60, -128, 28, -128, -4, -128, -40, -124, -79, -92, -109, -57, -125, -25, -128, 7, -128, 41, -128, 74, -128, 100, -128, 127, -128, 127, -128, 127, -120, 127, -110, 127, -108, 127, -104, 127, -101, 108, -107, 79]",esp32_2
CSI_DATA,200004,2025-07-23 16:40:44.782,0,walk,00:00:00:00:00:00,-63,11,0,0,0,0,0,0,0,0,0,-97,0,1,0,2232233322,0,14,0,0,0,104,0,"[0, 0, -76, 89, -48, 52, -14, 16, 19, -10, 51, -32, 84, -51, 116, -66, 127, -74, 127, -75, 127, -70, 127, -64, 127, -58, 127, -50, 127, -42, 127, -35, 116, -33, 90, -36, 64, -41, 40, -50, 20, -60, 5, -73, -6, -86, -11, -99, -13, -112, -11, -120, -56, -28, -65, -34, -76, -42, -85, -51, -94, -60, -98, -68, -99, -72, -98, -73, -94, -68, -87, -60, -81, -43, -76, -23, -70, -3, -66, 22, -66, 53, -67, 89, -72, 123, -79, 127, -86, 127, -93, 127, -103, 127, -114, 127, -125, 127, -128, 127, -128, 127, -126, 127]",esp32_1
CSI_DATA,99138,2025-07-23 16:40:44.787,0,walk,00:00:00:00:00:00,-72,11,0,0,0,0,0,0,0,0,0,-97,0,1,0,852918403,0,14,0,0,0,104,0,"[0, 0, 23, -103, 48, -119, 71, -128, 84, -128, 93, -128, 99, -128, 104, -128, 107, -128, 111, -128, 113, -125, 112, -111, 110, -93, 109, -69, 106, -45, 102, -23, 96, -4, 89, 12, 81, 26, 70, 38, 59, 42, 48, 44, 34, 46, 18, 47, 6, 45, -3, 42, 59, 94, 66, 93, 74, 86, 83, 78, 92, 69, 97, 57, 96, 40, 93, 21, 86, -2, 72, -24, 55, -45, 38, -63, 19, -77, -3, -90, -31, -97, -57, -101, -79, -103, -98, -100, -110, -93, -116, -86, -118, -77, -116, -69, -108, -66, -92, -65, -76, -68, -62, -73]",esp32_2
CSI_DATA,200005,2025-07-23 16:40:44.812,0,walk,00:00:00:00:00:00,-63,11,0,0,0,0,0,0,0,0,0,-97,0,1,0,2232260090,0,14,0,0,0,104,0,"[0, 0, 92, 58, 53, 33, 19, 6, -13, -26, -40, -56, -63, -85, -79, -112, -87, -128, -89, -128, -87, -128, -84, -128, -79, -128, -69, -128, -55, -128, -47, -128, -41, -111, -39, -86, -43, -62, -50, -40, -60, -19, -72, -1, -86, 10, -98, 15, -110, 15, -118, 14, -16, 55, -21, 66, -28, 80, -34, 92, -41, 102, -48, 106, -53, 106, -53, 104, -47, 100, -38, 94, -27, 86, -11, 77, 14, 69, 44, 63, 72, 57, 98, 52, 127, 52, 127, 53, 127, 56, 127, 62, 127, 69, 127, 78, 127, 88, 127, 94, 127, 97, 127, 100]",esp32_1
CSI_DATA,99139,2025-07-23 16:40:44.812,0,walk,00:00:00:00:00:00,-72,11,0,0,0,0,0,0,0,0,0,-97,0,1,0,852966741,0,14,0,0,0,104,0,"[0, 0, -119, 6, -128, -9, -128, -19, -128, -27, -128, -32, -128, -36, -128, -40, -128, -41, -128, -44, -128, -50, -128, -55, -127, -61, -108, -68, -87, -76, -67, -84, -49, -90, -33, -94, -19, -95, -5, -87, 8, -77, 17, -69, 22, -61, 26, -45, 30, -29, 31, -19, 85, -61, 85, -68, 82, -76, 75, -86, 63, -96, 46, -100, 29, -95, 10, -90, -11, -81, -29, -69, -47, -53, -65, -31, -78, -6, -87, 22, -91, 48, -87, 72, -77, 93, -65, 109, -56, 121, -49, 127, -41, 124, -37, 118, -35, 112, -35, 101, -43, 85, -53, 70]",esp32_2
CSI_DATA,200006,2025-07-23 16:40:44.839,0,walk,00:00:00:00:00:00,-63,11,0,0,0,0,0,0,0,0,0,-97,0,1,0,2232306803,0,14,0,0,0,104,0,"[0, 0, 85, -110, 53, -65, 14, -21, -23, 17, -61, 47, -99, 72, -128, 92, -128, 105, -128, 108, -128, 106, -128, 100, -128, 91, -128, 79, -128, 68, -128, 58, -128, 52, -103, 51, -71, 54, -41, 61, -15, 73, 5, 86, 22, 101, 33, 116, 36, 127, 33, 127, 65, 36, 76, 43, 87, 51, 100, 62, 112, 74, 119, 84, 119, 89, 117, 90, 112, 85, 105, 72, 99, 52, 90, 28, 81, 1, 76, -31, 74, -69, 73, -112, 77, -128, 83, -128, 89, -128, 99, -128, 111, -128, 122, -128, 127, -128, 127, -128, 127, -128, 127, -128]",esp32_1
CSI_DATA,200007,2025-07-23 16:40:44.869,0,walk,00:00:00:00:00:00,-61,11,0,0,0,0,0,0,0,0,0,-97,0,1,0,2232924887,0,14,0,0,0,104,0,"[0, 0, 111, -10, 69, -12, 30, -22, -6, -41, -38, -60, -65, -81, -87, -102, -101, -121, -107, -128, -107, -128, -104, -128, -97, -128, -85, -128, -70, -128, -61, -128, -55, -128, -51, -110, -53, -90, -60, -73, -70, -59, -81, -49, -93, -44, -103, -44, -110, -48, -114, -53, 56, 40, 63, 47, 72, 57, 79, 67, 81, 73, 80, 76, 78, 75, 76, 73, 78, 67, 83, 56, 88, 42, 95, 26, 107, 10, 124, -6, 127, -23, 127, -39, 127, -53, 127, -64, 127, -68, 127, -67, 127, -66, 127, -60, 127, -53, 127, -47, 127, -35, 127, -22]",esp32_1
CSI_DATA,200008,2025-07-23 16:40:44.902,0,walk,00:00:00:00:00:00,-61,11,0,0,0,0,0,0,0,0,0,-97,0,1,0,2232934800,0,14,0,0,0,104,0,"[0, 0, 97, -14, 59, -15, 22, -19, -14, -30, -45, -44, -72, -59, -94, -76, -109, -92, -117, -109, -119, -125, -118, -128, -112, -128, -101, -128, -89, -128, -78, -124, -70, -107, -63, -89, -61, -70, -65, -51, -71, -37, -80, -26, -91, -20, -101, -19, -107, -23, -110, -28, 54, 33, 60, 39, 68, 49, 75, 58, 77, 65, 76, 67, 73, 66, 71, 62, 71, 56, 75, 47, 79, 33, 85, 17, 93, 3, 107, -13, 121, -31, 127, -49, 127, -64, 127, -75, 127, -80, 127, -81, 127, -79, 127, -74, 127, -67, 127, -59, 127, -48, 127, -37]",esp32_1
CSI_DATA,99141,2025-07-23 16:40:44.902,0,walk,00:00:00:00:00:00,-73,11,0,0,0,0,0,0,0,0,0,-97,0,1,0,853718597,0,14,0,0,0,104,0,"[0, 0, -128, -128, -128, -128, -128, -128, -128, -128, -107, -128, -84, -128, -60, -128, -33, -128, -8, -128, 14, -128, 30, -128, 43, -128, 61, -128, 80, -128, 88, -128, 88, -128, 86, -128, 82, -128, 71, -128, 57, -99, 46, -63, 30, -31, 12, 2, -2, 34, -13, 55, 112, 70, 119, 72, 126, 66, 127, 55, 127, 42, 127, 26, 127, 9, 127, -10, 127, -36, 107, -65, 82, -91, 55, -112, 28, -128, -3, -128, -40, -128, -81, -128, -124, -128, -128, -128, -128, -128, -128, -125, -128, -123, -128, -117, -128, -104, -128, -90, -128, -88, -128, -98]",esp32_2
CSI_DATA,200009,2025-07-23 16:40:44.931,0,walk,00:00:00:00:00:00,-61,11,0,0,0,0,0,0,0,0,0,-97,0,1,0,2232944786,0,14,0,0,0,104,0,"[0, 0, 1, -109, -5, -66, -17, -26, -30, 10, -46, 44, -66, 73, -88, 97, -114, 112, -128, 118, -128, 119, -128, 116, -128, 108, -128, 96, -128, 85, -128, 75, -118, 67, -96, 63, -74, 63, -54, 68, -38, 76, -27, 85, -21, 97, -19, 108, -23, 118, -29, 125, 54, -53, 60, -57, 67, -62, 75, -66, 84, -69, 88, -68, 86, -65, 81, -65, 72, -66, 60, -72, 47, -81, 30, -89, 12, -99, -4, -114, -21, -128, -36, -128, -47, -128, -56, -128, -63, -128, -64, -128, -60, -128, -54, -128, -47, -128, -37, -128, -25, -128, -15, -128]",esp32_1
CSI_DATA,99142,2025-07-23 16:40:44.931,0,walk,00:00:00:00:00:00,-73,11,0,0,0,0,0,0,0,0,0,-97,0,1,0,853728662,0,14,0,0,0,104,0,"[0, 0, -128, 15, -128, -14, -128, -41, -128, -65, -128, -88, -128, -112, -128, -128, -128, -128, -128, -128, -128, -128, -128, -128, -119, -128, -105, -128, -90, -128, -74, -128, -54, -128, -44, -128, -39, -128, -24, -128, -6, -99, 6, -70, 15, -39, 21, -6, 23, 26, 24, 48, 118, 4, 127, -2, 127, -14, 127, -28, 127, -42, 127, -60, 112, -79, 93, -95, 72, -108, 45, -119, 16, -125, -15, -124, -47, -118, -82, -111, -116, -99, -128, -80, -128, -57, -128, -31, -128, -5, -128, 21, -128, 44, -128, 61, -128, 72, -128, 82, -128, 82, -128, 69]",esp32_2
CSI_DATA,99143,2025-07-23 16:40:44.961,0,walk,00:00:00:00:00:00,-73,11,0,0,0,0,0,0,0,0,0,-97,0,1,0,853738618,0,14,0,0,0,104,0,"[0, 0, 61, -119, 76, -106, 91, -93, 106, -77, 118, -65, 127, -55, 127, -41, 127, -27, 127, -12, 127, 1, 127, 10, 127, 19, 127, 30, 127, 38, 127, 40, 124, 44, 106, 47, 87, 46, 70, 38, 52, 31, 34, 24, 17, 17, -2, 8, -21, -2, -37, -7, -28, 73, -27, 76, -22, 80, -15, 86, -6, 90, 5, 90, 20, 86, 36, 79, 49, 69, 59, 57, 68, 43, 77, 24, 83, 5, 86, -18, 85, -44, 81, -66, 77, -86, 71, -110, 61, -128, 50, -128, 40, -128, 31, -128, 27, -128, 25, -128, 26, -128, 29, -128]",esp32_2
CSI_DATA,99144,2025-07-23 16:40:45.002,0,walk,00:00:00:00:00:00,-72,11,0,0,0,0,0,0,0,0,0,-97,0,1,0,853748574,0,14,0,0,0,104,0,"[0, 0, -73, -128, -43, -128, -1, -128, 40, -128, 67, -128, 89, -128, 111, -128, 127, -128, 127, -128, 127, -128, 127, -128, 127, -128, 127, -128, 127, -128, 127, -128, 127, -108, 127, -84, 127, -61, 127, -43, 100, -25, 69, -8, 37, 2, 7, 12, -20, 24, -43, 35, 54, 119, 63, 123, 74, 127, 91, 122, 108, 113, 119, 104, 127, 86, 127, 61, 127, 29, 127, -4, 127, -34, 123, -65, 106, -96, 82, -125, 49, -128, 15, -128, -15, -128, -46, -128, -74, -128, -98, -128, -124, -128, -128, -128, -128, -128, -128, -128, -128, -128, -128, -128]",esp32_2
CSI_DATA,200011,2025-07-23 16:40:45.018,0,walk,00:00:00:00:00:00,-61,11,0,0,0,0,0,0,0,0,0,-97,0,1,0,2232964826,0,14,0,0,0,104,0,"[0, 0, -16, 127, -8, 79, 11, 28, 31, -19, 52, -61, 78, -98, 106, -126, 127, -128, 127, -128, 127, -128, 127, -128, 127, -128, 127, -128, 127, -115, 127, -101, 127, -88, 106, -80, 77, -80, 51, -87, 27, -94, 7, -106, -5, -120, -8, -128, -5, -128, 0, -128, -85, 40, -94, 45, -105, 50, -118, 53, -127, 52, -128, 50, -128, 47, -122, 46, -110, 50, -94, 62, -77, 81, -57, 97, -34, 113, -14, 127, 2, 127, 15, 127, 27, 127, 38, 127, 45, 127, 44, 127, 38, 127, 34, 127, 28, 127, 19, 127, 6, 127, -5, 127]",esp32_1
CSI_DATA,99145,2025-07-23 16:40:45.029,0,walk,00:00:00:00:00:00,-72,11,0,0,0,0,0,0,0,0,0,-97,0,1,0,853758593,0,14,0,0,0,104,0,"[0, 0, -128, -98, -128, -128, -125, -128, -102, -128, -82, -128, -56, -128, -34, -128, -19, -128, -2, -128, 19, -128, 40, -128, 54, -128, 65, -128, 78, -128, 87, -128, 92, -128, 89, -128, 81, -128, 76, -102, 65, -72, 46, -47, 26, -22, 9, 6, -9, 33, -22, 51, 127, 25, 127, 18, 127, 11, 127, 0, 127, -20, 127, -40, 127, -55, 127, -74, 123, -97, 101, -113, 68, -124, 35, -128, 5, -128, -31, -128, -76, -128, -118, -128, -128, -119, -128, -104, -128, -85, -128, -64, -128, -47, -128, -35, -128, -31, -128, -30, -128, -33, -128, -42]",esp32_2
CSI_DATA,200012,2025-07-23 16:40:45.050,0,walk,00:00:00:00:00:00,-65,11,0,0,0,0,0,0,0,0,0,-97,0,1,0,2232974794,0,14,0,0,0,104,0,"[0, 0, 80, -48, 50, -35, 17, -24, -16, -19, -50, -19, -84, -23, -115, -29, -128, -38, -128, -51, -128, -66, -128, -82, -128, -94, -128, -100, -128, -99, -128, -94, -125, -82, -113, -61, -103, -37, -98, -17, -101, 2, -109, 23, -122, 43, -128, 55, -128, 57, -128, 54, 64, 7, 71, 12, 80, 21, 87, 29, 86, 31, 84, 30, 83, 29, 81, 26, 76, 20, 74, 10, 74, -5, 74, -20, 75, -34, 78, -50, 82, -71, 86, -95, 94, -111, 105, -120, 116, -127, 124, -128, 127, -128, 127, -128, 127, -128, 127, -125, 127, -115, 127, -104]",esp32_1
CSI_DATA,200013,2025-07-23 16:40:45.082,0,walk,00:00:00:00:00:00,-61,11,0,0,0,0,0,0,0,0,0,-97,0,1,0,2232986029,0,14,0,0,0,104,0,"[0, 0, -102, 49, -62, 31, -20, 15, 21, 7, 58, 5, 94, 5, 126, 7, 127, 11, 127, 19, 127, 31, 127, 43, 127, 53, 127, 58, 127, 59, 127, 55, 118, 46, 95, 31, 77, 13, 65, -8, 58, -29, 57, -48, 59, -63, 64, -75, 74, -82, 82, -84, -58, -45, -64, -52, -71, -63, -77, -72, -81, -78, -80, -80, -77, -77, -74, -71, -73, -62, -75, -49, -77, -31, -81, -9, -88, 12, -99, 34, -109, 59, -120, 86, -128, 109, -128, 126, -128, 127, -128, 127, -128, 127, -128, 127, -128, 127, -128, 127, -128, 127, -128, 113]",esp32_1
CSI_DATA,99147,2025-07-23 16:40:45.116,0,walk,00:00:00:00:00:00,-73,11,0,0,0,0,0,0,0,0,0,-97,0,1,0,853778604,0,14,0,0,0,104,0,"[0, 0, -41, 108, -61, 101, -83, 94, -105, 87, -120, 78, -128, 69, -128, 62, -128, 54, -128, 43, -128, 35, -128, 28, -128, 21, -128, 11, -128, -1, -128, -11, -127, -20, -111, -26, -90, -27, -68, -29, -49, -30, -33, -27, -17, -21, 2, -16, 20, -12, 30, -8, 1, -86, -3, -92, -10, -99, -20, -102, -32, -102, -42, -98, -51, -89, -62, -80, -73, -66, -81, -46, -82, -23, -81, 0, -83, 23, -82, 47, -73, 65, -59, 85, -45, 106, -31, 121, -18, 127, -5, 127, 9, 127, 17, 127, 20, 127, 19, 127, 16, 127, 16, 127]",esp32_2
CSI_DATA,200014,2025-07-23 16:40:45.120,0,walk,00:00:00:00:00:00,-62,11,0,0,0,0,0,0,0,0,0,-97,0,1,0,2232997533,0,14,0,0,0,104,0,"[0, 0, -64, 102, -36, 68, -3, 36, 29, 12, 61, -8, 95, -23, 127, -31, 127, -36, 127, -34, 127, -28, 127, -19, 127, -9, 127, 2, 127, 10, 127, 14, 127, 13, 109, 7, 87, -4, 70, -18, 58, -36, 52, -54, 49, -70, 50, -84, 58, -93, 65, -97, -79, 6, -89, 4, -100, 2, -110, 0, -117, -4, -121, -8, -119, -13, -114, -13, -108, -5, -100, 8, -91, 27, -80, 44, -72, 60, -67, 83, -61, 110, -56, 127, -58, 127, -62, 127, -69, 127, -80, 127, -90, 127, -97, 127, -102, 127, -103, 127, -105, 127, -107, 127]",esp32_1
CSI_DATA,200015,2025-07-23 16:40:45.147,0,walk,00:00:00:00:00:00,-63,11,0,0,0,0,0,0,0,0,0,-97,0,1,0,2233006274,0,14,0,0,0,104,0,"[0, 0, 25, 116, 13, 72, 7, 27, 1, -17, 0, -59, 4, -98, 14, -128, 29, -128, 41, -128, 49, -128, 57, -128, 68, -128, 78, -128, 81, -128, 75, -128, 63, -121, 47, -101, 26, -85, 3, -71, -18, -61, -40, -56, -60, -57, -75, -62, -84, -72, -88, -81, -66, 37, -76, 43, -86, 49, -95, 54, -104, 55, -109, 54, -109, 53, -104, 54, -94, 56, -79, 60, -62, 67, -41, 75, -16, 85, 8, 99, 31, 118, 50, 127, 70, 127, 91, 127, 108, 127, 119, 127, 124, 127, 125, 127, 122, 127, 114, 127, 101, 127, 90, 127]",esp32_1
CSI_DATA,99148,2025-07-23 16:40:45.147,0,walk,00:00:00:00:00:00,-76,11,0,0,0,0,0,0,0,0,0,-97,0,1,0,853789140,0,14,0,0,0,104,0,"[0, 0, 34, 127, 11, 127, -14, 127, -44, 127, -72, 127, -92, 127, -109, 127, -125, 127, -128, 127, -128, 127, -128, 127, -128, 127, -128, 127, -128, 127, -128, 127, -128, 118, -128, 99, -128, 84, -128, 60, -114, 33, -79, 9, -39, -4, -7, -15, 24, -31, 51, -44, -76, -108, -88, -115, -98, -117, -110, -114, -123, -101, -128, -85, -128, -66, -128, -43, -128, -17, -128, 14, -114, 42, -99, 67, -85, 94, -61, 109, -31, 122, -1, 127, 29, 127, 54, 127, 76, 127, 97, 127, 112, 127, 123, 127, 125, 127, 115, 120, 108, 115, 102, 118]",esp32_2
CSI_DATA,99149,2025-07-23 16:40:45.178,0,walk,00:00:00:00:00:00,-72,11,0,0,0,0,0,0,0,0,0,-97,0,1,0,853798600,0,14,0,0,0,104,0,"[0, 0, -21, 113, -42, 109, -66, 109, -86, 109, -100, 103, -114, 98, -128, 97, -128, 95, -128, 89, -128, 82, -128, 75, -128, 66, -128, 55, -128, 42, -128, 25, -126, 12, -113, 2, -98, -7, -82, -15, -63, -18, -42, -18, -26, -22, -10, -24, 9, -21, 26, -18, -11, -93, -17, -99, -24, -102, -35, -103, -48, -102, -59, -94, -68, -81, -75, -68, -81, -52, -83, -31, -82, -9, -79, 12, -72, 35, -60, 59, -45, 78, -27, 93, -9, 106, 8, 119, 26, 126, 39, 127, 48, 127, 53, 127, 55, 124, 54, 122, 49, 119, 46, 115]",esp32_2
CSI_DATA,200016,2025-07-23 16:40:45.181,0,walk,00:00:00:00:00:00,-63,11,0,0,0,0,0,0,0,0,0,-97,0,1,0,2233015109,0,14,0,0,0,104,0,"[0, 0, -57, -98, -35, -63, -16, -27, 2, 13, 15, 51, 20, 86, 21, 120, 17, 127, 11, 127, 3, 127, -6, 127, -14, 127, -22, 127, -28, 127, -31, 127, -28, 126, -21, 102, -8, 82, 9, 66, 26, 51, 45, 40, 63, 35, 77, 38, 88, 45, 95, 52, 45, -52, 52, -61, 60, -71, 68, -78, 75, -82, 79, -81, 80, -79, 77, -78, 69, -77, 55, -77, 39, -78, 17, -78, -8, -81, -34, -88, -58, -97, -80, -108, -103, -122, -128, -128, -128, -128, -128, -128, -128, -128, -128, -128, -128, -128, -128, -128, -128, -128, -128, -128]",esp32_1
CSI_DATA,99150,2025-07-23 16:40:45.206,0,walk,00:00:00:00:00:00,-73,11,0,0,0,0,0,0,0,0,0,-97,0,1,0,853814516,0,14,0,0,0,104,0,"[0, 0, -72, -80, -60, -95, -47, -115, -32, -128, -23, -128, -18, -128, -11, -128, -1, -128, 9, -128, 19, -128, 28, -128, 34, -128, 41, -128, 50, -128, 55, -128, 57, -111, 57, -94, 56, -77, 54, -59, 48, -41, 40, -25, 31, -11, 22, 5, 14, 21, 4, 33, 81, 55, 88, 51, 97, 43, 103, 34, 107, 25, 105, 12, 100, -4, 95, -19, 88, -33, 74, -45, 53, -58, 31, -68, 11, -73, -12, -75, -38, -77, -61, -79, -80, -73, -101, -62, -116, -51, -123, -41, -128, -30, -128, -21, -128, -21, -128, -26, -124, -30, -117, -33]",esp32_2
CSI_DATA,200017,2025-07-23 16:40:45.209,0,walk,00:00:00:00:00:00,-63,11,0,0,0,0,0,0,0,0,0,-97,0,1,0,2233024783,0,14,0,0,0,104,0,"[0, 0, 112, -39, 72, -23, 31, -10, -11, -4, -50, -3, -87, -5, -120, -9, -128, -14, -128, -22, -128, -34, -128, -46, -128, -56, -128, -64, -128, -67, -128, -63, -121, -54, -99, -44, -79, -29, -65, -8, -57, 13, -54, 31, -54, 49, -56, 65, -63, 75, -69, 80, 41, 52, 48, 60, 54, 72, 57, 82, 60, 90, 61, 94, 60, 95, 57, 93, 58, 85, 63, 72, 66, 55, 71, 36, 81, 18, 93, -4, 104, -30, 116, -54, 127, -77, 127, -97, 127, -112, 127, -120, 127, -126, 127, -128, 127, -128, 127, -124, 127, -111, 127, -96]",esp32_1
CSI_DATA,200018,2025-07-23 16:40:45.230,0,walk,00:00:00:00:00:00,-63,11,0,0,0,0,0,0,0,0,0,-97,0,1,0,2233034787,0,14,0,0,0,104,0,"[0, 0, -108, -53, -69, -38, -32, -18, 4, 10, 35, 38, 60, 64, 79, 89, 91, 113, 96, 127, 97, 127, 96, 127, 89, 127, 76, 127, 61, 127, 49, 127, 41, 127, 35, 104, 34, 82, 40, 60, 49, 38, 60, 20, 71, 8, 84, 1, 96, 0, 102, 4, 3, -66, 3, -79, 4, -93, 7, -103, 12, -112, 16, -115, 17, -115, 16, -114, 11, -109, 1, -100, -12, -91, -28, -81, -49, -71, -75, -63, -99, -54, -121, -45, -128, -40, -128, -40, -128, -42, -128, -45, -128, -49, -128, -55, -128, -62, -128, -66, -128, -70, -128, -75]",esp32_1
CSI_DATA,99151,2025-07-23 16:40:45.239,0,walk,00:00:00:00:00:00,-73,11,0,0,0,0,0,0,0,0,0,-97,0,1,0,853819751,0,14,0,0,0,104,0,"[0, 0, -65, -80, -56, -100, -45, -118, -30, -128, -18, -128, -12, -128, -7, -128, 0, -128, 6, -128, 12, -128, 22, -128, 34, -128, 40, -128, 42, -128, 47, -126, 53, -109, 57, -93, 58, -79, 55, -60, 49, -42, 42, -29, 36, -12, 27, 5, 16, 18, 8, 26, 74, 61, 80, 57, 88, 51, 96, 43, 102, 33, 104, 19, 100, 6, 96, -7, 90, -23, 77, -39, 57, -52, 38, -63, 21, -69, -2, -74, -27, -79, -48, -76, -70, -69, -90, -63, -103, -52, -112, -40, -121, -33, -126, -28, -125, -25, -118, -25, -110, -31, -107, -40]",esp32_2
CSI_DATA,99152,2025-07-23 16:40:45.261,0,walk,00:00:00:00:00:00,-73,11,0,0,0,0,0,0,0,0,0,-97,0,1,0,853828587,0,14,0,0,0,104,0,"[0, 0, -80, -63, -70, -85, -61, -103, -54, -120, -48, -128, -44, -128, -39, -128, -35, -128, -29, -128, -23, -128, -16, -128, -8, -128, 1, -128, 9, -128, 18, -128, 26, -122, 31, -104, 37, -85, 40, -69, 36, -54, 32, -38, 29, -21, 25, -3, 19, 14, 15, 23, 79, 57, 83, 54, 91, 46, 98, 36, 101, 23, 102, 8, 101, -5, 98, -18, 90, -31, 74, -45, 53, -58, 33, -67, 16, -71, -7, -71, -32, -69, -57, -65, -78, -59, -97, -48, -109, -34, -113, -23, -116, -16, -121, -9, -123, -2, -117, -3, -107, -10, -103, -19]",esp32_2
CSI_DATA,200020,2025-07-23 16:40:45.317,0,walk,00:00:00:00:00:00,-62,11,0,0,0,0,0,0,0,0,0,-97,0,1,0,2233054786,0,14,0,0,0,104,0,"[0, 0, 50, -118, 34, -79, 12, -40, -12, -7, -38, 23, -68, 48, -98, 68, -128, 80, -128, 85, -128, 84, -128, 80, -128, 70, -128, 57, -128, 46, -128, 38, -128, 31, -122, 28, -100, 31, -79, 37, -61, 45, -47, 56, -37, 71, -32, 86, -33, 97, -36, 104, 68, -17, 78, -19, 90, -20, 102, -21, 114, -20, 120, -17, 121, -14, 120, -15, 116, -18, 107, -26, 96, -39, 83, -51, 71, -63, 61, -81, 50, -107, 39, -128, 32, -128, 29, -128, 28, -128, 31, -128, 36, -128, 42, -128, 50, -128, 56, -128, 62, -128, 67, -128]",esp32_1
CSI_DATA,200021,2025-07-23 16:40:45.344,0,walk,00:00:00:00:00:00,-62,11,0,0,0,0,0,0,0,0,0,-97,0,1,0,2233064772,0,14,0,0,0,104,0,"[0, 0, -124, -39, -83, -28, -43, -11, -5, 16, 28, 44, 54, 71, 73, 98, 85, 122, 93, 127, 97, 127, 95, 127, 87, 127, 74, 127, 58, 127, 46, 127, 39, 127, 35, 122, 35, 99, 40, 79, 50, 60, 64, 43, 78, 32, 89, 28, 98, 29, 103, 32, -23, -64, -26, -74, -30, -89, -33, -102, -33, -112, -29, -117, -26, -118, -27, -119, -31, -116, -38, -107, -47, -95, -59, -82, -76, -68, -97, -55, -118, -43, -128, -29, -128, -19, -128, -14, -128, -13, -128, -15, -128, -17, -128, -23, -128, -30, -128, -34, -128, -40, -128, -50]",esp32_1
CSI_DATA,99154,2025-07-23 16:40:45.356,0,walk,00:00:00:00:00:00,-72,11,0,0,0,0,0,0,0,0,0,-97,0,1,0,853848642,0,14,0,0,0,104,0,"[0, 0, 90, 127, 62, 127, 36, 127, 11, 127, -12, 127, -32, 127, -45, 127, -59, 127, -78, 127, -93, 127, -102, 127, -107, 127, -113, 127, -126, 127, -128, 127, -128, 127, -125, 127, -120, 118, -111, 85, -92, 61, -69, 43, -50, 21, -31, -6, -10, -28, 7, -41, -128, -74, -128, -76, -128, -70, -128, -58, -128, -42, -128, -21, -128, 3, -128, 30, -128, 58, -128, 83, -110, 100, -81, 112, -48, 120, -13, 127, 25, 127, 67, 127, 104, 123, 127, 116, 127, 105, 127, 88, 127, 72, 127, 63, 127, 55, 127, 53, 127, 62, 127, 70]",esp32_2
CSI_DATA,200022,2025-07-23 16:40:45.375,0,walk,00:00:00:00:00:00,-62,11,0,0,0,0,0,0,0,0,0,-97,0,1,0,2233074777,0,14,0,0,0,104,0,"[0, 0, -128, -18, -87, -11, -45, 0, -4, 19, 33, 41, 64, 62, 87, 84, 103, 106, 113, 126, 118, 127, 117, 127, 111, 127, 100, 127, 84, 127, 72, 127, 63, 127, 54, 115, 50, 94, 53, 73, 60, 55, 70, 40, 81, 29, 93, 23, 103, 22, 109, 25, -38, -53, -44, -64, -53, -78, -59, -90, -61, -98, -61, -103, -60, -106, -60, -107, -60, -103, -64, -95, -71, -81, -79, -65, -94, -50, -112, -36, -128, -19, -128, -1, -128, 14, -128, 25, -128, 31, -128, 34, -128, 33, -128, 28, -128, 24, -128, 18, -128, 7, -128, -5]",esp32_1
CSI_DATA,99155,2025-07-23 16:40:45.388,0,walk,00:00:00:00:00:00,-72,11,0,0,0,0,0,0,0,0,0,-97,0,1,0,853858580,0,14,0,0,0,104,0,"[0, 0, 72, 66, 58, 88, 44, 109, 29, 127, 18, 127, 11, 127, 4, 127, -7, 127, -20, 127, -30, 127, -37, 127, -44, 127, -52, 127, -58, 127, -62, 127, -65, 124, -66, 104, -61, 84, -53, 65, -46, 47, -35, 30, -23, 15, -14, -2, -4, -17, 8, -27, -87, -27, -94, -21, -100, -14, -104, -6, -108, 5, -107, 17, -103, 32, -97, 48, -88, 61, -74, 70, -54, 75, -32, 78, -12, 81, 6, 83, 26, 82, 50, 74, 71, 64, 88, 54, 100, 44, 110, 34, 118, 24, 124, 16, 126, 11, 120, 10, 112, 16, 109, 20]",esp32_2
CSI_DATA,200023,2025-07-23 16:40:45.402,0,walk,00:00:00:00:00:00,-62,11,0,0,0,0,0,0,0,0,0,-97,0,1,0,2233084826,0,14,0,0,0,104,0,"[0, 0, 86, -99, 56, -67, 22, -38, -12, -15, -47, 2, -83, 14, -119, 22, -128, 24, -128, 18, -128, 7, -128, -6, -128, -17, -128, -25, -128, -30, -128, -32, -128, -31, -126, -25, -108, -14, -94, 1, -84, 18, -78, 32, -76, 46, -77, 58, -85, 67, -94, 72, 69, -8, 77, -8, 89, -6, 101, -5, 112, -4, 117, -2, 119, 0, 119, -1, 117, -5, 113, -11, 105, -23, 97, -37, 91, -52, 86, -73, 81, -100, 76, -128, 76, -128, 83, -128, 89, -128, 96, -128, 106, -128, 119, -128, 127, -128, 127, -128, 127, -128, 127, -128]",esp32_1
CSI_DATA,99156,2025-07-23 16:40:45.407,0,walk,00:00:00:00:00:00,-72,11,0,0,0,0,0,0,0,0,0,-97,0,1,0,853868571,0,14,0,0,0,104,0,"[0, 0, 63, -72, 81, -62, 100, -50, 120, -36, 127, -24, 127, -14, 127, -3, 127, 9, 127, 19, 127, 27, 127, 36, 127, 44, 127, 53, 127, 62, 127, 66, 123, 66, 104, 64, 85, 63, 68, 57, 49, 45, 31, 34, 16, 23, 0, 11, -15, -2, -24, -13, -5, 86, 1, 93, 9, 96, 16, 99, 27, 102, 41, 101, 55, 95, 69, 86, 79, 73, 84, 57, 89, 40, 91, 21, 89, -1, 86, -21, 83, -39, 75, -58, 64, -76, 52, -91, 39, -104, 29, -115, 20, -123, 11, -127, 6, -128, 4, -123, 7, -116, 14, -111]",esp32_2
CSI_DATA,99157,2025-07-23 16:40:45.446,0,walk,00:00:00:00:00:00,-73,11,0,0,0,0,0,0,0,0,0,-97,0,1,0,853878634,0,14,0,0,0,104,0,"[0, 0, -70, -59, -57, -76, -41, -91, -23, -106, -10, -121, 4, -128, 17, -128, 25, -128, 35, -128, 43, -128, 50, -128, 58, -128, 66, -128, 72, -128, 77, -128, 79, -112, 77, -91, 68, -73, 58, -59, 46, -44, 35, -30, 24, -19, 9, -5, -7, 6, -18, 12, 82, -7, 88, -9, 92, -15, 91, -26, 90, -36, 87, -44, 80, -53, 75, -66, 69, -78, 57, -88, 38, -96, 20, -97, 3, -97, -16, -97, -36, -92, -55, -81, -72, -71, -89, -62, -100, -51, -107, -39, -112, -30, -115, -22, -117, -15, -116, -10, -114, -15, -110, -25]",esp32_2
CSI_DATA,99158,2025-07-23 16:40:45.474,0,walk,00:00:00:00:00:00,-72,11,0,0,0,0,0,0,0,0,0,-97,0,1,0,853888598,0,14,0,252,50,104,0,"[0, 0, 127, -74, 127, -41, 127, 0, 127, 32, 127, 56, 127, 78, 127, 104, 127, 127, 127, 127, 127, 127, 127, 127, 127, 127, 127, 127, 127, 127, 127, 127, 126, 127, 106, 127, 85, 127, 64, 125, 45, 98, 25, 69, 7, 40, -3, 14, -8, -12, -11, -34, -61, 104, -62, 113, -55, 122, -42, 127, -25, 127, -4, 127, 16, 127, 36, 127, 56, 127, 78, 127, 100, 124, 115, 104, 127, 81, 127, 55, 127, 26, 127, 1, 127, -26, 127, -61, 127, -93, 127, -120, 127, -128, 123, -128, 115, -128, 108, -128, 107, -128, 117, -128]",esp32_2
CSI_DATA,200025,2025-07-23 16:40:45.495,0,walk,00:00:00:00:00:00,-62,11,0,0,0,0,0,0,0,0,0,-97,0,1,0,2233105105,0,14,0,0,0,104,0,"[0, 0, -127, -28, -84, -15, -44, -1, -6, 20, 28, 44, 55, 70, 75, 96, 89, 120, 95, 127, 98, 127, 96, 127, 89, 127, 78, 127, 64, 127, 53, 127, 47, 127, 43, 121, 43, 100, 48, 82, 56, 64, 68, 50, 81, 41, 92, 37, 101, 39, 107, 43, -37, -57, -43, -66, -51, -79, -56, -90, -58, -100, -55, -106, -54, -108, -55, -107, -58, -104, -65, -96, -71, -84, -79, -69, -94, -52, -113, -36, -128, -21, -128, -5, -128, 7, -128, 15, -128, 19, -128, 19, -128, 15, -128, 8, -128, 1, -128, -5, -128, -15, -128, -27]",esp32_1
CSI_DATA,99159,2025-07-23 16:40:45.500,0,walk,00:00:00:00:00:00,-73,11,0,0,0,0,0,0,0,0,0,-97,0,1,0,853900700,0,14,0,252,50,104,0,"[0, 0, 33, 127, 2, 127, -33, 127, -69, 127, -103, 127, -128, 127, -128, 127, -128, 127, -128, 127, -128, 127, -128, 127, -128, 118, -128, 105, -128, 84, -128, 63, -128, 45, -128, 31, -128, 18, -128, 4, -110, -4, -80, -3, -47, -1, -16, -2, 10, -1, 32, 0, -100, -65, -106, -63, -116, -59, -128, -47, -128, -29, -128, -12, -128, 0, -128, 15, -128, 38, -128, 62, -128, 81, -128, 103, -111, 126, -92, 127, -63, 127, -26, 127, 2, 127, 24, 127, 45, 127, 69, 127, 90, 127, 107, 127, 119, 127, 122, 127, 115, 127, 108, 127]",esp32_2
CSI_DATA,200026,2025-07-23 16:40:45.522,0,walk,00:00:00:00:00:00,-63,11,0,0,0,0,0,0,0,0,0,-97,0,1,0,2233116823,0,14,0,0,0,104,0,"[0, 0, -53, -109, -37, -70, -27, -32, -20, 7, -15, 46, -17, 80, -24, 110, -35, 127, -49, 127, -61, 127, -69, 127, -77, 127, -85, 127, -89, 127, -86, 127, -76, 118, -62, 102, -45, 90, -28, 83, -12, 78, 4, 76, 17, 80, 27, 85, 31, 94, 31, 102, 25, -58, 28, -68, 31, -80, 36, -89, 43, -96, 48, -100, 51, -103, 52, -104, 46, -102, 36, -101, 24, -100, 9, -97, -10, -95, -33, -98, -57, -104, -78, -114, -100, -127, -121, -128, -128, -128, -128, -128, -128, -128, -128, -128, -128, -128, -128, -128, -128, -128, -121, -128]",esp32_1
CSI_DATA,200027,2025-07-23 16:40:45.544,0,walk,00:00:00:00:00:00,-62,11,0,0,0,0,0,0,0,0,0,-97,0,1,0,2233124792,0,14,0,0,0,104,0,"[0, 0, -112, -54, -77, -35, -45, -12, -16, 19, 9, 51, 28, 82, 38, 112, 41, 127, 40, 127, 35, 127, 27, 127, 18, 127, 7, 127, -2, 127, -6, 127, -7, 127, -6, 125, 2, 108, 14, 93, 27, 80, 41, 71, 53, 69, 62, 72, 69, 77, 74, 81, -27, -58, -32, -67, -39, -79, -44, -90, -45, -100, -42, -107, -40, -110, -41, -109, -43, -104, -49, -98, -55, -90, -65, -79, -79, -66, -98, -54, -117, -42, -128, -33, -128, -28, -128, -25, -128, -25, -128, -29, -128, -34, -128, -44, -128, -56, -128, -65, -128, -71, -128, -76]",esp32_1
CSI_DATA,200028,2025-07-23 16:40:45.580,0,walk,00:00:00:00:00:00,-62,11,0,0,0,0,0,0,0,0,0,-97,0,1,0,2233134769,0,14,0,0,0,104,0,"[0, 0, -29, 126, -16, 86, 2, 44, 25, 10, 49, -17, 75, -43, 102, -63, 125, -76, 127, -82, 127, -81, 127, -74, 127, -67, 127, -57, 127, -47, 127, -38, 127, -30, 124, -27, 104, -32, 87, -40, 73, -48, 62, -58, 55, -70, 53, -81, 58, -90, 63, -95, -52, 42, -59, 49, -69, 54, -79, 59, -87, 66, -93, 69, -95, 68, -94, 68, -91, 69, -85, 72, -75, 79, -60, 85, -47, 93, -34, 107, -17, 125, 0, 127, 12, 127, 20, 127, 24, 127, 26, 127, 22, 127, 15, 127, 7, 127, -2, 127, -14, 127, -23, 127]",esp32_1
CSI_DATA,99161,2025-07-23 16:40:45.592,0,walk,00:00:00:00:00:00,-73,11,0,0,0,0,0,0,0,0,0,-97,0,1,0,853918596,0,14,0,0,0,104,0,"[0, 0, 20, -128, 50, -128, 82, -122, 114, -108, 127, -89, 127, -66, 127, -49, 127, -34, 127, -16, 127, -1, 127, 13, 127, 28, 127, 41, 127, 52, 127, 62, 127, 71, 127, 74, 127, 70, 127, 66, 97, 58, 63, 41, 35, 22, 12, 4, -8, -16, -23, -33, 67, 82, 78, 85, 90, 86, 102, 82, 117, 74, 127, 64, 127, 50, 127, 32, 127, 10, 127, -15, 127, -41, 127, -67, 127, -94, 127, -122, 121, -128, 97, -128, 74, -128, 55, -128, 31, -128, 6, -128, -14, -128, -31, -128, -40, -128, -44, -128, -43, -128, -37, -128]",esp32_2
CSI_DATA,99162,2025-07-23 16:40:45.619,0,walk,00:00:00:00:00:00,-73,11,0,0,0,0,0,0,0,0,0,-97,0,1,0,853932702,0,14,0,0,0,104,0,"[0, 0, -128, -83, -114, -106, -75, -128, -31, -128, 7, -128, 36, -128, 65, -128, 95, -128, 120, -128, 127, -128, 127, -128, 127, -128, 127, -128, 127, -128, 127, -128, 127, -128, 127, -121, 127, -92, 127, -73, 107, -57, 75, -38, 44, -20, 7, -8, -30, -1, -52, 4, 117, -50, 120, -56, 122, -64, 121, -76, 116, -94, 104, -107, 90, -120, 77, -128, 60, -128, 38, -128, 14, -128, -14, -128, -39, -128, -64, -128, -95, -128, -126, -128, -128, -128, -128, -128, -128, -121, -128, -99, -128, -79, -128, -68, -128, -57, -128, -44, -128, -40, -128, -50]",esp32_2
CSI_DATA,200030,2025-07-23 16:40:45.643,0,walk,00:00:00:00:00:00,-62,11,0,0,0,0,0,0,0,0,0,-97,0,1,0,2233154794,0,14,0,0,0,104,0,"[0, 0, -113, -51, -78, -28, -47, -3, -19, 28, 5, 61, 21, 92, 28, 122, 28, 127, 25, 127, 19, 127, 11, 127, 2, 127, -8, 127, -17, 127, -21, 127, -20, 127, -16, 127, -8, 110, 6, 96, 23, 85, 38, 80, 49, 79, 58, 82, 64, 88, 65, 95, -35, -58, -41, -67, -47, -80, -51, -91, -52, -101, -51, -105, -51, -107, -49, -109, -50, -105, -57, -97, -65, -87, -74, -76, -89, -64, -108, -53, -127, -42, -128, -33, -128, -28, -128, -27, -128, -27, -128, -30, -128, -38, -128, -49, -128, -60, -128, -69, -128, -75, -128, -80]",esp32_1
CSI_DATA,99163,2025-07-23 16:40:45.650,0,walk,00:00:00:00:00:00,-73,11,0,0,0,0,0,0,0,0,0,-97,0,1,0,853940947,0,14,0,0,0,104,0,"[0, 0, 82, -47, 83, -24, 85, 0, 87, 26, 83, 53, 79, 75, 77, 97, 73, 119, 70, 127, 69, 127, 63, 127, 52, 127, 41, 127, 31, 127, 21, 127, 10, 127, 0, 126, -7, 107, -10, 86, -9, 64, -8, 43, -5, 23, 2, 6, 10, -10, 14, -23, -7, 72, -6, 72, -3, 75, 3, 79, 15, 81, 27, 80, 39, 80, 52, 79, 65, 73, 77, 61, 88, 49, 96, 34, 105, 20, 114, 6, 118, -11, 120, -29, 123, -44, 125, -58, 123, -73, 118, -87, 111, -98, 105, -106, 98, -113, 93, -118, 90, -114, 88, -107]",esp32_2
CSI_DATA,200031,2025-07-23 16:40:45.674,0,walk,00:00:00:00:00:00,-62,11,0,0,0,0,0,0,0,0,0,-97,0,1,0,2233164798,0,14,0,0,0,104,0,"[0, 0, -1, 120, 3, 78, 18, 38, 32, -1, 48, -35, 68, -63, 93, -85, 119, -101, 127, -108, 127, -108, 127, -105, 127, -98, 127, -87, 127, -75, 127, -65, 127, -57, 113, -52, 93, -54, 76, -59, 60, -67, 48, -75, 40, -84, 38, -94, 40, -104, 45, -109, -44, 56, -50, 63, -58, 71, -67, 78, -75, 83, -80, 84, -84, 84, -84, 84, -78, 86, -67, 87, -55, 91, -40, 96, -22, 101, -4, 112, 13, 127, 30, 127, 47, 127, 61, 127, 71, 127, 74, 127, 72, 127, 68, 127, 60, 127, 48, 127, 34, 127, 24, 127]",esp32_1
CSI_DATA,99164,2025-07-23 16:40:45.674,0,walk,00:00:00:00:00:00,-72,11,0,0,0,0,0,0,0,0,0,-97,0,1,0,853948579,0,14,0,0,0,104,0,"[0, 0, -48, 127, -76, 108, -102, 75, -128, 45, -128, 19, -128, -9, -128, -34, -128, -57, -128, -78, -128, -91, -128, -109, -128, -128, -128, -128, -128, -128, -128, -128, -128, -128, -123, -128, -101, -125, -76, -109, -52, -85, -33, -58, -16, -31, -3, -3, 6, 23, 11, 41, -61, -98, -64, -102, -74, -99, -87, -92, -100, -84, -109, -75, -118, -64, -128, -48, -128, -27, -128, -2, -128, 26, -128, 51, -128, 77, -128, 106, -126, 127, -109, 127, -94, 127, -79, 127, -59, 127, -40, 127, -23, 127, -10, 127, 4, 127, 14, 127, 11, 127, 4, 127]",esp32_2
CSI_DATA,99165,2025-07-23 16:40:45.707,0,walk,00:00:00:00:00:00,-72,11,0,0,0,0,0,0,0,0,0,-97,0,1,0,853958618,0,14,0,0,0,104,0,"[0, 0, -42, 87, -55, 64, -70, 41, -90, 21, -107, 5, -120, -12, -128, -30, -128, -47, -128, -64, -128, -79, -128, -94, -128, -107, -128, -114, -127, -115, -111, -112, -94, -108, -77, -100, -62, -88, -47, -75, -30, -59, -18, -40, -9, -22, -2, -4, 2, 15, 4, 30, -37, -65, -41, -67, -48, -65, -53, -64, -59, -62, -67, -55, -75, -46, -83, -33, -92, -20, -99, -5, -102, 11, -101, 27, -99, 43, -96, 62, -90, 83, -81, 99, -72, 115, -58, 127, -43, 127, -34, 127, -26, 127, -15, 127, -7, 127, -3, 127, -1, 127, 0, 127]",esp32_2
CSI_DATA,99166,2025-07-23 16:40:45.742,0,walk,00:00:00:00:00:00,-72,11,0,0,0,0,0,0,0,0,0,-97,0,1,0,853968588,0,14,0,0,0,104,0,"[0, 0, -119, 105, -128, 72, -128, 35, -128, -7, -128, -46, -128, -82, -128, -116, -128, -128, -128, -128, -128, -128, -128, -128, -128, -128, -128, -128, -128, -128, -119, -128, -96, -128, -74, -128, -53, -128, -35, -128, -20, -104, -6, -69, 4, -37, 4, -3, 1, 31, 3, 55, -11, -128, -16, -128, -25, -128, -38, -128, -53, -128, -69, -128, -88, -117, -107, -102, -126, -87, -128, -68, -128, -40, -128, -12, -128, 14, -128, 47, -128, 82, -128, 111, -128, 127, -128, 127, -128, 127, -128, 127, -114, 127, -100, 127, -89, 127, -82, 127, -80, 127, -83, 127]",esp32_2
CSI_DATA,200033,2025-07-23 16:40:45.764,0,walk,00:00:00:00:00:00,-62,11,0,0,0,0,0,0,0,0,0,-97,0,1,0,2233184842,0,14,0,0,0,104,0,"[0, 0, -11, -116, -8, -72, -14, -28, -21, 15, -31, 54, -46, 88, -64, 116, -85, 127, -104, 127, -120, 127, -128, 127, -128, 127, -128, 127, -128, 127, -117, 114, -101, 99, -83, 89, -63, 85, -40, 83, -21, 81, -6, 84, 6, 93, 14, 103, 15, 113, 12, 121, 51, -50, 58, -55, 65, -62, 75, -69, 87, -74, 95, -75, 97, -74, 94, -75, 88, -74, 80, -76, 68, -83, 50, -88, 30, -93, 10, -105, -13, -122, -33, -128, -49, -128, -66, -128, -82, -128, -89, -128, -90, -128, -87, -128, -79, -128, -67, -128, -52, -128, -40, -128]",esp32_1
CSI_DATA,99167,2025-07-23 16:40:45.770,0,walk,00:00:00:00:00:00,-73,11,0,0,0,0,0,0,0,0,0,-97,0,1,0,853978583,0,14,0,0,0,104,0,"[0, 0, 127, -13, 118, 23, 108, 58, 98, 92, 82, 122, 68, 127, 55, 127, 39, 127, 25, 127, 16, 127, 0, 127, -17, 127, -28, 127, -41, 127, -52, 127, -60, 127, -64, 127, -65, 127, -62, 109, -53, 78, -39, 45, -23, 17, -5, -3, 14, -22, 30, -34, -55, 95, -53, 104, -47, 111, -40, 117, -27, 124, -10, 127, 7, 127, 27, 125, 49, 121, 72, 116, 95, 106, 116, 88, 127, 70, 127, 52, 127, 27, 127, 3, 127, -17, 127, -42, 127, -70, 127, -87, 127, -97, 127, -110, 127, -122, 127, -126, 127, -117, 127, -105]",esp32_2
CSI_DATA,200034,2025-07-23 16:40:45.788,0,walk,00:00:00:00:00:00,-62,11,0,0,0,0,0,0,0,0,0,-97,0,1,0,2233194789,0,14,0,0,0,104,0,"[0, 0, 98, 83, 59, 50, 26, 13, -1, -30, -23, -71, -38, -110, -43, -128, -41, -128, -36, -128, -30, -128, -24, -128, -15, -128, -4, -128, 7, -128, 12, -128, 9, -128, 2, -128, -10, -115, -26, -98, -45, -84, -63, -75, -79, -70, -90, -70, -98, -79, -104, -85, 7, 71, 10, 84, 11, 99, 9, 113, 5, 125, 0, 127, -4, 127, -4, 127, 1, 127, 10, 123, 21, 115, 37, 104, 59, 94, 85, 86, 111, 79, 127, 75, 127, 78, 127, 82, 127, 86, 127, 95, 127, 106, 127, 118, 127, 127, 127, 127, 127, 127, 127, 127]",esp32_1
CSI_DATA,200035,2025-07-23 16:40:45.819,0,walk,00:00:00:00:00:00,-62,11,0,0,0,0,0,0,0,0,0,-97,0,1,0,2233204826,0,14,0,0,0,104,0,"[0, 0, 62, 94, 37, 57, 19, 19, 3, -24, -6, -65, -9, -102, -6, -128, 4, -128, 16, -128, 25, -128, 33, -128, 41, -128, 49, -128, 54, -128, 51, -128, 43, -128, 31, -118, 16, -103, -1, -92, -19, -84, -37, -78, -52, -78, -62, -83, -68, -94, -71, -101, -13, 61, -13, 72, -15, 84, -18, 95, -24, 106, -30, 113, -34, 115, -34, 115, -30, 112, -22, 109, -11, 106, 4, 101, 24, 96, 50, 95, 76, 96, 99, 99, 125, 108, 127, 119, 127, 127, 127, 127, 127, 127, 127, 127, 127, 127, 127, 127, 127, 127, 127, 127]",esp32_1
CSI_DATA,200036,2025-07-23 16:40:45.851,0,walk,00:00:00:00:00:00,-62,11,0,0,0,0,0,0,0,0,0,-97,0,1,0,2233215117,0,14,0,0,0,104,0,"[0, 0, -82, -88, -52, -53, -30, -15, -10, 25, 6, 66, 14, 101, 14, 127, 9, 127, 0, 127, -9, 127, -18, 127, -25, 127, -32, 127, -38, 127, -38, 127, -32, 127, -21, 122, -10, 106, 6, 93, 25, 82, 40, 77, 53, 78, 63, 82, 70, 89, 71, 96, 1, -61, 0, -74, 0, -88, 1, -100, 6, -111, 11, -117, 13, -118, 13, -117, 8, -116, -1, -113, -11, -108, -25, -100, -47, -93, -72, -90, -96, -87, -120, -86, -128, -92, -128, -99, -128, -105, -128, -114, -128, -126, -128, -128, -128, -128, -128, -128, -128, -128, -128, -128]",esp32_1
CSI_DATA,99169,2025-07-23 16:40:45.861,0,walk,00:00:00:00:00:00,-72,11,0,0,0,0,0,0,0,0,0,-97,0,1,0,853998589,0,14,0,0,0,104,0,"[0, 0, -128, 42, -128, 5, -128, -37, -128, -78, -128, -112, -128, -128, -128, -128, -128, -128, -128, -128, -128, -128, -128, -128, -121, -128, -105, -128, -78, -128, -55, -128, -39, -128, -25, -128, -11, -128, -1, -128, 5, -99, 12, -62, 17, -33, 17, -6, 12, 24, 6, 48, 78, -99, 77, -105, 73, -113, 67, -122, 52, -128, 35, -128, 15, -128, -10, -128, -37, -128, -64, -125, -93, -110, -115, -88, -128, -64, -128, -44, -128, -19, -128, 14, -128, 47, -128, 77, -128, 103, -128, 123, -128, 127, -128, 127, -128, 127, -128, 127, -128, 127, -128, 127]",esp32_2
CSI_DATA,200037,2025-07-23 16:40:45.883,0,walk,00:00:00:00:00:00,-62,11,0,0,0,0,0,0,0,0,0,-97,0,1,0,2233224785,0,14,0,0,0,104,0,"[0, 0, -116, -36, -74, -21, -34, -1, 1, 27, 31, 57, 54, 85, 71, 110, 79, 127, 82, 127, 81, 127, 77, 127, 70, 127, 59, 127, 47, 127, 40, 127, 37, 127, 35, 115, 39, 96, 49, 79, 61, 63, 74, 52, 87, 46, 97, 45, 104, 50, 108, 57, -30, -55, -36, -63, -43, -75, -49, -88, -49, -98, -47, -104, -48, -106, -50, -106, -53, -103, -59, -95, -65, -84, -74, -69, -90, -55, -109, -41, -128, -27, -128, -14, -128, -4, -128, 2, -128, 4, -128, 2, -128, -3, -128, -12, -128, -22, -128, -29, -128, -38, -128, -48]",esp32_1
CSI_DATA,99170,2025-07-23 16:40:45.883,0,walk,00:00:00:00:00:00,-76,11,0,0,0,0,0,0,0,0,0,-97,0,1,0,854008583,0,14,0,0,0,104,0,"[0, 0, 127, 25, 115, 58, 103, 99, 89, 127, 81, 127, 72, 127, 52, 127, 36, 127, 27, 127, 14, 127, 5, 127, -3, 127, -22, 127, -42, 127, -50, 127, -51, 127, -55, 127, -57, 127, -56, 127, -53, 124, -42, 91, -27, 59, -12, 17, 10, -36, 25, -70, -112, 33, -120, 43, -127, 57, -125, 70, -117, 82, -103, 95, -83, 108, -59, 119, -39, 127, -19, 127, 11, 127, 38, 127, 60, 121, 86, 113, 113, 105, 127, 89, 127, 68, 127, 44, 127, 15, 127, -7, 127, -23, 127, -33, 127, -35, 127, -39, 127, -47, 127, -48]",esp32_2
CSI_DATA,200038,2025-07-23 16:40:45.905,0,walk,00:00:00:00:00:00,-62,11,0,0,0,0,0,0,0,0,0,-97,0,1,0,2233236837,0,14,0,0,0,104,0,"[0, 0, 19, -119, 9, -75, -7, -33, -25, 4, -44, 36, -67, 64, -94, 85, -122, 99, -128, 106, -128, 107, -128, 104, -128, 97, -128, 88, -128, 79, -128, 69, -126, 61, -105, 57, -83, 58, -63, 65, -47, 72, -36, 81, -28, 92, -25, 103, -28, 113, -32, 119, 55, -37, 63, -42, 71, -48, 82, -52, 92, -55, 98, -57, 100, -57, 100, -58, 97, -60, 88, -64, 75, -72, 59, -81, 44, -91, 29, -107, 12, -128, -5, -128, -18, -128, -27, -128, -32, -128, -32, -128, -28, -128, -22, -128, -12, -128, -2, -128, 8, -128, 16, -128]",esp32_1
CSI_DATA,99171,2025-07-23 16:40:45.924,0,walk,00:00:00:00:00:00,-72,11,0,0,0,0,0,0,0,0,0,-97,0,1,0,854018602,0,14,0,0,0,104,0,"[0, 0, -128, -88, -106, -115, -78, -128, -55, -128, -33, -128, -6, -128, 19, -128, 29, -128, 36, -128, 50, -128, 67, -128, 75, -128, 81, -128, 90, -128, 94, -128, 99, -128, 104, -128, 98, -128, 85, -102, 70, -69, 52, -45, 36, -20, 21, 9, 7, 31, -4, 44, 119, 24, 125, 21, 127, 8, 127, -8, 127, -20, 127, -33, 127, -53, 117, -76, 95, -98, 73, -116, 46, -125, 17, -128, -12, -128, -47, -128, -82, -128, -117, -128, -128, -114, -128, -100, -128, -86, -128, -67, -128, -49, -128, -34, -128, -24, -128, -18, -128, -21, -128, -33]",esp32_2
CSI_DATA,99172,2025-07-23 16:40:45.953,0,walk,00:00:00:00:00:00,-73,11,0,0,0,0,0,0,0,0,0,-97,0,1,0,854028598,0,14,0,0,0,104,0,"[0, 0, 85, -56, 94, -33, 106, -8, 115, 10, 121, 25, 127, 38, 127, 52, 127, 66, 127, 75, 127, 83, 127, 93, 127, 102, 127, 103, 121, 103, 107, 101, 90, 96, 75, 90, 61, 82, 46, 69, 32, 56, 18, 43, 6, 28, -5, 12, -17, -3, -26, -13, -53, 54, -53, 58, -52, 62, -47, 69, -39, 79, -30, 86, -19, 86, -3, 84, 14, 81, 30, 75, 45, 66, 61, 51, 75, 34, 83, 15, 88, -5, 89, -23, 91, -42, 95, -63, 94, -80, 88, -94, 83, -107, 82, -114, 81, -113, 77, -110, 73, -107, 73, -103]",esp32_2
CSI_DATA,99173,2025-07-23 16:40:45.980,0,walk,00:00:00:00:00:00,-73,11,0,0,0,0,0,0,0,0,0,-97,0,1,0,854043470,0,14,0,0,0,104,0,"[0, 0, -128, -120, -123, -128, -97, -128, -73, -128, -48, -128, -24, -128, -10, -128, -3, -128, 12, -128, 28, -128, 40, -128, 48, -128, 55, -128, 65, -128, 72, -128, 75, -128, 75, -128, 73, -128, 73, -128, 69, -109, 57, -77, 42, -46, 29, -9, 20, 25, 11, 42, 109, 81, 123, 78, 127, 70, 127, 57, 127, 41, 127, 23, 127, 2, 127, -23, 127, -47, 117, -68, 91, -88, 60, -110, 28, -128, -5, -128, -46, -128, -90, -128, -124, -128, -128, -120, -128, -106, -128, -88, -128, -73, -128, -63, -128, -58, -128, -58, -128, -61, -128, -68]",esp32_2
CSI_DATA,200040,2025-07-23 16:40:45.991,0,walk,00:00:00:00:00:00,-62,11,0,0,0,0,0,0,0,0,0,-97,0,1,0,2233254786,0,14,0,0,0,104,0,"[0, 0, 74, 81, 47, 49, 26, 15, 7, -23, -8, -59, -16, -93, -16, -123, -13, -128, -8, -128, -2, -128, 5, -128, 12, -128, 21, -128, 26, -128, 26, -128, 20, -128, 10, -112, -3, -96, -18, -85, -33, -76, -48, -70, -62, -70, -71, -74, -75, -81, -78, -86, -7, 56, -7, 66, -8, 80, -11, 91, -15, 101, -19, 106, -19, 109, -18, 108, -12, 105, -3, 102, 8, 97, 24, 89, 45, 82, 69, 79, 94, 77, 117, 78, 127, 83, 127, 92, 127, 101, 127, 110, 127, 121, 127, 127, 127, 127, 127, 127, 127, 127, 127, 127]",esp32_1
CSI_DATA,99174,2025-07-23 16:40:46.005,0,walk,00:00:00:00:00:00,-73,11,0,0,0,0,0,0,0,0,0,-97,0,1,0,854056545,0,14,0,0,0,104,0,"[0, 0, -128, 28, -128, -5, -128, -34, -128, -66, -128, -96, -128, -128, -128, -128, -128, -128, -128, -128, -128, -128, -128, -128, -128, -128, -128, -128, -128, -128, -128, -128, -128, -128, -111, -128, -94, -128, -73, -128, -49, -114, -26, -90, -9, -64, 7, -32, 24, -1, 32, 23, 127, -34, 127, -42, 127, -60, 127, -80, 127, -96, 127, -111, 101, -124, 78, -128, 58, -128, 23, -128, -15, -125, -43, -112, -71, -93, -102, -71, -128, -45, -128, -16, -128, 11, -128, 42, -128, 74, -128, 98, -128, 117, -128, 127, -128, 127, -128, 127, -128, 127, -128, 112]",esp32_2
CSI_DATA,200041,2025-07-23 16:40:46.016,0,walk,00:00:00:00:00:00,-62,11,0,0,0,0,0,0,0,0,0,-97,0,1,0,2233264768,0,14,0,0,0,104,0,"[0, 0, -109, 45, -67, 31, -23, 21, 17, 21, 53, 25, 87, 29, 118, 37, 127, 46, 127, 57, 127, 69, 127, 80, 127, 88, 127, 91, 127, 89, 122, 80, 106, 69, 94, 54, 86, 35, 83, 15, 83, -2, 86, -16, 91, -26, 98, -33, 107, -35, 114, -34, -56, -21, -66, -25, -78, -31, -88, -38, -96, -43, -99, -46, -98, -49, -98, -49, -97, -44, -95, -33, -94, -19, -93, -4, -95, 13, -99, 36, -104, 63, -111, 89, -126, 113, -128, 127, -128, 127, -128, 127, -128, 127, -128, 127, -128, 127, -128, 127, -128, 127, -128, 116]",esp32_1
CSI_DATA,200042,2025-07-23 16:40:46.036,0,walk,00:00:00:00:00:00,-62,11,0,0,0,0,0,0,0,0,0,-97,0,1,0,2233274837,0,14,0,0,0,104,0,"[0, 0, 9, -114, 3, -73, -11, -31, -26, 8, -45, 40, -66, 69, -89, 90, -112, 104, -128, 113, -128, 116, -128, 113, -128, 106, -128, 95, -128, 84, -125, 73, -105, 66, -85, 64, -64, 65, -45, 70, -29, 77, -16, 85, -8, 95, -5, 105, -7, 114, -11, 122, 54, -36, 62, -40, 71, -47, 81, -52, 91, -54, 97, -54, 99, -54, 98, -54, 92, -54, 81, -58, 68, -66, 51, -74, 33, -83, 16, -99, -3, -120, -19, -128, -31, -128, -42, -128, -50, -128, -52, -128, -50, -128, -44, -128, -35, -128, -24, -128, -12, -128, -3, -128]",esp32_1
CSI_DATA,200043,2025-07-23 16:40:46.064,0,walk,00:00:00:00:00:00,-62,11,0,0,0,0,0,0,0,0,0,-97,0,1,0,2233286140,0,14,0,0,0,104,0,"[0, 0, -78, 76, -45, 49, -8, 24, 29, 7, 64, -4, 97, -13, 127, -17, 127, -16, 127, -10, 127, 0, 127, 8, 127, 15, 127, 20, 127, 23, 127, 21, 116, 15, 97, 3, 82, -11, 70, -28, 62, -44, 59, -59, 60, -72, 64, -83, 71, -91, 77, -94, -65, -9, -74, -11, -85, -16, -96, -20, -105, -23, -109, -26, -109, -28, -107, -27, -104, -24, -97, -14, -90, 2, -82, 19, -76, 36, -72, 60, -71, 87, -70, 116, -74, 127, -82, 127, -91, 127, -102, 127, -116, 127, -128, 127, -128, 127, -128, 127, -128, 127, -128, 127]",esp32_1
CSI_DATA,200044,2025-07-23 16:40:46.087,0,walk,00:00:00:00:00:00,-63,11,0,0,0,0,0,0,0,0,0,-97,0,1,0,2233294830,0,14,0,0,0,104,0,"[0, 0, 88, 48, 52, 25, 19, 0, -11, -32, -36, -61, -55, -90, -67, -118, -72, -128, -72, -128, -68, -128, -64, -128, -58, -128, -48, -128, -39, -128, -33, -128, -31, -112, -33, -91, -40, -72, -50, -54, -62, -38, -77, -26, -89, -20, -99, -19, -109, -22, -115, -26, 1, 60, 0, 72, -1, 85, -2, 96, -4, 105, -8, 111, -11, 112, -11, 110, -8, 107, 1, 100, 12, 89, 26, 76, 47, 63, 72, 52, 96, 45, 119, 40, 127, 36, 127, 34, 127, 37, 127, 43, 127, 50, 127, 59, 127, 70, 127, 77, 127, 83, 127, 89]",esp32_1
CSI_DATA,99176,2025-07-23 16:40:46.098,0,walk,00:00:00:00:00:00,-73,11,0,0,0,0,0,0,0,0,0,-97,0,1,0,854068592,0,14,0,0,0,104,0,"[0, 0, 100, -128, 127, -128, 127, -128, 127, -121, 127, -108, 127, -93, 127, -78, 127, -69, 127, -58, 127, -47, 127, -41, 127, -32, 127, -21, 127, -11, 127, 1, 127, 10, 127, 11, 127, 12, 127, 19, 127, 25, 98, 26, 61, 27, 22, 26, -13, 19, -36, 13, -82, 113, -84, 125, -80, 127, -68, 127, -53, 127, -33, 127, -8, 127, 17, 127, 39, 127, 58, 127, 77, 103, 96, 66, 107, 25, 113, -11, 114, -42, 109, -77, 105, -117, 98, -128, 82, -128, 62, -128, 49, -128, 38, -128, 26, -128, 20, -128, 28, -128, 40, -128]",esp32_2
CSI_DATA,200045,2025-07-23 16:40:46.109,0,walk,00:00:00:00:00:00,-63,11,0,0,0,0,0,0,0,0,0,-97,0,1,0,2233304817,0,14,0,0,0,104,0,"[0, 0, -96, 67, -56, 39, -13, 13, 26, -5, 64, -17, 101, -26, 127, -30, 127, -30, 127, -24, 127, -15, 127, -4, 127, 3, 127, 9, 127, 13, 127, 14, 127, 10, 105, 0, 84, -15, 67, -32, 54, -47, 46, -63, 42, -80, 42, -94, 46, -105, 51, -110, -60, -32, -68, -38, -77, -47, -87, -57, -96, -64, -101, -68, -101, -69, -99, -68, -98, -64, -95, -53, -90, -36, -86, -16, -84, 3, -86, 27, -88, 58, -93, 91, -105, 123, -118, 127, -128, 127, -128, 127, -128, 127, -128, 127, -128, 127, -128, 127, -128, 127, -128, 127]",esp32_1
CSI_DATA,99177,2025-07-23 16:40:46.126,0,walk,00:00:00:00:00:00,-73,11,0,0,0,0,0,0,0,0,0,-97,0,1,0,854078606,0,14,0,0,0,104,0,"[0, 0, -128, -103, -128, -125, -128, -128, -125, -128, -108, -128, -98, -128, -92, -128, -85, -128, -79, -128, -69, -128, -59, -128, -52, -128, -47, -128, -42, -128, -33, -128, -22, -128, -13, -128, -7, -128, 0, -128, 5, -126, 6, -98, 10, -67, 14, -33, 19, 0, 25, 24, 89, 99, 97, 98, 108, 91, 120, 84, 127, 72, 127, 55, 127, 36, 127, 10, 127, -15, 115, -34, 91, -52, 65, -66, 40, -80, 11, -95, -24, -101, -56, -99, -85, -96, -114, -85, -128, -66, -128, -56, -128, -52, -128, -47, -128, -43, -128, -38, -128, -42, -128, -56]",esp32_2
CSI_DATA,200046,2025-07-23 16:40:46.129,0,walk,00:00:00:00:00:00,-63,11,0,0,0,0,0,0,0,0,0,-97,0,1,0,2233314787,0,14,0,0,0,104,0,"[0, 0, 82, 81, 49, 52, 20, 18, -8, -21, -28, -60, -43, -94, -51, -125, -53, -128, -50, -128, -47, -128, -41, -128, -32, -128, -21, -128, -12, -128, -9, -128, -9, -128, -12, -115, -20, -94, -33, -74, -49, -58, -65, -45, -79, -36, -91, -33, -102, -37, -110, -44, -20, 57, -22, 68, -26, 82, -31, 94, -38, 105, -45, 110, -49, 112, -49, 112, -44, 109, -34, 106, -21, 100, -3, 93, 22, 87, 49, 83, 74, 79, 99, 78, 127, 82, 127, 89, 127, 97, 127, 108, 127, 118, 127, 127, 127, 127, 127, 127, 127, 127, 127, 127]",esp32_1
CSI_DATA,200047,2025-07-23 16:40:46.150,0,walk,00:00:00:00:00:00,-62,11,0,0,0,0,0,0,0,0,0,-97,0,1,0,2233324850,0,14,0,0,0,104,0,"[0, 0, 120, -27, 76, -16, 33, -12, -8, -17, -46, -24, -82, -34, -112, -47, -128, -62, -128, -78, -128, -96, -128, -110, -128, -119, -128, -120, -128, -117, -115, -108, -99, -94, -85, -78, -78, -59, -76, -39, -77, -20, -82, -4, -88, 8, -94, 16, -104, 20, -111, 20, 42, 33, 52, 41, 64, 53, 73, 64, 80, 72, 82, 77, 83, 79, 83, 81, 82, 79, 82, 71, 82, 57, 84, 41, 90, 23, 99, 2, 109, -22, 119, -47, 127, -70, 127, -90, 127, -104, 127, -113, 127, -119, 127, -118, 127, -112, 127, -103, 127, -90, 127, -75]",esp32_1
CSI_DATA,99178,2025-07-23 16:40:46.150,0,walk,00:00:00:00:00:00,-73,11,0,0,0,0,0,0,0,0,0,-97,0,1,0,854089076,0,14,0,0,0,104,0,"[0, 0, -128, -101, -128, -125, -128, -128, -128, -128, -128, -128, -128, -128, -128, -128, -128, -128, -128, -128, -128, -128, -126, -128, -112, -128, -107, -128, -106, -128, -92, -128, -75, -128, -65, -128, -58, -128, -49, -128, -34, -128, -22, -112, -14, -79, 2, -39, 20, -7, 30, 9, 94, 106, 106, 101, 125, 92, 127, 83, 127, 68, 127, 47, 127, 26, 127, 5, 127, -18, 121, -38, 93, -60, 62, -78, 38, -84, 12, -89, -22, -92, -55, -92, -90, -91, -123, -81, -128, -65, -128, -50, -128, -36, -128, -30, -128, -30, -128, -32, -128, -42, -128, -57]",esp32_2
CSI_DATA,200048,2025-07-23 16:40:46.178,0,walk,00:00:00:00:00:00,-62,11,0,0,0,0,0,0,0,0,0,-97,0,1,0,2233334769,0,14,0,0,0,104,0,"[0, 0, -128, -8, -87, -5, -45, 3, -4, 22, 31, 44, 61, 63, 84, 83, 101, 104, 109, 124, 111, 127, 110, 127, 105, 127, 96, 127, 84, 127, 73, 127, 65, 124, 60, 104, 60, 84, 64, 66, 70, 50, 80, 38, 90, 32, 98, 28, 106, 28, 111, 30, -36, -48, -45, -57, -54, -69, -61, -81, -65, -91, -66, -95, -65, -97, -65, -98, -66, -94, -69, -87, -72, -76, -79, -61, -90, -45, -105, -28, -120, -9, -128, 12, -128, 29, -128, 42, -128, 50, -128, 53, -128, 53, -128, 48, -128, 37, -128, 28, -128, 17, -128, 4]",esp32_1
CSI_DATA,99179,2025-07-23 16:40:46.181,0,walk,00:00:00:00:00:00,-73,11,0,0,0,0,0,0,0,0,0,-97,0,1,0,854098639,0,14,0,0,0,104,0,"[0, 0, -37, -128, -24, -128, -9, -128, 3, -128, 14, -128, 23, -128, 31, -128, 39, -128, 46, -128, 50, -128, 57, -128, 65, -128, 71, -128, 75, -128, 76, -128, 75, -128, 72, -127, 64, -114, 57, -96, 48, -76, 36, -57, 26, -39, 20, -20, 14, 3, 8, 21, -17, 89, -13, 93, -7, 98, 3, 99, 17, 96, 29, 95, 40, 90, 51, 78, 58, 62, 62, 45, 62, 28, 59, 9, 54, -13, 46, -31, 34, -47, 18, -63, 1, -76, -13, -84, -26, -90, -39, -96, -49, -99, -57, -101, -63, -103, -62, -106, -58, -114, -57, -122]",esp32_2
CSI_DATA,200049,2025-07-23 16:40:46.202,0,walk,00:00:00:00:00:00,-62,11,0,0,0,0,0,0,0,0,0,-97,0,1,0,2233344788,0,14,0,0,0,104,0,"[0, 0, 122, -38, 80, -30, 39, -27, -1, -33, -38, -43, -71, -54, -101, -68, -124, -83, -128, -98, -128, -114, -128, -128, -128, -128, -128, -128, -116, -128, -103, -122, -91, -107, -81, -91, -78, -72, -80, -53, -85, -38, -92, -27, -102, -19, -111, -14, -118, -15, -123, -18, 60, 21, 70, 24, 82, 31, 94, 40, 101, 47, 104, 52, 104, 55, 103, 56, 102, 53, 101, 43, 99, 29, 97, 13, 100, -5, 108, -26, 114, -50, 122, -76, 127, -100, 127, -120, 127, -128, 127, -128, 127, -128, 127, -128, 127, -128, 127, -128, 127, -113, 127, -93]",esp32_1
CSI_DATA,99180,2025-07-23 16:40:46.212,0,walk,00:00:00:00:00:00,-73,11,0,0,0,0,0,0,0,0,0,-97,0,1,0,854108600,0,14,0,0,0,104,0,"[0, 0, 89, 105, 84, 113, 80, 123, 75, 127, 69, 127, 60, 127, 50, 127, 42, 127, 38, 127, 33, 127, 22, 127, 13, 127, 6, 127, 1, 127, -1, 127, -2, 127, -3, 127, -4, 126, -6, 112, -6, 91, -2, 70, -1, 50, -3, 26, -4, 3, -6, -10, -23, -83, -30, -88, -41, -88, -52, -84, -60, -78, -66, -69, -71, -55, -74, -41, -74, -27, -71, -13, -64, 5, -54, 19, -42, 28, -25, 38, -4, 49, 14, 55, 29, 59, 44, 61, 56, 59, 68, 58, 80, 58, 90, 58, 95, 62, 96, 65, 95, 70, 97, 78]",esp32_2
CSI_DATA,200050,2025-07-23 16:40:46.222,0,walk,00:00:00:00:00:00,-62,11,0,0,0,0,0,0,0,0,0,-97,0,1,0,2233364832,0,14,0,0,0,104,0,"[0, 0, 127, -18, 86, -21, 39, -31, -6, -51, -48, -74, -83, -97, -109, -120, -126, -128, -128, -128, -128, -128, -128, -128, -125, -128, -110, -128, -96, -128, -87, -128, -82, -128, -80, -109, -82, -87, -91, -68, -103, -51, -117, -40, -128, -34, -128, -33, -128, -39, -128, -46, 67, 43, 79, 51, 90, 66, 100, 81, 106, 91, 106, 97, 103, 99, 101, 99, 98, 95, 98, 82, 99, 61, 104, 37, 114, 14, 127, -10, 127, -35, 127, -62, 127, -87, 127, -106, 127, -115, 127, -116, 127, -114, 127, -109, 127, -98, 127, -84, 127, -65, 127, -46]",esp32_1
CSI_DATA,99181,2025-07-23 16:40:46.237,0,walk,00:00:00:00:00:00,-73,11,0,0,0,0,0,0,0,0,0,-97,0,1,0,854118659,0,14,0,0,0,104,0,"[0, 0, -72, 127, -91, 127, -108, 127, -121, 127, -128, 127, -128, 127, -128, 127, -128, 127, -128, 127, -128, 127, -128, 127, -128, 127, -128, 127, -128, 127, -128, 127, -128, 127, -128, 127, -128, 122, -128, 108, -125, 90, -96, 70, -66, 51, -42, 29, -22, 4, -5, -13, 99, -99, 97, -106, 91, -118, 79, -127, 64, -128, 47, -128, 25, -128, 6, -128, -10, -128, -28, -114, -40, -89, -51, -65, -64, -35, -72, -4, -71, 22, -60, 50, -49, 77, -42, 94, -34, 113, -30, 127, -26, 127, -18, 127, -14, 127, -20, 127, -28, 127, -34, 127]",esp32_2
CSI_DATA,200051,2025-07-23 16:40:46.243,0,walk,00:00:00:00:00:00,-62,11,0,0,0,0,0,0,0,0,0,-97,0,1,0,2233385622,0,14,0,0,0,104,0,"[0, 0, -98, 26, -54, 22, -10, 25, 28, 36, 61, 49, 91, 62, 116, 74, 127, 86, 127, 97, 127, 108, 127, 118, 127, 123, 126, 121, 111, 111, 99, 97, 88, 79, 80, 58, 76, 36, 77, 16, 81, -2, 89, -17, 98, -28, 107, -34, 115, -34, 122, -30, -57, -39, -64, -48, -73, -62, -81, -74, -84, -82, -83, -86, -80, -89, -77, -90, -75, -84, -74, -71, -73, -52, -74, -32, -84, -12, -98, 11, -109, 36, -121, 60, -128, 82, -128, 100, -128, 109, -128, 114, -128, 115, -128, 111, -128, 106, -128, 97, -128, 79, -128, 62]",esp32_1
CSI_DATA,200052,2025-07-23 16:40:46.264,0,walk,00:00:00:00:00:00,-63,11,0,0,0,0,0,0,0,0,0,-97,0,1,0,2233425149,0,14,0,0,0,104,0,"[0, 0, -87, 54, -47, 29, -4, 8, 37, -3, 74, -10, 109, -14, 127, -14, 127, -12, 127, -7, 127, 1, 127, 10, 127, 19, 127, 25, 127, 28, 127, 28, 127, 21, 104, 9, 84, -7, 68, -24, 56, -41, 50, -57, 45, -72, 44, -86, 51, -97, 59, -102, -59, -25, -69, -34, -80, -43, -89, -51, -97, -60, -102, -67, -102, -72, -99, -72, -95, -67, -91, -58, -86, -40, -82, -19, -81, 1, -83, 24, -87, 54, -92, 87, -104, 116, -118, 127, -128, 127, -128, 127, -128, 127, -128, 127, -128, 127, -128, 127, -128, 127, -128, 127]",esp32_1
CSI_DATA,200053,2025-07-23 16:40:46.286,0,walk,00:00:00:00:00:00,-62,11,0,0,0,0,0,0,0,0,0,-97,0,1,0,2233444878,0,14,0,14,-32,104,0,"[0, 0, 80, 100, 46, 56, 22, 10, 8, -40, -6, -86, -15, -127, -17, -128, -17, -128, -13, -128, -7, -128, 1, -128, 12, -128, 22, -128, 26, -128, 24, -128, 20, -128, 11, -128, -3, -116, -22, -98, -42, -83, -63, -73, -83, -68, -98, -68, -108, -73, -111, -79, -19, 67, -25, 80, -35, 97, -45, 113, -53, 125, -60, 127, -67, 126, -70, 126, -65, 125, -53, 122, -34, 112, -12, 102, 15, 101, 44, 103, 78, 102, 114, 102, 127, 109, 127, 126, 127, 127, 127, 127, 127, 127, 127, 127, 127, 127, 127, 127, 127, 127, 127, 127]",esp32_1
CSI_DATA,99183,2025-07-23 16:40:46.296,0,walk,00:00:00:00:00:00,-73,11,0,0,0,0,0,0,0,0,0,-97,0,1,0,854138634,0,14,0,0,0,104,0,"[0, 0, -109, 127, -118, 127, -121, 125, -123, 123, -124, 119, -124, 112, -125, 107, -128, 104, -128, 97, -128, 88, -128, 80, -128, 74, -128, 68, -128, 59, -128, 53, -128, 52, -128, 52, -128, 53, -113, 48, -93, 41, -74, 33, -53, 24, -32, 15, -12, 5, 1, -2, 86, -15, 86, -20, 85, -26, 84, -35, 79, -46, 69, -55, 58, -59, 43, -64, 29, -66, 16, -62, 1, -54, -12, -43, -22, -29, -31, -14, -39, -1, -44, 11, -47, 24, -50, 38, -50, 51, -50, 60, -52, 67, -54, 75, -58, 84, -64, 93, -70, 97, -79, 100]",esp32_2
CSI_DATA,200054,2025-07-23 16:40:46.308,0,walk,00:00:00:00:00:00,-63,11,0,0,0,0,0,0,0,0,0,-97,0,1,0,2233481566,0,14,0,0,0,104,0,"[0, 0, -70, -79, -45, -44, -25, -5, -7, 36, 4, 72, 9, 102, 7, 127, 1, 127, -5, 127, -13, 127, -21, 127, -25, 127, -28, 127, -28, 127, -23, 127, -15, 123, -5, 106, 9, 93, 24, 82, 38, 72, 51, 66, 62, 65, 70, 70, 75, 78, 78, 83, 11, -57, 13, -70, 15, -85, 19, -96, 26, -104, 34, -109, 37, -108, 37, -106, 33, -104, 25, -98, 15, -91, 1, -84, -21, -79, -48, -76, -77, -75, -102, -79, -128, -87, -128, -96, -128, -104, -128, -112, -128, -125, -128, -128, -128, -128, -128, -128, -128, -128, -128, -128]",esp32_1
CSI_DATA,99184,2025-07-23 16:40:46.318,0,walk,00:00:00:00:00:00,-73,11,0,0,0,0,0,0,0,0,0,-97,0,1,0,854148593,0,14,0,0,0,104,0,"[0, 0, 127, 46, 127, 49, 127, 53, 127, 62, 127, 68, 127, 68, 127, 70, 127, 77, 127, 84, 124, 91, 119, 104, 115, 113, 110, 118, 108, 127, 106, 127, 100, 127, 93, 121, 85, 107, 78, 94, 71, 81, 63, 63, 51, 46, 36, 27, 18, 10, 1, 2, -60, -66, -64, -64, -73, -58, -80, -51, -83, -41, -85, -28, -84, -15, -80, -2, -73, 10, -61, 18, -45, 25, -29, 31, -15, 35, 1, 37, 16, 36, 29, 32, 43, 26, 56, 19, 65, 13, 73, 12, 81, 13, 90, 15, 97, 18, 106, 21, 117, 27, 127, 34]",esp32_2
CSI_DATA,200055,2025-07-23 16:40:46.336,0,walk,00:00:00:00:00:00,-62,11,0,0,0,0,0,0,0,0,0,-97,0,1,0,2233540774,0,14,0,0,0,104,0,"[0, 0, -55, -89, -43, -48, -38, -9, -38, 31, -41, 66, -49, 96, -62, 121, -77, 127, -90, 127, -99, 127, -106, 127, -108, 127, -108, 127, -104, 123, -93, 110, -74, 99, -56, 91, -41, 87, -24, 87, -6, 89, 7, 93, 15, 101, 18, 109, 16, 117, 11, 123, 11, -69, 14, -82, 19, -96, 24, -106, 32, -113, 41, -115, 46, -114, 46, -112, 41, -107, 32, -101, 18, -97, -1, -92, -24, -88, -49, -88, -74, -93, -97, -104, -122, -118, -128, -128, -128, -128, -128, -128, -128, -128, -128, -128, -128, -128, -128, -128, -128, -128, -121, -128]",esp32_1
CSI_DATA,200056,2025-07-23 16:40:46.359,0,walk,00:00:00:00:00:00,-62,11,0,0,0,0,0,0,0,0,0,-97,0,1,0,2233565267,0,14,0,0,0,104,0,"[0, 0, 100, -43, 56, -34, 11, -33, -29, -35, -65, -42, -95, -54, -122, -70, -128, -84, -128, -94, -128, -100, -128, -108, -128, -115, -128, -117, -128, -110, -115, -97, -100, -82, -90, -63, -85, -44, -86, -28, -91, -12, -97, 4, -104, 17, -112, 25, -122, 25, -128, 20, 71, 14, 78, 20, 89, 26, 101, 35, 111, 45, 113, 55, 111, 64, 109, 66, 106, 60, 102, 47, 99, 30, 94, 12, 89, -7, 93, -30, 100, -56, 110, -85, 125, -112, 127, -128, 127, -128, 127, -128, 127, -128, 127, -128, 127, -128, 127, -128, 127, -128, 127, -117]",esp32_1
CSI_DATA,200057,2025-07-23 16:40:46.381,0,walk,00:00:00:00:00:00,-62,11,0,0,0,0,0,0,0,0,0,-97,0,1,0,2233590117,0,14,0,0,0,104,0,"[0, 0, 66, -80, 36, -50, 1, -22, -34, -1, -68, 14, -102, 22, -128, 25, -128, 22, -128, 15, -128, 5, -128, -4, -128, -11, -128, -16, -128, -18, -128, -18, -128, -12, -109, 0, -93, 13, -80, 27, -71, 42, -68, 56, -68, 68, -71, 77, -78, 83, -84, 87, 66, -10, 76, -10, 88, -8, 100, -6, 112, -4, 119, 0, 121, 3, 121, 4, 119, 2, 112, -6, 105, -19, 95, -30, 86, -44, 81, -64, 76, -89, 70, -117, 69, -128, 74, -128, 80, -128, 86, -128, 95, -128, 106, -128, 118, -128, 125, -128, 127, -128, 127, -128]",esp32_1
CSI_DATA,99186,2025-07-23 16:40:46.389,0,walk,00:00:00:00:00:00,-73,11,0,0,0,0,0,0,0,0,0,-97,0,1,0,854168632,0,14,0,0,0,104,0,"[0, 0, 127, 127, 127, 127, 127, 127, 127, 127, 127, 127, 127, 127, 116, 127, 97, 127, 78, 127, 54, 127, 32, 127, 10, 127, -12, 127, -27, 127, -34, 127, -37, 127, -37, 127, -32, 127, -24, 127, -12, 127, -3, 127, -2, 127, -1, 84, -1, 40, -2, 9, -16, -128, -31, -128, -51, -128, -71, -128, -84, -128, -93, -128, -104, -106, -111, -77, -113, -47, -105, -20, -87, 5, -68, 28, -52, 49, -34, 66, -11, 76, 16, 84, 39, 94, 60, 94, 70, 92, 77, 100, 86, 108, 97, 116, 105, 127, 109, 127, 117, 127, 127, 127]",esp32_2
CSI_DATA,200058,2025-07-23 16:40:46.405,0,walk,00:00:00:00:00:00,-63,11,0,0,0,0,0,0,0,0,0,-97,0,1,0,2233619718,0,14,0,0,0,104,0,"[0, 0, -43, -109, -28, -67, -23, -24, -23, 18, -27, 58, -35, 95, -48, 126, -66, 127, -84, 127, -99, 127, -111, 127, -119, 127, -123, 127, -122, 127, -112, 122, -97, 107, -82, 96, -64, 88, -45, 84, -27, 84, -12, 88, -1, 94, 5, 100, 6, 109, 3, 115, 16, -64, 17, -75, 19, -89, 23, -101, 30, -111, 36, -119, 39, -123, 39, -125, 36, -124, 30, -121, 22, -120, 9, -117, -9, -115, -29, -116, -51, -121, -73, -128, -95, -128, -118, -128, -128, -128, -128, -128, -128, -128, -128, -128, -128, -128, -128, -128, -128, -128, -118, -128]",esp32_1
CSI_DATA,99187,2025-07-23 16:40:46.417,0,walk,00:00:00:00:00:00,-74,11,0,0,0,0,0,0,0,0,0,-97,0,1,0,854178600,0,14,0,0,0,104,0,"[0, 0, -128, 40, -128, 45, -128, 40, -128, 33, -128, 30, -128, 27, -128, 18, -128, 3, -128, -16, -128, -35, -128, -53, -128, -75, -128, -95, -128, -114, -128, -124, -128, -124, -128, -123, -128, -121, -128, -110, -128, -86, -128, -65, -105, -54, -74, -34, -45, -8, -26, 6, 127, 1, 127, -9, 127, -21, 127, -36, 127, -56, 121, -71, 104, -79, 86, -87, 58, -90, 25, -86, -4, -79, -25, -63, -45, -44, -64, -25, -76, -9, -81, 8, -86, 25, -95, 41, -104, 54, -106, 59, -107, 60, -114, 60, -128, 57, -128, 57, -128, 59, -128, 63]",esp32_2
CSI_DATA,200059,2025-07-23 16:40:46.429,0,walk,00:00:00:00:00:00,-62,11,0,0,0,0,0,0,0,0,0,-97,0,1,0,2233639493,0,14,0,0,0,104,0,"[0, 0, -117, 45, -76, 31, -34, 23, 7, 24, 47, 27, 85, 34, 116, 44, 127, 58, 127, 80, 127, 102, 127, 115, 127, 122, 127, 124, 127, 119, 119, 111, 105, 101, 93, 85, 85, 65, 82, 46, 81, 29, 83, 16, 91, 9, 98, 5, 105, 4, 108, 4, -60, -17, -70, -19, -82, -23, -94, -26, -105, -30, -111, -33, -116, -35, -119, -35, -120, -32, -121, -29, -120, -22, -117, -12, -118, 1, -119, 20, -122, 42, -126, 66, -128, 89, -128, 109, -128, 124, -128, 127, -128, 127, -128, 127, -128, 127, -128, 127, -128, 114, -128, 98]",esp32_1
CSI_DATA,99188,2025-07-23 16:40:46.443,0,walk,00:00:00:00:00:00,-74,11,0,0,0,0,0,0,0,0,0,-97,0,1,0,854191587,0,14,0,0,0,104,0,"[0, 0, -128, -128, -128, -128, -128, -128, -128, -128, -128, -128, -128, -128, -128, -128, -128, -128, -128, -128, -105, -128, -85, -128, -68, -128, -55, -128, -40, -128, -26, -128, -19, -128, -15, -128, -11, -128, -10, -128, -16, -128, -19, -128, -18, -123, -20, -81, -17, -36, -11, -11, 53, 127, 63, 127, 79, 127, 99, 127, 113, 118, 117, 92, 118, 64, 115, 37, 104, 8, 88, -18, 66, -42, 43, -61, 20, -71, -6, -76, -33, -82, -61, -85, -80, -85, -90, -79, -94, -68, -96, -64, -100, -68, -107, -74, -111, -89, -113, -106, -122, -126, -128, -128]",esp32_2
CSI_DATA,200060,2025-07-23 16:40:46.450,0,walk,00:00:00:00:00:00,-63,11,0,0,0,0,0,0,0,0,0,-97,0,1,0,2233674385,0,14,0,0,0,104,0,"[0, 0, 36, -121, 26, -76, 12, -33, -8, 9, -33, 46, -61, 74, -88, 95, -115, 109, -128, 117, -128, 120, -128, 119, -128, 111, -128, 97, -128, 83, -128, 70, -123, 60, -100, 54, -78, 54, -57, 58, -38, 63, -21, 73, -5, 86, 4, 97, 3, 108, 0, 115, 60, -9, 70, -13, 84, -21, 97, -26, 109, -26, 116, -23, 120, -20, 123, -20, 122, -25, 115, -36, 104, -44, 88, -53, 71, -67, 57, -85, 44, -106, 30, -127, 20, -128, 11, -128, 2, -128, -2, -128, 0, -128, 5, -128, 10, -128, 15, -128, 23, -128, 33, -128]",esp32_1
CSI_DATA,200061,2025-07-23 16:40:46.473,0,walk,00:00:00:00:00:00,-63,11,0,0,0,0,0,0,0,0,0,-97,0,1,0,2233699225,0,14,0,88,91,104,0,"[0, 0, -20, -119, -6, -69, -1, -17, 1, 31, -1, 75, -10, 115, -23, 127, -39, 127, -55, 127, -67, 127, -76, 127, -83, 127, -87, 127, -85, 127, -75, 127, -59, 115, -40, 95, -17, 80, 9, 71, 32, 64, 51, 61, 67, 63, 78, 68, 85, 78, 88, 88, 61, -29, 69, -37, 78, -47, 88, -52, 99, -55, 106, -56, 108, -56, 107, -57, 102, -59, 92, -61, 78, -67, 59, -74, 35, -81, 9, -94, -15, -110, -37, -128, -60, -128, -83, -128, -105, -128, -119, -128, -125, -128, -125, -128, -121, -128, -112, -128, -97, -128, -84, -128]",esp32_1
CSI_DATA,99189,2025-07-23 16:40:46.480,0,walk,00:00:00:00:00:00,-74,11,0,0,0,0,0,0,0,0,0,-97,0,1,0,854199925,0,14,0,0,0,104,0,"[0, 0, -128, -128, -128, -128, -128, -128, -128, -128, -128, -128, -128, -128, -128, -128, -128, -128, -128, -128, -127, -128, -109, -128, -90, -128, -71, -128, -59, -128, -49, -128, -41, -128, -36, -128, -22, -128, -16, -128, -21, -128, -20, -128, -20, -112, -20, -71, -15, -34, -13, -8, 100, 119, 111, 110, 121, 99, 127, 84, 127, 61, 127, 35, 122, 10, 105, -16, 84, -34, 60, -48, 31, -61, 8, -70, -11, -73, -36, -73, -59, -70, -80, -65, -96, -56, -107, -45, -111, -37, -110, -31, -108, -29, -107, -35, -108, -44, -113, -55, -124, -78, -128, -98]",esp32_2
CSI_DATA,200062,2025-07-23 16:40:46.495,0,walk,00:00:00:00:00:00,-62,11,0,0,0,0,0,0,0,0,0,-97,0,1,0,2233736112,0,14,0,0,0,104,0,"[0, 0, -96, 39, -46, 20, 1, 7, 44, 5, 85, 5, 122, 5, 127, 9, 127, 18, 127, 32, 127, 46, 127, 55, 127, 58, 127, 57, 127, 56, 127, 46, 110, 29, 85, 12, 68, -10, 59, -33, 51, -53, 48, -72, 47, -87, 50, -97, 59, -104, 66, -106, -28, -62, -33, -71, -38, -85, -42, -99, -45, -110, -45, -112, -45, -110, -45, -109, -45, -104, -48, -91, -50, -71, -55, -48, -68, -27, -85, -4, -101, 23, -118, 52, -128, 77, -128, 99, -128, 113, -128, 127, -128, 127, -128, 127, -128, 127, -128, 119, -128, 103, -128, 88]",esp32_1
CSI_DATA,99190,2025-07-23 16:40:46.512,0,walk,00:00:00:00:00:00,-74,11,0,0,0,0,0,0,0,0,0,-97,0,1,0,854208642,0,14,0,0,0,104,0,"[0, 0, 9, -128, 14, -128, 25, -128, 31, -128, 29, -128, 28, -128, 31, -128, 41, -128, 56, -128, 75, -128, 92, -128, 107, -128, 124, -128, 127, -128, 127, -128, 127, -128, 127, -128, 127, -128, 127, -128, 126, -126, 105, -107, 79, -84, 54, -60, 29, -36, 8, -20, -24, 127, -9, 127, 10, 127, 25, 127, 43, 127, 61, 127, 72, 107, 82, 78, 86, 46, 84, 14, 74, -17, 59, -46, 44, -67, 29, -83, 7, -99, -18, -110, -37, -114, -49, -112, -56, -109, -60, -106, -60, -101, -59, -99, -51, -105, -40, -115, -33, -128, -22, -128]",esp32_2
CSI_DATA,200063,2025-07-23 16:40:46.516,0,walk,00:00:00:00:00:00,-62,11,0,0,0,0,0,0,0,0,0,-97,0,1,0,2233782484,0,14,0,0,0,104,0,"[0, 0, 75, -46, 34, -23, -10, -5, -49, 2, -84, 3, -119, 6, -128, 4, -128, 0, -128, -2, -128, -4, -128, -10, -128, -15, -128, -22, -128, -26, -128, -20, -115, -9, -94, 3, -77, 17, -65, 35, -57, 53, -54, 70, -49, 84, -48, 97, -55, 106, -62, 110, 62, 31, 69, 39, 76, 48, 83, 57, 88, 67, 89, 74, 85, 76, 83, 75, 80, 67, 76, 48, 73, 25, 71, 3, 72, -19, 79, -46, 89, -76, 101, -107, 116, -128, 127, -128, 127, -128, 127, -128, 127, -128, 127, -128, 127, -128, 127, -128, 127, -128, 127, -128]",esp32_1
CSI_DATA,200064,2025-07-23 16:40:46.538,0,walk,00:00:00:00:00:00,-62,11,0,0,0,0,0,0,0,0,0,-97,0,1,0,2233808293,0,14,0,0,0,104,0,"[0, 0, -84, 16, -38, 12, 8, 13, 49, 23, 85, 35, 116, 46, 127, 59, 127, 71, 127, 82, 127, 92, 127, 100, 127, 104, 127, 104, 127, 95, 116, 79, 100, 59, 86, 38, 77, 17, 75, -5, 75, -24, 78, -41, 83, -53, 88, -61, 98, -65, 106, -65, -47, -51, -51, -62, -55, -77, -59, -92, -61, -103, -59, -106, -54, -104, -50, -99, -49, -91, -52, -76, -58, -53, -67, -31, -81, -12, -99, 9, -118, 33, -128, 56, -128, 74, -128, 87, -128, 94, -128, 97, -128, 97, -128, 93, -128, 87, -128, 76, -128, 61, -128, 48]",esp32_1
CSI_DATA,99191,2025-07-23 16:40:46.538,0,walk,00:00:00:00:00:00,-74,11,0,0,0,0,0,0,0,0,0,-97,0,1,0,854218604,0,14,0,0,0,104,0,"[0, 0, -116, -128, -126, -128, -128, -128, -128, -128, -128, -128, -128, -128, -125, -128, -116, -128, -105, -128, -88, -128, -63, -128, -35, -128, -13, -128, 2, -128, 16, -128, 29, -128, 34, -128, 34, -128, 36, -128, 33, -128, 23, -128, 17, -121, 13, -87, 5, -52, -3, -25, 114, 121, 124, 116, 127, 103, 127, 86, 127, 64, 127, 35, 125, 8, 110, -19, 91, -47, 66, -66, 38, -78, 10, -86, -21, -86, -53, -83, -78, -76, -94, -63, -108, -57, -120, -50, -123, -31, -120, -19, -113, -17, -103, -22, -99, -35, -97, -49, -99, -68, -105, -90]",esp32_2
CSI_DATA,200065,2025-07-23 16:40:46.564,0,walk,00:00:00:00:00:00,-62,11,0,0,0,0,0,0,0,0,0,-97,0,1,0,2233842310,0,14,0,0,0,104,0,"[0, 0, 51, 65, 23, 29, 1, -7, -24, -43, -49, -76, -65, -108, -74, -128, -74, -128, -65, -128, -53, -128, -48, -128, -47, -128, -47, -128, -44, -128, -40, -128, -37, -115, -37, -88, -41, -62, -49, -39, -56, -16, -67, 4, -81, 13, -93, 15, -103, 15, -108, 16, -49, 42, -60, 51, -75, 60, -87, 67, -96, 69, -101, 70, -100, 70, -93, 67, -81, 63, -69, 60, -53, 61, -26, 65, 5, 72, 33, 80, 64, 89, 93, 101, 121, 117, 127, 127, 127, 127, 127, 127, 127, 127, 127, 127, 127, 127, 127, 127, 127, 127, 127, 127]",esp32_1
CSI_DATA,200066,2025-07-23 16:40:46.585,0,walk,00:00:00:00:00:00,-63,11,0,0,0,0,0,0,0,0,0,-97,0,1,0,2233880421,0,14,0,0,0,104,0,"[0, 0, 44, 112, 26, 72, 19, 31, 11, -12, 6, -53, 5, -92, 11, -125, 22, -128, 34, -128, 44, -128, 52, -128, 59, -128, 67, -128, 73, -128, 73, -128, 67, -128, 58, -124, 43, -110, 26, -98, 9, -87, -8, -79, -23, -77, -35, -78, -44, -84, -51, -91, -33, 53, -39, 64, -47, 75, -55, 84, -65, 91, -74, 94, -78, 94, -76, 94, -69, 91, -58, 89, -43, 88, -21, 88, 4, 91, 30, 99, 54, 110, 76, 124, 99, 127, 123, 127, 127, 127, 127, 127, 127, 127, 127, 127, 127, 127, 127, 127, 127, 127, 116, 127]",esp32_1
CSI_DATA,200067,2025-07-23 16:40:46.605,0,walk,00:00:00:00:00:00,-63,11,0,0,0,0,0,0,0,0,0,-97,0,1,0,2233904665,0,14,0,0,0,104,0,"[0, 0, -43, -105, -33, -66, -26, -30, -29, 8, -38, 44, -48, 74, -60, 99, -72, 118, -81, 127, -92, 127, -104, 127, -112, 127, -117, 127, -118, 119, -109, 108, -96, 96, -83, 85, -68, 78, -53, 77, -39, 78, -27, 83, -14, 90, -6, 95, -7, 99, -11, 102, 10, -58, 16, -69, 24, -83, 32, -94, 40, -101, 47, -101, 52, -98, 55, -96, 51, -93, 40, -91, 25, -87, 6, -82, -15, -84, -34, -89, -55, -95, -76, -104, -96, -117, -114, -128, -128, -128, -128, -128, -128, -128, -128, -128, -128, -128, -128, -128, -116, -128, -99, -128]",esp32_1
CSI_DATA,99193,2025-07-23 16:40:46.605,0,walk,00:00:00:00:00:00,-73,11,0,0,0,0,0,0,0,0,0,-97,0,1,0,854238623,0,14,0,0,0,104,0,"[0, 0, 38, 127, 38, 127, 36, 127, 38, 127, 43, 127, 44, 127, 34, 127, 21, 127, 3, 127, -19, 127, -42, 127, -69, 127, -94, 127, -115, 127, -128, 127, -128, 127, -128, 127, -128, 127, -128, 127, -128, 116, -118, 98, -93, 79, -71, 57, -48, 39, -31, 25, -128, -114, -128, -108, -128, -91, -128, -68, -128, -43, -128, -19, -128, 3, -128, 28, -108, 57, -75, 81, -37, 93, -2, 99, 30, 100, 62, 100, 90, 90, 111, 69, 127, 50, 127, 32, 127, 18, 127, 14, 118, 12, 105, 10, 89, 14, 72, 27, 62, 55, 64, 85]",esp32_2
CSI_DATA,99194,2025-07-23 16:40:46.626,0,walk,00:00:00:00:00:00,-73,11,0,0,0,0,0,0,0,0,0,-97,0,1,0,854248601,0,14,0,0,0,104,0,"[0, 0, 127, -52, 127, -58, 127, -62, 127, -60, 127, -57, 127, -55, 127, -48, 127, -40, 127, -30, 127, -14, 127, 13, 127, 46, 127, 76, 127, 99, 127, 121, 127, 127, 127, 127, 127, 127, 127, 127, 127, 127, 110, 123, 90, 100, 71, 74, 50, 50, 29, 33, -93, 127, -87, 127, -76, 127, -54, 127, -25, 127, 3, 127, 28, 127, 55, 127, 80, 107, 98, 71, 108, 33, 107, -4, 103, -41, 98, -73, 82, -97, 60, -114, 37, -127, 18, -128, 3, -128, -8, -128, -14, -128, -13, -113, -7, -92, 7, -76, 28, -69, 46, -63]",esp32_2
CSI_DATA,99195,2025-07-23 16:40:46.649,0,walk,00:00:00:00:00:00,-73,11,0,0,0,0,0,0,0,0,0,-97,0,1,0,854280865,0,14,0,0,0,104,0,"[0, 0, 10, 112, 11, 127, 13, 127, 14, 127, 13, 127, 10, 127, 9, 127, 5, 127, -4, 127, -16, 127, -31, 127, -48, 123, -63, 116, -79, 107, -94, 101, -105, 95, -111, 87, -112, 82, -108, 78, -97, 69, -83, 60, -70, 55, -54, 45, -37, 33, -28, 24, -56, -85, -64, -82, -75, -75, -85, -63, -90, -51, -92, -39, -93, -27, -89, -10, -79, 8, -65, 22, -48, 33, -30, 41, -12, 45, 8, 44, 27, 38, 44, 32, 57, 24, 66, 13, 70, 5, 69, -2, 64, -3, 56, -1, 47, 2, 35, 14, 26, 31, 24, 43]",esp32_2
CSI_DATA,99196,2025-07-23 16:40:46.667,0,walk,00:00:00:00:00:00,-73,11,0,0,0,0,0,0,0,0,0,-97,0,1,0,854305320,0,14,0,0,0,104,0,"[0, 0, -10, -128, -10, -128, -6, -128, -3, -128, -4, -128, -4, -128, 1, -128, 9, -128, 19, -128, 33, -128, 48, -125, 65, -113, 83, -101, 102, -93, 120, -89, 127, -81, 127, -73, 127, -70, 127, -68, 126, -66, 106, -64, 89, -59, 70, -53, 49, -42, 31, -31, 47, 96, 56, 96, 68, 90, 80, 81, 90, 68, 95, 53, 97, 39, 94, 22, 84, 2, 68, -14, 49, -25, 29, -37, 9, -46, -13, -52, -35, -49, -53, -41, -66, -34, -74, -26, -76, -20, -73, -17, -68, -12, -61, -11, -50, -21, -36, -37, -24, -56, -18, -73]",esp32_2
CSI_DATA,200069,2025-07-23 16:40:46.693,0,walk,00:00:00:00:00:00,-62,11,0,0,0,0,0,0,0,0,0,-97,0,1,0,2234001885,0,14,0,0,0,104,0,"[0, 0, 111, 46, 76, 21, 45, -6, 18, -39, 0, -72, -13, -102, -18, -128, -18, -128, -20, -128, -21, -128, -17, -128, -8, -128, 5, -128, 17, -128, 18, -128, 14, -128, 7, -119, -2, -105, -14, -93, -29, -84, -44, -78, -59, -74, -70, -74, -75, -82, -76, -90, 41, 63, 48, 77, 51, 93, 52, 107, 49, 119, 41, 126, 32, 127, 27, 126, 29, 117, 37, 101, 48, 84, 61, 64, 78, 47, 102, 34, 127, 25, 127, 21, 127, 21, 127, 21, 127, 23, 127, 34, 127, 47, 127, 58, 127, 62, 127, 61, 127, 65, 127, 71]",esp32_1
CSI_DATA,99197,2025-07-23 16:40:46.695,0,walk,00:00:00:00:00:00,-73,11,0,0,0,0,0,0,0,0,0,-97,0,1,0,854332129,0,14,0,0,0,104,0,"[0, 0, 127, 49, 127, 58, 127, 60, 127, 56, 127, 55, 127, 53, 127, 54, 127, 60, 127, 75, 127, 97, 127, 122, 122, 127, 90, 127, 66, 127, 50, 127, 35, 127, 23, 127, 17, 127, 17, 127, 24, 127, 30, 127, 30, 127, 30, 127, 32, 96, 34, 63, -128, 80, -128, 94, -128, 105, -128, 116, -115, 127, -90, 127, -60, 127, -31, 127, -1, 126, 31, 107, 53, 82, 64, 47, 74, 10, 83, -18, 84, -44, 76, -68, 66, -82, 54, -97, 42, -105, 39, -95, 41, -82, 45, -66, 55, -42, 73, -19, 107, 0, 127, 16]",esp32_2
CSI_DATA,200070,2025-07-23 16:40:46.715,0,walk,00:00:00:00:00:00,-62,11,0,0,0,0,0,0,0,0,0,-97,0,1,0,2234027392,0,14,0,0,0,104,0,"[0, 0, 39, -113, 19, -80, -8, -48, -37, -22, -65, -2, -95, 13, -124, 22, -128, 26, -128, 24, -128, 19, -128, 12, -128, 5, -128, -2, -128, -6, -128, -6, -128, -2, -112, 6, -97, 16, -85, 29, -77, 42, -72, 54, -73, 66, -77, 75, -84, 81, -91, 84, 61, -45, 73, -49, 85, -51, 98, -52, 111, -51, 118, -49, 119, -45, 116, -42, 110, -41, 99, -45, 84, -54, 67, -66, 51, -79, 39, -97, 26, -122, 14, -128, 8, -128, 7, -128, 10, -128, 16, -128, 25, -128, 37, -128, 49, -128, 58, -128, 65, -128, 68, -128]",esp32_1
CSI_DATA,99198,2025-07-23 16:40:46.715,0,walk,00:00:00:00:00:00,-73,11,0,0,0,0,0,0,0,0,0,-97,0,1,0,854356334,0,14,0,0,0,104,0,"[0, 0, -120, -91, -128, -98, -128, -101, -128, -98, -128, -100, -128, -105, -128, -104, -120, -102, -104, -98, -83, -93, -66, -101, -47, -117, -26, -128, -6, -128, 10, -128, 20, -128, 26, -128, 35, -128, 38, -128, 35, -128, 32, -126, 19, -110, 1, -88, -8, -64, -13, -47, 108, 4, 105, -5, 102, -18, 99, -31, 91, -41, 76, -46, 63, -49, 50, -55, 30, -65, 2, -63, -25, -50, -45, -39, -56, -26, -62, -12, -67, 0, -75, 13, -75, 25, -66, 33, -53, 35, -46, 33, -44, 28, -41, 20, -43, 8, -49, -7, -58, -25, -63, -41]",esp32_2
CSI_DATA,200071,2025-07-23 16:40:46.738,0,walk,00:00:00:00:00:00,-62,11,0,0,0,0,0,0,0,0,0,-97,0,1,0,2234062050,0,14,0,0,0,104,0,"[0, 0, -37, 108, -17, 75, 13, 43, 41, 20, 67, 4, 92, -9, 120, -16, 127, -17, 127, -14, 127, -6, 127, 4, 127, 10, 127, 15, 127, 18, 127, 16, 107, 8, 90, -4, 79, -18, 71, -32, 66, -45, 65, -54, 66, -61, 70, -66, 78, -69, 84, -71, -64, 42, -73, 46, -83, 47, -94, 49, -105, 49, -111, 47, -110, 44, -108, 43, -102, 41, -91, 43, -78, 50, -65, 58, -51, 71, -38, 92, -25, 116, -17, 127, -12, 127, -8, 127, -7, 127, -9, 127, -16, 127, -28, 127, -39, 127, -51, 127, -61, 127, -64, 127]",esp32_1
CSI_DATA,99199,2025-07-23 16:40:46.740,0,walk,00:00:00:00:00:00,-74,11,0,0,0,0,0,0,0,0,0,-97,0,1,0,854392185,0,14,0,0,0,104,0,"[0, 0, 97, 98, 105, 111, 110, 120, 114, 122, 111, 123, 102, 123, 89, 117, 72, 113, 49, 116, 26, 119, -3, 121, -35, 127, -64, 127, -89, 127, -108, 127, -119, 127, -126, 127, -128, 127, -124, 127, -117, 127, -106, 124, -87, 112, -65, 93, -43, 73, -28, 59, -108, 7, -108, 16, -107, 27, -105, 38, -93, 50, -76, 63, -59, 70, -43, 73, -25, 77, -2, 77, 22, 67, 40, 53, 52, 41, 62, 28, 72, 9, 76, -11, 74, -25, 71, -32, 66, -38, 55, -40, 45, -34, 39, -25, 37, -14, 40, 3, 47, 25, 55, 41]",esp32_2
CSI_DATA,200072,2025-07-23 16:40:46.761,0,walk,00:00:00:00:00:00,-62,11,0,0,0,0,0,0,0,0,0,-97,0,1,0,2234086816,0,14,0,0,0,104,0,"[0, 0, -5, -128, -12, -91, -30, -51, -50, -14, -74, 13, -96, 33, -121, 47, -128, 55, -128, 56, -128, 52, -128, 45, -128, 38, -128, 29, -128, 17, -128, 10, -128, 11, -110, 18, -95, 29, -82, 41, -72, 52, -66, 62, -62, 72, -64, 81, -73, 88, -80, 91, 40, -75, 49, -83, 60, -91, 71, -97, 83, -100, 92, -101, 93, -101, 92, -98, 85, -91, 70, -87, 55, -89, 40, -93, 22, -100, 2, -115, -17, -128, -33, -128, -45, -128, -55, -128, -66, -128, -72, -128, -69, -128, -59, -128, -48, -128, -34, -128, -23, -128, -19, -128]",esp32_1
CSI_DATA,99200,2025-07-23 16:40:46.761,0,walk,00:00:00:00:00:00,-75,11,0,0,0,0,0,0,0,0,0,-97,0,1,0,854417575,0,14,0,0,0,104,0,"[0, 0, -128, -86, -128, -98, -128, -111, -128, -122, -128, -125, -128, -127, -128, -128, -128, -128, -106, -128, -66, -128, -26, -128, 9, -128, 37, -128, 53, -128, 67, -128, 84, -128, 89, -128, 82, -128, 75, -128, 62, -128, 44, -128, 32, -128, 19, -128, 3, -128, -7, -99, 127, 47, 127, 39, 127, 29, 127, 9, 127, -20, 127, -48, 125, -62, 103, -74, 75, -85, 50, -91, 20, -91, -12, -80, -39, -70, -66, -56, -82, -35, -88, -14, -93, 3, -102, 18, -107, 35, -104, 42, -96, 43, -95, 44, -100, 27, -104, 9, -114, -5, -128, -23]",esp32_2
CSI_DATA,200073,2025-07-23 16:40:46.781,0,walk,00:00:00:00:00:00,-62,11,0,0,0,0,0,0,0,0,0,-97,0,1,0,2234112243,0,14,0,0,0,104,0,"[0, 0, 44, 84, 37, 37, 37, -8, 37, -50, 40, -87, 49, -119, 62, -128, 78, -128, 92, -128, 102, -128, 108, -128, 111, -128, 112, -128, 106, -128, 92, -114, 71, -94, 50, -81, 28, -73, 5, -70, -17, -69, -37, -71, -52, -76, -60, -84, -63, -96, -63, -106, -47, 75, -55, 84, -66, 93, -77, 98, -88, 101, -97, 99, -100, 95, -96, 90, -86, 85, -69, 79, -49, 79, -25, 80, 3, 83, 32, 91, 59, 104, 82, 122, 105, 127, 127, 127, 127, 127, 127, 127, 127, 127, 127, 127, 127, 127, 127, 127, 119, 127, 105, 127]",esp32_1
CSI_DATA,99201,2025-07-23 16:40:46.781,0,walk,00:00:00:00:00:00,-74,11,0,0,0,0,0,0,0,0,0,-97,0,1,0,854465766,0,14,0,0,0,104,0,"[0, 0, -35, 127, -32, 127, -28, 127, -25, 127, -26, 127, -26, 127, -32, 127, -46, 127, -69, 127, -96, 116, -128, 94, -128, 71, -128, 53, -128, 41, -128, 36, -128, 38, -128, 37, -128, 36, -128, 44, -128, 55, -128, 63, -128, 66, -128, 69, -114, 72, -77, 75, -58, -128, -66, -128, -77, -128, -88, -128, -93, -109, -92, -90, -83, -68, -72, -44, -64, -19, -46, 2, -20, 19, 5, 37, 32, 54, 55, 62, 71, 62, 87, 58, 105, 55, 112, 46, 102, 38, 86, 40, 69, 42, 49, 50, 28, 74, 11, 98, -3, 127, -13, 127]",esp32_2
CSI_DATA,200074,2025-07-23 16:40:46.807,0,walk,00:00:00:00:00:00,-63,11,0,0,0,0,0,0,0,0,0,-97,0,1,0,2234146853,0,14,0,0,0,104,0,"[0, 0, 85, 66, 54, 28, 25, -15, 3, -63, -8, -104, -17, -128, -20, -128, -20, -128, -25, -128, -29, -128, -25, -128, -16, -128, 1, -128, 17, -128, 21, -128, 15, -128, 6, -128, -7, -116, -21, -98, -38, -84, -57, -73, -75, -62, -91, -59, -102, -67, -108, -75, 8, 89, 4, 108, -1, 127, -10, 127, -24, 127, -40, 127, -50, 127, -52, 127, -45, 127, -25, 117, -5, 105, 17, 93, 48, 83, 85, 78, 118, 77, 127, 81, 127, 91, 127, 102, 127, 118, 127, 127, 127, 127, 127, 127, 127, 127, 127, 127, 127, 127, 127, 127]",esp32_1
CSI_DATA,99202,2025-07-23 16:40:46.807,0,walk,00:00:00:00:00:00,-74,11,0,0,0,0,0,0,0,0,0,-97,0,1,0,854491192,0,14,0,0,0,104,0,"[0, 0, -76, 127, -77, 127, -78, 127, -73, 127, -66, 127, -70, 127, -82, 127, -91, 127, -106, 127, -128, 104, -128, 81, -128, 58, -128, 35, -128, 18, -128, 4, -128, -4, -128, -6, -128, -4, -128, 2, -128, 15, -128, 31, -128, 44, -128, 50, -124, 53, -90, 54, -48, -128, -57, -128, -69, -125, -80, -110, -86, -95, -91, -83, -91, -64, -88, -38, -81, -16, -72, 5, -55, 24, -34, 43, -18, 55, -3, 58, 14, 59, 30, 57, 37, 50, 40, 41, 39, 38, 31, 39, 19, 42, 7, 52, -8, 70, -25, 94, -36, 118, -40, 127]",esp32_2
CSI_DATA,99203,2025-07-23 16:40:46.824,0,walk,00:00:00:00:00:00,-75,11,0,0,0,0,0,0,0,0,0,-97,0,1,0,854526148,0,14,0,0,0,104,0,"[0, 0, 127, -128, 127, -128, 127, -128, 127, -128, 127, -128, 126, -128, 127, -128, 127, -110, 127, -67, 127, -22, 127, 20, 127, 60, 127, 96, 127, 125, 127, 127, 127, 127, 127, 127, 127, 127, 127, 127, 127, 124, 127, 95, 127, 61, 127, 23, 127, -7, 112, -22, 23, 116, 28, 115, 35, 110, 53, 98, 71, 90, 78, 88, 75, 79, 74, 67, 79, 54, 75, 39, 62, 24, 49, 4, 34, -10, 22, -9, 17, 1, 12, 7, 6, 10, 13, 15, 29, 16, 33, 4, 36, -12, 50, -27, 68, -45, 87, -71, 99, -108, 104, -128]",esp32_2
CSI_DATA,200075,2025-07-23 16:40:46.830,0,walk,00:00:00:00:00:00,-62,11,0,0,0,0,0,0,0,0,0,-97,0,1,0,2234195292,0,14,0,0,0,104,0,"[0, 0, -78, -67, -50, -33, -26, 3, -10, 41, 4, 77, 14, 109, 19, 127, 20, 127, 13, 127, 3, 127, -6, 127, -11, 127, -12, 127, -9, 127, -5, 127, 0, 124, 9, 104, 21, 86, 35, 73, 49, 64, 64, 60, 76, 59, 86, 61, 92, 66, 95, 70, -1, -64, 2, -78, 7, -95, 13, -109, 22, -119, 30, -121, 34, -118, 36, -113, 32, -107, 22, -100, 6, -90, -15, -80, -39, -75, -66, -74, -98, -69, -128, -66, -128, -71, -128, -85, -128, -100, -128, -114, -128, -125, -128, -128, -128, -128, -128, -128, -128, -128, -128, -128]",esp32_1
CSI_DATA,99204,2025-07-23 16:40:46.852,0,walk,00:00:00:00:00:00,-75,11,0,0,0,0,0,0,0,0,0,-97,0,1,0,854552247,0,14,0,0,0,104,0,"[0, 0, 13, -128, 10, -128, 3, -128, -2, -128, 4, -128, 17, -128, 30, -128, 52, -128, 85, -120, 118, -83, 127, -47, 127, -14, 127, 14, 127, 42, 127, 63, 127, 74, 127, 71, 127, 67, 127, 59, 127, 41, 127, 18, 127, -1, 127, -17, 127, -34, 101, -50, 123, 15, 122, 5, 116, -7, 110, -17, 108, -27, 104, -28, 94, -23, 80, -25, 65, -31, 48, -23, 29, -5, 17, 1, 8, 9, 3, 28, -1, 43, -5, 54, -4, 64, 7, 72, 22, 66, 31, 46, 40, 25, 45, 1, 45, -35, 50, -78, 46, -126, 27, -128]",esp32_2
CSI_DATA,200076,2025-07-23 16:40:46.853,0,walk,00:00:00:00:00:00,-63,11,0,0,0,0,0,0,0,0,0,-97,0,1,0,2234232597,0,14,0,0,0,104,0,"[0, 0, -102, 37, -62, 27, -23, 19, 14, 18, 50, 22, 83, 26, 110, 32, 127, 40, 127, 50, 127, 61, 127, 73, 127, 81, 127, 83, 127, 80, 125, 73, 109, 63, 94, 50, 84, 34, 79, 17, 75, 1, 74, -15, 77, -27, 81, -36, 89, -42, 96, -45, -59, -38, -66, -46, -73, -58, -78, -69, -82, -77, -81, -81, -77, -82, -74, -78, -72, -69, -72, -57, -71, -39, -74, -17, -83, 3, -94, 25, -105, 49, -119, 73, -128, 93, -128, 110, -128, 121, -128, 126, -128, 127, -128, 127, -128, 124, -128, 114, -128, 98, -128, 83]",esp32_1
CSI_DATA,99205,2025-07-23 16:40:46.874,0,walk,00:00:00:00:00:00,-75,11,0,0,0,0,0,0,0,0,0,-97,0,1,0,854588294,0,14,0,0,0,104,0,"[0, 0, -128, -128, -126, -128, -111, -128, -91, -128, -67, -128, -38, -128, 0, -128, 37, -126, 76, -104, 127, -89, 127, -76, 127, -65, 127, -61, 127, -56, 127, -52, 127, -49, 127, -45, 127, -52, 127, -62, 127, -70, 127, -85, 127, -96, 110, -94, 69, -91, 42, -93, 92, -32, 103, -34, 99, -44, 93, -57, 92, -62, 81, -64, 73, -68, 73, -68, 68, -69, 67, -65, 70, -53, 68, -46, 64, -42, 61, -41, 54, -43, 47, -48, 38, -55, 30, -59, 24, -68, 13, -87, -2, -98, -27, -104, -53, -123, -70, -128, -91, -128, -113, -128]",esp32_2
CSI_DATA,200077,2025-07-23 16:40:46.879,0,walk,00:00:00:00:00:00,-63,11,0,0,0,0,0,0,0,0,0,-97,0,1,0,2234267178,0,14,0,0,0,104,0,"[0, 0, 111, 61, 67, 36, 27, 5, -12, -33, -42, -71, -64, -107, -76, -128, -82, -128, -84, -128, -82, -128, -76, -128, -67, -128, -53, -128, -38, -128, -30, -128, -25, -128, -25, -127, -31, -102, -41, -78, -54, -56, -70, -38, -87, -26, -100, -20, -112, -22, -122, -28, 9, 85, 9, 100, 7, 116, 4, 127, -2, 127, -11, 127, -18, 127, -20, 127, -16, 127, -7, 127, 7, 118, 27, 102, 53, 88, 83, 78, 113, 68, 127, 59, 127, 56, 127, 56, 127, 58, 127, 65, 127, 75, 127, 84, 127, 90, 127, 92, 127, 97, 127, 104]",esp32_1
CSI_DATA,200078,2025-07-23 16:40:47.296,0,walk,00:00:00:00:00:00,-62,11,0,0,0,0,0,0,0,0,0,-97,0,1,0,2234304179,0,14,0,0,0,104,0,"[0, 0, -107, 91, -73, 64, -35, 39, 1, 20, 36, 5, 74, -6, 111, -11, 127, -9, 127, -1, 127, 10, 127, 21, 127, 32, 127, 40, 127, 43, 127, 43, 127, 39, 106, 28, 89, 12, 75, -5, 64, -21, 60, -38, 62, -54, 66, -66, 74, -75, 81, -80, -76, -12, -85, -14, -95, -20, -104, -26, -113, -30, -118, -33, -117, -35, -114, -34, -110, -30, -105, -20, -99, -2, -93, 17, -89, 33, -88, 57, -89, 87, -92, 118, -101, 127, -113, 127, -121, 127, -128, 127, -128, 127, -128, 127, -128, 127, -128, 127, -128, 127, -128, 127]",esp32_1
CSI_DATA,200079,2025-07-23 16:40:47.300,0,walk,00:00:00:00:00:00,-63,11,0,0,0,0,0,0,0,0,0,-97,0,1,0,2234330506,0,14,0,0,0,104,0,"[0, 0, -100, -70, -71, -47, -47, -22, -21, 9, 3, 40, 19, 69, 26, 96, 27, 120, 23, 127, 17, 127, 12, 127, 8, 127, 4, 127, 1, 127, 0, 127, 2, 120, 5, 104, 13, 87, 24, 73, 35, 62, 47, 55, 59, 52, 68, 54, 74, 60, 77, 65, -7, -66, -9, -77, -11, -90, -8, -101, -2, -110, 2, -116, 4, -116, 3, -111, -2, -103, -10, -97, -21, -90, -38, -78, -60, -69, -85, -62, -111, -57, -128, -55, -128, -58, -128, -64, -128, -70, -128, -77, -128, -86, -128, -97, -128, -112, -128, -120, -128, -122, -128, -122]",esp32_1
CSI_DATA,200080,2025-07-23 16:40:47.307,0,walk,00:00:00:00:00:00,-62,11,0,0,0,0,0,0,0,0,0,-97,0,1,0,2234367519,0,14,0,0,0,104,0,"[0, 0, 5, 127, 6, 91, 14, 52, 23, 11, 33, -27, 46, -59, 63, -84, 80, -101, 97, -109, 112, -113, 123, -118, 126, -119, 124, -114, 121, -105, 112, -95, 97, -85, 79, -78, 60, -77, 43, -78, 26, -79, 11, -83, 4, -90, 3, -98, 3, -107, 4, -112, -61, 38, -68, 47, -78, 56, -89, 60, -100, 62, -106, 59, -106, 56, -101, 54, -91, 54, -78, 56, -63, 61, -43, 69, -20, 84, 3, 103, 26, 126, 42, 127, 53, 127, 65, 127, 76, 127, 83, 127, 84, 127, 76, 127, 59, 127, 42, 127, 29, 127, 24, 127]",esp32_1
CSI_DATA,200081,2025-07-23 16:40:47.311,0,walk,00:00:00:00:00:00,-62,11,0,0,0,0,0,0,0,0,0,-97,0,1,0,2234393587,0,14,0,0,0,104,0,"[0, 0, -97, -119, -73, -74, -57, -28, -41, 20, -28, 66, -22, 105, -24, 127, -30, 127, -36, 127, -44, 127, -50, 127, -53, 127, -55, 127, -52, 127, -44, 127, -33, 127, -18, 119, 0, 105, 21, 96, 41, 86, 61, 80, 77, 81, 88, 87, 94, 98, 94, 108, 35, -83, 42, -95, 50, -111, 61, -123, 77, -128, 89, -128, 92, -121, 90, -113, 78, -105, 59, -96, 35, -91, 5, -86, -32, -82, -74, -85, -112, -95, -128, -111, -128, -128, -128, -128, -128, -128, -128, -128, -128, -128, -128, -128, -128, -128, -128, -128, -128, -128, -128, -128]",esp32_1
CSI_DATA,200082,2025-07-23 16:40:47.316,0,walk,00:00:00:00:00:00,-63,11,0,0,0,0,0,0,0,0,0,-97,0,1,0,2234430901,0,14,0,0,0,104,0,"[0, 0, 87, -98, 53, -64, 17, -32, -19, -7, -54, 12, -89, 26, -122, 36, -128, 42, -128, 43, -128, 38, -128, 31, -128, 26, -128, 21, -128, 17, -128, 13, -123, 13, -100, 19, -79, 29, -60, 40, -45, 53, -34, 67, -27, 81, -23, 95, -26, 105, -31, 110, 72, 26, 83, 32, 94, 41, 105, 51, 114, 61, 118, 68, 115, 71, 110, 69, 102, 65, 94, 53, 86, 33, 78, 10, 72, -16, 70, -46, 70, -80, 72, -117, 81, -128, 92, -128, 103, -128, 116, -128, 127, -128, 127, -128, 127, -128, 127, -128, 127, -128, 127, -128]",esp32_1
CSI_DATA,200083,2025-07-23 16:40:47.321,0,walk,00:00:00:00:00:00,-62,11,0,0,0,0,0,0,0,0,0,-97,0,1,0,2234451848,0,14,0,0,0,104,0,"[0, 0, 11, -128, 6, -95, -4, -54, -15, -13, -27, 29, -43, 63, -60, 92, -82, 116, -106, 127, -122, 127, -128, 127, -128, 123, -122, 118, -112, 113, -99, 100, -83, 87, -64, 75, -41, 64, -19, 60, 1, 57, 22, 57, 38, 66, 48, 76, 55, 85, 57, 93, 67, 1, 78, 0, 92, -1, 105, 0, 117, 4, 123, 8, 126, 12, 126, 15, 120, 14, 111, 11, 98, 0, 78, -15, 56, -33, 36, -57, 18, -87, 4, -119, -10, -128, -20, -128, -28, -128, -32, -128, -33, -128, -29, -128, -15, -128, 0, -128, 10, -128, 18, -128]",esp32_1
CSI_DATA,200084,2025-07-23 16:40:47.327,0,walk,00:00:00:00:00:00,-63,11,0,0,0,0,0,0,0,0,0,-97,0,1,0,2234488623,0,14,0,0,0,104,0,"[0, 0, 127, 18, 115, 11, 76, 0, 40, -22, 5, -45, -25, -68, -48, -93, -64, -118, -76, -128, -81, -128, -79, -128, -71, -128, -58, -128, -43, -128, -31, -128, -21, -128, -12, -128, -9, -119, -13, -95, -23, -72, -36, -53, -49, -41, -63, -32, -77, -29, -87, -31, 31, 62, 37, 73, 43, 88, 49, 104, 50, 119, 45, 127, 39, 127, 35, 127, 34, 127, 36, 126, 39, 112, 44, 96, 56, 79, 73, 61, 90, 40, 107, 18, 127, 0, 127, -13, 127, -21, 127, -25, 127, -27, 127, -22, 127, -14, 127, -9, 127, -1, 127, 10]",esp32_1
CSI_DATA,200085,2025-07-23 16:40:47.332,0,walk,00:00:00:00:00:00,-62,11,0,0,0,0,0,0,0,0,0,-97,0,1,0,2234545205,0,14,0,0,0,104,0,"[0, 0, -125, -11, -94, 2, -67, 19, -44, 43, -25, 69, -12, 93, -4, 114, 0, 127, -1, 127, -6, 127, -11, 127, -17, 127, -22, 127, -27, 127, -28, 127, -27, 127, -26, 127, -23, 127, -16, 123, -9, 118, -2, 117, 4, 117, 7, 116, 5, 118, 3, 121, -71, -17, -80, -24, -92, -32, -101, -41, -105, -50, -103, -58, -99, -62, -97, -63, -96, -57, -98, -47, -100, -38, -105, -27, -117, -13, -128, 1, -128, 13, -128, 23, -128, 30, -128, 33, -128, 33, -128, 29, -128, 22, -128, 12, -128, 3, -128, -3, -128, -12, -128, -21]",esp32_1
CSI_DATA,99206,2025-07-23 16:40:47.335,0,walk,00:00:00:00:00:00,-76,11,0,0,0,0,0,0,0,0,0,-97,0,1,0,854639375,0,14,0,0,0,104,0,"[0, 0, -51, -128, -45, -128, -41, -128, -34, -128, -16, -128, 12, -128, 46, -111, 79, -60, 113, -14, 127, 25, 127, 69, 127, 116, 127, 127, 127, 127, 127, 127, 127, 127, 127, 127, 127, 127, 127, 127, 127, 127, 127, 127, 127, 109, 127, 67, 127, 25, 119, -10, 88, -19, 84, -18, 84, -19, 80, -22, 73, -25, 71, -20, 71, -11, 75, -9, 79, -8, 82, -6, 84, -8, 88, -11, 94, -12, 101, -12, 107, -12, 107, -15, 111, -31, 115, -45, 105, -53, 95, -72, 88, -99, 77, -128, 54, -128, 21, -128, -7, -128, -23, -128]",esp32_2
CSI_DATA,200086,2025-07-23 16:40:47.338,0,walk,00:00:00:00:00:00,-60,11,0,0,0,0,0,0,0,0,0,-97,0,1,0,2234560559,0,14,0,0,0,104,0,"[0, 0, -122, -24, -97, -2, -75, 22, -62, 52, -53, 81, -46, 106, -44, 126, -48, 127, -54, 127, -62, 127, -68, 127, -74, 127, -77, 127, -76, 127, -70, 127, -62, 127, -55, 123, -47, 118, -40, 117, -33, 117, -28, 119, -26, 121, -28, 123, -33, 123, -38, 122, -71, -28, -79, -36, -89, -47, -97, -57, -98, -66, -94, -73, -89, -74, -84, -72, -84, -66, -90, -56, -97, -43, -106, -30, -121, -17, -128, -6, -128, 2, -128, 6, -128, 7, -128, 5, -128, -2, -128, -11, -128, -22, -128, -35, -128, -45, -128, -52, -128, -57, -128, -61]",esp32_1
CSI_DATA,99207,2025-07-23 16:40:47.338,0,walk,00:00:00:00:00:00,-76,11,0,0,0,0,0,0,0,0,0,-97,0,1,0,854661685,0,14,0,0,0,104,0,"[0, 0, 127, -7, 127, -6, 127, -7, 126, -2, 104, 11, 81, 23, 55, 38, 31, 56, 9, 78, -17, 105, -43, 127, -66, 127, -86, 127, -103, 127, -113, 127, -116, 127, -116, 127, -110, 127, -97, 127, -84, 127, -68, 127, -45, 127, -20, 107, 2, 84, 18, 62, -21, 44, -16, 43, -14, 41, -15, 36, -13, 27, -9, 25, -8, 28, -7, 30, -3, 30, -2, 29, -3, 26, -6, 24, -8, 26, -7, 35, -6, 44, -2, 47, 5, 48, 10, 51, 15, 52, 26, 51, 44, 46, 62, 41, 81, 37, 102, 26, 119, 17, 127, 19]",esp32_2
CSI_DATA,200087,2025-07-23 16:40:47.344,0,walk,00:00:00:00:00:00,-61,11,0,0,0,0,0,0,0,0,0,-97,0,1,0,2234596321,0,14,0,0,0,104,0,"[0, 0, 81, -66, 41, -57, 2, -53, -33, -60, -63, -69, -90, -78, -113, -89, -128, -100, -128, -112, -128, -121, -128, -128, -128, -128, -118, -124, -106, -113, -97, -98, -90, -80, -86, -61, -87, -43, -93, -28, -100, -17, -109, -10, -118, -6, -123, -7, -128, -12, -128, -18, 79, -2, 90, 3, 103, 12, 112, 21, 118, 28, 117, 33, 112, 36, 106, 35, 98, 29, 91, 15, 83, -5, 79, -27, 82, -50, 89, -76, 96, -103, 103, -128, 118, -128, 127, -128, 127, -128, 127, -128, 127, -128, 127, -128, 127, -128, 127, -128, 127, -128, 127, -122]",esp32_1
CSI_DATA,99208,2025-07-23 16:40:47.345,0,walk,00:00:00:00:00:00,-75,11,0,0,0,0,0,0,0,0,0,-97,0,1,0,854696050,0,14,0,0,0,104,0,"[0, 0, -128, 54, -128, 48, -128, 45, -123, 35, -88, 17, -47, -2, 1, -24, 56, -46, 109, -57, 127, -58, 127, -63, 127, -69, 127, -74, 127, -81, 127, -77, 127, -59, 127, -42, 127, -32, 127, -26, 127, -27, 127, -35, 127, -44, 127, -50, 127, -67, 112, -84, -16, -49, -9, -44, 2, -41, 12, -37, 12, -26, 4, -10, -7, 3, -21, 12, -40, 14, -66, 2, -82, -4, -94, -10, -119, -30, -128, -46, -128, -57, -128, -78, -128, -98, -128, -101, -128, -98, -128, -94, -128, -80, -128, -63, -128, -51, -128, -31, -128, -6, -128, 13]",esp32_2
CSI_DATA,200088,2025-07-23 16:40:47.349,0,walk,00:00:00:00:00:00,-61,11,0,0,0,0,0,0,0,0,0,-97,0,1,0,2234620663,0,14,0,0,0,104,0,"[0, 0, 44, 74, 33, 34, 30, -6, 28, -45, 27, -79, 31, -108, 41, -128, 54, -128, 66, -128, 73, -128, 75, -128, 76, -128, 76, -128, 71, -128, 59, -114, 43, -98, 27, -86, 9, -79, -10, -75, -29, -72, -44, -74, -55, -80, -62, -86, -64, -96, -61, -104, -43, 65, -50, 73, -58, 80, -67, 85, -76, 87, -83, 84, -84, 79, -78, 75, -67, 70, -51, 67, -31, 67, -7, 68, 20, 71, 48, 79, 75, 92, 96, 109, 115, 127, 127, 127, 127, 127, 127, 127, 127, 127, 127, 127, 127, 127, 127, 127, 120, 127, 107, 127]",esp32_1
CSI_DATA,99209,2025-07-23 16:40:47.351,0,walk,00:00:00:00:00:00,-75,11,0,0,0,0,0,0,0,0,0,-97,0,1,0,854721906,0,14,0,0,0,104,0,"[0, 0, -64, 127, -59, 127, -55, 127, -45, 108, -34, 69, -19, 31, 5, -7, 26, -57, 47, -109, 78, -128, 102, -128, 121, -128, 127, -128, 127, -128, 127, -128, 127, -128, 127, -128, 127, -128, 127, -128, 127, -128, 127, -128, 127, -128, 88, -125, 49, -112, 25, -102, -58, -34, -51, -42, -42, -49, -31, -50, -22, -46, -21, -36, -22, -23, -24, -8, -28, 7, -37, 17, -57, 25, -71, 36, -76, 49, -90, 57, -116, 62, -128, 63, -128, 65, -128, 72, -128, 78, -128, 82, -128, 88, -128, 97, -128, 114, -115, 127, -103, 127, -91, 127]",esp32_2
CSI_DATA,99210,2025-07-23 16:40:47.352,0,walk,00:00:00:00:00:00,-74,11,0,0,0,0,0,0,0,0,0,-97,0,1,0,854761205,0,14,0,0,0,104,0,"[0, 0, -128, -19, -121, -7, -84, 4, -50, 13, -19, 26, 17, 43, 61, 64, 105, 86, 127, 99, 127, 119, 127, 127, 127, 127, 127, 127, 127, 127, 127, 127, 127, 127, 127, 127, 127, 127, 127, 127, 127, 127, 127, 127, 127, 127, 123, 97, 122, 66, 118, 52, -15, -60, -7, -63, 0, -61, 5, -54, 10, -44, 7, -30, -6, -15, -26, -5, -44, -7, -64, -11, -88, -16, -109, -26, -125, -41, -128, -63, -128, -81, -128, -93, -128, -108, -128, -122, -128, -124, -128, -121, -128, -119, -128, -115, -128, -97, -128, -76, -128, -65, -128, -58]",esp32_2
CSI_DATA,99211,2025-07-23 16:40:47.362,0,walk,00:00:00:00:00:00,-73,11,0,0,0,0,0,0,0,0,0,-97,0,1,0,854806231,0,14,0,0,0,104,0,"[0, 0, 66, -75, 60, -73, 51, -65, 36, -54, 19, -46, 2, -41, -20, -31, -42, -21, -68, -19, -98, -19, -123, -21, -128, -25, -128, -32, -128, -42, -128, -50, -128, -56, -128, -65, -128, -71, -128, -69, -123, -64, -109, -55, -98, -42, -87, -28, -78, -15, -73, -8, 25, 7, 24, 13, 19, 20, 13, 24, 8, 24, 4, 21, 1, 13, 1, 4, 5, -4, 13, -15, 26, -28, 42, -35, 58, -36, 77, -36, 95, -36, 107, -32, 119, -28, 127, -25, 127, -22, 127, -20, 126, -21, 122, -21, 115, -28, 108, -38, 105, -43, 102, -50]",esp32_2
CSI_DATA,200090,2025-07-23 16:40:47.365,0,walk,00:00:00:00:00:00,-63,11,0,0,0,0,0,0,0,0,0,-97,0,1,0,2234706174,0,14,0,0,0,104,0,"[0, 0, 127, 107, 90, 80, 53, 48, 16, 9, -19, -29, -45, -69, -62, -108, -73, -128, -80, -128, -79, -128, -76, -128, -72, -128, -60, -128, -46, -128, -35, -128, -29, -128, -25, -128, -24, -128, -29, -128, -39, -106, -53, -87, -67, -73, -80, -64, -91, -63, -99, -64, -2, 75, -3, 91, -4, 110, -6, 127, -11, 127, -17, 127, -22, 127, -25, 127, -19, 127, -8, 127, 4, 127, 23, 117, 50, 108, 81, 100, 111, 93, 127, 88, 127, 89, 127, 94, 127, 98, 127, 104, 127, 112, 127, 124, 127, 127, 127, 127, 127, 127, 127, 127]",esp32_1
CSI_DATA,99212,2025-07-23 16:40:47.367,0,walk,00:00:00:00:00:00,-75,11,0,0,0,0,0,0,0,0,0,-97,0,1,0,854844057,0,14,0,0,0,104,0,"[0, 0, -128, 113, -127, 104, -93, 95, -62, 81, -29, 62, 11, 47, 54, 34, 99, 18, 127, 6, 127, 1, 127, -1, 127, 1, 127, 13, 127, 32, 127, 49, 127, 67, 127, 84, 127, 86, 127, 80, 127, 73, 127, 54, 127, 30, 127, 8, 127, -19, 120, -45, -47, -5, -46, -18, -47, -39, -42, -53, -33, -52, -21, -44, -9, -37, -5, -27, -11, -15, -14, -3, -19, 17, -36, 38, -60, 51, -89, 64, -118, 78, -128, 86, -128, 87, -128, 88, -128, 89, -128, 90, -128, 95, -128, 99, -128, 100, -128, 103, -128, 107, -128, 109]",esp32_2
CSI_DATA,200091,2025-07-23 16:40:47.371,0,walk,00:00:00:00:00:00,-63,11,0,0,0,0,0,0,0,0,0,-97,0,1,0,2234746612,0,14,0,0,0,104,0,"[0, 0, 56, -113, 36, -80, 12, -50, -13, -24, -42, -3, -71, 11, -100, 21, -127, 27, -128, 26, -128, 21, -128, 15, -128, 9, -128, 2, -128, -3, -128, -6, -128, -6, -122, -3, -109, 4, -100, 15, -90, 26, -85, 35, -85, 45, -85, 54, -89, 59, -94, 61, 58, -34, 67, -36, 77, -38, 87, -39, 95, -39, 100, -38, 101, -36, 98, -36, 93, -40, 86, -45, 77, -55, 65, -66, 56, -78, 49, -97, 40, -121, 30, -128, 26, -128, 27, -128, 30, -128, 37, -128, 45, -128, 55, -128, 65, -128, 74, -128, 81, -128, 85, -128]",esp32_1
CSI_DATA,99213,2025-07-23 16:40:47.373,0,walk,00:00:00:00:00:00,-75,11,0,0,0,0,0,0,0,0,0,-97,0,1,0,854878284,0,14,0,0,0,104,0,"[0, 0, -126, -104, -116, -83, -94, -54, -70, -23, -44, 5, -22, 33, -1, 68, 21, 109, 36, 127, 43, 127, 51, 127, 57, 127, 56, 127, 47, 127, 32, 127, 13, 127, -2, 127, -8, 127, -8, 127, -5, 127, 0, 127, 12, 127, 34, 126, 56, 105, 72, 87, -10, -45, 2, -52, 13, -56, 23, -51, 35, -40, 39, -28, 34, -21, 19, -16, 1, -15, -18, -26, -37, -36, -57, -44, -73, -63, -89, -85, -104, -108, -114, -128, -122, -128, -128, -128, -128, -128, -128, -128, -128, -128, -128, -128, -128, -128, -128, -128, -128, -128, -128, -128]",esp32_2
CSI_DATA,200092,2025-07-23 16:40:47.376,0,walk,00:00:00:00:00:00,-63,11,0,0,0,0,0,0,0,0,0,-97,0,1,0,2234765918,0,14,0,0,0,104,0,"[0, 0, 22, 122, 15, 80, 15, 36, 19, -3, 27, -38, 40, -71, 56, -99, 74, -122, 94, -128, 109, -128, 118, -128, 121, -128, 122, -124, 119, -119, 108, -106, 94, -94, 78, -87, 58, -85, 40, -86, 25, -87, 13, -90, 6, -96, 3, -102, 1, -109, 2, -114, -46, 60, -52, 65, -60, 70, -70, 75, -79, 80, -82, 82, -81, 82, -76, 81, -69, 80, -61, 79, -47, 80, -29, 85, -9, 91, 11, 100, 35, 115, 57, 127, 76, 127, 93, 127, 105, 127, 116, 127, 122, 127, 121, 127, 109, 127, 88, 127, 73, 127, 63, 127]",esp32_1
CSI_DATA,99214,2025-07-23 16:40:47.378,0,walk,00:00:00:00:00:00,-74,11,0,0,0,0,0,0,0,0,0,-97,0,1,0,854916733,0,14,0,0,0,104,0,"[0, 0, 83, 39, 76, 30, 68, 21, 53, 9, 36, -5, 20, -19, 1, -37, -19, -55, -36, -71, -50, -89, -62, -112, -69, -128, -72, -128, -71, -128, -66, -128, -58, -128, -49, -128, -37, -128, -28, -128, -26, -128, -25, -111, -27, -94, -35, -76, -45, -61, -51, -52, 5, 17, 2, 21, -3, 21, -6, 17, -8, 11, -8, 5, -2, 2, 7, 1, 19, 3, 34, 9, 46, 18, 55, 28, 66, 40, 75, 53, 79, 66, 83, 78, 88, 90, 90, 98, 88, 101, 88, 103, 90, 103, 90, 101, 93, 95, 95, 84, 94, 71, 93, 62]",esp32_2
CSI_DATA,200093,2025-07-23 16:40:47.382,0,walk,00:00:00:00:00:00,-63,11,0,0,0,0,0,0,0,0,0,-97,0,1,0,2234791687,0,14,0,0,0,104,0,"[0, 0, -67, -91, -47, -56, -31, -21, -16, 18, -6, 54, -4, 86, -7, 113, -14, 127, -22, 127, -29, 127, -36, 127, -42, 127, -48, 127, -51, 127, -49, 127, -43, 120, -33, 106, -19, 93, -3, 82, 13, 74, 29, 70, 39, 70, 47, 73, 53, 80, 55, 85, 19, -73, 26, -83, 31, -94, 36, -103, 44, -108, 52, -109, 55, -106, 53, -103, 45, -98, 33, -94, 18, -89, -1, -82, -26, -79, -53, -83, -79, -89, -104, -96, -128, -107, -128, -119, -128, -128, -128, -128, -128, -128, -128, -128, -128, -128, -128, -128, -128, -128, -128, -128]",esp32_1
CSI_DATA,99215,2025-07-23 16:40:47.383,0,walk,00:00:00:00:00:00,-77,11,0,0,0,0,0,0,0,0,0,-97,0,1,0,854940648,0,14,0,0,0,104,0,"[0, 0, 127, 15, 127, 3, 127, -8, 103, -11, 80, -24, 53, -44, 23, -69, -8, -103, -41, -128, -61, -128, -76, -128, -94, -128, -94, -128, -81, -128, -69, -128, -47, -128, -27, -128, -15, -128, -5, -128, -2, -128, -11, -128, -31, -128, -58, -128, -88, -128, -108, -128, 28, 10, 23, 17, 17, 25, 13, 27, 12, 23, 7, 16, 1, 12, 6, 6, 28, -8, 57, -14, 77, -10, 100, -4, 124, 8, 127, 20, 127, 30, 127, 38, 127, 39, 127, 47, 127, 60, 127, 61, 127, 60, 127, 58, 127, 44, 127, 30, 127, 28, 127, 34]",esp32_2
CSI_DATA,200094,2025-07-23 16:40:47.387,0,walk,00:00:00:00:00:00,-62,11,0,0,0,0,0,0,0,0,0,-97,0,1,0,2234826609,0,14,0,0,0,104,0,"[0, 0, 41, 115, 31, 77, 25, 35, 21, -7, 24, -45, 30, -77, 41, -103, 51, -121, 56, -128, 60, -128, 68, -128, 74, -128, 82, -128, 86, -128, 80, -124, 66, -110, 54, -100, 41, -93, 26, -88, 9, -85, -6, -83, -18, -83, -29, -87, -32, -97, -32, -105, -31, 63, -36, 74, -45, 83, -57, 93, -68, 100, -79, 102, -85, 98, -85, 93, -77, 87, -60, 81, -43, 80, -24, 79, 1, 80, 29, 87, 53, 97, 75, 112, 98, 127, 120, 127, 127, 127, 127, 127, 127, 127, 127, 127, 127, 127, 127, 127, 127, 127, 115, 127]",esp32_1
CSI_DATA,99216,2025-07-23 16:40:47.389,0,walk,00:00:00:00:00:00,-73,11,0,0,0,0,0,0,0,0,0,-97,0,1,0,854966363,0,14,0,0,0,104,0,"[0, 0, -128, 127, -116, 127, -89, 117, -51, 87, -13, 55, 25, 30, 70, 19, 114, 11, 127, 5, 127, 5, 127, 11, 127, 30, 127, 61, 127, 82, 127, 92, 127, 104, 127, 110, 127, 106, 127, 95, 127, 78, 127, 55, 120, 29, 116, 3, 115, -27, 120, -47, -43, 14, -39, 10, -40, 6, -44, -1, -45, -3, -50, 11, -50, 26, -39, 33, -33, 41, -38, 51, -47, 61, -60, 76, -75, 90, -87, 101, -99, 115, -110, 127, -120, 127, -128, 127, -128, 127, -128, 127, -128, 127, -128, 127, -128, 127, -128, 127, -128, 127, -128, 127]",esp32_2
CSI_DATA,200095,2025-07-23 16:40:47.392,0,walk,00:00:00:00:00:00,-62,11,0,0,0,0,0,0,0,0,0,-97,0,1,0,2234862894,0,14,0,0,0,104,0,"[0, 0, 34, -114, 17, -81, -2, -49, -23, -22, -46, 1, -71, 19, -98, 31, -124, 39, -128, 43, -128, 41, -128, 35, -128, 29, -128, 25, -128, 21, -128, 17, -125, 18, -109, 22, -95, 29, -83, 38, -74, 48, -68, 57, -65, 66, -66, 74, -71, 79, -76, 81, 51, -38, 60, -42, 70, -45, 81, -46, 93, -47, 102, -46, 104, -42, 102, -39, 97, -38, 88, -42, 74, -52, 58, -62, 43, -73, 29, -90, 18, -113, 8, -128, 2, -128, 0, -128, 1, -128, 6, -128, 14, -128, 24, -128, 35, -128, 43, -128, 49, -128, 53, -128]",esp32_1
CSI_DATA,99217,2025-07-23 16:40:47.394,0,walk,00:00:00:00:00:00,-74,11,0,0,0,0,0,0,0,0,0,-97,0,1,0,855001052,0,14,0,0,0,104,0,"[0, 0, 97, 90, 76, 81, 53, 65, 29, 43, 5, 22, -18, -2, -40, -31, -63, -59, -82, -84, -94, -108, -101, -128, -107, -128, -113, -128, -110, -128, -97, -128, -81, -128, -69, -128, -62, -128, -56, -117, -55, -90, -56, -62, -54, -39, -56, -19, -66, 3, -76, 19, -11, 30, -11, 31, -12, 30, -11, 29, -12, 29, -12, 27, -8, 28, -5, 33, -3, 40, 5, 45, 12, 48, 17, 51, 25, 55, 33, 64, 41, 71, 50, 77, 61, 86, 72, 90, 84, 93, 92, 99, 98, 105, 109, 109, 122, 110, 127, 109, 127, 108, 127, 106]",esp32_2
CSI_DATA,99218,2025-07-23 16:40:47.399,0,walk,00:00:00:00:00:00,-75,11,0,0,0,0,0,0,0,0,0,-97,0,1,0,855037857,0,14,0,0,0,104,0,"[0, 0, 105, -128, 95, -120, 88, -82, 69, -47, 39, -6, 22, 42, 10, 88, -11, 127, -33, 127, -46, 127, -57, 127, -80, 127, -110, 127, -128, 127, -128, 127, -128, 127, -128, 127, -117, 127, -101, 127, -82, 127, -53, 126, -13, 97, 28, 78, 64, 62, 82, 50, 41, 32, 37, 25, 33, 17, 28, 12, 26, 8, 27, 6, 34, 3, 50, -6, 64, -20, 72, -32, 80, -37, 85, -40, 94, -44, 111, -47, 127, -51, 127, -56, 127, -67, 127, -81, 127, -91, 127, -99, 127, -112, 127, -128, 127, -128, 127, -128, 127, -128, 124, -128]",esp32_2
CSI_DATA,99219,2025-07-23 16:40:47.404,0,walk,00:00:00:00:00:00,-74,11,0,0,0,0,0,0,0,0,0,-97,0,1,0,855076319,0,14,0,0,0,104,0,"[0, 0, -58, -116, -44, -100, -22, -78, -7, -56, 4, -27, 22, 7, 44, 39, 57, 70, 70, 100, 83, 127, 89, 127, 94, 127, 98, 127, 98, 127, 95, 127, 84, 127, 70, 127, 60, 127, 51, 127, 41, 127, 37, 104, 42, 78, 48, 48, 54, 19, 60, 2, 24, -14, 23, -9, 21, -6, 17, -10, 14, -18, 11, -21, 9, -22, 9, -32, 11, -45, 16, -55, 20, -65, 24, -74, 28, -83, 31, -90, 33, -93, 33, -97, 32, -104, 27, -110, 21, -111, 15, -112, 7, -118, -8, -124, -25, -127, -41, -128, -52, -128, -60, -128]",esp32_2
CSI_DATA,200096,2025-07-23 16:40:47.407,0,walk,00:00:00:00:00:00,-62,11,0,0,0,0,0,0,0,0,0,-97,0,1,0,2234898595,0,14,0,0,0,104,0,"[0, 0, 54, 105, 40, 55, 35, 5, 38, -41, 47, -79, 60, -112, 79, -128, 96, -128, 100, -128, 101, -128, 109, -128, 121, -128, 127, -128, 122, -128, 106, -116, 82, -100, 60, -90, 41, -86, 22, -86, 2, -91, -15, -97, -32, -100, -43, -110, -44, -128, -40, -128, -26, 82, -33, 92, -42, 102, -52, 111, -62, 117, -71, 114, -78, 106, -78, 102, -66, 96, -43, 89, -18, 88, 6, 86, 36, 84, 69, 93, 96, 107, 119, 123, 127, 127, 127, 127, 127, 127, 127, 127, 127, 127, 127, 127, 127, 127, 127, 127, 127, 127, 127, 127]",esp32_1
CSI_DATA,99220,2025-07-23 16:40:47.411,0,walk,00:00:00:00:00:00,-74,11,0,0,0,0,0,0,0,0,0,-97,0,1,0,855124293,0,14,0,0,0,104,0,"[0, 0, 127, -44, 127, -33, 118, -16, 69, 1, 14, 19, -46, 34, -102, 54, -128, 72, -128, 80, -128, 84, -128, 86, -128, 83, -128, 72, -128, 55, -128, 39, -128, 25, -128, 13, -128, 4, -128, 2, -128, 7, -128, 10, -118, 19, -71, 42, -37, 69, -16, 87, 16, 34, 9, 36, 4, 41, -2, 48, 2, 51, 13, 45, 26, 46, 39, 54, 46, 59, 52, 62, 68, 67, 79, 78, 86, 93, 96, 103, 112, 105, 124, 99, 127, 88, 127, 78, 127, 70, 127, 58, 127, 39, 127, 13, 127, -16, 127, -39, 127, -49, 127, -51]",esp32_2
CSI_DATA,99221,2025-07-23 16:40:47.414,0,walk,00:00:00:00:00:00,-74,11,0,0,0,0,0,0,0,0,0,-97,0,1,0,855151990,0,14,0,0,0,104,0,"[0, 0, -128, 45, -122, 33, -83, 11, -36, -12, 9, -29, 54, -49, 108, -68, 127, -85, 127, -97, 127, -105, 127, -110, 127, -111, 127, -107, 127, -98, 127, -81, 127, -63, 127, -45, 127, -30, 127, -25, 127, -28, 127, -37, 108, -51, 67, -63, 33, -76, 8, -89, -34, -48, -25, -51, -17, -53, -16, -56, -17, -58, -16, -56, -18, -52, -30, -55, -41, -58, -51, -53, -66, -43, -81, -41, -92, -48, -105, -53, -121, -49, -128, -44, -128, -45, -128, -41, -128, -27, -128, -11, -128, 1, -128, 19, -128, 40, -128, 58, -128, 73, -128, 79]",esp32_2
CSI_DATA,99222,2025-07-23 16:40:47.421,0,walk,00:00:00:00:00:00,-73,11,0,0,0,0,0,0,0,0,0,-97,0,1,0,855174842,0,14,0,0,0,104,0,"[0, 0, -74, 47, -57, 33, -38, 21, -14, 11, 14, -3, 44, -17, 75, -26, 106, -35, 127, -42, 127, -43, 127, -44, 127, -42, 127, -32, 127, -24, 127, -18, 127, -9, 127, 2, 127, 8, 127, 7, 122, 5, 99, -1, 77, -15, 58, -31, 44, -45, 34, -56, -34, -20, -33, -25, -32, -30, -29, -33, -24, -35, -20, -31, -21, -26, -25, -21, -31, -15, -36, -11, -43, -9, -51, -7, -59, -1, -71, 2, -80, 3, -88, 6, -98, 11, -104, 16, -104, 21, -104, 28, -105, 36, -107, 40, -110, 47, -109, 58, -108, 66, -109, 65]",esp32_2
CSI_DATA,99223,2025-07-23 16:40:47.427,0,walk,00:00:00:00:00:00,-73,11,0,0,0,0,0,0,0,0,0,-97,0,1,0,855209000,0,14,0,0,0,104,0,"[0, 0, -92, 106, -74, 83, -47, 55, -25, 16, 0, -24, 29, -54, 59, -87, 89, -128, 127, -128, 127, -128, 127, -128, 127, -128, 127, -128, 127, -128, 127, -128, 127, -128, 127, -128, 127, -128, 127, -118, 127, -103, 126, -96, 85, -89, 49, -84, 17, -86, 0, -89, -65, -21, -63, -26, -63, -28, -64, -31, -63, -40, -61, -40, -65, -31, -71, -26, -75, -19, -83, -10, -96, -3, -104, 4, -107, 11, -119, 17, -128, 21, -128, 28, -128, 38, -128, 50, -128, 66, -128, 79, -128, 89, -128, 102, -128, 115, -128, 127, -124, 127, -111, 127]",esp32_2
CSI_DATA,99226,2025-07-23 16:40:47.446,0,walk,00:00:00:00:00:00,-76,11,0,0,0,0,0,0,0,0,0,-97,0,1,0,855328732,0,14,0,0,0,104,0,"[0, 0, 28, -128, 32, -128, 35, -110, 30, -73, 25, -28, 33, 16, 40, 65, 35, 121, 31, 127, 29, 127, 13, 127, 0, 127, -3, 127, -14, 127, -28, 127, -33, 127, -37, 127, -39, 127, -34, 127, -22, 127, -3, 127, 24, 110, 53, 71, 76, 42, 86, 24, 24, -7, 25, -18, 19, -22, 8, -25, 5, -38, 15, -44, 27, -52, 38, -72, 49, -83, 66, -85, 86, -95, 100, -102, 106, -99, 111, -100, 115, -99, 119, -95, 121, -99, 114, -106, 106, -114, 102, -128, 90, -128, 74, -128, 64, -128, 48, -128, 26, -128, 14, -128]",esp32_2
CSI_DATA,99227,2025-07-23 16:40:47.453,0,walk,00:00:00:00:00:00,-74,11,0,0,0,0,0,0,0,0,0,-97,0,1,0,855357063,0,14,0,0,0,104,0,"[0, 0, -63, 127, -42, 101, -18, 70, 3, 30, 18, -13, 41, -55, 75, -95, 110, -128, 127, -128, 127, -128, 127, -128, 127, -128, 127, -128, 127, -128, 127, -128, 127, -128, 127, -128, 127, -128, 127, -120, 127, -105, 100, -87, 57, -79, 15, -82, -24, -92, -53, -104, -50, -35, -43, -33, -33, -30, -20, -20, -8, -1, -6, 19, -15, 35, -25, 55, -36, 78, -55, 94, -78, 107, -94, 122, -110, 127, -128, 126, -128, 124, -128, 121, -128, 118, -128, 121, -128, 127, -128, 127, -128, 127, -128, 127, -128, 127, -128, 127, -112, 127, -100, 127]",esp32_2
CSI_DATA,99228,2025-07-23 16:40:47.458,0,walk,00:00:00:00:00:00,-75,11,0,0,0,0,0,0,0,0,0,-97,0,1,0,855388869,0,14,0,0,0,104,0,"[0, 0, 78, -115, 59, -77, 36, -39, 15, 0, -6, 44, -29, 81, -50, 119, -76, 127, -110, 127, -128, 127, -128, 127, -128, 127, -128, 127, -128, 127, -128, 127, -128, 127, -128, 127, -128, 127, -111, 127, -69, 114, -32, 88, 2, 64, 37, 44, 73, 29, 99, 21, -5, 57, -13, 53, -20, 41, -22, 26, -23, 14, -19, 1, -15, -19, -6, -37, 11, -52, 31, -63, 52, -66, 70, -68, 92, -71, 116, -76, 127, -75, 127, -79, 127, -89, 127, -94, 127, -98, 127, -106, 127, -121, 127, -128, 127, -128, 127, -128, 127, -128, 116, -128]",esp32_2
CSI_DATA,99229,2025-07-23 16:40:47.458,0,walk,00:00:00:00:00:00,-75,11,0,0,0,0,0,0,0,0,0,-97,0,1,0,855413847,0,14,0,0,0,104,0,"[0, 0, 41, -55, 22, -25, -5, 3, -32, 25, -62, 57, -88, 93, -113, 127, -128, 127, -128, 127, -128, 127, -128, 127, -128, 127, -128, 127, -128, 127, -128, 127, -128, 127, -128, 127, -128, 118, -124, 100, -90, 74, -50, 59, -7, 47, 33, 34, 64, 33, 88, 42, -3, 101, -8, 93, -11, 79, -9, 63, -4, 40, 2, 9, 14, -11, 36, -27, 60, -46, 87, -66, 114, -87, 127, -90, 127, -81, 127, -86, 127, -98, 127, -100, 127, -103, 127, -108, 127, -103, 127, -100, 127, -111, 127, -122, 127, -116, 127, -97, 127, -92, 126, -102]",esp32_2
CSI_DATA,99230,2025-07-23 16:40:47.472,0,walk,00:00:00:00:00:00,-76,11,0,0,0,0,0,0,0,0,0,-97,0,1,0,855439218,0,14,0,0,0,104,0,"[0, 0, -21, 39, -7, 5, 10, -31, 28, -63, 43, -95, 56, -128, 77, -128, 94, -128, 103, -128, 114, -128, 126, -128, 127, -128, 127, -128, 127, -128, 127, -128, 127, -128, 127, -128, 121, -128, 102, -128, 76, -128, 39, -97, 4, -67, -28, -40, -61, -22, -85, -15, -22, -107, -14, -97, -7, -77, -3, -56, -2, -37, -4, -18, -15, 0, -27, 24, -33, 54, -51, 76, -80, 87, -97, 99, -110, 111, -128, 113, -128, 117, -128, 125, -128, 126, -128, 122, -128, 120, -128, 125, -128, 127, -128, 127, -117, 127, -112, 123, -95, 119, -70, 121]",esp32_2
CSI_DATA,200098,2025-07-23 16:40:47.490,0,walk,00:00:00:00:00:00,-62,11,0,0,0,0,0,0,0,0,0,-97,0,1,0,2234982671,0,14,0,0,0,104,0,"[0, 0, 65, 105, 47, 68, 37, 29, 30, -12, 28, -49, 31, -84, 41, -114, 55, -128, 69, -128, 80, -128, 89, -128, 95, -128, 98, -128, 98, -128, 89, -124, 77, -111, 63, -101, 47, -98, 30, -96, 15, -96, 3, -99, -4, -105, -6, -112, -3, -120, 1, -125, -6, 73, -7, 83, -9, 93, -14, 101, -20, 108, -23, 109, -24, 107, -20, 104, -10, 99, 4, 93, 21, 93, 41, 92, 64, 92, 88, 97, 110, 106, 127, 117, 127, 127, 127, 127, 127, 127, 127, 127, 127, 127, 127, 127, 127, 127, 127, 127, 127, 127, 127, 127]",esp32_1
CSI_DATA,99231,2025-07-23 16:40:47.490,0,walk,00:00:00:00:00:00,-76,11,0,0,0,0,0,0,0,0,0,-97,0,1,0,855476527,0,14,0,0,0,104,0,"[0, 0, -54, -58, -12, -60, 38, -62, 79, -69, 116, -75, 127, -80, 127, -91, 127, -103, 127, -117, 127, -124, 127, -123, 127, -120, 127, -114, 127, -113, 127, -108, 127, -95, 127, -86, 127, -81, 127, -69, 119, -54, 76, -46, 31, -39, -15, -31, -53, -27, -75, -27, 71, -7, 67, -4, 57, -2, 35, -3, 17, -10, 4, -22, -11, -35, -26, -41, -39, -50, -54, -65, -65, -72, -70, -83, -77, -99, -86, -107, -95, -108, -107, -107, -118, -110, -123, -111, -123, -105, -122, -100, -125, -90, -128, -74, -128, -64, -128, -62, -113, -60, -106, -59]",esp32_2
CSI_DATA,200099,2025-07-23 16:40:47.519,0,walk,00:00:00:00:00:00,-62,11,0,0,0,0,0,0,0,0,0,-97,0,1,0,2235007411,0,14,0,0,0,104,0,"[0, 0, -73, -77, -49, -39, -30, -3, -17, 36, -10, 74, -11, 110, -17, 127, -24, 127, -33, 127, -42, 127, -50, 127, -58, 127, -63, 127, -65, 127, -61, 127, -50, 123, -37, 107, -23, 95, -8, 87, 9, 83, 27, 84, 41, 88, 48, 93, 49, 101, 46, 108, -7, -74, -5, -84, -4, -97, -2, -109, 4, -116, 12, -116, 16, -115, 17, -114, 10, -110, -3, -105, -20, -99, -39, -91, -60, -83, -83, -81, -106, -82, -128, -86, -128, -94, -128, -104, -128, -115, -128, -128, -128, -128, -128, -128, -128, -128, -128, -128, -128, -128, -128, -128]",esp32_1
CSI_DATA,99232,2025-07-23 16:40:47.519,0,walk,00:00:00:00:00:00,-76,11,0,0,0,0,0,0,0,0,0,-97,0,1,0,855511454,0,14,0,0,0,104,0,"[0, 0, -74, -112, -50, -106, -23, -104, 20, -96, 69, -91, 113, -88, 127, -80, 127, -71, 127, -64, 127, -62, 127, -65, 127, -67, 127, -68, 127, -67, 127, -60, 127, -53, 127, -49, 127, -46, 127, -53, 127, -59, 127, -55, 89, -52, 38, -49, -8, -48, -44, -51, 56, 14, 47, 9, 37, -1, 31, -17, 27, -31, 27, -40, 27, -59, 24, -85, 24, -99, 28, -105, 28, -113, 32, -127, 41, -128, 44, -128, 39, -127, 31, -123, 27, -122, 27, -128, 13, -128, -8, -128, -19, -126, -29, -121, -48, -125, -68, -123, -84, -118, -101, -121]",esp32_2
CSI_DATA,99233,2025-07-23 16:40:47.539,0,walk,00:00:00:00:00:00,-77,11,0,0,0,0,0,0,0,0,0,-97,0,1,0,855548284,0,14,0,0,0,104,0,"[0, 0, 58, 120, 38, 98, 24, 69, 6, 37, -30, 9, -67, -30, -83, -78, -100, -117, -128, -128, -128, -128, -128, -128, -128, -128, -128, -128, -128, -128, -128, -128, -128, -128, -128, -128, -128, -128, -119, -128, -109, -128, -104, -128, -101, -91, -103, -44, -112, -2, -128, 25, -37, 21, -27, 20, -17, 18, -4, 31, 13, 49, 27, 57, 37, 68, 42, 85, 34, 102, 20, 125, 12, 127, 7, 127, -3, 127, -17, 127, -23, 127, -27, 127, -37, 127, -46, 127, -52, 127, -43, 127, -28, 127, -12, 127, 11, 127, 33, 127, 48, 127, 53, 127]",esp32_2
CSI_DATA,200100,2025-07-23 16:40:47.545,0,walk,00:00:00:00:00:00,-63,11,0,0,0,0,0,0,0,0,0,-97,0,1,0,2235044663,0,14,0,0,0,104,0,"[0, 0, -49, 88, -33, 44, -11, 8, 10, -26, 30, -60, 57, -87, 83, -109, 110, -128, 127, -128, 127, -128, 127, -128, 127, -120, 127, -109, 127, -98, 127, -83, 118, -72, 94, -63, 70, -56, 46, -58, 23, -63, 3, -70, -13, -81, -22, -91, -26, -100, -24, -106, -66, 2, -78, -1, -92, -6, -103, -10, -112, -13, -118, -14, -123, -16, -123, -15, -118, -9, -115, -2, -109, 8, -98, 23, -86, 40, -76, 58, -68, 82, -62, 111, -58, 127, -53, 127, -47, 127, -46, 127, -47, 127, -48, 127, -55, 127, -61, 127, -64, 127, -68, 127]",esp32_1
CSI_DATA,99234,2025-07-23 16:40:47.560,0,walk,00:00:00:00:00:00,-76,11,0,0,0,0,0,0,0,0,0,-97,0,1,0,855595837,0,14,0,0,0,104,0,"[0, 0, -128, 46, -122, 34, -80, 11, -38, -2, 9, -4, 53, -7, 97, -17, 127, -29, 127, -37, 127, -38, 127, -37, 127, -39, 127, -39, 127, -27, 127, -13, 127, -4, 127, 3, 127, 4, 127, -2, 127, -20, 127, -41, 111, -53, 77, -69, 50, -99, 35, -123, 2, -42, -2, -25, -4, -7, -4, 9, -11, 26, -34, 43, -57, 49, -72, 52, -89, 54, -107, 51, -125, 45, -128, 26, -128, 2, -128, -15, -128, -33, -128, -54, -128, -69, -128, -71, -128, -69, -128, -67, -128, -56, -128, -39, -128, -26, -128, -10, -128, 9, -128, 21]",esp32_2
CSI_DATA,200101,2025-07-23 16:40:47.584,0,walk,00:00:00:00:00:00,-62,11,0,0,0,0,0,0,0,0,0,-97,0,1,0,2235067947,0,14,0,0,0,104,0,"[0, 0, 127, -57, 96, -37, 53, -22, 7, -17, -38, -17, -79, -19, -118, -24, -128, -32, -128, -46, -128, -65, -128, -83, -128, -97, -128, -105, -128, -109, -128, -107, -128, -98, -128, -84, -115, -68, -107, -50, -102, -31, -103, -15, -107, -1, -112, 9, -120, 12, -125, 11, 65, 11, 76, 14, 90, 20, 104, 28, 115, 33, 119, 36, 120, 38, 122, 36, 125, 33, 127, 26, 126, 12, 126, -5, 127, -21, 127, -41, 127, -65, 127, -89, 127, -112, 127, -128, 127, -128, 127, -128, 127, -128, 127, -128, 127, -128, 127, -128, 127, -128, 127, -125]",esp32_1
CSI_DATA,99235,2025-07-23 16:40:47.584,0,walk,00:00:00:00:00:00,-76,11,0,0,0,0,0,0,0,0,0,-97,0,1,0,855620740,0,14,0,0,0,104,0,"[0, 0, 97, -98, 88, -83, 68, -60, 47, -30, 27, 10, -4, 59, -42, 102, -75, 127, -101, 127, -128, 127, -128, 127, -128, 127, -128, 127, -128, 127, -128, 127, -128, 127, -128, 127, -128, 127, -128, 127, -112, 127, -70, 127, -30, 104, 5, 87, 44, 76, 77, 72, 21, 8, 14, 2, 11, -12, 11, -29, 20, -41, 36, -51, 50, -56, 64, -57, 70, -58, 79, -60, 100, -55, 110, -44, 115, -35, 127, -19, 127, -5, 127, 2, 127, 5, 127, -1, 127, -4, 127, -4, 127, -13, 127, -32, 127, -55, 127, -75, 127, -85, 127, -80]",esp32_2
CSI_DATA,99236,2025-07-23 16:40:47.605,0,walk,00:00:00:00:00:00,-77,11,0,0,0,0,0,0,0,0,0,-97,0,1,0,855656343,0,14,0,0,0,104,0,"[0, 0, -78, 127, -76, 127, -67, 127, -65, 98, -59, 67, -59, 24, -73, -27, -78, -76, -77, -127, -91, -128, -108, -128, -121, -128, -128, -128, -125, -128, -121, -128, -121, -128, -112, -128, -109, -128, -114, -128, -112, -128, -108, -128, -103, -127, -93, -72, -90, -24, -91, 13, -31, 2, -39, 18, -53, 39, -60, 59, -66, 78, -75, 87, -78, 89, -83, 83, -95, 77, -102, 73, -105, 53, -110, 38, -115, 30, -118, 1, -112, -26, -105, -35, -108, -41, -114, -41, -115, -34, -113, -27, -108, -14, -102, 12, -99, 41, -99, 70, -92, 97, -80, 114]",esp32_2
CSI_DATA,200102,2025-07-23 16:40:47.611,0,walk,00:00:00:00:00:00,-62,11,0,0,0,0,0,0,0,0,0,-97,0,1,0,2235103470,0,14,0,0,0,104,0,"[0, 0, 81, 81, 53, 54, 29, 23, 6, -12, -12, -48, -22, -83, -24, -116, -22, -128, -18, -128, -13, -128, -6, -128, 2, -128, 13, -128, 23, -128, 25, -128, 22, -128, 17, -128, 9, -118, -3, -106, -17, -96, -31, -92, -43, -91, -50, -91, -54, -95, -54, -100, 15, 61, 16, 73, 17, 88, 16, 100, 13, 109, 8, 116, 4, 119, 4, 118, 9, 114, 19, 108, 30, 102, 45, 95, 65, 89, 86, 87, 106, 86, 125, 85, 127, 89, 127, 94, 127, 100, 127, 108, 127, 116, 127, 123, 127, 127, 127, 127, 127, 127, 127, 127]",esp32_1
CSI_DATA,99237,2025-07-23 16:40:47.630,0,walk,00:00:00:00:00:00,-77,11,0,0,0,0,0,0,0,0,0,-97,0,1,0,855693497,0,14,0,0,0,104,0,"[0, 0, 39, -128, 35, -128, 38, -128, 45, -128, 54, -106, 66, -80, 87, -48, 113, -7, 127, 36, 127, 78, 127, 114, 127, 127, 127, 127, 127, 127, 127, 127, 127, 127, 127, 127, 127, 127, 127, 127, 127, 127, 127, 90, 127, 50, 127, 18, 99, -8, 69, -36, 63, 3, 73, -7, 88, -21, 103, -38, 117, -47, 127, -46, 127, -50, 127, -53, 127, -52, 120, -48, 111, -35, 90, -20, 65, -3, 54, 19, 45, 40, 29, 59, 17, 76, 18, 89, 22, 95, 27, 93, 25, 82, 17, 62, 20, 28, 23, -9, 21, -42, 21, -66]",esp32_2
CSI_DATA,200103,2025-07-23 16:40:47.640,0,walk,00:00:00:00:00:00,-62,11,0,0,0,0,0,0,0,0,0,-97,0,1,0,2235128168,0,14,0,0,0,104,0,"[0, 0, -68, 90, -42, 63, -12, 39, 16, 24, 45, 13, 74, 5, 101, 1, 123, 1, 127, 3, 127, 8, 127, 13, 127, 17, 127, 20, 127, 20, 127, 19, 126, 15, 117, 6, 110, -5, 104, -15, 101, -25, 102, -31, 105, -36, 108, -39, 112, -37, 115, -34, -61, 28, -70, 28, -82, 25, -92, 23, -98, 21, -101, 19, -98, 19, -93, 21, -87, 26, -80, 35, -71, 49, -62, 64, -57, 81, -55, 102, -54, 127, -55, 127, -59, 127, -67, 127, -75, 127, -85, 127, -95, 127, -106, 127, -115, 127, -117, 127, -116, 127, -115, 127]",esp32_1
CSI_DATA,99238,2025-07-23 16:40:47.652,0,walk,00:00:00:00:00:00,-77,11,0,0,0,0,0,0,0,0,0,-97,0,1,0,855717853,0,14,0,0,0,104,0,"[0, 0, -128, 51, -128, 52, -128, 47, -128, 33, -127, 12, -108, -19, -94, -58, -83, -102, -78, -128, -75, -128, -73, -128, -70, -128, -64, -128, -58, -128, -57, -128, -67, -128, -77, -128, -80, -128, -81, -128, -87, -128, -88, -128, -76, -128, -67, -97, -64, -47, -55, -8, 20, -82, 16, -95, -12, -110, -44, -123, -61, -128, -71, -128, -84, -128, -94, -128, -93, -128, -86, -120, -75, -108, -54, -84, -32, -60, -14, -43, 10, -29, 32, -19, 42, -9, 52, -1, 66, 2, 69, 6, 61, 12, 51, 17, 31, 18, 3, 18, -20, 26, -38, 38]",esp32_2
CSI_DATA,99239,2025-07-23 16:40:47.673,0,walk,00:00:00:00:00:00,-78,11,0,0,0,0,0,0,0,0,0,-97,0,1,0,855743837,0,14,0,0,0,104,0,"[0, 0, -122, 93, -128, 94, -128, 85, -128, 59, -128, 32, -114, 4, -99, -34, -87, -75, -87, -118, -88, -128, -87, -128, -94, -128, -94, -128, -89, -128, -96, -128, -106, -128, -106, -128, -102, -128, -101, -128, -98, -128, -91, -128, -82, -128, -69, -80, -54, -31, -43, -4, 0, -73, -18, -92, -41, -107, -58, -111, -77, -120, -106, -128, -126, -128, -128, -120, -128, -111, -128, -107, -128, -90, -104, -68, -75, -51, -54, -38, -32, -27, -8, -17, 13, -8, 31, -6, 43, -4, 45, 5, 41, 11, 30, 20, 11, 33, -14, 42, -36, 56, -47, 71]",esp32_2
CSI_DATA,99240,2025-07-23 16:40:47.694,0,walk,00:00:00:00:00:00,-78,11,0,0,0,0,0,0,0,0,0,-97,0,1,0,855780422,0,14,0,0,0,104,0,"[0, 0, -40, 118, -63, 110, -74, 107, -74, 96, -85, 73, -109, 43, -128, 18, -128, -4, -128, -37, -128, -67, -128, -93, -128, -119, -128, -128, -128, -128, -128, -128, -128, -128, -128, -128, -128, -128, -128, -128, -128, -113, -128, -94, -100, -61, -54, -23, -11, 4, 23, 19, -40, -91, -59, -86, -79, -80, -99, -73, -128, -60, -128, -44, -128, -25, -128, -3, -128, 17, -128, 42, -128, 65, -128, 80, -106, 85, -88, 79, -68, 70, -48, 57, -34, 49, -17, 47, 3, 38, 12, 33, 15, 32, 23, 36, 28, 47, 15, 55, 1, 68, 5, 88]",esp32_2
CSI_DATA,200105,2025-07-23 16:40:47.721,0,walk,00:00:00:00:00:00,-62,11,0,0,0,0,0,0,0,0,0,-97,0,1,0,2235211004,0,14,0,0,0,104,0,"[0, 0, 104, 23, 69, 2, 40, -23, 16, -53, -1, -83, -13, -108, -18, -128, -20, -128, -22, -128, -21, -128, -17, -128, -12, -128, -7, -128, -4, -128, -6, -128, -12, -128, -19, -121, -26, -113, -36, -105, -48, -100, -60, -100, -70, -101, -74, -104, -73, -111, -70, -119, 48, 47, 53, 56, 60, 67, 62, 78, 61, 88, 56, 93, 49, 90, 48, 85, 52, 74, 59, 59, 67, 44, 80, 28, 101, 14, 126, 2, 127, -7, 127, -11, 127, -11, 127, -10, 127, -5, 127, 5, 127, 17, 127, 28, 127, 36, 127, 40, 127, 47, 127, 54]",esp32_1
CSI_DATA,99241,2025-07-23 16:40:47.721,0,walk,00:00:00:00:00:00,-78,11,0,0,0,0,0,0,0,0,0,-97,0,1,0,855829843,0,14,0,0,0,104,0,"[0, 0, -128, -30, -128, -47, -128, -59, -128, -68, -128, -73, -113, -82, -84, -110, -59, -128, -39, -128, -16, -128, 3, -128, 11, -128, 8, -128, -2, -128, -8, -128, -5, -128, -11, -128, -23, -128, -23, -128, -18, -128, -10, -128, 4, -128, 14, -83, 27, -33, 43, -1, 55, 33, 69, 9, 84, -21, 91, -43, 90, -68, 82, -103, 69, -128, 51, -128, 33, -128, 17, -128, -4, -128, -22, -120, -27, -96, -31, -78, -39, -55, -41, -29, -39, -13, -40, 0, -41, 18, -35, 26, -37, 21, -51, 14, -65, 9, -78, 5, -102, -5, -123, -19]",esp32_2
CSI_DATA,99242,2025-07-23 16:40:47.740,0,walk,00:00:00:00:00:00,-77,11,0,0,0,0,0,0,0,0,0,-97,0,1,0,855876661,0,14,0,0,0,104,0,"[0, 0, 127, 54, 127, 53, 127, 56, 127, 63, 127, 75, 127, 91, 127, 119, 115, 127, 110, 127, 101, 127, 91, 127, 84, 127, 86, 127, 92, 127, 98, 127, 99, 127, 98, 127, 101, 127, 94, 127, 75, 127, 55, 127, 32, 121, 12, 83, -8, 47, -31, 16, -85, -13, -72, 2, -68, 34, -62, 62, -40, 88, -16, 115, 3, 127, 19, 127, 39, 127, 60, 118, 77, 101, 88, 73, 90, 36, 87, 6, 83, -18, 74, -31, 55, -37, 39, -53, 34, -72, 23, -69, 16, -54, 21, -47, 26, -33, 46, -9, 81, 10, 109, 25]",esp32_2
CSI_DATA,200106,2025-07-23 16:40:47.745,0,walk,00:00:00:00:00:00,-62,11,0,0,0,0,0,0,0,0,0,-97,0,1,0,2235836879,0,14,0,0,0,104,0,"[0, 0, 116, -61, 79, -44, 38, -32, -3, -28, -42, -28, -78, -32, -112, -41, -128, -55, -128, -71, -128, -88, -128, -105, -128, -116, -128, -118, -128, -116, -118, -109, -99, -95, -83, -77, -73, -56, -68, -33, -65, -11, -67, 8, -75, 22, -85, 31, -98, 36, -106, 36, 58, 22, 69, 28, 82, 36, 95, 44, 104, 51, 110, 56, 111, 58, 111, 59, 110, 58, 107, 54, 101, 41, 98, 25, 101, 8, 105, -15, 110, -42, 118, -68, 127, -92, 127, -113, 127, -128, 127, -128, 127, -128, 127, -128, 127, -128, 127, -128, 127, -128, 127, -121]",esp32_1
CSI_DATA,99243,2025-07-23 16:40:47.766,0,walk,00:00:00:00:00:00,-77,11,0,0,0,0,0,0,0,0,0,-97,0,1,0,855889693,0,14,0,0,0,104,0,"[0, 0, 127, -41, 127, -47, 127, -44, 127, -34, 127, -16, 127, 3, 127, 28, 127, 59, 127, 94, 127, 127, 127, 127, 127, 127, 127, 127, 127, 127, 127, 127, 127, 127, 127, 127, 127, 127, 127, 127, 127, 127, 121, 121, 87, 93, 46, 72, 15, 42, -10, 14, -52, 52, -35, 60, -14, 70, 7, 77, 37, 78, 68, 81, 87, 76, 104, 59, 116, 43, 114, 23, 112, 4, 109, -18, 90, -43, 60, -60, 33, -67, 15, -73, 3, -71, -10, -64, -24, -61, -33, -48, -33, -38, -19, -35, 6, -26, 36, -24, 66, -26, 84, -28]",esp32_2
CSI_DATA,200107,2025-07-23 16:40:47.780,0,walk,00:00:00:00:00:00,-62,11,0,0,0,0,0,0,0,0,0,-97,0,1,0,2235846767,0,14,0,0,0,104,0,"[0, 0, 84, 96, 58, 63, 40, 25, 24, -16, 12, -54, 6, -90, 10, -122, 20, -128, 31, -128, 41, -128, 51, -128, 61, -128, 72, -128, 79, -128, 77, -128, 69, -120, 57, -100, 40, -85, 20, -74, -1, -67, -23, -65, -40, -69, -50, -77, -53, -89, -54, -97, -5, 68, -4, 79, -5, 94, -8, 108, -14, 118, -20, 123, -24, 127, -25, 127, -21, 123, -14, 116, -5, 111, 12, 103, 34, 94, 57, 90, 79, 90, 102, 94, 127, 102, 127, 109, 127, 116, 127, 126, 127, 127, 127, 127, 127, 127, 127, 127, 127, 127, 127, 127]",esp32_1
CSI_DATA,99244,2025-07-23 16:40:47.789,0,walk,00:00:00:00:00:00,-77,11,0,0,0,0,0,0,0,0,0,-97,0,1,0,855916049,0,14,0,0,0,104,0,"[0, 0, -20, -128, -25, -128, -25, -128, -8, -128, 16, -128, 37, -128, 73, -128, 116, -128, 127, -128, 127, -126, 127, -128, 127, -128, 127, -128, 127, -128, 127, -128, 127, -128, 127, -127, 127, -113, 127, -101, 127, -92, 127, -84, 118, -65, 72, -39, 35, -8, 3, 17, 59, 26, 73, 14, 86, -15, 87, -50, 81, -72, 76, -83, 65, -99, 40, -117, 16, -128, -2, -128, -25, -116, -46, -96, -57, -74, -72, -45, -87, -13, -87, 13, -79, 36, -70, 60, -58, 68, -40, 60, -18, 49, -2, 32, -1, 6, 1, -27, 7, -66, 7, -101]",esp32_2
CSI_DATA,200108,2025-07-23 16:40:47.807,0,walk,00:00:00:00:00:00,-62,11,0,0,0,0,0,0,0,0,0,-97,0,1,0,2235856834,0,14,0,1,75,104,0,"[0, 0, 41, -118, 23, -80, 1, -44, -22, -13, -48, 12, -77, 33, -108, 48, -128, 58, -128, 60, -128, 57, -128, 49, -128, 39, -128, 27, -128, 16, -128, 9, -128, 4, -111, 4, -89, 10, -71, 22, -56, 35, -45, 50, -39, 65, -38, 79, -43, 91, -50, 98, 65, -34, 75, -36, 87, -39, 99, -43, 112, -45, 119, -42, 121, -38, 121, -37, 118, -37, 108, -41, 94, -50, 81, -61, 68, -73, 54, -90, 42, -114, 30, -128, 22, -128, 18, -128, 18, -128, 23, -128, 27, -128, 33, -128, 39, -128, 43, -128, 48, -128, 53, -128]",esp32_1
CSI_DATA,99245,2025-07-23 16:40:47.812,0,walk,00:00:00:00:00:00,-76,11,0,0,0,0,0,0,0,0,0,-97,0,1,0,855949656,0,14,0,0,0,104,0,"[0, 0, -128, 35, -128, 44, -128, 42, -128, 34, -128, 17, -128, -8, -128, -46, -128, -90, -125, -127, -117, -128, -111, -128, -108, -128, -105, -128, -104, -128, -103, -128, -96, -128, -91, -128, -90, -128, -86, -128, -78, -128, -65, -128, -46, -128, -27, -92, -10, -40, 5, -3, 1, -103, -19, -103, -41, -100, -62, -94, -88, -84, -107, -69, -117, -51, -120, -26, -108, 1, -91, 19, -70, 33, -38, 50, -7, 65, 18, 72, 41, 73, 63, 70, 79, 60, 89, 47, 92, 31, 83, 11, 63, -5, 40, -20, 7, -29, -43, -22, -93, -15, -123, -21]",esp32_2
CSI_DATA,200109,2025-07-23 16:40:47.834,0,walk,00:00:00:00:00:00,-63,11,0,0,0,0,0,0,0,0,0,-97,0,1,0,2235873256,0,14,0,1,75,104,0,"[0, 0, -22, -115, -16, -76, -16, -30, -26, 10, -42, 40, -54, 70, -72, 97, -91, 111, -101, 117, -116, 120, -128, 119, -128, 116, -128, 104, -128, 84, -128, 69, -107, 59, -84, 54, -64, 56, -41, 59, -24, 63, -14, 68, -4, 73, 1, 84, -1, 100, -5, 110, 39, -60, 46, -71, 54, -78, 64, -84, 73, -92, 80, -95, 79, -95, 79, -96, 75, -91, 61, -86, 47, -86, 33, -87, 18, -93, 0, -109, -23, -124, -44, -128, -60, -128, -74, -128, -87, -128, -98, -128, -102, -128, -96, -128, -88, -128, -79, -128, -70, -128, -63, -128]",esp32_1
CSI_DATA,99246,2025-07-23 16:40:47.838,0,walk,00:00:00:00:00:00,-76,11,0,0,0,0,0,0,0,0,0,-97,0,1,0,855975767,0,14,0,0,0,104,0,"[0, 0, -128, 127, -128, 127, -128, 127, -128, 127, -128, 127, -128, 105, -128, 55, -128, 8, -128, -37, -128, -87, -128, -128, -128, -128, -128, -128, -128, -128, -128, -128, -128, -128, -128, -128, -128, -128, -128, -128, -128, -128, -128, -128, -115, -102, -81, -61, -42, -26, -3, -6, -97, -64, -106, -43, -114, -25, -117, 1, -118, 28, -110, 41, -98, 53, -89, 68, -73, 77, -46, 79, -17, 77, 14, 76, 38, 66, 54, 45, 69, 22, 75, 1, 65, -17, 54, -30, 50, -39, 33, -46, -1, -44, -32, -25, -61, 2, -90, 32, -101, 72, -102, 107]",esp32_2
CSI_DATA,200110,2025-07-23 16:40:47.867,0,walk,00:00:00:00:00:00,-62,11,0,0,0,0,0,0,0,0,0,-97,0,1,0,2235876789,0,14,0,1,75,104,0,"[0, 0, 40, 107, 30, 67, 28, 28, 28, -11, 32, -47, 41, -81, 55, -110, 73, -128, 91, -128, 105, -128, 115, -128, 122, -128, 124, -128, 123, -116, 114, -100, 98, -85, 80, -74, 60, -69, 41, -67, 21, -69, 4, -76, -7, -83, -13, -91, -13, -102, -10, -111, -24, 68, -25, 78, -30, 89, -37, 100, -44, 109, -52, 113, -57, 114, -60, 113, -57, 109, -48, 105, -35, 104, -17, 101, 5, 99, 29, 102, 53, 110, 74, 124, 94, 127, 114, 127, 127, 127, 127, 127, 127, 127, 127, 127, 127, 127, 125, 127, 109, 127, 97, 127]",esp32_1
CSI_DATA,200111,2025-07-23 16:40:47.898,0,walk,00:00:00:00:00:00,-62,11,0,0,0,0,0,0,0,0,0,-97,0,1,0,2235886766,0,14,0,1,75,104,0,"[0, 0, 127, 9, 93, 0, 45, -16, 2, -43, -35, -71, -67, -100, -90, -128, -102, -128, -106, -128, -105, -128, -103, -128, -95, -128, -78, -128, -61, -128, -50, -128, -43, -128, -40, -127, -42, -102, -51, -78, -65, -57, -82, -42, -98, -33, -112, -31, -125, -37, -128, -46, 59, 59, 70, 70, 81, 87, 88, 103, 90, 118, 89, 127, 86, 127, 84, 127, 84, 125, 84, 110, 87, 93, 96, 73, 113, 51, 127, 29, 127, 7, 127, -14, 127, -32, 127, -43, 127, -48, 127, -47, 127, -44, 127, -39, 127, -30, 127, -19, 127, -6, 127, 9]",esp32_1
CSI_DATA,99248,2025-07-23 16:40:47.921,0,walk,00:00:00:00:00:00,-75,11,0,0,0,0,0,0,0,0,0,-97,0,1,0,856074873,0,14,0,0,0,104,0,"[0, 0, 127, 126, 127, 125, 127, 120, 127, 113, 123, 103, 90, 100, 51, 108, 9, 120, -32, 127, -73, 127, -118, 127, -128, 127, -128, 127, -128, 127, -128, 127, -128, 127, -128, 127, -128, 127, -128, 127, -128, 127, -122, 127, -96, 118, -68, 75, -45, 37, -30, 11, -69, 48, -66, 56, -57, 67, -41, 75, -26, 84, -7, 89, 15, 83, 25, 74, 26, 60, 27, 35, 34, 8, 38, -16, 30, -39, 17, -60, 2, -72, -16, -80, -33, -83, -48, -79, -57, -71, -54, -53, -46, -25, -35, 1, -15, 24, 14, 45, 49, 74, 78, 100]",esp32_2
CSI_DATA,99249,2025-07-23 16:40:47.952,0,walk,00:00:00:00:00:00,-75,11,0,0,0,0,0,0,0,0,0,-97,0,1,0,856115318,0,14,0,0,0,104,0,"[0, 0, -63, 127, -57, 127, -60, 127, -61, 127, -61, 127, -71, 127, -90, 113, -110, 73, -128, 31, -128, -10, -128, -54, -128, -96, -128, -128, -128, -128, -128, -128, -128, -128, -128, -128, -128, -128, -128, -128, -128, -128, -128, -118, -128, -97, -128, -72, -91, -44, -57, -23, -105, -21, -104, -8, -107, 9, -102, 25, -81, 38, -63, 47, -51, 49, -33, 42, -11, 34, 10, 28, 31, 17, 44, 0, 56, -20, 66, -45, 69, -75, 61, -93, 52, -103, 36, -114, 10, -117, -15, -107, -33, -91, -52, -65, -69, -25, -75, 14, -74, 55, -71, 90]",esp32_2
CSI_DATA,99250,2025-07-23 16:40:47.977,0,walk,00:00:00:00:00:00,-75,11,0,0,0,0,0,0,0,0,0,-97,0,1,0,856115656,0,14,0,0,0,104,0,"[0, 0, 44, 127, 52, 127, 63, 127, 65, 127, 43, 127, 8, 127, -24, 127, -60, 124, -101, 102, -128, 82, -128, 68, -128, 55, -128, 44, -128, 36, -128, 29, -128, 22, -128, 19, -128, 21, -128, 24, -128, 23, -128, 20, -128, 23, -128, 23, -95, 14, -60, 9, -103, 39, -92, 46, -81, 57, -68, 67, -53, 70, -39, 68, -18, 66, 6, 57, 19, 43, 28, 24, 37, -5, 42, -28, 42, -47, 37, -75, 23, -97, 8, -110, -10, -122, -31, -126, -45, -112, -54, -89, -63, -68, -68, -43, -66, 0, -57, 53, -35, 102, -14, 127]",esp32_2
CSI_DATA,200113,2025-07-23 16:40:47.981,0,walk,00:00:00:00:00:00,-62,11,0,0,0,0,0,0,0,0,0,-97,0,1,0,2235906769,0,14,0,1,75,104,0,"[0, 0, -112, 47, -68, 37, -26, 30, 13, 32, 50, 38, 84, 47, 115, 59, 127, 73, 127, 87, 127, 101, 127, 115, 127, 126, 127, 127, 123, 127, 106, 117, 88, 102, 72, 83, 62, 62, 60, 39, 60, 16, 64, -3, 72, -18, 83, -27, 95, -32, 102, -33, -70, -24, -82, -29, -95, -39, -105, -49, -113, -58, -115, -65, -113, -70, -111, -73, -108, -72, -105, -63, -102, -47, -99, -28, -101, -8, -106, 15, -113, 42, -122, 69, -128, 93, -128, 114, -128, 127, -128, 127, -128, 127, -128, 127, -128, 127, -128, 127, -128, 121, -128, 104]",esp32_1
CSI_DATA,99251,2025-07-23 16:40:48.004,0,walk,00:00:00:00:00:00,-75,11,0,0,0,0,0,0,0,0,0,-97,0,1,0,856122737,0,14,0,0,0,104,0,"[0, 0, -111, 127, -107, 127, -106, 127, -104, 127, -97, 127, -93, 116, -99, 82, -108, 42, -114, -6, -127, -58, -128, -108, -128, -128, -128, -128, -128, -128, -128, -128, -128, -128, -128, -128, -128, -128, -128, -128, -128, -128, -128, -128, -116, -128, -87, -115, -62, -77, -45, -47, -99, -15, -92, -8, -87, 5, -85, 17, -79, 24, -69, 31, -58, 36, -41, 38, -16, 39, 7, 33, 26, 18, 44, 7, 58, -3, 65, -25, 64, -51, 60, -70, 55, -86, 48, -100, 30, -104, 5, -99, -17, -86, -41, -65, -65, -39, -77, -7, -88, 35, -100, 70]",esp32_2
CSI_DATA,200114,2025-07-23 16:40:48.008,0,walk,00:00:00:00:00:00,-62,11,0,0,0,0,0,0,0,0,0,-97,0,1,0,2235916827,0,14,0,1,75,104,0,"[0, 0, 56, 104, 39, 62, 31, 21, 28, -19, 29, -58, 34, -93, 45, -125, 61, -128, 75, -128, 87, -128, 99, -128, 107, -128, 113, -128, 117, -128, 112, -125, 98, -104, 80, -86, 59, -73, 37, -66, 16, -62, -5, -62, -22, -66, -33, -75, -38, -87, -40, -98, -23, 71, -26, 83, -31, 97, -39, 111, -49, 121, -59, 126, -66, 127, -70, 126, -67, 121, -58, 115, -45, 113, -27, 107, -4, 101, 21, 100, 47, 106, 72, 115, 96, 127, 121, 127, 127, 127, 127, 127, 127, 127, 127, 127, 127, 127, 127, 127, 127, 127, 127, 127]",esp32_1
CSI_DATA,200115,2025-07-23 16:40:48.041,0,walk,00:00:00:00:00:00,-62,11,0,0,0,0,0,0,0,0,0,-97,0,1,0,2235926795,0,14,0,0,0,104,0,"[0, 0, 114, 0, 74, -7, 36, -17, -1, -35, -34, -57, -62, -80, -83, -102, -96, -121, -100, -128, -100, -128, -100, -128, -95, -128, -82, -128, -67, -128, -55, -128, -44, -128, -37, -113, -35, -90, -38, -68, -44, -46, -55, -30, -67, -17, -79, -11, -91, -13, -98, -18, 46, 51, 55, 62, 64, 76, 71, 91, 75, 105, 74, 113, 70, 119, 69, 122, 70, 120, 70, 112, 69, 98, 72, 81, 83, 63, 99, 45, 115, 24, 127, 3, 127, -13, 127, -24, 127, -34, 127, -40, 127, -42, 127, -39, 127, -31, 127, -23, 127, -13, 127, 0]",esp32_1
CSI_DATA,200116,2025-07-23 16:40:48.067,0,walk,00:00:00:00:00:00,-62,11,0,0,0,0,0,0,0,0,0,-97,0,1,0,2235937494,0,14,0,0,0,104,0,"[0, 0, 109, 26, 72, 10, 38, -9, 8, -36, -17, -63, -38, -91, -51, -116, -56, -128, -55, -128, -53, -128, -47, -128, -37, -128, -24, -128, -11, -128, -3, -128, 0, -128, 2, -121, -1, -99, -10, -81, -23, -66, -40, -55, -55, -48, -67, -46, -76, -51, -82, -57, 45, 51, 53, 61, 61, 74, 67, 89, 70, 104, 69, 114, 64, 119, 61, 122, 61, 120, 64, 113, 64, 102, 68, 88, 80, 74, 96, 59, 111, 42, 127, 26, 127, 14, 127, 7, 127, 3, 127, 2, 127, 5, 127, 12, 127, 21, 127, 27, 127, 35, 127, 43]",esp32_1
CSI_DATA,99253,2025-07-23 16:40:48.087,0,walk,00:00:00:00:00:00,-75,11,0,0,0,0,0,0,0,0,0,-97,0,1,0,856178050,0,14,0,0,0,104,0,"[0, 0, 77, -128, 70, -128, 64, -128, 56, -128, 59, -128, 74, -128, 81, -100, 82, -44, 95, 20, 111, 76, 119, 125, 119, 127, 122, 127, 126, 127, 122, 127, 113, 127, 107, 127, 98, 127, 77, 127, 60, 127, 52, 127, 43, 127, 31, 127, 23, 91, 19, 51, 32, -118, 18, -124, 3, -128, -4, -127, -10, -122, -20, -111, -25, -93, -24, -65, -24, -40, -22, -21, -17, 7, -8, 41, 7, 72, 21, 94, 35, 118, 54, 127, 75, 127, 89, 127, 102, 127, 118, 124, 127, 100, 127, 67, 127, 28, 127, -16, 123, -60, 107, -94]",esp32_2
CSI_DATA,99254,2025-07-23 16:40:48.120,0,walk,00:00:00:00:00:00,-75,11,0,0,0,0,0,0,0,0,0,-97,0,1,0,856214820,0,14,0,0,0,104,0,"[0, 0, -128, -128, -128, -128, -124, -128, -106, -128, -78, -110, -39, -75, 6, -34, 51, 15, 93, 63, 127, 108, 127, 127, 127, 127, 127, 127, 127, 127, 127, 127, 127, 127, 127, 127, 127, 127, 127, 127, 122, 127, 97, 127, 77, 127, 65, 96, 57, 43, 50, 4, -104, -25, -100, -24, -97, -22, -96, -16, -86, -10, -67, -9, -44, -10, -20, -12, 3, -18, 28, -18, 57, -10, 84, -10, 109, -17, 127, -20, 127, -21, 127, -22, 127, -28, 127, -44, 127, -62, 127, -79, 103, -95, 75, -108, 39, -119, -1, -128, -41, -128, -72, -128]",esp32_2
CSI_DATA,99255,2025-07-23 16:40:48.142,0,walk,00:00:00:00:00:00,-75,11,0,0,0,0,0,0,0,0,0,-97,0,1,0,856239507,0,14,0,0,0,104,0,"[0, 0, 127, 32, 127, 31, 127, 35, 127, 32, 127, 29, 102, 28, 54, 23, -3, 18, -63, 12, -120, 6, -128, -1, -128, -12, -128, -25, -128, -40, -128, -56, -128, -72, -128, -87, -128, -96, -128, -99, -128, -96, -128, -81, -128, -59, -115, -39, -80, -12, -54, 14, 88, -44, 88, -45, 84, -47, 83, -48, 79, -50, 73, -47, 63, -34, 44, -19, 24, -3, 4, 17, -24, 35, -51, 55, -72, 75, -90, 96, -100, 116, -104, 127, -104, 127, -99, 127, -92, 127, -76, 127, -50, 127, -21, 127, 12, 117, 55, 101, 99, 87, 127, 83]",esp32_2
CSI_DATA,200118,2025-07-23 16:40:48.173,0,walk,00:00:00:00:00:00,-63,11,0,0,0,0,0,0,0,0,0,-97,0,1,0,2235957614,0,14,0,0,0,104,0,"[0, 0, 98, 45, 67, 24, 40, 1, 15, -27, -6, -57, -20, -86, -29, -113, -31, -128, -28, -128, -23, -128, -16, -128, -8, -128, 3, -128, 13, -128, 17, -128, 18, -128, 16, -119, 9, -103, -2, -88, -16, -77, -30, -71, -43, -68, -53, -69, -59, -75, -62, -82, 36, 47, 42, 56, 48, 70, 54, 84, 57, 95, 54, 103, 49, 108, 47, 111, 50, 107, 57, 99, 62, 91, 68, 81, 81, 70, 98, 60, 115, 50, 127, 41, 127, 36, 127, 34, 127, 35, 127, 40, 127, 48, 127, 55, 127, 61, 127, 66, 127, 70, 127, 75]",esp32_1
CSI_DATA,200119,2025-07-23 16:40:48.206,0,walk,00:00:00:00:00:00,-63,11,0,0,0,0,0,0,0,0,0,-97,0,1,0,2235966809,0,14,0,0,0,104,0,"[0, 0, 104, 14, 70, 2, 40, -12, 13, -35, -11, -59, -30, -83, -44, -106, -53, -126, -54, -128, -50, -128, -45, -128, -39, -128, -29, -128, -18, -128, -11, -128, -8, -128, -8, -112, -11, -96, -20, -83, -32, -71, -45, -65, -57, -62, -66, -62, -73, -68, -74, -75, 48, 34, 56, 42, 67, 53, 73, 65, 76, 76, 76, 81, 74, 84, 73, 85, 75, 81, 78, 74, 79, 63, 83, 50, 94, 36, 110, 22, 125, 9, 127, -4, 127, -13, 127, -20, 127, -22, 127, -19, 127, -13, 127, -7, 127, 0, 127, 5, 127, 14, 127, 25]",esp32_1
CSI_DATA,200120,2025-07-23 16:40:48.238,0,walk,00:00:00:00:00:00,-63,11,0,0,0,0,0,0,0,0,0,-97,0,1,0,2235976771,0,14,0,0,0,104,0,"[0, 0, -54, 99, -29, 67, 3, 39, 33, 19, 62, 2, 92, -10, 124, -18, 127, -21, 127, -18, 127, -11, 127, 0, 127, 9, 127, 16, 127, 19, 127, 20, 127, 19, 118, 13, 101, 2, 88, -12, 78, -27, 73, -41, 73, -54, 76, -66, 83, -73, 91, -76, -65, 33, -76, 36, -88, 38, -101, 38, -114, 38, -121, 37, -123, 34, -121, 32, -116, 33, -108, 37, -96, 49, -83, 63, -72, 76, -62, 95, -54, 120, -49, 127, -46, 127, -47, 127, -52, 127, -60, 127, -69, 127, -78, 127, -87, 127, -93, 127, -97, 127, -99, 127]",esp32_1
CSI_DATA,99257,2025-07-23 16:40:48.238,0,walk,00:00:00:00:00:00,-76,11,0,0,0,0,0,0,0,0,0,-97,0,1,0,857022193,0,14,0,0,0,104,0,"[0, 0, -125, 127, -117, 127, -102, 127, -85, 127, -58, 105, -22, 61, 19, 11, 62, -41, 109, -85, 127, -126, 127, -128, 127, -128, 127, -128, 127, -128, 127, -128, 127, -128, 127, -128, 127, -106, 127, -82, 127, -69, 127, -52, 125, -35, 73, -29, 27, -36, -5, -42, 52, 56, 54, 54, 48, 51, 43, 49, 40, 46, 30, 40, 14, 34, -3, 31, -18, 20, -32, 3, -48, -14, -67, -30, -87, -42, -108, -47, -127, -51, -128, -56, -128, -53, -128, -42, -128, -33, -128, -13, -128, 22, -128, 56, -128, 89, -128, 119, -128, 127, -128, 127]",esp32_2
CSI_DATA,99258,2025-07-23 16:40:48.265,0,walk,00:00:00:00:00:00,-75,11,0,0,0,0,0,0,0,0,0,-97,0,1,0,857030582,0,14,0,0,0,104,0,"[0, 0, 127, -128, 127, -128, 127, -120, 127, -98, 93, -74, 46, -39, -7, -7, -58, 17, -104, 43, -128, 66, -128, 83, -128, 93, -128, 91, -128, 80, -128, 65, -128, 47, -128, 28, -128, 9, -128, -9, -128, -23, -128, -26, -118, -17, -72, -2, -35, 13, -8, 26, -14, -68, -13, -65, -20, -65, -23, -60, -15, -50, -9, -44, -5, -37, 7, -22, 18, -2, 31, 17, 46, 31, 52, 52, 53, 78, 65, 97, 90, 107, 107, 111, 115, 114, 123, 105, 127, 90, 127, 76, 127, 57, 127, 29, 127, -7, 127, -48, 127, -85, 127, -109]",esp32_2
CSI_DATA,200121,2025-07-23 16:40:48.268,0,walk,00:00:00:00:00:00,-63,11,0,0,0,0,0,0,0,0,0,-97,0,1,0,2235986837,0,14,0,242,127,104,0,"[0, 0, -54, -81, -39, -46, -32, -9, -28, 26, -27, 58, -32, 88, -41, 112, -53, 127, -64, 127, -75, 127, -84, 127, -90, 127, -92, 127, -89, 125, -82, 111, -70, 97, -56, 86, -41, 80, -25, 76, -7, 74, 8, 74, 19, 79, 24, 86, 24, 97, 22, 105, 7, -69, 9, -78, 12, -90, 18, -101, 25, -109, 32, -112, 35, -110, 34, -107, 29, -103, 20, -98, 6, -93, -10, -88, -30, -85, -54, -87, -77, -93, -98, -102, -119, -114, -128, -127, -128, -128, -128, -128, -128, -128, -128, -128, -128, -128, -128, -128, -128, -128, -115, -128]",esp32_1
CSI_DATA,99259,2025-07-23 16:40:48.286,0,walk,00:00:00:00:00:00,-75,11,0,0,0,0,0,0,0,0,0,-97,0,1,0,857040641,0,14,0,0,0,104,0,"[0, 0, -60, 127, -56, 127, -54, 127, -46, 127, -34, 124, -18, 67, 9, 11, 39, -48, 64, -100, 93, -128, 126, -128, 127, -128, 127, -128, 127, -128, 127, -128, 127, -128, 127, -128, 127, -128, 127, -128, 127, -116, 127, -91, 111, -66, 69, -49, 28, -40, -6, -35, 61, 25, 64, 21, 60, 21, 55, 20, 46, 16, 32, 16, 18, 18, 2, 15, -17, 10, -41, 5, -62, 1, -75, -7, -92, -18, -113, -20, -128, -15, -128, -12, -128, -8, -128, 3, -128, 17, -128, 33, -128, 51, -128, 77, -128, 109, -118, 127, -101, 127, -89, 127]",esp32_2
CSI_DATA,200122,2025-07-23 16:40:48.296,0,walk,00:00:00:00:00:00,-63,11,0,0,0,0,0,0,0,0,0,-97,0,1,0,2235996805,0,14,0,0,0,104,0,"[0, 0, -91, -47, -60, -19, -35, 11, -14, 47, 2, 82, 10, 113, 12, 127, 8, 127, 3, 127, -3, 127, -10, 127, -18, 127, -25, 127, -29, 127, -27, 127, -21, 124, -14, 107, -3, 92, 14, 81, 31, 73, 48, 70, 62, 71, 71, 76, 74, 85, 72, 92, -30, -72, -33, -83, -36, -98, -37, -112, -33, -123, -26, -128, -21, -127, -18, -124, -21, -116, -30, -105, -40, -92, -53, -77, -73, -64, -99, -54, -124, -48, -128, -44, -128, -45, -128, -49, -128, -56, -128, -67, -128, -79, -128, -91, -128, -100, -128, -102, -128, -103, -128, -106]",esp32_1
CSI_DATA,99260,2025-07-23 16:40:48.317,0,walk,00:00:00:00:00:00,-75,11,0,0,0,0,0,0,0,0,0,-97,0,1,0,857050627,0,14,0,0,0,104,0,"[0, 0, -17, -128, -19, -128, -16, -124, -12, -97, -9, -71, -8, -43, -8, -9, -10, 26, -18, 61, -28, 93, -39, 119, -56, 127, -72, 127, -84, 127, -95, 127, -105, 127, -113, 127, -116, 127, -109, 108, -92, 89, -75, 71, -57, 53, -36, 36, -14, 24, 2, 17, -37, 8, -35, 7, -36, 7, -35, 9, -29, 9, -22, 4, -15, -1, -6, -4, 8, -5, 24, -7, 37, -12, 47, -13, 57, -15, 70, -20, 79, -27, 81, -33, 85, -36, 91, -41, 90, -47, 82, -52, 74, -62, 63, -73, 49, -84, 34, -99, 18, -115, 9, -128]",esp32_2
CSI_DATA,200123,2025-07-23 16:40:48.341,0,walk,00:00:00:00:00:00,-63,11,0,0,0,0,0,0,0,0,0,-97,0,1,0,2236007116,0,14,0,0,0,104,0,"[0, 0, -74, 102, -33, 68, 12, 38, 55, 19, 97, 7, 127, -1, 127, -3, 127, -2, 127, 4, 127, 15, 127, 25, 127, 31, 127, 37, 127, 40, 127, 37, 127, 27, 124, 11, 108, -8, 96, -28, 88, -48, 85, -65, 86, -82, 92, -94, 101, -100, 108, -102, -101, 23, -112, 21, -126, 18, -128, 14, -128, 8, -128, 2, -128, -3, -128, -5, -128, -2, -128, 11, -117, 31, -102, 51, -94, 74, -86, 105, -79, 127, -75, 127, -79, 127, -89, 127, -100, 127, -113, 127, -128, 127, -128, 127, -128, 127, -128, 127, -128, 127, -128, 127]",esp32_1
CSI_DATA,99261,2025-07-23 16:40:48.348,0,walk,00:00:00:00:00:00,-75,11,0,0,0,0,0,0,0,0,0,-97,0,1,0,857062825,0,14,0,0,0,104,0,"[0, 0, -13, 127, -12, 127, -11, 127, -18, 127, -15, 127, 2, 79, 18, 23, 36, -40, 59, -97, 80, -128, 108, -128, 127, -128, 127, -128, 127, -128, 127, -128, 127, -128, 127, -128, 127, -128, 127, -128, 127, -124, 127, -95, 107, -72, 62, -53, 24, -42, -5, -41, 65, -12, 62, -14, 57, -16, 53, -19, 50, -19, 39, -10, 19, -2, -3, 1, -23, 4, -47, 4, -76, 1, -96, 0, -112, 1, -128, 1, -128, 4, -128, 10, -128, 21, -128, 35, -128, 46, -128, 60, -128, 81, -125, 106, -105, 127, -85, 127, -66, 127, -54, 127]",esp32_2
CSI_DATA,99262,2025-07-23 16:40:48.373,0,walk,00:00:00:00:00:00,-75,11,0,0,0,0,0,0,0,0,0,-97,0,1,0,857070642,0,14,0,0,0,104,0,"[0, 0, -128, -96, -128, -93, -128, -79, -128, -69, -117, -57, -66, -32, -15, -4, 36, 25, 81, 52, 126, 84, 127, 125, 127, 127, 127, 127, 127, 127, 127, 127, 127, 127, 127, 127, 127, 127, 127, 127, 98, 127, 71, 127, 55, 111, 45, 67, 36, 25, 30, -9, -24, 65, -24, 67, -21, 63, -19, 56, -17, 48, -14, 38, -9, 27, 1, 12, 12, -11, 22, -34, 34, -56, 42, -83, 48, -108, 57, -127, 60, -128, 60, -128, 58, -128, 48, -128, 31, -128, 10, -128, -11, -128, -36, -128, -73, -128, -118, -128, -128, -120, -128, -123]",esp32_2
CSI_DATA,200125,2025-07-23 16:40:48.431,0,walk,00:00:00:00:00:00,-63,11,0,0,0,0,0,0,0,0,0,-97,0,1,0,2236026794,0,14,0,0,0,104,0,"[0, 0, -99, 28, -55, 23, -12, 22, 27, 30, 63, 40, 96, 51, 121, 65, 127, 80, 127, 92, 127, 103, 127, 113, 127, 118, 127, 118, 111, 111, 96, 97, 84, 79, 74, 57, 69, 35, 68, 14, 71, -5, 79, -20, 87, -31, 94, -36, 104, -38, 112, -37, -65, -38, -75, -49, -85, -61, -92, -71, -97, -80, -96, -85, -93, -87, -90, -84, -87, -76, -85, -62, -85, -45, -86, -24, -94, -3, -106, 21, -118, 46, -128, 72, -128, 94, -128, 110, -128, 119, -128, 124, -128, 124, -128, 121, -128, 115, -128, 105, -128, 89, -128, 74]",esp32_1
CSI_DATA,200126,2025-07-23 16:40:48.453,0,walk,00:00:00:00:00:00,-63,11,0,0,0,0,0,0,0,0,0,-97,0,1,0,2236036798,0,14,0,0,0,104,0,"[0, 0, 3, 106, 7, 61, 18, 18, 28, -20, 40, -53, 57, -82, 78, -106, 100, -121, 117, -128, 127, -128, 127, -128, 127, -119, 127, -107, 127, -94, 111, -81, 90, -68, 69, -62, 49, -61, 28, -64, 9, -69, -6, -77, -16, -87, -23, -98, -23, -110, -19, -120, -58, 51, -65, 60, -74, 69, -83, 76, -95, 77, -103, 74, -107, 71, -106, 67, -96, 64, -80, 66, -64, 73, -43, 80, -19, 89, 5, 103, 23, 122, 38, 127, 56, 127, 72, 127, 80, 127, 82, 127, 79, 127, 74, 127, 67, 127, 55, 127, 43, 127, 35, 127]",esp32_1
CSI_DATA,200127,2025-07-23 16:40:48.485,0,walk,00:00:00:00:00:00,-63,11,0,0,0,0,0,0,0,0,0,-97,0,1,0,2236047718,0,14,0,0,0,104,0,"[0, 0, 12, 109, 10, 65, 16, 22, 23, -18, 32, -53, 46, -85, 63, -110, 82, -127, 98, -128, 108, -128, 115, -128, 118, -128, 117, -123, 111, -110, 96, -94, 78, -80, 58, -72, 38, -68, 17, -68, -3, -69, -22, -75, -34, -83, -40, -93, -40, -106, -38, -115, -58, 51, -65, 58, -74, 67, -85, 72, -95, 73, -102, 72, -105, 69, -102, 67, -92, 65, -77, 66, -61, 72, -39, 79, -14, 88, 9, 102, 29, 121, 46, 127, 64, 127, 80, 127, 92, 127, 96, 127, 95, 127, 91, 127, 84, 127, 72, 127, 58, 127, 47, 127]",esp32_1
CSI_DATA,99264,2025-07-23 16:40:48.485,0,walk,00:00:00:00:00:00,-75,11,0,0,0,0,0,0,0,0,0,-97,0,1,0,857090602,0,14,0,0,0,104,0,"[0, 0, 127, -128, 127, -119, 127, -102, 127, -87, 127, -64, 86, -40, 26, -21, -34, -9, -90, -1, -128, 0, -128, -12, -128, -26, -128, -50, -128, -79, -128, -102, -128, -124, -128, -128, -128, -128, -128, -128, -128, -128, -128, -116, -111, -83, -77, -47, -54, -11, -42, 15, -70, -23, -70, -22, -69, -23, -59, -23, -47, -20, -39, -15, -26, -5, -4, 7, 17, 19, 32, 36, 47, 50, 64, 68, 82, 93, 98, 109, 112, 116, 125, 121, 127, 127, 127, 127, 127, 112, 127, 89, 127, 64, 127, 39, 127, 9, 127, -29, 127, -68, 127, -94]",esp32_2
CSI_DATA,200128,2025-07-23 16:40:48.515,0,walk,00:00:00:00:00:00,-63,11,0,0,0,0,0,0,0,0,0,-97,0,1,0,2236056831,0,14,0,0,0,104,0,"[0, 0, 109, 26, 69, 10, 33, -9, 0, -35, -29, -59, -51, -83, -67, -105, -75, -124, -77, -128, -75, -128, -71, -128, -67, -128, -59, -128, -48, -128, -41, -127, -38, -105, -38, -83, -42, -62, -52, -43, -65, -26, -77, -13, -89, -8, -102, -8, -111, -13, -116, -18, 24, 69, 28, 81, 31, 96, 31, 110, 28, 120, 24, 125, 19, 124, 18, 119, 21, 110, 27, 96, 37, 79, 52, 62, 73, 46, 99, 31, 125, 18, 127, 8, 127, 2, 127, -1, 127, -1, 127, 6, 127, 14, 127, 23, 127, 32, 127, 39, 127, 44, 127, 49]",esp32_1
CSI_DATA,99265,2025-07-23 16:40:48.529,0,walk,00:00:00:00:00:00,-74,11,0,0,0,0,0,0,0,0,0,-97,0,1,0,857104965,0,14,0,0,0,104,0,"[0, 0, -128, -11, -128, -1, -128, -2, -128, -4, -128, -5, -75, -5, -26, 6, 21, 27, 73, 48, 124, 79, 127, 120, 127, 127, 127, 127, 127, 127, 127, 127, 127, 127, 127, 127, 127, 127, 106, 127, 80, 127, 56, 127, 41, 118, 38, 80, 40, 40, 39, 13, 55, 48, 53, 41, 51, 34, 45, 28, 38, 22, 32, 17, 23, 10, 15, -6, 5, -26, -6, -45, -16, -66, -28, -88, -39, -113, -47, -128, -57, -128, -69, -128, -78, -128, -87, -128, -98, -128, -112, -128, -128, -124, -128, -108, -128, -91, -128, -63, -128, -39, -128, -34]",esp32_2
CSI_DATA,200129,2025-07-23 16:40:48.546,0,walk,00:00:00:00:00:00,-63,11,0,0,0,0,0,0,0,0,0,-97,0,1,0,2236068638,0,14,0,0,0,104,0,"[0, 0, -109, -7, -68, 3, -33, 16, 0, 36, 30, 56, 54, 76, 71, 96, 81, 114, 86, 126, 88, 127, 87, 127, 81, 127, 70, 127, 58, 127, 50, 108, 47, 89, 45, 69, 48, 49, 57, 31, 65, 15, 77, 1, 89, -5, 98, -5, 108, -2, 116, 2, -41, -66, -45, -76, -49, -91, -52, -105, -48, -114, -41, -116, -34, -116, -29, -112, -29, -103, -34, -90, -44, -72, -57, -51, -75, -29, -97, -9, -123, 8, -128, 21, -128, 32, -128, 39, -128, 40, -128, 35, -128, 30, -128, 21, -128, 11, -128, 4, -128, -5, -128, -14]",esp32_1
CSI_DATA,99266,2025-07-23 16:40:48.554,0,walk,00:00:00:00:00:00,-74,11,0,0,0,0,0,0,0,0,0,-97,0,1,0,857110602,0,14,0,0,0,104,0,"[0, 0, -128, -81, -128, -77, -128, -73, -128, -66, -117, -51, -73, -24, -31, 9, 12, 45, 56, 79, 96, 114, 127, 127, 127, 127, 127, 127, 127, 127, 127, 127, 112, 127, 84, 127, 62, 127, 44, 127, 25, 127, 13, 127, 11, 127, 16, 88, 27, 48, 37, 19, 30, 61, 30, 57, 27, 48, 26, 40, 26, 37, 22, 31, 21, 18, 23, 0, 20, -25, 15, -51, 11, -73, 8, -97, 4, -119, -1, -128, -5, -128, -12, -128, -21, -128, -29, -128, -45, -128, -67, -128, -86, -128, -105, -128, -128, -128, -128, -118, -128, -105, -128, -102]",esp32_2
CSI_DATA,200130,2025-07-23 16:40:48.577,0,walk,00:00:00:00:00:00,-63,11,0,0,0,0,0,0,0,0,0,-97,0,1,0,2236077983,0,14,0,0,0,104,0,"[0, 0, -30, 111, -12, 73, 13, 36, 38, 7, 61, -16, 85, -36, 110, -49, 127, -58, 127, -63, 127, -61, 127, -57, 127, -53, 127, -45, 127, -36, 121, -32, 99, -29, 77, -33, 55, -41, 37, -52, 23, -65, 14, -78, 10, -91, 10, -102, 15, -113, 21, -119, -77, 27, -89, 29, -102, 29, -115, 27, -128, 23, -128, 17, -128, 11, -128, 8, -115, 9, -98, 15, -80, 28, -62, 45, -44, 63, -29, 86, -15, 116, -6, 127, -3, 127, -1, 127, -2, 127, -9, 127, -20, 127, -31, 127, -39, 127, -45, 127, -49, 127, -52, 127]",esp32_1
CSI_DATA,99267,2025-07-23 16:40:48.585,0,walk,00:00:00:00:00:00,-74,11,0,0,0,0,0,0,0,0,0,-97,0,1,0,857120633,0,14,0,0,0,104,0,"[0, 0, -128, -43, -128, -40, -128, -36, -128, -24, -119, -13, -72, -5, -18, 12, 32, 46, 80, 81, 124, 115, 127, 127, 127, 127, 127, 127, 127, 127, 127, 127, 127, 127, 124, 127, 90, 127, 64, 127, 42, 127, 29, 127, 27, 126, 30, 78, 37, 37, 47, 8, 33, 44, 34, 44, 33, 42, 28, 36, 23, 26, 25, 13, 23, 0, 17, -17, 14, -40, 11, -64, 7, -80, -2, -98, -14, -119, -20, -128, -28, -128, -38, -128, -48, -128, -63, -128, -79, -128, -96, -128, -115, -128, -128, -124, -128, -111, -128, -93, -128, -78, -128, -72]",esp32_2
CSI_DATA,99268,2025-07-23 16:40:48.618,0,walk,00:00:00:00:00:00,-74,11,0,0,0,0,0,0,0,0,0,-97,0,1,0,857134958,0,14,0,0,0,104,0,"[0, 0, 116, -91, 108, -85, 95, -75, 75, -62, 50, -47, 23, -34, -10, -24, -47, -16, -80, -13, -109, -16, -128, -23, -128, -34, -128, -45, -128, -60, -128, -79, -128, -92, -128, -99, -128, -103, -128, -102, -107, -89, -83, -72, -63, -52, -47, -32, -37, -10, -31, 7, -38, 2, -33, 4, -28, 4, -23, 5, -19, 6, -15, 5, -6, 8, 6, 11, 17, 16, 27, 23, 38, 31, 53, 35, 63, 40, 70, 43, 78, 43, 81, 43, 88, 36, 99, 27, 104, 21, 107, 13, 111, -1, 113, -17, 115, -32, 115, -51, 116, -67, 119, -74]",esp32_2
CSI_DATA,99269,2025-07-23 16:40:48.647,0,walk,00:00:00:00:00:00,-74,11,0,0,0,0,0,0,0,0,0,-97,0,1,0,857144776,0,14,0,0,0,104,0,"[0, 0, -26, -128, -24, -128, -20, -119, -21, -98, -21, -70, -20, -41, -22, -8, -30, 27, -40, 58, -57, 86, -83, 111, -109, 127, -128, 127, -128, 127, -128, 127, -128, 124, -128, 102, -128, 80, -128, 62, -127, 46, -102, 34, -76, 26, -48, 20, -23, 21, -7, 25, -21, 33, -17, 31, -11, 30, -6, 27, -2, 23, 3, 17, 9, 10, 19, 1, 30, -10, 40, -18, 48, -22, 56, -25, 63, -31, 72, -42, 79, -54, 77, -59, 76, -63, 74, -72, 68, -79, 62, -85, 54, -93, 40, -106, 26, -117, 14, -127, -2, -128, -13, -128]",esp32_2
CSI_DATA,99270,2025-07-23 16:40:48.674,0,walk,00:00:00:00:00:00,-74,11,0,0,0,0,0,0,0,0,0,-97,0,1,0,857150587,0,14,0,0,0,104,0,"[0, 0, 9, -128, 12, -128, 13, -128, 9, -128, -1, -112, -11, -69, -26, -18, -51, 32, -81, 76, -114, 112, -128, 127, -128, 127, -128, 127, -128, 127, -128, 127, -128, 127, -128, 126, -128, 93, -128, 64, -128, 39, -128, 26, -121, 28, -79, 31, -41, 34, -15, 40, -51, 28, -44, 25, -34, 25, -23, 27, -12, 30, -2, 30, 13, 20, 30, 13, 45, 10, 62, -1, 78, -6, 87, -1, 99, -2, 115, -11, 122, -23, 126, -35, 127, -45, 127, -58, 127, -73, 122, -87, 111, -103, 101, -118, 89, -128, 71, -128, 53, -128, 43, -128]",esp32_2
CSI_DATA,200133,2025-07-23 16:40:48.706,0,walk,00:00:00:00:00:00,-63,11,0,0,0,0,0,0,0,0,0,-97,0,1,0,2236106810,0,14,0,0,0,104,0,"[0, 0, 101, -32, 60, -33, 22, -38, -12, -50, -41, -63, -66, -78, -86, -93, -101, -105, -108, -118, -108, -128, -105, -128, -100, -128, -89, -128, -76, -120, -64, -104, -55, -83, -50, -61, -48, -39, -51, -19, -58, -1, -69, 12, -81, 21, -90, 26, -101, 27, -109, 25, 59, 46, 66, 56, 72, 70, 77, 84, 80, 95, 76, 102, 69, 104, 63, 104, 60, 97, 58, 83, 57, 63, 61, 40, 71, 16, 85, -10, 102, -35, 120, -57, 127, -77, 127, -92, 127, -101, 127, -103, 127, -101, 127, -96, 127, -88, 127, -78, 127, -65, 127, -51]",esp32_1
CSI_DATA,200134,2025-07-23 16:40:48.731,0,walk,00:00:00:00:00:00,-62,11,0,0,0,0,0,0,0,0,0,-97,0,1,0,2236117166,0,14,0,0,0,104,0,"[0, 0, -110, 1, -71, 13, -36, 30, -5, 54, 21, 79, 42, 99, 56, 117, 63, 127, 63, 127, 61, 127, 56, 127, 48, 127, 38, 127, 27, 127, 22, 119, 22, 97, 24, 74, 29, 54, 38, 36, 52, 20, 68, 9, 82, 4, 92, 3, 103, 6, 110, 11, -49, -61, -54, -74, -58, -90, -60, -103, -60, -116, -55, -122, -46, -124, -40, -121, -37, -112, -38, -97, -43, -78, -50, -57, -65, -35, -87, -15, -110, 3, -128, 19, -128, 33, -128, 41, -128, 43, -128, 42, -128, 37, -128, 27, -128, 18, -128, 11, -128, 2, -128, -7]",esp32_1
CSI_DATA,200135,2025-07-23 16:40:48.760,0,walk,00:00:00:00:00:00,-62,11,0,0,0,0,0,0,0,0,0,-97,0,1,0,2236126828,0,14,0,0,0,104,0,"[0, 0, -1, -107, -15, -70, -35, -32, -56, -1, -76, 24, -97, 44, -119, 59, -128, 67, -128, 70, -128, 68, -128, 62, -128, 55, -128, 46, -128, 37, -125, 30, -99, 26, -74, 28, -52, 32, -33, 40, -16, 51, -4, 63, 4, 76, 6, 91, 2, 104, -2, 112, 69, -47, 79, -49, 91, -53, 104, -55, 118, -53, 126, -47, 127, -39, 125, -34, 116, -31, 101, -34, 81, -43, 59, -52, 37, -63, 15, -81, -3, -108, -19, -128, -31, -128, -38, -128, -42, -128, -40, -128, -34, -128, -26, -128, -19, -128, -11, -128, -2, -128, 3, -128]",esp32_1
CSI_DATA,99272,2025-07-23 16:40:48.772,0,walk,00:00:00:00:00:00,-74,11,0,0,0,0,0,0,0,0,0,-97,0,1,0,857170623,0,14,0,0,0,104,0,"[0, 0, 35, -128, 38, -128, 42, -128, 36, -128, 14, -128, -10, -83, -43, -33, -88, 18, -128, 62, -128, 96, -128, 120, -128, 127, -128, 125, -128, 107, -128, 84, -128, 60, -128, 36, -128, 9, -128, -14, -128, -27, -128, -29, -128, -14, -91, 7, -55, 31, -34, 54, -45, 61, -38, 57, -29, 50, -15, 44, 1, 36, 12, 25, 27, 19, 51, 13, 75, 3, 97, -4, 115, -9, 124, -9, 127, -9, 127, -17, 127, -28, 127, -35, 127, -50, 127, -75, 125, -98, 118, -120, 106, -128, 86, -128, 68, -128, 59, -128, 51, -128, 41, -128]",esp32_2
CSI_DATA,200136,2025-07-23 16:40:48.796,0,walk,00:00:00:00:00:00,-62,11,0,0,0,0,0,0,0,0,0,-97,0,1,0,2236136805,0,14,0,0,0,104,0,"[0, 0, -105, 17, -64, 26, -26, 37, 7, 57, 37, 79, 61, 98, 78, 116, 89, 127, 91, 127, 88, 127, 83, 127, 74, 127, 63, 127, 50, 127, 40, 123, 34, 100, 30, 75, 29, 50, 36, 27, 48, 8, 63, -7, 77, -15, 90, -19, 102, -18, 110, -15, -53, -59, -59, -72, -65, -89, -68, -104, -66, -117, -60, -123, -53, -125, -48, -122, -44, -112, -45, -98, -48, -81, -55, -59, -70, -34, -90, -10, -110, 11, -128, 30, -128, 45, -128, 57, -128, 64, -128, 65, -128, 62, -128, 55, -128, 46, -128, 39, -128, 29, -128, 19]",esp32_1
CSI_DATA,99273,2025-07-23 16:40:48.807,0,walk,00:00:00:00:00:00,-74,11,0,0,0,0,0,0,0,0,0,-97,0,1,0,857180982,0,14,0,0,0,104,0,"[0, 0, -128, -53, -128, -50, -128, -40, -128, -27, -109, -10, -68, 10, -24, 37, 24, 71, 71, 103, 110, 127, 127, 127, 127, 127, 127, 127, 127, 127, 127, 127, 106, 127, 74, 127, 45, 127, 23, 127, 8, 127, 1, 127, 4, 122, 15, 75, 33, 32, 48, 8, 36, 57, 33, 48, 30, 36, 30, 21, 33, 7, 36, -6, 32, -23, 28, -42, 28, -62, 26, -82, 28, -96, 27, -110, 19, -127, 14, -128, 10, -128, -1, -128, -19, -124, -41, -122, -65, -119, -89, -107, -116, -92, -128, -81, -128, -71, -128, -56, -128, -45, -128, -46]",esp32_2
CSI_DATA,200137,2025-07-23 16:40:48.828,0,walk,00:00:00:00:00:00,-62,11,0,0,0,0,0,0,0,0,0,-97,0,1,0,2236146791,0,14,0,0,0,104,0,"[0, 0, -22, 127, 2, 84, 36, 40, 67, 7, 97, -21, 127, -45, 127, -62, 127, -69, 127, -67, 127, -61, 127, -53, 127, -44, 127, -32, 127, -23, 127, -15, 127, -13, 98, -17, 67, -27, 40, -40, 18, -56, 2, -74, -8, -93, -10, -112, -5, -128, 2, -128, -102, 27, -116, 29, -128, 28, -128, 23, -128, 16, -128, 9, -128, 3, -128, -2, -128, -3, -128, 5, -113, 21, -91, 38, -68, 59, -47, 89, -31, 127, -21, 127, -14, 127, -9, 127, -8, 127, -13, 127, -21, 127, -30, 127, -40, 127, -49, 127, -53, 127, -56, 127]",esp32_1
CSI_DATA,99274,2025-07-23 16:40:48.838,0,walk,00:00:00:00:00:00,-74,11,0,0,0,0,0,0,0,0,0,-97,0,1,0,857190941,0,14,0,0,0,104,0,"[0, 0, 127, 107, 127, 98, 127, 89, 127, 74, 106, 51, 60, 16, 17, -24, -29, -61, -68, -105, -96, -128, -124, -128, -128, -128, -128, -128, -128, -128, -111, -128, -86, -128, -62, -128, -41, -128, -23, -128, -8, -128, 0, -128, -4, -112, -16, -67, -34, -27, -46, 0, -1, -69, -6, -61, -14, -50, -19, -38, -25, -22, -35, -4, -41, 12, -47, 24, -53, 40, -59, 63, -70, 85, -74, 98, -65, 105, -58, 111, -55, 115, -45, 115, -27, 116, -6, 123, 25, 124, 59, 115, 86, 109, 119, 107, 127, 104, 127, 101, 127, 102, 127, 101]",esp32_2
CSI_DATA,200138,2025-07-23 16:40:48.857,0,walk,00:00:00:00:00:00,-62,11,0,0,0,0,0,0,0,0,0,-97,0,1,0,2236156786,0,14,0,0,0,104,0,"[0, 0, 96, 0, 55, -12, 18, -27, -15, -49, -43, -72, -67, -92, -85, -111, -95, -127, -100, -128, -101, -128, -98, -128, -89, -128, -74, -128, -57, -128, -44, -122, -34, -96, -28, -70, -28, -44, -32, -18, -40, 3, -51, 22, -62, 38, -74, 47, -87, 49, -98, 49, 24, 74, 23, 87, 21, 104, 18, 119, 13, 127, 6, 127, 0, 127, -5, 127, -5, 120, 1, 105, 12, 87, 29, 67, 51, 49, 76, 31, 101, 14, 125, 1, 127, -10, 127, -17, 127, -20, 127, -18, 127, -15, 127, -10, 127, -5, 127, -1, 127, 5, 127, 12]",esp32_1
CSI_DATA,99275,2025-07-23 16:40:48.865,0,walk,00:00:00:00:00:00,-74,11,0,0,0,0,0,0,0,0,0,-97,0,1,0,857200622,0,14,0,0,0,104,0,"[0, 0, 127, -126, 127, -116, 127, -102, 127, -80, 111, -53, 61, -27, 0, -9, -69, -4, -128, -2, -128, -2, -128, -10, -128, -25, -128, -42, -128, -61, -128, -81, -128, -98, -128, -115, -128, -123, -128, -121, -128, -112, -128, -93, -100, -62, -63, -30, -37, 3, -21, 33, -44, -48, -45, -39, -42, -29, -33, -19, -25, -6, -20, 13, -14, 34, -6, 51, 1, 67, 7, 80, 15, 94, 22, 116, 21, 127, 26, 127, 41, 127, 57, 120, 71, 108, 86, 85, 106, 60, 127, 38, 127, 14, 127, -17, 127, -55, 127, -91, 127, -112, 127, -125]",esp32_2
CSI_DATA,99276,2025-07-23 16:40:48.892,0,walk,00:00:00:00:00:00,-74,11,0,0,0,0,0,0,0,0,0,-97,0,1,0,857210621,0,14,0,0,0,104,0,"[0, 0, 127, 127, 127, 127, 127, 127, 109, 127, 76, 111, 46, 63, 15, 5, -15, -60, -32, -123, -39, -128, -44, -128, -47, -128, -38, -128, -18, -128, 5, -128, 26, -128, 45, -128, 59, -128, 68, -128, 68, -128, 57, -128, 36, -113, 9, -68, -21, -32, -40, -12, 54, -56, 43, -51, 30, -39, 15, -28, -3, -19, -23, -10, -43, -2, -61, 8, -77, 19, -96, 28, -115, 36, -126, 47, -128, 53, -128, 58, -128, 63, -117, 73, -101, 85, -84, 94, -54, 105, -14, 120, 22, 127, 60, 127, 99, 127, 127, 127, 127, 127, 127, 127]",esp32_2
CSI_DATA,99277,2025-07-23 16:40:48.915,0,walk,00:00:00:00:00:00,-74,11,0,0,0,0,0,0,0,0,0,-97,0,1,0,857220579,0,14,0,0,0,104,0,"[0, 0, 127, 127, 127, 127, 127, 127, 127, 127, 93, 107, 49, 54, 10, 1, -24, -57, -60, -113, -90, -128, -110, -128, -124, -128, -125, -128, -111, -128, -94, -128, -74, -128, -46, -128, -19, -128, -5, -128, 0, -128, 2, -128, 1, -115, -7, -65, -27, -23, -45, 5, 65, -44, 51, -41, 33, -39, 19, -32, 4, -17, -19, -4, -42, 1, -66, 6, -91, 14, -108, 20, -122, 27, -128, 37, -128, 46, -128, 49, -128, 54, -124, 61, -103, 70, -78, 84, -47, 100, -13, 116, 25, 127, 67, 127, 111, 127, 127, 127, 127, 127, 127, 127]",esp32_2
CSI_DATA,200140,2025-07-23 16:40:48.949,0,walk,00:00:00:00:00:00,-63,11,0,0,0,0,0,0,0,0,0,-97,0,1,0,2236180220,0,14,0,0,0,104,0,"[0, 0, 86, 50, 51, 17, 21, -15, -7, -51, -29, -87, -46, -120, -57, -128, -60, -128, -58, -128, -54, -128, -49, -128, -41, -128, -28, -128, -15, -128, -7, -128, -2, -116, -1, -85, -7, -55, -17, -25, -30, 0, -47, 21, -64, 36, -80, 44, -96, 46, -108, 43, -46, 73, -55, 85, -68, 100, -80, 111, -90, 117, -99, 116, -102, 112, -101, 106, -91, 98, -75, 90, -54, 82, -26, 73, 7, 68, 42, 68, 75, 70, 108, 75, 127, 86, 127, 98, 127, 106, 127, 114, 127, 122, 127, 127, 127, 127, 127, 127, 127, 127, 127, 125]",esp32_1
CSI_DATA,99278,2025-07-23 16:40:48.949,0,walk,00:00:00:00:00:00,-73,11,0,0,0,0,0,0,0,0,0,-97,0,1,0,857230571,0,14,0,0,0,104,0,"[0, 0, 127, -128, 127, -128, 127, -128, 127, -114, 127, -79, 75, -42, 9, -9, -57, 20, -123, 47, -128, 60, -128, 65, -128, 70, -128, 66, -128, 55, -128, 44, -128, 19, -128, -10, -128, -28, -128, -36, -128, -35, -128, -29, -116, -17, -63, 3, -22, 26, 3, 43, -35, -71, -31, -62, -30, -48, -29, -31, -25, -11, -19, 12, -13, 35, -7, 61, -2, 86, 0, 104, 2, 116, 4, 127, 4, 127, 15, 127, 28, 127, 35, 127, 48, 108, 70, 82, 94, 53, 117, 21, 127, -15, 127, -57, 127, -98, 127, -128, 127, -128, 127, -128]",esp32_2
CSI_DATA,200141,2025-07-23 16:40:48.977,0,walk,00:00:00:00:00:00,-62,11,0,0,0,0,0,0,0,0,0,-97,0,1,0,2236186768,0,14,0,0,0,104,0,"[0, 0, -71, -66, -43, -30, -21, 5, -2, 43, 14, 81, 25, 112, 31, 127, 32, 127, 29, 127, 26, 127, 21, 127, 13, 127, 3, 127, -5, 127, -11, 127, -12, 108, -8, 78, 0, 50, 11, 24, 24, 1, 40, -18, 58, -31, 75, -37, 91, -38, 101, -34, 58, -53, 70, -61, 86, -72, 100, -78, 113, -79, 121, -78, 123, -74, 122, -68, 112, -63, 94, -61, 72, -61, 44, -59, 12, -61, -21, -68, -51, -78, -79, -90, -107, -104, -128, -119, -128, -128, -128, -128, -128, -128, -128, -128, -128, -128, -128, -128, -128, -128, -128, -128]",esp32_1
CSI_DATA,99279,2025-07-23 16:40:48.994,0,walk,00:00:00:00:00:00,-73,11,0,0,0,0,0,0,0,0,0,-97,0,1,0,857240639,0,14,0,0,0,104,0,"[0, 0, 54, -128, 52, -128, 51, -128, 46, -104, 34, -70, 20, -37, 5, -4, -12, 29, -32, 62, -52, 93, -73, 119, -94, 127, -111, 127, -124, 127, -128, 127, -128, 127, -128, 124, -127, 105, -110, 88, -93, 71, -72, 53, -46, 38, -19, 28, 5, 21, 22, 16, -35, -28, -33, -25, -28, -21, -23, -13, -18, -2, -10, 8, 1, 17, 11, 26, 19, 37, 25, 48, 31, 55, 37, 60, 43, 63, 46, 62, 47, 54, 50, 44, 53, 34, 56, 19, 59, -3, 63, -24, 63, -48, 60, -78, 61, -107, 64, -128, 65, -128, 65, -128]",esp32_2
CSI_DATA,200142,2025-07-23 16:40:49.003,0,walk,00:00:00:00:00:00,-62,11,0,0,0,0,0,0,0,0,0,-97,0,1,0,2236196817,0,14,0,0,0,104,0,"[0, 0, 85, 48, 48, 21, 15, -8, -16, -40, -43, -71, -62, -99, -77, -125, -86, -128, -90, -128, -89, -128, -86, -128, -78, -128, -64, -128, -49, -128, -36, -128, -27, -110, -19, -81, -15, -53, -16, -24, -22, 4, -31, 29, -43, 49, -56, 60, -70, 65, -80, 66, -47, 65, -58, 74, -73, 86, -87, 96, -98, 101, -106, 102, -111, 98, -110, 92, -100, 85, -84, 78, -64, 71, -38, 64, -6, 61, 29, 61, 62, 62, 92, 65, 125, 72, 127, 79, 127, 86, 127, 94, 127, 102, 127, 109, 127, 114, 127, 113, 127, 109, 127, 106]",esp32_1
CSI_DATA,99280,2025-07-23 16:40:49.024,0,walk,00:00:00:00:00:00,-73,11,0,0,0,0,0,0,0,0,0,-97,0,1,0,857250941,0,14,0,0,0,104,0,"[0, 0, 127, -10, 127, -3, 127, 3, 127, 3, 127, 4, 65, 8, 6, 4, -57, -5, -119, -16, -128, -27, -128, -39, -128, -58, -128, -83, -128, -105, -128, -120, -128, -128, -128, -128, -128, -128, -128, -128, -128, -107, -121, -83, -83, -55, -53, -19, -30, 21, -15, 49, 20, -74, 13, -67, 9, -56, 4, -41, -7, -25, -18, -12, -29, 3, -39, 23, -49, 45, -59, 63, -66, 73, -68, 86, -66, 101, -61, 109, -52, 110, -35, 106, -12, 98, 17, 91, 51, 83, 82, 70, 112, 54, 127, 38, 127, 20, 127, 0, 127, -11, 127, -12]",esp32_2
CSI_DATA,200143,2025-07-23 16:40:49.026,0,walk,00:00:00:00:00:00,-62,11,0,0,0,0,0,0,0,0,0,-97,0,1,0,2236206785,0,14,0,0,0,104,0,"[0, 0, -1, 102, 1, 55, 8, 9, 16, -34, 22, -74, 31, -111, 42, -128, 55, -128, 65, -128, 73, -128, 80, -128, 84, -128, 87, -128, 85, -128, 77, -120, 64, -93, 46, -69, 25, -47, 3, -29, -19, -14, -42, -1, -62, 7, -80, 9, -96, 5, -107, -1, -82, -24, -95, -28, -111, -35, -125, -44, -128, -54, -128, -62, -128, -67, -128, -67, -124, -62, -110, -50, -95, -31, -76, -10, -55, 13, -37, 41, -22, 74, -11, 111, -1, 127, 10, 127, 19, 127, 26, 127, 27, 127, 26, 127, 26, 127, 25, 127, 22, 127, 18, 127]",esp32_1
CSI_DATA,200144,2025-07-23 16:40:49.048,0,walk,00:00:00:00:00:00,-62,11,0,0,0,0,0,0,0,0,0,-97,0,1,0,2236216781,0,14,0,0,0,104,0,"[0, 0, -47, 87, -22, 50, 5, 14, 31, -16, 56, -41, 82, -61, 107, -80, 127, -95, 127, -102, 127, -102, 127, -99, 127, -91, 127, -79, 127, -65, 125, -51, 102, -38, 75, -27, 47, -23, 20, -22, -4, -24, -25, -27, -44, -33, -59, -42, -69, -54, -73, -65, -61, -50, -70, -60, -81, -72, -91, -84, -97, -97, -98, -107, -95, -111, -89, -110, -81, -102, -75, -88, -68, -68, -60, -43, -53, -17, -51, 12, -53, 47, -57, 84, -63, 120, -68, 127, -73, 127, -80, 127, -86, 127, -92, 127, -97, 127, -98, 127, -95, 127, -91, 127]",esp32_1
CSI_DATA,99281,2025-07-23 16:40:49.055,0,walk,00:00:00:00:00:00,-74,11,0,0,0,0,0,0,0,0,0,-97,0,1,0,857263621,0,14,0,0,0,104,0,"[0, 0, -29, 127, -30, 127, -25, 127, -24, 127, -23, 127, -19, 82, -7, 13, 8, -56, 22, -122, 43, -128, 71, -128, 97, -128, 120, -128, 127, -128, 127, -128, 127, -128, 127, -128, 127, -128, 127, -128, 127, -128, 98, -110, 57, -81, 15, -54, -25, -35, -52, -27, 81, 21, 77, 20, 67, 14, 53, 2, 34, -9, 13, -14, -7, -19, -26, -35, -45, -47, -66, -53, -87, -61, -96, -68, -101, -70, -113, -66, -124, -56, -123, -42, -113, -23, -103, 4, -98, 38, -89, 74, -75, 110, -63, 127, -50, 127, -35, 127, -20, 127, -8, 127]",esp32_2
CSI_DATA,200145,2025-07-23 16:40:49.071,0,walk,00:00:00:00:00:00,-62,11,0,0,0,0,0,0,0,0,0,-97,0,1,0,2236226757,0,14,0,0,0,104,0,"[0, 0, 58, 76, 34, 40, 14, 2, -5, -36, -20, -71, -30, -103, -36, -128, -37, -128, -34, -128, -31, -128, -25, -128, -18, -128, -12, -128, -5, -128, 1, -128, 4, -114, 3, -87, -3, -61, -12, -36, -22, -13, -35, 9, -49, 26, -62, 35, -76, 39, -87, 40, -68, 31, -82, 36, -99, 41, -115, 43, -128, 43, -128, 38, -128, 33, -128, 30, -128, 27, -117, 26, -98, 28, -72, 32, -42, 39, -10, 51, 21, 65, 48, 82, 75, 101, 104, 121, 127, 127, 127, 127, 127, 127, 127, 127, 127, 127, 127, 127, 127, 127, 127, 127]",esp32_1
CSI_DATA,99282,2025-07-23 16:40:49.081,0,walk,00:00:00:00:00:00,-74,11,0,0,0,0,0,0,0,0,0,-97,0,1,0,857271887,0,14,0,0,0,104,0,"[0, 0, -128, 18, -128, 9, -128, 6, -128, 1, -128, -5, -87, -9, -18, -7, 54, 2, 118, 9, 127, 19, 127, 38, 127, 59, 127, 79, 127, 98, 127, 119, 127, 127, 127, 127, 127, 127, 127, 127, 127, 109, 127, 79, 89, 44, 56, 9, 30, -24, 10, -51, -26, 92, -21, 79, -15, 67, -8, 51, -1, 31, 11, 17, 23, -1, 33, -26, 46, -51, 54, -71, 59, -89, 70, -108, 75, -125, 72, -128, 63, -127, 43, -126, 23, -123, 3, -117, -30, -105, -70, -89, -110, -73, -128, -55, -128, -36, -128, -18, -128, -5, -128, 2]",esp32_2
CSI_DATA,200146,2025-07-23 16:40:49.091,0,walk,00:00:00:00:00:00,-62,11,0,0,0,0,0,0,0,0,0,-97,0,1,0,2236236770,0,14,0,0,0,104,0,"[0, 0, -6, -100, -8, -57, -12, -13, -16, 29, -23, 66, -32, 98, -42, 127, -55, 127, -68, 127, -76, 127, -81, 127, -85, 127, -86, 127, -82, 127, -74, 119, -62, 95, -48, 74, -28, 55, -7, 36, 13, 21, 32, 10, 51, 3, 68, 2, 83, 6, 92, 12, 75, 16, 87, 19, 104, 22, 120, 29, 127, 38, 127, 47, 127, 53, 127, 57, 126, 55, 113, 47, 99, 32, 80, 15, 57, -4, 36, -29, 19, -61, 6, -96, -6, -128, -18, -128, -29, -128, -35, -128, -37, -128, -36, -128, -34, -128, -30, -128, -23, -128, -18, -128]",esp32_1
CSI_DATA,99283,2025-07-23 16:40:49.110,0,walk,00:00:00:00:00:00,-73,11,0,0,0,0,0,0,0,0,0,-97,0,1,0,857280621,0,14,0,0,0,104,0,"[0, 0, -107, 127, -106, 127, -104, 127, -94, 127, -74, 127, -45, 84, -15, 22, 18, -44, 56, -105, 94, -128, 127, -128, 127, -128, 127, -128, 127, -128, 127, -128, 127, -128, 127, -128, 127, -128, 127, -128, 127, -110, 127, -85, 95, -62, 46, -45, -3, -36, -35, -36, 83, 35, 77, 38, 66, 33, 50, 22, 31, 9, 11, -3, -11, -15, -31, -35, -51, -59, -72, -77, -87, -92, -92, -102, -95, -107, -104, -109, -113, -106, -116, -92, -118, -72, -114, -47, -104, -12, -103, 26, -104, 68, -100, 121, -93, 127, -91, 127, -89, 127, -78, 127]",esp32_2
CSI_DATA,200147,2025-07-23 16:40:49.113,0,walk,00:00:00:00:00:00,-62,11,0,0,0,0,0,0,0,0,0,-97,0,1,0,2236246774,0,14,0,0,0,104,0,"[0, 0, 14, -116, 5, -67, -9, -17, -23, 27, -37, 66, -53, 100, -70, 127, -88, 127, -104, 127, -115, 127, -122, 127, -124, 127, -123, 127, -117, 127, -105, 121, -87, 98, -66, 78, -43, 59, -17, 43, 6, 30, 29, 21, 52, 17, 73, 18, 89, 23, 101, 29, 76, 32, 90, 40, 106, 49, 122, 59, 127, 72, 127, 83, 127, 91, 127, 92, 127, 89, 115, 81, 98, 63, 81, 40, 64, 14, 49, -19, 37, -59, 28, -101, 21, -128, 14, -128, 8, -128, 5, -128, 5, -128, 9, -128, 15, -128, 20, -128, 23, -128, 24, -128]",esp32_1
CSI_DATA,200148,2025-07-23 16:40:49.135,0,walk,00:00:00:00:00:00,-62,11,0,0,0,0,0,0,0,0,0,-97,0,1,0,2236256823,0,14,0,0,0,104,0,"[0, 0, -117, -49, -68, -26, -22, 0, 22, 32, 61, 65, 93, 93, 119, 117, 127, 127, 127, 127, 127, 127, 127, 127, 127, 127, 127, 127, 117, 127, 97, 127, 78, 127, 63, 101, 50, 72, 41, 41, 36, 10, 37, -20, 40, -46, 47, -66, 58, -81, 66, -91, 46, -73, 58, -88, 74, -108, 90, -123, 107, -128, 121, -128, 127, -128, 127, -125, 127, -117, 115, -108, 96, -96, 67, -83, 31, -73, -9, -68, -50, -63, -92, -57, -128, -58, -128, -64, -128, -72, -128, -79, -128, -85, -128, -93, -128, -99, -128, -100, -128, -100, -128, -104]",esp32_1
CSI_DATA,99284,2025-07-23 16:40:49.135,0,walk,00:00:00:00:00:00,-73,11,0,0,0,0,0,0,0,0,0,-97,0,1,0,857290581,0,14,0,0,0,104,0,"[0, 0, -68, 127, -67, 127, -67, 127, -63, 127, -51, 127, -33, 84, -13, 24, 8, -41, 32, -100, 61, -128, 93, -128, 122, -128, 127, -128, 127, -128, 127, -128, 127, -128, 127, -128, 127, -128, 127, -128, 127, -128, 113, -105, 71, -80, 29, -54, -8, -37, -33, -28, 74, 45, 70, 41, 58, 35, 42, 26, 28, 13, 13, 2, -5, -12, -24, -34, -39, -56, -53, -75, -70, -90, -76, -103, -81, -112, -93, -111, -102, -100, -101, -85, -102, -67, -103, -43, -94, -10, -86, 29, -83, 68, -77, 116, -75, 127, -75, 127, -67, 127, -58, 127]",esp32_2
CSI_DATA,200149,2025-07-23 16:40:49.157,0,walk,00:00:00:00:00:00,-62,11,0,0,0,0,0,0,0,0,0,-97,0,1,0,2236266782,0,14,0,0,0,104,0,"[0, 0, -119, -1, -71, 1, -23, 5, 23, 15, 65, 27, 103, 39, 127, 49, 127, 60, 127, 73, 127, 85, 127, 94, 127, 99, 127, 102, 127, 102, 127, 94, 114, 80, 91, 64, 69, 43, 52, 21, 38, -2, 29, -26, 23, -48, 22, -66, 25, -81, 30, -92, 2, -73, 6, -91, 11, -112, 18, -128, 27, -128, 37, -128, 45, -128, 51, -128, 52, -128, 46, -128, 35, -119, 19, -97, -3, -76, -30, -57, -62, -36, -96, -15, -128, 3, -128, 15, -128, 23, -128, 29, -128, 32, -128, 32, -128, 29, -128, 25, -128, 18, -128, 8]",esp32_1
CSI_DATA,99285,2025-07-23 16:40:49.167,0,walk,00:00:00:00:00:00,-74,11,0,0,0,0,0,0,0,0,0,-97,0,1,0,857300947,0,14,0,171,51,104,0,"[0, 0, -128, 78, -128, 68, -128, 58, -128, 49, -128, 31, -95, 9, -34, -14, 29, -31, 97, -41, 127, -53, 127, -62, 127, -58, 127, -47, 127, -41, 127, -34, 127, -22, 127, -13, 127, -2, 127, 14, 127, 22, 127, 17, 109, 6, 58, -8, 12, -24, -23, -36, -51, 86, -47, 73, -39, 53, -33, 37, -25, 23, -11, 4, 6, -16, 21, -38, 30, -62, 42, -84, 63, -100, 78, -115, 80, -123, 80, -125, 71, -128, 55, -127, 35, -116, 10, -98, -24, -78, -64, -61, -100, -40, -128, -12, -128, 14, -128, 37, -128, 56, -128, 65]",esp32_2
CSI_DATA,200150,2025-07-23 16:40:49.185,0,walk,00:00:00:00:00:00,-63,11,0,0,0,0,0,0,0,0,0,-97,0,1,0,2236286842,0,14,0,0,0,104,0,"[0, 0, -114, 22, -71, 12, -28, 4, 16, 3, 57, 4, 92, 6, 125, 9, 127, 12, 127, 19, 127, 27, 127, 35, 127, 43, 127, 50, 127, 53, 127, 53, 127, 50, 111, 44, 87, 34, 66, 20, 48, 2, 33, -19, 21, -37, 13, -53, 9, -68, 10, -79, -17, -58, -18, -73, -19, -93, -20, -112, -18, -128, -14, -128, -8, -128, -3, -128, -2, -128, -3, -128, -7, -122, -13, -101, -26, -81, -44, -61, -64, -35, -87, -7, -114, 18, -128, 36, -128, 52, -128, 65, -128, 75, -128, 80, -128, 82, -128, 79, -128, 70, -128, 58]",esp32_1
CSI_DATA,99286,2025-07-23 16:40:49.197,0,walk,00:00:00:00:00:00,-73,11,0,0,0,0,0,0,0,0,0,-97,0,1,0,857310605,0,14,0,171,51,104,0,"[0, 0, 52, 127, 41, 127, 32, 127, 26, 127, 18, 127, 9, 89, -2, 25, -8, -42, -10, -108, -13, -128, -7, -128, 5, -128, 20, -128, 34, -128, 46, -128, 61, -128, 76, -128, 83, -128, 81, -128, 72, -128, 58, -128, 35, -104, 9, -62, -17, -23, -38, 3, 84, 35, 82, 32, 71, 27, 52, 20, 32, 11, 11, 0, -14, -9, -39, -22, -59, -40, -82, -57, -103, -68, -114, -72, -118, -77, -126, -78, -128, -69, -128, -57, -128, -43, -121, -17, -101, 15, -75, 49, -54, 87, -36, 127, -13, 127, 14, 127, 32, 127, 37, 127]",esp32_2
CSI_DATA,200151,2025-07-23 16:40:49.205,0,walk,00:00:00:00:00:00,-63,11,0,0,0,0,0,0,0,0,0,-97,0,1,0,2236316844,0,14,0,0,0,104,0,"[0, 0, -110, -53, -72, -40, -35, -24, 2, -3, 36, 19, 66, 41, 91, 63, 110, 83, 122, 102, 127, 119, 127, 127, 127, 127, 127, 127, 114, 127, 98, 127, 82, 127, 66, 114, 54, 93, 45, 70, 39, 46, 36, 22, 38, 1, 42, -17, 50, -31, 57, -38, 11, -46, 15, -62, 19, -80, 23, -97, 31, -111, 40, -120, 47, -125, 53, -128, 53, -128, 48, -127, 41, -118, 30, -107, 10, -98, -15, -90, -42, -80, -68, -68, -95, -60, -126, -57, -128, -57, -128, -55, -128, -55, -128, -60, -128, -65, -128, -68, -128, -69, -128, -74]",esp32_1
CSI_DATA,200152,2025-07-23 16:40:49.228,0,walk,00:00:00:00:00:00,-63,11,0,0,0,0,0,0,0,0,0,-97,0,1,0,2236345826,0,14,0,0,0,104,0,"[0, 0, -128, 79, -98, 52, -60, 28, -20, 12, 20, 3, 60, -5, 97, -12, 127, -14, 127, -9, 127, 1, 127, 14, 127, 26, 127, 38, 127, 48, 127, 57, 127, 60, 127, 56, 113, 47, 93, 35, 75, 20, 60, 3, 50, -16, 46, -34, 48, -52, 50, -64, -50, -31, -63, -36, -79, -44, -94, -53, -108, -62, -117, -71, -121, -78, -121, -82, -120, -82, -119, -79, -115, -66, -109, -50, -106, -34, -107, -11, -109, 18, -114, 50, -124, 78, -128, 104, -128, 127, -128, 127, -128, 127, -128, 127, -128, 127, -128, 127, -128, 127, -128, 127]",esp32_1
CSI_DATA,200153,2025-07-23 16:40:49.247,0,walk,00:00:00:00:00:00,-63,11,0,0,0,0,0,0,0,0,0,-97,0,1,0,2236370658,0,14,0,0,0,104,0,"[0, 0, -71, -111, -50, -78, -34, -44, -21, -6, -11, 31, -6, 65, -8, 96, -15, 122, -24, 127, -32, 127, -42, 127, -51, 127, -59, 127, -66, 127, -68, 127, -63, 126, -56, 110, -46, 95, -30, 79, -14, 68, 3, 61, 20, 57, 34, 57, 44, 63, 50, 70, 21, -50, 22, -62, 24, -78, 29, -92, 38, -103, 48, -110, 55, -113, 60, -115, 60, -114, 54, -109, 46, -104, 30, -96, 10, -89, -14, -89, -39, -92, -62, -98, -89, -108, -118, -119, -128, -128, -128, -128, -128, -128, -128, -128, -128, -128, -128, -128, -128, -128, -128, -128]",esp32_1
CSI_DATA,200154,2025-07-23 16:40:49.273,0,walk,00:00:00:00:00:00,-63,11,0,0,0,0,0,0,0,0,0,-97,0,1,0,2236408247,0,14,0,0,0,104,0,"[0, 0, -41, 127, -29, 83, -10, 37, 9, -2, 31, -37, 56, -69, 81, -94, 106, -111, 125, -120, 127, -122, 127, -121, 127, -116, 127, -107, 127, -98, 127, -85, 108, -73, 85, -67, 62, -64, 42, -64, 21, -67, 2, -70, -13, -76, -24, -84, -31, -97, -35, -105, -52, 1, -66, 3, -82, 5, -99, 5, -117, 3, -128, 0, -128, -4, -128, -7, -128, -9, -126, -8, -113, 0, -97, 11, -79, 26, -62, 47, -45, 75, -30, 107, -19, 127, -10, 127, -1, 127, 1, 127, -3, 127, -9, 127, -19, 127, -31, 127, -40, 127, -44, 127]",esp32_1
CSI_DATA,99288,2025-07-23 16:40:49.278,0,walk,00:00:00:00:00:00,-72,11,0,0,0,0,0,0,0,0,0,-97,0,1,0,857330579,0,14,0,171,51,104,0,"[0, 0, -128, 127, -128, 127, -128, 127, -128, 127, -115, 104, -76, 61, -32, 16, 7, -27, 45, -71, 89, -111, 127, -128, 127, -128, 127, -128, 127, -128, 127, -128, 127, -128, 127, -128, 127, -128, 127, -128, 127, -103, 121, -78, 84, -57, 47, -38, 7, -21, -22, -12, -30, 75, -31, 66, -30, 53, -24, 39, -16, 24, -10, 6, -6, -18, -1, -44, 5, -69, 12, -88, 21, -105, 29, -124, 33, -128, 34, -128, 28, -128, 17, -128, 1, -128, -16, -113, -35, -85, -53, -51, -73, -14, -99, 26, -125, 68, -128, 109, -128, 127, -128, 127]",esp32_2
CSI_DATA,200155,2025-07-23 16:40:49.289,0,walk,00:00:00:00:00:00,-63,11,0,0,0,0,0,0,0,0,0,-97,0,1,0,2236457117,0,14,0,0,0,104,0,"[0, 0, 46, -128, 31, -89, 8, -50, -17, -16, -45, 15, -76, 39, -105, 58, -128, 70, -128, 73, -128, 70, -128, 65, -128, 59, -128, 52, -128, 44, -128, 35, -127, 29, -102, 30, -75, 35, -52, 44, -35, 56, -21, 69, -11, 84, -8, 99, -10, 112, -13, 122, 64, -5, 75, -5, 88, -5, 102, -4, 116, -1, 124, 4, 126, 8, 125, 10, 119, 9, 109, 5, 96, -6, 83, -20, 68, -37, 53, -60, 41, -89, 30, -122, 22, -128, 18, -128, 16, -128, 17, -128, 23, -128, 34, -128, 48, -128, 58, -128, 64, -128, 67, -128]",esp32_1
CSI_DATA,99289,2025-07-23 16:40:49.305,0,walk,00:00:00:00:00:00,-72,11,0,0,0,0,0,0,0,0,0,-97,0,1,0,857340593,0,14,0,0,0,104,0,"[0, 0, -128, 127, -128, 127, -116, 127, -99, 127, -78, 92, -56, 56, -31, 18, -1, -24, 30, -66, 58, -101, 86, -128, 107, -128, 124, -128, 127, -128, 127, -128, 127, -128, 127, -128, 127, -128, 127, -128, 110, -105, 89, -78, 64, -53, 33, -33, 5, -14, -14, 0, -18, 60, -18, 55, -17, 44, -16, 33, -15, 22, -12, 4, -9, -18, -7, -39, -5, -60, 0, -81, 7, -96, 12, -106, 16, -115, 13, -118, 4, -117, -3, -112, -8, -101, -17, -86, -31, -62, -41, -34, -53, -3, -70, 34, -89, 68, -103, 102, -112, 127, -119, 127]",esp32_2
CSI_DATA,200156,2025-07-23 16:40:49.320,0,walk,00:00:00:00:00:00,-64,11,0,0,0,0,0,0,0,0,0,-97,0,1,0,2236486914,0,14,0,0,0,104,0,"[0, 0, 46, -106, 23, -74, -6, -43, -34, -17, -61, 3, -90, 20, -120, 31, -128, 37, -128, 36, -128, 30, -128, 24, -128, 19, -128, 11, -128, 2, -128, -3, -115, -4, -89, 2, -67, 12, -48, 25, -32, 38, -21, 53, -15, 72, -13, 88, -16, 102, -23, 110, 74, 0, 84, 3, 97, 7, 111, 13, 123, 20, 127, 26, 127, 33, 126, 39, 118, 40, 107, 33, 94, 18, 80, 3, 66, -14, 53, -39, 44, -71, 38, -104, 36, -128, 38, -128, 42, -128, 48, -128, 56, -128, 65, -128, 74, -128, 81, -128, 84, -128, 84, -128]",esp32_1
CSI_DATA,200157,2025-07-23 16:40:49.342,0,walk,00:00:00:00:00:00,-63,11,0,0,0,0,0,0,0,0,0,-97,0,1,0,2236506531,0,14,0,0,0,104,0,"[0, 0, -116, 15, -72, 19, -32, 29, 5, 45, 39, 64, 67, 82, 90, 99, 109, 118, 115, 127, 114, 127, 111, 127, 105, 127, 96, 127, 83, 127, 68, 127, 56, 115, 45, 93, 40, 67, 41, 41, 46, 17, 56, -4, 69, -19, 81, -28, 96, -32, 105, -31, -40, -75, -42, -87, -43, -105, -43, -121, -40, -128, -34, -128, -28, -128, -23, -128, -20, -128, -21, -119, -24, -97, -32, -74, -50, -56, -72, -34, -94, -10, -118, 10, -128, 25, -128, 35, -128, 41, -128, 47, -128, 50, -128, 47, -128, 37, -128, 27, -128, 18, -128, 11]",esp32_1
CSI_DATA,99290,2025-07-23 16:40:49.342,0,walk,00:00:00:00:00:00,-72,11,0,0,0,0,0,0,0,0,0,-97,0,1,0,857350562,0,14,0,0,0,104,0,"[0, 0, 127, -79, 127, -68, 127, -55, 127, -44, 127, -34, 88, -20, 39, 2, -17, 23, -71, 45, -119, 73, -128, 94, -128, 110, -128, 123, -128, 127, -128, 119, -128, 107, -128, 94, -128, 86, -128, 77, -128, 61, -128, 49, -97, 34, -60, 18, -18, 11, 17, 6, 75, -12, 64, -10, 52, -5, 43, 2, 32, 11, 12, 16, -15, 20, -38, 28, -60, 42, -78, 54, -94, 63, -112, 71, -123, 77, -121, 83, -112, 93, -100, 96, -82, 84, -57, 70, -28, 61, 7, 54, 47, 41, 88, 20, 127, -3, 127, -22, 127, -40, 127, -49]",esp32_2
CSI_DATA,200158,2025-07-23 16:40:49.364,0,walk,00:00:00:00:00:00,-62,11,0,0,0,0,0,0,0,0,0,-97,0,1,0,2236541292,0,14,0,0,0,104,0,"[0, 0, 95, -80, 61, -59, 23, -41, -15, -27, -53, -17, -89, -12, -122, -9, -128, -12, -128, -26, -128, -43, -128, -55, -128, -64, -128, -69, -128, -72, -128, -72, -128, -69, -112, -60, -90, -44, -71, -24, -56, -3, -47, 17, -46, 37, -48, 55, -53, 69, -59, 76, 65, 28, 75, 36, 86, 47, 97, 60, 107, 72, 110, 81, 108, 86, 105, 88, 100, 89, 94, 86, 86, 73, 80, 54, 78, 33, 79, 9, 82, -22, 87, -54, 99, -83, 115, -109, 126, -128, 127, -128, 127, -128, 127, -128, 127, -128, 127, -128, 127, -128, 127, -128]",esp32_1
CSI_DATA,99291,2025-07-23 16:40:49.372,0,walk,00:00:00:00:00:00,-72,11,0,0,0,0,0,0,0,0,0,-97,0,1,0,857360575,0,14,0,0,0,104,0,"[0, 0, 127, -61, 127, -57, 127, -50, 127, -38, 102, -26, 66, -14, 27, 0, -11, 15, -47, 31, -82, 46, -114, 64, -128, 79, -128, 84, -128, 84, -128, 83, -128, 80, -128, 72, -128, 59, -128, 48, -127, 38, -98, 28, -68, 17, -38, 8, -8, 1, 13, -3, 51, -12, 46, -9, 37, -6, 28, -3, 18, 1, 3, 8, -15, 14, -31, 19, -46, 27, -59, 37, -71, 43, -82, 47, -88, 53, -90, 57, -87, 58, -78, 56, -64, 55, -47, 53, -24, 48, 3, 38, 34, 26, 68, 12, 97, -4, 119, -23, 127, -40, 127, -51]",esp32_2
CSI_DATA,200159,2025-07-23 16:40:49.386,0,walk,00:00:00:00:00:00,-63,11,0,0,0,0,0,0,0,0,0,-97,0,1,0,2236565736,0,14,0,0,0,104,0,"[0, 0, 119, 34, 85, 18, 53, -4, 30, -31, 9, -59, -10, -88, -24, -116, -33, -128, -37, -128, -35, -128, -29, -128, -18, -128, -5, -128, 7, -128, 14, -128, 17, -128, 17, -121, 11, -97, 1, -76, -12, -61, -30, -50, -49, -42, -65, -38, -79, -44, -87, -51, 35, 57, 37, 70, 37, 86, 36, 102, 34, 118, 29, 127, 21, 127, 13, 127, 9, 127, 10, 120, 15, 105, 23, 87, 34, 72, 51, 60, 70, 43, 94, 27, 122, 18, 127, 15, 127, 15, 127, 19, 127, 24, 127, 29, 127, 34, 127, 36, 127, 40, 127, 47]",esp32_1
CSI_DATA,99292,2025-07-23 16:40:49.404,0,walk,00:00:00:00:00:00,-72,11,0,0,0,0,0,0,0,0,0,-97,0,1,0,857370624,0,14,0,0,0,104,0,"[0, 0, 90, -128, 89, -128, 82, -128, 72, -123, 59, -92, 39, -58, 20, -21, 5, 17, -6, 54, -18, 92, -31, 124, -45, 127, -54, 127, -59, 127, -65, 127, -72, 127, -75, 127, -74, 127, -67, 127, -55, 115, -44, 87, -33, 59, -20, 32, -5, 7, 4, -10, 33, -39, 30, -35, 24, -26, 17, -16, 11, -6, 5, 6, -1, 18, -8, 35, -15, 54, -21, 69, -26, 80, -31, 90, -32, 96, -30, 100, -26, 100, -20, 94, -11, 84, 3, 68, 16, 46, 30, 23, 43, -5, 56, -35, 69, -65, 81, -97, 88, -126, 91, -128]",esp32_2
CSI_DATA,200160,2025-07-23 16:40:49.408,0,walk,00:00:00:00:00:00,-62,11,0,0,0,0,0,0,0,0,0,-97,0,1,0,2236591469,0,14,0,0,0,104,0,"[0, 0, -128, 9, -88, 11, -45, 18, -5, 33, 32, 51, 63, 72, 87, 96, 102, 117, 110, 127, 111, 127, 109, 127, 102, 127, 89, 127, 72, 127, 56, 127, 44, 127, 33, 119, 30, 93, 34, 69, 42, 47, 52, 28, 63, 16, 75, 8, 89, 5, 97, 6, -39, -46, -48, -54, -57, -67, -66, -80, -73, -93, -74, -104, -73, -114, -71, -121, -71, -122, -71, -119, -67, -111, -66, -99, -71, -82, -79, -63, -88, -42, -98, -18, -115, 4, -128, 23, -128, 37, -128, 48, -128, 55, -128, 57, -128, 55, -128, 50, -128, 40, -128, 30]",esp32_1
CSI_DATA,200161,2025-07-23 16:40:49.431,0,walk,00:00:00:00:00:00,-63,11,0,0,0,0,0,0,0,0,0,-97,0,1,0,2236629472,0,14,0,0,0,104,0,"[0, 0, 32, 127, 25, 112, 26, 71, 32, 32, 44, -5, 64, -37, 89, -62, 116, -81, 127, -93, 127, -95, 127, -91, 127, -81, 127, -66, 127, -51, 127, -36, 127, -21, 127, -12, 127, -11, 114, -16, 96, -25, 79, -34, 70, -45, 67, -57, 69, -67, 73, -73, -20, 60, -17, 66, -15, 76, -15, 90, -18, 105, -21, 116, -25, 124, -29, 127, -30, 127, -30, 127, -29, 127, -26, 127, -17, 127, -5, 127, 8, 127, 22, 127, 40, 127, 60, 127, 76, 127, 89, 127, 96, 127, 102, 127, 104, 127, 98, 127, 89, 127, 82, 127]",esp32_1
CSI_DATA,99293,2025-07-23 16:40:49.431,0,walk,00:00:00:00:00:00,-72,11,0,0,0,0,0,0,0,0,0,-97,0,1,0,857382369,0,14,0,0,0,104,0,"[0, 0, -128, -128, -119, -128, -106, -128, -87, -128, -59, -128, -30, -128, 0, -63, 33, 5, 68, 69, 100, 127, 126, 127, 127, 127, 127, 127, 127, 127, 127, 127, 127, 127, 127, 127, 114, 127, 93, 127, 76, 127, 55, 127, 34, 119, 17, 61, 5, 6, -3, -32, -25, -91, -23, -78, -16, -62, -4, -46, 7, -25, 20, 1, 35, 27, 46, 55, 52, 83, 66, 107, 87, 127, 96, 127, 99, 127, 103, 127, 110, 127, 112, 122, 107, 99, 100, 67, 86, 30, 70, -9, 50, -59, 19, -117, -12, -128, -41, -128, -74, -128, -104, -128]",esp32_2
CSI_DATA,200162,2025-07-23 16:40:49.454,0,walk,00:00:00:00:00:00,-63,11,0,0,0,0,0,0,0,0,0,-97,0,1,0,2236663636,0,14,0,0,0,104,0,"[0, 0, 31, -128, 15, -101, -7, -76, -31, -57, -58, -41, -85, -30, -112, -28, -128, -31, -128, -38, -128, -50, -128, -65, -128, -77, -128, -85, -128, -88, -128, -87, -117, -81, -104, -71, -94, -59, -88, -47, -85, -33, -86, -21, -91, -13, -97, -10, -105, -11, -110, -14, 29, -69, 34, -74, 41, -80, 47, -86, 54, -92, 58, -96, 59, -99, 60, -102, 60, -105, 58, -107, 52, -110, 44, -113, 39, -118, 32, -128, 19, -128, 6, -128, 1, -128, 0, -128, -2, -128, -2, -128, 4, -128, 12, -128, 22, -128, 33, -128, 41, -128, 44, -128]",esp32_1
CSI_DATA,99294,2025-07-23 16:40:49.458,0,walk,00:00:00:00:00:00,-72,11,0,0,0,0,0,0,0,0,0,-97,0,1,0,857390608,0,14,0,0,0,104,0,"[0, 0, 127, 127, 127, 127, 127, 127, 127, 127, 127, 112, 104, 79, 43, 46, -26, 16, -95, -17, -128, -48, -128, -74, -128, -98, -128, -125, -128, -128, -128, -128, -128, -128, -128, -128, -128, -128, -128, -128, -128, -128, -128, -105, -95, -73, -50, -39, -7, -8, 25, 14, 69, 54, 60, 51, 44, 45, 29, 36, 10, 23, -16, 8, -43, -6, -69, -21, -93, -32, -117, -39, -128, -51, -128, -53, -128, -47, -128, -45, -128, -39, -128, -25, -128, -8, -121, 9, -83, 26, -36, 49, 15, 73, 69, 94, 127, 118, 127, 127, 127, 127, 127, 127]",esp32_2
CSI_DATA,200163,2025-07-23 16:40:49.477,0,walk,00:00:00:00:00:00,-64,11,0,0,0,0,0,0,0,0,0,-97,0,1,0,2236710770,0,14,0,0,0,104,0,"[0, 0, 60, 81, 55, 48, 57, 16, 61, -16, 69, -43, 79, -66, 93, -85, 111, -98, 126, -103, 127, -103, 127, -103, 127, -97, 127, -84, 127, -72, 127, -62, 116, -52, 100, -45, 83, -45, 68, -50, 55, -57, 44, -65, 37, -73, 39, -80, 46, -86, 53, -90, 14, 80, 13, 88, 10, 98, 7, 108, 2, 116, -5, 118, -10, 117, -10, 117, -6, 112, 3, 104, 17, 100, 35, 95, 54, 92, 75, 96, 94, 105, 110, 116, 126, 127, 127, 127, 127, 127, 127, 127, 127, 127, 127, 127, 127, 127, 127, 127, 113, 127, 104, 127]",esp32_1
CSI_DATA,99295,2025-07-23 16:40:49.484,0,walk,00:00:00:00:00:00,-72,11,0,0,0,0,0,0,0,0,0,-97,0,1,0,857405048,0,14,0,0,0,104,0,"[0, 0, 67, 127, 60, 127, 50, 127, 38, 127, 28, 127, 14, 116, -4, 57, -24, -5, -49, -70, -69, -125, -85, -128, -99, -128, -107, -128, -111, -128, -105, -128, -93, -128, -82, -128, -69, -128, -54, -128, -41, -128, -30, -128, -19, -91, -10, -43, -3, 3, 2, 34, 3, 72, 2, 64, 1, 52, -2, 34, -9, 15, -21, -6, -31, -29, -37, -53, -40, -76, -46, -94, -55, -111, -59, -125, -60, -128, -66, -128, -74, -122, -81, -108, -84, -88, -83, -62, -75, -28, -60, 12, -47, 57, -33, 108, -12, 127, 9, 127, 29, 127, 45, 127]",esp32_2
CSI_DATA,200164,2025-07-23 16:40:49.501,0,walk,00:00:00:00:00:00,-64,11,0,0,0,0,0,0,0,0,0,-97,0,1,0,2236736033,0,14,0,0,0,104,0,"[0, 0, -10, -82, -29, -51, -51, -19, -72, 9, -93, 31, -114, 46, -128, 56, -128, 61, -128, 60, -128, 55, -128, 49, -128, 43, -128, 37, -128, 32, -128, 27, -112, 26, -92, 30, -75, 40, -61, 51, -49, 63, -44, 74, -43, 85, -45, 93, -52, 99, -60, 101, 64, -60, 72, -63, 83, -66, 96, -67, 107, -67, 113, -62, 113, -56, 107, -53, 97, -52, 81, -53, 63, -61, 43, -72, 22, -85, 3, -105, -13, -128, -25, -128, -32, -128, -34, -128, -32, -128, -26, -128, -17, -128, -7, -128, 0, -128, 6, -128, 15, -128, 22, -128]",esp32_1
CSI_DATA,200165,2025-07-23 16:40:49.522,0,walk,00:00:00:00:00:00,-65,11,0,0,0,0,0,0,0,0,0,-97,0,1,0,2236761563,0,14,0,0,0,104,0,"[0, 0, 18, -67, -13, -44, -45, -23, -75, -9, -102, -1, -128, 3, -128, 4, -128, 0, -128, -7, -128, -15, -128, -23, -128, -29, -128, -33, -128, -34, -125, -31, -102, -21, -85, -7, -73, 9, -63, 26, -58, 40, -58, 53, -62, 63, -66, 71, -74, 75, -82, 75, 78, -28, 87, -26, 98, -23, 108, -18, 116, -14, 121, -9, 118, -5, 111, -3, 103, -6, 92, -15, 79, -32, 66, -49, 56, -67, 49, -90, 43, -117, 40, -128, 42, -128, 47, -128, 55, -128, 65, -128, 76, -128, 86, -128, 92, -128, 93, -128, 90, -128, 84, -128]",esp32_1
CSI_DATA,200166,2025-07-23 16:40:49.546,0,walk,00:00:00:00:00:00,-65,11,0,0,0,0,0,0,0,0,0,-97,0,1,0,2236795379,0,14,0,0,0,104,0,"[0, 0, 81, 28, 51, 8, 26, -18, 5, -50, -12, -82, -25, -109, -33, -128, -36, -128, -30, -128, -19, -128, -11, -128, -7, -128, -1, -128, 6, -128, 9, -128, 6, -115, -3, -98, -16, -82, -30, -69, -44, -60, -56, -55, -65, -54, -72, -59, -78, -67, -80, -75, 14, 62, 17, 72, 18, 85, 17, 97, 15, 107, 14, 115, 12, 114, 11, 109, 11, 103, 14, 93, 20, 82, 34, 70, 56, 58, 80, 50, 103, 41, 123, 33, 127, 30, 127, 33, 127, 39, 127, 43, 127, 47, 127, 55, 127, 67, 127, 77, 127, 81, 127, 82]",esp32_1
CSI_DATA,200167,2025-07-23 16:40:49.570,0,walk,00:00:00:00:00:00,-64,11,0,0,0,0,0,0,0,0,0,-97,0,1,0,2236832385,0,14,0,0,0,104,0,"[0, 0, 31, -70, -1, -54, -32, -44, -61, -39, -88, -38, -113, -45, -128, -54, -128, -63, -128, -74, -128, -84, -128, -92, -128, -98, -128, -100, -126, -96, -111, -87, -98, -75, -89, -60, -83, -46, -81, -32, -83, -21, -90, -14, -98, -8, -103, -6, -107, -11, -108, -19, 56, -42, 64, -43, 74, -44, 83, -45, 92, -46, 96, -44, 98, -41, 97, -41, 94, -44, 87, -52, 76, -62, 67, -71, 62, -82, 58, -96, 54, -117, 51, -128, 54, -128, 62, -128, 72, -128, 85, -128, 95, -128, 103, -128, 109, -128, 108, -128, 103, -128, 99, -128]",esp32_1
CSI_DATA,99297,2025-07-23 16:40:49.577,0,walk,00:00:00:00:00:00,-72,11,0,0,0,0,0,0,0,0,0,-97,0,1,0,857420604,0,14,0,0,0,104,0,"[0, 0, 62, 127, 56, 127, 46, 127, 35, 127, 25, 112, 12, 74, -4, 35, -17, -4, -34, -41, -52, -75, -67, -108, -81, -128, -87, -128, -86, -128, -86, -128, -82, -128, -73, -128, -60, -128, -48, -128, -37, -114, -27, -83, -18, -53, -13, -25, -8, 3, -3, 23, 5, 50, 1, 43, -2, 32, -5, 22, -9, 11, -14, -2, -18, -16, -24, -31, -30, -46, -36, -57, -44, -65, -49, -71, -52, -74, -57, -76, -58, -74, -56, -64, -55, -48, -52, -28, -45, -2, -35, 24, -25, 50, -14, 79, 3, 109, 20, 127, 35, 127, 44, 127]",esp32_2
CSI_DATA,200168,2025-07-23 16:40:49.592,0,walk,00:00:00:00:00:00,-65,11,0,0,0,0,0,0,0,0,0,-97,0,1,0,2236858962,0,14,0,0,0,104,0,"[0, 0, -45, 67, -16, 45, 16, 27, 46, 15, 76, 9, 105, 7, 127, 10, 127, 15, 127, 23, 127, 33, 127, 44, 127, 54, 127, 61, 127, 63, 127, 59, 119, 52, 106, 40, 96, 27, 90, 14, 86, 2, 88, -8, 95, -14, 100, -15, 105, -13, 108, -11, -58, 30, -65, 31, -72, 32, -80, 36, -89, 40, -94, 42, -95, 45, -96, 47, -96, 50, -92, 56, -84, 66, -76, 78, -72, 89, -69, 105, -66, 124, -64, 127, -67, 127, -73, 127, -79, 127, -88, 127, -96, 127, -102, 127, -108, 127, -109, 127, -107, 127, -104, 127]",esp32_1
CSI_DATA,99298,2025-07-23 16:40:49.605,0,walk,00:00:00:00:00:00,-72,11,0,0,0,0,0,0,0,0,0,-97,0,1,0,857430579,0,14,0,0,0,104,0,"[0, 0, 127, 127, 127, 127, 127, 127, 127, 127, 103, 127, 61, 125, 15, 66, -33, 7, -83, -52, -126, -112, -128, -128, -128, -128, -128, -128, -128, -128, -128, -128, -128, -128, -128, -128, -128, -128, -119, -128, -94, -128, -65, -128, -43, -86, -29, -33, -15, 17, -4, 48, 61, 72, 51, 64, 35, 52, 18, 42, 1, 32, -20, 13, -46, -5, -69, -21, -89, -42, -115, -64, -128, -76, -128, -80, -128, -83, -128, -80, -128, -71, -128, -59, -124, -39, -108, -11, -83, 26, -50, 62, -14, 97, 27, 127, 71, 127, 119, 127, 127, 127, 127, 127]",esp32_2
CSI_DATA,99299,2025-07-23 16:40:49.635,0,walk,00:00:00:00:00:00,-72,11,0,0,0,0,0,0,0,0,0,-97,0,1,0,857440619,0,14,0,0,0,104,0,"[0, 0, -128, -110, -128, -103, -128, -94, -128, -83, -128, -71, -116, -61, -54, -52, 14, -39, 80, -25, 127, -9, 127, 6, 127, 17, 127, 28, 127, 40, 127, 50, 127, 59, 127, 67, 127, 68, 127, 58, 127, 43, 127, 33, 88, 19, 38, 0, -5, -19, -39, -36, -84, -39, -73, -36, -60, -34, -43, -32, -19, -27, 6, -20, 34, -15, 62, -14, 88, -10, 109, -3, 126, 4, 127, 1, 127, -4, 127, -7, 127, -16, 127, -27, 114, -39, 85, -49, 50, -57, 5, -65, -45, -73, -100, -85, -128, -99, -128, -106, -128, -110, -128, -111]",esp32_2
CSI_DATA,99300,2025-07-23 16:40:49.666,0,walk,00:00:00:00:00:00,-72,11,0,0,0,0,0,0,0,0,0,-97,0,1,0,857450596,0,14,0,0,0,104,0,"[0, 0, -128, -128, -128, -128, -128, -128, -128, -128, -128, -108, -113, -83, -48, -56, 13, -27, 77, 4, 127, 32, 127, 56, 127, 79, 127, 104, 127, 127, 127, 127, 127, 127, 127, 127, 127, 127, 127, 127, 127, 107, 127, 73, 89, 39, 47, 4, 11, -31, -15, -58, -94, -32, -85, -34, -69, -36, -49, -34, -24, -32, 2, -28, 29, -21, 62, -15, 97, -15, 126, -19, 127, -16, 127, -11, 127, -13, 127, -17, 127, -22, 127, -30, 126, -42, 96, -55, 58, -64, 10, -75, -45, -92, -106, -112, -128, -124, -128, -128, -128, -128, -128, -128]",esp32_2
CSI_DATA,200171,2025-07-23 16:40:49.691,0,walk,00:00:00:00:00:00,-65,11,0,0,0,0,0,0,0,0,0,-97,0,1,0,2236966532,0,14,0,0,0,104,0,"[0, 0, 52, -72, 24, -43, -6, -14, -32, 7, -59, 22, -85, 34, -113, 44, -128, 47, -128, 45, -128, 42, -128, 36, -128, 34, -128, 33, -128, 31, -128, 27, -126, 23, -108, 26, -91, 33, -76, 43, -66, 56, -57, 65, -52, 71, -54, 80, -62, 89, -71, 97, 69, -4, 77, -5, 86, -5, 96, -4, 105, -3, 109, -2, 106, -3, 102, -8, 97, -14, 87, -22, 81, -39, 77, -57, 72, -76, 69, -105, 63, -128, 60, -128, 67, -128, 76, -128, 89, -128, 100, -128, 110, -128, 118, -128, 122, -128, 127, -128, 127, -128, 127, -128]",esp32_1
CSI_DATA,99301,2025-07-23 16:40:49.700,0,walk,00:00:00:00:00:00,-72,11,0,0,0,0,0,0,0,0,0,-97,0,1,0,857460583,0,14,0,0,0,104,0,"[0, 0, -15, 127, -13, 127, -15, 127, -24, 127, -34, 127, -38, 127, -43, 71, -51, 3, -57, -69, -65, -128, -75, -128, -80, -128, -78, -128, -71, -128, -66, -128, -58, -128, -45, -128, -37, -128, -31, -128, -25, -128, -20, -128, -19, -89, -24, -36, -28, 13, -30, 52, -23, 103, -30, 93, -35, 76, -36, 56, -37, 33, -40, 5, -40, -25, -41, -55, -48, -85, -50, -115, -51, -128, -50, -128, -52, -128, -57, -128, -62, -128, -66, -128, -70, -119, -77, -84, -78, -35, -75, 21, -73, 78, -68, 127, -64, 127, -59, 127, -44, 127, -30, 127]",esp32_2
CSI_DATA,200172,2025-07-23 16:40:49.719,0,walk,00:00:00:00:00:00,-65,11,0,0,0,0,0,0,0,0,0,-97,0,1,0,2236994049,0,14,0,0,0,104,0,"[0, 0, 12, -96, -4, -55, -23, -17, -46, 14, -67, 40, -85, 63, -103, 84, -118, 99, -128, 107, -128, 110, -128, 111, -128, 112, -128, 107, -128, 97, -127, 89, -110, 82, -89, 78, -69, 77, -51, 82, -37, 88, -28, 95, -20, 104, -16, 111, -17, 120, -21, 127, 82, -30, 91, -33, 101, -34, 109, -32, 114, -29, 112, -29, 104, -31, 96, -35, 84, -42, 65, -53, 44, -69, 25, -90, 11, -113, -2, -128, -17, -128, -27, -128, -28, -128, -24, -128, -18, -128, -10, -128, 1, -128, 15, -128, 24, -128, 31, -128, 40, -128, 44, -128]",esp32_1
CSI_DATA,200173,2025-07-23 16:40:49.742,0,walk,00:00:00:00:00:00,-65,11,0,0,0,0,0,0,0,0,0,-97,0,1,0,2237028384,0,14,0,0,0,104,0,"[0, 0, -34, -66, -22, -16, -14, 32, -10, 76, -10, 111, -10, 127, -10, 127, -10, 127, -10, 127, -13, 127, -16, 127, -13, 127, -11, 127, -8, 127, 3, 127, 16, 107, 29, 87, 44, 70, 58, 56, 74, 46, 90, 40, 101, 36, 110, 36, 118, 42, 123, 47, 90, -56, 101, -57, 115, -59, 127, -59, 127, -57, 127, -50, 123, -44, 112, -40, 94, -38, 66, -43, 34, -49, 2, -61, -30, -81, -64, -107, -96, -128, -125, -128, -128, -128, -128, -128, -128, -128, -128, -128, -128, -128, -128, -128, -128, -128, -128, -128, -116, -128, -98, -128]",esp32_1
CSI_DATA,200174,2025-07-23 16:40:49.766,0,walk,00:00:00:00:00:00,-65,11,0,0,0,0,0,0,0,0,0,-97,0,1,0,2237055418,0,14,0,0,0,104,0,"[0, 0, -35, -31, 1, -10, 32, 14, 62, 38, 90, 56, 111, 72, 125, 86, 127, 93, 127, 97, 127, 101, 127, 101, 127, 94, 115, 83, 100, 70, 84, 53, 69, 35, 55, 15, 42, -6, 34, -26, 29, -45, 25, -65, 24, -79, 26, -87, 31, -93, 36, -96, 70, -50, 82, -55, 96, -61, 107, -62, 112, -62, 113, -58, 109, -52, 101, -47, 87, -44, 67, -42, 42, -39, 11, -38, -23, -40, -59, -45, -93, -51, -123, -56, -128, -64, -128, -77, -128, -89, -128, -97, -128, -103, -128, -108, -128, -110, -128, -107, -128, -100, -128, -93]",esp32_1
CSI_DATA,99303,2025-07-23 16:40:49.775,0,walk,00:00:00:00:00:00,-72,11,0,0,0,0,0,0,0,0,0,-97,0,1,0,857480628,0,14,0,0,0,104,0,"[0, 0, 29, -128, 30, -128, 31, -128, 30, -128, 27, -121, 26, -83, 28, -41, 28, 3, 27, 41, 30, 75, 33, 109, 35, 127, 34, 127, 35, 127, 34, 127, 31, 127, 25, 127, 20, 127, 18, 126, 14, 100, 10, 72, 9, 44, 11, 15, 15, -11, 17, -28, 32, -54, 31, -49, 29, -41, 27, -30, 25, -18, 24, -3, 24, 14, 23, 30, 20, 45, 15, 61, 15, 77, 15, 90, 14, 95, 17, 95, 22, 91, 26, 82, 30, 68, 35, 46, 39, 22, 42, -4, 43, -35, 43, -67, 43, -101, 42, -128, 39, -128, 39, -128]",esp32_2
CSI_DATA,200175,2025-07-23 16:40:49.785,0,walk,00:00:00:00:00:00,-65,11,0,0,0,0,0,0,0,0,0,-97,0,1,0,2237079937,0,14,0,0,0,104,0,"[0, 0, 33, 40, -3, 16, -35, -7, -67, -29, -97, -49, -120, -65, -128, -79, -128, -90, -128, -98, -128, -104, -128, -108, -128, -104, -128, -96, -112, -87, -91, -74, -71, -55, -54, -34, -41, -13, -30, 8, -22, 29, -16, 49, -13, 66, -14, 78, -19, 86, -25, 92, -79, 42, -90, 44, -104, 46, -117, 48, -125, 48, -126, 45, -123, 43, -116, 40, -103, 39, -83, 39, -60, 38, -30, 40, 3, 47, 37, 55, 69, 60, 97, 66, 126, 77, 127, 89, 127, 98, 127, 107, 127, 111, 127, 114, 127, 114, 127, 112, 127, 106, 127, 101]",esp32_1
CSI_DATA,200176,2025-07-23 16:40:49.807,0,walk,00:00:00:00:00:00,-65,11,0,0,0,0,0,0,0,0,0,-97,0,1,0,2237114312,0,14,0,0,0,104,0,"[0, 0, 13, 60, -2, 17, -12, -23, -21, -61, -26, -97, -31, -128, -33, -128, -31, -128, -29, -128, -29, -128, -27, -128, -22, -128, -10, -128, -1, -128, 1, -128, 1, -115, -1, -90, -7, -67, -17, -45, -31, -25, -44, -7, -55, 8, -67, 14, -81, 15, -91, 13, -90, 22, -103, 23, -116, 21, -126, 18, -128, 16, -128, 12, -128, 8, -128, 5, -122, 6, -102, 13, -82, 22, -59, 32, -31, 45, -4, 64, 21, 84, 43, 104, 63, 127, 84, 127, 100, 127, 108, 127, 111, 127, 113, 127, 112, 127, 106, 127, 93, 127, 81, 127]",esp32_1
CSI_DATA,200177,2025-07-23 16:40:49.831,0,walk,00:00:00:00:00:00,-64,11,0,0,0,0,0,0,0,0,0,-97,0,1,0,2237153051,0,14,0,0,0,104,0,"[0, 0, 21, -71, 4, -31, -17, 8, -36, 42, -57, 70, -80, 93, -101, 113, -122, 127, -128, 127, -128, 127, -128, 127, -128, 126, -128, 116, -128, 104, -128, 90, -117, 76, -95, 68, -72, 62, -49, 59, -28, 58, -11, 61, 3, 67, 14, 78, 20, 88, 22, 94, 94, -7, 104, -5, 114, -1, 125, 2, 127, 8, 127, 14, 127, 19, 127, 19, 127, 16, 115, 9, 99, -4, 82, -20, 63, -37, 48, -60, 35, -88, 25, -119, 17, -128, 12, -128, 8, -128, 10, -128, 17, -128, 24, -128, 29, -128, 36, -128, 42, -128, 45, -128]",esp32_1
CSI_DATA,200178,2025-07-23 16:40:49.856,0,walk,00:00:00:00:00:00,-64,11,0,0,0,0,0,0,0,0,0,-97,0,1,0,2237203686,0,14,0,0,0,104,0,"[0, 0, -48, 82, -28, 51, -1, 20, 23, -5, 47, -26, 75, -44, 104, -57, 127, -65, 127, -70, 127, -70, 127, -66, 127, -59, 127, -49, 127, -39, 127, -31, 127, -23, 125, -19, 106, -20, 88, -25, 71, -33, 57, -41, 47, -51, 41, -64, 41, -75, 44, -83, -77, 22, -87, 22, -99, 21, -111, 17, -122, 12, -128, 8, -128, 5, -126, 1, -121, 2, -112, 7, -100, 20, -87, 32, -74, 43, -63, 60, -54, 85, -46, 112, -42, 127, -42, 127, -44, 127, -49, 127, -55, 127, -62, 127, -69, 127, -72, 127, -73, 127, -73, 127]",esp32_1
CSI_DATA,99305,2025-07-23 16:40:49.856,0,walk,00:00:00:00:00:00,-72,11,0,0,0,0,0,0,0,0,0,-97,0,1,0,857500606,0,14,0,0,0,104,0,"[0, 0, 57, -128, 52, -128, 55, -128, 59, -128, 57, -128, 52, -126, 49, -64, 44, 5, 41, 75, 39, 127, 35, 127, 31, 127, 21, 127, 15, 127, 12, 127, 6, 127, -6, 127, -14, 127, -10, 127, -4, 127, -1, 127, 5, 79, 17, 29, 32, -15, 43, -47, 29, -112, 30, -99, 35, -83, 42, -61, 49, -36, 56, -12, 59, 18, 60, 51, 60, 84, 59, 115, 62, 127, 64, 127, 60, 127, 61, 127, 65, 127, 66, 127, 71, 116, 79, 79, 78, 33, 77, -15, 80, -61, 82, -119, 82, -128, 78, -128, 64, -128, 50, -128]",esp32_2
