type,seq,timestamp,taget_seq,taget,mac,rssi,rate,sig_mode,mcs,cwb,smoothing,not_sounding,aggregation,stbc,fec_coding,sgi,noise_floor,ampdu_cnt,channel_primary,channel_secondary,local_timestamp,ant,sig_len,rx_state,agc_gain,fft_gain,len,first_word_invalid,data,device_id
CSI_DATA,199356,2025-07-23 16:40:25.412,0,walk,00:00:00:00:00:00,-63,11,0,0,0,0,0,0,0,0,0,-97,0,1,0,2213336045,0,14,0,88,-25,104,0,"[0, 0, -41, 119, -27, 79, -5, 37, 18, 0, 43, -30, 69, -55, 97, -76, 123, -93, 127, -101, 127, -102, 127, -99, 127, -91, 127, -79, 127, -66, 127, -53, 127, -42, 120, -35, 95, -31, 71, -33, 47, -39, 27, -48, 12, -60, 3, -73, 0, -87, -1, -97, -75, 16, -88, 17, -102, 19, -115, 18, -127, 15, -128, 12, -128, 8, -128, 7, -127, 9, -117, 15, -105, 27, -90, 39, -76, 53, -62, 74, -49, 101, -39, 127, -32, 127, -26, 127, -22, 127, -22, 127, -27, 127, -32, 127, -37, 127, -41, 127, -47, 127, -52, 127]",esp32_1
CSI_DATA,199357,2025-07-23 16:40:25.450,0,walk,00:00:00:00:00:00,-64,11,0,0,0,0,0,0,0,0,0,-97,0,1,0,2213347617,0,14,0,88,-25,104,0,"[0, 0, 5, 119, 2, 77, 7, 36, 11, -4, 16, -40, 25, -74, 41, -106, 58, -128, 72, -128, 85, -128, 95, -128, 102, -128, 110, -128, 115, -128, 108, -122, 94, -101, 79, -84, 62, -70, 41, -59, 18, -51, -5, -47, -24, -48, -40, -54, -52, -65, -58, -76, -67, 29, -77, 34, -90, 37, -104, 39, -115, 40, -123, 38, -126, 35, -125, 33, -116, 33, -102, 36, -87, 43, -67, 51, -47, 61, -27, 78, -7, 99, 11, 122, 25, 127, 41, 127, 54, 127, 61, 127, 64, 127, 65, 127, 63, 127, 56, 127, 47, 127, 40, 127]",esp32_1
CSI_DATA,98474,2025-07-23 16:40:25.457,0,walk,00:00:00:00:00:00,-75,11,0,0,0,0,0,0,0,0,0,-97,0,1,0,833603662,0,14,0,0,0,104,0,"[0, 0, -65, -128, -46, -128, -24, -128, -1, -111, 35, -88, 85, -80, 127, -76, 127, -77, 127, -93, 127, -111, 127, -128, 127, -128, 127, -128, 127, -128, 127, -128, 127, -128, 127, -128, 127, -128, 127, -128, 127, -113, 123, -76, 112, -40, 97, -4, 88, 32, 87, 54, -36, 28, -28, 21, -19, 9, -11, 1, -6, -9, -7, -23, -8, -41, -11, -66, -18, -88, -27, -100, -38, -107, -49, -117, -62, -124, -74, -124, -78, -125, -83, -122, -88, -115, -84, -119, -76, -128, -68, -128, -64, -128, -61, -128, -56, -128, -53, -128, -57, -128, -68, -128]",esp32_2
CSI_DATA,199358,2025-07-23 16:40:25.484,0,walk,00:00:00:00:00:00,-63,11,0,0,0,0,0,0,0,0,0,-97,0,1,0,2213354789,0,14,0,88,-25,104,0,"[0, 0, -61, 107, -40, 70, -15, 37, 10, 10, 36, -16, 63, -39, 91, -59, 117, -73, 127, -78, 127, -77, 127, -73, 127, -67, 127, -57, 127, -46, 127, -35, 127, -26, 108, -21, 85, -21, 62, -25, 40, -31, 23, -40, 10, -53, 1, -67, -4, -81, -4, -91, -75, -11, -86, -14, -98, -18, -109, -23, -117, -29, -121, -33, -121, -36, -119, -38, -114, -36, -106, -28, -95, -13, -83, 3, -73, 22, -65, 46, -58, 76, -54, 108, -55, 127, -56, 127, -56, 127, -59, 127, -64, 127, -72, 127, -81, 127, -87, 127, -89, 127, -89, 127]",esp32_1
CSI_DATA,98475,2025-07-23 16:40:25.484,0,walk,00:00:00:00:00:00,-75,11,0,0,0,0,0,0,0,0,0,-97,0,1,0,833616888,0,14,0,0,0,104,0,"[0, 0, 106, -123, 88, -80, 64, -34, 43, 11, 37, 64, 40, 121, 44, 127, 51, 127, 64, 127, 80, 127, 96, 127, 113, 127, 127, 127, 127, 127, 127, 127, 127, 127, 117, 127, 91, 127, 63, 127, 31, 127, -1, 106, -32, 69, -67, 37, -104, 13, -128, -6, -38, -10, -32, -12, -30, -12, -22, -16, -8, -22, 0, -24, 7, -27, 18, -26, 25, -25, 24, -26, 25, -24, 28, -32, 26, -44, 30, -47, 42, -49, 53, -46, 67, -41, 84, -46, 94, -62, 111, -77, 127, -90, 127, -106, 127, -124, 127, -128, 127, -128, 127, -128]",esp32_2
CSI_DATA,98476,2025-07-23 16:40:25.511,0,walk,00:00:00:00:00:00,-76,11,0,0,0,0,0,0,0,0,0,-97,0,1,0,833624856,0,14,0,0,0,104,0,"[0, 0, -128, -30, -110, -24, -46, -24, 12, -25, 61, -35, 113, -45, 127, -50, 127, -70, 127, -96, 127, -118, 127, -128, 127, -128, 127, -128, 127, -128, 127, -128, 127, -110, 127, -85, 127, -62, 127, -37, 120, -9, 70, 18, 24, 42, -17, 54, -53, 67, -75, 84, 25, 17, 22, 13, 12, 10, 4, 11, 2, 13, -2, 15, -10, 16, -16, 18, -15, 19, -14, 15, -15, 8, -12, -4, -9, -19, -13, -33, -21, -47, -32, -57, -46, -61, -66, -71, -86, -89, -107, -98, -128, -97, -128, -96, -128, -90, -128, -76, -128, -65, -128, -57]",esp32_2
CSI_DATA,98477,2025-07-23 16:40:25.536,0,walk,00:00:00:00:00:00,-76,11,0,0,0,0,0,0,0,0,0,-97,0,1,0,833633592,0,14,0,0,0,104,0,"[0, 0, -106, 119, -83, 88, -54, 55, -19, 15, 18, -26, 51, -70, 85, -128, 119, -128, 127, -128, 127, -128, 127, -128, 127, -128, 127, -128, 127, -128, 127, -128, 127, -128, 127, -128, 127, -128, 125, -104, 82, -58, 39, -23, -2, 11, -43, 39, -79, 60, -104, 75, 0, 0, 1, 6, 5, 5, 12, 5, 9, 12, -1, 17, -5, 11, -5, 7, -11, 5, -19, -4, -26, -7, -36, -10, -47, -16, -65, -22, -88, -23, -106, -14, -117, -3, -127, 13, -128, 33, -128, 52, -128, 73, -128, 101, -128, 124, -128, 127, -128, 127, -128, 127]",esp32_2
CSI_DATA,98478,2025-07-23 16:40:25.567,0,walk,00:00:00:00:00:00,-76,11,0,0,0,0,0,0,0,0,0,-97,0,1,0,833646893,0,14,0,0,0,104,0,"[0, 0, -98, -128, -83, -128, -58, -98, -35, -43, -24, 12, -18, 65, -15, 123, -20, 127, -27, 127, -31, 127, -41, 127, -63, 127, -90, 127, -113, 127, -127, 127, -127, 127, -123, 127, -114, 127, -87, 104, -50, 69, -9, 38, 36, 15, 79, 0, 113, -3, 127, 2, 8, 33, 11, 34, 10, 42, 6, 46, 4, 41, 2, 32, 4, 23, 3, 6, 0, -19, 10, -47, 18, -74, 18, -97, 19, -122, 20, -128, 23, -128, 22, -128, 19, -128, 20, -128, 9, -128, -13, -128, -35, -128, -55, -128, -72, -128, -93, -128, -109, -128, -114, -128]",esp32_2
CSI_DATA,199360,2025-07-23 16:40:25.577,0,walk,00:00:00:00:00:00,-63,11,0,0,0,0,0,0,0,0,0,-97,0,1,0,2213374788,0,14,0,88,-25,104,0,"[0, 0, -40, -112, -27, -72, -18, -32, -10, 8, -5, 45, -4, 81, -7, 113, -15, 127, -23, 127, -31, 127, -38, 127, -45, 127, -53, 127, -59, 127, -59, 127, -53, 118, -44, 96, -31, 76, -13, 59, 7, 45, 26, 33, 45, 27, 63, 27, 76, 34, 83, 41, 64, -39, 74, -44, 86, -50, 98, -53, 111, -53, 117, -50, 119, -47, 117, -45, 109, -43, 93, -44, 75, -50, 53, -54, 27, -61, 1, -73, -23, -91, -45, -111, -68, -128, -90, -128, -107, -128, -117, -128, -123, -128, -127, -128, -128, -128, -122, -128, -110, -128, -100, -128]",esp32_1
CSI_DATA,98479,2025-07-23 16:40:25.593,0,walk,00:00:00:00:00:00,-75,11,0,0,0,0,0,0,0,0,0,-97,0,1,0,833654681,0,14,0,0,0,104,0,"[0, 0, 127, 117, 127, 95, 114, 65, 71, 23, 31, -18, 0, -58, -20, -105, -29, -128, -34, -128, -38, -128, -34, -128, -17, -128, 4, -128, 25, -128, 42, -128, 52, -128, 58, -128, 58, -128, 44, -115, 17, -75, -13, -44, -48, -19, -82, -3, -115, -5, -128, -18, -40, -28, -44, -18, -49, -13, -50, -16, -45, -17, -35, -13, -17, -5, 4, 7, 25, 21, 42, 42, 51, 66, 65, 88, 83, 115, 92, 127, 95, 127, 101, 127, 109, 127, 118, 127, 127, 127, 127, 127, 127, 127, 127, 127, 127, 127, 127, 127, 127, 127, 127, 127]",esp32_2
CSI_DATA,199361,2025-07-23 16:40:25.607,0,walk,00:00:00:00:00:00,-63,11,0,0,0,0,0,0,0,0,0,-97,0,1,0,2213384770,0,14,0,88,-25,104,0,"[0, 0, 109, -34, 68, -27, 28, -21, -12, -23, -48, -28, -81, -33, -110, -40, -128, -48, -128, -58, -128, -69, -128, -81, -128, -89, -128, -93, -128, -95, -121, -88, -101, -76, -80, -63, -62, -46, -50, -26, -43, -4, -42, 17, -43, 37, -48, 52, -57, 63, -65, 69, 42, 60, 47, 71, 53, 85, 55, 100, 55, 111, 53, 115, 46, 117, 41, 115, 41, 108, 43, 93, 45, 74, 50, 53, 63, 30, 79, 7, 94, -16, 110, -41, 127, -66, 127, -84, 127, -94, 127, -101, 127, -105, 127, -106, 127, -104, 127, -98, 127, -85, 127, -72]",esp32_1
CSI_DATA,98480,2025-07-23 16:40:25.618,0,walk,00:00:00:00:00:00,-73,11,0,0,0,0,0,0,0,0,0,-97,0,1,0,833663579,0,14,0,0,0,104,0,"[0, 0, -31, -128, -31, -128, -33, -128, -39, -103, -53, -63, -72, -31, -104, -1, -128, 29, -128, 47, -128, 49, -128, 48, -128, 40, -128, 20, -128, -5, -128, -21, -128, -29, -128, -36, -128, -35, -111, -22, -85, -1, -71, 24, -62, 52, -62, 77, -71, 99, -81, 117, 56, 8, 55, 4, 54, 3, 48, 5, 36, 6, 26, 3, 17, -6, 4, -19, -12, -38, -24, -66, -29, -96, -29, -120, -27, -128, -22, -128, -19, -128, -12, -128, -3, -128, 0, -128, -3, -128, -7, -128, -8, -128, -9, -128, -19, -128, -32, -128, -40, -128, -42, -128]",esp32_2
CSI_DATA,199362,2025-07-23 16:40:25.639,0,walk,00:00:00:00:00:00,-63,11,0,0,0,0,0,0,0,0,0,-97,0,1,0,2213394815,0,14,0,88,-25,104,0,"[0, 0, 115, -92, 67, -59, 19, -28, -28, -5, -73, 13, -117, 27, -128, 38, -128, 45, -128, 45, -128, 39, -128, 31, -128, 21, -128, 12, -128, 3, -128, -2, -128, -4, -128, -3, -98, 6, -68, 20, -42, 37, -22, 57, -8, 78, 0, 99, 0, 119, -2, 127, 71, 72, 81, 83, 89, 100, 95, 116, 99, 127, 98, 127, 94, 127, 88, 127, 83, 127, 79, 107, 77, 77, 77, 44, 80, 11, 90, -24, 102, -65, 117, -110, 127, -128, 127, -128, 127, -128, 127, -128, 127, -128, 127, -128, 127, -128, 127, -128, 127, -128, 127, -128]",esp32_1
CSI_DATA,98481,2025-07-23 16:40:25.639,0,walk,00:00:00:00:00:00,-72,11,0,0,0,0,0,0,0,0,0,-97,0,1,0,833673628,0,14,0,0,0,104,0,"[0, 0, 127, -128, 125, -128, 101, -128, 74, -122, 36, -105, -4, -99, -40, -101, -79, -108, -115, -123, -128, -128, -128, -128, -128, -128, -128, -128, -118, -128, -97, -128, -77, -128, -62, -128, -52, -128, -46, -124, -52, -97, -66, -79, -79, -62, -93, -50, -109, -54, -120, -65, 50, 26, 51, 32, 47, 30, 41, 24, 35, 17, 26, 5, 21, -11, 21, -34, 23, -63, 26, -91, 32, -115, 49, -128, 77, -128, 102, -128, 124, -128, 127, -128, 127, -128, 127, -128, 127, -128, 127, -128, 127, -128, 127, -128, 127, -128, 127, -128, 127, -128, 127, -128]",esp32_2
CSI_DATA,199363,2025-07-23 16:40:25.670,0,walk,00:00:00:00:00:00,-63,11,0,0,0,0,0,0,0,0,0,-97,0,1,0,2213404814,0,14,0,0,0,104,0,"[0, 0, 74, -86, 42, -54, 7, -26, -27, -2, -59, 19, -90, 35, -121, 48, -128, 58, -128, 60, -128, 57, -128, 53, -128, 47, -128, 39, -128, 32, -128, 25, -128, 20, -102, 19, -75, 22, -50, 29, -28, 38, -10, 51, 4, 66, 13, 81, 16, 95, 13, 105, 69, 47, 77, 57, 85, 69, 91, 79, 95, 89, 96, 97, 92, 101, 86, 97, 81, 88, 75, 73, 70, 50, 65, 25, 64, -2, 66, -35, 70, -72, 77, -109, 88, -128, 102, -128, 115, -128, 127, -128, 127, -128, 127, -128, 127, -128, 127, -128, 127, -128, 127, -128]",esp32_1
CSI_DATA,199364,2025-07-23 16:40:25.702,0,walk,00:00:00:00:00:00,-63,11,0,0,0,0,0,0,0,0,0,-97,0,1,0,2213417260,0,14,0,0,0,104,0,"[0, 0, -53, -90, -34, -49, -22, -8, -13, 32, -6, 71, -4, 106, -7, 127, -14, 127, -21, 127, -25, 127, -30, 127, -37, 127, -43, 127, -46, 127, -43, 127, -35, 122, -25, 99, -10, 79, 7, 63, 27, 47, 46, 37, 64, 32, 80, 33, 92, 39, 98, 46, 60, -56, 69, -63, 81, -71, 94, -75, 106, -77, 112, -75, 112, -69, 108, -63, 97, -59, 79, -57, 59, -58, 32, -61, 1, -65, -31, -77, -60, -93, -86, -112, -112, -128, -128, -128, -128, -128, -128, -128, -128, -128, -128, -128, -128, -128, -128, -128, -128, -128, -128, -128]",esp32_1
CSI_DATA,199365,2025-07-23 16:40:25.734,0,walk,00:00:00:00:00:00,-63,11,0,0,0,0,0,0,0,0,0,-97,0,1,0,2213424798,0,14,0,0,0,104,0,"[0, 0, -56, -96, -39, -53, -26, -10, -17, 33, -11, 72, -8, 106, -11, 127, -18, 127, -26, 127, -31, 127, -35, 127, -41, 127, -44, 127, -46, 127, -43, 127, -34, 123, -23, 101, -10, 82, 9, 65, 29, 51, 48, 41, 65, 36, 78, 39, 91, 48, 100, 57, 59, -58, 70, -64, 83, -71, 95, -75, 107, -76, 115, -73, 117, -66, 111, -62, 100, -57, 82, -55, 60, -56, 33, -57, 1, -62, -30, -74, -59, -91, -87, -112, -113, -128, -128, -128, -128, -128, -128, -128, -128, -128, -128, -128, -128, -128, -128, -128, -128, -128, -122, -128]",esp32_1
CSI_DATA,98483,2025-07-23 16:40:25.736,0,walk,00:00:00:00:00:00,-71,11,0,0,0,0,0,0,0,0,0,-97,0,1,0,833693611,0,14,0,8,115,104,0,"[0, 0, 127, -40, 127, -37, 127, -33, 127, -38, 103, -52, 70, -71, 42, -96, 18, -124, 4, -128, -2, -128, -1, -128, 12, -128, 30, -128, 43, -128, 54, -128, 66, -128, 72, -128, 70, -128, 60, -128, 41, -128, 18, -116, 0, -112, -13, -115, -26, -123, -36, -128, 13, 64, 10, 58, 7, 47, 10, 32, 16, 15, 22, 1, 32, -14, 54, -34, 85, -52, 117, -62, 127, -61, 127, -52, 127, -40, 127, -27, 127, -18, 127, -5, 127, 11, 127, 17, 127, 16, 127, 14, 127, 8, 127, 0, 127, -15, 127, -38, 127, -50, 127, -51]",esp32_2
CSI_DATA,98484,2025-07-23 16:40:25.774,0,walk,00:00:00:00:00:00,-71,11,0,0,0,0,0,0,0,0,0,-97,0,1,0,833703598,0,14,0,8,115,104,0,"[0, 0, 39, -124, 36, -110, 32, -93, 21, -76, 0, -59, -23, -44, -45, -32, -68, -26, -93, -28, -113, -33, -125, -40, -128, -48, -128, -57, -128, -67, -128, -74, -114, -77, -97, -76, -83, -69, -71, -58, -63, -44, -59, -32, -59, -20, -60, -9, -64, -2, -68, 0, 25, 21, 21, 18, 16, 12, 10, 6, 5, -4, 0, -18, -2, -34, 2, -53, 11, -71, 24, -87, 39, -103, 53, -114, 70, -117, 85, -119, 95, -122, 99, -121, 103, -119, 102, -119, 99, -116, 94, -113, 84, -114, 73, -120, 68, -126, 60, -128, 53, -128, 53, -128]",esp32_2
CSI_DATA,98485,2025-07-23 16:40:25.803,0,walk,00:00:00:00:00:00,-71,11,0,0,0,0,0,0,0,0,0,-97,0,1,0,833715285,0,14,0,0,0,104,0,"[0, 0, 127, 8, 127, 4, 127, -9, 90, -30, 51, -51, 16, -72, -14, -102, -36, -128, -53, -128, -65, -128, -67, -128, -55, -128, -39, -128, -21, -128, -4, -128, 13, -128, 29, -128, 35, -128, 25, -128, 8, -123, -8, -104, -27, -92, -49, -85, -67, -82, -79, -83, -31, 23, -27, 18, -14, 11, 3, 4, 23, -3, 48, -8, 79, -6, 108, 6, 127, 20, 127, 37, 127, 60, 127, 87, 127, 116, 127, 127, 127, 127, 127, 127, 127, 127, 127, 127, 127, 127, 127, 123, 127, 99, 127, 74, 127, 54, 127, 35, 127, 19, 127, 14]",esp32_2
CSI_DATA,199367,2025-07-23 16:40:25.827,0,walk,00:00:00:00:00:00,-63,11,0,0,0,0,0,0,0,0,0,-97,0,1,0,2213446941,0,14,0,0,0,104,0,"[0, 0, 58, -96, 25, -61, -12, -29, -48, -7, -82, 11, -115, 26, -128, 38, -128, 46, -128, 47, -128, 44, -128, 38, -128, 32, -128, 24, -128, 18, -128, 15, -128, 16, -113, 21, -89, 30, -69, 43, -52, 56, -41, 69, -34, 85, -31, 99, -33, 112, -38, 119, 85, 8, 96, 13, 108, 22, 118, 30, 126, 36, 127, 42, 125, 46, 117, 46, 107, 39, 94, 24, 80, 3, 67, -21, 58, -48, 53, -81, 51, -118, 51, -128, 57, -128, 66, -128, 78, -128, 93, -128, 107, -128, 119, -128, 126, -128, 127, -128, 124, -128, 120, -128]",esp32_1
CSI_DATA,98486,2025-07-23 16:40:25.827,0,walk,00:00:00:00:00:00,-72,11,0,0,0,0,0,0,0,0,0,-97,0,1,0,833723605,0,14,0,0,0,104,0,"[0, 0, -74, 80, -59, 66, -37, 49, -15, 30, 9, 13, 38, -4, 70, -17, 100, -25, 127, -28, 127, -25, 127, -20, 127, -16, 127, -6, 127, 7, 127, 17, 127, 25, 127, 28, 114, 23, 94, 15, 73, 3, 55, -9, 42, -23, 31, -38, 25, -50, 25, -55, 17, -5, 10, 1, -1, 5, -11, 11, -20, 19, -34, 26, -54, 32, -77, 34, -99, 33, -120, 29, -128, 21, -128, 7, -128, -6, -128, -10, -128, -11, -128, -14, -128, -11, -128, -4, -128, 5, -128, 16, -128, 29, -117, 44, -109, 63, -104, 79, -99, 90, -98, 97]",esp32_2
CSI_DATA,199368,2025-07-23 16:40:25.858,0,walk,00:00:00:00:00:00,-62,11,0,0,0,0,0,0,0,0,0,-97,0,1,0,2213454760,0,14,0,0,0,104,0,"[0, 0, 101, 0, 58, -10, 21, -23, -15, -44, -47, -65, -74, -83, -95, -100, -108, -112, -115, -125, -117, -128, -117, -128, -115, -128, -106, -128, -96, -128, -85, -119, -76, -98, -69, -78, -67, -58, -68, -38, -71, -18, -79, -1, -88, 11, -97, 17, -105, 18, -111, 17, 23, 66, 26, 77, 27, 94, 26, 109, 22, 119, 16, 121, 11, 118, 8, 112, 9, 101, 16, 85, 25, 66, 39, 45, 60, 24, 87, 5, 115, -13, 127, -29, 127, -40, 127, -45, 127, -45, 127, -43, 127, -39, 127, -31, 127, -20, 127, -10, 127, 1, 127, 10]",esp32_1
CSI_DATA,199369,2025-07-23 16:40:25.890,0,walk,00:00:00:00:00:00,-62,11,0,0,0,0,0,0,0,0,0,-97,0,1,0,2213464854,0,14,0,0,0,104,0,"[0, 0, 48, 91, 36, 48, 31, 7, 28, -33, 27, -69, 31, -100, 38, -127, 49, -128, 59, -128, 66, -128, 69, -128, 72, -128, 74, -128, 74, -128, 67, -128, 54, -114, 38, -100, 23, -89, 5, -83, -15, -79, -33, -77, -47, -79, -55, -83, -58, -93, -59, -100, -45, 58, -51, 66, -60, 76, -70, 83, -79, 86, -86, 83, -89, 79, -86, 74, -74, 68, -57, 63, -38, 63, -11, 63, 19, 65, 49, 74, 76, 90, 100, 109, 123, 127, 127, 127, 127, 127, 127, 127, 127, 127, 127, 127, 127, 127, 127, 127, 127, 127, 117, 127]",esp32_1
CSI_DATA,199370,2025-07-23 16:40:25.912,0,walk,00:00:00:00:00:00,-62,11,0,0,0,0,0,0,0,0,0,-97,0,1,0,2213474778,0,14,0,88,-25,104,0,"[0, 0, 58, 87, 42, 47, 33, 7, 25, -32, 19, -68, 20, -101, 28, -128, 39, -128, 46, -128, 49, -128, 53, -128, 58, -128, 60, -128, 60, -128, 53, -128, 41, -122, 27, -106, 13, -95, -3, -88, -20, -81, -36, -78, -49, -79, -58, -83, -64, -92, -67, -97, -37, 61, -42, 69, -49, 79, -58, 86, -66, 89, -74, 89, -77, 85, -74, 80, -64, 75, -48, 71, -27, 68, -2, 65, 26, 65, 56, 72, 85, 85, 110, 100, 127, 118, 127, 127, 127, 127, 127, 127, 127, 127, 127, 127, 127, 127, 127, 127, 127, 127, 127, 127]",esp32_1
CSI_DATA,98488,2025-07-23 16:40:25.934,0,walk,00:00:00:00:00:00,-72,11,0,0,0,0,0,0,0,0,0,-97,0,1,0,833743633,0,14,0,0,0,104,0,"[0, 0, 127, -16, 103, -5, 67, 15, 26, 26, -21, 39, -74, 58, -123, 72, -128, 78, -128, 86, -128, 91, -128, 88, -128, 82, -128, 70, -128, 54, -128, 36, -128, 23, -128, 16, -128, 8, -128, 6, -86, 13, -48, 24, -19, 35, 6, 49, 26, 64, 38, 76, 22, -11, 27, -9, 36, 3, 47, 22, 57, 42, 68, 61, 76, 85, 79, 116, 81, 127, 84, 127, 86, 127, 84, 127, 82, 127, 85, 127, 89, 127, 94, 127, 102, 127, 112, 127, 122, 127, 127, 127, 127, 98, 127, 67, 127, 42, 127, 21, 127, 6, 127, 0]",esp32_2
CSI_DATA,199371,2025-07-23 16:40:25.951,0,walk,00:00:00:00:00:00,-62,11,0,0,0,0,0,0,0,0,0,-97,0,1,0,2213484773,0,14,0,88,-25,104,0,"[0, 0, 85, -72, 48, -53, 8, -37, -29, -28, -65, -24, -97, -23, -125, -26, -128, -30, -128, -37, -128, -46, -128, -54, -128, -58, -128, -60, -128, -58, -128, -52, -122, -42, -108, -31, -96, -17, -88, -1, -82, 14, -81, 28, -85, 40, -90, 49, -97, 53, -103, 54, 67, 18, 75, 22, 86, 29, 96, 37, 102, 44, 102, 48, 96, 50, 90, 48, 84, 41, 77, 29, 70, 8, 66, -15, 66, -37, 70, -63, 74, -94, 82, -126, 96, -128, 113, -128, 127, -128, 127, -128, 127, -128, 127, -128, 127, -128, 127, -128, 127, -128, 127, -128]",esp32_1
CSI_DATA,98489,2025-07-23 16:40:25.962,0,walk,00:00:00:00:00:00,-74,11,0,0,0,0,0,0,0,0,0,-97,0,1,0,833758069,0,14,0,0,0,104,0,"[0, 0, 127, 21, 115, 35, 72, 53, 27, 69, -18, 81, -65, 95, -113, 109, -128, 118, -128, 126, -128, 127, -128, 127, -128, 127, -128, 126, -128, 116, -128, 98, -128, 79, -128, 63, -128, 52, -115, 41, -73, 27, -32, 22, 1, 26, 30, 29, 58, 33, 76, 38, 36, 20, 36, 27, 34, 36, 32, 48, 28, 69, 26, 91, 24, 117, 20, 127, 14, 127, 5, 127, -2, 127, -6, 127, -6, 127, -4, 127, 4, 127, 22, 127, 44, 127, 61, 127, 78, 127, 101, 127, 127, 127, 127, 103, 127, 78, 127, 54, 127, 37, 127, 31]",esp32_2
CSI_DATA,199372,2025-07-23 16:40:25.987,0,walk,00:00:00:00:00:00,-63,11,0,0,0,0,0,0,0,0,0,-97,0,1,0,2213494768,0,14,0,88,-25,104,0,"[0, 0, -107, -46, -69, -24, -36, 4, -5, 36, 21, 67, 41, 96, 54, 120, 61, 127, 63, 127, 63, 127, 60, 127, 56, 127, 49, 127, 42, 127, 38, 127, 39, 127, 41, 111, 46, 92, 54, 76, 64, 62, 77, 51, 91, 44, 100, 42, 105, 45, 108, 50, -7, -68, -7, -80, -7, -95, -7, -106, -3, -113, 4, -114, 8, -112, 8, -107, 2, -97, -10, -86, -24, -73, -43, -59, -70, -46, -101, -36, -128, -28, -128, -22, -128, -22, -128, -25, -128, -30, -128, -37, -128, -48, -128, -60, -128, -70, -128, -76, -128, -80, -128, -86]",esp32_1
CSI_DATA,98490,2025-07-23 16:40:25.995,0,walk,00:00:00:00:00:00,-73,11,0,0,0,0,0,0,0,0,0,-97,0,1,0,833764868,0,14,0,0,0,104,0,"[0, 0, 0, 115, -14, 89, -27, 59, -40, 30, -60, 3, -78, -27, -92, -56, -108, -79, -122, -99, -128, -116, -128, -128, -128, -128, -128, -128, -123, -128, -112, -128, -96, -123, -80, -106, -62, -87, -44, -63, -31, -38, -21, -16, -13, 5, -9, 25, -7, 44, -7, 57, -15, 23, -22, 23, -31, 21, -39, 19, -50, 18, -64, 18, -79, 18, -95, 15, -107, 11, -118, 9, -128, 10, -128, 11, -128, 11, -128, 14, -128, 20, -128, 27, -123, 36, -116, 51, -101, 66, -82, 83, -65, 101, -47, 113, -28, 123, -11, 127, 3, 127, 9, 127]",esp32_2
CSI_DATA,199373,2025-07-23 16:40:26.013,0,walk,00:00:00:00:00:00,-63,11,0,0,0,0,0,0,0,0,0,-97,0,1,0,2213504790,0,14,0,88,-25,104,0,"[0, 0, -86, 59, -52, 42, -15, 27, 20, 21, 53, 17, 84, 14, 113, 16, 127, 19, 127, 25, 127, 33, 127, 41, 127, 48, 127, 52, 127, 50, 127, 45, 119, 37, 104, 26, 93, 12, 85, -3, 80, -16, 78, -29, 79, -40, 81, -49, 87, -53, 93, -54, -59, -20, -68, -26, -76, -34, -83, -41, -88, -46, -91, -49, -89, -50, -84, -47, -78, -39, -73, -26, -69, -8, -66, 13, -68, 33, -73, 57, -78, 83, -86, 110, -100, 127, -116, 127, -128, 127, -128, 127, -128, 127, -128, 127, -128, 127, -128, 127, -128, 127, -128, 127]",esp32_1
CSI_DATA,98492,2025-07-23 16:40:26.063,0,walk,00:00:00:00:00:00,-74,11,0,0,0,0,0,0,0,0,0,-97,0,1,0,833783635,0,14,0,0,0,104,0,"[0, 0, 127, -92, 127, -64, 120, -27, 104, 20, 78, 68, 51, 109, 33, 127, 23, 127, 14, 127, 0, 127, -12, 127, -23, 127, -35, 127, -46, 127, -51, 127, -52, 127, -51, 127, -42, 127, -27, 111, -9, 74, 9, 39, 25, 4, 42, -27, 60, -49, 69, -62, 50, 13, 54, 19, 57, 32, 60, 48, 70, 63, 79, 78, 81, 96, 82, 115, 84, 127, 90, 127, 98, 127, 100, 127, 100, 127, 107, 127, 116, 127, 123, 127, 127, 112, 127, 81, 127, 47, 127, 18, 127, -10, 127, -42, 127, -78, 127, -110, 127, -128, 127, -128]",esp32_2
CSI_DATA,98493,2025-07-23 16:40:26.095,0,walk,00:00:00:00:00:00,-74,11,0,0,0,0,0,0,0,0,0,-97,0,1,0,833804453,0,14,0,0,0,104,0,"[0, 0, -87, 127, -89, 127, -87, 84, -93, 35, -102, -17, -101, -69, -98, -120, -100, -128, -101, -128, -99, -128, -94, -128, -88, -128, -79, -128, -70, -128, -62, -128, -52, -128, -44, -128, -33, -128, -22, -127, -21, -81, -27, -35, -33, 3, -43, 32, -55, 58, -63, 78, -60, 11, -60, 7, -70, -1, -86, -14, -97, -27, -110, -38, -127, -49, -128, -66, -128, -84, -128, -95, -128, -100, -128, -96, -128, -90, -128, -83, -128, -74, -128, -61, -128, -38, -128, -4, -128, 35, -128, 70, -128, 99, -128, 127, -120, 127, -110, 127, -99, 127, -94, 127]",esp32_2
CSI_DATA,199375,2025-07-23 16:40:26.104,0,walk,00:00:00:00:00:00,-63,11,0,0,0,0,0,0,0,0,0,-97,0,1,0,2213524763,0,14,0,88,-25,104,0,"[0, 0, 119, -53, 75, -41, 30, -33, -13, -36, -54, -45, -91, -54, -124, -63, -128, -72, -128, -85, -128, -101, -128, -115, -128, -122, -128, -124, -128, -121, -128, -111, -127, -97, -113, -81, -103, -62, -98, -43, -97, -25, -100, -7, -107, 7, -114, 16, -124, 18, -128, 16, 64, 39, 73, 45, 83, 55, 92, 64, 97, 72, 94, 76, 91, 76, 90, 73, 88, 64, 87, 48, 86, 25, 88, 3, 98, -20, 111, -46, 122, -75, 127, -103, 127, -126, 127, -128, 127, -128, 127, -128, 127, -128, 127, -128, 127, -128, 127, -128, 127, -128, 127, -108]",esp32_1
CSI_DATA,199376,2025-07-23 16:40:26.126,0,walk,00:00:00:00:00:00,-63,11,0,0,0,0,0,0,0,0,0,-97,0,1,0,2213534839,0,14,0,88,-25,104,0,"[0, 0, 95, 83, 66, 49, 44, 13, 25, -29, 10, -69, 1, -107, -1, -128, 5, -128, 13, -128, 20, -128, 26, -128, 32, -128, 41, -128, 46, -128, 44, -128, 38, -128, 29, -128, 14, -123, -3, -111, -20, -102, -36, -96, -50, -93, -60, -97, -66, -107, -69, -116, -9, 74, -6, 86, -5, 98, -8, 105, -14, 113, -21, 119, -25, 118, -23, 115, -13, 108, 1, 100, 16, 93, 36, 84, 63, 77, 95, 75, 125, 75, 127, 80, 127, 89, 127, 99, 127, 108, 127, 123, 127, 127, 127, 127, 127, 127, 127, 127, 127, 127, 127, 127]",esp32_1
CSI_DATA,199377,2025-07-23 16:40:26.168,0,walk,00:00:00:00:00:00,-63,11,0,0,0,0,0,0,0,0,0,-97,0,1,0,2213544817,0,14,0,88,-25,104,0,"[0, 0, 112, -29, 71, -26, 32, -27, -4, -34, -39, -45, -71, -61, -97, -78, -116, -94, -126, -108, -128, -122, -128, -128, -128, -128, -123, -128, -113, -128, -101, -125, -89, -110, -78, -95, -73, -79, -75, -61, -78, -43, -87, -29, -95, -20, -101, -15, -109, -15, -115, -18, 53, 37, 61, 43, 69, 52, 76, 62, 81, 71, 81, 74, 78, 73, 76, 70, 76, 64, 78, 52, 78, 35, 80, 16, 91, -4, 104, -25, 118, -47, 127, -67, 127, -86, 127, -101, 127, -108, 127, -112, 127, -113, 127, -110, 127, -102, 127, -89, 127, -72, 127, -55]",esp32_1
CSI_DATA,98495,2025-07-23 16:40:26.168,0,walk,00:00:00:00:00:00,-73,11,0,0,0,0,0,0,0,0,0,-97,0,1,0,833823571,0,14,0,0,0,104,0,"[0, 0, -128, 45, -128, 24, -114, -11, -83, -46, -45, -72, -2, -106, 39, -128, 77, -128, 109, -128, 127, -128, 127, -128, 127, -128, 127, -128, 127, -128, 127, -128, 127, -128, 127, -128, 127, -128, 98, -111, 59, -85, 20, -61, -17, -40, -50, -25, -81, -20, -99, -21, -47, -39, -51, -45, -51, -59, -47, -78, -47, -98, -54, -116, -58, -128, -60, -128, -56, -128, -50, -128, -49, -128, -54, -128, -57, -128, -55, -128, -63, -128, -83, -128, -102, -128, -117, -128, -128, -115, -128, -81, -128, -50, -128, -20, -128, 12, -128, 38, -128, 49, -128, 58]",esp32_2
CSI_DATA,199378,2025-07-23 16:40:26.199,0,walk,00:00:00:00:00:00,-62,11,0,0,0,0,0,0,0,0,0,-97,0,1,0,2213554782,0,14,0,88,-25,104,0,"[0, 0, 107, -33, 68, -29, 30, -31, -4, -40, -36, -51, -65, -65, -90, -80, -108, -93, -118, -109, -123, -125, -123, -128, -119, -128, -111, -128, -100, -128, -89, -128, -79, -116, -71, -100, -68, -82, -68, -65, -72, -48, -80, -36, -89, -30, -97, -27, -105, -26, -111, -28, 58, 27, 65, 32, 74, 40, 82, 47, 86, 53, 85, 56, 83, 57, 84, 55, 84, 51, 82, 40, 80, 24, 83, 6, 90, -12, 100, -30, 109, -52, 119, -75, 127, -96, 127, -111, 127, -118, 127, -122, 127, -123, 127, -120, 127, -113, 127, -102, 127, -86, 127, -70]",esp32_1
CSI_DATA,98496,2025-07-23 16:40:26.199,0,walk,00:00:00:00:00:00,-76,11,0,0,0,0,0,0,0,0,0,-97,0,1,0,833833625,0,14,0,0,0,104,0,"[0, 0, 14, 127, -7, 121, -29, 102, -48, 63, -68, 15, -88, -32, -111, -80, -128, -124, -128, -128, -128, -128, -128, -128, -128, -128, -128, -128, -128, -128, -128, -128, -128, -128, -128, -128, -118, -128, -94, -128, -86, -124, -83, -69, -80, -18, -84, 37, -97, 88, -111, 115, -36, 39, -51, 41, -67, 44, -78, 42, -89, 36, -110, 40, -125, 49, -128, 46, -128, 41, -128, 40, -128, 41, -128, 41, -128, 45, -128, 49, -128, 50, -128, 57, -128, 62, -128, 73, -108, 96, -84, 120, -62, 127, -44, 127, -32, 127, -14, 127, -1, 127, 6, 127]",esp32_2
CSI_DATA,98497,2025-07-23 16:40:26.222,0,walk,00:00:00:00:00:00,-73,11,0,0,0,0,0,0,0,0,0,-97,0,1,0,833843644,0,14,0,0,0,104,0,"[0, 0, -100, 64, -92, 43, -79, 18, -64, -8, -48, -35, -34, -68, -18, -102, 0, -128, 12, -128, 19, -128, 29, -128, 40, -128, 53, -128, 62, -128, 62, -128, 57, -128, 50, -128, 40, -115, 29, -91, 16, -66, 2, -43, -15, -23, -32, -5, -51, 12, -64, 21, -37, -23, -37, -31, -41, -40, -46, -47, -50, -55, -54, -64, -58, -75, -64, -85, -67, -94, -68, -103, -67, -107, -68, -108, -69, -111, -73, -109, -80, -101, -85, -89, -91, -73, -100, -54, -105, -34, -108, -14, -112, 10, -115, 32, -118, 49, -120, 64, -122, 79, -121, 90]",esp32_2
CSI_DATA,199379,2025-07-23 16:40:26.232,0,walk,00:00:00:00:00:00,-62,11,0,0,0,0,0,0,0,0,0,-97,0,1,0,2213564774,0,14,0,88,-25,104,0,"[0, 0, 48, -107, 27, -75, 0, -46, -28, -23, -57, -6, -86, 7, -115, 14, -128, 17, -128, 14, -128, 7, -128, -1, -128, -8, -128, -15, -128, -22, -128, -24, -128, -23, -122, -17, -106, -8, -93, 5, -84, 19, -80, 32, -79, 43, -83, 53, -90, 59, -97, 61, 59, -29, 68, -32, 77, -32, 86, -33, 96, -32, 102, -31, 102, -30, 98, -31, 92, -33, 84, -38, 73, -49, 60, -60, 51, -72, 42, -91, 32, -115, 25, -128, 24, -128, 27, -128, 31, -128, 37, -128, 45, -128, 55, -128, 66, -128, 74, -128, 79, -128, 81, -128]",esp32_1
CSI_DATA,98498,2025-07-23 16:40:26.252,0,walk,00:00:00:00:00:00,-73,11,0,0,0,0,0,0,0,0,0,-97,0,1,0,833862893,0,14,0,0,0,104,0,"[0, 0, 59, -128, 70, -128, 84, -122, 103, -80, 125, -34, 127, 17, 127, 67, 127, 109, 127, 127, 127, 127, 127, 127, 127, 127, 127, 127, 127, 127, 127, 127, 127, 127, 127, 127, 127, 127, 113, 121, 81, 83, 54, 34, 36, -7, 17, -37, 0, -66, -8, -88, 81, 45, 85, 52, 86, 59, 92, 66, 109, 77, 125, 90, 127, 102, 127, 114, 127, 123, 127, 127, 127, 127, 127, 124, 127, 118, 127, 105, 127, 85, 127, 65, 127, 40, 127, 9, 127, -27, 127, -63, 123, -97, 115, -128, 105, -128, 91, -128, 77, -128, 66, -128]",esp32_2
CSI_DATA,98499,2025-07-23 16:40:26.284,0,walk,00:00:00:00:00:00,-73,11,0,0,0,0,0,0,0,0,0,-97,0,1,0,833863610,0,14,0,0,0,104,0,"[0, 0, 75, 127, 49, 127, 11, 127, -33, 117, -75, 86, -118, 59, -128, 32, -128, 0, -128, -36, -128, -60, -128, -71, -128, -85, -128, -97, -128, -102, -128, -103, -128, -98, -128, -91, -128, -74, -128, -45, -114, -20, -72, 0, -37, 24, -10, 50, 16, 74, 36, 91, -86, 34, -96, 34, -108, 35, -123, 33, -128, 28, -128, 26, -128, 23, -128, 20, -128, 20, -128, 16, -128, 15, -128, 23, -128, 33, -128, 42, -128, 53, -128, 69, -128, 86, -122, 104, -88, 124, -55, 127, -25, 127, 8, 127, 33, 127, 55, 127, 75, 127, 85, 127]",esp32_2
CSI_DATA,98500,2025-07-23 16:40:26.312,0,walk,00:00:00:00:00:00,-73,11,0,0,0,0,0,0,0,0,0,-97,0,1,0,833873601,0,14,0,0,0,104,0,"[0, 0, -39, -128, -17, -128, 22, -128, 58, -128, 91, -92, 127, -62, 127, -39, 127, -11, 127, 15, 127, 31, 127, 43, 127, 54, 127, 61, 127, 70, 127, 76, 127, 69, 127, 55, 127, 44, 127, 33, 117, 17, 75, -2, 32, -21, -8, -39, -42, -57, -64, -73, 100, 17, 108, 27, 117, 38, 127, 41, 127, 44, 127, 53, 127, 64, 127, 74, 127, 80, 127, 77, 127, 76, 127, 75, 127, 62, 127, 43, 127, 23, 127, 5, 127, -19, 127, -51, 107, -83, 83, -114, 63, -128, 36, -128, 7, -128, -15, -128, -32, -128, -40, -128]",esp32_2
CSI_DATA,199381,2025-07-23 16:40:26.329,0,walk,00:00:00:00:00:00,-62,11,0,0,0,0,0,0,0,0,0,-97,0,1,0,2213584782,0,14,0,88,-25,104,0,"[0, 0, -62, 99, -37, 73, -6, 47, 24, 28, 55, 15, 87, 7, 118, 2, 127, 3, 127, 7, 127, 15, 127, 25, 127, 35, 127, 43, 127, 47, 127, 48, 127, 46, 118, 38, 103, 27, 93, 12, 86, -3, 83, -14, 84, -24, 88, -34, 97, -39, 105, -39, -61, 23, -70, 24, -80, 25, -89, 26, -98, 27, -104, 26, -104, 24, -100, 24, -96, 26, -90, 31, -81, 42, -71, 54, -62, 65, -55, 83, -49, 107, -45, 127, -44, 127, -47, 127, -52, 127, -59, 127, -70, 127, -81, 127, -91, 127, -97, 127, -101, 127, -102, 127]",esp32_1
CSI_DATA,98501,2025-07-23 16:40:26.339,0,walk,00:00:00:00:00:00,-73,11,0,0,0,0,0,0,0,0,0,-97,0,1,0,833883609,0,14,0,0,0,104,0,"[0, 0, -69, 127, -78, 127, -94, 127, -116, 123, -128, 74, -128, 25, -128, -20, -128, -57, -128, -83, -128, -104, -128, -121, -128, -128, -128, -128, -128, -128, -128, -128, -128, -123, -128, -105, -128, -83, -128, -55, -119, -28, -77, -10, -29, 8, 10, 28, 41, 48, 65, 64, -42, -105, -46, -109, -48, -123, -48, -128, -52, -128, -56, -128, -58, -128, -58, -128, -58, -128, -59, -128, -67, -128, -73, -128, -74, -128, -82, -128, -89, -128, -93, -109, -101, -82, -110, -45, -108, 3, -104, 48, -106, 85, -104, 123, -95, 127, -87, 127, -82, 127, -82, 127]",esp32_2
CSI_DATA,199382,2025-07-23 16:40:26.357,0,walk,00:00:00:00:00:00,-63,11,0,0,0,0,0,0,0,0,0,-97,0,1,0,2213594833,0,14,0,88,-25,104,0,"[0, 0, 27, 115, 24, 75, 28, 35, 36, -2, 47, -34, 61, -64, 81, -90, 104, -108, 121, -118, 127, -124, 127, -125, 127, -120, 127, -108, 127, -97, 127, -85, 127, -73, 114, -65, 99, -64, 80, -66, 63, -70, 48, -77, 37, -86, 33, -94, 36, -105, 40, -112, -34, 57, -37, 65, -42, 75, -50, 82, -56, 87, -61, 90, -62, 91, -60, 90, -54, 88, -43, 86, -30, 89, -14, 92, 4, 94, 23, 103, 44, 116, 61, 127, 77, 127, 93, 127, 105, 127, 111, 127, 113, 127, 109, 127, 102, 127, 91, 127, 78, 127, 69, 127]",esp32_1
CSI_DATA,199383,2025-07-23 16:40:26.384,0,walk,00:00:00:00:00:00,-63,11,0,0,0,0,0,0,0,0,0,-97,0,1,0,2213604774,0,14,0,88,-25,104,0,"[0, 0, -122, 17, -83, 19, -44, 24, -8, 41, 24, 60, 51, 78, 72, 98, 87, 116, 94, 127, 97, 127, 97, 127, 91, 127, 82, 127, 70, 127, 59, 127, 50, 127, 44, 127, 40, 109, 44, 92, 53, 77, 65, 65, 76, 59, 85, 56, 92, 58, 94, 64, -57, -34, -64, -41, -74, -48, -82, -55, -86, -61, -84, -64, -83, -66, -83, -66, -85, -60, -88, -52, -90, -40, -94, -22, -103, -6, -115, 11, -127, 30, -128, 48, -128, 63, -128, 74, -128, 80, -128, 83, -128, 82, -128, 77, -128, 69, -128, 59, -128, 47, -128, 34]",esp32_1
CSI_DATA,199384,2025-07-23 16:40:26.410,0,walk,00:00:00:00:00:00,-63,11,0,0,0,0,0,0,0,0,0,-97,0,1,0,2213614790,0,14,0,88,-25,104,0,"[0, 0, -128, 0, -94, 9, -55, 23, -17, 46, 16, 72, 42, 98, 62, 123, 72, 127, 77, 127, 77, 127, 73, 127, 67, 127, 56, 127, 42, 127, 31, 127, 25, 127, 23, 127, 26, 127, 35, 113, 46, 97, 60, 87, 71, 83, 80, 82, 87, 88, 90, 95, -55, -47, -63, -54, -75, -63, -83, -71, -86, -79, -86, -84, -84, -85, -82, -82, -85, -75, -90, -64, -92, -52, -99, -37, -113, -19, -128, -2, -128, 15, -128, 32, -128, 44, -128, 52, -128, 58, -128, 60, -128, 57, -128, 49, -128, 36, -128, 25, -128, 13, -128, 1]",esp32_1
CSI_DATA,199385,2025-07-23 16:40:26.436,0,walk,00:00:00:00:00:00,-63,11,0,0,0,0,0,0,0,0,0,-97,0,1,0,2213624813,0,14,0,0,0,104,0,"[0, 0, 111, -11, 78, -16, 45, -24, 15, -42, -12, -62, -34, -79, -50, -98, -61, -117, -67, -128, -69, -128, -67, -128, -60, -128, -50, -128, -40, -128, -32, -128, -26, -128, -21, -127, -21, -110, -28, -96, -37, -85, -48, -77, -57, -73, -63, -72, -69, -76, -72, -81, 51, 26, 59, 32, 67, 38, 74, 45, 79, 51, 78, 53, 76, 53, 77, 53, 80, 48, 83, 41, 84, 31, 86, 16, 95, 0, 109, -14, 121, -29, 127, -44, 127, -56, 127, -65, 127, -68, 127, -67, 127, -64, 127, -60, 127, -53, 127, -44, 127, -32, 127, -21]",esp32_1
CSI_DATA,98503,2025-07-23 16:40:26.436,0,walk,00:00:00:00:00:00,-74,11,0,0,0,0,0,0,0,0,0,-97,0,1,0,833962210,0,14,0,0,0,104,0,"[0, 0, -42, 127, -36, 127, -40, 127, -49, 127, -62, 127, -83, 127, -108, 127, -128, 108, -128, 96, -128, 91, -128, 89, -128, 92, -128, 96, -128, 97, -128, 98, -128, 101, -128, 103, -128, 98, -128, 90, -118, 75, -77, 55, -40, 34, -10, 14, 15, -10, 36, -30, 59, -106, 66, -111, 67, -119, 62, -126, 64, -128, 70, -128, 75, -128, 82, -128, 88, -128, 89, -128, 87, -128, 85, -128, 84, -122, 84, -119, 77, -115, 67, -107, 53, -97, 35, -80, 13, -51, -15, -19, -40, 12, -56, 49, -62, 92, -63, 127, -60, 127, -55, 127]",esp32_2
CSI_DATA,199386,2025-07-23 16:40:26.457,0,walk,00:00:00:00:00:00,-63,11,0,0,0,0,0,0,0,0,0,-97,0,1,0,2213634762,0,14,0,0,0,104,0,"[0, 0, 29, 107, 29, 71, 37, 37, 44, 5, 53, -24, 68, -48, 87, -69, 106, -84, 124, -93, 127, -95, 127, -94, 127, -88, 127, -79, 127, -69, 127, -58, 127, -49, 123, -44, 108, -44, 93, -46, 78, -51, 66, -59, 62, -67, 62, -75, 66, -82, 70, -84, -18, 60, -19, 67, -22, 75, -27, 83, -32, 90, -35, 92, -37, 92, -35, 92, -28, 90, -19, 89, -8, 91, 6, 92, 22, 93, 40, 100, 57, 112, 72, 126, 87, 127, 101, 127, 110, 127, 112, 127, 110, 127, 106, 127, 100, 127, 89, 127, 76, 127, 66, 127]",esp32_1
CSI_DATA,98504,2025-07-23 16:40:26.457,0,walk,00:00:00:00:00:00,-74,11,0,0,0,0,0,0,0,0,0,-97,0,1,0,833981977,0,14,0,0,0,104,0,"[0, 0, -57, -128, -63, -128, -57, -128, -40, -128, -16, -128, 14, -128, 51, -128, 90, -117, 127, -97, 127, -84, 127, -71, 127, -61, 127, -52, 127, -50, 127, -58, 127, -62, 127, -60, 127, -62, 127, -64, 127, -64, 105, -61, 60, -53, 17, -44, -19, -35, -46, -22, 100, 76, 102, 76, 105, 77, 106, 84, 105, 91, 101, 97, 96, 109, 92, 124, 81, 127, 68, 127, 60, 127, 58, 127, 54, 127, 46, 127, 43, 127, 48, 127, 54, 127, 63, 103, 69, 66, 67, 23, 57, -23, 44, -71, 36, -123, 26, -128, 2, -128, -20, -128]",esp32_2
CSI_DATA,98505,2025-07-23 16:40:26.479,0,walk,00:00:00:00:00:00,-74,11,0,0,0,0,0,0,0,0,0,-97,0,1,0,834006441,0,14,0,0,0,104,0,"[0, 0, -128, 107, -128, 103, -128, 91, -128, 78, -117, 60, -99, 31, -81, -3, -65, -33, -52, -61, -43, -89, -38, -117, -31, -128, -24, -128, -22, -128, -23, -128, -22, -128, -20, -128, -22, -128, -27, -125, -30, -103, -34, -75, -40, -49, -44, -26, -46, -3, -48, 16, -54, -52, -54, -55, -50, -57, -48, -62, -49, -67, -42, -71, -29, -76, -19, -83, -11, -89, -1, -94, 8, -97, 15, -101, 22, -104, 26, -108, 27, -109, 23, -107, 14, -103, 1, -94, -13, -78, -31, -61, -54, -41, -77, -18, -98, 6, -117, 33, -128, 57, -128, 73]",esp32_2
CSI_DATA,199387,2025-07-23 16:40:26.498,0,walk,00:00:00:00:00:00,-63,11,0,0,0,0,0,0,0,0,0,-97,0,1,0,2213644812,0,14,0,0,0,104,0,"[0, 0, -30, -109, -29, -74, -35, -42, -44, -11, -56, 17, -70, 43, -88, 63, -110, 76, -127, 82, -128, 84, -128, 85, -128, 81, -128, 71, -128, 60, -128, 48, -128, 40, -121, 36, -108, 36, -94, 39, -81, 44, -72, 52, -66, 62, -64, 71, -70, 78, -77, 80, 18, -62, 20, -69, 22, -77, 26, -84, 32, -89, 36, -91, 37, -90, 36, -91, 31, -90, 20, -88, 7, -89, -6, -91, -21, -94, -38, -102, -54, -113, -68, -128, -81, -128, -92, -128, -99, -128, -103, -128, -101, -128, -97, -128, -92, -128, -84, -128, -71, -128, -62, -128]",esp32_1
CSI_DATA,98506,2025-07-23 16:40:26.503,0,walk,00:00:00:00:00:00,-75,11,0,0,0,0,0,0,0,0,0,-97,0,1,0,834031805,0,14,0,0,0,104,0,"[0, 0, 84, -128, 90, -128, 102, -128, 106, -128, 105, -128, 109, -100, 115, -50, 111, 2, 109, 53, 121, 99, 127, 127, 127, 127, 127, 127, 127, 127, 123, 127, 116, 127, 108, 127, 104, 127, 105, 127, 100, 127, 95, 90, 92, 45, 87, 0, 87, -47, 94, -75, 94, -49, 108, -45, 115, -40, 113, -34, 112, -23, 113, -6, 123, 13, 127, 33, 127, 52, 127, 68, 127, 77, 127, 84, 127, 90, 127, 91, 127, 84, 127, 76, 127, 69, 127, 46, 127, 7, 127, -28, 127, -71, 127, -122, 123, -128, 114, -128, 96, -128, 83, -128]",esp32_2
CSI_DATA,98507,2025-07-23 16:40:26.529,0,walk,00:00:00:00:00:00,-74,11,0,0,0,0,0,0,0,0,0,-97,0,1,0,834066157,0,14,0,0,0,104,0,"[0, 0, -128, 127, -128, 127, -128, 127, -128, 117, -122, 65, -105, 18, -89, -24, -73, -64, -52, -103, -34, -128, -19, -128, 1, -128, 25, -128, 40, -128, 41, -128, 40, -128, 40, -128, 36, -128, 26, -128, 8, -128, -10, -121, -26, -96, -49, -73, -76, -52, -99, -43, -81, 27, -80, 25, -84, 18, -98, 9, -107, -2, -111, -17, -123, -30, -128, -41, -128, -58, -128, -74, -128, -74, -128, -75, -128, -82, -128, -79, -128, -76, -128, -72, -128, -56, -128, -30, -128, -3, -128, 29, -128, 61, -128, 92, -128, 124, -128, 127, -128, 127, -128, 127]",esp32_2
CSI_DATA,98508,2025-07-23 16:40:26.552,0,walk,00:00:00:00:00:00,-73,11,0,0,0,0,0,0,0,0,0,-97,0,1,0,834103168,0,14,0,0,0,104,0,"[0, 0, 87, 127, 77, 122, 61, 114, 39, 100, 18, 79, -3, 55, -25, 32, -45, 8, -63, -19, -82, -46, -99, -70, -113, -85, -121, -96, -124, -109, -123, -117, -116, -118, -105, -115, -93, -105, -84, -92, -77, -75, -70, -56, -63, -38, -58, -18, -55, 1, -55, 14, 15, 39, 14, 43, 7, 47, 0, 52, -6, 59, -16, 65, -25, 69, -35, 74, -47, 78, -58, 79, -66, 81, -68, 79, -73, 75, -78, 75, -76, 75, -71, 77, -63, 81, -53, 84, -39, 87, -23, 94, -3, 98, 21, 104, 41, 115, 56, 124, 73, 127, 88, 127]",esp32_2
CSI_DATA,98509,2025-07-23 16:40:26.571,0,walk,00:00:00:00:00:00,-73,11,0,0,0,0,0,0,0,0,0,-97,0,1,0,834128923,0,14,0,0,0,104,0,"[0, 0, 127, 35, 127, 39, 127, 45, 127, 47, 106, 49, 52, 50, -1, 51, -51, 47, -99, 35, -128, 15, -128, -3, -128, -17, -128, -32, -128, -44, -128, -54, -128, -65, -128, -70, -128, -70, -128, -61, -128, -41, -128, -19, -114, 5, -94, 31, -78, 55, -71, 73, 70, 1, 73, 7, 74, 21, 76, 40, 81, 56, 85, 70, 84, 88, 79, 108, 76, 127, 74, 127, 70, 127, 62, 127, 53, 127, 51, 127, 57, 127, 62, 127, 72, 127, 85, 127, 101, 127, 123, 126, 127, 105, 127, 87, 127, 70, 127, 52, 127, 39, 127, 29]",esp32_2
CSI_DATA,199389,2025-07-23 16:40:26.577,0,walk,00:00:00:00:00:00,-63,11,0,0,0,0,0,0,0,0,0,-97,0,1,0,2213664828,0,14,0,0,0,104,0,"[0, 0, -67, -127, -53, -85, -48, -43, -47, 2, -50, 44, -61, 80, -77, 111, -98, 127, -117, 127, -128, 127, -128, 127, -128, 127, -128, 127, -128, 127, -128, 126, -128, 110, -125, 97, -107, 91, -85, 91, -65, 92, -48, 96, -37, 104, -33, 116, -35, 127, -39, 127, 15, -80, 16, -89, 18, -99, 23, -109, 29, -117, 36, -121, 39, -121, 36, -120, 26, -116, 13, -112, -2, -112, -21, -111, -42, -111, -64, -117, -87, -127, -111, -128, -128, -128, -128, -128, -128, -128, -128, -128, -128, -128, -128, -128, -128, -128, -128, -128, -128, -128, -128, -128]",esp32_1
CSI_DATA,98510,2025-07-23 16:40:26.593,0,walk,00:00:00:00:00:00,-75,11,0,0,0,0,0,0,0,0,0,-97,0,1,0,834166630,0,14,0,0,0,104,0,"[0, 0, 125, 127, 96, 127, 63, 127, 34, 115, 2, 65, -28, 19, -54, -23, -74, -71, -85, -123, -94, -128, -99, -128, -97, -128, -90, -128, -77, -128, -62, -128, -47, -128, -34, -128, -23, -128, -19, -128, -26, -115, -40, -77, -58, -51, -76, -30, -93, -11, -103, 2, 32, 52, 33, 58, 27, 69, 18, 85, 13, 99, 5, 110, -7, 124, -17, 127, -22, 127, -29, 127, -37, 127, -40, 127, -38, 127, -34, 127, -29, 127, -18, 127, -2, 127, 15, 127, 40, 127, 66, 127, 85, 127, 106, 127, 127, 127, 127, 127, 127, 127, 127, 127]",esp32_2
CSI_DATA,199390,2025-07-23 16:40:26.603,0,walk,00:00:00:00:00:00,-62,11,0,0,0,0,0,0,0,0,0,-97,0,1,0,2213674783,0,14,0,0,0,104,0,"[0, 0, 104, 93, 80, 58, 64, 21, 52, -18, 46, -57, 45, -92, 54, -122, 67, -128, 79, -128, 91, -128, 103, -128, 115, -128, 123, -128, 127, -128, 123, -128, 111, -127, 98, -113, 84, -103, 67, -100, 50, -99, 34, -102, 23, -108, 18, -115, 20, -125, 24, -128, 19, 70, 23, 81, 27, 93, 28, 103, 25, 111, 20, 117, 17, 119, 17, 118, 22, 111, 32, 103, 44, 99, 61, 93, 81, 85, 104, 80, 125, 79, 127, 82, 127, 89, 127, 97, 127, 106, 127, 116, 127, 127, 127, 127, 127, 127, 127, 127, 127, 127, 127, 127]",esp32_1
CSI_DATA,98511,2025-07-23 16:40:26.615,0,walk,00:00:00:00:00:00,-74,11,0,0,0,0,0,0,0,0,0,-97,0,1,0,834227076,0,14,0,0,0,104,0,"[0, 0, 45, -128, 34, -87, 26, -42, 18, -2, 3, 45, -24, 86, -58, 117, -90, 127, -119, 127, -128, 127, -128, 127, -128, 127, -128, 127, -128, 127, -128, 105, -128, 82, -117, 59, -94, 40, -62, 29, -23, 28, 11, 32, 38, 39, 62, 52, 79, 69, 85, 78, 61, -41, 70, -41, 81, -44, 90, -48, 91, -51, 88, -57, 86, -64, 90, -72, 90, -82, 88, -99, 90, -117, 86, -128, 76, -128, 72, -128, 73, -128, 69, -128, 62, -128, 55, -128, 48, -128, 40, -128, 35, -128, 35, -128, 40, -128, 42, -128, 42, -128, 37, -128]",esp32_2
CSI_DATA,199391,2025-07-23 16:40:26.632,0,walk,00:00:00:00:00:00,-62,11,0,0,0,0,0,0,0,0,0,-97,0,1,0,2213684773,0,14,0,0,0,104,0,"[0, 0, -58, 118, -37, 90, -7, 64, 24, 43, 54, 28, 85, 19, 115, 18, 127, 20, 127, 26, 127, 35, 127, 46, 127, 59, 127, 69, 127, 72, 127, 70, 127, 67, 119, 59, 107, 46, 99, 29, 94, 13, 93, 2, 96, -7, 104, -14, 111, -16, 115, -15, -59, 41, -66, 45, -75, 47, -84, 49, -94, 50, -99, 49, -99, 47, -95, 47, -91, 49, -85, 54, -74, 62, -63, 73, -57, 85, -51, 102, -44, 123, -37, 127, -34, 127, -35, 127, -40, 127, -47, 127, -57, 127, -68, 127, -78, 127, -85, 127, -88, 127, -89, 127]",esp32_1
CSI_DATA,98512,2025-07-23 16:40:26.642,0,walk,00:00:00:00:00:00,-74,11,0,0,0,0,0,0,0,0,0,-97,0,1,0,834251893,0,14,0,0,0,104,0,"[0, 0, 38, -128, 33, -92, 23, -29, 10, 26, -4, 77, -24, 118, -53, 127, -87, 127, -113, 127, -127, 127, -128, 127, -128, 127, -128, 127, -128, 127, -128, 127, -128, 108, -109, 83, -81, 57, -49, 41, -16, 31, 16, 25, 51, 27, 82, 37, 101, 49, 113, 58, 81, -39, 92, -38, 104, -37, 112, -40, 114, -45, 115, -51, 118, -65, 120, -82, 120, -94, 112, -112, 100, -128, 88, -128, 76, -128, 75, -128, 72, -128, 60, -128, 51, -128, 40, -128, 28, -128, 23, -128, 20, -128, 20, -128, 21, -128, 19, -128, 22, -128, 25, -128]",esp32_2
CSI_DATA,199392,2025-07-23 16:40:26.664,0,walk,00:00:00:00:00:00,-62,11,0,0,0,0,0,0,0,0,0,-97,0,1,0,2213694822,0,14,0,0,0,104,0,"[0, 0, -64, -112, -53, -76, -49, -40, -47, -3, -52, 31, -64, 62, -81, 86, -101, 105, -118, 116, -128, 121, -128, 123, -128, 121, -128, 113, -128, 100, -128, 87, -128, 75, -114, 67, -97, 63, -81, 65, -67, 70, -54, 77, -45, 85, -43, 94, -47, 103, -52, 107, 7, -71, 7, -80, 7, -89, 11, -98, 17, -106, 22, -109, 24, -109, 24, -108, 19, -105, 10, -102, -2, -101, -17, -98, -34, -96, -54, -100, -75, -106, -95, -117, -115, -128, -128, -128, -128, -128, -128, -128, -128, -128, -128, -128, -128, -128, -128, -128, -128, -128, -117, -128]",esp32_1
CSI_DATA,98513,2025-07-23 16:40:26.664,0,walk,00:00:00:00:00:00,-74,11,0,0,0,0,0,0,0,0,0,-97,0,1,0,834286028,0,14,0,0,0,104,0,"[0, 0, -128, 24, -94, -13, -49, -37, -7, -51, 33, -69, 76, -86, 121, -94, 127, -93, 127, -88, 127, -76, 127, -61, 127, -55, 127, -47, 127, -27, 127, -10, 127, 3, 127, 14, 106, 13, 81, 1, 56, -9, 29, -20, 3, -36, -20, -55, -33, -75, -36, -90, -55, -84, -55, -88, -60, -98, -69, -105, -76, -109, -77, -114, -86, -113, -103, -107, -119, -105, -128, -98, -128, -83, -128, -72, -128, -64, -128, -46, -128, -27, -128, -11, -128, 8, -128, 23, -128, 41, -128, 64, -128, 77, -128, 87, -128, 94, -128, 90, -128, 84, -128, 74]",esp32_2
CSI_DATA,98514,2025-07-23 16:40:26.684,0,walk,00:00:00:00:00:00,-74,11,0,0,0,0,0,0,0,0,0,-97,0,1,0,834314655,0,14,0,0,0,104,0,"[0, 0, 20, 127, -13, 127, -41, 97, -75, 57, -103, 19, -126, -17, -128, -52, -128, -83, -128, -112, -128, -128, -128, -128, -128, -128, -128, -128, -128, -128, -128, -128, -118, -128, -93, -128, -74, -128, -58, -101, -41, -73, -27, -45, -16, -14, -7, 15, -1, 39, 2, 60, -89, -12, -96, -17, -107, -15, -121, -10, -128, -5, -128, 6, -128, 22, -128, 38, -128, 52, -128, 63, -128, 80, -128, 102, -125, 116, -111, 125, -92, 127, -72, 127, -55, 127, -38, 127, -12, 127, 11, 127, 31, 127, 55, 127, 76, 127, 83, 127, 80, 127, 77, 127]",esp32_2
CSI_DATA,199393,2025-07-23 16:40:26.688,0,walk,00:00:00:00:00:00,-62,11,0,0,0,0,0,0,0,0,0,-97,0,1,0,2213704781,0,14,0,0,0,104,0,"[0, 0, 127, -7, 92, -13, 57, -25, 24, -45, -5, -67, -28, -90, -44, -113, -54, -128, -58, -128, -56, -128, -52, -128, -45, -128, -32, -128, -20, -128, -13, -128, -9, -128, -8, -128, -12, -113, -20, -98, -33, -86, -47, -79, -59, -77, -67, -80, -71, -87, -73, -92, 59, 31, 68, 37, 79, 46, 86, 55, 89, 63, 88, 68, 85, 70, 84, 69, 84, 62, 87, 53, 88, 42, 93, 27, 104, 11, 116, -5, 127, -21, 127, -37, 127, -49, 127, -59, 127, -66, 127, -68, 127, -65, 127, -59, 127, -51, 127, -45, 127, -34, 127, -20]",esp32_1
CSI_DATA,98515,2025-07-23 16:40:26.709,0,walk,00:00:00:00:00:00,-74,11,0,0,0,0,0,0,0,0,0,-97,0,1,0,834349816,0,14,0,0,0,104,0,"[0, 0, -128, -54, -128, -74, -95, -95, -48, -115, -7, -128, 37, -128, 76, -128, 111, -128, 127, -128, 127, -128, 127, -128, 127, -128, 127, -128, 127, -128, 127, -128, 127, -127, 127, -103, 127, -84, 121, -63, 89, -45, 55, -28, 20, -13, -14, -2, -45, 5, -62, 6, 89, -52, 95, -60, 97, -67, 99, -83, 101, -104, 97, -119, 90, -127, 80, -128, 64, -128, 48, -128, 36, -128, 22, -128, 6, -128, -17, -128, -47, -128, -77, -128, -110, -128, -128, -128, -128, -103, -128, -84, -128, -66, -128, -46, -128, -32, -128, -20, -128, -17, -128, -21]",esp32_2
CSI_DATA,199394,2025-07-23 16:40:26.712,0,walk,00:00:00:00:00:00,-63,11,0,0,0,0,0,0,0,0,0,-97,0,1,0,2213724835,0,14,0,0,0,104,0,"[0, 0, -128, 2, -105, 8, -63, 21, -24, 44, 10, 70, 39, 97, 60, 124, 72, 127, 77, 127, 77, 127, 71, 127, 59, 127, 44, 127, 31, 127, 22, 127, 17, 127, 16, 127, 19, 122, 29, 105, 42, 90, 58, 80, 73, 77, 85, 78, 93, 84, 95, 92, -69, -45, -77, -52, -89, -64, -96, -74, -99, -82, -98, -90, -94, -94, -93, -91, -96, -84, -99, -73, -100, -57, -105, -39, -116, -21, -128, -4, -128, 14, -128, 35, -128, 51, -128, 62, -128, 69, -128, 72, -128, 70, -128, 64, -128, 56, -128, 48, -128, 32, -128, 16]",esp32_1
CSI_DATA,98516,2025-07-23 16:40:26.730,0,walk,00:00:00:00:00:00,-74,11,0,0,0,0,0,0,0,0,0,-97,0,1,0,834386504,0,14,0,0,0,104,0,"[0, 0, -128, 127, -128, 104, -128, 62, -128, 22, -128, -20, -128, -69, -128, -115, -128, -128, -128, -128, -128, -128, -128, -128, -128, -128, -128, -128, -128, -128, -128, -128, -106, -128, -88, -128, -72, -128, -54, -128, -33, -106, -17, -60, -2, -23, 6, 10, 7, 42, 13, 59, 14, -105, 7, -116, -2, -128, -8, -128, -18, -128, -32, -128, -39, -128, -54, -128, -82, -128, -104, -128, -115, -128, -125, -103, -128, -79, -128, -52, -128, -18, -128, 10, -128, 36, -128, 69, -128, 102, -128, 127, -128, 127, -128, 127, -128, 127, -122, 127, -113, 127, -115, 127]",esp32_2
CSI_DATA,199395,2025-07-23 16:40:26.734,0,walk,00:00:00:00:00:00,-63,11,0,0,0,0,0,0,0,0,0,-97,0,1,0,2213744831,0,14,0,0,0,104,0,"[0, 0, -128, 11, -102, 14, -61, 24, -19, 43, 21, 64, 54, 87, 79, 112, 93, 127, 99, 127, 99, 127, 95, 127, 86, 127, 73, 127, 60, 127, 49, 127, 41, 127, 34, 127, 35, 110, 44, 90, 55, 72, 69, 59, 84, 51, 97, 51, 106, 56, 111, 61, -64, -50, -74, -59, -86, -71, -94, -81, -96, -89, -93, -94, -91, -96, -91, -96, -92, -91, -94, -81, -93, -66, -95, -48, -106, -29, -121, -8, -128, 14, -128, 35, -128, 54, -128, 69, -128, 80, -128, 86, -128, 86, -128, 81, -128, 71, -128, 60, -128, 47, -128, 32]",esp32_1
CSI_DATA,98517,2025-07-23 16:40:26.753,0,walk,00:00:00:00:00:00,-74,11,0,0,0,0,0,0,0,0,0,-97,0,1,0,834436179,0,14,0,0,0,104,0,"[0, 0, -38, -96, -20, -101, 2, -101, 26, -98, 47, -98, 66, -101, 85, -104, 102, -104, 117, -105, 127, -107, 127, -108, 127, -105, 127, -101, 127, -95, 127, -83, 127, -69, 121, -58, 106, -48, 91, -38, 74, -26, 52, -16, 32, -7, 18, 2, 3, 9, -13, 14, 35, 63, 39, 66, 44, 68, 53, 66, 67, 62, 76, 58, 84, 52, 93, 41, 96, 27, 92, 13, 89, 2, 85, -10, 75, -26, 66, -46, 52, -60, 32, -68, 12, -76, -7, -84, -25, -91, -40, -95, -54, -95, -70, -95, -81, -94, -85, -93, -87, -94, -86, -97]",esp32_2
CSI_DATA,199396,2025-07-23 16:40:26.758,0,walk,00:00:00:00:00:00,-63,11,0,0,0,0,0,0,0,0,0,-97,0,1,0,2213779296,0,14,0,0,0,104,0,"[0, 0, 108, 58, 74, 36, 44, 8, 16, -25, -8, -59, -26, -91, -36, -120, -37, -128, -32, -128, -27, -128, -21, -128, -13, -128, -1, -128, 10, -128, 15, -128, 13, -128, 7, -117, -2, -97, -15, -79, -31, -66, -48, -56, -63, -51, -76, -53, -87, -61, -93, -68, 6, 72, 6, 84, 7, 96, 7, 108, 2, 116, -4, 122, -7, 123, -7, 119, -1, 111, 8, 103, 16, 95, 30, 83, 51, 69, 77, 59, 100, 51, 122, 47, 127, 45, 127, 44, 127, 46, 127, 52, 127, 58, 127, 66, 127, 77, 127, 84, 127, 89, 127, 93]",esp32_1
CSI_DATA,98518,2025-07-23 16:40:26.774,0,walk,00:00:00:00:00:00,-74,11,0,0,0,0,0,0,0,0,0,-97,0,1,0,834460261,0,14,0,0,0,104,0,"[0, 0, -113, 113, -128, 90, -128, 61, -128, 30, -128, 1, -128, -28, -128, -58, -128, -85, -128, -103, -128, -119, -128, -128, -128, -128, -128, -128, -128, -128, -128, -128, -128, -128, -128, -128, -128, -126, -115, -108, -85, -85, -54, -59, -29, -38, -9, -20, 15, -3, 38, 9, 59, -118, 54, -128, 49, -128, 41, -128, 30, -128, 15, -128, -4, -128, -25, -128, -46, -128, -59, -128, -70, -128, -87, -103, -108, -80, -122, -57, -124, -24, -123, 8, -126, 42, -124, 81, -113, 109, -97, 127, -84, 127, -80, 127, -71, 127, -62, 127, -67, 127, -75, 127]",esp32_2
CSI_DATA,199397,2025-07-23 16:40:26.776,0,walk,00:00:00:00:00:00,-63,11,0,0,0,0,0,0,0,0,0,-97,0,1,0,2213817067,0,14,0,0,0,104,0,"[0, 0, 105, 46, 69, 23, 36, -4, 6, -36, -19, -69, -37, -101, -46, -128, -49, -128, -48, -128, -43, -128, -34, -128, -24, -128, -12, -128, -2, -128, 2, -128, 2, -128, -3, -111, -12, -90, -25, -72, -40, -57, -58, -46, -75, -41, -88, -43, -97, -50, -101, -58, 4, 73, 5, 83, 6, 96, 6, 108, 2, 117, -2, 119, -6, 118, -6, 116, 1, 112, 11, 104, 21, 93, 36, 80, 56, 69, 79, 60, 102, 51, 125, 43, 127, 39, 127, 40, 127, 43, 127, 46, 127, 51, 127, 60, 127, 70, 127, 77, 127, 82, 127, 85]",esp32_1
CSI_DATA,199398,2025-07-23 16:40:26.798,0,walk,00:00:00:00:00:00,-63,11,0,0,0,0,0,0,0,0,0,-97,0,1,0,2213864471,0,14,0,0,0,104,0,"[0, 0, -24, -114, -21, -71, -26, -28, -34, 13, -45, 49, -61, 81, -81, 106, -103, 124, -121, 127, -128, 127, -128, 127, -128, 127, -128, 120, -128, 105, -128, 89, -112, 76, -90, 68, -67, 62, -44, 61, -23, 64, -6, 70, 6, 81, 13, 94, 14, 106, 12, 115, 55, -57, 64, -65, 73, -72, 83, -76, 93, -77, 101, -76, 104, -73, 103, -72, 94, -68, 79, -66, 62, -71, 43, -77, 20, -82, -4, -93, -25, -111, -45, -128, -64, -128, -82, -128, -95, -128, -101, -128, -101, -128, -99, -128, -94, -128, -86, -128, -72, -128, -60, -128]",esp32_1
CSI_DATA,98519,2025-07-23 16:40:26.798,0,walk,00:00:00:00:00:00,-73,11,0,0,0,0,0,0,0,0,0,-97,0,1,0,834495754,0,14,0,0,0,104,0,"[0, 0, -128, -31, -128, -59, -127, -98, -103, -128, -87, -128, -69, -128, -54, -128, -46, -128, -32, -128, -18, -128, -11, -128, -6, -128, 0, -128, 9, -128, 17, -128, 23, -128, 23, -128, 23, -128, 25, -128, 26, -128, 24, -102, 23, -71, 22, -35, 21, 2, 20, 22, 115, 61, 122, 55, 127, 44, 127, 30, 127, 19, 127, 7, 127, -11, 127, -35, 127, -59, 127, -73, 108, -80, 85, -91, 65, -101, 36, -108, 2, -111, -36, -107, -74, -99, -103, -85, -122, -69, -128, -48, -128, -27, -128, -13, -128, 2, -128, 12, -128, 8, -128, 0]",esp32_2
CSI_DATA,199399,2025-07-23 16:40:26.821,0,walk,00:00:00:00:00:00,-62,11,0,0,0,0,0,0,0,0,0,-97,0,1,0,2213889435,0,14,0,0,0,104,0,"[0, 0, 104, -39, 65, -32, 24, -30, -16, -39, -51, -50, -81, -61, -107, -73, -127, -86, -128, -102, -128, -117, -128, -128, -128, -128, -123, -128, -106, -128, -92, -116, -80, -98, -69, -78, -61, -56, -60, -36, -65, -16, -75, 0, -85, 11, -94, 17, -105, 17, -112, 14, 63, 37, 70, 46, 77, 57, 84, 68, 88, 76, 88, 81, 84, 84, 79, 81, 77, 73, 76, 62, 73, 45, 74, 26, 82, 5, 93, -17, 102, -41, 112, -65, 127, -87, 127, -106, 127, -119, 127, -126, 127, -128, 127, -126, 127, -121, 127, -112, 127, -97, 127, -81]",esp32_1
CSI_DATA,98520,2025-07-23 16:40:26.821,0,walk,00:00:00:00:00:00,-73,11,0,0,0,0,0,0,0,0,0,-97,0,1,0,834524715,0,14,0,0,0,104,0,"[0, 0, 127, 99, 115, 124, 84, 127, 56, 127, 32, 127, 6, 127, -18, 127, -32, 127, -49, 127, -69, 127, -85, 127, -94, 127, -99, 127, -101, 127, -99, 127, -95, 127, -91, 127, -91, 127, -83, 127, -69, 114, -54, 82, -41, 58, -32, 27, -26, -7, -22, -30, -64, -116, -77, -115, -94, -116, -109, -112, -121, -104, -128, -90, -128, -73, -128, -57, -128, -35, -128, -10, -128, 12, -115, 33, -97, 53, -74, 66, -44, 80, -6, 97, 31, 106, 61, 109, 87, 104, 113, 95, 127, 88, 127, 83, 127, 80, 127, 76, 127, 73, 127, 76]",esp32_2
CSI_DATA,199400,2025-07-23 16:40:26.842,0,walk,00:00:00:00:00:00,-62,11,0,0,0,0,0,0,0,0,0,-97,0,1,0,2213913686,0,14,0,0,0,104,0,"[0, 0, 30, 127, 30, 87, 41, 37, 53, -7, 67, -45, 86, -80, 111, -108, 127, -128, 127, -128, 127, -128, 127, -128, 127, -124, 127, -110, 127, -96, 127, -80, 127, -66, 111, -60, 86, -62, 61, -68, 40, -76, 24, -88, 13, -102, 9, -116, 14, -128, 20, -128, -55, 80, -63, 86, -73, 95, -83, 103, -95, 106, -104, 105, -107, 102, -106, 97, -97, 93, -82, 91, -61, 93, -38, 95, -14, 98, 11, 109, 39, 127, 66, 127, 89, 127, 108, 127, 121, 127, 127, 127, 127, 127, 127, 127, 119, 127, 103, 127, 85, 127, 71, 127]",esp32_1
CSI_DATA,98521,2025-07-23 16:40:26.842,0,walk,00:00:00:00:00:00,-74,11,0,0,0,0,0,0,0,0,0,-97,0,1,0,834547713,0,14,0,0,0,104,0,"[0, 0, -128, 77, -128, 49, -128, 24, -128, -10, -128, -50, -128, -82, -128, -106, -128, -128, -128, -128, -128, -128, -128, -128, -128, -128, -128, -128, -128, -128, -128, -128, -128, -128, -128, -128, -128, -128, -120, -128, -94, -116, -63, -90, -35, -67, -16, -42, 7, -20, 29, -10, 127, -2, 127, -11, 127, -26, 127, -44, 127, -66, 127, -89, 127, -107, 123, -119, 102, -128, 70, -128, 39, -128, 8, -127, -20, -106, -43, -88, -66, -72, -89, -48, -113, -23, -128, 10, -128, 51, -128, 83, -128, 104, -128, 125, -128, 127, -128, 127, -128, 127, -128, 127]",esp32_2
CSI_DATA,98522,2025-07-23 16:40:26.864,0,walk,00:00:00:00:00:00,-74,11,0,0,0,0,0,0,0,0,0,-97,0,1,0,834590141,0,14,0,0,0,104,0,"[0, 0, 92, 127, 58, 127, 25, 127, 0, 127, -22, 127, -44, 127, -64, 127, -81, 127, -98, 127, -113, 127, -126, 127, -128, 127, -128, 127, -128, 127, -128, 127, -128, 127, -128, 127, -125, 127, -116, 117, -99, 92, -75, 66, -56, 39, -39, 13, -25, -14, -15, -33, -36, -128, -47, -128, -58, -128, -73, -128, -93, -128, -108, -118, -121, -100, -128, -81, -128, -62, -128, -37, -118, -13, -106, 11, -93, 35, -66, 59, -33, 78, -4, 91, 24, 102, 55, 112, 81, 113, 105, 111, 126, 113, 127, 111, 127, 103, 127, 103, 127, 108, 127, 110]",esp32_2
CSI_DATA,199401,2025-07-23 16:40:26.870,0,walk,00:00:00:00:00:00,-63,11,0,0,0,0,0,0,0,0,0,-97,0,1,0,2213949383,0,14,0,0,0,104,0,"[0, 0, 39, -98, 18, -62, -7, -32, -34, -8, -61, 13, -86, 30, -113, 43, -128, 51, -128, 47, -128, 39, -128, 33, -128, 28, -128, 24, -128, 19, -128, 16, -113, 16, -92, 21, -70, 29, -52, 40, -37, 50, -26, 63, -23, 77, -25, 89, -30, 99, -34, 106, 74, -1, 81, 0, 90, 4, 99, 9, 108, 12, 110, 15, 109, 19, 105, 19, 99, 14, 90, 6, 76, -7, 64, -23, 56, -42, 47, -68, 38, -97, 31, -128, 30, -128, 34, -128, 37, -128, 40, -128, 47, -128, 58, -128, 72, -128, 80, -128, 83, -128, 85, -128]",esp32_1
CSI_DATA,98523,2025-07-23 16:40:26.885,0,walk,00:00:00:00:00:00,-74,11,0,0,0,0,0,0,0,0,0,-97,0,1,0,834643863,0,14,0,0,0,104,0,"[0, 0, 127, 75, 114, 96, 93, 124, 72, 127, 54, 127, 40, 127, 28, 127, 14, 127, -6, 127, -26, 127, -42, 127, -52, 127, -54, 127, -58, 127, -64, 127, -66, 127, -61, 127, -58, 127, -59, 127, -55, 100, -44, 70, -36, 42, -32, 13, -24, -15, -15, -37, -118, -72, -128, -63, -128, -53, -128, -43, -128, -32, -128, -15, -128, 5, -128, 28, -128, 52, -128, 63, -108, 71, -87, 87, -66, 98, -33, 99, 7, 96, 43, 88, 77, 78, 107, 67, 127, 55, 127, 43, 127, 29, 127, 19, 127, 19, 127, 21, 127, 17, 127, 17]",esp32_2
CSI_DATA,199402,2025-07-23 16:40:26.894,0,walk,00:00:00:00:00:00,-63,11,0,0,0,0,0,0,0,0,0,-97,0,1,0,2213976131,0,14,0,0,0,104,0,"[0, 0, 91, -54, 50, -40, 9, -29, -30, -26, -68, -27, -102, -31, -128, -38, -128, -46, -128, -57, -128, -69, -128, -80, -128, -86, -128, -88, -128, -86, -126, -77, -108, -64, -90, -48, -77, -27, -68, -6, -65, 14, -68, 34, -73, 50, -78, 60, -87, 65, -96, 68, 63, 41, 70, 49, 77, 60, 83, 71, 88, 80, 88, 84, 84, 83, 79, 80, 76, 71, 74, 58, 72, 38, 72, 15, 80, -8, 89, -32, 97, -61, 107, -89, 125, -114, 127, -128, 127, -128, 127, -128, 127, -128, 127, -128, 127, -128, 127, -128, 127, -128, 127, -114]",esp32_1
CSI_DATA,98524,2025-07-23 16:40:26.906,0,walk,00:00:00:00:00:00,-74,11,0,0,0,0,0,0,0,0,0,-97,0,1,0,834671250,0,14,0,0,0,104,0,"[0, 0, -128, 46, -128, 13, -128, -23, -128, -52, -128, -79, -128, -105, -128, -128, -128, -128, -128, -128, -128, -128, -128, -128, -128, -128, -128, -128, -128, -128, -128, -128, -128, -128, -128, -128, -116, -128, -96, -128, -75, -119, -52, -97, -26, -70, -1, -43, 20, -23, 37, -5, 127, 35, 127, 27, 127, 12, 127, -8, 127, -29, 127, -49, 127, -69, 127, -90, 115, -108, 93, -119, 62, -122, 30, -119, -4, -112, -38, -98, -66, -73, -93, -45, -122, -17, -128, 10, -128, 39, -128, 65, -128, 87, -128, 109, -128, 123, -128, 127, -128, 125, -128, 107]",esp32_2
CSI_DATA,199403,2025-07-23 16:40:26.916,0,walk,00:00:00:00:00:00,-62,11,0,0,0,0,0,0,0,0,0,-97,0,1,0,2214014731,0,14,0,0,0,104,0,"[0, 0, -92, -59, -61, -32, -32, -1, -7, 36, 11, 70, 24, 100, 31, 127, 29, 127, 25, 127, 19, 127, 14, 127, 8, 127, 1, 127, -7, 127, -9, 127, -5, 122, 1, 100, 11, 81, 26, 62, 42, 47, 59, 38, 74, 35, 87, 36, 97, 44, 101, 50, 15, -73, 17, -84, 20, -98, 23, -109, 31, -116, 39, -116, 42, -113, 41, -109, 34, -101, 23, -93, 7, -86, -14, -77, -39, -68, -67, -63, -95, -60, -120, -60, -128, -64, -128, -70, -128, -77, -128, -83, -128, -93, -128, -106, -128, -114, -128, -116, -128, -117, -128, -119]",esp32_1
CSI_DATA,98525,2025-07-23 16:40:26.932,0,walk,00:00:00:00:00:00,-74,11,0,0,0,0,0,0,0,0,0,-97,0,1,0,834704404,0,14,0,0,0,104,0,"[0, 0, 11, 127, -20, 127, -53, 127, -81, 127, -105, 127, -128, 127, -128, 127, -128, 127, -128, 127, -128, 127, -128, 127, -128, 127, -128, 127, -128, 127, -128, 127, -128, 121, -128, 101, -128, 82, -128, 63, -118, 46, -95, 28, -71, 14, -49, -2, -28, -24, -9, -40, 51, -128, 41, -128, 30, -128, 12, -128, -7, -128, -26, -128, -49, -128, -68, -128, -84, -124, -98, -98, -105, -73, -104, -40, -102, -4, -100, 27, -88, 56, -62, 82, -33, 106, -4, 127, 21, 127, 39, 127, 57, 127, 76, 127, 87, 127, 92, 127, 96, 127, 92, 127]",esp32_2
CSI_DATA,199404,2025-07-23 16:40:26.938,0,walk,00:00:00:00:00:00,-63,11,0,0,0,0,0,0,0,0,0,-97,0,1,0,2214047151,0,14,0,0,0,104,0,"[0, 0, 9, 111, 11, 67, 21, 24, 31, -17, 45, -54, 65, -86, 87, -109, 110, -122, 127, -128, 127, -128, 127, -128, 127, -125, 127, -110, 127, -95, 127, -82, 110, -68, 87, -61, 64, -58, 42, -60, 20, -66, 3, -75, -9, -86, -15, -98, -15, -109, -12, -115, -64, 45, -73, 50, -85, 57, -95, 60, -104, 59, -110, 56, -112, 53, -108, 51, -97, 51, -81, 56, -65, 64, -46, 72, -25, 81, -2, 96, 18, 115, 32, 127, 46, 127, 61, 127, 70, 127, 75, 127, 76, 127, 73, 127, 66, 127, 58, 127, 47, 127, 37, 127]",esp32_1
CSI_DATA,98526,2025-07-23 16:40:26.953,0,walk,00:00:00:00:00:00,-73,11,0,0,0,0,0,0,0,0,0,-97,0,1,0,834743453,0,14,0,0,0,104,0,"[0, 0, 94, 127, 66, 127, 29, 127, -6, 127, -38, 127, -62, 127, -84, 127, -105, 127, -112, 127, -119, 127, -128, 127, -128, 127, -128, 127, -128, 127, -128, 127, -128, 127, -128, 127, -128, 123, -124, 95, -105, 69, -83, 43, -59, 21, -42, -1, -26, -23, -5, -38, -58, -128, -71, -128, -89, -125, -110, -120, -125, -111, -128, -100, -128, -88, -128, -66, -128, -34, -128, -2, -128, 25, -128, 49, -103, 75, -74, 98, -41, 104, 0, 105, 40, 114, 77, 120, 100, 125, 118, 127, 127, 125, 127, 116, 127, 105, 127, 96, 127, 98, 127, 106]",esp32_2
CSI_DATA,199405,2025-07-23 16:40:26.960,0,walk,00:00:00:00:00:00,-63,11,0,0,0,0,0,0,0,0,0,-97,0,1,0,2214094947,0,14,0,0,0,104,0,"[0, 0, 46, 89, 32, 51, 26, 13, 19, -24, 13, -61, 15, -97, 23, -126, 37, -128, 54, -128, 65, -128, 71, -128, 73, -128, 76, -128, 74, -128, 66, -125, 54, -107, 38, -89, 20, -76, 0, -67, -20, -61, -40, -59, -56, -63, -65, -71, -68, -80, -66, -86, -49, 56, -57, 61, -66, 69, -76, 75, -85, 77, -88, 75, -88, 74, -85, 72, -75, 69, -63, 67, -47, 68, -24, 69, 2, 71, 26, 79, 51, 93, 74, 110, 94, 127, 115, 127, 127, 127, 127, 127, 127, 127, 127, 127, 127, 127, 127, 127, 116, 127, 103, 127]",esp32_1
CSI_DATA,98527,2025-07-23 16:40:26.974,0,walk,00:00:00:00:00:00,-74,11,0,0,0,0,0,0,0,0,0,-97,0,1,0,834767260,0,14,0,0,97,104,0,"[0, 0, -128, -112, -121, -128, -89, -128, -56, -128, -29, -128, -9, -128, 9, -128, 19, -128, 36, -128, 58, -128, 69, -128, 71, -128, 75, -128, 86, -128, 93, -128, 93, -128, 88, -128, 82, -128, 76, -128, 68, -98, 57, -69, 48, -41, 36, -12, 20, 19, 9, 43, 105, 111, 111, 106, 126, 99, 127, 92, 127, 82, 127, 64, 127, 43, 127, 20, 127, -13, 127, -40, 127, -59, 111, -81, 85, -105, 53, -114, 15, -115, -25, -118, -67, -115, -108, -109, -128, -103, -128, -89, -128, -76, -128, -65, -128, -57, -128, -54, -128, -61, -128, -74]",esp32_2
CSI_DATA,199406,2025-07-23 16:40:26.982,0,walk,00:00:00:00:00:00,-62,11,0,0,0,0,0,0,0,0,0,-97,0,1,0,2214121023,0,14,0,0,0,104,0,"[0, 0, -96, 46, -56, 33, -15, 25, 25, 26, 60, 30, 93, 37, 123, 44, 127, 53, 127, 64, 127, 75, 127, 86, 127, 93, 127, 95, 127, 91, 114, 80, 98, 66, 82, 49, 70, 29, 65, 8, 63, -13, 65, -31, 68, -44, 76, -53, 87, -58, 96, -59, -61, -43, -67, -53, -73, -66, -78, -77, -81, -84, -79, -87, -74, -89, -72, -86, -70, -78, -68, -64, -67, -45, -68, -24, -76, -3, -88, 22, -99, 49, -112, 76, -128, 99, -128, 116, -128, 127, -128, 127, -128, 127, -128, 127, -128, 127, -128, 127, -128, 114, -128, 98]",esp32_1
CSI_DATA,98528,2025-07-23 16:40:26.997,0,walk,00:00:00:00:00:00,-73,11,0,0,0,0,0,0,0,0,0,-97,0,1,0,834805173,0,14,0,0,0,104,0,"[0, 0, -128, -104, -118, -128, -83, -128, -53, -128, -35, -128, -19, -128, 0, -128, 15, -128, 22, -128, 32, -128, 44, -128, 51, -128, 59, -128, 66, -128, 69, -128, 73, -128, 77, -128, 72, -128, 66, -128, 59, -113, 50, -81, 45, -49, 39, -16, 24, 14, 11, 33, 76, 119, 84, 120, 97, 117, 117, 108, 127, 94, 127, 79, 127, 59, 127, 35, 127, 9, 127, -19, 126, -46, 110, -70, 88, -86, 55, -98, 17, -110, -21, -113, -58, -111, -93, -110, -117, -106, -128, -95, -128, -80, -128, -71, -128, -66, -128, -62, -128, -64, -128, -72]",esp32_2
CSI_DATA,199407,2025-07-23 16:40:27.005,0,walk,00:00:00:00:00:00,-63,11,0,0,0,0,0,0,0,0,0,-97,0,1,0,2214155201,0,14,0,0,0,104,0,"[0, 0, -57, 81, -26, 53, 5, 31, 34, 14, 64, -3, 95, -14, 123, -22, 127, -26, 127, -19, 127, -9, 127, -1, 127, 4, 127, 6, 127, 6, 127, 5, 112, 4, 89, -3, 70, -14, 55, -27, 42, -42, 36, -60, 37, -76, 39, -86, 43, -92, 47, -94, -72, -17, -81, -21, -91, -31, -99, -38, -104, -44, -103, -47, -100, -49, -95, -48, -89, -41, -84, -29, -75, -11, -68, 9, -65, 30, -63, 54, -61, 84, -61, 116, -66, 127, -76, 127, -85, 127, -95, 127, -105, 127, -117, 127, -128, 127, -128, 127, -128, 127, -124, 127]",esp32_1
CSI_DATA,98529,2025-07-23 16:40:27.020,0,walk,00:00:00:00:00:00,-74,11,0,0,0,0,0,0,0,0,0,-97,0,1,0,834829538,0,14,0,0,0,104,0,"[0, 0, -128, 103, -128, 74, -128, 41, -128, 11, -128, -17, -128, -49, -128, -80, -128, -101, -128, -110, -128, -115, -128, -124, -128, -128, -128, -128, -128, -128, -128, -128, -128, -128, -128, -128, -124, -122, -96, -107, -68, -86, -43, -65, -26, -48, -4, -31, 20, -14, 35, -3, 109, -66, 110, -84, 105, -101, 99, -117, 93, -128, 81, -128, 61, -128, 40, -128, 20, -128, 0, -128, -29, -125, -55, -104, -71, -83, -91, -57, -108, -25, -112, 5, -115, 35, -118, 71, -114, 107, -109, 127, -108, 127, -101, 127, -88, 127, -81, 127, -86, 127, -95, 127]",esp32_2
CSI_DATA,199408,2025-07-23 16:40:27.027,0,walk,00:00:00:00:00:00,-63,11,0,0,0,0,0,0,0,0,0,-97,0,1,0,2214182093,0,14,0,0,0,104,0,"[0, 0, 33, -103, 11, -66, -15, -31, -39, 0, -65, 25, -95, 45, -124, 58, -128, 66, -128, 65, -128, 61, -128, 56, -128, 46, -128, 35, -128, 28, -128, 23, -123, 20, -98, 24, -75, 33, -55, 44, -39, 57, -28, 71, -20, 84, -19, 96, -24, 109, -32, 118, 82, -14, 92, -16, 102, -14, 112, -10, 122, -5, 126, 0, 123, 4, 117, 4, 106, 1, 93, -7, 79, -23, 64, -41, 51, -60, 41, -84, 30, -114, 21, -128, 17, -128, 15, -128, 17, -128, 24, -128, 31, -128, 39, -128, 47, -128, 55, -128, 60, -128, 63, -128]",esp32_1
CSI_DATA,199409,2025-07-23 16:40:27.049,0,walk,00:00:00:00:00:00,-62,11,0,0,0,0,0,0,0,0,0,-97,0,1,0,2214216604,0,14,0,0,0,104,0,"[0, 0, -6, -105, -12, -63, -23, -21, -40, 16, -60, 47, -79, 74, -101, 95, -124, 105, -128, 107, -128, 107, -128, 106, -128, 101, -128, 89, -128, 74, -128, 62, -105, 54, -82, 50, -63, 51, -41, 55, -22, 63, -7, 71, 4, 80, 7, 92, 4, 106, 0, 115, 71, -36, 81, -40, 91, -44, 100, -45, 108, -43, 112, -39, 109, -37, 106, -37, 96, -39, 78, -43, 63, -53, 47, -64, 27, -77, 6, -99, -9, -124, -20, -128, -30, -128, -41, -128, -49, -128, -53, -128, -50, -128, -43, -128, -36, -128, -30, -128, -21, -128, -15, -128]",esp32_1
CSI_DATA,199410,2025-07-23 16:40:27.073,0,walk,00:00:00:00:00:00,-63,11,0,0,0,0,0,0,0,0,0,-97,0,1,0,2214240942,0,14,0,0,0,104,0,"[0, 0, 79, -78, 41, -52, 2, -30, -36, -15, -75, -8, -110, -5, -128, -7, -128, -15, -128, -19, -128, -21, -128, -27, -128, -36, -128, -47, -128, -54, -128, -50, -115, -39, -95, -26, -80, -9, -69, 11, -61, 30, -57, 49, -57, 66, -60, 81, -70, 90, -79, 92, 81, 21, 87, 25, 96, 31, 106, 39, 114, 50, 114, 57, 109, 61, 103, 60, 95, 52, 87, 34, 81, 11, 72, -13, 66, -38, 66, -63, 72, -90, 82, -119, 94, -128, 105, -128, 116, -128, 127, -128, 127, -128, 127, -128, 127, -128, 127, -128, 127, -128, 127, -128]",esp32_1
CSI_DATA,98531,2025-07-23 16:40:27.073,0,walk,00:00:00:00:00:00,-74,11,0,0,0,0,0,0,0,0,0,-97,0,1,0,834925833,0,14,0,0,0,104,0,"[0, 0, 107, 122, 83, 127, 51, 127, 18, 127, -13, 127, -39, 127, -58, 127, -75, 127, -91, 127, -106, 127, -122, 127, -128, 127, -128, 127, -128, 127, -128, 127, -128, 127, -121, 127, -111, 127, -103, 108, -89, 82, -70, 56, -50, 35, -32, 9, -19, -15, -12, -28, -75, -104, -83, -103, -98, -100, -114, -89, -128, -79, -128, -69, -128, -50, -128, -26, -128, -2, -128, 22, -123, 41, -106, 58, -89, 80, -63, 96, -29, 104, 11, 108, 47, 108, 78, 105, 108, 106, 127, 104, 127, 95, 127, 88, 127, 85, 127, 85, 127, 88, 127, 89]",esp32_2
CSI_DATA,199411,2025-07-23 16:40:27.092,0,walk,00:00:00:00:00:00,-63,11,0,0,0,0,0,0,0,0,0,-97,0,1,0,2214277643,0,14,0,0,0,104,0,"[0, 0, -26, 117, -11, 67, 14, 19, 39, -22, 62, -57, 88, -90, 116, -112, 127, -123, 127, -128, 127, -128, 127, -128, 127, -121, 127, -106, 127, -89, 127, -75, 119, -65, 89, -61, 64, -62, 38, -67, 14, -74, -5, -82, -20, -92, -28, -106, -28, -123, -25, -128, -90, 12, -102, 12, -115, 12, -127, 7, -128, 1, -128, -5, -128, -8, -127, -7, -116, -2, -98, 12, -84, 30, -68, 48, -49, 70, -31, 97, -17, 127, -7, 127, 0, 127, 7, 127, 8, 127, 4, 127, 0, 127, -7, 127, -13, 127, -19, 127, -28, 127, -34, 127]",esp32_1
CSI_DATA,98532,2025-07-23 16:40:27.092,0,walk,00:00:00:00:00:00,-74,11,0,0,0,0,0,0,0,0,0,-97,0,1,0,834951321,0,14,0,0,0,104,0,"[0, 0, -128, -24, -128, -58, -128, -89, -128, -115, -126, -128, -119, -128, -109, -128, -103, -128, -98, -128, -89, -128, -83, -128, -75, -128, -66, -128, -60, -128, -53, -128, -38, -128, -26, -128, -17, -128, -3, -128, 4, -111, 6, -85, 12, -60, 16, -30, 23, 0, 31, 22, 118, 48, 127, 41, 127, 31, 127, 17, 127, 1, 127, -21, 127, -43, 127, -59, 126, -77, 100, -91, 72, -100, 46, -107, 22, -110, -11, -105, -48, -93, -79, -81, -110, -66, -128, -47, -128, -30, -128, -10, -128, 11, -128, 23, -128, 35, -128, 49, -128, 48, -128, 35]",esp32_2
CSI_DATA,199412,2025-07-23 16:40:27.119,0,walk,00:00:00:00:00:00,-63,11,0,0,0,0,0,0,0,0,0,-97,0,1,0,2214323875,0,14,0,0,0,104,0,"[0, 0, 4, 123, 8, 71, 23, 25, 36, -19, 49, -61, 66, -95, 87, -122, 112, -128, 127, -128, 127, -128, 127, -128, 127, -128, 127, -128, 127, -119, 127, -103, 109, -87, 82, -76, 53, -72, 27, -73, 3, -76, -18, -82, -31, -92, -36, -104, -39, -117, -39, -125, -84, 31, -95, 35, -107, 37, -119, 37, -128, 35, -128, 33, -128, 32, -128, 32, -119, 33, -103, 36, -83, 45, -60, 61, -37, 77, -17, 96, 3, 123, 21, 127, 36, 127, 49, 127, 62, 127, 71, 127, 72, 127, 68, 127, 54, 127, 35, 127, 21, 127, 15, 127]",esp32_1
CSI_DATA,98533,2025-07-23 16:40:27.119,0,walk,00:00:00:00:00:00,-74,11,0,0,0,0,0,0,0,0,0,-97,0,1,0,834986104,0,14,0,0,0,104,0,"[0, 0, 86, -128, 115, -112, 127, -83, 127, -48, 127, -21, 127, -5, 127, 9, 127, 27, 127, 41, 127, 53, 127, 64, 127, 79, 127, 92, 127, 100, 127, 106, 127, 109, 127, 104, 127, 93, 114, 83, 86, 69, 49, 55, 14, 43, -8, 28, -22, 8, -30, -4, -25, 126, -18, 127, -7, 127, 7, 127, 23, 127, 41, 127, 60, 127, 76, 127, 90, 127, 103, 112, 112, 89, 123, 56, 127, 20, 126, -11, 118, -39, 105, -67, 98, -94, 92, -123, 78, -128, 63, -128, 48, -128, 34, -128, 21, -128, 16, -128, 19, -128, 20, -128]",esp32_2
CSI_DATA,199413,2025-07-23 16:40:27.140,0,walk,00:00:00:00:00:00,-63,11,0,0,0,0,0,0,0,0,0,-97,0,1,0,2214349450,0,14,0,0,0,104,0,"[0, 0, -111, 6, -67, 10, -23, 19, 17, 36, 52, 55, 80, 74, 104, 93, 119, 107, 127, 121, 127, 127, 127, 127, 121, 127, 109, 127, 93, 127, 80, 123, 69, 102, 60, 80, 56, 55, 59, 31, 65, 9, 75, -9, 85, -21, 96, -27, 107, -27, 115, -25, -35, -66, -40, -78, -42, -94, -44, -107, -44, -116, -40, -118, -34, -116, -31, -111, -33, -101, -40, -86, -48, -67, -58, -47, -76, -26, -98, -7, -118, 12, -128, 32, -128, 47, -128, 57, -128, 62, -128, 63, -128, 61, -128, 57, -128, 50, -128, 43, -128, 34, -128, 24]",esp32_1
CSI_DATA,98534,2025-07-23 16:40:27.140,0,walk,00:00:00:00:00:00,-74,11,0,0,0,0,0,0,0,0,0,-97,0,1,0,835023068,0,14,0,0,0,104,0,"[0, 0, 127, -43, 127, -8, 127, 29, 127, 58, 127, 85, 127, 116, 127, 127, 127, 127, 127, 127, 127, 127, 127, 127, 127, 127, 127, 127, 127, 127, 114, 127, 95, 127, 79, 127, 63, 127, 50, 127, 35, 107, 15, 77, -1, 52, -12, 22, -19, -6, -26, -22, -128, 32, -128, 41, -128, 56, -128, 73, -123, 88, -111, 104, -97, 123, -79, 127, -59, 127, -36, 127, -8, 127, 17, 120, 41, 104, 71, 88, 98, 69, 117, 40, 127, 10, 127, -18, 127, -51, 127, -80, 127, -101, 127, -121, 127, -128, 127, -128, 127, -128, 127, -124]",esp32_2
CSI_DATA,199414,2025-07-23 16:40:27.160,0,walk,00:00:00:00:00:00,-63,11,0,0,0,0,0,0,0,0,0,-97,0,1,0,2214384098,0,14,0,0,0,104,0,"[0, 0, -65, 93, -34, 59, -2, 28, 35, 9, 73, -4, 107, -15, 127, -19, 127, -22, 127, -27, 127, -26, 127, -19, 127, -5, 127, 12, 127, 22, 127, 23, 123, 19, 98, 10, 78, -2, 65, -17, 55, -37, 48, -57, 43, -75, 41, -90, 47, -99, 55, -101, -79, -1, -90, -7, -104, -14, -115, -21, -121, -27, -120, -32, -115, -37, -110, -39, -104, -34, -95, -20, -82, 0, -70, 22, -64, 47, -61, 74, -59, 101, -58, 127, -62, 127, -69, 127, -81, 127, -95, 127, -108, 127, -116, 127, -114, 127, -109, 127, -109, 127, -112, 127]",esp32_1
CSI_DATA,98535,2025-07-23 16:40:27.160,0,walk,00:00:00:00:00:00,-73,11,0,0,0,0,0,0,0,0,0,-97,0,1,0,835050775,0,14,0,0,0,104,0,"[0, 0, 127, 18, 127, 47, 127, 85, 127, 121, 124, 127, 116, 127, 107, 127, 97, 127, 91, 127, 86, 127, 80, 127, 73, 127, 62, 127, 52, 127, 39, 127, 25, 127, 17, 127, 9, 127, 0, 127, -9, 119, -13, 86, -13, 56, -17, 21, -23, -13, -23, -35, -128, -30, -128, -22, -128, -10, -128, 6, -128, 24, -128, 40, -128, 57, -128, 76, -113, 92, -97, 108, -75, 121, -45, 127, -15, 124, 20, 112, 55, 99, 83, 86, 114, 70, 127, 48, 127, 23, 127, -1, 127, -21, 127, -40, 127, -53, 127, -58, 127, -55, 127, -45]",esp32_2
CSI_DATA,199415,2025-07-23 16:40:27.188,0,walk,00:00:00:00:00:00,-63,11,0,0,0,0,0,0,0,0,0,-97,0,1,0,2214420916,0,14,0,0,0,104,0,"[0, 0, -81, 60, -47, 41, -10, 26, 27, 17, 63, 10, 97, 8, 124, 8, 127, 12, 127, 23, 127, 37, 127, 48, 127, 53, 127, 53, 127, 51, 125, 48, 107, 40, 89, 27, 72, 8, 60, -11, 51, -29, 48, -45, 51, -58, 56, -68, 64, -75, 70, -77, -60, -38, -68, -46, -75, -57, -80, -65, -84, -72, -87, -74, -86, -73, -80, -68, -75, -61, -73, -51, -71, -35, -69, -14, -71, 7, -77, 30, -83, 58, -93, 84, -107, 107, -123, 127, -128, 127, -128, 127, -128, 127, -128, 127, -128, 127, -128, 127, -128, 127, -128, 122]",esp32_1
CSI_DATA,98536,2025-07-23 16:40:27.188,0,walk,00:00:00:00:00:00,-73,11,0,0,0,0,0,0,0,0,0,-97,0,1,0,835074275,0,14,0,0,0,104,0,"[0, 0, 127, 75, 127, 98, 114, 127, 85, 127, 62, 127, 45, 127, 23, 127, 3, 127, -11, 127, -23, 127, -37, 127, -52, 127, -61, 127, -61, 127, -63, 127, -68, 127, -70, 127, -67, 127, -61, 121, -50, 87, -41, 61, -37, 36, -29, 0, -13, -32, 0, -50, -128, -22, -128, -19, -128, -12, -128, 1, -128, 16, -128, 35, -128, 56, -128, 78, -128, 99, -113, 114, -85, 123, -58, 124, -34, 120, 0, 118, 40, 114, 78, 106, 115, 96, 127, 79, 127, 58, 127, 40, 127, 20, 127, 9, 127, 6, 127, -5, 127, -8, 127, 6]",esp32_2
CSI_DATA,199416,2025-07-23 16:40:27.210,0,walk,00:00:00:00:00:00,-63,11,0,0,0,0,0,0,0,0,0,-97,0,1,0,2214446346,0,14,0,0,0,104,0,"[0, 0, -77, 82, -43, 53, -5, 28, 32, 12, 68, 2, 104, -4, 127, -8, 127, -8, 127, 0, 127, 11, 127, 22, 127, 29, 127, 35, 127, 38, 127, 36, 123, 30, 102, 18, 83, 2, 68, -15, 57, -32, 52, -49, 52, -66, 56, -79, 64, -89, 71, -93, -79, -14, -89, -20, -98, -29, -105, -37, -113, -44, -116, -49, -111, -49, -104, -47, -97, -40, -91, -27, -84, -8, -77, 13, -74, 35, -75, 62, -76, 92, -78, 124, -87, 127, -98, 127, -109, 127, -120, 127, -128, 127, -128, 127, -128, 127, -128, 127, -128, 127, -128, 127]",esp32_1
CSI_DATA,98537,2025-07-23 16:40:27.211,0,walk,00:00:00:00:00:00,-73,11,0,0,0,0,0,0,0,0,0,-97,0,1,0,835111149,0,14,0,0,0,104,0,"[0, 0, 127, -63, 127, -33, 127, 2, 127, 34, 127, 63, 127, 88, 127, 113, 127, 127, 127, 127, 127, 127, 127, 127, 127, 127, 127, 127, 127, 127, 127, 127, 127, 127, 127, 127, 108, 127, 87, 127, 66, 106, 42, 86, 17, 64, -7, 37, -27, 10, -38, -6, -128, 29, -128, 41, -128, 55, -128, 69, -126, 87, -114, 104, -98, 113, -80, 125, -58, 127, -31, 127, 0, 124, 25, 111, 49, 94, 75, 82, 101, 60, 118, 32, 127, 3, 127, -34, 127, -67, 127, -89, 127, -113, 127, -128, 127, -128, 127, -128, 127, -128, 127, -128]",esp32_2
CSI_DATA,199417,2025-07-23 16:40:27.232,0,walk,00:00:00:00:00:00,-63,11,0,0,0,0,0,0,0,0,0,-97,0,1,0,2214485710,0,14,0,0,0,104,0,"[0, 0, -69, 88, -35, 59, 2, 31, 36, 13, 70, 3, 103, -5, 127, -10, 127, -9, 127, -4, 127, 5, 127, 14, 127, 22, 127, 30, 127, 34, 127, 35, 121, 31, 98, 18, 81, 1, 69, -17, 58, -34, 53, -51, 52, -66, 55, -78, 63, -88, 71, -92, -83, -8, -93, -12, -103, -19, -112, -25, -118, -32, -121, -36, -118, -37, -111, -35, -103, -30, -95, -20, -85, -2, -76, 20, -71, 41, -68, 66, -66, 97, -67, 127, -74, 127, -83, 127, -91, 127, -100, 127, -111, 127, -122, 127, -128, 127, -128, 127, -128, 127, -127, 127]",esp32_1
CSI_DATA,98538,2025-07-23 16:40:27.233,0,walk,00:00:00:00:00:00,-74,11,0,0,0,0,0,0,0,0,0,-97,0,1,0,835148655,0,14,0,0,0,104,0,"[0, 0, -41, 98, -58, 82, -77, 65, -98, 51, -117, 37, -128, 23, -128, 8, -128, -5, -128, -13, -128, -22, -128, -31, -128, -37, -128, -43, -128, -51, -128, -53, -128, -50, -122, -51, -104, -50, -83, -46, -63, -39, -45, -30, -27, -22, -11, -12, 5, -2, 19, 1, 18, -80, 13, -85, 6, -90, -1, -93, -11, -97, -22, -96, -36, -92, -51, -86, -62, -76, -67, -65, -71, -49, -77, -29, -79, -10, -75, 8, -72, 29, -68, 51, -60, 70, -49, 86, -36, 100, -23, 113, -13, 124, -6, 127, -1, 127, 4, 127, 4, 127, -1, 127]",esp32_2
CSI_DATA,199418,2025-07-23 16:40:27.256,0,walk,00:00:00:00:00:00,-63,11,0,0,0,0,0,0,0,0,0,-97,0,1,0,2214519218,0,14,0,0,0,104,0,"[0, 0, 115, -35, 68, -32, 24, -35, -25, -42, -71, -53, -107, -68, -128, -85, -128, -103, -128, -121, -128, -128, -128, -128, -128, -128, -128, -128, -128, -128, -115, -127, -98, -104, -85, -80, -76, -57, -74, -32, -77, -7, -83, 16, -94, 34, -105, 43, -117, 45, -126, 42, 58, 65, 66, 75, 75, 88, 81, 100, 82, 111, 76, 118, 69, 119, 63, 115, 63, 103, 66, 84, 69, 63, 76, 38, 89, 8, 106, -21, 124, -45, 127, -67, 127, -89, 127, -110, 127, -123, 127, -128, 127, -128, 127, -128, 127, -125, 127, -114, 127, -97, 127, -82]",esp32_1
CSI_DATA,98539,2025-07-23 16:40:27.256,0,walk,00:00:00:00:00:00,-74,11,0,0,0,0,0,0,0,0,0,-97,0,1,0,835203466,0,14,0,0,0,104,0,"[0, 0, 20, -109, 41, -94, 65, -85, 96, -76, 118, -67, 127, -55, 127, -45, 127, -37, 127, -28, 127, -17, 127, -7, 127, 0, 127, 8, 127, 19, 127, 26, 127, 27, 127, 30, 112, 32, 91, 28, 69, 22, 51, 18, 28, 14, 4, 9, -16, 1, -32, -4, 17, 86, 17, 91, 23, 94, 35, 97, 48, 99, 60, 97, 72, 85, 86, 70, 94, 56, 93, 39, 93, 21, 92, 0, 87, -21, 80, -44, 68, -62, 52, -76, 40, -96, 27, -120, 8, -128, -13, -128, -29, -128, -37, -128, -42, -128, -44, -128, -39, -128, -32, -128]",esp32_2
CSI_DATA,199419,2025-07-23 16:40:27.278,0,walk,00:00:00:00:00:00,-63,11,0,0,0,0,0,0,0,0,0,-97,0,1,0,2214566533,0,14,0,0,0,104,0,"[0, 0, -107, 5, -67, 9, -24, 19, 17, 38, 53, 59, 83, 77, 105, 92, 118, 107, 126, 121, 127, 127, 127, 127, 124, 127, 109, 127, 94, 127, 81, 125, 69, 103, 62, 81, 60, 57, 60, 31, 64, 9, 74, -9, 83, -21, 92, -27, 104, -26, 114, -23, -33, -68, -36, -79, -39, -93, -41, -104, -38, -114, -33, -122, -30, -120, -27, -111, -29, -99, -36, -86, -46, -70, -58, -49, -78, -30, -99, -12, -119, 5, -128, 19, -128, 33, -128, 44, -128, 50, -128, 52, -128, 50, -128, 44, -128, 39, -128, 33, -128, 22, -128, 11]",esp32_1
CSI_DATA,98540,2025-07-23 16:40:27.278,0,walk,00:00:00:00:00:00,-72,11,0,0,0,0,0,0,0,0,0,-97,0,1,0,835219651,0,14,0,0,0,104,0,"[0, 0, -121, 127, -128, 98, -128, 63, -128, 23, -128, -11, -128, -43, -128, -79, -128, -105, -128, -122, -128, -128, -128, -128, -128, -128, -128, -128, -128, -128, -128, -128, -128, -128, -128, -128, -128, -127, -99, -112, -71, -90, -41, -65, -13, -45, 5, -22, 23, 0, 42, 16, 64, -127, 58, -128, 50, -128, 41, -128, 26, -128, 8, -128, -10, -128, -37, -128, -62, -128, -77, -128, -95, -108, -110, -82, -125, -51, -128, -14, -128, 24, -128, 57, -128, 86, -128, 116, -121, 127, -104, 127, -92, 127, -82, 127, -72, 127, -69, 127, -75, 127, -81, 127]",esp32_2
CSI_DATA,199420,2025-07-23 16:40:27.300,0,walk,00:00:00:00:00:00,-63,11,0,0,0,0,0,0,0,0,0,-97,0,1,0,2214603634,0,14,0,0,0,104,0,"[0, 0, -20, 127, -2, 79, 22, 35, 49, -4, 75, -37, 104, -65, 127, -85, 127, -96, 127, -103, 127, -106, 127, -103, 127, -91, 127, -72, 127, -56, 127, -46, 127, -40, 116, -39, 89, -44, 65, -55, 44, -67, 27, -82, 16, -99, 12, -116, 18, -128, 26, -128, -87, 41, -99, 45, -114, 49, -126, 49, -128, 46, -128, 40, -128, 33, -128, 27, -127, 28, -108, 37, -89, 51, -65, 65, -38, 82, -17, 107, -2, 127, 8, 127, 18, 127, 30, 127, 34, 127, 28, 127, 19, 127, 10, 127, 4, 127, 2, 127, -6, 127, -14, 127]",esp32_1
CSI_DATA,98541,2025-07-23 16:40:27.302,0,walk,00:00:00:00:00:00,-72,11,0,0,0,0,0,0,0,0,0,-97,0,1,0,835247030,0,14,0,0,0,104,0,"[0, 0, 98, -128, 127, -120, 127, -91, 127, -65, 127, -41, 127, -19, 127, 8, 127, 29, 127, 39, 127, 49, 127, 62, 127, 74, 127, 83, 127, 91, 127, 95, 127, 91, 127, 86, 127, 84, 127, 80, 108, 65, 73, 51, 42, 44, 14, 30, -14, 11, -37, -1, -83, 108, -79, 118, -71, 127, -59, 127, -45, 127, -26, 127, -6, 127, 16, 127, 41, 127, 67, 127, 88, 109, 104, 79, 115, 44, 123, 12, 126, -19, 126, -54, 125, -88, 121, -121, 107, -128, 90, -128, 80, -128, 69, -128, 53, -128, 38, -128, 38, -128, 50, -128]",esp32_2
CSI_DATA,98542,2025-07-23 16:40:27.324,0,walk,00:00:00:00:00:00,-73,11,0,0,0,0,0,0,0,0,0,-97,0,1,0,835271312,0,14,0,0,0,104,0,"[0, 0, -102, -26, -88, -46, -72, -71, -60, -93, -52, -108, -41, -124, -29, -128, -21, -128, -13, -128, -7, -128, -5, -128, -2, -128, 5, -128, 14, -128, 22, -128, 26, -128, 27, -125, 28, -107, 30, -89, 26, -70, 19, -49, 15, -29, 11, -12, 7, 6, 2, 20, 76, 15, 83, 10, 90, 4, 93, -5, 95, -20, 93, -31, 85, -40, 77, -51, 65, -62, 50, -70, 37, -74, 21, -76, -2, -75, -25, -72, -46, -67, -67, -57, -84, -46, -99, -36, -114, -23, -125, -10, -128, 1, -128, 12, -128, 22, -128, 27, -128, 23, -128, 14]",esp32_2
CSI_DATA,98543,2025-07-23 16:40:27.346,0,walk,00:00:00:00:00:00,-73,11,0,0,0,0,0,0,0,0,0,-97,0,1,0,835297432,0,14,0,0,0,104,0,"[0, 0, 127, 96, 104, 119, 76, 127, 41, 127, 12, 127, -10, 127, -39, 127, -64, 127, -80, 127, -98, 127, -113, 127, -119, 127, -123, 127, -126, 127, -126, 127, -125, 127, -125, 127, -115, 127, -100, 116, -84, 87, -66, 63, -47, 34, -28, 4, -9, -19, 2, -37, -121, -68, -128, -62, -128, -56, -128, -41, -128, -22, -128, -8, -128, 7, -128, 29, -128, 52, -128, 71, -102, 91, -71, 107, -47, 117, -17, 123, 20, 124, 55, 119, 91, 113, 125, 110, 127, 100, 127, 84, 127, 70, 127, 61, 127, 56, 127, 50, 127, 48, 127, 51]",esp32_2
CSI_DATA,98544,2025-07-23 16:40:27.370,0,walk,00:00:00:00:00:00,-74,11,0,0,0,0,0,0,0,0,0,-97,0,1,0,835323062,0,14,0,0,0,104,0,"[0, 0, -128, 93, -128, 58, -128, 24, -128, -3, -128, -35, -128, -68, -128, -99, -128, -127, -128, -128, -128, -128, -128, -128, -128, -128, -128, -128, -128, -128, -128, -128, -128, -128, -117, -128, -93, -128, -68, -127, -49, -103, -28, -78, -4, -51, 7, -20, 15, 9, 25, 32, 70, -117, 66, -127, 57, -128, 49, -128, 38, -128, 17, -128, -5, -128, -24, -128, -39, -128, -55, -123, -78, -105, -101, -79, -120, -46, -128, -14, -128, 15, -128, 41, -128, 66, -128, 97, -128, 127, -115, 127, -107, 127, -103, 127, -95, 127, -89, 127, -87, 127, -90, 127]",esp32_2
CSI_DATA,98545,2025-07-23 16:40:27.392,0,walk,00:00:00:00:00:00,-72,11,0,0,0,0,0,0,0,0,0,-97,0,1,0,835357883,0,14,0,0,0,104,0,"[0, 0, -128, -5, -128, -38, -128, -79, -128, -115, -127, -128, -122, -128, -116, -128, -113, -128, -112, -128, -104, -128, -96, -128, -92, -128, -86, -128, -74, -128, -60, -128, -48, -128, -34, -128, -21, -128, -8, -128, 1, -113, 8, -84, 15, -56, 20, -24, 24, 5, 26, 22, 117, 8, 127, 1, 127, -10, 127, -25, 127, -42, 127, -54, 127, -67, 117, -86, 98, -105, 70, -114, 38, -118, 7, -119, -21, -114, -48, -103, -77, -88, -106, -71, -128, -54, -128, -32, -128, -9, -128, 10, -128, 28, -128, 48, -128, 67, -128, 79, -128, 73, -128, 59]",esp32_2
CSI_DATA,199423,2025-07-23 16:40:27.403,0,walk,00:00:00:00:00:00,-62,11,0,0,0,0,0,0,0,0,0,-97,0,1,0,2214700414,0,14,0,0,0,104,0,"[0, 0, -65, 82, -34, 54, 1, 32, 35, 14, 67, 0, 97, -10, 126, -12, 127, -9, 127, -5, 127, 1, 127, 7, 127, 15, 127, 24, 127, 28, 127, 25, 115, 20, 94, 11, 76, -3, 62, -19, 50, -36, 43, -52, 40, -66, 44, -79, 52, -89, 60, -93, -74, -16, -83, -19, -95, -23, -104, -30, -109, -38, -109, -44, -106, -47, -100, -46, -91, -41, -84, -29, -78, -11, -69, 10, -62, 33, -59, 59, -60, 87, -67, 115, -76, 127, -83, 127, -90, 127, -99, 127, -110, 127, -122, 127, -128, 127, -128, 127, -128, 127, -127, 127]",esp32_1
CSI_DATA,98546,2025-07-23 16:40:27.414,0,walk,00:00:00:00:00:00,-72,11,0,0,0,0,0,0,0,0,0,-97,0,1,0,835382029,0,14,0,0,0,104,0,"[0, 0, -128, 45, -128, 6, -128, -31, -128, -64, -128, -100, -128, -128, -128, -128, -128, -128, -128, -128, -128, -128, -128, -128, -128, -128, -128, -128, -118, -128, -99, -128, -83, -128, -65, -128, -47, -128, -32, -128, -21, -114, -7, -82, 8, -53, 15, -24, 21, 6, 30, 25, 118, -63, 120, -75, 118, -86, 114, -101, 110, -118, 99, -128, 79, -128, 56, -128, 31, -128, 5, -128, -24, -128, -49, -119, -73, -90, -104, -63, -128, -40, -128, -14, -128, 12, -128, 43, -128, 77, -128, 102, -128, 124, -128, 127, -128, 127, -128, 127, -128, 127, -128, 127]",esp32_2
CSI_DATA,199424,2025-07-23 16:40:27.429,0,walk,00:00:00:00:00:00,-63,11,0,0,0,0,0,0,0,0,0,-97,0,1,0,2214737100,0,14,0,0,0,104,0,"[0, 0, -89, 50, -50, 38, -12, 31, 23, 31, 58, 31, 89, 37, 116, 44, 127, 52, 127, 65, 127, 77, 127, 86, 127, 92, 127, 92, 126, 86, 111, 77, 95, 67, 80, 52, 68, 34, 62, 15, 59, -5, 62, -23, 70, -36, 76, -45, 83, -48, 87, -47, -66, -32, -70, -40, -78, -49, -84, -58, -88, -66, -87, -70, -83, -73, -79, -71, -77, -64, -78, -53, -75, -34, -71, -13, -75, 8, -83, 29, -91, 55, -101, 82, -116, 105, -128, 123, -128, 127, -128, 127, -128, 127, -128, 127, -128, 127, -128, 127, -128, 116, -128, 96]",esp32_1
CSI_DATA,98547,2025-07-23 16:40:27.439,0,walk,00:00:00:00:00:00,-73,11,0,0,0,0,0,0,0,0,0,-97,0,1,0,835423308,0,14,0,0,0,104,0,"[0, 0, 29, -128, 64, -128, 102, -128, 127, -113, 127, -100, 127, -87, 127, -72, 127, -65, 127, -61, 127, -48, 127, -30, 127, -20, 127, -9, 127, 3, 127, 8, 127, 14, 127, 24, 127, 27, 127, 30, 110, 35, 71, 32, 42, 24, 17, 20, -10, 19, -35, 17, 5, 127, 15, 127, 30, 127, 47, 127, 64, 127, 80, 127, 92, 127, 103, 113, 117, 91, 126, 66, 127, 34, 127, 2, 121, -29, 106, -65, 91, -96, 73, -120, 49, -128, 24, -128, 3, -128, -19, -128, -43, -128, -59, -128, -69, -128, -72, -128, -67, -128, -64, -128]",esp32_2
CSI_DATA,199425,2025-07-23 16:40:27.450,0,walk,00:00:00:00:00:00,-63,11,0,0,0,0,0,0,0,0,0,-97,0,1,0,2214797268,0,14,0,0,0,104,0,"[0, 0, 13, -109, -1, -69, -20, -30, -40, 6, -61, 34, -85, 56, -110, 75, -128, 87, -128, 91, -128, 89, -128, 85, -128, 79, -128, 68, -128, 55, -128, 45, -121, 39, -96, 37, -73, 41, -53, 48, -35, 57, -20, 67, -11, 79, -7, 93, -9, 105, -15, 113, 72, -31, 80, -34, 90, -35, 102, -35, 114, -34, 119, -31, 120, -27, 115, -26, 106, -27, 94, -32, 79, -44, 60, -57, 42, -70, 27, -89, 11, -114, -5, -128, -14, -128, -18, -128, -20, -128, -19, -128, -15, -128, -9, -128, 0, -128, 8, -128, 17, -128, 24, -128]",esp32_1
CSI_DATA,98548,2025-07-23 16:40:27.461,0,walk,00:00:00:00:00:00,-72,11,0,0,0,0,0,0,0,0,0,-97,0,1,0,835468195,0,14,0,8,115,104,0,"[0, 0, 9, -128, 45, -128, 86, -117, 127, -100, 127, -93, 127, -85, 127, -70, 127, -60, 127, -54, 127, -46, 127, -36, 127, -29, 127, -17, 127, 0, 127, 8, 127, 11, 127, 21, 127, 34, 127, 40, 112, 36, 76, 33, 42, 34, 14, 30, -11, 19, -30, 12, 14, 127, 16, 127, 25, 127, 43, 127, 62, 127, 78, 127, 91, 127, 105, 115, 118, 91, 127, 66, 127, 40, 127, 7, 122, -30, 109, -66, 93, -96, 67, -117, 41, -128, 18, -128, -4, -128, -28, -128, -49, -128, -64, -128, -76, -128, -80, -128, -72, -128, -63, -128]",esp32_2
CSI_DATA,199426,2025-07-23 16:40:27.472,0,walk,00:00:00:00:00:00,-63,11,0,0,0,0,0,0,0,0,0,-97,0,1,0,2214821574,0,14,0,88,-25,104,0,"[0, 0, -73, -88, -50, -52, -32, -10, -20, 30, -14, 66, -13, 99, -15, 127, -21, 127, -29, 127, -36, 127, -44, 127, -53, 127, -60, 127, -61, 127, -56, 127, -47, 114, -32, 96, -16, 80, 3, 67, 23, 59, 41, 55, 58, 55, 70, 60, 79, 71, 83, 80, 29, -73, 35, -81, 42, -91, 52, -100, 61, -104, 67, -104, 71, -102, 70, -98, 63, -93, 49, -87, 29, -81, 8, -76, -15, -72, -43, -74, -73, -81, -103, -93, -128, -108, -128, -121, -128, -128, -128, -128, -128, -128, -128, -128, -128, -128, -128, -128, -128, -128, -128, -128]",esp32_1
CSI_DATA,98549,2025-07-23 16:40:27.489,0,walk,00:00:00:00:00:00,-73,11,0,0,0,0,0,0,0,0,0,-97,0,1,0,835502731,0,14,0,0,0,104,0,"[0, 0, 82, 119, 42, 127, 3, 127, -36, 127, -69, 127, -94, 127, -114, 127, -128, 127, -128, 127, -128, 127, -128, 127, -128, 127, -128, 127, -128, 127, -128, 127, -128, 115, -128, 89, -128, 68, -126, 48, -99, 28, -71, 13, -46, -2, -22, -14, 4, -25, 21, -33, -117, -72, -127, -69, -128, -64, -128, -59, -128, -48, -128, -30, -128, -11, -128, 5, -128, 30, -128, 53, -105, 68, -82, 87, -57, 103, -27, 116, 5, 127, 37, 127, 69, 127, 102, 127, 127, 127, 127, 123, 127, 114, 127, 111, 127, 103, 127, 92, 127, 87, 127, 88]",esp32_2
CSI_DATA,199427,2025-07-23 16:40:27.494,0,walk,00:00:00:00:00:00,-63,11,0,0,0,0,0,0,0,0,0,-97,0,1,0,2214857397,0,14,0,88,-25,104,0,"[0, 0, -44, -125, -39, -74, -37, -21, -40, 26, -50, 68, -63, 107, -81, 127, -101, 127, -119, 127, -128, 127, -128, 127, -128, 127, -128, 127, -128, 127, -128, 123, -110, 104, -85, 90, -58, 81, -31, 77, -7, 78, 13, 82, 29, 91, 40, 104, 43, 119, 43, 127, 57, -71, 67, -80, 79, -87, 89, -93, 101, -98, 111, -98, 112, -94, 108, -90, 99, -86, 84, -86, 62, -89, 37, -89, 12, -94, -16, -108, -48, -126, -81, -128, -109, -128, -128, -128, -128, -128, -128, -128, -128, -128, -128, -128, -128, -128, -128, -128, -111, -128, -96, -128]",esp32_1
CSI_DATA,199428,2025-07-23 16:40:27.515,0,walk,00:00:00:00:00:00,-62,11,0,0,0,0,0,0,0,0,0,-97,0,1,0,2214882874,0,14,0,0,0,104,0,"[0, 0, -43, 100, -20, 67, 9, 39, 37, 15, 65, -4, 95, -18, 123, -26, 127, -29, 127, -27, 127, -21, 127, -14, 127, -6, 127, 2, 127, 9, 127, 11, 121, 9, 98, 2, 78, -10, 63, -24, 51, -39, 45, -52, 43, -65, 46, -76, 53, -86, 61, -92, -74, 19, -83, 19, -94, 17, -105, 13, -114, 10, -121, 8, -120, 4, -114, 1, -106, 2, -97, 7, -84, 19, -69, 33, -54, 50, -42, 72, -32, 98, -25, 127, -24, 127, -26, 127, -30, 127, -37, 127, -44, 127, -54, 127, -65, 127, -73, 127, -76, 127, -74, 127]",esp32_1
CSI_DATA,98550,2025-07-23 16:40:27.515,0,walk,00:00:00:00:00:00,-73,11,0,0,0,0,0,0,0,0,0,-97,0,1,0,835542536,0,14,0,0,0,104,0,"[0, 0, 127, -32, 127, 12, 127, 55, 127, 88, 127, 115, 123, 127, 115, 127, 111, 127, 110, 127, 106, 127, 100, 127, 92, 127, 81, 127, 68, 127, 54, 127, 35, 127, 22, 127, 15, 127, 4, 127, -7, 113, -14, 82, -24, 51, -30, 20, -31, -10, -31, -30, -128, 49, -128, 58, -128, 69, -128, 80, -128, 93, -118, 105, -102, 116, -79, 126, -55, 127, -27, 127, 8, 122, 36, 110, 59, 95, 92, 75, 123, 50, 127, 23, 127, -2, 127, -30, 127, -59, 127, -87, 127, -112, 127, -128, 127, -128, 127, -128, 127, -128, 127, -120]",esp32_2
CSI_DATA,199429,2025-07-23 16:40:27.537,0,walk,00:00:00:00:00:00,-62,11,0,0,0,0,0,0,0,0,0,-97,0,1,0,2214917286,0,14,0,0,0,104,0,"[0, 0, -14, 103, -4, 65, 16, 26, 36, -11, 56, -41, 77, -67, 100, -87, 123, -94, 127, -88, 127, -80, 127, -73, 127, -69, 127, -66, 127, -57, 127, -48, 113, -41, 90, -40, 67, -48, 42, -55, 21, -61, 8, -67, 5, -77, 8, -90, 10, -105, 11, -115, -72, 19, -83, 23, -93, 25, -103, 25, -113, 23, -120, 24, -118, 27, -111, 26, -102, 24, -90, 22, -79, 28, -66, 40, -51, 55, -37, 80, -21, 107, -7, 127, 2, 127, 9, 127, 18, 127, 28, 127, 29, 127, 17, 127, -9, 127, -32, 127, -39, 127, -38, 127]",esp32_1
CSI_DATA,98551,2025-07-23 16:40:27.543,0,walk,00:00:00:00:00:00,-73,11,0,0,0,0,0,0,0,0,0,-97,0,1,0,835574922,0,14,0,40,7,104,0,"[0, 0, -128, 50, -128, 8, -128, -36, -128, -80, -128, -122, -128, -128, -128, -128, -128, -128, -128, -128, -128, -128, -126, -128, -119, -128, -108, -128, -92, -128, -74, -128, -52, -128, -29, -128, -15, -128, -6, -128, 3, -116, 12, -85, 23, -57, 30, -24, 30, 10, 27, 30, 125, -74, 127, -82, 127, -94, 124, -109, 114, -126, 96, -128, 74, -128, 52, -128, 26, -128, 0, -128, -25, -128, -52, -114, -82, -90, -113, -69, -128, -43, -128, -14, -128, 18, -128, 54, -128, 85, -128, 107, -128, 127, -128, 127, -128, 127, -128, 127, -128, 127, -128, 127]",esp32_2
CSI_DATA,199430,2025-07-23 16:40:27.561,0,walk,00:00:00:00:00:00,-63,11,0,0,0,0,0,0,0,0,0,-97,0,1,0,2214954137,0,14,0,0,0,104,0,"[0, 0, -67, -85, -46, -47, -30, -8, -17, 31, -12, 69, -13, 102, -18, 127, -24, 127, -24, 127, -24, 127, -31, 127, -44, 127, -59, 127, -65, 127, -59, 127, -46, 113, -32, 92, -19, 76, -1, 65, 21, 59, 42, 57, 61, 53, 75, 55, 83, 67, 83, 77, 26, -72, 33, -81, 40, -95, 48, -104, 57, -109, 65, -105, 73, -99, 74, -97, 65, -93, 46, -86, 25, -79, 4, -71, -23, -66, -53, -70, -80, -78, -106, -86, -128, -99, -128, -111, -128, -123, -128, -128, -128, -128, -128, -128, -128, -128, -128, -128, -128, -128, -128, -128]",esp32_1
CSI_DATA,199431,2025-07-23 16:40:27.585,0,walk,00:00:00:00:00:00,-63,11,0,0,0,0,0,0,0,0,0,-97,0,1,0,2214990789,0,14,0,0,0,104,0,"[0, 0, -97, 47, -55, 35, -14, 28, 24, 29, 60, 32, 93, 38, 121, 44, 127, 52, 127, 65, 127, 76, 127, 84, 127, 88, 127, 87, 127, 82, 124, 73, 107, 65, 89, 49, 74, 29, 67, 9, 61, -12, 63, -33, 72, -51, 80, -63, 85, -67, 88, -64, -61, -44, -68, -53, -75, -67, -80, -79, -83, -89, -81, -93, -75, -98, -69, -97, -67, -88, -70, -75, -69, -55, -68, -30, -72, -5, -79, 18, -91, 46, -106, 76, -125, 102, -128, 121, -128, 127, -128, 127, -128, 127, -128, 127, -128, 127, -128, 127, -128, 111, -128, 87]",esp32_1
CSI_DATA,199432,2025-07-23 16:40:27.607,0,walk,00:00:00:00:00:00,-63,11,0,0,0,0,0,0,0,0,0,-97,0,1,0,2215051027,0,14,0,0,0,104,0,"[0, 0, 122, 13, 75, -3, 38, -22, -4, -48, -48, -73, -81, -100, -105, -122, -118, -128, -113, -128, -99, -128, -92, -128, -88, -128, -86, -128, -80, -128, -69, -128, -62, -128, -58, -111, -59, -78, -65, -49, -70, -22, -83, -2, -102, 6, -118, 3, -128, -1, -128, -4, 8, 85, 10, 98, 8, 115, 5, 127, 1, 127, 0, 127, 0, 127, -1, 127, 0, 127, 1, 123, 7, 108, 26, 87, 53, 67, 82, 49, 114, 29, 127, 13, 127, 4, 127, -1, 127, -7, 127, -13, 127, -13, 127, -1, 127, 29, 127, 55, 127, 63, 127, 65]",esp32_1
CSI_DATA,199433,2025-07-23 16:40:27.631,0,walk,00:00:00:00:00:00,-63,11,0,0,0,0,0,0,0,0,0,-97,0,1,0,2215076059,0,14,0,0,0,104,0,"[0, 0, 19, 106, 15, 63, 19, 20, 25, -23, 35, -61, 45, -94, 61, -121, 78, -128, 91, -128, 105, -128, 116, -128, 123, -128, 124, -128, 118, -122, 107, -104, 87, -87, 65, -78, 42, -73, 18, -68, -3, -66, -20, -67, -32, -71, -42, -81, -48, -98, -50, -109, -67, 37, -76, 43, -87, 49, -99, 51, -109, 51, -116, 52, -116, 50, -111, 48, -101, 45, -85, 42, -71, 48, -52, 55, -28, 63, -4, 80, 18, 99, 36, 121, 54, 127, 74, 127, 91, 127, 100, 127, 101, 127, 96, 127, 87, 127, 76, 127, 65, 127, 59, 127]",esp32_1
CSI_DATA,98553,2025-07-23 16:40:27.633,0,walk,00:00:00:00:00:00,-73,11,0,0,0,0,0,0,0,0,0,-97,0,1,0,835667115,0,14,0,0,0,104,0,"[0, 0, -48, 127, -65, 127, -88, 111, -112, 80, -128, 49, -128, 16, -128, -17, -128, -45, -128, -68, -128, -85, -128, -101, -128, -118, -128, -128, -128, -128, -128, -128, -128, -128, -128, -128, -128, -121, -128, -103, -104, -80, -74, -60, -47, -42, -23, -19, 3, 1, 22, 11, 11, -119, 8, -128, 0, -128, -10, -128, -21, -128, -35, -128, -49, -128, -64, -128, -79, -128, -93, -121, -106, -99, -115, -73, -120, -46, -124, -14, -118, 15, -106, 39, -96, 68, -86, 101, -71, 127, -56, 127, -40, 127, -25, 127, -13, 127, -3, 127, 3, 127, 6, 127]",esp32_2
CSI_DATA,199434,2025-07-23 16:40:27.655,0,walk,00:00:00:00:00:00,-63,11,0,0,0,0,0,0,0,0,0,-97,0,1,0,2215102960,0,14,0,0,0,104,0,"[0, 0, -34, -112, -28, -70, -30, -26, -33, 17, -38, 56, -50, 90, -68, 118, -87, 127, -103, 127, -115, 127, -124, 127, -128, 127, -128, 127, -128, 127, -117, 109, -100, 92, -80, 79, -57, 72, -31, 69, -10, 69, 9, 73, 25, 80, 34, 91, 37, 105, 36, 115, 54, -60, 60, -67, 71, -75, 83, -83, 94, -86, 103, -84, 108, -80, 106, -76, 97, -72, 84, -69, 68, -72, 45, -74, 18, -76, -8, -85, -33, -101, -56, -122, -77, -128, -98, -128, -114, -128, -124, -128, -127, -128, -126, -128, -119, -128, -109, -128, -94, -128, -82, -128]",esp32_1
CSI_DATA,98554,2025-07-23 16:40:27.667,0,walk,00:00:00:00:00:00,-73,11,0,0,0,0,0,0,0,0,0,-97,0,1,0,835694871,0,14,0,0,0,104,0,"[0, 0, -21, 127, -47, 123, -82, 90, -120, 51, -128, 6, -128, -35, -128, -69, -128, -98, -128, -124, -128, -128, -128, -128, -128, -128, -128, -128, -128, -128, -128, -128, -128, -128, -128, -128, -118, -128, -87, -124, -62, -91, -40, -61, -20, -35, -7, -9, 6, 17, 20, 35, -60, -117, -67, -123, -74, -126, -85, -126, -98, -127, -113, -126, -126, -116, -128, -101, -128, -82, -128, -59, -128, -38, -128, -10, -128, 26, -128, 60, -126, 88, -106, 113, -86, 127, -67, 127, -48, 127, -31, 127, -9, 127, 10, 127, 23, 127, 31, 127, 34, 127, 30, 127]",esp32_2
CSI_DATA,199435,2025-07-23 16:40:27.677,0,walk,00:00:00:00:00:00,-63,11,0,0,0,0,0,0,0,0,0,-97,0,1,0,2215137563,0,14,0,0,0,104,0,"[0, 0, -103, -28, -69, -11, -37, 8, -7, 36, 16, 66, 33, 94, 43, 120, 49, 127, 51, 127, 48, 127, 40, 127, 30, 127, 20, 127, 10, 127, 4, 127, 3, 123, 5, 102, 12, 83, 24, 64, 38, 49, 54, 40, 68, 36, 80, 38, 89, 44, 93, 51, -25, -63, -29, -74, -33, -88, -35, -102, -33, -110, -28, -116, -25, -118, -23, -115, -24, -108, -28, -98, -33, -87, -42, -75, -56, -61, -78, -48, -99, -34, -120, -21, -128, -12, -128, -9, -128, -10, -128, -13, -128, -17, -128, -24, -128, -32, -128, -36, -128, -44, -128, -53]",esp32_1
CSI_DATA,98555,2025-07-23 16:40:27.698,0,walk,00:00:00:00:00:00,-72,11,0,0,0,0,0,0,0,0,0,-97,0,1,0,835730325,0,14,0,0,0,104,0,"[0, 0, 57, -128, 66, -99, 74, -56, 76, -4, 72, 55, 67, 107, 60, 127, 51, 127, 43, 127, 32, 127, 23, 127, 13, 127, -8, 127, -29, 127, -38, 127, -46, 127, -55, 127, -52, 127, -42, 111, -34, 75, -23, 40, -6, 7, 14, -22, 35, -42, 47, -52, 81, 72, 88, 82, 96, 90, 108, 93, 123, 93, 127, 92, 127, 89, 127, 79, 127, 64, 127, 45, 127, 25, 127, 1, 127, -30, 127, -61, 127, -90, 122, -116, 112, -128, 102, -128, 86, -128, 74, -128, 62, -128, 50, -128, 40, -128, 36, -128, 36, -128, 37, -128]",esp32_2
CSI_DATA,199436,2025-07-23 16:40:27.699,0,walk,00:00:00:00:00:00,-64,11,0,0,0,0,0,0,0,0,0,-97,0,1,0,2215163043,0,14,0,0,0,104,0,"[0, 0, -74, -90, -50, -57, -31, -21, -15, 18, -4, 57, 1, 92, 0, 124, -8, 127, -18, 127, -27, 127, -35, 127, -44, 127, -53, 127, -60, 127, -58, 127, -49, 118, -39, 96, -24, 79, -6, 65, 15, 54, 36, 48, 54, 48, 68, 53, 78, 64, 84, 73, 31, -65, 36, -77, 41, -89, 46, -99, 55, -106, 64, -108, 68, -106, 68, -104, 64, -100, 54, -97, 39, -93, 21, -88, -3, -81, -29, -81, -54, -85, -77, -92, -104, -102, -128, -113, -128, -123, -128, -128, -128, -128, -128, -128, -128, -128, -128, -128, -128, -128, -128, -128]",esp32_1
CSI_DATA,199437,2025-07-23 16:40:27.721,0,walk,00:00:00:00:00:00,-63,11,0,0,0,0,0,0,0,0,0,-97,0,1,0,2215197382,0,14,0,0,0,104,0,"[0, 0, 19, -128, 6, -114, -16, -76, -39, -37, -64, 2, -97, 33, -128, 55, -128, 68, -128, 66, -128, 60, -128, 54, -128, 43, -128, 28, -128, 18, -128, 9, -128, 2, -128, -1, -128, 0, -125, 8, -106, 22, -91, 37, -85, 52, -87, 67, -94, 78, -101, 81, 59, -73, 66, -80, 77, -88, 88, -96, 99, -102, 107, -105, 111, -105, 110, -104, 105, -104, 98, -110, 85, -119, 69, -123, 53, -128, 34, -128, 14, -128, -6, -128, -19, -128, -27, -128, -31, -128, -29, -128, -27, -128, -24, -128, -13, -128, 2, -128, 14, -128, 23, -128]",esp32_1
CSI_DATA,98556,2025-07-23 16:40:27.729,0,walk,00:00:00:00:00:00,-73,11,0,0,0,0,0,0,0,0,0,-97,0,1,0,835754791,0,14,0,0,0,104,0,"[0, 0, 81, -82, 82, -50, 79, -22, 75, 8, 73, 40, 69, 71, 66, 98, 62, 120, 60, 127, 64, 127, 64, 127, 60, 127, 52, 127, 43, 127, 38, 127, 27, 127, 13, 127, 6, 107, 3, 81, -1, 60, -6, 38, -12, 14, -17, -7, -18, -20, -18, -30, -49, 61, -51, 67, -53, 73, -52, 83, -46, 94, -41, 101, -36, 104, -26, 104, -15, 101, -1, 93, 16, 84, 29, 69, 38, 53, 52, 36, 68, 16, 79, -8, 89, -31, 98, -55, 103, -80, 107, -98, 107, -111, 103, -124, 99, -128, 98, -128, 94, -128, 91, -128]",esp32_2
CSI_DATA,199438,2025-07-23 16:40:27.742,0,walk,00:00:00:00:00:00,-62,11,0,0,0,0,0,0,0,0,0,-97,0,1,0,2215234874,0,14,0,0,0,104,0,"[0, 0, 8, -105, -4, -68, -25, -29, -48, 6, -71, 31, -94, 52, -122, 65, -128, 68, -128, 69, -128, 68, -128, 63, -128, 55, -128, 42, -128, 28, -128, 22, -114, 22, -92, 26, -72, 36, -52, 50, -39, 63, -31, 74, -27, 86, -29, 98, -38, 111, -47, 120, 67, -45, 77, -50, 85, -53, 96, -54, 105, -53, 111, -50, 111, -47, 104, -45, 93, -44, 77, -47, 62, -56, 45, -66, 27, -78, 10, -99, -3, -122, -13, -128, -23, -128, -30, -128, -35, -128, -36, -128, -30, -128, -19, -128, -11, -128, -4, -128, 5, -128, 10, -128]",esp32_1
CSI_DATA,98557,2025-07-23 16:40:27.757,0,walk,00:00:00:00:00:00,-74,11,0,0,0,0,0,0,0,0,0,-97,0,1,0,835792268,0,14,0,0,0,104,0,"[0, 0, -125, -128, -84, -128, -38, -128, 9, -128, 47, -128, 91, -128, 127, -128, 127, -128, 127, -128, 127, -128, 127, -128, 127, -128, 127, -128, 127, -128, 127, -128, 127, -117, 127, -98, 127, -80, 127, -60, 127, -39, 91, -19, 54, 0, 22, 14, -4, 26, -25, 37, 76, 108, 86, 112, 98, 115, 114, 114, 127, 109, 127, 102, 127, 89, 127, 71, 127, 55, 127, 33, 127, 8, 127, -19, 105, -51, 82, -76, 49, -94, 9, -115, -27, -128, -61, -128, -96, -128, -126, -128, -128, -128, -128, -128, -128, -128, -128, -128, -128, -128, -128, -128]",esp32_2
CSI_DATA,199439,2025-07-23 16:40:27.771,0,walk,00:00:00:00:00:00,-64,11,0,0,0,0,0,0,0,0,0,-97,0,1,0,2215271572,0,14,0,0,0,104,0,"[0, 0, -62, 91, -36, 57, -6, 27, 24, 2, 55, -21, 89, -38, 120, -51, 127, -60, 127, -60, 127, -53, 127, -43, 127, -31, 127, -20, 127, -14, 127, -7, 126, -3, 99, -6, 71, -12, 49, -23, 30, -36, 16, -52, 7, -73, 4, -90, 8, -102, 13, -107, -71, -18, -80, -21, -91, -25, -101, -29, -112, -33, -117, -38, -119, -43, -118, -45, -115, -40, -112, -34, -103, -21, -90, -4, -81, 13, -74, 33, -67, 59, -61, 90, -61, 122, -63, 127, -65, 127, -72, 127, -80, 127, -88, 127, -98, 127, -101, 127, -101, 127, -102, 127]",esp32_1
CSI_DATA,98558,2025-07-23 16:40:27.785,0,walk,00:00:00:00:00:00,-73,11,0,0,0,0,0,0,0,0,0,-97,0,1,0,835826774,0,14,0,0,0,104,0,"[0, 0, -91, 77, -96, 30, -101, -23, -113, -74, -123, -110, -128, -128, -128, -128, -128, -128, -128, -128, -128, -128, -127, -128, -115, -128, -95, -128, -75, -128, -54, -128, -31, -128, -11, -128, 6, -121, 19, -92, 29, -57, 41, -25, 46, 5, 40, 31, 29, 54, 17, 70, 28, -119, 31, -128, 27, -128, 17, -128, 7, -128, -4, -128, -21, -128, -38, -128, -54, -128, -75, -115, -96, -89, -106, -59, -114, -24, -124, 16, -122, 58, -115, 96, -119, 127, -122, 127, -111, 127, -92, 127, -79, 127, -75, 127, -70, 127, -63, 127, -62, 127, -64, 127]",esp32_2
CSI_DATA,199440,2025-07-23 16:40:27.803,0,walk,00:00:00:00:00:00,-63,11,0,0,0,0,0,0,0,0,0,-97,0,1,0,2215319932,0,14,0,0,0,104,0,"[0, 0, -41, -117, -34, -78, -35, -39, -40, 0, -49, 40, -63, 72, -83, 97, -106, 114, -125, 123, -128, 126, -128, 123, -128, 114, -128, 100, -128, 85, -128, 69, -124, 56, -102, 49, -79, 46, -57, 47, -38, 54, -21, 65, -8, 77, -4, 89, -8, 102, -13, 109, 28, -81, 31, -89, 35, -99, 42, -108, 52, -115, 60, -116, 64, -116, 65, -117, 62, -114, 51, -110, 38, -109, 21, -106, 2, -104, -18, -109, -39, -119, -61, -128, -83, -128, -102, -128, -116, -128, -121, -128, -126, -128, -128, -128, -128, -128, -119, -128, -103, -128, -90, -128]",esp32_1
CSI_DATA,98559,2025-07-23 16:40:27.817,0,walk,00:00:00:00:00:00,-71,11,0,0,0,0,0,0,0,0,0,-97,0,1,0,835874965,0,14,0,0,0,104,0,"[0, 0, -9, 82, -39, 79, -68, 77, -95, 77, -118, 77, -128, 78, -128, 80, -128, 81, -128, 79, -128, 72, -128, 65, -128, 58, -128, 47, -128, 33, -121, 19, -106, 4, -92, -11, -78, -24, -64, -35, -47, -44, -29, -53, -13, -59, -2, -62, 8, -61, 19, -59, 8, -77, 6, -84, -1, -89, -11, -91, -21, -91, -30, -85, -39, -78, -49, -70, -58, -55, -64, -33, -64, -10, -57, 14, -48, 39, -38, 66, -22, 89, -3, 107, 18, 122, 40, 127, 59, 127, 75, 127, 89, 127, 99, 127, 102, 127, 99, 114, 90, 105, 80, 105]",esp32_2
CSI_DATA,98560,2025-07-23 16:40:27.853,0,walk,00:00:00:00:00:00,-72,11,0,0,0,0,0,0,0,0,0,-97,0,1,0,835901271,0,14,0,0,0,104,0,"[0, 0, -128, -50, -107, -94, -73, -128, -45, -128, -23, -128, -5, -128, 10, -128, 25, -128, 34, -128, 42, -128, 52, -128, 62, -128, 71, -128, 82, -128, 88, -128, 90, -128, 88, -117, 83, -84, 77, -50, 70, -18, 61, 7, 52, 29, 40, 52, 27, 74, 17, 87, 123, 30, 127, 23, 127, 15, 127, 0, 127, -20, 127, -35, 127, -50, 119, -75, 97, -94, 68, -101, 31, -109, -3, -114, -36, -114, -77, -110, -119, -97, -128, -78, -128, -59, -128, -39, -128, -15, -128, 7, -128, 25, -128, 40, -128, 51, -128, 57, -128, 51, -128, 41]",esp32_2
CSI_DATA,199442,2025-07-23 16:40:27.913,0,walk,00:00:00:00:00:00,-63,11,0,0,0,0,0,0,0,0,0,-97,0,1,0,2215380075,0,14,0,0,0,104,0,"[0, 0, 92, -62, 57, -47, 20, -31, -15, -25, -50, -27, -83, -32, -112, -39, -128, -48, -128, -55, -128, -62, -128, -77, -128, -94, -128, -106, -128, -110, -119, -105, -100, -93, -83, -79, -71, -65, -64, -48, -63, -28, -65, -11, -69, 6, -76, 18, -87, 22, -95, 20, 72, -2, 80, 0, 90, 4, 100, 9, 108, 14, 112, 18, 113, 23, 114, 25, 113, 21, 108, 8, 101, -10, 98, -25, 98, -36, 102, -51, 105, -72, 106, -95, 113, -117, 124, -128, 127, -128, 127, -128, 127, -128, 127, -128, 127, -128, 127, -128, 127, -128, 127, -128]",esp32_1
CSI_DATA,199443,2025-07-23 16:40:27.942,0,walk,00:00:00:00:00:00,-62,11,0,0,0,0,0,0,0,0,0,-97,0,1,0,2215417761,0,14,0,0,0,104,0,"[0, 0, 30, 112, 27, 73, 33, 31, 44, -5, 60, -32, 75, -58, 97, -82, 118, -91, 127, -92, 127, -92, 127, -89, 127, -85, 127, -72, 127, -52, 127, -39, 124, -33, 104, -31, 89, -34, 72, -40, 58, -49, 47, -57, 39, -64, 38, -73, 46, -83, 53, -91, -24, 75, -25, 85, -29, 92, -34, 99, -38, 106, -40, 109, -39, 109, -35, 110, -29, 110, -16, 104, -4, 106, 9, 112, 26, 117, 46, 127, 62, 127, 72, 127, 84, 127, 97, 127, 109, 127, 117, 127, 117, 127, 110, 127, 99, 127, 88, 127, 78, 127, 72, 127]",esp32_1
CSI_DATA,98562,2025-07-23 16:40:27.944,0,walk,00:00:00:00:00:00,-73,11,0,0,0,0,0,0,0,0,0,-97,0,1,0,835960469,0,14,0,0,0,104,0,"[0, 0, -42, 71, -60, 37, -75, 9, -88, -20, -99, -51, -110, -78, -118, -100, -121, -120, -123, -128, -123, -128, -120, -128, -113, -128, -101, -128, -84, -128, -66, -128, -48, -117, -28, -98, -11, -79, 2, -56, 12, -34, 20, -14, 26, 6, 29, 25, 27, 43, 22, 57, -25, -79, -27, -82, -34, -84, -42, -82, -50, -81, -58, -78, -64, -69, -75, -59, -86, -46, -92, -30, -93, -12, -93, 12, -93, 38, -88, 60, -78, 80, -67, 101, -59, 126, -52, 127, -42, 127, -29, 127, -18, 127, -11, 127, -4, 127, 2, 127, 2, 127, -5, 127]",esp32_2
CSI_DATA,199444,2025-07-23 16:40:27.968,0,walk,00:00:00:00:00:00,-62,11,0,0,0,0,0,0,0,0,0,-97,0,1,0,2215443527,0,14,0,0,0,104,0,"[0, 0, -18, -107, -12, -64, -12, -23, -12, 16, -16, 55, -26, 91, -39, 121, -55, 127, -68, 127, -80, 127, -92, 127, -102, 127, -107, 127, -108, 127, -102, 123, -90, 103, -75, 86, -58, 72, -38, 63, -16, 56, 4, 53, 22, 54, 34, 60, 43, 70, 47, 77, 54, -47, 62, -51, 71, -60, 80, -67, 90, -70, 97, -69, 98, -67, 97, -67, 91, -69, 78, -71, 60, -76, 41, -81, 20, -89, 0, -102, -19, -118, -36, -128, -53, -128, -71, -128, -85, -128, -92, -128, -94, -128, -94, -128, -91, -128, -84, -128, -71, -128, -60, -128]",esp32_1
CSI_DATA,98563,2025-07-23 16:40:27.975,0,walk,00:00:00:00:00:00,-73,11,0,0,0,0,0,0,0,0,0,-97,0,1,0,835989394,0,14,0,0,0,104,0,"[0, 0, 122, -60, 127, -14, 127, 32, 127, 73, 127, 106, 127, 127, 127, 127, 127, 127, 127, 127, 127, 127, 127, 127, 127, 127, 127, 127, 125, 127, 100, 127, 69, 127, 44, 127, 22, 127, -2, 116, -25, 86, -46, 54, -62, 26, -70, -1, -78, -25, -83, -42, -87, 83, -91, 95, -93, 109, -84, 123, -67, 127, -44, 127, -18, 127, 5, 127, 24, 127, 49, 127, 77, 114, 98, 84, 113, 53, 127, 22, 127, -12, 127, -48, 127, -85, 127, -123, 127, -128, 127, -128, 127, -128, 127, -128, 114, -128, 102, -128, 99, -128, 102, -128]",esp32_2
CSI_DATA,199445,2025-07-23 16:40:27.999,0,walk,00:00:00:00:00:00,-63,11,0,0,0,0,0,0,0,0,0,-97,0,1,0,2215495479,0,14,0,0,0,104,0,"[0, 0, -79, 70, -44, 52, -4, 38, 31, 33, 63, 32, 94, 32, 121, 38, 127, 45, 127, 53, 127, 65, 127, 77, 127, 84, 127, 87, 127, 85, 116, 77, 100, 66, 87, 51, 78, 34, 73, 15, 73, -1, 77, -14, 83, -24, 89, -31, 97, -32, 103, -30, -80, -1, -89, -6, -99, -12, -107, -16, -113, -20, -115, -24, -111, -27, -106, -27, -101, -20, -95, -9, -88, 6, -80, 23, -79, 42, -82, 64, -85, 90, -88, 114, -97, 127, -109, 127, -120, 127, -128, 127, -128, 127, -128, 127, -128, 127, -128, 127, -128, 127, -128, 127]",esp32_1
CSI_DATA,98564,2025-07-23 16:40:27.999,0,walk,00:00:00:00:00:00,-72,11,0,0,0,0,0,0,0,0,0,-97,0,1,0,836014246,0,14,0,0,0,104,0,"[0, 0, 28, -95, 59, -89, 89, -85, 114, -80, 127, -78, 127, -79, 127, -79, 127, -80, 127, -81, 127, -78, 127, -70, 127, -61, 127, -50, 127, -33, 127, -17, 127, -5, 115, 10, 98, 25, 82, 36, 66, 44, 49, 51, 26, 55, 4, 56, -9, 57, -16, 58, -33, 83, -32, 89, -25, 97, -13, 101, 0, 101, 12, 99, 26, 95, 43, 85, 56, 70, 66, 52, 71, 29, 70, 0, 67, -30, 64, -56, 54, -80, 35, -103, 15, -123, -3, -128, -18, -128, -36, -128, -55, -128, -68, -128, -72, -128, -69, -128, -64, -127, -57, -118]",esp32_2
CSI_DATA,199446,2025-07-23 16:40:28.030,0,walk,00:00:00:00:00:00,-62,11,0,0,0,0,0,0,0,0,0,-97,0,1,0,2215549714,0,14,0,0,0,104,0,"[0, 0, -5, -102, -14, -68, -30, -34, -47, -3, -66, 22, -85, 44, -108, 59, -128, 68, -128, 72, -128, 72, -128, 68, -128, 62, -128, 54, -128, 44, -128, 35, -128, 28, -123, 25, -107, 28, -90, 33, -75, 39, -64, 47, -57, 57, -54, 68, -58, 76, -64, 78, 41, -70, 48, -76, 56, -82, 63, -85, 72, -88, 77, -88, 76, -86, 72, -84, 64, -83, 50, -84, 36, -92, 21, -100, 4, -108, -11, -123, -24, -128, -36, -128, -44, -128, -49, -128, -50, -128, -47, -128, -43, -128, -37, -128, -30, -128, -22, -128, -12, -128, -6, -128]",esp32_1
CSI_DATA,98565,2025-07-23 16:40:28.030,0,walk,00:00:00:00:00:00,-72,11,0,0,0,0,0,0,0,0,0,-97,0,1,0,836048696,0,14,0,0,0,104,0,"[0, 0, -128, 87, -128, 58, -128, 36, -128, 15, -128, -6, -128, -23, -128, -31, -128, -35, -128, -37, -128, -42, -128, -53, -128, -63, -128, -73, -128, -88, -128, -100, -128, -108, -128, -117, -128, -125, -107, -127, -78, -122, -54, -120, -32, -118, -9, -108, 14, -96, 32, -89, 127, -50, 127, -56, 127, -67, 127, -86, 125, -106, 107, -117, 81, -121, 52, -125, 21, -125, -13, -113, -46, -97, -74, -72, -100, -36, -123, 0, -128, 39, -128, 83, -128, 124, -128, 127, -120, 127, -106, 127, -91, 127, -74, 127, -57, 127, -47, 127, -50, 127, -58, 127]",esp32_2
CSI_DATA,199447,2025-07-23 16:40:28.061,0,walk,00:00:00:00:00:00,-62,11,0,0,0,0,0,0,0,0,0,-97,0,1,0,2215574052,0,14,0,88,-25,104,0,"[0, 0, 60, 78, 49, 42, 46, 8, 44, -26, 45, -57, 50, -86, 58, -110, 69, -127, 81, -128, 92, -128, 100, -128, 106, -128, 109, -128, 108, -128, 102, -118, 92, -105, 81, -96, 69, -91, 55, -87, 39, -84, 26, -85, 18, -89, 14, -94, 14, -100, 16, -106, 6, 77, 4, 86, 0, 96, -4, 104, -10, 109, -15, 112, -16, 110, -14, 106, -5, 99, 8, 94, 24, 91, 43, 87, 65, 85, 88, 90, 109, 99, 126, 111, 127, 126, 127, 127, 127, 127, 127, 127, 127, 127, 127, 127, 127, 127, 127, 127, 127, 127, 119, 127]",esp32_1
CSI_DATA,98566,2025-07-23 16:40:28.061,0,walk,00:00:00:00:00:00,-73,11,0,0,0,0,0,0,0,0,0,-97,0,1,0,836074579,0,14,0,0,0,104,0,"[0, 0, -104, 20, -116, -1, -124, -19, -128, -38, -128, -55, -128, -70, -128, -80, -128, -86, -128, -91, -128, -99, -128, -105, -128, -107, -128, -107, -117, -109, -101, -112, -85, -113, -71, -112, -57, -109, -44, -104, -29, -98, -13, -89, 0, -78, 11, -66, 22, -52, 29, -41, 86, 23, 92, 17, 98, 8, 102, -2, 103, -15, 97, -28, 84, -41, 70, -52, 51, -59, 26, -59, -1, -57, -22, -52, -41, -43, -64, -30, -87, -11, -105, 12, -118, 33, -122, 56, -122, 80, -119, 97, -110, 109, -103, 116, -103, 117, -101, 115, -96, 107, -95, 96]",esp32_2
CSI_DATA,98567,2025-07-23 16:40:28.084,0,walk,00:00:00:00:00:00,-73,11,0,0,0,0,0,0,0,0,0,-97,0,1,0,836112807,0,14,0,0,0,104,0,"[0, 0, 0, 127, -35, 127, -71, 127, -100, 127, -122, 127, -128, 127, -128, 127, -128, 127, -128, 127, -128, 127, -128, 127, -128, 127, -128, 127, -128, 113, -128, 96, -128, 80, -128, 58, -128, 38, -128, 20, -128, 0, -123, -16, -101, -25, -80, -34, -57, -48, -38, -61, 67, -121, 63, -128, 57, -128, 45, -128, 27, -128, 7, -128, -11, -128, -26, -128, -47, -108, -69, -80, -79, -45, -86, -6, -91, 34, -85, 70, -65, 104, -40, 127, -15, 127, 7, 127, 34, 127, 62, 127, 83, 127, 100, 127, 108, 127, 108, 127, 104, 127, 97, 127]",esp32_2
CSI_DATA,199449,2025-07-23 16:40:28.148,0,walk,00:00:00:00:00:00,-66,11,0,0,0,0,0,0,0,0,0,-97,0,1,0,2215623504,0,14,0,88,-25,104,0,"[0, 0, 21, 81, 24, 50, 33, 19, 44, -8, 55, -33, 71, -55, 90, -73, 111, -87, 127, -94, 127, -98, 127, -101, 127, -97, 127, -90, 127, -84, 127, -79, 127, -76, 127, -77, 125, -79, 113, -83, 103, -87, 95, -95, 91, -104, 93, -112, 101, -120, 107, -126, -7, 70, -9, 76, -13, 82, -20, 88, -26, 90, -30, 91, -29, 90, -25, 85, -19, 78, -9, 76, 8, 79, 24, 80, 39, 81, 56, 88, 70, 101, 83, 116, 93, 127, 99, 127, 102, 127, 102, 127, 97, 127, 89, 127, 77, 127, 62, 127, 51, 127, 48, 127]",esp32_1
CSI_DATA,199450,2025-07-23 16:40:28.185,0,walk,00:00:00:00:00:00,-62,11,0,0,0,0,0,0,0,0,0,-97,0,1,0,2215658233,0,14,0,0,0,104,0,"[0, 0, 41, 96, 42, 59, 49, 21, 57, -12, 68, -41, 83, -67, 102, -88, 123, -102, 127, -109, 127, -110, 127, -108, 127, -102, 127, -92, 127, -82, 127, -73, 127, -63, 122, -57, 107, -55, 92, -57, 77, -60, 65, -66, 58, -71, 56, -77, 57, -83, 58, -87, -9, 74, -9, 83, -14, 91, -21, 100, -26, 106, -30, 108, -32, 107, -31, 104, -23, 100, -12, 98, 3, 100, 21, 101, 40, 101, 60, 107, 78, 119, 95, 127, 110, 127, 124, 127, 127, 127, 127, 127, 127, 127, 124, 127, 119, 127, 108, 127, 91, 127, 79, 127]",esp32_1
CSI_DATA,98569,2025-07-23 16:40:28.187,0,walk,00:00:00:00:00:00,-70,11,0,0,0,0,0,0,0,0,0,-97,0,1,0,836765679,0,14,0,0,0,104,0,"[0, 0, 80, -5, 51, 4, 16, 13, -17, 23, -49, 30, -84, 36, -116, 40, -128, 43, -128, 41, -128, 36, -128, 31, -128, 27, -128, 19, -128, 9, -128, 4, -128, 3, -128, -1, -104, -4, -76, -1, -52, 6, -29, 16, -5, 27, 14, 40, 28, 52, 37, 61, 7, 40, 5, 43, 4, 46, 4, 49, 7, 52, 10, 55, 14, 54, 19, 55, 24, 57, 30, 57, 36, 55, 43, 52, 50, 50, 61, 48, 75, 41, 88, 31, 97, 23, 109, 16, 120, 7, 127, -2, 127, -11, 127, -18, 127, -25, 127, -30, 127, -29, 127, -24]",esp32_2
CSI_DATA,199451,2025-07-23 16:40:28.211,0,walk,00:00:00:00:00:00,-63,11,0,0,0,0,0,0,0,0,0,-97,0,1,0,2215683030,0,14,0,0,0,104,0,"[0, 0, 104, -25, 67, -27, 30, -36, -6, -52, -36, -70, -61, -90, -80, -110, -94, -127, -102, -128, -102, -128, -100, -128, -94, -128, -80, -128, -65, -128, -53, -128, -44, -128, -36, -128, -34, -109, -36, -91, -43, -74, -53, -61, -65, -51, -74, -45, -83, -46, -88, -49, 69, 27, 77, 31, 87, 40, 95, 52, 100, 61, 99, 67, 95, 70, 93, 71, 91, 66, 91, 55, 89, 41, 90, 25, 100, 8, 112, -13, 122, -34, 127, -53, 127, -71, 127, -86, 127, -93, 127, -95, 127, -93, 127, -89, 127, -82, 127, -73, 127, -60, 127, -47]",esp32_1
CSI_DATA,98570,2025-07-23 16:40:28.219,0,walk,00:00:00:00:00:00,-70,11,0,0,0,0,0,0,0,0,0,-97,0,1,0,836775584,0,14,0,0,0,104,0,"[0, 0, 45, 73, 18, 48, -12, 20, -37, -9, -58, -35, -81, -62, -103, -92, -116, -118, -125, -128, -128, -128, -128, -128, -128, -128, -128, -128, -117, -128, -102, -128, -84, -128, -66, -128, -52, -106, -41, -78, -31, -48, -28, -18, -29, 9, -30, 32, -36, 53, -42, 66, -34, 32, -39, 33, -43, 34, -47, 36, -48, 37, -49, 39, -47, 44, -47, 51, -47, 59, -44, 62, -36, 66, -26, 71, -18, 78, -9, 86, 2, 94, 14, 100, 28, 105, 44, 112, 60, 116, 73, 119, 85, 123, 94, 127, 100, 127, 106, 126, 110, 121, 109, 118]",esp32_2
CSI_DATA,199452,2025-07-23 16:40:28.237,0,walk,00:00:00:00:00:00,-63,11,0,0,0,0,0,0,0,0,0,-97,0,1,0,2215719115,0,14,0,0,0,104,0,"[0, 0, 78, 65, 49, 34, 25, 2, 5, -36, -11, -74, -20, -111, -21, -128, -17, -128, -10, -128, -1, -128, 8, -128, 18, -128, 31, -128, 42, -128, 45, -128, 42, -128, 36, -118, 24, -96, 9, -77, -8, -60, -27, -46, -46, -39, -63, -37, -76, -43, -83, -51, -23, 73, -26, 81, -31, 91, -35, 101, -39, 108, -45, 113, -50, 114, -50, 113, -43, 109, -32, 104, -21, 102, -6, 96, 16, 89, 39, 85, 61, 83, 83, 83, 108, 87, 127, 90, 127, 95, 127, 102, 127, 110, 127, 119, 127, 126, 127, 127, 127, 127, 127, 127]",esp32_1
CSI_DATA,98571,2025-07-23 16:40:28.248,0,walk,00:00:00:00:00:00,-71,11,0,0,0,0,0,0,0,0,0,-97,0,1,0,836787121,0,14,0,0,0,104,0,"[0, 0, -67, -62, -35, -46, 4, -25, 40, 4, 71, 31, 101, 53, 124, 76, 127, 99, 127, 119, 127, 127, 127, 127, 127, 127, 127, 127, 127, 127, 127, 127, 113, 127, 89, 127, 70, 102, 55, 71, 44, 40, 35, 10, 29, -17, 29, -43, 31, -65, 32, -79, 22, -47, 25, -49, 28, -54, 31, -60, 32, -62, 31, -64, 29, -66, 27, -69, 25, -73, 20, -78, 13, -83, 4, -86, -8, -89, -21, -91, -38, -92, -57, -93, -70, -98, -86, -101, -105, -102, -119, -100, -128, -97, -128, -98, -128, -99, -128, -94, -128, -89, -128, -89]",esp32_2
CSI_DATA,199453,2025-07-23 16:40:28.271,0,walk,00:00:00:00:00:00,-62,11,0,0,0,0,0,0,0,0,0,-97,0,1,0,2215755673,0,14,0,0,0,104,0,"[0, 0, -126, 49, -72, 32, -16, 16, 38, 11, 90, 11, 127, 12, 127, 16, 127, 25, 127, 39, 127, 55, 127, 71, 127, 83, 127, 94, 127, 98, 127, 95, 127, 86, 109, 69, 79, 44, 55, 15, 36, -14, 27, -43, 23, -71, 24, -94, 33, -113, 42, -123, -48, -84, -51, -97, -53, -113, -57, -127, -61, -128, -61, -128, -59, -128, -57, -128, -61, -128, -67, -116, -74, -94, -82, -68, -94, -45, -111, -20, -127, 11, -128, 44, -128, 74, -128, 97, -128, 115, -128, 127, -128, 127, -128, 127, -128, 127, -128, 127, -128, 127, -128, 116]",esp32_1
CSI_DATA,98572,2025-07-23 16:40:28.274,0,walk,00:00:00:00:00:00,-71,11,0,0,0,0,0,0,0,0,0,-97,0,1,0,836795593,0,14,0,0,0,104,0,"[0, 0, 60, -95, 47, -50, 26, 0, 1, 48, -22, 94, -42, 127, -67, 127, -93, 127, -115, 127, -128, 127, -128, 127, -128, 127, -128, 127, -128, 127, -128, 127, -128, 127, -125, 127, -103, 117, -71, 88, -35, 60, 0, 37, 34, 21, 64, 11, 91, 7, 110, 7, 55, 30, 60, 33, 67, 36, 75, 41, 80, 46, 81, 45, 82, 41, 89, 38, 95, 33, 101, 23, 105, 12, 103, 1, 101, -13, 104, -30, 107, -50, 108, -74, 111, -99, 114, -122, 113, -128, 110, -128, 108, -128, 110, -128, 106, -128, 95, -128, 91, -128, 91, -128]",esp32_2
CSI_DATA,98573,2025-07-23 16:40:28.292,0,walk,00:00:00:00:00:00,-71,11,0,0,0,0,0,0,0,0,0,-97,0,1,0,836805576,0,14,0,0,0,104,0,"[0, 0, -11, 81, -16, 44, -22, 5, -25, -32, -24, -68, -24, -101, -19, -128, -11, -128, -8, -128, -7, -128, -5, -128, 2, -128, 14, -128, 25, -128, 29, -128, 29, -128, 26, -128, 20, -106, 12, -76, 1, -45, -12, -19, -26, 4, -42, 21, -59, 33, -68, 40, -45, -9, -47, -10, -52, -12, -58, -14, -63, -14, -66, -11, -67, -6, -69, -2, -71, 1, -74, 7, -76, 17, -73, 26, -65, 36, -59, 47, -57, 60, -54, 76, -45, 92, -37, 106, -30, 121, -22, 127, -16, 127, -11, 127, -10, 127, -5, 127, 1, 127, 1, 127]",esp32_2
CSI_DATA,98574,2025-07-23 16:40:28.318,0,walk,00:00:00:00:00:00,-71,11,0,0,0,0,0,0,0,0,0,-97,0,1,0,836815625,0,14,0,0,0,104,0,"[0, 0, -44, 106, -37, 58, -27, 7, -17, -41, -4, -92, 13, -128, 29, -128, 45, -128, 61, -128, 75, -128, 88, -128, 100, -128, 111, -128, 120, -128, 122, -128, 111, -128, 95, -128, 79, -128, 57, -90, 26, -57, -7, -30, -36, -9, -61, 10, -89, 21, -112, 26, -59, -20, -63, -24, -73, -29, -80, -30, -82, -30, -84, -31, -90, -29, -97, -26, -103, -20, -108, -11, -110, -1, -107, 11, -103, 27, -102, 46, -100, 65, -97, 84, -95, 106, -90, 127, -82, 127, -77, 127, -76, 127, -77, 127, -70, 127, -59, 127, -57, 127, -58, 127]",esp32_2
CSI_DATA,199455,2025-07-23 16:40:28.348,0,walk,00:00:00:00:00:00,-62,11,0,0,0,0,0,0,0,0,0,-97,0,1,0,2215826656,0,14,0,0,0,104,0,"[0, 0, 37, 104, 32, 59, 34, 15, 37, -25, 43, -61, 53, -93, 68, -119, 86, -128, 100, -128, 110, -128, 117, -128, 123, -128, 124, -128, 119, -122, 105, -106, 87, -90, 68, -78, 48, -71, 27, -67, 6, -67, -11, -71, -24, -76, -34, -85, -38, -97, -37, -107, -48, 63, -57, 71, -67, 80, -77, 86, -86, 88, -94, 86, -97, 83, -95, 79, -87, 74, -72, 71, -53, 73, -30, 75, -4, 78, 21, 87, 45, 102, 69, 122, 92, 127, 114, 127, 127, 127, 127, 127, 127, 127, 127, 127, 127, 127, 115, 127, 100, 127, 89, 127]",esp32_1
CSI_DATA,199456,2025-07-23 16:40:28.378,0,walk,00:00:00:00:00:00,-62,11,0,0,0,0,0,0,0,0,0,-97,0,1,0,2215851020,0,14,0,0,0,104,0,"[0, 0, -51, -107, -42, -65, -40, -23, -39, 17, -45, 54, -58, 87, -75, 114, -93, 127, -108, 127, -121, 127, -128, 127, -128, 127, -128, 127, -128, 115, -119, 99, -102, 84, -83, 72, -62, 66, -41, 66, -20, 67, -2, 70, 11, 78, 19, 88, 22, 99, 22, 107, 28, -72, 33, -80, 41, -91, 50, -100, 61, -106, 70, -108, 76, -107, 77, -105, 72, -100, 61, -96, 47, -94, 27, -91, 4, -88, -21, -91, -47, -100, -72, -114, -97, -128, -120, -128, -128, -128, -128, -128, -128, -128, -128, -128, -128, -128, -128, -128, -120, -128, -106, -128]",esp32_1
CSI_DATA,98576,2025-07-23 16:40:28.403,0,walk,00:00:00:00:00:00,-72,11,0,0,0,0,0,0,0,0,0,-97,0,1,0,836835617,0,14,0,0,0,104,0,"[0, 0, 119, 67, 70, 55, 18, 42, -39, 21, -95, 1, -128, -14, -128, -35, -128, -59, -128, -79, -128, -91, -128, -105, -128, -119, -128, -126, -128, -128, -128, -128, -128, -128, -128, -115, -128, -94, -102, -69, -67, -42, -36, -4, -5, 34, 18, 69, 30, 102, 34, 123, -22, 36, -29, 48, -37, 55, -40, 64, -40, 71, -44, 75, -50, 84, -49, 96, -43, 105, -39, 112, -31, 119, -15, 127, 1, 127, 15, 127, 40, 127, 70, 127, 92, 127, 114, 127, 127, 127, 127, 127, 127, 127, 127, 120, 127, 114, 127, 105, 127, 103, 127, 107]",esp32_2
CSI_DATA,199457,2025-07-23 16:40:28.409,0,walk,00:00:00:00:00:00,-62,11,0,0,0,0,0,0,0,0,0,-97,0,1,0,2215886928,0,14,0,0,0,104,0,"[0, 0, 114, 16, 81, -7, 54, -33, 30, -63, 11, -93, 0, -122, -5, -128, -5, -128, 1, -128, 9, -128, 19, -128, 29, -128, 38, -128, 45, -128, 46, -128, 41, -128, 33, -112, 22, -94, 8, -82, -10, -72, -29, -67, -45, -68, -55, -72, -61, -80, -65, -87, 56, 58, 60, 69, 65, 82, 69, 95, 68, 105, 63, 111, 58, 115, 54, 114, 54, 109, 59, 99, 61, 84, 67, 67, 82, 51, 103, 36, 123, 23, 127, 12, 127, 4, 127, 0, 127, 1, 127, 6, 127, 12, 127, 20, 127, 30, 127, 37, 127, 43, 127, 50]",esp32_1
CSI_DATA,98577,2025-07-23 16:40:28.432,0,walk,00:00:00:00:00:00,-72,11,0,0,0,0,0,0,0,0,0,-97,0,1,0,836847295,0,14,0,0,0,104,0,"[0, 0, -56, 127, -52, 90, -47, 33, -43, -22, -29, -76, -5, -126, 21, -128, 45, -128, 63, -128, 76, -128, 91, -128, 109, -128, 125, -128, 127, -128, 127, -128, 127, -128, 118, -128, 97, -128, 67, -102, 34, -69, -4, -43, -41, -23, -70, -7, -97, 1, -124, 3, -40, -4, -46, -7, -51, -10, -63, -10, -77, -7, -85, -3, -93, -1, -108, 1, -121, 6, -127, 12, -128, 23, -128, 34, -128, 45, -128, 60, -128, 74, -128, 88, -128, 108, -123, 127, -113, 127, -98, 127, -89, 127, -88, 127, -88, 127, -81, 127, -68, 127, -56, 127]",esp32_2
CSI_DATA,98578,2025-07-23 16:40:28.872,0,walk,00:00:00:00:00:00,-72,11,0,0,0,0,0,0,0,0,0,-97,0,1,0,836858669,0,14,0,0,0,104,0,"[0, 0, 127, -60, 113, -31, 66, -9, 19, 17, -33, 43, -90, 61, -128, 78, -128, 94, -128, 103, -128, 105, -128, 102, -128, 97, -128, 84, -128, 64, -128, 42, -128, 25, -128, 14, -128, 11, -127, 15, -85, 21, -43, 29, -5, 46, 27, 70, 50, 94, 61, 109, 18, 23, 20, 25, 24, 30, 29, 32, 39, 33, 54, 38, 70, 46, 83, 53, 95, 61, 110, 65, 123, 61, 127, 63, 127, 70, 127, 63, 127, 47, 127, 33, 127, 20, 127, 0, 127, -22, 127, -42, 127, -65, 127, -87, 127, -103, 127, -112, 127, -116, 127, -116]",esp32_2
CSI_DATA,98579,2025-07-23 16:40:28.881,0,walk,00:00:00:00:00:00,-72,11,0,0,0,0,0,0,0,0,0,-97,0,1,0,836865613,0,14,0,0,0,104,0,"[0, 0, 91, 37, 61, 34, 30, 29, -4, 20, -36, 8, -66, -6, -96, -22, -122, -39, -128, -57, -128, -75, -128, -89, -128, -100, -128, -109, -128, -114, -128, -111, -119, -102, -96, -92, -77, -76, -62, -54, -48, -32, -36, -9, -29, 15, -25, 39, -27, 60, -31, 74, 0, 17, 0, 19, 0, 20, 0, 23, 3, 29, 6, 35, 9, 44, 12, 54, 17, 65, 24, 72, 26, 78, 30, 83, 38, 87, 47, 91, 55, 92, 67, 93, 81, 92, 93, 86, 104, 82, 114, 76, 126, 67, 127, 61, 127, 59, 127, 56, 127, 50, 127, 48]",esp32_2
CSI_DATA,98580,2025-07-23 16:40:28.889,0,walk,00:00:00:00:00:00,-72,11,0,0,0,0,0,0,0,0,0,-97,0,1,0,836875599,0,14,0,0,0,104,0,"[0, 0, -55, -128, -29, -110, -2, -67, 16, -24, 27, 21, 38, 66, 48, 114, 53, 127, 54, 127, 50, 127, 43, 127, 32, 127, 18, 127, 4, 127, -8, 127, -15, 127, -22, 127, -22, 127, -12, 120, 2, 86, 22, 53, 46, 23, 70, 1, 97, -11, 118, -15, 10, -7, 14, -11, 18, -18, 18, -23, 19, -29, 26, -42, 32, -55, 37, -71, 43, -85, 51, -97, 54, -111, 50, -125, 47, -128, 48, -128, 45, -128, 34, -128, 22, -128, 5, -128, -15, -128, -30, -128, -42, -128, -59, -128, -74, -128, -84, -128, -87, -128, -89, -128]",esp32_2
CSI_DATA,98581,2025-07-23 16:40:28.895,0,walk,00:00:00:00:00:00,-72,11,0,0,0,0,0,0,0,0,0,-97,0,1,0,836885640,0,14,0,0,0,104,0,"[0, 0, -25, 127, -28, 127, -27, 83, -22, 31, -12, -27, 4, -84, 26, -128, 49, -128, 76, -128, 103, -128, 127, -128, 127, -128, 127, -128, 127, -128, 127, -128, 127, -128, 127, -128, 126, -128, 92, -109, 54, -87, 11, -77, -29, -71, -63, -72, -91, -82, -111, -91, -12, -5, -17, 0, -23, 7, -26, 15, -28, 23, -35, 33, -48, 44, -60, 61, -68, 80, -78, 94, -88, 103, -91, 114, -91, 127, -97, 127, -102, 127, -101, 127, -97, 127, -90, 127, -77, 127, -66, 127, -57, 127, -45, 127, -38, 127, -33, 127, -25, 127, -21, 127]",esp32_2
CSI_DATA,199458,2025-07-23 16:40:28.917,0,walk,00:00:00:00:00:00,-62,11,0,0,0,0,0,0,0,0,0,-97,0,1,0,2216518964,0,14,0,0,0,104,0,"[0, 0, -52, 93, -23, 69, 10, 48, 43, 35, 72, 29, 99, 26, 123, 27, 127, 31, 127, 38, 127, 46, 127, 53, 127, 59, 127, 61, 127, 57, 120, 49, 106, 39, 98, 25, 94, 10, 91, -4, 90, -15, 94, -24, 100, -29, 105, -30, 112, -29, 117, -26, -67, 37, -76, 38, -86, 37, -96, 35, -102, 35, -103, 34, -101, 32, -95, 31, -86, 34, -76, 42, -65, 57, -55, 72, -48, 88, -44, 109, -40, 127, -39, 127, -41, 127, -47, 127, -55, 127, -65, 127, -76, 127, -88, 127, -97, 127, -102, 127, -104, 127, -104, 127]",esp32_1
CSI_DATA,98583,2025-07-23 16:40:28.919,0,walk,00:00:00:00:00:00,-72,11,0,0,0,0,0,0,0,0,0,-97,0,1,0,836905585,0,14,0,0,0,104,0,"[0, 0, 127, 54, 127, 47, 83, 32, 38, 3, -2, -27, -40, -55, -81, -89, -113, -124, -128, -128, -128, -128, -128, -128, -128, -128, -128, -128, -128, -128, -110, -128, -90, -128, -72, -128, -62, -128, -61, -128, -64, -104, -75, -69, -93, -37, -112, -16, -128, -5, -128, -4, 6, 11, 4, 18, 4, 22, 8, 23, 19, 24, 30, 26, 40, 29, 52, 34, 70, 45, 87, 58, 98, 65, 114, 74, 127, 89, 127, 103, 127, 106, 127, 105, 127, 105, 127, 108, 127, 110, 127, 106, 127, 100, 127, 96, 127, 90, 127, 83, 127, 84, 127, 90]",esp32_2
CSI_DATA,199459,2025-07-23 16:40:28.924,0,walk,00:00:00:00:00:00,-62,11,0,0,0,0,0,0,0,0,0,-97,0,1,0,2216522791,0,14,0,0,0,104,0,"[0, 0, 22, -109, 2, -76, -24, -45, -51, -21, -77, -7, -103, 3, -127, 10, -128, 13, -128, 11, -128, 6, -128, 0, -128, -6, -128, -10, -128, -11, -128, -7, -115, 0, -103, 10, -93, 22, -86, 34, -82, 45, -83, 54, -85, 63, -90, 70, -100, 71, -108, 70, 56, -60, 63, -65, 73, -67, 83, -68, 92, -67, 97, -64, 96, -59, 91, -56, 81, -56, 66, -60, 48, -71, 31, -84, 17, -96, 3, -114, -10, -128, -21, -128, -24, -128, -24, -128, -20, -128, -11, -128, -1, -128, 10, -128, 20, -128, 29, -128, 38, -128, 42, -128]",esp32_1
CSI_DATA,98584,2025-07-23 16:40:28.924,0,walk,00:00:00:00:00:00,-72,11,0,0,0,0,0,0,0,0,0,-97,0,1,0,836915572,0,14,0,0,0,104,0,"[0, 0, -61, -128, -42, -122, -29, -82, -27, -34, -32, 18, -36, 64, -49, 109, -71, 127, -87, 127, -101, 127, -123, 127, -128, 127, -128, 127, -128, 127, -128, 127, -128, 127, -128, 127, -128, 126, -102, 112, -67, 105, -34, 103, -9, 108, 12, 119, 30, 127, 42, 127, 7, -16, 9, -19, 5, -23, 0, -27, -4, -32, -7, -37, -11, -45, -18, -59, -29, -76, -40, -91, -46, -111, -54, -127, -63, -128, -68, -128, -71, -128, -75, -128, -78, -128, -84, -128, -89, -128, -94, -128, -98, -128, -104, -128, -113, -128, -115, -128, -111, -128, -110, -128]",esp32_2
CSI_DATA,199460,2025-07-23 16:40:28.929,0,walk,00:00:00:00:00:00,-62,11,0,0,0,0,0,0,0,0,0,-97,0,1,0,2216532781,0,14,0,0,0,104,0,"[0, 0, 98, 15, 63, -6, 35, -31, 13, -61, -5, -89, -18, -114, -23, -128, -24, -128, -23, -128, -20, -128, -18, -128, -13, -128, -8, -128, -8, -128, -13, -125, -21, -107, -30, -92, -43, -81, -57, -72, -70, -66, -82, -66, -91, -69, -97, -73, -98, -82, -96, -91, 42, 65, 46, 75, 47, 87, 47, 99, 44, 108, 38, 109, 32, 105, 29, 99, 32, 87, 40, 73, 51, 57, 65, 37, 87, 19, 114, 7, 127, -4, 127, -12, 127, -13, 127, -12, 127, -9, 127, -1, 127, 10, 127, 23, 127, 35, 127, 40, 127, 44, 127, 50]",esp32_1
CSI_DATA,98585,2025-07-23 16:40:28.932,0,walk,00:00:00:00:00:00,-72,11,0,0,0,0,0,0,0,0,0,-97,0,1,0,836931694,0,14,0,0,0,104,0,"[0, 0, -100, -128, -86, -99, -73, -62, -60, -19, -49, 27, -47, 71, -55, 114, -67, 127, -83, 127, -95, 127, -107, 127, -122, 127, -128, 127, -128, 127, -128, 127, -128, 127, -128, 127, -108, 127, -82, 127, -58, 120, -35, 119, -10, 127, 9, 127, 19, 127, 20, 127, -3, -16, -4, -21, -2, -24, -2, -25, -10, -27, -18, -30, -25, -36, -38, -43, -57, -51, -77, -64, -93, -79, -106, -93, -120, -108, -128, -127, -128, -128, -128, -128, -128, -128, -128, -128, -128, -128, -128, -128, -128, -128, -128, -128, -128, -128, -128, -128, -128, -128, -128, -128]",esp32_2
CSI_DATA,98586,2025-07-23 16:40:28.940,0,walk,00:00:00:00:00:00,-72,11,0,0,0,0,0,0,0,0,0,-97,0,1,0,836935605,0,14,0,0,0,104,0,"[0, 0, 116, -128, 81, -104, 43, -84, 1, -69, -39, -52, -76, -44, -118, -42, -128, -41, -128, -48, -128, -62, -128, -81, -128, -101, -128, -120, -128, -128, -128, -128, -128, -126, -128, -119, -128, -108, -128, -86, -128, -56, -126, -28, -128, -7, -128, 6, -128, 14, -128, 21, 19, -10, 21, -12, 23, -15, 27, -18, 30, -20, 26, -28, 22, -41, 19, -58, 22, -75, 32, -90, 43, -107, 56, -125, 73, -128, 91, -128, 107, -128, 124, -128, 127, -128, 127, -128, 127, -128, 127, -128, 127, -128, 127, -128, 127, -128, 127, -128, 127, -128, 127, -128]",esp32_2
CSI_DATA,199462,2025-07-23 16:40:28.945,0,walk,00:00:00:00:00:00,-62,11,0,0,0,0,0,0,0,0,0,-97,0,1,0,2216552817,0,14,0,0,0,104,0,"[0, 0, 44, 68, 38, 25, 40, -17, 43, -54, 46, -85, 52, -112, 64, -128, 77, -128, 85, -128, 88, -128, 87, -128, 83, -128, 78, -128, 68, -116, 52, -101, 31, -86, 12, -78, -9, -76, -31, -77, -49, -79, -62, -84, -72, -91, -77, -100, -77, -110, -74, -117, -52, 64, -62, 70, -72, 75, -82, 79, -91, 78, -95, 71, -92, 63, -83, 58, -68, 53, -47, 50, -24, 53, 4, 58, 34, 69, 62, 85, 87, 103, 109, 123, 127, 127, 127, 127, 127, 127, 127, 127, 127, 127, 127, 127, 127, 127, 127, 127, 112, 127, 99, 127]",esp32_1
CSI_DATA,98587,2025-07-23 16:40:28.945,0,walk,00:00:00:00:00:00,-72,11,0,0,0,0,0,0,0,0,0,-97,0,1,0,836945592,0,14,0,0,0,104,0,"[0, 0, -105, -23, -81, -12, -58, 1, -36, 16, -16, 34, 3, 57, 16, 80, 23, 100, 28, 119, 30, 127, 28, 127, 24, 127, 16, 127, 6, 127, -1, 127, -6, 127, -8, 127, -4, 111, 7, 97, 17, 83, 28, 75, 39, 71, 50, 71, 60, 75, 66, 77, -9, -7, -11, -10, -14, -14, -15, -16, -17, -14, -21, -10, -27, -6, -36, 0, -46, 4, -59, 5, -75, 5, -90, 1, -104, -3, -117, -8, -128, -13, -128, -16, -128, -22, -128, -31, -128, -36, -128, -39, -128, -44, -128, -46, -128, -44, -128, -40, -128, -38, -128, -39]",esp32_2
CSI_DATA,199463,2025-07-23 16:40:28.954,0,walk,00:00:00:00:00:00,-62,11,0,0,0,0,0,0,0,0,0,-97,0,1,0,2216563178,0,14,0,0,0,104,0,"[0, 0, 47, 64, 40, 21, 41, -21, 41, -59, 41, -91, 46, -119, 57, -128, 69, -128, 77, -128, 81, -128, 81, -128, 79, -128, 74, -128, 65, -119, 49, -103, 29, -89, 8, -77, -14, -71, -35, -69, -54, -70, -71, -75, -82, -81, -87, -90, -88, -101, -85, -109, -53, 66, -61, 73, -71, 78, -81, 80, -90, 80, -95, 74, -94, 66, -85, 59, -67, 53, -46, 51, -22, 54, 6, 57, 36, 64, 66, 77, 94, 94, 116, 115, 127, 127, 127, 127, 127, 127, 127, 127, 127, 127, 127, 127, 127, 127, 127, 127, 122, 127, 107, 127]",esp32_1
CSI_DATA,199464,2025-07-23 16:40:28.959,0,walk,00:00:00:00:00:00,-62,11,0,0,0,0,0,0,0,0,0,-97,0,1,0,2216574041,0,14,0,108,-79,104,0,"[0, 0, -69, 48, -24, 41, 19, 35, 56, 35, 90, 42, 120, 49, 127, 55, 127, 60, 127, 65, 127, 72, 127, 76, 127, 75, 127, 69, 121, 58, 104, 44, 88, 28, 75, 7, 64, -16, 59, -38, 58, -59, 60, -77, 66, -90, 75, -96, 85, -98, 94, -99, -62, -60, -66, -70, -67, -85, -67, -97, -67, -103, -62, -102, -54, -97, -48, -87, -46, -74, -45, -54, -47, -28, -53, 0, -66, 27, -84, 54, -101, 82, -119, 108, -128, 127, -128, 127, -128, 127, -128, 127, -128, 127, -128, 127, -128, 127, -128, 127, -128, 117, -128, 101]",esp32_1
CSI_DATA,98589,2025-07-23 16:40:28.964,0,walk,00:00:00:00:00:00,-72,11,0,0,0,0,0,0,0,0,0,-97,0,1,0,836965608,0,14,0,0,0,104,0,"[0, 0, 17, 99, 16, 74, 21, 48, 27, 23, 37, -3, 50, -27, 64, -46, 77, -61, 93, -76, 105, -88, 116, -94, 127, -96, 127, -94, 127, -88, 127, -79, 127, -69, 115, -62, 98, -57, 81, -56, 66, -60, 50, -67, 38, -74, 30, -83, 26, -92, 24, -98, -14, 4, -13, 5, -13, 7, -12, 10, -9, 13, -4, 16, 3, 22, 14, 29, 24, 40, 29, 54, 33, 68, 37, 82, 38, 100, 38, 119, 37, 127, 32, 127, 29, 127, 28, 127, 24, 127, 18, 127, 14, 127, 13, 127, 13, 127, 15, 127, 15, 127, 13, 127]",esp32_2
CSI_DATA,199465,2025-07-23 16:40:28.966,0,walk,00:00:00:00:00:00,-62,11,0,0,0,0,0,0,0,0,0,-97,0,1,0,2216582799,0,14,0,108,-79,104,0,"[0, 0, 52, -63, 12, -40, -29, -22, -65, -12, -98, -7, -127, -5, -128, -5, -128, -5, -128, -7, -128, -11, -128, -16, -128, -19, -128, -19, -128, -15, -117, -8, -93, 2, -71, 16, -54, 32, -41, 50, -32, 69, -29, 87, -28, 102, -31, 113, -39, 122, -46, 125, 73, 45, 77, 54, 82, 67, 85, 77, 85, 84, 81, 87, 73, 87, 64, 82, 57, 67, 52, 44, 49, 19, 49, -9, 53, -38, 61, -68, 70, -99, 80, -128, 97, -128, 116, -128, 127, -128, 127, -128, 127, -128, 127, -128, 127, -128, 127, -128, 127, -128, 127, -128]",esp32_1
CSI_DATA,98590,2025-07-23 16:40:28.970,0,walk,00:00:00:00:00:00,-72,11,0,0,0,0,0,0,0,0,0,-97,0,1,0,836975603,0,14,0,0,0,104,0,"[0, 0, -114, 123, -81, 100, -41, 76, -6, 57, 31, 42, 72, 28, 114, 16, 127, 14, 127, 21, 127, 32, 127, 41, 127, 53, 127, 64, 127, 75, 127, 77, 127, 71, 127, 67, 127, 55, 127, 31, 127, 5, 127, -21, 126, -42, 127, -57, 127, -71, 127, -79, -27, -2, -27, -3, -27, -6, -23, -5, -21, 0, -22, 11, -20, 29, -21, 51, -29, 72, -43, 91, -64, 113, -85, 127, -105, 127, -125, 127, -128, 127, -128, 127, -128, 127, -128, 127, -128, 127, -128, 127, -128, 127, -128, 127, -128, 127, -128, 127, -128, 127, -128, 127]",esp32_2
CSI_DATA,199466,2025-07-23 16:40:28.971,0,walk,00:00:00:00:00:00,-62,11,0,0,0,0,0,0,0,0,0,-97,0,1,0,2216592755,0,14,0,248,75,104,0,"[0, 0, 9, -79, -10, -40, -34, -2, -55, 28, -77, 51, -99, 70, -120, 85, -128, 93, -128, 95, -128, 92, -128, 89, -128, 83, -128, 73, -124, 63, -102, 56, -78, 51, -53, 51, -29, 55, -6, 61, 12, 69, 24, 79, 33, 90, 37, 101, 37, 115, 33, 124, 84, 3, 92, 7, 101, 13, 109, 20, 115, 27, 115, 33, 109, 36, 99, 34, 86, 26, 70, 13, 53, -5, 39, -27, 26, -52, 15, -81, 6, -112, 1, -128, 1, -128, 3, -128, 5, -128, 9, -128, 17, -128, 24, -128, 29, -128, 35, -128, 40, -128, 42, -128]",esp32_1
CSI_DATA,98591,2025-07-23 16:40:28.977,0,walk,00:00:00:00:00:00,-72,11,0,0,0,0,0,0,0,0,0,-97,0,1,0,836987859,0,14,0,0,0,104,0,"[0, 0, 127, -78, 109, -64, 68, -57, 30, -54, -11, -49, -57, -50, -99, -56, -128, -61, -128, -75, -128, -94, -128, -109, -128, -120, -128, -128, -128, -128, -128, -128, -128, -128, -128, -122, -128, -103, -128, -79, -123, -49, -124, -21, -125, 3, -128, 21, -128, 34, -128, 42, 18, 7, 20, 12, 17, 11, 12, 6, 14, -1, 22, -13, 30, -27, 39, -44, 52, -60, 72, -71, 99, -84, 127, -97, 127, -102, 127, -100, 127, -97, 127, -96, 127, -97, 127, -94, 127, -87, 127, -83, 127, -83, 127, -87, 127, -89, 127, -90, 127, -90, 127, -86]",esp32_2
CSI_DATA,98592,2025-07-23 16:40:28.984,0,walk,00:00:00:00:00:00,-76,11,0,0,0,0,0,0,0,0,0,-97,0,1,0,836996379,0,14,0,0,0,104,0,"[0, 0, 14, 127, 12, 114, 12, 82, 25, 40, 41, -4, 55, -36, 78, -69, 110, -110, 127, -128, 127, -128, 127, -128, 127, -128, 127, -128, 127, -128, 127, -128, 127, -128, 127, -128, 127, -122, 127, -125, 127, -128, 96, -128, 79, -128, 67, -128, 65, -128, 73, -128, -18, 5, -12, 5, -7, 5, -2, 8, 7, 11, 17, 15, 35, 26, 49, 45, 54, 65, 56, 90, 55, 118, 58, 127, 65, 127, 62, 127, 52, 127, 46, 127, 40, 127, 28, 127, 19, 127, 20, 127, 22, 127, 14, 127, 3, 127, 2, 127, 12, 127, 24, 127]",esp32_2
CSI_DATA,199468,2025-07-23 16:40:28.990,0,walk,00:00:00:00:00:00,-63,11,0,0,0,0,0,0,0,0,0,-97,0,1,0,2216612822,0,14,0,248,75,104,0,"[0, 0, 14, -84, 0, -42, -21, 1, -45, 39, -66, 69, -86, 95, -107, 116, -127, 126, -128, 127, -128, 127, -128, 125, -128, 117, -128, 103, -128, 88, -117, 74, -91, 62, -64, 57, -37, 57, -7, 60, 19, 64, 37, 67, 50, 75, 60, 88, 65, 103, 65, 114, 90, 8, 102, 13, 111, 20, 118, 27, 124, 34, 127, 40, 120, 42, 109, 38, 96, 29, 80, 15, 68, -3, 53, -25, 37, -50, 25, -79, 19, -111, 15, -128, 12, -128, 10, -128, 7, -128, 7, -128, 12, -128, 18, -128, 24, -128, 30, -128, 34, -128, 35, -128]",esp32_1
CSI_DATA,98593,2025-07-23 16:40:28.990,0,walk,00:00:00:00:00:00,-73,11,0,0,0,0,0,0,0,0,0,-97,0,1,0,837005619,0,14,0,0,0,104,0,"[0, 0, -80, 127, -65, 112, -40, 83, -10, 43, 24, 6, 58, -27, 92, -64, 127, -97, 127, -113, 127, -118, 127, -120, 127, -120, 127, -114, 127, -100, 127, -92, 127, -85, 127, -72, 127, -68, 125, -75, 94, -82, 64, -95, 39, -110, 31, -125, 35, -128, 37, -128, -16, -2, -17, -2, -16, 0, -10, 4, -7, 13, -5, 29, -1, 47, -3, 67, -13, 90, -24, 113, -38, 127, -53, 127, -74, 127, -100, 127, -119, 127, -128, 127, -128, 127, -128, 127, -128, 127, -128, 127, -128, 127, -128, 127, -128, 127, -128, 127, -128, 127, -128, 127]",esp32_2
CSI_DATA,199469,2025-07-23 16:40:29.000,0,walk,00:00:00:00:00:00,-63,11,0,0,0,0,0,0,0,0,0,-97,0,1,0,2216622783,0,14,0,248,75,104,0,"[0, 0, -85, -19, -46, -1, -10, 20, 21, 46, 48, 73, 68, 97, 82, 118, 89, 127, 91, 127, 88, 127, 84, 127, 76, 127, 66, 127, 55, 127, 46, 124, 40, 101, 37, 77, 39, 52, 47, 29, 57, 8, 71, -8, 85, -18, 97, -22, 108, -20, 115, -16, -8, -81, -4, -93, 0, -107, 5, -117, 12, -121, 19, -120, 23, -116, 22, -108, 17, -98, 6, -87, -8, -74, -27, -58, -52, -44, -80, -35, -105, -27, -128, -18, -128, -14, -128, -14, -128, -17, -128, -19, -128, -24, -128, -31, -128, -38, -128, -43, -128, -46, -128, -50]",esp32_1
CSI_DATA,98594,2025-07-23 16:40:29.000,0,walk,00:00:00:00:00:00,-73,11,0,0,0,0,0,0,0,0,0,-97,0,1,0,837015568,0,14,0,0,0,104,0,"[0, 0, 97, -31, 74, -24, 50, -17, 22, -14, -12, -10, -42, -10, -68, -13, -92, -19, -114, -24, -128, -29, -128, -37, -128, -45, -128, -52, -128, -58, -128, -59, -125, -56, -112, -48, -100, -35, -88, -20, -80, -2, -74, 16, -69, 33, -67, 49, -71, 60, -77, 65, 4, 3, 5, 3, 4, 2, 5, 0, 8, -6, 13, -14, 20, -20, 32, -26, 47, -32, 62, -38, 78, -42, 93, -42, 109, -39, 125, -38, 127, -37, 127, -32, 127, -27, 127, -27, 127, -25, 127, -22, 127, -24, 127, -27, 127, -31, 127, -38, 127, -40, 127, -36]",esp32_2
CSI_DATA,199470,2025-07-23 16:40:29.005,0,walk,00:00:00:00:00:00,-62,11,0,0,0,0,0,0,0,0,0,-97,0,1,0,2216633215,0,14,0,0,0,104,0,"[0, 0, 63, 67, 38, 31, 21, -7, 6, -47, -5, -84, -9, -116, -7, -128, 0, -128, 7, -128, 14, -128, 20, -128, 26, -128, 32, -128, 35, -128, 32, -128, 24, -114, 14, -93, -1, -73, -21, -57, -41, -45, -61, -38, -79, -36, -93, -40, -102, -49, -107, -58, -35, 72, -42, 79, -51, 89, -60, 96, -69, 100, -76, 98, -79, 92, -75, 85, -64, 79, -48, 74, -30, 72, -6, 69, 23, 68, 51, 73, 76, 80, 99, 90, 123, 103, 127, 116, 127, 127, 127, 127, 127, 127, 127, 127, 127, 127, 127, 127, 127, 127, 127, 127]",esp32_1
CSI_DATA,199471,2025-07-23 16:40:29.009,0,walk,00:00:00:00:00:00,-62,11,0,0,0,0,0,0,0,0,0,-97,0,1,0,2216642792,0,14,0,0,0,104,0,"[0, 0, -34, 91, -15, 54, 14, 18, 43, -10, 71, -33, 99, -51, 126, -65, 127, -72, 127, -71, 127, -65, 127, -57, 127, -47, 127, -37, 127, -29, 127, -22, 119, -20, 94, -24, 69, -32, 47, -41, 29, -54, 17, -70, 10, -85, 9, -100, 12, -114, 19, -122, -80, 13, -91, 10, -103, 7, -113, 3, -122, -3, -124, -9, -119, -11, -112, -11, -104, -7, -93, 3, -80, 19, -66, 37, -55, 57, -47, 81, -39, 108, -35, 127, -34, 127, -34, 127, -37, 127, -43, 127, -49, 127, -54, 127, -59, 127, -64, 127, -66, 127, -66, 127]",esp32_1
CSI_DATA,199472,2025-07-23 16:40:29.016,0,walk,00:00:00:00:00:00,-62,11,0,0,0,0,0,0,0,0,0,-97,0,1,0,2216652783,0,14,0,0,0,104,0,"[0, 0, -88, -35, -53, -12, -21, 13, 8, 44, 30, 74, 48, 102, 61, 127, 66, 127, 64, 127, 58, 127, 51, 127, 43, 127, 33, 127, 24, 127, 19, 127, 18, 119, 19, 94, 25, 70, 38, 49, 54, 31, 72, 18, 89, 13, 101, 14, 111, 20, 117, 28, -10, -75, -8, -87, -5, -102, -1, -111, 5, -116, 9, -118, 11, -114, 10, -108, 4, -100, -7, -90, -20, -78, -39, -66, -62, -56, -87, -48, -113, -41, -128, -37, -128, -36, -128, -38, -128, -40, -128, -45, -128, -52, -128, -60, -128, -68, -128, -72, -128, -74, -128, -76]",esp32_1
CSI_DATA,98595,2025-07-23 16:40:29.021,0,walk,00:00:00:00:00:00,-73,11,0,0,0,0,0,0,0,0,0,-97,0,1,0,837026106,0,14,0,46,-26,104,0,"[0, 0, 96, 113, 71, 82, 49, 49, 27, 13, 5, -27, -12, -67, -25, -103, -37, -128, -45, -128, -47, -128, -44, -128, -38, -128, -27, -128, -15, -128, -9, -128, -6, -128, -6, -128, -13, -128, -28, -128, -49, -115, -72, -96, -95, -81, -118, -71, -128, -69, -128, -73, 0, 4, -8, 3, -9, 1, 1, 1, 14, 2, 25, 4, 37, 11, 53, 23, 74, 39, 98, 58, 114, 81, 123, 105, 127, 127, 127, 127, 127, 127, 127, 127, 127, 127, 127, 127, 127, 127, 127, 127, 127, 127, 127, 127, 127, 127, 127, 127, 127, 127, 127, 127]",esp32_2
CSI_DATA,199473,2025-07-23 16:40:29.024,0,walk,00:00:00:00:00:00,-63,11,0,0,0,0,0,0,0,0,0,-97,0,1,0,2216662793,0,14,0,0,0,104,0,"[0, 0, -20, 95, -6, 56, 14, 16, 34, -18, 54, -46, 76, -71, 100, -91, 122, -103, 127, -110, 127, -112, 127, -108, 127, -98, 127, -86, 127, -74, 126, -62, 103, -50, 77, -46, 53, -47, 31, -52, 11, -60, -6, -71, -18, -83, -24, -96, -22, -110, -18, -118, -74, 16, -84, 16, -94, 15, -103, 13, -111, 9, -114, 4, -111, 1, -104, 2, -95, 7, -84, 17, -71, 32, -56, 47, -42, 62, -28, 84, -17, 111, -9, 127, -3, 127, 1, 127, 3, 127, 1, 127, -5, 127, -10, 127, -16, 127, -20, 127, -25, 127, -28, 127]",esp32_1
CSI_DATA,199474,2025-07-23 16:40:29.028,0,walk,00:00:00:00:00:00,-63,11,0,0,0,0,0,0,0,0,0,-97,0,1,0,2216672811,0,14,0,0,0,104,0,"[0, 0, -51, 94, -28, 57, 2, 20, 29, -11, 57, -37, 86, -59, 114, -76, 127, -86, 127, -89, 127, -86, 127, -80, 127, -73, 127, -63, 127, -51, 127, -39, 118, -31, 91, -29, 64, -34, 39, -44, 18, -56, 3, -69, -8, -84, -13, -98, -13, -113, -10, -123, -74, -13, -83, -17, -93, -23, -102, -28, -110, -32, -112, -35, -108, -36, -102, -34, -97, -26, -89, -13, -80, 5, -71, 26, -62, 47, -55, 70, -51, 99, -49, 127, -50, 127, -51, 127, -53, 127, -59, 127, -64, 127, -71, 127, -78, 127, -83, 127, -85, 127, -85, 127]",esp32_1
CSI_DATA,199475,2025-07-23 16:40:29.045,0,walk,00:00:00:00:00:00,-63,11,0,0,0,0,0,0,0,0,0,-97,0,1,0,2216682800,0,14,0,0,0,104,0,"[0, 0, 107, 22, 65, 12, 25, 0, -16, -20, -51, -43, -81, -64, -102, -86, -115, -106, -122, -124, -125, -128, -125, -128, -119, -128, -105, -128, -88, -128, -73, -128, -60, -108, -51, -84, -48, -58, -48, -34, -54, -12, -64, 8, -74, 24, -85, 33, -97, 34, -108, 32, 8, 67, 9, 78, 8, 92, 5, 103, 2, 112, 0, 116, -1, 115, 1, 109, 6, 102, 13, 92, 23, 78, 39, 62, 60, 48, 84, 35, 106, 23, 126, 11, 127, 1, 127, -5, 127, -9, 127, -9, 127, -8, 127, -4, 127, 2, 127, 6, 127, 12, 127, 20]",esp32_1
CSI_DATA,98596,2025-07-23 16:40:29.050,0,walk,00:00:00:00:00:00,-73,11,0,0,0,0,0,0,0,0,0,-97,0,1,0,837035586,0,14,0,46,-26,104,0,"[0, 0, 26, -128, 15, -127, 6, -82, -10, -33, -33, 10, -55, 45, -84, 80, -121, 112, -128, 127, -128, 127, -128, 127, -128, 127, -128, 127, -128, 127, -128, 127, -128, 127, -128, 119, -125, 112, -95, 110, -65, 113, -34, 124, -10, 127, 9, 127, 19, 127, 18, 127, 14, 2, 16, 2, 13, 3, 4, 1, -4, -9, -10, -22, -19, -39, -25, -59, -23, -81, -17, -112, -7, -128, 0, -128, 8, -128, 25, -128, 40, -128, 53, -128, 67, -128, 79, -128, 86, -128, 84, -128, 80, -128, 80, -128, 76, -128, 66, -128, 57, -128, 56, -128]",esp32_2
CSI_DATA,98598,2025-07-23 16:40:29.130,0,walk,00:00:00:00:00:00,-73,11,0,0,0,0,0,0,0,0,0,-97,0,1,0,837055559,0,14,0,46,-26,104,0,"[0, 0, 124, 92, 100, 63, 69, 22, 38, -19, 12, -57, -10, -99, -27, -128, -37, -128, -43, -128, -50, -128, -56, -128, -50, -128, -35, -128, -24, -128, -17, -128, -8, -128, -8, -128, -21, -128, -42, -124, -65, -98, -90, -75, -118, -61, -128, -57, -128, -60, -128, -65, -13, 18, -14, 16, -17, 13, -12, 10, 4, 7, 20, 3, 32, 5, 54, 13, 83, 26, 105, 42, 121, 66, 127, 95, 127, 120, 127, 127, 127, 127, 127, 127, 127, 127, 127, 127, 127, 127, 127, 127, 127, 127, 127, 127, 127, 127, 127, 127, 127, 127, 127, 127]",esp32_2
CSI_DATA,199477,2025-07-23 16:40:29.144,0,walk,00:00:00:00:00:00,-64,11,0,0,0,0,0,0,0,0,0,-97,0,1,0,2216702821,0,14,0,0,0,104,0,"[0, 0, -125, -11, -85, -7, -44, 2, -5, 20, 29, 42, 57, 63, 81, 83, 97, 102, 104, 119, 106, 127, 104, 127, 97, 127, 84, 127, 71, 127, 60, 127, 50, 114, 43, 93, 42, 70, 47, 47, 54, 27, 64, 11, 76, 1, 88, -3, 100, -1, 106, 2, -30, -60, -33, -70, -37, -83, -39, -94, -39, -102, -37, -106, -35, -107, -34, -106, -36, -99, -42, -88, -50, -75, -60, -59, -76, -43, -95, -27, -114, -10, -128, 7, -128, 21, -128, 30, -128, 34, -128, 35, -128, 34, -128, 31, -128, 27, -128, 22, -128, 12, -128, 1]",esp32_1
CSI_DATA,98599,2025-07-23 16:40:29.169,0,walk,00:00:00:00:00:00,-73,11,0,0,0,0,0,0,0,0,0,-97,0,1,0,837065576,0,14,0,46,-26,104,0,"[0, 0, 127, -39, 95, -34, 45, -34, -3, -39, -47, -43, -91, -48, -128, -53, -128, -64, -128, -79, -128, -97, -128, -122, -128, -128, -128, -128, -128, -128, -128, -128, -128, -128, -128, -106, -128, -75, -118, -42, -111, -8, -106, 29, -108, 63, -120, 84, -128, 99, -128, 106, 16, 31, 8, 32, -1, 27, -1, 17, 4, 4, 11, -14, 24, -31, 45, -43, 69, -55, 99, -64, 127, -66, 127, -59, 127, -47, 127, -36, 127, -28, 127, -26, 127, -26, 127, -21, 127, -11, 127, -8, 127, -13, 127, -19, 127, -27, 127, -37, 127, -42, 127, -44]",esp32_2
CSI_DATA,199478,2025-07-23 16:40:29.176,0,walk,00:00:00:00:00:00,-63,11,0,0,0,0,0,0,0,0,0,-97,0,1,0,2216712793,0,14,0,0,0,104,0,"[0, 0, 67, -109, 42, -77, 11, -46, -18, -23, -50, -6, -83, 7, -114, 13, -128, 14, -128, 9, -128, 2, -128, -6, -128, -14, -128, -21, -128, -25, -128, -25, -120, -21, -99, -13, -81, 2, -70, 18, -61, 33, -56, 48, -57, 62, -61, 72, -67, 79, -74, 83, 76, -6, 82, -4, 89, -3, 99, -1, 110, 2, 115, 6, 113, 8, 108, 7, 102, 3, 94, -6, 84, -21, 73, -35, 64, -52, 57, -75, 49, -102, 45, -128, 46, -128, 49, -128, 55, -128, 64, -128, 76, -128, 87, -128, 97, -128, 105, -128, 108, -128, 108, -128]",esp32_1
CSI_DATA,98600,2025-07-23 16:40:29.200,0,walk,00:00:00:00:00:00,-73,11,0,0,0,0,0,0,0,0,0,-97,0,1,0,837075631,0,14,0,0,0,104,0,"[0, 0, 35, -128, 19, -83, 9, -41, -3, -6, -22, 32, -42, 76, -58, 120, -84, 127, -119, 127, -128, 127, -128, 127, -128, 127, -128, 127, -128, 127, -128, 127, -128, 127, -113, 112, -85, 94, -52, 86, -14, 82, 23, 83, 57, 90, 84, 99, 100, 112, 109, 123, 28, 20, 24, 22, 15, 22, 3, 13, -5, 0, -6, -14, -2, -36, -2, -63, -3, -93, 9, -124, 27, -128, 40, -128, 55, -128, 79, -128, 99, -128, 110, -128, 118, -128, 123, -128, 125, -128, 127, -128, 125, -128, 113, -128, 98, -128, 82, -128, 67, -128, 58, -128]",esp32_2
CSI_DATA,199479,2025-07-23 16:40:29.204,0,walk,00:00:00:00:00:00,-63,11,0,0,0,0,0,0,0,0,0,-97,0,1,0,2216722775,0,14,0,0,0,104,0,"[0, 0, -20, 127, -9, 84, 11, 43, 33, 9, 54, -19, 79, -42, 106, -59, 127, -69, 127, -72, 127, -70, 127, -65, 127, -56, 127, -47, 127, -40, 127, -33, 116, -30, 95, -31, 76, -36, 59, -48, 45, -60, 35, -71, 29, -82, 28, -94, 32, -104, 39, -110, -69, 36, -78, 40, -88, 42, -97, 42, -105, 42, -110, 41, -111, 38, -108, 36, -98, 36, -85, 40, -71, 49, -53, 59, -35, 71, -19, 87, -5, 110, 9, 127, 23, 127, 32, 127, 36, 127, 37, 127, 32, 127, 24, 127, 14, 127, 6, 127, -5, 127, -13, 127]",esp32_1
CSI_DATA,98601,2025-07-23 16:40:29.227,0,walk,00:00:00:00:00:00,-74,11,0,0,0,0,0,0,0,0,0,-97,0,1,0,837085587,0,14,0,0,0,104,0,"[0, 0, 65, -104, 44, -78, 20, -46, -4, -4, -28, 41, -52, 77, -80, 105, -110, 127, -128, 127, -128, 127, -128, 127, -128, 127, -128, 127, -128, 127, -128, 127, -128, 120, -123, 96, -86, 81, -49, 79, -11, 77, 28, 76, 61, 86, 82, 97, 97, 110, 104, 123, 18, 32, 12, 29, 5, 20, -2, 9, -6, -4, -4, -18, 4, -40, 14, -67, 36, -93, 63, -116, 82, -128, 99, -128, 121, -128, 127, -128, 127, -128, 127, -128, 127, -128, 127, -128, 127, -128, 127, -128, 127, -128, 127, -128, 127, -128, 127, -128, 127, -128, 114, -128]",esp32_2
CSI_DATA,199480,2025-07-23 16:40:29.241,0,walk,00:00:00:00:00:00,-64,11,0,0,0,0,0,0,0,0,0,-97,0,1,0,2216735918,0,14,0,0,0,104,0,"[0, 0, 120, -49, 78, -32, 36, -21, -4, -24, -44, -31, -80, -38, -111, -48, -128, -61, -128, -75, -128, -89, -128, -102, -128, -110, -128, -111, -122, -106, -108, -95, -93, -80, -80, -60, -73, -40, -71, -20, -73, -3, -77, 13, -84, 28, -93, 36, -104, 38, -113, 36, 58, 39, 66, 45, 75, 54, 81, 63, 85, 71, 85, 76, 83, 77, 82, 76, 81, 72, 79, 61, 76, 45, 77, 27, 83, 8, 91, -15, 99, -41, 107, -68, 122, -94, 127, -117, 127, -128, 127, -128, 127, -128, 127, -128, 127, -128, 127, -128, 127, -124, 127, -108]",esp32_1
CSI_DATA,98602,2025-07-23 16:40:29.253,0,walk,00:00:00:00:00:00,-74,11,0,0,0,0,0,0,0,0,0,-97,0,1,0,837098728,0,14,0,0,0,104,0,"[0, 0, -95, -81, -55, -46, -17, -12, 19, 21, 52, 53, 80, 90, 105, 127, 127, 127, 127, 127, 127, 127, 127, 127, 127, 127, 126, 127, 113, 127, 97, 127, 81, 127, 71, 127, 67, 95, 69, 55, 77, 17, 92, -16, 113, -44, 127, -66, 127, -74, 127, -74, 29, -24, 30, -20, 31, -13, 19, -6, 0, -1, -19, -2, -42, -9, -66, -20, -90, -39, -112, -63, -127, -86, -128, -113, -128, -128, -128, -128, -128, -128, -128, -128, -128, -128, -128, -128, -128, -128, -128, -128, -128, -128, -128, -128, -128, -128, -128, -128, -128, -128, -128, -128]",esp32_2
CSI_DATA,199481,2025-07-23 16:40:29.272,0,walk,00:00:00:00:00:00,-62,11,0,0,0,0,0,0,0,0,0,-97,0,1,0,2216742837,0,14,0,0,0,104,0,"[0, 0, 63, 112, 47, 76, 38, 36, 31, -6, 29, -46, 35, -80, 45, -108, 62, -128, 78, -128, 92, -128, 101, -128, 107, -128, 111, -128, 111, -120, 103, -106, 89, -91, 71, -80, 51, -74, 30, -72, 11, -73, -5, -78, -15, -87, -19, -98, -19, -110, -17, -117, -22, 64, -23, 75, -26, 86, -31, 96, -36, 104, -41, 108, -45, 110, -44, 110, -40, 108, -33, 103, -21, 101, -6, 96, 13, 89, 34, 89, 56, 93, 79, 100, 102, 110, 125, 120, 127, 127, 127, 127, 127, 127, 127, 127, 127, 127, 127, 127, 127, 127, 127, 127]",esp32_1
CSI_DATA,98604,2025-07-23 16:40:29.360,0,walk,00:00:00:00:00:00,-74,11,0,0,0,0,0,0,0,0,0,-97,0,1,0,837115606,0,14,0,0,0,104,0,"[0, 0, -108, -24, -59, -17, -3, -9, 50, 10, 93, 30, 127, 47, 127, 63, 127, 82, 127, 100, 127, 124, 127, 127, 127, 127, 127, 127, 127, 127, 127, 127, 127, 105, 127, 77, 109, 49, 92, 15, 80, -27, 75, -70, 73, -107, 75, -128, 90, -128, 102, -128, 8, -33, 12, -26, 13, -15, 10, -11, -1, -10, -20, -3, -42, 2, -67, 1, -92, -4, -111, -11, -128, -24, -128, -42, -128, -58, -128, -70, -128, -77, -128, -77, -128, -75, -128, -82, -128, -92, -128, -90, -128, -80, -128, -72, -128, -68, -128, -61, -128, -50, -128, -45]",esp32_2
CSI_DATA,199483,2025-07-23 16:40:29.366,0,walk,00:00:00:00:00:00,-62,11,0,0,0,0,0,0,0,0,0,-97,0,1,0,2216762771,0,14,0,0,0,104,0,"[0, 0, 42, -122, 23, -89, 0, -58, -25, -34, -54, -15, -86, -1, -116, 4, -128, 1, -128, -5, -128, -14, -128, -24, -128, -34, -128, -42, -128, -45, -128, -42, -122, -36, -107, -25, -94, -11, -86, 3, -84, 18, -85, 30, -89, 41, -97, 47, -107, 48, -114, 46, 60, -54, 67, -57, 74, -60, 81, -64, 89, -66, 93, -65, 93, -64, 90, -66, 84, -69, 76, -73, 64, -82, 53, -91, 44, -101, 34, -116, 25, -128, 16, -128, 10, -128, 8, -128, 9, -128, 13, -128, 19, -128, 29, -128, 40, -128, 49, -128, 57, -128, 63, -128]",esp32_1
CSI_DATA,98605,2025-07-23 16:40:29.386,0,walk,00:00:00:00:00:00,-74,11,0,0,0,0,0,0,0,0,0,-97,0,1,0,837128612,0,14,0,0,0,104,0,"[0, 0, 102, -39, 56, -13, 5, 6, -44, 20, -87, 32, -128, 36, -128, 37, -128, 43, -128, 47, -128, 42, -128, 31, -128, 20, -128, 10, -128, 5, -128, 10, -128, 15, -128, 19, -122, 29, -87, 49, -56, 73, -30, 95, -11, 119, 2, 127, 3, 127, -3, 127, 10, 32, 6, 28, 1, 20, 0, 13, 9, 5, 21, -9, 32, -26, 48, -46, 73, -62, 98, -69, 121, -74, 127, -79, 127, -79, 127, -83, 127, -87, 127, -84, 127, -86, 127, -94, 127, -97, 127, -100, 127, -104, 127, -110, 127, -112, 127, -109, 127, -104, 127, -100]",esp32_2
CSI_DATA,199484,2025-07-23 16:40:29.400,0,walk,00:00:00:00:00:00,-62,11,0,0,0,0,0,0,0,0,0,-97,0,1,0,2216774263,0,14,0,0,0,104,0,"[0, 0, 78, -80, 45, -60, 7, -44, -28, -37, -61, -35, -92, -37, -119, -45, -128, -53, -128, -63, -128, -75, -128, -85, -128, -89, -128, -89, -123, -85, -107, -74, -93, -59, -83, -41, -79, -23, -80, -4, -84, 11, -91, 22, -100, 29, -107, 33, -116, 29, -123, 24, 80, -7, 88, -5, 96, 0, 103, 6, 109, 9, 109, 10, 105, 10, 101, 6, 95, -2, 88, -13, 81, -28, 75, -46, 75, -67, 77, -89, 77, -112, 79, -128, 88, -128, 100, -128, 113, -128, 126, -128, 127, -128, 127, -128, 127, -128, 127, -128, 127, -128, 127, -128]",esp32_1
CSI_DATA,98606,2025-07-23 16:40:29.412,0,walk,00:00:00:00:00:00,-74,11,0,0,0,0,0,0,0,0,0,-97,0,1,0,837136335,0,14,0,0,0,104,0,"[0, 0, -91, -70, -48, -40, -8, -11, 24, 21, 59, 57, 97, 92, 127, 122, 127, 127, 127, 127, 127, 127, 127, 127, 127, 127, 127, 127, 127, 127, 127, 127, 112, 127, 98, 118, 87, 78, 84, 42, 86, 3, 89, -38, 103, -69, 125, -89, 127, -101, 127, -103, 19, -30, 21, -20, 24, -14, 17, -14, 2, -12, -16, -10, -38, -9, -58, -17, -78, -38, -98, -62, -118, -80, -128, -96, -128, -115, -128, -128, -128, -128, -128, -128, -128, -128, -128, -128, -128, -128, -128, -128, -128, -128, -128, -128, -128, -128, -128, -128, -128, -128, -128, -128]",esp32_2
CSI_DATA,199485,2025-07-23 16:40:29.429,0,walk,00:00:00:00:00:00,-62,11,0,0,0,0,0,0,0,0,0,-97,0,1,0,2216784199,0,14,0,0,0,104,0,"[0, 0, -59, -79, -42, -43, -31, -5, -24, 35, -22, 69, -26, 99, -35, 125, -47, 127, -58, 127, -66, 127, -73, 127, -78, 127, -81, 127, -79, 126, -68, 108, -52, 92, -35, 79, -15, 72, 6, 69, 24, 71, 39, 76, 49, 81, 54, 91, 54, 103, 51, 111, 21, -74, 24, -81, 28, -90, 33, -97, 39, -100, 45, -100, 45, -97, 39, -92, 29, -87, 13, -83, -4, -81, -24, -77, -48, -76, -74, -80, -97, -87, -118, -99, -128, -113, -128, -125, -128, -128, -128, -128, -128, -128, -128, -128, -128, -128, -128, -128, -128, -128, -128, -128]",esp32_1
CSI_DATA,98607,2025-07-23 16:40:29.444,0,walk,00:00:00:00:00:00,-74,11,0,0,0,0,0,0,0,0,0,-97,0,1,0,837145571,0,14,0,0,0,104,0,"[0, 0, 99, -47, 61, -31, 18, -10, -22, 10, -62, 25, -105, 39, -128, 50, -128, 60, -128, 72, -128, 73, -128, 66, -128, 55, -128, 43, -128, 37, -128, 35, -128, 32, -128, 33, -102, 37, -74, 45, -42, 62, -9, 84, 15, 104, 31, 126, 45, 127, 47, 127, 5, 33, 4, 29, 2, 20, 1, 13, 6, 7, 15, -4, 26, -19, 44, -37, 66, -48, 86, -56, 106, -65, 125, -68, 127, -70, 127, -74, 127, -77, 127, -74, 127, -72, 127, -79, 127, -84, 127, -85, 127, -84, 127, -85, 127, -92, 127, -96, 127, -91, 127, -82]",esp32_2
CSI_DATA,199486,2025-07-23 16:40:29.464,0,walk,00:00:00:00:00:00,-63,11,0,0,0,0,0,0,0,0,0,-97,0,1,0,2216792800,0,14,0,0,0,104,0,"[0, 0, 68, 71, 45, 38, 29, 2, 16, -36, 5, -73, 1, -105, 3, -128, 10, -128, 17, -128, 25, -128, 32, -128, 38, -128, 44, -128, 46, -128, 42, -128, 34, -108, 22, -89, 6, -76, -13, -66, -32, -60, -49, -59, -64, -61, -74, -67, -78, -78, -77, -87, -20, 73, -23, 82, -26, 92, -32, 99, -37, 103, -40, 102, -40, 98, -37, 93, -27, 86, -12, 79, 5, 75, 26, 71, 52, 68, 79, 69, 103, 72, 124, 79, 127, 90, 127, 101, 127, 112, 127, 123, 127, 127, 127, 127, 127, 127, 127, 127, 127, 127, 127, 127]",esp32_1
CSI_DATA,98608,2025-07-23 16:40:29.472,0,walk,00:00:00:00:00:00,-74,11,0,0,0,0,0,0,0,0,0,-97,0,1,0,837155582,0,14,0,0,0,104,0,"[0, 0, 107, -63, 75, -42, 32, -18, -12, 2, -49, 20, -93, 38, -128, 53, -128, 66, -128, 70, -128, 68, -128, 68, -128, 62, -128, 52, -128, 43, -128, 35, -128, 31, -128, 35, -114, 41, -76, 51, -38, 67, -9, 86, 12, 106, 28, 127, 41, 127, 51, 127, 18, 47, 10, 44, 3, 36, -2, 24, -3, 12, 7, -4, 18, -21, 31, -38, 53, -54, 78, -69, 107, -83, 127, -93, 127, -93, 127, -95, 127, -100, 127, -101, 127, -102, 127, -105, 127, -108, 127, -107, 127, -110, 127, -108, 127, -105, 127, -110, 127, -111, 127, -106]",esp32_2
CSI_DATA,199487,2025-07-23 16:40:29.499,0,walk,00:00:00:00:00:00,-62,11,0,0,0,0,0,0,0,0,0,-97,0,1,0,2216802776,0,14,0,0,0,104,0,"[0, 0, 127, -29, 73, -28, 25, -31, -19, -46, -58, -66, -93, -84, -124, -102, -128, -117, -128, -128, -128, -128, -128, -128, -128, -128, -128, -128, -124, -128, -108, -128, -94, -122, -81, -98, -73, -72, -72, -48, -77, -24, -89, -5, -101, 9, -112, 18, -123, 20, -128, 16, 64, 66, 71, 77, 76, 92, 79, 106, 80, 115, 75, 118, 69, 116, 67, 108, 67, 95, 70, 74, 75, 47, 86, 20, 104, -4, 127, -27, 127, -52, 127, -75, 127, -96, 127, -112, 127, -118, 127, -116, 127, -113, 127, -109, 127, -104, 127, -94, 127, -78, 127, -61]",esp32_1
CSI_DATA,98609,2025-07-23 16:40:29.499,0,walk,00:00:00:00:00:00,-74,11,0,0,0,0,0,0,0,0,0,-97,0,1,0,837165582,0,14,0,0,0,104,0,"[0, 0, 103, -75, 70, -53, 37, -28, -3, -6, -44, 15, -82, 38, -117, 56, -128, 69, -128, 76, -128, 77, -128, 74, -128, 69, -128, 63, -128, 54, -128, 49, -128, 46, -128, 43, -109, 45, -68, 55, -35, 66, -6, 80, 19, 98, 39, 118, 50, 127, 52, 127, 16, 53, 12, 49, 2, 41, -4, 31, -3, 18, 4, 3, 14, -14, 27, -36, 46, -59, 72, -78, 95, -92, 121, -99, 127, -104, 127, -108, 127, -114, 127, -117, 127, -116, 127, -120, 127, -122, 127, -120, 127, -121, 127, -124, 127, -128, 127, -128, 127, -127, 127, -121]",esp32_2
CSI_DATA,199488,2025-07-23 16:40:29.530,0,walk,00:00:00:00:00:00,-62,11,0,0,0,0,0,0,0,0,0,-97,0,1,0,2216812808,0,14,0,0,0,104,0,"[0, 0, -104, 25, -61, 24, -18, 26, 20, 39, 54, 55, 85, 69, 109, 83, 126, 94, 127, 107, 127, 121, 127, 127, 127, 127, 119, 127, 105, 127, 92, 114, 80, 98, 69, 79, 64, 58, 63, 36, 65, 16, 72, 0, 81, -12, 90, -21, 99, -24, 104, -23, -50, -58, -53, -68, -57, -81, -59, -94, -58, -101, -52, -103, -47, -102, -44, -96, -44, -85, -46, -71, -50, -51, -59, -28, -75, -6, -93, 15, -110, 36, -128, 55, -128, 72, -128, 84, -128, 91, -128, 95, -128, 95, -128, 89, -128, 82, -128, 73, -128, 59, -128, 47]",esp32_1
CSI_DATA,98611,2025-07-23 16:40:29.606,0,walk,00:00:00:00:00:00,-75,11,0,0,0,0,0,0,0,0,0,-97,0,1,0,837185592,0,14,0,0,0,104,0,"[0, 0, 113, -51, 75, -27, 34, -1, -9, 24, -52, 52, -90, 77, -128, 95, -128, 111, -128, 127, -128, 127, -128, 127, -128, 127, -128, 127, -128, 123, -128, 106, -128, 89, -128, 73, -87, 59, -42, 51, 2, 45, 43, 43, 82, 44, 116, 48, 127, 59, 127, 71, -15, 67, -19, 62, -20, 52, -22, 40, -21, 27, -14, 11, -4, -3, 16, -17, 42, -32, 69, -39, 93, -45, 115, -51, 127, -51, 127, -55, 127, -64, 127, -67, 127, -68, 127, -73, 127, -79, 127, -85, 127, -89, 127, -92, 127, -105, 127, -113, 127, -106, 127, -99]",esp32_2
CSI_DATA,199490,2025-07-23 16:40:29.617,0,walk,00:00:00:00:00:00,-63,11,0,0,0,0,0,0,0,0,0,-97,0,1,0,2216832784,0,14,0,0,0,104,0,"[0, 0, -89, 76, -52, 54, -12, 35, 24, 27, 61, 24, 97, 21, 127, 24, 127, 29, 127, 36, 127, 46, 127, 58, 127, 68, 127, 74, 127, 77, 127, 76, 127, 71, 122, 59, 107, 44, 96, 29, 89, 14, 87, 0, 86, -15, 86, -27, 92, -34, 97, -35, -71, -6, -82, -12, -95, -20, -105, -28, -112, -36, -114, -42, -112, -46, -109, -46, -104, -43, -98, -34, -90, -18, -82, 0, -80, 18, -82, 42, -82, 70, -84, 99, -93, 125, -106, 127, -119, 127, -128, 127, -128, 127, -128, 127, -128, 127, -128, 127, -128, 127, -128, 127]",esp32_1
CSI_DATA,98612,2025-07-23 16:40:29.640,0,walk,00:00:00:00:00:00,-75,11,0,0,0,0,0,0,0,0,0,-97,0,1,0,837196626,0,14,0,0,0,104,0,"[0, 0, -46, -85, -11, -60, 35, -28, 82, 6, 123, 39, 127, 60, 127, 73, 127, 83, 127, 92, 127, 102, 127, 106, 127, 105, 127, 105, 127, 101, 127, 88, 127, 72, 127, 55, 98, 31, 54, -2, 13, -34, -21, -61, -50, -84, -77, -110, -97, -128, -106, -128, 72, 4, 68, 9, 55, 15, 45, 15, 32, 12, 14, 10, -5, 0, -28, -19, -49, -36, -66, -52, -81, -74, -90, -104, -99, -128, -114, -128, -127, -128, -128, -128, -128, -128, -128, -128, -128, -128, -128, -128, -128, -128, -128, -128, -128, -128, -128, -128, -128, -128, -128, -128]",esp32_2
CSI_DATA,199491,2025-07-23 16:40:29.655,0,walk,00:00:00:00:00:00,-62,11,0,0,0,0,0,0,0,0,0,-97,0,1,0,2216842779,0,14,0,0,0,104,0,"[0, 0, 50, 127, 46, 84, 54, 40, 64, 0, 76, -37, 94, -70, 117, -96, 127, -114, 127, -125, 127, -128, 127, -128, 127, -123, 127, -114, 127, -105, 127, -98, 127, -89, 127, -82, 127, -80, 116, -83, 101, -86, 90, -92, 82, -97, 77, -102, 81, -106, 85, -106, -9, 86, -11, 97, -17, 109, -28, 120, -39, 127, -47, 127, -52, 127, -53, 127, -48, 125, -36, 120, -20, 118, 0, 115, 25, 113, 51, 120, 74, 127, 96, 127, 120, 127, 127, 127, 127, 127, 127, 127, 127, 127, 127, 127, 127, 127, 127, 127, 111, 127, 95, 127]",esp32_1
CSI_DATA,98613,2025-07-23 16:40:29.679,0,walk,00:00:00:00:00:00,-75,11,0,0,0,0,0,0,0,0,0,-97,0,1,0,837205581,0,14,0,0,0,104,0,"[0, 0, 51, -48, 47, 5, 46, 59, 58, 103, 66, 127, 69, 127, 76, 127, 77, 127, 73, 127, 81, 127, 85, 127, 77, 127, 72, 127, 68, 127, 64, 127, 57, 127, 44, 127, 33, 96, 30, 48, 27, -7, 27, -55, 29, -88, 36, -118, 49, -128, 58, -128, 41, 73, 32, 66, 24, 50, 24, 36, 27, 20, 28, -1, 27, -16, 31, -33, 38, -60, 43, -86, 49, -105, 58, -128, 66, -128, 70, -128, 73, -128, 77, -128, 80, -128, 78, -128, 75, -128, 72, -128, 66, -128, 62, -128, 61, -128, 57, -128, 52, -128, 51, -128]",esp32_2
CSI_DATA,199492,2025-07-23 16:40:29.686,0,walk,00:00:00:00:00:00,-62,11,0,0,0,0,0,0,0,0,0,-97,0,1,0,2216852770,0,14,0,0,0,104,0,"[0, 0, -89, 41, -53, 38, -17, 40, 17, 50, 44, 63, 68, 77, 87, 91, 100, 103, 105, 113, 107, 124, 106, 127, 102, 127, 96, 127, 88, 127, 80, 117, 75, 103, 73, 89, 73, 75, 76, 63, 81, 53, 87, 47, 94, 44, 98, 43, 100, 46, 101, 51, -65, -2, -73, -6, -86, -14, -96, -21, -101, -26, -100, -28, -96, -29, -92, -29, -90, -24, -88, -14, -83, 0, -82, 17, -87, 35, -96, 56, -105, 77, -116, 96, -128, 114, -128, 127, -128, 127, -128, 127, -128, 127, -128, 127, -128, 120, -128, 109, -128, 93, -128, 79]",esp32_1
CSI_DATA,98614,2025-07-23 16:40:29.717,0,walk,00:00:00:00:00:00,-75,11,0,0,0,0,0,0,0,0,0,-97,0,1,0,837225639,0,14,0,0,0,104,0,"[0, 0, -63, 38, -53, -2, -47, -44, -29, -93, -1, -128, 15, -128, 25, -128, 41, -128, 53, -128, 53, -128, 56, -128, 71, -128, 88, -128, 94, -128, 84, -128, 72, -128, 61, -128, 41, -128, 19, -103, -4, -67, -33, -28, -62, 9, -86, 28, -109, 41, -123, 57, -72, -58, -68, -48, -67, -35, -69, -23, -73, -11, -78, 1, -82, 9, -83, 25, -81, 44, -89, 57, -99, 71, -95, 84, -91, 95, -94, 107, -100, 115, -107, 123, -114, 127, -113, 127, -104, 127, -98, 127, -99, 127, -101, 127, -94, 127, -79, 127, -72, 127, -70, 127]",esp32_2
CSI_DATA,199493,2025-07-23 16:40:29.718,0,walk,00:00:00:00:00:00,-61,11,0,0,0,0,0,0,0,0,0,-97,0,1,0,2216862784,0,14,0,0,0,104,0,"[0, 0, 90, 23, 60, -2, 37, -27, 18, -56, 3, -85, -6, -110, -9, -128, -7, -128, -1, -128, 4, -128, 9, -128, 13, -128, 16, -128, 17, -128, 14, -128, 9, -116, -1, -101, -14, -90, -28, -83, -41, -79, -52, -79, -60, -83, -63, -87, -63, -94, -60, -100, 37, 57, 40, 66, 43, 78, 44, 89, 42, 96, 35, 97, 29, 95, 28, 91, 33, 82, 41, 70, 50, 58, 64, 44, 84, 31, 107, 20, 127, 12, 127, 7, 127, 8, 127, 11, 127, 17, 127, 26, 127, 38, 127, 50, 127, 60, 127, 66, 127, 68, 127, 69]",esp32_1
CSI_DATA,98615,2025-07-23 16:40:29.744,0,walk,00:00:00:00:00:00,-76,11,0,0,0,0,0,0,0,0,0,-97,0,1,0,837251303,0,14,0,0,0,104,0,"[0, 0, -128, -61, -109, -62, -71, -60, -20, -51, 39, -43, 94, -38, 127, -33, 127, -28, 127, -24, 127, -24, 127, -19, 127, -16, 127, -11, 127, 0, 127, 11, 127, 17, 127, 16, 127, 6, 127, -6, 116, -17, 72, -29, 31, -44, -7, -65, -39, -87, -62, -103, -5, -55, -10, -48, -18, -39, -31, -35, -45, -34, -60, -37, -72, -43, -79, -48, -83, -61, -85, -74, -88, -83, -86, -98, -76, -114, -74, -128, -82, -128, -84, -128, -83, -128, -87, -128, -92, -128, -100, -128, -111, -128, -125, -128, -128, -125, -128, -116, -128, -103, -128, -93]",esp32_2
CSI_DATA,199494,2025-07-23 16:40:29.745,0,walk,00:00:00:00:00:00,-62,11,0,0,0,0,0,0,0,0,0,-97,0,1,0,2216872852,0,14,0,0,0,104,0,"[0, 0, -63, 100, -26, 75, 17, 54, 56, 44, 92, 38, 127, 33, 127, 33, 127, 36, 127, 43, 127, 54, 127, 63, 127, 66, 127, 66, 127, 62, 127, 53, 127, 40, 114, 23, 101, 4, 95, -17, 93, -36, 97, -48, 103, -59, 111, -67, 122, -68, 127, -64, -96, 12, -107, 9, -118, 2, -126, -5, -128, -11, -128, -15, -127, -18, -117, -17, -105, -9, -93, 6, -80, 29, -69, 54, -64, 79, -63, 110, -63, 127, -68, 127, -79, 127, -94, 127, -110, 127, -125, 127, -128, 127, -128, 127, -128, 127, -128, 127, -128, 127, -128, 127]",esp32_1
CSI_DATA,98616,2025-07-23 16:40:29.768,0,walk,00:00:00:00:00:00,-76,11,0,0,0,0,0,0,0,0,0,-97,0,1,0,837273381,0,14,0,0,0,104,0,"[0, 0, -24, -128, 0, -115, 36, -90, 80, -52, 117, -16, 127, 8, 127, 37, 127, 68, 127, 93, 127, 109, 127, 118, 127, 119, 127, 115, 127, 105, 127, 97, 127, 95, 127, 82, 127, 63, 127, 40, 88, 11, 43, -19, -6, -47, -45, -68, -76, -87, -97, -104, 76, -29, 70, -34, 58, -39, 46, -46, 37, -60, 28, -70, 20, -76, 17, -80, 17, -78, 17, -79, 18, -88, 21, -101, 23, -113, 25, -121, 28, -128, 29, -128, 22, -128, 10, -128, -1, -128, -12, -128, -23, -128, -35, -128, -39, -128, -43, -128, -53, -128, -62, -128]",esp32_2
CSI_DATA,199495,2025-07-23 16:40:29.778,0,walk,00:00:00:00:00:00,-62,11,0,0,0,0,0,0,0,0,0,-97,0,1,0,2216883229,0,14,0,0,0,104,0,"[0, 0, 25, -98, 1, -68, -28, -41, -55, -22, -82, -6, -110, 6, -128, 12, -128, 15, -128, 11, -128, 5, -128, -1, -128, -7, -128, -10, -128, -11, -128, -10, -117, -5, -100, 5, -87, 19, -76, 33, -69, 46, -68, 58, -69, 69, -73, 76, -81, 80, -87, 80, 72, -35, 82, -35, 93, -34, 102, -32, 111, -28, 114, -23, 110, -19, 103, -19, 94, -21, 80, -28, 62, -42, 47, -60, 34, -78, 24, -102, 16, -128, 12, -128, 15, -128, 21, -128, 26, -128, 33, -128, 43, -128, 55, -128, 65, -128, 70, -128, 72, -128, 72, -128]",esp32_1
CSI_DATA,98617,2025-07-23 16:40:29.801,0,walk,00:00:00:00:00:00,-76,11,0,0,0,0,0,0,0,0,0,-97,0,1,0,837321241,0,14,0,0,0,104,0,"[0, 0, -33, -90, -1, -52, 32, -22, 65, 7, 96, 37, 127, 73, 127, 116, 127, 127, 127, 127, 127, 127, 127, 127, 127, 127, 127, 127, 127, 127, 127, 127, 127, 127, 127, 119, 127, 93, 98, 59, 69, 25, 46, -16, 24, -63, 2, -102, -11, -128, -15, -128, 23, -16, 18, -11, 7, -2, -6, 0, -18, -2, -30, -3, -40, -5, -51, -17, -57, -38, -59, -57, -58, -77, -59, -98, -62, -122, -54, -128, -50, -128, -61, -128, -64, -128, -60, -128, -65, -128, -72, -128, -78, -128, -90, -128, -100, -128, -102, -128, -99, -128, -96, -128]",esp32_2
CSI_DATA,98618,2025-07-23 16:40:29.830,0,walk,00:00:00:00:00:00,-74,11,0,0,0,0,0,0,0,0,0,-97,0,1,0,837369849,0,14,0,0,0,104,0,"[0, 0, 85, 74, 48, 86, 4, 103, -38, 127, -71, 127, -100, 127, -123, 127, -128, 127, -128, 127, -128, 127, -128, 127, -128, 127, -128, 127, -128, 127, -119, 127, -93, 127, -73, 127, -54, 110, -34, 67, -21, 28, -7, -13, 5, -49, 14, -81, 24, -109, 31, -127, -56, -30, -54, -25, -49, -20, -41, -17, -34, -13, -26, -8, -11, 3, 1, 18, 9, 27, 21, 27, 32, 29, 38, 36, 52, 46, 67, 57, 83, 67, 101, 74, 115, 82, 127, 90, 127, 94, 127, 93, 127, 89, 127, 81, 127, 70, 127, 55, 127, 45, 127, 46]",esp32_2
CSI_DATA,98619,2025-07-23 16:40:29.854,0,walk,00:00:00:00:00:00,-74,11,0,0,0,0,0,0,0,0,0,-97,0,1,0,837397548,0,14,0,0,0,104,0,"[0, 0, 55, -51, 60, -7, 77, 36, 94, 82, 109, 127, 127, 127, 127, 127, 127, 127, 127, 127, 127, 127, 127, 127, 127, 127, 127, 127, 127, 127, 127, 127, 127, 127, 116, 127, 86, 120, 61, 77, 30, 41, -3, 5, -33, -23, -63, -43, -86, -66, -99, -80, -34, 65, -36, 55, -32, 49, -26, 41, -23, 28, -14, 18, -3, 6, 2, -8, 8, -19, 20, -25, 31, -36, 39, -54, 50, -73, 63, -91, 75, -103, 81, -114, 92, -127, 104, -128, 100, -128, 94, -128, 94, -128, 90, -128, 83, -128, 74, -128, 63, -128, 55, -128]",esp32_2
CSI_DATA,199497,2025-07-23 16:40:29.876,0,walk,00:00:00:00:00:00,-62,11,0,0,0,0,0,0,0,0,0,-97,0,1,0,2216902788,0,14,0,0,0,104,0,"[0, 0, -86, -31, -62, 2, -45, 37, -32, 71, -23, 101, -19, 127, -21, 127, -28, 127, -36, 127, -42, 127, -46, 127, -46, 127, -44, 127, -40, 127, -31, 126, -17, 109, -3, 98, 14, 92, 31, 88, 46, 86, 58, 87, 65, 93, 66, 100, 63, 111, 58, 117, -18, -83, -19, -94, -18, -105, -13, -114, -5, -119, 2, -117, 3, -109, 1, -100, -7, -88, -22, -75, -39, -62, -60, -51, -89, -43, -120, -38, -128, -38, -128, -43, -128, -53, -128, -64, -128, -74, -128, -84, -128, -96, -128, -107, -128, -116, -128, -119, -128, -113, -128, -108]",esp32_1
CSI_DATA,98620,2025-07-23 16:40:29.884,0,walk,00:00:00:00:00:00,-75,11,0,0,0,0,0,0,0,0,0,-97,0,1,0,837435845,0,14,0,0,0,104,0,"[0, 0, -30, -106, 12, -82, 56, -54, 101, -23, 127, 3, 127, 28, 127, 44, 127, 50, 127, 55, 127, 56, 127, 55, 127, 50, 127, 36, 127, 24, 127, 16, 127, 19, 127, 23, 127, 11, 127, 5, 94, 12, 44, 18, -7, 26, -49, 35, -78, 39, -97, 43, 9, 57, 3, 54, -3, 48, -5, 43, -4, 39, -2, 36, -6, 29, -7, 18, 0, 7, 1, 3, -4, -8, 1, -31, 5, -53, 3, -68, -2, -84, -8, -101, -8, -120, -12, -128, -23, -128, -35, -128, -44, -128, -50, -128, -62, -128, -74, -128, -76, -128, -78, -128]",esp32_2
CSI_DATA,199498,2025-07-23 16:40:29.903,0,walk,00:00:00:00:00:00,-62,11,0,0,0,0,0,0,0,0,0,-97,0,1,0,2216912788,0,14,0,0,0,104,0,"[0, 0, 33, -74, -2, -50, -39, -31, -72, -19, -100, -12, -125, -8, -128, -5, -128, -6, -128, -12, -128, -19, -128, -26, -128, -28, -128, -25, -128, -21, -125, -14, -103, -1, -85, 14, -73, 30, -66, 49, -61, 66, -62, 78, -65, 87, -71, 94, -81, 97, -89, 97, 88, 5, 96, 13, 104, 23, 110, 30, 112, 36, 109, 41, 100, 44, 89, 39, 78, 27, 66, 10, 55, -14, 49, -40, 48, -68, 50, -99, 52, -128, 58, -128, 70, -128, 85, -128, 98, -128, 111, -128, 124, -128, 127, -128, 127, -128, 127, -128, 127, -128, 120, -128]",esp32_1
CSI_DATA,98621,2025-07-23 16:40:29.903,0,walk,00:00:00:00:00:00,-75,11,0,0,0,0,0,0,0,0,0,-97,0,1,0,837457723,0,14,0,0,0,104,0,"[0, 0, -43, 107, -47, 56, -46, 14, -46, -30, -49, -87, -53, -128, -62, -128, -72, -128, -79, -128, -88, -128, -95, -128, -94, -128, -89, -128, -81, -128, -77, -128, -75, -128, -66, -128, -51, -128, -36, -128, -27, -80, -15, -28, 2, 18, 12, 59, 10, 95, 10, 119, 1, -49, -1, -47, 1, -38, 1, -28, -2, -19, -6, -8, -13, 5, -19, 10, -23, 10, -31, 16, -40, 21, -43, 26, -48, 39, -61, 50, -73, 62, -81, 73, -86, 88, -86, 108, -85, 127, -88, 127, -88, 127, -87, 127, -85, 127, -74, 127, -66, 127, -61, 127]",esp32_2
CSI_DATA,98622,2025-07-23 16:40:29.925,0,walk,00:00:00:00:00:00,-76,11,0,0,0,0,0,0,0,0,0,-97,0,1,0,837491945,0,14,0,0,0,104,0,"[0, 0, -61, 127, -79, 127, -106, 108, -128, 77, -128, 43, -128, 19, -128, -2, -128, -23, -128, -24, -128, -11, -128, -4, -128, 0, -128, 10, -128, 25, -128, 28, -128, 23, -128, 26, -128, 30, -128, 22, -95, 5, -44, -14, -3, -28, 32, -42, 62, -67, 86, -92, 23, -55, 19, -48, 10, -43, -9, -34, -25, -17, -28, -4, -29, 8, -42, 22, -62, 35, -67, 46, -56, 53, -54, 63, -60, 77, -71, 89, -77, 96, -69, 100, -62, 105, -64, 115, -65, 127, -73, 127, -72, 127, -56, 127, -47, 127, -51, 127, -53, 127, -40, 127]",esp32_2
CSI_DATA,199499,2025-07-23 16:40:29.931,0,walk,00:00:00:00:00:00,-62,11,0,0,0,0,0,0,0,0,0,-97,0,1,0,2216928582,0,14,0,0,0,104,0,"[0, 0, 56, -63, 19, -45, -20, -32, -56, -25, -89, -22, -119, -21, -128, -24, -128, -28, -128, -36, -128, -46, -128, -54, -128, -58, -128, -58, -128, -53, -124, -43, -107, -29, -90, -12, -77, 5, -69, 23, -67, 40, -71, 57, -77, 69, -83, 75, -90, 76, -95, 76, 76, 17, 84, 24, 91, 36, 97, 46, 101, 53, 99, 58, 93, 58, 85, 52, 78, 43, 70, 29, 62, 7, 59, -18, 63, -41, 69, -69, 75, -99, 84, -128, 98, -128, 115, -128, 127, -128, 127, -128, 127, -128, 127, -128, 127, -128, 127, -128, 127, -128, 127, -128]",esp32_1
CSI_DATA,98623,2025-07-23 16:40:29.946,0,walk,00:00:00:00:00:00,-76,11,0,0,0,0,0,0,0,0,0,-97,0,1,0,837517288,0,14,0,0,0,104,0,"[0, 0, -128, -3, -128, -27, -128, -55, -128, -82, -128, -109, -128, -128, -128, -128, -128, -128, -128, -128, -128, -128, -128, -128, -128, -128, -128, -128, -128, -128, -128, -128, -128, -128, -128, -128, -128, -118, -115, -94, -75, -72, -32, -57, 10, -55, 41, -53, 74, -49, 103, -51, 44, 45, 40, 30, 30, 15, 17, 5, 9, -1, -2, -12, -15, -25, -30, -30, -47, -34, -61, -36, -76, -31, -87, -20, -93, -16, -102, -17, -106, -12, -111, -14, -127, -21, -128, -18, -128, -9, -128, 0, -128, 3, -128, 1, -128, 7, -128, 16, -128, 16, -128, 16]",esp32_2
CSI_DATA,199500,2025-07-23 16:40:29.960,0,walk,00:00:00:00:00:00,-62,11,0,0,0,0,0,0,0,0,0,-97,0,1,0,2216932781,0,14,0,0,0,104,0,"[0, 0, 43, 76, 35, 33, 35, -9, 37, -48, 42, -81, 52, -110, 66, -128, 82, -128, 94, -128, 100, -128, 104, -128, 103, -128, 99, -128, 90, -123, 74, -109, 56, -95, 37, -84, 16, -80, -4, -80, -23, -83, -37, -89, -47, -96, -51, -104, -50, -114, -47, -120, -45, 67, -51, 75, -61, 82, -71, 85, -81, 84, -88, 81, -90, 75, -84, 68, -69, 63, -50, 61, -29, 62, -6, 65, 23, 71, 53, 82, 78, 99, 98, 120, 117, 127, 127, 127, 127, 127, 127, 127, 127, 127, 127, 127, 127, 127, 123, 127, 106, 127, 95, 127]",esp32_1
CSI_DATA,98624,2025-07-23 16:40:29.968,0,walk,00:00:00:00:00:00,-75,11,0,0,0,0,0,0,0,0,0,-97,0,1,0,837551868,0,14,0,0,0,104,0,"[0, 0, -128, 39, -128, 34, -128, 27, -128, 4, -128, -26, -128, -48, -128, -77, -128, -115, -128, -128, -128, -128, -128, -128, -128, -128, -128, -128, -128, -128, -128, -128, -128, -128, -128, -128, -128, -128, -128, -111, -128, -90, -128, -71, -99, -60, -50, -51, -6, -43, 20, -43, 68, 24, 68, 18, 61, 13, 47, 12, 32, 6, 17, -4, -2, -7, -12, -4, -17, 5, -25, 17, -30, 27, -26, 40, -20, 48, -15, 45, -12, 38, -15, 31, -14, 21, -10, 11, -18, 6, -40, 0, -69, -4, -95, -1, -120, 3, -128, 10, -128, 19, -128, 25]",esp32_2
CSI_DATA,199501,2025-07-23 16:40:29.991,0,walk,00:00:00:00:00:00,-62,11,0,0,0,0,0,0,0,0,0,-97,0,1,0,2216942892,0,14,0,0,0,104,0,"[0, 0, -23, 72, 4, 45, 36, 20, 66, 4, 93, -6, 117, -14, 127, -17, 127, -18, 127, -17, 127, -12, 127, -7, 127, -1, 127, 2, 127, 0, 113, -6, 93, -13, 76, -25, 63, -39, 55, -55, 49, -69, 46, -82, 47, -91, 51, -97, 59, -101, 67, -102, -78, 12, -87, 9, -95, 3, -103, -2, -109, -8, -108, -13, -102, -15, -92, -13, -81, -6, -68, 6, -56, 24, -44, 45, -36, 67, -31, 94, -28, 123, -29, 127, -35, 127, -43, 127, -52, 127, -62, 127, -72, 127, -81, 127, -87, 127, -89, 127, -87, 127, -82, 127]",esp32_1
CSI_DATA,98625,2025-07-23 16:40:29.996,0,walk,00:00:00:00:00:00,-75,11,0,0,0,0,0,0,0,0,0,-97,0,1,0,837589160,0,14,0,0,0,104,0,"[0, 0, 5, -128, 12, -128, 32, -128, 55, -128, 86, -85, 127, -52, 127, -22, 127, 6, 127, 18, 127, 23, 127, 30, 127, 27, 127, 19, 127, 13, 127, 4, 127, -11, 127, -22, 127, -22, 127, -21, 127, -26, 127, -19, 100, 2, 46, 16, 0, 20, -30, 23, 29, 55, 31, 51, 32, 41, 31, 30, 29, 25, 21, 26, 8, 29, -4, 30, -14, 23, -23, 22, -34, 28, -38, 30, -33, 27, -26, 27, -23, 25, -18, 27, -1, 30, 19, 15, 26, -15, 30, -47, 36, -77, 37, -108, 39, -128, 37, -128, 26, -128, 14, -128]",esp32_2
CSI_DATA,98626,2025-07-23 16:40:30.016,0,walk,00:00:00:00:00:00,-75,11,0,0,0,0,0,0,0,0,0,-97,0,1,0,837625838,0,14,0,0,0,104,0,"[0, 0, 127, -25, 127, -9, 116, 15, 90, 47, 56, 91, 20, 127, -10, 127, -36, 127, -61, 127, -76, 127, -84, 127, -79, 127, -65, 127, -58, 127, -60, 127, -60, 127, -54, 127, -47, 127, -38, 127, -25, 127, -14, 113, -9, 57, -8, 8, -2, -40, 8, -72, -25, 31, -20, 33, -16, 34, -13, 32, -12, 34, -15, 39, -17, 40, -12, 40, -7, 43, -8, 45, -14, 44, -16, 43, -11, 39, -2, 39, 13, 44, 32, 52, 49, 55, 72, 47, 96, 39, 115, 33, 127, 22, 127, 12, 127, 0, 127, -21, 127, -38, 127, -38]",esp32_2
CSI_DATA,98627,2025-07-23 16:40:30.039,0,walk,00:00:00:00:00:00,-75,11,0,0,0,0,0,0,0,0,0,-97,0,1,0,837675282,0,14,0,0,0,104,0,"[0, 0, 98, 111, 65, 105, 23, 108, -26, 106, -70, 110, -109, 127, -128, 127, -128, 127, -128, 127, -128, 127, -128, 127, -128, 127, -128, 127, -128, 127, -128, 127, -128, 127, -128, 127, -128, 127, -128, 127, -97, 108, -65, 64, -30, 24, 2, -14, 28, -56, 44, -82, -67, -35, -65, -32, -61, -25, -59, -20, -56, -17, -50, -15, -44, -11, -35, -4, -29, 2, -23, 6, -8, 9, 5, 17, 12, 29, 19, 39, 27, 51, 38, 62, 50, 75, 69, 91, 89, 106, 105, 118, 119, 126, 127, 127, 127, 127, 127, 127, 127, 127, 127, 124]",esp32_2
CSI_DATA,98628,2025-07-23 16:40:30.058,0,walk,00:00:00:00:00:00,-78,11,0,0,0,0,0,0,0,0,0,-97,0,1,0,837713155,0,14,0,0,0,104,0,"[0, 0, 6, 127, -4, 122, -29, 104, -53, 82, -79, 51, -114, 23, -128, 2, -128, -22, -128, -44, -128, -58, -128, -74, -128, -84, -128, -87, -128, -86, -128, -83, -128, -78, -128, -70, -128, -68, -128, -63, -128, -43, -128, -19, -72, 5, -14, 30, 34, 49, 70, 56, -67, 4, -65, 6, -60, 5, -49, 5, -39, 3, -32, -5, -26, -12, -24, -14, -21, -14, -23, -16, -29, -21, -28, -18, -24, -2, -32, 7, -34, 12, -21, 21, -16, 20, -20, 26, -22, 57, -17, 84, -11, 86, -14, 92, -15, 121, -5, 127, 7, 127, 12, 127]",esp32_2
CSI_DATA,98629,2025-07-23 16:40:30.078,0,walk,00:00:00:00:00:00,-76,11,0,0,0,0,0,0,0,0,0,-97,0,1,0,837737682,0,14,0,0,0,104,0,"[0, 0, -32, 127, -43, 127, -50, 127, -68, 127, -97, 77, -128, 34, -128, -12, -128, -48, -128, -72, -128, -94, -128, -112, -128, -123, -128, -128, -128, -128, -128, -128, -128, -114, -128, -101, -128, -83, -128, -60, -128, -38, -128, -12, -72, 11, -23, 26, 23, 38, 62, 46, -53, -34, -49, -28, -48, -25, -43, -27, -34, -28, -29, -26, -30, -23, -31, -24, -30, -21, -24, -24, -20, -36, -24, -37, -32, -34, -39, -30, -39, -23, -42, -15, -55, 1, -62, 25, -62, 59, -66, 89, -70, 113, -70, 127, -62, 127, -49, 127, -36, 127, -26, 127]",esp32_2
CSI_DATA,199503,2025-07-23 16:40:30.089,0,walk,00:00:00:00:00:00,-61,11,0,0,0,0,0,0,0,0,0,-97,0,1,0,2216962789,0,14,0,0,0,104,0,"[0, 0, -39, -51, -34, -8, -35, 31, -37, 68, -43, 100, -50, 126, -60, 127, -72, 127, -80, 127, -84, 127, -85, 127, -84, 127, -78, 127, -67, 113, -51, 94, -31, 78, -8, 66, 15, 59, 36, 56, 55, 55, 71, 57, 83, 62, 89, 70, 91, 81, 88, 91, 63, -52, 72, -57, 81, -61, 89, -62, 98, -59, 103, -53, 98, -46, 88, -41, 73, -39, 52, -40, 27, -46, 0, -54, -28, -66, -55, -84, -78, -105, -97, -127, -113, -128, -128, -128, -128, -128, -128, -128, -128, -128, -128, -128, -122, -128, -111, -128, -96, -128, -84, -128]",esp32_1
CSI_DATA,98630,2025-07-23 16:40:30.102,0,walk,00:00:00:00:00:00,-75,11,0,0,0,0,0,0,0,0,0,-97,0,1,0,837763387,0,14,0,0,0,104,0,"[0, 0, 127, -30, 127, -11, 127, 16, 127, 35, 104, 55, 70, 88, 34, 127, 3, 127, -16, 127, -34, 127, -52, 127, -56, 127, -55, 127, -52, 127, -44, 127, -39, 127, -37, 127, -28, 127, -17, 127, -3, 127, 10, 115, 21, 57, 34, 0, 46, -47, 52, -82, -22, 68, -18, 63, -9, 57, -4, 50, -4, 45, 3, 37, 8, 29, 1, 24, -6, 20, -12, 18, -18, 21, -21, 27, -22, 37, -23, 45, -16, 47, 1, 49, 14, 54, 25, 53, 52, 46, 82, 48, 108, 48, 127, 37, 127, 28, 127, 14, 127, -5, 127, -15]",esp32_2
CSI_DATA,199504,2025-07-23 16:40:30.123,0,walk,00:00:00:00:00:00,-62,11,0,0,0,0,0,0,0,0,0,-97,0,1,0,2216991770,0,14,0,0,0,104,0,"[0, 0, 59, -58, 15, -45, -28, -34, -68, -33, -103, -36, -128, -41, -128, -46, -128, -52, -128, -62, -128, -74, -128, -82, -128, -84, -128, -79, -128, -69, -117, -54, -99, -35, -81, -14, -69, 8, -63, 31, -61, 51, -65, 69, -72, 82, -80, 89, -89, 90, -99, 88, 73, 43, 79, 51, 85, 62, 90, 71, 92, 78, 90, 81, 85, 80, 80, 73, 75, 62, 71, 45, 68, 21, 68, -6, 75, -32, 85, -60, 94, -91, 107, -121, 125, -128, 127, -128, 127, -128, 127, -128, 127, -128, 127, -128, 127, -128, 127, -128, 127, -128, 127, -124]",esp32_1
CSI_DATA,98631,2025-07-23 16:40:30.130,0,walk,00:00:00:00:00:00,-75,11,0,0,0,0,0,0,0,0,0,-97,0,1,0,837798037,0,14,0,0,0,104,0,"[0, 0, 95, -128, 104, -128, 110, -128, 112, -101, 123, -56, 127, -12, 127, 39, 127, 84, 127, 113, 127, 127, 127, 127, 127, 127, 127, 127, 127, 127, 127, 127, 127, 127, 127, 127, 127, 127, 127, 99, 127, 67, 116, 30, 62, -3, 13, -29, -29, -51, -64, -69, 46, 70, 44, 72, 45, 65, 46, 59, 42, 55, 30, 50, 17, 44, 11, 37, 1, 32, -10, 39, -16, 51, -24, 51, -26, 45, -17, 43, -6, 44, 4, 45, 22, 40, 47, 21, 67, -6, 82, -35, 95, -68, 110, -93, 124, -116, 126, -128, 120, -128, 117, -128]",esp32_2
CSI_DATA,199505,2025-07-23 16:40:30.150,0,walk,00:00:00:00:00:00,-62,11,0,0,0,0,0,0,0,0,0,-97,0,1,0,2217016547,0,14,0,0,0,104,0,"[0, 0, 23, -49, -13, -22, -50, 2, -83, 19, -112, 32, -128, 43, -128, 50, -128, 55, -128, 55, -128, 49, -128, 44, -128, 39, -128, 33, -128, 28, -105, 25, -75, 25, -45, 28, -18, 35, 5, 45, 24, 56, 39, 67, 48, 80, 53, 92, 54, 104, 52, 112, 51, 76, 52, 85, 51, 96, 51, 105, 49, 111, 45, 112, 39, 108, 33, 98, 29, 81, 28, 57, 30, 28, 33, -3, 41, -33, 53, -65, 64, -99, 77, -128, 94, -128, 112, -128, 126, -128, 127, -128, 127, -128, 127, -128, 127, -128, 127, -128, 127, -128, 123, -128]",esp32_1
CSI_DATA,98632,2025-07-23 16:40:30.151,0,walk,00:00:00:00:00:00,-75,11,0,0,0,0,0,0,0,0,0,-97,0,1,0,837823429,0,14,0,0,0,104,0,"[0, 0, 127, -34, 127, -17, 127, 6, 104, 32, 66, 71, 36, 114, 3, 127, -32, 127, -54, 127, -69, 127, -81, 127, -89, 127, -99, 127, -96, 127, -82, 127, -73, 127, -66, 127, -55, 127, -39, 127, -22, 127, -8, 123, 11, 73, 29, 18, 39, -36, 41, -71, -6, 76, -7, 68, -9, 61, -13, 51, -16, 41, -21, 37, -29, 30, -34, 18, -38, 10, -44, 2, -51, -3, -57, -5, -55, -5, -45, -3, -39, 5, -30, 16, -10, 21, 18, 19, 47, 22, 80, 24, 113, 16, 127, 7, 127, -7, 127, -22, 127, -30, 127, -38]",esp32_2
CSI_DATA,199506,2025-07-23 16:40:30.171,0,walk,00:00:00:00:00:00,-62,11,0,0,0,0,0,0,0,0,0,-97,0,1,0,2217053394,0,14,0,0,0,104,0,"[0, 0, -80, -3, -37, 13, 3, 31, 41, 56, 73, 81, 98, 104, 115, 124, 124, 127, 127, 127, 125, 127, 119, 127, 110, 127, 95, 127, 78, 127, 63, 115, 49, 88, 40, 58, 36, 28, 39, -1, 45, -25, 53, -47, 63, -63, 75, -71, 88, -75, 97, -75, 26, -79, 32, -89, 41, -102, 49, -111, 56, -113, 60, -111, 60, -106, 58, -99, 49, -88, 34, -75, 16, -61, -6, -46, -35, -35, -68, -27, -99, -17, -128, -9, -128, -5, -128, -5, -128, -7, -128, -10, -128, -15, -128, -20, -128, -24, -128, -27, -128, -30, -128, -32]",esp32_1
CSI_DATA,98633,2025-07-23 16:40:30.171,0,walk,00:00:00:00:00:00,-75,11,0,0,0,0,0,0,0,0,0,-97,0,1,0,837849056,0,14,0,0,0,104,0,"[0, 0, 24, -128, 35, -128, 55, -128, 73, -93, 98, -50, 126, -13, 127, 24, 127, 59, 127, 83, 127, 99, 127, 109, 127, 113, 127, 118, 127, 120, 127, 109, 127, 92, 127, 77, 127, 62, 127, 45, 127, 26, 95, 9, 49, -9, 4, -22, -39, -29, -72, -34, 34, 42, 34, 46, 31, 44, 25, 39, 20, 35, 17, 35, 12, 39, 2, 40, -9, 43, -18, 49, -25, 53, -25, 47, -19, 43, -11, 41, -6, 33, 2, 17, 15, 1, 27, -16, 37, -39, 44, -62, 46, -89, 44, -125, 48, -128, 46, -128, 33, -128, 22, -128]",esp32_2
CSI_DATA,98634,2025-07-23 16:40:30.197,0,walk,00:00:00:00:00:00,-74,11,0,0,0,0,0,0,0,0,0,-97,0,1,0,837922391,0,14,0,0,0,104,0,"[0, 0, -128, -18, -128, -28, -128, -49, -128, -74, -103, -101, -77, -128, -63, -128, -60, -128, -57, -128, -62, -128, -74, -128, -93, -128, -115, -128, -125, -128, -128, -128, -128, -128, -126, -128, -117, -128, -104, -128, -84, -128, -56, -98, -29, -58, -1, -25, 32, -4, 55, 11, 88, 34, 94, 34, 92, 32, 93, 31, 97, 25, 88, 20, 78, 22, 77, 28, 72, 38, 56, 48, 49, 54, 59, 61, 64, 65, 58, 66, 49, 61, 44, 44, 33, 27, 16, 15, -2, 0, -29, -15, -61, -24, -92, -29, -118, -34, -128, -32, -128, -25, -128, -26]",esp32_2
CSI_DATA,199507,2025-07-23 16:40:30.204,0,walk,00:00:00:00:00:00,-63,11,0,0,0,0,0,0,0,0,0,-97,0,1,0,2217112738,0,14,0,0,0,104,0,"[0, 0, 109, 14, 65, 17, 23, 16, -20, 7, -62, -2, -100, -11, -128, -23, -128, -34, -128, -47, -128, -59, -128, -70, -128, -79, -128, -85, -128, -88, -128, -82, -128, -71, -110, -58, -91, -43, -73, -23, -60, -1, -51, 21, -44, 42, -41, 61, -43, 76, -47, 85, -5, 57, -9, 69, -15, 86, -22, 102, -27, 115, -33, 121, -40, 124, -43, 126, -41, 122, -34, 114, -26, 103, -14, 89, 6, 77, 29, 66, 51, 50, 73, 32, 99, 17, 127, 4, 127, -4, 127, -9, 127, -14, 127, -18, 127, -20, 127, -18, 127, -12, 127, -4]",esp32_1
CSI_DATA,98635,2025-07-23 16:40:30.217,0,walk,00:00:00:00:00:00,-73,11,0,0,0,0,0,0,0,0,0,-97,0,1,0,837968585,0,14,0,0,0,104,0,"[0, 0, 127, -128, 127, -122, 127, -102, 127, -68, 127, -24, 127, 23, 127, 75, 127, 127, 127, 127, 127, 127, 127, 127, 127, 127, 127, 127, 127, 127, 127, 127, 127, 127, 127, 127, 127, 127, 127, 127, 127, 126, 105, 87, 71, 52, 31, 20, -12, -8, -43, -26, -39, 75, -38, 78, -35, 82, -36, 84, -40, 87, -44, 89, -47, 87, -54, 83, -65, 79, -75, 76, -84, 69, -87, 65, -85, 65, -81, 67, -77, 68, -68, 67, -49, 70, -22, 68, 6, 56, 35, 38, 59, 19, 89, -4, 122, -32, 127, -67, 127, -100, 127, -116]",esp32_2
CSI_DATA,199508,2025-07-23 16:40:30.234,0,walk,00:00:00:00:00:00,-62,11,0,0,0,0,0,0,0,0,0,-97,0,1,0,2217162093,0,14,0,0,0,104,0,"[0, 0, 121, -69, 87, -54, 50, -41, 14, -37, -22, -39, -59, -46, -92, -58, -118, -71, -128, -86, -128, -102, -128, -121, -128, -128, -128, -128, -125, -128, -109, -128, -93, -128, -78, -123, -69, -106, -66, -89, -68, -73, -72, -59, -78, -48, -87, -42, -96, -42, -101, -45, 52, -11, 62, -14, 77, -15, 93, -16, 107, -15, 115, -12, 122, -8, 127, -4, 127, -2, 127, -4, 126, -11, 121, -19, 121, -28, 121, -41, 119, -59, 118, -80, 124, -101, 127, -119, 127, -128, 127, -128, 127, -128, 127, -128, 127, -128, 127, -128, 127, -128, 127, -128]",esp32_1
CSI_DATA,98636,2025-07-23 16:40:30.238,0,walk,00:00:00:00:00:00,-73,11,0,0,0,0,0,0,0,0,0,-97,0,1,0,837984573,0,14,0,0,0,104,0,"[0, 0, 93, -109, 88, -102, 84, -87, 81, -60, 80, -30, 82, 3, 85, 38, 92, 71, 105, 101, 119, 127, 127, 127, 127, 127, 127, 127, 127, 127, 127, 127, 127, 127, 127, 127, 127, 127, 118, 106, 94, 79, 66, 52, 42, 28, 21, 8, -2, -9, -20, -23, -3, 54, -3, 55, -3, 56, -2, 56, -1, 54, -3, 53, -12, 55, -18, 56, -22, 53, -30, 53, -35, 53, -39, 51, -45, 49, -44, 51, -36, 53, -27, 52, -17, 51, -6, 45, 10, 35, 31, 22, 48, 6, 62, -16, 79, -40, 90, -62, 94, -76, 96, -82]",esp32_2
CSI_DATA,98637,2025-07-23 16:40:30.259,0,walk,00:00:00:00:00:00,-74,11,0,0,0,0,0,0,0,0,0,-97,0,1,0,838014539,0,14,0,0,0,104,0,"[0, 0, 127, -36, 127, -30, 127, -16, 127, 6, 96, 38, 38, 68, -11, 97, -56, 125, -104, 127, -128, 127, -128, 127, -128, 127, -128, 127, -128, 127, -128, 127, -128, 127, -128, 127, -128, 127, -128, 127, -128, 127, -108, 104, -65, 72, -18, 53, 21, 32, 44, 11, 59, 72, 57, 78, 49, 78, 38, 77, 28, 76, 18, 73, 6, 73, -15, 77, -37, 79, -51, 78, -61, 75, -75, 79, -85, 82, -83, 81, -75, 83, -63, 84, -41, 85, -10, 82, 22, 71, 60, 64, 99, 58, 127, 48, 127, 35, 127, 8, 127, -17, 127, -24]",esp32_2
CSI_DATA,199509,2025-07-23 16:40:30.265,0,walk,00:00:00:00:00:00,-62,11,0,0,0,0,0,0,0,0,0,-97,0,1,0,2217186731,0,14,0,0,0,104,0,"[0, 0, 95, -99, 66, -79, 33, -61, 2, -52, -30, -49, -62, -50, -93, -56, -119, -66, -128, -79, -128, -94, -128, -110, -128, -122, -128, -128, -128, -128, -114, -128, -98, -124, -85, -111, -77, -97, -75, -83, -76, -71, -78, -63, -84, -56, -90, -52, -95, -54, -98, -59, 52, -35, 60, -37, 70, -41, 79, -46, 87, -51, 93, -53, 97, -55, 100, -58, 102, -62, 102, -68, 99, -78, 96, -87, 97, -96, 98, -110, 96, -124, 94, -128, 99, -128, 107, -128, 113, -128, 121, -128, 127, -128, 127, -128, 127, -128, 127, -128, 127, -128, 127, -128]",esp32_1
CSI_DATA,98638,2025-07-23 16:40:30.286,0,walk,00:00:00:00:00:00,-75,11,0,0,0,0,0,0,0,0,0,-97,0,1,0,838037249,0,14,0,0,0,104,0,"[0, 0, 36, -128, 36, -128, 43, -128, 52, -128, 65, -100, 81, -50, 106, -2, 127, 46, 127, 89, 127, 125, 127, 127, 127, 127, 127, 127, 127, 127, 127, 127, 127, 127, 127, 127, 127, 127, 127, 120, 127, 91, 108, 61, 66, 29, 25, -4, -9, -30, -31, -46, 87, 21, 86, 28, 78, 31, 71, 31, 70, 38, 63, 52, 49, 69, 35, 86, 22, 97, 16, 110, 17, 123, 9, 122, -1, 119, 7, 120, 19, 118, 23, 108, 34, 89, 49, 62, 61, 35, 70, 6, 76, -32, 85, -78, 84, -125, 71, -128, 61, -128, 56, -128]",esp32_2
CSI_DATA,98639,2025-07-23 16:40:30.307,0,walk,00:00:00:00:00:00,-74,11,0,0,0,0,0,0,0,0,0,-97,0,1,0,838059456,0,14,0,116,106,104,0,"[0, 0, -46, 127, -48, 127, -56, 127, -66, 127, -76, 96, -91, 32, -114, -29, -128, -83, -128, -128, -128, -128, -128, -128, -128, -128, -128, -128, -128, -128, -128, -128, -128, -128, -128, -128, -128, -128, -128, -128, -123, -128, -91, -90, -60, -45, -31, -4, -6, 30, 13, 52, -88, 5, -89, 8, -87, 3, -80, -5, -72, -15, -68, -33, -67, -51, -68, -63, -65, -77, -64, -93, -65, -105, -61, -106, -63, -106, -75, -105, -79, -100, -78, -93, -86, -78, -99, -49, -105, -11, -106, 29, -102, 69, -95, 114, -91, 127, -78, 127, -58, 127, -46, 127]",esp32_2
CSI_DATA,98640,2025-07-23 16:40:30.331,0,walk,00:00:00:00:00:00,-74,11,0,0,0,0,0,0,0,0,0,-97,0,1,0,838093674,0,14,0,0,0,104,0,"[0, 0, -128, 127, -128, 117, -128, 93, -122, 72, -106, 40, -98, -6, -103, -61, -111, -112, -114, -128, -115, -128, -127, -128, -128, -128, -128, -128, -128, -128, -128, -128, -128, -128, -128, -128, -128, -128, -126, -128, -107, -128, -88, -114, -68, -68, -42, -29, -14, 0, 10, 23, -30, -94, -25, -95, -20, -94, -15, -94, -10, -92, -8, -87, -6, -80, 5, -78, 23, -78, 37, -81, 49, -86, 61, -83, 68, -79, 66, -80, 55, -81, 42, -81, 26, -82, 5, -71, -22, -51, -49, -37, -71, -23, -90, -1, -108, 35, -128, 71, -128, 94, -128, 110]",esp32_2
CSI_DATA,199511,2025-07-23 16:40:30.356,0,walk,00:00:00:00:00:00,-62,11,0,0,0,0,0,0,0,0,0,-97,0,1,0,2217246220,0,14,0,0,0,104,0,"[0, 0, 46, 78, 55, 46, 68, 17, 86, -14, 103, -39, 117, -58, 127, -67, 127, -67, 127, -64, 127, -62, 127, -60, 127, -54, 127, -49, 127, -46, 116, -45, 97, -46, 81, -52, 67, -61, 54, -73, 45, -85, 41, -94, 44, -101, 53, -106, 64, -109, 73, -109, -37, 76, -44, 83, -55, 89, -62, 93, -67, 91, -69, 85, -64, 78, -55, 71, -40, 67, -20, 70, -1, 77, 19, 87, 42, 101, 65, 120, 84, 127, 95, 127, 103, 127, 108, 127, 109, 127, 106, 127, 96, 127, 82, 127, 66, 127, 54, 127, 43, 127, 35, 127]",esp32_1
CSI_DATA,98641,2025-07-23 16:40:30.356,0,walk,00:00:00:00:00:00,-75,11,0,0,0,0,0,0,0,0,0,-97,0,1,0,838140943,0,14,0,0,0,104,0,"[0, 0, 127, 127, 127, 127, 105, 127, 69, 127, 23, 117, -28, 104, -83, 91, -128, 73, -128, 62, -128, 60, -128, 60, -128, 67, -128, 69, -128, 67, -128, 73, -128, 72, -128, 61, -128, 56, -128, 55, -128, 52, -128, 50, -88, 41, -38, 23, 10, 7, 40, -2, -91, 7, -92, 11, -89, 12, -86, 9, -85, 3, -83, -2, -79, -4, -78, -12, -81, -23, -81, -36, -80, -48, -83, -54, -89, -60, -90, -64, -92, -57, -93, -41, -93, -25, -90, -5, -75, 20, -55, 50, -33, 78, -6, 105, 23, 127, 56, 127, 90, 127, 111, 127]",esp32_2
CSI_DATA,98642,2025-07-23 16:40:30.377,0,walk,00:00:00:00:00:00,-75,11,0,0,0,0,0,0,0,0,0,-97,0,1,0,838182324,0,14,0,0,0,104,0,"[0, 0, -128, -66, -128, -67, -128, -69, -121, -59, -64, -53, -5, -55, 59, -56, 126, -49, 127, -40, 127, -37, 127, -44, 127, -49, 127, -42, 127, -31, 127, -24, 127, -16, 127, -5, 127, 5, 127, 9, 127, 3, 127, -7, 89, -13, 38, -16, -7, -24, -43, -34, -38, -48, -33, -46, -26, -47, -19, -52, -16, -50, -4, -43, 15, -41, 31, -40, 40, -42, 53, -48, 71, -46, 81, -47, 85, -60, 81, -72, 66, -79, 51, -87, 31, -94, 5, -102, -23, -105, -53, -110, -86, -112, -128, -114, -128, -117, -128, -109, -128, -103, -128, -103]",esp32_2
CSI_DATA,199512,2025-07-23 16:40:30.380,0,walk,00:00:00:00:00:00,-61,11,0,0,0,0,0,0,0,0,0,-97,0,1,0,2217283188,0,14,0,0,0,104,0,"[0, 0, 0, -71, -33, -50, -63, -36, -90, -29, -116, -24, -128, -21, -128, -21, -128, -21, -128, -24, -128, -28, -128, -32, -128, -35, -128, -34, -126, -27, -106, -18, -88, -5, -74, 10, -61, 28, -53, 47, -50, 63, -53, 78, -59, 91, -66, 97, -76, 97, -83, 94, 87, -16, 93, -10, 102, -1, 109, 6, 112, 13, 107, 18, 98, 21, 87, 20, 75, 12, 61, -3, 44, -24, 31, -47, 25, -72, 24, -100, 23, -128, 22, -128, 29, -128, 42, -128, 55, -128, 71, -128, 83, -128, 90, -128, 92, -128, 89, -128, 81, -128, 75, -128]",esp32_1
CSI_DATA,98643,2025-07-23 16:40:30.400,0,walk,00:00:00:00:00:00,-75,11,0,0,0,0,0,0,0,0,0,-97,0,1,0,838183640,0,14,0,0,0,104,0,"[0, 0, 113, 127, 97, 127, 64, 127, 29, 127, -6, 90, -43, 45, -89, -5, -128, -55, -128, -100, -128, -128, -128, -128, -128, -128, -128, -128, -128, -128, -128, -128, -128, -128, -128, -128, -128, -128, -128, -128, -128, -128, -99, -95, -60, -58, -27, -19, 0, 24, 15, 56, -23, 58, -25, 53, -26, 47, -28, 43, -32, 38, -39, 29, -49, 16, -54, 3, -53, -9, -60, -24, -76, -36, -92, -31, -98, -18, -96, -8, -94, 4, -92, 17, -88, 39, -76, 66, -56, 92, -37, 121, -20, 127, 3, 127, 28, 127, 53, 127, 81, 127, 104, 127]",esp32_2
CSI_DATA,199513,2025-07-23 16:40:30.410,0,walk,00:00:00:00:00:00,-62,11,0,0,0,0,0,0,0,0,0,-97,0,1,0,2217319926,0,14,0,0,0,104,0,"[0, 0, -53, 64, -15, 50, 25, 39, 61, 37, 91, 40, 118, 45, 127, 50, 127, 55, 127, 60, 127, 67, 127, 74, 127, 76, 127, 75, 127, 68, 108, 55, 89, 39, 76, 19, 68, -3, 62, -24, 60, -44, 62, -60, 68, -72, 76, -80, 88, -84, 98, -84, -68, -32, -74, -41, -80, -52, -86, -61, -89, -70, -89, -76, -82, -76, -74, -72, -66, -64, -60, -48, -55, -26, -52, -3, -53, 21, -59, 50, -67, 80, -79, 108, -96, 127, -114, 127, -128, 127, -128, 127, -128, 127, -128, 127, -128, 127, -128, 127, -128, 127, -128, 127]",esp32_1
CSI_DATA,98644,2025-07-23 16:40:30.421,0,walk,00:00:00:00:00:00,-74,11,0,0,0,0,0,0,0,0,0,-97,0,1,0,838220853,0,14,0,0,0,104,0,"[0, 0, -93, 127, -90, 127, -87, 127, -81, 95, -73, 35, -65, -25, -55, -91, -45, -128, -39, -128, -40, -128, -38, -128, -34, -128, -30, -128, -20, -128, -11, -128, -7, -128, 0, -128, 4, -128, 0, -128, -8, -128, -16, -90, -24, -40, -33, 9, -43, 49, -55, 77, -53, 63, -57, 52, -60, 33, -59, 14, -59, 2, -61, -13, -65, -31, -67, -52, -69, -71, -68, -84, -70, -93, -69, -99, -64, -97, -69, -89, -81, -79, -90, -61, -96, -28, -101, 11, -105, 50, -112, 87, -116, 123, -124, 127, -128, 127, -122, 127, -112, 127, -104, 127]",esp32_2
CSI_DATA,199514,2025-07-23 16:40:30.431,0,walk,00:00:00:00:00:00,-63,11,0,0,0,0,0,0,0,0,0,-97,0,1,0,2217368333,0,14,0,0,0,104,0,"[0, 0, -31, -85, -22, -41, -18, 3, -15, 45, -17, 83, -25, 117, -37, 127, -51, 127, -65, 127, -76, 127, -84, 127, -91, 127, -92, 127, -90, 127, -82, 127, -68, 103, -52, 81, -30, 64, -6, 50, 18, 40, 40, 36, 61, 37, 77, 44, 88, 55, 94, 64, 57, -30, 67, -37, 78, -47, 92, -53, 106, -56, 115, -55, 118, -54, 119, -53, 113, -51, 101, -49, 87, -49, 68, -52, 43, -58, 17, -69, -7, -85, -30, -104, -52, -125, -74, -128, -93, -128, -106, -128, -111, -128, -113, -128, -110, -128, -102, -128, -90, -128, -81, -128]",esp32_1
CSI_DATA,98645,2025-07-23 16:40:30.442,0,walk,00:00:00:00:00:00,-73,11,0,0,0,0,0,0,0,0,0,-97,0,1,0,838246168,0,14,0,0,0,104,0,"[0, 0, -128, 121, -128, 89, -128, 54, -101, 20, -51, -18, 2, -57, 56, -99, 106, -128, 127, -128, 127, -128, 127, -128, 127, -128, 127, -128, 127, -128, 127, -128, 127, -128, 127, -128, 127, -128, 127, -112, 96, -90, 52, -66, 8, -44, -32, -30, -72, -24, -103, -22, -45, 10, -42, 2, -41, -8, -35, -24, -25, -40, -16, -54, -14, -69, -17, -86, -12, -98, -10, -109, -16, -116, -15, -117, -15, -116, -25, -111, -43, -101, -64, -85, -83, -64, -103, -40, -126, -14, -128, 14, -128, 40, -128, 73, -128, 110, -128, 127, -128, 127, -128, 127]",esp32_2
CSI_DATA,199515,2025-07-23 16:40:30.451,0,walk,00:00:00:00:00:00,-63,11,0,0,0,0,0,0,0,0,0,-97,0,1,0,2217404679,0,14,0,0,0,104,0,"[0, 0, 58, 127, 39, 88, 32, 33, 30, -20, 32, -68, 42, -114, 59, -128, 82, -128, 101, -128, 120, -128, 127, -128, 127, -128, 127, -128, 127, -128, 127, -128, 127, -123, 118, -100, 92, -83, 64, -72, 32, -67, 2, -69, -22, -75, -40, -87, -50, -107, -53, -123, -41, 80, -44, 93, -49, 108, -58, 124, -68, 127, -76, 127, -83, 127, -86, 127, -81, 127, -69, 127, -55, 127, -40, 127, -21, 127, 4, 127, 32, 127, 60, 127, 89, 127, 119, 127, 127, 127, 127, 127, 127, 127, 127, 127, 127, 127, 127, 127, 127, 127, 127, 127]",esp32_1
CSI_DATA,98646,2025-07-23 16:40:30.464,0,walk,00:00:00:00:00:00,-74,11,0,0,0,0,0,0,0,0,0,-97,0,1,0,838297331,0,14,0,0,0,104,0,"[0, 0, 127, -128, 127, -128, 127, -91, 127, -48, 89, 1, 53, 52, 12, 105, -28, 127, -57, 127, -85, 127, -117, 127, -128, 127, -128, 127, -128, 127, -128, 127, -128, 127, -128, 127, -122, 127, -93, 127, -61, 127, -32, 89, -5, 51, 24, 21, 63, -7, 92, -29, 48, 4, 46, 13, 42, 25, 34, 33, 25, 44, 22, 61, 13, 73, 6, 84, 2, 95, -3, 102, -2, 104, -2, 101, 0, 102, 13, 104, 30, 93, 50, 79, 76, 63, 104, 34, 127, 1, 127, -26, 127, -60, 127, -101, 127, -128, 127, -128, 127, -128, 127, -128]",esp32_2
CSI_DATA,199516,2025-07-23 16:40:30.476,0,walk,00:00:00:00:00:00,-63,11,0,0,0,0,0,0,0,0,0,-97,0,1,0,2217429545,0,14,0,0,0,104,0,"[0, 0, -124, -16, -86, -11, -49, -1, -13, 17, 20, 38, 48, 61, 68, 85, 80, 109, 86, 127, 86, 127, 81, 127, 71, 127, 55, 127, 39, 127, 26, 127, 16, 127, 8, 126, 5, 105, 10, 84, 18, 65, 30, 50, 44, 40, 57, 36, 70, 37, 78, 41, -48, -43, -55, -49, -64, -56, -73, -63, -80, -69, -84, -74, -87, -77, -91, -81, -96, -81, -102, -78, -105, -74, -107, -68, -113, -60, -123, -50, -128, -38, -128, -25, -128, -12, -128, 1, -128, 13, -128, 21, -128, 26, -128, 27, -128, 26, -128, 23, -128, 15, -128, 4]",esp32_1
CSI_DATA,98647,2025-07-23 16:40:30.487,0,walk,00:00:00:00:00:00,-74,11,0,0,0,0,0,0,0,0,0,-97,0,1,0,838335304,0,14,0,0,0,104,0,"[0, 0, 70, 127, 55, 127, 36, 127, 10, 127, -17, 96, -45, 37, -72, -28, -89, -94, -104, -128, -123, -128, -128, -128, -128, -128, -128, -128, -128, -128, -124, -128, -106, -128, -86, -128, -72, -128, -60, -128, -48, -128, -37, -93, -35, -42, -37, 6, -41, 48, -47, 74, 0, 59, -10, 54, -24, 46, -36, 35, -44, 21, -51, 13, -62, 4, -75, -5, -89, -11, -103, -18, -111, -25, -109, -19, -103, -7, -103, 3, -103, 18, -95, 38, -83, 67, -70, 105, -51, 127, -28, 127, -13, 127, 5, 127, 27, 127, 48, 127, 74, 127, 92, 127]",esp32_2
CSI_DATA,199517,2025-07-23 16:40:30.498,0,walk,00:00:00:00:00:00,-62,11,0,0,0,0,0,0,0,0,0,-97,0,1,0,2217456724,0,14,0,0,0,104,0,"[0, 0, 26, 127, 20, 105, 22, 69, 26, 34, 36, 0, 52, -32, 74, -59, 101, -80, 124, -91, 127, -95, 127, -93, 127, -86, 127, -74, 127, -60, 127, -44, 127, -29, 127, -19, 127, -15, 111, -17, 92, -22, 76, -30, 66, -39, 62, -50, 63, -61, 66, -67, -14, 70, -15, 77, -15, 84, -17, 92, -19, 100, -20, 107, -19, 111, -18, 117, -16, 123, -11, 127, -3, 127, 6, 127, 13, 127, 21, 127, 32, 127, 43, 127, 52, 127, 62, 127, 71, 127, 77, 127, 82, 127, 86, 127, 86, 127, 83, 127, 76, 127, 69, 127]",esp32_1
CSI_DATA,98648,2025-07-23 16:40:30.511,0,walk,00:00:00:00:00:00,-75,11,0,0,0,0,0,0,0,0,0,-97,0,1,0,838381141,0,14,0,0,0,104,0,"[0, 0, -128, 127, -128, 127, -128, 124, -103, 83, -75, 32, -49, -23, -20, -72, 12, -124, 45, -128, 74, -128, 106, -128, 127, -128, 127, -128, 127, -128, 127, -128, 127, -128, 127, -128, 127, -128, 124, -128, 92, -111, 55, -77, 17, -49, -21, -31, -56, -18, -83, -8, -43, 35, -40, 37, -41, 28, -43, 14, -42, 4, -45, -5, -50, -18, -58, -38, -66, -56, -73, -65, -78, -67, -78, -76, -82, -81, -94, -76, -105, -68, -114, -59, -124, -41, -128, -13, -128, 12, -128, 40, -128, 74, -128, 104, -128, 127, -128, 127, -128, 127, -128, 127]",esp32_2
CSI_DATA,199518,2025-07-23 16:40:30.519,0,walk,00:00:00:00:00:00,-61,11,0,0,0,0,0,0,0,0,0,-97,0,1,0,2217491636,0,14,0,0,0,104,0,"[0, 0, -109, -80, -91, -59, -76, -36, -63, -9, -54, 19, -51, 45, -54, 69, -62, 89, -71, 105, -81, 116, -92, 125, -102, 127, -109, 125, -113, 115, -111, 102, -104, 91, -95, 81, -83, 74, -71, 71, -58, 70, -47, 73, -41, 80, -40, 86, -43, 91, -47, 93, -45, -63, -46, -71, -48, -79, -50, -86, -48, -91, -44, -93, -42, -91, -43, -86, -50, -79, -62, -72, -76, -67, -92, -62, -112, -59, -128, -61, -128, -67, -128, -74, -128, -84, -128, -95, -128, -103, -128, -111, -128, -120, -128, -127, -128, -128, -128, -128, -128, -128, -128, -128]",esp32_1
CSI_DATA,98649,2025-07-23 16:40:30.535,0,walk,00:00:00:00:00:00,-75,11,0,0,0,0,0,0,0,0,0,-97,0,1,0,838418052,0,14,0,0,0,104,0,"[0, 0, -128, 127, -128, 127, -128, 89, -128, 50, -113, 7, -73, -32, -43, -87, -12, -128, 19, -128, 41, -128, 60, -128, 73, -128, 90, -128, 111, -128, 114, -128, 113, -128, 113, -128, 96, -128, 76, -128, 59, -128, 34, -106, 4, -60, -28, -9, -62, 30, -84, 58, -62, -29, -61, -26, -56, -26, -53, -38, -51, -49, -48, -52, -49, -60, -45, -71, -40, -72, -46, -76, -53, -92, -48, -109, -47, -118, -61, -115, -80, -111, -91, -110, -102, -100, -120, -78, -128, -53, -128, -29, -128, -1, -128, 36, -128, 80, -128, 117, -128, 127, -128, 127]",esp32_2
CSI_DATA,199519,2025-07-23 16:40:30.543,0,walk,00:00:00:00:00:00,-63,11,0,0,0,0,0,0,0,0,0,-97,0,1,0,2217529203,0,14,0,0,0,104,0,"[0, 0, 108, 27, 79, 8, 55, -12, 33, -39, 15, -66, 3, -90, -3, -112, -3, -128, -1, -128, 3, -128, 9, -128, 16, -128, 25, -128, 31, -128, 33, -128, 31, -119, 26, -104, 18, -91, 5, -80, -11, -72, -26, -70, -37, -70, -45, -73, -49, -83, -49, -92, 53, 48, 59, 57, 66, 67, 69, 77, 69, 86, 65, 92, 61, 94, 59, 93, 60, 87, 63, 75, 67, 62, 76, 46, 91, 31, 110, 18, 127, 7, 127, 0, 127, -3, 127, -5, 127, -2, 127, 5, 127, 14, 127, 26, 127, 36, 127, 41, 127, 48, 127, 55]",esp32_1
CSI_DATA,199520,2025-07-23 16:40:30.566,0,walk,00:00:00:00:00:00,-62,11,0,0,0,0,0,0,0,0,0,-97,0,1,0,2217564684,0,14,0,0,0,104,0,"[0, 0, -21, -125, -32, -91, -47, -67, -61, -44, -77, -21, -98, -6, -119, 4, -128, 9, -128, 6, -128, 1, -128, -2, -128, -7, -128, -12, -128, -13, -128, -15, -128, -16, -123, -12, -109, -6, -103, 2, -95, 11, -92, 20, -95, 28, -99, 33, -104, 34, -109, 31, 8, -85, 14, -91, 19, -99, 23, -105, 29, -113, 35, -113, 40, -111, 42, -109, 36, -108, 28, -109, 16, -110, 0, -110, -16, -112, -30, -118, -47, -128, -68, -128, -81, -128, -88, -128, -90, -128, -85, -128, -80, -128, -75, -128, -62, -128, -45, -128, -29, -128, -20, -128]",esp32_1
CSI_DATA,199521,2025-07-23 16:40:30.591,0,walk,00:00:00:00:00:00,-63,11,0,0,0,0,0,0,0,0,0,-97,0,1,0,2217601113,0,14,0,0,0,104,0,"[0, 0, -99, 37, -60, 45, -22, 59, 10, 78, 37, 99, 57, 120, 71, 127, 76, 127, 73, 127, 67, 127, 60, 127, 52, 127, 44, 127, 37, 127, 32, 124, 31, 101, 35, 80, 43, 62, 56, 45, 71, 33, 86, 27, 99, 25, 109, 28, 115, 37, 116, 44, -83, -48, -90, -58, -96, -71, -98, -82, -98, -90, -94, -93, -88, -92, -80, -88, -76, -77, -76, -62, -77, -43, -82, -20, -94, 3, -110, 25, -128, 47, -128, 68, -128, 84, -128, 95, -128, 100, -128, 100, -128, 96, -128, 88, -128, 77, -128, 66, -128, 52, -128, 40]",esp32_1
CSI_DATA,199522,2025-07-23 16:40:30.607,0,walk,00:00:00:00:00:00,-63,11,0,0,0,0,0,0,0,0,0,-97,0,1,0,2217625360,0,14,0,0,0,104,0,"[0, 0, 76, -56, 39, -48, 4, -46, -30, -51, -63, -59, -89, -70, -110, -82, -127, -95, -128, -110, -128, -123, -128, -128, -121, -128, -104, -128, -89, -124, -73, -110, -58, -93, -47, -72, -42, -49, -45, -29, -51, -9, -62, 8, -76, 20, -87, 26, -97, 25, -104, 18, 76, 11, 83, 17, 92, 25, 99, 31, 104, 37, 102, 43, 99, 49, 96, 49, 93, 41, 91, 29, 87, 12, 85, -6, 88, -24, 91, -43, 94, -63, 99, -85, 110, -106, 127, -124, 127, -128, 127, -128, 127, -128, 127, -128, 127, -128, 127, -128, 127, -119, 127, -100]",esp32_1
CSI_DATA,199523,2025-07-23 16:40:30.628,0,walk,00:00:00:00:00:00,-63,11,0,0,0,0,0,0,0,0,0,-97,0,1,0,2217656491,0,14,0,0,0,104,0,"[0, 0, -29, 119, -8, 80, 21, 45, 51, 19, 80, -1, 108, -16, 127, -27, 127, -31, 127, -29, 127, -23, 127, -15, 127, -4, 127, 7, 127, 14, 127, 17, 113, 15, 88, 6, 65, -8, 48, -25, 34, -43, 27, -60, 24, -75, 27, -91, 36, -105, 45, -111, -87, 34, -99, 37, -110, 37, -120, 35, -128, 33, -128, 28, -128, 22, -127, 20, -117, 22, -104, 26, -86, 38, -66, 53, -50, 69, -37, 91, -24, 119, -12, 127, -7, 127, -6, 127, -7, 127, -10, 127, -17, 127, -26, 127, -37, 127, -46, 127, -51, 127, -54, 127]",esp32_1
CSI_DATA,98652,2025-07-23 16:40:30.639,0,walk,00:00:00:00:00:00,-74,11,0,0,0,0,0,0,0,0,0,-97,0,1,0,838504999,0,14,0,0,0,104,0,"[0, 0, 127, 94, 124, 95, 106, 91, 85, 82, 61, 69, 30, 59, -8, 55, -46, 50, -81, 46, -116, 44, -128, 41, -128, 36, -128, 31, -128, 29, -128, 27, -128, 23, -128, 17, -128, 11, -128, 9, -128, 10, -100, 11, -70, 9, -42, 6, -11, 10, 12, 15, 14, 43, 11, 45, 8, 44, 7, 42, 4, 38, -1, 34, -9, 31, -19, 31, -28, 30, -38, 27, -51, 27, -65, 30, -73, 36, -76, 44, -75, 51, -71, 57, -68, 64, -59, 75, -44, 88, -26, 98, -4, 104, 19, 109, 48, 111, 75, 107, 97, 111, 113, 122]",esp32_2
CSI_DATA,199524,2025-07-23 16:40:30.655,0,walk,00:00:00:00:00:00,-63,11,0,0,0,0,0,0,0,0,0,-97,0,1,0,2217679788,0,14,0,0,0,104,0,"[0, 0, 108, -57, 71, -59, 35, -68, 2, -85, -24, -102, -45, -120, -61, -128, -70, -128, -68, -128, -62, -128, -54, -128, -43, -128, -31, -128, -21, -128, -16, -128, -15, -114, -17, -90, -25, -68, -37, -51, -52, -39, -69, -33, -86, -31, -97, -35, -105, -44, -109, -52, 92, 18, 99, 23, 108, 33, 116, 44, 121, 52, 120, 58, 116, 62, 110, 63, 104, 57, 99, 45, 92, 28, 88, 8, 94, -13, 104, -35, 112, -59, 123, -82, 127, -104, 127, -122, 127, -128, 127, -128, 127, -128, 127, -128, 127, -121, 127, -109, 127, -95, 127, -83]",esp32_1
CSI_DATA,98653,2025-07-23 16:40:30.658,0,walk,00:00:00:00:00:00,-76,11,0,0,0,0,0,0,0,0,0,-97,0,1,0,838543229,0,14,0,0,0,104,0,"[0, 0, 116, -128, 102, -128, 92, -128, 84, -128, 75, -94, 65, -42, 56, 18, 48, 81, 39, 127, 27, 127, 16, 127, 10, 127, 5, 127, -5, 127, -18, 127, -28, 127, -37, 127, -43, 127, -44, 127, -39, 127, -28, 127, -11, 96, 7, 46, 23, 4, 33, -20, 43, -56, 38, -52, 39, -42, 42, -32, 35, -21, 28, -10, 34, -1, 46, 10, 53, 25, 56, 40, 64, 49, 69, 54, 73, 55, 88, 49, 105, 42, 118, 36, 127, 24, 127, 4, 127, -22, 127, -51, 127, -83, 127, -114, 127, -128, 127, -128, 127, -128, 127, -128]",esp32_2
CSI_DATA,199525,2025-07-23 16:40:30.681,0,walk,00:00:00:00:00:00,-63,11,0,0,0,0,0,0,0,0,0,-97,0,1,0,2217714333,0,14,0,0,0,104,0,"[0, 0, 103, -48, 69, -45, 31, -47, -4, -59, -32, -75, -56, -90, -73, -107, -85, -122, -90, -128, -91, -128, -88, -128, -80, -128, -63, -128, -44, -128, -33, -128, -27, -120, -23, -99, -24, -80, -29, -59, -38, -44, -51, -35, -62, -27, -75, -24, -88, -30, -95, -37, 79, 4, 91, 6, 102, 14, 113, 22, 122, 30, 125, 40, 123, 45, 120, 47, 115, 46, 107, 34, 100, 21, 97, 7, 100, -9, 110, -30, 116, -49, 121, -67, 127, -86, 127, -103, 127, -114, 127, -121, 127, -122, 127, -119, 127, -117, 127, -113, 127, -102, 127, -90]",esp32_1
CSI_DATA,98654,2025-07-23 16:40:30.682,0,walk,00:00:00:00:00:00,-75,11,0,0,0,0,0,0,0,0,0,-97,0,1,0,838584047,0,14,0,0,0,104,0,"[0, 0, -128, -23, -128, -26, -128, -35, -124, -43, -78, -48, -29, -58, 22, -69, 75, -80, 124, -97, 127, -108, 127, -113, 127, -120, 127, -123, 127, -119, 127, -112, 127, -97, 127, -81, 127, -67, 127, -56, 127, -47, 123, -40, 77, -37, 31, -35, -11, -36, -43, -40, -45, -27, -38, -22, -36, -22, -32, -27, -31, -26, -30, -24, -21, -32, -12, -42, -9, -48, -7, -55, -2, -67, 0, -81, -1, -93, -8, -104, -20, -115, -35, -124, -50, -128, -71, -128, -92, -128, -112, -128, -128, -123, -128, -112, -128, -101, -128, -82, -128, -66, -128, -65]",esp32_2
CSI_DATA,199526,2025-07-23 16:40:30.704,0,walk,00:00:00:00:00:00,-63,11,0,0,0,0,0,0,0,0,0,-97,0,1,0,2217751232,0,14,0,0,0,104,0,"[0, 0, 94, -77, 57, -64, 21, -55, -11, -52, -46, -53, -80, -60, -108, -74, -128, -89, -128, -103, -128, -117, -128, -128, -128, -128, -123, -128, -105, -128, -86, -127, -68, -110, -57, -86, -51, -62, -50, -39, -53, -19, -63, -5, -78, 7, -91, 15, -104, 14, -113, 9, 80, -15, 90, -13, 102, -9, 112, -4, 122, 0, 127, 4, 127, 8, 127, 10, 124, 6, 118, -4, 109, -20, 101, -37, 97, -54, 100, -74, 104, -97, 107, -123, 116, -128, 127, -128, 127, -128, 127, -128, 127, -128, 127, -128, 127, -128, 127, -128, 127, -128, 127, -128]",esp32_1
CSI_DATA,98655,2025-07-23 16:40:30.704,0,walk,00:00:00:00:00:00,-76,11,0,0,0,0,0,0,0,0,0,-97,0,1,0,838618710,0,14,0,0,0,104,0,"[0, 0, -128, -28, -128, -30, -128, -32, -128, -35, -91, -43, -33, -54, 30, -70, 100, -86, 127, -99, 127, -105, 127, -102, 127, -102, 127, -99, 127, -85, 127, -72, 127, -61, 127, -46, 127, -36, 127, -32, 127, -31, 124, -27, 74, -28, 24, -40, -21, -49, -49, -54, -49, -24, -47, -24, -42, -24, -33, -27, -28, -30, -23, -31, -19, -33, -16, -36, -9, -44, -5, -57, -4, -62, -3, -68, -4, -90, -17, -112, -39, -120, -58, -124, -80, -128, -104, -128, -128, -128, -128, -125, -128, -115, -128, -103, -128, -89, -128, -71, -128, -55, -128, -44]",esp32_2
CSI_DATA,199527,2025-07-23 16:40:30.724,0,walk,00:00:00:00:00:00,-62,11,0,0,0,0,0,0,0,0,0,-97,0,1,0,2217798369,0,14,0,0,0,104,0,"[0, 0, -82, -113, -70, -80, -65, -47, -64, -13, -66, 19, -73, 47, -86, 69, -103, 84, -118, 93, -128, 99, -128, 100, -128, 95, -128, 85, -128, 72, -128, 59, -113, 49, -97, 43, -80, 42, -61, 45, -45, 53, -32, 63, -27, 75, -28, 85, -34, 95, -41, 101, -17, -79, -17, -90, -18, -102, -17, -114, -13, -123, -6, -126, 0, -125, 2, -123, -2, -118, -12, -111, -26, -107, -42, -101, -62, -96, -83, -97, -105, -102, -126, -112, -128, -124, -128, -128, -128, -128, -128, -128, -128, -128, -128, -128, -128, -128, -128, -128, -128, -128, -128, -128]",esp32_1
CSI_DATA,98656,2025-07-23 16:40:30.728,0,walk,00:00:00:00:00:00,-76,11,0,0,0,0,0,0,0,0,0,-97,0,1,0,838643718,0,14,0,0,0,104,0,"[0, 0, 127, -67, 127, -54, 127, -36, 106, -16, 62, 8, 11, 34, -40, 61, -92, 96, -128, 125, -128, 127, -128, 127, -128, 127, -128, 127, -128, 127, -128, 127, -128, 127, -128, 122, -128, 101, -128, 82, -128, 64, -100, 51, -51, 47, -3, 45, 39, 45, 66, 46, 50, 7, 42, 9, 34, 12, 26, 10, 13, 6, 6, 12, 6, 19, 9, 19, 12, 24, 17, 37, 26, 43, 32, 46, 37, 53, 53, 58, 81, 58, 107, 54, 127, 49, 127, 47, 127, 44, 127, 36, 127, 17, 127, -5, 127, -22, 127, -42, 127, -56, 127, -55]",esp32_2
CSI_DATA,199528,2025-07-23 16:40:30.741,0,walk,00:00:00:00:00:00,-62,11,0,0,0,0,0,0,0,0,0,-97,0,1,0,2217835682,0,14,0,0,0,104,0,"[0, 0, -119, 52, -84, 49, -48, 51, -16, 62, 12, 76, 36, 90, 53, 106, 64, 121, 68, 127, 67, 127, 62, 127, 53, 127, 43, 127, 32, 127, 24, 127, 18, 112, 15, 92, 18, 71, 27, 53, 38, 38, 51, 28, 66, 24, 79, 24, 89, 29, 95, 36, -74, -11, -86, -16, -99, -24, -108, -32, -115, -39, -118, -46, -117, -52, -113, -56, -107, -54, -102, -47, -97, -34, -94, -16, -96, 3, -100, 25, -106, 48, -116, 69, -128, 91, -128, 108, -128, 118, -128, 123, -128, 124, -128, 121, -128, 116, -128, 107, -128, 92, -128, 79]",esp32_1
CSI_DATA,98657,2025-07-23 16:40:30.752,0,walk,00:00:00:00:00:00,-75,11,0,0,0,0,0,0,0,0,0,-97,0,1,0,838669194,0,14,0,0,0,104,0,"[0, 0, 7, 127, 0, 127, -2, 127, -14, 95, -24, 41, -30, -25, -32, -85, -35, -128, -45, -128, -48, -128, -39, -128, -27, -128, -19, -128, -9, -128, 3, -128, 12, -128, 22, -128, 24, -128, 19, -128, 12, -128, -2, -108, -21, -72, -45, -38, -71, -9, -91, 14, 12, 32, 8, 29, 4, 21, -2, 10, -4, 6, -8, 3, -15, 3, -25, 9, -35, 13, -38, 19, -40, 24, -44, 35, -44, 56, -48, 80, -58, 99, -62, 110, -62, 127, -59, 127, -51, 127, -47, 127, -43, 127, -32, 127, -19, 127, -9, 127, -1, 127, 13, 127]",esp32_2
CSI_DATA,199529,2025-07-23 16:40:30.771,0,walk,00:00:00:00:00:00,-61,11,0,0,0,0,0,0,0,0,0,-97,0,1,0,2217872854,0,14,0,0,0,104,0,"[0, 0, -128, -19, -100, -4, -72, 16, -46, 44, -25, 72, -13, 97, -7, 119, -7, 127, -11, 127, -18, 127, -27, 127, -36, 127, -42, 127, -48, 127, -50, 127, -46, 113, -38, 93, -26, 77, -10, 65, 8, 58, 25, 55, 40, 56, 51, 61, 57, 70, 59, 78, -56, -50, -64, -58, -74, -70, -81, -82, -84, -94, -81, -104, -77, -110, -72, -113, -69, -109, -69, -101, -69, -90, -72, -74, -81, -55, -96, -38, -112, -22, -128, -7, -128, 4, -128, 12, -128, 17, -128, 17, -128, 11, -128, 2, -128, -7, -128, -16, -128, -26, -128, -34]",esp32_1
CSI_DATA,98658,2025-07-23 16:40:30.772,0,walk,00:00:00:00:00:00,-75,11,0,0,0,0,0,0,0,0,0,-97,0,1,0,838703817,0,14,0,0,0,104,0,"[0, 0, -52, 127, -42, 127, -24, 101, -4, 49, 18, -7, 43, -63, 72, -117, 107, -128, 127, -128, 127, -128, 127, -128, 127, -128, 127, -128, 127, -128, 127, -128, 127, -128, 127, -128, 127, -125, 127, -102, 94, -78, 50, -61, 7, -52, -34, -48, -72, -51, -97, -60, -13, 20, -18, 13, -19, 3, -19, -5, -22, -8, -26, -9, -31, -9, -38, -10, -43, -7, -44, -3, -48, 7, -51, 20, -45, 34, -44, 57, -49, 82, -58, 104, -70, 127, -69, 127, -59, 127, -62, 127, -66, 127, -66, 127, -67, 127, -64, 127, -55, 127, -43, 127]",esp32_2
CSI_DATA,199530,2025-07-23 16:40:30.794,0,walk,00:00:00:00:00:00,-61,11,0,0,0,0,0,0,0,0,0,-97,0,1,0,2217899232,0,14,0,0,0,104,0,"[0, 0, -87, -98, -72, -64, -64, -29, -60, 8, -62, 42, -71, 72, -84, 96, -100, 112, -116, 120, -128, 122, -128, 121, -128, 116, -128, 105, -128, 88, -128, 71, -117, 58, -97, 48, -76, 43, -56, 43, -36, 47, -19, 57, -8, 68, -5, 80, -7, 92, -11, 99, -12, -75, -12, -85, -13, -99, -12, -113, -7, -125, 0, -128, 7, -128, 13, -128, 15, -128, 12, -127, 5, -121, -5, -108, -20, -96, -41, -91, -65, -89, -89, -91, -114, -97, -128, -104, -128, -112, -128, -124, -128, -128, -128, -128, -128, -128, -128, -128, -128, -128, -128, -128]",esp32_1
CSI_DATA,98659,2025-07-23 16:40:30.798,0,walk,00:00:00:00:00:00,-75,11,0,0,0,0,0,0,0,0,0,-97,0,1,0,838728511,0,14,0,0,0,104,0,"[0, 0, 82, -128, 63, -122, 34, -74, 3, -26, -34, 17, -73, 58, -109, 103, -128, 127, -128, 127, -128, 127, -128, 127, -128, 127, -128, 127, -128, 127, -128, 127, -128, 127, -128, 110, -128, 87, -128, 68, -87, 44, -44, 28, -3, 26, 42, 26, 83, 25, 106, 28, 32, -3, 28, 9, 27, 20, 23, 28, 20, 38, 20, 42, 20, 43, 20, 50, 25, 55, 29, 47, 35, 31, 39, 21, 45, 13, 57, -3, 74, -25, 87, -53, 93, -78, 103, -101, 116, -124, 127, -128, 127, -128, 127, -128, 127, -128, 127, -128, 127, -128, 127, -128]",esp32_2
CSI_DATA,199531,2025-07-23 16:40:30.815,0,walk,00:00:00:00:00:00,-62,11,0,0,0,0,0,0,0,0,0,-97,0,1,0,2217933406,0,14,0,0,0,104,0,"[0, 0, -127, -44, -97, -23, -70, 4, -45, 40, -26, 77, -15, 109, -10, 127, -13, 127, -21, 127, -30, 127, -40, 127, -49, 127, -60, 127, -71, 127, -73, 127, -64, 127, -54, 105, -41, 85, -22, 70, 0, 59, 21, 54, 39, 55, 53, 61, 62, 72, 67, 82, -30, -67, -37, -79, -44, -95, -47, -111, -47, -126, -45, -128, -40, -128, -32, -128, -28, -128, -29, -128, -32, -121, -38, -105, -49, -88, -67, -72, -87, -56, -107, -43, -128, -33, -128, -27, -128, -25, -128, -27, -128, -33, -128, -43, -128, -53, -128, -61, -128, -68, -128, -74]",esp32_1
CSI_DATA,98660,2025-07-23 16:40:30.815,0,walk,00:00:00:00:00:00,-75,11,0,0,0,0,0,0,0,0,0,-97,0,1,0,838753499,0,14,0,0,0,104,0,"[0, 0, -128, 26, -128, 14, -91, 4, -38, -10, 22, -34, 92, -59, 127, -86, 127, -113, 127, -126, 127, -128, 127, -128, 127, -128, 127, -128, 127, -128, 127, -128, 127, -128, 127, -107, 127, -78, 127, -56, 127, -47, 88, -26, 38, 2, -12, 21, -64, 33, -102, 39, 15, -43, 27, -36, 37, -27, 49, -20, 60, -11, 66, 1, 72, 4, 80, 1, 91, -2, 98, -5, 94, -14, 89, -24, 82, -29, 64, -37, 36, -43, 6, -49, -24, -58, -55, -61, -87, -57, -124, -51, -128, -43, -128, -32, -128, -23, -128, -10, -128, 8, -128, 14]",esp32_2
CSI_DATA,199532,2025-07-23 16:40:30.837,0,walk,00:00:00:00:00:00,-63,11,0,0,0,0,0,0,0,0,0,-97,0,1,0,2217970197,0,14,0,0,0,104,0,"[0, 0, 47, -116, 26, -85, -3, -63, -32, -40, -62, -15, -94, 1, -123, 8, -128, 4, -128, -12, -128, -29, -128, -38, -128, -43, -128, -44, -128, -45, -128, -46, -128, -44, -112, -36, -93, -22, -79, -5, -64, 10, -55, 25, -56, 39, -61, 50, -67, 60, -72, 66, 75, -10, 82, -14, 93, -17, 106, -18, 118, -18, 127, -19, 127, -19, 127, -19, 127, -15, 127, -9, 124, -7, 108, -12, 91, -24, 77, -42, 64, -67, 56, -96, 51, -124, 47, -128, 41, -128, 37, -128, 38, -128, 48, -128, 72, -128, 93, -128, 99, -128, 95, -128]",esp32_1
CSI_DATA,98661,2025-07-23 16:40:30.837,0,walk,00:00:00:00:00:00,-74,11,0,0,0,0,0,0,0,0,0,-97,0,1,0,838789621,0,14,0,0,0,104,0,"[0, 0, -118, 127, -99, 127, -77, 94, -55, 40, -33, -10, -14, -66, 1, -128, 17, -128, 31, -128, 39, -128, 46, -128, 49, -128, 52, -128, 60, -128, 64, -128, 63, -128, 65, -128, 63, -128, 51, -128, 37, -128, 23, -96, 9, -46, -3, -2, -12, 37, -19, 70, -20, -1, -10, -7, 2, -19, 17, -29, 30, -39, 39, -49, 44, -62, 51, -80, 60, -96, 61, -101, 59, -100, 65, -97, 61, -94, 39, -91, 17, -80, 0, -61, -25, -36, -55, -6, -76, 26, -93, 58, -113, 93, -128, 127, -128, 127, -128, 127, -128, 127, -128, 127]",esp32_2
CSI_DATA,199533,2025-07-23 16:40:30.860,0,walk,00:00:00:00:00:00,-62,11,0,0,0,0,0,0,0,0,0,-97,0,1,0,2218029736,0,14,0,0,0,104,0,"[0, 0, 55, -116, 29, -90, -3, -71, -34, -57, -66, -47, -97, -45, -125, -49, -128, -58, -128, -69, -128, -80, -128, -91, -128, -99, -128, -104, -128, -103, -112, -95, -94, -82, -79, -66, -70, -46, -65, -28, -64, -10, -68, 5, -75, 17, -85, 24, -95, 27, -104, 26, 68, -37, 76, -41, 85, -46, 98, -49, 111, -48, 121, -46, 126, -42, 127, -38, 127, -33, 125, -31, 114, -35, 99, -39, 83, -44, 68, -56, 54, -77, 43, -104, 36, -128, 33, -128, 34, -128, 40, -128, 50, -128, 61, -128, 73, -128, 82, -128, 89, -128, 93, -128]",esp32_1
CSI_DATA,98662,2025-07-23 16:40:30.865,0,walk,00:00:00:00:00:00,-73,11,0,0,0,0,0,0,0,0,0,-97,0,1,0,838826423,0,14,0,0,0,104,0,"[0, 0, -21, 127, -25, 127, -28, 93, -32, 40, -38, -10, -52, -63, -72, -118, -93, -128, -110, -128, -123, -128, -128, -128, -128, -128, -128, -128, -128, -128, -128, -128, -128, -128, -127, -128, -105, -128, -86, -128, -67, -128, -42, -100, -17, -61, 7, -19, 27, 20, 35, 43, -38, -17, -30, -28, -19, -40, -8, -51, 2, -65, 13, -76, 26, -91, 36, -109, 39, -119, 38, -124, 39, -124, 39, -118, 31, -110, 18, -98, 7, -79, -6, -53, -19, -26, -27, 5, -32, 44, -42, 84, -53, 122, -53, 127, -46, 127, -40, 127, -33, 127, -23, 127]",esp32_2
CSI_DATA,199534,2025-07-23 16:40:30.880,0,walk,00:00:00:00:00:00,-62,11,0,0,0,0,0,0,0,0,0,-97,0,1,0,2218066429,0,14,0,0,0,104,0,"[0, 0, 127, -39, 88, -46, 51, -56, 21, -76, -4, -102, -25, -128, -35, -128, -36, -128, -33, -128, -26, -128, -16, -128, -5, -128, 12, -128, 28, -128, 33, -128, 29, -127, 22, -104, 9, -84, -8, -69, -27, -60, -48, -55, -65, -54, -75, -58, -83, -69, -87, -81, 78, 28, 88, 34, 98, 44, 110, 56, 117, 66, 118, 75, 116, 82, 114, 88, 108, 89, 98, 81, 90, 70, 87, 54, 89, 33, 98, 11, 106, -12, 116, -34, 127, -56, 127, -75, 127, -89, 127, -99, 127, -104, 127, -101, 127, -91, 127, -81, 127, -70, 127, -60]",esp32_1
CSI_DATA,98663,2025-07-23 16:40:30.887,0,walk,00:00:00:00:00:00,-72,11,0,0,0,0,0,0,0,0,0,-97,0,1,0,838875042,0,14,0,0,0,104,0,"[0, 0, -75, 127, -63, 127, -58, 125, -58, 81, -60, 21, -68, -39, -82, -93, -101, -128, -124, -128, -128, -128, -128, -128, -128, -128, -128, -128, -128, -128, -128, -128, -128, -128, -128, -128, -128, -128, -128, -128, -102, -128, -63, -100, -28, -68, 2, -39, 32, -16, 56, -4, -1, -49, 12, -41, 28, -32, 43, -26, 59, -21, 77, -20, 95, -23, 113, -27, 126, -29, 127, -30, 127, -32, 127, -33, 127, -34, 122, -36, 102, -37, 73, -32, 46, -21, 21, -1, -8, 28, -37, 58, -62, 87, -85, 121, -105, 127, -114, 127, -110, 127, -104, 127]",esp32_2
CSI_DATA,199535,2025-07-23 16:40:30.908,0,walk,00:00:00:00:00:00,-61,11,0,0,0,0,0,0,0,0,0,-97,0,1,0,2218103436,0,14,0,0,0,104,0,"[0, 0, 71, 88, 71, 55, 77, 25, 86, -7, 96, -37, 110, -59, 124, -73, 127, -80, 127, -78, 127, -73, 127, -67, 127, -58, 127, -50, 127, -44, 127, -37, 112, -31, 91, -31, 69, -35, 51, -42, 36, -52, 25, -64, 21, -77, 25, -88, 32, -95, 38, -99, -11, 83, -14, 93, -20, 105, -28, 115, -38, 122, -49, 124, -56, 122, -59, 116, -57, 107, -53, 100, -43, 91, -24, 82, 0, 78, 25, 79, 50, 82, 75, 90, 98, 105, 121, 123, 127, 127, 127, 127, 127, 127, 127, 127, 127, 127, 127, 127, 110, 127, 96, 127]",esp32_1
CSI_DATA,98664,2025-07-23 16:40:30.908,0,walk,00:00:00:00:00:00,-72,11,0,0,0,0,0,0,0,0,0,-97,0,1,0,838899249,0,14,0,0,0,104,0,"[0, 0, -75, -128, -62, -123, -47, -100, -25, -77, 4, -53, 32, -26, 62, -3, 96, 16, 127, 37, 127, 50, 127, 56, 127, 58, 127, 58, 127, 54, 127, 48, 127, 43, 127, 38, 127, 32, 127, 30, 109, 26, 77, 18, 46, 13, 17, 14, -7, 14, -23, 13, 29, 4, 22, 12, 14, 21, 6, 29, -1, 40, -8, 53, -17, 66, -26, 80, -30, 93, -31, 104, -31, 113, -33, 114, -34, 108, -30, 99, -22, 90, -14, 73, -7, 52, -1, 28, -1, -1, -5, -31, -11, -60, -22, -90, -31, -116, -41, -128, -57, -128, -69, -128]",esp32_2
CSI_DATA,199536,2025-07-23 16:40:30.930,0,walk,00:00:00:00:00:00,-62,11,0,0,0,0,0,0,0,0,0,-97,0,1,0,2218129413,0,14,0,0,0,104,0,"[0, 0, -86, -72, -78, -34, -78, 4, -81, 41, -89, 74, -101, 98, -117, 117, -128, 127, -128, 127, -128, 124, -128, 116, -128, 104, -128, 91, -128, 75, -128, 62, -104, 52, -81, 48, -59, 50, -40, 57, -23, 65, -10, 75, -3, 87, -3, 99, -10, 109, -16, 113, -8, -89, -6, -100, -5, -113, -1, -124, 8, -128, 18, -128, 26, -128, 31, -128, 32, -128, 27, -121, 18, -111, 3, -99, -17, -86, -42, -80, -68, -81, -94, -86, -123, -95, -128, -105, -128, -115, -128, -128, -128, -128, -128, -128, -128, -128, -128, -128, -128, -128, -128, -128]",esp32_1
CSI_DATA,98665,2025-07-23 16:40:30.930,0,walk,00:00:00:00:00:00,-71,11,0,0,0,0,0,0,0,0,0,-97,0,1,0,838937822,0,14,0,0,0,104,0,"[0, 0, -128, -108, -128, -96, -128, -94, -128, -91, -83, -91, -24, -102, 30, -118, 88, -128, 127, -128, 127, -128, 127, -128, 127, -128, 127, -128, 127, -128, 127, -128, 127, -128, 127, -128, 127, -128, 115, -128, 88, -128, 63, -115, 43, -67, 24, -23, 8, 15, 1, 47, 74, -14, 62, -7, 53, 8, 47, 26, 39, 45, 27, 68, 21, 93, 18, 119, 19, 127, 22, 127, 25, 127, 36, 127, 46, 127, 46, 127, 43, 127, 40, 104, 29, 75, 7, 42, -19, 2, -51, -35, -88, -67, -128, -97, -128, -122, -128, -128, -128, -128, -128, -128]",esp32_2
CSI_DATA,199537,2025-07-23 16:40:30.948,0,walk,00:00:00:00:00:00,-63,11,0,0,0,0,0,0,0,0,0,-97,0,1,0,2218163979,0,14,0,0,0,104,0,"[0, 0, 88, -42, 45, -43, 4, -46, -35, -60, -67, -79, -94, -97, -115, -117, -128, -128, -128, -128, -128, -128, -128, -128, -121, -128, -101, -128, -79, -128, -64, -128, -53, -108, -45, -82, -43, -59, -47, -37, -58, -18, -72, -2, -83, 10, -95, 16, -107, 15, -115, 10, 73, 35, 82, 45, 91, 59, 99, 73, 104, 85, 103, 94, 98, 101, 94, 105, 89, 102, 84, 88, 80, 70, 78, 50, 81, 26, 91, 2, 103, -23, 113, -49, 127, -74, 127, -95, 127, -106, 127, -111, 127, -115, 127, -117, 127, -116, 127, -110, 127, -96, 127, -82]",esp32_1
CSI_DATA,98666,2025-07-23 16:40:30.955,0,walk,00:00:00:00:00:00,-72,11,0,0,0,0,0,0,0,0,0,-97,0,1,0,838961994,0,14,0,0,0,104,0,"[0, 0, 127, 51, 127, 46, 123, 41, 86, 37, 49, 38, 10, 43, -27, 52, -64, 66, -97, 81, -122, 96, -128, 110, -128, 123, -128, 127, -128, 127, -128, 127, -128, 127, -128, 121, -128, 106, -108, 92, -81, 73, -55, 52, -32, 32, -9, 11, 12, -9, 24, -22, -22, 39, -23, 28, -24, 16, -27, 6, -31, -5, -36, -18, -40, -32, -47, -47, -56, -60, -62, -70, -66, -77, -70, -77, -72, -72, -69, -66, -64, -57, -54, -42, -39, -25, -20, -7, 1, 10, 26, 26, 55, 40, 90, 53, 125, 63, 127, 66, 127, 66, 127, 68]",esp32_2
CSI_DATA,199538,2025-07-23 16:40:30.974,0,walk,00:00:00:00:00:00,-63,11,0,0,0,0,0,0,0,0,0,-97,0,1,0,2218200636,0,14,0,0,0,104,0,"[0, 0, 77, 92, 64, 55, 61, 16, 61, -21, 63, -56, 72, -88, 86, -114, 103, -128, 120, -128, 127, -128, 127, -128, 127, -128, 127, -118, 127, -103, 127, -86, 112, -70, 91, -60, 69, -59, 48, -62, 27, -65, 10, -73, 0, -85, -4, -97, 0, -109, 7, -116, -4, 88, -5, 99, -8, 111, -14, 122, -22, 127, -30, 127, -36, 127, -39, 127, -37, 126, -28, 119, -14, 113, 2, 104, 21, 95, 45, 93, 72, 97, 100, 105, 126, 118, 127, 127, 127, 127, 127, 127, 127, 127, 127, 127, 127, 127, 127, 127, 127, 127, 127, 127]",esp32_1
CSI_DATA,98667,2025-07-23 16:40:30.976,0,walk,00:00:00:00:00:00,-71,11,0,0,0,0,0,0,0,0,0,-97,0,1,0,838995292,0,14,0,0,0,104,0,"[0, 0, 56, -128, 51, -128, 45, -120, 41, -84, 40, -44, 39, -4, 38, 39, 41, 81, 43, 116, 45, 127, 51, 127, 58, 127, 64, 127, 65, 127, 63, 127, 59, 127, 54, 127, 46, 127, 38, 123, 31, 95, 22, 68, 11, 39, 1, 8, -6, -17, -10, -32, 32, -1, 25, 2, 16, 8, 8, 18, -3, 32, -14, 43, -25, 50, -34, 60, -40, 70, -47, 79, -50, 86, -50, 88, -47, 84, -38, 79, -29, 69, -19, 56, -3, 40, 17, 20, 30, -4, 41, -30, 51, -58, 61, -90, 68, -120, 72, -128, 75, -128, 76, -128]",esp32_2
CSI_DATA,199539,2025-07-23 16:40:30.998,0,walk,00:00:00:00:00:00,-63,11,0,0,0,0,0,0,0,0,0,-97,0,1,0,2218237846,0,14,0,0,0,104,0,"[0, 0, -53, -98, -50, -56, -56, -21, -59, 15, -64, 53, -78, 85, -93, 109, -115, 127, -128, 127, -128, 122, -128, 115, -128, 107, -128, 101, -128, 91, -128, 76, -118, 62, -95, 51, -69, 47, -46, 49, -25, 51, -5, 56, 7, 66, 11, 78, 13, 92, 12, 101, 55, -69, 60, -77, 68, -87, 77, -95, 89, -101, 94, -103, 96, -104, 98, -104, 98, -102, 95, -95, 85, -87, 66, -84, 44, -84, 18, -89, -11, -103, -39, -122, -63, -128, -83, -128, -100, -128, -116, -128, -127, -128, -128, -128, -113, -128, -89, -128, -72, -128, -64, -128]",esp32_1
CSI_DATA,98668,2025-07-23 16:40:31.000,0,walk,00:00:00:00:00:00,-70,11,0,0,0,0,0,0,0,0,0,-97,0,1,0,839011349,0,14,0,0,0,104,0,"[0, 0, -128, -72, -128, -66, -128, -59, -96, -50, -56, -40, -12, -36, 36, -35, 80, -34, 118, -35, 127, -38, 127, -41, 127, -44, 127, -46, 127, -47, 127, -47, 127, -43, 127, -37, 127, -34, 127, -30, 109, -24, 74, -17, 39, -9, 7, -3, -20, 0, -38, 2, 3, -45, 6, -38, 14, -26, 24, -13, 36, -2, 50, 9, 62, 22, 72, 33, 83, 44, 92, 54, 96, 60, 98, 58, 98, 53, 93, 47, 85, 36, 74, 20, 54, 4, 32, -11, 5, -28, -27, -45, -61, -60, -95, -73, -125, -86, -128, -91, -128, -93, -128, -97]",esp32_2
CSI_DATA,199540,2025-07-23 16:40:31.019,0,walk,00:00:00:00:00:00,-64,11,0,0,0,0,0,0,0,0,0,-97,0,1,0,2218262307,0,14,0,0,0,104,0,"[0, 0, -97, -2, -54, 5, -13, 15, 29, 26, 66, 41, 94, 59, 117, 79, 127, 96, 127, 110, 127, 120, 127, 127, 127, 127, 127, 127, 114, 127, 98, 115, 80, 99, 66, 79, 54, 56, 47, 33, 43, 11, 42, -12, 46, -32, 52, -47, 63, -57, 71, -61, -11, -69, -13, -84, -17, -100, -17, -115, -12, -128, -7, -128, -1, -128, 4, -128, 3, -128, -1, -123, -7, -108, -18, -89, -33, -65, -53, -44, -74, -26, -98, -9, -125, 7, -128, 21, -128, 32, -128, 37, -128, 36, -128, 35, -128, 32, -128, 28, -128, 21, -128, 12]",esp32_1
CSI_DATA,98669,2025-07-23 16:40:31.021,0,walk,00:00:00:00:00:00,-72,11,0,0,0,0,0,0,0,0,0,-97,0,1,0,839095571,0,14,0,0,0,104,0,"[0, 0, -46, -128, -35, -128, -24, -127, -12, -90, 0, -52, 12, -13, 19, 30, 25, 69, 34, 101, 43, 127, 47, 127, 44, 127, 38, 127, 32, 127, 26, 127, 20, 127, 17, 127, 14, 127, 15, 117, 20, 88, 27, 59, 34, 31, 46, 5, 61, -18, 73, -35, -25, -30, -14, -29, 1, -28, 16, -25, 32, -19, 48, -11, 62, -1, 73, 8, 83, 18, 87, 26, 89, 29, 89, 30, 84, 27, 75, 18, 62, 7, 51, -7, 41, -26, 27, -49, 11, -75, -5, -102, -21, -128, -35, -128, -52, -128, -65, -128, -70, -128, -70, -128]",esp32_2
CSI_DATA,199541,2025-07-23 16:40:31.041,0,walk,00:00:00:00:00:00,-63,11,0,0,0,0,0,0,0,0,0,-97,0,1,0,2218288375,0,14,0,0,0,104,0,"[0, 0, -128, 9, -87, 2, -37, -3, 11, 0, 57, 7, 101, 16, 127, 29, 127, 41, 127, 49, 127, 58, 127, 71, 127, 86, 127, 100, 127, 107, 127, 105, 127, 94, 107, 80, 82, 61, 63, 38, 49, 13, 40, -11, 33, -33, 30, -52, 33, -70, 37, -81, -10, -56, -14, -71, -18, -91, -21, -111, -22, -128, -22, -128, -17, -128, -10, -128, -10, -128, -16, -128, -20, -128, -24, -125, -32, -107, -46, -88, -63, -63, -84, -32, -112, -5, -128, 17, -128, 36, -128, 49, -128, 57, -128, 63, -128, 71, -128, 75, -128, 68, -128, 55]",esp32_1
CSI_DATA,98670,2025-07-23 16:40:31.045,0,walk,00:00:00:00:00:00,-72,11,0,0,0,0,0,0,0,0,0,-97,0,1,0,839124899,0,14,0,0,0,104,0,"[0, 0, -128, -4, -128, -10, -128, -16, -128, -15, -66, -14, 2, -6, 63, 3, 120, 18, 127, 44, 127, 70, 127, 92, 127, 109, 127, 124, 127, 127, 127, 127, 127, 127, 127, 127, 127, 100, 127, 67, 123, 33, 95, -1, 76, -36, 67, -75, 62, -111, 62, -128, -37, 63, -44, 49, -48, 25, -52, -5, -53, -38, -49, -66, -40, -90, -28, -119, -12, -128, 3, -128, 12, -128, 15, -128, 19, -128, 18, -128, 2, -128, -26, -112, -55, -89, -88, -64, -125, -40, -128, -19, -128, 1, -128, 16, -128, 26, -128, 31, -128, 30, -128, 22]",esp32_2
CSI_DATA,98671,2025-07-23 16:40:31.074,0,walk,00:00:00:00:00:00,-72,11,0,0,0,0,0,0,0,0,0,-97,0,1,0,839146844,0,14,0,0,0,104,0,"[0, 0, -41, 127, -47, 127, -48, 127, -42, 127, -27, 54, -8, -18, 13, -83, 37, -128, 57, -128, 74, -128, 100, -128, 126, -128, 127, -128, 127, -128, 127, -128, 127, -128, 127, -128, 109, -128, 76, -128, 40, -104, -4, -78, -50, -57, -86, -43, -117, -39, -128, -43, 55, 44, 38, 51, 12, 53, -15, 48, -43, 43, -75, 39, -108, 29, -128, 14, -128, 0, -128, -16, -128, -32, -128, -38, -128, -35, -128, -29, -128, -14, -128, 6, -121, 32, -100, 70, -81, 115, -64, 127, -44, 127, -28, 127, -18, 127, -14, 127, -12, 127, -6, 127]",esp32_2
CSI_DATA,199543,2025-07-23 16:40:31.123,0,walk,00:00:00:00:00:00,-63,11,0,0,0,0,0,0,0,0,0,-97,0,1,0,2218397290,0,14,0,0,0,104,0,"[0, 0, -82, -2, -52, 20, -31, 45, -4, 74, 20, 99, 31, 121, 36, 127, 36, 127, 25, 127, 13, 127, 9, 127, 10, 127, 18, 127, 26, 127, 29, 111, 34, 96, 43, 78, 56, 62, 70, 51, 81, 44, 92, 41, 98, 48, 99, 59, 100, 66, 99, 70, -31, -73, -35, -83, -38, -95, -40, -106, -38, -114, -37, -116, -37, -115, -36, -109, -37, -100, -38, -91, -43, -77, -59, -60, -82, -44, -109, -29, -128, -13, -128, 0, -128, 2, -128, -1, -128, 0, -128, -3, -128, -12, -128, -27, -128, -54, -128, -75, -128, -78, -128, -76]",esp32_1
CSI_DATA,199544,2025-07-23 16:40:31.149,0,walk,00:00:00:00:00:00,-63,11,0,0,0,0,0,0,0,0,0,-97,0,1,0,2218421645,0,14,0,0,0,104,0,"[0, 0, 85, 13, 53, -19, 27, -49, 13, -82, 5, -112, 1, -128, 1, -128, 5, -128, 9, -128, 11, -128, 14, -128, 16, -128, 20, -128, 20, -128, 10, -112, -3, -93, -16, -78, -31, -68, -46, -62, -61, -60, -75, -63, -86, -68, -91, -74, -91, -81, -91, -88, 36, 70, 38, 80, 42, 94, 45, 108, 44, 117, 37, 120, 30, 121, 27, 120, 30, 113, 37, 98, 47, 80, 60, 62, 80, 43, 104, 29, 127, 19, 127, 12, 127, 9, 127, 9, 127, 16, 127, 30, 127, 43, 127, 57, 127, 66, 127, 67, 127, 70, 127, 73]",esp32_1
CSI_DATA,98673,2025-07-23 16:40:31.162,0,walk,00:00:00:00:00:00,-71,11,0,0,0,0,0,0,0,0,0,-97,0,1,0,839206648,0,14,0,0,0,104,0,"[0, 0, 127, -127, 127, -110, 116, -84, 96, -53, 71, -21, 44, 8, 22, 38, 4, 68, -13, 93, -29, 118, -44, 127, -57, 127, -66, 127, -71, 127, -71, 127, -67, 127, -60, 127, -49, 109, -38, 87, -25, 66, -10, 43, 5, 21, 24, 2, 41, -14, 51, -24, 48, -22, 44, -15, 39, -3, 36, 11, 28, 26, 20, 41, 12, 56, 6, 70, -1, 83, -8, 94, -11, 101, -14, 107, -14, 108, -11, 104, -4, 93, 9, 76, 25, 57, 41, 37, 56, 15, 75, -10, 95, -36, 114, -63, 127, -90, 127, -115, 127, -128, 127, -128]",esp32_2
CSI_DATA,199545,2025-07-23 16:40:31.172,0,walk,00:00:00:00:00:00,-64,11,0,0,0,0,0,0,0,0,0,-97,0,1,0,2218457319,0,14,0,0,0,104,0,"[0, 0, 98, -32, 48, -34, 0, -43, -39, -56, -73, -72, -103, -92, -124, -116, -128, -128, -128, -128, -128, -128, -128, -128, -128, -128, -117, -128, -102, -128, -89, -128, -80, -107, -78, -82, -77, -62, -81, -44, -90, -30, -99, -21, -109, -11, -118, -5, -126, -9, -128, -17, 77, 33, 86, 38, 96, 46, 109, 55, 120, 64, 125, 72, 125, 80, 123, 84, 118, 80, 115, 65, 113, 42, 109, 19, 106, -2, 112, -26, 125, -56, 127, -86, 127, -110, 127, -128, 127, -128, 127, -128, 127, -128, 127, -128, 127, -128, 127, -126, 127, -105, 127, -83]",esp32_1
CSI_DATA,199546,2025-07-23 16:40:31.194,0,walk,00:00:00:00:00:00,-63,11,0,0,0,0,0,0,0,0,0,-97,0,1,0,2218494185,0,14,0,0,0,104,0,"[0, 0, 77, -28, 39, -50, 9, -75, -14, -105, -30, -128, -40, -128, -44, -128, -41, -128, -34, -128, -28, -128, -22, -128, -15, -128, -8, -128, -6, -128, -10, -128, -17, -128, -25, -112, -34, -99, -46, -92, -58, -89, -68, -89, -76, -91, -77, -94, -73, -99, -69, -104, 77, 42, 84, 49, 94, 58, 104, 67, 109, 76, 107, 84, 103, 89, 101, 89, 99, 82, 96, 70, 93, 55, 96, 36, 105, 15, 120, -8, 127, -30, 127, -48, 127, -59, 127, -68, 127, -73, 127, -68, 127, -58, 127, -46, 127, -33, 127, -21, 127, -9, 127, -1]",esp32_1
CSI_DATA,98674,2025-07-23 16:40:31.194,0,walk,00:00:00:00:00:00,-71,11,0,0,0,0,0,0,0,0,0,-97,0,1,0,839232150,0,14,0,0,0,104,0,"[0, 0, 127, -128, 127, -128, 118, -108, 101, -79, 76, -47, 46, -13, 18, 19, -8, 49, -35, 77, -61, 99, -83, 117, -101, 127, -116, 127, -126, 127, -126, 127, -121, 117, -113, 103, -99, 88, -82, 76, -62, 63, -38, 50, -13, 39, 12, 33, 36, 32, 52, 31, 0, -53, 8, -49, 19, -38, 25, -22, 32, -4, 41, 11, 48, 29, 55, 48, 59, 65, 59, 78, 62, 87, 62, 90, 58, 91, 58, 87, 62, 75, 67, 58, 76, 38, 85, 14, 91, -12, 97, -41, 106, -71, 117, -102, 127, -128, 127, -128, 127, -128, 127, -128]",esp32_2
CSI_DATA,199547,2025-07-23 16:40:31.217,0,walk,00:00:00:00:00:00,-64,11,0,0,0,0,0,0,0,0,0,-97,0,1,0,2218530885,0,14,0,0,0,104,0,"[0, 0, -50, -71, -61, -36, -80, -7, -100, 17, -121, 35, -128, 47, -128, 50, -128, 46, -128, 40, -128, 33, -128, 24, -128, 16, -128, 9, -128, 4, -128, 5, -118, 10, -104, 16, -94, 23, -86, 34, -81, 44, -79, 51, -81, 57, -86, 61, -94, 59, -98, 55, 9, -100, 14, -104, 20, -108, 25, -111, 29, -115, 34, -116, 37, -114, 37, -111, 30, -106, 18, -102, 2, -102, -14, -102, -29, -102, -48, -107, -68, -120, -87, -128, -102, -128, -113, -128, -117, -128, -114, -128, -107, -128, -98, -128, -88, -128, -76, -128, -62, -128, -53, -128]",esp32_1
CSI_DATA,98675,2025-07-23 16:40:31.221,0,walk,00:00:00:00:00:00,-71,11,0,0,0,0,0,0,0,0,0,-97,0,1,0,839266631,0,14,0,0,0,104,0,"[0, 0, 21, 127, 11, 127, 4, 127, -1, 104, -1, 68, -1, 31, 2, -4, 11, -34, 17, -62, 25, -90, 40, -111, 60, -124, 80, -128, 94, -128, 101, -128, 101, -119, 99, -105, 93, -90, 80, -79, 62, -69, 41, -61, 22, -59, 4, -59, -12, -62, -25, -65, 36, -26, 36, -19, 32, -7, 24, 7, 12, 22, -1, 35, -16, 46, -28, 56, -38, 64, -47, 68, -56, 70, -60, 69, -60, 70, -60, 75, -56, 77, -47, 82, -36, 96, -22, 110, -7, 121, 8, 127, 22, 127, 33, 127, 46, 127, 58, 127, 63, 127, 63, 127]",esp32_2
CSI_DATA,199548,2025-07-23 16:40:31.238,0,walk,00:00:00:00:00:00,-65,11,0,0,0,0,0,0,0,0,0,-97,0,1,0,2218590498,0,14,0,0,0,104,0,"[0, 0, -42, 27, -5, 49, 30, 73, 55, 103, 72, 127, 85, 127, 92, 127, 94, 127, 93, 127, 87, 127, 78, 127, 67, 127, 53, 127, 42, 127, 36, 109, 34, 82, 33, 54, 35, 29, 42, 9, 54, -8, 67, -22, 77, -32, 87, -36, 96, -33, 100, -28, -14, -108, -9, -119, -2, -128, 3, -128, 8, -128, 14, -128, 17, -128, 18, -127, 15, -113, 2, -95, -14, -73, -33, -54, -59, -39, -89, -25, -119, -9, -128, 5, -128, 13, -128, 12, -128, 7, -128, 0, -128, -8, -128, -15, -128, -18, -128, -20, -128, -22, -128, -22]",esp32_1
CSI_DATA,98676,2025-07-23 16:40:31.248,0,walk,00:00:00:00:00:00,-71,11,0,0,0,0,0,0,0,0,0,-97,0,1,0,839343083,0,14,0,0,0,104,0,"[0, 0, -128, 99, -128, 73, -128, 54, -128, 46, -75, 38, -18, 35, 34, 44, 80, 54, 118, 67, 127, 92, 127, 119, 127, 127, 127, 127, 127, 127, 127, 127, 127, 127, 127, 127, 123, 127, 111, 127, 103, 96, 103, 69, 106, 47, 110, 26, 123, 12, 127, 3, 57, -8, 50, 1, 33, 14, 9, 23, -15, 31, -41, 36, -68, 33, -92, 28, -117, 19, -128, 5, -128, -9, -128, -17, -128, -22, -128, -20, -128, -11, -128, 4, -128, 21, -128, 43, -128, 65, -128, 84, -128, 106, -128, 127, -128, 127, -128, 127, -128, 127, -128, 127]",esp32_2
CSI_DATA,199549,2025-07-23 16:40:31.260,0,walk,00:00:00:00:00:00,-64,11,0,0,0,0,0,0,0,0,0,-97,0,1,0,2218614956,0,14,0,0,0,104,0,"[0, 0, 46, -98, 6, -59, -41, -27, -88, 3, -128, 25, -128, 37, -128, 41, -128, 38, -128, 30, -128, 22, -128, 12, -128, -1, -128, -13, -128, -23, -128, -27, -128, -23, -122, -13, -92, 2, -67, 19, -47, 36, -28, 56, -17, 76, -16, 96, -23, 114, -30, 125, 110, 29, 125, 33, 127, 37, 127, 42, 127, 49, 127, 58, 127, 63, 127, 61, 127, 55, 127, 41, 127, 22, 115, 2, 97, -23, 87, -58, 81, -97, 76, -128, 79, -128, 83, -128, 92, -128, 101, -128, 108, -128, 118, -128, 127, -128, 127, -128, 127, -128, 127, -128]",esp32_1
CSI_DATA,98677,2025-07-23 16:40:31.276,0,walk,00:00:00:00:00:00,-72,11,0,0,0,0,0,0,0,0,0,-97,0,1,0,839377166,0,14,0,0,0,104,0,"[0, 0, 17, -128, 16, -128, 17, -128, 17, -120, -4, -59, -28, -9, -47, 32, -76, 65, -107, 93, -128, 115, -128, 127, -128, 127, -128, 127, -128, 126, -128, 120, -128, 114, -128, 104, -128, 100, -115, 103, -88, 103, -65, 108, -46, 120, -29, 127, -18, 127, -17, 127, -28, 52, -36, 36, -40, 12, -36, -13, -29, -40, -16, -65, 3, -88, 25, -110, 42, -125, 62, -128, 79, -128, 83, -126, 81, -128, 76, -128, 65, -128, 48, -128, 28, -128, 9, -128, -13, -128, -32, -128, -47, -128, -57, -128, -58, -128, -44, -128, -26, -128, -15, -128]",esp32_2
CSI_DATA,199550,2025-07-23 16:40:31.285,0,walk,00:00:00:00:00:00,-64,11,0,0,0,0,0,0,0,0,0,-97,0,1,0,2218650903,0,14,0,0,0,104,0,"[0, 0, -65, -31, -44, 7, -27, 48, -20, 84, -18, 115, -17, 127, -21, 127, -29, 127, -37, 127, -44, 127, -50, 127, -55, 127, -57, 127, -56, 127, -51, 127, -40, 114, -26, 95, -12, 79, 5, 65, 22, 56, 37, 51, 50, 51, 63, 55, 71, 62, 74, 70, 31, -101, 36, -107, 43, -113, 51, -118, 60, -121, 66, -119, 67, -112, 63, -103, 53, -94, 38, -85, 17, -77, -5, -69, -28, -62, -58, -62, -91, -65, -123, -73, -128, -85, -128, -96, -128, -107, -128, -120, -128, -128, -128, -128, -128, -128, -128, -128, -128, -128, -128, -125]",esp32_1
CSI_DATA,199551,2025-07-23 16:40:31.308,0,walk,00:00:00:00:00:00,-64,11,0,0,0,0,0,0,0,0,0,-97,0,1,0,2218675270,0,14,0,0,0,104,0,"[0, 0, -5, 75, 7, 34, 22, -8, 36, -43, 52, -71, 70, -96, 89, -116, 107, -128, 119, -128, 127, -128, 127, -128, 127, -128, 127, -119, 127, -105, 118, -92, 101, -79, 81, -69, 61, -63, 39, -60, 18, -59, 2, -62, -13, -68, -25, -76, -30, -85, -31, -91, -83, 19, -93, 19, -106, 17, -116, 14, -124, 11, -126, 7, -125, 4, -121, 3, -110, 5, -97, 10, -82, 19, -62, 31, -43, 45, -28, 66, -11, 89, 5, 115, 15, 127, 25, 127, 32, 127, 33, 127, 30, 127, 26, 127, 21, 127, 15, 127, 7, 127, 1, 127]",esp32_1
CSI_DATA,98678,2025-07-23 16:40:31.308,0,walk,00:00:00:00:00:00,-73,11,0,0,0,0,0,0,0,0,0,-97,0,1,0,839402486,0,14,0,0,0,104,0,"[0, 0, 127, -23, 127, -9, 127, -1, 109, 1, 41, -2, -26, -13, -78, -35, -124, -60, -128, -82, -128, -106, -128, -128, -128, -128, -128, -128, -128, -128, -128, -128, -128, -128, -128, -128, -128, -111, -126, -74, -121, -42, -120, -19, -123, 7, -128, 33, -128, 54, -128, 69, -28, -56, -9, -53, 19, -49, 42, -38, 61, -20, 81, -9, 102, 1, 125, 25, 127, 55, 127, 69, 127, 68, 127, 74, 127, 86, 127, 84, 127, 62, 127, 32, 127, 11, 127, -9, 127, -36, 127, -63, 127, -82, 127, -93, 127, -100, 127, -101, 127, -94, 127, -87]",esp32_2
CSI_DATA,199552,2025-07-23 16:40:31.331,0,walk,00:00:00:00:00:00,-62,11,0,0,0,0,0,0,0,0,0,-97,0,1,0,2218712817,0,14,0,0,0,104,0,"[0, 0, -38, -72, -40, -36, -49, 0, -60, 32, -71, 59, -85, 80, -103, 96, -120, 105, -128, 109, -128, 108, -128, 106, -128, 102, -128, 95, -128, 86, -124, 78, -108, 72, -93, 69, -77, 69, -62, 73, -50, 76, -41, 80, -36, 87, -35, 93, -38, 101, -42, 106, 34, -83, 40, -89, 48, -94, 57, -97, 68, -97, 76, -95, 77, -90, 75, -83, 66, -75, 52, -69, 35, -68, 15, -68, -7, -70, -29, -77, -54, -91, -75, -109, -92, -128, -107, -128, -117, -128, -120, -128, -116, -128, -110, -128, -102, -128, -89, -128, -75, -128, -63, -128]",esp32_1
CSI_DATA,98679,2025-07-23 16:40:31.335,0,walk,00:00:00:00:00:00,-71,11,0,0,0,0,0,0,0,0,0,-97,0,1,0,839439374,0,14,0,0,0,104,0,"[0, 0, 127, 127, 127, 127, 127, 127, 78, 104, 23, 57, -29, 8, -68, -44, -95, -91, -122, -128, -128, -128, -128, -128, -128, -128, -128, -128, -128, -128, -121, -128, -94, -128, -71, -128, -61, -128, -55, -128, -51, -107, -54, -69, -65, -32, -81, 0, -103, 32, -119, 56, 61, -49, 61, -23, 56, 2, 45, 30, 32, 59, 21, 82, 9, 104, -9, 127, -34, 127, -59, 127, -68, 127, -66, 127, -68, 127, -66, 127, -51, 127, -24, 127, 6, 127, 41, 127, 81, 127, 120, 127, 127, 127, 127, 127, 127, 127, 127, 127, 127, 127, 127, 127]",esp32_2
CSI_DATA,199553,2025-07-23 16:40:31.352,0,walk,00:00:00:00:00:00,-63,11,0,0,0,0,0,0,0,0,0,-97,0,1,0,2218749545,0,14,0,0,0,104,0,"[0, 0, -45, -31, -21, 6, -1, 41, 17, 77, 30, 111, 36, 127, 39, 127, 37, 127, 31, 127, 27, 127, 25, 127, 22, 127, 20, 127, 20, 127, 21, 127, 27, 112, 36, 91, 47, 73, 59, 57, 72, 41, 85, 32, 97, 26, 105, 24, 112, 28, 115, 34, 34, -84, 43, -93, 53, -104, 63, -111, 76, -113, 86, -110, 90, -105, 87, -97, 77, -87, 61, -76, 41, -67, 15, -61, -18, -58, -51, -58, -83, -61, -111, -69, -128, -81, -128, -95, -128, -108, -128, -119, -128, -128, -128, -128, -128, -128, -128, -128, -128, -128, -128, -128]",esp32_1
CSI_DATA,98680,2025-07-23 16:40:31.362,0,walk,00:00:00:00:00:00,-72,11,0,0,0,0,0,0,0,0,0,-97,0,1,0,839479404,0,14,0,0,0,104,0,"[0, 0, -34, -128, -19, -128, -3, -128, 7, -128, 6, -74, -6, -11, -26, 44, -52, 98, -74, 127, -92, 127, -118, 127, -128, 127, -128, 127, -128, 127, -128, 127, -128, 127, -128, 127, -128, 121, -103, 102, -70, 88, -36, 79, -3, 76, 28, 79, 55, 85, 72, 89, -48, 12, -44, -6, -34, -28, -19, -49, 3, -72, 28, -88, 52, -98, 76, -109, 106, -118, 127, -119, 127, -111, 127, -104, 127, -103, 127, -105, 127, -108, 109, -114, 82, -128, 51, -128, 20, -128, -7, -128, -33, -128, -54, -128, -68, -128, -74, -128, -73, -128, -71, -128]",esp32_2
CSI_DATA,199554,2025-07-23 16:40:31.373,0,walk,00:00:00:00:00:00,-63,11,0,0,0,0,0,0,0,0,0,-97,0,1,0,2218786662,0,14,0,0,0,104,0,"[0, 0, -58, -33, -11, -21, 32, -7, 73, 11, 109, 26, 127, 39, 127, 51, 127, 61, 127, 72, 127, 81, 127, 85, 127, 84, 127, 76, 127, 64, 127, 50, 116, 33, 95, 16, 74, -3, 60, -24, 49, -44, 42, -63, 38, -80, 38, -92, 40, -101, 43, -107, 24, -79, 32, -90, 44, -104, 56, -117, 68, -123, 74, -124, 76, -122, 76, -117, 73, -110, 63, -98, 47, -83, 23, -67, -7, -56, -43, -47, -80, -37, -116, -27, -128, -23, -128, -24, -128, -27, -128, -27, -128, -29, -128, -34, -128, -44, -128, -54, -128, -58, -128, -59]",esp32_1
