type,seq,timestamp,taget_seq,taget,mac,rssi,rate,sig_mode,mcs,cwb,smoothing,not_sounding,aggregation,stbc,fec_coding,sgi,noise_floor,ampdu_cnt,channel_primary,channel_secondary,local_timestamp,ant,sig_len,rx_state,agc_gain,fft_gain,len,first_word_invalid,data,device_id
CSI_DATA,118400,2025-08-27 15:24:17.625,0,walk,00:00:00:00:00:00,-41,11,0,0,0,0,0,0,0,0,0,-97,0,1,0,328564144,0,14,0,0,0,104,0,"[0, 0, 127, 127, 127, 127, 127, 127, 127, 127, 127, 127, 127, 127, 127, 120, 127, 107, 127, 93, 127, 80, 125, 70, 106, 57, 85, 40, 65, 20, 46, -2, 31, -25, 21, -48, 18, -71, 20, -92, 26, -106, 34, -113, 44, -114, 49, -109, 51, -102, 53, -94, -128, 122, -128, 99, -128, 68, -128, 41, -128, 21, -128, 10, -94, 10, -54, 23, -19, 47, 12, 80, 34, 119, 45, 127, 44, 127, 36, 127, 25, 127, 12, 127, -1, 127, -8, 127, -6, 127, 4, 127, 26, 127, 56, 127, 93, 127, 127, 123, 127, 121, 127, 123]",esp32_2
CSI_DATA,115837,2025-08-27 15:24:17.637,0,walk,00:00:00:00:00:00,-65,11,0,0,0,0,0,0,0,0,0,-97,0,1,0,3468860902,0,14,0,0,0,104,0,"[0, 0, -128, 40, -128, 30, -128, 21, -128, 18, -128, 24, -128, 29, -128, 46, -125, 59, -120, 73, -120, 85, -123, 103, -128, 105, -128, 105, -128, 90, -128, 73, -127, 66, -114, 38, -97, 25, -79, 17, -52, 16, -34, 18, -17, 24, -3, 31, 8, 35, 11, 43, 13, -105, 22, -111, 27, -111, 31, -105, 32, -99, 30, -91, 21, -80, 11, -85, -10, -81, -35, -82, -50, -90, -68, -105, -78, -122, -90, -128, -84, -128, -78, -128, -53, -128, -48, -128, -32, -128, -29, -128, -25, -96, -29, -63, -37, -31, -71, 5, -102, 30, -124, 41]",esp32_1
CSI_DATA,118401,2025-08-27 15:24:17.650,0,walk,00:00:00:00:00:00,-40,11,0,0,0,0,0,0,0,0,0,-97,0,1,0,328570728,0,14,0,0,0,104,0,"[0, 0, 127, 127, 127, 127, 127, 127, 127, 127, 127, 127, 127, 127, 127, 127, 127, 127, 125, 127, 109, 127, 93, 113, 78, 94, 63, 70, 50, 45, 39, 17, 33, -11, 31, -37, 36, -59, 46, -77, 56, -89, 67, -94, 77, -92, 82, -85, 82, -76, 79, -68, -128, 48, -128, 27, -128, 2, -128, -16, -128, -27, -126, -29, -92, -18, -61, 3, -34, 34, -17, 72, -9, 111, -9, 127, -19, 127, -32, 127, -45, 127, -57, 127, -68, 127, -72, 127, -65, 127, -49, 127, -23, 127, 8, 127, 44, 127, 82, 127, 117, 127, 127, 127]",esp32_2
CSI_DATA,115838,2025-08-27 15:24:17.658,0,walk,00:00:00:00:00:00,-65,11,0,0,0,0,0,0,0,0,0,-97,0,1,0,3468885670,0,14,0,0,0,104,0,"[0, 0, 127, -128, 127, -128, 127, -128, 127, -128, 127, -128, 127, -123, 127, -114, 122, -111, 105, -111, 89, -117, 72, -128, 69, -128, 67, -128, 77, -128, 80, -120, 75, -104, 78, -87, 72, -63, 58, -47, 34, -27, 10, -13, -14, -12, -33, -12, -51, -20, -58, -28, 84, 81, 82, 94, 75, 103, 69, 107, 62, 111, 56, 109, 43, 98, 42, 90, 46, 79, 50, 55, 65, 46, 79, 35, 97, 16, 120, 21, 127, 24, 127, 34, 127, 41, 127, 49, 127, 42, 117, 33, 99, 20, 90, -8, 75, -28, 79, -74, 83, -116, 97, -128]",esp32_1
CSI_DATA,115839,2025-08-27 15:24:17.682,0,walk,00:00:00:00:00:00,-65,11,0,0,0,0,0,0,0,0,0,-97,0,1,0,3468921293,0,14,0,0,0,104,0,"[0, 0, 42, 127, 34, 127, 22, 127, 2, 127, 5, 127, 12, 127, 25, 127, 53, 127, 64, 127, 88, 127, 102, 127, 107, 127, 113, 127, 79, 127, 73, 127, 45, 127, 20, 127, -6, 111, -18, 91, -18, 49, -12, 17, 8, -9, 23, -34, 42, -57, 64, -64, -128, 29, -128, 18, -128, 3, -128, -5, -128, -6, -128, -23, -128, -25, -128, -25, -128, -11, -128, 3, -128, 24, -128, 34, -128, 42, -128, 60, -128, 66, -118, 76, -120, 78, -104, 72, -101, 78, -70, 79, -37, 88, 5, 115, 35, 124, 52, 127, 76, 127, 94, 127]",esp32_1
CSI_DATA,118402,2025-08-27 15:24:17.682,0,walk,00:00:00:00:00:00,-40,11,0,0,0,0,0,0,0,0,0,-97,0,1,0,328580729,0,14,0,0,0,104,0,"[0, 0, -40, 127, -48, 127, -54, 127, -63, 127, -69, 127, -71, 127, -72, 127, -70, 127, -68, 127, -63, 127, -58, 127, -50, 127, -36, 123, -19, 88, 1, 55, 26, 25, 52, 4, 79, -9, 106, -14, 126, -13, 127, -5, 127, 6, 127, 15, 127, 23, 127, 28, -128, -128, -128, -128, -128, -128, -128, -128, -125, -128, -97, -128, -78, -114, -70, -69, -76, -23, -95, 22, -122, 62, -128, 92, -128, 110, -128, 122, -128, 126, -128, 124, -128, 116, -128, 106, -128, 101, -128, 101, -128, 109, -128, 127, -117, 127, -86, 127, -58, 127, -42, 127]",esp32_2
CSI_DATA,115840,2025-08-27 15:24:17.709,0,walk,00:00:00:00:00:00,-67,11,0,0,0,0,0,0,0,0,0,-97,0,1,0,3468960871,0,14,0,0,0,104,0,"[0, 0, -46, -128, -27, -128, -40, -128, -36, -128, -55, -128, -81, -120, -113, -91, -128, -61, -128, -42, -128, -28, -128, -39, -128, -46, -128, -54, -128, -78, -128, -85, -128, -94, -128, -96, -77, -83, -35, -69, -3, -53, 23, -19, 47, 16, 55, 47, 78, 76, 77, 93, 31, 127, 39, 127, 41, 127, 50, 127, 68, 127, 75, 127, 85, 127, 93, 127, 103, 127, 127, 127, 127, 127, 127, 125, 127, 127, 127, 127, 127, 127, 124, 97, 91, 85, 66, 67, 36, 44, 11, 4, -24, -45, -54, -94, -105, -128, -88, -128, -92, -128, -104, -128]",esp32_1
CSI_DATA,115841,2025-08-27 15:24:17.730,0,walk,00:00:00:00:00:00,-69,11,0,0,0,0,0,0,0,0,0,-97,0,1,0,3469008055,0,14,0,0,0,104,0,"[0, 0, -128, 127, -128, 127, -128, 127, -128, 114, -127, 90, -87, 84, -54, 53, 0, 60, 37, 32, 74, 10, 109, -19, 127, -29, 127, -51, 127, -31, 127, -42, 127, -38, 127, -38, 127, -37, 125, -26, 98, -21, 70, -16, 42, -14, 17, 0, -6, -2, -20, -1, -103, 71, -101, 76, -86, 76, -74, 76, -47, 77, -15, 79, 5, 66, 55, 63, 93, 61, 127, 18, 127, 13, 127, 0, 127, -14, 127, -31, 127, -28, 127, -15, 127, -21, 127, -24, 127, -4, 127, 8, 127, 28, 126, 45, 84, 61, 13, 91, -38, 116, -81, 120]",esp32_1
CSI_DATA,115842,2025-08-27 15:24:17.754,0,walk,00:00:00:00:00:00,-69,11,0,0,0,0,0,0,0,0,0,-97,0,1,0,3469045579,0,14,0,0,0,104,0,"[0, 0, 127, 124, 127, 121, 127, 116, 127, 88, 127, 39, 127, -3, 124, -43, 71, -76, 41, -128, 6, -128, -7, -128, -10, -128, -38, -128, -58, -128, -49, -128, -39, -128, -20, -128, -8, -128, -3, -127, 14, -87, 31, -49, 48, -21, 50, 18, 69, 55, 62, 87, 119, 7, 122, -7, 108, -22, 105, -45, 94, -63, 69, -80, 51, -105, 32, -128, -3, -128, -7, -128, -47, -128, -71, -128, -69, -128, -76, -128, -80, -128, -95, -128, -73, -128, -42, -128, -20, -128, 18, -128, 51, -128, 97, -111, 127, -51, 127, -17, 127, 29, 127, 80]",esp32_1
CSI_DATA,115843,2025-08-27 15:24:17.775,0,walk,00:00:00:00:00:00,-70,11,0,0,0,0,0,0,0,0,0,-97,0,1,0,3469069924,0,14,0,0,0,104,0,"[0, 0, -128, 127, -128, 127, -128, 127, -128, 125, -128, 124, -119, 99, -68, 84, -31, 81, 14, 83, 58, 80, 98, 81, 115, 87, 127, 73, 127, 117, 127, 107, 127, 117, 102, 127, 77, 123, 43, 112, 10, 94, -33, 73, -67, 48, -93, 23, -94, -7, -107, -43, 61, 118, 63, 113, 82, 127, 69, 107, 95, 109, 86, 91, 107, 68, 106, 45, 105, 21, 103, -11, 111, -32, 114, -55, 111, -78, 114, -88, 101, -101, 125, -117, 101, -97, 103, -105, 74, -67, 53, -41, 22, 0, -5, 34, -51, 69, -107, 115, -128, 127, -128, 127]",esp32_1
CSI_DATA,118404,2025-08-27 15:24:17.777,0,walk,00:00:00:00:00:00,-41,11,0,0,0,0,0,0,0,0,0,-97,0,1,0,328600722,0,14,0,0,0,104,0,"[0, 0, 127, 125, 127, 127, 127, 127, 127, 127, 127, 127, 127, 127, 127, 127, 127, 127, 127, 114, 127, 99, 127, 85, 115, 68, 81, 49, 49, 28, 17, 6, -12, -17, -35, -41, -52, -66, -63, -91, -67, -110, -66, -124, -59, -128, -51, -128, -46, -128, -40, -128, -128, -49, -128, -69, -128, -90, -128, -102, -128, -106, -128, -98, -122, -77, -87, -45, -58, -4, -35, 43, -20, 92, -13, 127, -15, 127, -23, 127, -31, 127, -39, 127, -47, 127, -47, 127, -39, 127, -22, 127, 6, 127, 43, 127, 89, 127, 127, 126, 127, 110, 127, 102]",esp32_2
CSI_DATA,115844,2025-08-27 15:24:17.796,0,walk,00:00:00:00:00:00,-69,11,0,0,0,0,0,0,0,0,0,-97,0,1,0,3469109422,0,14,0,0,0,104,0,"[0, 0, 70, 127, 44, 127, 43, 127, 31, 127, 26, 127, 39, 127, 54, 127, 79, 124, 92, 122, 114, 108, 127, 125, 127, 127, 127, 127, 127, 127, 104, 127, 77, 127, 29, 127, -6, 115, -24, 80, -49, 37, -55, -1, -45, -44, -29, -73, -3, -115, 33, -128, -128, 12, -128, 4, -128, -9, -128, -10, -128, -19, -128, -30, -128, -32, -128, -29, -128, -19, -128, -9, -110, 11, -98, 33, -109, 39, -99, 67, -103, 85, -95, 102, -96, 107, -97, 116, -91, 117, -74, 124, -50, 120, -21, 127, 22, 127, 38, 127, 52, 127, 89, 127]",esp32_1
CSI_DATA,118405,2025-08-27 15:24:17.808,0,walk,00:00:00:00:00:00,-41,11,0,0,0,0,0,0,0,0,0,-97,0,1,0,328610715,0,14,0,0,0,104,0,"[0, 0, 127, -128, 127, -128, 127, -128, 127, -128, 127, -128, 127, -128, 127, -128, 127, -128, 123, -128, 102, -128, 81, -128, 62, -101, 42, -70, 22, -41, 3, -12, -17, 14, -37, 36, -58, 53, -80, 64, -97, 70, -112, 73, -122, 71, -124, 63, -122, 54, -120, 48, -86, 127, -104, 127, -121, 127, -128, 127, -128, 127, -117, 127, -92, 106, -57, 76, -12, 51, 39, 34, 90, 26, 127, 26, 127, 32, 127, 42, 127, 52, 127, 60, 127, 66, 127, 66, 127, 54, 127, 32, 127, -1, 127, -43, 127, -95, 127, -128, 119, -128, 117, -128]",esp32_2
CSI_DATA,115845,2025-08-27 15:24:17.818,0,walk,00:00:00:00:00:00,-67,11,0,0,0,0,0,0,0,0,0,-97,0,1,0,3469131393,0,14,0,0,0,104,0,"[0, 0, -128, 127, -128, 127, -128, 127, -128, 127, -128, 127, -128, 127, -128, 127, -102, 127, -70, 127, -36, 127, -5, 127, 8, 127, 3, 127, -5, 127, -13, 127, -31, 127, -49, 127, -64, 123, -61, 87, -51, 52, -42, 10, -14, -6, 18, -28, 52, -27, 80, -20, -113, -99, -109, -103, -122, -122, -108, -117, -105, -128, -91, -126, -82, -113, -74, -102, -75, -80, -78, -46, -106, -29, -116, -8, -120, 17, -128, 25, -128, 28, -128, 30, -128, 20, -128, 16, -128, 14, -128, 21, -128, 30, -112, 56, -120, 94, -89, 127, -77, 127, -106, 127]",esp32_1
CSI_DATA,118406,2025-08-27 15:24:17.831,0,walk,00:00:00:00:00:00,-41,11,0,0,0,0,0,0,0,0,0,-97,0,1,0,328622382,0,14,0,236,-56,104,0,"[0, 0, -120, 127, -128, 127, -128, 127, -128, 127, -128, 127, -125, 127, -115, 127, -103, 127, -89, 127, -74, 127, -60, 125, -47, 94, -33, 64, -19, 33, -7, 3, 6, -24, 20, -49, 37, -70, 55, -86, 70, -96, 82, -101, 93, -100, 98, -93, 99, -84, 99, -76, 61, -128, 81, -128, 101, -128, 113, -128, 117, -128, 109, -128, 87, -115, 55, -81, 15, -50, -33, -26, -83, -11, -128, -4, -128, -6, -128, -13, -128, -19, -128, -25, -128, -29, -128, -27, -128, -16, -128, 7, -128, 39, -128, 79, -126, 127, -109, 127, -96, 127, -90, 127]",esp32_2
CSI_DATA,115846,2025-08-27 15:24:17.844,0,walk,00:00:00:00:00:00,-67,11,0,0,0,0,0,0,0,0,0,-97,0,1,0,3469168314,0,14,0,0,0,104,0,"[0, 0, 127, 8, 127, 26, 127, 54, 127, 66, 127, 59, 127, 56, 127, 45, 127, 37, 109, 6, 101, -12, 100, -60, 103, -87, 123, -120, 127, -101, 127, -104, 127, -92, 127, -71, 127, -46, 127, -32, 117, -2, 91, -1, 68, 7, 34, 4, 10, 2, -9, -13, -29, 109, -34, 119, -32, 107, -31, 109, -31, 104, -34, 107, -22, 92, -9, 91, 14, 89, 37, 91, 45, 98, 60, 109, 80, 124, 96, 127, 115, 127, 102, 127, 97, 127, 87, 127, 92, 127, 87, 127, 86, 114, 94, 89, 89, 67, 127, 40, 127, 10, 127, -3]",esp32_1
CSI_DATA,115847,2025-08-27 15:24:17.863,0,walk,00:00:00:00:00:00,-68,11,0,0,0,0,0,0,0,0,0,-97,0,1,0,3469215744,0,14,0,0,0,104,0,"[0, 0, -128, 92, -128, 75, -128, 52, -128, 40, -128, 28, -128, 12, -107, 14, -75, 20, -33, 35, -1, 55, 41, 89, 64, 118, 69, 127, 57, 127, 50, 127, 38, 127, 10, 127, -15, 127, -25, 127, -33, 109, -33, 74, -34, 45, -17, 13, -5, -5, 10, -17, 95, -43, 95, -44, 87, -45, 86, -46, 74, -57, 68, -62, 58, -70, 47, -74, 31, -88, -2, -99, -10, -112, -19, -128, -40, -128, -51, -128, -53, -128, -49, -128, -44, -128, -45, -128, -43, -128, -45, -118, -49, -80, -62, -48, -82, -26, -113, 31, -128, 65, -128, 66]",esp32_1
CSI_DATA,115848,2025-08-27 15:24:17.889,0,walk,00:00:00:00:00:00,-69,11,0,0,0,0,0,0,0,0,0,-97,0,1,0,3469241919,0,14,0,0,0,104,0,"[0, 0, -128, -128, -128, -128, -128, -128, -128, -128, -97, -106, -73, -68, -45, -37, -49, 19, -38, 53, -34, 100, -35, 124, -40, 127, -64, 127, -80, 127, -112, 127, -100, 127, -128, 127, -126, 108, -120, 81, -98, 47, -80, 16, -50, -9, -27, -21, 3, -31, 25, -34, 16, 86, 18, 86, 29, 71, 51, 79, 48, 58, 72, 57, 74, 40, 93, 29, 101, 19, 93, 4, 127, -6, 127, -22, 127, -31, 127, -45, 127, -50, 127, -50, 127, -60, 121, -54, 106, -61, 71, -52, 30, -55, 0, -49, -42, -75, -88, -76, -123, -91, -128, -128]",esp32_1
CSI_DATA,115849,2025-08-27 15:24:17.906,0,walk,00:00:00:00:00:00,-68,11,0,0,0,0,0,0,0,0,0,-97,0,1,0,3469277537,0,14,0,0,0,104,0,"[0, 0, 51, -128, 47, -128, 34, -128, 16, -128, -8, -125, -36, -96, -76, -73, -105, -58, -128, -38, -128, -28, -128, -23, -128, -32, -128, -43, -128, -73, -128, -88, -128, -99, -128, -114, -110, -114, -76, -105, -36, -93, -2, -68, 27, -41, 51, -13, 70, 15, 78, 42, -53, 66, -47, 75, -37, 80, -35, 92, -21, 102, -13, 115, -6, 119, 5, 127, 15, 127, 42, 127, 41, 127, 54, 127, 69, 127, 70, 127, 67, 127, 55, 109, 50, 94, 48, 72, 42, 46, 31, 10, 21, -29, 15, -77, 4, -114, 12, -128, 20, -128, 19, -128]",esp32_1
CSI_DATA,115850,2025-08-27 15:24:17.927,0,walk,00:00:00:00:00:00,-67,11,0,0,0,0,0,0,0,0,0,-97,0,1,0,3469301924,0,14,0,0,0,104,0,"[0, 0, -128, -128, -128, -128, -128, -128, -128, -128, -128, -89, -128, -39, -128, -1, -128, 59, -128, 89, -128, 124, -128, 127, -128, 127, -128, 127, -128, 127, -128, 98, -128, 61, -128, 22, -128, -24, -128, -62, -85, -69, -38, -88, 8, -86, 58, -80, 104, -74, 127, -49, 38, 127, 45, 124, 60, 112, 81, 112, 90, 113, 103, 115, 120, 102, 127, 107, 127, 93, 127, 101, 127, 72, 127, 72, 127, 87, 127, 81, 127, 78, 127, 36, 105, 35, 81, 26, 44, 15, -7, -1, -43, -35, -93, -64, -128, -105, -128, -128, -128, -128, -128, -128]",esp32_1
CSI_DATA,115851,2025-08-27 15:24:17.952,0,walk,00:00:00:00:00:00,-66,11,0,0,0,0,0,0,0,0,0,-97,0,1,0,3469327740,0,14,0,0,0,104,0,"[0, 0, 127, -128, 127, -128, 127, -128, 109, -128, 68, -128, 26, -128, -18, -128, -61, -128, -85, -128, -122, -128, -128, -128, -128, -128, -128, -128, -117, -128, -89, -128, -63, -128, -20, -128, 15, -128, 43, -128, 65, -89, 82, -42, 83, 8, 85, 50, 74, 84, 59, 116, -111, 31, -110, 40, -112, 47, -110, 56, -108, 76, -109, 89, -107, 102, -103, 113, -99, 127, -88, 127, -92, 127, -83, 127, -63, 127, -56, 127, -51, 114, -47, 104, -31, 75, -20, 49, 10, 13, 29, -16, 49, -54, 84, -100, 106, -127, 127, -128, 127, -128, 127, -128]",esp32_1
CSI_DATA,115852,2025-08-27 15:24:17.971,0,walk,00:00:00:00:00:00,-66,11,0,0,0,0,0,0,0,0,0,-97,0,1,0,3469361980,0,14,0,0,0,104,0,"[0, 0, 72, 127, 75, 127, 77, 127, 91, 127, 95, 112, 100, 66, 127, 30, 127, 16, 127, -28, 127, -45, 127, -44, 127, -31, 127, -15, 127, 17, 127, 34, 127, 55, 127, 87, 90, 95, 51, 86, -1, 84, -32, 67, -68, 51, -83, 34, -115, 2, -124, -29, -57, -111, -57, -123, -59, -110, -71, -121, -73, -116, -87, -128, -79, -119, -86, -115, -78, -103, -95, -86, -100, -69, -102, -54, -96, -56, -91, -39, -87, -29, -62, -4, -59, 9, -36, 37, -20, 59, -1, 83, 30, 103, 36, 127, 80, 127, 97, 127, 104, 127, 120, 127]",esp32_1
CSI_DATA,118409,2025-08-27 15:24:17.971,0,walk,00:00:00:00:00:00,-44,11,0,0,0,0,0,0,0,0,0,-97,0,1,0,328651831,0,14,0,0,0,104,0,"[0, 0, -128, 127, -128, 127, -128, 127, -128, 127, -128, 127, -128, 127, -126, 127, -102, 127, -79, 127, -57, 117, -38, 99, -20, 80, -3, 57, 13, 31, 28, 6, 43, -20, 62, -42, 83, -58, 103, -67, 119, -71, 127, -70, 127, -64, 127, -51, 127, -38, 125, -30, 127, -128, 127, -128, 127, -128, 127, -128, 127, -119, 127, -77, 108, -40, 52, -14, -9, 1, -71, 4, -128, -5, -128, -22, -128, -46, -128, -70, -128, -90, -128, -103, -128, -109, -128, -101, -128, -79, -128, -44, -128, 1, -128, 50, -128, 102, -128, 127, -128, 127, -128, 127]",esp32_2
CSI_DATA,115853,2025-08-27 15:24:18.000,0,walk,00:00:00:00:00:00,-66,11,0,0,0,0,0,0,0,0,0,-97,0,1,0,3469398599,0,14,0,0,0,104,0,"[0, 0, 83, -128, 74, -128, 65, -128, 45, -128, 17, -128, -6, -128, -23, -128, -38, -128, -40, -128, -47, -128, -41, -128, -25, -128, -16, -128, 15, -128, 39, -128, 56, -128, 70, -122, 74, -75, 66, -31, 46, 8, 16, 48, -14, 72, -48, 82, -86, 79, -109, 69, 104, 96, 110, 103, 113, 116, 114, 123, 109, 127, 101, 127, 96, 127, 89, 127, 82, 127, 75, 104, 75, 84, 75, 66, 68, 40, 80, 16, 85, -3, 97, -16, 98, -37, 112, -50, 102, -78, 98, -101, 91, -125, 91, -128, 100, -128, 96, -128, 99, -128, 110, -128]",esp32_1
CSI_DATA,118410,2025-08-27 15:24:18.004,0,walk,00:00:00:00:00:00,-43,11,0,0,0,0,0,0,0,0,0,-97,0,1,0,328662143,0,14,0,0,0,104,0,"[0, 0, 105, -128, 105, -128, 101, -128, 93, -128, 78, -128, 61, -128, 45, -128, 29, -128, 15, -128, 1, -128, -11, -128, -19, -107, -25, -81, -31, -52, -38, -22, -48, 9, -62, 35, -82, 53, -103, 65, -120, 72, -128, 72, -128, 66, -128, 54, -128, 40, -128, 30, 40, 127, 10, 127, -25, 127, -50, 127, -62, 127, -62, 127, -46, 87, -15, 35, 29, -9, 80, -43, 127, -65, 127, -73, 127, -69, 127, -59, 127, -46, 127, -30, 127, -18, 127, -17, 127, -24, 127, -41, 127, -71, 127, -110, 127, -128, 110, -128, 103, -128, 103, -128]",esp32_2
CSI_DATA,115854,2025-08-27 15:24:18.025,0,walk,00:00:00:00:00:00,-64,11,0,0,0,0,0,0,0,0,0,-97,0,1,0,3469448509,0,14,0,0,0,104,0,"[0, 0, 127, -128, 127, -128, 127, -128, 127, -128, 127, -109, 127, -100, 127, -104, 127, -103, 127, -107, 127, -116, 127, -118, 127, -113, 127, -102, 127, -90, 127, -72, 127, -50, 118, -31, 90, -5, 62, 1, 38, 8, 2, 2, -18, -13, -37, -27, -48, -45, -47, -71, 95, 53, 107, 64, 100, 69, 105, 82, 96, 87, 92, 99, 75, 97, 69, 97, 64, 79, 61, 60, 74, 52, 80, 39, 86, 17, 100, 4, 112, 8, 117, 8, 127, 4, 125, 2, 127, -12, 125, -13, 119, -29, 116, -52, 121, -63, 127, -106, 127, -125, 127, -128]",esp32_1
CSI_DATA,118411,2025-08-27 15:24:18.036,0,walk,00:00:00:00:00:00,-43,11,0,0,0,0,0,0,0,0,0,-97,0,1,0,328670697,0,14,0,0,0,104,0,"[0, 0, -128, -128, -128, -128, -128, -128, -128, -128, -128, -128, -128, -128, -128, -128, -128, -128, -128, -128, -126, -122, -115, -103, -101, -81, -84, -56, -67, -31, -51, -1, -39, 33, -36, 65, -42, 92, -53, 115, -66, 127, -81, 127, -93, 127, -99, 120, -99, 105, -98, 92, 127, 99, 127, 119, 127, 127, 127, 127, 124, 127, 83, 105, 47, 66, 24, 15, 13, -42, 13, -100, 28, -128, 51, -128, 80, -128, 110, -128, 127, -128, 127, -128, 127, -128, 127, -128, 127, -128, 98, -128, 57, -128, 14, -128, -29, -128, -71, -128, -105, -128, -127, -128]",esp32_2
CSI_DATA,115855,2025-08-27 15:24:18.047,0,walk,00:00:00:00:00:00,-64,11,0,0,0,0,0,0,0,0,0,-97,0,1,0,3469483060,0,14,0,0,0,104,0,"[0, 0, 115, -128, 127, -128, 127, -128, 127, -128, 125, -128, 110, -128, 99, -128, 86, -128, 69, -128, 62, -128, 55, -128, 53, -128, 53, -128, 63, -128, 75, -128, 73, -113, 80, -96, 71, -65, 65, -46, 43, -19, 14, -5, -10, 7, -39, 5, -59, 1, -76, -11, 106, 30, 116, 40, 114, 43, 113, 56, 110, 60, 109, 73, 95, 68, 91, 64, 81, 58, 76, 38, 74, 27, 80, 15, 85, -5, 98, -18, 110, -27, 108, -29, 115, -29, 116, -34, 109, -46, 100, -52, 87, -68, 75, -93, 67, -100, 69, -128, 70, -128, 79, -128]",esp32_1
CSI_DATA,118412,2025-08-27 15:24:18.069,0,walk,00:00:00:00:00:00,-43,11,0,0,0,0,0,0,0,0,0,-97,0,1,0,328681134,0,14,0,0,0,104,0,"[0, 0, -128, 127, -128, 127, -128, 127, -128, 127, -128, 127, -128, 127, -128, 127, -128, 127, -121, 127, -105, 119, -90, 108, -73, 94, -53, 78, -30, 62, -4, 48, 24, 37, 50, 32, 74, 34, 94, 41, 107, 51, 112, 61, 110, 70, 101, 76, 90, 78, 80, 78, 26, -128, 47, -128, 69, -128, 81, -128, 81, -128, 69, -97, 42, -61, 4, -32, -42, -13, -92, -7, -128, -12, -128, -26, -128, -48, -128, -71, -128, -91, -128, -106, -128, -114, -128, -111, -128, -97, -128, -72, -128, -38, -128, -2, -128, 37, -128, 77, -128, 111, -128, 127]",esp32_2
CSI_DATA,115856,2025-08-27 15:24:18.079,0,walk,00:00:00:00:00:00,-64,11,0,0,0,0,0,0,0,0,0,-97,0,1,0,3469507422,0,14,0,0,0,104,0,"[0, 0, 15, 127, -7, 127, -25, 127, -40, 127, -43, 127, -36, 127, -29, 127, 2, 127, 9, 127, 25, 127, 40, 127, 47, 127, 43, 127, 46, 127, 23, 127, 2, 127, -22, 127, -36, 122, -39, 88, -38, 54, -23, 13, 1, -10, 32, -35, 63, -49, 89, -44, -128, 33, -128, 19, -128, 10, -128, 4, -128, -8, -128, -19, -128, -16, -128, -20, -123, -11, -124, 0, -100, 17, -97, 35, -101, 50, -99, 69, -98, 77, -107, 105, -92, 88, -106, 104, -90, 94, -70, 114, -53, 120, -24, 127, 4, 127, 16, 127, 30, 127, 43, 127]",esp32_1
CSI_DATA,118413,2025-08-27 15:24:18.094,0,walk,00:00:00:00:00:00,-43,11,0,0,0,0,0,0,0,0,0,-97,0,1,0,328690739,0,14,0,0,0,104,0,"[0, 0, 127, 127, 127, 127, 127, 127, 127, 127, 127, 127, 127, 115, 127, 104, 127, 92, 127, 80, 127, 69, 127, 60, 115, 50, 94, 37, 72, 22, 50, 3, 30, -20, 16, -44, 10, -68, 9, -91, 13, -109, 21, -120, 30, -123, 38, -120, 42, -112, 46, -105, -128, 49, -128, 25, -128, -5, -128, -25, -128, -36, -110, -34, -68, -18, -32, 11, -3, 51, 15, 97, 21, 127, 16, 127, 1, 127, -17, 127, -36, 127, -53, 127, -64, 127, -64, 127, -53, 127, -34, 127, -5, 127, 31, 127, 70, 126, 112, 124, 127, 127, 127, 127]",esp32_2
CSI_DATA,118414,2025-08-27 15:24:18.127,0,walk,00:00:00:00:00:00,-45,11,0,0,0,0,0,0,0,0,0,-97,0,1,0,328701835,0,14,0,0,0,104,0,"[0, 0, -128, -40, -128, -39, -128, -36, -128, -28, -128, -15, -128, -3, -128, 6, -128, 14, -128, 18, -128, 18, -128, 15, -128, 10, -112, 5, -81, 0, -45, 0, -6, 6, 28, 17, 54, 34, 74, 56, 86, 78, 88, 98, 83, 113, 74, 122, 62, 124, 52, 121, 127, -119, 127, -94, 127, -62, 127, -35, 127, -17, 127, -8, 82, -13, 37, -32, -3, -64, -34, -105, -51, -128, -57, -128, -51, -128, -41, -128, -30, -128, -17, -128, -8, -128, -6, -128, -14, -128, -29, -128, -55, -125, -90, -96, -128, -73, -128, -56, -128, -48, -128, -48]",esp32_2
CSI_DATA,118415,2025-08-27 15:24:18.153,0,walk,00:00:00:00:00:00,-45,11,0,0,0,0,0,0,0,0,0,-97,0,1,0,328710715,0,14,0,0,0,104,0,"[0, 0, 127, -94, 127, -104, 127, -114, 127, -124, 127, -128, 127, -128, 127, -128, 127, -128, 127, -128, 127, -122, 127, -102, 127, -76, 116, -48, 80, -23, 36, -3, -12, 9, -59, 11, -102, -1, -128, -22, -128, -46, -128, -70, -128, -91, -128, -108, -128, -118, -117, -121, -128, 127, -128, 127, -128, 127, -128, 127, -128, 112, -124, 82, -77, 62, -23, 58, 31, 68, 80, 92, 119, 123, 127, 127, 127, 127, 127, 127, 127, 127, 127, 127, 127, 127, 122, 127, 120, 127, 124, 125, 127, 82, 127, 42, 127, 6, 127, -27, 127, -52, 127, -67]",esp32_2
CSI_DATA,115858,2025-08-27 15:24:18.164,0,walk,00:00:00:00:00:00,-64,11,0,0,0,0,0,0,0,0,0,-97,0,1,0,3469567824,0,14,0,0,0,104,0,"[0, 0, -122, 127, -128, 127, -128, 127, -128, 127, -128, 127, -113, 127, -93, 127, -74, 127, -59, 127, -42, 127, -32, 127, -32, 127, -28, 127, -42, 127, -55, 127, -54, 127, -62, 100, -62, 74, -54, 48, -36, 21, -12, 5, 18, -6, 41, -6, 60, -5, 81, 9, -110, -50, -112, -62, -109, -70, -108, -75, -105, -83, -96, -85, -86, -79, -80, -75, -75, -66, -75, -45, -71, -37, -77, -20, -82, -2, -94, 12, -99, 18, -103, 26, -106, 23, -106, 33, -99, 48, -89, 59, -78, 78, -69, 99, -57, 118, -63, 127, -63, 127, -68, 127]",esp32_1
CSI_DATA,115859,2025-08-27 15:24:18.200,0,walk,00:00:00:00:00:00,-64,11,0,0,0,0,0,0,0,0,0,-97,0,1,0,3469593254,0,14,0,0,0,104,0,"[0, 0, 127, -22, 127, -3, 127, 15, 127, 20, 127, 19, 127, 12, 127, 4, 127, -11, 127, -22, 127, -34, 127, -41, 127, -46, 127, -46, 127, -35, 127, -19, 127, -1, 124, 13, 93, 18, 68, 21, 36, 16, 11, 7, -10, -14, -24, -36, -24, -61, -17, -81, 21, 116, 15, 124, 7, 125, 1, 126, -7, 122, -11, 119, -12, 109, -13, 104, -3, 89, 2, 76, 16, 75, 33, 73, 43, 64, 55, 70, 69, 67, 81, 77, 80, 75, 88, 76, 82, 60, 91, 42, 94, 24, 107, 6, 127, -2, 127, -28, 127, -44, 127, -38]",esp32_1
CSI_DATA,115860,2025-08-27 15:24:18.222,0,walk,00:00:00:00:00:00,-65,11,0,0,0,0,0,0,0,0,0,-97,0,1,0,3469640256,0,14,0,0,0,104,0,"[0, 0, -128, 57, -128, 46, -128, 27, -128, 19, -128, 7, -128, 3, -128, 12, -128, 36, -128, 45, -128, 61, -128, 69, -128, 69, -128, 60, -128, 51, -128, 32, -128, 9, -128, -9, -113, -24, -76, -28, -43, -20, -9, -7, 13, 16, 25, 38, 33, 74, 33, 99, -46, -128, -31, -128, -24, -128, -20, -128, -8, -128, -5, -128, 4, -128, 3, -124, -13, -112, -14, -96, -45, -85, -59, -82, -63, -81, -86, -83, -101, -88, -115, -91, -114, -95, -118, -91, -109, -71, -108, -57, -110, -35, -126, -10, -128, 14, -128, 52, -128, 74, -128, 69]",esp32_1
CSI_DATA,118417,2025-08-27 15:24:18.232,0,walk,00:00:00:00:00:00,-43,11,0,0,0,0,0,0,0,0,0,-97,0,1,0,328731617,0,14,0,0,0,104,0,"[0, 0, 127, -118, 127, -128, 127, -128, 127, -128, 127, -128, 127, -128, 127, -128, 127, -128, 127, -121, 127, -101, 127, -75, 127, -45, 100, -18, 53, 4, 2, 18, -51, 22, -99, 15, -128, -5, -128, -31, -128, -58, -128, -83, -128, -102, -128, -114, -128, -121, -123, -122, -128, 127, -128, 127, -128, 127, -128, 127, -128, 125, -128, 93, -115, 71, -65, 62, -12, 66, 37, 82, 80, 105, 111, 127, 127, 127, 127, 127, 127, 127, 127, 127, 127, 127, 127, 127, 127, 127, 127, 127, 127, 92, 127, 58, 127, 26, 127, -7, 127, -37, 127, -56]",esp32_2
CSI_DATA,115861,2025-08-27 15:24:18.254,0,walk,00:00:00:00:00:00,-64,11,0,0,0,0,0,0,0,0,0,-97,0,1,0,3469699422,0,14,0,0,0,104,0,"[0, 0, 127, 123, 127, 127, 127, 127, 127, 127, 127, 127, 127, 117, 127, 111, 127, 91, 127, 81, 127, 75, 127, 73, 127, 80, 127, 85, 127, 95, 127, 97, 97, 97, 75, 88, 48, 71, 31, 53, 16, 31, 5, 5, 7, -22, 7, -40, 26, -65, 42, -71, -32, 120, -43, 122, -48, 116, -59, 120, -62, 115, -60, 110, -59, 102, -57, 95, -46, 89, -37, 88, -16, 89, -5, 98, -3, 94, 7, 106, 11, 113, 23, 122, 22, 121, 28, 121, 29, 105, 40, 96, 56, 80, 81, 76, 110, 73, 127, 65, 127, 70, 127, 85]",esp32_1
CSI_DATA,118418,2025-08-27 15:24:18.254,0,walk,00:00:00:00:00:00,-42,11,0,0,0,0,0,0,0,0,0,-97,0,1,0,328740820,0,14,0,0,0,104,0,"[0, 0, 118, -128, 110, -128, 104, -128, 99, -128, 93, -128, 87, -128, 85, -128, 85, -128, 84, -128, 81, -128, 76, -128, 69, -118, 55, -73, 33, -29, 4, 12, -29, 48, -66, 72, -105, 83, -128, 84, -128, 75, -128, 59, -128, 41, -128, 20, -128, 2, -128, -9, 9, 127, -16, 127, -44, 127, -62, 127, -71, 127, -68, 127, -49, 121, -18, 85, 22, 56, 67, 35, 112, 24, 127, 21, 127, 23, 127, 30, 127, 36, 127, 38, 127, 38, 127, 30, 127, 13, 127, -8, 127, -36, 127, -69, 127, -104, 127, -128, 127, -128, 127, -128]",esp32_2
CSI_DATA,118419,2025-08-27 15:24:18.275,0,walk,00:00:00:00:00:00,-42,11,0,0,0,0,0,0,0,0,0,-97,0,1,0,328754216,0,14,0,0,0,104,0,"[0, 0, 127, -128, 127, -128, 127, -128, 127, -128, 119, -128, 111, -128, 106, -128, 101, -128, 96, -128, 89, -128, 80, -128, 69, -106, 55, -61, 36, -16, 10, 26, -20, 63, -54, 92, -91, 108, -125, 114, -128, 110, -128, 100, -128, 84, -128, 64, -128, 45, -128, 32, -121, 127, -128, 127, -128, 127, -128, 127, -128, 127, -128, 127, -108, 96, -65, 66, -14, 45, 39, 34, 92, 32, 127, 36, 127, 45, 127, 58, 127, 67, 127, 72, 127, 74, 127, 65, 127, 47, 127, 24, 127, -8, 127, -46, 127, -85, 127, -128, 127, -128, 127, -128]",esp32_2
CSI_DATA,115862,2025-08-27 15:24:18.283,0,walk,00:00:00:00:00:00,-65,11,0,0,0,0,0,0,0,0,0,-97,0,1,0,3469725290,0,14,0,0,0,104,0,"[0, 0, -128, -9, -128, -20, -128, -37, -128, -35, -128, -37, -128, -31, -128, -24, -128, -4, -128, -1, -128, 13, -128, 13, -128, 5, -128, 2, -128, -11, -128, -23, -128, -40, -111, -41, -77, -44, -47, -35, -23, -23, -4, -5, 10, 19, 18, 43, 15, 66, 6, 84, -11, -124, -6, -128, -2, -128, 5, -128, 15, -128, 22, -126, 19, -116, 20, -111, 7, -101, 0, -94, -22, -92, -34, -94, -39, -86, -50, -91, -60, -91, -74, -106, -68, -101, -75, -100, -72, -79, -81, -67, -86, -47, -105, -27, -128, -18, -128, 10, -128, 15, -128, 8]",esp32_1
CSI_DATA,118420,2025-08-27 15:24:18.302,0,walk,00:00:00:00:00:00,-41,11,0,0,0,0,0,0,0,0,0,-97,0,1,0,328761735,0,14,0,0,0,104,0,"[0, 0, 127, 36, 127, 29, 127, 24, 127, 23, 127, 23, 127, 24, 127, 25, 127, 25, 127, 24, 127, 25, 127, 27, 105, 26, 64, 19, 21, 7, -21, -10, -60, -31, -89, -56, -106, -87, -113, -116, -113, -128, -104, -128, -88, -128, -71, -128, -54, -128, -41, -128, -128, 65, -128, 41, -128, 11, -128, -14, -128, -30, -128, -37, -128, -31, -84, -12, -42, 18, -6, 57, 21, 100, 39, 127, 46, 127, 49, 127, 50, 127, 48, 127, 45, 127, 48, 127, 56, 127, 66, 127, 83, 127, 108, 127, 127, 127, 127, 114, 127, 90, 127, 75]",esp32_2
CSI_DATA,115863,2025-08-27 15:24:18.316,0,walk,00:00:00:00:00:00,-64,11,0,0,0,0,0,0,0,0,0,-97,0,1,0,3469750108,0,14,0,0,0,104,0,"[0, 0, -128, -128, -128, -128, -128, -128, -116, -128, -109, -128, -104, -128, -99, -128, -115, -128, -115, -128, -122, -128, -126, -128, -118, -128, -116, -128, -101, -128, -69, -128, -53, -128, -28, -128, -12, -103, 4, -74, 2, -41, -8, -14, -22, 13, -38, 27, -65, 49, -81, 48, 98, -120, 103, -117, 112, -111, 118, -103, 126, -101, 121, -88, 113, -82, 110, -78, 93, -76, 86, -84, 64, -89, 53, -97, 56, -109, 51, -123, 52, -128, 39, -128, 31, -128, 34, -128, 28, -128, 11, -128, -13, -125, -40, -125, -81, -128, -105, -128, -128, -128, -128, -128]",esp32_1
CSI_DATA,118421,2025-08-27 15:24:18.327,0,walk,00:00:00:00:00:00,-41,11,0,0,0,0,0,0,0,0,0,-97,0,1,0,328771236,0,14,0,0,0,104,0,"[0, 0, 127, 110, 127, 108, 127, 106, 127, 106, 127, 104, 127, 101, 127, 98, 127, 91, 127, 83, 127, 73, 127, 62, 96, 48, 57, 27, 18, 1, -16, -27, -45, -58, -65, -90, -74, -122, -74, -128, -68, -128, -55, -128, -38, -128, -23, -128, -12, -128, -3, -128, -128, -42, -128, -63, -128, -85, -128, -97, -128, -101, -128, -93, -104, -69, -66, -33, -37, 11, -17, 61, -6, 113, -3, 127, -8, 127, -18, 127, -26, 127, -33, 127, -38, 127, -36, 127, -25, 127, -8, 127, 17, 127, 47, 127, 84, 127, 127, 127, 127, 127, 127, 127]",esp32_2
CSI_DATA,118422,2025-08-27 15:24:18.349,0,walk,00:00:00:00:00:00,-40,11,0,0,0,0,0,0,0,0,0,-97,0,1,0,328791362,0,14,0,0,0,104,0,"[0, 0, 127, -128, 127, -128, 127, -128, 127, -128, 127, -119, 127, -103, 127, -89, 127, -77, 127, -65, 127, -54, 127, -42, 103, -32, 59, -27, 16, -26, -24, -30, -61, -38, -91, -50, -112, -66, -125, -84, -128, -98, -127, -108, -118, -112, -104, -111, -89, -106, -77, -100, -128, 127, -128, 127, -128, 103, -128, 74, -128, 49, -128, 31, -114, 22, -62, 25, -10, 41, 40, 67, 82, 100, 111, 127, 127, 127, 127, 127, 127, 127, 127, 127, 127, 127, 127, 127, 127, 127, 123, 127, 125, 127, 127, 108, 127, 61, 127, 10, 127, -35, 127, -63]",esp32_2
CSI_DATA,118423,2025-08-27 15:24:18.370,0,walk,00:00:00:00:00:00,-40,11,0,0,0,0,0,0,0,0,0,-97,0,1,0,328823355,0,14,0,0,0,104,0,"[0, 0, 127, 19, 127, 31, 127, 42, 127, 52, 127, 59, 127, 63, 127, 64, 127, 60, 127, 52, 127, 44, 127, 35, 127, 21, 90, 5, 57, -10, 25, -26, -4, -43, -26, -61, -42, -80, -52, -97, -58, -109, -57, -116, -52, -118, -47, -115, -43, -108, -40, -101, -128, 63, -128, 40, -128, 12, -128, -10, -128, -24, -128, -27, -128, -17, -86, 6, -46, 41, -12, 84, 14, 127, 28, 127, 30, 127, 27, 127, 22, 127, 15, 127, 8, 127, 7, 127, 12, 127, 25, 127, 50, 127, 85, 127, 127, 99, 127, 65, 127, 37, 127, 22]",esp32_2
CSI_DATA,118424,2025-08-27 15:24:18.392,0,walk,00:00:00:00:00:00,-41,11,0,0,0,0,0,0,0,0,0,-97,0,1,0,328851975,0,14,0,0,0,104,0,"[0, 0, -128, 20, -128, 8, -128, -2, -128, -15, -128, -23, -128, -28, -128, -29, -128, -28, -128, -25, -128, -21, -128, -17, -128, -13, -95, -7, -60, -3, -26, 1, 5, 8, 33, 18, 57, 29, 74, 42, 86, 54, 91, 63, 92, 70, 89, 74, 86, 76, 81, 76, 127, -115, 127, -90, 127, -58, 127, -30, 127, -9, 127, 4, 127, 3, 95, -12, 48, -37, 7, -72, -24, -113, -45, -128, -56, -128, -62, -128, -64, -128, -63, -128, -61, -128, -64, -128, -71, -128, -84, -128, -107, -128, -128, -98, -128, -61, -128, -27, -128, -1, -128, 12]",esp32_2
CSI_DATA,115865,2025-08-27 15:24:18.403,0,walk,00:00:00:00:00:00,-65,11,0,0,0,0,0,0,0,0,0,-97,0,1,0,3469811408,0,14,0,0,0,104,0,"[0, 0, 127, 127, 127, 127, 127, 127, 113, 127, 104, 127, 94, 127, 94, 127, 101, 127, 108, 127, 108, 121, 114, 127, 120, 127, 120, 127, 111, 127, 98, 127, 75, 127, 53, 115, 29, 97, 14, 74, 5, 47, -1, 24, 4, -1, 10, -23, 25, -43, 45, -56, -95, 88, -103, 85, -109, 76, -114, 70, -118, 67, -111, 59, -104, 56, -95, 53, -86, 56, -78, 61, -58, 72, -50, 78, -57, 89, -51, 102, -49, 110, -43, 120, -46, 116, -37, 117, -38, 109, -24, 96, 4, 92, 31, 94, 67, 100, 86, 107, 119, 124, 127, 127]",esp32_1
CSI_DATA,118425,2025-08-27 15:24:18.415,0,walk,00:00:00:00:00:00,-42,11,0,0,0,0,0,0,0,0,0,-97,0,1,0,328885353,0,14,0,0,0,104,0,"[0, 0, -128, -128, -128, -128, -128, -128, -128, -128, -128, -128, -128, -128, -128, -128, -128, -128, -128, -127, -128, -106, -108, -86, -83, -66, -57, -45, -28, -24, 1, -2, 28, 24, 49, 49, 62, 75, 68, 103, 69, 125, 62, 127, 51, 127, 39, 127, 28, 127, 19, 127, 127, 50, 127, 75, 127, 102, 127, 118, 127, 122, 127, 113, 119, 89, 82, 50, 50, 2, 28, -52, 17, -106, 16, -128, 22, -128, 31, -128, 39, -128, 45, -128, 46, -128, 36, -128, 17, -128, -10, -128, -47, -128, -90, -128, -128, -128, -128, -128, -128, -128, -128, -128]",esp32_2
CSI_DATA,115866,2025-08-27 15:24:18.436,0,walk,00:00:00:00:00:00,-65,11,0,0,0,0,0,0,0,0,0,-97,0,1,0,3469857373,0,14,0,0,0,104,0,"[0, 0, -128, 127, -128, 127, -128, 125, -128, 107, -128, 96, -128, 89, -128, 86, -128, 93, -123, 96, -104, 105, -103, 126, -102, 127, -99, 127, -119, 123, -121, 109, -115, 93, -109, 71, -100, 47, -83, 34, -59, 17, -30, 4, -2, 6, 22, 4, 41, 17, 54, 35, -66, -106, -58, -113, -59, -121, -46, -119, -45, -124, -39, -117, -35, -111, -40, -100, -45, -93, -57, -74, -66, -71, -84, -62, -90, -55, -103, -57, -111, -62, -112, -66, -108, -64, -107, -60, -94, -41, -88, -21, -83, 5, -86, 30, -88, 59, -99, 98, -122, 127, -128, 127]",esp32_1
CSI_DATA,118426,2025-08-27 15:24:18.436,0,walk,00:00:00:00:00:00,-42,11,0,0,0,0,0,0,0,0,0,-97,0,1,0,328936473,0,14,0,0,0,104,0,"[0, 0, 127, 46, 127, 48, 127, 47, 127, 48, 127, 46, 127, 42, 127, 37, 127, 32, 127, 26, 127, 22, 127, 18, 127, 12, 104, 2, 69, -11, 34, -27, 2, -48, -21, -75, -35, -105, -40, -128, -36, -128, -26, -128, -10, -128, 6, -128, 19, -128, 28, -128, -128, 127, -128, 127, -128, 127, -128, 127, -128, 103, -128, 70, -97, 49, -42, 44, 14, 52, 65, 74, 108, 105, 127, 127, 127, 127, 127, 127, 127, 127, 127, 127, 127, 127, 127, 127, 127, 127, 127, 127, 127, 127, 127, 127, 127, 112, 127, 84, 127, 63, 127, 53]",esp32_2
CSI_DATA,118427,2025-08-27 15:24:18.461,0,walk,00:00:00:00:00:00,-42,11,0,0,0,0,0,0,0,0,0,-97,0,1,0,328970498,0,14,0,0,0,104,0,"[0, 0, -128, -128, -128, -128, -128, -128, -128, -128, -128, -128, -128, -128, -128, -128, -128, -128, -128, -128, -115, -128, -100, -120, -86, -99, -71, -74, -56, -51, -43, -24, -34, 6, -30, 33, -33, 56, -40, 77, -50, 92, -65, 99, -78, 100, -86, 94, -90, 85, -90, 77, 127, -84, 127, -63, 127, -35, 127, -13, 127, 0, 118, 4, 83, -4, 51, -24, 23, -53, 3, -88, -8, -125, -7, -128, 1, -128, 11, -128, 21, -128, 29, -128, 35, -128, 37, -128, 27, -128, 9, -128, -16, -128, -45, -128, -78, -128, -113, -128, -128, -128, -128, -128]",esp32_2
CSI_DATA,115867,2025-08-27 15:24:18.471,0,walk,00:00:00:00:00:00,-65,11,0,0,0,0,0,0,0,0,0,-97,0,1,0,3469906091,0,14,0,0,0,104,0,"[0, 0, -70, 127, -88, 127, -96, 127, -112, 127, -106, 127, -95, 127, -77, 127, -43, 127, -24, 127, 8, 127, 21, 127, 35, 127, 45, 127, 33, 127, 17, 127, 1, 127, -23, 127, -34, 127, -42, 107, -40, 69, -22, 37, -7, 13, 20, -12, 47, -35, 75, -32, -128, -55, -128, -69, -128, -82, -128, -84, -128, -87, -128, -91, -118, -79, -114, -73, -109, -57, -116, -33, -116, -12, -119, 2, -128, 18, -128, 26, -128, 25, -128, 27, -128, 24, -128, 28, -128, 39, -108, 49, -75, 69, -53, 100, -21, 124, -12, 127, 0, 127, 7, 127]",esp32_1
CSI_DATA,118428,2025-08-27 15:24:18.482,0,walk,00:00:00:00:00:00,-41,11,0,0,0,0,0,0,0,0,0,-97,0,1,0,328993896,0,14,0,0,0,104,0,"[0, 0, -48, -128, -33, -128, -19, -128, -3, -128, 9, -128, 17, -128, 20, -128, 20, -128, 18, -128, 15, -128, 13, -128, 9, -128, 4, -121, -2, -87, -9, -52, -19, -16, -34, 16, -53, 40, -75, 57, -96, 68, -115, 71, -128, 67, -128, 59, -128, 49, -128, 40, 127, 127, 127, 127, 127, 127, 127, 127, 127, 127, 101, 125, 81, 87, 74, 42, 78, -4, 92, -50, 116, -90, 127, -118, 127, -128, 127, -128, 127, -128, 127, -128, 127, -128, 127, -128, 127, -128, 127, -128, 123, -128, 82, -128, 42, -128, 5, -128, -26, -128, -45, -128]",esp32_2
CSI_DATA,115868,2025-08-27 15:24:18.496,0,walk,00:00:00:00:00:00,-65,11,0,0,0,0,0,0,0,0,0,-97,0,1,0,3469931798,0,14,0,0,0,104,0,"[0, 0, 2, -128, 20, -128, 34, -128, 51, -128, 53, -128, 49, -128, 37, -128, 13, -128, -5, -128, -24, -128, -40, -128, -55, -128, -55, -128, -45, -128, -38, -128, -20, -128, 1, -128, 15, -108, 20, -90, 23, -60, 12, -34, -2, -11, -14, 11, -33, 27, -58, 30, 127, 4, 127, 14, 127, 24, 127, 24, 126, 34, 120, 39, 108, 34, 103, 30, 95, 17, 98, 0, 95, -15, 94, -30, 107, -42, 114, -49, 123, -53, 115, -59, 115, -51, 108, -51, 98, -52, 80, -62, 49, -69, 33, -88, 0, -108, -16, -128, -26, -128, -38, -128]",esp32_1
CSI_DATA,118429,2025-08-27 15:24:18.506,0,walk,00:00:00:00:00:00,-42,11,0,0,0,0,0,0,0,0,0,-97,0,1,0,329029675,0,14,0,0,0,104,0,"[0, 0, 127, -128, 127, -128, 127, -128, 127, -128, 127, -128, 127, -128, 127, -128, 127, -128, 112, -128, 93, -128, 76, -128, 61, -128, 48, -101, 35, -67, 21, -32, 3, 4, -18, 35, -44, 60, -73, 78, -100, 87, -123, 90, -128, 85, -128, 74, -128, 60, -128, 49, 51, 127, 26, 127, -4, 127, -24, 127, -34, 127, -33, 127, -17, 126, 11, 85, 49, 51, 92, 22, 127, 3, 127, -6, 127, -8, 127, -5, 127, -2, 127, 0, 127, -1, 127, -10, 127, -27, 127, -54, 127, -92, 127, -128, 122, -128, 106, -128, 99, -128, 100, -128]",esp32_2
CSI_DATA,115869,2025-08-27 15:24:18.524,0,walk,00:00:00:00:00:00,-65,11,0,0,0,0,0,0,0,0,0,-97,0,1,0,3469965828,0,14,0,0,0,104,0,"[0, 0, -128, 86, -128, 61, -128, 43, -128, 28, -128, 25, -128, 22, -128, 30, -128, 48, -128, 62, -120, 82, -115, 95, -117, 108, -119, 121, -128, 115, -128, 102, -125, 82, -128, 70, -114, 44, -99, 24, -66, 7, -38, -9, -8, -8, 19, -5, 44, 12, 58, 29, 9, -128, 16, -128, 25, -128, 26, -128, 31, -128, 30, -124, 24, -114, 16, -108, 7, -101, -8, -92, -22, -97, -40, -103, -50, -99, -63, -107, -67, -112, -74, -121, -71, -115, -69, -111, -56, -86, -55, -62, -62, -31, -78, 5, -111, 27, -126, 63, -128, 84, -128, 90]",esp32_1
CSI_DATA,118430,2025-08-27 15:24:18.528,0,walk,00:00:00:00:00:00,-43,11,0,0,0,0,0,0,0,0,0,-97,0,1,0,329055831,0,14,0,0,0,104,0,"[0, 0, -79, -128, -64, -128, -52, -128, -39, -128, -30, -128, -25, -128, -23, -128, -24, -128, -25, -128, -24, -128, -21, -128, -15, -121, -8, -89, -1, -56, 7, -22, 12, 15, 12, 50, 3, 82, -11, 109, -28, 127, -47, 127, -66, 127, -80, 127, -90, 127, -97, 116, 127, 127, 127, 127, 109, 127, 82, 127, 60, 127, 44, 127, 38, 99, 42, 57, 55, 16, 77, -23, 101, -56, 125, -79, 127, -93, 127, -105, 127, -113, 127, -118, 127, -120, 127, -123, 127, -128, 107, -128, 70, -128, 32, -128, -6, -128, -40, -128, -66, -128, -79, -128]",esp32_2
CSI_DATA,118431,2025-08-27 15:24:18.549,0,walk,00:00:00:00:00:00,-43,11,0,0,0,0,0,0,0,0,0,-97,0,1,0,329081257,0,14,0,0,0,104,0,"[0, 0, 127, 127, 127, 127, 127, 127, 127, 127, 127, 127, 127, 127, 127, 127, 127, 127, 127, 127, 125, 127, 107, 112, 86, 92, 63, 70, 37, 45, 10, 16, -15, -17, -33, -54, -41, -94, -39, -128, -29, -128, -11, -128, 11, -128, 32, -128, 50, -128, 64, -128, -128, -44, -128, -65, -128, -86, -128, -96, -128, -95, -128, -79, -96, -50, -68, -12, -51, 31, -42, 76, -42, 120, -47, 127, -57, 127, -66, 127, -70, 127, -70, 127, -64, 127, -47, 127, -20, 127, 15, 127, 58, 127, 105, 127, 127, 127, 127, 127, 127, 127, 127, 127]",esp32_2
CSI_DATA,118432,2025-08-27 15:24:18.574,0,walk,00:00:00:00:00:00,-44,11,0,0,0,0,0,0,0,0,0,-97,0,1,0,329117486,0,14,0,0,0,104,0,"[0, 0, -128, 40, -128, 28, -128, 21, -128, 18, -128, 17, -128, 19, -128, 22, -128, 26, -128, 30, -128, 30, -128, 26, -126, 17, -92, 7, -54, -2, -13, -9, 30, -11, 71, -5, 107, 10, 127, 32, 127, 57, 127, 81, 127, 103, 127, 120, 127, 127, 112, 127, 127, -128, 127, -128, 127, -94, 127, -65, 127, -43, 127, -27, 93, -24, 48, -34, 5, -52, -34, -76, -65, -105, -86, -128, -99, -128, -107, -128, -112, -128, -116, -128, -120, -128, -128, -128, -128, -127, -128, -92, -128, -56, -128, -22, -128, 12, -128, 41, -128, 56, -128, 58]",esp32_2
CSI_DATA,118433,2025-08-27 15:24:18.595,0,walk,00:00:00:00:00:00,-44,11,0,0,0,0,0,0,0,0,0,-97,0,1,0,329167154,0,14,0,0,0,104,0,"[0, 0, -89, -128, -78, -128, -69, -128, -62, -128, -56, -128, -52, -128, -51, -128, -51, -128, -49, -128, -45, -128, -38, -128, -28, -128, -19, -94, -12, -55, -8, -14, -10, 28, -19, 67, -38, 98, -64, 121, -90, 127, -115, 127, -128, 127, -128, 113, -128, 92, -128, 75, 127, 127, 127, 127, 127, 127, 127, 127, 101, 127, 74, 112, 56, 72, 49, 27, 53, -19, 67, -63, 87, -99, 108, -125, 127, -128, 127, -128, 127, -128, 127, -128, 127, -128, 127, -128, 101, -128, 68, -128, 32, -128, -5, -128, -41, -128, -72, -128, -92, -128, -100, -128]",esp32_2
CSI_DATA,118434,2025-08-27 15:24:18.617,0,walk,00:00:00:00:00:00,-43,11,0,0,0,0,0,0,0,0,0,-97,0,1,0,329201289,0,14,0,0,0,104,0,"[0, 0, 127, -23, 127, -16, 127, -11, 127, -7, 127, -5, 127, -7, 127, -12, 127, -16, 127, -21, 127, -24, 127, -20, 127, -13, 114, -6, 75, -1, 30, -5, -15, -16, -53, -36, -80, -65, -98, -97, -106, -127, -103, -128, -93, -128, -76, -128, -53, -128, -34, -128, -128, 127, -128, 127, -128, 127, -128, 127, -128, 107, -119, 78, -78, 59, -30, 53, 18, 59, 64, 74, 102, 94, 127, 118, 127, 127, 127, 127, 127, 127, 127, 127, 127, 127, 127, 127, 127, 117, 127, 87, 127, 52, 127, 20, 127, -11, 127, -37, 127, -50, 127, -51]",esp32_2
CSI_DATA,115871,2025-08-27 15:24:18.622,0,walk,00:00:00:00:00:00,-64,11,0,0,0,0,0,0,0,0,0,-97,0,1,0,3470665593,0,14,0,0,0,104,0,"[0, 0, -73, -128, -84, -116, -105, -80, -124, -64, -128, -36, -128, -18, -128, 0, -128, 14, -128, 21, -128, 22, -128, 18, -128, 3, -128, -2, -128, -26, -128, -38, -128, -54, -105, -68, -62, -68, -26, -70, 8, -58, 37, -44, 65, -27, 79, -7, 95, 12, 101, 30, 39, 99, 46, 109, 50, 112, 59, 122, 65, 127, 63, 127, 57, 127, 48, 127, 45, 127, 43, 124, 34, 103, 26, 76, 22, 64, 18, 32, 15, 12, 8, -32, 3, -58, 4, -85, -2, -104, -1, -126, -10, -128, -15, -128, -30, -128, -29, -128, -34, -128, -45, -128]",esp32_1
CSI_DATA,118435,2025-08-27 15:24:18.639,0,walk,00:00:00:00:00:00,-43,11,0,0,0,0,0,0,0,0,0,-97,0,1,0,329226460,0,14,0,0,0,104,0,"[0, 0, -128, -128, -128, -128, -128, -128, -128, -128, -128, -128, -128, -128, -128, -128, -128, -128, -128, -128, -128, -127, -122, -114, -99, -97, -73, -76, -45, -52, -19, -23, 2, 10, 15, 44, 18, 78, 14, 109, 3, 127, -14, 127, -34, 127, -51, 127, -64, 127, -73, 123, 127, -56, 127, -34, 127, -7, 127, 11, 127, 20, 123, 19, 86, 5, 54, -19, 29, -51, 12, -88, 4, -125, 4, -128, 8, -128, 14, -128, 17, -128, 17, -128, 11, -128, -4, -128, -25, -128, -52, -128, -86, -128, -125, -128, -128, -128, -128, -128, -128, -128, -128, -128]",esp32_2
CSI_DATA,115872,2025-08-27 15:24:18.652,0,walk,00:00:00:00:00:00,-64,11,0,0,0,0,0,0,0,0,0,-97,0,1,0,3470672429,0,14,0,0,0,104,0,"[0, 0, 19, 127, 36, 127, 70, 110, 90, 99, 116, 73, 127, 59, 127, 47, 127, 39, 127, 43, 127, 40, 127, 54, 127, 64, 127, 67, 127, 85, 127, 91, 127, 92, 83, 98, 42, 87, 13, 77, -24, 53, -47, 35, -63, 8, -75, -12, -85, -34, -89, -57, -11, -105, -15, -113, -19, -121, -24, -128, -25, -128, -21, -128, -22, -128, -16, -128, -11, -128, -15, -128, -7, -110, -9, -86, -9, -64, -12, -40, -15, -15, -22, 20, -24, 48, -25, 72, -30, 92, -31, 122, -31, 127, -28, 127, -28, 127, -28, 127, -26, 127, -15, 127]",esp32_1
CSI_DATA,118436,2025-08-27 15:24:18.661,0,walk,00:00:00:00:00:00,-43,11,0,0,0,0,0,0,0,0,0,-97,0,1,0,329251929,0,14,0,0,0,104,0,"[0, 0, -128, 127, -128, 127, -128, 127, -128, 124, -128, 117, -128, 111, -128, 106, -128, 100, -128, 92, -128, 84, -128, 73, -128, 58, -119, 39, -81, 18, -40, 4, 5, -1, 47, 2, 82, 13, 112, 32, 127, 56, 127, 78, 127, 94, 127, 110, 117, 124, 102, 127, 89, -128, 107, -128, 122, -128, 124, -128, 111, -128, 89, -105, 55, -77, 10, -62, -35, -57, -78, -58, -117, -69, -128, -87, -128, -107, -128, -127, -128, -128, -128, -128, -128, -126, -128, -102, -128, -73, -128, -37, -128, 4, -128, 43, -128, 81, -128, 117, -128, 127, -128, 127]",esp32_2
CSI_DATA,115873,2025-08-27 15:24:18.686,0,walk,00:00:00:00:00:00,-65,11,0,0,0,0,0,0,0,0,0,-97,0,1,0,3470682508,0,14,0,0,0,104,0,"[0, 0, 127, 42, 127, 16, 127, -7, 127, -43, 111, -78, 100, -108, 101, -128, 105, -128, 108, -128, 117, -128, 127, -128, 127, -128, 127, -128, 127, -128, 127, -128, 127, -90, 127, -60, 103, -23, 83, 1, 50, 29, 22, 52, -15, 62, -42, 60, -74, 57, -89, 44, -105, -8, -115, -3, -127, 2, -128, 6, -128, 5, -128, 4, -128, 4, -128, -3, -128, 0, -128, -9, -114, 3, -100, 2, -71, 0, -46, 6, -19, 14, -2, 40, 23, 42, 55, 54, 81, 50, 109, 61, 127, 67, 127, 69, 127, 86, 127, 88, 127, 85, 127, 90]",esp32_1
CSI_DATA,118437,2025-08-27 15:24:18.686,0,walk,00:00:00:00:00:00,-43,11,0,0,0,0,0,0,0,0,0,-97,0,1,0,329325727,0,14,0,0,0,104,0,"[0, 0, 127, 127, 127, 127, 127, 127, 127, 127, 127, 127, 127, 127, 127, 127, 127, 127, 127, 127, 127, 127, 127, 127, 118, 119, 88, 99, 56, 73, 25, 43, -1, 8, -18, -30, -25, -69, -22, -106, -11, -128, 6, -128, 27, -128, 46, -128, 62, -128, 71, -128, -128, 89, -128, 62, -128, 31, -128, 8, -128, -4, -128, -4, -104, 10, -67, 36, -38, 71, -17, 112, -5, 127, -4, 127, -11, 127, -19, 127, -24, 127, -25, 127, -20, 127, -6, 127, 16, 127, 47, 127, 86, 127, 127, 127, 127, 127, 127, 127, 127, 127, 127, 127]",esp32_2
CSI_DATA,118438,2025-08-27 15:24:18.707,0,walk,00:00:00:00:00:00,-43,11,0,0,0,0,0,0,0,0,0,-97,0,1,0,329361823,0,14,0,0,0,104,0,"[0, 0, -128, 127, -128, 127, -128, 127, -128, 127, -128, 127, -128, 127, -128, 127, -128, 127, -128, 127, -128, 119, -128, 100, -128, 79, -119, 57, -87, 32, -49, 12, -9, -1, 31, -8, 69, -5, 102, 7, 125, 23, 127, 42, 127, 61, 127, 79, 124, 93, 112, 101, 39, -128, 60, -128, 80, -128, 88, -128, 83, -128, 66, -122, 36, -91, -4, -69, -48, -57, -93, -56, -128, -64, -128, -79, -128, -95, -128, -108, -128, -115, -128, -117, -128, -109, -128, -90, -128, -62, -128, -27, -128, 15, -128, 59, -128, 100, -128, 127, -128, 127, -128, 127]",esp32_2
CSI_DATA,115874,2025-08-27 15:24:18.716,0,walk,00:00:00:00:00:00,-65,11,0,0,0,0,0,0,0,0,0,-97,0,1,0,3470692466,0,14,0,0,0,104,0,"[0, 0, -128, -116, -128, -93, -128, -67, -128, -22, -128, 16, -128, 49, -128, 83, -128, 111, -128, 124, -128, 127, -128, 127, -128, 127, -128, 127, -128, 100, -128, 69, -128, 36, -128, 9, -121, -15, -89, -34, -52, -47, -14, -60, 25, -55, 56, -49, 82, -36, 102, -14, 96, 41, 107, 43, 119, 39, 127, 39, 127, 41, 127, 49, 127, 51, 127, 51, 127, 53, 127, 53, 116, 35, 98, 25, 75, 27, 55, 12, 40, -4, 12, -38, -10, -54, -33, -67, -63, -79, -79, -92, -105, -111, -127, -123, -128, -128, -128, -128, -128, -128, -128, -128]",esp32_1
CSI_DATA,118439,2025-08-27 15:24:18.728,0,walk,00:00:00:00:00:00,-42,11,0,0,0,0,0,0,0,0,0,-97,0,1,0,329402420,0,14,0,0,0,104,0,"[0, 0, 127, -73, 127, -67, 127, -61, 127, -53, 127, -45, 127, -39, 127, -35, 127, -31, 127, -27, 127, -22, 127, -13, 127, -4, 127, 4, 97, 8, 55, 9, 12, 3, -28, -8, -61, -27, -87, -52, -103, -76, -110, -98, -105, -116, -94, -128, -80, -128, -67, -128, -128, 127, -128, 127, -128, 127, -128, 127, -128, 109, -123, 85, -80, 71, -31, 71, 16, 82, 59, 104, 92, 127, 113, 127, 123, 127, 127, 127, 127, 127, 127, 127, 124, 127, 126, 127, 127, 127, 127, 112, 127, 71, 127, 32, 127, -3, 127, -36, 127, -58, 127, -66]",esp32_2
CSI_DATA,115875,2025-08-27 15:24:18.740,0,walk,00:00:00:00:00:00,-66,11,0,0,0,0,0,0,0,0,0,-97,0,1,0,3470702447,0,14,0,0,0,104,0,"[0, 0, 40, -128, 24, -128, 2, -128, -17, -128, -47, -120, -75, -105, -110, -96, -128, -87, -128, -91, -128, -91, -128, -106, -128, -115, -128, -122, -128, -128, -128, -128, -112, -128, -72, -128, -38, -117, -7, -102, 18, -72, 36, -39, 48, -3, 49, 27, 53, 58, 38, 75, 31, 88, 38, 92, 41, 95, 52, 107, 62, 120, 59, 127, 55, 127, 51, 127, 50, 127, 49, 127, 36, 111, 33, 88, 40, 75, 39, 51, 36, 31, 35, -2, 34, -25, 41, -54, 44, -78, 42, -103, 39, -128, 39, -128, 36, -128, 45, -128, 45, -128, 46, -128]",esp32_1
CSI_DATA,118440,2025-08-27 15:24:18.750,0,walk,00:00:00:00:00:00,-42,11,0,0,0,0,0,0,0,0,0,-97,0,1,0,329426223,0,14,0,0,0,104,0,"[0, 0, 127, -44, 127, -39, 127, -30, 127, -20, 127, -11, 127, -4, 127, 0, 127, 1, 127, 2, 127, 2, 127, 7, 127, 14, 125, 18, 89, 18, 51, 15, 12, 6, -21, -9, -48, -29, -67, -52, -77, -74, -82, -93, -79, -108, -70, -118, -58, -124, -47, -125, -128, 127, -128, 127, -128, 127, -128, 112, -128, 88, -106, 70, -69, 62, -29, 66, 11, 82, 46, 105, 73, 127, 89, 127, 96, 127, 97, 127, 95, 127, 92, 127, 90, 127, 94, 127, 100, 127, 111, 110, 127, 77, 127, 43, 127, 14, 127, -12, 127, -30, 127, -37]",esp32_2
CSI_DATA,118441,2025-08-27 15:24:18.772,0,walk,00:00:00:00:00:00,-42,11,0,0,0,0,0,0,0,0,0,-97,0,1,0,329449798,0,14,0,236,-56,104,0,"[0, 0, 127, 127, 127, 127, 127, 127, 127, 127, 127, 127, 127, 127, 127, 127, 127, 127, 127, 127, 127, 127, 117, 127, 92, 127, 68, 103, 46, 76, 25, 46, 7, 13, -4, -21, -6, -54, -2, -84, 8, -107, 21, -123, 35, -128, 46, -128, 56, -125, 64, -117, -128, 23, -128, 1, -128, -21, -128, -33, -128, -35, -122, -25, -91, -4, -67, 27, -51, 65, -44, 106, -45, 127, -52, 127, -64, 127, -76, 127, -83, 127, -83, 127, -76, 127, -61, 127, -36, 127, -5, 127, 35, 127, 81, 127, 127, 127, 127, 127, 127, 127, 127, 127]",esp32_2
CSI_DATA,118442,2025-08-27 15:24:18.799,0,walk,00:00:00:00:00:00,-42,11,0,0,0,0,0,0,0,0,0,-97,0,1,0,329485352,0,14,0,236,-56,104,0,"[0, 0, 127, -128, 127, -128, 127, -128, 127, -128, 127, -128, 127, -128, 127, -128, 127, -128, 127, -128, 115, -128, 102, -128, 87, -128, 71, -104, 51, -70, 28, -38, 2, -9, -25, 14, -54, 29, -82, 36, -106, 37, -125, 32, -128, 23, -128, 11, -128, 0, -128, -8, 82, 127, 60, 127, 34, 127, 16, 127, 8, 127, 9, 127, 22, 96, 46, 65, 77, 38, 112, 17, 127, 6, 127, 3, 127, 6, 127, 12, 127, 16, 127, 16, 127, 13, 127, 2, 127, -17, 127, -44, 127, -80, 117, -123, 103, -128, 94, -128, 91, -128, 92, -128]",esp32_2
CSI_DATA,118443,2025-08-27 15:24:18.820,0,walk,00:00:00:00:00:00,-41,11,0,0,0,0,0,0,0,0,0,-97,0,1,0,329522731,0,14,0,12,30,104,0,"[0, 0, -128, 127, -128, 127, -128, 127, -128, 127, -128, 127, -128, 127, -128, 127, -128, 127, -128, 127, -128, 111, -128, 92, -128, 74, -103, 56, -69, 39, -34, 26, 1, 17, 34, 11, 63, 11, 89, 17, 107, 27, 118, 37, 121, 47, 118, 57, 112, 63, 105, 67, 66, -128, 82, -128, 95, -128, 98, -128, 94, -128, 78, -117, 49, -94, 13, -79, -27, -72, -67, -73, -104, -81, -128, -93, -128, -109, -128, -125, -128, -128, -128, -128, -128, -128, -128, -122, -128, -95, -128, -59, -128, -17, -128, 28, -128, 76, -128, 124, -128, 127, -128, 127]",esp32_2
CSI_DATA,115877,2025-08-27 15:24:18.830,0,walk,00:00:00:00:00:00,-67,11,0,0,0,0,0,0,0,0,0,-97,0,1,0,3470722432,0,14,0,0,0,104,0,"[0, 0, 127, -62, 127, -57, 127, -55, 127, -66, 117, -74, 81, -95, 56, -117, 36, -128, 19, -128, 7, -128, 3, -128, 16, -128, 23, -128, 52, -128, 69, -128, 84, -128, 96, -128, 102, -116, 100, -75, 83, -43, 60, -4, 40, 31, 6, 50, -20, 59, -54, 62, -62, 50, -59, 69, -57, 78, -59, 93, -67, 107, -67, 125, -75, 127, -79, 127, -81, 127, -72, 125, -70, 125, -64, 112, -45, 96, -28, 85, -13, 73, 1, 73, 22, 53, 40, 41, 70, 15, 94, 0, 119, -19, 127, -43, 127, -45, 127, -65, 127, -76, 127, -58]",esp32_1
CSI_DATA,118444,2025-08-27 15:24:18.843,0,walk,00:00:00:00:00:00,-40,11,0,0,0,0,0,0,0,0,0,-97,0,1,0,329573301,0,14,0,236,-56,104,0,"[0, 0, 127, 127, 127, 127, 127, 127, 127, 127, 111, 127, 94, 127, 77, 127, 60, 127, 45, 127, 31, 127, 18, 127, 8, 127, 4, 111, 4, 66, 8, 23, 17, -16, 31, -49, 49, -76, 69, -94, 86, -103, 101, -104, 112, -98, 115, -87, 112, -76, 108, -68, -128, -128, -128, -128, -128, -128, -128, -128, -109, -128, -91, -111, -79, -80, -75, -44, -81, -7, -94, 29, -112, 61, -128, 85, -128, 102, -128, 113, -128, 121, -128, 125, -128, 125, -128, 126, -128, 127, -115, 127, -78, 127, -37, 127, 3, 127, 44, 127, 82, 127, 108, 127]",esp32_2
CSI_DATA,115878,2025-08-27 15:24:18.863,0,walk,00:00:00:00:00:00,-67,11,0,0,0,0,0,0,0,0,0,-97,0,1,0,3470732957,0,14,0,0,0,104,0,"[0, 0, 78, -128, 72, -128, 60, -128, 42, -128, 15, -128, -16, -123, -46, -105, -86, -89, -120, -96, -128, -101, -128, -111, -128, -123, -128, -128, -128, -128, -128, -128, -125, -128, -87, -128, -47, -128, -21, -125, 1, -97, 21, -64, 34, -18, 39, 13, 38, 46, 26, 67, 6, 82, 19, 82, 27, 89, 43, 88, 53, 100, 61, 103, 68, 105, 72, 115, 79, 118, 86, 120, 71, 115, 75, 103, 80, 99, 82, 86, 73, 66, 71, 45, 58, 23, 55, -4, 53, -30, 42, -57, 45, -89, 32, -128, 33, -128, 44, -128, 50, -128, 61, -128]",esp32_1
CSI_DATA,118445,2025-08-27 15:24:18.863,0,walk,00:00:00:00:00:00,-39,11,0,0,0,0,0,0,0,0,0,-97,0,1,0,329607835,0,14,0,236,-56,104,0,"[0, 0, -128, 127, -128, 127, -128, 127, -128, 127, -128, 127, -128, 127, -128, 127, -128, 127, -128, 127, -128, 127, -119, 127, -94, 112, -63, 78, -28, 45, 7, 16, 42, -5, 74, -18, 103, -23, 127, -21, 127, -15, 127, -6, 127, 5, 127, 14, 127, 18, 122, 19, 1, -128, 17, -128, 34, -128, 44, -128, 46, -128, 38, -128, 19, -104, -9, -78, -44, -58, -83, -45, -122, -39, -128, -39, -128, -46, -128, -53, -128, -56, -128, -58, -128, -58, -128, -52, -128, -36, -128, -9, -128, 24, -128, 63, -127, 110, -117, 127, -108, 127, -103, 127]",esp32_2
CSI_DATA,115879,2025-08-27 15:24:18.895,0,walk,00:00:00:00:00:00,-67,11,0,0,0,0,0,0,0,0,0,-97,0,1,0,3470742484,0,14,0,0,0,104,0,"[0, 0, 47, -128, 47, -128, 44, -128, 39, -128, 18, -128, -12, -118, -43, -95, -80, -71, -112, -69, -128, -65, -128, -70, -128, -80, -128, -93, -128, -112, -128, -128, -128, -128, -123, -128, -84, -128, -49, -122, -24, -106, 6, -70, 22, -37, 36, -6, 45, 30, 40, 55, 9, 98, 17, 91, 25, 86, 38, 85, 50, 89, 58, 93, 74, 89, 78, 102, 89, 98, 101, 102, 98, 92, 101, 84, 102, 83, 105, 75, 98, 58, 90, 41, 80, 30, 68, 8, 58, -18, 42, -45, 26, -83, 13, -126, 2, -128, 4, -128, 14, -128, 14, -128]",esp32_1
CSI_DATA,118447,2025-08-27 15:24:18.919,0,walk,00:00:00:00:00:00,-40,11,0,0,0,0,0,0,0,0,0,-97,0,1,0,329669374,0,14,0,0,0,104,0,"[0, 0, -128, -88, -128, -94, -128, -97, -128, -102, -128, -104, -128, -105, -128, -107, -128, -106, -128, -102, -128, -95, -128, -87, -109, -73, -74, -53, -41, -29, -12, 0, 10, 32, 23, 63, 26, 91, 23, 115, 14, 127, 2, 127, -10, 127, -18, 127, -23, 118, -25, 107, 127, -3, 127, 10, 127, 23, 127, 31, 125, 32, 102, 27, 78, 12, 57, -9, 39, -35, 25, -65, 15, -95, 12, -122, 15, -128, 20, -128, 23, -128, 25, -128, 26, -128, 23, -128, 14, -128, 0, -128, -19, -128, -44, -128, -75, -116, -110, -102, -128, -91, -128, -87]",esp32_2
CSI_DATA,115880,2025-08-27 15:24:18.927,0,walk,00:00:00:00:00:00,-67,11,0,0,0,0,0,0,0,0,0,-97,0,1,0,3470755207,0,14,0,0,0,104,0,"[0, 0, 77, 127, 63, 127, 61, 127, 42, 127, 40, 127, 48, 125, 61, 89, 83, 60, 104, 38, 126, 16, 127, 16, 127, 16, 127, 17, 127, 33, 127, 52, 127, 66, 127, 79, 115, 84, 88, 84, 52, 71, 24, 56, 1, 37, -19, 8, -34, -19, -34, -50, -78, -66, -79, -64, -81, -57, -84, -45, -92, -39, -96, -34, -97, -23, -105, -21, -110, -7, -126, -8, -124, 7, -128, 14, -128, 5, -127, 11, -120, 18, -106, 30, -92, 30, -79, 33, -49, 41, -18, 54, 6, 66, 42, 93, 79, 125, 90, 127, 106, 127, 111, 127]",esp32_1
CSI_DATA,118448,2025-08-27 15:24:18.939,0,walk,00:00:00:00:00:00,-41,11,0,0,0,0,0,0,0,0,0,-97,0,1,0,329693986,0,14,0,0,0,104,0,"[0, 0, 127, -128, 127, -128, 127, -128, 127, -128, 127, -128, 127, -128, 127, -128, 127, -128, 127, -128, 127, -128, 127, -101, 127, -72, 88, -49, 41, -32, -7, -23, -55, -24, -95, -33, -126, -50, -128, -72, -128, -92, -128, -108, -128, -118, -120, -120, -101, -114, -87, -105, -94, 127, -106, 127, -114, 127, -114, 127, -105, 122, -85, 98, -55, 77, -18, 63, 24, 56, 66, 58, 107, 67, 127, 78, 127, 93, 127, 109, 127, 123, 127, 127, 127, 127, 127, 127, 127, 127, 127, 111, 127, 83, 127, 49, 127, 8, 127, -40, 127, -87, 127, -119]",esp32_2
CSI_DATA,115881,2025-08-27 15:24:18.955,0,walk,00:00:00:00:00:00,-66,11,0,0,0,0,0,0,0,0,0,-97,0,1,0,3470762421,0,14,0,0,0,104,0,"[0, 0, -128, -38, -128, -55, -128, -74, -128, -66, -128, -58, -128, -36, -128, -6, -126, 30, -111, 61, -98, 97, -97, 126, -109, 127, -122, 127, -128, 127, -128, 127, -128, 127, -128, 103, -128, 71, -128, 42, -105, 10, -73, -10, -40, -22, 2, -22, 35, -9, 58, 1, 105, -70, 106, -77, 95, -76, 95, -84, 92, -84, 79, -96, 74, -95, 66, -104, 56, -114, 47, -119, 39, -128, 32, -128, 22, -128, 17, -128, 10, -128, 8, -128, 5, -127, -6, -110, -27, -83, -46, -56, -78, -26, -119, 1, -128, 22, -128, 28, -128, 40, -128, 14]",esp32_1
CSI_DATA,118449,2025-08-27 15:24:18.960,0,walk,00:00:00:00:00:00,-42,11,0,0,0,0,0,0,0,0,0,-97,0,1,0,329731226,0,14,0,0,0,104,0,"[0, 0, -128, -128, -128, -128, -128, -128, -128, -128, -128, -128, -128, -128, -128, -128, -128, -128, -128, -128, -128, -128, -112, -128, -86, -115, -65, -76, -47, -35, -35, 7, -31, 48, -35, 84, -48, 113, -65, 127, -83, 127, -102, 127, -119, 127, -125, 119, -122, 101, -117, 87, 127, 12, 127, 29, 127, 46, 127, 54, 127, 54, 111, 45, 80, 22, 55, -10, 36, -49, 25, -91, 23, -128, 27, -128, 36, -128, 47, -128, 56, -128, 63, -128, 69, -128, 71, -128, 65, -128, 50, -128, 28, -128, 0, -128, -33, -128, -73, -128, -111, -128, -128, -128]",esp32_2
CSI_DATA,118450,2025-08-27 15:24:18.986,0,walk,00:00:00:00:00:00,-42,11,0,0,0,0,0,0,0,0,0,-97,0,1,0,329755637,0,14,0,0,0,104,0,"[0, 0, 127, 127, 127, 127, 127, 127, 127, 127, 127, 127, 127, 127, 127, 127, 127, 127, 127, 127, 112, 127, 87, 127, 64, 102, 46, 67, 31, 29, 21, -8, 15, -45, 17, -80, 27, -109, 42, -128, 59, -128, 75, -128, 91, -128, 100, -128, 103, -119, 105, -106, -128, -29, -128, -51, -128, -73, -128, -85, -128, -87, -127, -77, -91, -52, -59, -18, -36, 24, -23, 73, -20, 120, -24, 127, -34, 127, -47, 127, -57, 127, -67, 127, -73, 127, -71, 127, -62, 127, -45, 127, -20, 127, 11, 127, 48, 127, 87, 127, 124, 127, 127, 127]",esp32_2
CSI_DATA,115882,2025-08-27 15:24:18.993,0,walk,00:00:00:00:00:00,-66,11,0,0,0,0,0,0,0,0,0,-97,0,1,0,3470772481,0,14,0,0,0,104,0,"[0, 0, -128, 127, -128, 127, -128, 127, -128, 127, -128, 127, -128, 127, -97, 127, -60, 127, -26, 124, 12, 127, 39, 127, 55, 127, 62, 127, 53, 127, 35, 127, 27, 127, -2, 127, -25, 127, -33, 127, -38, 91, -33, 57, -29, 22, -11, -7, 8, -31, 40, -40, -46, -128, -43, -128, -46, -128, -50, -125, -51, -122, -53, -119, -55, -108, -64, -111, -74, -93, -97, -83, -102, -77, -110, -76, -126, -66, -128, -63, -128, -58, -128, -52, -122, -47, -109, -33, -98, -9, -81, 25, -67, 65, -58, 114, -52, 127, -68, 127, -90, 127, -102, 127]",esp32_1
CSI_DATA,118451,2025-08-27 15:24:19.004,0,walk,00:00:00:00:00:00,-42,11,0,0,0,0,0,0,0,0,0,-97,0,1,0,329781217,0,14,0,0,0,104,0,"[0, 0, 127, -40, 127, -38, 127, -35, 127, -29, 127, -22, 127, -17, 127, -12, 127, -9, 127, -8, 127, -8, 127, -5, 127, -3, 93, -5, 59, -11, 26, -20, -5, -35, -31, -53, -48, -76, -59, -100, -63, -120, -59, -128, -49, -128, -36, -128, -21, -128, -9, -128, -109, 127, -125, 127, -128, 127, -128, 127, -128, 119, -113, 88, -81, 63, -41, 49, 4, 46, 50, 51, 92, 65, 123, 82, 127, 102, 127, 124, 127, 127, 127, 127, 127, 127, 127, 127, 127, 127, 127, 126, 127, 101, 127, 75, 127, 47, 127, 17, 127, -6, 127, -18]",esp32_2
CSI_DATA,115883,2025-08-27 15:24:19.026,0,walk,00:00:00:00:00:00,-66,11,0,0,0,0,0,0,0,0,0,-97,0,1,0,3470782455,0,14,0,0,0,104,0,"[0, 0, -128, 127, -128, 127, -128, 127, -128, 127, -128, 105, -128, 92, -128, 87, -124, 93, -88, 102, -56, 117, -35, 127, -28, 127, -24, 127, -39, 127, -55, 127, -55, 127, -78, 127, -82, 120, -82, 94, -73, 60, -51, 24, -30, 7, -3, -10, 23, -18, 51, -15, -3, -128, 5, -128, 7, -128, 1, -128, -2, -128, -7, -128, -13, -122, -20, -122, -34, -113, -56, -103, -67, -105, -79, -104, -92, -97, -106, -102, -105, -100, -105, -95, -104, -91, -94, -82, -89, -41, -78, -11, -77, 29, -85, 69, -102, 109, -128, 127, -128, 127, -128, 127]",esp32_1
CSI_DATA,118452,2025-08-27 15:24:19.035,0,walk,00:00:00:00:00:00,-41,11,0,0,0,0,0,0,0,0,0,-97,0,1,0,329818423,0,14,0,0,0,104,0,"[0, 0, 127, 127, 127, 127, 127, 127, 127, 127, 127, 127, 127, 127, 127, 127, 119, 127, 101, 127, 83, 127, 66, 117, 51, 78, 40, 40, 32, 6, 28, -26, 25, -55, 25, -78, 29, -98, 33, -113, 38, -121, 42, -126, 44, -125, 42, -120, 38, -116, 37, -112, -128, -128, -128, -128, -128, -128, -128, -128, -121, -128, -88, -127, -60, -86, -43, -37, -37, 17, -40, 72, -52, 122, -69, 127, -90, 127, -113, 127, -128, 127, -128, 127, -128, 127, -127, 127, -106, 127, -72, 127, -29, 127, 20, 127, 75, 127, 127, 127, 127, 127, 127, 127]",esp32_2
CSI_DATA,118453,2025-08-27 15:24:19.058,0,walk,00:00:00:00:00:00,-39,11,0,0,0,0,0,0,0,0,0,-97,0,1,0,329868117,0,14,0,14,-32,104,0,"[0, 0, -128, 127, -128, 127, -128, 127, -128, 127, -128, 127, -128, 123, -128, 102, -128, 83, -128, 66, -128, 50, -128, 34, -128, 23, -95, 17, -47, 12, -4, 15, 37, 25, 70, 41, 93, 57, 111, 73, 120, 89, 120, 100, 114, 105, 105, 105, 94, 103, 86, 99, 127, -128, 127, -128, 127, -128, 127, -106, 127, -84, 127, -64, 98, -51, 52, -50, 6, -57, -40, -72, -79, -96, -109, -121, -128, -128, -128, -128, -128, -128, -128, -128, -128, -128, -128, -128, -128, -128, -128, -128, -128, -110, -128, -67, -128, -21, -128, 29, -128, 72, -128, 98]",esp32_2
CSI_DATA,118454,2025-08-27 15:24:19.079,0,walk,00:00:00:00:00:00,-40,11,0,0,0,0,0,0,0,0,0,-97,0,1,0,329902158,0,14,0,0,0,104,0,"[0, 0, 127, -128, 127, -128, 127, -128, 127, -128, 127, -128, 127, -128, 127, -128, 127, -128, 127, -128, 127, -128, 127, -103, 127, -77, 92, -56, 51, -39, 7, -28, -37, -23, -75, -24, -106, -35, -128, -53, -128, -71, -128, -88, -128, -101, -128, -111, -125, -115, -113, -115, -62, 127, -77, 127, -89, 127, -93, 127, -88, 127, -77, 114, -56, 89, -26, 70, 11, 56, 53, 50, 96, 51, 127, 58, 127, 68, 127, 82, 127, 96, 127, 107, 127, 115, 127, 116, 127, 107, 127, 89, 127, 62, 127, 27, 127, -16, 127, -64, 127, -108, 127, -128]",esp32_2
CSI_DATA,118455,2025-08-27 15:24:19.101,0,walk,00:00:00:00:00:00,-41,11,0,0,0,0,0,0,0,0,0,-97,0,1,0,329919984,0,14,0,0,0,104,0,"[0, 0, 127, -128, 127, -128, 127, -128, 127, -128, 127, -128, 127, -128, 127, -128, 127, -128, 127, -111, 127, -93, 127, -74, 127, -56, 114, -41, 74, -30, 31, -26, -11, -30, -46, -41, -74, -61, -94, -85, -105, -110, -106, -128, -96, -128, -79, -128, -60, -128, -46, -128, 18, 127, 2, 127, -15, 127, -23, 127, -23, 127, -18, 112, -3, 89, 21, 70, 51, 57, 83, 50, 117, 49, 127, 53, 127, 60, 127, 70, 127, 78, 127, 86, 127, 91, 127, 91, 127, 81, 127, 65, 127, 42, 127, 15, 127, -15, 127, -49, 127, -81, 127, -102]",esp32_2
CSI_DATA,115885,2025-08-27 15:24:19.114,0,walk,00:00:00:00:00:00,-68,11,0,0,0,0,0,0,0,0,0,-97,0,1,0,3470802454,0,14,0,0,0,104,0,"[0, 0, 127, -95, 127, -68, 127, -42, 127, -35, 127, -32, 127, -36, 127, -38, 127, -56, 110, -77, 82, -99, 71, -118, 61, -128, 63, -128, 84, -128, 96, -128, 94, -128, 108, -111, 104, -87, 96, -67, 81, -41, 59, -9, 37, 8, 6, 22, -16, 24, -43, 12, -100, 90, -103, 90, -106, 77, -96, 73, -94, 75, -79, 81, -72, 79, -57, 82, -40, 89, -17, 85, -7, 98, 9, 119, 18, 117, 22, 122, 26, 126, 27, 127, 20, 127, 26, 121, 26, 78, 30, 51, 40, 14, 64, -28, 103, -45, 127, -91, 127, -113, 127, -106]",esp32_1
CSI_DATA,118456,2025-08-27 15:24:19.125,0,walk,00:00:00:00:00:00,-44,11,0,0,0,0,0,0,0,0,0,-97,0,1,0,329944716,0,14,0,0,0,104,0,"[0, 0, 109, -128, 108, -128, 109, -128, 104, -128, 93, -128, 77, -128, 60, -128, 42, -128, 25, -128, 9, -128, 0, -128, -5, -120, -7, -100, -12, -77, -19, -51, -29, -25, -45, -3, -65, 12, -88, 23, -109, 28, -128, 28, -128, 24, -128, 17, -128, 5, -128, -7, 103, 127, 73, 127, 38, 127, 12, 127, -5, 114, -10, 72, -1, 29, 22, -10, 55, -43, 92, -68, 127, -83, 127, -86, 127, -79, 127, -68, 127, -53, 127, -40, 127, -33, 127, -33, 127, -42, 127, -56, 115, -82, 95, -118, 80, -128, 71, -128, 73, -128, 81, -128]",esp32_2
CSI_DATA,115886,2025-08-27 15:24:19.136,0,walk,00:00:00:00:00:00,-69,11,0,0,0,0,0,0,0,0,0,-97,0,1,0,3470812472,0,14,0,0,0,104,0,"[0, 0, -128, 40, -128, 21, -128, -2, -128, -10, -128, -10, -128, -8, -128, 8, -128, 37, -115, 54, -98, 76, -88, 101, -87, 119, -92, 127, -109, 127, -112, 127, -116, 125, -125, 110, -123, 84, -110, 57, -98, 31, -74, 5, -48, -14, -23, -19, 11, -17, 40, -8, 123, -84, 121, -76, 122, -72, 121, -69, 119, -62, 103, -67, 84, -56, 71, -64, 57, -71, 33, -74, 15, -98, 5, -112, -11, -111, -15, -128, -19, -128, -20, -128, -12, -128, -12, -128, -9, -107, -16, -75, -28, -33, -51, -4, -101, 9, -128, 57, -128, 76, -128, 64]",esp32_1
CSI_DATA,118457,2025-08-27 15:24:19.147,0,walk,00:00:00:00:00:00,-41,11,0,0,0,0,0,0,0,0,0,-97,0,1,0,329979683,0,14,0,0,0,104,0,"[0, 0, -128, 127, -128, 127, -128, 127, -128, 127, -128, 127, -128, 119, -128, 105, -128, 92, -128, 77, -103, 60, -67, 44, -36, 29, -8, 13, 15, -3, 32, -20, 48, -35, 58, -49, 65, -61, 71, -71, 73, -79, 69, -85, 66, -88, 59, -88, 51, -89, 45, -88, 127, 127, 127, 127, 125, 127, 94, 127, 61, 127, 30, 127, 3, 111, -16, 55, -29, -8, -33, -73, -28, -128, -17, -128, -5, -128, 8, -128, 18, -128, 25, -128, 26, -128, 19, -128, 5, -128, -17, -128, -48, -112, -86, -62, -128, -12, -128, 37, -128, 76, -128, 99]",esp32_2
CSI_DATA,115887,2025-08-27 15:24:19.169,0,walk,00:00:00:00:00:00,-69,11,0,0,0,0,0,0,0,0,0,-97,0,1,0,3470822441,0,14,0,0,0,104,0,"[0, 0, 36, -128, 54, -128, 68, -128, 82, -128, 72, -128, 69, -128, 40, -128, 14, -128, -22, -124, -57, -104, -98, -113, -128, -121, -128, -128, -128, -128, -128, -128, -128, -128, -103, -128, -77, -128, -38, -128, -29, -125, -13, -100, 6, -70, 5, -36, 12, 3, 5, 27, 102, 127, 97, 127, 83, 127, 76, 127, 77, 127, 54, 127, 52, 127, 48, 108, 61, 82, 71, 68, 82, 30, 103, 4, 127, 2, 127, -15, 127, -18, 127, -17, 127, -21, 127, -9, 127, -8, 127, -24, 115, -44, 73, -60, 24, -92, 19, -128, 2, -128, -23, -128]",esp32_1
CSI_DATA,118458,2025-08-27 15:24:19.169,0,walk,00:00:00:00:00:00,-40,11,0,0,0,0,0,0,0,0,0,-97,0,1,0,330004912,0,14,0,0,0,104,0,"[0, 0, -102, -128, -103, -128, -96, -128, -88, -128, -81, -128, -73, -128, -63, -128, -55, -128, -47, -128, -37, -128, -28, -110, -17, -77, -5, -46, 5, -18, 16, 7, 26, 31, 35, 49, 41, 64, 44, 77, 45, 84, 47, 88, 47, 89, 45, 83, 42, 73, 41, 66, -128, 127, -128, 126, -128, 108, -128, 86, -128, 64, -128, 43, -94, 25, -51, 13, -2, 7, 50, 8, 99, 15, 127, 24, 127, 36, 127, 49, 127, 58, 127, 63, 127, 67, 127, 63, 127, 51, 127, 30, 117, 2, 80, -35, 43, -79, 7, -127, -25, -128, -44, -128]",esp32_2
CSI_DATA,118459,2025-08-27 15:24:19.193,0,walk,00:00:00:00:00:00,-42,11,0,0,0,0,0,0,0,0,0,-97,0,1,0,330030063,0,14,0,0,0,104,0,"[0, 0, -128, 127, -128, 127, -128, 127, -128, 127, -128, 127, -128, 127, -128, 127, -128, 127, -121, 127, -107, 127, -96, 127, -85, 127, -71, 94, -54, 53, -33, 15, -10, -18, 15, -46, 44, -66, 72, -78, 94, -83, 111, -82, 121, -76, 122, -65, 119, -54, 113, -45, 77, -128, 90, -128, 102, -128, 103, -128, 96, -128, 79, -124, 50, -96, 12, -74, -32, -59, -79, -50, -125, -49, -128, -54, -128, -64, -128, -78, -128, -89, -128, -96, -128, -99, -128, -93, -128, -77, -128, -51, -128, -14, -128, 32, -125, 86, -110, 127, -100, 127, -96, 127]",esp32_2
CSI_DATA,115888,2025-08-27 15:24:19.201,0,walk,00:00:00:00:00:00,-69,11,0,0,0,0,0,0,0,0,0,-97,0,1,0,3470835417,0,14,0,0,0,104,0,"[0, 0, 127, -36, 127, -1, 127, 17, 127, 38, 127, 35, 127, 37, 127, 27, 127, 6, 105, -14, 82, -39, 67, -76, 59, -94, 69, -115, 95, -124, 103, -128, 105, -124, 123, -105, 122, -81, 116, -66, 100, -45, 75, -20, 54, -12, 30, -5, 1, -9, -17, -11, -56, 127, -70, 127, -74, 126, -82, 122, -82, 116, -81, 108, -71, 109, -62, 95, -51, 88, -25, 74, -7, 79, 20, 78, 47, 83, 64, 97, 82, 106, 80, 127, 87, 127, 91, 127, 84, 124, 75, 117, 78, 96, 80, 62, 108, 48, 119, 3, 127, -24, 127, -29]",esp32_1
CSI_DATA,118460,2025-08-27 15:24:19.217,0,walk,00:00:00:00:00:00,-42,11,0,0,0,0,0,0,0,0,0,-97,0,1,0,330102751,0,14,0,0,0,104,0,"[0, 0, -128, -95, -128, -112, -128, -117, -128, -113, -128, -102, -128, -80, -128, -55, -128, -30, -128, -4, -128, 21, -128, 40, -115, 49, -99, 52, -80, 52, -56, 52, -28, 54, -1, 59, 21, 69, 41, 85, 55, 102, 64, 117, 69, 127, 67, 127, 57, 127, 46, 127, 127, -128, 127, -128, 127, -128, 127, -97, 127, -65, 91, -45, 33, -40, -25, -57, -78, -88, -124, -126, -128, -128, -128, -128, -128, -128, -128, -128, -128, -128, -126, -128, -117, -128, -117, -128, -125, -128, -128, -128, -128, -122, -128, -85, -128, -50, -128, -22, -128, -14, -128, -19]",esp32_2
CSI_DATA,115889,2025-08-27 15:24:19.233,0,walk,00:00:00:00:00:00,-68,11,0,0,0,0,0,0,0,0,0,-97,0,1,0,3470842467,0,14,0,0,0,104,0,"[0, 0, -128, 127, -128, 127, -128, 127, -128, 127, -128, 114, -128, 85, -128, 75, -128, 56, -104, 61, -68, 76, -38, 97, -19, 111, 0, 127, -11, 127, -19, 127, -29, 127, -43, 127, -58, 127, -67, 120, -60, 98, -46, 64, -32, 50, -16, 22, -3, 8, 20, 6, -52, -128, -46, -128, -33, -128, -28, -128, -18, -128, -8, -128, -4, -128, -6, -128, -5, -111, -29, -81, -36, -63, -61, -48, -87, -36, -115, -31, -128, -30, -128, -36, -128, -47, -128, -50, -128, -41, -128, -33, -128, -13, -128, 12, -127, 27, -128, 84, -128, 127, -128, 127]",esp32_1
CSI_DATA,118461,2025-08-27 15:24:19.241,0,walk,00:00:00:00:00:00,-41,11,0,0,0,0,0,0,0,0,0,-97,0,1,0,330140055,0,14,0,0,0,104,0,"[0, 0, 127, 127, 127, 127, 127, 127, 127, 127, 127, 127, 127, 127, 127, 115, 127, 95, 127, 74, 127, 54, 127, 35, 102, 17, 73, 0, 45, -14, 16, -27, -12, -38, -36, -50, -56, -66, -73, -82, -84, -94, -89, -103, -89, -109, -87, -110, -85, -108, -81, -105, -128, -87, -128, -104, -128, -120, -128, -124, -128, -116, -113, -96, -78, -61, -51, -17, -32, 32, -24, 83, -26, 127, -34, 127, -47, 127, -59, 127, -65, 127, -68, 127, -63, 127, -46, 127, -19, 127, 18, 127, 67, 111, 124, 92, 127, 80, 127, 75, 127, 79, 127, 89]",esp32_2
CSI_DATA,115890,2025-08-27 15:24:19.260,0,walk,00:00:00:00:00:00,-67,11,0,0,0,0,0,0,0,0,0,-97,0,1,0,3470852477,0,14,0,0,0,104,0,"[0, 0, -128, 28, -128, 7, -128, -26, -128, -40, -128, -52, -128, -53, -128, -46, -128, -31, -128, -8, -111, 22, -89, 48, -81, 66, -71, 96, -89, 117, -93, 119, -97, 110, -102, 104, -95, 92, -98, 82, -83, 57, -73, 31, -48, 22, -21, 11, 4, 18, 20, 32, 91, -128, 103, -128, 109, -128, 120, -128, 122, -128, 119, -121, 107, -110, 104, -93, 81, -81, 56, -71, 20, -76, -11, -78, -38, -76, -64, -99, -86, -110, -103, -128, -111, -128, -111, -128, -95, -128, -90, -128, -92, -105, -100, -79, -128, -58, -128, -13, -128, 24, -128, 15]",esp32_1
CSI_DATA,118462,2025-08-27 15:24:19.260,0,walk,00:00:00:00:00:00,-42,11,0,0,0,0,0,0,0,0,0,-97,0,1,0,330168922,0,14,0,0,0,104,0,"[0, 0, -128, 127, -128, 127, -128, 127, -128, 127, -128, 127, -128, 127, -128, 127, -128, 127, -128, 127, -112, 127, -96, 127, -83, 127, -68, 101, -51, 63, -31, 25, -8, -11, 19, -42, 50, -64, 82, -78, 110, -84, 127, -83, 127, -75, 127, -61, 127, -46, 127, -35, 9, -128, 31, -128, 53, -128, 63, -128, 63, -128, 52, -128, 28, -128, -6, -117, -48, -96, -93, -82, -128, -76, -128, -77, -128, -84, -128, -93, -128, -100, -128, -104, -128, -105, -128, -97, -128, -80, -128, -53, -128, -14, -128, 33, -120, 87, -106, 127, -100, 127, -101, 127]",esp32_2
CSI_DATA,118463,2025-08-27 15:24:19.286,0,walk,00:00:00:00:00:00,-42,11,0,0,0,0,0,0,0,0,0,-97,0,1,0,330191034,0,14,0,0,0,104,0,"[0, 0, -128, -94, -128, -108, -128, -117, -128, -121, -128, -118, -128, -111, -128, -104, -128, -93, -128, -81, -128, -71, -128, -64, -128, -57, -113, -51, -85, -44, -57, -33, -30, -14, -7, 8, 8, 30, 17, 56, 19, 80, 14, 98, 7, 110, -3, 118, -16, 121, -27, 119, 127, -128, 127, -128, 127, -121, 127, -97, 121, -80, 93, -69, 59, -67, 25, -79, -4, -97, -30, -119, -48, -128, -56, -128, -55, -128, -51, -128, -45, -128, -36, -128, -30, -128, -32, -128, -38, -128, -49, -128, -68, -128, -94, -111, -124, -88, -128, -72, -128, -66, -128, -68]",esp32_2
CSI_DATA,115891,2025-08-27 15:24:19.288,0,walk,00:00:00:00:00:00,-67,11,0,0,0,0,0,0,0,0,0,-97,0,1,0,3470862452,0,14,0,0,0,104,0,"[0, 0, 127, -97, 127, -80, 127, -61, 127, -40, 127, -22, 127, -16, 127, -12, 127, -15, 106, -27, 77, -40, 55, -64, 43, -84, 33, -96, 37, -109, 47, -112, 43, -109, 53, -105, 54, -91, 55, -73, 48, -60, 31, -41, 17, -24, 1, -12, -15, -13, -27, -13, -50, 127, -60, 127, -68, 127, -74, 127, -82, 127, -86, 119, -77, 106, -75, 93, -58, 76, -30, 64, -5, 57, 19, 57, 50, 50, 83, 64, 97, 75, 111, 96, 115, 110, 119, 116, 106, 101, 108, 88, 94, 69, 96, 47, 98, 24, 115, -22, 127, -51, 127, -74]",esp32_1
CSI_DATA,118464,2025-08-27 15:24:19.308,0,walk,00:00:00:00:00:00,-41,11,0,0,0,0,0,0,0,0,0,-97,0,1,0,330227950,0,14,0,0,0,104,0,"[0, 0, -128, -128, -128, -128, -128, -128, -128, -128, -128, -128, -124, -128, -117, -128, -112, -128, -106, -128, -95, -128, -83, -128, -71, -128, -58, -111, -44, -83, -34, -51, -30, -16, -32, 16, -44, 42, -62, 63, -83, 75, -104, 78, -121, 72, -128, 60, -128, 46, -128, 34, 127, -128, 127, -127, 127, -93, 127, -66, 127, -49, 105, -44, 68, -51, 36, -72, 8, -103, -10, -128, -17, -128, -14, -128, -5, -128, 6, -128, 13, -128, 17, -128, 17, -128, 10, -128, -5, -128, -29, -128, -58, -128, -90, -128, -123, -128, -128, -128, -128, -128, -128, -128]",esp32_2
CSI_DATA,118465,2025-08-27 15:24:19.329,0,walk,00:00:00:00:00:00,-41,11,0,0,0,0,0,0,0,0,0,-97,0,1,0,330253320,0,14,0,0,0,104,0,"[0, 0, -45, 127, -57, 127, -63, 127, -69, 127, -72, 127, -71, 127, -66, 127, -60, 127, -53, 127, -44, 127, -36, 127, -28, 114, -17, 81, -3, 47, 12, 14, 31, -16, 54, -40, 80, -56, 106, -64, 127, -65, 127, -58, 127, -48, 127, -33, 127, -18, 127, -8, -128, -128, -128, -128, -128, -128, -97, -128, -72, -128, -54, -114, -47, -72, -52, -28, -67, 14, -90, 51, -118, 81, -128, 101, -128, 109, -128, 113, -128, 116, -128, 116, -128, 117, -128, 121, -128, 127, -128, 127, -115, 127, -87, 127, -62, 127, -40, 127, -25, 127, -19, 127]",esp32_2
CSI_DATA,118466,2025-08-27 15:24:19.356,0,walk,00:00:00:00:00:00,-42,11,0,0,0,0,0,0,0,0,0,-97,0,1,0,330292156,0,14,0,0,0,104,0,"[0, 0, 127, 127, 127, 127, 127, 127, 127, 127, 127, 127, 127, 127, 127, 127, 127, 127, 127, 127, 127, 127, 117, 115, 92, 93, 68, 67, 44, 38, 26, 6, 13, -28, 6, -60, 8, -89, 17, -113, 29, -127, 42, -128, 53, -128, 59, -119, 59, -109, 58, -101, -128, 70, -128, 45, -128, 16, -128, -2, -128, -7, -111, 1, -75, 22, -47, 54, -28, 92, -18, 127, -18, 127, -26, 127, -38, 127, -49, 127, -54, 127, -55, 127, -50, 127, -35, 127, -13, 127, 16, 127, 53, 127, 93, 127, 127, 127, 127, 127, 127, 127, 127, 127]",esp32_2
CSI_DATA,115893,2025-08-27 15:24:19.382,0,walk,00:00:00:00:00:00,-67,11,0,0,0,0,0,0,0,0,0,-97,0,1,0,3470886782,0,14,0,0,0,104,0,"[0, 0, 82, -128, 108, -128, 127, -128, 127, -128, 127, -128, 115, -128, 92, -128, 65, -128, 31, -115, -3, -102, -41, -103, -77, -103, -94, -102, -96, -117, -97, -124, -92, -127, -73, -125, -51, -112, -32, -104, -19, -81, -13, -53, -17, -21, -13, 4, -14, 26, -22, 42, 59, 127, 54, 127, 40, 127, 33, 127, 12, 127, 5, 127, 1, 127, 7, 127, 4, 115, 40, 87, 46, 57, 72, 32, 108, 19, 127, 5, 127, 6, 127, 10, 127, 25, 127, 28, 127, 20, 127, 17, 127, 1, 112, -25, 66, -52, 56, -111, 38, -128, 24, -128]",esp32_1
CSI_DATA,118467,2025-08-27 15:24:19.382,0,walk,00:00:00:00:00:00,-42,11,0,0,0,0,0,0,0,0,0,-97,0,1,0,330313114,0,14,0,0,0,104,0,"[0, 0, 127, -128, 127, -128, 127, -128, 127, -128, 127, -128, 127, -128, 127, -123, 127, -112, 127, -99, 127, -83, 127, -65, 127, -45, 100, -27, 61, -12, 20, -2, -22, 3, -61, 0, -94, -11, -120, -29, -128, -46, -128, -62, -128, -75, -123, -83, -107, -86, -95, -85, -128, 127, -128, 127, -128, 127, -128, 122, -128, 91, -128, 65, -98, 50, -48, 46, 4, 55, 52, 74, 94, 101, 125, 127, 127, 127, 127, 127, 127, 127, 127, 127, 127, 127, 127, 127, 127, 127, 127, 127, 127, 103, 127, 56, 127, 9, 127, -39, 127, -84, 127, -114]",esp32_2
CSI_DATA,115894,2025-08-27 15:24:19.414,0,walk,00:00:00:00:00:00,-67,11,0,0,0,0,0,0,0,0,0,-97,0,1,0,3470892457,0,14,0,0,0,104,0,"[0, 0, -128, -128, -128, -128, -128, -128, -128, -128, -128, -128, -128, -128, -117, -128, -118, -100, -99, -61, -106, -27, -104, 6, -115, 31, -128, 52, -128, 63, -128, 61, -128, 46, -128, 34, -128, 23, -110, 6, -83, -8, -61, -20, -31, -12, -4, -2, 27, 15, 44, 33, 127, 14, 127, 24, 127, 33, 127, 45, 127, 54, 127, 53, 127, 51, 127, 38, 126, 24, 101, 6, 82, -31, 66, -63, 57, -84, 72, -124, 73, -128, 81, -128, 84, -128, 90, -128, 96, -128, 85, -128, 65, -115, 25, -102, -41, -91, -79, -81, -128, -79, -128, -113]",esp32_1
CSI_DATA,118468,2025-08-27 15:24:19.414,0,walk,00:00:00:00:00:00,-41,11,0,0,0,0,0,0,0,0,0,-97,0,1,0,330350095,0,14,0,0,0,104,0,"[0, 0, 3, -128, 8, -128, 14, -128, 20, -128, 24, -128, 28, -128, 33, -128, 37, -128, 42, -128, 45, -128, 45, -128, 42, -128, 34, -106, 20, -70, 3, -35, -20, -3, -46, 20, -76, 32, -103, 35, -126, 30, -128, 19, -128, 1, -128, -17, -128, -32, -120, -40, 127, 114, 127, 122, 127, 125, 118, 118, 97, 101, 81, 74, 73, 41, 76, 3, 88, -34, 108, -67, 127, -93, 127, -111, 127, -122, 127, -128, 127, -128, 127, -128, 127, -125, 127, -120, 127, -116, 127, -115, 127, -121, 127, -128, 110, -128, 81, -128, 52, -128, 31, -128]",esp32_2
CSI_DATA,115895,2025-08-27 15:24:19.439,0,walk,00:00:00:00:00:00,-68,11,0,0,0,0,0,0,0,0,0,-97,0,1,0,3470902435,0,14,0,0,0,104,0,"[0, 0, 124, -128, 127, -128, 127, -128, 127, -128, 127, -128, 127, -128, 105, -128, 74, -115, 38, -95, -16, -76, -61, -85, -106, -91, -128, -92, -128, -111, -128, -128, -128, -128, -109, -128, -77, -128, -52, -128, -25, -107, -12, -70, 6, -38, 10, -1, 13, 22, 15, 46, -34, 127, -41, 127, -50, 127, -48, 127, -47, 127, -57, 127, -49, 127, -43, 127, -20, 127, 9, 110, 31, 96, 62, 78, 102, 80, 127, 71, 127, 76, 127, 88, 127, 95, 127, 103, 127, 88, 127, 74, 121, 43, 99, 5, 66, -25, 60, -105, 58, -128, 53, -128]",esp32_1
CSI_DATA,115896,2025-08-27 15:24:19.462,0,walk,00:00:00:00:00:00,-68,11,0,0,0,0,0,0,0,0,0,-97,0,1,0,3470912430,0,14,0,0,0,104,0,"[0, 0, -76, 127, -100, 127, -116, 127, -128, 127, -121, 127, -104, 127, -76, 127, -51, 118, -2, 87, 31, 61, 84, 58, 127, 58, 127, 61, 127, 75, 127, 86, 127, 97, 127, 116, 116, 122, 86, 119, 64, 107, 37, 78, 7, 50, -8, 26, -24, -6, -33, -36, 39, -128, 43, -128, 47, -128, 38, -128, 39, -128, 35, -128, 29, -128, 17, -128, 2, -122, -34, -119, -50, -93, -76, -84, -105, -87, -128, -88, -128, -85, -128, -91, -128, -100, -128, -98, -128, -83, -128, -64, -113, -47, -77, -9, -44, 31, -37, 94, -25, 127, -6, 127]",esp32_1
CSI_DATA,115897,2025-08-27 15:24:19.494,0,walk,00:00:00:00:00:00,-68,11,0,0,0,0,0,0,0,0,0,-97,0,1,0,3470922444,0,14,0,0,0,104,0,"[0, 0, 127, -128, 127, -128, 127, -128, 127, -128, 127, -128, 127, -128, 119, -127, 86, -96, 36, -73, -19, -54, -80, -56, -121, -56, -128, -57, -128, -78, -128, -94, -128, -105, -128, -128, -128, -128, -96, -128, -70, -118, -41, -91, -18, -66, 11, -33, 26, -14, 35, 22, -110, 81, -121, 90, -119, 88, -117, 96, -109, 100, -104, 99, -93, 104, -73, 98, -52, 109, -15, 117, 7, 112, 34, 127, 67, 127, 88, 127, 97, 127, 113, 127, 114, 127, 116, 127, 101, 127, 88, 126, 78, 87, 62, 32, 44, -9, 61, -80, 63, -128, 81, -128]",esp32_1
CSI_DATA,118470,2025-08-27 15:24:19.494,0,walk,00:00:00:00:00:00,-42,11,0,0,0,0,0,0,0,0,0,-97,0,1,0,330435222,0,14,0,0,0,104,0,"[0, 0, -98, 127, -103, 127, -104, 127, -106, 127, -106, 127, -103, 127, -98, 127, -92, 127, -84, 127, -74, 127, -63, 127, -48, 103, -26, 69, 1, 37, 32, 10, 66, -10, 99, -19, 127, -18, 127, -8, 127, 7, 127, 25, 127, 42, 127, 54, 127, 61, 118, 64, -119, -128, -96, -128, -68, -128, -48, -128, -37, -115, -34, -78, -44, -38, -64, -2, -92, 30, -125, 55, -128, 72, -128, 78, -128, 77, -128, 72, -128, 66, -128, 59, -128, 52, -128, 50, -128, 53, -128, 63, -128, 80, -128, 106, -123, 127, -102, 127, -87, 127, -80, 127]",esp32_2
CSI_DATA,118471,2025-08-27 15:24:19.525,0,walk,00:00:00:00:00:00,-42,11,0,0,0,0,0,0,0,0,0,-97,0,1,0,330472985,0,14,0,0,0,104,0,"[0, 0, 127, 127, 127, 127, 127, 127, 127, 127, 127, 127, 127, 127, 127, 127, 127, 127, 116, 127, 90, 114, 66, 86, 45, 53, 29, 14, 18, -24, 12, -59, 12, -91, 20, -119, 33, -128, 48, -128, 62, -128, 74, -128, 82, -124, 82, -103, 74, -82, 66, -68, -128, -113, -128, -117, -111, -113, -81, -99, -55, -76, -35, -41, -25, 0, -24, 44, -33, 88, -50, 126, -72, 127, -94, 127, -116, 127, -128, 127, -128, 127, -128, 127, -128, 127, -128, 127, -116, 127, -91, 127, -61, 127, -27, 127, 10, 127, 49, 127, 89, 127, 117, 127]",esp32_2
CSI_DATA,118472,2025-08-27 15:24:19.557,0,walk,00:00:00:00:00:00,-43,11,0,0,0,0,0,0,0,0,0,-97,0,1,0,330509764,0,14,0,0,0,104,0,"[0, 0, -128, 127, -128, 127, -128, 127, -128, 127, -128, 127, -119, 127, -110, 127, -105, 127, -100, 127, -95, 127, -93, 127, -90, 123, -81, 78, -69, 30, -53, -17, -31, -58, -3, -94, 29, -120, 63, -128, 91, -128, 113, -128, 126, -122, 127, -102, 127, -81, 124, -67, 127, -128, 127, -128, 127, -128, 127, -102, 127, -66, 127, -35, 78, -13, 19, -2, -42, -1, -102, -10, -128, -28, -128, -50, -128, -74, -128, -95, -128, -108, -128, -112, -128, -109, -128, -97, -128, -75, -128, -42, -128, -4, -128, 36, -128, 79, -128, 124, -128, 127, -128, 127]",esp32_2
CSI_DATA,115899,2025-08-27 15:24:19.579,0,walk,00:00:00:00:00:00,-68,11,0,0,0,0,0,0,0,0,0,-97,0,1,0,3470942425,0,14,0,0,0,104,0,"[0, 0, 127, 127, 127, 127, 127, 127, 127, 127, 127, 127, 127, 127, 127, 105, 112, 47, 71, 10, 44, -38, 23, -71, -1, -114, -2, -128, 9, -128, 6, -128, 22, -128, 33, -128, 51, -128, 53, -128, 59, -128, 59, -88, 55, -45, 44, -20, 15, 18, -8, 44, 1, -106, -9, -112, -10, -104, -35, -102, -41, -96, -66, -84, -74, -63, -95, -57, -112, -38, -116, -13, -128, 5, -128, 25, -128, 36, -128, 51, -128, 56, -128, 72, -128, 64, -128, 67, -128, 46, -128, 37, -107, 27, -57, 17, 20, 42, 71, 24, 127, 38, 127, 73]",esp32_1
CSI_DATA,118473,2025-08-27 15:24:19.589,0,walk,00:00:00:00:00:00,-41,11,0,0,0,0,0,0,0,0,0,-97,0,1,0,330532556,0,14,0,0,0,104,0,"[0, 0, 127, 90, 127, 96, 127, 99, 127, 100, 127, 97, 127, 91, 127, 85, 127, 78, 127, 70, 127, 64, 127, 59, 127, 55, 119, 47, 80, 36, 40, 18, 3, -6, -28, -33, -49, -65, -59, -98, -59, -123, -52, -128, -39, -128, -25, -128, -13, -128, -4, -128, -128, 127, -128, 117, -128, 80, -128, 47, -128, 22, -128, 9, -125, 9, -76, 24, -31, 52, 8, 89, 37, 127, 54, 127, 59, 127, 58, 127, 57, 127, 54, 127, 51, 127, 55, 127, 67, 127, 83, 127, 109, 127, 127, 127, 127, 120, 127, 99, 127, 83, 127, 78]",esp32_2
CSI_DATA,115900,2025-08-27 15:24:19.611,0,walk,00:00:00:00:00:00,-69,11,0,0,0,0,0,0,0,0,0,-97,0,1,0,3470954337,0,14,0,0,0,104,0,"[0, 0, 127, -107, 127, -100, 127, -75, 127, -69, 127, -54, 127, -42, 117, -35, 80, -44, 30, -45, -10, -52, -53, -52, -88, -68, -117, -79, -127, -107, -127, -115, -120, -107, -116, -125, -97, -121, -77, -111, -53, -93, -29, -78, -8, -51, 7, -25, 16, 5, 22, 29, -53, -73, -51, -72, -57, -62, -64, -48, -69, -36, -78, -15, -80, 6, -87, 25, -85, 47, -78, 77, -96, 98, -95, 117, -94, 127, -103, 127, -111, 127, -114, 127, -111, 127, -104, 127, -98, 127, -78, 102, -53, 64, -17, 30, 20, 9, 65, -41, 107, -73, 127, -79]",esp32_1
CSI_DATA,118474,2025-08-27 15:24:19.622,0,walk,00:00:00:00:00:00,-43,11,0,0,0,0,0,0,0,0,0,-97,0,1,0,330604551,0,14,0,0,0,104,0,"[0, 0, 127, 13, 127, 5, 127, -2, 127, -9, 127, -17, 127, -22, 127, -24, 127, -24, 127, -22, 127, -20, 103, -20, 69, -21, 34, -28, -3, -38, -37, -51, -67, -68, -93, -90, -110, -117, -116, -128, -109, -128, -93, -128, -67, -128, -38, -128, -14, -128, 1, -128, -128, 127, -128, 126, -128, 95, -128, 67, -100, 41, -59, 24, -10, 21, 42, 29, 92, 50, 127, 86, 127, 127, 127, 127, 127, 127, 127, 127, 127, 127, 127, 127, 127, 127, 127, 127, 127, 127, 127, 127, 127, 127, 127, 127, 127, 127, 127, 125, 127, 97, 127, 78]",esp32_2
CSI_DATA,118475,2025-08-27 15:24:19.653,0,walk,00:00:00:00:00:00,-43,11,0,0,0,0,0,0,0,0,0,-97,0,1,0,330640601,0,14,0,0,0,104,0,"[0, 0, 127, 127, 127, 127, 127, 127, 127, 127, 127, 127, 127, 127, 127, 127, 127, 127, 127, 104, 127, 78, 119, 58, 104, 42, 86, 26, 65, 11, 39, -4, 13, -22, -11, -44, -29, -72, -40, -101, -44, -124, -43, -128, -35, -128, -25, -128, -15, -128, -5, -128, -128, -84, -128, -107, -128, -128, -128, -128, -128, -128, -89, -113, -47, -77, -16, -31, 6, 22, 15, 78, 13, 127, 4, 127, -10, 127, -23, 127, -32, 127, -36, 127, -31, 127, -12, 127, 14, 127, 47, 127, 88, 127, 127, 127, 127, 127, 127, 127, 127, 127, 127, 127]",esp32_2
CSI_DATA,115902,2025-08-27 15:24:19.675,0,walk,00:00:00:00:00:00,-69,11,0,0,0,0,0,0,0,0,0,-97,0,1,0,3470974178,0,14,0,0,0,104,0,"[0, 0, -62, 127, -77, 127, -95, 127, -87, 127, -89, 127, -76, 127, -56, 127, -32, 95, 8, 55, 43, 26, 94, 20, 126, 14, 127, 7, 127, 13, 127, 30, 127, 44, 127, 53, 127, 60, 116, 71, 89, 61, 63, 52, 33, 31, 14, 11, -20, -6, -26, -32, 31, -105, 28, -114, 17, -107, 4, -112, -5, -113, -14, -113, -26, -92, -49, -109, -62, -96, -93, -110, -113, -102, -128, -101, -128, -113, -128, -115, -128, -123, -128, -117, -128, -118, -128, -125, -128, -107, -111, -77, -77, -45, -58, 3, -11, 36, -16, 111, -10, 127, -2, 127]",esp32_1
CSI_DATA,118476,2025-08-27 15:24:19.685,0,walk,00:00:00:00:00:00,-42,11,0,0,0,0,0,0,0,0,0,-97,0,1,0,330666443,0,14,0,0,0,104,0,"[0, 0, 127, -48, 127, -30, 127, -16, 127, -7, 127, -3, 127, -7, 127, -15, 127, -28, 127, -42, 127, -55, 119, -65, 92, -73, 68, -77, 45, -78, 23, -75, -1, -73, -24, -71, -45, -73, -63, -77, -77, -80, -86, -82, -89, -83, -88, -81, -86, -78, -82, -75, -128, 123, -128, 92, -128, 53, -128, 20, -128, -3, -128, -15, -89, -12, -35, 8, 14, 42, 55, 84, 82, 127, 96, 127, 96, 127, 90, 127, 81, 127, 70, 127, 61, 127, 60, 127, 68, 127, 85, 119, 115, 69, 127, 21, 127, -21, 127, -56, 127, -76, 127, -80]",esp32_2
CSI_DATA,115903,2025-08-27 15:24:19.703,0,walk,00:00:00:00:00:00,-69,11,0,0,0,0,0,0,0,0,0,-97,0,1,0,3470982436,0,14,0,0,0,104,0,"[0, 0, -128, -128, -128, -128, -128, -128, -128, -128, -128, -128, -121, -128, -96, -94, -74, -51, -50, -12, -38, 27, -27, 54, -28, 87, -36, 119, -48, 127, -58, 127, -69, 127, -79, 127, -85, 113, -85, 97, -79, 67, -66, 41, -46, 22, -24, 6, 9, -11, 33, -16, 76, 75, 85, 70, 81, 64, 90, 57, 94, 49, 100, 28, 106, 17, 113, -1, 112, -16, 117, -33, 127, -55, 127, -81, 127, -81, 127, -100, 127, -105, 127, -116, 127, -107, 127, -98, 127, -84, 103, -70, 66, -53, 24, -45, -43, -42, -78, -44, -128, -53, -128, -80]",esp32_1
CSI_DATA,115904,2025-08-27 15:24:19.730,0,walk,00:00:00:00:00:00,-69,11,0,0,0,0,0,0,0,0,0,-97,0,1,0,3470992457,0,14,0,0,0,104,0,"[0, 0, -128, -106, -128, -120, -128, -128, -128, -128, -128, -125, -128, -109, -104, -82, -77, -35, -52, -6, -32, 39, -29, 66, -22, 103, -22, 127, -24, 127, -42, 127, -58, 127, -71, 127, -79, 127, -76, 113, -75, 94, -67, 53, -50, 32, -27, 13, 3, -3, 30, -10, 107, 57, 109, 46, 112, 34, 115, 25, 116, 13, 115, 0, 122, -24, 124, -37, 123, -54, 118, -65, 127, -99, 127, -120, 124, -122, 127, -128, 127, -128, 127, -128, 127, -128, 124, -128, 126, -114, 90, -90, 55, -65, 11, -49, -55, -43, -97, -30, -128, -28, -128, -54]",esp32_1
CSI_DATA,115905,2025-08-27 15:24:19.758,0,walk,00:00:00:00:00:00,-70,11,0,0,0,0,0,0,0,0,0,-97,0,1,0,3471002434,0,14,0,0,0,104,0,"[0, 0, -23, -128, -16, -128, -9, -128, 2, -128, 10, -128, 15, -127, 13, -84, 10, -37, 7, 4, -3, 47, -29, 84, -42, 119, -56, 127, -61, 127, -73, 127, -92, 127, -93, 127, -98, 114, -99, 94, -82, 61, -75, 49, -57, 21, -29, -1, -13, -24, 8, -39, -98, -1, -91, 19, -84, 28, -86, 44, -80, 62, -63, 75, -47, 95, -42, 105, -14, 124, -3, 127, 20, 127, 46, 127, 45, 127, 62, 127, 71, 127, 81, 127, 76, 127, 79, 127, 66, 121, 52, 93, 38, 56, 11, 13, -16, -35, -18, -95, -32, -128, -49, -128]",esp32_1
CSI_DATA,115906,2025-08-27 15:24:19.780,0,walk,00:00:00:00:00:00,-70,11,0,0,0,0,0,0,0,0,0,-97,0,1,0,3471012421,0,14,0,0,0,104,0,"[0, 0, 108, -128, 111, -128, 103, -128, 96, -128, 85, -110, 64, -67, 53, -29, 27, -5, 14, 38, -1, 67, -22, 109, -40, 127, -49, 127, -65, 127, -78, 127, -77, 127, -85, 127, -87, 127, -88, 116, -76, 85, -59, 63, -52, 39, -45, 6, -34, -16, -20, -32, 9, -74, -6, -78, -17, -75, -42, -67, -61, -51, -72, -48, -90, -31, -113, -23, -128, 1, -128, 43, -128, 53, -128, 74, -128, 104, -128, 121, -128, 127, -128, 127, -122, 127, -119, 127, -98, 103, -75, 77, -56, 39, -34, 5, -16, -29, 26, -75, 43, -115, 61, -128]",esp32_1
CSI_DATA,118478,2025-08-27 15:24:19.780,0,walk,00:00:00:00:00:00,-43,11,0,0,0,0,0,0,0,0,0,-97,0,1,0,330726601,0,14,0,0,0,104,0,"[0, 0, -128, -70, -128, -68, -128, -67, -128, -67, -128, -64, -128, -60, -128, -57, -128, -52, -128, -48, -128, -44, -128, -43, -128, -43, -105, -42, -70, -41, -31, -37, 8, -29, 44, -15, 73, 5, 95, 31, 109, 55, 114, 78, 107, 98, 93, 113, 76, 122, 61, 122, 127, -31, 127, -10, 127, 14, 127, 33, 127, 46, 127, 49, 112, 39, 71, 19, 32, -10, -3, -48, -31, -89, -49, -128, -59, -128, -65, -128, -68, -128, -70, -128, -70, -128, -71, -128, -77, -128, -86, -128, -103, -128, -126, -128, -128, -128, -128, -128, -128, -110, -128, -98]",esp32_2
CSI_DATA,118479,2025-08-27 15:24:19.801,0,walk,00:00:00:00:00:00,-40,11,0,0,0,0,0,0,0,0,0,-97,0,1,0,330752227,0,14,0,0,0,104,0,"[0, 0, 127, 90, 127, 97, 127, 102, 127, 107, 127, 106, 127, 99, 127, 94, 127, 87, 127, 78, 127, 70, 127, 66, 127, 63, 120, 56, 92, 46, 62, 31, 34, 12, 11, -12, -3, -39, -10, -67, -10, -89, -3, -106, 7, -117, 17, -122, 28, -121, 36, -117, -128, 127, -128, 127, -128, 123, -128, 100, -128, 80, -122, 64, -96, 55, -67, 54, -37, 61, -9, 75, 14, 94, 29, 111, 37, 126, 42, 127, 45, 127, 47, 127, 52, 127, 62, 127, 76, 118, 94, 99, 119, 81, 127, 66, 127, 54, 127, 46, 127, 46, 127, 51]",esp32_2
CSI_DATA,115907,2025-08-27 15:24:19.812,0,walk,00:00:00:00:00:00,-70,11,0,0,0,0,0,0,0,0,0,-97,0,1,0,3471022462,0,14,0,0,0,104,0,"[0, 0, 27, -128, 37, -128, 38, -128, 46, -128, 50, -128, 50, -101, 54, -40, 55, -2, 61, 60, 57, 111, 45, 127, 43, 127, 43, 127, 46, 127, 28, 127, 20, 127, 4, 127, -12, 127, -16, 127, -27, 127, -25, 127, -34, 98, -33, 70, -41, 29, -35, -5, -11, -97, -45, -85, -63, -69, -84, -48, -109, -33, -121, -13, -128, 23, -128, 52, -128, 91, -128, 126, -128, 127, -128, 127, -128, 127, -128, 127, -113, 127, -90, 127, -75, 127, -77, 127, -64, 127, -50, 127, -37, 111, -30, 50, -35, -6, -11, -80, -3, -128, -9, -128]",esp32_1
CSI_DATA,118480,2025-08-27 15:24:19.834,0,walk,00:00:00:00:00:00,-40,11,0,0,0,0,0,0,0,0,0,-97,0,1,0,330786703,0,14,0,0,0,104,0,"[0, 0, -61, -128, -59, -128, -54, -128, -47, -128, -39, -128, -32, -128, -27, -128, -25, -128, -25, -128, -27, -128, -31, -128, -35, -128, -43, -104, -56, -71, -71, -41, -89, -16, -109, 1, -128, 7, -128, 8, -128, 3, -128, -5, -128, -14, -128, -21, -123, -25, -109, -27, 127, 127, 127, 127, 127, 127, 109, 127, 91, 109, 82, 75, 84, 34, 100, -8, 126, -46, 127, -77, 127, -97, 127, -103, 127, -98, 127, -85, 127, -70, 127, -52, 127, -36, 127, -24, 127, -19, 127, -22, 127, -36, 104, -60, 61, -93, 22, -128, -11, -128, -30, -128]",esp32_2
CSI_DATA,118481,2025-08-27 15:24:19.865,0,walk,00:00:00:00:00:00,-42,11,0,0,0,0,0,0,0,0,0,-97,0,1,0,330823490,0,14,0,0,0,104,0,"[0, 0, -61, -128, -73, -128, -83, -128, -89, -128, -93, -128, -96, -128, -96, -128, -93, -128, -85, -128, -71, -128, -53, -128, -32, -128, -13, -90, 4, -47, 17, 1, 24, 50, 20, 95, 4, 127, -20, 127, -48, 127, -80, 127, -110, 127, -128, 127, -128, 127, -128, 127, 127, 127, 127, 127, 113, 127, 85, 127, 57, 127, 34, 127, 18, 95, 11, 51, 13, -2, 28, -57, 50, -107, 75, -128, 102, -128, 127, -128, 127, -128, 127, -128, 127, -128, 127, -128, 127, -128, 127, -128, 127, -128, 105, -128, 78, -128, 46, -128, 17, -128, 1, -128]",esp32_2
CSI_DATA,118482,2025-08-27 15:24:19.898,0,walk,00:00:00:00:00:00,-42,11,0,0,0,0,0,0,0,0,0,-97,0,1,0,330869572,0,14,0,0,0,104,0,"[0, 0, 127, 26, 127, 26, 127, 27, 127, 27, 127, 25, 127, 23, 127, 22, 127, 22, 127, 23, 127, 25, 127, 31, 127, 38, 107, 40, 65, 37, 20, 29, -24, 14, -63, -8, -91, -39, -110, -72, -118, -103, -115, -128, -102, -128, -84, -128, -64, -128, -48, -128, -128, 127, -128, 127, -128, 127, -128, 114, -128, 88, -128, 68, -122, 59, -78, 61, -36, 76, 1, 98, 32, 125, 54, 127, 65, 127, 73, 127, 79, 127, 85, 127, 92, 127, 104, 127, 120, 127, 127, 127, 127, 111, 127, 87, 127, 68, 127, 50, 127, 36, 127, 31]",esp32_2
CSI_DATA,115909,2025-08-27 15:24:19.921,0,walk,00:00:00:00:00:00,-71,11,0,0,0,0,0,0,0,0,0,-97,0,1,0,3471042443,0,14,0,0,0,104,0,"[0, 0, -128, 43, -128, 21, -128, 8, -128, 6, -128, -3, -108, -6, -62, -6, -11, 22, 54, 21, 102, 35, 127, 41, 127, 64, 127, 77, 127, 126, 127, 127, 127, 127, 127, 127, 127, 127, 127, 127, 114, 127, 84, 115, 42, 82, 3, 62, -15, 36, -6, -8, -3, 116, 30, 119, 32, 117, 51, 115, 68, 115, 106, 106, 118, 95, 127, 66, 127, 54, 127, 23, 127, 3, 127, -38, 127, -62, 127, -85, 127, -103, 127, -106, 127, -101, 127, -97, 127, -88, 127, -60, 127, -38, 86, -18, 18, 2, -37, 27, -102, 56, -128, 44]",esp32_1
CSI_DATA,118483,2025-08-27 15:24:19.926,0,walk,00:00:00:00:00:00,-42,11,0,0,0,0,0,0,0,0,0,-97,0,1,0,331505190,0,14,0,0,0,104,0,"[0, 0, 127, -128, 127, -128, 127, -128, 127, -128, 127, -128, 127, -128, 127, -128, 127, -128, 127, -128, 123, -128, 108, -128, 91, -111, 68, -84, 40, -56, 6, -31, -33, -12, -71, -4, -107, -8, -128, -21, -128, -40, -128, -62, -128, -85, -128, -104, -116, -117, -95, -120, -75, 127, -95, 127, -115, 127, -122, 127, -117, 127, -98, 83, -63, 42, -18, 11, 35, -9, 90, -17, 127, -14, 127, -1, 127, 15, 127, 32, 127, 43, 127, 49, 127, 49, 127, 39, 127, 19, 127, -10, 127, -45, 127, -83, 127, -121, 127, -128, 127, -128, 127, -128]",esp32_2
CSI_DATA,115910,2025-08-27 15:24:19.948,0,walk,00:00:00:00:00:00,-70,11,0,0,0,0,0,0,0,0,0,-97,0,1,0,3471054551,0,14,0,0,0,104,0,"[0, 0, -128, 46, -128, 30, -128, 23, -128, 13, -128, 17, -114, 16, -81, 21, -42, 42, -12, 50, 22, 66, 54, 85, 88, 108, 96, 109, 98, 127, 92, 127, 93, 127, 74, 127, 64, 127, 40, 127, 20, 107, 4, 75, -4, 56, -16, 31, -18, 4, -19, -23, 59, 72, 72, 73, 71, 73, 79, 68, 84, 63, 100, 49, 98, 34, 106, 23, 112, 0, 101, -26, 122, -44, 127, -59, 127, -78, 127, -100, 127, -107, 127, -109, 127, -99, 127, -87, 122, -65, 94, -50, 67, -16, 29, 4, -9, 9, -57, 39, -105, 50, -128, 46]",esp32_1
CSI_DATA,115911,2025-08-27 15:24:19.980,0,walk,00:00:00:00:00:00,-69,11,0,0,0,0,0,0,0,0,0,-97,0,1,0,3471062594,0,14,0,0,0,104,0,"[0, 0, -128, 127, -128, 110, -128, 93, -128, 78, -128, 64, -128, 47, -120, 48, -82, 56, -33, 68, 18, 76, 68, 86, 103, 101, 127, 121, 127, 127, 127, 127, 126, 127, 108, 127, 83, 127, 64, 127, 37, 127, 16, 93, 0, 63, -6, 27, -15, -5, -14, -27, 127, 56, 127, 52, 127, 50, 127, 45, 127, 40, 127, 15, 127, 5, 127, -18, 127, -57, 103, -83, 107, -109, 112, -128, 97, -128, 108, -128, 115, -128, 123, -128, 121, -128, 127, -128, 100, -128, 88, -105, 62, -59, 16, -11, -37, 21, -89, 78, -128, 107, -128, 115]",esp32_1
CSI_DATA,115912,2025-08-27 15:24:20.003,0,walk,00:00:00:00:00:00,-68,11,0,0,0,0,0,0,0,0,0,-97,0,1,0,3471072455,0,14,0,0,0,104,0,"[0, 0, -128, 127, -128, 121, -128, 103, -128, 82, -128, 59, -128, 53, -128, 56, -106, 64, -63, 68, -20, 79, 29, 93, 63, 109, 89, 127, 87, 127, 86, 127, 80, 127, 60, 127, 42, 127, 27, 127, 11, 110, -8, 80, -19, 48, -20, 12, -13, -17, -7, -43, 127, 30, 127, 36, 127, 35, 127, 35, 127, 32, 127, 16, 127, 1, 123, -21, 107, -51, 82, -83, 78, -116, 72, -128, 57, -128, 70, -128, 74, -128, 79, -128, 83, -128, 91, -128, 79, -128, 67, -114, 46, -71, 5, -18, -40, 11, -91, 68, -128, 113, -128, 109]",esp32_1
CSI_DATA,118485,2025-08-27 15:24:20.014,0,walk,00:00:00:00:00:00,-43,11,0,0,0,0,0,0,0,0,0,-97,0,1,0,331524737,0,14,0,236,-56,104,0,"[0, 0, -128, 127, -128, 127, -128, 127, -128, 127, -128, 127, -128, 127, -128, 127, -123, 127, -108, 127, -92, 127, -83, 127, -76, 127, -66, 103, -54, 63, -37, 21, -15, -19, 11, -54, 41, -80, 74, -98, 103, -105, 127, -102, 127, -90, 127, -70, 127, -48, 127, -28, 127, 32, 127, 52, 127, 76, 127, 94, 127, 106, 127, 108, 90, 99, 41, 80, -7, 52, -48, 17, -81, -20, -106, -55, -124, -86, -128, -112, -128, -128, -128, -128, -128, -127, -128, -110, -128, -83, -128, -47, -128, -5, -128, 39, -128, 83, -128, 125, -128, 127, -128, 127]",esp32_2
CSI_DATA,115913,2025-08-27 15:24:20.023,0,walk,00:00:00:00:00:00,-68,11,0,0,0,0,0,0,0,0,0,-97,0,1,0,3471082439,0,14,0,0,0,104,0,"[0, 0, -128, -128, -128, -128, -114, -128, -97, -128, -79, -128, -67, -128, -60, -128, -60, -101, -68, -63, -82, -29, -100, -10, -118, 11, -128, 29, -128, 39, -128, 32, -128, 24, -128, 8, -126, -8, -107, -19, -75, -21, -58, -19, -32, -17, -10, -5, 28, 5, 42, 24, 77, 122, 80, 123, 75, 127, 72, 127, 67, 126, 58, 117, 55, 96, 62, 73, 71, 47, 93, 33, 107, 0, 126, -23, 127, -22, 127, -31, 127, -29, 127, -31, 127, -26, 127, -12, 127, -3, 127, 3, 93, -5, 50, -12, -18, -32, -43, -64, -90, -104, -128, -128]",esp32_1
CSI_DATA,115914,2025-08-27 15:24:20.042,0,walk,00:00:00:00:00:00,-67,11,0,0,0,0,0,0,0,0,0,-97,0,1,0,3471092488,0,14,0,0,0,104,0,"[0, 0, -128, -125, -128, -128, -128, -128, -128, -128, -128, -128, -128, -128, -128, -111, -128, -67, -128, -31, -128, 13, -128, 31, -128, 62, -128, 77, -128, 96, -128, 88, -128, 68, -128, 60, -128, 33, -108, 23, -85, 15, -57, -3, -27, -2, 3, 6, 37, 15, 62, 33, 127, 17, 127, 28, 127, 39, 127, 39, 127, 46, 127, 37, 127, 23, 112, 5, 102, -18, 91, -41, 85, -88, 93, -120, 100, -128, 114, -128, 127, -128, 127, -128, 127, -128, 127, -128, 127, -124, 118, -98, 82, -71, 28, -44, -49, -36, -91, -26, -128, -23, -128, -57]",esp32_1
CSI_DATA,118486,2025-08-27 15:24:20.042,0,walk,00:00:00:00:00:00,-43,11,0,0,0,0,0,0,0,0,0,-97,0,1,0,331534701,0,14,0,236,-56,104,0,"[0, 0, -128, 44, -128, 48, -128, 58, -128, 68, -128, 78, -128, 88, -128, 98, -128, 106, -128, 107, -128, 103, -128, 92, -128, 75, -128, 54, -109, 32, -68, 12, -22, -3, 24, -10, 67, -6, 104, 7, 127, 26, 127, 48, 127, 71, 127, 90, 122, 106, 105, 113, 127, 48, 127, 71, 127, 96, 127, 114, 127, 124, 127, 121, 95, 104, 53, 74, 16, 36, -15, -7, -36, -52, -47, -90, -52, -123, -53, -128, -54, -128, -55, -128, -58, -128, -68, -128, -84, -128, -107, -107, -128, -78, -128, -50, -128, -24, -128, 1, -128, 18, -128, 25]",esp32_2
CSI_DATA,115915,2025-08-27 15:24:20.069,0,walk,00:00:00:00:00:00,-66,11,0,0,0,0,0,0,0,0,0,-97,0,1,0,3471102447,0,14,0,0,0,104,0,"[0, 0, -30, -128, -13, -128, 2, -128, 20, -128, 21, -128, 19, -128, 8, -128, -5, -128, -27, -128, -56, -109, -89, -109, -120, -98, -128, -99, -128, -93, -128, -101, -128, -105, -106, -104, -80, -102, -58, -90, -35, -66, -28, -44, -17, -12, -8, 15, 3, 44, 0, 59, 82, 127, 79, 127, 66, 127, 58, 127, 57, 127, 43, 123, 48, 104, 51, 74, 65, 53, 102, 35, 116, 7, 127, -8, 127, -2, 127, -6, 127, 4, 127, 11, 127, 27, 127, 37, 127, 36, 127, 27, 100, 9, 62, -23, -2, -50, -16, -108, -40, -128, -72, -128]",esp32_1
CSI_DATA,118487,2025-08-27 15:24:20.069,0,walk,00:00:00:00:00:00,-42,11,0,0,0,0,0,0,0,0,0,-97,0,1,0,331544701,0,14,0,236,-56,104,0,"[0, 0, -128, -52, -128, -50, -128, -46, -128, -40, -128, -32, -128, -23, -128, -16, -128, -10, -128, -6, -128, -7, -128, -12, -128, -17, -128, -21, -117, -23, -70, -21, -22, -12, 21, 3, 54, 25, 79, 53, 93, 81, 94, 106, 85, 126, 69, 127, 51, 127, 33, 127, 127, 41, 127, 64, 127, 90, 127, 107, 127, 115, 127, 110, 107, 89, 70, 55, 39, 14, 15, -32, 1, -80, -4, -121, -1, -128, 4, -128, 8, -128, 10, -128, 8, -128, -1, -128, -18, -128, -43, -128, -77, -128, -118, -107, -128, -88, -128, -71, -128, -61, -128, -57]",esp32_2
CSI_DATA,115916,2025-08-27 15:24:20.092,0,walk,00:00:00:00:00:00,-67,11,0,0,0,0,0,0,0,0,0,-97,0,1,0,3471112456,0,14,0,0,0,104,0,"[0, 0, -128, 127, -128, 117, -128, 99, -128, 76, -128, 59, -128, 48, -128, 47, -128, 62, -120, 68, -92, 83, -46, 103, -28, 127, -15, 127, -25, 127, -31, 127, -31, 127, -44, 127, -44, 126, -42, 104, -37, 78, -23, 45, -10, 20, 14, 1, 38, -6, 57, -12, 122, -91, 127, -82, 127, -82, 127, -62, 114, -59, 107, -60, 77, -57, 51, -65, 28, -77, -5, -92, -24, -126, -36, -128, -59, -128, -60, -128, -52, -128, -42, -128, -32, -128, -22, -128, -10, -128, -7, -128, -7, -96, -21, -44, -51, -15, -81, 56, -124, 97, -128, 102]",esp32_1
CSI_DATA,118488,2025-08-27 15:24:20.098,0,walk,00:00:00:00:00:00,-41,11,0,0,0,0,0,0,0,0,0,-97,0,1,0,331554749,0,14,0,0,0,104,0,"[0, 0, 127, 120, 127, 118, 127, 115, 127, 114, 127, 110, 127, 105, 127, 98, 127, 89, 127, 79, 127, 71, 127, 67, 127, 63, 95, 54, 58, 43, 21, 28, -15, 10, -44, -12, -66, -37, -80, -64, -85, -86, -82, -103, -73, -114, -60, -117, -46, -113, -34, -106, -128, -128, -128, -128, -118, -128, -95, -128, -72, -128, -49, -128, -32, -125, -22, -88, -19, -46, -24, -1, -35, 40, -47, 74, -60, 102, -74, 124, -85, 127, -91, 127, -91, 127, -83, 127, -68, 127, -45, 127, -15, 127, 23, 122, 66, 118, 111, 114, 127, 111, 127, 112]",esp32_2
CSI_DATA,115917,2025-08-27 15:24:20.116,0,walk,00:00:00:00:00:00,-66,11,0,0,0,0,0,0,0,0,0,-97,0,1,0,3471122416,0,14,0,0,0,104,0,"[0, 0, -117, -128, -104, -128, -84, -128, -66, -128, -51, -128, -42, -128, -37, -128, -41, -128, -54, -128, -80, -97, -113, -75, -128, -49, -128, -36, -128, -25, -128, -30, -128, -38, -128, -37, -128, -50, -118, -53, -88, -43, -64, -24, -46, -8, -23, 15, -3, 43, 13, 62, 83, 127, 82, 127, 70, 127, 65, 127, 56, 127, 47, 125, 45, 98, 55, 71, 71, 33, 91, 16, 118, -20, 127, -45, 127, -48, 127, -52, 127, -50, 127, -48, 127, -28, 127, -15, 127, -5, 127, 2, 127, -2, 100, -24, 27, -41, -8, -84, -58, -128, -104, -128]",esp32_1
CSI_DATA,118489,2025-08-27 15:24:20.128,0,walk,00:00:00:00:00:00,-42,11,0,0,0,0,0,0,0,0,0,-97,0,1,0,331564713,0,14,0,0,0,104,0,"[0, 0, -128, -128, -128, -128, -128, -128, -128, -128, -128, -128, -128, -128, -128, -128, -128, -125, -128, -113, -128, -100, -128, -92, -128, -82, -93, -69, -48, -53, -4, -34, 36, -10, 70, 16, 95, 45, 111, 76, 115, 100, 111, 120, 99, 127, 81, 127, 61, 127, 44, 124, 111, 127, 93, 127, 70, 127, 49, 127, 29, 127, 11, 127, -1, 127, -4, 120, 0, 73, 11, 24, 29, -23, 48, -62, 68, -95, 88, -123, 103, -128, 112, -128, 115, -128, 108, -128, 91, -128, 66, -128, 30, -128, -14, -128, -64, -128, -115, -128, -128, -128, -128, -128]",esp32_2
CSI_DATA,115918,2025-08-27 15:24:20.138,0,walk,00:00:00:00:00:00,-66,11,0,0,0,0,0,0,0,0,0,-97,0,1,0,3471132446,0,14,0,0,0,104,0,"[0, 0, -96, -128, -78, -128, -63, -128, -38, -128, -18, -128, -10, -128, -9, -128, -15, -128, -33, -128, -50, -107, -83, -96, -104, -70, -122, -59, -128, -49, -128, -56, -128, -59, -128, -65, -108, -67, -97, -62, -70, -53, -55, -32, -39, -15, -20, 11, 1, 35, -1, 55, 95, 109, 94, 124, 80, 125, 77, 127, 69, 124, 57, 112, 50, 92, 55, 67, 61, 44, 85, 23, 92, -13, 122, -42, 127, -41, 127, -47, 127, -53, 127, -52, 127, -43, 127, -27, 127, -18, 127, -9, 127, -10, 100, -26, 34, -39, 3, -80, -36, -118, -85, -128]",esp32_1
CSI_DATA,118490,2025-08-27 15:24:20.148,0,walk,00:00:00:00:00:00,-43,11,0,0,0,0,0,0,0,0,0,-97,0,1,0,331574700,0,14,0,0,0,104,0,"[0, 0, 127, -81, 127, -94, 127, -100, 127, -101, 127, -99, 127, -95, 127, -90, 127, -85, 127, -75, 127, -60, 127, -41, 127, -20, 127, 1, 93, 20, 41, 34, -12, 41, -61, 37, -103, 22, -128, 1, -128, -22, -128, -47, -128, -69, -128, -87, -122, -99, -101, -104, -128, -18, -128, -36, -128, -58, -128, -76, -128, -89, -128, -95, -128, -89, -128, -74, -92, -48, -54, -13, -21, 27, 6, 66, 25, 101, 41, 127, 53, 127, 60, 127, 68, 127, 79, 127, 90, 127, 104, 127, 127, 127, 127, 103, 127, 73, 127, 40, 127, 9, 127, -11]",esp32_2
CSI_DATA,115919,2025-08-27 15:24:20.159,0,walk,00:00:00:00:00:00,-66,11,0,0,0,0,0,0,0,0,0,-97,0,1,0,3471152450,0,14,0,0,0,104,0,"[0, 0, -54, -128, -39, -128, -20, -128, -4, -128, -8, -128, -5, -128, -3, -128, -4, -128, -13, -128, -18, -94, -54, -53, -87, -27, -106, 1, -124, 2, -128, 13, -128, 16, -128, 12, -128, 4, -122, 1, -101, -3, -67, -10, -45, -3, -16, 3, 6, 11, 24, 25, -76, 95, -73, 97, -69, 89, -69, 82, -64, 80, -53, 67, -29, 63, -5, 60, 27, 57, 62, 44, 82, 56, 118, 54, 127, 71, 127, 87, 127, 86, 127, 108, 127, 124, 127, 127, 127, 115, 127, 95, 127, 81, 85, 54, 47, 36, 6, -35, -18, -92, -43, -128]",esp32_1
CSI_DATA,115920,2025-08-27 15:24:20.180,0,walk,00:00:00:00:00:00,-67,11,0,0,0,0,0,0,0,0,0,-97,0,1,0,3471179955,0,14,0,0,0,104,0,"[0, 0, -128, 0, -128, -21, -128, -32, -128, -46, -128, -42, -128, -39, -128, -33, -128, -1, -92, 20, -53, 41, -27, 57, 10, 78, 32, 101, 51, 127, 59, 127, 58, 127, 56, 127, 47, 127, 42, 121, 30, 98, 14, 69, 7, 51, 2, 19, 2, -18, 4, -35, 11, 116, 12, 121, 10, 109, 11, 108, 24, 101, 42, 78, 57, 54, 73, 36, 95, 12, 116, -12, 127, -42, 127, -61, 127, -74, 127, -88, 127, -93, 127, -94, 127, -89, 127, -90, 127, -56, 127, -38, 127, -22, 104, -1, 35, 1, -28, 19, -89, 32, -128, 17]",esp32_1
CSI_DATA,115921,2025-08-27 15:24:20.202,0,walk,00:00:00:00:00:00,-71,11,0,0,0,0,0,0,0,0,0,-97,0,1,0,3471213109,0,14,0,0,0,104,0,"[0, 0, -128, 80, -128, 88, -128, 70, -128, 56, -128, 42, -128, 34, -128, 46, -110, 56, -70, 54, -42, 68, -5, 80, 21, 106, 36, 112, 39, 127, 40, 127, 44, 127, 42, 127, 33, 127, 28, 114, 17, 103, 13, 71, 20, 51, 36, 12, 40, -1, 57, -22, 105, -2, 117, 2, 107, 0, 115, 4, 100, 5, 97, -5, 80, -18, 61, -35, 56, -53, 25, -71, 37, -105, 25, -128, 26, -128, 27, -128, 41, -128, 46, -128, 59, -128, 66, -128, 69, -128, 67, -114, 62, -86, 42, -50, 27, -22, -14, 18, -39, 49, -79, 57]",esp32_1
CSI_DATA,115922,2025-08-27 15:24:20.229,0,walk,00:00:00:00:00:00,-67,11,0,0,0,0,0,0,0,0,0,-97,0,1,0,3471250377,0,14,0,0,0,104,0,"[0, 0, 119, -128, 127, -128, 127, -128, 127, -128, 123, -125, 103, -106, 79, -87, 46, -78, 17, -73, -16, -66, -57, -71, -75, -76, -92, -88, -100, -108, -92, -111, -94, -110, -74, -109, -59, -104, -49, -93, -36, -73, -26, -57, -26, -34, -21, -17, -16, 0, -23, 11, -81, 90, -81, 90, -88, 94, -83, 87, -84, 84, -77, 83, -66, 81, -48, 80, -29, 84, 10, 92, 27, 99, 55, 112, 74, 127, 87, 127, 97, 127, 91, 127, 77, 127, 78, 127, 58, 127, 40, 127, 22, 118, 19, 81, 3, 42, 13, -17, 27, -69, 42, -106]",esp32_1
CSI_DATA,118492,2025-08-27 15:24:20.240,0,walk,00:00:00:00:00:00,-44,11,0,0,0,0,0,0,0,0,0,-97,0,1,0,331594709,0,14,0,0,0,104,0,"[0, 0, -128, -11, -128, 6, -128, 25, -128, 43, -128, 57, -128, 67, -128, 73, -128, 75, -128, 69, -128, 57, -128, 39, -128, 16, -128, -8, -128, -31, -128, -47, -102, -57, -53, -56, -9, -46, 28, -27, 54, -3, 68, 23, 70, 48, 62, 68, 46, 80, 30, 83, 127, 23, 127, 38, 127, 54, 127, 67, 127, 77, 127, 79, 127, 75, 127, 66, 127, 50, 127, 28, 125, 4, 109, -18, 97, -40, 88, -60, 77, -79, 64, -95, 52, -107, 37, -113, 19, -112, -3, -108, -27, -103, -55, -96, -87, -88, -117, -77, -128, -67, -128, -60]",esp32_2
CSI_DATA,115923,2025-08-27 15:24:20.250,0,walk,00:00:00:00:00:00,-66,11,0,0,0,0,0,0,0,0,0,-97,0,1,0,3471298101,0,14,0,0,0,104,0,"[0, 0, -128, 90, -128, 70, -128, 47, -128, 42, -128, 24, -128, 32, -128, 47, -128, 86, -116, 117, -95, 127, -95, 127, -102, 127, -113, 127, -128, 127, -128, 127, -128, 127, -128, 126, -126, 94, -110, 64, -75, 43, -53, 27, -23, 23, 2, 22, 33, 39, 39, 47, 17, -128, 21, -128, 30, -128, 29, -128, 32, -128, 27, -128, 22, -128, 9, -128, -9, -128, -31, -128, -65, -128, -81, -128, -84, -128, -96, -128, -93, -128, -99, -128, -81, -128, -63, -128, -38, -128, -24, -128, -15, -128, -21, -91, -62, -36, -73, 19, -114, 66, -128, 80]",esp32_1
CSI_DATA,115924,2025-08-27 15:24:20.272,0,walk,00:00:00:00:00:00,-66,11,0,0,0,0,0,0,0,0,0,-97,0,1,0,3471323497,0,14,0,0,0,104,0,"[0, 0, 125, 127, 123, 127, 102, 127, 89, 127, 85, 127, 76, 127, 83, 127, 107, 114, 120, 100, 127, 85, 127, 101, 127, 106, 127, 109, 127, 95, 127, 125, 127, 121, 127, 126, 98, 110, 71, 94, 38, 62, 32, 39, 29, 13, 28, -11, 29, -38, 40, -55, -128, -8, -128, -20, -128, -26, -128, -28, -128, -27, -128, -29, -128, -12, -128, -5, -128, 21, -128, 19, -128, 56, -128, 82, -128, 70, -128, 91, -128, 104, -128, 100, -128, 94, -128, 69, -128, 47, -128, 34, -128, 20, -75, 23, -13, 30, 17, 59, 74, 94, 122, 127]",esp32_1
CSI_DATA,118493,2025-08-27 15:24:20.282,0,walk,00:00:00:00:00:00,-44,11,0,0,0,0,0,0,0,0,0,-97,0,1,0,331604986,0,14,0,0,0,104,0,"[0, 0, -128, -16, -128, 1, -128, 18, -128, 36, -128, 53, -128, 64, -128, 71, -128, 73, -128, 67, -128, 54, -128, 38, -128, 19, -128, 0, -128, -20, -128, -38, -107, -49, -64, -56, -23, -52, 12, -40, 39, -24, 57, -5, 66, 15, 65, 32, 56, 44, 44, 50, 119, 127, 118, 127, 115, 127, 112, 127, 111, 127, 110, 127, 109, 127, 110, 127, 110, 127, 109, 124, 108, 108, 104, 90, 99, 73, 95, 55, 90, 35, 82, 14, 72, -4, 60, -20, 45, -34, 29, -45, 10, -53, -11, -61, -32, -67, -55, -69, -78, -69, -96, -68]",esp32_2
CSI_DATA,115925,2025-08-27 15:24:20.292,0,walk,00:00:00:00:00:00,-66,11,0,0,0,0,0,0,0,0,0,-97,0,1,0,3471361345,0,14,0,0,0,104,0,"[0, 0, -128, -56, -128, -67, -128, -73, -128, -65, -128, -56, -128, -42, -128, -8, -128, 24, -128, 60, -128, 93, -128, 105, -128, 118, -128, 104, -128, 100, -128, 81, -128, 61, -128, 34, -128, 7, -103, -2, -61, -8, -33, -15, 0, -8, 25, 1, 48, 18, 60, 35, 127, -32, 127, -25, 127, -24, 127, -21, 127, -27, 127, -31, 127, -25, 127, -40, 127, -46, 117, -75, 102, -103, 100, -119, 108, -122, 113, -128, 115, -124, 119, -128, 113, -114, 105, -102, 92, -72, 76, -45, 31, -25, -12, -6, -79, 9, -118, 26, -128, 25, -128, 2]",esp32_1
CSI_DATA,115926,2025-08-27 15:24:20.319,0,walk,00:00:00:00:00:00,-65,11,0,0,0,0,0,0,0,0,0,-97,0,1,0,3471383637,0,14,0,0,0,104,0,"[0, 0, -105, -128, -92, -128, -87, -128, -71, -128, -68, -128, -76, -128, -85, -128, -100, -114, -113, -102, -128, -92, -128, -93, -128, -102, -128, -111, -128, -112, -126, -122, -104, -114, -76, -111, -48, -95, -26, -84, -14, -56, 1, -30, 3, -7, 5, 16, 0, 42, -10, 57, 127, 12, 127, 21, 127, 27, 127, 25, 127, 29, 127, 26, 121, 27, 126, 19, 122, 7, 127, -3, 127, -16, 127, -28, 127, -27, 127, -31, 127, -27, 127, -29, 124, -21, 110, -16, 92, -15, 61, -14, 26, -21, -8, -43, -57, -58, -73, -90, -104, -122, -119, -128]",esp32_1
CSI_DATA,118494,2025-08-27 15:24:20.319,0,walk,00:00:00:00:00:00,-47,11,0,0,0,0,0,0,0,0,0,-97,0,1,0,331614733,0,14,0,0,0,104,0,"[0, 0, 127, -128, 115, -128, 95, -128, 74, -128, 55, -128, 42, -128, 36, -128, 35, -128, 40, -128, 51, -128, 68, -128, 85, -128, 97, -128, 108, -128, 112, -128, 105, -69, 89, -14, 65, 32, 34, 70, 0, 96, -31, 108, -59, 108, -78, 93, -87, 71, -87, 54, -128, -6, -128, -11, -128, -16, -128, -16, -128, -13, -128, -8, -128, 1, -128, 13, -128, 24, -128, 34, -128, 43, -128, 48, -128, 49, -124, 50, -98, 50, -70, 48, -41, 43, -11, 35, 21, 24, 53, 11, 82, -4, 110, -21, 127, -38, 127, -55, 127, -73, 127, -87]",esp32_2
CSI_DATA,115927,2025-08-27 15:24:20.335,0,walk,00:00:00:00:00:00,-66,11,0,0,0,0,0,0,0,0,0,-97,0,1,0,3471408762,0,14,0,0,0,104,0,"[0, 0, 53, -128, 66, -128, 64, -128, 72, -128, 66, -128, 39, -128, 26, -128, 4, -128, -7, -128, -23, -128, -32, -128, -40, -128, -29, -128, -18, -128, 4, -128, 16, -128, 38, -128, 47, -113, 53, -80, 43, -48, 30, -15, 10, 6, -10, 23, -25, 37, -47, 41, 99, 79, 101, 89, 100, 95, 98, 98, 102, 101, 97, 104, 93, 97, 93, 93, 92, 79, 105, 69, 107, 59, 112, 48, 126, 44, 127, 40, 127, 41, 127, 41, 118, 43, 110, 42, 100, 24, 77, 10, 51, -19, 28, -50, 9, -76, 10, -128, 10, -128, 11, -128]",esp32_1
CSI_DATA,118495,2025-08-27 15:24:20.350,0,walk,00:00:00:00:00:00,-47,11,0,0,0,0,0,0,0,0,0,-97,0,1,0,331624742,0,14,0,0,0,104,0,"[0, 0, -128, 112, -128, 118, -128, 126, -128, 127, -117, 127, -108, 127, -105, 127, -107, 127, -110, 127, -116, 127, -124, 127, -128, 127, -126, 105, -114, 67, -90, 30, -58, -1, -22, -24, 16, -35, 53, -35, 81, -25, 101, -7, 109, 12, 105, 30, 91, 44, 77, 52, 79, -128, 87, -128, 94, -128, 94, -128, 90, -128, 81, -124, 69, -118, 55, -117, 40, -118, 25, -121, 13, -124, 5, -122, 0, -118, -5, -112, -13, -100, -23, -85, -32, -66, -43, -44, -58, -20, -74, 4, -93, 28, -115, 50, -128, 71, -128, 88, -128, 99, -128, 101]",esp32_2
CSI_DATA,115928,2025-08-27 15:24:20.360,0,walk,00:00:00:00:00:00,-66,11,0,0,0,0,0,0,0,0,0,-97,0,1,0,3471445424,0,14,0,0,0,104,0,"[0, 0, 127, -128, 127, -121, 127, -115, 127, -110, 127, -103, 127, -104, 127, -108, 127, -117, 127, -122, 121, -128, 118, -128, 127, -128, 127, -122, 127, -102, 127, -83, 127, -55, 114, -26, 90, -4, 64, 6, 30, 14, -5, 10, -23, 1, -45, -16, -52, -35, -52, -57, 87, 86, 89, 98, 87, 105, 81, 117, 77, 122, 73, 119, 64, 116, 62, 111, 66, 104, 68, 82, 78, 80, 91, 71, 100, 55, 116, 59, 125, 55, 124, 63, 125, 68, 127, 69, 117, 51, 108, 36, 98, 18, 94, -6, 96, -24, 107, -63, 117, -88, 127, -106]",esp32_1
CSI_DATA,115929,2025-08-27 15:24:20.382,0,walk,00:00:00:00:00:00,-66,11,0,0,0,0,0,0,0,0,0,-97,0,1,0,3471484869,0,14,0,0,0,104,0,"[0, 0, -7, 127, -4, 127, 3, 127, -1, 127, 3, 127, 13, 127, 19, 127, 25, 127, 25, 127, 32, 127, 24, 127, 13, 127, 2, 127, -8, 127, -23, 127, -30, 107, -37, 76, -34, 40, -18, 8, 1, -14, 30, -29, 57, -31, 78, -25, 100, -22, 112, 0, -128, 42, -128, 33, -128, 18, -128, 9, -128, -5, -128, -14, -128, -20, -128, -26, -120, -26, -112, -11, -89, 3, -80, 18, -79, 41, -79, 59, -82, 84, -84, 97, -89, 102, -95, 120, -107, 123, -104, 123, -97, 124, -86, 124, -65, 127, -51, 127, -35, 127, -21, 127]",esp32_1
CSI_DATA,118496,2025-08-27 15:24:20.382,0,walk,00:00:00:00:00:00,-45,11,0,0,0,0,0,0,0,0,0,-97,0,1,0,331635792,0,14,0,0,0,104,0,"[0, 0, -128, 127, -128, 127, -128, 127, -128, 127, -128, 127, -115, 127, -100, 127, -92, 127, -91, 127, -92, 127, -94, 127, -94, 127, -88, 112, -75, 84, -52, 56, -21, 34, 11, 22, 43, 23, 70, 34, 87, 53, 94, 74, 88, 93, 71, 105, 48, 108, 30, 106, -128, -128, -128, -128, -128, -128, -112, -128, -92, -128, -80, -115, -77, -87, -84, -62, -100, -40, -121, -26, -128, -18, -128, -18, -128, -23, -128, -27, -128, -27, -128, -24, -128, -15, -128, 1, -116, 26, -103, 56, -94, 92, -95, 127, -108, 127, -127, 127, -128, 127, -128, 127]",esp32_2
CSI_DATA,115930,2025-08-27 15:24:20.404,0,walk,00:00:00:00:00:00,-67,11,0,0,0,0,0,0,0,0,0,-97,0,1,0,3471542066,0,14,0,0,0,104,0,"[0, 0, 127, -61, 127, -58, 127, -47, 127, -63, 127, -74, 127, -84, 127, -105, 127, -114, 122, -128, 126, -128, 127, -128, 127, -128, 127, -125, 127, -104, 127, -74, 121, -35, 97, 0, 60, 22, 20, 36, -23, 37, -75, 28, -115, 14, -128, -15, -128, -50, -128, -90, 23, 127, 25, 127, 22, 127, 20, 127, 11, 127, 7, 127, -4, 127, -7, 127, -12, 127, -3, 115, 8, 94, 22, 72, 45, 35, 81, 19, 100, 9, 127, 13, 127, 3, 127, 8, 127, -10, 127, -10, 127, -21, 127, -21, 127, -22, 127, -48, 127, -59, 127, -43]",esp32_1
CSI_DATA,118497,2025-08-27 15:24:20.404,0,walk,00:00:00:00:00:00,-43,11,0,0,0,0,0,0,0,0,0,-97,0,1,0,331644744,0,14,0,0,0,104,0,"[0, 0, -128, -128, -128, -128, -128, -128, -128, -128, -128, -128, -122, -128, -122, -128, -126, -121, -128, -109, -128, -101, -128, -95, -122, -88, -112, -79, -99, -68, -86, -51, -76, -29, -72, -8, -78, 10, -89, 23, -102, 29, -114, 27, -123, 17, -124, 3, -117, -12, -107, -23, 96, -128, 109, -128, 119, -128, 117, -126, 105, -103, 84, -86, 57, -79, 29, -84, 2, -100, -18, -123, -28, -128, -28, -128, -23, -128, -14, -128, -8, -128, -4, -128, -4, -128, -12, -128, -27, -128, -50, -128, -80, -118, -117, -117, -128, -126, -128, -128, -128, -128, -128, -128]",esp32_2
CSI_DATA,115931,2025-08-27 15:24:20.430,0,walk,00:00:00:00:00:00,-68,11,0,0,0,0,0,0,0,0,0,-97,0,1,0,3471566505,0,14,0,0,0,104,0,"[0, 0, 90, 127, 64, 127, 77, 127, 54, 127, 44, 127, 42, 127, 43, 127, 54, 127, 53, 127, 67, 127, 73, 127, 70, 127, 58, 127, 61, 127, 33, 127, 11, 127, -11, 119, -36, 84, -35, 49, -38, 19, -26, -27, 0, -51, 32, -69, 47, -91, 77, -82, -128, 46, -128, 35, -128, 27, -128, 11, -128, 7, -128, -5, -128, -8, -128, -26, -128, -13, -119, 0, -84, 11, -69, 28, -68, 52, -54, 81, -58, 105, -55, 127, -60, 127, -73, 127, -73, 127, -74, 127, -64, 127, -36, 127, -14, 127, 7, 127, 39, 127, 60, 127]",esp32_1
CSI_DATA,115932,2025-08-27 15:24:20.449,0,walk,00:00:00:00:00:00,-66,11,0,0,0,0,0,0,0,0,0,-97,0,1,0,3471592721,0,14,0,0,0,104,0,"[0, 0, 127, 127, 127, 127, 127, 127, 127, 127, 127, 127, 127, 127, 127, 127, 127, 127, 127, 109, 127, 88, 127, 90, 127, 80, 127, 67, 127, 67, 127, 73, 127, 77, 99, 69, 70, 65, 49, 52, 21, 35, 13, 22, -12, 0, -18, -24, -24, -49, -23, -62, -128, 0, -128, -8, -128, -25, -128, -25, -128, -30, -128, -32, -123, -23, -109, -14, -100, 9, -98, 30, -95, 67, -89, 99, -102, 112, -123, 127, -128, 127, -128, 127, -128, 127, -128, 127, -128, 124, -128, 111, -117, 78, -79, 67, -24, 58, 20, 54, 72, 60, 127, 86]",esp32_1
CSI_DATA,115933,2025-08-27 15:24:20.471,0,walk,00:00:00:00:00:00,-66,11,0,0,0,0,0,0,0,0,0,-97,0,1,0,3471626913,0,14,0,0,0,104,0,"[0, 0, 127, 127, 113, 127, 119, 127, 93, 127, 96, 127, 88, 127, 84, 127, 89, 127, 89, 127, 84, 126, 87, 127, 81, 127, 82, 109, 94, 117, 67, 104, 60, 114, 32, 89, 18, 67, 8, 50, 1, 27, -9, 3, 5, -15, 13, -30, 22, -48, 37, -52, -121, 31, -117, 27, -128, 22, -121, 15, -128, 10, -119, 5, -114, 17, -107, 10, -96, 27, -109, 29, -103, 44, -98, 56, -106, 65, -113, 75, -113, 82, -117, 108, -109, 87, -128, 82, -115, 62, -92, 63, -73, 51, -34, 42, -2, 53, 33, 68, 65, 85, 92, 108]",esp32_1
CSI_DATA,115934,2025-08-27 15:24:20.493,0,walk,00:00:00:00:00:00,-65,11,0,0,0,0,0,0,0,0,0,-97,0,1,0,3471654101,0,14,0,0,0,104,0,"[0, 0, 127, -89, 127, -75, 127, -52, 127, -52, 127, -42, 127, -39, 127, -45, 127, -53, 127, -60, 127, -62, 127, -60, 127, -58, 127, -54, 127, -40, 127, -21, 127, -7, 112, 8, 85, 18, 60, 13, 33, 12, 6, 3, -9, -13, -18, -29, -23, -46, -21, -65, 102, 104, 91, 110, 89, 119, 87, 121, 81, 124, 74, 124, 68, 122, 69, 118, 72, 109, 76, 100, 85, 100, 95, 94, 95, 84, 108, 83, 111, 81, 119, 93, 113, 91, 113, 90, 99, 67, 92, 52, 87, 26, 92, 3, 107, -16, 121, -50, 127, -77, 127, -82]",esp32_1
CSI_DATA,118499,2025-08-27 15:24:20.493,0,walk,00:00:00:00:00:00,-42,11,0,0,0,0,0,0,0,0,0,-97,0,1,0,331664969,0,14,0,0,0,104,0,"[0, 0, -128, 127, -128, 127, -128, 127, -128, 127, -128, 127, -128, 127, -116, 127, -95, 127, -76, 127, -61, 127, -51, 127, -44, 127, -36, 127, -26, 127, -11, 127, 8, 114, 28, 106, 47, 105, 63, 112, 73, 124, 75, 127, 68, 127, 50, 127, 27, 127, 7, 127, -128, 52, -128, 23, -128, -9, -128, -29, -128, -37, -128, -30, -128, -8, -118, 26, -113, 65, -121, 104, -128, 127, -128, 127, -128, 127, -128, 127, -128, 127, -128, 127, -128, 127, -128, 127, -128, 127, -128, 127, -121, 127, -99, 127, -87, 127, -83, 127, -88, 127, -98, 127]",esp32_2
CSI_DATA,115935,2025-08-27 15:24:20.522,0,walk,00:00:00:00:00:00,-63,11,0,0,0,0,0,0,0,0,0,-97,0,1,0,3471690346,0,14,0,0,0,104,0,"[0, 0, -128, -128, -128, -128, -128, -128, -121, -128, -127, -128, -115, -128, -114, -128, -128, -128, -122, -128, -120, -128, -113, -128, -117, -128, -122, -128, -126, -128, -94, -128, -73, -128, -43, -128, -27, -128, -1, -103, 4, -73, 13, -44, 6, -14, -8, 15, -28, 34, -51, 42, 49, -128, 54, -128, 63, -128, 61, -128, 83, -128, 84, -128, 77, -128, 87, -128, 69, -128, 100, -128, 85, -128, 78, -128, 80, -128, 74, -128, 52, -128, 33, -128, 36, -128, 36, -128, 37, -128, 16, -128, 0, -128, -32, -125, -54, -128, -71, -128, -98, -128, -123, -128]",esp32_1
CSI_DATA,118500,2025-08-27 15:24:20.524,0,walk,00:00:00:00:00:00,-42,11,0,0,0,0,0,0,0,0,0,-97,0,1,0,331674712,0,14,0,0,0,104,0,"[0, 0, -128, 127, -128, 127, -128, 127, -128, 127, -128, 127, -128, 127, -128, 125, -128, 124, -128, 121, -128, 117, -128, 109, -128, 99, -123, 88, -97, 77, -68, 70, -38, 71, -11, 79, 9, 95, 19, 117, 20, 127, 11, 127, -5, 127, -28, 127, -51, 127, -68, 127, -128, -120, -128, -128, -128, -128, -128, -128, -120, -128, -103, -113, -96, -83, -102, -53, -118, -26, -128, -4, -128, 9, -128, 13, -128, 8, -128, 0, -128, -7, -128, -12, -128, -15, -128, -10, -128, 6, -128, 31, -128, 63, -128, 98, -128, 127, -128, 127, -128, 127, -128, 127]",esp32_2
CSI_DATA,115936,2025-08-27 15:24:20.544,0,walk,00:00:00:00:00:00,-65,11,0,0,0,0,0,0,0,0,0,-97,0,1,0,3471750318,0,14,0,0,0,104,0,"[0, 0, -128, 127, -128, 127, -128, 127, -128, 127, -121, 127, -99, 127, -77, 127, -61, 127, -50, 127, -41, 127, -38, 127, -50, 127, -53, 127, -75, 127, -86, 127, -87, 127, -99, 88, -89, 50, -72, 17, -46, -10, -13, -35, 22, -45, 50, -46, 77, -36, 96, -24, -93, -96, -93, -105, -94, -115, -94, -121, -92, -128, -91, -128, -83, -123, -86, -126, -80, -111, -89, -97, -96, -93, -106, -81, -115, -71, -128, -62, -128, -62, -128, -59, -128, -57, -127, -51, -113, -32, -97, -7, -84, 16, -80, 52, -73, 78, -81, 127, -93, 127, -104, 127]",esp32_1
CSI_DATA,118501,2025-08-27 15:24:20.556,0,walk,00:00:00:00:00:00,-41,11,0,0,0,0,0,0,0,0,0,-97,0,1,0,331684866,0,14,0,0,0,104,0,"[0, 0, 81, 127, 74, 127, 74, 127, 71, 127, 67, 127, 65, 127, 64, 127, 61, 127, 56, 127, 48, 127, 37, 127, 26, 127, 20, 127, 19, 107, 26, 72, 42, 39, 64, 15, 91, 4, 119, 4, 127, 13, 127, 32, 127, 53, 127, 74, 127, 92, 112, 103, -128, 127, -128, 123, -128, 95, -128, 72, -128, 56, -128, 48, -118, 51, -95, 65, -77, 86, -64, 113, -58, 127, -59, 127, -67, 127, -78, 127, -86, 127, -90, 127, -89, 127, -82, 127, -68, 127, -48, 127, -22, 127, 5, 127, 33, 127, 59, 127, 79, 127, 87, 127]",esp32_2
CSI_DATA,115937,2025-08-27 15:24:20.565,0,walk,00:00:00:00:00:00,-66,11,0,0,0,0,0,0,0,0,0,-97,0,1,0,3471779183,0,14,0,0,0,104,0,"[0, 0, -128, 112, -128, 99, -128, 82, -128, 89, -128, 83, -128, 95, -128, 108, -128, 118, -128, 126, -128, 127, -128, 127, -128, 127, -128, 124, -128, 97, -128, 68, -128, 33, -128, 1, -96, -21, -61, -34, -17, -45, 32, -49, 70, -29, 91, -5, 104, 24, 113, 53, -37, -128, -35, -128, -37, -128, -33, -128, -19, -128, -17, -128, -21, -128, -15, -128, -21, -128, -19, -128, -36, -128, -48, -128, -58, -128, -71, -126, -89, -125, -93, -128, -92, -123, -104, -102, -104, -70, -107, -34, -115, -1, -127, 30, -128, 44, -128, 93, -128, 117, -128, 107]",esp32_1
CSI_DATA,118502,2025-08-27 15:24:20.579,0,walk,00:00:00:00:00:00,-40,11,0,0,0,0,0,0,0,0,0,-97,0,1,0,331694755,0,14,0,0,0,104,0,"[0, 0, -128, -128, -128, -128, -128, -128, -128, -128, -128, -125, -128, -123, -128, -124, -128, -126, -128, -127, -128, -127, -128, -124, -128, -115, -122, -96, -90, -69, -63, -33, -46, 8, -42, 49, -53, 83, -75, 108, -101, 120, -127, 118, -128, 104, -128, 81, -128, 52, -128, 28, 61, -128, 80, -128, 99, -128, 108, -128, 109, -128, 97, -128, 74, -125, 47, -117, 17, -119, -13, -128, -39, -128, -57, -128, -68, -128, -77, -128, -83, -128, -88, -128, -90, -128, -93, -128, -99, -128, -110, -128, -126, -128, -128, -128, -128, -128, -128, -128, -128, -128, -128, -128]",esp32_2
CSI_DATA,115938,2025-08-27 15:24:20.586,0,walk,00:00:00:00:00:00,-65,11,0,0,0,0,0,0,0,0,0,-97,0,1,0,3471810941,0,14,0,0,0,104,0,"[0, 0, 61, 124, 86, 127, 92, 124, 107, 127, 108, 127, 102, 127, 118, 127, 110, 127, 119, 123, 116, 126, 115, 127, 109, 127, 102, 127, 63, 127, 51, 127, 28, 96, 9, 86, -3, 57, -15, 35, -18, -2, -8, -15, -2, -39, 3, -54, 15, -72, 36, -74, -100, 47, -127, 50, -127, 35, -128, 34, -128, 22, -128, 12, -128, 0, -128, 1, -128, -9, -109, 8, -98, 17, -87, 35, -79, 57, -83, 82, -94, 108, -80, 105, -104, 125, -98, 126, -120, 127, -110, 125, -100, 116, -86, 105, -55, 96, -44, 99, -12, 104, 18, 109]",esp32_1
CSI_DATA,115939,2025-08-27 15:24:20.613,0,walk,00:00:00:00:00:00,-66,11,0,0,0,0,0,0,0,0,0,-97,0,1,0,3471848033,0,14,0,0,0,104,0,"[0, 0, -128, -84, -128, -98, -128, -106, -128, -111, -128, -100, -128, -85, -128, -76, -128, -48, -128, -34, -128, -18, -128, -16, -128, -12, -128, -3, -128, -9, -128, -19, -110, -26, -84, -38, -55, -44, -24, -43, 8, -40, 31, -35, 57, -22, 72, -4, 92, 15, 95, 35, 127, 34, 127, 47, 127, 49, 127, 55, 127, 64, 127, 63, 120, 58, 114, 48, 107, 28, 100, 11, 95, -19, 92, -49, 101, -57, 112, -82, 114, -91, 119, -105, 123, -105, 125, -97, 115, -77, 95, -62, 64, -46, 31, -29, -24, -30, -69, -17, -115, -22, -128, -44]",esp32_1
CSI_DATA,118503,2025-08-27 15:24:20.613,0,walk,00:00:00:00:00:00,-40,11,0,0,0,0,0,0,0,0,0,-97,0,1,0,331706276,0,14,0,0,0,104,0,"[0, 0, 59, -128, 56, -128, 54, -128, 55, -128, 55, -128, 56, -128, 61, -128, 66, -128, 72, -128, 75, -128, 76, -128, 72, -128, 60, -126, 40, -88, 14, -53, -20, -26, -57, -11, -92, -11, -122, -22, -128, -39, -128, -61, -128, -84, -128, -102, -108, -114, -87, -119, 127, 97, 127, 114, 127, 127, 127, 127, 127, 127, 117, 119, 99, 95, 90, 66, 89, 34, 96, 0, 110, -31, 127, -56, 127, -75, 127, -90, 127, -101, 127, -109, 127, -113, 127, -115, 127, -117, 127, -122, 127, -128, 127, -128, 127, -128, 121, -128, 101, -128, 88, -128]",esp32_2
CSI_DATA,115940,2025-08-27 15:24:20.634,0,walk,00:00:00:00:00:00,-66,11,0,0,0,0,0,0,0,0,0,-97,0,1,0,3471873168,0,14,0,0,0,104,0,"[0, 0, -94, -128, -78, -128, -73, -128, -60, -128, -48, -128, -47, -128, -49, -128, -53, -128, -55, -128, -56, -128, -63, -128, -51, -128, -51, -128, -34, -118, -20, -112, -9, -87, 5, -65, 12, -37, 16, -7, 6, 20, -2, 33, -16, 56, -32, 65, -47, 83, -66, 76, 122, -30, 127, -24, 127, -14, 127, -11, 127, -8, 127, -2, 119, -4, 117, -8, 106, -17, 101, -38, 97, -52, 91, -66, 99, -82, 109, -99, 117, -109, 112, -105, 114, -102, 113, -96, 104, -94, 85, -86, 49, -84, 21, -89, -25, -96, -47, -123, -70, -128, -102, -128]",esp32_1
CSI_DATA,118504,2025-08-27 15:24:20.640,0,walk,00:00:00:00:00:00,-40,11,0,0,0,0,0,0,0,0,0,-97,0,1,0,331741545,0,14,0,236,-56,104,0,"[0, 0, -128, -55, -128, -43, -128, -32, -128, -24, -128, -18, -128, -16, -128, -17, -128, -18, -128, -22, -128, -30, -128, -41, -128, -53, -128, -61, -111, -65, -65, -60, -21, -48, 19, -29, 51, -5, 71, 24, 80, 53, 80, 79, 71, 100, 57, 111, 38, 112, 21, 108, 127, -6, 127, 10, 127, 29, 127, 45, 127, 59, 127, 65, 127, 63, 127, 53, 111, 35, 83, 8, 58, -25, 38, -55, 23, -85, 12, -114, 4, -128, -4, -128, -10, -128, -17, -128, -26, -128, -37, -128, -54, -128, -75, -128, -100, -128, -126, -128, -128, -117, -128, -106]",esp32_2
CSI_DATA,118505,2025-08-27 15:24:20.829,0,walk,00:00:00:00:00:00,-40,11,0,0,0,0,0,0,0,0,0,-97,0,1,0,331741955,0,14,0,0,0,104,0,"[0, 0, 114, 127, 127, 127, 127, 127, 127, 127, 127, 127, 127, 127, 127, 127, 127, 127, 127, 127, 127, 127, 116, 127, 84, 127, 52, 127, 20, 127, -8, 98, -30, 51, -42, 4, -41, -40, -32, -79, -16, -108, 7, -127, 31, -128, 51, -128, 66, -112, 75, -98, -128, -128, -128, -128, -128, -128, -113, -128, -92, -128, -72, -128, -56, -128, -46, -128, -44, -123, -48, -82, -60, -40, -74, -1, -90, 32, -109, 60, -127, 86, -128, 107, -128, 122, -128, 127, -128, 127, -128, 127, -111, 127, -89, 127, -63, 127, -33, 127, 0, 127, 23, 127]",esp32_2
CSI_DATA,118507,2025-08-27 15:24:20.845,0,walk,00:00:00:00:00:00,-41,11,0,0,0,0,0,0,0,0,0,-97,0,1,0,331744701,0,14,0,0,0,104,0,"[0, 0, 127, -128, 127, -128, 127, -128, 127, -128, 127, -128, 127, -128, 127, -128, 127, -128, 127, -128, 127, -128, 127, -128, 127, -128, 127, -128, 127, -95, 109, -45, 79, 3, 44, 42, 3, 70, -40, 87, -77, 92, -108, 87, -128, 73, -128, 51, -128, 25, -128, 6, -128, 127, -128, 127, -128, 127, -128, 127, -128, 112, -128, 89, -128, 69, -128, 55, -128, 48, -85, 48, -36, 53, 10, 61, 51, 71, 88, 85, 120, 98, 127, 107, 127, 112, 127, 112, 127, 102, 127, 84, 127, 60, 127, 31, 127, -4, 127, -44, 127, -84, 127, -111]",esp32_2
CSI_DATA,118508,2025-08-27 15:24:20.850,0,walk,00:00:00:00:00:00,-40,11,0,0,0,0,0,0,0,0,0,-97,0,1,0,331754704,0,14,0,0,0,104,0,"[0, 0, 127, -128, 127, -128, 127, -128, 127, -128, 127, -128, 127, -128, 127, -128, 127, -128, 127, -128, 127, -128, 127, -128, 127, -119, 127, -80, 127, -40, 116, 1, 75, 39, 31, 67, -13, 83, -56, 90, -93, 87, -120, 75, -128, 58, -128, 36, -128, 13, -128, -3, -128, -9, -128, -26, -128, -46, -128, -62, -128, -76, -128, -83, -128, -80, -128, -70, -128, -51, -94, -24, -54, 9, -19, 43, 11, 78, 35, 111, 56, 127, 72, 127, 85, 127, 99, 127, 111, 127, 122, 127, 127, 127, 127, 100, 127, 67, 127, 28, 127, -13, 127, -41]",esp32_2
CSI_DATA,118509,2025-08-27 15:24:20.854,0,walk,00:00:00:00:00:00,-41,11,0,0,0,0,0,0,0,0,0,-97,0,1,0,331764742,0,14,0,0,0,104,0,"[0, 0, 127, -128, 127, -128, 127, -128, 127, -128, 127, -128, 127, -128, 127, -128, 127, -128, 124, -128, 119, -128, 118, -128, 117, -128, 114, -128, 107, -92, 95, -43, 78, 5, 57, 47, 29, 81, -1, 106, -30, 119, -55, 124, -75, 120, -90, 105, -99, 85, -101, 69, -128, 87, -128, 72, -128, 51, -128, 32, -128, 14, -128, -3, -128, -13, -128, -14, -128, -9, -85, 3, -35, 21, 11, 41, 51, 64, 86, 88, 115, 109, 127, 123, 127, 127, 127, 127, 127, 116, 127, 93, 127, 60, 127, 22, 127, -21, 127, -70, 127, -118, 127, -128]",esp32_2
CSI_DATA,118510,2025-08-27 15:24:20.864,0,walk,00:00:00:00:00:00,-42,11,0,0,0,0,0,0,0,0,0,-97,0,1,0,331786859,0,14,0,0,0,104,0,"[0, 0, -128, 127, -128, 127, -128, 127, -128, 127, -128, 127, -128, 127, -128, 127, -128, 127, -128, 127, -128, 114, -128, 93, -128, 68, -103, 39, -75, 8, -45, -22, -14, -49, 18, -71, 50, -85, 80, -92, 103, -93, 119, -89, 127, -79, 127, -64, 126, -48, 119, -35, 127, 79, 127, 98, 127, 119, 127, 127, 127, 127, 127, 127, 127, 124, 96, 99, 56, 64, 20, 24, -8, -19, -29, -59, -47, -96, -59, -128, -67, -128, -74, -128, -82, -128, -93, -128, -106, -128, -120, -106, -128, -70, -128, -30, -128, 13, -128, 55, -128, 91, -128, 115]",esp32_2
CSI_DATA,118511,2025-08-27 15:24:20.876,0,walk,00:00:00:00:00:00,-43,11,0,0,0,0,0,0,0,0,0,-97,0,1,0,331787335,0,14,0,0,0,104,0,"[0, 0, 127, 127, 127, 127, 127, 127, 127, 127, 127, 127, 127, 127, 127, 127, 127, 127, 127, 127, 117, 127, 93, 127, 65, 126, 37, 100, 8, 72, -21, 43, -48, 13, -71, -17, -86, -49, -95, -78, -96, -101, -91, -118, -80, -128, -65, -128, -50, -125, -38, -118, 77, -128, 96, -128, 116, -128, 127, -128, 127, -128, 127, -128, 123, -128, 98, -95, 65, -55, 24, -20, -21, 9, -62, 31, -97, 48, -127, 58, -128, 67, -128, 75, -128, 84, -128, 94, -128, 105, -105, 119, -68, 127, -28, 127, 14, 127, 57, 127, 97, 127, 123, 127]",esp32_2
CSI_DATA,118513,2025-08-27 15:24:20.966,0,walk,00:00:00:00:00:00,-43,11,0,0,0,0,0,0,0,0,0,-97,0,1,0,331804692,0,14,0,0,0,104,0,"[0, 0, -128, 127, -128, 127, -128, 127, -128, 127, -128, 127, -128, 127, -128, 127, -128, 127, -128, 127, -112, 127, -92, 103, -74, 78, -54, 47, -36, 13, -20, -21, -3, -52, 16, -81, 38, -105, 61, -122, 80, -128, 95, -128, 106, -125, 113, -110, 116, -92, 112, -77, 127, 92, 127, 110, 127, 127, 127, 127, 127, 127, 127, 127, 88, 123, 42, 93, -1, 54, -35, 10, -62, -35, -81, -75, -93, -109, -102, -128, -107, -128, -111, -128, -118, -128, -128, -111, -128, -75, -128, -32, -128, 17, -128, 66, -128, 116, -128, 127, -128, 127, -128, 127]",esp32_2
CSI_DATA,118514,2025-08-27 15:24:21.002,0,walk,00:00:00:00:00:00,-44,11,0,0,0,0,0,0,0,0,0,-97,0,1,0,331819217,0,14,0,0,0,104,0,"[0, 0, 20, -128, 22, -128, 21, -128, 13, -128, -6, -128, -21, -128, -28, -128, -34, -128, -32, -128, -27, -128, -25, -109, -21, -79, -13, -48, 0, -18, 15, 12, 30, 44, 42, 74, 47, 101, 47, 125, 42, 127, 32, 127, 14, 127, -7, 127, -21, 127, -28, 122, -128, 127, -128, 127, -128, 125, -128, 89, -128, 53, -128, 19, -120, -6, -68, -27, -11, -41, 48, -42, 100, -33, 127, -20, 127, -8, 127, 0, 127, -2, 127, -7, 127, -21, 127, -48, 127, -84, 100, -128, 71, -128, 51, -128, 46, -128, 48, -128, 46, -128, 42, -128]",esp32_2
CSI_DATA,118515,2025-08-27 15:24:21.024,0,walk,00:00:00:00:00:00,-44,11,0,0,0,0,0,0,0,0,0,-97,0,1,0,331826155,0,14,0,0,0,104,0,"[0, 0, 127, -128, 127, -128, 127, -128, 127, -128, 127, -123, 127, -114, 127, -107, 127, -100, 120, -92, 91, -80, 66, -64, 45, -46, 27, -27, 10, -5, -7, 18, -26, 41, -46, 60, -66, 72, -85, 80, -100, 81, -111, 77, -116, 67, -115, 53, -110, 38, -102, 26, -128, -99, -128, -114, -128, -128, -128, -128, -122, -128, -81, -120, -41, -95, -3, -62, 29, -20, 53, 25, 68, 68, 76, 104, 77, 127, 77, 127, 76, 127, 76, 127, 80, 127, 93, 111, 109, 77, 127, 38, 127, -3, 127, -44, 127, -79, 127, -108, 127, -128, 127, -128]",esp32_2
CSI_DATA,115943,2025-08-27 15:24:21.056,0,walk,00:00:00:00:00:00,-67,11,0,0,0,0,0,0,0,0,0,-97,0,1,0,3471985733,0,14,0,0,0,104,0,"[0, 0, 26, -128, 28, -128, 16, -128, 9, -128, -8, -128, -28, -128, -55, -107, -85, -76, -119, -46, -128, -23, -128, -14, -128, -12, -128, -11, -128, -38, -128, -51, -128, -69, -128, -91, -87, -109, -55, -117, -11, -115, 28, -109, 68, -104, 96, -86, 124, -69, 127, -46, -111, 43, -107, 47, -104, 50, -95, 66, -86, 79, -86, 88, -80, 96, -70, 100, -63, 104, -45, 110, -32, 104, -18, 91, -11, 91, -2, 77, 3, 59, 14, 31, 12, 13, 19, -21, 23, -49, 19, -81, 13, -126, 16, -128, -10, -128, 3, -128, 4, -128, 0, -128]",esp32_1
CSI_DATA,115944,2025-08-27 15:24:21.056,0,walk,00:00:00:00:00:00,-67,11,0,0,0,0,0,0,0,0,0,-97,0,1,0,3472022824,0,14,0,0,0,104,0,"[0, 0, -128, 55, -128, 38, -128, 72, -71, 61, -25, 68, 20, 91, 44, 117, 65, 127, 80, 127, 73, 127, 83, 127, 58, 127, 38, 127, 13, 127, -16, 113, -35, 84, -43, 29, -52, -11, -38, -70, -19, -113, 0, -128, 47, -128, 85, -128, 125, -128, 127, -128, 48, -82, 42, -87, 33, -128, 30, -124, 47, -128, 44, -128, 38, -128, 36, -128, 30, -124, 8, -111, -20, -85, -53, -71, -79, -41, -107, -31, -128, -16, -128, -17, -128, -13, -128, -3, -128, 12, -128, 37, -128, 34, -128, 58, -128, 51, -128, 42, -128, 56, -128, 43]",esp32_1
CSI_DATA,115945,2025-08-27 15:24:21.056,0,walk,00:00:00:00:00:00,-63,11,0,0,0,0,0,0,0,0,0,-97,0,1,0,3472058407,0,14,0,0,0,104,0,"[0, 0, -128, 40, -124, 55, -119, 70, -112, 95, -104, 112, -104, 127, -116, 127, -128, 127, -128, 127, -128, 127, -128, 127, -128, 115, -128, 96, -128, 63, -128, 45, -90, 27, -62, 18, -33, 24, -7, 35, 14, 53, 32, 73, 38, 96, 30, 111, 13, 127, 1, 125, -94, -56, -97, -69, -111, -83, -111, -95, -102, -109, -91, -119, -83, -115, -70, -117, -66, -107, -67, -87, -72, -78, -83, -56, -94, -36, -109, -26, -126, -14, -128, -21, -128, -23, -128, -28, -128, -19, -128, -23, -128, -24, -128, -19, -128, -26, -128, -8, -128, -3, -128, -2]",esp32_1
CSI_DATA,115946,2025-08-27 15:24:21.068,0,walk,00:00:00:00:00:00,-63,11,0,0,0,0,0,0,0,0,0,-97,0,1,0,3472082796,0,14,0,0,0,104,0,"[0, 0, -128, 127, -128, 126, -128, 108, -128, 114, -128, 100, -128, 102, -128, 100, -128, 108, -128, 110, -119, 125, -125, 127, -123, 117, -128, 107, -128, 90, -128, 72, -118, 47, -105, 31, -82, 1, -51, -1, -21, -5, 10, 0, 31, 18, 47, 28, 56, 45, 56, 70, -102, -49, -108, -63, -108, -71, -113, -82, -106, -87, -102, -102, -91, -105, -78, -114, -75, -105, -70, -89, -71, -83, -69, -69, -65, -48, -74, -32, -76, -21, -86, -12, -94, -2, -96, 4, -107, 21, -110, 31, -115, 42, -118, 63, -127, 69, -128, 104, -128, 119, -128, 113]",esp32_1
CSI_DATA,115947,2025-08-27 15:24:21.068,0,walk,00:00:00:00:00:00,-64,11,0,0,0,0,0,0,0,0,0,-97,0,1,0,3472109842,0,14,0,0,0,104,0,"[0, 0, 127, -113, 127, -100, 127, -88, 127, -90, 127, -86, 127, -89, 121, -96, 108, -110, 99, -126, 92, -128, 88, -128, 90, -128, 94, -128, 115, -128, 117, -121, 116, -85, 112, -62, 95, -27, 72, -2, 41, 16, 5, 32, -31, 31, -63, 23, -91, 6, -104, -17, 27, 103, 26, 111, 26, 119, 25, 126, 23, 127, 20, 127, 16, 127, 12, 127, 5, 127, 6, 117, 9, 112, 14, 95, 23, 70, 31, 59, 43, 44, 59, 40, 66, 26, 83, 15, 89, -9, 103, -27, 109, -49, 123, -70, 127, -79, 127, -110, 127, -118, 127, -120]",esp32_1
CSI_DATA,115948,2025-08-27 15:24:21.068,0,walk,00:00:00:00:00:00,-63,11,0,0,0,0,0,0,0,0,0,-97,0,1,0,3472158429,0,14,0,0,0,104,0,"[0, 0, 127, -49, 127, -61, 127, -68, 127, -91, 127, -101, 127, -117, 127, -128, 127, -128, 127, -128, 127, -128, 127, -128, 127, -114, 127, -97, 127, -73, 127, -45, 127, -22, 106, -10, 66, -7, 41, -10, 8, -23, -17, -45, -27, -72, -27, -94, -14, -114, 5, -125, 120, 46, 127, 60, 127, 79, 127, 98, 127, 120, 127, 127, 119, 127, 107, 127, 96, 127, 83, 127, 85, 120, 85, 102, 82, 75, 98, 60, 113, 44, 127, 43, 127, 34, 127, 33, 127, 19, 127, 13, 127, 14, 127, 7, 127, 15, 127, -7, 127, -10, 127, -11]",esp32_1
CSI_DATA,115949,2025-08-27 15:24:21.078,0,walk,00:00:00:00:00:00,-65,11,0,0,0,0,0,0,0,0,0,-97,0,1,0,3472195271,0,14,0,0,0,104,0,"[0, 0, 127, 127, 116, 127, 113, 127, 101, 127, 86, 127, 79, 127, 81, 127, 80, 127, 84, 127, 83, 109, 97, 100, 103, 86, 95, 71, 102, 69, 89, 57, 86, 65, 69, 55, 46, 62, 37, 61, 12, 54, -5, 51, -27, 44, -47, 30, -65, 18, -73, 5, 32, -128, 38, -128, 38, -128, 37, -128, 42, -128, 38, -128, 41, -128, 32, -126, 21, -111, 9, -107, -11, -88, -30, -75, -36, -71, -54, -65, -63, -58, -73, -53, -66, -43, -66, -40, -47, -40, -29, -28, -6, -9, 15, 18, 51, 50, 75, 70, 100, 107, 116, 127]",esp32_1
CSI_DATA,115950,2025-08-27 15:24:21.084,0,walk,00:00:00:00:00:00,-66,11,0,0,0,0,0,0,0,0,0,-97,0,1,0,3472242879,0,14,0,0,0,104,0,"[0, 0, 127, -128, 127, -128, 127, -128, 127, -128, 107, -128, 68, -126, 28, -104, -8, -85, -32, -101, -56, -110, -72, -124, -70, -128, -77, -124, -72, -128, -42, -126, -35, -124, -3, -88, 7, -58, 12, -15, -1, 19, -12, 58, -54, 90, -87, 94, -111, 98, -128, 80, 51, 102, 51, 84, 58, 100, 58, 83, 67, 90, 68, 79, 85, 74, 83, 69, 90, 52, 105, 61, 104, 56, 98, 44, 106, 38, 107, 21, 93, 5, 107, -15, 83, -24, 88, -55, 73, -76, 66, -112, 59, -128, 41, -128, 81, -128, 102, -128, 121, -128, 127, -128]",esp32_1
CSI_DATA,115951,2025-08-27 15:24:21.084,0,walk,00:00:00:00:00:00,-65,11,0,0,0,0,0,0,0,0,0,-97,0,1,0,3472268838,0,14,0,0,0,104,0,"[0, 0, -128, 127, -128, 127, -128, 115, -128, 107, -128, 105, -128, 111, -106, 125, -85, 127, -72, 127, -63, 127, -69, 127, -86, 127, -97, 127, -125, 127, -128, 127, -128, 122, -128, 82, -109, 35, -72, 5, -31, -15, 22, -26, 64, -21, 89, -3, 120, 25, 127, 59, -81, -113, -81, -116, -83, -125, -89, -128, -90, -128, -95, -128, -94, -128, -91, -128, -91, -128, -92, -123, -90, -124, -89, -114, -93, -87, -102, -76, -108, -60, -107, -47, -115, -36, -115, -17, -119, 13, -124, 44, -128, 67, -128, 102, -128, 122, -128, 127, -128, 127, -128, 127]",esp32_1
CSI_DATA,115952,2025-08-27 15:24:21.089,0,walk,00:00:00:00:00:00,-65,11,0,0,0,0,0,0,0,0,0,-97,0,1,0,3472293262,0,14,0,0,0,104,0,"[0, 0, -128, -15, -128, -22, -128, -29, -128, -18, -128, -14, -128, 1, -128, 20, -128, 43, -128, 61, -128, 79, -128, 85, -128, 84, -128, 68, -128, 50, -128, 30, -128, 3, -128, -16, -99, -41, -65, -42, -24, -39, 15, -27, 40, -11, 62, 14, 67, 43, 64, 74, 8, -122, 16, -127, 13, -128, 13, -128, 13, -128, 18, -128, 24, -128, 28, -128, 29, -128, 28, -128, 15, -128, 14, -128, 11, -120, -1, -113, -5, -105, -19, -106, -29, -96, -43, -85, -58, -64, -69, -45, -94, -33, -118, -21, -128, -7, -128, 12, -128, 17, -128, 5]",esp32_1
CSI_DATA,115953,2025-08-27 15:24:21.093,0,walk,00:00:00:00:00:00,-64,11,0,0,0,0,0,0,0,0,0,-97,0,1,0,3472329091,0,14,0,0,0,104,0,"[0, 0, -103, -127, -113, -122, -128, -107, -128, -107, -128, -87, -128, -73, -128, -64, -128, -50, -128, -47, -128, -46, -128, -61, -128, -74, -128, -87, -128, -103, -128, -117, -128, -121, -118, -125, -69, -121, -34, -106, 0, -84, 20, -59, 44, -27, 51, 2, 64, 34, 54, 58, 119, 41, 127, 43, 127, 45, 127, 47, 127, 53, 127, 63, 127, 64, 127, 73, 127, 74, 127, 71, 127, 61, 127, 47, 127, 50, 127, 33, 127, 22, 113, -5, 104, -18, 99, -36, 85, -42, 73, -55, 53, -65, 35, -80, 5, -91, -11, -107, -28, -113, -57, -128]",esp32_1
CSI_DATA,115954,2025-08-27 15:24:21.099,0,walk,00:00:00:00:00:00,-65,11,0,0,0,0,0,0,0,0,0,-97,0,1,0,3472355021,0,14,0,0,0,104,0,"[0, 0, -32, -128, -43, -128, -53, -128, -69, -128, -85, -128, -106, -128, -118, -128, -128, -128, -128, -128, -128, -128, -128, -128, -128, -128, -128, -128, -125, -128, -97, -128, -71, -128, -33, -128, 1, -122, 27, -98, 49, -61, 57, -29, 67, 3, 62, 32, 62, 60, 49, 73, 34, 106, 37, 120, 38, 127, 42, 127, 47, 127, 42, 127, 47, 127, 43, 127, 42, 127, 45, 127, 34, 127, 37, 120, 47, 109, 51, 89, 56, 74, 53, 53, 52, 36, 61, 17, 62, 4, 58, -15, 48, -38, 38, -57, 28, -79, 24, -100, 14, -121, 2, -128]",esp32_1
CSI_DATA,115955,2025-08-27 15:24:21.099,0,walk,00:00:00:00:00:00,-66,11,0,0,0,0,0,0,0,0,0,-97,0,1,0,3472397199,0,14,0,0,0,104,0,"[0, 0, -38, -128, -34, -128, -47, -128, -52, -128, -57, -128, -67, -128, -84, -128, -95, -128, -100, -128, -101, -128, -101, -128, -88, -128, -73, -128, -43, -128, -16, -128, 5, -117, 30, -89, 52, -51, 58, -15, 58, 24, 50, 55, 39, 91, 20, 110, 6, 127, -11, 127, 97, 102, 96, 111, 87, 114, 86, 113, 86, 120, 81, 114, 77, 111, 76, 107, 74, 92, 75, 78, 71, 63, 72, 48, 75, 34, 74, 16, 75, 8, 64, -11, 54, -26, 50, -44, 48, -59, 35, -78, 16, -100, 5, -127, -15, -128, -23, -128, -32, -128, -37, -128]",esp32_1
CSI_DATA,118517,2025-08-27 15:24:21.099,0,walk,00:00:00:00:00:00,-44,11,0,0,0,0,0,0,0,0,0,-97,0,1,0,331844707,0,14,0,0,0,104,0,"[0, 0, -128, 127, -128, 127, -128, 127, -128, 127, -128, 127, -120, 127, -102, 127, -85, 127, -68, 127, -53, 127, -42, 119, -34, 85, -25, 49, -17, 14, -7, -21, 7, -55, 24, -83, 45, -103, 67, -117, 84, -121, 97, -117, 105, -107, 108, -88, 105, -65, 99, -47, 127, -128, 127, -128, 127, -121, 127, -87, 127, -54, 127, -23, 127, -2, 77, 9, 15, 8, -45, -4, -99, -23, -128, -45, -128, -67, -128, -88, -128, -101, -128, -105, -128, -98, -128, -77, -128, -45, -128, -3, -128, 47, -128, 103, -128, 127, -128, 127, -128, 127, -128, 127]",esp32_2
CSI_DATA,115956,2025-08-27 15:24:21.106,0,walk,00:00:00:00:00:00,-65,11,0,0,0,0,0,0,0,0,0,-97,0,1,0,3472415761,0,14,0,0,0,104,0,"[0, 0, 127, -78, 127, -64, 127, -58, 127, -57, 127, -57, 127, -69, 127, -76, 127, -84, 127, -95, 127, -91, 127, -93, 127, -80, 127, -65, 127, -56, 122, -35, 107, -13, 81, 7, 49, 20, 15, 29, -17, 29, -52, 26, -84, 8, -101, -10, -113, -35, -108, -57, -20, 127, -27, 123, -28, 127, -28, 126, -33, 127, -32, 122, -30, 125, -35, 127, -23, 119, -16, 113, -8, 105, -2, 96, 8, 86, 20, 76, 23, 65, 50, 71, 50, 55, 71, 45, 73, 17, 89, 0, 101, -19, 126, -40, 127, -48, 127, -70, 127, -80, 127, -69]",esp32_1
CSI_DATA,115957,2025-08-27 15:24:21.110,0,walk,00:00:00:00:00:00,-64,11,0,0,0,0,0,0,0,0,0,-97,0,1,0,3472457885,0,14,0,0,0,104,0,"[0, 0, 68, -128, 74, -128, 77, -128, 76, -128, 64, -128, 47, -128, 33, -128, 12, -128, -2, -128, -6, -128, -12, -128, -4, -128, 6, -128, 31, -128, 39, -128, 50, -128, 58, -103, 52, -66, 39, -38, 13, -15, -11, -2, -46, 4, -67, 1, -87, -5, -102, -24, 115, -36, 124, -31, 127, -25, 127, -22, 127, -15, 127, -6, 127, 2, 127, 8, 127, 15, 127, 5, 122, 6, 110, 0, 102, -15, 101, -26, 98, -37, 84, -52, 75, -62, 74, -72, 72, -95, 63, -105, 53, -121, 46, -128, 32, -128, 34, -128, 36, -128, 40, -128]",esp32_1
CSI_DATA,115958,2025-08-27 15:24:21.115,0,walk,00:00:00:00:00:00,-66,11,0,0,0,0,0,0,0,0,0,-97,0,1,0,3472511863,0,14,0,0,0,104,0,"[0, 0, -128, -107, -128, -120, -128, -114, -128, -123, -128, -100, -128, -92, -128, -71, -128, -44, -128, -48, -128, -44, -128, -42, -128, -47, -128, -38, -128, -44, -128, -67, -128, -71, -110, -103, -64, -102, -25, -100, 9, -87, 38, -67, 68, -35, 80, -13, 111, 15, 110, 41, 127, -5, 127, 0, 127, 1, 127, 3, 127, 9, 127, 32, 127, 23, 127, 42, 127, 32, 127, 21, 127, 21, 109, 5, 103, -16, 86, -38, 63, -62, 41, -82, 28, -91, 18, -97, 21, -107, -5, -108, -26, -101, -62, -88, -92, -81, -121, -101, -128, -97, -128, -96]",esp32_1
CSI_DATA,115959,2025-08-27 15:24:21.119,0,walk,00:00:00:00:00:00,-66,11,0,0,0,0,0,0,0,0,0,-97,0,1,0,3472538253,0,14,0,0,0,104,0,"[0, 0, 28, 127, 14, 127, 6, 127, -16, 127, -14, 127, -9, 127, 3, 127, 24, 127, 39, 127, 53, 127, 60, 127, 54, 127, 58, 127, 39, 127, 27, 108, 12, 81, -5, 56, -11, 15, -6, -26, 3, -56, 19, -91, 47, -114, 68, -126, 93, -128, 124, -123, -128, -59, -128, -69, -128, -78, -128, -84, -128, -85, -128, -80, -117, -70, -112, -69, -100, -56, -101, -33, -91, -20, -88, 1, -88, 19, -90, 37, -81, 53, -72, 63, -68, 75, -55, 81, -39, 107, -22, 119, 7, 127, 25, 127, 61, 127, 72, 127, 78, 127, 83, 127]",esp32_1
CSI_DATA,115960,2025-08-27 15:24:21.122,0,walk,00:00:00:00:00:00,-63,11,0,0,0,0,0,0,0,0,0,-97,0,1,0,3472571892,0,14,0,0,0,104,0,"[0, 0, -128, 127, -128, 127, -128, 117, -128, 117, -128, 112, -128, 99, -103, 103, -96, 106, -80, 107, -79, 116, -90, 127, -93, 127, -96, 127, -106, 120, -117, 108, -99, 87, -105, 66, -85, 46, -69, 33, -43, 27, -23, 29, -2, 39, 12, 46, 16, 65, 14, 81, -96, 22, -104, 24, -103, 15, -114, 21, -113, 17, -128, 9, -122, 8, -126, 6, -127, -3, -121, 8, -117, -3, -114, -3, -114, 5, -114, 16, -118, 22, -105, 21, -108, 31, -102, 46, -104, 62, -101, 75, -94, 90, -97, 108, -99, 112, -111, 127, -119, 127, -128, 127]",esp32_1
CSI_DATA,118518,2025-08-27 15:24:21.122,0,walk,00:00:00:00:00:00,-43,11,0,0,0,0,0,0,0,0,0,-97,0,1,0,331854820,0,14,0,0,0,104,0,"[0, 0, -128, 127, -128, 127, -128, 127, -128, 127, -128, 127, -128, 127, -128, 127, -128, 127, -128, 125, -128, 106, -126, 84, -101, 58, -73, 32, -43, 7, -8, -15, 27, -32, 61, -41, 93, -41, 120, -34, 127, -21, 127, -6, 127, 11, 127, 27, 112, 42, 93, 50, 127, -63, 127, -40, 127, -10, 127, 15, 127, 34, 127, 46, 127, 46, 84, 31, 33, 6, -14, -26, -53, -64, -82, -100, -102, -128, -114, -128, -120, -128, -123, -128, -122, -128, -122, -128, -124, -128, -128, -123, -128, -84, -128, -42, -128, 0, -128, 42, -128, 81, -128, 107]",esp32_2
CSI_DATA,115961,2025-08-27 15:24:21.152,0,walk,00:00:00:00:00:00,-64,11,0,0,0,0,0,0,0,0,0,-97,0,1,0,3472598380,0,14,0,0,0,104,0,"[0, 0, -58, 127, -61, 127, -58, 127, -49, 127, -39, 127, -28, 127, -11, 127, -4, 127, 8, 127, 13, 127, 15, 127, 13, 127, 4, 127, -21, 127, -36, 127, -51, 127, -72, 127, -80, 112, -78, 81, -65, 49, -50, 25, -24, 5, -5, -8, 20, -18, 42, -12, -114, -22, -122, -30, -125, -38, -128, -40, -128, -46, -128, -56, -128, -61, -128, -63, -128, -61, -128, -56, -123, -54, -120, -45, -123, -32, -128, -27, -125, -17, -118, -14, -115, -10, -110, -1, -105, 13, -97, 25, -83, 39, -67, 57, -58, 72, -52, 109, -51, 127, -40, 127]",esp32_1
CSI_DATA,115962,2025-08-27 15:24:21.179,0,walk,00:00:00:00:00:00,-64,11,0,0,0,0,0,0,0,0,0,-97,0,1,0,3472633425,0,14,0,0,0,104,0,"[0, 0, 89, -128, 91, -128, 81, -128, 79, -128, 69, -128, 53, -128, 44, -128, 37, -128, 32, -128, 30, -128, 30, -128, 33, -128, 43, -128, 64, -128, 75, -128, 80, -120, 94, -94, 89, -59, 81, -30, 62, -1, 38, 25, 13, 40, -13, 43, -35, 52, -53, 40, 55, 91, 60, 96, 63, 97, 73, 105, 81, 110, 88, 124, 88, 127, 88, 127, 84, 127, 85, 127, 78, 127, 74, 127, 76, 116, 75, 102, 76, 90, 73, 74, 70, 62, 73, 42, 78, 20, 82, -1, 78, -17, 80, -42, 79, -56, 91, -85, 90, -101, 93, -113]",esp32_1
CSI_DATA,118520,2025-08-27 15:24:21.219,0,walk,00:00:00:00:00:00,-41,11,0,0,0,0,0,0,0,0,0,-97,0,1,0,331874711,0,14,0,252,106,104,0,"[0, 0, 127, -109, 127, -128, 127, -128, 127, -128, 127, -128, 127, -128, 127, -128, 127, -128, 127, -128, 127, -122, 127, -96, 127, -69, 127, -48, 102, -31, 52, -22, 3, -22, -40, -34, -73, -56, -95, -85, -104, -112, -99, -128, -81, -128, -55, -128, -28, -128, -5, -128, -128, 127, -128, 127, -128, 127, -128, 127, -128, 127, -128, 103, -128, 78, -98, 63, -46, 59, 6, 66, 55, 83, 95, 104, 127, 127, 127, 127, 127, 127, 127, 127, 127, 127, 127, 127, 127, 127, 127, 127, 127, 127, 127, 123, 127, 92, 127, 58, 127, 23, 127, 0]",esp32_2
CSI_DATA,118521,2025-08-27 15:24:21.249,0,walk,00:00:00:00:00:00,-40,11,0,0,0,0,0,0,0,0,0,-97,0,1,0,331887180,0,14,0,0,0,104,0,"[0, 0, -124, -128, -128, -128, -128, -125, -128, -123, -128, -125, -128, -128, -128, -128, -128, -128, -128, -128, -128, -128, -128, -128, -113, -126, -90, -107, -69, -82, -55, -50, -50, -16, -53, 14, -66, 36, -84, 51, -103, 55, -121, 50, -128, 37, -128, 19, -128, -2, -121, -19, 127, -123, 127, -106, 127, -85, 127, -64, 127, -47, 127, -35, 110, -31, 83, -37, 57, -51, 32, -73, 13, -100, 2, -125, -3, -128, -2, -128, 0, -128, 1, -128, 5, -128, 8, -128, 8, -128, 4, -128, -3, -128, -13, -128, -26, -128, -41, -128, -54, -128, -62, -128]",esp32_2
CSI_DATA,115964,2025-08-27 15:24:21.274,0,walk,00:00:00:00:00:00,-65,11,0,0,0,0,0,0,0,0,0,-97,0,1,0,3472707195,0,14,0,0,0,104,0,"[0, 0, 127, -127, 127, -112, 127, -111, 127, -104, 127, -110, 127, -111, 127, -115, 127, -124, 127, -126, 127, -112, 127, -117, 127, -105, 127, -99, 127, -78, 127, -49, 127, -27, 127, -7, 111, 2, 79, 12, 43, 10, 13, 1, -13, -16, -27, -34, -32, -61, -30, -84, 115, 94, 110, 94, 114, 103, 110, 104, 114, 116, 103, 116, 101, 109, 104, 115, 102, 107, 92, 98, 97, 95, 102, 82, 98, 74, 108, 68, 114, 53, 127, 53, 127, 48, 127, 37, 124, 19, 127, 7, 124, -19, 127, -39, 127, -52, 127, -71, 127, -96, 127, -110]",esp32_1
CSI_DATA,118522,2025-08-27 15:24:21.280,0,walk,00:00:00:00:00:00,-40,11,0,0,0,0,0,0,0,0,0,-97,0,1,0,331894715,0,14,0,0,0,104,0,"[0, 0, 81, 127, 96, 127, 116, 127, 127, 127, 127, 127, 127, 127, 127, 127, 127, 127, 127, 127, 127, 127, 114, 127, 93, 127, 74, 123, 62, 98, 55, 67, 56, 36, 65, 11, 83, -7, 104, -15, 122, -13, 127, -2, 127, 15, 127, 34, 127, 53, 114, 67, -128, 127, -128, 127, -128, 111, -128, 89, -128, 71, -119, 57, -95, 50, -70, 54, -44, 66, -20, 85, -2, 108, 9, 127, 14, 127, 14, 127, 11, 127, 8, 127, 3, 127, 0, 127, 0, 127, 2, 127, 6, 127, 13, 127, 21, 127, 29, 127, 36, 127, 39, 127]",esp32_2
CSI_DATA,115965,2025-08-27 15:24:21.299,0,walk,00:00:00:00:00:00,-64,11,0,0,0,0,0,0,0,0,0,-97,0,1,0,3472744319,0,14,0,0,0,104,0,"[0, 0, -108, -128, -98, -128, -95, -128, -86, -128, -78, -128, -83, -128, -86, -128, -101, -128, -108, -128, -113, -128, -122, -128, -125, -128, -117, -128, -96, -128, -79, -128, -61, -128, -38, -128, -16, -104, -9, -77, 2, -51, -3, -28, -11, -4, -24, 18, -41, 36, -58, 40, 69, -76, 80, -77, 86, -81, 98, -83, 102, -84, 111, -78, 115, -73, 117, -69, 116, -61, 111, -64, 99, -64, 88, -61, 87, -62, 81, -67, 75, -71, 51, -74, 43, -79, 32, -81, 19, -82, 5, -83, -15, -88, -41, -99, -76, -108, -86, -128, -105, -128, -124, -128]",esp32_1
CSI_DATA,118523,2025-08-27 15:24:21.307,0,walk,00:00:00:00:00:00,-40,11,0,0,0,0,0,0,0,0,0,-97,0,1,0,331906119,0,14,0,0,0,104,0,"[0, 0, -37, 127, -19, 127, 3, 127, 21, 127, 37, 127, 49, 127, 56, 127, 59, 127, 57, 127, 50, 127, 40, 127, 30, 127, 24, 127, 23, 127, 28, 103, 40, 80, 56, 65, 75, 61, 92, 64, 104, 73, 110, 88, 107, 104, 93, 116, 73, 125, 55, 127, -128, 126, -128, 108, -128, 85, -128, 65, -128, 51, -118, 43, -95, 44, -72, 54, -52, 72, -36, 97, -28, 124, -27, 127, -31, 127, -39, 127, -47, 127, -57, 127, -65, 127, -72, 127, -75, 127, -76, 127, -76, 127, -76, 127, -73, 127, -69, 127, -67, 127, -67, 127]",esp32_2
CSI_DATA,115966,2025-08-27 15:24:21.326,0,walk,00:00:00:00:00:00,-65,11,0,0,0,0,0,0,0,0,0,-97,0,1,0,3472768123,0,14,0,0,0,104,0,"[0, 0, -17, -128, -7, -128, -12, -128, -16, -128, -22, -128, -38, -128, -48, -128, -72, -128, -85, -128, -90, -128, -91, -128, -90, -128, -78, -128, -64, -128, -33, -128, -18, -128, 12, -128, 35, -119, 50, -89, 44, -56, 36, -19, 26, 10, 5, 32, -10, 51, -29, 55, 110, 35, 106, 38, 125, 53, 115, 50, 127, 59, 117, 67, 122, 70, 120, 78, 115, 72, 120, 64, 103, 53, 94, 46, 102, 32, 98, 22, 87, 13, 81, -2, 61, -8, 70, -26, 60, -37, 50, -56, 37, -72, 21, -91, 6, -126, 0, -128, -7, -128, -7, -128]",esp32_1
CSI_DATA,118524,2025-08-27 15:24:21.338,0,walk,00:00:00:00:00:00,-40,11,0,0,0,0,0,0,0,0,0,-97,0,1,0,331914706,0,14,0,0,0,104,0,"[0, 0, 33, -128, 18, -128, 0, -128, -19, -128, -37, -128, -54, -128, -68, -128, -77, -128, -78, -128, -74, -128, -68, -128, -62, -128, -56, -128, -53, -117, -55, -96, -64, -76, -76, -62, -92, -55, -108, -56, -120, -62, -126, -76, -124, -93, -113, -106, -95, -117, -79, -122, 127, -128, 127, -124, 127, -102, 127, -83, 120, -69, 101, -60, 76, -61, 53, -70, 33, -88, 18, -111, 10, -128, 8, -128, 11, -128, 15, -128, 19, -128, 22, -128, 28, -128, 34, -128, 36, -128, 36, -128, 35, -128, 36, -128, 40, -128, 44, -128, 49, -128, 53, -128]",esp32_2
CSI_DATA,115967,2025-08-27 15:24:21.358,0,walk,00:00:00:00:00:00,-65,11,0,0,0,0,0,0,0,0,0,-97,0,1,0,3472804783,0,14,0,0,0,104,0,"[0, 0, 47, 127, 44, 127, 50, 127, 52, 127, 61, 127, 73, 127, 93, 118, 111, 103, 127, 105, 127, 100, 127, 118, 127, 127, 127, 127, 127, 127, 127, 127, 105, 127, 66, 127, 33, 127, 4, 120, -18, 90, -28, 59, -37, 22, -30, -12, -24, -39, -8, -60, -102, -19, -106, -23, -105, -20, -110, -15, -123, -12, -123, -15, -128, -9, -128, -7, -128, -3, -128, 5, -128, 3, -128, 11, -128, 12, -128, 13, -128, 18, -113, 25, -105, 29, -92, 35, -78, 41, -58, 54, -33, 64, -6, 86, 15, 105, 31, 127, 44, 127, 57, 127]",esp32_1
CSI_DATA,118525,2025-08-27 15:24:21.368,0,walk,00:00:00:00:00:00,-40,11,0,0,0,0,0,0,0,0,0,-97,0,1,0,331924755,0,14,0,0,0,104,0,"[0, 0, -128, 127, -128, 127, -128, 127, -128, 127, -111, 127, -88, 127, -73, 127, -65, 127, -61, 127, -60, 127, -60, 127, -58, 127, -49, 127, -34, 127, -15, 119, 8, 111, 30, 112, 48, 122, 59, 127, 61, 127, 55, 127, 40, 127, 19, 127, -4, 127, -22, 127, -128, 6, -128, -14, -128, -32, -128, -40, -128, -38, -128, -24, -109, -1, -99, 28, -99, 60, -108, 91, -123, 117, -128, 127, -128, 127, -128, 127, -128, 127, -128, 127, -128, 127, -128, 127, -128, 127, -128, 127, -128, 127, -128, 127, -128, 127, -128, 127, -128, 127, -128, 127]",esp32_2
CSI_DATA,115968,2025-08-27 15:24:21.390,0,walk,00:00:00:00:00:00,-65,11,0,0,0,0,0,0,0,0,0,-97,0,1,0,3472833337,0,14,0,0,0,104,0,"[0, 0, -19, -128, -25, -128, -36, -128, -39, -128, -44, -128, -62, -128, -74, -128, -81, -128, -90, -128, -91, -128, -90, -128, -80, -128, -65, -128, -26, -128, -3, -128, 15, -128, 36, -128, 49, -102, 54, -58, 36, -17, 23, 12, 3, 52, -21, 71, -45, 93, -71, 90, 125, 55, 127, 61, 127, 77, 127, 82, 127, 96, 127, 110, 127, 111, 127, 116, 125, 111, 127, 97, 106, 86, 101, 74, 102, 52, 102, 33, 95, 14, 80, -5, 83, -18, 81, -46, 78, -64, 75, -88, 58, -100, 48, -127, 14, -128, 14, -128, 2, -128, -16, -128]",esp32_1
CSI_DATA,118527,2025-08-27 15:24:21.450,0,walk,00:00:00:00:00:00,-41,11,0,0,0,0,0,0,0,0,0,-97,0,1,0,331944682,0,14,0,32,51,104,0,"[0, 0, -128, 127, -128, 112, -128, 107, -128, 107, -128, 113, -128, 116, -114, 118, -94, 117, -76, 108, -55, 99, -32, 91, -4, 80, 30, 70, 64, 62, 99, 59, 127, 61, 127, 73, 127, 92, 127, 114, 127, 127, 127, 127, 127, 127, 127, 127, 127, 127, 127, 127, -61, -128, -40, -128, -16, -128, -3, -128, -1, -128, -9, -87, -31, -48, -60, -19, -91, 2, -124, 16, -128, 23, -128, 28, -128, 32, -128, 41, -128, 57, -128, 77, -128, 100, -128, 125, -128, 127, -128, 127, -128, 127, -128, 127, -128, 127, -128, 127, -128, 127, -128, 127]",esp32_2
CSI_DATA,118528,2025-08-27 15:24:21.474,0,walk,00:00:00:00:00:00,-41,11,0,0,0,0,0,0,0,0,0,-97,0,1,0,331954692,0,14,0,32,51,104,0,"[0, 0, -128, 127, -128, 127, -128, 127, -128, 127, -128, 127, -128, 127, -105, 112, -84, 90, -63, 64, -39, 36, -14, 7, 14, -22, 48, -51, 81, -77, 112, -96, 127, -110, 127, -117, 127, -116, 127, -111, 127, -101, 127, -90, 127, -81, 127, -73, 127, -70, 127, -70, 127, -120, 127, -96, 127, -63, 127, -37, 100, -18, 64, -2, 25, 7, -12, 8, -46, 5, -75, 1, -96, -2, -112, -3, -125, 0, -128, 10, -128, 26, -128, 47, -128, 72, -128, 102, -128, 127, -128, 127, -128, 127, -128, 127, -128, 127, -128, 127, -128, 127, -128, 127]",esp32_2
CSI_DATA,115970,2025-08-27 15:24:21.482,0,walk,00:00:00:00:00:00,-65,11,0,0,0,0,0,0,0,0,0,-97,0,1,0,3472885101,0,14,0,0,0,104,0,"[0, 0, -128, 127, -128, 127, -128, 127, -128, 127, -128, 127, -128, 127, -127, 127, -108, 127, -93, 127, -80, 127, -83, 127, -92, 127, -102, 127, -118, 127, -117, 127, -113, 111, -103, 73, -89, 38, -66, 9, -30, -19, 12, -31, 41, -41, 75, -40, 102, -33, 116, -17, -88, -128, -84, -128, -77, -128, -68, -128, -60, -128, -57, -128, -43, -128, -44, -128, -41, -128, -55, -112, -54, -93, -63, -85, -82, -69, -92, -63, -103, -46, -99, -39, -93, -29, -99, -9, -103, 14, -104, 32, -100, 61, -102, 91, -94, 127, -103, 127, -120, 127, -128, 127]",esp32_1
CSI_DATA,118529,2025-08-27 15:24:21.495,0,walk,00:00:00:00:00:00,-41,11,0,0,0,0,0,0,0,0,0,-97,0,1,0,331964716,0,14,0,0,0,104,0,"[0, 0, 127, 124, 127, 107, 127, 91, 127, 80, 127, 72, 127, 68, 127, 68, 127, 70, 101, 77, 59, 86, 15, 98, -29, 110, -72, 118, -112, 125, -128, 127, -128, 127, -128, 122, -128, 114, -128, 105, -128, 98, -128, 92, -128, 89, -128, 89, -128, 95, -128, 101, 127, -128, 127, -128, 127, -108, 122, -77, 112, -48, 98, -18, 81, 11, 63, 37, 48, 60, 35, 80, 26, 94, 22, 107, 25, 120, 35, 127, 51, 127, 71, 127, 95, 127, 126, 127, 127, 127, 127, 127, 127, 127, 127, 127, 127, 127, 127, 127, 127, 127, 127, 127]",esp32_2
CSI_DATA,115971,2025-08-27 15:24:21.506,0,walk,00:00:00:00:00:00,-64,11,0,0,0,0,0,0,0,0,0,-97,0,1,0,3472911100,0,14,0,0,0,104,0,"[0, 0, -17, 127, -42, 127, -49, 127, -59, 127, -61, 127, -57, 127, -45, 127, -31, 127, -19, 127, -5, 127, 6, 127, 8, 127, 11, 127, 0, 127, -8, 127, -14, 127, -25, 118, -33, 94, -28, 69, -18, 44, -5, 23, 17, 8, 34, 0, 54, -7, 71, -1, -128, 29, -128, 15, -128, 0, -128, -7, -128, -15, -128, -21, -122, -18, -114, -13, -96, -2, -95, 16, -88, 33, -86, 52, -95, 61, -108, 72, -109, 84, -111, 82, -115, 76, -104, 78, -97, 89, -76, 90, -61, 94, -33, 111, 0, 127, 5, 127, 17, 127, 27, 127]",esp32_1
CSI_DATA,118530,2025-08-27 15:24:21.517,0,walk,00:00:00:00:00:00,-40,11,0,0,0,0,0,0,0,0,0,-97,0,1,0,331974704,0,14,0,0,0,104,0,"[0, 0, -128, 127, -128, 127, -128, 127, -128, 127, -128, 127, -128, 127, -128, 118, -128, 85, -128, 49, -128, 10, -128, -32, -128, -72, -128, -111, -128, -128, -128, -128, -128, -128, -128, -128, -128, -128, -120, -128, -111, -128, -103, -128, -97, -128, -96, -115, -100, -87, -105, -67, -128, 113, -128, 98, -128, 74, -128, 50, -128, 26, -128, 2, -128, -20, -124, -42, -119, -63, -116, -80, -116, -92, -118, -101, -125, -109, -128, -114, -128, -113, -128, -105, -128, -95, -128, -81, -128, -61, -128, -36, -128, -7, -128, 21, -128, 52, -128, 85, -128, 115, -128, 127]",esp32_2
CSI_DATA,115972,2025-08-27 15:24:21.536,0,walk,00:00:00:00:00:00,-63,11,0,0,0,0,0,0,0,0,0,-97,0,1,0,3472945884,0,14,0,0,0,104,0,"[0, 0, 88, 127, 76, 127, 68, 127, 52, 127, 40, 127, 43, 127, 43, 127, 52, 127, 59, 127, 69, 127, 72, 127, 70, 127, 65, 127, 52, 127, 38, 127, 21, 127, 4, 127, -8, 104, -11, 80, -10, 53, 0, 34, 12, 10, 31, -3, 50, -15, 69, -16, -93, 96, -106, 96, -115, 80, -118, 80, -119, 72, -120, 62, -114, 56, -106, 52, -98, 49, -91, 61, -74, 71, -67, 80, -72, 87, -67, 99, -69, 106, -54, 112, -57, 112, -49, 113, -47, 113, -34, 110, -13, 106, 15, 116, 41, 126, 59, 127, 83, 127, 105, 127]",esp32_1
CSI_DATA,118531,2025-08-27 15:24:21.539,0,walk,00:00:00:00:00:00,-41,11,0,0,0,0,0,0,0,0,0,-97,0,1,0,331995113,0,14,0,0,0,104,0,"[0, 0, 3, -128, 16, -128, 37, -128, 63, -128, 89, -128, 119, -128, 127, -119, 127, -100, 127, -81, 127, -64, 127, -47, 127, -29, 127, -14, 127, 1, 127, 13, 127, 19, 127, 22, 127, 20, 127, 12, 127, 2, 127, -13, 114, -31, 84, -51, 61, -72, 46, -89, 126, 24, 127, 35, 127, 50, 127, 63, 127, 75, 127, 87, 127, 97, 127, 105, 127, 110, 127, 111, 127, 109, 127, 103, 127, 94, 127, 83, 127, 65, 127, 43, 127, 20, 127, -5, 127, -33, 127, -62, 123, -89, 98, -116, 75, -128, 51, -128, 29, -128, 15, -128]",esp32_2
CSI_DATA,115973,2025-08-27 15:24:21.561,0,walk,00:00:00:00:00:00,-65,11,0,0,0,0,0,0,0,0,0,-97,0,1,0,3472982552,0,14,0,0,0,104,0,"[0, 0, 127, -128, 127, -128, 127, -128, 127, -128, 116, -128, 97, -128, 76, -128, 52, -128, 36, -128, 17, -128, 15, -128, 13, -128, 16, -128, 36, -128, 51, -128, 62, -128, 77, -128, 78, -101, 74, -70, 58, -36, 35, -13, 7, 9, -15, 18, -45, 26, -65, 21, 86, 78, 88, 85, 82, 92, 82, 92, 79, 99, 78, 101, 73, 92, 77, 90, 72, 81, 82, 68, 84, 62, 86, 52, 101, 41, 109, 38, 112, 31, 107, 29, 104, 25, 98, 14, 90, -4, 78, -19, 68, -47, 57, -76, 50, -103, 60, -128, 63, -128, 75, -128]",esp32_1
CSI_DATA,118532,2025-08-27 15:24:21.561,0,walk,00:00:00:00:00:00,-42,11,0,0,0,0,0,0,0,0,0,-97,0,1,0,332016527,0,14,0,0,0,104,0,"[0, 0, 127, -125, 127, -88, 127, -54, 127, -25, 103, -3, 38, 11, -25, 14, -82, 9, -128, -3, -128, -24, -128, -51, -128, -77, -128, -101, -128, -122, -128, -128, -128, -128, -128, -128, -128, -123, -122, -107, -107, -87, -99, -67, -96, -47, -95, -32, -98, -23, -100, -18, 14, 127, 17, 121, 25, 110, 38, 97, 62, 84, 92, 71, 127, 62, 127, 61, 127, 68, 127, 83, 127, 103, 127, 126, 127, 127, 127, 127, 127, 127, 127, 127, 127, 127, 127, 107, 127, 68, 127, 21, 127, -27, 127, -75, 127, -120, 127, -128, 127, -128, 127, -128]",esp32_2
CSI_DATA,115974,2025-08-27 15:24:21.584,0,walk,00:00:00:00:00:00,-64,11,0,0,0,0,0,0,0,0,0,-97,0,1,0,3473031425,0,14,0,0,0,104,0,"[0, 0, -128, 16, -128, 18, -128, 17, -128, 32, -128, 45, -128, 60, -128, 72, -128, 92, -128, 94, -128, 104, -128, 105, -128, 91, -128, 86, -128, 54, -128, 36, -128, 4, -128, -8, -92, -24, -64, -32, -29, -30, 3, -25, 24, -10, 42, 5, 58, 29, 64, 49, 29, -97, 38, -113, 33, -97, 40, -120, 37, -106, 48, -128, 39, -109, 38, -115, 36, -115, 36, -105, 28, -119, 20, -114, 22, -105, 17, -97, 9, -97, -3, -91, -12, -86, -22, -64, -38, -48, -52, -29, -69, -12, -94, 1, -113, 4, -128, 21, -128, 26, -128, 19]",esp32_1
CSI_DATA,118533,2025-08-27 15:24:21.584,0,walk,00:00:00:00:00:00,-49,11,0,0,0,0,0,0,0,0,0,-97,0,1,0,332049824,0,14,0,0,0,104,0,"[0, 0, -46, 127, -17, 127, 17, 124, 54, 98, 90, 73, 124, 54, 127, 41, 127, 34, 127, 32, 127, 36, 127, 45, 127, 59, 127, 73, 127, 87, 121, 97, 82, 101, 43, 100, 7, 93, -25, 79, -49, 60, -66, 40, -74, 20, -72, 1, -62, -16, -52, -27, 127, 127, 127, 127, 127, 125, 127, 109, 127, 86, 109, 55, 78, 16, 52, -28, 31, -72, 16, -112, 9, -128, 8, -128, 9, -128, 11, -128, 9, -128, 6, -128, 0, -100, -7, -59, -17, -14, -29, 34, -42, 80, -55, 124, -69, 127, -81, 127, -88, 127, -90, 127]",esp32_2
CSI_DATA,118534,2025-08-27 15:24:21.609,0,walk,00:00:00:00:00:00,-47,11,0,0,0,0,0,0,0,0,0,-97,0,1,0,332087570,0,14,0,0,0,104,0,"[0, 0, -128, -94, -128, -81, -128, -61, -118, -38, -78, -11, -36, 16, 6, 44, 45, 68, 79, 90, 107, 109, 127, 127, 127, 127, 127, 127, 127, 127, 127, 127, 119, 127, 96, 127, 72, 116, 47, 97, 23, 76, 2, 53, -14, 31, -27, 9, -34, -11, -37, -23, -128, -5, -128, -1, -128, 7, -123, 19, -99, 35, -70, 55, -39, 78, -7, 104, 25, 127, 53, 127, 76, 127, 91, 127, 99, 127, 103, 127, 103, 127, 95, 127, 78, 127, 54, 127, 25, 109, -9, 77, -48, 45, -88, 12, -127, -20, -128, -49, -128, -75, -128, -92]",esp32_2
CSI_DATA,115975,2025-08-27 15:24:21.610,0,walk,00:00:00:00:00:00,-66,11,0,0,0,0,0,0,0,0,0,-97,0,1,0,3473068822,0,14,0,0,0,104,0,"[0, 0, -128, 35, -128, 37, -128, 35, -128, 45, -128, 57, -128, 71, -128, 86, -128, 111, -128, 127, -128, 127, -128, 127, -128, 127, -128, 127, -128, 125, -128, 99, -128, 66, -128, 37, -128, 10, -111, -15, -70, -33, -41, -51, -4, -50, 30, -45, 56, -35, 80, -17, 69, -97, 75, -103, 78, -105, 79, -107, 83, -110, 83, -111, 73, -112, 72, -116, 63, -120, 64, -117, 50, -128, 46, -128, 40, -121, 34, -121, 25, -120, 11, -120, 10, -112, -2, -103, -11, -75, -27, -56, -44, -33, -66, -12, -98, -8, -127, 20, -128, 33, -128, 30]",esp32_1
CSI_DATA,118535,2025-08-27 15:24:21.629,0,walk,00:00:00:00:00:00,-44,11,0,0,0,0,0,0,0,0,0,-97,0,1,0,332125640,0,14,0,0,0,104,0,"[0, 0, -128, -128, -128, -128, -128, -128, -128, -128, -128, -128, -128, -128, -128, -128, -116, -128, -87, -128, -54, -112, -18, -90, 21, -73, 60, -58, 95, -46, 124, -38, 127, -35, 127, -33, 127, -33, 127, -34, 127, -38, 127, -44, 127, -49, 118, -53, 98, -57, 84, -61, 31, -128, 36, -126, 42, -112, 45, -93, 48, -66, 48, -31, 46, 9, 43, 53, 38, 98, 33, 127, 28, 127, 24, 127, 22, 127, 23, 127, 28, 127, 33, 127, 40, 127, 48, 127, 54, 127, 55, 127, 51, 127, 42, 98, 26, 43, 6, -16, -19, -75, -39, -117]",esp32_2
CSI_DATA,115976,2025-08-27 15:24:21.651,0,walk,00:00:00:00:00:00,-65,11,0,0,0,0,0,0,0,0,0,-97,0,1,0,3473103379,0,14,0,0,0,104,0,"[0, 0, -128, -128, -124, -128, -128, -128, -128, -128, -123, -128, -128, -128, -128, -128, -128, -128, -128, -128, -128, -128, -128, -128, -128, -128, -128, -128, -106, -128, -79, -128, -57, -115, -25, -98, 1, -69, 17, -47, 23, -17, 24, 14, 24, 41, 15, 69, 8, 87, -7, 98, 127, -11, 127, 1, 127, 11, 127, 20, 127, 29, 127, 38, 127, 44, 125, 47, 108, 41, 98, 25, 78, 12, 67, -3, 70, -11, 64, -35, 62, -48, 43, -61, 39, -70, 34, -78, 29, -84, 10, -89, -9, -95, -31, -111, -66, -120, -78, -128, -101, -128, -118, -128]",esp32_1
CSI_DATA,118536,2025-08-27 15:24:21.651,0,walk,00:00:00:00:00:00,-41,11,0,0,0,0,0,0,0,0,0,-97,0,1,0,332158277,0,14,0,0,0,104,0,"[0, 0, 127, 127, 127, 127, 127, 127, 127, 127, 127, 127, 127, 127, 127, 127, 127, 127, 127, 121, 124, 89, 87, 62, 48, 35, 10, 10, -26, -12, -60, -27, -89, -38, -114, -46, -128, -52, -128, -52, -128, -49, -128, -43, -128, -35, -128, -25, -128, -16, -128, -10, 127, 49, 127, 63, 127, 80, 127, 93, 127, 100, 90, 100, 43, 92, -9, 77, -63, 55, -118, 25, -128, -9, -128, -44, -128, -80, -128, -112, -128, -128, -128, -128, -128, -128, -128, -128, -128, -128, -128, -111, -128, -81, -128, -48, -128, -9, -75, 34, -14, 76, 31, 107]",esp32_2
CSI_DATA,118537,2025-08-27 15:24:21.673,0,walk,00:00:00:00:00:00,-41,11,0,0,0,0,0,0,0,0,0,-97,0,1,0,332183709,0,14,0,0,0,104,0,"[0, 0, -128, 127, -128, 127, -128, 127, -128, 127, -128, 127, -128, 127, -128, 127, -128, 127, -128, 127, -93, 117, -57, 92, -20, 66, 15, 41, 47, 18, 74, -2, 97, -21, 116, -36, 127, -47, 127, -57, 127, -66, 127, -71, 127, -74, 127, -78, 123, -81, 118, -83, 127, 127, 127, 127, 127, 127, 119, 127, 87, 127, 50, 127, 14, 108, -21, 64, -50, 13, -73, -42, -89, -100, -95, -128, -95, -128, -90, -128, -80, -128, -68, -128, -58, -128, -55, -128, -54, -128, -56, -128, -63, -128, -76, -128, -92, -94, -116, -34, -128, 25, -128, 69]",esp32_2
CSI_DATA,118538,2025-08-27 15:24:21.694,0,walk,00:00:00:00:00:00,-41,11,0,0,0,0,0,0,0,0,0,-97,0,1,0,332220767,0,14,0,0,0,104,0,"[0, 0, -6, 127, -10, 127, -11, 127, -12, 127, -9, 127, -7, 127, -6, 127, -2, 127, 2, 127, 11, 121, 27, 74, 43, 28, 61, -16, 79, -54, 93, -82, 105, -103, 111, -117, 114, -125, 113, -128, 105, -127, 93, -123, 79, -115, 63, -106, 45, -102, 31, -101, 127, -33, 127, -17, 127, 4, 127, 22, 127, 35, 105, 42, 56, 41, 3, 30, -51, 10, -101, -20, -128, -57, -128, -94, -128, -128, -128, -128, -128, -128, -128, -128, -128, -128, -128, -128, -128, -128, -128, -128, -128, -115, -128, -73, -107, -22, -80, 35, -56, 95, -41, 127]",esp32_2
CSI_DATA,118539,2025-08-27 15:24:21.720,0,walk,00:00:00:00:00:00,-42,11,0,0,0,0,0,0,0,0,0,-97,0,1,0,332255134,0,14,0,0,0,104,0,"[0, 0, -128, -128, -128, -128, -128, -128, -128, -128, -128, -128, -126, -128, -106, -128, -89, -128, -74, -96, -60, -53, -50, -9, -43, 34, -41, 73, -44, 105, -48, 127, -51, 127, -56, 127, -61, 127, -60, 127, -55, 127, -46, 127, -36, 127, -21, 118, -6, 110, 2, 104, -1, 127, -18, 127, -35, 127, -45, 125, -47, 90, -39, 49, -20, 6, 10, -35, 49, -71, 94, -101, 127, -120, 127, -128, 127, -128, 127, -126, 127, -119, 127, -110, 127, -100, 127, -92, 127, -85, 127, -80, 127, -80, 117, -85, 69, -98, 16, -115, -37, -128, -74, -128]",esp32_2
CSI_DATA,118540,2025-08-27 15:24:21.738,0,walk,00:00:00:00:00:00,-44,11,0,0,0,0,0,0,0,0,0,-97,0,1,0,332282062,0,14,0,0,0,104,0,"[0, 0, -128, 127, -128, 127, -128, 125, -128, 114, -128, 98, -128, 78, -128, 59, -98, 43, -57, 27, -15, 9, 27, -6, 64, -19, 97, -27, 125, -32, 127, -34, 127, -33, 127, -31, 127, -30, 127, -30, 127, -31, 117, -35, 100, -39, 81, -44, 64, -52, 52, -58, 35, 127, 21, 127, 5, 127, -9, 107, -19, 71, -25, 29, -24, -17, -16, -66, -1, -117, 17, -128, 38, -128, 60, -128, 79, -128, 92, -128, 98, -128, 97, -128, 94, -128, 85, -128, 68, -128, 45, -128, 19, -128, -14, -91, -51, -50, -90, -5, -128, 35, -128, 60]",esp32_2
CSI_DATA,115978,2025-08-27 15:24:21.753,0,walk,00:00:00:00:00:00,-65,11,0,0,0,0,0,0,0,0,0,-97,0,1,0,3473788499,0,14,0,0,0,104,0,"[0, 0, -128, 5, -128, -19, -128, -37, -128, -36, -128, -36, -128, -25, -128, -12, -128, 16, -128, 31, -128, 49, -128, 65, -128, 70, -128, 74, -128, 65, -128, 48, -128, 31, -121, 16, -92, -4, -69, -17, -41, -14, -9, -15, 20, -4, 34, 12, 50, 37, 60, 57, 35, -128, 49, -128, 59, -128, 68, -128, 82, -128, 85, -128, 77, -116, 70, -103, 57, -91, 36, -88, 15, -89, -7, -94, -16, -92, -30, -98, -37, -102, -48, -120, -47, -113, -52, -106, -52, -88, -58, -68, -67, -39, -88, -17, -127, -2, -128, 22, -128, 33, -128, 29]",esp32_1
CSI_DATA,118541,2025-08-27 15:24:21.760,0,walk,00:00:00:00:00:00,-48,11,0,0,0,0,0,0,0,0,0,-97,0,1,0,332319029,0,14,0,0,0,104,0,"[0, 0, -126, -128, -126, -128, -119, -128, -108, -128, -92, -128, -70, -116, -46, -95, -18, -74, 11, -53, 39, -31, 67, -12, 93, 4, 115, 18, 127, 31, 127, 42, 127, 50, 127, 57, 127, 60, 127, 60, 116, 57, 99, 52, 81, 45, 61, 37, 43, 29, 31, 21, 88, -128, 78, -128, 62, -111, 43, -80, 24, -46, 4, -8, -14, 34, -30, 76, -44, 117, -54, 127, -59, 127, -59, 127, -55, 127, -45, 127, -31, 127, -16, 127, -3, 127, 8, 127, 15, 127, 16, 127, 11, 99, 0, 55, -16, 11, -35, -33, -57, -74, -72, -104]",esp32_2
CSI_DATA,115979,2025-08-27 15:24:21.778,0,walk,00:00:00:00:00:00,-66,11,0,0,0,0,0,0,0,0,0,-97,0,1,0,3473799023,0,14,0,0,0,104,0,"[0, 0, -128, 20, -128, 8, -128, -2, -128, -5, -128, 3, -128, 13, -128, 35, -128, 56, -122, 75, -117, 91, -122, 105, -128, 107, -128, 105, -128, 96, -128, 77, -128, 50, -117, 28, -94, 8, -69, -6, -34, -15, -1, -18, 23, -8, 48, 4, 70, 26, 79, 42, 39, -128, 51, -128, 61, -128, 67, -128, 69, -128, 73, -120, 63, -110, 56, -103, 44, -95, 30, -89, 11, -91, -7, -96, -22, -93, -27, -103, -35, -105, -41, -114, -41, -105, -48, -97, -44, -74, -53, -50, -69, -22, -84, 2, -121, 22, -128, 41, -128, 55, -128, 52]",esp32_1
CSI_DATA,118542,2025-08-27 15:24:21.788,0,walk,00:00:00:00:00:00,-49,11,0,0,0,0,0,0,0,0,0,-97,0,1,0,332355311,0,14,0,0,0,104,0,"[0, 0, -128, 42, -108, 34, -61, 31, -8, 34, 46, 45, 97, 65, 127, 94, 127, 126, 127, 127, 127, 127, 127, 127, 127, 127, 123, 127, 77, 127, 27, 127, -21, 127, -60, 127, -85, 93, -95, 39, -93, -11, -78, -52, -53, -79, -24, -93, 5, -93, 25, -87, 127, -107, 127, -86, 127, -71, 127, -72, 127, -88, 127, -115, 96, -128, 56, -128, 26, -128, 6, -128, -4, -128, -7, -128, -7, -128, -8, -128, -13, -128, -21, -128, -29, -128, -38, -128, -49, -128, -62, -128, -79, -128, -101, -82, -127, -38, -128, 1, -128, 28, -128, 41]",esp32_2
CSI_DATA,115980,2025-08-27 15:24:21.802,0,walk,00:00:00:00:00:00,-66,11,0,0,0,0,0,0,0,0,0,-97,0,1,0,3473808427,0,14,0,0,0,104,0,"[0, 0, -128, -98, -128, -110, -128, -119, -128, -100, -128, -79, -128, -54, -128, -19, -128, 10, -128, 34, -128, 53, -128, 52, -128, 54, -128, 40, -128, 27, -128, 7, -128, -28, -128, -42, -104, -49, -61, -49, -22, -33, 10, -22, 39, 10, 54, 38, 63, 75, 60, 101, 113, -126, 120, -122, 124, -118, 127, -112, 127, -103, 127, -98, 119, -89, 110, -83, 90, -89, 78, -84, 56, -107, 42, -114, 28, -111, 21, -124, 20, -127, 9, -128, 9, -128, -6, -122, -16, -91, -39, -77, -68, -56, -102, -40, -128, -43, -128, -33, -128, -31, -128, -64]",esp32_1
CSI_DATA,118543,2025-08-27 15:24:21.810,0,walk,00:00:00:00:00:00,-46,11,0,0,0,0,0,0,0,0,0,-97,0,1,0,332415514,0,14,0,0,0,104,0,"[0, 0, -128, 127, -128, 127, -128, 127, -128, 127, -128, 122, -128, 113, -125, 105, -106, 97, -85, 88, -63, 77, -44, 68, -28, 59, -15, 50, -5, 39, 2, 28, 7, 17, 9, 6, 10, -6, 11, -19, 12, -30, 14, -39, 15, -45, 17, -47, 20, -48, 21, -47, 127, 112, 127, 114, 108, 110, 81, 98, 54, 79, 29, 51, 8, 14, -7, -28, -17, -74, -20, -119, -18, -128, -13, -128, -6, -128, 2, -128, 6, -128, 9, -128, 12, -128, 15, -128, 14, -128, 11, -128, 3, -128, -9, -114, -27, -72, -49, -27, -73, 16, -92, 45]",esp32_2
CSI_DATA,118544,2025-08-27 15:24:21.831,0,walk,00:00:00:00:00:00,-48,11,0,0,0,0,0,0,0,0,0,-97,0,1,0,332441493,0,14,0,0,0,104,0,"[0, 0, -128, 103, -128, 95, -128, 85, -128, 75, -128, 68, -128, 58, -128, 49, -128, 46, -106, 43, -73, 42, -44, 46, -18, 50, 3, 53, 20, 52, 34, 49, 44, 44, 51, 36, 59, 26, 68, 17, 76, 9, 82, 3, 87, 0, 91, 2, 94, 5, 94, 7, 127, -76, 127, -52, 127, -22, 127, -4, 90, -2, 34, -12, -22, -35, -73, -74, -111, -122, -128, -128, -128, -128, -128, -128, -128, -128, -121, -128, -114, -128, -100, -128, -88, -128, -82, -128, -82, -128, -87, -128, -97, -128, -111, -104, -128, -59, -128, -15, -128, 25, -128, 50]",esp32_2
CSI_DATA,115981,2025-08-27 15:24:21.834,0,walk,00:00:00:00:00:00,-66,11,0,0,0,0,0,0,0,0,0,-97,0,1,0,3473820348,0,14,0,141,63,104,0,"[0, 0, 127, 127, 127, 127, 121, 127, 118, 127, 123, 127, 123, 127, 127, 127, 127, 122, 127, 96, 127, 99, 127, 119, 127, 125, 127, 127, 127, 127, 127, 127, 96, 127, 70, 127, 30, 101, 14, 68, -17, 29, -13, -7, -17, -40, -6, -69, 14, -103, 40, -115, -128, 42, -128, 40, -128, 28, -128, 20, -128, 14, -128, 16, -128, 8, -128, 13, -128, 20, -112, 36, -105, 51, -97, 70, -102, 66, -96, 77, -95, 88, -77, 90, -81, 92, -51, 87, -35, 85, -12, 84, 29, 89, 54, 119, 107, 127, 127, 127, 127, 127, 127, 127]",esp32_1
CSI_DATA,118545,2025-08-27 15:24:21.857,0,walk,00:00:00:00:00:00,-44,11,0,0,0,0,0,0,0,0,0,-97,0,1,0,332469877,0,14,0,0,0,104,0,"[0, 0, 127, 120, 127, 127, 127, 127, 127, 127, 127, 127, 127, 117, 121, 101, 102, 82, 86, 60, 72, 37, 61, 17, 54, -1, 51, -16, 50, -29, 48, -38, 43, -45, 40, -51, 39, -57, 37, -62, 36, -66, 37, -69, 40, -71, 43, -69, 48, -65, 53, -59, -53, 127, -67, 127, -76, 127, -73, 120, -57, 95, -32, 76, 2, 67, 41, 71, 77, 86, 107, 111, 127, 127, 127, 127, 127, 127, 127, 127, 120, 127, 110, 127, 102, 127, 99, 127, 98, 127, 101, 127, 111, 127, 127, 127, 127, 120, 127, 107, 127, 101, 127, 101]",esp32_2
CSI_DATA,115982,2025-08-27 15:24:21.864,0,walk,00:00:00:00:00:00,-65,11,0,0,0,0,0,0,0,0,0,-97,0,1,0,3473828498,0,14,0,0,0,104,0,"[0, 0, -95, 127, -97, 127, -84, 127, -78, 127, -57, 127, -41, 127, -20, 127, -2, 127, 7, 127, 15, 127, 15, 127, 2, 127, -4, 127, -24, 127, -40, 127, -51, 127, -64, 111, -67, 73, -54, 39, -35, 9, -6, -18, 23, -34, 50, -38, 72, -40, 93, -32, -106, -74, -106, -82, -104, -93, -100, -96, -97, -103, -88, -102, -85, -95, -79, -92, -78, -79, -85, -67, -83, -55, -87, -44, -96, -29, -101, -22, -99, -15, -95, -13, -86, -4, -82, 7, -72, 26, -61, 48, -56, 76, -45, 105, -39, 127, -47, 127, -53, 127, -60, 127]",esp32_1
CSI_DATA,118546,2025-08-27 15:24:21.879,0,walk,00:00:00:00:00:00,-44,11,0,0,0,0,0,0,0,0,0,-97,0,1,0,332491699,0,14,0,76,19,104,0,"[0, 0, -128, 29, -128, 20, -128, 6, -128, -6, -128, -13, -128, -16, -128, -16, -116, -10, -92, -3, -70, 7, -50, 18, -34, 30, -22, 40, -12, 47, -3, 52, 5, 56, 10, 58, 14, 59, 20, 62, 24, 63, 27, 65, 26, 67, 23, 68, 16, 67, 10, 64, 13, -128, 28, -128, 40, -128, 41, -128, 33, -103, 15, -77, -14, -58, -51, -48, -90, -48, -127, -58, -128, -76, -128, -98, -128, -123, -128, -128, -128, -128, -128, -128, -128, -128, -128, -128, -128, -128, -128, -128, -128, -111, -128, -84, -128, -56, -128, -26, -128, -2, -128, 11]",esp32_2
CSI_DATA,118547,2025-08-27 15:24:21.901,0,walk,00:00:00:00:00:00,-43,11,0,0,0,0,0,0,0,0,0,-97,0,1,0,332528850,0,14,0,76,19,104,0,"[0, 0, 127, 127, 127, 127, 127, 127, 127, 127, 127, 127, 127, 127, 127, 127, 124, 127, 107, 127, 92, 111, 80, 89, 71, 64, 68, 40, 68, 20, 67, 2, 65, -13, 65, -26, 66, -37, 67, -47, 67, -53, 69, -57, 72, -57, 72, -55, 71, -53, 70, -51, -128, 100, -128, 85, -121, 67, -104, 56, -83, 52, -58, 57, -33, 72, -12, 95, 1, 124, 2, 127, -6, 127, -19, 127, -34, 127, -48, 127, -57, 127, -64, 127, -67, 127, -65, 127, -53, 127, -34, 127, -7, 125, 25, 111, 60, 106, 97, 107, 127, 113, 127, 121]",esp32_2
CSI_DATA,118548,2025-08-27 15:24:21.925,0,walk,00:00:00:00:00:00,-42,11,0,0,0,0,0,0,0,0,0,-97,0,1,0,332556885,0,14,0,76,19,104,0,"[0, 0, -128, 127, -128, 127, -128, 127, -128, 127, -128, 127, -128, 127, -128, 127, -128, 127, -128, 122, -128, 109, -128, 97, -115, 87, -89, 77, -62, 69, -34, 65, -8, 63, 14, 64, 33, 71, 49, 82, 58, 93, 62, 105, 61, 114, 54, 119, 43, 120, 34, 117, -128, -128, -128, -128, -128, -128, -113, -128, -94, -128, -81, -106, -80, -73, -92, -41, -115, -12, -128, 9, -128, 22, -128, 23, -128, 16, -128, 5, -128, -6, -128, -14, -128, -19, -128, -19, -128, -12, -128, 4, -128, 30, -128, 60, -128, 96, -128, 127, -128, 127, -128, 127]",esp32_2
CSI_DATA,118549,2025-08-27 15:24:21.949,0,walk,00:00:00:00:00:00,-42,11,0,0,0,0,0,0,0,0,0,-97,0,1,0,332602860,0,14,0,76,19,104,0,"[0, 0, 99, 127, 94, 127, 90, 127, 83, 127, 74, 127, 66, 127, 60, 127, 56, 127, 49, 127, 42, 127, 34, 127, 27, 117, 27, 93, 30, 67, 34, 40, 41, 16, 52, -5, 68, -21, 86, -31, 103, -34, 118, -31, 127, -22, 127, -11, 127, -1, 124, 8, -128, 81, -128, 59, -128, 35, -128, 15, -128, 3, -103, 0, -75, 8, -51, 25, -33, 49, -22, 78, -18, 107, -21, 127, -27, 127, -34, 127, -38, 127, -39, 127, -38, 127, -34, 127, -23, 127, -9, 127, 8, 127, 27, 127, 46, 127, 65, 127, 80, 127, 86, 127]",esp32_2
CSI_DATA,115984,2025-08-27 15:24:21.960,0,walk,00:00:00:00:00:00,-64,11,0,0,0,0,0,0,0,0,0,-97,0,1,0,3473848432,0,14,0,0,0,104,0,"[0, 0, 127, 22, 127, 30, 127, 34, 127, 26, 127, 15, 127, 3, 127, -9, 127, -24, 127, -36, 127, -42, 127, -33, 127, -23, 127, -13, 127, 3, 127, 21, 127, 37, 114, 44, 72, 48, 46, 41, 18, 24, -11, 5, -24, -18, -33, -41, -29, -69, -17, -88, -2, 127, -8, 127, -15, 127, -25, 127, -28, 127, -36, 127, -37, 124, -36, 122, -29, 116, -22, 107, -5, 107, 6, 108, 9, 95, 21, 98, 24, 93, 38, 100, 40, 96, 51, 88, 57, 70, 71, 54, 83, 39, 107, 24, 127, 21, 127, 8, 127, 6, 127, 13]",esp32_1
CSI_DATA,118550,2025-08-27 15:24:21.971,0,walk,00:00:00:00:00:00,-45,11,0,0,0,0,0,0,0,0,0,-97,0,1,0,332641977,0,14,0,76,19,104,0,"[0, 0, -128, 127, -128, 127, -128, 127, -128, 127, -128, 127, -128, 127, -128, 127, -128, 127, -128, 127, -96, 127, -69, 127, -51, 127, -38, 127, -27, 122, -15, 105, -1, 85, 17, 66, 38, 53, 60, 45, 82, 43, 100, 45, 114, 50, 118, 58, 114, 70, 108, 78, -107, -128, -79, -128, -46, -128, -24, -128, -13, -128, -13, -128, -27, -104, -54, -69, -92, -40, -128, -20, -128, -11, -128, -13, -128, -22, -128, -35, -128, -51, -128, -63, -128, -67, -128, -60, -128, -42, -128, -12, -128, 33, -128, 91, -127, 127, -128, 127, -128, 127, -128, 127]",esp32_2
CSI_DATA,115985,2025-08-27 15:24:21.994,0,walk,00:00:00:00:00:00,-64,11,0,0,0,0,0,0,0,0,0,-97,0,1,0,3473858428,0,14,0,0,0,104,0,"[0, 0, 54, 127, 51, 127, 55, 127, 54, 127, 55, 127, 63, 127, 74, 127, 91, 127, 94, 127, 97, 127, 97, 127, 85, 127, 79, 127, 55, 127, 35, 127, 13, 127, -7, 118, -22, 85, -22, 51, -22, 22, -7, 0, 8, -24, 28, -40, 49, -52, 70, -49, -117, 51, -125, 44, -128, 35, -128, 29, -128, 25, -128, 16, -128, 12, -126, 9, -116, 16, -113, 21, -101, 31, -93, 35, -95, 45, -96, 56, -89, 58, -76, 71, -74, 70, -58, 79, -57, 76, -39, 82, -19, 92, 6, 106, 29, 121, 36, 127, 52, 127, 67, 127]",esp32_1
CSI_DATA,118551,2025-08-27 15:24:21.994,0,walk,00:00:00:00:00:00,-43,11,0,0,0,0,0,0,0,0,0,-97,0,1,0,332675574,0,14,0,76,19,104,0,"[0, 0, -128, 127, -128, 127, -128, 122, -128, 105, -128, 89, -128, 77, -128, 70, -128, 68, -128, 68, -128, 66, -128, 63, -128, 57, -128, 49, -113, 40, -88, 32, -61, 29, -36, 30, -15, 35, 3, 44, 16, 56, 24, 67, 26, 75, 24, 81, 19, 84, 14, 83, -2, -128, 6, -128, 11, -128, 8, -128, -3, -112, -20, -99, -42, -91, -68, -91, -93, -95, -116, -106, -128, -119, -128, -128, -128, -128, -128, -128, -128, -128, -127, -128, -116, -128, -104, -127, -94, -99, -88, -64, -89, -23, -100, 21, -121, 65, -128, 108, -128, 127, -128, 127]",esp32_2
CSI_DATA,118552,2025-08-27 15:24:22.016,0,walk,00:00:00:00:00:00,-44,11,0,0,0,0,0,0,0,0,0,-97,0,1,0,332701258,0,14,0,76,19,104,0,"[0, 0, -128, -9, -128, -31, -128, -56, -128, -74, -128, -84, -128, -88, -128, -89, -128, -83, -128, -73, -128, -62, -128, -50, -128, -37, -108, -23, -85, -12, -63, -2, -40, 8, -21, 17, -6, 25, 6, 35, 16, 43, 22, 49, 26, 53, 29, 55, 31, 56, 32, 56, 127, -125, 127, -107, 127, -87, 127, -73, 127, -66, 127, -64, 102, -72, 75, -88, 50, -110, 30, -128, 15, -128, 6, -128, 1, -128, -1, -128, -3, -128, -4, -128, -6, -128, -11, -128, -23, -128, -41, -118, -68, -81, -106, -45, -128, -15, -128, 11, -128, 27, -128, 31]",esp32_2
CSI_DATA,115986,2025-08-27 15:24:22.020,0,walk,00:00:00:00:00:00,-64,11,0,0,0,0,0,0,0,0,0,-97,0,1,0,3473868469,0,14,0,0,0,104,0,"[0, 0, 127, 127, 127, 127, 127, 127, 127, 127, 127, 127, 125, 127, 127, 123, 127, 116, 127, 109, 127, 104, 127, 120, 127, 119, 127, 127, 118, 127, 94, 126, 66, 123, 41, 101, 14, 83, 0, 60, -6, 28, -11, 5, -4, -23, 6, -43, 20, -65, 39, -71, -82, 93, -98, 94, -102, 86, -112, 87, -120, 81, -121, 73, -118, 61, -115, 55, -105, 56, -99, 59, -80, 68, -70, 70, -69, 71, -62, 84, -57, 87, -43, 97, -37, 96, -29, 97, -25, 89, -9, 88, 10, 85, 34, 88, 67, 89, 85, 98, 108, 110, 127, 127]",esp32_1
CSI_DATA,118553,2025-08-27 15:24:22.038,0,walk,00:00:00:00:00:00,-44,11,0,0,0,0,0,0,0,0,0,-97,0,1,0,332726603,0,14,0,76,19,104,0,"[0, 0, -128, 127, -128, 127, -128, 127, -128, 127, -128, 127, -128, 127, -128, 127, -128, 127, -128, 127, -128, 127, -128, 127, -128, 112, -128, 79, -114, 47, -83, 19, -48, -3, -13, -17, 20, -22, 51, -18, 74, -9, 89, 3, 96, 16, 96, 28, 93, 35, 88, 39, -128, -128, -127, -128, -119, -128, -117, -128, -118, -128, -121, -128, -124, -128, -128, -123, -128, -113, -128, -102, -128, -89, -128, -74, -128, -59, -128, -43, -128, -26, -128, -7, -128, 12, -128, 31, -128, 55, -128, 84, -128, 115, -126, 127, -128, 127, -128, 127, -128, 127, -128, 127]",esp32_2
CSI_DATA,115987,2025-08-27 15:24:22.046,0,walk,00:00:00:00:00:00,-65,11,0,0,0,0,0,0,0,0,0,-97,0,1,0,3473878445,0,14,0,0,0,104,0,"[0, 0, -128, 127, -128, 127, -128, 127, -128, 127, -128, 127, -118, 127, -106, 127, -99, 127, -92, 127, -87, 127, -88, 127, -96, 127, -96, 127, -113, 127, -111, 127, -103, 97, -97, 69, -90, 43, -63, 21, -34, 6, 0, -4, 26, -5, 45, 1, 66, 6, 76, 22, -111, -74, -112, -86, -114, -104, -110, -111, -102, -121, -94, -122, -85, -124, -79, -123, -73, -110, -80, -93, -79, -82, -87, -69, -93, -55, -99, -44, -110, -40, -108, -38, -107, -40, -104, -32, -101, -6, -94, 4, -88, 30, -84, 53, -77, 76, -86, 113, -93, 127, -101, 127]",esp32_1
CSI_DATA,118554,2025-08-27 15:24:22.059,0,walk,00:00:00:00:00:00,-41,11,0,0,0,0,0,0,0,0,0,-97,0,1,0,332762344,0,14,0,76,19,104,0,"[0, 0, -75, -128, -91, -128, -111, -128, -124, -128, -128, -128, -128, -128, -128, -128, -122, -128, -105, -128, -80, -128, -52, -128, -25, -128, 1, -128, 23, -128, 35, -78, 35, -25, 26, 22, 7, 61, -18, 91, -46, 108, -73, 116, -95, 114, -108, 103, -113, 90, -114, 77, 127, 88, 127, 90, 127, 89, 127, 84, 127, 80, 127, 74, 127, 66, 127, 57, 127, 46, 127, 32, 116, 13, 100, -6, 84, -28, 68, -55, 53, -87, 40, -121, 30, -128, 20, -128, 12, -128, 6, -128, 1, -128, -5, -128, -11, -128, -17, -128, -22, -128, -24, -128]",esp32_2
CSI_DATA,115988,2025-08-27 15:24:22.080,0,walk,00:00:00:00:00:00,-65,11,0,0,0,0,0,0,0,0,0,-97,0,1,0,3473888512,0,14,0,0,0,104,0,"[0, 0, -128, -128, -128, -128, -128, -128, -128, -128, -128, -128, -128, -128, -128, -120, -128, -103, -128, -97, -128, -84, -128, -90, -128, -90, -128, -95, -128, -100, -116, -102, -98, -106, -67, -90, -44, -75, -17, -61, -2, -34, 9, -11, 11, 17, 12, 40, 4, 67, -9, 82, 95, -89, 112, -86, 123, -83, 126, -73, 127, -67, 127, -58, 127, -45, 124, -44, 108, -40, 101, -39, 78, -52, 64, -66, 62, -69, 58, -84, 53, -89, 38, -96, 37, -100, 31, -97, 26, -80, 10, -77, -13, -71, -39, -66, -77, -77, -98, -74, -128, -85, -128, -103]",esp32_1
CSI_DATA,115989,2025-08-27 15:24:22.102,0,walk,00:00:00:00:00:00,-65,11,0,0,0,0,0,0,0,0,0,-97,0,1,0,3473898444,0,14,0,0,0,104,0,"[0, 0, 127, -69, 127, -55, 127, -43, 127, -39, 127, -37, 127, -42, 127, -49, 127, -60, 127, -75, 127, -81, 127, -81, 127, -84, 127, -80, 127, -67, 127, -51, 127, -31, 119, -13, 96, 5, 71, 12, 37, 14, 4, 19, -21, 7, -39, -10, -59, -30, -60, -52, 6, 127, -2, 127, -12, 127, -24, 127, -34, 127, -39, 127, -38, 127, -43, 120, -32, 104, -20, 93, 2, 92, 16, 89, 22, 81, 36, 91, 45, 89, 53, 99, 47, 91, 54, 88, 49, 59, 57, 43, 62, 16, 79, -8, 103, -21, 127, -54, 127, -73, 127, -71]",esp32_1
CSI_DATA,115990,2025-08-27 15:24:22.131,0,walk,00:00:00:00:00:00,-65,11,0,0,0,0,0,0,0,0,0,-97,0,1,0,3473908438,0,14,0,0,0,104,0,"[0, 0, -128, -121, -128, -128, -128, -128, -128, -128, -128, -114, -128, -96, -128, -78, -128, -57, -128, -43, -128, -33, -128, -31, -128, -32, -128, -32, -128, -41, -128, -55, -128, -64, -112, -68, -78, -69, -48, -59, -18, -43, 6, -24, 20, 3, 31, 26, 35, 58, 28, 82, 102, -93, 115, -92, 119, -82, 127, -76, 127, -69, 126, -58, 112, -50, 100, -49, 86, -48, 79, -57, 63, -68, 47, -85, 47, -83, 46, -96, 41, -100, 31, -105, 25, -105, 20, -94, 12, -82, -4, -71, -31, -58, -59, -53, -101, -51, -128, -55, -128, -62, -128, -84]",esp32_1
CSI_DATA,115991,2025-08-27 15:24:22.155,0,walk,00:00:00:00:00:00,-65,11,0,0,0,0,0,0,0,0,0,-97,0,1,0,3473918482,0,14,0,0,0,104,0,"[0, 0, -128, 1, -128, -9, -128, -20, -128, -15, -128, -3, -128, 6, -128, 23, -128, 45, -128, 62, -128, 72, -128, 78, -128, 78, -128, 80, -128, 67, -128, 48, -128, 23, -128, 0, -113, -18, -80, -31, -42, -32, -8, -31, 22, -18, 49, -4, 67, 26, 74, 50, 65, -115, 76, -116, 80, -111, 85, -109, 90, -105, 89, -101, 79, -94, 67, -95, 55, -91, 49, -87, 32, -100, 20, -105, 13, -99, 7, -107, 1, -108, -8, -115, -9, -107, -18, -96, -27, -70, -36, -49, -60, -29, -83, -9, -119, -1, -128, 18, -128, 25, -128, 9]",esp32_1
CSI_DATA,118557,2025-08-27 15:24:22.165,0,walk,00:00:00:00:00:00,-38,11,0,0,0,0,0,0,0,0,0,-97,0,1,0,332875122,0,14,0,76,19,104,0,"[0, 0, -128, -128, -128, -128, -128, -128, -128, -128, -128, -128, -128, -128, -128, -128, -128, -128, -128, -128, -128, -128, -128, -128, -107, -127, -82, -93, -60, -57, -43, -21, -31, 17, -27, 50, -30, 78, -39, 102, -50, 117, -62, 124, -73, 124, -79, 118, -82, 109, -84, 100, 127, 13, 127, 30, 127, 49, 127, 65, 127, 77, 127, 79, 113, 71, 82, 52, 53, 24, 29, -13, 12, -54, 2, -93, -1, -128, 1, -128, 5, -128, 12, -128, 17, -128, 18, -128, 15, -128, 5, -128, -13, -128, -39, -128, -71, -128, -109, -128, -128, -128, -128, -128]",esp32_2
CSI_DATA,118558,2025-08-27 15:24:22.187,0,walk,00:00:00:00:00:00,-38,11,0,0,0,0,0,0,0,0,0,-97,0,1,0,332898699,0,14,0,76,19,104,0,"[0, 0, 57, -128, 57, -128, 66, -128, 77, -128, 84, -128, 89, -128, 94, -128, 94, -128, 91, -128, 85, -128, 74, -128, 61, -128, 44, -128, 25, -93, 1, -58, -27, -25, -55, -2, -84, 10, -110, 15, -128, 15, -128, 11, -128, 3, -128, -8, -128, -19, -128, -27, 81, 127, 64, 127, 40, 127, 19, 127, 0, 127, -15, 127, -21, 127, -18, 117, -4, 77, 19, 37, 51, 0, 84, -30, 120, -54, 127, -72, 127, -83, 127, -86, 127, -86, 127, -86, 127, -88, 127, -91, 127, -101, 127, -118, 127, -128, 127, -128, 115, -128, 96, -128]",esp32_2
CSI_DATA,118559,2025-08-27 15:24:22.211,0,walk,00:00:00:00:00:00,-40,11,0,0,0,0,0,0,0,0,0,-97,0,1,0,332946718,0,14,0,76,19,104,0,"[0, 0, -128, -128, -128, -128, -128, -128, -128, -128, -128, -128, -128, -128, -128, -128, -128, -128, -128, -128, -128, -128, -128, -128, -128, -127, -117, -102, -93, -74, -72, -45, -54, -14, -41, 15, -34, 43, -34, 68, -38, 86, -45, 97, -55, 101, -63, 101, -68, 99, -70, 95, 127, -50, 127, -35, 127, -17, 127, 1, 127, 16, 127, 24, 127, 21, 107, 10, 77, -9, 49, -35, 28, -67, 11, -100, 2, -128, -1, -128, -2, -128, 0, -128, 6, -128, 13, -128, 12, -128, 2, -128, -13, -128, -35, -128, -63, -128, -99, -128, -128, -128, -128, -123]",esp32_2
CSI_DATA,118560,2025-08-27 15:24:22.233,0,walk,00:00:00:00:00:00,-39,11,0,0,0,0,0,0,0,0,0,-97,0,1,0,332983834,0,14,0,76,19,104,0,"[0, 0, -128, 127, -128, 127, -128, 127, -128, 127, -128, 127, -128, 127, -128, 127, -123, 127, -115, 127, -106, 127, -95, 127, -83, 127, -67, 116, -51, 77, -35, 38, -20, 1, -5, -32, 12, -58, 28, -79, 40, -94, 50, -101, 58, -102, 61, -96, 60, -88, 56, -81, 127, 127, 127, 127, 127, 127, 127, 127, 127, 127, 127, 127, 94, 126, 60, 99, 26, 67, -7, 28, -36, -14, -61, -57, -79, -99, -95, -128, -109, -128, -116, -128, -120, -128, -122, -128, -122, -128, -119, -128, -116, -128, -112, -107, -110, -60, -109, -5, -108, 54, -108, 101]",esp32_2
CSI_DATA,115993,2025-08-27 15:24:22.242,0,walk,00:00:00:00:00:00,-65,11,0,0,0,0,0,0,0,0,0,-97,0,1,0,3473938801,0,14,0,0,0,104,0,"[0, 0, -128, -128, -128, -128, -128, -128, -128, -128, -128, -128, -128, -128, -128, -119, -128, -99, -128, -93, -128, -82, -128, -92, -128, -97, -128, -99, -128, -110, -127, -112, -101, -116, -67, -108, -35, -94, -8, -66, 14, -38, 21, -11, 27, 26, 25, 51, 17, 85, -5, 99, 125, -47, 127, -38, 127, -30, 127, -30, 127, -23, 127, -17, 127, -10, 125, -13, 114, -11, 113, -25, 98, -34, 88, -42, 90, -45, 84, -57, 76, -61, 62, -73, 47, -71, 39, -75, 25, -72, 1, -72, -21, -76, -49, -83, -86, -100, -103, -115, -124, -125, -128, -128]",esp32_1
CSI_DATA,118561,2025-08-27 15:24:22.258,0,walk,00:00:00:00:00:00,-38,11,0,0,0,0,0,0,0,0,0,-97,0,1,0,333011339,0,14,0,76,19,104,0,"[0, 0, 127, 127, 127, 127, 127, 127, 127, 127, 127, 127, 127, 127, 127, 127, 127, 127, 127, 127, 127, 127, 127, 127, 102, 127, 71, 113, 41, 79, 11, 46, -16, 16, -39, -10, -54, -34, -66, -55, -73, -70, -75, -80, -74, -84, -68, -81, -60, -74, -54, -68, 127, -52, 127, -42, 127, -28, 127, -15, 127, -2, 127, 11, 127, 21, 126, 28, 77, 31, 24, 28, -32, 22, -85, 13, -128, 0, -128, -15, -128, -26, -128, -35, -128, -42, -128, -44, -128, -41, -128, -31, -128, -13, -128, 11, -105, 41, -50, 77, 7, 117, 49, 127]",esp32_2
CSI_DATA,115994,2025-08-27 15:24:22.274,0,walk,00:00:00:00:00:00,-65,11,0,0,0,0,0,0,0,0,0,-97,0,1,0,3473948450,0,14,0,0,0,104,0,"[0, 0, 127, -128, 127, -114, 127, -100, 127, -101, 127, -95, 127, -100, 127, -110, 127, -120, 127, -128, 127, -128, 127, -128, 127, -128, 127, -128, 127, -116, 127, -92, 127, -55, 127, -32, 115, -7, 80, 9, 37, 18, -9, 19, -42, 6, -63, -7, -86, -40, -92, -67, 37, 127, 26, 127, 17, 127, 10, 127, 1, 127, -12, 127, -12, 127, -14, 127, -4, 127, 3, 124, 18, 124, 31, 115, 44, 96, 64, 97, 71, 85, 76, 92, 80, 82, 85, 73, 91, 43, 96, 23, 105, -7, 119, -36, 127, -55, 127, -92, 127, -116, 127, -117]",esp32_1
CSI_DATA,118562,2025-08-27 15:24:22.280,0,walk,00:00:00:00:00:00,-41,11,0,0,0,0,0,0,0,0,0,-97,0,1,0,333048823,0,14,0,76,19,104,0,"[0, 0, -128, -128, -128, -128, -128, -123, -128, -113, -128, -96, -128, -77, -128, -58, -128, -38, -128, -21, -128, -9, -128, -2, -126, 1, -88, 2, -52, -4, -18, -14, 13, -26, 39, -39, 63, -50, 83, -60, 95, -68, 101, -72, 103, -72, 96, -70, 85, -66, 77, -62, -128, -5, -128, -16, -128, -30, -128, -43, -128, -56, -128, -68, -128, -76, -111, -80, -50, -82, 14, -78, 77, -71, 127, -61, 127, -52, 127, -43, 127, -38, 127, -34, 127, -31, 127, -32, 127, -34, 127, -37, 127, -45, 83, -54, 12, -66, -66, -79, -128, -92, -128, -104]",esp32_2
CSI_DATA,115995,2025-08-27 15:24:22.301,0,walk,00:00:00:00:00:00,-65,11,0,0,0,0,0,0,0,0,0,-97,0,1,0,3473958454,0,14,0,0,0,104,0,"[0, 0, 127, -1, 127, 12, 127, 21, 127, 15, 127, 11, 127, 5, 127, -12, 127, -29, 127, -48, 127, -55, 127, -62, 127, -58, 127, -51, 127, -29, 127, -18, 127, 7, 127, 20, 96, 30, 65, 35, 30, 29, -5, 16, -26, -3, -46, -26, -55, -57, -48, -74, -31, 127, -41, 127, -50, 127, -57, 127, -65, 127, -67, 126, -69, 117, -63, 110, -50, 105, -39, 97, -17, 101, -4, 104, 3, 98, 13, 99, 18, 102, 29, 109, 29, 103, 42, 92, 45, 70, 56, 53, 72, 31, 101, 14, 127, 4, 127, -21, 127, -28, 127, -11]",esp32_1
CSI_DATA,118563,2025-08-27 15:24:22.301,0,walk,00:00:00:00:00:00,-42,11,0,0,0,0,0,0,0,0,0,-97,0,1,0,333081198,0,14,0,76,19,104,0,"[0, 0, 38, 127, 51, 127, 66, 127, 75, 127, 81, 127, 86, 127, 88, 127, 86, 127, 79, 127, 67, 127, 49, 106, 29, 75, 5, 50, -21, 30, -48, 19, -73, 13, -95, 10, -115, 9, -128, 10, -128, 15, -128, 21, -128, 27, -122, 30, -108, 32, -95, 34, -128, 127, -128, 127, -128, 127, -128, 127, -128, 127, -128, 97, -128, 53, -128, 4, -124, -49, -109, -116, -92, -128, -74, -128, -59, -128, -49, -128, -44, -128, -43, -128, -44, -128, -46, -128, -47, -128, -48, -128, -48, -81, -44, -9, -36, 70, -27, 127, -15, 127, -5, 127]",esp32_2
CSI_DATA,118564,2025-08-27 15:24:22.324,0,walk,00:00:00:00:00:00,-45,11,0,0,0,0,0,0,0,0,0,-97,0,1,0,333128287,0,14,0,76,19,104,0,"[0, 0, -128, -128, -128, -128, -128, -128, -128, -128, -128, -120, -128, -77, -128, -36, -128, 0, -116, 29, -98, 51, -81, 67, -62, 77, -40, 82, -13, 81, 16, 76, 48, 72, 79, 69, 107, 70, 127, 75, 127, 82, 127, 88, 127, 94, 127, 95, 127, 93, 127, 89, 91, 127, 69, 127, 39, 127, 15, 127, -2, 108, -14, 62, -16, 13, -9, -40, 8, -89, 31, -128, 57, -128, 84, -128, 105, -128, 119, -128, 122, -128, 113, -128, 90, -128, 50, -117, -3, -93, -65, -74, -128, -65, -128, -67, -128, -82, -128, -104, -128, -128, -128, -128]",esp32_2
CSI_DATA,115996,2025-08-27 15:24:22.334,0,walk,00:00:00:00:00:00,-65,11,0,0,0,0,0,0,0,0,0,-97,0,1,0,3473968449,0,14,0,0,0,104,0,"[0, 0, 118, 127, 108, 127, 113, 127, 94, 127, 91, 127, 94, 127, 106, 127, 116, 127, 127, 116, 127, 108, 127, 119, 127, 126, 127, 127, 127, 127, 108, 127, 87, 127, 52, 126, 23, 101, 1, 75, -16, 40, -21, 13, -22, -19, -7, -48, 6, -77, 27, -90, -128, 40, -128, 31, -128, 21, -128, 15, -128, 8, -128, 4, -127, 3, -121, 1, -110, 11, -109, 19, -94, 36, -90, 47, -89, 51, -91, 62, -86, 63, -72, 73, -69, 73, -51, 72, -41, 69, -18, 74, 9, 78, 40, 91, 75, 112, 93, 127, 116, 127, 127, 127]",esp32_1
CSI_DATA,118565,2025-08-27 15:24:22.345,0,walk,00:00:00:00:00:00,-44,11,0,0,0,0,0,0,0,0,0,-97,0,1,0,333153296,0,14,0,76,19,104,0,"[0, 0, -128, -128, -128, -128, -128, -128, -128, -128, -128, -128, -128, -128, -128, -128, -128, -128, -128, -128, -128, -128, -113, -128, -91, -128, -71, -102, -54, -63, -41, -21, -39, 20, -46, 58, -62, 89, -82, 112, -103, 123, -123, 122, -128, 113, -128, 100, -128, 87, -128, 75, 127, 19, 127, 27, 127, 30, 124, 27, 104, 17, 86, 0, 72, -22, 63, -47, 61, -71, 65, -92, 70, -108, 75, -117, 76, -119, 71, -119, 58, -116, 36, -112, 8, -110, -27, -113, -68, -121, -110, -128, -128, -128, -128, -128, -128, -128, -128, -128, -128, -128, -128, -128]",esp32_2
CSI_DATA,115997,2025-08-27 15:24:22.356,0,walk,00:00:00:00:00:00,-65,11,0,0,0,0,0,0,0,0,0,-97,0,1,0,3473978433,0,14,0,0,0,104,0,"[0, 0, 127, -123, 127, -113, 127, -100, 127, -101, 127, -94, 127, -100, 123, -108, 114, -117, 109, -128, 106, -128, 110, -128, 115, -128, 120, -128, 127, -123, 127, -104, 121, -72, 118, -46, 96, -20, 68, 1, 39, 15, 0, 16, -26, 13, -48, 5, -68, -15, -79, -34, 45, 109, 40, 119, 36, 125, 30, 127, 25, 127, 20, 127, 17, 120, 15, 114, 17, 108, 25, 88, 31, 92, 45, 89, 50, 71, 62, 67, 65, 63, 68, 64, 66, 54, 67, 45, 70, 19, 71, -9, 75, -30, 88, -53, 106, -72, 127, -103, 127, -120, 127, -122]",esp32_1
CSI_DATA,118566,2025-08-27 15:24:22.370,0,walk,00:00:00:00:00:00,-41,11,0,0,0,0,0,0,0,0,0,-97,0,1,0,333189824,0,14,0,76,19,104,0,"[0, 0, 127, -128, 127, -128, 127, -128, 127, -128, 127, -128, 127, -128, 127, -128, 127, -128, 127, -128, 127, -128, 127, -128, 127, -116, 127, -83, 93, -54, 47, -33, -2, -22, -47, -23, -83, -36, -110, -56, -125, -77, -128, -97, -128, -112, -117, -121, -104, -124, -94, -125, 127, 127, 127, 127, 111, 127, 94, 127, 82, 127, 73, 127, 71, 127, 76, 120, 87, 97, 102, 75, 118, 56, 127, 41, 127, 29, 127, 18, 127, 5, 127, -10, 127, -27, 127, -51, 127, -81, 127, -115, 127, -128, 127, -128, 127, -128, 127, -128, 127, -128, 127, -128]",esp32_2
CSI_DATA,115998,2025-08-27 15:24:22.388,0,walk,00:00:00:00:00:00,-64,11,0,0,0,0,0,0,0,0,0,-97,0,1,0,3473988500,0,14,0,0,0,104,0,"[0, 0, 127, -128, 127, -128, 127, -128, 127, -128, 127, -128, 127, -128, 125, -128, 118, -128, 108, -128, 105, -128, 109, -128, 114, -128, 125, -128, 127, -128, 127, -118, 127, -87, 124, -59, 98, -28, 74, -13, 43, 4, 8, 9, -26, -1, -47, -8, -62, -27, -69, -50, 105, 80, 105, 93, 103, 101, 98, 112, 91, 116, 86, 120, 73, 114, 74, 111, 74, 105, 76, 79, 80, 77, 85, 64, 90, 48, 101, 43, 103, 41, 101, 36, 101, 29, 101, 22, 102, -10, 96, -28, 95, -50, 101, -79, 108, -96, 124, -128, 127, -128, 127, -128]",esp32_1
CSI_DATA,118567,2025-08-27 15:24:22.398,0,walk,00:00:00:00:00:00,-41,11,0,0,0,0,0,0,0,0,0,-97,0,1,0,333213936,0,14,0,76,19,104,0,"[0, 0, 29, 127, 21, 127, 18, 127, 14, 127, 9, 127, 5, 127, -1, 127, -8, 127, -16, 127, -26, 127, -35, 127, -39, 127, -35, 127, -25, 86, -7, 42, 20, 4, 50, -26, 83, -43, 116, -48, 127, -44, 127, -32, 127, -16, 127, 1, 127, 13, 127, 20, -128, -79, -128, -95, -128, -111, -128, -118, -128, -118, -128, -108, -128, -87, -115, -60, -105, -30, -100, 2, -100, 35, -104, 64, -113, 88, -122, 109, -128, 127, -128, 127, -128, 127, -118, 127, -101, 127, -78, 127, -51, 127, -25, 127, -3, 127, 16, 127, 31, 127, 39, 127]",esp32_2
CSI_DATA,115999,2025-08-27 15:24:22.421,0,walk,00:00:00:00:00:00,-65,11,0,0,0,0,0,0,0,0,0,-97,0,1,0,3473998458,0,14,0,0,0,104,0,"[0, 0, 96, 127, 88, 127, 91, 127, 81, 127, 83, 127, 89, 127, 99, 127, 110, 127, 125, 127, 127, 125, 127, 127, 127, 127, 118, 127, 105, 127, 78, 127, 54, 127, 24, 126, 1, 101, -10, 68, -17, 37, -17, 10, -7, -16, 9, -36, 23, -58, 52, -66, -108, 71, -122, 65, -127, 55, -128, 50, -128, 42, -128, 37, -121, 29, -120, 27, -106, 29, -101, 39, -88, 48, -72, 57, -78, 60, -71, 71, -76, 75, -59, 85, -52, 86, -39, 86, -31, 84, -10, 90, 8, 95, 37, 105, 67, 121, 80, 127, 97, 127, 114, 127]",esp32_1
CSI_DATA,118568,2025-08-27 15:24:22.421,0,walk,00:00:00:00:00:00,-42,11,0,0,0,0,0,0,0,0,0,-97,0,1,0,333239384,0,14,0,76,19,104,0,"[0, 0, 127, -128, 127, -128, 127, -128, 127, -128, 127, -120, 127, -106, 127, -95, 127, -83, 127, -68, 127, -51, 127, -33, 127, -17, 97, -5, 56, 1, 13, 3, -27, -2, -61, -13, -88, -31, -106, -52, -114, -71, -114, -87, -105, -99, -91, -105, -77, -106, -65, -103, -127, 127, -128, 127, -128, 127, -128, 127, -128, 127, -128, 103, -113, 82, -83, 66, -47, 56, -8, 52, 30, 55, 64, 60, 93, 69, 119, 81, 127, 92, 127, 98, 127, 100, 127, 95, 127, 79, 127, 57, 127, 30, 127, -2, 127, -34, 127, -66, 127, -92, 127, -109]",esp32_2
CSI_DATA,118569,2025-08-27 15:24:22.443,0,walk,00:00:00:00:00:00,-43,11,0,0,0,0,0,0,0,0,0,-97,0,1,0,333275685,0,14,0,76,19,104,0,"[0, 0, -128, 127, -128, 127, -128, 127, -128, 127, -128, 127, -128, 127, -128, 127, -128, 127, -128, 127, -128, 119, -128, 95, -128, 69, -114, 41, -80, 13, -41, -10, 0, -28, 39, -36, 74, -35, 104, -27, 125, -15, 127, 0, 127, 16, 127, 30, 115, 40, 103, 42, 127, -128, 127, -128, 127, -128, 127, -128, 127, -128, 127, -108, 122, -89, 92, -75, 57, -65, 20, -60, -15, -62, -48, -67, -78, -76, -106, -85, -126, -89, -128, -89, -128, -86, -128, -75, -128, -56, -128, -30, -128, 1, -128, 33, -128, 65, -128, 98, -128, 127, -128, 127]",esp32_2
CSI_DATA,116000,2025-08-27 15:24:22.466,0,walk,00:00:00:00:00:00,-65,11,0,0,0,0,0,0,0,0,0,-97,0,1,0,3474009635,0,14,0,0,0,104,0,"[0, 0, -69, 127, -76, 127, -66, 127, -68, 127, -51, 127, -40, 127, -27, 127, -12, 127, -4, 127, 3, 127, 3, 127, -2, 127, -13, 127, -31, 127, -47, 127, -50, 127, -66, 111, -64, 76, -55, 44, -42, 11, -16, -3, 9, -22, 32, -28, 53, -36, 77, -24, -123, -26, -128, -39, -128, -51, -128, -60, -128, -66, -122, -71, -113, -71, -108, -73, -93, -61, -96, -40, -90, -33, -94, -20, -98, -1, -102, 5, -104, 12, -99, 20, -98, 28, -94, 34, -86, 49, -75, 63, -61, 84, -54, 103, -41, 127, -44, 127, -40, 127, -40, 127]",esp32_1
CSI_DATA,118570,2025-08-27 15:24:22.466,0,walk,00:00:00:00:00:00,-42,11,0,0,0,0,0,0,0,0,0,-97,0,1,0,333299687,0,14,0,76,19,104,0,"[0, 0, -128, 127, -128, 127, -128, 127, -128, 127, -128, 127, -128, 127, -128, 127, -128, 127, -128, 127, -128, 127, -128, 127, -128, 127, -128, 88, -109, 46, -70, 6, -25, -28, 20, -51, 67, -60, 109, -55, 127, -43, 127, -25, 127, -3, 127, 18, 127, 34, 124, 41, 118, -128, 127, -128, 127, -128, 127, -128, 127, -128, 127, -128, 116, -125, 86, -102, 50, -84, 8, -70, -34, -62, -72, -58, -107, -57, -128, -61, -128, -64, -128, -64, -128, -61, -128, -54, -128, -36, -128, -10, -128, 21, -128, 57, -128, 97, -128, 127, -128, 127, -128, 127]",esp32_2
CSI_DATA,116001,2025-08-27 15:24:22.486,0,walk,00:00:00:00:00:00,-65,11,0,0,0,0,0,0,0,0,0,-97,0,1,0,3474018785,0,14,0,0,0,104,0,"[0, 0, -128, 125, -128, 115, -128, 99, -128, 102, -128, 99, -128, 101, -128, 113, -128, 127, -128, 127, -128, 127, -128, 127, -128, 127, -128, 127, -128, 114, -128, 84, -128, 56, -128, 25, -124, -5, -91, -20, -52, -21, -6, -26, 24, -10, 54, 13, 63, 41, 74, 66, -83, -128, -78, -128, -69, -128, -59, -128, -54, -128, -39, -128, -34, -128, -33, -128, -32, -128, -46, -117, -64, -113, -71, -103, -83, -90, -93, -85, -107, -82, -112, -83, -114, -80, -120, -69, -113, -43, -115, -19, -121, 11, -128, 35, -128, 53, -128, 98, -128, 121, -128, 116]",esp32_1
CSI_DATA,118571,2025-08-27 15:24:22.486,0,walk,00:00:00:00:00:00,-42,11,0,0,0,0,0,0,0,0,0,-97,0,1,0,333347640,0,14,0,76,19,104,0,"[0, 0, -128, -128, -128, -128, -128, -128, -128, -128, -128, -128, -128, -128, -128, -128, -128, -128, -128, -128, -128, -128, -128, -128, -128, -128, -107, -128, -61, -119, -16, -88, 24, -49, 53, -7, 70, 37, 76, 78, 69, 109, 56, 127, 37, 127, 19, 127, 4, 126, -6, 113, 127, 127, 127, 127, 127, 127, 127, 127, 127, 127, 106, 127, 87, 127, 75, 105, 66, 69, 61, 29, 59, -10, 60, -46, 63, -77, 65, -105, 68, -128, 69, -128, 66, -128, 58, -128, 43, -128, 21, -128, -8, -128, -41, -128, -75, -128, -111, -128, -128, -128, -128, -128]",esp32_2
CSI_DATA,118572,2025-08-27 15:24:22.513,0,walk,00:00:00:00:00:00,-45,11,0,0,0,0,0,0,0,0,0,-97,0,1,0,333395877,0,14,0,76,19,104,0,"[0, 0, -128, -97, -128, -89, -128, -80, -128, -72, -128, -64, -128, -59, -128, -60, -128, -64, -128, -71, -128, -79, -128, -87, -128, -91, -113, -87, -62, -78, -11, -64, 37, -42, 76, -15, 104, 18, 119, 50, 122, 76, 116, 97, 102, 111, 85, 114, 70, 108, 59, 99, 127, 127, 127, 127, 127, 127, 127, 127, 127, 127, 109, 105, 92, 73, 81, 38, 75, 1, 75, -34, 78, -65, 81, -89, 84, -107, 84, -122, 77, -128, 66, -128, 51, -128, 31, -128, 3, -128, -30, -124, -68, -117, -108, -112, -128, -111, -128, -111, -128, -109, -128, -110]",esp32_2
CSI_DATA,116002,2025-08-27 15:24:22.520,0,walk,00:00:00:00:00:00,-65,11,0,0,0,0,0,0,0,0,0,-97,0,1,0,3474028498,0,14,0,0,0,104,0,"[0, 0, -128, -94, -128, -94, -128, -98, -128, -88, -128, -77, -128, -58, -128, -49, -128, -29, -128, -23, -128, -16, -128, -27, -128, -33, -128, -39, -128, -55, -128, -65, -128, -75, -97, -79, -69, -70, -40, -64, -16, -36, 9, -23, 18, 9, 25, 34, 22, 62, 12, 74, 50, -114, 58, -116, 63, -115, 70, -111, 78, -109, 77, -104, 72, -95, 71, -96, 57, -95, 51, -92, 34, -98, 26, -101, 24, -99, 16, -107, 15, -108, -2, -118, -5, -108, -12, -104, -18, -87, -37, -77, -56, -67, -78, -58, -118, -55, -128, -56, -128, -54, -128, -72]",esp32_1
CSI_DATA,118573,2025-08-27 15:24:22.532,0,walk,00:00:00:00:00:00,-43,11,0,0,0,0,0,0,0,0,0,-97,0,1,0,333423602,0,14,0,76,19,104,0,"[0, 0, -128, 127, -128, 127, -128, 127, -128, 127, -128, 127, -128, 127, -128, 127, -128, 127, -128, 127, -128, 123, -128, 90, -128, 55, -128, 21, -102, -7, -45, -23, 14, -26, 67, -16, 109, 6, 127, 36, 127, 67, 127, 94, 127, 114, 127, 125, 113, 127, 97, 127, 46, -128, 63, -128, 78, -128, 81, -128, 75, -128, 62, -128, 42, -128, 16, -123, -13, -115, -42, -111, -67, -110, -86, -106, -101, -101, -117, -95, -128, -86, -128, -73, -128, -57, -128, -35, -128, -10, -128, 17, -128, 47, -128, 77, -128, 107, -128, 127, -128, 127, -128, 127]",esp32_2
CSI_DATA,116003,2025-08-27 15:24:22.549,0,walk,00:00:00:00:00:00,-65,11,0,0,0,0,0,0,0,0,0,-97,0,1,0,3474038443,0,14,0,0,0,104,0,"[0, 0, 127, 126, 127, 127, 127, 127, 127, 120, 127, 106, 127, 92, 127, 83, 127, 68, 127, 65, 127, 61, 127, 71, 127, 80, 127, 93, 127, 99, 127, 105, 102, 108, 73, 97, 41, 84, 19, 60, -2, 33, -13, 7, -15, -20, -12, -42, -4, -71, 14, -85, -57, 114, -66, 116, -73, 114, -84, 116, -95, 115, -99, 106, -95, 95, -94, 93, -88, 90, -80, 88, -63, 89, -53, 93, -50, 83, -36, 93, -30, 93, -16, 100, -9, 102, 6, 96, 13, 85, 30, 82, 56, 76, 76, 75, 112, 82, 127, 82, 127, 89, 127, 108]",esp32_1
CSI_DATA,118574,2025-08-27 15:24:22.570,0,walk,00:00:00:00:00:00,-43,11,0,0,0,0,0,0,0,0,0,-97,0,1,0,333445731,0,14,0,76,19,104,0,"[0, 0, 127, 127, 127, 127, 127, 127, 127, 127, 127, 127, 127, 127, 127, 127, 127, 127, 127, 127, 110, 127, 79, 127, 47, 127, 15, 127, -14, 82, -35, 29, -45, -28, -41, -79, -25, -124, -2, -128, 26, -128, 55, -128, 79, -128, 95, -128, 102, -128, 104, -128, -128, -128, -128, -128, -128, -128, -128, -128, -128, -128, -125, -125, -110, -99, -101, -70, -95, -40, -92, -7, -91, 23, -92, 49, -95, 73, -98, 96, -98, 116, -96, 127, -88, 127, -74, 127, -56, 127, -31, 127, -1, 127, 29, 127, 59, 127, 86, 127, 113, 127, 127, 127]",esp32_2
CSI_DATA,116004,2025-08-27 15:24:22.581,0,walk,00:00:00:00:00:00,-64,11,0,0,0,0,0,0,0,0,0,-97,0,1,0,3474048437,0,14,0,0,0,104,0,"[0, 0, -90, -128, -80, -128, -80, -128, -77, -128, -74, -128, -78, -128, -77, -128, -90, -128, -89, -128, -91, -128, -90, -128, -79, -128, -74, -128, -57, -128, -39, -128, -24, -128, -4, -108, 7, -81, 12, -54, 9, -30, 3, -7, -14, 14, -24, 30, -45, 42, -57, 44, 101, -79, 114, -76, 125, -66, 127, -62, 127, -53, 127, -35, 127, -30, 125, -21, 114, -23, 106, -27, 85, -32, 75, -44, 71, -49, 68, -62, 57, -72, 49, -82, 45, -86, 40, -93, 37, -98, 21, -98, 3, -103, -11, -111, -42, -121, -51, -128, -65, -128, -88, -128]",esp32_1
CSI_DATA,118575,2025-08-27 15:24:22.593,0,walk,00:00:00:00:00:00,-42,11,0,0,0,0,0,0,0,0,0,-97,0,1,0,333480205,0,14,0,76,19,104,0,"[0, 0, 127, -17, 127, -27, 127, -39, 127, -48, 127, -56, 127, -56, 127, -49, 127, -36, 127, -18, 127, 5, 127, 27, 127, 45, 127, 55, 86, 58, 30, 55, -25, 41, -74, 19, -110, -10, -128, -44, -128, -75, -128, -103, -128, -125, -112, -128, -95, -128, -82, -128, -128, 97, -128, 85, -128, 69, -128, 56, -128, 44, -128, 36, -128, 35, -126, 40, -95, 48, -64, 61, -35, 78, -8, 96, 14, 115, 35, 127, 56, 127, 71, 127, 83, 127, 94, 127, 107, 127, 121, 127, 127, 127, 127, 116, 127, 98, 127, 78, 127, 55, 127, 39]",esp32_2
CSI_DATA,116005,2025-08-27 15:24:22.613,0,walk,00:00:00:00:00:00,-65,11,0,0,0,0,0,0,0,0,0,-97,0,1,0,3474058451,0,14,0,0,0,104,0,"[0, 0, 127, -128, 127, -128, 127, -128, 127, -128, 127, -128, 127, -128, 120, -128, 113, -128, 99, -128, 91, -128, 88, -128, 92, -128, 92, -128, 101, -128, 106, -127, 102, -105, 102, -77, 91, -51, 69, -32, 43, -14, 16, -3, -10, 1, -33, -1, -51, -8, -66, -22, 123, 59, 123, 76, 122, 91, 116, 100, 110, 111, 96, 113, 84, 109, 80, 103, 72, 89, 74, 69, 76, 59, 84, 44, 93, 25, 108, 17, 111, 14, 118, 16, 116, 18, 118, 10, 108, -11, 97, -24, 89, -44, 83, -65, 76, -89, 85, -128, 94, -128, 104, -128]",esp32_1
CSI_DATA,116006,2025-08-27 15:24:22.635,0,walk,00:00:00:00:00:00,-65,11,0,0,0,0,0,0,0,0,0,-97,0,1,0,3474068476,0,14,0,0,0,104,0,"[0, 0, 127, -128, 127, -128, 127, -128, 127, -128, 127, -128, 112, -128, 97, -128, 82, -128, 69, -128, 52, -128, 51, -128, 51, -128, 58, -128, 82, -128, 87, -128, 91, -123, 95, -96, 93, -60, 76, -36, 55, -7, 26, 12, -6, 28, -28, 27, -55, 29, -74, 18, 62, 108, 62, 116, 50, 122, 44, 124, 41, 125, 36, 120, 31, 114, 31, 110, 36, 100, 48, 77, 57, 78, 66, 73, 82, 60, 92, 60, 88, 59, 89, 63, 86, 54, 83, 45, 74, 17, 71, -1, 64, -29, 66, -62, 73, -88, 83, -128, 97, -128, 119, -128]",esp32_1
CSI_DATA,118577,2025-08-27 15:24:22.678,0,walk,00:00:00:00:00:00,-42,11,0,0,0,0,0,0,0,0,0,-97,0,1,0,333554000,0,14,0,76,19,104,0,"[0, 0, -38, 127, -11, 127, 14, 127, 30, 127, 39, 127, 42, 127, 38, 127, 27, 127, 11, 127, -9, 127, -31, 127, -52, 127, -65, 127, -72, 95, -71, 32, -61, -31, -41, -85, -12, -128, 22, -128, 54, -128, 81, -128, 102, -128, 114, -128, 118, -126, 117, -107, 127, -128, 127, -128, 127, -128, 127, -128, 127, -118, 127, -98, 120, -80, 87, -66, 49, -53, 5, -43, -38, -37, -79, -32, -119, -31, -128, -31, -128, -30, -128, -27, -128, -25, -128, -21, -128, -11, -128, 5, -128, 25, -128, 48, -128, 77, -128, 108, -128, 127, -128, 127]",esp32_2
CSI_DATA,118578,2025-08-27 15:24:22.709,0,walk,00:00:00:00:00:00,-42,11,0,0,0,0,0,0,0,0,0,-97,0,1,0,333602029,0,14,0,76,19,104,0,"[0, 0, 127, 106, 127, 95, 127, 91, 127, 91, 127, 89, 127, 90, 127, 94, 127, 97, 127, 102, 127, 109, 127, 116, 127, 118, 119, 109, 68, 92, 16, 70, -31, 41, -69, 5, -93, -36, -106, -75, -107, -107, -98, -128, -81, -128, -64, -128, -49, -128, -38, -128, -128, -86, -128, -98, -128, -109, -128, -112, -128, -110, -128, -98, -121, -75, -95, -45, -74, -10, -60, 29, -51, 70, -45, 107, -44, 127, -42, 127, -40, 127, -40, 127, -38, 127, -32, 127, -21, 127, -3, 127, 21, 127, 50, 127, 82, 127, 120, 127, 127, 127, 127, 127]",esp32_2
CSI_DATA,116008,2025-08-27 15:24:22.735,0,walk,00:00:00:00:00:00,-64,11,0,0,0,0,0,0,0,0,0,-97,0,1,0,3474088437,0,14,0,0,0,104,0,"[0, 0, -128, 127, -128, 127, -120, 127, -105, 127, -83, 127, -67, 127, -44, 127, -27, 127, -18, 127, -18, 127, -26, 127, -35, 127, -43, 127, -69, 127, -81, 127, -88, 127, -94, 127, -95, 81, -78, 41, -52, 9, -13, -23, 15, -38, 50, -45, 77, -51, 104, -35, -111, -94, -116, -105, -116, -119, -110, -127, -108, -128, -108, -128, -98, -128, -90, -128, -88, -128, -93, -111, -85, -104, -84, -91, -94, -72, -100, -59, -102, -44, -94, -30, -88, -19, -84, 4, -88, 39, -84, 71, -84, 95, -83, 127, -82, 127, -103, 127, -110, 127, -116, 127]",esp32_1
CSI_DATA,118579,2025-08-27 15:24:22.740,0,walk,00:00:00:00:00:00,-41,11,0,0,0,0,0,0,0,0,0,-97,0,1,0,333627374,0,14,0,76,19,104,0,"[0, 0, 127, -106, 127, -122, 127, -128, 127, -128, 127, -128, 127, -128, 127, -128, 127, -119, 127, -103, 127, -83, 127, -57, 127, -29, 127, -3, 124, 19, 73, 32, 21, 38, -27, 33, -70, 18, -104, -4, -126, -30, -128, -54, -128, -74, -128, -89, -118, -100, -107, -105, -128, 127, -128, 127, -128, 127, -128, 127, -128, 112, -128, 96, -124, 83, -97, 76, -66, 73, -31, 75, 4, 82, 35, 90, 63, 100, 89, 113, 112, 124, 127, 127, 127, 127, 127, 127, 127, 127, 127, 113, 127, 94, 127, 72, 127, 45, 127, 16, 127, -11, 127, -29]",esp32_2
CSI_DATA,116009,2025-08-27 15:24:22.766,0,walk,00:00:00:00:00:00,-64,11,0,0,0,0,0,0,0,0,0,-97,0,1,0,3474098488,0,14,0,0,0,104,0,"[0, 0, -25, 127, -28, 127, -15, 127, -14, 127, 0, 127, 12, 127, 24, 127, 33, 127, 36, 127, 41, 127, 34, 127, 26, 127, 15, 127, -5, 127, -20, 127, -28, 127, -45, 109, -46, 74, -39, 44, -28, 11, -3, -9, 18, -23, 33, -38, 52, -44, 75, -37, -122, -2, -128, -17, -128, -27, -128, -35, -128, -46, -128, -58, -128, -55, -122, -63, -110, -59, -105, -47, -98, -37, -87, -27, -90, -13, -87, 4, -85, 16, -79, 26, -70, 33, -63, 50, -62, 71, -49, 83, -42, 104, -28, 127, -16, 127, -19, 127, -16, 127, -14, 127]",esp32_1
CSI_DATA,118580,2025-08-27 15:24:22.766,0,walk,00:00:00:00:00:00,-40,11,0,0,0,0,0,0,0,0,0,-97,0,1,0,333662480,0,14,0,76,19,104,0,"[0, 0, -128, 48, -128, 71, -128, 91, -128, 101, -128, 104, -128, 102, -128, 96, -128, 87, -128, 74, -128, 56, -128, 32, -128, 7, -128, -16, -128, -37, -81, -50, -23, -55, 30, -52, 77, -40, 116, -20, 127, 3, 127, 25, 127, 44, 127, 59, 127, 70, 127, 76, 127, 16, 127, 32, 127, 51, 127, 65, 127, 75, 127, 78, 127, 72, 120, 57, 84, 34, 47, 1, 14, -36, -13, -72, -34, -110, -51, -128, -63, -128, -72, -128, -81, -128, -91, -128, -100, -128, -111, -128, -126, -128, -128, -128, -128, -128, -128, -105, -128, -72, -128, -49]",esp32_2
CSI_DATA,116010,2025-08-27 15:24:22.794,0,walk,00:00:00:00:00:00,-64,11,0,0,0,0,0,0,0,0,0,-97,0,1,0,3474108457,0,14,0,0,0,104,0,"[0, 0, -128, 22, -128, 24, -128, 15, -128, 24, -128, 29, -128, 33, -128, 40, -128, 47, -128, 52, -128, 54, -128, 48, -128, 40, -128, 33, -128, 14, -128, -4, -128, -17, -113, -26, -83, -31, -56, -33, -26, -16, 4, -8, 22, 10, 34, 35, 35, 57, 32, 77, -39, -127, -33, -128, -25, -128, -17, -128, -4, -128, 9, -128, 15, -128, 23, -128, 22, -128, 17, -115, 3, -109, -6, -97, -15, -79, -31, -74, -44, -67, -60, -75, -70, -72, -82, -63, -88, -40, -98, -35, -109, -17, -126, -7, -128, -3, -128, 15, -128, 28, -128, 19]",esp32_1
CSI_DATA,118581,2025-08-27 15:24:22.794,0,walk,00:00:00:00:00:00,-42,11,0,0,0,0,0,0,0,0,0,-97,0,1,0,333687059,0,14,0,76,19,104,0,"[0, 0, -128, 127, -128, 127, -128, 127, -128, 127, -128, 127, -126, 127, -125, 127, -125, 127, -121, 127, -118, 127, -119, 127, -117, 127, -110, 120, -97, 67, -77, 15, -51, -33, -19, -74, 17, -102, 53, -121, 82, -128, 103, -127, 117, -119, 124, -105, 123, -91, 119, -80, 127, -128, 127, -128, 127, -128, 127, -110, 127, -84, 127, -58, 127, -36, 95, -23, 46, -17, -7, -18, -60, -25, -106, -37, -128, -53, -128, -72, -128, -86, -128, -95, -128, -99, -128, -93, -128, -76, -128, -50, -128, -16, -128, 21, -128, 65, -128, 111, -128, 127, -128, 127]",esp32_2
CSI_DATA,116011,2025-08-27 15:24:22.817,0,walk,00:00:00:00:00:00,-64,11,0,0,0,0,0,0,0,0,0,-97,0,1,0,3474118580,0,14,0,0,0,104,0,"[0, 0, 55, -128, 58, -128, 55, -128, 55, -128, 46, -128, 39, -128, 26, -128, 20, -128, 15, -128, 12, -128, 15, -128, 19, -128, 26, -128, 45, -128, 54, -128, 53, -125, 59, -97, 57, -66, 46, -41, 26, -16, 4, -1, -19, 10, -41, 18, -60, 22, -75, 12, 127, 7, 127, 18, 127, 38, 127, 46, 127, 59, 127, 73, 126, 74, 121, 79, 108, 71, 102, 59, 86, 47, 82, 27, 83, 11, 86, -7, 90, -18, 83, -30, 83, -41, 78, -51, 81, -68, 74, -81, 63, -98, 59, -122, 43, -128, 48, -128, 43, -128, 41, -128]",esp32_1
CSI_DATA,118582,2025-08-27 15:24:22.817,0,walk,00:00:00:00:00:00,-41,11,0,0,0,0,0,0,0,0,0,-97,0,1,0,333724850,0,14,0,76,19,104,0,"[0, 0, -128, 127, -128, 127, -128, 127, -128, 127, -128, 127, -128, 127, -128, 127, -128, 127, -128, 127, -128, 127, -128, 115, -128, 81, -128, 46, -112, 11, -69, -18, -22, -38, 24, -50, 67, -50, 104, -40, 127, -26, 127, -9, 127, 9, 127, 25, 127, 38, 127, 45, 127, -128, 127, -128, 127, -128, 127, -113, 127, -88, 127, -65, 111, -48, 69, -42, 26, -43, -17, -49, -58, -61, -92, -76, -118, -92, -128, -110, -128, -123, -128, -128, -128, -128, -128, -121, -128, -105, -128, -82, -128, -55, -128, -29, -128, 1, -128, 33, -128, 62, -128, 81]",esp32_2
CSI_DATA,116012,2025-08-27 15:24:22.846,0,walk,00:00:00:00:00:00,-64,11,0,0,0,0,0,0,0,0,0,-97,0,1,0,3474128478,0,14,0,0,0,104,0,"[0, 0, -6, 127, -10, 127, -7, 127, -9, 127, -2, 127, 2, 127, 10, 127, 16, 127, 23, 127, 21, 127, 19, 127, 14, 127, 10, 127, -10, 127, -19, 127, -24, 127, -40, 106, -42, 76, -33, 51, -28, 20, -7, -1, 11, -15, 34, -27, 52, -38, 70, -31, -128, 20, -128, 8, -128, -9, -128, -19, -128, -31, -128, -47, -128, -49, -128, -56, -116, -50, -108, -37, -91, -27, -82, -12, -86, 8, -83, 25, -80, 39, -77, 51, -74, 58, -70, 72, -71, 83, -59, 94, -52, 110, -34, 123, -16, 127, -11, 127, -7, 127, 7, 127]",esp32_1
CSI_DATA,118583,2025-08-27 15:24:22.846,0,walk,00:00:00:00:00:00,-42,11,0,0,0,0,0,0,0,0,0,-97,0,1,0,333764849,0,14,0,76,19,104,0,"[0, 0, -128, -128, -128, -128, -128, -128, -128, -128, -128, -128, -128, -128, -128, -128, -128, -128, -128, -128, -101, -128, -72, -128, -42, -128, -15, -128, 10, -100, 29, -52, 40, -3, 41, 41, 34, 78, 20, 109, 2, 127, -18, 127, -35, 127, -46, 127, -51, 115, -55, 103, 127, 127, 127, 127, 121, 127, 94, 127, 71, 127, 52, 127, 40, 127, 37, 87, 41, 43, 51, -2, 67, -44, 84, -78, 103, -107, 122, -128, 127, -128, 127, -128, 127, -128, 127, -128, 127, -128, 124, -128, 102, -128, 78, -128, 50, -128, 16, -128, -18, -128, -42, -128]",esp32_2
CSI_DATA,116013,2025-08-27 15:24:22.882,0,walk,00:00:00:00:00:00,-63,11,0,0,0,0,0,0,0,0,0,-97,0,1,0,3474138457,0,14,0,0,0,104,0,"[0, 0, -126, -128, -125, -128, -124, -128, -112, -128, -108, -128, -106, -128, -107, -128, -120, -128, -116, -128, -116, -128, -113, -128, -106, -128, -100, -128, -80, -128, -63, -128, -47, -128, -26, -108, -7, -84, 0, -59, 5, -31, 2, -9, -9, 15, -18, 35, -36, 54, -54, 60, 103, -102, 115, -103, 126, -89, 127, -82, 127, -75, 127, -60, 127, -45, 127, -37, 125, -29, 114, -33, 89, -38, 69, -47, 64, -53, 57, -70, 44, -82, 31, -94, 27, -103, 19, -113, 17, -109, 2, -110, -12, -117, -31, -123, -63, -128, -74, -128, -94, -128, -113, -128]",esp32_1
CSI_DATA,116014,2025-08-27 15:24:22.906,0,walk,00:00:00:00:00:00,-63,11,0,0,0,0,0,0,0,0,0,-97,0,1,0,3474148434,0,14,0,0,0,104,0,"[0, 0, 127, -127, 127, -122, 127, -112, 127, -112, 127, -105, 127, -102, 127, -100, 127, -101, 127, -103, 127, -101, 127, -104, 127, -98, 127, -90, 127, -77, 126, -61, 111, -44, 99, -29, 81, -15, 58, -3, 36, 2, 7, 2, -16, -3, -32, -16, -44, -28, -49, -47, 93, 88, 89, 100, 84, 114, 76, 123, 67, 127, 57, 127, 42, 127, 34, 127, 27, 111, 31, 91, 39, 80, 43, 67, 55, 48, 68, 38, 80, 31, 88, 35, 94, 33, 103, 24, 104, 9, 103, -1, 103, -20, 109, -37, 116, -46, 123, -76, 127, -96, 127, -100]",esp32_1
CSI_DATA,116015,2025-08-27 15:24:22.928,0,walk,00:00:00:00:00:00,-64,11,0,0,0,0,0,0,0,0,0,-97,0,1,0,3474158809,0,14,0,0,0,104,0,"[0, 0, 15, -128, 26, -128, 29, -128, 32, -128, 33, -128, 32, -128, 22, -128, 12, -128, 7, -128, 2, -128, 4, -128, 8, -128, 7, -128, 23, -128, 29, -128, 37, -128, 45, -109, 45, -78, 38, -55, 26, -28, 6, -10, -15, 6, -33, 14, -54, 22, -72, 14, 127, -28, 127, -17, 127, -5, 127, 8, 127, 23, 127, 40, 127, 43, 127, 45, 113, 41, 105, 23, 92, 14, 83, -5, 86, -22, 91, -38, 92, -53, 86, -55, 85, -67, 83, -76, 83, -81, 71, -90, 56, -99, 46, -116, 23, -128, 19, -128, 12, -128, 0, -128]",esp32_1
CSI_DATA,118585,2025-08-27 15:24:22.942,0,walk,00:00:00:00:00:00,-41,11,0,0,0,0,0,0,0,0,0,-97,0,1,0,333855517,0,14,0,0,0,104,0,"[0, 0, -128, -128, -128, -128, -128, -128, -128, -128, -128, -128, -128, -128, -128, -128, -128, -128, -128, -128, -128, -128, -109, -128, -75, -128, -43, -128, -13, -118, 11, -68, 25, -15, 29, 33, 22, 75, 5, 109, -15, 127, -37, 127, -57, 127, -69, 127, -75, 117, -76, 104, 127, 127, 127, 127, 127, 127, 121, 127, 94, 127, 72, 127, 56, 127, 50, 83, 51, 35, 59, -14, 72, -58, 89, -95, 108, -128, 127, -128, 127, -128, 127, -128, 127, -128, 127, -128, 127, -128, 127, -128, 127, -128, 106, -128, 75, -128, 39, -128, 0, -128, -31, -128]",esp32_2
CSI_DATA,118586,2025-08-27 15:24:22.974,0,walk,00:00:00:00:00:00,-41,11,0,0,0,0,0,0,0,0,0,-97,0,1,0,333879887,0,14,0,252,106,104,0,"[0, 0, 127, 127, 127, 127, 127, 127, 127, 127, 127, 127, 127, 127, 127, 127, 127, 127, 127, 127, 127, 127, 118, 127, 83, 127, 51, 127, 23, 113, -3, 65, -21, 14, -30, -35, -27, -79, -15, -116, 1, -128, 20, -128, 42, -128, 57, -128, 64, -128, 67, -115, -128, -128, -128, -128, -128, -128, -100, -128, -72, -128, -49, -128, -34, -128, -27, -93, -29, -42, -43, 9, -62, 57, -84, 97, -108, 127, -128, 127, -128, 127, -128, 127, -128, 127, -128, 127, -128, 127, -128, 127, -124, 127, -92, 127, -57, 127, -17, 127, 29, 127, 63, 127]",esp32_2
CSI_DATA,118587,2025-08-27 15:24:22.992,0,walk,00:00:00:00:00:00,-41,11,0,0,0,0,0,0,0,0,0,-97,0,1,0,333915903,0,14,0,252,106,104,0,"[0, 0, -128, 65, -128, 82, -128, 95, -128, 101, -128, 102, -128, 99, -128, 92, -128, 84, -128, 74, -128, 60, -128, 40, -128, 20, -128, 1, -93, -16, -47, -31, -2, -41, 40, -44, 76, -39, 106, -29, 124, -18, 127, -6, 127, 7, 127, 15, 121, 20, 110, 23, 127, 127, 127, 127, 127, 127, 127, 127, 127, 127, 93, 127, 57, 127, 27, 98, 2, 50, -17, -3, -29, -56, -36, -104, -38, -128, -36, -128, -34, -128, -32, -128, -32, -128, -38, -128, -46, -128, -59, -128, -80, -128, -108, -128, -128, -122, -128, -85, -128, -49, -128, -24]",esp32_2
CSI_DATA,116017,2025-08-27 15:24:23.024,0,walk,00:00:00:00:00:00,-64,11,0,0,0,0,0,0,0,0,0,-97,0,1,0,3474178454,0,14,0,0,0,104,0,"[0, 0, 127, 127, 127, 127, 127, 127, 127, 127, 127, 127, 127, 127, 127, 125, 127, 114, 127, 105, 127, 94, 127, 100, 127, 96, 127, 96, 127, 100, 120, 102, 96, 100, 73, 93, 47, 78, 29, 60, 12, 36, -1, 18, -1, -9, 1, -29, 10, -59, 24, -70, -59, 125, -74, 127, -85, 122, -98, 118, -111, 110, -115, 104, -108, 86, -105, 79, -87, 70, -77, 68, -52, 71, -38, 76, -31, 82, -22, 91, -15, 100, -2, 111, 3, 113, 8, 112, 14, 105, 22, 101, 44, 89, 65, 87, 100, 92, 116, 94, 127, 95, 127, 106]",esp32_1
CSI_DATA,118588,2025-08-27 15:24:23.024,0,walk,00:00:00:00:00:00,-41,11,0,0,0,0,0,0,0,0,0,-97,0,1,0,333941928,0,14,0,0,0,104,0,"[0, 0, 127, -128, 127, -128, 127, -128, 127, -128, 127, -128, 127, -128, 127, -128, 127, -128, 127, -128, 127, -128, 127, -128, 122, -128, 101, -89, 77, -45, 51, -5, 23, 32, -5, 62, -35, 83, -62, 97, -82, 103, -96, 102, -102, 97, -102, 87, -97, 76, -92, 68, -128, -19, -128, -41, -128, -66, -128, -84, -128, -95, -128, -98, -122, -90, -68, -71, -17, -43, 32, -8, 76, 32, 112, 72, 127, 109, 127, 127, 127, 127, 127, 127, 127, 127, 127, 127, 127, 127, 127, 127, 127, 104, 127, 57, 127, 3, 127, -58, 127, -116, 127, -128]",esp32_2
CSI_DATA,116018,2025-08-27 15:24:23.047,0,walk,00:00:00:00:00:00,-64,11,0,0,0,0,0,0,0,0,0,-97,0,1,0,3474188418,0,14,0,0,0,104,0,"[0, 0, -128, 55, -128, 44, -128, 26, -128, 25, -128, 19, -128, 21, -128, 21, -128, 33, -128, 33, -128, 45, -128, 48, -128, 51, -128, 47, -128, 36, -128, 28, -128, 11, -121, -5, -95, -14, -74, -22, -47, -17, -18, -16, 7, 0, 21, 18, 30, 38, 35, 55, -48, -126, -38, -128, -28, -128, -18, -128, -6, -128, 6, -128, 13, -128, 15, -128, 8, -114, 2, -98, -16, -91, -29, -81, -42, -73, -60, -75, -66, -71, -82, -80, -87, -85, -87, -78, -86, -60, -93, -43, -94, -30, -106, -10, -128, 5, -128, 32, -128, 50, -128, 46]",esp32_1
CSI_DATA,118589,2025-08-27 15:24:23.057,0,walk,00:00:00:00:00:00,-42,11,0,0,0,0,0,0,0,0,0,-97,0,1,0,333970525,0,14,0,0,0,104,0,"[0, 0, 127, -128, 127, -128, 127, -128, 127, -128, 127, -128, 127, -128, 127, -128, 127, -120, 127, -105, 127, -86, 127, -63, 127, -40, 107, -17, 74, 5, 41, 23, 7, 36, -25, 46, -54, 48, -78, 45, -94, 41, -102, 34, -104, 26, -101, 19, -94, 14, -87, 10, -128, -51, -128, -67, -128, -84, -128, -92, -128, -93, -105, -86, -67, -68, -30, -43, 4, -11, 34, 25, 59, 63, 79, 98, 93, 127, 104, 127, 109, 127, 110, 127, 113, 127, 118, 127, 121, 127, 123, 127, 127, 127, 127, 101, 127, 64, 127, 22, 127, -18, 127, -44]",esp32_2
CSI_DATA,116019,2025-08-27 15:24:23.078,0,walk,00:00:00:00:00:00,-64,11,0,0,0,0,0,0,0,0,0,-97,0,1,0,3474198466,0,14,0,0,0,104,0,"[0, 0, -128, 98, -128, 87, -128, 74, -128, 71, -128, 63, -128, 63, -128, 63, -128, 72, -128, 76, -128, 79, -128, 85, -128, 83, -128, 79, -128, 71, -128, 58, -124, 40, -122, 23, -97, 7, -73, -3, -51, -9, -19, -14, 4, -4, 23, 7, 36, 23, 43, 45, -65, -118, -57, -128, -51, -128, -41, -128, -30, -128, -17, -128, -11, -128, -5, -128, -10, -110, -20, -93, -34, -89, -45, -77, -54, -67, -71, -65, -83, -65, -93, -69, -92, -70, -98, -65, -93, -46, -93, -29, -93, -7, -102, 17, -116, 27, -128, 60, -128, 84, -128, 84]",esp32_1
CSI_DATA,118590,2025-08-27 15:24:23.089,0,walk,00:00:00:00:00:00,-41,11,0,0,0,0,0,0,0,0,0,-97,0,1,0,334000155,0,14,0,0,0,104,0,"[0, 0, -128, -76, -128, -75, -128, -76, -128, -79, -128, -80, -128, -81, -128, -82, -128, -82, -128, -82, -128, -81, -128, -81, -128, -78, -123, -70, -80, -58, -36, -43, 4, -21, 36, 5, 57, 34, 70, 64, 75, 88, 70, 107, 60, 118, 48, 122, 36, 119, 26, 113, 127, -76, 127, -49, 127, -18, 127, 4, 127, 18, 127, 22, 106, 13, 62, -9, 21, -40, -14, -78, -41, -121, -57, -128, -67, -128, -73, -128, -77, -128, -78, -128, -78, -128, -81, -128, -88, -128, -100, -128, -120, -128, -128, -128, -128, -128, -128, -128, -128, -117, -128, -107]",esp32_2
CSI_DATA,116020,2025-08-27 15:24:23.102,0,walk,00:00:00:00:00:00,-64,11,0,0,0,0,0,0,0,0,0,-97,0,1,0,3474208452,0,14,0,0,0,104,0,"[0, 0, -128, -128, -128, -128, -128, -128, -128, -128, -128, -128, -128, -128, -128, -121, -128, -101, -128, -91, -128, -78, -128, -83, -128, -82, -128, -80, -128, -88, -123, -93, -100, -89, -80, -91, -57, -79, -35, -66, -15, -43, -1, -28, 5, -3, 8, 20, 5, 44, -9, 61, 67, -115, 83, -116, 89, -112, 102, -107, 109, -99, 110, -89, 106, -77, 97, -70, 81, -63, 73, -66, 54, -72, 37, -80, 31, -85, 27, -101, 22, -104, 10, -117, 6, -117, 4, -113, 0, -103, -11, -96, -30, -88, -55, -84, -92, -79, -114, -79, -128, -85, -128, -107]",esp32_1
CSI_DATA,116021,2025-08-27 15:24:23.122,0,walk,00:00:00:00:00:00,-68,11,0,0,0,0,0,0,0,0,0,-97,0,1,0,3474218754,0,14,0,0,0,104,0,"[0, 0, 36, 127, 35, 127, 41, 127, 26, 127, 34, 127, 41, 127, 51, 127, 65, 127, 74, 127, 80, 127, 93, 127, 103, 127, 96, 127, 87, 127, 66, 127, 55, 127, 31, 127, 10, 125, -11, 98, -25, 68, -21, 29, -17, -3, 1, -43, 17, -82, 46, -101, -128, -8, -128, -19, -128, -34, -128, -47, -128, -51, -119, -58, -114, -49, -105, -46, -89, -38, -94, -23, -83, -13, -87, 8, -97, 17, -98, 28, -96, 33, -87, 46, -82, 43, -72, 46, -75, 57, -59, 61, -36, 66, -19, 82, 17, 96, 17, 122, 29, 127, 51, 127]",esp32_1
CSI_DATA,116022,2025-08-27 15:24:23.144,0,walk,00:00:00:00:00:00,-66,11,0,0,0,0,0,0,0,0,0,-97,0,1,0,3474229064,0,14,0,0,0,104,0,"[0, 0, 127, 127, 127, 127, 127, 127, 127, 127, 125, 127, 119, 127, 126, 110, 127, 86, 127, 77, 127, 77, 127, 82, 127, 81, 127, 82, 127, 84, 127, 97, 106, 102, 82, 101, 45, 87, 22, 73, 5, 46, -12, 26, -18, -6, -17, -25, -14, -57, 0, -75, -110, 77, -118, 74, -120, 64, -128, 62, -128, 51, -128, 44, -120, 36, -109, 33, -96, 45, -86, 43, -77, 52, -64, 67, -61, 72, -59, 84, -60, 92, -46, 98, -41, 94, -38, 95, -28, 83, -6, 75, 25, 74, 54, 69, 87, 81, 105, 96, 127, 110, 127, 127]",esp32_1
CSI_DATA,116023,2025-08-27 15:24:23.167,0,walk,00:00:00:00:00:00,-64,11,0,0,0,0,0,0,0,0,0,-97,0,1,0,3474238495,0,14,0,0,0,104,0,"[0, 0, 127, 48, 127, 57, 127, 63, 127, 56, 127, 43, 127, 29, 127, 15, 127, -2, 127, -18, 127, -30, 127, -28, 127, -26, 127, -22, 127, -7, 127, 7, 127, 25, 120, 38, 89, 43, 64, 43, 28, 31, 0, 26, -23, 6, -36, -17, -39, -44, -42, -61, -43, 119, -55, 125, -64, 121, -70, 122, -77, 111, -80, 107, -78, 101, -74, 98, -60, 92, -52, 83, -32, 89, -22, 97, -13, 90, -4, 97, 3, 96, 8, 106, 12, 100, 25, 94, 28, 70, 42, 57, 61, 39, 84, 28, 121, 22, 127, 13, 127, 10, 127, 27]",esp32_1
CSI_DATA,118592,2025-08-27 15:24:23.182,0,walk,00:00:00:00:00:00,-44,11,0,0,0,0,0,0,0,0,0,-97,0,1,0,334697772,0,14,0,0,0,104,0,"[0, 0, 127, 22, 127, 21, 127, 22, 127, 21, 127, 17, 127, 10, 127, 2, 127, -7, 127, -18, 127, -24, 122, -23, 83, -20, 44, -15, 5, -11, -34, -8, -71, -6, -103, -9, -128, -16, -128, -24, -128, -31, -128, -36, -128, -38, -128, -34, -115, -26, -101, -18, -103, -128, -83, -128, -58, -128, -35, -128, -16, -128, -3, -128, 3, -105, 0, -50, -13, 4, -34, 57, -59, 105, -85, 127, -112, 127, -128, 127, -128, 127, -128, 127, -128, 127, -128, 127, -113, 126, -69, 97, -16, 69, 48, 47, 116, 30, 127, 16, 127, 9, 127, 9]",esp32_2
CSI_DATA,116024,2025-08-27 15:24:23.190,0,walk,00:00:00:00:00:00,-64,11,0,0,0,0,0,0,0,0,0,-97,0,1,0,3474251003,0,14,0,0,0,104,0,"[0, 0, -128, -12, -128, -22, -128, -28, -128, -26, -128, -17, -128, -6, -128, 3, -128, 25, -128, 37, -128, 50, -128, 52, -128, 50, -128, 48, -128, 32, -128, 16, -128, -5, -124, -14, -97, -34, -67, -32, -33, -31, -3, -30, 21, -10, 39, 6, 49, 33, 50, 52, 23, -128, 37, -128, 46, -128, 54, -128, 67, -128, 70, -125, 69, -112, 68, -106, 52, -101, 45, -89, 23, -89, 10, -91, 2, -87, -12, -94, -20, -94, -31, -104, -37, -98, -43, -92, -41, -73, -54, -57, -67, -36, -90, -17, -127, -7, -128, 11, -128, 17, -128, 10]",esp32_1
CSI_DATA,118593,2025-08-27 15:24:23.204,0,walk,00:00:00:00:00:00,-42,11,0,0,0,0,0,0,0,0,0,-97,0,1,0,334708359,0,14,0,0,0,104,0,"[0, 0, 127, 127, 127, 127, 127, 127, 127, 127, 127, 127, 127, 127, 127, 127, 127, 127, 127, 127, 127, 94, 112, 67, 75, 43, 37, 20, 0, -1, -36, -19, -70, -35, -99, -49, -120, -63, -128, -74, -128, -79, -128, -81, -128, -78, -124, -66, -109, -51, -98, -38, 127, -89, 127, -74, 127, -54, 127, -35, 127, -18, 127, -2, 110, 10, 54, 16, -4, 15, -64, 6, -120, -6, -128, -20, -128, -38, -128, -58, -128, -71, -128, -78, -128, -80, -128, -74, -128, -58, -126, -35, -68, -1, -7, 40, 54, 87, 114, 127, 127, 127, 127, 127]",esp32_2
CSI_DATA,116025,2025-08-27 15:24:23.215,0,walk,00:00:00:00:00:00,-64,11,0,0,0,0,0,0,0,0,0,-97,0,1,0,3474258451,0,14,0,0,0,104,0,"[0, 0, -50, 127, -59, 127, -57, 127, -60, 127, -45, 127, -32, 127, -11, 127, 1, 127, 12, 127, 31, 127, 33, 127, 33, 127, 35, 127, 13, 127, -2, 127, -16, 127, -31, 118, -41, 90, -42, 61, -40, 27, -23, -1, -4, -23, 15, -40, 34, -51, 57, -53, -124, -50, -125, -66, -123, -80, -118, -86, -116, -94, -105, -100, -94, -95, -85, -91, -76, -75, -82, -54, -82, -42, -81, -30, -92, -13, -100, 0, -100, 5, -102, 11, -97, 9, -90, 15, -82, 32, -64, 44, -45, 64, -35, 90, -14, 113, -13, 127, -11, 127, -7, 127]",esp32_1
CSI_DATA,116026,2025-08-27 15:24:23.237,0,walk,00:00:00:00:00:00,-65,11,0,0,0,0,0,0,0,0,0,-97,0,1,0,3474283389,0,14,0,0,0,104,0,"[0, 0, -128, -128, -128, -128, -128, -128, -128, -128, -128, -122, -128, -107, -128, -90, -128, -74, -128, -63, -128, -59, -128, -60, -128, -64, -128, -72, -128, -81, -128, -91, -121, -96, -83, -89, -50, -82, -24, -64, -2, -37, 16, -16, 22, 14, 23, 38, 23, 69, 8, 90, 89, -111, 101, -112, 110, -105, 115, -101, 127, -93, 127, -87, 121, -75, 118, -68, 105, -65, 100, -65, 75, -68, 60, -74, 56, -75, 43, -84, 40, -89, 18, -94, 9, -94, -5, -96, -13, -82, -33, -75, -61, -73, -88, -74, -128, -83, -128, -87, -128, -98, -128, -115]",esp32_1
CSI_DATA,118594,2025-08-27 15:24:23.237,0,walk,00:00:00:00:00:00,-42,11,0,0,0,0,0,0,0,0,0,-97,0,1,0,334717787,0,14,0,0,0,104,0,"[0, 0, 127, -21, 127, -29, 127, -40, 127, -50, 127, -58, 127, -65, 127, -71, 127, -77, 127, -77, 127, -69, 127, -53, 98, -33, 56, -11, 19, 13, -17, 39, -49, 65, -76, 86, -101, 103, -122, 115, -128, 121, -128, 122, -128, 116, -119, 107, -100, 97, -83, 89, 127, -128, 127, -128, 127, -128, 127, -119, 127, -95, 127, -66, 127, -35, 92, -5, 39, 23, -20, 47, -79, 67, -128, 81, -128, 89, -128, 92, -128, 94, -128, 92, -128, 84, -128, 75, -128, 64, -128, 49, -70, 35, 4, 25, 83, 16, 127, 7, 127, 0, 127, -1]",esp32_2
CSI_DATA,116027,2025-08-27 15:24:23.262,0,walk,00:00:00:00:00:00,-64,11,0,0,0,0,0,0,0,0,0,-97,0,1,0,3474308816,0,14,0,0,0,104,0,"[0, 0, -128, -94, -128, -96, -128, -97, -128, -94, -128, -81, -128, -72, -128, -64, -128, -49, -128, -45, -128, -37, -128, -40, -128, -47, -128, -46, -128, -58, -128, -65, -108, -67, -83, -64, -60, -58, -31, -44, -11, -24, 6, -13, 19, 13, 21, 33, 22, 63, 14, 74, 52, -122, 68, -128, 79, -121, 90, -119, 102, -115, 105, -104, 104, -91, 99, -85, 84, -74, 77, -71, 58, -72, 43, -74, 34, -74, 24, -82, 10, -83, -10, -91, -15, -89, -24, -90, -30, -73, -43, -69, -64, -59, -88, -55, -121, -58, -128, -48, -128, -60, -128, -73]",esp32_1
CSI_DATA,118595,2025-08-27 15:24:23.264,0,walk,00:00:00:00:00:00,-42,11,0,0,0,0,0,0,0,0,0,-97,0,1,0,334727722,0,14,0,0,0,104,0,"[0, 0, 72, -128, 69, -128, 62, -128, 53, -128, 41, -128, 29, -128, 16, -128, 5, -128, -4, -128, -10, -128, -10, -128, -4, -94, 4, -59, 15, -25, 26, 8, 39, 38, 49, 64, 56, 87, 61, 105, 62, 116, 62, 121, 60, 119, 56, 110, 51, 97, 48, 86, -62, -128, -55, -128, -45, -128, -34, -128, -21, -128, -7, -128, 5, -126, 15, -89, 23, -47, 28, -2, 29, 44, 27, 86, 24, 122, 20, 127, 15, 127, 10, 127, 6, 127, 4, 127, 5, 127, 7, 112, 12, 68, 19, 17, 27, -39, 38, -96, 48, -128, 55, -128]",esp32_2
CSI_DATA,116028,2025-08-27 15:24:23.279,0,walk,00:00:00:00:00:00,-65,11,0,0,0,0,0,0,0,0,0,-97,0,1,0,3474346589,0,14,0,0,0,104,0,"[0, 0, 127, -48, 127, -38, 127, -24, 127, -24, 127, -23, 127, -25, 127, -27, 127, -42, 127, -51, 127, -54, 127, -59, 127, -52, 127, -51, 127, -41, 127, -26, 127, -5, 113, 3, 85, 11, 59, 17, 33, 12, 1, 8, -20, -6, -36, -25, -45, -49, -47, -69, 31, 127, 19, 127, 9, 127, -5, 127, -17, 127, -29, 127, -38, 127, -34, 127, -30, 123, -22, 102, -1, 97, 13, 89, 25, 76, 41, 80, 52, 80, 71, 83, 70, 83, 78, 77, 77, 57, 86, 41, 96, 21, 112, -3, 127, -12, 127, -38, 127, -56, 127, -48]",esp32_1
CSI_DATA,118596,2025-08-27 15:24:23.290,0,walk,00:00:00:00:00:00,-42,11,0,0,0,0,0,0,0,0,0,-97,0,1,0,334737714,0,14,0,76,19,104,0,"[0, 0, -128, -128, -128, -128, -128, -128, -128, -128, -128, -128, -128, -128, -128, -128, -128, -128, -128, -128, -127, -128, -106, -128, -78, -110, -47, -76, -14, -42, 19, -9, 51, 23, 77, 53, 94, 82, 107, 107, 113, 124, 115, 127, 110, 127, 99, 127, 87, 119, 78, 109, -128, 5, -128, -8, -128, -24, -128, -37, -128, -48, -128, -55, -128, -56, -116, -52, -64, -40, -9, -20, 45, 7, 92, 34, 127, 61, 127, 87, 127, 109, 127, 121, 127, 126, 127, 121, 127, 105, 127, 77, 103, 38, 66, -9, 28, -63, -10, -121, -46, -128, -70, -128]",esp32_2
CSI_DATA,116029,2025-08-27 15:24:23.300,0,walk,00:00:00:00:00:00,-65,11,0,0,0,0,0,0,0,0,0,-97,0,1,0,3474405665,0,14,0,0,0,104,0,"[0, 0, 127, -23, 127, 2, 127, 12, 127, 10, 127, 16, 127, 8, 127, -2, 127, -15, 127, -30, 127, -40, 127, -44, 127, -50, 127, -47, 127, -38, 127, -25, 127, -10, 117, 7, 92, 17, 69, 20, 44, 19, 18, 14, -5, 4, -18, -16, -32, -35, -29, -54, 18, 127, 9, 127, 0, 127, -10, 127, -22, 127, -27, 127, -29, 124, -26, 111, -21, 102, -12, 89, 9, 88, 23, 85, 31, 76, 43, 84, 54, 83, 63, 90, 61, 90, 70, 89, 68, 69, 70, 54, 75, 34, 94, 13, 121, 1, 127, -22, 127, -36, 127, -28]",esp32_1
CSI_DATA,118597,2025-08-27 15:24:23.317,0,walk,00:00:00:00:00:00,-41,11,0,0,0,0,0,0,0,0,0,-97,0,1,0,334747749,0,14,0,0,0,104,0,"[0, 0, -128, 35, -128, 43, -128, 51, -128, 55, -128, 57, -128, 60, -128, 63, -128, 66, -128, 68, -128, 64, -128, 53, -128, 40, -96, 24, -51, 5, -6, -12, 39, -26, 80, -35, 116, -37, 127, -36, 127, -31, 127, -24, 127, -18, 127, -14, 127, -10, 127, -6, 42, 127, 24, 127, 2, 127, -16, 127, -32, 127, -45, 127, -51, 127, -47, 124, -37, 69, -20, 11, 4, -44, 31, -93, 62, -128, 93, -128, 117, -128, 127, -128, 127, -128, 127, -128, 115, -128, 85, -128, 41, -124, -10, -98, -67, -70, -128, -43, -128, -22, -128, -10]",esp32_2
CSI_DATA,116030,2025-08-27 15:24:23.328,0,walk,00:00:00:00:00:00,-65,11,0,0,0,0,0,0,0,0,0,-97,0,1,0,3474430710,0,14,0,0,0,104,0,"[0, 0, 127, -65, 127, -48, 127, -34, 127, -29, 127, -26, 127, -30, 127, -39, 127, -53, 127, -70, 127, -86, 127, -99, 127, -104, 127, -103, 127, -86, 127, -70, 127, -40, 127, -16, 127, 5, 96, 20, 61, 25, 27, 22, -3, 13, -26, -4, -47, -17, -54, -41, 42, 127, 34, 127, 19, 127, 10, 127, -1, 127, -9, 127, -9, 127, -14, 127, -4, 121, 14, 114, 23, 102, 37, 97, 57, 101, 81, 102, 87, 105, 85, 100, 84, 96, 87, 91, 97, 76, 98, 60, 104, 37, 119, 2, 126, -25, 127, -50, 127, -69, 127, -70]",esp32_1
CSI_DATA,116031,2025-08-27 15:24:23.351,0,walk,00:00:00:00:00:00,-65,11,0,0,0,0,0,0,0,0,0,-97,0,1,0,3474455968,0,14,0,0,0,104,0,"[0, 0, -128, 48, -128, 29, -128, 21, -128, 23, -128, 20, -128, 25, -128, 35, -128, 52, -128, 72, -128, 81, -128, 88, -128, 85, -128, 79, -128, 72, -128, 47, -128, 28, -128, 4, -116, -18, -85, -27, -54, -33, -20, -31, 9, -19, 32, -6, 44, 16, 53, 34, -22, -127, -12, -128, -7, -128, 0, -128, 7, -128, 13, -128, 13, -127, 13, -126, 5, -115, -5, -106, -21, -110, -35, -102, -41, -95, -53, -93, -53, -97, -64, -107, -62, -96, -66, -91, -65, -65, -69, -47, -81, -28, -93, 0, -123, 12, -128, 37, -128, 54, -128, 52]",esp32_1
CSI_DATA,116032,2025-08-27 15:24:23.374,0,walk,00:00:00:00:00:00,-65,11,0,0,0,0,0,0,0,0,0,-97,0,1,0,3474492237,0,14,0,0,0,104,0,"[0, 0, -128, -112, -128, -116, -128, -125, -128, -118, -128, -96, -128, -86, -128, -69, -128, -53, -128, -41, -128, -26, -128, -34, -128, -36, -128, -38, -128, -59, -128, -68, -128, -76, -104, -79, -72, -80, -42, -68, -13, -49, 11, -31, 25, -1, 35, 20, 35, 49, 30, 72, 76, -101, 89, -106, 90, -103, 103, -106, 111, -102, 119, -97, 109, -87, 109, -85, 98, -78, 97, -80, 76, -83, 66, -91, 60, -84, 51, -93, 42, -94, 22, -103, 13, -103, 5, -95, -3, -86, -24, -73, -46, -65, -68, -59, -111, -66, -128, -61, -128, -68, -128, -88]",esp32_1
CSI_DATA,116033,2025-08-27 15:24:23.394,0,walk,00:00:00:00:00:00,-65,11,0,0,0,0,0,0,0,0,0,-97,0,1,0,3474516869,0,14,0,0,0,104,0,"[0, 0, 127, 127, 127, 127, 127, 127, 127, 127, 127, 127, 127, 117, 127, 101, 127, 86, 127, 73, 127, 66, 127, 69, 127, 73, 127, 78, 127, 88, 127, 90, 121, 99, 90, 90, 57, 79, 34, 67, 9, 39, -8, 21, -17, -9, -22, -37, -13, -62, 2, -80, -82, 109, -95, 109, -105, 108, -116, 103, -124, 100, -125, 89, -122, 78, -123, 72, -113, 67, -103, 66, -85, 71, -62, 74, -62, 73, -50, 82, -36, 90, -24, 100, -18, 97, -6, 101, 5, 86, 20, 85, 43, 76, 76, 80, 110, 84, 127, 86, 127, 100, 127, 119]",esp32_1
CSI_DATA,118599,2025-08-27 15:24:23.394,0,walk,00:00:00:00:00:00,-42,11,0,0,0,0,0,0,0,0,0,-97,0,1,0,334767891,0,14,0,76,19,104,0,"[0, 0, 127, -128, 127, -128, 127, -128, 127, -128, 127, -128, 127, -128, 127, -128, 127, -128, 127, -128, 127, -128, 106, -128, 81, -105, 53, -70, 23, -37, -9, -6, -41, 22, -73, 44, -103, 55, -128, 60, -128, 59, -128, 54, -128, 45, -128, 34, -128, 25, -128, 21, -128, 81, -128, 62, -128, 38, -128, 16, -128, -3, -128, -19, -128, -29, -115, -28, -65, -16, -14, 4, 34, 32, 73, 63, 103, 95, 127, 127, 127, 127, 127, 127, 127, 127, 127, 127, 127, 127, 126, 117, 123, 73, 125, 23, 127, -34, 127, -96, 127, -128, 127, -128]",esp32_2
CSI_DATA,116034,2025-08-27 15:24:23.416,0,walk,00:00:00:00:00:00,-65,11,0,0,0,0,0,0,0,0,0,-97,0,1,0,3474563932,0,14,0,0,0,104,0,"[0, 0, 53, 127, 38, 127, 39, 127, 28, 127, 30, 127, 35, 127, 47, 127, 65, 127, 78, 127, 92, 127, 101, 127, 102, 127, 99, 127, 87, 127, 64, 127, 44, 127, 15, 127, -6, 110, -23, 74, -27, 44, -23, 15, -17, -11, -3, -39, 11, -62, 36, -71, -128, 13, -128, -1, -128, -13, -128, -26, -128, -35, -128, -45, -128, -53, -128, -57, -108, -43, -106, -29, -90, -8, -79, 12, -81, 25, -80, 43, -82, 57, -77, 65, -79, 75, -70, 82, -63, 85, -52, 90, -29, 98, -5, 115, 30, 127, 38, 127, 58, 127, 75, 127]",esp32_1
CSI_DATA,118600,2025-08-27 15:24:23.427,0,walk,00:00:00:00:00:00,-42,11,0,0,0,0,0,0,0,0,0,-97,0,1,0,334777692,0,14,0,76,19,104,0,"[0, 0, 127, 6, 127, 8, 127, 12, 127, 17, 127, 20, 127, 21, 127, 21, 127, 19, 127, 15, 127, 12, 127, 12, 111, 9, 74, 4, 39, -2, 3, -10, -30, -20, -56, -34, -76, -50, -89, -67, -95, -80, -94, -90, -87, -94, -77, -92, -67, -85, -58, -77, -128, -96, -128, -109, -128, -122, -128, -128, -128, -128, -120, -122, -91, -103, -64, -76, -40, -41, -22, 0, -9, 43, -3, 84, -3, 122, -9, 127, -14, 127, -21, 127, -26, 127, -25, 127, -18, 127, -4, 127, 20, 127, 52, 110, 90, 84, 127, 58, 127, 37, 127, 26]",esp32_2
CSI_DATA,116035,2025-08-27 15:24:23.437,0,walk,00:00:00:00:00:00,-65,11,0,0,0,0,0,0,0,0,0,-97,0,1,0,3474612825,0,14,0,0,0,104,0,"[0, 0, -128, 11, -128, 2, -128, -6, -128, -2, -128, 7, -128, 17, -128, 32, -128, 52, -128, 63, -128, 71, -128, 80, -128, 73, -128, 66, -128, 50, -128, 28, -128, 7, -128, -11, -97, -24, -68, -27, -35, -25, -5, -21, 19, -8, 36, 12, 42, 34, 44, 55, -7, -121, 4, -128, 11, -128, 14, -128, 28, -128, 28, -128, 28, -116, 23, -110, 16, -102, 6, -95, -12, -102, -24, -100, -29, -93, -42, -94, -48, -99, -55, -104, -56, -104, -58, -90, -60, -70, -66, -52, -81, -32, -92, -12, -125, 3, -128, 18, -128, 35, -128, 24]",esp32_1
CSI_DATA,116036,2025-08-27 15:24:23.459,0,walk,00:00:00:00:00:00,-65,11,0,0,0,0,0,0,0,0,0,-97,0,1,0,3474638508,0,14,0,0,0,104,0,"[0, 0, 127, 78, 127, 83, 127, 84, 127, 76, 127, 66, 127, 53, 127, 33, 127, 18, 127, -8, 127, -22, 127, -20, 127, -13, 127, 4, 127, 30, 127, 46, 127, 62, 127, 69, 87, 69, 56, 63, 21, 43, -10, 25, -31, -5, -41, -25, -43, -58, -31, -80, -51, 127, -65, 127, -69, 127, -83, 127, -81, 126, -93, 125, -83, 109, -79, 112, -73, 106, -54, 97, -41, 113, -22, 117, -19, 110, -6, 118, -2, 120, 4, 127, 9, 127, 19, 112, 30, 97, 48, 77, 77, 61, 99, 52, 127, 45, 127, 36, 127, 29, 127, 55]",esp32_1
CSI_DATA,118601,2025-08-27 15:24:23.469,0,walk,00:00:00:00:00:00,-41,11,0,0,0,0,0,0,0,0,0,-97,0,1,0,334788829,0,14,0,76,19,104,0,"[0, 0, 127, -34, 127, -32, 127, -26, 127, -17, 127, -4, 127, 6, 127, 13, 127, 15, 127, 15, 127, 14, 127, 14, 127, 10, 94, 2, 55, -10, 18, -24, -16, -42, -42, -61, -59, -83, -68, -106, -70, -121, -65, -128, -56, -128, -46, -128, -38, -122, -31, -114, -128, 73, -128, 54, -128, 30, -128, 9, -128, -9, -128, -21, -128, -24, -112, -19, -69, -3, -28, 24, 8, 57, 37, 92, 56, 127, 67, 127, 74, 127, 76, 127, 75, 127, 75, 127, 76, 127, 80, 127, 92, 127, 114, 127, 127, 91, 127, 53, 127, 20, 127, 1]",esp32_2
CSI_DATA,116037,2025-08-27 15:24:23.486,0,walk,00:00:00:00:00:00,-64,11,0,0,0,0,0,0,0,0,0,-97,0,1,0,3474661897,0,14,0,0,0,104,0,"[0, 0, -128, 127, -118, 127, -116, 127, -100, 127, -83, 127, -69, 127, -50, 127, -42, 127, -34, 127, -38, 127, -38, 127, -50, 127, -48, 127, -74, 127, -79, 127, -87, 127, -87, 94, -80, 64, -67, 41, -46, 14, -16, -7, 10, -20, 35, -24, 58, -21, 75, -11, -116, -62, -116, -64, -120, -86, -113, -84, -119, -92, -103, -91, -98, -88, -97, -86, -94, -76, -98, -60, -94, -54, -98, -44, -103, -31, -113, -21, -113, -15, -116, -6, -101, -13, -101, 3, -88, 19, -78, 41, -69, 66, -65, 99, -59, 120, -71, 127, -80, 127, -77, 127]",esp32_1
CSI_DATA,118602,2025-08-27 15:24:23.497,0,walk,00:00:00:00:00:00,-41,11,0,0,0,0,0,0,0,0,0,-97,0,1,0,334802949,0,14,0,76,19,104,0,"[0, 0, 127, -47, 127, -39, 127, -30, 127, -19, 127, -8, 127, 3, 127, 11, 127, 16, 127, 18, 127, 17, 127, 15, 127, 9, 103, -2, 64, -17, 28, -35, -2, -56, -23, -78, -36, -100, -41, -121, -41, -128, -37, -128, -28, -128, -20, -128, -14, -126, -10, -116, -128, 127, -128, 127, -128, 127, -128, 101, -128, 76, -128, 52, -128, 35, -107, 28, -63, 31, -18, 43, 24, 63, 59, 86, 83, 111, 101, 127, 114, 127, 119, 127, 123, 127, 127, 127, 127, 127, 127, 127, 127, 101, 127, 70, 127, 39, 127, 7, 127, -19, 127, -33]",esp32_2
CSI_DATA,116038,2025-08-27 15:24:23.510,0,walk,00:00:00:00:00:00,-63,11,0,0,0,0,0,0,0,0,0,-97,0,1,0,3474687180,0,14,0,0,0,104,0,"[0, 0, -128, 127, -128, 119, -128, 110, -128, 109, -128, 108, -128, 114, -128, 116, -126, 125, -126, 127, -121, 127, -124, 127, -128, 127, -128, 124, -128, 105, -128, 82, -126, 60, -116, 35, -95, 13, -70, -4, -38, -12, -8, -16, 20, -11, 38, 0, 55, 14, 61, 31, -80, -88, -78, -101, -73, -116, -69, -117, -63, -123, -56, -119, -51, -113, -48, -112, -47, -101, -54, -88, -60, -88, -66, -79, -68, -64, -79, -62, -84, -58, -90, -57, -85, -50, -87, -40, -84, -16, -83, 3, -83, 25, -90, 52, -102, 67, -122, 97, -128, 120, -128, 118]",esp32_1
CSI_DATA,118603,2025-08-27 15:24:23.520,0,walk,00:00:00:00:00:00,-42,11,0,0,0,0,0,0,0,0,0,-97,0,1,0,334807744,0,14,0,76,19,104,0,"[0, 0, 127, 127, 127, 127, 127, 127, 127, 127, 127, 127, 127, 127, 127, 127, 127, 117, 127, 100, 127, 83, 127, 67, 102, 49, 76, 27, 51, 6, 28, -16, 10, -40, -1, -62, -6, -81, -8, -98, -7, -108, -3, -111, 2, -108, 4, -101, 3, -91, 3, -83, -128, -38, -128, -57, -128, -76, -128, -88, -128, -93, -128, -90, -98, -76, -69, -52, -44, -21, -26, 14, -14, 52, -9, 86, -10, 115, -13, 127, -17, 127, -20, 127, -18, 127, -7, 127, 9, 127, 32, 127, 63, 112, 102, 102, 127, 95, 127, 92, 127, 96, 127, 105]",esp32_2
CSI_DATA,116039,2025-08-27 15:24:23.530,0,walk,00:00:00:00:00:00,-64,11,0,0,0,0,0,0,0,0,0,-97,0,1,0,3474721653,0,14,0,0,0,104,0,"[0, 0, 117, -128, 112, -128, 109, -128, 103, -128, 95, -128, 84, -128, 67, -128, 59, -128, 38, -128, 21, -128, 25, -128, 28, -128, 36, -128, 56, -128, 65, -128, 69, -121, 70, -85, 69, -66, 59, -40, 36, -14, 12, 3, -10, 11, -33, 19, -52, 18, -69, 8, 121, 45, 121, 58, 121, 73, 115, 81, 114, 90, 102, 91, 86, 92, 91, 95, 80, 85, 84, 59, 81, 46, 84, 35, 91, 19, 101, 11, 101, 12, 95, 7, 94, 0, 91, -16, 82, -32, 79, -39, 70, -63, 67, -90, 53, -115, 53, -128, 64, -128, 72, -128]",esp32_1
CSI_DATA,116040,2025-08-27 15:24:23.552,0,walk,00:00:00:00:00:00,-65,11,0,0,0,0,0,0,0,0,0,-97,0,1,0,3474746063,0,14,0,0,0,104,0,"[0, 0, 127, 127, 127, 127, 127, 127, 125, 127, 125, 127, 117, 127, 127, 123, 127, 119, 127, 100, 127, 87, 127, 92, 127, 104, 127, 114, 127, 127, 108, 126, 90, 124, 55, 106, 29, 95, 9, 75, -1, 42, -8, 14, -12, -19, -5, -41, 4, -63, 24, -76, -95, 113, -106, 101, -126, 101, -125, 88, -128, 87, -128, 75, -128, 57, -128, 56, -115, 49, -101, 63, -78, 69, -64, 71, -60, 86, -53, 95, -50, 98, -42, 100, -39, 88, -15, 100, -1, 97, 12, 100, 41, 100, 66, 105, 102, 104, 127, 119, 127, 127, 127, 127]",esp32_1
CSI_DATA,118604,2025-08-27 15:24:23.552,0,walk,00:00:00:00:00:00,-42,11,0,0,0,0,0,0,0,0,0,-97,0,1,0,334817695,0,14,0,76,19,104,0,"[0, 0, -128, 127, -128, 127, -128, 127, -128, 127, -128, 127, -128, 127, -128, 127, -128, 127, -128, 127, -120, 127, -90, 127, -61, 117, -31, 89, -3, 61, 24, 36, 51, 13, 76, -4, 99, -15, 119, -21, 127, -22, 127, -20, 127, -15, 125, -7, 112, -2, 100, 2, 127, -126, 127, -103, 127, -72, 127, -44, 127, -18, 127, 4, 127, 16, 100, 15, 41, 5, -16, -17, -65, -49, -103, -84, -128, -118, -128, -128, -128, -128, -128, -128, -128, -128, -128, -128, -128, -115, -122, -66, -118, -8, -123, 57, -128, 125, -128, 127, -128, 127, -128, 127]",esp32_2
CSI_DATA,116041,2025-08-27 15:24:23.574,0,walk,00:00:00:00:00:00,-64,11,0,0,0,0,0,0,0,0,0,-97,0,1,0,3474783689,0,14,0,0,0,104,0,"[0, 0, 127, 127, 127, 127, 127, 127, 127, 127, 127, 117, 127, 97, 127, 83, 127, 73, 127, 60, 127, 56, 127, 65, 127, 73, 127, 74, 127, 91, 127, 94, 108, 94, 74, 94, 47, 79, 25, 63, 3, 40, 2, 9, -8, -16, -6, -40, -1, -65, 14, -75, -57, 115, -69, 120, -79, 111, -89, 114, -99, 112, -106, 103, -101, 93, -102, 87, -90, 75, -78, 83, -65, 75, -52, 74, -44, 86, -31, 91, -21, 92, -14, 88, -5, 86, 14, 89, 26, 90, 38, 87, 63, 84, 85, 86, 113, 80, 127, 98, 127, 107, 127, 116]",esp32_1
CSI_DATA,116042,2025-08-27 15:24:23.594,0,walk,00:00:00:00:00:00,-64,11,0,0,0,0,0,0,0,0,0,-97,0,1,0,3474820355,0,14,0,0,0,104,0,"[0, 0, -77, -128, -70, -128, -73, -128, -68, -128, -75, -128, -86, -128, -97, -128, -111, -128, -118, -128, -126, -128, -128, -128, -122, -128, -115, -128, -88, -128, -68, -128, -45, -128, -17, -124, 8, -93, 13, -65, 19, -31, 11, -6, 1, 22, -14, 43, -30, 67, -52, 72, 122, -58, 127, -54, 127, -42, 127, -35, 127, -31, 127, -21, 127, -15, 127, -9, 127, -10, 127, -19, 111, -25, 98, -35, 100, -39, 96, -49, 88, -51, 75, -66, 57, -67, 48, -75, 38, -75, 18, -83, -3, -94, -26, -117, -53, -128, -60, -128, -75, -128, -87, -128]",esp32_1
