type,seq,timestamp,taget_seq,taget,mac,rssi,rate,sig_mode,mcs,cwb,smoothing,not_sounding,aggregation,stbc,fec_coding,sgi,noise_floor,ampdu_cnt,channel_primary,channel_secondary,local_timestamp,ant,sig_len,rx_state,agc_gain,fft_gain,len,first_word_invalid,data,device_id
CSI_DATA,117310,2025-08-27 15:23:46.308,0,walk,00:00:00:00:00:00,-41,11,0,0,0,0,0,0,0,0,0,-97,0,1,0,296923933,0,14,0,0,0,104,0,"[0, 0, 127, -128, 127, -128, 127, -128, 127, -128, 127, -128, 127, -128, 127, -128, 127, -128, 127, -128, 127, -128, 127, -128, 127, -128, 127, -85, 127, -38, 127, 9, 127, 52, 127, 87, 123, 115, 117, 127, 109, 127, 99, 127, 89, 127, 81, 118, 75, 97, 72, 79, 127, -86, 127, -77, 127, -68, 127, -60, 127, -52, 127, -43, 127, -33, 125, -24, 104, -15, 81, -8, 58, -1, 40, 6, 28, 13, 20, 19, 15, 23, 15, 26, 23, 27, 38, 23, 59, 15, 82, 2, 110, -14, 127, -35, 127, -61, 127, -89, 127, -118, 127, -128]",esp32_2
CSI_DATA,114775,2025-08-27 15:23:46.314,0,walk,00:00:00:00:00:00,-65,11,0,0,0,0,0,0,0,0,0,-97,0,1,0,3437766435,0,14,0,0,0,104,0,"[0, 0, 127, 127, 127, 127, 127, 127, 127, 127, 127, 127, 127, 127, 127, 111, 127, 80, 127, 50, 127, 25, 127, 14, 127, 8, 127, 6, 127, 13, 127, 26, 127, 43, 127, 47, 96, 49, 68, 44, 36, 24, 8, 4, -5, -23, -13, -52, -9, -91, 9, -114, -55, 127, -63, 127, -73, 127, -74, 127, -85, 124, -83, 124, -81, 110, -78, 110, -64, 102, -59, 97, -40, 104, -23, 104, -12, 102, 1, 110, 5, 107, 24, 121, 28, 115, 40, 115, 45, 92, 67, 79, 90, 70, 127, 57, 127, 59, 127, 62, 127, 65, 127, 92]",esp32_1
CSI_DATA,117311,2025-08-27 15:23:46.330,0,walk,00:00:00:00:00:00,-44,11,0,0,0,0,0,0,0,0,0,-97,0,1,0,296959106,0,14,0,0,0,104,0,"[0, 0, -128, -128, -128, -128, -128, -128, -128, -128, -128, -128, -128, -128, -128, -128, -128, -128, -128, -128, -128, -128, -128, -128, -94, -128, -47, -118, 1, -77, 45, -33, 84, 15, 114, 63, 127, 108, 127, 127, 127, 127, 119, 127, 100, 127, 77, 127, 57, 127, 44, 127, -128, 127, -128, 126, -128, 114, -128, 104, -128, 95, -128, 86, -128, 81, -110, 79, -73, 80, -37, 85, -2, 92, 28, 97, 54, 101, 77, 105, 95, 102, 108, 93, 115, 82, 115, 67, 107, 46, 93, 19, 76, -11, 56, -43, 34, -78, 9, -110, -20, -128, -43, -128]",esp32_2
CSI_DATA,114776,2025-08-27 15:23:46.339,0,walk,00:00:00:00:00:00,-64,11,0,0,0,0,0,0,0,0,0,-97,0,1,0,3437792087,0,14,0,0,0,104,0,"[0, 0, -128, -128, -128, -128, -128, -128, -128, -128, -128, -112, -128, -101, -128, -92, -128, -75, -128, -72, -128, -67, -128, -75, -128, -81, -128, -90, -128, -105, -128, -112, -128, -117, -106, -115, -74, -107, -48, -93, -25, -72, -11, -49, -2, -23, 4, 2, -7, 28, -16, 47, 33, -101, 41, -108, 51, -114, 59, -119, 66, -125, 74, -123, 76, -116, 85, -118, 80, -110, 86, -104, 69, -105, 58, -104, 59, -94, 50, -102, 42, -103, 25, -114, 20, -111, 9, -112, 5, -101, -11, -96, -26, -86, -47, -86, -76, -87, -93, -87, -121, -90, -128, -103]",esp32_1
CSI_DATA,117312,2025-08-27 15:23:46.350,0,walk,00:00:00:00:00:00,-39,11,0,0,0,0,0,0,0,0,0,-97,0,1,0,297010753,0,14,0,0,0,104,0,"[0, 0, 55, 127, 66, 127, 76, 127, 79, 127, 77, 127, 70, 127, 59, 127, 44, 127, 26, 127, 5, 127, -20, 117, -46, 80, -69, 39, -90, -2, -107, -40, -121, -74, -128, -105, -128, -128, -126, -128, -120, -128, -112, -128, -101, -128, -90, -128, -83, -128, -79, -124, 127, -27, 127, -14, 127, 0, 127, 13, 127, 25, 126, 34, 91, 38, 53, 40, 14, 39, -24, 34, -59, 26, -90, 18, -116, 13, -128, 9, -128, 11, -128, 16, -128, 26, -128, 41, -128, 62, -128, 88, -120, 117, -100, 127, -77, 127, -52, 127, -26, 127, -7, 127]",esp32_2
CSI_DATA,117313,2025-08-27 15:23:46.376,0,walk,00:00:00:00:00:00,-39,11,0,0,0,0,0,0,0,0,0,-97,0,1,0,297043276,0,14,0,0,0,104,0,"[0, 0, 127, 70, 127, 58, 127, 48, 127, 44, 127, 44, 127, 46, 127, 48, 127, 47, 127, 45, 127, 45, 100, 46, 60, 45, 20, 36, -18, 24, -53, 8, -85, -11, -108, -31, -122, -51, -128, -69, -128, -83, -126, -93, -117, -98, -105, -96, -93, -90, -84, -86, -115, -128, -101, -128, -83, -128, -65, -126, -45, -115, -26, -97, -8, -73, 8, -46, 21, -16, 30, 16, 37, 47, 42, 75, 46, 101, 51, 124, 57, 127, 62, 127, 70, 127, 83, 127, 95, 127, 105, 127, 118, 127, 127, 127, 127, 127, 127, 127, 127, 127, 127, 123]",esp32_2
CSI_DATA,117314,2025-08-27 15:23:46.403,0,walk,00:00:00:00:00:00,-41,11,0,0,0,0,0,0,0,0,0,-97,0,1,0,297069058,0,14,0,0,0,104,0,"[0, 0, -128, 127, -128, 127, -128, 127, -128, 127, -128, 127, -128, 127, -128, 113, -128, 94, -128, 71, -128, 49, -128, 29, -87, 12, -33, 3, 20, -1, 69, 3, 113, 15, 127, 33, 127, 55, 127, 78, 127, 97, 127, 112, 127, 120, 127, 121, 127, 119, 123, 115, 127, -128, 127, -125, 127, -100, 127, -77, 127, -56, 114, -37, 83, -22, 49, -15, 14, -12, -22, -11, -56, -13, -87, -18, -116, -22, -128, -27, -128, -29, -128, -29, -128, -25, -128, -16, -128, -5, -128, 7, -128, 23, -128, 40, -128, 59, -128, 80, -128, 96, -128, 105]",esp32_2
CSI_DATA,117315,2025-08-27 15:23:46.426,0,walk,00:00:00:00:00:00,-41,11,0,0,0,0,0,0,0,0,0,-97,0,1,0,297105504,0,14,0,0,0,104,0,"[0, 0, 127, 97, 127, 103, 127, 107, 127, 112, 127, 112, 127, 111, 127, 108, 127, 102, 127, 93, 127, 80, 127, 65, 89, 48, 52, 24, 18, -3, -11, -32, -35, -61, -52, -89, -60, -116, -61, -128, -56, -128, -46, -128, -34, -128, -22, -128, -12, -128, -6, -128, -128, -104, -128, -113, -128, -120, -122, -119, -103, -113, -84, -98, -67, -75, -56, -48, -48, -17, -44, 15, -44, 46, -46, 72, -50, 93, -54, 111, -56, 124, -54, 127, -50, 127, -39, 127, -22, 126, 1, 116, 31, 106, 66, 98, 105, 91, 127, 85, 127, 81, 127, 80]",esp32_2
CSI_DATA,114778,2025-08-27 15:23:46.447,0,walk,00:00:00:00:00:00,-65,11,0,0,0,0,0,0,0,0,0,-97,0,1,0,3437864059,0,14,0,0,0,104,0,"[0, 0, 21, 127, 21, 127, 30, 127, 28, 127, 37, 127, 36, 127, 49, 127, 54, 127, 54, 127, 51, 127, 51, 127, 43, 127, 42, 127, 22, 127, 7, 127, -14, 127, -28, 113, -44, 78, -50, 45, -53, 4, -47, -35, -40, -71, -31, -91, -20, -112, -5, -123, 1, -128, 0, -128, 13, -128, 19, -128, 27, -128, 31, -128, 30, -128, 42, -128, 42, -128, 28, -128, 30, -116, 18, -106, 0, -75, -19, -67, -30, -43, -40, -36, -48, -22, -49, -6, -54, 23, -58, 45, -51, 63, -44, 91, -22, 111, -20, 127, -11, 127, 14, 127]",esp32_1
CSI_DATA,117316,2025-08-27 15:23:46.447,0,walk,00:00:00:00:00:00,-41,11,0,0,0,0,0,0,0,0,0,-97,0,1,0,297129434,0,14,0,0,0,104,0,"[0, 0, 127, -128, 127, -128, 127, -128, 127, -128, 127, -128, 127, -128, 127, -128, 127, -128, 127, -128, 127, -128, 127, -128, 109, -110, 80, -74, 47, -39, 12, -8, -26, 17, -63, 32, -98, 37, -128, 36, -128, 29, -128, 19, -128, 7, -128, -6, -128, -20, -128, -28, -128, 62, -128, 45, -128, 25, -128, 9, -128, -4, -128, -11, -126, -8, -86, 4, -45, 25, -6, 53, 28, 86, 57, 116, 80, 127, 97, 127, 107, 127, 111, 127, 113, 127, 113, 127, 110, 127, 105, 127, 103, 127, 105, 101, 110, 55, 118, 4, 127, -48, 127, -84]",esp32_2
CSI_DATA,117317,2025-08-27 15:23:46.469,0,walk,00:00:00:00:00:00,-42,11,0,0,0,0,0,0,0,0,0,-97,0,1,0,297207406,0,14,0,0,0,104,0,"[0, 0, 91, 127, 107, 127, 120, 127, 124, 127, 122, 127, 114, 127, 103, 127, 89, 127, 71, 127, 50, 127, 27, 127, 5, 127, -10, 122, -19, 72, -21, 23, -16, -24, -4, -64, 15, -94, 38, -114, 59, -122, 77, -122, 90, -114, 94, -99, 92, -82, 88, -69, -128, -128, -125, -128, -92, -128, -63, -128, -37, -128, -17, -128, -8, -128, -10, -104, -21, -56, -42, -10, -70, 32, -97, 66, -126, 89, -128, 107, -128, 121, -128, 127, -128, 127, -128, 127, -128, 127, -128, 127, -128, 127, -100, 127, -71, 127, -39, 127, -5, 127, 18, 127]",esp32_2
CSI_DATA,114779,2025-08-27 15:23:46.490,0,walk,00:00:00:00:00:00,-64,11,0,0,0,0,0,0,0,0,0,-97,0,1,0,3437911944,0,14,0,0,0,104,0,"[0, 0, -50, -128, -29, -128, -18, -128, -4, -128, -4, -128, -8, -128, -20, -128, -46, -128, -57, -128, -76, -128, -85, -128, -93, -128, -91, -128, -78, -128, -61, -128, -45, -128, -14, -127, 2, -102, 9, -77, 9, -46, -2, -20, -20, 4, -35, 22, -56, 37, -78, 36, 121, -47, 125, -39, 127, -28, 126, -21, 123, -14, 119, -11, 109, -9, 102, -13, 89, -21, 88, -34, 79, -46, 72, -58, 80, -62, 83, -78, 76, -81, 68, -86, 62, -84, 54, -82, 44, -85, 25, -90, 2, -101, -18, -117, -53, -128, -63, -128, -79, -128, -88, -128]",esp32_1
CSI_DATA,114780,2025-08-27 15:23:46.522,0,walk,00:00:00:00:00:00,-65,11,0,0,0,0,0,0,0,0,0,-97,0,1,0,3437940236,0,14,0,0,0,104,0,"[0, 0, 127, -12, 127, -8, 127, -9, 127, -12, 127, -21, 127, -35, 127, -51, 127, -70, 127, -84, 127, -92, 127, -95, 127, -92, 127, -86, 127, -72, 127, -50, 127, -20, 127, 1, 110, 23, 83, 36, 41, 39, 6, 45, -26, 33, -52, 18, -75, -7, -81, -30, -71, 105, -78, 107, -82, 109, -83, 111, -87, 115, -88, 115, -81, 114, -85, 115, -74, 117, -74, 112, -63, 121, -53, 116, -49, 111, -41, 107, -34, 104, -20, 108, -14, 94, 2, 86, 11, 60, 31, 45, 52, 31, 79, 12, 109, 6, 127, -10, 127, -11, 127, -7]",esp32_1
CSI_DATA,114781,2025-08-27 15:23:46.553,0,walk,00:00:00:00:00:00,-66,11,0,0,0,0,0,0,0,0,0,-97,0,1,0,3437964864,0,14,0,0,0,104,0,"[0, 0, 14, 127, 10, 127, 17, 127, 18, 127, 26, 127, 42, 127, 56, 127, 74, 127, 81, 127, 90, 127, 92, 127, 82, 127, 67, 127, 49, 127, 26, 127, 10, 127, -16, 114, -29, 78, -36, 39, -34, 3, -17, -30, 1, -56, 21, -79, 45, -93, 69, -94, -119, -59, -118, -65, -120, -81, -119, -82, -124, -87, -118, -93, -110, -91, -105, -91, -104, -82, -103, -72, -90, -57, -86, -46, -94, -30, -89, -22, -84, -9, -75, 3, -62, 13, -52, 29, -42, 45, -27, 67, -12, 92, 2, 119, 27, 127, 28, 127, 34, 127, 35, 127]",esp32_1
CSI_DATA,117320,2025-08-27 15:23:46.573,0,walk,00:00:00:00:00:00,-46,11,0,0,0,0,0,0,0,0,0,-97,0,1,0,297297197,0,14,0,0,0,104,0,"[0, 0, 79, -70, 53, -53, 23, -36, -12, -18, -47, -3, -81, 10, -115, 21, -128, 28, -128, 29, -128, 25, -128, 16, -128, 3, -128, -12, -128, -32, -128, -51, -128, -68, -128, -84, -128, -96, -128, -102, -111, -103, -90, -98, -70, -89, -53, -75, -41, -58, -35, -45, 26, -128, 15, -128, -3, -128, -25, -128, -49, -128, -75, -108, -102, -83, -128, -60, -128, -37, -128, -17, -128, 1, -128, 14, -128, 21, -128, 25, -128, 26, -128, 25, -121, 17, -91, 5, -57, -11, -22, -26, 12, -45, 44, -64, 73, -79, 97, -91, 113, -98, 121, -101]",esp32_2
CSI_DATA,114782,2025-08-27 15:23:46.589,0,walk,00:00:00:00:00:00,-65,11,0,0,0,0,0,0,0,0,0,-97,0,1,0,3437989207,0,14,0,0,0,104,0,"[0, 0, 75, -128, 90, -128, 99, -128, 102, -128, 96, -128, 80, -128, 71, -128, 52, -128, 38, -128, 28, -128, 23, -128, 29, -128, 31, -128, 46, -128, 54, -128, 60, -128, 66, -112, 59, -76, 46, -43, 24, -16, -6, 2, -41, 15, -71, 20, -93, 20, -110, 7, 127, 35, 127, 47, 127, 59, 127, 65, 127, 75, 127, 83, 122, 77, 125, 76, 110, 69, 109, 50, 99, 38, 99, 23, 108, 6, 113, -10, 116, -18, 110, -25, 105, -28, 102, -33, 94, -57, 76, -64, 60, -91, 44, -119, 23, -128, 28, -128, 29, -128, 25, -128]",esp32_1
CSI_DATA,117321,2025-08-27 15:23:46.589,0,walk,00:00:00:00:00:00,-47,11,0,0,0,0,0,0,0,0,0,-97,0,1,0,297321641,0,14,0,0,0,104,0,"[0, 0, 127, -39, 127, -36, 127, -36, 104, -45, 71, -60, 43, -81, 23, -108, 12, -128, 7, -128, 11, -128, 23, -128, 41, -128, 63, -128, 85, -128, 100, -128, 105, -128, 102, -95, 92, -65, 74, -42, 52, -26, 30, -18, 11, -18, -4, -24, -12, -35, -14, -43, -128, 127, -128, 127, -128, 127, -126, 114, -103, 105, -76, 102, -47, 107, -19, 120, 8, 127, 31, 127, 45, 127, 50, 127, 46, 127, 37, 127, 27, 127, 19, 127, 14, 127, 12, 127, 16, 122, 26, 82, 44, 43, 69, 8, 100, -22, 127, -45, 127, -58, 127, -63]",esp32_2
CSI_DATA,117322,2025-08-27 15:23:46.616,0,walk,00:00:00:00:00:00,-45,11,0,0,0,0,0,0,0,0,0,-97,0,1,0,297358667,0,14,0,0,0,104,0,"[0, 0, 127, -94, 127, -102, 127, -105, 127, -99, 127, -88, 117, -76, 89, -65, 56, -55, 19, -47, -19, -39, -57, -32, -93, -29, -123, -32, -128, -37, -128, -43, -128, -46, -128, -51, -128, -57, -128, -59, -128, -58, -128, -53, -128, -45, -128, -36, -126, -28, -118, -23, -128, -48, -128, -52, -123, -52, -100, -43, -75, -25, -50, 2, -26, 39, -7, 82, 8, 127, 20, 127, 26, 127, 24, 127, 14, 127, 0, 127, -14, 127, -27, 127, -38, 127, -44, 127, -46, 127, -44, 127, -37, 127, -23, 127, -4, 127, 22, 77, 48, 25, 68, -10]",esp32_2
CSI_DATA,117323,2025-08-27 15:23:46.641,0,walk,00:00:00:00:00:00,-42,11,0,0,0,0,0,0,0,0,0,-97,0,1,0,297383461,0,14,0,0,0,104,0,"[0, 0, 127, 83, 127, 81, 127, 80, 127, 79, 127, 74, 124, 67, 100, 56, 76, 41, 51, 21, 26, -2, 3, -25, -14, -49, -26, -72, -33, -94, -36, -112, -36, -124, -34, -128, -29, -128, -23, -128, -19, -128, -17, -128, -16, -120, -16, -110, -16, -102, -15, -98, -128, -18, -122, -26, -107, -34, -87, -35, -64, -29, -39, -14, -14, 9, 7, 39, 24, 77, 34, 117, 36, 127, 31, 127, 22, 127, 11, 127, 0, 127, -11, 127, -22, 127, -30, 127, -32, 127, -29, 127, -20, 127, -4, 127, 17, 127, 44, 127, 74, 126, 96, 112]",esp32_2
CSI_DATA,117324,2025-08-27 15:23:46.666,0,walk,00:00:00:00:00:00,-46,11,0,0,0,0,0,0,0,0,0,-97,0,1,0,297420141,0,14,0,0,0,104,0,"[0, 0, 127, 8, 127, -6, 127, -13, 127, -16, 118, -17, 100, -17, 83, -17, 64, -18, 44, -21, 23, -26, 3, -32, -14, -39, -27, -48, -35, -57, -39, -63, -39, -67, -36, -70, -32, -69, -27, -64, -24, -56, -23, -46, -24, -37, -26, -30, -30, -27, -34, -25, -122, 113, -128, 101, -128, 81, -122, 61, -105, 44, -79, 30, -45, 23, -5, 24, 37, 33, 76, 51, 111, 76, 127, 104, 127, 127, 127, 127, 127, 127, 127, 127, 127, 127, 127, 127, 127, 127, 127, 127, 127, 127, 127, 127, 127, 127, 127, 127, 127, 106, 127, 86]",esp32_2
CSI_DATA,114784,2025-08-27 15:23:46.677,0,walk,00:00:00:00:00:00,-66,11,0,0,0,0,0,0,0,0,0,-97,0,1,0,3438049704,0,14,0,0,0,104,0,"[0, 0, 127, 27, 127, 31, 127, 29, 127, 6, 127, -11, 127, -41, 127, -71, 127, -105, 127, -128, 127, -128, 127, -128, 127, -128, 127, -128, 127, -128, 127, -121, 127, -71, 127, -45, 127, -1, 127, 26, 69, 45, 25, 56, -27, 57, -69, 42, -104, 15, -127, -10, -117, 53, -126, 58, -128, 71, -128, 73, -128, 74, -128, 81, -128, 81, -128, 81, -128, 86, -128, 74, -128, 96, -128, 93, -118, 85, -113, 82, -92, 87, -73, 99, -67, 96, -41, 82, -18, 57, 13, 47, 39, 28, 82, 23, 127, 23, 127, 4, 127, 0, 127, 18]",esp32_1
CSI_DATA,117325,2025-08-27 15:23:46.687,0,walk,00:00:00:00:00:00,-48,11,0,0,0,0,0,0,0,0,0,-97,0,1,0,297456966,0,14,0,0,0,104,0,"[0, 0, 127, -128, 127, -128, 127, -128, 127, -128, 118, -128, 106, -128, 97, -128, 88, -128, 76, -128, 66, -128, 60, -128, 58, -128, 57, -114, 58, -81, 58, -45, 54, -8, 44, 30, 28, 64, 5, 96, -21, 121, -50, 127, -77, 127, -100, 127, -120, 127, -128, 116, -4, 127, -31, 127, -60, 127, -73, 127, -72, 127, -59, 127, -32, 127, 8, 114, 55, 91, 106, 73, 127, 66, 127, 68, 127, 78, 127, 93, 127, 106, 127, 119, 127, 127, 127, 125, 127, 115, 127, 95, 127, 63, 127, 26, 127, -16, 127, -67, 127, -121, 127, -128]",esp32_2
CSI_DATA,117326,2025-08-27 15:23:46.711,0,walk,00:00:00:00:00:00,-48,11,0,0,0,0,0,0,0,0,0,-97,0,1,0,297493841,0,14,0,0,0,104,0,"[0, 0, -128, -128, -128, -128, -128, -128, -128, -127, -128, -105, -120, -83, -116, -61, -118, -42, -124, -28, -128, -21, -128, -23, -128, -31, -121, -41, -105, -51, -80, -58, -50, -56, -19, -47, 8, -31, 28, -6, 39, 23, 41, 51, 34, 75, 20, 94, 1, 107, -16, 110, -14, -128, 0, -128, 12, -128, 15, -128, 10, -128, -1, -128, -16, -128, -34, -128, -52, -128, -68, -128, -79, -128, -80, -128, -75, -128, -70, -128, -67, -128, -68, -128, -71, -128, -79, -128, -92, -121, -107, -103, -128, -90, -128, -81, -128, -78, -128, -81, -128, -94, -128, -109]",esp32_2
CSI_DATA,114785,2025-08-27 15:23:46.713,0,walk,00:00:00:00:00:00,-66,11,0,0,0,0,0,0,0,0,0,-97,0,1,0,3438074997,0,14,0,0,0,104,0,"[0, 0, 84, 127, 81, 127, 84, 127, 90, 127, 86, 127, 98, 127, 115, 127, 124, 127, 127, 127, 127, 124, 127, 127, 127, 127, 127, 127, 108, 127, 81, 127, 49, 127, 19, 114, -10, 81, -33, 52, -39, 10, -37, -19, -38, -46, -24, -76, -10, -107, 13, -115, -128, -27, -128, -38, -128, -45, -128, -53, -128, -55, -128, -67, -124, -69, -119, -69, -109, -56, -105, -43, -99, -20, -84, -9, -89, 6, -88, 19, -90, 34, -77, 43, -70, 53, -58, 63, -56, 62, -45, 70, -18, 85, 2, 103, 40, 118, 48, 127, 75, 127, 84, 127]",esp32_1
CSI_DATA,117327,2025-08-27 15:23:46.733,0,walk,00:00:00:00:00:00,-48,11,0,0,0,0,0,0,0,0,0,-97,0,1,0,297534001,0,14,0,0,0,104,0,"[0, 0, -128, 111, -128, 100, -128, 90, -90, 84, -44, 82, -1, 83, 39, 89, 73, 96, 98, 103, 113, 111, 119, 120, 115, 126, 103, 127, 83, 123, 57, 112, 29, 97, 0, 75, -27, 48, -46, 19, -61, -8, -71, -34, -73, -56, -70, -72, -66, -84, -61, -89, 127, 80, 123, 64, 114, 37, 110, 7, 112, -24, 117, -58, 127, -91, 127, -119, 127, -128, 127, -128, 127, -128, 127, -128, 127, -128, 127, -115, 127, -93, 110, -67, 74, -37, 35, -5, -7, 25, -52, 53, -97, 79, -128, 102, -128, 119, -128, 127, -128, 127, -128, 127]",esp32_2
CSI_DATA,114786,2025-08-27 15:23:46.741,0,walk,00:00:00:00:00:00,-65,11,0,0,0,0,0,0,0,0,0,-97,0,1,0,3438705506,0,14,0,0,0,104,0,"[0, 0, -122, -128, -116, -128, -121, -128, -121, -128, -119, -128, -128, -116, -128, -101, -128, -83, -128, -78, -128, -74, -128, -79, -128, -86, -128, -92, -128, -108, -122, -107, -89, -107, -54, -96, -17, -80, 8, -53, 35, -22, 40, 8, 46, 41, 45, 64, 44, 96, 24, 114, 122, 15, 127, 23, 124, 27, 127, 31, 127, 31, 127, 35, 121, 38, 121, 37, 111, 33, 114, 27, 99, 12, 89, 6, 92, 2, 81, -6, 74, -10, 50, -30, 37, -34, 19, -46, 5, -51, -16, -64, -40, -75, -60, -97, -93, -117, -106, -128, -114, -128, -128, -128]",esp32_1
CSI_DATA,117328,2025-08-27 15:23:46.752,0,walk,00:00:00:00:00:00,-48,11,0,0,0,0,0,0,0,0,0,-97,0,1,0,297567587,0,14,0,0,0,104,0,"[0, 0, 127, -128, 127, -119, 127, -99, 127, -83, 127, -71, 77, -65, 29, -64, -17, -68, -55, -75, -84, -83, -102, -94, -109, -104, -105, -110, -91, -112, -70, -107, -45, -94, -19, -76, 4, -53, 21, -28, 34, -2, 42, 24, 46, 46, 46, 62, 44, 74, 41, 79, -128, -90, -128, -75, -128, -49, -128, -15, -128, 26, -128, 70, -128, 112, -128, 127, -128, 127, -128, 127, -128, 127, -128, 127, -128, 127, -128, 127, -128, 127, -128, 127, -119, 94, -81, 55, -38, 15, 8, -24, 56, -62, 106, -97, 127, -128, 127, -128, 127, -128, 127, -128]",esp32_2
CSI_DATA,114787,2025-08-27 15:23:46.773,0,walk,00:00:00:00:00:00,-65,11,0,0,0,0,0,0,0,0,0,-97,0,1,0,3438716775,0,14,0,0,0,104,0,"[0, 0, 127, -128, 127, -128, 127, -128, 127, -128, 127, -128, 127, -128, 114, -128, 90, -128, 93, -128, 77, -128, 77, -128, 93, -128, 97, -128, 119, -128, 123, -128, 124, -126, 121, -84, 105, -35, 74, 4, 40, 32, -1, 63, -47, 73, -76, 70, -114, 64, -128, 46, -32, 127, -42, 127, -52, 127, -55, 127, -59, 127, -62, 127, -59, 127, -60, 127, -51, 127, -41, 127, -39, 127, -22, 126, -9, 109, 0, 100, 10, 86, 21, 77, 26, 59, 41, 41, 62, 1, 82, -25, 101, -54, 120, -85, 127, -106, 127, -128, 127, -128, 127, -128]",esp32_1
CSI_DATA,117329,2025-08-27 15:23:46.773,0,walk,00:00:00:00:00:00,-46,11,0,0,0,0,0,0,0,0,0,-97,0,1,0,297592986,0,14,0,0,0,104,0,"[0, 0, 127, 117, 127, 127, 127, 127, 127, 127, 127, 127, 127, 115, 127, 90, 127, 63, 127, 35, 122, 10, 119, -7, 116, -16, 112, -20, 106, -18, 91, -13, 71, -9, 49, -9, 28, -12, 9, -22, -7, -33, -18, -44, -24, -55, -27, -64, -27, -71, -26, -74, -128, 127, -128, 127, -128, 127, -128, 127, -122, 127, -95, 127, -67, 127, -44, 127, -29, 127, -21, 127, -22, 127, -30, 127, -44, 127, -56, 127, -63, 127, -64, 127, -57, 127, -42, 127, -16, 125, 17, 91, 58, 61, 109, 38, 127, 26, 127, 23, 127, 31, 127, 46]",esp32_2
CSI_DATA,117330,2025-08-27 15:23:46.795,0,walk,00:00:00:00:00:00,-44,11,0,0,0,0,0,0,0,0,0,-97,0,1,0,297627088,0,14,0,0,0,104,0,"[0, 0, -123, -128, -105, -128, -86, -128, -68, -128, -56, -128, -44, -128, -35, -128, -33, -128, -33, -122, -38, -89, -47, -63, -56, -39, -64, -17, -68, -1, -69, 13, -70, 27, -68, 39, -67, 49, -68, 60, -68, 67, -70, 71, -74, 73, -73, 70, -69, 66, -66, 63, 127, 121, 127, 127, 127, 127, 120, 116, 98, 95, 80, 63, 72, 24, 75, -17, 89, -57, 113, -90, 127, -114, 127, -126, 127, -128, 127, -125, 127, -122, 127, -113, 127, -101, 127, -92, 127, -85, 122, -83, 81, -88, 38, -100, -5, -119, -44, -128, -76, -128, -95, -128]",esp32_2
CSI_DATA,114788,2025-08-27 15:23:46.805,0,walk,00:00:00:00:00:00,-65,11,0,0,0,0,0,0,0,0,0,-97,0,1,0,3438728166,0,14,0,0,0,104,0,"[0, 0, -128, 127, -128, 123, -128, 115, -128, 122, -126, 125, -101, 127, -77, 127, -63, 127, -52, 127, -45, 127, -50, 127, -52, 127, -55, 127, -80, 127, -85, 127, -87, 115, -93, 86, -84, 45, -69, 10, -47, -23, -23, -53, 10, -71, 39, -82, 66, -83, 90, -73, 71, -91, 75, -95, 83, -100, 85, -98, 90, -104, 86, -102, 79, -100, 81, -103, 72, -101, 61, -96, 52, -103, 45, -96, 35, -82, 23, -80, 12, -71, 3, -64, -7, -49, -23, -31, -36, -6, -56, 19, -73, 37, -99, 59, -123, 79, -128, 100, -128, 119, -128, 116]",esp32_1
CSI_DATA,117331,2025-08-27 15:23:46.825,0,walk,00:00:00:00:00:00,-44,11,0,0,0,0,0,0,0,0,0,-97,0,1,0,297672772,0,14,0,0,0,104,0,"[0, 0, 127, 127, 127, 127, 127, 127, 127, 127, 127, 127, 114, 127, 95, 127, 79, 127, 64, 118, 52, 80, 42, 43, 33, 9, 26, -23, 21, -50, 17, -72, 11, -89, 5, -103, 1, -113, -3, -120, -7, -122, -13, -121, -18, -118, -24, -111, -30, -105, -33, -100, -5, -128, 11, -128, 28, -128, 34, -128, 31, -111, 18, -68, -8, -25, -45, 13, -88, 44, -128, 66, -128, 78, -128, 81, -128, 74, -128, 64, -128, 55, -128, 46, -128, 38, -128, 35, -128, 37, -128, 43, -103, 56, -53, 74, -3, 97, 46, 127, 92, 127, 124, 127]",esp32_2
CSI_DATA,114789,2025-08-27 15:23:46.838,0,walk,00:00:00:00:00:00,-65,11,0,0,0,0,0,0,0,0,0,-97,0,1,0,3438737888,0,14,0,0,0,104,0,"[0, 0, 127, -128, 127, -128, 127, -123, 127, -123, 119, -126, 96, -128, 76, -128, 61, -128, 49, -128, 39, -128, 37, -128, 44, -128, 49, -128, 74, -128, 80, -128, 80, -120, 90, -88, 80, -51, 73, -17, 48, 17, 21, 44, -2, 69, -33, 78, -61, 81, -80, 72, -66, 95, -69, 99, -75, 101, -79, 105, -77, 106, -75, 108, -69, 105, -73, 107, -66, 107, -50, 99, -47, 103, -35, 101, -27, 88, -15, 78, -8, 69, -1, 64, 6, 48, 19, 33, 39, 4, 56, -17, 69, -45, 93, -64, 111, -80, 127, -103, 127, -126, 127, -120]",esp32_1
CSI_DATA,117332,2025-08-27 15:23:46.848,0,walk,00:00:00:00:00:00,-44,11,0,0,0,0,0,0,0,0,0,-97,0,1,0,297690752,0,14,0,0,0,104,0,"[0, 0, -106, 127, -118, 127, -128, 127, -128, 127, -128, 127, -124, 127, -111, 127, -93, 127, -71, 127, -46, 99, -20, 72, 5, 47, 31, 23, 54, 5, 74, -9, 89, -22, 102, -31, 115, -38, 124, -43, 127, -45, 127, -48, 127, -50, 123, -49, 117, -49, 114, -50, 32, -128, 49, -128, 63, -128, 65, -128, 55, -117, 32, -79, -4, -46, -50, -23, -100, -11, -128, -8, -128, -16, -128, -31, -128, -50, -128, -67, -128, -81, -128, -88, -128, -88, -128, -78, -128, -58, -128, -28, -128, 9, -109, 52, -90, 102, -77, 127, -69, 127, -67, 127]",esp32_2
CSI_DATA,117333,2025-08-27 15:23:46.869,0,walk,00:00:00:00:00:00,-43,11,0,0,0,0,0,0,0,0,0,-97,0,1,0,297727116,0,14,0,0,0,104,0,"[0, 0, -128, -128, -128, -128, -128, -128, -128, -128, -128, -128, -128, -128, -128, -128, -128, -128, -117, -105, -99, -76, -85, -46, -74, -17, -66, 11, -60, 35, -55, 55, -51, 74, -50, 89, -51, 100, -53, 111, -55, 117, -57, 122, -59, 123, -61, 121, -62, 118, -64, 115, 127, -112, 127, -86, 127, -56, 127, -33, 127, -21, 95, -22, 55, -37, 20, -64, -6, -100, -21, -128, -23, -128, -17, -128, -5, -128, 7, -128, 15, -128, 20, -128, 22, -128, 15, -128, 2, -128, -18, -128, -48, -128, -87, -125, -128, -115, -128, -111, -128, -118, -128, -128]",esp32_2
CSI_DATA,117334,2025-08-27 15:23:46.891,0,walk,00:00:00:00:00:00,-42,11,0,0,0,0,0,0,0,0,0,-97,0,1,0,297773684,0,14,0,0,0,104,0,"[0, 0, -128, 127, -128, 127, -128, 127, -128, 127, -128, 127, -128, 127, -128, 127, -128, 127, -128, 121, -128, 110, -126, 100, -96, 90, -67, 84, -38, 81, -10, 77, 15, 75, 36, 76, 54, 81, 69, 90, 80, 100, 89, 112, 94, 122, 92, 127, 87, 127, 80, 127, -128, -128, -128, -128, -128, -128, -128, -128, -108, -128, -93, -119, -92, -79, -106, -39, -128, -5, -128, 19, -128, 35, -128, 38, -128, 31, -128, 21, -128, 12, -128, 6, -128, 5, -128, 9, -128, 23, -128, 44, -128, 75, -128, 115, -128, 127, -128, 127, -128, 127, -128, 127]",esp32_2
CSI_DATA,117335,2025-08-27 15:23:46.917,0,walk,00:00:00:00:00:00,-42,11,0,0,0,0,0,0,0,0,0,-97,0,1,0,297798079,0,14,0,0,0,104,0,"[0, 0, -128, -128, -128, -128, -128, -128, -128, -128, -128, -128, -116, -128, -100, -128, -89, -128, -80, -128, -72, -128, -65, -128, -60, -120, -57, -91, -57, -62, -59, -33, -62, -5, -68, 19, -81, 37, -97, 51, -114, 59, -128, 62, -128, 61, -128, 56, -128, 46, -128, 36, 127, -128, 127, -128, 127, -104, 127, -79, 127, -63, 123, -57, 88, -65, 59, -85, 36, -114, 20, -128, 12, -128, 13, -128, 21, -128, 30, -128, 37, -128, 39, -128, 37, -128, 28, -128, 12, -128, -12, -128, -43, -128, -78, -128, -117, -128, -128, -128, -128, -128, -128, -128]",esp32_2
CSI_DATA,114791,2025-08-27 15:23:46.932,0,walk,00:00:00:00:00:00,-66,11,0,0,0,0,0,0,0,0,0,-97,0,1,0,3438755491,0,14,0,0,0,104,0,"[0, 0, -128, -18, -128, -13, -128, -12, -128, 2, -128, 20, -128, 40, -128, 68, -128, 91, -128, 115, -128, 124, -128, 127, -128, 127, -128, 124, -128, 104, -128, 73, -128, 43, -128, 16, -105, -11, -68, -29, -31, -36, 8, -49, 52, -40, 73, -27, 102, -7, 116, 17, 106, -64, 113, -67, 112, -69, 116, -69, 120, -68, 117, -69, 110, -70, 113, -75, 103, -81, 99, -78, 85, -86, 79, -90, 70, -81, 64, -78, 54, -73, 30, -77, 20, -66, 1, -54, -22, -39, -48, -22, -79, -6, -108, -4, -128, 0, -128, 7, -128, 5, -128, -9]",esp32_1
CSI_DATA,117336,2025-08-27 15:23:46.932,0,walk,00:00:00:00:00:00,-41,11,0,0,0,0,0,0,0,0,0,-97,0,1,0,297828584,0,14,0,0,0,104,0,"[0, 0, -128, 127, -128, 127, -128, 127, -128, 127, -128, 127, -128, 113, -128, 96, -128, 81, -128, 69, -128, 59, -128, 52, -128, 47, -100, 46, -70, 47, -41, 51, -13, 59, 10, 70, 29, 86, 40, 106, 46, 122, 46, 127, 39, 127, 28, 127, 15, 127, 5, 127, -128, -128, -128, -128, -128, -128, -102, -128, -85, -128, -76, -112, -80, -78, -96, -48, -120, -23, -128, -6, -128, 1, -128, 1, -128, -4, -128, -10, -128, -14, -128, -15, -128, -14, -128, -8, -128, 7, -128, 29, -128, 56, -128, 86, -128, 121, -128, 127, -128, 127, -128, 127]",esp32_2
CSI_DATA,114792,2025-08-27 15:23:46.967,0,walk,00:00:00:00:00:00,-66,11,0,0,0,0,0,0,0,0,0,-97,0,1,0,3438765457,0,14,0,0,0,104,0,"[0, 0, -128, 127, -128, 127, -128, 127, -128, 127, -115, 127, -86, 127, -59, 127, -34, 127, -18, 127, -7, 127, -4, 127, -10, 127, -22, 127, -47, 127, -64, 127, -75, 127, -88, 127, -92, 80, -82, 41, -59, 0, -34, -45, 4, -70, 33, -84, 63, -89, 96, -79, 24, -128, 29, -128, 33, -128, 32, -128, 38, -128, 31, -128, 28, -128, 22, -128, 15, -128, -3, -128, -2, -128, -14, -128, -27, -117, -28, -118, -36, -102, -35, -87, -37, -65, -45, -44, -53, -3, -60, 29, -71, 60, -95, 98, -105, 122, -128, 127, -128, 127, -128, 127]",esp32_1
CSI_DATA,117337,2025-08-27 15:23:46.967,0,walk,00:00:00:00:00:00,-40,11,0,0,0,0,0,0,0,0,0,-97,0,1,0,297856085,0,14,0,0,0,104,0,"[0, 0, 127, 127, 127, 127, 127, 127, 127, 127, 127, 127, 127, 127, 127, 127, 127, 127, 127, 127, 119, 127, 97, 127, 81, 114, 73, 82, 66, 50, 59, 19, 56, -13, 57, -43, 64, -70, 78, -90, 95, -103, 113, -108, 127, -102, 127, -90, 127, -79, 127, -69, -128, 127, -128, 127, -128, 127, -128, 113, -128, 91, -104, 78, -68, 76, -32, 86, 0, 107, 22, 127, 35, 127, 40, 127, 39, 127, 39, 127, 44, 127, 48, 127, 50, 127, 55, 127, 68, 127, 89, 127, 116, 127, 127, 127, 127, 127, 127, 127, 127, 127, 127, 127]",esp32_2
CSI_DATA,114793,2025-08-27 15:23:46.995,0,walk,00:00:00:00:00:00,-66,11,0,0,0,0,0,0,0,0,0,-97,0,1,0,3438775416,0,14,0,0,0,104,0,"[0, 0, 127, -128, 127, -128, 116, -128, 103, -128, 72, -128, 36, -128, 3, -128, -30, -128, -47, -128, -64, -128, -73, -128, -71, -128, -61, -128, -18, -128, 8, -128, 33, -128, 60, -128, 78, -123, 81, -75, 64, -17, 36, 37, 5, 73, -25, 100, -58, 114, -93, 108, 63, 127, 58, 127, 51, 127, 49, 127, 51, 127, 52, 127, 55, 127, 57, 127, 67, 127, 78, 127, 74, 127, 79, 127, 89, 110, 100, 101, 93, 85, 75, 74, 72, 50, 61, 17, 69, -24, 67, -54, 63, -103, 63, -128, 60, -128, 80, -128, 90, -128, 98, -128]",esp32_1
CSI_DATA,117338,2025-08-27 15:23:46.995,0,walk,00:00:00:00:00:00,-40,11,0,0,0,0,0,0,0,0,0,-97,0,1,0,297874432,0,14,0,0,0,104,0,"[0, 0, 127, 52, 127, 63, 127, 75, 127, 83, 127, 84, 127, 86, 127, 88, 127, 87, 127, 86, 127, 81, 127, 70, 107, 54, 85, 31, 66, 7, 45, -16, 28, -38, 15, -61, 6, -86, 7, -108, 12, -125, 22, -128, 41, -128, 58, -128, 67, -128, 71, -126, -61, 127, -74, 127, -84, 127, -84, 127, -76, 127, -56, 108, -27, 92, 6, 84, 41, 87, 71, 105, 94, 125, 109, 127, 117, 127, 125, 127, 127, 127, 127, 127, 127, 127, 127, 127, 127, 127, 127, 120, 127, 97, 127, 79, 127, 71, 127, 63, 127, 54, 127, 49]",esp32_2
CSI_DATA,114794,2025-08-27 15:23:47.021,0,walk,00:00:00:00:00:00,-66,11,0,0,0,0,0,0,0,0,0,-97,0,1,0,3438785460,0,14,0,0,0,104,0,"[0, 0, 127, -128, 127, -128, 127, -113, 127, -125, 127, -124, 114, -128, 95, -128, 78, -128, 70, -128, 66, -128, 65, -128, 78, -128, 86, -128, 104, -128, 116, -128, 115, -118, 114, -85, 96, -45, 78, -13, 42, 16, 8, 38, -26, 47, -56, 42, -86, 40, -110, 21, -14, 127, -21, 127, -24, 127, -32, 127, -29, 127, -27, 127, -26, 127, -23, 127, -16, 127, -7, 116, -3, 125, 8, 119, 16, 107, 18, 98, 26, 87, 25, 80, 33, 65, 40, 42, 51, 12, 63, -16, 74, -45, 98, -75, 126, -93, 127, -120, 127, -128, 127, -128]",esp32_1
CSI_DATA,117339,2025-08-27 15:23:47.026,0,walk,00:00:00:00:00:00,-39,11,0,0,0,0,0,0,0,0,0,-97,0,1,0,297908923,0,14,0,0,0,104,0,"[0, 0, 127, 127, 127, 127, 127, 127, 127, 127, 127, 127, 127, 127, 127, 127, 127, 127, 127, 127, 114, 127, 93, 127, 73, 120, 57, 85, 44, 51, 38, 14, 38, -25, 45, -57, 59, -79, 75, -98, 91, -109, 107, -112, 118, -110, 124, -106, 127, -96, 127, -85, -128, 127, -128, 127, -128, 99, -128, 76, -128, 60, -128, 52, -92, 53, -58, 66, -30, 87, -4, 116, 16, 127, 25, 127, 26, 127, 24, 127, 23, 127, 22, 127, 23, 127, 31, 127, 42, 127, 57, 127, 80, 127, 109, 127, 127, 127, 127, 127, 127, 127, 127, 127]",esp32_2
CSI_DATA,114795,2025-08-27 15:23:47.053,0,walk,00:00:00:00:00:00,-66,11,0,0,0,0,0,0,0,0,0,-97,0,1,0,3438798020,0,14,0,0,0,104,0,"[0, 0, -128, -124, -128, -119, -128, -100, -128, -103, -128, -71, -128, -49, -128, -33, -128, 4, -128, 3, -128, 12, -128, 13, -128, 3, -128, 3, -128, -13, -128, -34, -128, -47, -111, -72, -75, -73, -36, -63, 1, -45, 28, -23, 48, 5, 53, 34, 65, 58, 66, 90, 114, -59, 126, -54, 119, -53, 127, -47, 127, -47, 127, -43, 119, -46, 123, -43, 109, -49, 110, -52, 102, -56, 90, -56, 94, -58, 81, -63, 63, -65, 42, -64, 26, -58, 7, -59, -12, -56, -45, -53, -69, -58, -107, -67, -128, -67, -128, -84, -128, -100, -128, -112]",esp32_1
CSI_DATA,114796,2025-08-27 15:23:47.079,0,walk,00:00:00:00:00:00,-66,11,0,0,0,0,0,0,0,0,0,-97,0,1,0,3438806450,0,14,0,0,0,104,0,"[0, 0, 69, 127, 72, 127, 72, 127, 75, 127, 82, 127, 92, 127, 112, 127, 127, 121, 127, 116, 127, 107, 127, 124, 127, 127, 127, 127, 127, 127, 111, 127, 81, 127, 43, 127, 8, 102, -16, 74, -30, 34, -33, -2, -30, -38, -21, -67, -14, -96, 10, -112, -127, -28, -128, -38, -128, -42, -128, -48, -128, -49, -128, -52, -127, -47, -128, -47, -122, -35, -127, -32, -119, -16, -107, -12, -115, -10, -108, -1, -97, 9, -76, 17, -58, 29, -41, 42, -26, 53, -8, 75, 19, 91, 43, 122, 66, 127, 70, 127, 81, 127, 97, 127]",esp32_1
CSI_DATA,117341,2025-08-27 15:23:47.101,0,walk,00:00:00:00:00:00,-40,11,0,0,0,0,0,0,0,0,0,-97,0,1,0,298023014,0,14,0,0,0,104,0,"[0, 0, -37, 127, -45, 127, -57, 127, -69, 127, -77, 127, -82, 127, -85, 127, -84, 127, -79, 127, -71, 127, -59, 121, -45, 96, -28, 73, -7, 54, 16, 37, 40, 25, 62, 19, 82, 21, 99, 28, 110, 38, 115, 50, 114, 61, 109, 65, 99, 67, 89, 71, -128, -35, -128, -49, -128, -59, -128, -60, -112, -53, -94, -38, -80, -17, -73, 8, -74, 36, -82, 64, -95, 88, -108, 105, -122, 115, -128, 122, -128, 127, -128, 127, -128, 127, -128, 127, -128, 127, -128, 127, -110, 127, -90, 127, -73, 127, -57, 127, -42, 127, -31, 127]",esp32_2
CSI_DATA,114797,2025-08-27 15:23:47.112,0,walk,00:00:00:00:00:00,-65,11,0,0,0,0,0,0,0,0,0,-97,0,1,0,3438815441,0,14,0,0,0,104,0,"[0, 0, -128, 27, -128, 25, -128, 21, -128, 35, -128, 43, -128, 59, -128, 77, -128, 99, -128, 116, -128, 126, -128, 127, -128, 127, -128, 124, -128, 104, -128, 82, -128, 50, -124, 24, -96, -2, -66, -19, -30, -28, 5, -36, 39, -30, 63, -14, 84, 6, 95, 27, 65, -99, 73, -100, 74, -103, 74, -104, 78, -102, 77, -102, 72, -102, 72, -99, 62, -102, 56, -94, 44, -104, 37, -102, 34, -90, 20, -89, 14, -77, 3, -83, -6, -64, -22, -52, -40, -27, -61, -12, -86, 5, -112, 21, -128, 19, -128, 36, -128, 38, -128, 29]",esp32_1
CSI_DATA,117342,2025-08-27 15:23:47.128,0,walk,00:00:00:00:00:00,-42,11,0,0,0,0,0,0,0,0,0,-97,0,1,0,298046303,0,14,0,0,0,104,0,"[0, 0, -128, -128, -128, -128, -128, -128, -128, -128, -128, -128, -128, -128, -128, -128, -126, -128, -108, -128, -90, -128, -75, -128, -65, -116, -60, -82, -59, -50, -63, -19, -71, 10, -85, 33, -103, 48, -123, 56, -128, 55, -128, 47, -128, 33, -128, 18, -128, 4, -128, -7, 127, -128, 127, -128, 127, -115, 127, -92, 114, -78, 87, -71, 57, -74, 29, -88, 4, -110, -15, -128, -26, -128, -31, -128, -30, -128, -26, -128, -23, -128, -21, -128, -19, -128, -20, -128, -25, -128, -35, -128, -53, -128, -78, -128, -108, -128, -128, -128, -128, -128, -128, -128]",esp32_2
CSI_DATA,117343,2025-08-27 15:23:47.154,0,walk,00:00:00:00:00:00,-42,11,0,0,0,0,0,0,0,0,0,-97,0,1,0,298069341,0,14,0,0,0,104,0,"[0, 0, 127, -128, 127, -128, 127, -128, 127, -121, 127, -99, 127, -78, 127, -60, 127, -46, 127, -34, 127, -27, 127, -24, 127, -25, 104, -29, 72, -37, 41, -50, 13, -68, -7, -89, -19, -112, -22, -128, -19, -128, -9, -128, 5, -128, 21, -128, 36, -128, 45, -128, 92, 127, 69, 127, 44, 127, 30, 127, 29, 127, 37, 117, 56, 90, 84, 70, 116, 59, 127, 56, 127, 59, 127, 66, 127, 76, 127, 84, 127, 89, 127, 93, 127, 93, 127, 84, 127, 66, 127, 42, 127, 13, 127, -20, 127, -54, 127, -90, 127, -124, 127, -128]",esp32_2
CSI_DATA,117344,2025-08-27 15:23:47.185,0,walk,00:00:00:00:00:00,-44,11,0,0,0,0,0,0,0,0,0,-97,0,1,0,298106344,0,14,0,0,0,104,0,"[0, 0, -128, 127, -128, 127, -128, 127, -128, 127, -128, 127, -128, 127, -128, 127, -128, 127, -128, 127, -128, 127, -118, 127, -101, 119, -82, 102, -59, 87, -34, 76, -6, 71, 20, 73, 40, 82, 56, 96, 62, 111, 60, 127, 52, 127, 40, 127, 24, 127, 12, 127, -128, -41, -128, -54, -128, -63, -128, -58, -128, -44, -117, -23, -113, 4, -119, 29, -128, 51, -128, 68, -128, 78, -128, 80, -128, 77, -128, 74, -128, 70, -128, 69, -128, 70, -128, 75, -128, 85, -128, 101, -121, 122, -108, 127, -100, 127, -96, 127, -96, 127, -101, 127]",esp32_2
CSI_DATA,114799,2025-08-27 15:23:47.203,0,walk,00:00:00:00:00:00,-65,11,0,0,0,0,0,0,0,0,0,-97,0,1,0,3438835440,0,14,0,0,0,104,0,"[0, 0, 127, -113, 127, -102, 127, -106, 127, -105, 127, -104, 106, -117, 89, -128, 77, -128, 72, -128, 70, -128, 72, -128, 83, -128, 82, -128, 105, -128, 113, -128, 109, -105, 113, -73, 92, -43, 72, -11, 45, 13, 10, 32, -25, 42, -52, 37, -76, 29, -96, 13, -18, 119, -21, 117, -27, 122, -30, 123, -30, 125, -27, 121, -24, 121, -23, 120, -16, 119, -8, 114, -4, 116, 2, 106, 11, 94, 15, 89, 21, 80, 22, 73, 25, 53, 34, 40, 48, 7, 63, -14, 76, -43, 96, -65, 118, -79, 127, -100, 127, -114, 127, -111]",esp32_1
CSI_DATA,117345,2025-08-27 15:23:47.207,0,walk,00:00:00:00:00:00,-43,11,0,0,0,0,0,0,0,0,0,-97,0,1,0,298142312,0,14,0,0,-128,104,0,"[0, 0, -128, 127, -128, 127, -128, 127, -128, 127, -128, 127, -128, 127, -128, 127, -128, 117, -128, 105, -128, 92, -128, 78, -128, 63, -124, 48, -96, 38, -65, 34, -31, 37, -4, 48, 14, 65, 24, 85, 27, 104, 23, 119, 13, 127, 0, 127, -13, 127, -22, 121, -128, -108, -128, -115, -128, -115, -128, -106, -121, -94, -116, -79, -117, -62, -125, -48, -128, -36, -128, -29, -128, -25, -128, -23, -128, -23, -128, -21, -128, -15, -128, -5, -128, 7, -128, 24, -128, 43, -128, 65, -128, 90, -128, 117, -128, 127, -128, 127, -128, 127, -128, 127]",esp32_2
CSI_DATA,114800,2025-08-27 15:23:47.221,0,walk,00:00:00:00:00:00,-65,11,0,0,0,0,0,0,0,0,0,-97,0,1,0,3438845471,0,14,0,0,0,104,0,"[0, 0, 127, 70, 127, 72, 127, 61, 127, 45, 127, 24, 127, -1, 127, -21, 127, -53, 127, -73, 127, -89, 127, -85, 127, -83, 127, -70, 127, -52, 127, -25, 127, 2, 127, 21, 101, 40, 70, 47, 22, 42, -12, 36, -42, 15, -67, -6, -85, -34, -85, -61, -112, 72, -121, 67, -122, 64, -124, 65, -125, 68, -125, 68, -114, 69, -116, 67, -111, 80, -104, 75, -92, 85, -83, 89, -81, 79, -73, 77, -59, 71, -44, 82, -27, 66, 4, 58, 25, 47, 50, 34, 86, 31, 119, 25, 127, 34, 127, 34, 127, 44, 127, 57]",esp32_1
CSI_DATA,114801,2025-08-27 15:23:47.256,0,walk,00:00:00:00:00:00,-65,11,0,0,0,0,0,0,0,0,0,-97,0,1,0,3438855440,0,14,0,0,0,104,0,"[0, 0, 97, -128, 97, -128, 79, -128, 68, -128, 39, -128, 10, -128, -17, -128, -36, -128, -54, -128, -67, -128, -73, -128, -71, -128, -60, -128, -28, -128, -7, -128, 15, -128, 42, -128, 52, -105, 57, -65, 51, -28, 33, 10, 9, 42, -15, 62, -37, 74, -61, 77, 68, 107, 69, 119, 64, 121, 67, 122, 63, 123, 66, 127, 65, 119, 69, 118, 67, 113, 78, 100, 74, 100, 79, 90, 84, 84, 89, 74, 83, 64, 67, 46, 57, 35, 55, 8, 57, -21, 47, -51, 44, -80, 44, -117, 41, -128, 53, -128, 68, -128, 65, -128]",esp32_1
CSI_DATA,114802,2025-08-27 15:23:47.290,0,walk,00:00:00:00:00:00,-66,11,0,0,0,0,0,0,0,0,0,-97,0,1,0,3438865447,0,14,0,0,0,104,0,"[0, 0, -128, 73, -128, 63, -128, 58, -128, 60, -128, 74, -124, 83, -107, 100, -97, 125, -94, 127, -94, 127, -101, 127, -117, 127, -120, 127, -128, 127, -128, 120, -126, 84, -122, 60, -102, 28, -80, 1, -47, -15, -16, -28, 17, -29, 44, -25, 70, -11, 86, 6, 33, -109, 38, -110, 41, -119, 40, -115, 42, -116, 42, -116, 36, -111, 31, -117, 26, -114, 22, -111, 14, -119, 9, -116, 6, -102, 0, -99, -4, -90, -14, -88, -17, -72, -29, -50, -38, -25, -56, -1, -74, 23, -97, 43, -128, 54, -128, 71, -128, 84, -128, 76]",esp32_1
CSI_DATA,114803,2025-08-27 15:23:47.313,0,walk,00:00:00:00:00:00,-66,11,0,0,0,0,0,0,0,0,0,-97,0,1,0,3438875440,0,14,0,0,0,104,0,"[0, 0, 127, -128, 127, -128, 127, -128, 127, -128, 110, -128, 83, -128, 55, -128, 31, -128, 17, -128, 0, -128, -6, -128, 0, -128, 16, -128, 50, -128, 66, -128, 82, -128, 94, -128, 97, -98, 87, -63, 63, -19, 32, 13, -5, 40, -39, 45, -66, 51, -91, 40, 58, 127, 57, 127, 53, 127, 45, 127, 49, 127, 52, 127, 51, 127, 57, 127, 66, 127, 74, 127, 75, 125, 76, 119, 90, 105, 92, 102, 85, 87, 81, 80, 74, 60, 72, 40, 67, -2, 71, -36, 69, -71, 78, -109, 93, -128, 117, -128, 127, -128, 127, -128]",esp32_1
CSI_DATA,117347,2025-08-27 15:23:47.323,0,walk,00:00:00:00:00:00,-41,11,0,0,0,0,0,0,0,0,0,-97,0,1,0,298232027,0,14,0,0,0,104,0,"[0, 0, 127, -20, 127, -24, 127, -30, 127, -31, 127, -28, 127, -22, 127, -13, 127, -2, 127, 10, 127, 22, 127, 36, 127, 44, 127, 44, 118, 37, 77, 19, 41, -9, 18, -42, 10, -77, 11, -110, 21, -128, 37, -128, 53, -128, 70, -128, 85, -128, 93, -128, 71, 127, 56, 127, 38, 127, 27, 127, 21, 127, 20, 127, 26, 127, 37, 127, 51, 127, 65, 119, 79, 110, 91, 101, 103, 92, 118, 83, 127, 72, 127, 61, 127, 51, 127, 40, 127, 27, 127, 16, 127, 8, 127, 3, 127, -3, 127, -10, 127, -12, 127, -11]",esp32_2
CSI_DATA,114804,2025-08-27 15:23:47.341,0,walk,00:00:00:00:00:00,-66,11,0,0,0,0,0,0,0,0,0,-97,0,1,0,3438886405,0,14,0,0,0,104,0,"[0, 0, -32, -128, -24, -128, -28, -128, -31, -128, -43, -128, -60, -128, -81, -128, -102, -119, -125, -121, -128, -126, -128, -128, -128, -128, -128, -128, -128, -128, -101, -128, -73, -128, -37, -128, -10, -117, 11, -89, 19, -55, 25, -25, 22, 15, 9, 40, 4, 67, -18, 84, 121, 39, 122, 45, 117, 47, 123, 51, 123, 52, 119, 50, 113, 41, 117, 42, 119, 36, 127, 25, 114, 19, 117, 8, 124, 7, 124, 4, 111, 0, 98, -9, 75, -16, 60, -27, 45, -42, 21, -57, -1, -85, -21, -108, -49, -128, -49, -128, -54, -128, -60, -128]",esp32_1
CSI_DATA,117348,2025-08-27 15:23:47.355,0,walk,00:00:00:00:00:00,-40,11,0,0,0,0,0,0,0,0,0,-97,0,1,0,298262063,0,14,0,0,0,104,0,"[0, 0, 127, -99, 127, -107, 127, -117, 127, -123, 127, -122, 127, -117, 127, -108, 127, -95, 127, -79, 127, -61, 127, -39, 127, -17, 127, -1, 127, 7, 86, 2, 42, -14, 9, -39, -10, -71, -18, -105, -15, -128, -4, -128, 12, -128, 29, -128, 46, -128, 57, -128, 127, 127, 122, 127, 102, 127, 87, 127, 78, 127, 71, 127, 70, 127, 77, 125, 86, 111, 99, 96, 112, 84, 122, 72, 127, 61, 127, 51, 127, 38, 127, 23, 127, 9, 127, -7, 127, -25, 127, -40, 127, -52, 127, -62, 127, -73, 127, -84, 127, -89, 127, -87]",esp32_2
CSI_DATA,117349,2025-08-27 15:23:47.387,0,walk,00:00:00:00:00:00,-41,11,0,0,0,0,0,0,0,0,0,-97,0,1,0,298295021,0,14,0,0,0,104,0,"[0, 0, -16, 127, -4, 127, 12, 127, 23, 127, 27, 127, 25, 127, 19, 127, 9, 127, -5, 127, -21, 127, -38, 127, -50, 127, -54, 127, -50, 106, -37, 66, -14, 30, 16, 3, 49, -12, 80, -14, 105, -8, 123, 5, 127, 22, 127, 38, 126, 51, 119, 59, -128, -6, -128, -18, -128, -30, -128, -35, -128, -35, -128, -31, -128, -21, -123, -9, -117, 6, -112, 21, -110, 34, -107, 45, -102, 55, -98, 67, -92, 81, -85, 97, -77, 113, -70, 127, -61, 127, -53, 127, -49, 127, -46, 127, -45, 127, -43, 127, -41, 127, -39, 127]",esp32_2
CSI_DATA,117350,2025-08-27 15:23:47.418,0,walk,00:00:00:00:00:00,-41,11,0,0,0,0,0,0,0,0,0,-97,0,1,0,298321637,0,14,0,0,0,104,0,"[0, 0, -128, -128, -128, -128, -128, -128, -128, -128, -128, -128, -128, -128, -128, -128, -128, -128, -128, -128, -128, -128, -111, -128, -77, -128, -45, -128, -18, -128, -2, -96, 2, -41, -6, 7, -27, 47, -57, 75, -87, 89, -116, 92, -128, 86, -128, 73, -128, 57, -128, 43, 127, -84, 127, -68, 127, -52, 127, -42, 127, -37, 127, -38, 127, -44, 127, -55, 127, -69, 126, -83, 115, -96, 105, -105, 95, -113, 84, -122, 68, -128, 48, -128, 28, -128, 8, -128, -12, -128, -33, -128, -52, -128, -69, -128, -82, -128, -92, -128, -98, -128, -100, -128]",esp32_2
CSI_DATA,114806,2025-08-27 15:23:47.428,0,walk,00:00:00:00:00:00,-66,11,0,0,0,0,0,0,0,0,0,-97,0,1,0,3438905487,0,14,0,0,0,104,0,"[0, 0, 127, 127, 127, 127, 127, 127, 127, 122, 127, 105, 127, 73, 127, 48, 127, 21, 127, 1, 127, -13, 127, -13, 127, 2, 127, 12, 127, 26, 127, 43, 127, 64, 127, 73, 92, 74, 59, 67, 21, 49, -2, 32, -22, 8, -37, -21, -43, -52, -36, -73, -117, 54, -120, 50, -121, 47, -121, 45, -128, 46, -122, 42, -115, 51, -111, 59, -103, 64, -106, 69, -94, 84, -89, 89, -94, 85, -93, 85, -83, 80, -68, 86, -59, 81, -35, 72, -15, 62, 13, 57, 47, 56, 84, 56, 127, 71, 127, 85, 127, 97, 127, 123]",esp32_1
CSI_DATA,117351,2025-08-27 15:23:47.441,0,walk,00:00:00:00:00:00,-42,11,0,0,0,0,0,0,0,0,0,-97,0,1,0,298345970,0,14,0,0,0,104,0,"[0, 0, -128, 75, -128, 92, -128, 112, -128, 127, -128, 127, -128, 127, -128, 127, -128, 119, -128, 102, -128, 79, -128, 50, -128, 20, -128, -4, -128, -21, -95, -26, -43, -18, 1, -1, 36, 27, 58, 60, 68, 93, 67, 120, 59, 127, 43, 127, 25, 127, 10, 127, -18, -128, -4, -128, 7, -128, 12, -128, 12, -128, 9, -128, 0, -128, -14, -128, -29, -128, -45, -128, -59, -128, -68, -128, -76, -120, -87, -110, -99, -96, -113, -81, -128, -67, -128, -51, -128, -33, -128, -16, -128, -4, -128, 6, -128, 18, -128, 29, -128, 34, -128, 35]",esp32_2
CSI_DATA,114807,2025-08-27 15:23:47.461,0,walk,00:00:00:00:00:00,-65,11,0,0,0,0,0,0,0,0,0,-97,0,1,0,3438915484,0,14,0,0,0,104,0,"[0, 0, -128, -40, -128, -50, -128, -51, -128, -37, -128, -26, -128, -3, -128, 16, -128, 40, -128, 57, -128, 79, -128, 83, -128, 76, -128, 73, -128, 53, -128, 31, -128, 7, -128, -11, -114, -29, -80, -35, -47, -31, -15, -27, 12, -11, 32, 10, 43, 36, 43, 60, 43, -112, 50, -119, 51, -115, 52, -119, 57, -114, 54, -115, 45, -106, 40, -115, 33, -113, 30, -111, 16, -128, 10, -128, 11, -119, 5, -121, 1, -117, -7, -116, -6, -105, -20, -90, -31, -66, -48, -44, -67, -27, -99, -13, -128, -4, -128, 6, -128, 1, -128, -15]",esp32_1
CSI_DATA,117352,2025-08-27 15:23:47.472,0,walk,00:00:00:00:00:00,-42,11,0,0,0,0,0,0,0,0,0,-97,0,1,0,298382942,0,14,0,0,0,104,0,"[0, 0, 127, -128, 127, -128, 127, -128, 125, -128, 124, -128, 127, -128, 127, -128, 127, -128, 127, -128, 127, -128, 127, -128, 127, -128, 127, -128, 127, -93, 94, -52, 50, -22, 3, -6, -42, -5, -81, -17, -110, -35, -128, -59, -128, -82, -128, -101, -122, -115, -110, -123, 127, 92, 127, 101, 127, 108, 127, 108, 127, 104, 127, 96, 127, 85, 127, 76, 127, 66, 127, 55, 127, 45, 127, 37, 127, 27, 127, 14, 127, -5, 127, -27, 127, -51, 127, -78, 127, -107, 127, -128, 127, -128, 127, -128, 127, -128, 127, -128, 127, -128, 127, -128]",esp32_2
CSI_DATA,114808,2025-08-27 15:23:47.489,0,walk,00:00:00:00:00:00,-65,11,0,0,0,0,0,0,0,0,0,-97,0,1,0,3438925416,0,14,0,0,0,104,0,"[0, 0, 127, -60, 127, -45, 127, -37, 127, -38, 127, -44, 127, -55, 127, -74, 124, -93, 125, -113, 120, -128, 127, -128, 127, -128, 127, -128, 127, -124, 127, -96, 127, -68, 127, -37, 115, -20, 93, -1, 56, 9, 22, 14, -8, 5, -36, -1, -51, -22, -58, -47, 9, 124, 5, 127, -1, 126, -5, 127, -4, 127, -3, 125, 2, 119, 12, 118, 18, 120, 23, 110, 38, 117, 44, 125, 39, 110, 45, 109, 47, 108, 51, 110, 47, 93, 54, 73, 52, 45, 65, 22, 72, -9, 96, -33, 127, -48, 127, -68, 127, -81, 127, -73]",esp32_1
CSI_DATA,117353,2025-08-27 15:23:47.495,0,walk,00:00:00:00:00:00,-44,11,0,0,0,0,0,0,0,0,0,-97,0,1,0,298420482,0,14,0,0,0,104,0,"[0, 0, -119, -128, -121, -128, -127, -128, -128, -128, -128, -128, -128, -128, -128, -128, -121, -128, -107, -128, -87, -128, -63, -128, -39, -128, -16, -128, 4, -128, 17, -98, 21, -51, 14, -7, -4, 30, -29, 58, -55, 75, -82, 83, -106, 81, -121, 71, -128, 59, -128, 48, 127, -60, 127, -48, 127, -37, 127, -33, 127, -34, 127, -40, 127, -48, 127, -58, 127, -66, 127, -72, 127, -75, 127, -74, 127, -73, 127, -74, 118, -80, 95, -89, 72, -100, 49, -113, 24, -128, -3, -128, -27, -128, -49, -128, -69, -128, -85, -128, -97, -128, -102, -128]",esp32_2
CSI_DATA,114809,2025-08-27 15:23:47.521,0,walk,00:00:00:00:00:00,-65,11,0,0,0,0,0,0,0,0,0,-97,0,1,0,3438935451,0,14,0,0,0,104,0,"[0, 0, 116, 127, 96, 127, 100, 127, 82, 127, 79, 127, 85, 127, 99, 119, 117, 96, 127, 93, 127, 87, 127, 100, 127, 109, 127, 116, 127, 127, 127, 127, 106, 127, 69, 127, 35, 110, 18, 87, -2, 58, -9, 27, -7, -1, 0, -29, 16, -58, 32, -66, -115, 62, -118, 55, -122, 48, -121, 49, -125, 46, -115, 45, -109, 44, -105, 50, -100, 56, -103, 66, -93, 80, -90, 88, -98, 81, -97, 89, -94, 83, -77, 89, -71, 84, -54, 81, -38, 71, -11, 74, 17, 79, 49, 87, 90, 114, 108, 127, 126, 127, 127, 127]",esp32_1
CSI_DATA,114810,2025-08-27 15:23:47.553,0,walk,00:00:00:00:00:00,-65,11,0,0,0,0,0,0,0,0,0,-97,0,1,0,3438945447,0,14,0,0,0,104,0,"[0, 0, -128, 65, -128, 50, -128, 40, -128, 41, -128, 41, -128, 54, -128, 65, -128, 91, -128, 108, -125, 125, -128, 127, -128, 127, -128, 127, -128, 117, -128, 92, -128, 66, -128, 40, -122, 13, -93, -4, -58, -8, -23, -15, 4, -3, 29, 6, 44, 30, 54, 46, -26, -127, -18, -128, -13, -128, -11, -128, -8, -128, -12, -127, -15, -119, -23, -118, -29, -120, -43, -107, -52, -118, -59, -119, -60, -109, -65, -109, -67, -109, -62, -109, -65, -93, -60, -79, -64, -48, -72, -23, -83, 5, -106, 36, -128, 49, -128, 81, -128, 92, -128, 81]",esp32_1
CSI_DATA,117355,2025-08-27 15:23:47.590,0,walk,00:00:00:00:00:00,-43,11,0,0,0,0,0,0,0,0,0,-97,0,1,0,299115812,0,14,0,0,0,104,0,"[0, 0, -128, 28, -128, 32, -128, 32, -128, 34, -128, 36, -128, 35, -128, 32, -128, 29, -128, 25, -128, 20, -128, 14, -98, 9, -68, 4, -39, -3, -14, -9, 6, -14, 22, -18, 32, -20, 39, -23, 42, -25, 41, -25, 39, -25, 35, -26, 31, -25, 28, -25, -128, 83, -128, 76, -128, 67, -128, 59, -128, 48, -128, 37, -109, 26, -70, 16, -25, 7, 24, -1, 74, -8, 121, -15, 127, -21, 127, -26, 127, -33, 127, -39, 127, -43, 127, -47, 127, -49, 127, -50, 127, -48, 127, -43, 127, -34, 89, -25, 29, -16, -16, -9]",esp32_2
CSI_DATA,117356,2025-08-27 15:23:47.621,0,walk,00:00:00:00:00:00,-42,11,0,0,0,0,0,0,0,0,0,-97,0,1,0,299125777,0,14,0,104,0,104,0,"[0, 0, -128, -25, -128, -26, -128, -32, -128, -35, -128, -36, -128, -37, -128, -37, -128, -34, -128, -32, -128, -29, -128, -27, -110, -23, -74, -17, -40, -14, -8, -11, 18, -8, 37, -4, 51, 0, 61, 1, 65, 1, 66, 2, 65, 2, 60, 1, 53, 0, 48, -1, -128, 127, -128, 127, -128, 127, -128, 119, -128, 100, -128, 79, -119, 56, -74, 34, -21, 13, 37, -6, 95, -22, 127, -33, 127, -42, 127, -48, 127, -55, 127, -61, 127, -63, 127, -65, 127, -64, 127, -62, 127, -58, 127, -53, 127, -48, 109, -43, 37, -36, -18, -30]",esp32_2
CSI_DATA,114812,2025-08-27 15:23:47.642,0,walk,00:00:00:00:00:00,-65,11,0,0,0,0,0,0,0,0,0,-97,0,1,0,3438965478,0,14,0,0,0,104,0,"[0, 0, 127, -118, 127, -100, 127, -85, 127, -81, 127, -74, 127, -83, 115, -93, 101, -109, 93, -128, 87, -128, 85, -128, 96, -128, 102, -128, 127, -128, 127, -125, 127, -101, 127, -69, 107, -40, 83, -20, 54, -3, 21, 8, -6, 8, -34, 3, -51, -15, -61, -31, 42, 119, 36, 122, 31, 123, 26, 121, 27, 123, 26, 114, 30, 109, 34, 110, 43, 103, 52, 90, 68, 98, 72, 93, 77, 87, 84, 84, 81, 85, 78, 86, 73, 76, 74, 62, 70, 25, 68, 4, 74, -22, 87, -54, 110, -72, 127, -111, 127, -128, 127, -124]",esp32_1
CSI_DATA,117357,2025-08-27 15:23:47.650,0,walk,00:00:00:00:00:00,-42,11,0,0,0,0,0,0,0,0,0,-97,0,1,0,299137288,0,14,0,0,0,104,0,"[0, 0, 126, 127, 127, 127, 127, 127, 127, 127, 127, 127, 127, 127, 127, 127, 127, 127, 122, 127, 103, 127, 81, 105, 58, 77, 38, 49, 20, 23, 4, 0, -9, -21, -18, -38, -24, -51, -27, -60, -30, -64, -31, -64, -31, -62, -28, -55, -25, -48, -23, -45, 127, -85, 127, -74, 127, -58, 127, -43, 127, -27, 127, -14, 122, -5, 73, -1, 18, -3, -42, -10, -101, -22, -128, -37, -128, -57, -128, -77, -128, -92, -128, -104, -128, -111, -128, -113, -128, -110, -128, -100, -128, -86, -128, -67, -128, -42, -122, -10, -64, 24, -19, 50]",esp32_2
CSI_DATA,117358,2025-08-27 15:23:47.676,0,walk,00:00:00:00:00:00,-41,11,0,0,0,0,0,0,0,0,0,-97,0,1,0,299147847,0,14,0,0,0,104,0,"[0, 0, 49, -128, 51, -128, 52, -128, 54, -128, 51, -128, 46, -128, 43, -128, 38, -128, 33, -128, 26, -128, 16, -126, 8, -89, 0, -54, -7, -21, -14, 7, -20, 31, -26, 49, -31, 62, -34, 70, -34, 72, -32, 71, -28, 69, -26, 63, -23, 56, -20, 51, -128, -128, -128, -128, -128, -128, -128, -128, -128, -128, -102, -128, -69, -105, -34, -65, 0, -16, 30, 39, 55, 95, 75, 127, 90, 127, 101, 127, 111, 127, 114, 127, 116, 127, 117, 127, 116, 127, 112, 127, 104, 127, 94, 127, 84, 127, 75, 96, 68, 31, 65, -19]",esp32_2
CSI_DATA,114813,2025-08-27 15:23:47.681,0,walk,00:00:00:00:00:00,-65,11,0,0,0,0,0,0,0,0,0,-97,0,1,0,3438975456,0,14,0,0,0,104,0,"[0, 0, 21, 127, 8, 127, 10, 127, 1, 127, 8, 127, 22, 127, 41, 127, 63, 127, 80, 127, 103, 126, 109, 127, 113, 127, 109, 127, 93, 127, 67, 127, 50, 127, 15, 127, -4, 112, -15, 84, -22, 52, -19, 22, -2, -4, 12, -27, 25, -46, 46, -47, -128, 9, -128, -1, -128, -9, -128, -14, -128, -13, -119, -14, -111, -9, -111, -8, -107, 8, -110, 22, -107, 32, -105, 44, -117, 45, -119, 51, -118, 50, -107, 55, -90, 50, -85, 54, -65, 58, -39, 72, -16, 87, 12, 106, 41, 127, 51, 127, 61, 127, 64, 127]",esp32_1
CSI_DATA,114814,2025-08-27 15:23:47.709,0,walk,00:00:00:00:00:00,-65,11,0,0,0,0,0,0,0,0,0,-97,0,1,0,3438985441,0,14,0,0,0,104,0,"[0, 0, -128, -128, -128, -128, -128, -128, -128, -128, -125, -128, -120, -114, -122, -85, -128, -68, -128, -47, -128, -35, -128, -36, -128, -49, -128, -51, -128, -71, -128, -84, -128, -91, -105, -93, -74, -88, -44, -75, -21, -48, -4, -29, 7, -2, 11, 24, 6, 55, -2, 70, 105, -78, 114, -71, 110, -66, 114, -60, 110, -60, 109, -61, 96, -55, 87, -64, 76, -68, 76, -79, 62, -93, 58, -105, 62, -101, 64, -110, 59, -108, 52, -112, 45, -106, 30, -94, 14, -83, -11, -74, -43, -69, -70, -71, -122, -82, -128, -94, -128, -109, -128, -128]",esp32_1
CSI_DATA,117359,2025-08-27 15:23:47.709,0,walk,00:00:00:00:00:00,-41,11,0,0,0,0,0,0,0,0,0,-97,0,1,0,299155763,0,14,0,0,0,104,0,"[0, 0, 127, 127, 127, 127, 127, 127, 127, 127, 127, 127, 127, 127, 127, 127, 127, 121, 127, 99, 127, 78, 106, 57, 74, 35, 44, 10, 18, -13, -6, -31, -25, -46, -38, -57, -46, -65, -52, -70, -56, -71, -57, -69, -56, -63, -52, -53, -49, -44, -46, -38, 127, -128, 127, -128, 127, -128, 127, -124, 127, -98, 127, -69, 121, -40, 71, -14, 15, 8, -47, 27, -110, 40, -128, 47, -128, 46, -128, 41, -128, 37, -128, 34, -128, 30, -128, 27, -128, 26, -128, 28, -128, 33, -128, 38, -128, 46, -103, 58, -35, 70, 17, 83]",esp32_2
CSI_DATA,117360,2025-08-27 15:23:47.731,0,walk,00:00:00:00:00:00,-41,11,0,0,0,0,0,0,0,0,0,-97,0,1,0,299166288,0,14,0,0,0,104,0,"[0, 0, 127, -34, 127, -47, 127, -55, 127, -57, 127, -54, 127, -51, 127, -47, 127, -44, 127, -42, 127, -38, 109, -31, 67, -26, 28, -24, -8, -24, -39, -22, -64, -20, -83, -19, -96, -20, -104, -20, -106, -17, -103, -14, -98, -9, -90, -3, -83, 3, -77, 8, -11, -128, 5, -128, 24, -128, 40, -128, 53, -128, 60, -128, 58, -117, 46, -60, 26, 2, -2, 64, -35, 122, -71, 127, -109, 127, -128, 127, -128, 127, -128, 127, -128, 127, -128, 127, -128, 127, -128, 127, -128, 127, -109, 127, -64, 127, -10, 120, 48, 79, 92, 51]",esp32_2
CSI_DATA,114815,2025-08-27 15:23:47.740,0,walk,00:00:00:00:00:00,-65,11,0,0,0,0,0,0,0,0,0,-97,0,1,0,3438998178,0,14,0,0,0,104,0,"[0, 0, 41, 127, 22, 127, 20, 127, 5, 127, 13, 127, 26, 127, 51, 127, 80, 127, 98, 127, 118, 127, 124, 127, 127, 127, 127, 127, 103, 127, 78, 127, 44, 127, 16, 127, -8, 127, -22, 100, -27, 58, -21, 25, 4, -6, 22, -26, 49, -51, 77, -50, -128, 54, -128, 42, -128, 26, -128, 22, -128, 19, -128, 16, -128, 22, -128, 25, -127, 39, -126, 56, -122, 70, -124, 79, -128, 84, -128, 88, -128, 95, -116, 99, -108, 98, -92, 94, -75, 95, -47, 103, -16, 111, 20, 127, 60, 127, 75, 127, 82, 127, 98, 127]",esp32_1
CSI_DATA,114816,2025-08-27 15:23:47.762,0,walk,00:00:00:00:00:00,-65,11,0,0,0,0,0,0,0,0,0,-97,0,1,0,3439006204,0,14,0,0,0,104,0,"[0, 0, -128, 127, -128, 127, -128, 127, -128, 116, -128, 117, -120, 104, -96, 114, -81, 121, -66, 127, -55, 127, -61, 127, -66, 127, -69, 127, -91, 127, -106, 127, -94, 118, -104, 83, -93, 59, -73, 34, -46, 13, -25, 5, 10, -2, 32, -3, 48, 7, 60, 23, -82, -97, -77, -106, -76, -108, -69, -114, -65, -105, -62, -107, -58, -90, -68, -87, -67, -80, -87, -59, -86, -64, -93, -64, -105, -55, -112, -53, -116, -51, -109, -49, -103, -48, -96, -33, -88, -6, -86, 15, -78, 50, -86, 76, -87, 101, -105, 127, -127, 127, -128, 127]",esp32_1
CSI_DATA,117361,2025-08-27 15:23:47.762,0,walk,00:00:00:00:00:00,-40,11,0,0,0,0,0,0,0,0,0,-97,0,1,0,299175783,0,14,0,152,40,104,0,"[0, 0, 64, 127, 78, 127, 87, 127, 88, 127, 82, 127, 74, 127, 67, 127, 59, 127, 52, 127, 48, 127, 42, 103, 35, 62, 32, 23, 31, -12, 30, -42, 29, -66, 29, -84, 31, -97, 31, -105, 27, -107, 21, -106, 16, -103, 9, -95, 4, -87, -1, -82, 127, -123, 127, -109, 127, -88, 127, -67, 127, -44, 127, -21, 117, -2, 63, 10, 4, 14, -59, 10, -121, 0, -128, -16, -128, -37, -128, -60, -128, -79, -128, -93, -128, -105, -128, -110, -128, -106, -128, -94, -128, -73, -128, -47, -128, -11, -122, 34, -73, 81, -37, 115]",esp32_2
CSI_DATA,117362,2025-08-27 15:23:47.784,0,walk,00:00:00:00:00:00,-40,11,0,0,0,0,0,0,0,0,0,-97,0,1,0,299185725,0,14,0,0,0,104,0,"[0, 0, 127, 36, 127, 34, 127, 32, 127, 35, 127, 37, 127, 37, 127, 35, 127, 30, 127, 22, 126, 13, 91, 5, 57, -4, 26, -15, -1, -27, -25, -37, -45, -46, -58, -54, -67, -61, -74, -64, -78, -65, -78, -63, -77, -59, -75, -51, -72, -44, -69, -39, -55, -128, -42, -128, -24, -128, -7, -128, 8, -128, 19, -124, 24, -84, 22, -41, 11, 6, -7, 54, -30, 100, -54, 127, -81, 127, -109, 127, -128, 127, -128, 127, -128, 127, -128, 127, -128, 127, -128, 127, -116, 127, -86, 127, -47, 127, 0, 105, 49, 82, 84, 65]",esp32_2
CSI_DATA,114817,2025-08-27 15:23:47.794,0,walk,00:00:00:00:00:00,-65,11,0,0,0,0,0,0,0,0,0,-97,0,1,0,3439016434,0,14,0,0,0,104,0,"[0, 0, -128, -87, -128, -98, -128, -109, -128, -105, -128, -86, -128, -65, -128, -27, -128, 0, -128, 22, -128, 47, -128, 53, -128, 40, -128, 33, -128, 20, -128, -4, -128, -32, -128, -46, -126, -57, -90, -60, -48, -42, -12, -26, 8, 3, 17, 28, 23, 64, 16, 88, 28, -128, 37, -128, 49, -128, 48, -128, 57, -128, 55, -128, 42, -128, 33, -128, 16, -128, 8, -128, -18, -128, -29, -128, -27, -128, -30, -128, -34, -128, -45, -128, -41, -128, -46, -128, -55, -106, -76, -81, -98, -54, -128, -31, -128, -21, -128, -8, -128, -12, -128, -29]",esp32_1
CSI_DATA,114818,2025-08-27 15:23:47.826,0,walk,00:00:00:00:00:00,-64,11,0,0,0,0,0,0,0,0,0,-97,0,1,0,3439025820,0,14,0,0,0,104,0,"[0, 0, -128, -128, -120, -128, -105, -128, -91, -128, -83, -128, -83, -128, -91, -125, -107, -102, -123, -95, -128, -86, -128, -96, -128, -102, -128, -113, -128, -123, -116, -127, -92, -125, -60, -119, -33, -99, -14, -76, -2, -51, 2, -22, -5, 3, -12, 25, -26, 49, -42, 55, 94, -92, 103, -84, 106, -76, 107, -69, 109, -66, 100, -65, 90, -57, 84, -64, 73, -68, 74, -80, 61, -89, 52, -100, 63, -101, 61, -113, 61, -108, 47, -112, 42, -105, 34, -102, 24, -93, -3, -87, -29, -83, -56, -93, -99, -100, -116, -124, -128, -128, -128, -128]",esp32_1
CSI_DATA,117364,2025-08-27 15:23:47.870,0,walk,00:00:00:00:00:00,-41,11,0,0,0,0,0,0,0,0,0,-97,0,1,0,299205746,0,14,0,0,0,104,0,"[0, 0, -128, -41, -128, -38, -128, -36, -128, -38, -128, -36, -128, -35, -128, -35, -128, -32, -128, -26, -128, -21, -116, -14, -70, -4, -27, 9, 13, 22, 49, 32, 77, 42, 99, 50, 114, 57, 125, 61, 127, 61, 127, 59, 125, 57, 119, 51, 113, 44, 107, 39, -12, 127, -27, 127, -46, 127, -60, 127, -69, 127, -69, 119, -57, 69, -37, 14, -9, -42, 27, -95, 69, -128, 110, -128, 127, -128, 127, -128, 127, -128, 127, -128, 127, -128, 127, -128, 127, -128, 127, -128, 127, -128, 115, -128, 64, -128, 3, -125, -62, -99, -111, -81]",esp32_2
CSI_DATA,117365,2025-08-27 15:23:47.902,0,walk,00:00:00:00:00:00,-41,11,0,0,0,0,0,0,0,0,0,-97,0,1,0,299215695,0,14,0,0,0,104,0,"[0, 0, -41, -128, -49, -128, -52, -128, -51, -128, -49, -128, -45, -128, -39, -128, -33, -128, -28, -128, -24, -128, -21, -106, -16, -58, -14, -13, -12, 28, -11, 63, -10, 92, -10, 112, -11, 126, -12, 127, -9, 127, -4, 127, 1, 127, 4, 121, 8, 112, 11, 106, -128, -36, -128, -50, -128, -66, -128, -75, -128, -79, -107, -75, -57, -61, -4, -38, 50, -7, 102, 29, 127, 69, 127, 107, 127, 127, 127, 127, 127, 127, 127, 127, 127, 127, 127, 127, 127, 127, 127, 127, 127, 127, 127, 99, 127, 48, 102, -13, 65, -76, 38, -123]",esp32_2
CSI_DATA,117366,2025-08-27 15:23:47.923,0,walk,00:00:00:00:00:00,-41,11,0,0,0,0,0,0,0,0,0,-97,0,1,0,299225700,0,14,0,0,0,104,0,"[0, 0, 127, 12, 127, 7, 127, 9, 127, 11, 127, 10, 127, 8, 127, 7, 127, 6, 127, 3, 127, 2, 98, 1, 51, -2, 8, -7, -29, -12, -62, -15, -88, -17, -107, -19, -119, -22, -126, -21, -127, -17, -124, -13, -118, -9, -110, -2, -102, 4, -97, 8, 127, -128, 127, -128, 127, -128, 127, -128, 127, -100, 109, -63, 76, -24, 34, 15, -15, 53, -68, 86, -123, 114, -128, 127, -128, 127, -128, 127, -128, 127, -128, 127, -128, 127, -128, 127, -128, 127, -128, 127, -128, 127, -128, 110, -79, 94, -8, 75, 65, 55, 120, 43]",esp32_2
CSI_DATA,114820,2025-08-27 15:23:47.933,0,walk,00:00:00:00:00:00,-64,11,0,0,0,0,0,0,0,0,0,-97,0,1,0,3439045472,0,14,0,0,0,104,0,"[0, 0, -128, -128, -128, -128, -128, -128, -128, -128, -128, -125, -128, -101, -128, -73, -128, -40, -128, -23, -128, -7, -128, -5, -128, -11, -128, -20, -128, -39, -128, -57, -128, -78, -128, -80, -102, -78, -66, -70, -38, -44, -11, -23, 0, 9, 10, 40, 6, 74, -12, 93, 57, -128, 68, -128, 75, -128, 79, -128, 85, -128, 78, -128, 68, -120, 58, -120, 40, -118, 30, -120, 9, -128, -4, -128, 4, -128, 0, -128, 0, -128, -18, -128, -21, -128, -28, -128, -34, -109, -55, -90, -80, -71, -120, -60, -128, -56, -128, -52, -128, -62, -128, -88]",esp32_1
CSI_DATA,114821,2025-08-27 15:23:47.956,0,walk,00:00:00:00:00:00,-65,11,0,0,0,0,0,0,0,0,0,-97,0,1,0,3439055453,0,14,0,0,0,104,0,"[0, 0, 127, -128, 127, -128, 127, -128, 127, -128, 127, -128, 119, -128, 97, -126, 77, -128, 61, -128, 51, -128, 46, -128, 52, -128, 61, -128, 84, -128, 95, -128, 94, -127, 100, -98, 88, -67, 75, -43, 48, -18, 19, -3, -15, 2, -39, 1, -58, -11, -69, -26, 113, 80, 106, 90, 99, 91, 95, 96, 89, 96, 84, 95, 78, 82, 83, 79, 87, 64, 93, 45, 104, 41, 109, 36, 121, 21, 127, 24, 127, 20, 127, 25, 120, 26, 117, 11, 99, -8, 88, -27, 77, -57, 77, -91, 83, -115, 94, -128, 104, -128, 127, -128]",esp32_1
CSI_DATA,117367,2025-08-27 15:23:47.956,0,walk,00:00:00:00:00:00,-41,11,0,0,0,0,0,0,0,0,0,-97,0,1,0,299235754,0,14,0,0,0,104,0,"[0, 0, -128, 127, -128, 127, -128, 127, -128, 127, -128, 127, -128, 127, -128, 127, -128, 127, -109, 116, -79, 87, -49, 58, -22, 32, 3, 8, 27, -14, 47, -33, 61, -49, 70, -60, 75, -68, 76, -73, 72, -76, 65, -76, 58, -74, 49, -72, 41, -70, 35, -68, -48, 127, -58, 127, -68, 127, -72, 127, -73, 122, -68, 86, -55, 43, -36, -3, -11, -51, 17, -100, 47, -128, 75, -128, 102, -128, 126, -128, 127, -128, 127, -128, 127, -128, 127, -128, 127, -128, 106, -128, 78, -128, 47, -128, 11, -84, -27, -34, -65, 15, -93, 51]",esp32_2
CSI_DATA,117368,2025-08-27 15:23:47.981,0,walk,00:00:00:00:00:00,-42,11,0,0,0,0,0,0,0,0,0,-97,0,1,0,299250130,0,14,0,0,0,104,0,"[0, 0, 127, -128, 127, -128, 127, -128, 127, -128, 127, -128, 127, -128, 127, -128, 122, -128, 93, -128, 63, -119, 34, -80, 8, -44, -17, -11, -38, 17, -56, 40, -69, 61, -78, 76, -84, 85, -85, 92, -82, 94, -75, 91, -68, 88, -59, 83, -50, 79, -44, 75, 14, -128, 27, -128, 41, -128, 52, -128, 58, -128, 58, -96, 50, -41, 34, 17, 12, 76, -14, 127, -42, 127, -70, 127, -96, 127, -118, 127, -128, 127, -128, 127, -128, 127, -124, 127, -105, 127, -80, 127, -49, 127, -16, 105, 18, 48, 55, -14, 93, -72, 121, -113]",esp32_2
CSI_DATA,114822,2025-08-27 15:23:47.998,0,walk,00:00:00:00:00:00,-65,11,0,0,0,0,0,0,0,0,0,-97,0,1,0,3439065439,0,14,0,0,0,104,0,"[0, 0, -128, -128, -128, -128, -128, -128, -128, -128, -128, -119, -128, -94, -128, -67, -128, -40, -128, -18, -128, 1, -128, 1, -128, -7, -128, -15, -128, -35, -128, -51, -128, -69, -128, -75, -98, -74, -66, -62, -36, -42, -8, -23, 8, 12, 11, 37, 12, 68, 1, 91, 63, -128, 75, -128, 83, -128, 82, -127, 88, -125, 81, -120, 72, -103, 61, -109, 37, -112, 29, -113, 13, -128, 4, -128, -2, -128, -2, -128, -3, -128, -10, -128, -15, -128, -22, -128, -29, -109, -46, -83, -74, -71, -110, -56, -128, -57, -128, -49, -128, -56, -128, -84]",esp32_1
CSI_DATA,114823,2025-08-27 15:23:48.020,0,walk,00:00:00:00:00:00,-65,11,0,0,0,0,0,0,0,0,0,-97,0,1,0,3439075452,0,14,0,0,0,104,0,"[0, 0, 127, 127, 127, 127, 127, 127, 127, 127, 127, 127, 127, 106, 127, 84, 127, 53, 127, 30, 127, 18, 127, 21, 127, 29, 127, 32, 127, 48, 127, 72, 127, 85, 126, 91, 90, 83, 57, 70, 27, 42, 4, 17, -8, -12, -7, -39, -3, -72, 11, -89, -71, 127, -77, 127, -87, 127, -92, 125, -94, 117, -89, 114, -73, 105, -64, 106, -50, 109, -39, 105, -24, 122, -8, 127, -9, 127, -4, 127, 0, 127, 7, 127, 1, 127, 11, 127, 23, 111, 40, 94, 71, 79, 106, 65, 127, 68, 127, 67, 127, 78, 127, 105]",esp32_1
CSI_DATA,114824,2025-08-27 15:23:48.052,0,walk,00:00:00:00:00:00,-65,11,0,0,0,0,0,0,0,0,0,-97,0,1,0,3439085438,0,14,0,0,0,104,0,"[0, 0, -128, 127, -128, 127, -128, 127, -128, 127, -119, 127, -93, 127, -72, 127, -46, 127, -32, 127, -22, 127, -14, 127, -17, 127, -24, 127, -46, 127, -59, 127, -69, 127, -77, 113, -75, 79, -61, 51, -44, 22, -18, 2, 15, -9, 37, -11, 58, -9, 76, 4, -127, -63, -120, -75, -115, -84, -108, -86, -103, -87, -98, -86, -86, -73, -90, -67, -86, -49, -99, -32, -106, -27, -113, -16, -125, -8, -128, -3, -128, -5, -128, -3, -126, -2, -118, 8, -105, 26, -88, 45, -71, 72, -64, 98, -58, 127, -63, 127, -73, 127, -89, 127]",esp32_1
CSI_DATA,117370,2025-08-27 15:23:48.074,0,walk,00:00:00:00:00:00,-45,11,0,0,0,0,0,0,0,0,0,-97,0,1,0,299265706,0,14,0,0,0,104,0,"[0, 0, 50, -128, 49, -128, 48, -128, 43, -128, 33, -128, 24, -128, 16, -128, 7, -128, -1, -128, -11, -125, -22, -74, -32, -26, -41, 17, -49, 54, -56, 82, -64, 104, -69, 119, -73, 127, -75, 127, -73, 127, -69, 121, -65, 112, -59, 100, -52, 87, -47, 78, -128, -109, -128, -119, -128, -125, -128, -121, -79, -107, -27, -79, 25, -37, 73, 13, 115, 72, 127, 127, 127, 127, 127, 127, 127, 127, 127, 127, 127, 127, 127, 127, 127, 127, 127, 127, 118, 127, 104, 124, 92, 58, 83, -15, 78, -89, 74, -128, 71, -128, 71, -128]",esp32_2
CSI_DATA,114825,2025-08-27 15:23:48.084,0,walk,00:00:00:00:00:00,-65,11,0,0,0,0,0,0,0,0,0,-97,0,1,0,3439095414,0,14,0,0,0,104,0,"[0, 0, -121, -128, -98, -128, -94, -128, -74, -128, -69, -128, -74, -128, -78, -128, -101, -114, -114, -109, -128, -103, -128, -111, -128, -118, -128, -125, -128, -128, -113, -128, -84, -128, -52, -125, -31, -102, -9, -79, 5, -48, 4, -19, 1, 11, -13, 37, -26, 57, -42, 68, 126, -66, 127, -57, 127, -47, 127, -41, 127, -39, 121, -30, 108, -32, 99, -36, 85, -48, 85, -60, 69, -77, 72, -87, 78, -97, 83, -106, 78, -106, 70, -116, 67, -111, 59, -106, 43, -97, 23, -95, -8, -95, -39, -107, -80, -124, -96, -128, -116, -128, -128, -128]",esp32_1
CSI_DATA,117371,2025-08-27 15:23:48.096,0,walk,00:00:00:00:00:00,-45,11,0,0,0,0,0,0,0,0,0,-97,0,1,0,299275722,0,14,0,0,0,104,0,"[0, 0, -128, -128, -128, -128, -128, -128, -128, -128, -128, -128, -128, -112, -128, -89, -123, -63, -99, -38, -75, -13, -54, 13, -35, 37, -19, 58, -7, 76, 2, 89, 9, 98, 13, 103, 13, 103, 12, 101, 11, 95, 9, 88, 9, 80, 9, 69, 9, 58, 8, 49, -51, 127, -61, 127, -67, 110, -64, 74, -50, 36, -26, -3, 7, -39, 46, -70, 91, -94, 127, -109, 127, -114, 127, -110, 127, -100, 127, -89, 127, -79, 127, -69, 127, -62, 127, -59, 120, -59, 73, -61, 23, -67, -29, -78, -80, -93, -128, -111, -128, -128, -128, -128]",esp32_2
CSI_DATA,114826,2025-08-27 15:23:48.109,0,walk,00:00:00:00:00:00,-65,11,0,0,0,0,0,0,0,0,0,-97,0,1,0,3439105702,0,14,0,0,0,104,0,"[0, 0, 82, 127, 65, 127, 57, 127, 46, 127, 49, 127, 49, 127, 60, 127, 78, 127, 98, 124, 110, 115, 119, 126, 126, 127, 124, 127, 111, 127, 84, 127, 60, 127, 36, 127, 9, 102, -2, 70, -14, 40, -9, 15, 1, -15, 14, -34, 33, -54, 55, -56, -128, 59, -128, 46, -128, 35, -128, 29, -128, 24, -122, 21, -113, 20, -97, 28, -90, 38, -86, 49, -80, 69, -75, 81, -83, 87, -86, 99, -90, 103, -78, 105, -76, 97, -67, 100, -53, 90, -30, 95, -6, 94, 26, 103, 66, 126, 82, 127, 98, 127, 117, 127]",esp32_1
CSI_DATA,117372,2025-08-27 15:23:48.129,0,walk,00:00:00:00:00:00,-46,11,0,0,0,0,0,0,0,0,0,-97,0,1,0,299285710,0,14,0,0,0,104,0,"[0, 0, 127, -128, 127, -119, 127, -107, 127, -96, 127, -86, 127, -79, 124, -74, 94, -73, 66, -72, 39, -72, 14, -74, -7, -76, -23, -79, -34, -80, -41, -79, -47, -77, -48, -75, -46, -73, -44, -69, -42, -63, -38, -57, -35, -49, -31, -42, -27, -35, -24, -30, -128, 26, -128, 12, -102, -2, -68, -6, -30, -1, 8, 15, 42, 41, 71, 75, 91, 112, 101, 127, 100, 127, 91, 127, 77, 127, 62, 127, 49, 127, 38, 127, 32, 127, 34, 127, 43, 95, 56, 53, 76, 10, 102, -30, 127, -65, 127, -95, 127, -116, 127, -126]",esp32_2
CSI_DATA,117373,2025-08-27 15:23:48.162,0,walk,00:00:00:00:00:00,-47,11,0,0,0,0,0,0,0,0,0,-97,0,1,0,299295685,0,14,0,0,0,104,0,"[0, 0, 127, 87, 127, 91, 127, 91, 127, 83, 127, 68, 127, 50, 127, 31, 126, 11, 114, -9, 104, -26, 99, -40, 94, -52, 91, -60, 88, -62, 83, -62, 76, -59, 70, -55, 64, -50, 56, -45, 46, -41, 37, -38, 30, -35, 22, -33, 17, -31, 14, -29, -128, 61, -128, 46, -115, 31, -83, 27, -49, 35, -17, 53, 9, 81, 27, 117, 36, 127, 33, 127, 21, 127, 1, 127, -21, 127, -38, 127, -47, 127, -51, 127, -44, 127, -25, 127, 2, 97, 36, 68, 76, 44, 121, 29, 127, 23, 127, 26, 127, 37, 127, 48]",esp32_2
CSI_DATA,117374,2025-08-27 15:23:48.189,0,walk,00:00:00:00:00:00,-48,11,0,0,0,0,0,0,0,0,0,-97,0,1,0,299305809,0,14,0,0,0,104,0,"[0, 0, -128, -128, -128, -128, -128, -128, -128, -128, -117, -128, -112, -128, -115, -128, -124, -102, -128, -81, -128, -65, -128, -58, -128, -54, -128, -54, -128, -56, -128, -58, -111, -57, -92, -53, -73, -48, -57, -38, -43, -26, -35, -14, -31, -2, -28, 7, -27, 13, -29, 13, 127, -82, 127, -60, 127, -41, 127, -37, 127, -46, 110, -68, 87, -98, 77, -128, 79, -128, 90, -128, 110, -128, 127, -128, 127, -128, 127, -128, 127, -128, 127, -128, 127, -128, 94, -122, 46, -105, -8, -96, -65, -100, -121, -119, -128, -128, -128, -128, -128, -128, -128, -128]",esp32_2
CSI_DATA,117375,2025-08-27 15:23:48.221,0,walk,00:00:00:00:00:00,-49,11,0,0,0,0,0,0,0,0,0,-97,0,1,0,299315743,0,14,0,0,0,104,0,"[0, 0, 127, 66, 127, 66, 127, 61, 127, 47, 127, 28, 127, 6, 127, -14, 127, -34, 127, -48, 127, -54, 127, -54, 127, -48, 127, -37, 127, -23, 127, -7, 111, 7, 88, 18, 65, 23, 43, 22, 23, 15, 7, 7, -3, -3, -8, -14, -7, -23, -4, -27, -115, 127, -123, 127, -127, 127, -120, 127, -104, 127, -79, 127, -48, 127, -20, 127, 4, 127, 17, 127, 21, 127, 16, 127, 4, 127, -8, 127, -16, 127, -19, 127, -16, 127, -5, 120, 15, 85, 45, 53, 81, 26, 124, 7, 127, 1, 127, 6, 127, 16, 127, 27]",esp32_2
CSI_DATA,114829,2025-08-27 15:23:48.232,0,walk,00:00:00:00:00:00,-64,11,0,0,0,0,0,0,0,0,0,-97,0,1,0,3439135449,0,14,0,0,0,104,0,"[0, 0, -83, 127, -98, 127, -92, 127, -100, 127, -87, 127, -67, 127, -46, 127, -28, 127, -9, 127, 7, 127, 17, 127, 15, 127, 10, 127, -11, 127, -25, 127, -37, 127, -55, 118, -54, 83, -55, 56, -38, 27, -12, 4, 12, -9, 31, -17, 57, -19, 70, -15, -128, -23, -128, -32, -128, -45, -128, -49, -121, -53, -112, -57, -101, -47, -97, -40, -92, -23, -98, -2, -98, 8, -101, 22, -113, 30, -124, 39, -128, 40, -128, 39, -123, 39, -114, 45, -101, 50, -83, 63, -65, 80, -50, 103, -30, 124, -27, 127, -24, 127, -30, 127]",esp32_1
CSI_DATA,117376,2025-08-27 15:23:48.253,0,walk,00:00:00:00:00:00,-50,11,0,0,0,0,0,0,0,0,0,-97,0,1,0,299325712,0,14,0,0,0,104,0,"[0, 0, -43, 127, -32, 127, -15, 127, 6, 127, 28, 127, 50, 127, 67, 127, 79, 127, 84, 127, 82, 127, 76, 127, 64, 127, 46, 127, 23, 127, 2, 127, -17, 105, -33, 77, -41, 48, -42, 20, -37, -4, -27, -24, -14, -37, -2, -44, 8, -45, 14, -43, -128, -128, -113, -128, -86, -128, -67, -128, -58, -128, -57, -128, -67, -128, -87, -122, -111, -104, -128, -94, -128, -89, -128, -90, -128, -94, -128, -97, -128, -94, -128, -83, -112, -67, -86, -45, -62, -14, -41, 24, -25, 65, -16, 108, -15, 127, -21, 127, -30, 127, -38, 127]",esp32_2
CSI_DATA,114830,2025-08-27 15:23:48.261,0,walk,00:00:00:00:00:00,-64,11,0,0,0,0,0,0,0,0,0,-97,0,1,0,3439145466,0,14,0,0,0,104,0,"[0, 0, -128, 60, -128, 43, -128, 25, -128, 19, -128, 23, -128, 24, -128, 38, -128, 57, -128, 75, -127, 86, -128, 98, -128, 102, -128, 105, -128, 86, -128, 69, -128, 47, -127, 21, -102, 1, -77, -9, -44, -12, -12, -11, 17, -6, 33, 12, 46, 35, 49, 56, -32, -128, -20, -128, -14, -128, -7, -128, 0, -128, 3, -123, 1, -112, -6, -105, -18, -95, -31, -82, -54, -88, -66, -88, -72, -80, -89, -87, -90, -88, -98, -98, -93, -92, -96, -84, -92, -65, -85, -43, -92, -16, -103, 10, -128, 31, -128, 59, -128, 77, -128, 72]",esp32_1
CSI_DATA,114831,2025-08-27 15:23:48.286,0,walk,00:00:00:00:00:00,-64,11,0,0,0,0,0,0,0,0,0,-97,0,1,0,3439155435,0,14,0,0,0,104,0,"[0, 0, 75, -128, 89, -128, 93, -128, 95, -128, 88, -128, 65, -128, 48, -128, 23, -128, 7, -128, -11, -128, -23, -128, -19, -128, -18, -128, 3, -128, 17, -128, 32, -128, 50, -121, 53, -88, 51, -58, 38, -31, 15, -7, -6, 10, -34, 21, -52, 25, -72, 17, 127, 27, 127, 40, 125, 47, 123, 56, 114, 58, 109, 58, 95, 52, 94, 44, 89, 33, 92, 11, 95, -5, 98, -17, 108, -32, 121, -38, 127, -43, 126, -41, 124, -41, 115, -45, 105, -53, 87, -60, 63, -76, 52, -101, 27, -120, 25, -128, 24, -128, 26, -128]",esp32_1
CSI_DATA,114832,2025-08-27 15:23:48.317,0,walk,00:00:00:00:00:00,-64,11,0,0,0,0,0,0,0,0,0,-97,0,1,0,3439165493,0,14,0,0,0,104,0,"[0, 0, 127, -128, 127, -128, 127, -128, 127, -128, 119, -128, 101, -128, 78, -128, 57, -128, 44, -128, 27, -128, 18, -128, 17, -128, 23, -128, 43, -128, 55, -128, 63, -128, 71, -103, 72, -77, 61, -44, 42, -18, 15, -4, -10, 12, -35, 16, -54, 13, -73, 1, 118, 63, 114, 77, 109, 81, 103, 87, 96, 89, 87, 87, 79, 81, 78, 67, 76, 53, 82, 34, 89, 28, 98, 12, 111, 0, 123, -6, 127, -11, 127, -11, 127, -7, 121, -11, 111, -28, 95, -35, 80, -57, 66, -86, 62, -108, 65, -128, 71, -128, 81, -128]",esp32_1
CSI_DATA,114833,2025-08-27 15:23:48.349,0,walk,00:00:00:00:00:00,-65,11,0,0,0,0,0,0,0,0,0,-97,0,1,0,3439189335,0,14,0,0,0,104,0,"[0, 0, -128, -128, -128, -128, -128, -128, -118, -128, -103, -128, -97, -128, -94, -128, -114, -105, -117, -92, -128, -74, -128, -77, -128, -87, -128, -90, -128, -102, -128, -111, -103, -115, -76, -106, -45, -95, -21, -78, 0, -49, 14, -28, 17, 8, 5, 34, -1, 62, -18, 77, 111, -83, 119, -78, 123, -63, 120, -61, 124, -53, 120, -48, 105, -42, 95, -42, 80, -53, 72, -56, 49, -74, 44, -90, 47, -95, 44, -110, 46, -120, 36, -127, 34, -126, 32, -127, 23, -115, 8, -104, -17, -99, -44, -95, -87, -102, -111, -110, -128, -125, -128, -128]",esp32_1
CSI_DATA,114834,2025-08-27 15:23:48.371,0,walk,00:00:00:00:00:00,-65,11,0,0,0,0,0,0,0,0,0,-97,0,1,0,3439216027,0,14,0,0,0,104,0,"[0, 0, 127, -128, 127, -128, 127, -127, 127, -112, 127, -95, 127, -89, 127, -92, 116, -101, 98, -113, 85, -125, 86, -128, 87, -128, 92, -128, 111, -128, 115, -120, 113, -94, 114, -64, 101, -36, 78, -13, 53, 5, 23, 15, -10, 19, -35, 12, -56, 0, -66, -20, 66, 107, 64, 115, 51, 122, 47, 120, 42, 122, 37, 121, 33, 105, 36, 103, 44, 85, 50, 70, 61, 65, 75, 56, 82, 47, 101, 41, 108, 43, 110, 44, 112, 46, 115, 35, 104, 19, 101, 0, 94, -23, 93, -53, 104, -65, 116, -108, 127, -128, 127, -128]",esp32_1
CSI_DATA,117379,2025-08-27 15:23:48.371,0,walk,00:00:00:00:00:00,-48,11,0,0,0,0,0,0,0,0,0,-97,0,1,0,299357766,0,14,0,0,0,104,0,"[0, 0, 101, 127, 127, 127, 127, 127, 127, 127, 127, 127, 127, 127, 127, 127, 127, 127, 127, 127, 127, 127, 122, 127, 90, 127, 54, 118, 17, 99, -16, 75, -44, 48, -67, 17, -84, -15, -94, -44, -96, -68, -92, -88, -85, -100, -76, -105, -66, -105, -58, -102, 9, -128, 19, -128, 29, -128, 32, -128, 29, -128, 21, -125, 9, -105, -6, -88, -20, -74, -34, -60, -45, -47, -50, -34, -50, -20, -48, -3, -45, 19, -42, 43, -37, 68, -30, 93, -26, 117, -22, 127, -16, 127, -10, 127, -3, 127, 8, 127, 21, 127, 34, 127]",esp32_2
CSI_DATA,117380,2025-08-27 15:23:48.404,0,walk,00:00:00:00:00:00,-48,11,0,0,0,0,0,0,0,0,0,-97,0,1,0,299365725,0,14,0,0,0,104,0,"[0, 0, 127, -128, 127, -128, 127, -128, 127, -128, 125, -128, 121, -128, 121, -128, 121, -128, 121, -128, 119, -128, 118, -128, 117, -120, 113, -76, 103, -28, 86, 19, 66, 64, 42, 102, 14, 127, -15, 127, -40, 127, -60, 127, -74, 127, -83, 127, -87, 127, -87, 127, -128, -91, -128, -97, -128, -99, -128, -95, -128, -85, -122, -71, -101, -52, -82, -31, -65, -11, -49, 5, -33, 19, -14, 27, 7, 32, 31, 35, 58, 37, 85, 37, 115, 37, 127, 33, 127, 27, 127, 21, 127, 13, 127, 2, 127, -13, 127, -31, 127, -51, 127, -67]",esp32_2
CSI_DATA,117381,2025-08-27 15:23:48.428,0,walk,00:00:00:00:00:00,-46,11,0,0,0,0,0,0,0,0,0,-97,0,1,0,299379974,0,14,0,0,0,104,0,"[0, 0, -128, 67, -128, 98, -128, 123, -128, 127, -128, 127, -128, 127, -128, 127, -128, 126, -128, 108, -128, 83, -128, 50, -128, 15, -103, -20, -56, -55, -8, -82, 42, -103, 91, -116, 127, -118, 127, -113, 127, -103, 127, -88, 127, -74, 127, -61, 127, -50, 127, -43, 127, 127, 114, 127, 92, 127, 74, 127, 59, 127, 44, 123, 31, 95, 21, 66, 12, 38, 2, 9, -10, -20, -23, -46, -37, -70, -53, -96, -71, -119, -86, -128, -103, -128, -123, -128, -128, -128, -128, -128, -128, -128, -128, -128, -128, -128, -128, -103, -128, -74, -128, -52]",esp32_2
CSI_DATA,117382,2025-08-27 15:23:48.460,0,walk,00:00:00:00:00:00,-44,11,0,0,0,0,0,0,0,0,0,-97,0,1,0,299385702,0,14,0,0,0,104,0,"[0, 0, -128, -62, -128, -43, -128, -32, -128, -26, -128, -23, -128, -24, -128, -28, -128, -32, -128, -38, -128, -45, -128, -53, -125, -61, -73, -64, -20, -63, 32, -57, 83, -45, 126, -27, 127, -4, 127, 20, 127, 42, 127, 62, 127, 77, 127, 83, 127, 84, 127, 83, 51, 127, 39, 127, 27, 127, 19, 127, 12, 127, 5, 125, 2, 97, 0, 68, 0, 36, 1, 3, 2, -30, 1, -62, -1, -94, -2, -125, -3, -128, -5, -128, -8, -128, -14, -128, -22, -128, -32, -128, -46, -128, -67, -128, -91, -128, -119, -128, -128, -128, -128, -128]",esp32_2
CSI_DATA,114836,2025-08-27 15:23:48.469,0,walk,00:00:00:00:00:00,-65,11,0,0,0,0,0,0,0,0,0,-97,0,1,0,3439311438,0,14,0,0,0,104,0,"[0, 0, 127, -71, 127, -67, 127, -38, 127, -50, 127, -46, 127, -61, 127, -83, 127, -103, 127, -123, 127, -128, 127, -128, 127, -128, 127, -128, 127, -128, 127, -128, 127, -90, 127, -67, 127, -26, 127, 2, 77, 22, 31, 34, -3, 35, -42, 27, -72, 3, -92, -27, -15, 127, -25, 127, -31, 127, -41, 127, -36, 127, -34, 127, -28, 127, -13, 127, -4, 127, 20, 112, 36, 127, 55, 127, 55, 121, 67, 125, 76, 127, 65, 112, 82, 122, 81, 85, 102, 61, 106, 37, 121, -10, 127, -30, 127, -51, 127, -97, 127, -112, 127, -109]",esp32_1
CSI_DATA,114837,2025-08-27 15:23:48.495,0,walk,00:00:00:00:00:00,-66,11,0,0,0,0,0,0,0,0,0,-97,0,1,0,3439338106,0,14,0,0,0,104,0,"[0, 0, -128, 127, -128, 127, -128, 120, -128, 108, -128, 99, -128, 91, -108, 94, -89, 108, -69, 115, -62, 127, -50, 127, -57, 127, -62, 127, -84, 127, -98, 127, -104, 127, -108, 101, -108, 66, -95, 41, -73, 13, -42, -6, -12, -17, 15, -21, 41, -18, 56, -3, -57, -111, -52, -114, -44, -118, -40, -115, -39, -112, -40, -112, -41, -98, -43, -94, -54, -85, -72, -74, -77, -77, -82, -72, -91, -67, -100, -66, -101, -67, -98, -61, -95, -54, -90, -43, -87, -19, -82, 8, -82, 36, -87, 70, -101, 87, -119, 126, -128, 127, -128, 127]",esp32_1
CSI_DATA,117383,2025-08-27 15:23:48.495,0,walk,00:00:00:00:00:00,-43,11,0,0,0,0,0,0,0,0,0,-97,0,1,0,299395708,0,14,0,0,0,104,0,"[0, 0, 127, -128, 127, -128, 127, -128, 127, -128, 127, -128, 127, -128, 127, -128, 127, -128, 127, -128, 127, -128, 127, -110, 124, -66, 100, -21, 73, 22, 43, 62, 11, 100, -22, 127, -56, 127, -86, 127, -110, 127, -127, 127, -128, 127, -128, 127, -128, 113, -124, 101, -128, -112, -128, -116, -128, -117, -128, -113, -128, -107, -112, -96, -84, -79, -55, -58, -25, -35, 4, -9, 32, 19, 59, 47, 83, 72, 107, 95, 127, 115, 127, 127, 127, 127, 127, 127, 127, 127, 127, 123, 127, 99, 127, 69, 127, 35, 127, -6, 127, -51, 127, -85]",esp32_2
CSI_DATA,114838,2025-08-27 15:23:48.518,0,walk,00:00:00:00:00:00,-65,11,0,0,0,0,0,0,0,0,0,-97,0,1,0,3439373914,0,14,0,0,0,104,0,"[0, 0, -128, 127, -128, 127, -128, 115, -128, 97, -128, 76, -128, 69, -128, 66, -128, 77, -128, 91, -106, 107, -91, 121, -91, 127, -89, 127, -107, 127, -119, 127, -118, 127, -123, 113, -120, 85, -109, 58, -85, 35, -59, 12, -34, 4, 0, 3, 23, 9, 44, 24, -53, -128, -43, -128, -30, -128, -24, -128, -14, -128, -13, -128, -20, -110, -29, -99, -45, -82, -58, -70, -87, -75, -105, -71, -117, -67, -128, -74, -128, -81, -128, -86, -128, -85, -128, -80, -117, -63, -105, -36, -102, -6, -102, 31, -128, 69, -128, 110, -128, 127, -128, 127]",esp32_1
CSI_DATA,117384,2025-08-27 15:23:48.528,0,walk,00:00:00:00:00:00,-42,11,0,0,0,0,0,0,0,0,0,-97,0,1,0,299405696,0,14,0,0,0,104,0,"[0, 0, -128, 127, -128, 127, -128, 127, -128, 127, -128, 127, -127, 127, -127, 127, -126, 127, -122, 127, -118, 127, -115, 127, -110, 93, -98, 38, -81, -18, -60, -70, -35, -116, -8, -128, 24, -128, 54, -128, 75, -128, 90, -128, 100, -128, 102, -128, 97, -128, 90, -128, 127, 11, 127, 22, 127, 34, 127, 39, 127, 42, 127, 43, 127, 39, 90, 30, 48, 18, 6, 2, -36, -19, -74, -38, -110, -57, -128, -75, -128, -89, -128, -100, -128, -106, -128, -102, -128, -90, -128, -69, -128, -40, -128, -6, -128, 33, -128, 78, -128, 124, -128, 127]",esp32_2
CSI_DATA,114839,2025-08-27 15:23:48.550,0,walk,00:00:00:00:00:00,-64,11,0,0,0,0,0,0,0,0,0,-97,0,1,0,3439399310,0,14,0,0,0,104,0,"[0, 0, -128, 68, -128, 56, -128, 33, -128, 17, -128, 21, -128, 15, -128, 20, -128, 27, -128, 29, -128, 38, -128, 47, -128, 58, -128, 67, -128, 48, -128, 43, -115, 35, -119, 20, -96, 15, -81, 3, -53, 4, -32, 7, -10, 9, 8, 23, 18, 42, 14, 59, -53, -124, -45, -128, -32, -128, -28, -128, -12, -127, -5, -128, -4, -112, -8, -105, -14, -94, -23, -67, -40, -67, -58, -66, -70, -59, -89, -63, -104, -75, -103, -78, -109, -80, -103, -65, -109, -58, -96, -40, -103, -11, -111, 7, -120, 28, -128, 52, -128, 75, -128, 80]",esp32_1
CSI_DATA,117385,2025-08-27 15:23:48.550,0,walk,00:00:00:00:00:00,-41,11,0,0,0,0,0,0,0,0,0,-97,0,1,0,299415991,0,14,0,0,0,104,0,"[0, 0, 13, 127, 33, 127, 50, 127, 58, 127, 59, 127, 56, 127, 47, 127, 35, 127, 20, 127, 1, 127, -21, 127, -43, 127, -61, 81, -76, 29, -85, -24, -88, -73, -84, -117, -72, -128, -56, -128, -39, -128, -23, -128, -10, -128, 0, -128, 4, -128, 3, -128, 127, -104, 127, -91, 127, -75, 127, -61, 127, -48, 127, -34, 126, -22, 87, -15, 46, -11, 2, -9, -41, -9, -81, -10, -118, -12, -128, -14, -128, -15, -128, -14, -128, -10, -128, -1, -128, 13, -128, 31, -128, 54, -128, 82, -128, 114, -123, 127, -91, 127, -67, 127]",esp32_2
CSI_DATA,117386,2025-08-27 15:23:48.581,0,walk,00:00:00:00:00:00,-42,11,0,0,0,0,0,0,0,0,0,-97,0,1,0,299425812,0,14,0,0,0,104,0,"[0, 0, 127, 127, 127, 127, 127, 127, 127, 127, 127, 127, 127, 127, 127, 127, 127, 127, 127, 127, 127, 127, 127, 127, 75, 118, 23, 92, -27, 60, -68, 20, -101, -23, -123, -65, -128, -106, -128, -128, -120, -128, -104, -128, -85, -128, -68, -128, -55, -128, -46, -128, -128, -128, -128, -128, -124, -128, -100, -128, -78, -128, -59, -128, -45, -127, -37, -83, -36, -37, -41, 12, -48, 58, -57, 98, -68, 127, -78, 127, -85, 127, -89, 127, -88, 127, -78, 127, -63, 127, -41, 127, -12, 127, 21, 127, 59, 127, 100, 127, 127, 127, 127, 127]",esp32_2
CSI_DATA,114841,2025-08-27 15:23:48.633,0,walk,00:00:00:00:00:00,-63,11,0,0,0,0,0,0,0,0,0,-97,0,1,0,3439470882,0,14,0,0,0,104,0,"[0, 0, 127, 127, 127, 127, 127, 127, 127, 127, 127, 127, 127, 127, 127, 127, 127, 118, 127, 109, 127, 93, 127, 95, 126, 89, 125, 85, 116, 83, 99, 80, 84, 77, 60, 67, 48, 56, 31, 38, 24, 19, 13, 2, 15, -21, 17, -35, 26, -55, 37, -65, -45, 122, -63, 122, -68, 114, -79, 111, -84, 103, -85, 94, -78, 78, -71, 73, -60, 69, -51, 66, -29, 70, -11, 70, -8, 77, 7, 89, 12, 93, 29, 104, 31, 105, 40, 105, 38, 98, 51, 94, 66, 84, 90, 77, 121, 73, 127, 78, 127, 83, 127, 97]",esp32_1
CSI_DATA,114842,2025-08-27 15:23:48.655,0,walk,00:00:00:00:00:00,-64,11,0,0,0,0,0,0,0,0,0,-97,0,1,0,3439507561,0,14,0,0,0,104,0,"[0, 0, -128, 116, -128, 103, -128, 89, -128, 85, -128, 79, -128, 74, -128, 75, -128, 85, -128, 87, -128, 96, -128, 97, -128, 91, -128, 85, -128, 71, -128, 51, -128, 31, -111, 13, -86, -1, -60, -11, -29, -14, 1, -13, 30, -4, 46, 10, 60, 33, 65, 55, -48, -125, -37, -128, -35, -128, -27, -128, -20, -128, -11, -128, -10, -124, -12, -123, -14, -112, -22, -97, -33, -94, -39, -89, -47, -74, -58, -69, -65, -56, -80, -61, -83, -52, -88, -44, -87, -19, -96, -3, -102, 20, -115, 42, -128, 60, -128, 92, -128, 113, -128, 113]",esp32_1
CSI_DATA,117388,2025-08-27 15:23:48.663,0,walk,00:00:00:00:00:00,-42,11,0,0,0,0,0,0,0,0,0,-97,0,1,0,299445692,0,14,0,0,0,104,0,"[0, 0, -128, -128, -128, -128, -128, -128, -128, -128, -128, -128, -128, -128, -128, -128, -128, -128, -121, -128, -89, -128, -58, -128, -28, -117, -3, -69, 15, -17, 25, 33, 25, 81, 15, 120, -3, 127, -26, 127, -49, 127, -70, 127, -85, 127, -90, 127, -86, 117, -80, 99, 127, 127, 127, 127, 127, 127, 127, 127, 111, 127, 84, 127, 64, 94, 52, 53, 48, 8, 50, -36, 59, -76, 68, -109, 78, -128, 87, -128, 91, -128, 90, -128, 84, -128, 72, -128, 54, -128, 29, -128, -2, -128, -34, -128, -68, -128, -102, -128, -128, -128, -128, -128]",esp32_2
CSI_DATA,114843,2025-08-27 15:23:48.676,0,walk,00:00:00:00:00:00,-65,11,0,0,0,0,0,0,0,0,0,-97,0,1,0,3439580545,0,14,0,0,0,104,0,"[0, 0, 49, 127, 46, 127, 52, 127, 57, 127, 59, 127, 69, 127, 84, 127, 97, 127, 104, 127, 109, 127, 114, 127, 107, 127, 97, 127, 67, 127, 49, 127, 26, 127, -1, 120, -22, 89, -35, 58, -40, 22, -31, -11, -25, -39, -11, -66, 7, -88, 28, -97, -121, -40, -127, -55, -123, -59, -127, -59, -126, -62, -124, -68, -120, -66, -115, -68, -112, -60, -116, -52, -106, -44, -98, -33, -99, -25, -93, -14, -86, -4, -73, 5, -62, 17, -45, 30, -36, 51, -23, 67, -1, 87, 15, 106, 39, 127, 45, 127, 52, 127, 66, 127]",esp32_1
CSI_DATA,117389,2025-08-27 15:23:48.686,0,walk,00:00:00:00:00:00,-41,11,0,0,0,0,0,0,0,0,0,-97,0,1,0,299460510,0,14,0,0,0,104,0,"[0, 0, -128, -128, -128, -128, -128, -128, -128, -128, -128, -128, -128, -128, -128, -128, -128, -128, -128, -128, -128, -128, -100, -128, -73, -108, -49, -73, -30, -34, -20, 6, -20, 46, -29, 78, -47, 100, -68, 115, -88, 117, -106, 107, -117, 91, -118, 70, -110, 49, -100, 33, 127, -128, 127, -112, 127, -86, 127, -63, 127, -48, 127, -40, 116, -41, 86, -53, 58, -72, 32, -97, 14, -124, 3, -128, -2, -128, -3, -128, -4, -128, -7, -128, -10, -128, -17, -128, -28, -128, -45, -128, -66, -128, -91, -128, -121, -128, -128, -128, -128, -128, -128, -128]",esp32_2
CSI_DATA,114844,2025-08-27 15:23:48.699,0,walk,00:00:00:00:00:00,-65,11,0,0,0,0,0,0,0,0,0,-97,0,1,0,3439605962,0,14,0,0,0,104,0,"[0, 0, 127, -128, 127, -128, 127, -128, 127, -128, 122, -128, 96, -128, 78, -128, 59, -128, 47, -128, 36, -128, 32, -128, 35, -128, 42, -128, 61, -128, 77, -128, 79, -128, 97, -119, 94, -88, 92, -54, 74, -18, 53, 11, 25, 38, 1, 51, -25, 61, -52, 59, -9, 113, -6, 122, -13, 120, -11, 123, -10, 126, -4, 127, -2, 127, 2, 127, 9, 127, 16, 127, 23, 127, 24, 127, 33, 123, 40, 119, 40, 116, 37, 102, 36, 95, 34, 78, 36, 47, 42, 22, 45, -9, 52, -44, 63, -70, 89, -104, 101, -128, 119, -128]",esp32_1
CSI_DATA,114845,2025-08-27 15:23:48.719,0,walk,00:00:00:00:00:00,-65,11,0,0,0,0,0,0,0,0,0,-97,0,1,0,3439655064,0,14,0,0,0,104,0,"[0, 0, 127, -60, 127, -50, 127, -39, 127, -40, 127, -35, 127, -44, 127, -45, 127, -59, 127, -64, 127, -70, 127, -72, 127, -67, 127, -55, 127, -38, 127, -20, 127, -2, 127, 18, 103, 26, 74, 30, 41, 27, 9, 20, -13, 3, -27, -16, -35, -41, -34, -62, 54, 110, 49, 117, 43, 121, 38, 127, 31, 127, 25, 123, 23, 121, 28, 114, 27, 105, 36, 98, 51, 99, 63, 92, 65, 80, 75, 81, 87, 82, 91, 88, 91, 86, 94, 84, 92, 65, 91, 44, 94, 28, 107, 3, 122, -11, 127, -39, 127, -56, 127, -55]",esp32_1
CSI_DATA,117390,2025-08-27 15:23:48.719,0,walk,00:00:00:00:00:00,-42,11,0,0,0,0,0,0,0,0,0,-97,0,1,0,299467144,0,14,0,0,0,104,0,"[0, 0, -9, -128, -6, -128, -1, -128, 8, -128, 18, -128, 29, -128, 39, -128, 48, -128, 53, -128, 54, -128, 52, -128, 46, -128, 32, -91, 12, -55, -13, -24, -41, -2, -72, 9, -99, 9, -121, 1, -128, -13, -128, -29, -128, -45, -117, -56, -95, -61, -78, -62, 127, 90, 127, 108, 127, 123, 127, 127, 127, 122, 127, 105, 109, 77, 98, 43, 96, 5, 101, -32, 113, -64, 127, -87, 127, -104, 127, -117, 127, -127, 127, -128, 127, -128, 127, -128, 127, -128, 127, -128, 117, -128, 94, -128, 69, -128, 46, -128, 25, -128, 12, -128]",esp32_2
CSI_DATA,117391,2025-08-27 15:23:48.741,0,walk,00:00:00:00:00:00,-42,11,0,0,0,0,0,0,0,0,0,-97,0,1,0,299475687,0,14,0,0,0,104,0,"[0, 0, 127, 53, 127, 57, 127, 63, 127, 72, 127, 80, 127, 83, 127, 84, 127, 83, 127, 78, 127, 69, 127, 59, 120, 46, 84, 30, 52, 8, 23, -18, 0, -47, -15, -76, -18, -104, -13, -127, -2, -128, 12, -128, 26, -128, 37, -126, 42, -109, 43, -92, -128, 127, -128, 127, -128, 127, -128, 127, -128, 95, -128, 70, -124, 57, -76, 59, -29, 73, 16, 96, 52, 125, 76, 127, 91, 127, 101, 127, 107, 127, 110, 127, 113, 127, 117, 127, 124, 127, 127, 127, 127, 127, 127, 127, 127, 105, 127, 81, 127, 62, 127, 53]",esp32_2
CSI_DATA,114846,2025-08-27 15:23:48.747,0,walk,00:00:00:00:00:00,-64,11,0,0,0,0,0,0,0,0,0,-97,0,1,0,3439680378,0,14,0,0,0,104,0,"[0, 0, -128, 127, -128, 127, -128, 127, -128, 127, -128, 127, -121, 127, -108, 127, -100, 127, -97, 127, -88, 127, -94, 127, -98, 127, -107, 127, -113, 127, -117, 111, -108, 89, -107, 59, -89, 34, -69, 13, -43, -1, -8, -5, 16, -1, 38, 4, 51, 13, 64, 36, -108, -51, -109, -60, -108, -70, -103, -74, -98, -78, -96, -78, -88, -76, -81, -76, -81, -67, -85, -51, -84, -43, -90, -34, -94, -19, -102, -12, -112, -7, -110, -8, -109, -5, -109, 7, -103, 22, -95, 37, -87, 56, -84, 82, -83, 97, -93, 125, -98, 127, -108, 127]",esp32_1
CSI_DATA,114847,2025-08-27 15:23:48.763,0,walk,00:00:00:00:00:00,-65,11,0,0,0,0,0,0,0,0,0,-97,0,1,0,3439715318,0,14,0,0,0,104,0,"[0, 0, 95, -128, 108, -128, 98, -128, 99, -128, 86, -128, 61, -128, 43, -128, 13, -128, -13, -128, -34, -128, -42, -128, -39, -128, -24, -128, 0, -128, 15, -128, 32, -128, 52, -128, 63, -110, 63, -76, 52, -43, 33, -16, 9, 5, -14, 22, -40, 36, -67, 28, 119, 55, 118, 71, 105, 68, 113, 75, 110, 74, 109, 79, 99, 74, 104, 74, 105, 61, 108, 46, 108, 33, 112, 23, 121, 22, 127, 15, 127, 15, 116, 3, 114, -4, 99, -11, 98, -23, 84, -33, 64, -58, 54, -91, 31, -119, 40, -128, 37, -128, 47, -128]",esp32_1
CSI_DATA,117392,2025-08-27 15:23:48.763,0,walk,00:00:00:00:00:00,-42,11,0,0,0,0,0,0,0,0,0,-97,0,1,0,299485809,0,14,0,0,0,104,0,"[0, 0, -128, -128, -128, -128, -128, -128, -128, -128, -123, -128, -107, -128, -93, -128, -84, -128, -74, -128, -65, -109, -57, -84, -49, -57, -44, -30, -40, -3, -39, 22, -42, 46, -50, 65, -62, 76, -75, 84, -85, 85, -93, 80, -98, 70, -95, 58, -87, 46, -78, 38, 127, -14, 127, 7, 127, 29, 127, 42, 127, 47, 103, 40, 70, 21, 43, -7, 23, -42, 11, -80, 8, -116, 12, -128, 21, -128, 30, -128, 36, -128, 39, -128, 38, -128, 30, -128, 16, -128, -5, -128, -32, -128, -61, -128, -95, -128, -127, -128, -128, -128, -128, -128]",esp32_2
CSI_DATA,114848,2025-08-27 15:23:48.789,0,walk,00:00:00:00:00:00,-62,11,0,0,0,0,0,0,0,0,0,-97,0,1,0,3439764449,0,14,0,0,0,104,0,"[0, 0, 25, 127, 2, 127, -9, 127, -36, 127, -56, 127, -61, 127, -54, 127, -46, 127, -27, 127, -4, 127, -4, 127, 5, 127, 8, 127, 3, 127, 7, 127, 5, 115, 11, 102, 7, 89, 15, 74, 29, 62, 29, 53, 46, 41, 55, 34, 74, 33, 84, 43, -128, 96, -128, 82, -128, 62, -128, 50, -128, 38, -128, 34, -120, 17, -108, 23, -93, 28, -75, 44, -56, 75, -51, 91, -53, 104, -57, 127, -71, 127, -79, 127, -94, 127, -94, 127, -91, 127, -87, 127, -65, 127, -49, 127, -9, 127, 20, 127, 42, 127, 52, 127]",esp32_1
CSI_DATA,117393,2025-08-27 15:23:48.789,0,walk,00:00:00:00:00:00,-41,11,0,0,0,0,0,0,0,0,0,-97,0,1,0,299495891,0,14,0,0,0,104,0,"[0, 0, 127, 127, 127, 127, 116, 127, 102, 127, 89, 127, 78, 127, 74, 127, 72, 127, 70, 127, 68, 112, 65, 92, 63, 71, 64, 49, 68, 27, 75, 6, 85, -12, 99, -25, 115, -29, 127, -29, 127, -21, 127, -8, 127, 5, 127, 16, 120, 26, 107, 32, -128, 127, -128, 127, -128, 115, -128, 89, -114, 69, -86, 58, -53, 58, -21, 69, 7, 91, 28, 118, 40, 127, 43, 127, 39, 127, 33, 127, 26, 127, 22, 127, 21, 127, 27, 127, 39, 127, 54, 127, 75, 127, 100, 127, 127, 127, 127, 127, 127, 127, 127, 127]",esp32_2
CSI_DATA,114849,2025-08-27 15:23:48.810,0,walk,00:00:00:00:00:00,-66,11,0,0,0,0,0,0,0,0,0,-97,0,1,0,3439812136,0,14,0,0,0,104,0,"[0, 0, -128, -45, -128, -38, -128, -14, -128, 16, -128, 46, -128, 58, -128, 82, -128, 97, -128, 103, -128, 105, -128, 105, -128, 84, -128, 71, -128, 40, -128, 5, -128, -19, -108, -52, -67, -69, -19, -86, 22, -101, 58, -101, 101, -102, 127, -92, 127, -78, 127, -58, 88, 115, 105, 125, 113, 127, 112, 127, 122, 127, 119, 127, 107, 127, 104, 127, 82, 127, 80, 127, 55, 106, 45, 81, 29, 72, 14, 44, 2, 23, -12, -31, -31, -48, -46, -70, -73, -65, -86, -82, -110, -92, -127, -102, -128, -120, -128, -102, -128, -95, -128, -106]",esp32_1
CSI_DATA,117394,2025-08-27 15:23:48.810,0,walk,00:00:00:00:00:00,-41,11,0,0,0,0,0,0,0,0,0,-97,0,1,0,299505727,0,14,0,0,0,104,0,"[0, 0, -128, 127, -128, 127, -128, 127, -128, 127, -128, 127, -128, 127, -128, 127, -128, 127, -124, 127, -119, 127, -117, 127, -113, 127, -104, 127, -89, 127, -70, 117, -50, 114, -33, 118, -23, 127, -20, 127, -25, 127, -36, 127, -52, 127, -68, 127, -83, 127, -92, 120, -128, 118, -128, 94, -128, 68, -128, 52, -128, 46, -128, 51, -128, 68, -128, 93, -128, 120, -128, 127, -128, 127, -128, 127, -128, 127, -128, 127, -128, 127, -128, 127, -128, 127, -128, 127, -128, 127, -128, 127, -128, 127, -128, 127, -128, 127, -128, 127, -128, 127, -128, 127]",esp32_2
CSI_DATA,114850,2025-08-27 15:23:48.836,0,walk,00:00:00:00:00:00,-66,11,0,0,0,0,0,0,0,0,0,-97,0,1,0,3439836436,0,14,0,0,0,104,0,"[0, 0, 118, -128, 127, -128, 103, -128, 101, -128, 57, -128, 39, -128, 14, -128, -2, -128, -26, -128, -35, -128, -49, -128, -39, -128, -27, -128, 5, -128, 37, -128, 37, -128, 82, -128, 100, -128, 94, -97, 96, -47, 82, 3, 59, 33, 49, 60, 27, 79, 0, 97, -67, 82, -80, 109, -66, 91, -77, 127, -60, 116, -66, 127, -59, 127, -53, 127, -56, 127, -31, 127, -50, 127, -36, 127, -15, 127, -12, 127, -19, 127, -27, 127, -22, 127, -11, 106, 16, 94, 22, 51, 36, 16, 58, -22, 56, -35, 82, -91, 103, -117, 121, -128]",esp32_1
CSI_DATA,117395,2025-08-27 15:23:48.836,0,walk,00:00:00:00:00:00,-41,11,0,0,0,0,0,0,0,0,0,-97,0,1,0,299515841,0,14,0,0,0,104,0,"[0, 0, -128, -104, -128, -83, -128, -61, -128, -42, -128, -27, -128, -18, -128, -15, -128, -19, -128, -29, -128, -44, -128, -65, -128, -85, -128, -100, -128, -107, -128, -102, -123, -84, -100, -60, -87, -36, -86, -12, -93, 8, -105, 17, -118, 18, -128, 11, -128, -5, -128, -20, -104, -128, -93, -128, -80, -128, -69, -128, -61, -128, -56, -128, -56, -128, -58, -128, -63, -128, -69, -128, -73, -128, -71, -128, -67, -128, -66, -128, -69, -128, -72, -128, -75, -128, -79, -128, -85, -128, -90, -128, -97, -128, -107, -128, -120, -128, -128, -128, -128, -128, -128, -128]",esp32_2
CSI_DATA,117396,2025-08-27 15:23:48.853,0,walk,00:00:00:00:00:00,-44,11,0,0,0,0,0,0,0,0,0,-97,0,1,0,299525691,0,14,0,0,0,104,0,"[0, 0, -38, 85, -46, 127, -58, 127, -70, 127, -82, 127, -95, 127, -112, 127, -128, 127, -128, 127, -128, 127, -128, 127, -128, 127, -128, 127, -128, 127, -128, 127, -128, 127, -128, 127, -106, 93, -63, 56, -18, 31, 26, 17, 62, 15, 91, 24, 109, 43, 114, 61, 127, 35, 127, 51, 127, 70, 127, 85, 127, 96, 127, 101, 127, 99, 127, 91, 127, 77, 127, 56, 127, 31, 127, 4, 127, -26, 127, -60, 127, -94, 127, -128, 127, -128, 114, -128, 93, -128, 72, -128, 54, -128, 38, -128, 23, -128, 7, -128, -6, -126, -15, -93]",esp32_2
CSI_DATA,114851,2025-08-27 15:23:48.858,0,walk,00:00:00:00:00:00,-64,11,0,0,0,0,0,0,0,0,0,-97,0,1,0,3439873798,0,14,0,0,0,104,0,"[0, 0, 127, -116, 127, -120, 127, -122, 127, -128, 123, -128, 118, -128, 116, -128, 116, -128, 117, -128, 115, -128, 124, -128, 127, -128, 127, -128, 127, -112, 127, -84, 119, -47, 104, -15, 76, 7, 49, 29, 12, 36, -16, 47, -48, 42, -69, 35, -88, 20, -96, -1, -10, 123, -14, 126, -16, 127, -20, 127, -25, 127, -28, 127, -26, 127, -28, 127, -20, 125, -16, 113, 0, 111, 10, 99, 12, 84, 23, 75, 34, 68, 51, 68, 58, 59, 71, 46, 75, 24, 85, 11, 93, -7, 104, -24, 120, -34, 127, -59, 127, -78, 127, -83]",esp32_1
CSI_DATA,114852,2025-08-27 15:23:48.880,0,walk,00:00:00:00:00:00,-65,11,0,0,0,0,0,0,0,0,0,-97,0,1,0,3439899218,0,14,0,0,0,104,0,"[0, 0, 39, -127, 30, -128, 7, -107, -18, -107, -44, -89, -70, -77, -105, -61, -128, -65, -128, -34, -128, -35, -128, -39, -128, -51, -128, -82, -128, -105, -128, -122, -128, -126, -128, -128, -102, -128, -63, -128, -31, -116, 0, -93, 23, -75, 36, -58, 53, -31, 66, -5, -46, 65, -43, 82, -31, 83, -30, 101, -23, 111, -19, 127, -27, 127, -11, 127, -15, 127, 7, 127, 30, 127, 31, 127, 30, 127, 28, 127, 27, 124, 28, 103, 39, 93, 39, 61, 45, 41, 44, 23, 49, -13, 60, -34, 48, -70, 57, -97, 48, -115, 48, -128]",esp32_1
CSI_DATA,117397,2025-08-27 15:23:48.880,0,walk,00:00:00:00:00:00,-43,11,0,0,0,0,0,0,0,0,0,-97,0,1,0,299535695,0,14,0,0,0,104,0,"[0, 0, -128, 76, -128, 96, -128, 119, -128, 127, -128, 127, -128, 127, -128, 127, -128, 127, -128, 127, -128, 127, -128, 127, -128, 127, -128, 127, -128, 123, -128, 98, -128, 73, -128, 48, -128, 24, -116, 5, -91, -8, -65, -17, -37, -22, -12, -22, 11, -17, 28, -11, -128, -128, -128, -128, -128, -128, -128, -128, -128, -128, -128, -128, -128, -128, -128, -128, -105, -127, -81, -103, -54, -79, -28, -57, -6, -38, 15, -22, 33, -10, 46, -1, 52, 3, 51, 3, 44, 5, 29, 5, 7, 2, -19, 1, -51, 2, -84, 6, -117, 13, -128, 21]",esp32_2
CSI_DATA,117398,2025-08-27 15:23:48.902,0,walk,00:00:00:00:00:00,-42,11,0,0,0,0,0,0,0,0,0,-97,0,1,0,299546865,0,14,0,0,0,104,0,"[0, 0, 108, -128, 101, -128, 94, -128, 87, -128, 79, -128, 73, -128, 71, -128, 70, -128, 72, -128, 75, -128, 81, -116, 89, -76, 96, -36, 103, 3, 107, 39, 109, 70, 108, 95, 102, 115, 93, 127, 83, 127, 72, 127, 59, 117, 44, 100, 34, 79, 29, 61, -128, -128, -128, -128, -128, -128, -128, -128, -101, -128, -65, -128, -29, -106, 6, -73, 41, -36, 73, 2, 100, 40, 121, 71, 127, 96, 127, 114, 127, 122, 127, 120, 127, 109, 127, 86, 127, 50, 127, 6, 127, -43, 127, -97, 127, -128, 127, -128, 127, -128, 127, -128]",esp32_2
CSI_DATA,114853,2025-08-27 15:23:48.906,0,walk,00:00:00:00:00:00,-64,11,0,0,0,0,0,0,0,0,0,-97,0,1,0,3439933771,0,14,0,0,0,104,0,"[0, 0, -128, 74, -128, 58, -128, 36, -128, 33, -128, 45, -128, 47, -128, 67, -128, 90, -128, 104, -128, 122, -128, 127, -128, 127, -128, 127, -128, 125, -128, 103, -128, 79, -128, 45, -126, 26, -105, 4, -65, -6, -31, -11, -1, -5, 24, 12, 44, 31, 49, 56, -44, -127, -42, -128, -36, -126, -35, -128, -32, -118, -33, -115, -46, -106, -58, -103, -66, -106, -79, -93, -93, -101, -102, -108, -111, -104, -121, -112, -125, -115, -110, -112, -108, -113, -103, -90, -101, -67, -94, -35, -109, 0, -124, 27, -128, 46, -128, 81, -128, 103, -128, 96]",esp32_1
CSI_DATA,114854,2025-08-27 15:23:48.923,0,walk,00:00:00:00:00:00,-65,11,0,0,0,0,0,0,0,0,0,-97,0,1,0,3439970799,0,14,0,0,0,104,0,"[0, 0, -128, -40, -128, -38, -128, -35, -128, -20, -128, -5, -128, 3, -128, 18, -128, 35, -128, 40, -128, 37, -128, 31, -128, 24, -128, 23, -128, 1, -128, -15, -128, -35, -122, -49, -87, -54, -49, -60, -18, -54, 15, -51, 44, -32, 62, -15, 81, 14, 91, 34, 120, -49, 127, -52, 127, -49, 127, -53, 127, -39, 127, -31, 127, -25, 127, -23, 127, -21, 127, -16, 108, -22, 91, -31, 78, -29, 62, -37, 43, -46, 23, -69, 11, -77, -1, -80, -19, -68, -27, -71, -51, -60, -72, -63, -105, -65, -125, -54, -128, -51, -128, -57]",esp32_1
CSI_DATA,117399,2025-08-27 15:23:48.923,0,walk,00:00:00:00:00:00,-41,11,0,0,0,0,0,0,0,0,0,-97,0,1,0,299556235,0,14,0,0,0,104,0,"[0, 0, 127, -128, 127, -128, 127, -128, 127, -128, 127, -128, 127, -128, 127, -128, 113, -128, 95, -128, 73, -98, 50, -57, 26, -16, 0, 21, -28, 54, -56, 80, -83, 100, -110, 112, -128, 114, -128, 110, -128, 100, -128, 87, -128, 73, -128, 56, -128, 41, -123, 33, -109, 127, -119, 127, -127, 127, -126, 127, -115, 116, -95, 82, -65, 48, -25, 19, 20, -5, 68, -21, 115, -29, 127, -31, 127, -28, 127, -23, 127, -18, 127, -16, 127, -18, 127, -27, 127, -43, 127, -67, 127, -98, 127, -128, 127, -128, 127, -128, 127, -128, 127, -128]",esp32_2
CSI_DATA,114855,2025-08-27 15:23:48.945,0,walk,00:00:00:00:00:00,-65,11,0,0,0,0,0,0,0,0,0,-97,0,1,0,3439995213,0,14,0,0,0,104,0,"[0, 0, 28, 127, 29, 127, 52, 127, 50, 127, 80, 127, 98, 127, 111, 123, 127, 116, 127, 127, 127, 127, 127, 127, 127, 127, 126, 127, 123, 127, 75, 127, 70, 127, 29, 127, 11, 121, -6, 94, -19, 64, -27, 32, -23, -1, -11, -31, -3, -54, 14, -59, -101, -31, -95, -19, -120, -35, -113, -29, -128, -41, -126, -39, -128, -32, -128, -40, -128, -38, -128, -57, -121, -60, -115, -48, -115, -44, -106, -33, -92, -11, -97, 13, -68, 20, -84, 36, -64, 42, -48, 66, -38, 76, -20, 94, -15, 123, -18, 127, -7, 127, 5, 127]",esp32_1
CSI_DATA,117400,2025-08-27 15:23:48.945,0,walk,00:00:00:00:00:00,-40,11,0,0,0,0,0,0,0,0,0,-97,0,1,0,299566054,0,14,0,0,0,104,0,"[0, 0, 127, 127, 127, 127, 127, 127, 127, 127, 127, 127, 127, 127, 127, 127, 120, 127, 97, 125, 74, 90, 53, 55, 35, 18, 24, -21, 17, -58, 14, -91, 15, -122, 22, -128, 36, -128, 52, -128, 68, -128, 83, -128, 95, -128, 99, -128, 98, -124, 96, -107, -128, -20, -128, -36, -128, -55, -128, -67, -128, -70, -124, -64, -87, -45, -53, -16, -25, 22, -5, 67, 7, 113, 10, 127, 6, 127, -4, 127, -13, 127, -22, 127, -28, 127, -27, 127, -19, 127, -3, 127, 22, 127, 54, 127, 93, 127, 127, 127, 127, 127, 127, 127]",esp32_2
CSI_DATA,117401,2025-08-27 15:23:48.969,0,walk,00:00:00:00:00:00,-39,11,0,0,0,0,0,0,0,0,0,-97,0,1,0,299575759,0,14,0,0,0,104,0,"[0, 0, -114, 127, -119, 127, -121, 127, -124, 127, -122, 127, -114, 127, -102, 127, -86, 127, -67, 127, -44, 121, -20, 89, 5, 58, 35, 30, 67, 6, 96, -14, 124, -28, 127, -36, 127, -33, 127, -23, 127, -9, 127, 6, 127, 24, 127, 41, 127, 53, 127, 60, -128, -128, -123, -128, -96, -128, -71, -128, -47, -128, -30, -128, -22, -106, -25, -58, -42, -10, -70, 35, -105, 72, -128, 99, -128, 116, -128, 126, -128, 127, -128, 127, -128, 127, -128, 127, -128, 127, -128, 127, -128, 127, -128, 127, -128, 127, -128, 127, -117, 127, -106, 127]",esp32_2
CSI_DATA,114856,2025-08-27 15:23:48.973,0,walk,00:00:00:00:00:00,-63,11,0,0,0,0,0,0,0,0,0,-97,0,1,0,3440067426,0,14,0,0,0,104,0,"[0, 0, -128, 103, -128, 74, -128, 56, -128, 38, -128, 31, -128, 30, -128, 36, -128, 50, -128, 63, -128, 74, -126, 88, -126, 88, -122, 83, -128, 88, -128, 63, -128, 49, -104, 29, -86, 14, -62, 8, -33, 6, -3, 13, 15, 35, 29, 51, 29, 75, 24, 89, -117, -95, -99, -98, -104, -113, -88, -105, -91, -113, -77, -101, -82, -95, -78, -87, -78, -71, -92, -72, -104, -67, -106, -56, -110, -50, -121, -43, -118, -37, -128, -45, -126, -40, -128, -32, -120, -17, -125, 7, -124, 29, -122, 54, -128, 73, -128, 106, -128, 117, -128, 107]",esp32_1
CSI_DATA,117402,2025-08-27 15:23:48.988,0,walk,00:00:00:00:00:00,-39,11,0,0,0,0,0,0,0,0,0,-97,0,1,0,299598253,0,14,0,0,0,104,0,"[0, 0, 114, 127, 108, 127, 103, 127, 94, 127, 83, 127, 73, 127, 66, 127, 62, 127, 58, 125, 56, 100, 53, 75, 53, 48, 56, 22, 61, -4, 66, -29, 74, -52, 85, -69, 100, -80, 117, -85, 127, -83, 127, -74, 127, -59, 127, -40, 127, -21, 127, -7, -128, 11, -128, -5, -128, -25, -128, -38, -128, -44, -115, -40, -86, -23, -61, 5, -44, 41, -37, 84, -40, 127, -51, 127, -69, 127, -92, 127, -113, 127, -128, 127, -128, 127, -128, 127, -128, 127, -118, 127, -90, 127, -58, 127, -22, 127, 17, 127, 52, 127, 75, 127]",esp32_2
CSI_DATA,114857,2025-08-27 15:23:48.994,0,walk,00:00:00:00:00:00,-64,11,0,0,0,0,0,0,0,0,0,-97,0,1,0,3440092960,0,14,0,0,0,104,0,"[0, 0, 127, 127, 127, 127, 127, 127, 127, 127, 127, 127, 127, 118, 127, 106, 127, 87, 127, 80, 127, 67, 127, 71, 127, 79, 127, 80, 127, 84, 121, 91, 95, 91, 72, 91, 41, 73, 19, 58, 2, 27, -10, 5, -13, -25, -8, -47, 4, -76, 20, -86, -72, 98, -80, 99, -82, 92, -93, 95, -95, 91, -101, 93, -95, 85, -97, 79, -89, 84, -88, 79, -76, 81, -64, 79, -63, 73, -54, 79, -45, 79, -24, 83, -15, 80, 2, 75, 8, 73, 31, 71, 54, 65, 85, 67, 114, 78, 127, 87, 127, 100, 127, 117]",esp32_1
CSI_DATA,117403,2025-08-27 15:23:49.010,0,walk,00:00:00:00:00:00,-41,11,0,0,0,0,0,0,0,0,0,-97,0,1,0,299626001,0,14,0,0,0,104,0,"[0, 0, 127, -36, 127, -23, 127, -13, 127, -5, 127, -4, 127, -6, 127, -10, 127, -17, 124, -24, 84, -30, 49, -35, 19, -38, -7, -39, -28, -37, -45, -31, -60, -21, -73, -12, -85, -4, -95, 3, -102, 9, -104, 13, -104, 14, -100, 14, -94, 13, -88, 13, -128, -128, -128, -128, -109, -128, -87, -128, -66, -126, -47, -91, -34, -48, -27, 1, -29, 52, -40, 100, -57, 127, -75, 127, -93, 127, -109, 127, -115, 127, -114, 127, -106, 127, -88, 127, -57, 118, -16, 80, 35, 42, 93, 9, 127, -17, 127, -37, 127, -49, 127, -52]",esp32_2
CSI_DATA,114858,2025-08-27 15:23:49.017,0,walk,00:00:00:00:00:00,-67,11,0,0,0,0,0,0,0,0,0,-97,0,1,0,3440129234,0,14,0,0,0,104,0,"[0, 0, -128, -128, -128, -128, -128, -128, -128, -128, -128, -123, -128, -114, -128, -104, -128, -88, -128, -76, -128, -62, -128, -62, -128, -61, -128, -58, -128, -67, -128, -69, -128, -83, -102, -83, -67, -94, -37, -89, -8, -83, 20, -70, 46, -58, 59, -41, 84, -22, 94, -2, 46, 115, 46, 127, 53, 127, 56, 127, 56, 127, 53, 127, 45, 127, 40, 127, 36, 127, 28, 127, 35, 127, 32, 113, 26, 99, 31, 76, 35, 56, 42, 31, 44, 18, 42, 1, 34, -8, 26, -19, 10, -33, 1, -45, -30, -71, -47, -69, -71, -83, -94, -111]",esp32_1
CSI_DATA,114859,2025-08-27 15:23:49.037,0,walk,00:00:00:00:00:00,-64,11,0,0,0,0,0,0,0,0,0,-97,0,1,0,3440152623,0,14,0,0,0,104,0,"[0, 0, -128, 97, -128, 98, -128, 82, -128, 86, -126, 84, -106, 79, -85, 101, -86, 110, -62, 127, -50, 127, -54, 127, -60, 127, -84, 127, -107, 127, -122, 127, -112, 121, -128, 101, -120, 54, -106, 32, -77, 13, -50, 2, -22, -5, -1, -3, 25, 3, 38, 20, -63, -53, -75, -59, -80, -51, -95, -58, -101, -54, -120, -75, -113, -85, -128, -99, -122, -110, -128, -99, -128, -98, -128, -101, -127, -97, -128, -92, -122, -93, -105, -84, -108, -81, -99, -60, -107, -41, -98, -31, -98, -7, -103, 15, -105, 39, -117, 75, -124, 98, -128, 96]",esp32_1
CSI_DATA,117404,2025-08-27 15:23:49.037,0,walk,00:00:00:00:00:00,-43,11,0,0,0,0,0,0,0,0,0,-97,0,1,0,299671923,0,14,0,0,0,104,0,"[0, 0, 127, -128, 127, -128, 127, -128, 127, -128, 127, -128, 127, -128, 121, -128, 86, -128, 50, -122, 16, -119, -13, -122, -35, -126, -50, -128, -56, -128, -57, -128, -56, -122, -52, -111, -49, -99, -50, -84, -52, -67, -57, -53, -63, -42, -66, -35, -67, -33, -67, -32, 28, 127, 13, 127, -5, 127, -18, 127, -21, 127, -16, 127, -1, 125, 25, 106, 59, 92, 96, 85, 127, 88, 127, 99, 127, 116, 127, 127, 127, 127, 127, 127, 127, 127, 127, 127, 126, 127, 99, 97, 75, 52, 59, -1, 51, -59, 55, -121, 70, -128, 88, -128]",esp32_2
CSI_DATA,117405,2025-08-27 15:23:49.058,0,walk,00:00:00:00:00:00,-46,11,0,0,0,0,0,0,0,0,0,-97,0,1,0,299700930,0,14,0,233,-104,104,0,"[0, 0, 127, -128, 127, -128, 111, -128, 86, -116, 54, -105, 19, -103, -13, -111, -38, -126, -54, -128, -60, -128, -56, -128, -42, -128, -20, -128, 8, -128, 30, -128, 43, -128, 46, -93, 38, -58, 20, -29, -5, -11, -32, -5, -55, -8, -69, -20, -72, -38, -68, -51, 127, 37, 127, 54, 127, 72, 127, 84, 127, 90, 127, 88, 127, 80, 127, 68, 127, 54, 127, 41, 127, 32, 127, 27, 127, 28, 127, 30, 127, 29, 127, 26, 127, 21, 127, 12, 127, -5, 118, -27, 102, -55, 93, -87, 92, -120, 98, -128, 108, -128, 119, -128]",esp32_2
CSI_DATA,114860,2025-08-27 15:23:49.063,0,walk,00:00:00:00:00:00,-65,11,0,0,0,0,0,0,0,0,0,-97,0,1,0,3440178023,0,14,0,0,0,104,0,"[0, 0, 127, 127, 127, 127, 127, 127, 127, 127, 127, 127, 127, 119, 127, 97, 127, 75, 127, 63, 127, 51, 127, 55, 127, 56, 127, 62, 127, 71, 127, 79, 120, 96, 93, 87, 61, 78, 38, 63, 14, 39, -1, 12, -5, -13, 1, -40, 14, -69, 31, -76, -38, 119, -41, 117, -41, 114, -37, 115, -41, 123, -42, 123, -36, 125, -41, 127, -36, 127, -44, 127, -38, 127, -34, 127, -38, 127, -31, 127, -30, 123, -18, 127, -11, 110, 0, 107, 7, 86, 27, 78, 55, 62, 84, 55, 125, 61, 127, 67, 127, 70, 127, 91]",esp32_1
CSI_DATA,117406,2025-08-27 15:23:49.081,0,walk,00:00:00:00:00:00,-42,11,0,0,0,0,0,0,0,0,0,-97,0,1,0,299732692,0,14,0,0,0,104,0,"[0, 0, 127, 7, 127, -5, 127, -20, 127, -36, 127, -50, 127, -64, 127, -76, 127, -84, 127, -88, 127, -85, 127, -74, 127, -60, 127, -44, 127, -24, 127, -4, 127, 12, 127, 24, 95, 26, 52, 20, 16, 9, -12, -7, -31, -26, -41, -45, -40, -64, -34, -77, 108, -128, 121, -128, 127, -128, 127, -128, 127, -128, 127, -128, 127, -128, 127, -128, 119, -128, 97, -128, 75, -128, 54, -128, 34, -128, 12, -127, -11, -111, -31, -95, -45, -82, -51, -69, -51, -56, -48, -42, -39, -28, -24, -16, -4, -6, 20, 4, 46, 12, 66, 16]",esp32_2
CSI_DATA,114861,2025-08-27 15:23:49.085,0,walk,00:00:00:00:00:00,-64,11,0,0,0,0,0,0,0,0,0,-97,0,1,0,3440213043,0,14,0,0,0,104,0,"[0, 0, -30, -128, -13, -128, -7, -128, 3, -128, -9, -128, -17, -128, -15, -128, -33, -128, -28, -128, -15, -128, -15, -128, -7, -128, -10, -128, -12, -128, 8, -120, 24, -112, 28, -76, 37, -52, 21, -23, 13, 2, -10, 25, -35, 29, -57, 28, -85, 28, -95, 21, 112, -62, 110, -58, 123, -55, 118, -48, 127, -43, 127, -35, 125, -42, 122, -32, 106, -37, 111, -31, 97, -28, 88, -40, 84, -46, 75, -62, 68, -73, 62, -94, 53, -88, 61, -103, 53, -95, 31, -109, 15, -111, -9, -119, -19, -128, -13, -128, -26, -128, -37, -128]",esp32_1
CSI_DATA,117407,2025-08-27 15:23:49.098,0,walk,00:00:00:00:00:00,-42,11,0,0,0,0,0,0,0,0,0,-97,0,1,0,299763875,0,14,0,0,0,104,0,"[0, 0, 127, -77, 127, -107, 127, -128, 127, -128, 127, -128, 127, -128, 127, -128, 127, -128, 127, -128, 127, -128, 127, -128, 127, -128, 127, -112, 127, -77, 127, -42, 127, -8, 127, 23, 127, 50, 124, 71, 98, 83, 69, 88, 40, 87, 15, 77, -6, 60, -20, 44, 127, 127, 127, 127, 127, 127, 127, 127, 127, 127, 127, 127, 127, 127, 108, 127, 83, 127, 58, 127, 32, 117, 9, 106, -9, 97, -24, 91, -35, 88, -38, 85, -33, 85, -18, 86, 3, 84, 30, 81, 64, 77, 101, 72, 127, 63, 127, 48, 127, 29, 127, 14]",esp32_2
CSI_DATA,114862,2025-08-27 15:23:49.110,0,walk,00:00:00:00:00:00,-65,11,0,0,0,0,0,0,0,0,0,-97,0,1,0,3440240039,0,14,0,0,0,104,0,"[0, 0, -128, -52, -128, -67, -128, -68, -128, -61, -128, -50, -128, -38, -128, -23, -128, -6, -128, 4, -128, 14, -128, 16, -128, 12, -128, 4, -128, -17, -128, -33, -116, -44, -89, -50, -49, -43, -16, -31, 13, -10, 38, 7, 51, 39, 55, 66, 50, 97, 34, 116, 26, -128, 36, -128, 37, -128, 44, -128, 50, -128, 58, -128, 51, -121, 54, -119, 46, -107, 38, -96, 23, -96, 10, -84, 0, -77, -19, -76, -32, -76, -51, -77, -70, -79, -81, -73, -92, -56, -108, -49, -128, -32, -128, -31, -128, -25, -128, -13, -128, -11, -128, -29]",esp32_1
CSI_DATA,117408,2025-08-27 15:23:49.128,0,walk,00:00:00:00:00:00,-41,11,0,0,0,0,0,0,0,0,0,-97,0,1,0,299787461,0,14,0,140,4,104,0,"[0, 0, 127, 127, 127, 127, 127, 127, 127, 127, 127, 124, 127, 106, 127, 96, 127, 90, 127, 89, 127, 97, 127, 114, 110, 127, 72, 127, 32, 127, -6, 127, -40, 127, -68, 127, -92, 127, -107, 127, -114, 127, -115, 127, -107, 127, -90, 117, -69, 93, -51, 77, 127, 127, 127, 127, 127, 127, 127, 127, 117, 127, 84, 127, 46, 127, 7, 123, -31, 108, -67, 91, -98, 75, -124, 63, -128, 54, -128, 50, -128, 53, -128, 60, -128, 73, -111, 92, -76, 113, -34, 127, 13, 127, 63, 127, 116, 127, 127, 127, 127, 127, 127, 127]",esp32_2
CSI_DATA,114863,2025-08-27 15:23:49.131,0,walk,00:00:00:00:00:00,-65,11,0,0,0,0,0,0,0,0,0,-97,0,1,0,3440275146,0,14,0,0,0,104,0,"[0, 0, 127, 127, 127, 127, 127, 116, 127, 120, 127, 100, 127, 81, 127, 51, 127, 52, 127, 23, 127, 7, 127, 9, 127, 16, 127, 25, 127, 55, 127, 70, 111, 60, 91, 75, 51, 58, 20, 49, -19, 18, -40, -13, -53, -40, -60, -65, -62, -97, -44, -120, -107, 74, -120, 85, -112, 72, -126, 82, -120, 81, -126, 85, -122, 80, -122, 83, -128, 77, -96, 71, -92, 79, -83, 80, -64, 83, -58, 90, -42, 88, -39, 77, -23, 85, 3, 76, 37, 71, 51, 74, 90, 58, 127, 78, 127, 65, 127, 66, 127, 68, 127, 98]",esp32_1
CSI_DATA,117409,2025-08-27 15:23:49.150,0,walk,00:00:00:00:00:00,-40,11,0,0,0,0,0,0,0,0,0,-97,0,1,0,299820022,0,14,0,0,0,104,0,"[0, 0, 127, -128, 127, -128, 127, -128, 113, -128, 98, -128, 84, -128, 73, -128, 64, -128, 57, -128, 46, -128, 31, -107, 11, -70, -16, -33, -49, 1, -86, 25, -126, 40, -128, 44, -128, 34, -128, 15, -128, -10, -128, -38, -128, -64, -128, -84, -128, -95, -128, -98, 85, 127, 63, 127, 36, 127, 17, 127, 7, 100, 7, 59, 18, 16, 42, -23, 74, -55, 110, -76, 127, -88, 127, -90, 127, -88, 127, -86, 127, -88, 127, -93, 127, -102, 127, -120, 127, -128, 127, -128, 127, -128, 127, -128, 127, -128, 127, -128, 127, -128, 127, -128]",esp32_2
CSI_DATA,114864,2025-08-27 15:23:49.152,0,walk,00:00:00:00:00:00,-66,11,0,0,0,0,0,0,0,0,0,-97,0,1,0,3440328489,0,14,0,0,0,104,0,"[0, 0, 127, -128, 127, -111, 127, -91, 127, -83, 127, -73, 127, -72, 127, -74, 127, -84, 126, -89, 108, -97, 107, -98, 106, -96, 107, -94, 110, -74, 100, -58, 84, -32, 71, -14, 48, 4, 24, 17, -5, 21, -33, 22, -64, 16, -80, 4, -96, -17, -98, -37, 27, 127, 14, 127, 12, 127, 9, 127, 3, 127, 4, 127, 5, 119, 10, 114, 17, 104, 24, 91, 43, 91, 48, 87, 57, 77, 70, 77, 73, 70, 76, 70, 75, 62, 76, 46, 70, 24, 72, 2, 80, -30, 93, -58, 112, -81, 127, -111, 127, -128, 127, -128]",esp32_1
CSI_DATA,117410,2025-08-27 15:23:49.171,0,walk,00:00:00:00:00:00,-40,11,0,0,0,0,0,0,0,0,0,-97,0,1,0,299844593,0,14,0,0,0,104,0,"[0, 0, -128, -128, -128, -128, -128, -128, -128, -128, -128, -128, -128, -122, -128, -111, -128, -107, -128, -107, -128, -111, -128, -115, -128, -112, -128, -102, -125, -85, -110, -59, -104, -25, -111, 4, -128, 22, -128, 31, -128, 27, -128, 11, -128, -13, -128, -42, -128, -72, -128, -95, -24, -128, -11, -128, 0, -128, 5, -128, 5, -128, -1, -128, -19, -128, -46, -128, -74, -128, -100, -128, -118, -128, -122, -128, -119, -128, -120, -128, -122, -128, -125, -128, -128, -128, -128, -128, -128, -128, -128, -128, -128, -128, -128, -128, -128, -128, -128, -128, -128, -128, -128, -128]",esp32_2
CSI_DATA,114865,2025-08-27 15:23:49.177,0,walk,00:00:00:00:00:00,-66,11,0,0,0,0,0,0,0,0,0,-97,0,1,0,3440361400,0,14,0,0,0,104,0,"[0, 0, -128, 127, -128, 127, -128, 127, -128, 127, -105, 127, -79, 127, -46, 127, -17, 127, 6, 127, 35, 127, 47, 127, 51, 127, 42, 127, 13, 127, -5, 127, -23, 127, -62, 127, -80, 103, -88, 60, -92, 10, -90, -50, -82, -87, -61, -117, -42, -128, -12, -128, 117, -128, 127, -128, 127, -128, 127, -128, 127, -128, 123, -128, 109, -128, 96, -128, 78, -128, 50, -111, 35, -118, 16, -118, -22, -102, -34, -92, -45, -90, -44, -84, -48, -73, -45, -48, -54, -3, -55, 35, -57, 77, -65, 126, -60, 127, -90, 127, -104, 127, -122, 127]",esp32_1
CSI_DATA,117411,2025-08-27 15:23:49.193,0,walk,00:00:00:00:00:00,-42,11,0,0,0,0,0,0,0,0,0,-97,0,1,0,299869670,0,14,0,0,0,104,0,"[0, 0, 22, -128, -8, -126, -46, -100, -88, -83, -128, -73, -128, -71, -128, -77, -128, -90, -128, -106, -128, -125, -128, -128, -128, -128, -128, -128, -121, -128, -75, -128, -33, -98, -1, -56, 16, -8, 18, 41, 7, 82, -14, 114, -40, 127, -68, 127, -95, 127, -115, 120, 127, 85, 127, 94, 127, 104, 127, 111, 127, 115, 127, 113, 127, 104, 124, 90, 121, 72, 119, 49, 119, 26, 121, 4, 123, -18, 127, -41, 127, -65, 127, -87, 127, -109, 126, -128, 121, -128, 114, -128, 106, -128, 100, -128, 94, -128, 88, -128, 84, -128, 82, -128]",esp32_2
CSI_DATA,114866,2025-08-27 15:23:49.195,0,walk,00:00:00:00:00:00,-66,11,0,0,0,0,0,0,0,0,0,-97,0,1,0,3440384948,0,14,0,0,0,104,0,"[0, 0, -128, 114, -128, 104, -128, 82, -128, 82, -128, 82, -128, 83, -125, 89, -108, 109, -91, 127, -82, 127, -78, 127, -86, 127, -90, 127, -105, 127, -107, 127, -106, 100, -111, 64, -90, 29, -69, -1, -38, -29, -6, -56, 35, -63, 70, -61, 101, -49, 122, -31, 64, -113, 76, -116, 79, -123, 80, -120, 78, -121, 80, -114, 71, -106, 67, -110, 58, -96, 46, -96, 27, -98, 17, -98, 0, -79, -13, -82, -25, -80, -39, -84, -40, -72, -54, -54, -65, -30, -72, -8, -86, 21, -108, 47, -128, 66, -128, 100, -128, 125, -128, 118]",esp32_1
CSI_DATA,114867,2025-08-27 15:23:49.217,0,walk,00:00:00:00:00:00,-66,11,0,0,0,0,0,0,0,0,0,-97,0,1,0,3440410325,0,14,0,0,0,104,0,"[0, 0, -128, -128, -128, -128, -128, -128, -127, -128, -117, -128, -112, -128, -111, -128, -118, -107, -124, -86, -128, -64, -128, -54, -128, -52, -128, -50, -128, -56, -127, -63, -105, -66, -68, -72, -35, -65, 2, -58, 35, -43, 59, -17, 80, 18, 96, 44, 111, 80, 99, 109, 88, 92, 92, 98, 85, 98, 93, 104, 95, 104, 92, 106, 88, 99, 82, 90, 77, 83, 80, 73, 80, 55, 73, 37, 73, 31, 71, 12, 63, -5, 54, -21, 47, -29, 33, -40, 28, -47, 0, -59, -19, -68, -53, -91, -100, -113, -111, -128, -128, -128, -128, -128]",esp32_1
CSI_DATA,117412,2025-08-27 15:23:49.217,0,walk,00:00:00:00:00:00,-42,11,0,0,0,0,0,0,0,0,0,-97,0,1,0,299957155,0,14,0,0,0,104,0,"[0, 0, 41, -128, 33, -128, 19, -128, 3, -128, -14, -128, -29, -128, -39, -128, -43, -128, -41, -128, -34, -128, -22, -128, -10, -128, 0, -128, 6, -111, 3, -70, -9, -30, -29, 4, -57, 27, -89, 39, -120, 40, -128, 30, -128, 12, -128, -12, -128, -36, -128, -53, 127, 97, 127, 108, 127, 116, 114, 114, 91, 102, 71, 81, 60, 50, 59, 16, 68, -17, 84, -47, 104, -68, 123, -78, 127, -81, 127, -81, 127, -80, 127, -81, 127, -84, 109, -95, 87, -110, 64, -128, 45, -128, 32, -128, 25, -128, 24, -128, 30, -128, 38, -128]",esp32_2
CSI_DATA,117413,2025-08-27 15:23:49.239,0,walk,00:00:00:00:00:00,-42,11,0,0,0,0,0,0,0,0,0,-97,0,1,0,299979660,0,14,0,0,0,104,0,"[0, 0, -128, 127, -128, 127, -128, 127, -128, 127, -128, 127, -128, 127, -128, 127, -128, 127, -128, 127, -128, 127, -128, 111, -128, 77, -128, 44, -128, 14, -95, -10, -39, -26, 13, -30, 61, -21, 100, -1, 126, 23, 127, 50, 127, 76, 125, 98, 106, 112, 88, 117, 127, -128, 127, -128, 127, -128, 127, -107, 127, -82, 127, -64, 85, -58, 40, -65, -1, -81, -36, -103, -62, -128, -78, -128, -85, -128, -89, -128, -92, -128, -96, -128, -101, -128, -110, -121, -124, -86, -128, -46, -128, -9, -128, 24, -128, 53, -128, 78, -128, 97, -128, 105]",esp32_2
CSI_DATA,117414,2025-08-27 15:23:49.260,0,walk,00:00:00:00:00:00,-41,11,0,0,0,0,0,0,0,0,0,-97,0,1,0,300016508,0,14,0,0,0,104,0,"[0, 0, 127, -55, 127, -59, 127, -57, 127, -55, 127, -53, 127, -47, 127, -41, 127, -34, 127, -24, 127, -13, 127, 0, 127, 12, 113, 22, 69, 27, 22, 25, -23, 16, -62, -1, -91, -25, -110, -52, -118, -77, -115, -100, -104, -116, -86, -122, -67, -122, -51, -117, -128, 86, -128, 65, -128, 40, -128, 20, -128, 6, -128, 0, -102, 3, -64, 17, -29, 41, 0, 69, 23, 99, 39, 123, 48, 127, 56, 127, 62, 127, 67, 127, 75, 127, 88, 127, 104, 127, 122, 106, 127, 80, 127, 55, 127, 34, 127, 15, 127, -2, 127, -11]",esp32_2
CSI_DATA,114869,2025-08-27 15:23:49.272,0,walk,00:00:00:00:00:00,-63,11,0,0,0,0,0,0,0,0,0,-97,0,1,0,3440470520,0,14,0,0,0,104,0,"[0, 0, 127, -128, 127, -128, 127, -128, 127, -128, 127, -128, 127, -128, 127, -128, 127, -128, 105, -128, 93, -128, 106, -128, 109, -128, 115, -128, 121, -128, 121, -112, 103, -87, 96, -60, 79, -29, 56, -13, 25, -8, 1, -14, -25, -10, -42, -20, -62, -32, -63, -53, 124, 37, 127, 55, 124, 67, 127, 79, 127, 86, 122, 97, 102, 106, 94, 104, 83, 101, 80, 84, 76, 59, 72, 42, 76, 32, 88, 15, 94, 2, 93, -23, 106, -25, 111, -40, 124, -41, 127, -39, 121, -51, 127, -67, 105, -95, 111, -114, 109, -128, 108, -128]",esp32_1
CSI_DATA,117415,2025-08-27 15:23:49.281,0,walk,00:00:00:00:00:00,-42,11,0,0,0,0,0,0,0,0,0,-97,0,1,0,300042311,0,14,0,0,0,104,0,"[0, 0, -128, 127, -128, 127, -128, 127, -128, 127, -126, 127, -113, 127, -104, 127, -99, 127, -93, 127, -85, 127, -76, 117, -60, 82, -35, 43, -1, 5, 38, -27, 83, -48, 127, -55, 127, -47, 127, -27, 127, 0, 127, 33, 127, 64, 127, 91, 127, 109, 127, 118, -51, -128, -34, -128, -15, -128, -3, -128, 1, -128, -5, -92, -23, -55, -49, -23, -82, 3, -117, 25, -128, 39, -128, 46, -128, 50, -128, 54, -128, 61, -128, 70, -128, 82, -128, 97, -128, 114, -128, 127, -128, 127, -128, 127, -128, 127, -128, 127, -128, 127, -128, 127]",esp32_2
CSI_DATA,114870,2025-08-27 15:23:49.292,0,walk,00:00:00:00:00:00,-65,11,0,0,0,0,0,0,0,0,0,-97,0,1,0,3440506297,0,14,0,0,0,104,0,"[0, 0, 127, -65, 127, -70, 127, -54, 127, -64, 127, -74, 127, -78, 127, -92, 127, -97, 117, -101, 127, -115, 127, -125, 127, -112, 127, -112, 127, -65, 127, -51, 120, -27, 118, -2, 79, 4, 48, 9, 13, 4, -11, -20, -33, -39, -38, -61, -32, -84, -20, -113, 93, 51, 108, 63, 94, 63, 107, 85, 89, 84, 100, 102, 82, 87, 86, 88, 77, 83, 70, 59, 76, 58, 78, 45, 91, 29, 101, 23, 122, 21, 109, 15, 127, 17, 125, 7, 127, -8, 127, -14, 127, -29, 127, -35, 127, -50, 127, -62, 127, -76, 127, -77]",esp32_1
CSI_DATA,117416,2025-08-27 15:23:49.304,0,walk,00:00:00:00:00:00,-41,11,0,0,0,0,0,0,0,0,0,-97,0,1,0,300076959,0,14,0,0,0,104,0,"[0, 0, 127, -128, 127, -128, 127, -128, 127, -128, 127, -128, 127, -128, 127, -128, 127, -128, 127, -128, 127, -118, 127, -98, 127, -76, 127, -55, 106, -37, 68, -25, 29, -20, -6, -22, -36, -32, -60, -48, -75, -63, -82, -78, -83, -88, -75, -92, -63, -92, -54, -89, -73, 127, -89, 127, -106, 127, -112, 127, -109, 127, -97, 116, -76, 92, -46, 77, -9, 67, 33, 63, 73, 65, 106, 73, 127, 87, 127, 103, 127, 119, 127, 127, 127, 127, 127, 126, 127, 108, 127, 84, 127, 53, 127, 14, 127, -32, 127, -79, 127, -118, 127, -128]",esp32_2
CSI_DATA,114871,2025-08-27 15:23:49.321,0,walk,00:00:00:00:00:00,-65,11,0,0,0,0,0,0,0,0,0,-97,0,1,0,3440556327,0,14,0,0,0,104,0,"[0, 0, -128, -120, -128, -86, -128, -46, -115, -1, -120, 39, -126, 77, -128, 113, -128, 125, -128, 127, -128, 127, -128, 127, -128, 114, -128, 90, -128, 57, -128, 29, -128, -11, -97, -23, -42, -27, -1, -23, 55, -8, 85, 21, 119, 51, 127, 88, 127, 124, 106, 127, 66, -71, 69, -93, 72, -115, 90, -128, 108, -128, 125, -128, 126, -128, 127, -128, 127, -117, 114, -108, 95, -106, 59, -100, 30, -90, -4, -104, -27, -114, -57, -128, -80, -128, -105, -128, -126, -128, -128, -128, -128, -128, -128, -128, -128, -128, -128, -128, -128, -128, -128, -128]",esp32_1
CSI_DATA,117417,2025-08-27 15:23:49.325,0,walk,00:00:00:00:00:00,-40,11,0,0,0,0,0,0,0,0,0,-97,0,1,0,300102050,0,14,0,0,0,104,0,"[0, 0, -128, -128, -128, -128, -128, -128, -128, -128, -128, -128, -128, -128, -128, -128, -128, -128, -128, -128, -110, -128, -87, -128, -60, -128, -33, -126, -8, -82, 13, -38, 30, 5, 40, 45, 40, 79, 35, 107, 27, 125, 16, 127, 4, 127, -7, 127, -15, 112, -20, 100, -128, 127, -128, 127, -128, 127, -128, 127, -128, 123, -119, 94, -83, 66, -38, 43, 11, 25, 61, 13, 110, 9, 127, 11, 127, 16, 127, 23, 127, 29, 127, 30, 127, 29, 127, 19, 127, 3, 127, -17, 120, -46, 78, -79, 33, -117, -12, -128, -54, -128, -84, -128]",esp32_2
CSI_DATA,114872,2025-08-27 15:23:49.496,0,walk,00:00:00:00:00:00,-65,11,0,0,0,0,0,0,0,0,0,-97,0,1,0,3440592685,0,14,0,0,0,104,0,"[0, 0, 127, -128, 127, -115, 127, -121, 78, -94, 31, -80, -23, -80, -52, -83, -100, -68, -123, -102, -128, -116, -128, -126, -128, -128, -125, -127, -120, -128, -70, -123, -53, -128, -6, -94, 20, -83, 46, -45, 61, -9, 80, 29, 72, 86, 58, 118, 46, 127, 26, 127, -53, 61, -34, 69, -42, 90, -31, 92, -37, 123, -28, 117, -20, 127, -26, 127, -13, 127, -14, 127, -19, 102, 1, 84, 19, 72, 42, 52, 56, 23, 90, -5, 99, -25, 127, -47, 127, -67, 127, -110, 127, -128, 127, -128, 127, -128, 127, -128, 127, -128, 127, -128]",esp32_1
CSI_DATA,114873,2025-08-27 15:23:49.506,0,walk,00:00:00:00:00:00,-65,11,0,0,0,0,0,0,0,0,0,-97,0,1,0,3440617005,0,14,0,0,0,104,0,"[0, 0, 127, 127, 127, 127, 127, 127, 125, 127, 101, 97, 100, 45, 97, 17, 94, -33, 109, -53, 113, -77, 127, -96, 127, -98, 127, -98, 127, -96, 127, -68, 127, -38, 121, -10, 102, 17, 75, 50, 41, 64, 11, 89, -33, 89, -68, 81, -104, 79, -125, 67, -22, -87, -26, -81, -43, -81, -55, -73, -62, -74, -66, -68, -82, -57, -87, -63, -91, -49, -91, -58, -88, -39, -81, -33, -68, -28, -56, -16, -39, 4, -30, 33, -11, 44, 14, 63, 40, 73, 82, 96, 101, 120, 127, 127, 127, 127, 127, 127, 127, 127, 127, 127]",esp32_1
CSI_DATA,114874,2025-08-27 15:23:49.509,0,walk,00:00:00:00:00:00,-66,11,0,0,0,0,0,0,0,0,0,-97,0,1,0,3440643371,0,14,0,0,0,104,0,"[0, 0, -128, -21, -128, -33, -128, -34, -128, -19, -128, -1, -116, 32, -93, 59, -79, 92, -70, 120, -75, 127, -76, 127, -95, 127, -102, 127, -122, 127, -128, 127, -126, 90, -128, 59, -102, 19, -75, -11, -38, -38, 1, -60, 37, -62, 73, -62, 110, -51, 127, -30, 97, -53, 98, -64, 91, -66, 85, -74, 84, -78, 77, -85, 71, -89, 62, -97, 51, -104, 38, -103, 38, -120, 31, -117, 17, -109, 9, -109, -3, -106, -13, -100, -28, -93, -49, -71, -73, -50, -102, -26, -128, -7, -128, 12, -128, 6, -128, 18, -128, 21, -128, 2]",esp32_1
CSI_DATA,114875,2025-08-27 15:23:49.514,0,walk,00:00:00:00:00:00,-66,11,0,0,0,0,0,0,0,0,0,-97,0,1,0,3440678390,0,14,0,0,0,104,0,"[0, 0, 127, -115, 127, -90, 127, -77, 127, -67, 127, -68, 127, -83, 127, -80, 91, -110, 92, -128, 73, -128, 64, -128, 73, -128, 65, -128, 87, -128, 96, -128, 102, -114, 111, -77, 98, -29, 78, 15, 51, 41, 22, 85, -30, 100, -73, 106, -108, 100, -128, 82, -106, 115, -104, 108, -115, 121, -104, 119, -101, 117, -92, 111, -71, 120, -66, 116, -42, 110, -35, 110, -22, 110, -9, 107, 8, 96, 28, 92, 46, 76, 64, 81, 74, 58, 90, 44, 108, 9, 127, -36, 127, -62, 127, -104, 127, -106, 127, -124, 127, -124, 127, -122]",esp32_1
CSI_DATA,114876,2025-08-27 15:23:49.517,0,walk,00:00:00:00:00:00,-65,11,0,0,0,0,0,0,0,0,0,-97,0,1,0,3440726240,0,14,0,0,0,104,0,"[0, 0, -128, -128, -114, -128, -112, -128, -90, -128, -86, -128, -93, -128, -91, -128, -107, -128, -118, -128, -124, -128, -128, -128, -127, -128, -128, -128, -116, -128, -90, -128, -64, -128, -31, -128, 2, -102, 26, -73, 35, -39, 39, -5, 32, 32, 17, 59, 3, 100, -22, 111, 127, -49, 127, -45, 127, -39, 127, -37, 127, -27, 127, -13, 127, -11, 127, -3, 127, -4, 127, -10, 127, -27, 116, -37, 112, -47, 108, -67, 101, -85, 85, -99, 83, -100, 79, -113, 69, -103, 43, -106, 20, -109, -14, -119, -68, -128, -83, -128, -109, -128, -128, -128]",esp32_1
CSI_DATA,114877,2025-08-27 15:23:49.521,0,walk,00:00:00:00:00:00,-63,11,0,0,0,0,0,0,0,0,0,-97,0,1,0,3440774539,0,14,0,0,0,104,0,"[0, 0, -128, -123, -128, -125, -128, -128, -128, -128, -128, -128, -128, -128, -122, -128, -128, -108, -128, -107, -128, -89, -128, -88, -128, -86, -111, -82, -124, -95, -92, -82, -86, -96, -60, -75, -42, -68, -32, -49, -23, -32, -16, -17, -18, 7, -18, 17, -28, 36, -40, 38, 53, -121, 60, -108, 74, -121, 74, -105, 86, -113, 79, -97, 80, -98, 78, -94, 61, -95, 66, -107, 41, -117, 31, -125, 39, -126, 40, -128, 47, -119, 39, -128, 40, -128, 53, -128, 42, -105, 39, -92, 17, -73, -6, -60, -50, -61, -77, -55, -111, -55, -128, -71]",esp32_1
CSI_DATA,114878,2025-08-27 15:23:49.526,0,walk,00:00:00:00:00:00,-65,11,0,0,0,0,0,0,0,0,0,-97,0,1,0,3440811616,0,14,0,0,0,104,0,"[0, 0, -128, -120, -128, -124, -128, -128, -128, -128, -128, -107, -128, -99, -128, -87, -128, -72, -128, -84, -128, -87, -128, -76, -128, -87, -128, -80, -128, -93, -111, -94, -91, -96, -62, -94, -43, -81, -17, -65, -2, -43, 17, -12, 22, 14, 14, 37, -1, 57, -15, 72, 30, -117, 34, -120, 40, -127, 48, -123, 58, -125, 61, -122, 53, -119, 57, -110, 45, -103, 42, -95, 39, -96, 24, -94, 10, -87, -5, -90, -16, -96, -24, -106, -30, -109, -35, -118, -49, -102, -72, -92, -80, -81, -103, -76, -114, -89, -128, -91, -128, -90, -128, -103]",esp32_1
CSI_DATA,114879,2025-08-27 15:23:49.530,0,walk,00:00:00:00:00:00,-65,11,0,0,0,0,0,0,0,0,0,-97,0,1,0,3440835999,0,14,0,0,0,104,0,"[0, 0, 127, -128, 127, -125, 127, -128, 127, -119, 127, -100, 127, -94, 127, -95, 127, -106, 127, -116, 127, -119, 120, -113, 119, -107, 125, -90, 127, -97, 114, -67, 127, -47, 101, -26, 84, -1, 60, 13, 33, 21, -1, 32, -30, 26, -47, 13, -73, -4, -78, -26, 90, 89, 81, 96, 91, 111, 82, 110, 82, 127, 71, 125, 63, 127, 50, 127, 56, 111, 52, 102, 65, 84, 77, 68, 69, 54, 82, 48, 87, 44, 121, 34, 112, 28, 125, 26, 108, 16, 109, 3, 107, -10, 103, -40, 127, -71, 123, -103, 127, -121, 127, -128]",esp32_1
CSI_DATA,114880,2025-08-27 15:23:49.533,0,walk,00:00:00:00:00:00,-65,11,0,0,0,0,0,0,0,0,0,-97,0,1,0,3440872017,0,14,0,0,0,104,0,"[0, 0, -128, 28, -128, 25, -128, 17, -128, 21, -128, 31, -128, 45, -128, 50, -128, 66, -128, 80, -128, 89, -128, 104, -128, 99, -128, 99, -128, 85, -128, 64, -128, 38, -128, 7, -115, -21, -85, -42, -50, -54, -10, -71, 26, -70, 58, -56, 86, -41, 106, -15, 45, -102, 52, -111, 57, -119, 61, -122, 69, -124, 73, -124, 68, -118, 70, -112, 63, -103, 53, -90, 34, -91, 17, -86, 2, -70, -13, -72, -31, -67, -52, -76, -59, -70, -74, -69, -91, -49, -97, -36, -111, -19, -128, -1, -128, 1, -128, 28, -128, 36, -128, 28]",esp32_1
CSI_DATA,114881,2025-08-27 15:23:49.551,0,walk,00:00:00:00:00:00,-65,11,0,0,0,0,0,0,0,0,0,-97,0,1,0,3440896459,0,14,0,0,0,104,0,"[0, 0, 127, -128, 127, -107, 127, -121, 127, -114, 127, -128, 125, -128, 105, -128, 106, -128, 95, -128, 97, -128, 98, -128, 106, -128, 101, -128, 127, -128, 127, -119, 127, -91, 123, -52, 112, -28, 94, 2, 67, 34, 32, 62, -1, 84, -37, 83, -66, 75, -86, 62, -7, 124, -3, 127, -12, 127, -16, 127, -24, 127, -30, 127, -33, 127, -27, 127, -31, 127, -27, 109, -18, 90, -3, 78, 21, 57, 49, 44, 67, 28, 93, 33, 96, 25, 125, 21, 127, -8, 127, -23, 127, -49, 127, -57, 127, -76, 127, -86, 127, -102, 127, -107]",esp32_1
CSI_DATA,114882,2025-08-27 15:23:49.566,0,walk,00:00:00:00:00:00,-67,11,0,0,0,0,0,0,0,0,0,-97,0,1,0,3440921859,0,14,0,0,0,104,0,"[0, 0, -58, -128, -55, -128, -59, -128, -56, -128, -61, -128, -73, -128, -97, -103, -119, -86, -128, -75, -128, -70, -128, -80, -128, -82, -128, -95, -128, -108, -112, -122, -81, -116, -39, -117, -4, -93, 26, -77, 55, -41, 70, -6, 75, 26, 76, 52, 67, 87, 51, 108, 120, 38, 127, 39, 127, 46, 127, 58, 127, 59, 127, 76, 120, 78, 109, 74, 90, 71, 76, 50, 56, 20, 43, -1, 42, -25, 42, -56, 45, -82, 38, -109, 40, -128, 41, -128, 36, -128, 31, -128, 18, -128, 0, -128, -29, -128, -36, -128, -51, -128, -69, -128]",esp32_1
CSI_DATA,117420,2025-08-27 15:23:49.566,0,walk,00:00:00:00:00:00,-40,11,0,0,0,0,0,0,0,0,0,-97,0,1,0,300223514,0,14,0,0,0,104,0,"[0, 0, 101, 125, 115, 106, 127, 91, 127, 81, 127, 73, 127, 66, 127, 62, 127, 59, 127, 55, 120, 49, 101, 43, 78, 34, 55, 19, 34, -3, 15, -29, 2, -60, -2, -91, 4, -120, 18, -128, 37, -128, 59, -128, 80, -128, 97, -128, 109, -119, 116, -99, -117, 50, -113, 44, -106, 38, -96, 36, -83, 35, -66, 37, -46, 43, -25, 55, -4, 71, 18, 92, 36, 117, 50, 127, 58, 127, 64, 127, 66, 127, 65, 127, 61, 127, 58, 127, 52, 127, 43, 127, 37, 127, 35, 127, 36, 127, 42, 127, 51, 127, 57, 127]",esp32_2
CSI_DATA,117421,2025-08-27 15:23:49.577,0,walk,00:00:00:00:00:00,-39,11,0,0,0,0,0,0,0,0,0,-97,0,1,0,300247856,0,14,0,104,0,104,0,"[0, 0, -119, 127, -128, 127, -128, 127, -128, 127, -128, 127, -128, 127, -128, 127, -128, 127, -128, 127, -128, 127, -128, 127, -115, 127, -87, 105, -55, 68, -18, 38, 23, 15, 62, 2, 98, -1, 127, 4, 127, 16, 127, 30, 127, 45, 127, 61, 127, 73, 110, 78, 87, -128, 95, -128, 102, -128, 102, -128, 96, -128, 81, -128, 54, -118, 18, -103, -25, -93, -73, -91, -120, -96, -128, -108, -128, -127, -128, -128, -128, -128, -128, -128, -128, -128, -128, -128, -128, -128, -128, -128, -128, -128, -128, -119, -128, -75, -128, -22, -122, 35, -110, 76]",esp32_2
CSI_DATA,117422,2025-08-27 15:23:49.583,0,walk,00:00:00:00:00:00,-40,11,0,0,0,0,0,0,0,0,0,-97,0,1,0,300282873,0,14,0,0,0,104,0,"[0, 0, 18, -128, 32, -128, 44, -128, 54, -128, 58, -128, 57, -128, 53, -128, 44, -128, 32, -128, 20, -128, 11, -128, 4, -128, -1, -128, -1, -126, 0, -101, 3, -77, 7, -54, 9, -32, 11, -12, 12, 6, 13, 21, 13, 33, 13, 40, 14, 44, 15, 48, -128, 127, -128, 127, -128, 127, -128, 127, -128, 113, -109, 99, -78, 87, -41, 82, -2, 83, 38, 89, 75, 99, 103, 111, 122, 124, 127, 127, 127, 127, 127, 127, 119, 125, 103, 106, 82, 75, 59, 35, 38, -14, 17, -71, 0, -128, -13, -128, -18, -128, -18, -128]",esp32_2
CSI_DATA,117423,2025-08-27 15:23:49.587,0,walk,00:00:00:00:00:00,-42,11,0,0,0,0,0,0,0,0,0,-97,0,1,0,300308511,0,14,0,0,0,104,0,"[0, 0, 127, -128, 120, -128, 107, -128, 91, -128, 72, -128, 53, -128, 33, -128, 15, -128, 2, -128, -8, -128, -16, -128, -18, -125, -15, -122, -4, -122, 14, -122, 36, -122, 60, -121, 86, -115, 111, -104, 127, -91, 127, -76, 127, -58, 127, -39, 127, -22, 127, -8, -128, -86, -128, -88, -128, -86, -128, -80, -128, -72, -116, -60, -94, -42, -72, -24, -51, -5, -33, 14, -17, 31, -2, 43, 10, 48, 21, 46, 30, 38, 38, 23, 45, -2, 54, -35, 61, -72, 69, -112, 78, -128, 87, -128, 100, -128, 112, -128, 119, -128, 124, -128]",esp32_2
CSI_DATA,114883,2025-08-27 15:23:49.589,0,walk,00:00:00:00:00:00,-66,11,0,0,0,0,0,0,0,0,0,-97,0,1,0,3440956832,0,14,0,104,0,104,0,"[0, 0, -91, 127, -79, 127, -61, 127, -52, 127, -28, 127, -12, 127, 5, 127, 24, 127, 37, 127, 49, 127, 50, 127, 44, 127, 41, 127, 20, 127, 2, 127, -10, 109, -35, 87, -43, 53, -45, 19, -40, -16, -21, -46, -1, -69, 19, -82, 39, -90, 69, -91, -97, -59, -108, -66, -110, -77, -120, -89, -117, -99, -117, -114, -100, -116, -85, -118, -69, -105, -58, -85, -42, -63, -37, -29, -38, 5, -49, 40, -61, 73, -70, 94, -96, 117, -109, 127, -128, 127, -128, 127, -128, 127, -128, 127, -128, 127, -128, 127, -128, 127, -113, 127]",esp32_1
CSI_DATA,117424,2025-08-27 15:23:49.589,0,walk,00:00:00:00:00:00,-42,11,0,0,0,0,0,0,0,0,0,-97,0,1,0,300333967,0,14,0,0,0,104,0,"[0, 0, -128, 96, -128, 114, -128, 127, -109, 127, -85, 127, -65, 127, -53, 127, -50, 127, -49, 127, -49, 119, -55, 90, -63, 52, -68, 7, -69, -45, -66, -98, -55, -128, -36, -128, -7, -128, 27, -128, 62, -128, 96, -128, 123, -128, 127, -128, 127, -128, 127, -128, 127, 36, 127, 43, 127, 48, 127, 48, 127, 43, 103, 35, 68, 23, 33, 4, -1, -15, -34, -35, -67, -53, -97, -69, -126, -81, -128, -89, -128, -93, -128, -91, -128, -86, -128, -76, -128, -64, -128, -49, -128, -33, -128, -18, -128, -2, -128, 16, -128, 32, -128, 42]",esp32_2
CSI_DATA,117425,2025-08-27 15:23:49.598,0,walk,00:00:00:00:00:00,-41,11,0,0,0,0,0,0,0,0,0,-97,0,1,0,300368104,0,14,0,0,0,104,0,"[0, 0, -128, 127, -128, 127, -128, 127, -128, 122, -128, 108, -128, 91, -128, 76, -128, 63, -128, 51, -128, 42, -128, 34, -111, 27, -71, 24, -31, 24, 6, 29, 41, 39, 69, 53, 89, 72, 102, 93, 106, 111, 103, 125, 94, 127, 78, 127, 60, 127, 46, 125, 108, -128, 123, -128, 127, -128, 127, -128, 127, -128, 109, -108, 79, -85, 43, -71, 1, -64, -42, -67, -80, -78, -110, -92, -128, -109, -128, -126, -128, -128, -128, -128, -128, -128, -128, -128, -128, -116, -128, -89, -128, -56, -128, -21, -128, 15, -128, 51, -128, 79, -128, 94]",esp32_2
CSI_DATA,117426,2025-08-27 15:23:49.603,0,walk,00:00:00:00:00:00,-43,11,0,0,0,0,0,0,0,0,0,-97,0,1,0,300393511,0,14,0,0,0,104,0,"[0, 0, -128, 2, -128, 7, -128, 9, -128, 14, -128, 23, -128, 28, -128, 31, -128, 30, -128, 25, -128, 18, -128, 7, -128, -4, -111, -15, -76, -26, -39, -34, 1, -36, 40, -31, 74, -18, 102, 2, 121, 25, 127, 50, 126, 75, 114, 95, 99, 108, 84, 113, 127, -116, 127, -98, 127, -76, 127, -57, 127, -41, 119, -28, 89, -23, 58, -23, 25, -30, -6, -42, -33, -58, -55, -73, -74, -86, -93, -96, -111, -102, -126, -105, -128, -106, -128, -103, -128, -95, -128, -84, -128, -70, -128, -58, -128, -51, -128, -43, -128, -35, -128, -32]",esp32_2
CSI_DATA,117427,2025-08-27 15:23:49.611,0,walk,00:00:00:00:00:00,-41,11,0,0,0,0,0,0,0,0,0,-97,0,1,0,300420401,0,14,0,0,0,104,0,"[0, 0, 127, 127, 127, 127, 127, 127, 127, 127, 127, 127, 127, 127, 127, 127, 124, 127, 100, 127, 74, 127, 44, 126, 14, 90, -11, 50, -34, 8, -51, -34, -64, -75, -68, -114, -62, -128, -50, -128, -33, -128, -12, -128, 8, -128, 25, -128, 39, -128, 48, -128, -90, -128, -73, -128, -51, -128, -34, -128, -21, -128, -16, -128, -19, -85, -31, -36, -51, 11, -77, 58, -108, 101, -128, 127, -128, 127, -128, 127, -128, 127, -128, 127, -128, 127, -128, 127, -128, 127, -128, 127, -128, 127, -128, 127, -79, 127, -23, 127, 32, 127, 68, 127]",esp32_2
CSI_DATA,114884,2025-08-27 15:23:49.616,0,walk,00:00:00:00:00:00,-64,11,0,0,0,0,0,0,0,0,0,-97,0,1,0,3440993757,0,14,0,104,0,104,0,"[0, 0, -34, -128, -32, -128, -44, -128, -41, -128, -47, -128, -62, -128, -68, -128, -92, -128, -101, -128, -108, -128, -111, -128, -107, -128, -103, -128, -83, -128, -61, -122, -39, -113, -7, -97, 13, -70, 31, -44, 40, -11, 44, 21, 39, 54, 28, 81, 11, 105, -6, 116, 109, 42, 114, 46, 115, 49, 120, 50, 126, 54, 127, 65, 124, 67, 120, 71, 108, 69, 98, 65, 74, 53, 60, 42, 49, 25, 36, -4, 26, -24, 9, -51, 2, -73, 1, -101, -1, -126, -1, -128, -11, -128, -21, -128, -34, -128, -27, -128, -31, -128, -39, -128]",esp32_1
CSI_DATA,117428,2025-08-27 15:23:49.616,0,walk,00:00:00:00:00:00,-42,11,0,0,0,0,0,0,0,0,0,-97,0,1,0,300470776,0,14,0,0,0,104,0,"[0, 0, 127, -38, 127, -58, 127, -72, 127, -77, 127, -75, 127, -69, 127, -61, 127, -50, 127, -38, 127, -22, 127, -2, 92, 18, 48, 35, 5, 50, -37, 61, -78, 69, -114, 72, -128, 67, -128, 57, -128, 46, -128, 34, -128, 21, -128, 10, -128, 2, -128, -3, -106, -128, -94, -128, -78, -128, -62, -128, -45, -128, -28, -128, -15, -101, -5, -58, 1, -8, 1, 44, -1, 96, -7, 127, -17, 127, -28, 127, -37, 127, -45, 127, -50, 127, -48, 127, -41, 127, -29, 127, -11, 127, 13, 127, 43, 127, 79, 127, 116, 98, 127, 67]",esp32_2
CSI_DATA,117429,2025-08-27 15:23:49.637,0,walk,00:00:00:00:00:00,-41,11,0,0,0,0,0,0,0,0,0,-97,0,1,0,300503641,0,14,0,0,0,104,0,"[0, 0, 127, -128, 127, -128, 127, -128, 127, -128, 127, -128, 127, -128, 127, -125, 127, -110, 117, -95, 79, -82, 44, -69, 12, -57, -15, -48, -39, -40, -60, -31, -77, -22, -91, -15, -103, -10, -113, -7, -118, -4, -120, -2, -117, 0, -110, 2, -102, 5, -95, 6, -128, 68, -128, 47, -128, 21, -128, 1, -128, -12, -91, -17, -46, -12, 0, 4, 42, 29, 79, 59, 107, 92, 124, 124, 127, 127, 127, 127, 127, 127, 119, 127, 110, 127, 104, 127, 98, 115, 96, 72, 101, 22, 115, -30, 127, -84, 127, -128, 127, -128, 127, -128]",esp32_2
CSI_DATA,114885,2025-08-27 15:23:49.640,0,walk,00:00:00:00:00:00,-61,11,0,0,0,0,0,0,0,0,0,-97,0,1,0,3441053365,0,14,0,0,0,104,0,"[0, 0, -128, -128, -128, -128, -128, -128, -128, -128, -114, -128, -107, -128, -104, -128, -106, -128, -117, -128, -120, -128, -127, -128, -128, -127, -121, -121, -117, -127, -101, -118, -89, -112, -70, -100, -46, -89, -31, -74, -19, -54, -13, -39, -8, -15, -4, 7, 1, 31, -4, 42, 127, -5, 127, 6, 127, 15, 127, 17, 127, 23, 127, 25, 127, 27, 127, 21, 127, 21, 127, 4, 116, -17, 114, -26, 121, -34, 125, -41, 126, -46, 118, -48, 116, -44, 110, -44, 97, -37, 83, -33, 48, -31, 16, -41, -36, -47, -61, -63, -99, -85, -128, -119]",esp32_1
CSI_DATA,117430,2025-08-27 15:23:49.653,0,walk,00:00:00:00:00:00,-42,11,0,0,0,0,0,0,0,0,0,-97,0,1,0,300528536,0,14,0,0,0,104,0,"[0, 0, 127, -128, 127, -126, 127, -114, 127, -102, 127, -91, 127, -82, 127, -74, 127, -67, 127, -61, 127, -55, 127, -47, 101, -38, 68, -30, 34, -24, -1, -24, -36, -28, -65, -38, -89, -57, -105, -78, -111, -98, -109, -115, -99, -127, -83, -128, -64, -128, -51, -128, -51, 127, -71, 127, -90, 127, -95, 127, -87, 118, -65, 81, -30, 51, 14, 33, 62, 28, 108, 34, 127, 49, 127, 68, 127, 87, 127, 103, 127, 112, 127, 113, 127, 107, 127, 90, 127, 65, 127, 36, 127, 1, 127, -34, 127, -67, 127, -98, 127, -120, 127, -128]",esp32_2
CSI_DATA,114886,2025-08-27 15:23:49.662,0,walk,00:00:00:00:00:00,-62,11,0,0,0,0,0,0,0,0,0,-97,0,1,0,3441090256,0,14,0,0,0,104,0,"[0, 0, 127, -66, 127, -55, 127, -61, 127, -61, 127, -53, 127, -53, 127, -47, 127, -48, 127, -42, 127, -38, 127, -25, 127, -12, 127, -3, 127, -5, 127, 4, 118, 17, 94, 12, 72, 10, 59, -2, 43, -8, 22, -23, 22, -39, 16, -46, 20, -61, 23, -59, 71, 124, 59, 127, 61, 127, 46, 127, 45, 127, 28, 127, 28, 127, 19, 127, 27, 127, 30, 127, 45, 127, 52, 127, 52, 127, 63, 127, 60, 127, 79, 127, 66, 127, 72, 127, 57, 112, 56, 103, 54, 80, 62, 60, 76, 50, 91, 13, 105, -8, 120, -16]",esp32_1
CSI_DATA,114887,2025-08-27 15:23:49.684,0,walk,00:00:00:00:00:00,-66,11,0,0,0,0,0,0,0,0,0,-97,0,1,0,3441127325,0,14,0,0,0,104,0,"[0, 0, 127, 127, 127, 127, 127, 127, 127, 109, 125, 85, 122, 47, 119, 17, 127, -15, 127, -41, 127, -61, 127, -69, 127, -61, 127, -56, 127, -43, 127, -21, 127, 5, 127, 24, 103, 42, 73, 56, 27, 60, -1, 61, -33, 56, -58, 37, -84, 22, -100, 0, -105, -47, -107, -45, -111, -37, -119, -29, -126, -25, -128, -18, -128, -13, -128, -8, -128, -3, -128, 4, -128, 18, -128, 27, -128, 18, -127, 20, -114, 16, -99, 30, -79, 29, -53, 28, -22, 27, 13, 35, 45, 40, 85, 52, 127, 72, 127, 85, 127, 104, 127, 127]",esp32_1
CSI_DATA,117431,2025-08-27 15:23:49.684,0,walk,00:00:00:00:00:00,-42,11,0,0,0,0,0,0,0,0,0,-97,0,1,0,300562875,0,14,0,0,0,104,0,"[0, 0, -128, 127, -128, 127, -128, 127, -128, 127, -128, 127, -128, 123, -128, 109, -128, 100, -128, 92, -128, 86, -128, 84, -110, 82, -84, 79, -59, 76, -36, 73, -13, 72, 8, 73, 24, 77, 38, 85, 47, 91, 53, 94, 54, 97, 53, 96, 52, 94, 49, 91, -122, -128, -92, -128, -58, -128, -34, -128, -23, -128, -26, -128, -44, -92, -75, -62, -113, -41, -128, -34, -128, -37, -128, -48, -128, -65, -128, -82, -128, -94, -128, -101, -128, -101, -128, -91, -128, -68, -128, -32, -128, 12, -128, 61, -128, 113, -128, 127, -128, 127, -128, 127]",esp32_2
CSI_DATA,117432,2025-08-27 15:23:49.706,0,walk,00:00:00:00:00:00,-42,11,0,0,0,0,0,0,0,0,0,-97,0,1,0,300587539,0,14,0,0,0,104,0,"[0, 0, -128, 127, -128, 127, -128, 127, -128, 127, -128, 127, -128, 127, -128, 127, -128, 127, -128, 124, -128, 103, -118, 82, -86, 65, -52, 53, -19, 47, 13, 42, 42, 41, 67, 43, 87, 51, 100, 63, 105, 73, 103, 80, 94, 86, 79, 85, 64, 78, 54, 71, 16, -128, 39, -128, 64, -128, 77, -128, 80, -128, 67, -115, 39, -78, 1, -49, -46, -30, -96, -27, -128, -33, -128, -45, -128, -61, -128, -77, -128, -88, -128, -97, -128, -103, -128, -102, -128, -90, -128, -68, -128, -38, -128, -1, -128, 38, -128, 79, -128, 119, -128, 127]",esp32_2
CSI_DATA,114888,2025-08-27 15:23:49.715,0,walk,00:00:00:00:00:00,-64,11,0,0,0,0,0,0,0,0,0,-97,0,1,0,3441153253,0,14,0,0,0,104,0,"[0, 0, -128, 127, -128, 127, -128, 127, -128, 127, -128, 127, -128, 127, -128, 127, -128, 127, -128, 127, -115, 127, -96, 127, -88, 127, -76, 127, -103, 127, -86, 127, -103, 127, -85, 97, -91, 84, -78, 56, -60, 37, -35, 11, -17, 4, 8, -14, 27, -17, 41, -14, 18, -128, 23, -128, 30, -128, 18, -128, 28, -128, 20, -128, 7, -128, 4, -128, -15, -128, -28, -128, -29, -128, -40, -128, -45, -128, -51, -128, -43, -128, -57, -128, -35, -128, -33, -128, -16, -108, -9, -82, -16, -42, -9, 12, -37, 60, -71, 123, -100, 127, -127, 127]",esp32_1
CSI_DATA,117433,2025-08-27 15:23:49.724,0,walk,00:00:00:00:00:00,-41,11,0,0,0,0,0,0,0,0,0,-97,0,1,0,300613118,0,14,0,0,0,104,0,"[0, 0, -128, 127, -128, 127, -128, 127, -128, 127, -128, 127, -128, 127, -128, 127, -128, 126, -128, 103, -128, 81, -128, 64, -117, 51, -81, 42, -48, 36, -15, 32, 17, 31, 45, 32, 68, 38, 86, 49, 96, 58, 98, 67, 93, 76, 84, 79, 74, 75, 68, 70, 64, -128, 85, -128, 106, -128, 114, -128, 110, -128, 93, -100, 59, -68, 18, -45, -28, -31, -75, -32, -118, -42, -128, -56, -128, -71, -128, -85, -128, -94, -128, -102, -128, -106, -128, -100, -128, -82, -128, -55, -128, -23, -128, 9, -128, 39, -128, 72, -128, 107, -128, 127]",esp32_2
CSI_DATA,114889,2025-08-27 15:23:49.747,0,walk,00:00:00:00:00:00,-65,11,0,0,0,0,0,0,0,0,0,-97,0,1,0,3441177638,0,14,0,0,0,104,0,"[0, 0, -128, -128, -128, -128, -128, -128, -128, -128, -128, -128, -128, -128, -128, -128, -128, -128, -128, -128, -128, -128, -128, -128, -128, -128, -128, -128, -127, -128, -110, -128, -86, -128, -57, -120, -33, -94, -21, -74, -10, -40, -12, -16, -14, 12, -23, 32, -23, 43, -37, 52, 127, -60, 127, -57, 127, -47, 127, -43, 127, -42, 127, -34, 127, -37, 127, -44, 127, -55, 127, -74, 127, -85, 127, -97, 127, -110, 127, -121, 127, -116, 127, -102, 127, -93, 127, -72, 127, -76, 103, -61, 65, -48, 16, -58, -24, -54, -69, -84, -110, -103, -128, -127]",esp32_1
CSI_DATA,117434,2025-08-27 15:23:49.747,0,walk,00:00:00:00:00:00,-42,11,0,0,0,0,0,0,0,0,0,-97,0,1,0,300652113,0,14,0,0,0,104,0,"[0, 0, 127, 127, 127, 127, 127, 127, 127, 127, 127, 127, 127, 127, 124, 127, 112, 101, 103, 64, 98, 31, 97, 1, 98, -27, 100, -49, 103, -64, 102, -75, 97, -84, 94, -89, 92, -91, 88, -92, 81, -91, 73, -89, 63, -86, 51, -81, 40, -78, 32, -76, -128, 4, -128, -15, -128, -30, -123, -30, -84, -13, -49, 17, -21, 58, -6, 107, -4, 127, -15, 127, -35, 127, -61, 127, -89, 127, -112, 127, -127, 127, -128, 127, -124, 127, -105, 127, -75, 127, -37, 127, 11, 127, 63, 124, 116, 127, 127, 127, 127, 127, 127, 127]",esp32_2
CSI_DATA,117435,2025-08-27 15:23:49.769,0,walk,00:00:00:00:00:00,-42,11,0,0,0,0,0,0,0,0,0,-97,0,1,0,300710371,0,14,0,0,0,104,0,"[0, 0, 127, -31, 127, -31, 127, -22, 127, -15, 127, -11, 127, -10, 127, -10, 127, -12, 127, -16, 127, -19, 127, -20, 119, -20, 91, -22, 63, -25, 35, -30, 7, -39, -16, -51, -32, -67, -44, -84, -49, -98, -47, -108, -41, -113, -32, -112, -23, -107, -16, -100, -128, 127, -128, 127, -128, 104, -128, 68, -96, 40, -51, 24, 0, 22, 52, 33, 100, 58, 127, 93, 127, 127, 127, 127, 127, 127, 127, 127, 127, 127, 127, 127, 127, 127, 127, 127, 127, 127, 127, 127, 127, 127, 127, 108, 127, 75, 127, 40, 127, 13, 127, 0]",esp32_2
CSI_DATA,117436,2025-08-27 15:23:49.794,0,walk,00:00:00:00:00:00,-41,11,0,0,0,0,0,0,0,0,0,-97,0,1,0,300734763,0,14,0,0,0,104,0,"[0, 0, -128, -128, -128, -128, -128, -128, -128, -128, -128, -128, -117, -128, -108, -128, -101, -128, -93, -128, -86, -128, -76, -128, -64, -128, -54, -96, -46, -58, -42, -19, -42, 19, -49, 50, -62, 73, -76, 91, -90, 101, -101, 102, -106, 98, -104, 88, -98, 76, -92, 66, 127, 127, 127, 127, 115, 127, 84, 127, 60, 114, 41, 74, 33, 26, 40, -25, 57, -76, 82, -125, 114, -128, 127, -128, 127, -128, 127, -128, 127, -128, 127, -128, 127, -128, 127, -128, 127, -128, 127, -128, 127, -128, 114, -128, 60, -128, 5, -128, -44, -128, -74, -128]",esp32_2
CSI_DATA,117437,2025-08-27 15:23:49.826,0,walk,00:00:00:00:00:00,-41,11,0,0,0,0,0,0,0,0,0,-97,0,1,0,300760347,0,14,0,0,0,104,0,"[0, 0, -127, 127, -128, 127, -128, 127, -128, 127, -128, 127, -128, 127, -128, 127, -125, 127, -114, 127, -100, 127, -85, 127, -68, 127, -47, 104, -22, 74, 6, 49, 36, 29, 65, 15, 93, 12, 116, 15, 127, 23, 127, 32, 127, 40, 120, 46, 106, 48, 95, 47, -97, -128, -74, -128, -46, -128, -27, -128, -20, -128, -25, -98, -43, -58, -75, -22, -113, 6, -128, 23, -128, 29, -128, 25, -128, 13, -128, -2, -128, -16, -128, -28, -128, -36, -128, -35, -128, -22, -128, 0, -128, 31, -128, 71, -114, 118, -100, 127, -96, 127, -99, 127]",esp32_2
CSI_DATA,114891,2025-08-27 15:23:49.844,0,walk,00:00:00:00:00:00,-67,11,0,0,0,0,0,0,0,0,0,-97,0,1,0,3441237177,0,14,0,0,0,104,0,"[0, 0, -128, 127, -128, 127, -127, 127, -113, 127, -84, 127, -47, 114, -13, 96, 18, 85, 55, 83, 89, 70, 127, 68, 127, 78, 127, 78, 127, 104, 127, 105, 127, 96, 116, 99, 92, 99, 67, 88, 39, 65, 22, 37, 5, 19, -8, -1, -25, -16, -16, -33, 91, -24, 91, -30, 89, -42, 80, -60, 72, -73, 67, -96, 55, -106, 47, -128, 38, -128, 21, -128, 25, -128, 23, -128, 19, -128, 20, -128, 30, -128, 30, -128, 38, -128, 41, -128, 42, -128, 39, -93, 34, -45, 28, 9, 16, 48, -18, 114, -45, 127, -61, 127]",esp32_1
CSI_DATA,117438,2025-08-27 15:23:49.857,0,walk,00:00:00:00:00:00,-42,11,0,0,0,0,0,0,0,0,0,-97,0,1,0,300798393,0,14,0,0,0,104,0,"[0, 0, -128, 23, -128, 8, -128, -8, -128, -16, -128, -15, -128, -12, -128, -7, -128, 1, -128, 9, -128, 19, -112, 29, -83, 38, -56, 45, -31, 51, -6, 55, 18, 59, 37, 63, 51, 68, 63, 73, 70, 75, 73, 73, 72, 71, 70, 66, 68, 58, 68, 51, 127, -62, 127, -37, 127, -11, 127, 3, 117, 4, 67, -9, 20, -39, -18, -82, -46, -128, -61, -128, -62, -128, -52, -128, -37, -128, -21, -128, -9, -128, -1, -128, 4, -128, -1, -128, -15, -128, -39, -128, -73, -97, -115, -55, -128, -21, -128, 6, -128, 24, -128, 30]",esp32_2
CSI_DATA,114892,2025-08-27 15:23:49.874,0,walk,00:00:00:00:00:00,-67,11,0,0,0,0,0,0,0,0,0,-97,0,1,0,3441284970,0,14,0,0,0,104,0,"[0, 0, 127, 22, 127, 35, 127, 43, 127, 38, 127, 22, 127, 5, 92, -14, 37, -56, 1, -87, -30, -120, -48, -128, -62, -128, -70, -128, -66, -128, -60, -128, -27, -128, -21, -128, -1, -128, 9, -128, 13, -103, 23, -69, 24, -37, 21, 2, 5, 40, 2, 61, -36, -122, -49, -121, -55, -112, -73, -106, -80, -94, -97, -70, -105, -48, -128, -34, -128, -17, -128, 7, -128, 37, -128, 51, -128, 50, -128, 56, -128, 63, -128, 59, -128, 46, -128, 39, -128, 16, -119, 2, -69, -15, -7, -25, 64, -24, 110, -38, 127, -30, 127, -16]",esp32_1
CSI_DATA,117439,2025-08-27 15:23:49.885,0,walk,00:00:00:00:00:00,-42,11,0,0,0,0,0,0,0,0,0,-97,0,1,0,300819887,0,14,0,0,0,104,0,"[0, 0, 127, 127, 127, 127, 127, 127, 127, 127, 127, 127, 127, 127, 127, 127, 127, 106, 127, 83, 127, 63, 122, 45, 107, 27, 92, 9, 76, -8, 58, -26, 40, -47, 27, -67, 20, -89, 19, -109, 21, -125, 27, -128, 34, -128, 39, -128, 42, -128, 44, -125, -128, 127, -128, 111, -128, 75, -128, 51, -111, 41, -66, 45, -23, 65, 12, 99, 36, 127, 45, 127, 41, 127, 28, 127, 8, 127, -10, 127, -22, 127, -28, 127, -26, 127, -13, 127, 11, 127, 44, 127, 88, 112, 127, 98, 127, 96, 127, 104, 127, 120, 127, 127]",esp32_2
CSI_DATA,114893,2025-08-27 15:23:49.898,0,walk,00:00:00:00:00:00,-69,11,0,0,0,0,0,0,0,0,0,-97,0,1,0,3441331994,0,14,0,0,0,104,0,"[0, 0, 70, 127, 57, 127, 57, 127, 48, 127, 42, 127, 40, 103, 37, 57, 24, 7, 32, -33, 30, -76, 39, -118, 56, -128, 62, -128, 67, -128, 77, -128, 84, -128, 86, -128, 84, -121, 77, -99, 69, -65, 56, -35, 43, -9, 17, 23, 7, 45, -12, 57, 81, 30, 82, 18, 72, 5, 65, -7, 59, -27, 48, -41, 31, -54, 14, -82, -3, -97, -13, -126, -42, -128, -47, -128, -57, -128, -68, -128, -74, -128, -77, -128, -74, -128, -65, -128, -51, -128, -38, -101, -15, -59, 10, -17, 37, 26, 36, 86, 52, 127, 77, 127]",esp32_1
CSI_DATA,114894,2025-08-27 15:23:49.937,0,walk,00:00:00:00:00:00,-71,11,0,0,0,0,0,0,0,0,0,-97,0,1,0,3441360722,0,14,0,0,0,104,0,"[0, 0, 127, -128, 127, -128, 127, -128, 127, -128, 127, -128, 98, -128, 72, -123, 41, -90, -7, -47, -57, -6, -128, 26, -128, 47, -128, 60, -128, 49, -128, 30, -128, 25, -128, 0, -128, -26, -128, -40, -124, -33, -85, -34, -23, -17, 12, -17, 57, 5, 74, 15, -128, -40, -123, -28, -113, -27, -113, -14, -84, 11, -77, 24, -52, 41, -46, 74, -16, 107, 18, 127, 28, 127, 57, 127, 66, 127, 81, 127, 75, 127, 68, 127, 65, 127, 67, 127, 65, 127, 39, 127, 48, 91, 40, 26, 20, -31, 58, -127, 71, -128, 70, -128]",esp32_1
CSI_DATA,114895,2025-08-27 15:23:49.961,0,walk,00:00:00:00:00:00,-69,11,0,0,0,0,0,0,0,0,0,-97,0,1,0,3441392436,0,14,0,0,0,104,0,"[0, 0, -128, 127, -128, 127, -127, 127, -126, 125, -90, 96, -66, 63, -40, 28, -18, 8, 10, -25, 31, -57, 63, -102, 84, -128, 92, -128, 116, -128, 114, -128, 104, -128, 111, -122, 98, -103, 89, -93, 71, -63, 49, -49, 32, -25, 10, -7, -3, 13, -16, 22, -52, 67, -44, 72, -31, 69, -13, 59, 4, 51, 25, 44, 40, 26, 65, 4, 91, -13, 110, -47, 127, -61, 127, -83, 127, -106, 127, -128, 127, -128, 127, -128, 127, -128, 127, -128, 127, -107, 105, -80, 78, -42, 51, -11, 16, 16, -28, 60, -59, 105, -92, 123]",esp32_1
CSI_DATA,117441,2025-08-27 15:23:49.971,0,walk,00:00:00:00:00:00,-41,11,0,0,0,0,0,0,0,0,0,-97,0,1,0,300882868,0,14,0,0,0,104,0,"[0, 0, 101, -128, 111, -128, 122, -128, 127, -128, 125, -128, 121, -128, 117, -128, 110, -128, 104, -128, 99, -128, 92, -128, 83, -128, 70, -101, 54, -71, 33, -44, 7, -21, -23, -4, -51, 2, -77, 0, -97, -7, -110, -20, -115, -34, -111, -46, -102, -56, -93, -60, 127, 111, 127, 121, 127, 125, 117, 117, 96, 99, 80, 74, 75, 43, 81, 9, 95, -23, 114, -49, 127, -68, 127, -79, 127, -83, 127, -86, 127, -85, 127, -82, 127, -78, 127, -78, 127, -81, 127, -88, 127, -104, 127, -127, 110, -128, 97, -128, 90, -128, 90, -128]",esp32_2
CSI_DATA,114896,2025-08-27 15:23:50.000,0,walk,00:00:00:00:00:00,-68,11,0,0,0,0,0,0,0,0,0,-97,0,1,0,3441418345,0,14,0,0,0,104,0,"[0, 0, -24, -128, -9, -128, -7, -128, -1, -128, 0, -128, -9, -128, -7, -110, -12, -63, -21, -25, -39, 21, -61, 55, -80, 88, -93, 115, -101, 127, -111, 127, -115, 125, -118, 115, -109, 93, -100, 75, -84, 52, -59, 36, -40, 18, -14, 4, 11, -18, 35, -30, -106, -16, -105, -13, -98, -4, -93, 4, -85, 16, -68, 17, -54, 35, -27, 53, -6, 63, 16, 97, 45, 111, 61, 127, 71, 127, 84, 127, 96, 127, 95, 127, 90, 127, 78, 127, 74, 127, 55, 127, 38, 104, 24, 54, -18, 11, -15, -50, -26, -107, -51, -128]",esp32_1
CSI_DATA,117442,2025-08-27 15:23:50.013,0,walk,00:00:00:00:00:00,-42,11,0,0,0,0,0,0,0,0,0,-97,0,1,0,300920040,0,14,0,0,0,104,0,"[0, 0, -57, -128, -52, -128, -43, -128, -37, -128, -35, -128, -35, -128, -35, -128, -36, -128, -37, -128, -37, -128, -36, -128, -33, -106, -28, -77, -21, -47, -16, -17, -13, 15, -14, 42, -20, 66, -28, 87, -38, 102, -48, 110, -56, 113, -59, 109, -60, 101, -61, 95, 61, 127, 36, 127, 7, 127, -14, 127, -26, 127, -28, 117, -16, 72, 8, 28, 42, -11, 82, -42, 124, -65, 127, -76, 127, -79, 127, -75, 127, -68, 127, -59, 127, -51, 127, -48, 127, -51, 127, -59, 120, -77, 81, -103, 43, -128, 10, -128, -16, -128, -31, -128]",esp32_2
CSI_DATA,114897,2025-08-27 15:23:50.026,0,walk,00:00:00:00:00:00,-68,11,0,0,0,0,0,0,0,0,0,-97,0,1,0,3441441199,0,14,0,0,0,104,0,"[0, 0, 127, 85, 127, 92, 127, 84, 127, 82, 127, 67, 127, 61, 109, 56, 64, 51, 31, 47, -13, 48, -37, 54, -77, 54, -96, 69, -128, 79, -128, 82, -128, 86, -128, 86, -128, 81, -119, 78, -104, 68, -90, 58, -64, 44, -41, 27, -20, 9, 3, -6, -28, 80, -15, 80, -11, 70, -4, 59, 3, 41, 3, 11, 4, -13, 4, -48, 6, -76, -9, -104, -17, -128, -32, -128, -50, -128, -61, -128, -78, -128, -93, -128, -90, -128, -95, -128, -96, -128, -90, -128, -65, -128, -33, -102, 11, -51, 39, -25, 76, 11, 121, 50]",esp32_1
CSI_DATA,117443,2025-08-27 15:23:50.045,0,walk,00:00:00:00:00:00,-41,11,0,0,0,0,0,0,0,0,0,-97,0,1,0,300966280,0,14,0,0,0,104,0,"[0, 0, -128, 127, -128, 127, -128, 127, -128, 127, -128, 127, -128, 125, -128, 120, -128, 116, -128, 111, -128, 105, -128, 95, -128, 83, -121, 68, -94, 54, -62, 45, -28, 42, 3, 46, 27, 57, 47, 73, 58, 91, 61, 107, 58, 118, 51, 124, 40, 127, 30, 126, -63, -128, -40, -128, -17, -128, -6, -128, -7, -105, -20, -71, -45, -42, -79, -24, -118, -16, -128, -17, -128, -27, -128, -43, -128, -64, -128, -84, -128, -97, -128, -101, -128, -98, -128, -83, -128, -58, -128, -28, -128, 8, -128, 48, -128, 88, -128, 126, -128, 127, -128, 127]",esp32_2
CSI_DATA,117444,2025-08-27 15:23:50.073,0,walk,00:00:00:00:00:00,-41,11,0,0,0,0,0,0,0,0,0,-97,0,1,0,301003062,0,14,0,0,0,104,0,"[0, 0, 82, -128, 80, -128, 77, -128, 77, -128, 76, -128, 75, -128, 77, -128, 79, -128, 78, -128, 79, -128, 80, -128, 80, -128, 77, -111, 70, -65, 54, -20, 30, 22, 0, 57, -34, 79, -68, 91, -98, 93, -122, 88, -128, 78, -128, 63, -128, 45, -128, 32, 81, 127, 61, 127, 35, 127, 15, 127, 5, 127, 2, 127, 6, 111, 21, 77, 42, 45, 68, 14, 96, -11, 124, -28, 127, -40, 127, -49, 127, -57, 127, -63, 127, -70, 127, -80, 127, -92, 127, -107, 127, -128, 127, -128, 127, -128, 124, -128, 108, -128, 100, -128]",esp32_2
CSI_DATA,114899,2025-08-27 15:23:50.115,0,walk,00:00:00:00:00:00,-69,11,0,0,0,0,0,0,0,0,0,-97,0,1,0,3441503846,0,14,0,0,0,104,0,"[0, 0, -128, 38, -128, 18, -128, 3, -93, -5, -56, -21, -17, -47, 31, -80, 72, -114, 102, -128, 127, -128, 126, -128, 127, -128, 127, -128, 127, -128, 127, -128, 114, -128, 111, -128, 90, -128, 89, -128, 68, -106, 68, -83, 64, -47, 62, -19, 65, 11, 54, 37, -5, -56, -26, -48, -53, -42, -69, -35, -85, -11, -102, 22, -115, 61, -118, 90, -119, 127, -99, 127, -95, 127, -78, 127, -56, 127, -25, 127, -12, 127, -5, 127, 1, 127, -3, 127, -7, 127, -23, 127, -50, 127, -72, 127, -116, 112, -128, 96, -128, 82, -128, 49]",esp32_1
CSI_DATA,114900,2025-08-27 15:23:50.143,0,walk,00:00:00:00:00:00,-69,11,0,0,0,0,0,0,0,0,0,-97,0,1,0,3441540548,0,14,0,0,0,104,0,"[0, 0, -78, 127, -96, 127, -63, 127, -82, 127, -70, 127, -75, 92, -91, 47, -86, 15, -113, -15, -124, -38, -128, -75, -128, -103, -128, -115, -128, -119, -128, -121, -128, -103, -128, -101, -128, -86, -128, -77, -128, -64, -104, -50, -76, -50, -50, -41, -22, -42, 8, -52, -12, -61, -26, -46, -29, -34, -44, -9, -39, 24, -47, 54, -31, 76, -1, 105, 15, 127, 82, 127, 114, 127, 127, 127, 127, 127, 127, 127, 127, 127, 127, 121, 127, 120, 127, 85, 127, 83, 127, 71, 127, 73, 127, 96, 103, 107, 54, 127, 20, 127, -14, 127]",esp32_1
CSI_DATA,117446,2025-08-27 15:23:50.158,0,walk,00:00:00:00:00:00,-40,11,0,0,0,0,0,0,0,0,0,-97,0,1,0,301063187,0,14,0,0,0,104,0,"[0, 0, -128, 127, -128, 127, -128, 127, -128, 127, -128, 127, -128, 127, -128, 127, -128, 127, -128, 127, -128, 127, -128, 127, -128, 104, -128, 70, -119, 38, -78, 14, -31, -1, 14, -4, 56, 7, 88, 28, 108, 54, 117, 81, 114, 105, 99, 121, 79, 127, 62, 127, -128, -128, -128, -128, -128, -128, -128, -128, -128, -128, -123, -118, -117, -97, -120, -73, -128, -49, -128, -27, -128, -8, -128, 5, -128, 13, -128, 18, -128, 22, -128, 24, -128, 26, -128, 31, -128, 39, -128, 52, -128, 72, -128, 98, -128, 126, -128, 127, -128, 127, -128, 127]",esp32_2
CSI_DATA,114901,2025-08-27 15:23:50.169,0,walk,00:00:00:00:00:00,-71,11,0,0,0,0,0,0,0,0,0,-97,0,1,0,3441590142,0,14,0,0,0,104,0,"[0, 0, 127, 127, 127, 127, 127, 127, 127, 127, 117, 121, 68, 93, 35, 78, -18, 60, -58, 60, -106, 42, -128, 25, -128, 16, -128, 15, -128, 20, -128, 19, -128, 12, -128, 10, -128, 3, -128, -1, -128, -18, -120, -19, -81, -29, -41, -29, -16, -50, 4, -61, -62, 46, -37, 54, -14, 52, 15, 57, 36, 60, 54, 38, 71, 16, 81, -7, 106, -33, 126, -57, 110, -104, 114, -128, 106, -128, 103, -128, 86, -128, 60, -128, 47, -128, 39, -128, 25, -128, 16, -128, 17, -128, 24, -84, 66, -48, 63, 8, 97, 50, 127, 89]",esp32_1
CSI_DATA,117447,2025-08-27 15:23:50.191,0,walk,00:00:00:00:00:00,-41,11,0,0,0,0,0,0,0,0,0,-97,0,1,0,301088550,0,14,0,0,0,104,0,"[0, 0, 1, 127, 3, 127, 2, 127, -1, 127, -4, 127, -9, 127, -14, 127, -20, 127, -27, 127, -34, 127, -43, 127, -50, 127, -52, 112, -48, 64, -38, 16, -22, -28, 0, -65, 29, -93, 59, -110, 84, -117, 105, -115, 120, -105, 125, -89, 122, -71, 118, -58, -56, -128, -37, -128, -14, -128, 1, -128, 10, -128, 10, -128, 0, -120, -20, -86, -47, -55, -80, -27, -114, -5, -128, 10, -128, 20, -128, 26, -128, 31, -128, 35, -128, 38, -128, 43, -128, 51, -128, 63, -128, 82, -128, 107, -117, 127, -89, 127, -62, 127, -46, 127]",esp32_2
CSI_DATA,114902,2025-08-27 15:23:50.209,0,walk,00:00:00:00:00:00,-71,11,0,0,0,0,0,0,0,0,0,-97,0,1,0,3441625230,0,14,0,0,0,104,0,"[0, 0, 127, -128, 127, -128, 127, -128, 127, -128, 127, -123, 122, -74, 70, -42, 8, -32, -24, 13, -89, 44, -112, 90, -128, 125, -128, 127, -128, 119, -128, 127, -128, 109, -128, 92, -128, 63, -128, 44, -128, 18, -113, -26, -72, -46, -34, -67, -3, -66, 37, -92, 86, -63, 82, -91, 63, -109, 37, -124, 19, -128, -24, -128, -50, -128, -70, -128, -108, -128, -128, -92, -128, -94, -128, -69, -128, -22, -128, 18, -128, 42, -128, 30, -128, 57, -128, 56, -128, 52, -128, 37, -128, 4, -96, -30, -30, -44, 28, -108, 81, -128, 127, -128]",esp32_1
CSI_DATA,117448,2025-08-27 15:23:50.211,0,walk,00:00:00:00:00:00,-42,11,0,0,0,0,0,0,0,0,0,-97,0,1,0,301127911,0,14,0,0,0,104,0,"[0, 0, -128, 127, -128, 127, -128, 127, -128, 127, -128, 124, -128, 104, -128, 90, -128, 79, -128, 69, -128, 59, -128, 45, -123, 28, -90, 12, -57, -4, -23, -18, 12, -28, 46, -35, 77, -34, 103, -28, 121, -19, 127, -9, 127, 1, 127, 11, 122, 21, 112, 27, 127, -117, 127, -91, 127, -59, 127, -32, 127, -12, 127, 0, 98, -1, 47, -15, -3, -38, -48, -67, -84, -100, -109, -128, -127, -128, -128, -128, -128, -128, -128, -128, -128, -128, -128, -128, -128, -128, -128, -128, -128, -96, -128, -48, -128, 3, -128, 55, -128, 100, -128, 127]",esp32_2
CSI_DATA,114903,2025-08-27 15:23:50.244,0,walk,00:00:00:00:00:00,-72,11,0,0,0,0,0,0,0,0,0,-97,0,1,0,3441653364,0,14,0,0,0,104,0,"[0, 0, 127, -36, 127, -21, 127, -12, 127, 1, 127, -6, 120, -22, 77, -37, 4, -87, -33, -117, -74, -128, -110, -128, -122, -128, -128, -128, -125, -128, -104, -128, -69, -128, -49, -128, -27, -128, 6, -128, 23, -105, 42, -46, 54, -7, 60, 39, 35, 87, 23, 115, -51, -121, -71, -118, -83, -108, -113, -105, -121, -100, -128, -77, -128, -50, -128, -41, -128, -19, -128, 7, -128, 33, -128, 57, -128, 64, -128, 89, -128, 100, -128, 99, -128, 104, -128, 87, -128, 59, -115, 37, -66, 5, -7, -24, 72, -19, 127, -60, 127, -77, 127, -44]",esp32_1
CSI_DATA,117449,2025-08-27 15:23:50.244,0,walk,00:00:00:00:00:00,-42,11,0,0,0,0,0,0,0,0,0,-97,0,1,0,301151008,0,14,0,0,0,104,0,"[0, 0, 127, 127, 127, 127, 127, 127, 127, 127, 127, 127, 127, 127, 121, 127, 110, 127, 100, 127, 89, 127, 77, 108, 63, 79, 49, 49, 35, 19, 21, -12, 10, -45, 4, -76, 5, -104, 11, -127, 19, -128, 30, -128, 41, -128, 47, -128, 50, -128, 52, -128, -128, -116, -128, -128, -128, -128, -128, -128, -128, -128, -107, -106, -71, -58, -48, 0, -40, 62, -45, 123, -63, 127, -86, 127, -113, 127, -128, 127, -128, 127, -128, 127, -128, 127, -128, 127, -122, 127, -79, 127, -26, 127, 28, 127, 84, 127, 127, 127, 127, 127, 127, 127]",esp32_2
CSI_DATA,117450,2025-08-27 15:23:50.276,0,walk,00:00:00:00:00:00,-41,11,0,0,0,0,0,0,0,0,0,-97,0,1,0,301186189,0,14,0,0,0,104,0,"[0, 0, 127, -87, 127, -90, 127, -89, 127, -85, 127, -77, 127, -68, 127, -60, 127, -53, 127, -44, 127, -35, 127, -23, 127, -12, 117, -5, 75, -3, 31, -5, -11, -14, -46, -30, -72, -53, -90, -78, -99, -102, -99, -121, -90, -128, -76, -128, -60, -128, -48, -128, -125, 127, -128, 127, -128, 127, -128, 127, -128, 127, -128, 103, -107, 76, -68, 59, -23, 52, 24, 55, 69, 66, 107, 81, 127, 101, 127, 125, 127, 127, 127, 127, 127, 127, 127, 127, 127, 127, 127, 127, 127, 113, 127, 83, 127, 50, 127, 15, 127, -16, 127, -35]",esp32_2
CSI_DATA,117451,2025-08-27 15:23:50.301,0,walk,00:00:00:00:00:00,-40,11,0,0,0,0,0,0,0,0,0,-97,0,1,0,301212806,0,14,0,0,0,104,0,"[0, 0, -124, 127, -128, 127, -128, 127, -128, 127, -128, 127, -128, 127, -118, 127, -106, 127, -92, 127, -78, 127, -65, 127, -50, 121, -33, 92, -16, 61, 1, 33, 19, 8, 38, -14, 59, -30, 80, -41, 97, -46, 110, -46, 118, -41, 120, -33, 117, -25, 114, -20, -57, -128, -33, -128, -3, -128, 21, -128, 38, -128, 44, -128, 36, -124, 14, -79, -17, -38, -58, -2, -104, 24, -128, 39, -128, 44, -128, 42, -128, 37, -128, 30, -128, 22, -128, 20, -128, 26, -128, 42, -128, 68, -128, 101, -128, 127, -116, 127, -100, 127, -93, 127]",esp32_2
CSI_DATA,114905,2025-08-27 15:23:50.333,0,walk,00:00:00:00:00:00,-70,11,0,0,0,0,0,0,0,0,0,-97,0,1,0,3441703671,0,14,0,0,0,104,0,"[0, 0, -128, -128, -128, -128, -128, -128, -120, -128, -99, -105, -100, -43, -109, 12, -102, 72, -127, 118, -128, 127, -128, 127, -128, 127, -128, 127, -128, 127, -128, 122, -128, 83, -128, 38, -128, 5, -91, -24, -29, -32, 11, -41, 61, -35, 98, -20, 127, -3, 127, 14, 37, 106, 43, 106, 51, 97, 68, 87, 89, 97, 95, 82, 111, 69, 127, 69, 127, 57, 127, 60, 127, 40, 127, 24, 127, 32, 127, 23, 127, 17, 127, -9, 127, -6, 125, -11, 89, -5, 51, -23, 3, -37, -40, -70, -119, -96, -128, -128, -128, -128, -128, -128]",esp32_1
CSI_DATA,117452,2025-08-27 15:23:50.333,0,walk,00:00:00:00:00:00,-40,11,0,0,0,0,0,0,0,0,0,-97,0,1,0,301249642,0,14,0,0,0,104,0,"[0, 0, -14, 127, -29, 127, -38, 127, -46, 127, -49, 127, -45, 127, -36, 127, -23, 127, -10, 127, 0, 127, 7, 127, 10, 127, 13, 117, 13, 94, 12, 67, 10, 39, 11, 9, 16, -17, 27, -38, 39, -56, 53, -69, 67, -74, 74, -72, 79, -67, 81, -61, -128, -128, -128, -128, -128, -128, -128, -128, -110, -128, -76, -128, -54, -128, -48, -77, -59, -17, -86, 41, -123, 91, -128, 126, -128, 127, -128, 127, -128, 127, -128, 127, -128, 127, -128, 127, -128, 127, -128, 127, -128, 127, -121, 127, -79, 127, -42, 127, -14, 127, 1, 127]",esp32_2
CSI_DATA,114906,2025-08-27 15:23:50.357,0,walk,00:00:00:00:00:00,-65,11,0,0,0,0,0,0,0,0,0,-97,0,1,0,3442341552,0,14,0,0,0,104,0,"[0, 0, 127, -128, 127, -128, 127, -128, 127, -128, 127, -128, 119, -128, 98, -118, 68, -113, 49, -116, 25, -125, 10, -128, -1, -128, -3, -128, 10, -128, 24, -128, 35, -128, 56, -128, 63, -111, 66, -83, 56, -52, 43, -26, 21, -5, -2, 10, -30, 23, -52, 21, 80, 85, 81, 92, 74, 92, 73, 97, 70, 92, 70, 91, 67, 84, 67, 78, 72, 67, 86, 57, 93, 47, 100, 44, 107, 39, 121, 35, 120, 33, 121, 36, 114, 31, 106, 22, 96, 7, 82, -11, 66, -35, 61, -64, 53, -94, 66, -128, 77, -128, 86, -128]",esp32_1
CSI_DATA,117453,2025-08-27 15:23:50.357,0,walk,00:00:00:00:00:00,-41,11,0,0,0,0,0,0,0,0,0,-97,0,1,0,301294978,0,14,0,130,71,104,0,"[0, 0, 117, -128, 122, -128, 126, -128, 126, -128, 118, -128, 110, -128, 103, -128, 95, -128, 87, -128, 79, -128, 70, -128, 61, -116, 50, -82, 39, -47, 22, -12, 0, 21, -24, 47, -50, 65, -78, 75, -102, 77, -122, 74, -128, 66, -128, 53, -128, 40, -128, 31, 54, 127, 32, 127, 6, 127, -12, 127, -23, 127, -24, 127, -13, 109, 10, 72, 43, 41, 84, 19, 127, 5, 127, -1, 127, 0, 127, 4, 127, 9, 127, 14, 127, 16, 127, 11, 127, -1, 127, -20, 127, -48, 127, -83, 126, -124, 118, -128, 116, -128, 116, -128]",esp32_2
CSI_DATA,114907,2025-08-27 15:23:50.381,0,walk,00:00:00:00:00:00,-65,11,0,0,0,0,0,0,0,0,0,-97,0,1,0,3442351827,0,14,0,0,0,104,0,"[0, 0, -128, -128, -128, -128, -128, -128, -128, -128, -128, -128, -125, -117, -113, -95, -119, -60, -121, -42, -128, -22, -128, -12, -128, -2, -128, -4, -128, -9, -128, -22, -128, -39, -128, -52, -117, -63, -88, -66, -57, -59, -28, -50, -6, -34, 15, -8, 29, 22, 30, 52, 102, -57, 102, -54, 106, -55, 103, -56, 102, -55, 99, -54, 88, -59, 86, -61, 75, -66, 76, -74, 66, -92, 62, -98, 67, -98, 62, -105, 61, -106, 52, -115, 48, -104, 42, -100, 35, -81, 9, -72, -15, -61, -46, -53, -92, -57, -122, -70, -128, -82, -128, -102]",esp32_1
CSI_DATA,117454,2025-08-27 15:23:50.412,0,walk,00:00:00:00:00:00,-43,11,0,0,0,0,0,0,0,0,0,-97,0,1,0,301324887,0,14,0,0,0,104,0,"[0, 0, -128, 30, -128, 28, -128, 28, -128, 26, -128, 25, -128, 25, -128, 26, -128, 29, -128, 32, -128, 32, -128, 27, -121, 21, -85, 15, -47, 8, -7, 5, 34, 6, 72, 13, 102, 26, 126, 44, 127, 61, 127, 76, 127, 90, 127, 98, 123, 102, 111, 102, 127, -106, 127, -78, 127, -43, 127, -13, 127, 8, 127, 19, 107, 16, 52, -6, 1, -39, -44, -82, -77, -128, -95, -128, -103, -128, -103, -128, -97, -128, -88, -128, -78, -128, -73, -128, -74, -128, -83, -128, -103, -128, -128, -113, -128, -70, -128, -31, -128, -2, -128, 12]",esp32_2
CSI_DATA,114908,2025-08-27 15:23:50.429,0,walk,00:00:00:00:00:00,-64,11,0,0,0,0,0,0,0,0,0,-97,0,1,0,3442361454,0,14,0,0,0,104,0,"[0, 0, -128, 127, -128, 127, -128, 127, -128, 127, -128, 127, -107, 127, -80, 120, -59, 124, -40, 127, -25, 127, -9, 127, -7, 127, -7, 127, -24, 127, -37, 127, -45, 127, -63, 127, -73, 112, -74, 84, -65, 51, -50, 21, -29, -4, -7, -24, 20, -35, 47, -36, -32, -105, -33, -104, -31, -108, -31, -110, -35, -104, -36, -104, -42, -94, -48, -94, -53, -88, -70, -85, -75, -85, -81, -87, -87, -84, -96, -84, -93, -82, -90, -80, -82, -76, -75, -64, -65, -38, -59, -11, -53, 20, -48, 54, -55, 82, -75, 127, -91, 127, -108, 127]",esp32_1
CSI_DATA,117455,2025-08-27 15:23:50.445,0,walk,00:00:00:00:00:00,-43,11,0,0,0,0,0,0,0,0,0,-97,0,1,0,301977737,0,14,0,0,0,104,0,"[0, 0, 127, 127, 127, 127, 127, 127, 127, 127, 127, 127, 127, 127, 127, 127, 127, 127, 127, 127, 127, 127, 110, 116, 80, 83, 55, 43, 33, 1, 15, -43, 2, -85, -2, -123, 4, -128, 16, -128, 28, -128, 43, -128, 57, -128, 64, -128, 64, -128, 62, -128, -118, -128, -95, -128, -66, -128, -39, -128, -17, -128, -3, -128, 0, -107, -7, -57, -27, -5, -57, 42, -93, 82, -128, 110, -128, 127, -128, 127, -128, 127, -128, 127, -128, 127, -128, 119, -128, 109, -128, 104, -114, 103, -65, 110, -15, 125, 38, 127, 88, 127, 124, 127]",esp32_2
CSI_DATA,114909,2025-08-27 15:23:50.464,0,walk,00:00:00:00:00:00,-65,11,0,0,0,0,0,0,0,0,0,-97,0,1,0,3442371487,0,14,0,0,0,104,0,"[0, 0, -128, 127, -128, 127, -128, 127, -128, 127, -126, 121, -102, 117, -75, 117, -52, 127, -33, 127, -21, 127, -9, 127, -12, 127, -8, 127, -30, 127, -43, 127, -52, 127, -66, 127, -76, 108, -73, 80, -65, 48, -46, 15, -28, -8, -4, -29, 24, -38, 50, -39, -13, -98, -10, -103, -13, -104, -17, -104, -20, -104, -23, -103, -24, -100, -31, -105, -38, -100, -51, -97, -57, -102, -61, -101, -72, -93, -73, -93, -71, -91, -68, -94, -59, -81, -53, -69, -49, -37, -45, -11, -48, 22, -54, 55, -61, 83, -78, 126, -99, 127, -119, 127]",esp32_1
CSI_DATA,117456,2025-08-27 15:23:50.477,0,walk,00:00:00:00:00:00,-43,11,0,0,0,0,0,0,0,0,0,-97,0,1,0,301987559,0,14,0,0,0,104,0,"[0, 0, -98, 127, -99, 127, -100, 127, -98, 127, -93, 127, -89, 127, -85, 127, -80, 127, -72, 127, -62, 127, -51, 127, -37, 100, -17, 66, 7, 32, 34, 3, 64, -20, 93, -37, 120, -43, 127, -42, 127, -36, 127, -25, 127, -13, 127, -1, 127, 7, 127, 10, 122, -128, 127, -128, 127, -128, 127, -120, 124, -93, 102, -67, 71, -46, 33, -31, -10, -25, -54, -26, -94, -36, -128, -50, -128, -68, -128, -87, -128, -100, -128, -109, -128, -113, -128, -110, -128, -96, -128, -73, -125, -42, -113, -5, -105, 35, -99, 78, -97, 119, -97, 127]",esp32_2
CSI_DATA,114910,2025-08-27 15:23:50.498,0,walk,00:00:00:00:00:00,-65,11,0,0,0,0,0,0,0,0,0,-97,0,1,0,3442384214,0,14,0,0,0,104,0,"[0, 0, 110, -128, 119, -128, 102, -128, 103, -128, 73, -128, 64, -128, 35, -128, 3, -128, -4, -128, -26, -128, -25, -128, -28, -128, -25, -128, -9, -128, 9, -128, 21, -128, 49, -128, 55, -112, 58, -78, 56, -45, 41, -20, 14, 7, -4, 34, -29, 44, -54, 52, 59, 84, 63, 89, 60, 80, 69, 89, 71, 88, 72, 99, 74, 88, 79, 94, 79, 89, 85, 92, 94, 86, 91, 77, 92, 87, 95, 78, 94, 74, 85, 53, 76, 48, 67, 32, 59, 18, 51, -11, 39, -42, 43, -74, 34, -112, 56, -128, 66, -128, 78, -128]",esp32_1
CSI_DATA,117457,2025-08-27 15:23:50.509,0,walk,00:00:00:00:00:00,-43,11,0,0,0,0,0,0,0,0,0,-97,0,1,0,301996738,0,14,0,0,0,104,0,"[0, 0, 46, -128, 44, -128, 46, -128, 45, -128, 42, -128, 42, -128, 43, -128, 44, -128, 43, -128, 40, -128, 34, -128, 25, -109, 11, -72, -7, -36, -31, -3, -60, 26, -89, 45, -119, 51, -128, 50, -128, 42, -128, 31, -128, 17, -128, 2, -128, -10, -128, -15, -49, 127, -63, 127, -76, 127, -82, 127, -80, 121, -69, 92, -47, 64, -18, 42, 18, 25, 57, 15, 94, 12, 126, 16, 127, 23, 127, 31, 127, 39, 127, 45, 127, 49, 127, 47, 127, 37, 127, 22, 127, -1, 115, -30, 100, -63, 88, -99, 79, -128, 75, -128]",esp32_2
CSI_DATA,117458,2025-08-27 15:23:50.531,0,walk,00:00:00:00:00:00,-43,11,0,0,0,0,0,0,0,0,0,-97,0,1,0,302007815,0,14,0,0,0,104,0,"[0, 0, -128, 127, -128, 127, -128, 127, -128, 127, -128, 127, -128, 127, -128, 127, -128, 127, -128, 120, -128, 101, -128, 82, -108, 63, -66, 47, -23, 36, 22, 32, 66, 35, 101, 47, 126, 66, 127, 88, 127, 107, 127, 123, 127, 127, 121, 127, 103, 127, 89, 125, 127, -128, 127, -128, 127, -128, 127, -114, 127, -87, 125, -62, 87, -46, 42, -42, -3, -47, -48, -60, -88, -79, -117, -102, -128, -127, -128, -128, -128, -128, -128, -128, -128, -128, -128, -128, -128, -128, -128, -123, -128, -87, -128, -48, -128, -6, -128, 38, -128, 75, -128, 97]",esp32_2
CSI_DATA,117459,2025-08-27 15:23:50.564,0,walk,00:00:00:00:00:00,-44,11,0,0,0,0,0,0,0,0,0,-97,0,1,0,302021352,0,14,0,0,0,104,0,"[0, 0, 127, 127, 127, 127, 127, 127, 127, 127, 127, 127, 127, 127, 127, 127, 127, 127, 127, 127, 120, 127, 92, 127, 63, 94, 39, 53, 20, 9, 7, -36, 0, -80, 5, -120, 20, -128, 39, -128, 57, -128, 74, -128, 86, -128, 91, -128, 90, -128, 87, -126, -128, -128, -128, -128, -128, -128, -123, -128, -93, -128, -68, -128, -50, -96, -41, -48, -45, 3, -57, 52, -76, 95, -98, 127, -123, 127, -128, 127, -128, 127, -128, 127, -128, 127, -128, 127, -128, 127, -117, 127, -77, 127, -32, 127, 15, 127, 64, 127, 112, 127, 127, 127]",esp32_2
CSI_DATA,114912,2025-08-27 15:23:50.589,0,walk,00:00:00:00:00:00,-65,11,0,0,0,0,0,0,0,0,0,-97,0,1,0,3442404079,0,14,0,0,0,104,0,"[0, 0, 127, 22, 127, 25, 127, 29, 127, 14, 127, 3, 127, -20, 127, -43, 127, -75, 127, -94, 127, -113, 127, -121, 127, -125, 127, -123, 127, -115, 127, -92, 127, -60, 127, -40, 124, -15, 97, 5, 61, 17, 28, 28, -2, 24, -35, 15, -64, 5, -78, -16, -68, 71, -73, 77, -77, 83, -80, 88, -85, 91, -88, 95, -85, 97, -89, 97, -84, 98, -79, 95, -74, 103, -62, 106, -55, 92, -52, 91, -42, 85, -31, 98, -22, 81, -9, 71, 6, 46, 25, 32, 55, 16, 85, 2, 125, -2, 127, -15, 127, -16, 127, 2]",esp32_1
CSI_DATA,114913,2025-08-27 15:23:50.617,0,walk,00:00:00:00:00:00,-65,11,0,0,0,0,0,0,0,0,0,-97,0,1,0,3442411447,0,14,0,0,0,104,0,"[0, 0, 127, -18, 127, -7, 127, -6, 127, -11, 127, -19, 127, -40, 123, -63, 114, -89, 112, -108, 114, -128, 120, -128, 127, -128, 127, -128, 127, -128, 127, -114, 127, -83, 127, -55, 116, -29, 98, -7, 64, 10, 29, 20, -1, 18, -29, 9, -56, 3, -72, -18, -31, 92, -32, 101, -33, 105, -35, 114, -37, 119, -42, 125, -43, 119, -49, 122, -40, 121, -42, 112, -29, 120, -19, 120, -16, 102, -10, 107, -4, 98, 8, 101, 9, 91, 22, 77, 30, 46, 42, 31, 59, 8, 88, -12, 123, -24, 127, -44, 127, -46, 127, -38]",esp32_1
CSI_DATA,114914,2025-08-27 15:23:50.645,0,walk,00:00:00:00:00:00,-66,11,0,0,0,0,0,0,0,0,0,-97,0,1,0,3442421460,0,14,0,0,0,104,0,"[0, 0, 80, 127, 67, 127, 71, 127, 64, 127, 72, 127, 89, 127, 113, 103, 127, 84, 127, 75, 127, 68, 127, 76, 127, 90, 127, 93, 127, 113, 127, 127, 127, 127, 127, 127, 88, 127, 54, 110, 14, 87, -12, 65, -24, 27, -36, -19, -42, -56, -30, -88, -116, -30, -119, -33, -128, -30, -128, -37, -128, -44, -128, -48, -128, -42, -128, -44, -128, -37, -128, -35, -128, -22, -128, -9, -128, -13, -128, -1, -124, 5, -122, 27, -97, 24, -91, 36, -61, 37, -32, 56, -6, 72, 32, 103, 65, 127, 81, 127, 90, 127, 113, 127]",esp32_1
CSI_DATA,117461,2025-08-27 15:23:50.655,0,walk,00:00:00:00:00:00,-43,11,0,0,0,0,0,0,0,0,0,-97,0,1,0,302041376,0,14,0,0,0,104,0,"[0, 0, -128, 127, -128, 127, -128, 127, -128, 127, -128, 127, -128, 127, -128, 127, -128, 127, -128, 127, -109, 127, -86, 105, -62, 79, -34, 54, -3, 30, 29, 8, 62, -9, 94, -19, 124, -18, 127, -10, 127, 1, 127, 13, 127, 25, 127, 37, 127, 44, 127, 47, 95, -128, 116, -128, 127, -128, 127, -128, 127, -128, 113, -111, 77, -75, 30, -50, -24, -35, -79, -32, -128, -41, -128, -57, -128, -80, -128, -103, -128, -121, -128, -128, -128, -128, -128, -128, -128, -111, -128, -77, -128, -35, -128, 14, -128, 67, -128, 121, -128, 127, -128, 127]",esp32_2
CSI_DATA,114915,2025-08-27 15:23:50.675,0,walk,00:00:00:00:00:00,-66,11,0,0,0,0,0,0,0,0,0,-97,0,1,0,3442431427,0,14,0,0,0,104,0,"[0, 0, -128, -40, -128, -45, -128, -44, -128, -28, -128, -5, -128, 18, -107, 47, -103, 85, -100, 107, -98, 127, -112, 127, -128, 127, -128, 127, -128, 127, -128, 127, -128, 105, -128, 80, -128, 43, -115, 17, -84, -5, -52, -32, -17, -36, 17, -36, 54, -28, 78, -15, 80, -53, 91, -56, 92, -68, 103, -73, 109, -70, 115, -81, 108, -76, 110, -80, 107, -86, 100, -76, 92, -91, 83, -98, 73, -85, 66, -95, 58, -94, 48, -100, 38, -93, 23, -82, -1, -63, -21, -51, -46, -29, -77, -19, -121, -15, -128, -4, -128, -3, -128, -18]",esp32_1
CSI_DATA,117462,2025-08-27 15:23:50.675,0,walk,00:00:00:00:00:00,-43,11,0,0,0,0,0,0,0,0,0,-97,0,1,0,302048023,0,14,0,0,0,104,0,"[0, 0, -105, 127, -110, 127, -111, 127, -109, 127, -102, 127, -90, 127, -78, 127, -66, 127, -51, 127, -36, 127, -23, 105, -11, 81, 2, 56, 16, 30, 31, 4, 49, -19, 69, -36, 90, -46, 110, -51, 125, -50, 127, -46, 127, -39, 127, -29, 127, -18, 123, -10, -68, -128, -43, -128, -14, -128, 8, -128, 23, -128, 27, -128, 18, -99, -2, -58, -34, -22, -74, 9, -117, 28, -128, 36, -128, 35, -128, 28, -128, 18, -128, 9, -128, 1, -128, 0, -128, 6, -128, 21, -128, 46, -127, 80, -106, 122, -91, 127, -85, 127, -86, 127]",esp32_2
CSI_DATA,114916,2025-08-27 15:23:50.708,0,walk,00:00:00:00:00:00,-66,11,0,0,0,0,0,0,0,0,0,-97,0,1,0,3442441431,0,14,0,0,0,104,0,"[0, 0, -83, -128, -80, -128, -83, -128, -83, -128, -78, -128, -100, -94, -122, -64, -128, -21, -128, 3, -128, 24, -128, 21, -128, 13, -128, 5, -128, -20, -128, -47, -128, -64, -128, -93, -128, -101, -105, -105, -56, -97, -20, -83, 21, -48, 51, -17, 83, 19, 93, 53, 95, 81, 108, 85, 114, 89, 126, 93, 127, 97, 127, 105, 127, 100, 127, 98, 127, 91, 127, 86, 127, 64, 127, 54, 127, 56, 127, 46, 127, 29, 125, 9, 108, 1, 90, -9, 74, -19, 47, -42, 7, -67, -18, -105, -67, -128, -77, -128, -98, -128, -119, -128]",esp32_1
CSI_DATA,117463,2025-08-27 15:23:50.708,0,walk,00:00:00:00:00:00,-43,11,0,0,0,0,0,0,0,0,0,-97,0,1,0,302056708,0,14,0,0,0,104,0,"[0, 0, 127, 127, 127, 127, 127, 127, 127, 127, 127, 127, 127, 127, 127, 127, 127, 104, 127, 80, 117, 57, 94, 37, 72, 18, 50, -1, 29, -19, 8, -37, -13, -56, -29, -74, -40, -95, -47, -116, -48, -128, -44, -128, -36, -128, -28, -128, -21, -128, -14, -128, -128, -24, -128, -46, -128, -69, -128, -83, -128, -86, -126, -76, -84, -52, -49, -16, -21, 28, -3, 79, 4, 127, 1, 127, -10, 127, -25, 127, -38, 127, -49, 127, -53, 127, -47, 127, -31, 127, -6, 127, 31, 127, 76, 127, 125, 127, 127, 127, 127, 127, 127, 127]",esp32_2
CSI_DATA,114917,2025-08-27 15:23:50.732,0,walk,00:00:00:00:00:00,-67,11,0,0,0,0,0,0,0,0,0,-97,0,1,0,3442451498,0,14,0,0,0,104,0,"[0, 0, -69, -128, -68, -128, -59, -128, -66, -128, -68, -115, -88, -81, -105, -42, -128, -8, -128, 16, -128, 24, -128, 33, -128, 30, -128, 19, -128, -7, -128, -20, -128, -43, -128, -72, -128, -81, -94, -83, -52, -79, -15, -65, 17, -43, 44, -22, 73, 4, 87, 34, 64, 91, 69, 101, 71, 99, 85, 108, 90, 110, 90, 118, 93, 107, 96, 115, 97, 102, 105, 95, 111, 78, 110, 63, 119, 62, 116, 47, 110, 39, 105, 16, 95, 9, 77, -5, 61, -17, 41, -34, 13, -54, -13, -86, -47, -112, -60, -128, -76, -128, -82, -128]",esp32_1
CSI_DATA,117464,2025-08-27 15:23:50.739,0,walk,00:00:00:00:00:00,-42,11,0,0,0,0,0,0,0,0,0,-97,0,1,0,302067687,0,14,0,0,0,104,0,"[0, 0, 127, -128, 127, -128, 127, -128, 127, -128, 127, -128, 127, -128, 127, -128, 127, -128, 127, -123, 127, -106, 93, -88, 61, -68, 31, -49, 1, -29, -28, -11, -58, 6, -85, 18, -111, 23, -128, 23, -128, 20, -128, 15, -128, 9, -128, 3, -128, -5, -128, -10, -128, 127, -128, 127, -128, 127, -128, 122, -128, 91, -128, 63, -104, 43, -48, 36, 11, 42, 68, 56, 119, 80, 127, 109, 127, 127, 127, 127, 127, 127, 127, 127, 127, 127, 127, 127, 127, 127, 127, 119, 127, 65, 127, 6, 127, -56, 127, -120, 127, -128, 127, -128]",esp32_2
CSI_DATA,117465,2025-08-27 15:23:50.770,0,walk,00:00:00:00:00:00,-43,11,0,0,0,0,0,0,0,0,0,-97,0,1,0,302077005,0,14,0,0,0,104,0,"[0, 0, 127, -128, 127, -128, 127, -128, 127, -128, 127, -128, 127, -123, 127, -112, 127, -104, 127, -98, 127, -92, 98, -83, 69, -72, 42, -59, 16, -43, -11, -29, -40, -16, -68, -7, -96, -6, -121, -10, -128, -16, -128, -23, -128, -31, -128, -40, -128, -49, -128, -55, -128, 127, -128, 127, -128, 127, -128, 127, -128, 109, -128, 75, -89, 49, -33, 36, 29, 37, 87, 51, 127, 74, 127, 103, 127, 127, 127, 127, 127, 127, 127, 127, 127, 127, 127, 127, 127, 127, 127, 116, 127, 64, 127, 8, 127, -49, 127, -103, 127, -128, 127, -128]",esp32_2
CSI_DATA,117466,2025-08-27 15:23:50.797,0,walk,00:00:00:00:00:00,-42,11,0,0,0,0,0,0,0,0,0,-97,0,1,0,302086761,0,14,0,0,0,104,0,"[0, 0, -128, -128, -128, -128, -128, -128, -128, -128, -128, -128, -128, -128, -128, -128, -128, -128, -128, -110, -126, -81, -106, -54, -88, -27, -70, -3, -51, 17, -30, 36, -9, 54, 8, 72, 20, 91, 29, 109, 34, 123, 34, 127, 32, 127, 29, 127, 26, 127, 22, 127, 127, 98, 127, 116, 127, 127, 127, 127, 127, 127, 99, 105, 62, 67, 35, 17, 19, -41, 13, -100, 21, -128, 37, -128, 59, -128, 84, -128, 104, -128, 116, -128, 120, -128, 112, -128, 88, -128, 51, -128, 2, -128, -54, -128, -117, -128, -128, -128, -128, -128, -128, -128]",esp32_2
CSI_DATA,114919,2025-08-27 15:23:50.813,0,walk,00:00:00:00:00:00,-67,11,0,0,0,0,0,0,0,0,0,-97,0,1,0,3442471435,0,14,0,0,0,104,0,"[0, 0, -128, 127, -128, 119, -128, 99, -128, 101, -124, 95, -78, 98, -34, 111, 2, 127, 29, 127, 58, 127, 73, 127, 73, 127, 68, 127, 33, 127, 17, 127, -9, 127, -42, 127, -60, 127, -77, 116, -75, 66, -63, 12, -51, -24, -29, -56, -9, -83, 18, -94, 93, -83, 99, -92, 110, -100, 110, -108, 113, -113, 114, -122, 111, -122, 107, -124, 104, -123, 73, -119, 69, -121, 52, -128, 22, -125, 10, -128, -1, -128, 0, -128, -6, -114, -13, -108, -30, -73, -42, -41, -61, -8, -82, 31, -107, 51, -128, 101, -128, 127, -128, 124]",esp32_1
CSI_DATA,117467,2025-08-27 15:23:50.829,0,walk,00:00:00:00:00:00,-42,11,0,0,0,0,0,0,0,0,0,-97,0,1,0,302096709,0,14,0,0,0,104,0,"[0, 0, -128, -128, -128, -128, -128, -128, -128, -128, -128, -128, -128, -128, -128, -128, -126, -128, -111, -128, -99, -127, -88, -95, -74, -61, -60, -28, -46, 3, -32, 31, -19, 59, -11, 85, -7, 108, -6, 127, -8, 127, -11, 127, -15, 127, -18, 127, -20, 127, -23, 127, 127, 127, 127, 127, 123, 127, 90, 127, 61, 127, 37, 127, 22, 81, 21, 25, 31, -32, 51, -87, 80, -128, 113, -128, 127, -128, 127, -128, 127, -128, 127, -128, 127, -128, 127, -128, 127, -128, 124, -128, 69, -128, 11, -128, -50, -128, -109, -128, -128, -128, -128, -128]",esp32_2
CSI_DATA,114920,2025-08-27 15:23:50.847,0,walk,00:00:00:00:00:00,-67,11,0,0,0,0,0,0,0,0,0,-97,0,1,0,3442481429,0,14,0,0,0,104,0,"[0, 0, 127, 24, 127, 28, 127, 35, 127, 16, 127, 2, 123, -32, 98, -61, 78, -110, 65, -128, 59, -128, 68, -128, 78, -128, 90, -128, 111, -128, 127, -128, 127, -128, 127, -128, 127, -91, 121, -59, 93, -14, 64, 26, 29, 50, -3, 66, -49, 68, -77, 68, -122, 2, -128, 7, -128, 16, -128, 19, -128, 19, -128, 22, -128, 31, -128, 27, -128, 40, -128, 35, -128, 62, -117, 79, -94, 72, -85, 84, -80, 89, -77, 107, -66, 101, -47, 97, -24, 72, 4, 50, 33, 31, 72, 13, 124, 17, 127, -9, 127, -8, 127, 15]",esp32_1
CSI_DATA,114921,2025-08-27 15:23:50.876,0,walk,00:00:00:00:00:00,-68,11,0,0,0,0,0,0,0,0,0,-97,0,1,0,3442492844,0,14,0,0,0,104,0,"[0, 0, -78, -128, -61, -128, -59, -128, -53, -128, -56, -128, -71, -108, -88, -79, -116, -38, -128, -19, -128, -4, -128, 3, -128, -5, -128, -12, -128, -34, -128, -55, -128, -74, -128, -87, -109, -93, -70, -92, -28, -79, 2, -59, 37, -40, 57, -9, 74, 24, 86, 54, 66, 90, 80, 95, 81, 99, 91, 104, 98, 110, 95, 117, 97, 112, 94, 112, 95, 102, 107, 95, 103, 69, 99, 54, 105, 59, 113, 36, 109, 27, 102, 8, 91, -5, 88, -15, 73, -23, 49, -38, 24, -58, -8, -85, -52, -110, -57, -128, -77, -128, -99, -128]",esp32_1
CSI_DATA,114922,2025-08-27 15:23:50.899,0,walk,00:00:00:00:00:00,-67,11,0,0,0,0,0,0,0,0,0,-97,0,1,0,3442501416,0,14,0,0,0,104,0,"[0, 0, -128, -128, -128, -128, -128, -128, -128, -128, -128, -113, -128, -66, -128, -25, -128, 23, -128, 64, -128, 102, -128, 117, -128, 122, -128, 117, -128, 96, -128, 68, -128, 33, -128, 3, -128, -26, -125, -55, -65, -58, -27, -56, 5, -46, 55, -38, 101, -15, 122, 19, 127, 26, 127, 25, 127, 18, 127, 13, 127, 17, 127, 21, 127, 20, 127, 26, 127, 14, 127, 19, 127, -7, 127, -24, 127, -19, 126, -23, 111, -45, 92, -69, 81, -73, 62, -75, 41, -62, 16, -58, -27, -59, -69, -78, -128, -84, -128, -94, -128, -107, -128, -128]",esp32_1
CSI_DATA,117469,2025-08-27 15:23:50.909,0,walk,00:00:00:00:00:00,-41,11,0,0,0,0,0,0,0,0,0,-97,0,1,0,302122875,0,14,0,0,0,104,0,"[0, 0, 127, -18, 127, -10, 127, 2, 127, 11, 127, 16, 127, 17, 127, 17, 127, 12, 127, 5, 127, -2, 117, -8, 80, -14, 47, -19, 16, -23, -14, -28, -43, -33, -67, -41, -87, -51, -103, -62, -113, -70, -117, -76, -117, -79, -113, -80, -108, -80, -101, -79, -128, -20, -128, -38, -128, -59, -128, -70, -128, -71, -109, -63, -66, -41, -26, -7, 7, 36, 32, 84, 49, 127, 55, 127, 51, 127, 42, 127, 31, 127, 19, 127, 12, 127, 14, 127, 22, 127, 38, 127, 65, 127, 103, 93, 127, 57, 127, 24, 127, 2, 127, -8]",esp32_2
CSI_DATA,114923,2025-08-27 15:23:50.932,0,walk,00:00:00:00:00:00,-67,11,0,0,0,0,0,0,0,0,0,-97,0,1,0,3442511429,0,14,0,0,0,104,0,"[0, 0, -23, -128, -10, -128, -11, -128, -8, -128, -18, -128, -33, -128, -54, -116, -86, -98, -112, -83, -128, -77, -128, -80, -128, -92, -128, -99, -128, -115, -128, -128, -127, -125, -91, -128, -53, -119, -18, -101, 4, -76, 22, -43, 36, -8, 43, 27, 47, 53, 37, 84, 68, 76, 75, 85, 77, 87, 93, 100, 98, 103, 98, 116, 93, 119, 88, 124, 87, 115, 89, 110, 83, 92, 75, 69, 85, 59, 88, 47, 88, 33, 74, 14, 70, 5, 69, -15, 59, -25, 46, -47, 22, -68, 8, -97, -23, -123, -29, -128, -43, -128, -47, -128]",esp32_1
CSI_DATA,117470,2025-08-27 15:23:50.942,0,walk,00:00:00:00:00:00,-41,11,0,0,0,0,0,0,0,0,0,-97,0,1,0,302129451,0,14,0,0,0,104,0,"[0, 0, 55, 127, 46, 127, 39, 127, 31, 127, 22, 127, 16, 127, 14, 127, 13, 127, 15, 127, 17, 127, 18, 118, 20, 82, 22, 46, 26, 12, 29, -20, 31, -47, 35, -70, 43, -91, 51, -108, 57, -120, 62, -126, 65, -126, 65, -121, 64, -115, 64, -110, 0, -128, 19, -128, 41, -128, 55, -128, 60, -128, 54, -118, 36, -73, 5, -29, -34, 9, -79, 40, -126, 62, -128, 71, -128, 71, -128, 67, -128, 59, -128, 50, -128, 43, -128, 42, -128, 48, -128, 61, -128, 83, -89, 115, -44, 127, -4, 127, 29, 127, 48, 127]",esp32_2
CSI_DATA,114924,2025-08-27 15:23:50.963,0,walk,00:00:00:00:00:00,-67,11,0,0,0,0,0,0,0,0,0,-97,0,1,0,3442521487,0,14,0,0,0,104,0,"[0, 0, -83, -128, -72, -128, -73, -128, -58, -128, -58, -128, -68, -128, -83, -122, -108, -100, -127, -85, -128, -65, -128, -68, -128, -74, -128, -79, -128, -94, -128, -106, -128, -107, -113, -117, -70, -110, -41, -95, -8, -71, 15, -44, 33, -11, 40, 16, 52, 52, 43, 77, 98, 50, 110, 55, 118, 56, 127, 65, 127, 74, 127, 88, 127, 86, 127, 93, 120, 88, 122, 88, 105, 69, 98, 53, 101, 40, 92, 22, 93, 11, 78, -8, 72, -20, 66, -39, 50, -40, 34, -56, 10, -71, -20, -98, -61, -124, -76, -128, -87, -128, -102, -128]",esp32_1
CSI_DATA,117471,2025-08-27 15:23:50.976,0,walk,00:00:00:00:00:00,-40,11,0,0,0,0,0,0,0,0,0,-97,0,1,0,302136915,0,14,0,0,0,104,0,"[0, 0, 127, -72, 127, -62, 127, -51, 127, -38, 127, -26, 127, -19, 127, -15, 127, -15, 127, -18, 127, -22, 118, -24, 79, -26, 44, -30, 11, -36, -19, -40, -48, -44, -73, -50, -92, -59, -108, -68, -119, -75, -123, -80, -122, -84, -118, -85, -113, -85, -107, -84, -128, 47, -128, 25, -128, -2, -128, -22, -128, -35, -128, -38, -80, -28, -32, -5, 13, 29, 52, 72, 80, 118, 96, 127, 101, 127, 100, 127, 95, 127, 88, 127, 79, 127, 76, 127, 78, 127, 86, 127, 105, 122, 127, 75, 127, 31, 127, -10, 127, -42, 127, -59]",esp32_2
CSI_DATA,117472,2025-08-27 15:23:51.010,0,walk,00:00:00:00:00:00,-39,11,0,0,0,0,0,0,0,0,0,-97,0,1,0,302146713,0,14,0,0,0,104,0,"[0, 0, -128, 87, -128, 75, -128, 63, -128, 50, -128, 40, -128, 30, -128, 23, -128, 20, -128, 20, -128, 20, -127, 22, -85, 26, -45, 31, -8, 35, 25, 40, 57, 46, 83, 53, 102, 61, 117, 69, 127, 75, 127, 79, 127, 82, 125, 83, 119, 80, 113, 76, 127, -30, 127, -10, 127, 15, 127, 33, 127, 43, 127, 44, 81, 32, 34, 7, -11, -28, -49, -72, -77, -119, -92, -128, -97, -128, -96, -128, -93, -128, -85, -128, -78, -128, -76, -128, -80, -128, -92, -128, -113, -121, -128, -73, -128, -27, -128, 17, -128, 51, -128, 68]",esp32_2
CSI_DATA,117473,2025-08-27 15:23:51.044,0,walk,00:00:00:00:00:00,-39,11,0,0,0,0,0,0,0,0,0,-97,0,1,0,302156713,0,14,0,0,0,104,0,"[0, 0, -128, 127, -128, 127, -128, 127, -128, 127, -128, 127, -128, 127, -128, 127, -128, 127, -123, 127, -96, 127, -68, 112, -41, 79, -11, 49, 19, 21, 46, -4, 72, -24, 95, -40, 116, -50, 127, -55, 127, -57, 127, -56, 127, -51, 127, -44, 127, -39, 127, -36, 127, -128, 127, -128, 127, -128, 127, -128, 127, -98, 120, -66, 79, -39, 31, -21, -23, -13, -78, -16, -128, -28, -128, -45, -128, -66, -128, -88, -128, -103, -128, -111, -128, -113, -128, -105, -128, -82, -128, -45, -128, 2, -128, 55, -128, 115, -128, 127, -128, 127, -128, 127]",esp32_2
CSI_DATA,114926,2025-08-27 15:23:51.052,0,walk,00:00:00:00:00:00,-66,11,0,0,0,0,0,0,0,0,0,-97,0,1,0,3442541423,0,14,0,0,0,104,0,"[0, 0, -128, -128, -119, -128, -110, -128, -90, -128, -82, -128, -90, -128, -94, -128, -114, -114, -128, -93, -128, -74, -128, -68, -128, -71, -128, -77, -128, -101, -128, -108, -128, -117, -115, -119, -76, -113, -44, -102, -15, -73, 3, -47, 25, -11, 30, 25, 41, 52, 45, 87, 124, -1, 127, -2, 127, 4, 127, 8, 127, 15, 127, 25, 127, 36, 127, 43, 127, 47, 127, 38, 127, 31, 117, 14, 113, 2, 110, -9, 101, -30, 85, -43, 73, -46, 64, -58, 49, -63, 26, -71, -8, -87, -34, -104, -80, -119, -104, -128, -125, -128, -128, -128]",esp32_1
CSI_DATA,117474,2025-08-27 15:23:51.073,0,walk,00:00:00:00:00:00,-40,11,0,0,0,0,0,0,0,0,0,-97,0,1,0,302166712,0,14,0,0,0,104,0,"[0, 0, -128, -128, -128, -128, -128, -128, -128, -128, -128, -128, -128, -128, -128, -128, -128, -120, -128, -99, -128, -76, -128, -56, -97, -34, -58, -8, -21, 17, 12, 42, 40, 67, 60, 92, 73, 115, 80, 127, 82, 127, 78, 127, 71, 127, 63, 127, 57, 127, 52, 127, 127, 127, 127, 127, 127, 127, 127, 127, 121, 127, 86, 117, 54, 82, 30, 36, 14, -17, 7, -73, 10, -128, 21, -128, 36, -128, 56, -128, 71, -128, 80, -128, 84, -128, 77, -128, 58, -128, 28, -128, -14, -128, -67, -128, -127, -127, -128, -114, -128, -109, -128, -112]",esp32_2
CSI_DATA,114927,2025-08-27 15:23:51.086,0,walk,00:00:00:00:00:00,-66,11,0,0,0,0,0,0,0,0,0,-97,0,1,0,3442551427,0,14,0,0,0,104,0,"[0, 0, 127, -47, 127, -34, 127, -17, 127, -19, 127, -14, 127, -22, 127, -34, 117, -55, 102, -76, 88, -101, 89, -117, 95, -126, 99, -128, 114, -128, 118, -120, 120, -91, 119, -70, 106, -44, 90, -19, 62, -1, 35, 22, 1, 25, -24, 28, -57, 20, -72, 11, -42, 99, -50, 103, -50, 113, -60, 120, -68, 125, -70, 124, -72, 122, -76, 119, -71, 116, -65, 100, -53, 102, -42, 97, -28, 81, -13, 83, -4, 78, 11, 88, 17, 78, 31, 70, 36, 49, 50, 30, 62, 8, 87, -16, 117, -29, 127, -58, 127, -66, 127, -61]",esp32_1
CSI_DATA,114928,2025-08-27 15:23:51.108,0,walk,00:00:00:00:00:00,-69,11,0,0,0,0,0,0,0,0,0,-97,0,1,0,3442561449,0,14,0,0,0,104,0,"[0, 0, 127, 126, 127, 127, 127, 127, 127, 127, 127, 112, 127, 94, 127, 66, 127, 29, 127, 2, 127, -35, 127, -44, 127, -65, 127, -60, 127, -57, 127, -34, 127, -6, 127, 7, 127, 26, 123, 35, 78, 46, 28, 52, -13, 33, -63, 9, -103, -36, -128, -77, -128, 66, -128, 74, -128, 80, -128, 70, -128, 65, -128, 67, -128, 71, -128, 66, -128, 66, -120, 50, -112, 68, -96, 82, -83, 63, -75, 72, -57, 74, -40, 95, -28, 86, -4, 86, -1, 70, 21, 61, 52, 53, 76, 57, 123, 50, 127, 44, 127, 54, 127, 71]",esp32_1
CSI_DATA,114929,2025-08-27 15:23:51.140,0,walk,00:00:00:00:00:00,-66,11,0,0,0,0,0,0,0,0,0,-97,0,1,0,3442573198,0,14,0,0,0,104,0,"[0, 0, 127, 127, 111, 127, 97, 127, 84, 127, 70, 127, 68, 127, 71, 127, 87, 104, 96, 86, 114, 65, 127, 73, 127, 73, 127, 76, 127, 86, 127, 93, 105, 103, 82, 103, 48, 93, 28, 75, 5, 55, -12, 33, -20, 2, -23, -23, -23, -53, -12, -74, -127, 33, -128, 29, -128, 25, -128, 23, -128, 19, -128, 16, -128, 11, -128, 8, -117, 11, -113, 18, -102, 26, -93, 35, -88, 36, -85, 47, -79, 58, -61, 62, -58, 65, -44, 67, -24, 68, -7, 74, 21, 75, 52, 92, 91, 101, 107, 127, 126, 127, 127, 127]",esp32_1
CSI_DATA,114930,2025-08-27 15:23:51.161,0,walk,00:00:00:00:00:00,-65,11,0,0,0,0,0,0,0,0,0,-97,0,1,0,3442581447,0,14,0,0,0,104,0,"[0, 0, -128, -128, -120, -128, -110, -128, -91, -128, -82, -128, -82, -128, -83, -128, -99, -104, -105, -85, -121, -73, -128, -72, -128, -72, -128, -75, -128, -90, -128, -91, -109, -99, -81, -97, -54, -86, -27, -75, -3, -51, 12, -31, 20, -1, 23, 23, 22, 56, 10, 74, 127, -27, 126, -26, 127, -21, 127, -21, 127, -14, 127, -8, 127, -7, 127, -8, 117, -8, 117, -13, 104, -24, 88, -35, 88, -35, 82, -45, 75, -55, 60, -65, 53, -65, 39, -67, 26, -68, 3, -67, -30, -76, -52, -93, -97, -105, -107, -127, -128, -128, -128, -128]",esp32_1
CSI_DATA,117476,2025-08-27 15:23:51.170,0,walk,00:00:00:00:00:00,-43,11,0,0,0,0,0,0,0,0,0,-97,0,1,0,302186712,0,14,0,0,0,104,0,"[0, 0, -128, -128, -128, -128, -128, -128, -128, -128, -128, -128, -128, -128, -128, -128, -128, -128, -128, -128, -128, -128, -105, -110, -79, -79, -52, -46, -25, -11, -2, 26, 16, 64, 25, 101, 24, 127, 17, 127, 6, 127, -10, 127, -28, 127, -41, 127, -49, 127, -53, 127, 127, 127, 127, 127, 127, 127, 127, 127, 115, 127, 82, 125, 54, 90, 35, 46, 25, -5, 24, -58, 34, -108, 51, -128, 72, -128, 94, -128, 112, -128, 123, -128, 126, -128, 117, -128, 97, -128, 66, -128, 23, -128, -24, -128, -75, -128, -128, -128, -128, -128, -128, -128]",esp32_2
CSI_DATA,117477,2025-08-27 15:23:51.193,0,walk,00:00:00:00:00:00,-44,11,0,0,0,0,0,0,0,0,0,-97,0,1,0,302197463,0,14,0,0,0,104,0,"[0, 0, -128, 37, -128, 34, -128, 28, -128, 24, -128, 24, -128, 24, -128, 24, -128, 26, -128, 24, -128, 20, -118, 15, -90, 9, -57, 4, -23, 1, 13, 1, 48, 5, 77, 15, 102, 31, 122, 51, 127, 69, 127, 85, 123, 99, 110, 106, 95, 107, 82, 104, 127, -105, 127, -85, 127, -61, 127, -38, 127, -18, 127, -4, 96, 0, 57, -7, 18, -24, -18, -49, -47, -79, -65, -109, -76, -128, -82, -128, -84, -128, -84, -128, -82, -128, -81, -128, -84, -128, -91, -125, -107, -95, -128, -65, -128, -37, -128, -11, -128, 7, -128, 15]",esp32_2
CSI_DATA,114931,2025-08-27 15:23:51.203,0,walk,00:00:00:00:00:00,-66,11,0,0,0,0,0,0,0,0,0,-97,0,1,0,3442591837,0,14,0,0,0,104,0,"[0, 0, -41, -128, -28, -128, -22, -128, -11, -128, -9, -128, -21, -128, -31, -128, -54, -128, -70, -128, -91, -128, -108, -128, -111, -128, -120, -128, -98, -128, -83, -128, -61, -128, -31, -128, -9, -109, 9, -84, 19, -52, 19, -23, 14, 8, -2, 42, -12, 63, -30, 75, 127, 11, 127, 18, 127, 23, 127, 33, 127, 39, 127, 44, 127, 42, 127, 46, 127, 43, 127, 30, 110, 22, 104, 6, 102, 2, 104, -15, 96, -23, 81, -37, 71, -43, 64, -56, 47, -66, 25, -81, 1, -96, -15, -121, -48, -128, -52, -128, -64, -128, -77, -128]",esp32_1
CSI_DATA,117478,2025-08-27 15:23:51.225,0,walk,00:00:00:00:00:00,-44,11,0,0,0,0,0,0,0,0,0,-97,0,1,0,302206720,0,14,0,0,0,104,0,"[0, 0, -128, -128, -128, -128, -128, -128, -128, -128, -128, -128, -128, -128, -128, -128, -128, -128, -128, -116, -128, -100, -113, -85, -88, -68, -59, -48, -28, -28, 1, -2, 27, 29, 46, 62, 54, 95, 55, 127, 48, 127, 34, 127, 17, 127, 2, 127, -11, 127, -21, 127, 127, 54, 127, 74, 127, 94, 127, 104, 127, 104, 124, 93, 89, 69, 62, 34, 43, -10, 31, -59, 29, -105, 36, -128, 47, -128, 60, -128, 71, -128, 77, -128, 76, -128, 66, -128, 47, -128, 20, -128, -17, -128, -60, -128, -106, -128, -128, -128, -128, -128, -128, -128]",esp32_2
CSI_DATA,117479,2025-08-27 15:23:51.257,0,walk,00:00:00:00:00:00,-45,11,0,0,0,0,0,0,0,0,0,-97,0,1,0,302216702,0,14,0,0,0,104,0,"[0, 0, 127, -128, 127, -128, 127, -128, 127, -128, 127, -128, 127, -128, 127, -128, 127, -128, 127, -128, 127, -119, 111, -100, 91, -76, 68, -52, 41, -26, 10, -1, -26, 21, -62, 34, -100, 36, -128, 28, -128, 14, -128, -3, -128, -23, -128, -42, -128, -57, -128, -65, -37, 127, -60, 127, -84, 127, -98, 127, -101, 127, -90, 127, -66, 104, -30, 73, 15, 53, 64, 43, 111, 43, 127, 51, 127, 65, 127, 79, 127, 90, 127, 97, 127, 97, 127, 86, 127, 63, 127, 32, 127, -8, 127, -52, 127, -96, 127, -128, 127, -128, 127, -128]",esp32_2
CSI_DATA,117480,2025-08-27 15:23:51.281,0,walk,00:00:00:00:00:00,-43,11,0,0,0,0,0,0,0,0,0,-97,0,1,0,302226779,0,14,0,0,0,104,0,"[0, 0, -128, 127, -128, 127, -128, 127, -128, 127, -128, 127, -128, 127, -128, 127, -128, 127, -128, 127, -128, 124, -113, 106, -95, 85, -74, 59, -50, 31, -21, 5, 12, -17, 48, -31, 84, -36, 118, -32, 127, -19, 127, -3, 127, 13, 127, 31, 127, 45, 127, 54, -25, -128, 0, -128, 28, -128, 47, -128, 57, -128, 53, -128, 35, -121, 6, -87, -32, -60, -78, -42, -122, -36, -128, -38, -128, -46, -128, -58, -128, -68, -128, -73, -128, -73, -128, -63, -128, -42, -128, -11, -128, 28, -128, 72, -128, 118, -128, 127, -128, 127, -128, 127]",esp32_2
CSI_DATA,114933,2025-08-27 15:23:51.300,0,walk,00:00:00:00:00:00,-68,11,0,0,0,0,0,0,0,0,0,-97,0,1,0,3442611452,0,14,0,0,0,104,0,"[0, 0, 127, 95, 127, 102, 127, 106, 127, 100, 127, 81, 127, 63, 127, 48, 127, 14, 127, -14, 127, -30, 127, -40, 127, -52, 127, -47, 127, -42, 127, -24, 127, 4, 127, 5, 127, 32, 102, 34, 63, 44, 22, 37, -24, 22, -62, -15, -87, -60, -95, -105, -105, 94, -115, 98, -111, 101, -124, 100, -117, 96, -118, 83, -111, 98, -100, 92, -98, 86, -96, 69, -83, 98, -63, 90, -62, 77, -56, 73, -47, 70, -21, 89, -7, 89, 6, 71, 22, 60, 46, 54, 62, 43, 97, 45, 127, 45, 127, 41, 127, 52, 127, 68]",esp32_1
CSI_DATA,117481,2025-08-27 15:23:51.316,0,walk,00:00:00:00:00:00,-43,11,0,0,0,0,0,0,0,0,0,-97,0,1,0,302236702,0,14,0,0,0,104,0,"[0, 0, -128, -128, -128, -128, -128, -128, -128, -128, -128, -128, -128, -128, -128, -123, -128, -108, -128, -93, -128, -79, -128, -71, -125, -62, -95, -49, -61, -36, -27, -18, 7, 7, 33, 37, 49, 69, 55, 102, 53, 127, 44, 127, 30, 127, 15, 127, 0, 127, -12, 127, 127, -128, 127, -128, 127, -114, 127, -84, 127, -60, 127, -44, 123, -42, 79, -55, 39, -79, 4, -113, -20, -128, -32, -128, -35, -128, -33, -128, -30, -128, -27, -128, -27, -128, -32, -128, -45, -128, -67, -128, -100, -128, -128, -128, -128, -118, -128, -111, -128, -112, -128, -117]",esp32_2
CSI_DATA,114934,2025-08-27 15:23:51.326,0,walk,00:00:00:00:00:00,-65,11,0,0,0,0,0,0,0,0,0,-97,0,1,0,3442623350,0,14,0,0,0,104,0,"[0, 0, -64, 127, -70, 127, -68, 127, -72, 127, -61, 127, -44, 127, -27, 127, 2, 127, 22, 127, 38, 127, 56, 127, 60, 127, 61, 127, 47, 127, 31, 127, 19, 127, -5, 127, -25, 106, -32, 75, -32, 42, -24, 15, -10, -13, 5, -38, 26, -53, 51, -58, -118, -44, -120, -52, -115, -57, -121, -59, -119, -60, -120, -66, -113, -65, -111, -68, -105, -58, -112, -48, -103, -41, -98, -28, -107, -24, -102, -12, -99, -1, -92, 7, -82, 15, -73, 23, -57, 45, -46, 70, -31, 92, -20, 118, -5, 127, -4, 127, -11, 127, -18, 127]",esp32_1
CSI_DATA,117482,2025-08-27 15:23:51.338,0,walk,00:00:00:00:00:00,-43,11,0,0,0,0,0,0,0,0,0,-97,0,1,0,302246687,0,14,0,0,0,104,0,"[0, 0, 127, 127, 127, 127, 127, 127, 127, 127, 127, 127, 127, 127, 127, 127, 127, 127, 127, 127, 127, 127, 114, 119, 95, 101, 74, 80, 50, 56, 27, 27, 7, -5, -6, -40, -9, -75, -3, -108, 8, -128, 21, -128, 37, -128, 50, -128, 61, -128, 69, -128, -128, 88, -128, 60, -128, 28, -128, 5, -128, -8, -128, -8, -126, 6, -89, 34, -61, 75, -42, 121, -34, 127, -37, 127, -48, 127, -63, 127, -74, 127, -80, 127, -80, 127, -69, 127, -47, 127, -15, 127, 28, 127, 79, 127, 127, 127, 127, 127, 127, 127, 127, 127]",esp32_2
CSI_DATA,114935,2025-08-27 15:23:51.359,0,walk,00:00:00:00:00:00,-65,11,0,0,0,0,0,0,0,0,0,-97,0,1,0,3442631500,0,14,0,0,0,104,0,"[0, 0, 127, -55, 127, -41, 127, -24, 127, -21, 127, -19, 127, -24, 127, -34, 127, -52, 114, -71, 105, -88, 104, -102, 101, -111, 111, -118, 124, -114, 127, -103, 122, -78, 123, -53, 108, -30, 87, -9, 63, 8, 26, 20, -3, 21, -32, 13, -55, -1, -73, -19, 0, 127, -4, 127, -9, 127, -14, 127, -15, 127, -17, 127, -18, 127, -14, 126, -7, 122, 0, 109, 4, 113, 16, 105, 23, 94, 35, 89, 41, 87, 45, 87, 50, 77, 61, 65, 62, 36, 75, 13, 91, -15, 113, -36, 127, -45, 127, -75, 127, -85, 127, -70]",esp32_1
CSI_DATA,114936,2025-08-27 15:23:51.384,0,walk,00:00:00:00:00:00,-65,11,0,0,0,0,0,0,0,0,0,-97,0,1,0,3442641829,0,14,0,0,0,104,0,"[0, 0, -53, -128, -27, -128, -22, -128, -10, -128, -10, -128, -13, -128, -24, -128, -42, -123, -60, -105, -84, -93, -102, -98, -119, -99, -126, -105, -123, -117, -105, -125, -91, -126, -62, -124, -35, -110, -12, -97, 7, -68, 18, -39, 21, -8, 18, 20, 8, 54, -9, 73, 127, 6, 127, 11, 127, 15, 127, 18, 127, 22, 127, 21, 122, 23, 118, 21, 112, 11, 114, -2, 104, -13, 97, -27, 97, -30, 103, -41, 99, -45, 85, -56, 75, -58, 66, -62, 48, -69, 27, -76, 6, -92, -22, -115, -57, -128, -65, -128, -73, -128, -84, -128]",esp32_1
CSI_DATA,114937,2025-08-27 15:23:51.412,0,walk,00:00:00:00:00:00,-65,11,0,0,0,0,0,0,0,0,0,-97,0,1,0,3442651454,0,14,0,0,0,104,0,"[0, 0, -63, -128, -45, -128, -32, -128, -20, -128, -10, -128, -16, -128, -20, -128, -44, -123, -62, -104, -83, -91, -109, -91, -119, -86, -128, -92, -128, -103, -118, -111, -105, -122, -77, -119, -45, -111, -20, -99, -1, -69, 11, -45, 19, -17, 21, 14, 12, 47, -3, 67, 127, 8, 127, 19, 127, 21, 127, 26, 127, 28, 127, 31, 116, 27, 113, 24, 108, 17, 111, 6, 97, -17, 91, -26, 97, -33, 97, -46, 97, -55, 88, -58, 76, -63, 69, -66, 53, -71, 34, -79, 7, -87, -19, -110, -55, -128, -69, -128, -83, -128, -99, -128]",esp32_1
CSI_DATA,117484,2025-08-27 15:23:51.423,0,walk,00:00:00:00:00:00,-42,11,0,0,0,0,0,0,0,0,0,-97,0,1,0,302267216,0,14,0,0,0,104,0,"[0, 0, 127, -128, 127, -128, 127, -128, 127, -128, 127, -128, 127, -128, 127, -128, 122, -128, 98, -128, 73, -128, 52, -128, 36, -124, 22, -99, 9, -72, -3, -44, -16, -16, -32, 10, -53, 30, -75, 46, -94, 56, -110, 61, -122, 60, -126, 53, -126, 45, -124, 38, -73, 127, -93, 127, -111, 127, -115, 127, -105, 127, -80, 120, -41, 83, 11, 57, 70, 43, 127, 41, 127, 51, 127, 70, 127, 93, 127, 117, 127, 127, 127, 127, 127, 127, 127, 127, 127, 99, 127, 57, 127, 2, 119, -60, 113, -125, 115, -128, 127, -128, 127, -128]",esp32_2
CSI_DATA,117485,2025-08-27 15:23:51.455,0,walk,00:00:00:00:00:00,-42,11,0,0,0,0,0,0,0,0,0,-97,0,1,0,302277041,0,14,0,0,0,104,0,"[0, 0, -126, -128, -116, -128, -100, -128, -86, -128, -77, -128, -70, -128, -66, -128, -68, -128, -69, -128, -71, -128, -72, -128, -68, -103, -62, -74, -54, -46, -43, -18, -32, 11, -24, 39, -21, 65, -22, 89, -26, 108, -31, 122, -38, 127, -42, 127, -44, 122, -47, 117, 119, 127, 90, 127, 54, 127, 26, 127, 7, 127, 0, 127, 10, 82, 36, 25, 73, -26, 121, -68, 127, -97, 127, -110, 127, -111, 127, -106, 127, -97, 127, -84, 127, -70, 127, -60, 127, -59, 127, -68, 115, -87, 56, -118, 3, -128, -46, -128, -85, -128, -108, -128]",esp32_2
CSI_DATA,114939,2025-08-27 15:23:51.476,0,walk,00:00:00:00:00:00,-66,11,0,0,0,0,0,0,0,0,0,-97,0,1,0,3442671427,0,14,0,0,0,104,0,"[0, 0, 120, 127, 103, 127, 98, 127, 76, 127, 64, 127, 62, 127, 62, 127, 75, 125, 89, 105, 108, 87, 125, 89, 127, 90, 127, 89, 127, 103, 127, 110, 124, 125, 96, 124, 62, 114, 35, 102, 7, 77, -13, 49, -22, 20, -25, -12, -24, -51, -2, -76, -128, 27, -128, 22, -128, 20, -128, 13, -128, 7, -128, 9, -128, 8, -128, 9, -119, 15, -118, 20, -102, 36, -94, 45, -95, 52, -95, 65, -92, 72, -82, 84, -77, 83, -63, 78, -47, 80, -30, 85, 3, 84, 34, 100, 75, 121, 98, 127, 119, 127, 127, 127]",esp32_1
CSI_DATA,117486,2025-08-27 15:23:51.486,0,walk,00:00:00:00:00:00,-42,11,0,0,0,0,0,0,0,0,0,-97,0,1,0,302286703,0,14,0,0,0,104,0,"[0, 0, 20, -128, 30, -128, 36, -128, 41, -128, 40, -128, 33, -128, 23, -128, 10, -128, -5, -128, -20, -128, -33, -128, -40, -100, -42, -73, -43, -48, -42, -21, -41, 6, -40, 31, -44, 52, -50, 71, -56, 86, -62, 98, -65, 105, -66, 103, -65, 97, -65, 92, -54, 127, -74, 127, -93, 127, -99, 127, -93, 127, -74, 105, -41, 62, 5, 27, 61, 0, 121, -17, 127, -21, 127, -14, 127, 1, 127, 19, 127, 38, 127, 52, 127, 61, 127, 59, 127, 45, 127, 21, 127, -17, 100, -66, 63, -124, 31, -128, 11, -128, 3, -128]",esp32_2
CSI_DATA,117487,2025-08-27 15:23:51.519,0,walk,00:00:00:00:00:00,-41,11,0,0,0,0,0,0,0,0,0,-97,0,1,0,302296755,0,14,0,0,0,104,0,"[0, 0, -128, 127, -128, 127, -128, 127, -128, 127, -128, 127, -128, 127, -128, 127, -128, 127, -128, 120, -113, 109, -80, 97, -52, 86, -26, 73, -2, 57, 22, 42, 45, 27, 65, 14, 83, 3, 102, -4, 116, -9, 125, -12, 127, -12, 127, -10, 124, -7, 119, -6, 127, -117, 127, -92, 127, -60, 127, -32, 127, -11, 127, 1, 81, 1, 23, -14, -35, -42, -87, -78, -128, -120, -128, -128, -128, -128, -128, -128, -128, -128, -128, -128, -128, -128, -128, -128, -119, -128, -110, -128, -112, -114, -122, -53, -128, 10, -128, 72, -128, 123, -128, 127]",esp32_2
CSI_DATA,114941,2025-08-27 15:23:51.571,0,walk,00:00:00:00:00:00,-66,11,0,0,0,0,0,0,0,0,0,-97,0,1,0,3442691602,0,14,0,0,0,104,0,"[0, 0, 104, -128, 119, -128, 124, -128, 127, -128, 119, -128, 100, -128, 81, -128, 63, -128, 44, -128, 22, -128, 0, -128, -4, -128, -7, -128, 12, -128, 21, -128, 33, -128, 56, -128, 64, -118, 70, -89, 61, -52, 36, -27, 17, -1, -9, 20, -36, 29, -60, 26, 115, 52, 118, 59, 115, 66, 117, 64, 117, 70, 117, 76, 108, 73, 113, 71, 103, 65, 104, 52, 100, 44, 103, 33, 109, 23, 114, 9, 119, 4, 114, -4, 108, -6, 101, -15, 93, -35, 84, -48, 67, -72, 64, -97, 41, -122, 49, -128, 54, -128, 56, -128]",esp32_1
CSI_DATA,114942,2025-08-27 15:23:51.596,0,walk,00:00:00:00:00:00,-65,11,0,0,0,0,0,0,0,0,0,-97,0,1,0,3442701493,0,14,0,0,0,104,0,"[0, 0, 127, 104, 127, 119, 127, 127, 127, 127, 127, 121, 127, 109, 127, 92, 127, 69, 127, 46, 127, 28, 127, 23, 127, 13, 127, 14, 127, 25, 127, 39, 127, 58, 127, 71, 111, 79, 85, 78, 48, 61, 18, 47, -2, 21, -18, -9, -21, -47, -11, -73, -34, 127, -37, 127, -43, 127, -50, 127, -56, 127, -54, 127, -52, 127, -57, 127, -47, 125, -38, 120, -21, 124, -8, 126, -9, 118, 0, 120, 4, 119, 16, 127, 20, 125, 28, 117, 34, 100, 50, 81, 68, 67, 97, 56, 127, 52, 127, 41, 127, 40, 127, 59]",esp32_1
CSI_DATA,117489,2025-08-27 15:23:51.622,0,walk,00:00:00:00:00:00,-41,11,0,0,0,0,0,0,0,0,0,-97,0,1,0,302316687,0,14,0,0,0,104,0,"[0, 0, -128, 89, -128, 85, -128, 80, -128, 72, -128, 64, -128, 56, -128, 51, -128, 49, -128, 47, -127, 46, -96, 44, -67, 41, -39, 38, -11, 34, 16, 31, 40, 27, 61, 26, 80, 28, 96, 32, 107, 36, 113, 40, 114, 43, 110, 45, 103, 46, 95, 46, 127, -42, 127, -23, 127, -1, 127, 17, 127, 30, 122, 36, 78, 30, 34, 10, -9, -20, -46, -59, -74, -102, -90, -128, -96, -128, -96, -128, -90, -128, -81, -128, -72, -128, -64, -128, -60, -128, -62, -128, -73, -128, -93, -95, -121, -51, -128, -9, -128, 27, -128, 48]",esp32_2
CSI_DATA,114943,2025-08-27 15:23:51.624,0,walk,00:00:00:00:00:00,-65,11,0,0,0,0,0,0,0,0,0,-97,0,1,0,3442711539,0,14,0,0,0,104,0,"[0, 0, -15, -128, -1, -128, 2, -128, 15, -128, 24, -128, 28, -128, 0, -128, -13, -128, -19, -128, -28, -128, -44, -128, -49, -128, -68, -128, -51, -128, -29, -128, -21, -128, 19, -128, 29, -128, 57, -110, 59, -68, 33, -56, 13, -10, -10, 11, -40, 36, -76, 24, 127, -57, 127, -47, 127, -37, 127, -52, 127, -23, 127, -25, 127, -25, 127, -19, 127, -19, 127, -39, 119, -51, 117, -46, 127, -56, 126, -80, 121, -72, 107, -105, 102, -82, 109, -83, 100, -94, 72, -113, 48, -120, 13, -128, -13, -128, -28, -128, -48, -128, -46, -128]",esp32_1
CSI_DATA,117490,2025-08-27 15:23:51.653,0,walk,00:00:00:00:00:00,-41,11,0,0,0,0,0,0,0,0,0,-97,0,1,0,302327238,0,14,0,0,0,104,0,"[0, 0, 127, 127, 127, 127, 127, 127, 127, 127, 127, 127, 127, 127, 127, 127, 124, 127, 109, 127, 93, 121, 77, 91, 62, 60, 48, 29, 36, -1, 22, -29, 11, -56, 4, -80, 2, -103, 4, -122, 6, -128, 11, -128, 17, -128, 21, -128, 23, -128, 25, -122, -128, -128, -128, -128, -128, -128, -101, -128, -72, -128, -46, -128, -27, -103, -18, -52, -22, 4, -38, 60, -64, 111, -94, 127, -128, 127, -128, 127, -128, 127, -128, 127, -128, 127, -128, 127, -128, 127, -128, 127, -110, 127, -59, 127, -4, 127, 52, 127, 103, 127, 127, 127]",esp32_2
CSI_DATA,114944,2025-08-27 15:23:51.656,0,walk,00:00:00:00:00:00,-66,11,0,0,0,0,0,0,0,0,0,-97,0,1,0,3442721479,0,14,0,0,0,104,0,"[0, 0, -128, -128, -125, -128, -128, -128, -111, -128, -94, -128, -92, -128, -94, -128, -104, -128, -107, -120, -118, -101, -128, -104, -128, -105, -128, -109, -128, -119, -121, -123, -102, -128, -72, -124, -46, -114, -22, -93, -2, -74, 13, -45, 14, -10, 6, 20, -9, 52, -30, 64, 86, -93, 91, -92, 100, -87, 99, -84, 108, -87, 105, -79, 100, -74, 96, -76, 89, -66, 90, -75, 73, -82, 61, -86, 65, -85, 56, -98, 53, -100, 40, -109, 38, -102, 34, -110, 21, -96, 5, -94, -13, -93, -38, -96, -74, -109, -92, -117, -112, -128, -128, -128]",esp32_1
CSI_DATA,117491,2025-08-27 15:23:51.678,0,walk,00:00:00:00:00:00,-41,11,0,0,0,0,0,0,0,0,0,-97,0,1,0,302336724,0,14,0,0,0,104,0,"[0, 0, -69, -128, -67, -128, -59, -128, -50, -128, -43, -128, -38, -128, -34, -128, -32, -128, -32, -128, -34, -128, -34, -123, -33, -88, -31, -53, -29, -18, -29, 15, -34, 48, -41, 74, -52, 94, -64, 109, -76, 118, -85, 122, -90, 120, -90, 114, -87, 104, -85, 95, 109, 127, 86, 127, 54, 127, 29, 127, 8, 127, -7, 127, -10, 104, 0, 54, 22, 5, 53, -42, 92, -79, 127, -106, 127, -121, 127, -128, 127, -126, 127, -116, 127, -107, 127, -100, 127, -96, 127, -95, 127, -105, 114, -124, 72, -128, 30, -128, -4, -128, -25, -128]",esp32_2
CSI_DATA,114945,2025-08-27 15:23:51.690,0,walk,00:00:00:00:00:00,-66,11,0,0,0,0,0,0,0,0,0,-97,0,1,0,3442731442,0,14,0,0,0,104,0,"[0, 0, 127, -80, 127, -63, 127, -50, 127, -41, 127, -34, 127, -38, 127, -44, 127, -53, 127, -66, 127, -82, 125, -100, 127, -105, 127, -103, 127, -99, 127, -76, 127, -59, 127, -33, 127, -10, 102, 7, 72, 20, 34, 21, 5, 14, -24, 2, -45, -24, -48, -49, 58, 108, 54, 107, 51, 114, 47, 115, 47, 119, 40, 118, 36, 117, 41, 116, 42, 108, 45, 92, 56, 92, 62, 87, 69, 78, 80, 71, 83, 72, 88, 76, 87, 71, 91, 66, 87, 38, 89, 24, 95, 5, 105, -19, 125, -36, 127, -67, 127, -82, 127, -80]",esp32_1
CSI_DATA,117492,2025-08-27 15:23:51.707,0,walk,00:00:00:00:00:00,-41,11,0,0,0,0,0,0,0,0,0,-97,0,1,0,302347460,0,14,0,0,0,104,0,"[0, 0, 127, -128, 127, -128, 127, -128, 127, -128, 127, -128, 127, -128, 127, -128, 127, -128, 127, -128, 118, -126, 87, -102, 57, -77, 27, -51, -2, -28, -32, -7, -63, 12, -91, 24, -118, 28, -128, 27, -128, 23, -128, 16, -128, 9, -128, 0, -128, -7, -128, -12, -128, 127, -128, 127, -128, 127, -128, 127, -128, 119, -128, 84, -110, 54, -58, 33, 2, 24, 64, 27, 124, 42, 127, 64, 127, 91, 127, 121, 127, 127, 127, 127, 127, 127, 127, 127, 127, 127, 127, 120, 127, 76, 127, 26, 127, -28, 127, -86, 127, -128, 127, -128]",esp32_2
CSI_DATA,114946,2025-08-27 15:23:51.723,0,walk,00:00:00:00:00:00,-67,11,0,0,0,0,0,0,0,0,0,-97,0,1,0,3442741438,0,14,0,0,0,104,0,"[0, 0, 127, 127, 127, 127, 127, 127, 127, 127, 127, 127, 117, 127, 118, 115, 120, 89, 127, 72, 127, 51, 127, 50, 127, 55, 127, 56, 127, 65, 127, 76, 127, 94, 110, 98, 76, 93, 52, 83, 21, 65, 0, 40, -13, 12, -14, -18, -9, -51, 8, -74, -72, 95, -76, 98, -81, 91, -84, 90, -89, 90, -87, 88, -81, 84, -83, 84, -70, 87, -67, 83, -56, 89, -43, 97, -44, 93, -36, 103, -30, 102, -21, 112, -23, 110, -9, 109, 1, 90, 12, 88, 30, 79, 59, 78, 95, 85, 115, 83, 127, 91, 127, 113]",esp32_1
CSI_DATA,114947,2025-08-27 15:23:51.748,0,walk,00:00:00:00:00:00,-66,11,0,0,0,0,0,0,0,0,0,-97,0,1,0,3442751440,0,14,0,0,0,104,0,"[0, 0, 127, -128, 127, -128, 127, -128, 127, -128, 127, -128, 127, -128, 127, -128, 127, -128, 115, -128, 100, -128, 85, -128, 97, -128, 99, -128, 122, -128, 127, -128, 127, -128, 127, -111, 127, -73, 127, -41, 92, -9, 49, 5, 9, 13, -31, 14, -57, 1, -85, -24, 109, 98, 113, 99, 102, 107, 106, 107, 105, 113, 108, 118, 102, 119, 103, 113, 97, 110, 108, 81, 100, 84, 111, 82, 127, 62, 127, 51, 127, 46, 127, 45, 127, 44, 127, 35, 125, 10, 115, -17, 109, -43, 113, -75, 109, -92, 122, -128, 127, -128, 127, -128]",esp32_1
CSI_DATA,117493,2025-08-27 15:23:51.753,0,walk,00:00:00:00:00:00,-42,11,0,0,0,0,0,0,0,0,0,-97,0,1,0,302356708,0,14,0,0,0,104,0,"[0, 0, -128, -128, -128, -128, -128, -128, -128, -128, -128, -128, -128, -128, -128, -124, -128, -108, -128, -90, -128, -73, -124, -57, -90, -41, -55, -24, -21, -5, 13, 16, 44, 38, 68, 62, 84, 89, 94, 114, 96, 127, 91, 127, 81, 127, 70, 127, 58, 127, 48, 127, 127, 127, 127, 127, 127, 127, 127, 127, 127, 127, 90, 127, 54, 106, 27, 56, 8, -3, 1, -66, 5, -127, 19, -128, 39, -128, 63, -128, 84, -128, 101, -128, 111, -128, 109, -128, 94, -128, 67, -128, 29, -128, -18, -128, -71, -128, -128, -128, -128, -128, -128, -128]",esp32_2
CSI_DATA,117494,2025-08-27 15:23:51.780,0,walk,00:00:00:00:00:00,-43,11,0,0,0,0,0,0,0,0,0,-97,0,1,0,302368018,0,14,0,0,0,104,0,"[0, 0, -90, 127, -88, 127, -88, 127, -86, 127, -79, 127, -69, 127, -60, 127, -52, 127, -44, 127, -36, 127, -29, 127, -24, 98, -18, 60, -9, 21, 0, -18, 13, -56, 31, -87, 53, -111, 77, -128, 98, -128, 114, -128, 124, -126, 127, -111, 123, -93, 117, -80, 51, -128, 73, -128, 97, -128, 113, -128, 119, -128, 111, -128, 85, -100, 47, -57, -2, -19, -60, 10, -120, 26, -128, 32, -128, 28, -128, 16, -128, 2, -128, -11, -128, -21, -128, -23, -128, -15, -128, 4, -128, 34, -128, 73, -128, 121, -128, 127, -107, 127, -96, 127]",esp32_2
CSI_DATA,117495,2025-08-27 15:23:51.816,0,walk,00:00:00:00:00:00,-43,11,0,0,0,0,0,0,0,0,0,-97,0,1,0,302376735,0,14,0,0,0,104,0,"[0, 0, -30, 127, -31, 127, -28, 127, -25, 127, -21, 127, -16, 127, -10, 127, -5, 127, -2, 127, 0, 127, -1, 127, -4, 107, -5, 70, -5, 30, -5, -10, 0, -50, 10, -86, 28, -116, 49, -128, 69, -128, 88, -128, 104, -128, 111, -128, 113, -115, 112, -100, -40, -128, -16, -128, 15, -128, 41, -128, 57, -128, 62, -128, 52, -122, 28, -68, -7, -18, -54, 24, -107, 56, -128, 76, -128, 84, -128, 84, -128, 81, -128, 74, -128, 67, -128, 64, -128, 68, -128, 81, -128, 103, -128, 127, -125, 127, -93, 127, -65, 127, -48, 127]",esp32_2
CSI_DATA,114949,2025-08-27 15:23:51.837,0,walk,00:00:00:00:00:00,-66,11,0,0,0,0,0,0,0,0,0,-97,0,1,0,3442771450,0,14,0,0,0,104,0,"[0, 0, -128, 127, -128, 127, -128, 127, -128, 127, -128, 127, -116, 127, -88, 127, -60, 127, -37, 127, -15, 127, 7, 127, 8, 127, 16, 127, -1, 127, -17, 127, -31, 127, -51, 127, -67, 127, -70, 99, -64, 60, -47, 26, -21, 2, 4, -22, 34, -32, 63, -30, -127, -74, -125, -82, -125, -86, -121, -88, -119, -85, -114, -86, -104, -79, -106, -74, -110, -61, -117, -45, -114, -36, -121, -20, -128, -11, -128, -7, -128, -3, -128, -5, -128, -3, -128, 7, -115, 19, -104, 40, -81, 62, -68, 93, -53, 118, -56, 127, -60, 127, -65, 127]",esp32_1
CSI_DATA,117496,2025-08-27 15:23:51.843,0,walk,00:00:00:00:00:00,-43,11,0,0,0,0,0,0,0,0,0,-97,0,1,0,302387469,0,14,0,0,0,104,0,"[0, 0, 76, -128, 78, -128, 80, -128, 81, -128, 78, -128, 70, -128, 62, -128, 53, -128, 40, -128, 28, -128, 19, -128, 15, -101, 12, -68, 10, -33, 5, 3, -3, 38, -16, 69, -35, 92, -56, 110, -76, 120, -92, 122, -102, 119, -106, 108, -108, 93, -108, 81, -9, 127, -33, 127, -60, 127, -77, 127, -84, 127, -82, 127, -67, 110, -39, 67, 0, 28, 45, -5, 94, -28, 127, -41, 127, -46, 127, -43, 127, -36, 127, -27, 127, -22, 127, -25, 127, -33, 127, -47, 127, -72, 127, -107, 127, -128, 103, -128, 86, -128, 79, -128]",esp32_2
CSI_DATA,114950,2025-08-27 15:23:51.860,0,walk,00:00:00:00:00:00,-66,11,0,0,0,0,0,0,0,0,0,-97,0,1,0,3442781832,0,14,0,0,0,104,0,"[0, 0, -128, 79, -128, 60, -128, 40, -128, 29, -128, 24, -128, 25, -128, 29, -128, 43, -128, 56, -119, 76, -115, 89, -123, 100, -121, 114, -128, 107, -128, 94, -128, 76, -128, 50, -123, 32, -109, 12, -79, -2, -42, -16, -12, -15, 11, -3, 36, 12, 49, 32, -35, -128, -28, -128, -26, -128, -22, -128, -20, -128, -19, -128, -18, -120, -18, -117, -28, -113, -38, -98, -47, -99, -59, -97, -71, -88, -80, -92, -84, -91, -87, -99, -90, -96, -88, -87, -80, -66, -76, -46, -82, -17, -89, 7, -112, 29, -128, 70, -128, 90, -128, 86]",esp32_1
CSI_DATA,117497,2025-08-27 15:23:51.874,0,walk,00:00:00:00:00:00,-42,11,0,0,0,0,0,0,0,0,0,-97,0,1,0,302396689,0,14,0,0,0,104,0,"[0, 0, 127, -6, 127, -2, 127, 5, 127, 10, 127, 10, 127, 9, 127, 8, 127, 6, 127, 4, 127, 4, 127, 5, 104, 5, 70, 6, 36, 7, 0, 6, -36, 1, -69, -10, -97, -26, -117, -46, -128, -64, -128, -82, -125, -98, -112, -107, -97, -112, -85, -111, -128, 109, -128, 86, -128, 54, -128, 26, -128, 3, -128, -11, -127, -13, -78, -2, -30, 18, 14, 48, 52, 85, 78, 121, 93, 127, 104, 127, 110, 127, 107, 127, 104, 127, 104, 127, 108, 127, 117, 127, 127, 127, 127, 111, 127, 81, 127, 50, 127, 25, 127, 12]",esp32_2
CSI_DATA,114951,2025-08-27 15:23:51.882,0,walk,00:00:00:00:00:00,-66,11,0,0,0,0,0,0,0,0,0,-97,0,1,0,3442793756,0,14,0,0,0,104,0,"[0, 0, -128, -128, -128, -128, -128, -128, -128, -128, -128, -128, -128, -124, -128, -103, -128, -77, -128, -61, -128, -37, -128, -33, -128, -29, -128, -21, -128, -33, -128, -41, -128, -55, -128, -59, -101, -68, -76, -69, -48, -59, -18, -43, -6, -20, 9, 1, 15, 38, 12, 61, 67, -118, 70, -115, 76, -107, 78, -114, 88, -104, 84, -102, 73, -92, 68, -94, 59, -95, 48, -93, 31, -101, 19, -104, 19, -107, 10, -119, 14, -126, 2, -128, 5, -126, -5, -124, -6, -107, -16, -92, -36, -78, -60, -66, -107, -66, -128, -55, -128, -60, -128, -84]",esp32_1
CSI_DATA,114952,2025-08-27 15:23:51.898,0,walk,00:00:00:00:00:00,-65,11,0,0,0,0,0,0,0,0,0,-97,0,1,0,3442815009,0,14,0,0,0,104,0,"[0, 0, 5, 127, -19, 127, -23, 127, -37, 127, -40, 127, -34, 127, -25, 127, -4, 127, 9, 127, 29, 127, 45, 127, 52, 127, 62, 127, 60, 127, 45, 127, 30, 127, 16, 127, -6, 115, -20, 98, -23, 71, -19, 45, -10, 22, 4, -2, 24, -26, 44, -31, -128, 23, -128, 16, -128, 8, -128, 2, -128, -7, -128, -10, -117, -17, -111, -8, -101, 0, -103, 12, -93, 29, -90, 44, -99, 54, -106, 64, -110, 72, -106, 77, -104, 77, -103, 73, -94, 75, -74, 75, -49, 80, -26, 94, 7, 110, 19, 127, 36, 127, 50, 127]",esp32_1
CSI_DATA,114953,2025-08-27 15:23:51.929,0,walk,00:00:00:00:00:00,-65,11,0,0,0,0,0,0,0,0,0,-97,0,1,0,3442851267,0,14,0,0,0,104,0,"[0, 0, -128, -105, -128, -123, -128, -128, -128, -128, -128, -123, -128, -112, -128, -90, -128, -69, -128, -43, -128, -26, -128, -16, -128, -8, -128, -2, -128, -9, -128, -19, -128, -31, -125, -39, -100, -42, -78, -46, -55, -37, -27, -29, -9, -6, 4, 12, 7, 41, 4, 63, 49, -115, 59, -119, 61, -112, 69, -112, 79, -104, 78, -101, 65, -86, 61, -92, 51, -82, 39, -77, 20, -89, 10, -92, 0, -92, -4, -107, -10, -113, -20, -123, -22, -119, -24, -116, -22, -95, -35, -84, -50, -66, -77, -53, -115, -45, -128, -36, -128, -36, -128, -57]",esp32_1
CSI_DATA,117499,2025-08-27 15:23:51.943,0,walk,00:00:00:00:00:00,-43,11,0,0,0,0,0,0,0,0,0,-97,0,1,0,302416902,0,14,0,0,0,104,0,"[0, 0, -37, 127, -43, 127, -48, 127, -51, 127, -50, 127, -46, 127, -43, 127, -39, 127, -35, 127, -30, 127, -26, 127, -25, 109, -22, 76, -18, 42, -13, 9, -5, -25, 7, -56, 24, -82, 44, -100, 63, -110, 80, -114, 94, -111, 102, -99, 105, -84, 104, -73, -79, -128, -55, -128, -26, -128, -2, -128, 15, -128, 22, -128, 17, -126, 2, -81, -23, -40, -57, -4, -94, 24, -128, 42, -128, 52, -128, 57, -128, 60, -128, 60, -128, 60, -128, 66, -128, 76, -128, 92, -128, 115, -113, 127, -88, 127, -67, 127, -50, 127, -42, 127]",esp32_2
CSI_DATA,114954,2025-08-27 15:23:51.950,0,walk,00:00:00:00:00:00,-65,11,0,0,0,0,0,0,0,0,0,-97,0,1,0,3442875801,0,14,0,0,0,104,0,"[0, 0, -128, -128, -119, -128, -105, -128, -83, -128, -71, -128, -73, -128, -70, -128, -83, -125, -88, -111, -101, -94, -117, -94, -127, -93, -128, -94, -128, -100, -120, -109, -100, -108, -78, -104, -49, -94, -29, -84, -17, -54, -2, -34, -1, -7, -3, 21, -13, 48, -33, 63, 109, -59, 118, -55, 115, -45, 123, -43, 119, -37, 117, -30, 101, -31, 97, -32, 83, -36, 83, -43, 67, -58, 60, -70, 65, -77, 64, -93, 63, -96, 56, -101, 52, -101, 41, -95, 29, -92, 15, -84, -8, -80, -40, -87, -82, -99, -103, -120, -123, -128, -128, -128]",esp32_1
CSI_DATA,117500,2025-08-27 15:23:51.965,0,walk,00:00:00:00:00:00,-42,11,0,0,0,0,0,0,0,0,0,-97,0,1,0,302430475,0,14,0,0,0,104,0,"[0, 0, -128, 99, -128, 89, -128, 80, -128, 70, -128, 59, -128, 50, -128, 43, -128, 37, -128, 31, -128, 25, -128, 19, -128, 13, -96, 7, -60, 1, -23, -1, 14, 0, 47, 4, 75, 13, 99, 28, 114, 43, 122, 57, 123, 71, 116, 81, 105, 87, 94, 89, 127, -128, 127, -128, 127, -128, 127, -125, 127, -94, 127, -67, 127, -50, 79, -47, 27, -54, -22, -73, -66, -99, -98, -127, -120, -128, -128, -128, -128, -128, -128, -128, -128, -128, -128, -128, -128, -128, -128, -128, -128, -97, -128, -56, -128, -14, -128, 26, -128, 58, -128, 74]",esp32_2
CSI_DATA,114955,2025-08-27 15:23:51.972,0,walk,00:00:00:00:00:00,-64,11,0,0,0,0,0,0,0,0,0,-97,0,1,0,3442915676,0,14,0,0,0,104,0,"[0, 0, -128, 84, -128, 67, -128, 45, -128, 39, -128, 32, -128, 33, -128, 39, -128, 49, -128, 62, -128, 76, -126, 87, -128, 90, -128, 91, -128, 83, -128, 70, -128, 52, -118, 32, -101, 17, -78, 4, -48, 2, -18, -4, 4, 6, 27, 17, 39, 32, 46, 54, -51, -113, -44, -119, -42, -123, -36, -124, -27, -119, -24, -117, -22, -105, -24, -98, -36, -91, -46, -77, -61, -82, -72, -78, -73, -70, -86, -71, -87, -77, -87, -80, -84, -75, -82, -65, -75, -39, -75, -19, -82, 9, -93, 39, -117, 59, -128, 94, -128, 109, -128, 102]",esp32_1
CSI_DATA,117501,2025-08-27 15:23:51.986,0,walk,00:00:00:00:00:00,-42,11,0,0,0,0,0,0,0,0,0,-97,0,1,0,302436725,0,14,0,0,0,104,0,"[0, 0, -128, -83, -128, -89, -128, -97, -128, -100, -128, -96, -128, -90, -128, -83, -128, -74, -128, -65, -128, -55, -128, -47, -126, -38, -94, -28, -60, -18, -26, -6, 7, 10, 36, 27, 56, 48, 70, 72, 78, 93, 79, 109, 74, 122, 64, 127, 54, 127, 43, 127, 127, -104, 127, -76, 127, -43, 127, -14, 127, 7, 127, 17, 127, 12, 84, -7, 41, -38, 5, -77, -20, -119, -34, -128, -39, -128, -38, -128, -35, -128, -31, -128, -30, -128, -35, -128, -47, -128, -67, -128, -97, -128, -128, -118, -128, -97, -128, -80, -128, -70, -128, -70]",esp32_2
CSI_DATA,114956,2025-08-27 15:23:51.994,0,walk,00:00:00:00:00:00,-64,11,0,0,0,0,0,0,0,0,0,-97,0,1,0,3442972131,0,14,0,0,0,104,0,"[0, 0, -93, -128, -72, -128, -67, -128, -54, -128, -44, -128, -43, -128, -49, -128, -57, -128, -74, -128, -79, -128, -82, -128, -81, -128, -74, -128, -65, -128, -49, -128, -34, -127, -15, -108, -3, -86, 4, -66, 8, -39, 4, -19, -9, 7, -21, 25, -42, 43, -60, 43, 106, -76, 114, -69, 117, -62, 119, -55, 127, -52, 122, -44, 116, -34, 110, -39, 102, -34, 92, -43, 76, -55, 70, -63, 67, -63, 62, -76, 60, -76, 54, -86, 49, -90, 38, -95, 24, -86, 10, -88, -15, -95, -27, -109, -68, -128, -83, -128, -100, -128, -109, -128]",esp32_1
CSI_DATA,117502,2025-08-27 15:23:52.008,0,walk,00:00:00:00:00:00,-42,11,0,0,0,0,0,0,0,0,0,-97,0,1,0,302456766,0,14,0,0,0,104,0,"[0, 0, -128, 52, -128, 44, -128, 34, -128, 26, -128, 22, -128, 20, -128, 20, -128, 23, -128, 26, -128, 28, -128, 28, -118, 27, -88, 26, -58, 24, -26, 22, 7, 21, 36, 24, 61, 30, 82, 41, 97, 51, 107, 60, 109, 68, 106, 74, 100, 79, 93, 81, 127, -128, 127, -126, 127, -89, 127, -57, 127, -30, 127, -12, 124, -9, 72, -22, 22, -47, -22, -83, -55, -124, -74, -128, -83, -128, -83, -128, -78, -128, -70, -128, -62, -128, -58, -128, -61, -128, -73, -128, -95, -107, -127, -64, -128, -25, -128, 10, -128, 36, -128, 48]",esp32_2
CSI_DATA,114957,2025-08-27 15:23:52.018,0,walk,00:00:00:00:00:00,-63,11,0,0,0,0,0,0,0,0,0,-97,0,1,0,3442998085,0,14,0,0,0,104,0,"[0, 0, -15, -128, 1, -128, 8, -128, 22, -128, 22, -128, 25, -128, 19, -128, 7, -128, -4, -128, -13, -128, -23, -128, -28, -128, -23, -128, -12, -128, -6, -128, 4, -128, 18, -114, 23, -88, 24, -67, 18, -38, 5, -18, -16, -1, -34, 10, -52, 22, -69, 21, 127, -41, 127, -34, 127, -24, 127, -17, 127, -9, 127, 7, 127, 4, 126, 9, 112, 7, 108, -2, 90, -13, 81, -29, 84, -39, 84, -54, 83, -67, 74, -73, 67, -76, 63, -91, 61, -98, 45, -103, 30, -113, 12, -127, -19, -128, -21, -128, -29, -128, -44, -128]",esp32_1
CSI_DATA,117503,2025-08-27 15:23:52.033,0,walk,00:00:00:00:00:00,-41,11,0,0,0,0,0,0,0,0,0,-97,0,1,0,302486715,0,14,0,0,0,104,0,"[0, 0, -54, -128, -49, -128, -39, -128, -31, -128, -25, -128, -19, -128, -14, -128, -12, -128, -10, -128, -10, -128, -10, -128, -11, -110, -13, -71, -17, -34, -24, -1, -34, 31, -47, 57, -61, 74, -76, 88, -88, 94, -97, 95, -102, 91, -99, 84, -93, 75, -89, 68, 117, 127, 93, 127, 61, 127, 34, 127, 13, 127, 1, 127, 0, 120, 13, 72, 39, 26, 72, -16, 111, -48, 127, -69, 127, -81, 127, -85, 127, -82, 127, -74, 127, -66, 127, -62, 127, -61, 127, -64, 127, -78, 117, -101, 77, -128, 39, -128, 6, -128, -13, -128]",esp32_2
CSI_DATA,114958,2025-08-27 15:23:52.040,0,walk,00:00:00:00:00:00,-63,11,0,0,0,0,0,0,0,0,0,-97,0,1,0,3443032712,0,14,0,0,0,104,0,"[0, 0, 127, -128, 127, -122, 127, -128, 127, -110, 127, -94, 127, -86, 127, -82, 127, -95, 127, -105, 124, -109, 121, -111, 119, -108, 108, -96, 121, -104, 101, -78, 116, -66, 88, -45, 77, -24, 54, -7, 31, 2, 7, 6, -20, 3, -39, -3, -63, -17, -67, -35, 54, 117, 40, 118, 45, 127, 31, 127, 22, 127, 12, 127, 2, 127, -13, 122, -5, 103, -8, 96, 14, 76, 30, 60, 33, 47, 48, 40, 58, 38, 87, 28, 84, 24, 102, 22, 86, 12, 88, 0, 93, -12, 99, -40, 127, -72, 123, -101, 127, -116, 127, -123]",esp32_1
CSI_DATA,117504,2025-08-27 15:23:52.051,0,walk,00:00:00:00:00:00,-43,11,0,0,0,0,0,0,0,0,0,-97,0,1,0,302518680,0,14,0,0,0,104,0,"[0, 0, -128, -128, -128, -128, -128, -128, -128, -128, -128, -128, -128, -118, -128, -105, -128, -92, -128, -80, -128, -68, -127, -56, -100, -44, -71, -29, -41, -11, -12, 12, 14, 40, 30, 68, 36, 98, 35, 125, 29, 127, 16, 127, 2, 127, -11, 127, -21, 127, -27, 127, 127, -10, 127, 15, 127, 42, 127, 60, 127, 67, 121, 60, 77, 36, 40, 1, 9, -44, -10, -96, -17, -128, -13, -128, -2, -128, 13, -128, 26, -128, 39, -128, 47, -128, 44, -128, 33, -128, 13, -128, -16, -128, -52, -128, -93, -128, -128, -128, -128, -128, -128, -128]",esp32_2
CSI_DATA,114959,2025-08-27 15:23:52.065,0,walk,00:00:00:00:00:00,-64,11,0,0,0,0,0,0,0,0,0,-97,0,1,0,3443058198,0,14,0,0,0,104,0,"[0, 0, 127, -128, 127, -128, 127, -128, 127, -128, 127, -128, 127, -128, 127, -128, 127, -128, 127, -128, 124, -128, 119, -128, 118, -128, 111, -120, 117, -109, 112, -88, 102, -69, 92, -43, 74, -24, 51, -10, 23, 1, -4, 13, -33, 8, -52, 4, -72, -11, -76, -27, 53, 113, 49, 123, 43, 127, 34, 127, 25, 127, 11, 127, 3, 127, -8, 127, -7, 119, -8, 99, 1, 84, 11, 63, 27, 42, 46, 25, 62, 22, 73, 16, 82, 11, 95, 4, 99, -11, 104, -26, 107, -42, 117, -64, 124, -72, 127, -99, 127, -120, 127, -125]",esp32_1
CSI_DATA,117505,2025-08-27 15:23:52.080,0,walk,00:00:00:00:00:00,-43,11,0,0,0,0,0,0,0,0,0,-97,0,1,0,302555969,0,14,0,0,0,104,0,"[0, 0, -128, 127, -128, 127, -128, 127, -128, 127, -118, 127, -104, 127, -90, 127, -76, 127, -61, 127, -47, 127, -36, 106, -27, 82, -14, 57, 0, 30, 15, 4, 33, -21, 54, -41, 79, -53, 102, -59, 120, -59, 127, -55, 127, -45, 127, -32, 127, -20, 127, -13, -21, -128, 3, -128, 29, -128, 46, -128, 54, -128, 49, -114, 31, -72, 1, -35, -39, -6, -84, 14, -128, 23, -128, 22, -128, 14, -128, 3, -128, -7, -128, -14, -128, -17, -128, -14, -128, -2, -128, 19, -128, 46, -128, 81, -128, 123, -121, 127, -117, 127, -118, 127]",esp32_2
CSI_DATA,114960,2025-08-27 15:23:52.083,0,walk,00:00:00:00:00:00,-66,11,0,0,0,0,0,0,0,0,0,-97,0,1,0,3443092960,0,14,0,0,0,104,0,"[0, 0, -128, -90, -128, -76, -128, -86, -128, -63, -128, -55, -128, -30, -128, -23, -128, 3, -128, 1, -128, 3, -128, -1, -128, -6, -128, -3, -128, -21, -128, -35, -128, -53, -100, -57, -73, -61, -36, -54, -8, -40, 19, -31, 46, 3, 54, 25, 54, 55, 47, 75, 103, -84, 104, -76, 122, -85, 118, -79, 127, -81, 127, -63, 127, -60, 124, -49, 109, -40, 109, -37, 82, -37, 57, -44, 47, -44, 25, -48, 15, -55, -5, -80, -18, -79, -25, -96, -35, -78, -58, -79, -73, -74, -93, -70, -126, -88, -128, -82, -128, -84, -128, -93]",esp32_1
CSI_DATA,117506,2025-08-27 15:23:52.101,0,walk,00:00:00:00:00:00,-42,11,0,0,0,0,0,0,0,0,0,-97,0,1,0,302602925,0,14,0,0,0,104,0,"[0, 0, 127, -128, 127, -128, 127, -128, 127, -128, 127, -128, 127, -128, 127, -128, 127, -128, 126, -128, 102, -128, 80, -109, 61, -85, 44, -59, 28, -32, 11, -4, -7, 22, -28, 45, -51, 62, -75, 74, -95, 80, -109, 81, -118, 78, -122, 69, -123, 57, -121, 47, -128, 127, -128, 127, -128, 127, -128, 127, -128, 99, -128, 66, -128, 38, -87, 22, -27, 20, 33, 27, 87, 43, 127, 66, 127, 92, 127, 118, 127, 127, 127, 127, 127, 127, 127, 127, 127, 109, 127, 76, 127, 32, 127, -17, 127, -68, 127, -121, 127, -128, 127, -128]",esp32_2
CSI_DATA,114961,2025-08-27 15:23:52.105,0,walk,00:00:00:00:00:00,-65,11,0,0,0,0,0,0,0,0,0,-97,0,1,0,3443130265,0,14,0,0,0,104,0,"[0, 0, -128, 127, -125, 127, -115, 127, -95, 127, -82, 127, -60, 127, -43, 127, -24, 127, -14, 127, -6, 127, 1, 127, -5, 127, -18, 127, -35, 127, -53, 127, -63, 127, -83, 116, -82, 80, -79, 45, -65, 9, -41, -28, -14, -51, 14, -64, 38, -72, 68, -68, -30, -119, -29, -128, -26, -128, -19, -128, -12, -128, -7, -128, 0, -128, 8, -128, 10, -122, -2, -104, -3, -91, -14, -74, -33, -55, -50, -45, -63, -31, -73, -28, -75, -17, -85, -8, -89, 17, -93, 33, -93, 54, -97, 81, -98, 98, -109, 127, -115, 127, -117, 127]",esp32_1
CSI_DATA,117507,2025-08-27 15:23:52.123,0,walk,00:00:00:00:00:00,-42,11,0,0,0,0,0,0,0,0,0,-97,0,1,0,302628351,0,14,0,0,0,104,0,"[0, 0, -128, -128, -128, -128, -128, -128, -128, -128, -128, -128, -128, -128, -128, -128, -128, -124, -128, -106, -128, -86, -120, -71, -97, -56, -73, -40, -48, -23, -23, -6, 0, 14, 19, 35, 31, 58, 38, 82, 39, 103, 35, 118, 27, 127, 18, 127, 7, 126, -2, 120, 127, -43, 127, -18, 127, 11, 127, 32, 127, 46, 127, 50, 121, 42, 85, 20, 51, -14, 23, -57, 5, -101, -3, -128, -2, -128, 4, -128, 11, -128, 18, -128, 22, -128, 18, -128, 8, -128, -9, -128, -37, -128, -75, -128, -120, -128, -128, -128, -128, -128, -128, -128]",esp32_2
CSI_DATA,114962,2025-08-27 15:23:52.128,0,walk,00:00:00:00:00:00,-66,11,0,0,0,0,0,0,0,0,0,-97,0,1,0,3443154986,0,14,0,0,0,104,0,"[0, 0, 127, -95, 127, -103, 127, -104, 127, -117, 127, -128, 127, -128, 127, -128, 127, -128, 122, -128, 118, -128, 120, -128, 127, -128, 127, -128, 127, -128, 127, -128, 127, -121, 127, -84, 127, -36, 116, -5, 82, 34, 37, 61, -4, 72, -42, 72, -78, 66, -103, 41, -73, 115, -85, 127, -96, 127, -104, 127, -110, 127, -122, 127, -118, 127, -112, 127, -107, 115, -88, 99, -70, 99, -46, 94, -25, 82, -5, 81, 18, 83, 33, 82, 45, 83, 63, 68, 82, 50, 99, 35, 111, 6, 127, -11, 127, -22, 127, -53, 127, -66, 127, -66]",esp32_1
CSI_DATA,117508,2025-08-27 15:23:52.145,0,walk,00:00:00:00:00:00,-42,11,0,0,0,0,0,0,0,0,0,-97,0,1,0,302677144,0,14,0,100,34,104,0,"[0, 0, -128, -128, -128, -128, -128, -128, -128, -128, -128, -128, -128, -128, -128, -128, -127, -128, -118, -128, -109, -114, -102, -86, -92, -58, -79, -31, -66, -6, -51, 19, -37, 45, -28, 69, -24, 92, -23, 113, -25, 127, -30, 127, -36, 127, -40, 127, -42, 127, -45, 127, 127, 127, 127, 127, 127, 127, 127, 127, 127, 127, 92, 127, 62, 85, 44, 32, 40, -25, 47, -82, 64, -128, 88, -128, 117, -128, 127, -128, 127, -128, 127, -128, 127, -128, 127, -128, 127, -128, 102, -128, 51, -128, -4, -128, -59, -128, -113, -128, -128, -128, -128, -128]",esp32_2
CSI_DATA,114963,2025-08-27 15:23:52.155,0,walk,00:00:00:00:00:00,-65,11,0,0,0,0,0,0,0,0,0,-97,0,1,0,3443191670,0,14,0,0,0,104,0,"[0, 0, -128, 53, -128, 64, -128, 67, -128, 85, -121, 98, -109, 110, -97, 126, -96, 127, -94, 127, -89, 127, -91, 127, -108, 127, -114, 127, -127, 127, -128, 127, -128, 101, -128, 72, -120, 33, -100, 3, -67, -26, -39, -52, -8, -61, 21, -64, 50, -58, 75, -45, 65, -89, 72, -94, 83, -102, 92, -110, 104, -107, 106, -111, 106, -99, 107, -98, 97, -87, 86, -78, 72, -83, 52, -78, 32, -71, 16, -67, 4, -67, -12, -75, -24, -71, -39, -65, -59, -49, -72, -36, -88, -22, -107, -12, -128, -1, -128, 19, -128, 34, -128, 29]",esp32_1
CSI_DATA,117509,2025-08-27 15:23:52.170,0,walk,00:00:00:00:00:00,-42,11,0,0,0,0,0,0,0,0,0,-97,0,1,0,302702577,0,14,0,0,0,104,0,"[0, 0, 127, 29, 127, 37, 127, 48, 127, 55, 127, 55, 127, 51, 127, 44, 127, 33, 127, 18, 127, 5, 127, -5, 110, -13, 76, -21, 43, -27, 10, -35, -24, -43, -53, -54, -76, -70, -94, -86, -106, -99, -110, -108, -110, -114, -106, -114, -101, -112, -95, -109, -128, 34, -128, 5, -128, -28, -128, -50, -128, -62, -128, -59, -111, -39, -59, -2, -17, 46, 15, 102, 35, 127, 42, 127, 37, 127, 26, 127, 13, 127, 0, 127, -8, 127, -8, 127, 1, 127, 20, 127, 51, 127, 94, 121, 127, 84, 127, 53, 127, 30, 127, 21]",esp32_2
CSI_DATA,114964,2025-08-27 15:23:52.176,0,walk,00:00:00:00:00:00,-66,11,0,0,0,0,0,0,0,0,0,-97,0,1,0,3443239696,0,14,0,0,0,104,0,"[0, 0, -128, 49, -128, 49, -128, 52, -128, 72, -123, 89, -94, 103, -77, 125, -72, 127, -73, 127, -76, 127, -82, 127, -97, 127, -114, 127, -123, 127, -128, 127, -128, 120, -128, 101, -128, 47, -112, 18, -85, -18, -46, -48, -11, -57, 16, -62, 49, -55, 74, -42, 50, -85, 61, -101, 64, -107, 76, -128, 76, -119, 90, -128, 83, -128, 93, -128, 80, -127, 69, -109, 66, -124, 53, -120, 32, -104, 23, -100, 8, -102, -2, -104, -22, -104, -26, -86, -43, -77, -63, -47, -78, -31, -95, -12, -115, 0, -128, 20, -128, 32, -128, 37]",esp32_1
CSI_DATA,117510,2025-08-27 15:23:52.192,0,walk,00:00:00:00:00:00,-41,11,0,0,0,0,0,0,0,0,0,-97,0,1,0,302749690,0,14,0,0,0,104,0,"[0, 0, -128, -128, -128, -128, -128, -128, -128, -128, -128, -128, -128, -128, -128, -128, -128, -128, -128, -128, -119, -125, -98, -106, -75, -80, -52, -53, -28, -25, -6, 2, 13, 30, 27, 56, 34, 78, 36, 97, 33, 110, 26, 117, 15, 118, 7, 115, 3, 107, 1, 99, 127, 127, 127, 127, 127, 127, 103, 127, 71, 127, 44, 127, 26, 88, 18, 33, 18, -23, 29, -77, 52, -126, 78, -128, 107, -128, 127, -128, 127, -128, 127, -128, 127, -128, 127, -128, 127, -128, 119, -128, 76, -128, 34, -128, -8, -128, -54, -128, -105, -128, -128, -128]",esp32_2
CSI_DATA,114965,2025-08-27 15:23:52.199,0,walk,00:00:00:00:00:00,-67,11,0,0,0,0,0,0,0,0,0,-97,0,1,0,3443275535,0,14,0,0,0,104,0,"[0, 0, 53, -128, 57, -128, 48, -128, 37, -128, 18, -128, -12, -124, -43, -109, -75, -104, -103, -107, -128, -109, -128, -124, -128, -128, -128, -128, -128, -128, -128, -128, -106, -128, -59, -128, -26, -128, 11, -128, 34, -99, 51, -69, 55, -26, 56, 11, 55, 46, 40, 70, 14, 102, 20, 112, 21, 112, 29, 112, 36, 122, 33, 124, 43, 123, 51, 127, 56, 112, 78, 106, 83, 103, 92, 95, 114, 94, 122, 88, 123, 83, 116, 76, 117, 66, 114, 57, 98, 41, 85, 17, 68, -14, 53, -50, 39, -80, 42, -125, 37, -128, 38, -128]",esp32_1
CSI_DATA,117511,2025-08-27 15:23:52.213,0,walk,00:00:00:00:00:00,-40,11,0,0,0,0,0,0,0,0,0,-97,0,1,0,302788577,0,14,0,0,0,104,0,"[0, 0, 117, 127, 126, 127, 127, 127, 127, 127, 123, 127, 117, 127, 113, 127, 107, 127, 100, 127, 90, 127, 75, 127, 57, 127, 38, 124, 18, 88, 5, 48, -4, 8, -6, -30, 1, -64, 14, -93, 30, -115, 45, -127, 58, -128, 68, -126, 77, -117, 84, -106, -128, -128, -128, -128, -121, -128, -88, -128, -60, -128, -37, -128, -21, -113, -18, -64, -27, -15, -45, 33, -70, 74, -98, 104, -128, 125, -128, 127, -128, 127, -128, 127, -128, 127, -128, 127, -128, 127, -128, 127, -103, 127, -69, 127, -32, 127, 5, 127, 38, 127, 59, 127]",esp32_2
CSI_DATA,114966,2025-08-27 15:23:52.222,0,walk,00:00:00:00:00:00,-68,11,0,0,0,0,0,0,0,0,0,-97,0,1,0,3443306181,0,14,0,0,0,104,0,"[0, 0, -62, -128, -51, -128, -57, -128, -55, -128, -62, -113, -80, -78, -95, -49, -117, -15, -128, 10, -128, 23, -128, 27, -128, 26, -128, 20, -128, -4, -128, -24, -128, -41, -128, -67, -128, -83, -95, -94, -52, -98, -19, -84, 20, -73, 47, -50, 82, -30, 91, -5, 18, 107, 21, 113, 23, 108, 34, 109, 44, 114, 47, 110, 53, 101, 65, 97, 78, 89, 94, 85, 107, 72, 114, 66, 123, 66, 127, 62, 127, 59, 126, 42, 110, 32, 107, 25, 86, 14, 64, -3, 35, -32, 13, -61, -15, -91, -30, -123, -49, -128, -61, -128]",esp32_1
CSI_DATA,117512,2025-08-27 15:23:52.236,0,walk,00:00:00:00:00:00,-41,11,0,0,0,0,0,0,0,0,0,-97,0,1,0,302823810,0,14,0,0,0,104,0,"[0, 0, 127, 127, 126, 127, 125, 127, 120, 127, 112, 127, 103, 127, 95, 127, 87, 127, 76, 127, 63, 127, 49, 127, 35, 122, 23, 94, 13, 63, 8, 29, 7, -4, 12, -34, 25, -59, 43, -78, 61, -88, 77, -91, 91, -87, 99, -77, 103, -65, 103, -55, -128, 4, -128, -15, -128, -36, -128, -49, -128, -53, -113, -46, -85, -28, -63, -1, -47, 31, -38, 67, -37, 102, -43, 127, -53, 127, -67, 127, -79, 127, -87, 127, -92, 127, -90, 127, -80, 127, -61, 127, -36, 127, -8, 127, 23, 127, 55, 127, 82, 127, 99, 127]",esp32_2
CSI_DATA,114967,2025-08-27 15:23:52.241,0,walk,00:00:00:00:00:00,-67,11,0,0,0,0,0,0,0,0,0,-97,0,1,0,3443326802,0,14,0,0,0,104,0,"[0, 0, -128, -128, -128, -128, -128, -128, -128, -119, -128, -87, -116, -43, -96, -2, -94, 49, -88, 90, -94, 122, -110, 127, -128, 127, -128, 127, -128, 127, -128, 127, -128, 127, -128, 108, -128, 58, -128, 22, -128, -19, -110, -51, -71, -70, -24, -82, 20, -90, 62, -75, 93, 98, 105, 104, 112, 99, 120, 98, 122, 95, 124, 80, 121, 70, 127, 48, 127, 32, 127, 24, 127, -14, 127, -26, 127, -23, 127, -41, 127, -49, 127, -71, 127, -65, 127, -62, 107, -62, 78, -58, 36, -62, -7, -62, -65, -79, -92, -91, -128, -98, -128, -125]",esp32_1
CSI_DATA,117513,2025-08-27 15:23:52.256,0,walk,00:00:00:00:00:00,-41,11,0,0,0,0,0,0,0,0,0,-97,0,1,0,302848098,0,14,0,0,0,104,0,"[0, 0, 127, 127, 127, 127, 127, 127, 127, 127, 127, 127, 127, 127, 121, 127, 112, 127, 100, 127, 82, 127, 59, 127, 35, 127, 15, 127, 0, 89, -7, 44, -7, -2, 4, -44, 26, -78, 53, -104, 80, -115, 105, -117, 125, -110, 127, -97, 127, -80, 127, -65, -128, 22, -128, 0, -128, -22, -128, -35, -128, -38, -124, -30, -95, -12, -71, 14, -54, 48, -45, 85, -41, 120, -43, 127, -49, 127, -55, 127, -60, 127, -63, 127, -63, 127, -58, 127, -48, 127, -34, 127, -14, 127, 13, 127, 41, 127, 70, 127, 95, 127, 110, 127]",esp32_2
CSI_DATA,114968,2025-08-27 15:23:52.267,0,walk,00:00:00:00:00:00,-67,11,0,0,0,0,0,0,0,0,0,-97,0,1,0,3443363807,0,14,0,0,0,104,0,"[0, 0, -128, 127, -128, 127, -128, 127, -114, 127, -79, 119, -30, 105, 11, 91, 51, 85, 93, 76, 127, 84, 127, 94, 127, 116, 127, 127, 127, 127, 127, 127, 127, 127, 127, 127, 90, 127, 59, 127, 12, 127, -18, 122, -43, 95, -58, 51, -70, 20, -70, -17, 69, -103, 68, -118, 74, -127, 65, -128, 62, -128, 64, -128, 66, -128, 58, -128, 43, -128, 9, -128, 10, -128, -7, -128, -31, -128, -48, -128, -55, -128, -55, -128, -57, -128, -61, -128, -63, -98, -66, -62, -70, -17, -77, 25, -88, 63, -105, 120, -122, 127, -128, 127]",esp32_1
CSI_DATA,117514,2025-08-27 15:23:52.278,0,walk,00:00:00:00:00:00,-42,11,0,0,0,0,0,0,0,0,0,-97,0,1,0,302873935,0,14,0,0,0,104,0,"[0, 0, 127, -128, 127, -128, 127, -126, 127, -123, 127, -119, 127, -118, 127, -120, 127, -121, 127, -121, 127, -114, 127, -97, 127, -71, 127, -45, 119, -22, 76, -4, 29, 8, -19, 7, -63, -9, -98, -35, -120, -63, -128, -91, -128, -115, -121, -128, -105, -128, -89, -128, 16, 127, -13, 127, -42, 127, -56, 127, -57, 127, -44, 127, -17, 100, 20, 76, 66, 65, 111, 66, 127, 75, 127, 89, 127, 103, 127, 115, 127, 121, 127, 117, 127, 105, 127, 82, 127, 51, 127, 16, 127, -23, 127, -65, 127, -102, 127, -128, 127, -128, 127, -128]",esp32_2
CSI_DATA,114969,2025-08-27 15:23:52.289,0,walk,00:00:00:00:00:00,-69,11,0,0,0,0,0,0,0,0,0,-97,0,1,0,3443427786,0,14,0,0,0,104,0,"[0, 0, 102, 127, 96, 127, 81, 127, 65, 127, 51, 115, 44, 69, 40, 16, 36, -31, 49, -79, 64, -118, 101, -128, 118, -128, 127, -128, 127, -128, 127, -128, 127, -128, 127, -108, 127, -77, 127, -36, 127, -12, 127, 8, 93, 25, 65, 35, 24, 44, -5, 44, -43, -124, -51, -128, -64, -128, -71, -128, -80, -128, -86, -128, -90, -128, -99, -128, -105, -120, -126, -114, -128, -75, -128, -58, -128, -61, -128, -50, -128, -33, -128, -10, -128, -9, -128, -9, -128, -2, -115, 7, -77, 26, -47, 42, 9, 69, 41, 107, 73, 127, 103, 127]",esp32_1
CSI_DATA,117515,2025-08-27 15:23:52.300,0,walk,00:00:00:00:00:00,-41,11,0,0,0,0,0,0,0,0,0,-97,0,1,0,302908128,0,14,0,0,0,104,0,"[0, 0, -128, -128, -128, -128, -128, -128, -128, -128, -128, -128, -128, -128, -128, -128, -128, -128, -128, -128, -128, -109, -117, -88, -105, -66, -91, -46, -75, -29, -58, -11, -41, 10, -26, 29, -16, 49, -10, 69, -9, 86, -11, 97, -15, 105, -18, 107, -20, 104, -22, 97, 127, 12, 127, 31, 127, 49, 127, 57, 127, 52, 111, 36, 81, 7, 58, -32, 44, -78, 40, -128, 47, -128, 62, -128, 82, -128, 103, -128, 119, -128, 127, -128, 127, -128, 127, -128, 109, -128, 79, -128, 37, -128, -14, -128, -70, -128, -127, -128, -128, -128, -128, -128]",esp32_2
