type,seq,timestamp,taget_seq,taget,mac,rssi,rate,sig_mode,mcs,cwb,smoothing,not_sounding,aggregation,stbc,fec_coding,sgi,noise_floor,ampdu_cnt,channel_primary,channel_secondary,local_timestamp,ant,sig_len,rx_state,agc_gain,fft_gain,len,first_word_invalid,data,device_id
CSI_DATA,201175,2025-07-23 16:41:19.340,0,walk,00:00:00:00:00:00,-61,11,0,0,0,0,0,0,0,0,0,-97,0,1,0,2267210794,0,14,0,0,0,104,0,"[0, 0, 26, 49, 27, 10, 33, -27, 42, -62, 54, -92, 67, -119, 83, -128, 99, -128, 113, -128, 124, -128, 127, -128, 127, -128, 127, -128, 127, -128, 127, -124, 115, -107, 98, -94, 80, -85, 61, -80, 40, -77, 22, -78, 8, -81, 0, -87, -4, -94, -7, -99, -35, 56, -44, 64, -56, 71, -68, 75, -82, 77, -93, 75, -99, 71, -100, 67, -95, 60, -82, 55, -65, 56, -47, 58, -26, 60, -3, 69, 16, 82, 32, 100, 49, 119, 65, 127, 77, 127, 82, 127, 82, 127, 80, 127, 75, 127, 68, 127, 60, 127, 53, 127]",esp32_1
CSI_DATA,100320,2025-07-23 16:41:19.340,0,walk,00:00:00:00:00:00,-74,11,0,0,0,0,0,0,0,0,0,-97,0,1,0,887899575,0,14,0,0,0,104,0,"[0, 0, -59, -119, -35, -98, -17, -80, 2, -58, 35, -35, 71, -13, 104, 14, 127, 37, 127, 55, 127, 79, 127, 104, 127, 120, 127, 127, 127, 127, 127, 127, 127, 127, 127, 127, 110, 127, 84, 115, 49, 88, 17, 58, -3, 26, -14, -6, -21, -38, -24, -61, 82, -16, 84, -11, 84, -4, 86, -2, 89, -7, 88, -13, 82, -25, 75, -45, 67, -70, 63, -92, 60, -112, 53, -128, 48, -128, 47, -128, 43, -128, 36, -128, 36, -128, 34, -128, 23, -128, 10, -128, -6, -128, -22, -128, -36, -128, -52, -128, -65, -128, -70, -128]",esp32_2
CSI_DATA,201176,2025-07-23 16:41:19.372,0,walk,00:00:00:00:00:00,-62,11,0,0,0,0,0,0,0,0,0,-97,0,1,0,2267220761,0,14,0,0,0,104,0,"[0, 0, 55, 9, 28, -18, 5, -47, -15, -78, -31, -107, -43, -128, -47, -128, -48, -128, -45, -128, -39, -128, -33, -128, -26, -128, -17, -128, -7, -128, 0, -128, 1, -128, -2, -128, -8, -115, -17, -97, -30, -82, -44, -71, -56, -63, -65, -60, -71, -62, -74, -66, 20, 63, 19, 74, 17, 88, 13, 102, 6, 114, -3, 120, -12, 120, -18, 117, -17, 109, -13, 98, -5, 87, 9, 73, 30, 58, 54, 48, 75, 41, 96, 38, 118, 39, 127, 41, 127, 43, 127, 49, 127, 56, 127, 63, 127, 68, 127, 69, 127, 67, 127, 65]",esp32_1
CSI_DATA,100321,2025-07-23 16:41:19.372,0,walk,00:00:00:00:00:00,-74,11,0,0,0,0,0,0,0,0,0,-97,0,1,0,887912847,0,14,0,0,0,104,0,"[0, 0, 127, 52, 101, 40, 67, 48, 30, 56, -15, 61, -56, 68, -96, 77, -128, 86, -128, 91, -128, 89, -128, 84, -128, 82, -128, 72, -128, 55, -128, 32, -128, 7, -128, -7, -128, -18, -128, -30, -119, -35, -78, -33, -38, -29, 3, -23, 39, -7, 63, 14, -68, 68, -70, 70, -71, 71, -78, 70, -78, 71, -69, 73, -55, 75, -36, 87, -14, 107, 7, 119, 26, 127, 48, 127, 71, 127, 92, 127, 113, 127, 127, 127, 127, 127, 127, 127, 127, 127, 127, 127, 127, 127, 127, 127, 127, 127, 127, 127, 127, 112, 127, 92]",esp32_2
CSI_DATA,100322,2025-07-23 16:41:19.401,0,walk,00:00:00:00:00:00,-74,11,0,0,0,0,0,0,0,0,0,-97,0,1,0,887920173,0,14,0,0,0,104,0,"[0, 0, -92, -104, -63, -93, -34, -80, 2, -63, 44, -52, 85, -46, 126, -41, 127, -32, 127, -24, 127, -15, 127, -5, 127, 11, 127, 29, 127, 45, 127, 60, 127, 71, 127, 78, 127, 82, 127, 82, 94, 75, 51, 58, 23, 39, -5, 15, -35, -11, -49, -30, 100, -27, 98, -23, 99, -20, 104, -23, 106, -28, 100, -32, 89, -42, 86, -62, 77, -90, 58, -116, 41, -128, 29, -128, 19, -128, 11, -128, 2, -128, -8, -128, -22, -128, -39, -128, -53, -128, -63, -128, -75, -128, -88, -128, -103, -128, -117, -128, -122, -128, -123, -128]",esp32_2
CSI_DATA,100323,2025-07-23 16:41:19.442,0,walk,00:00:00:00:00:00,-74,11,0,0,0,0,0,0,0,0,0,-97,0,1,0,887929596,0,14,0,0,0,104,0,"[0, 0, 127, -21, 109, -7, 83, 8, 59, 36, 37, 72, 13, 105, -11, 127, -39, 127, -62, 127, -86, 127, -113, 127, -128, 127, -128, 127, -128, 127, -128, 127, -128, 127, -128, 127, -128, 127, -128, 88, -113, 53, -86, 25, -56, 4, -19, -15, 19, -30, 41, -35, -33, 100, -33, 106, -31, 106, -30, 104, -24, 107, -14, 108, -1, 105, 20, 108, 43, 115, 74, 116, 108, 113, 127, 113, 127, 113, 127, 113, 127, 117, 127, 122, 127, 116, 127, 99, 127, 83, 127, 73, 127, 63, 127, 43, 127, 13, 127, -11, 127, -22, 127, -27]",esp32_2
CSI_DATA,201178,2025-07-23 16:41:19.453,0,walk,00:00:00:00:00:00,-61,11,0,0,0,0,0,0,0,0,0,-97,0,1,0,2267240832,0,14,0,0,0,104,0,"[0, 0, 49, 18, 31, -16, 17, -49, 6, -82, 0, -114, -2, -128, -1, -128, 5, -128, 11, -128, 18, -128, 25, -128, 32, -128, 39, -128, 44, -128, 44, -128, 39, -128, 30, -128, 20, -111, 6, -97, -11, -86, -27, -78, -42, -76, -52, -77, -58, -80, -60, -83, 2, 68, -2, 81, -8, 95, -16, 106, -27, 114, -39, 116, -47, 114, -52, 107, -49, 98, -41, 88, -28, 79, -10, 68, 13, 59, 39, 55, 64, 55, 86, 58, 108, 66, 127, 74, 127, 82, 127, 93, 127, 104, 127, 112, 127, 117, 127, 114, 127, 106, 127, 98]",esp32_1
CSI_DATA,100324,2025-07-23 16:41:19.473,0,walk,00:00:00:00:00:00,-74,11,0,0,0,0,0,0,0,0,0,-97,0,1,0,887944307,0,14,0,0,0,104,0,"[0, 0, 105, -76, 99, -45, 86, -12, 72, 20, 60, 51, 54, 88, 49, 127, 45, 127, 41, 127, 32, 127, 25, 127, 19, 127, 4, 127, -17, 127, -32, 127, -44, 127, -58, 127, -66, 127, -67, 127, -62, 112, -57, 70, -50, 32, -33, -1, -9, -33, 7, -52, 9, 103, 3, 108, -1, 112, 4, 111, 18, 110, 31, 106, 43, 100, 61, 93, 86, 87, 112, 80, 127, 67, 127, 55, 127, 49, 127, 40, 127, 30, 127, 23, 127, 12, 127, -6, 127, -23, 127, -35, 127, -47, 127, -62, 127, -78, 127, -92, 127, -98, 127, -97]",esp32_2
CSI_DATA,201179,2025-07-23 16:41:19.499,0,walk,00:00:00:00:00:00,-61,11,0,0,0,0,0,0,0,0,0,-97,0,1,0,2267250809,0,14,0,0,0,104,0,"[0, 0, 27, -48, -12, -36, -49, -26, -82, -24, -114, -26, -128, -30, -128, -34, -128, -39, -128, -47, -128, -55, -128, -63, -128, -69, -128, -74, -128, -74, -128, -67, -128, -57, -119, -44, -103, -30, -92, -15, -85, 1, -82, 16, -81, 29, -82, 40, -87, 47, -91, 48, 71, 11, 80, 19, 91, 31, 99, 43, 104, 54, 103, 62, 98, 70, 90, 72, 83, 70, 77, 61, 67, 44, 59, 23, 59, 3, 63, -23, 65, -51, 71, -79, 83, -104, 99, -124, 112, -128, 125, -128, 127, -128, 127, -128, 127, -128, 127, -128, 127, -119, 121, -104]",esp32_1
CSI_DATA,100325,2025-07-23 16:41:19.499,0,walk,00:00:00:00:00:00,-74,11,0,0,0,0,0,0,0,0,0,-97,0,1,0,887949596,0,14,0,0,0,104,0,"[0, 0, 113, 59, 90, 59, 67, 70, 38, 84, -2, 98, -50, 113, -88, 126, -118, 127, -128, 127, -128, 127, -128, 127, -128, 127, -128, 127, -128, 127, -128, 127, -128, 115, -128, 86, -128, 57, -128, 30, -128, 6, -98, -12, -60, -18, -21, -20, 19, -27, 45, -31, -93, 65, -96, 61, -103, 58, -100, 62, -91, 72, -85, 81, -72, 90, -52, 102, -31, 120, -12, 127, 8, 127, 26, 127, 45, 127, 67, 127, 90, 127, 109, 127, 123, 127, 127, 127, 127, 127, 127, 127, 127, 127, 127, 127, 127, 127, 127, 124, 127, 101, 127, 91]",esp32_2
CSI_DATA,201180,2025-07-23 16:41:19.528,0,walk,00:00:00:00:00:00,-61,11,0,0,0,0,0,0,0,0,0,-97,0,1,0,2267260768,0,14,0,0,0,104,0,"[0, 0, -2, -54, -27, -27, -58, -3, -87, 17, -111, 33, -128, 44, -128, 52, -128, 56, -128, 54, -128, 49, -128, 42, -128, 34, -128, 26, -128, 20, -128, 17, -128, 15, -125, 17, -104, 23, -87, 34, -72, 44, -61, 54, -54, 65, -51, 76, -52, 83, -54, 87, 69, -28, 80, -25, 93, -20, 105, -14, 118, -7, 125, 2, 124, 10, 118, 16, 108, 18, 94, 15, 79, 3, 63, -12, 47, -28, 35, -50, 27, -77, 22, -108, 21, -128, 23, -128, 27, -128, 34, -128, 41, -128, 51, -128, 57, -128, 57, -128, 55, -128, 53, -128]",esp32_1
CSI_DATA,100326,2025-07-23 16:41:19.533,0,walk,00:00:00:00:00:00,-74,11,0,0,0,0,0,0,0,0,0,-97,0,1,0,887959633,0,14,0,0,0,104,0,"[0, 0, 64, -89, 64, -65, 74, -34, 86, -6, 94, 23, 107, 54, 118, 87, 123, 124, 127, 127, 127, 127, 127, 127, 127, 127, 127, 127, 121, 127, 104, 127, 83, 127, 61, 127, 43, 127, 23, 127, 1, 120, -17, 84, -27, 53, -29, 21, -28, -11, -29, -30, 33, 96, 29, 100, 25, 104, 30, 103, 44, 100, 58, 95, 64, 83, 79, 68, 105, 55, 125, 43, 127, 32, 127, 18, 127, -1, 127, -20, 127, -37, 127, -52, 127, -62, 127, -77, 127, -94, 127, -108, 127, -123, 127, -128, 127, -128, 127, -126, 121, -128, 113, -128]",esp32_2
CSI_DATA,201181,2025-07-23 16:41:19.555,0,walk,00:00:00:00:00:00,-61,11,0,0,0,0,0,0,0,0,0,-97,0,1,0,2267270808,0,14,0,0,0,104,0,"[0, 0, 18, 47, 33, 10, 54, -24, 73, -53, 90, -76, 110, -95, 127, -109, 127, -119, 127, -123, 127, -123, 127, -119, 127, -111, 127, -101, 127, -91, 127, -82, 127, -72, 106, -67, 84, -65, 62, -66, 43, -69, 29, -76, 18, -84, 12, -92, 10, -100, 10, -105, -64, 43, -73, 46, -87, 48, -101, 45, -115, 41, -123, 34, -125, 26, -121, 19, -112, 15, -97, 15, -79, 20, -58, 28, -36, 39, -16, 56, 0, 79, 12, 106, 23, 127, 31, 127, 35, 127, 34, 127, 29, 127, 22, 127, 16, 127, 11, 127, 5, 127, 2, 127]",esp32_1
CSI_DATA,201182,2025-07-23 16:41:19.580,0,walk,00:00:00:00:00:00,-61,11,0,0,0,0,0,0,0,0,0,-97,0,1,0,2267280794,0,14,0,0,0,104,0,"[0, 0, 29, -46, -10, -41, -47, -41, -80, -49, -110, -57, -128, -63, -128, -71, -128, -79, -128, -89, -128, -98, -128, -106, -128, -109, -128, -107, -128, -103, -128, -93, -120, -79, -104, -63, -91, -43, -84, -23, -81, -6, -82, 9, -85, 22, -88, 32, -93, 37, -98, 37, 68, 30, 75, 40, 82, 55, 87, 70, 89, 83, 85, 91, 78, 94, 68, 94, 60, 88, 55, 76, 50, 56, 49, 33, 53, 11, 61, -14, 71, -40, 84, -67, 100, -88, 120, -105, 127, -115, 127, -119, 127, -120, 127, -118, 127, -114, 127, -105, 127, -91, 127, -78]",esp32_1
CSI_DATA,201183,2025-07-23 16:41:19.614,0,walk,00:00:00:00:00:00,-62,11,0,0,0,0,0,0,0,0,0,-97,0,1,0,2267290780,0,14,0,0,0,104,0,"[0, 0, -37, -31, -34, 13, -37, 54, -42, 93, -48, 126, -56, 127, -68, 127, -81, 127, -92, 127, -101, 127, -106, 127, -110, 127, -111, 127, -106, 127, -94, 127, -77, 127, -60, 112, -40, 101, -18, 92, 3, 84, 21, 81, 35, 82, 45, 86, 50, 94, 52, 101, 49, -70, 60, -77, 74, -84, 87, -87, 102, -84, 115, -79, 120, -70, 118, -61, 107, -53, 88, -48, 69, -46, 45, -48, 16, -52, -13, -62, -39, -78, -61, -99, -80, -122, -100, -128, -117, -128, -125, -128, -123, -128, -117, -128, -109, -128, -98, -128, -83, -128, -69, -128]",esp32_1
CSI_DATA,100328,2025-07-23 16:41:19.617,0,walk,00:00:00:00:00:00,-73,11,0,0,0,0,0,0,0,0,0,-97,0,1,0,887979637,0,14,0,0,0,104,0,"[0, 0, -81, -97, -65, -99, -36, -111, -4, -122, 28, -127, 59, -128, 90, -128, 115, -128, 127, -128, 127, -128, 127, -128, 127, -128, 127, -128, 127, -128, 127, -128, 127, -120, 127, -93, 127, -69, 127, -39, 127, -13, 94, 0, 61, 13, 28, 26, -4, 30, -26, 30, 118, -11, 119, -8, 113, -8, 110, -14, 107, -21, 102, -31, 98, -47, 93, -69, 84, -95, 73, -119, 59, -128, 46, -128, 35, -128, 23, -128, 11, -128, -6, -128, -25, -128, -39, -128, -51, -128, -65, -128, -80, -128, -94, -128, -105, -128, -111, -128, -113, -128, -114, -128]",esp32_2
CSI_DATA,201184,2025-07-23 16:41:19.638,0,walk,00:00:00:00:00:00,-62,11,0,0,0,0,0,0,0,0,0,-97,0,1,0,2267301296,0,14,0,0,0,104,0,"[0, 0, -49, 6, -17, 33, 10, 63, 33, 96, 53, 125, 68, 127, 76, 127, 78, 127, 77, 127, 75, 127, 72, 127, 65, 127, 57, 127, 48, 127, 40, 127, 37, 127, 38, 118, 43, 94, 52, 73, 63, 54, 77, 40, 88, 31, 96, 27, 103, 27, 109, 29, -11, -82, -7, -96, -3, -112, 5, -125, 17, -128, 30, -128, 40, -127, 45, -120, 43, -109, 33, -94, 19, -79, 0, -63, -27, -49, -57, -39, -85, -33, -111, -28, -128, -27, -128, -29, -128, -35, -128, -42, -128, -50, -128, -58, -128, -63, -128, -62, -128, -59, -128, -57]",esp32_1
CSI_DATA,100329,2025-07-23 16:41:19.647,0,walk,00:00:00:00:00:00,-73,11,0,0,0,0,0,0,0,0,0,-97,0,1,0,887992704,0,14,0,0,0,104,0,"[0, 0, 124, 29, 108, 47, 83, 71, 61, 93, 44, 115, 29, 127, 13, 127, -6, 127, -31, 127, -54, 127, -70, 127, -85, 127, -101, 127, -112, 127, -115, 127, -122, 127, -127, 127, -119, 127, -109, 127, -100, 92, -87, 60, -68, 29, -43, 0, -14, -24, 6, -38, -107, 67, -102, 69, -101, 70, -102, 76, -91, 84, -71, 89, -55, 99, -43, 114, -28, 127, -7, 127, 20, 127, 40, 127, 57, 127, 81, 127, 107, 127, 127, 127, 127, 127, 127, 127, 127, 127, 127, 127, 127, 127, 127, 112, 127, 98, 127, 81, 127, 59, 127, 49]",esp32_2
CSI_DATA,100330,2025-07-23 16:41:19.680,0,walk,00:00:00:00:00:00,-73,11,0,0,0,0,0,0,0,0,0,-97,0,1,0,888001651,0,14,0,0,0,104,0,"[0, 0, -90, 86, -96, 65, -105, 47, -118, 26, -128, -4, -128, -32, -128, -57, -128, -87, -128, -119, -128, -128, -128, -128, -128, -128, -128, -128, -128, -128, -128, -128, -128, -128, -127, -128, -99, -128, -72, -128, -45, -128, -20, -110, -4, -78, 8, -47, 22, -14, 32, 11, -24, -120, -20, -119, -20, -121, -24, -121, -33, -118, -47, -114, -67, -106, -87, -98, -108, -86, -128, -67, -128, -53, -128, -41, -128, -22, -128, -7, -128, 4, -128, 20, -128, 44, -128, 64, -128, 76, -128, 85, -128, 96, -128, 112, -128, 126, -128, 127, -128, 126, -120, 124]",esp32_2
CSI_DATA,100331,2025-07-23 16:41:19.711,0,walk,00:00:00:00:00:00,-74,11,0,0,0,0,0,0,0,0,0,-97,0,1,0,888009591,0,14,0,0,0,104,0,"[0, 0, 94, -71, 100, -54, 111, -34, 126, -14, 127, 9, 127, 35, 127, 61, 127, 89, 127, 113, 127, 126, 127, 127, 127, 127, 127, 127, 127, 127, 127, 127, 127, 127, 125, 127, 98, 127, 73, 127, 47, 127, 23, 105, 4, 78, -12, 50, -23, 20, -29, -4, -15, 115, -17, 119, -14, 118, -6, 118, 6, 122, 19, 121, 33, 114, 55, 108, 81, 101, 103, 90, 126, 80, 127, 67, 127, 49, 127, 31, 127, 19, 127, 9, 127, -3, 127, -19, 127, -35, 127, -43, 127, -55, 127, -76, 127, -92, 127, -98, 127, -103, 127, -107]",esp32_2
CSI_DATA,100332,2025-07-23 16:41:19.737,0,walk,00:00:00:00:00:00,-74,11,0,0,0,0,0,0,0,0,0,-97,0,1,0,888022696,0,14,0,0,0,104,0,"[0, 0, 14, -128, 31, -128, 60, -128, 84, -127, 106, -121, 127, -118, 127, -117, 127, -114, 127, -110, 127, -104, 127, -100, 127, -92, 127, -78, 127, -66, 127, -50, 127, -27, 127, -8, 127, 2, 127, 14, 127, 29, 116, 34, 83, 33, 47, 38, 12, 38, -10, 32, 70, 112, 72, 111, 73, 112, 78, 110, 88, 97, 97, 82, 106, 68, 116, 49, 127, 24, 127, 1, 127, -21, 127, -54, 127, -87, 127, -106, 127, -126, 127, -128, 127, -128, 127, -128, 127, -128, 115, -128, 98, -128, 80, -128, 60, -128, 38, -128, 23, -128, 22, -128]",esp32_2
CSI_DATA,201186,2025-07-23 16:41:19.752,0,walk,00:00:00:00:00:00,-61,11,0,0,0,0,0,0,0,0,0,-97,0,1,0,2267320793,0,14,0,0,0,104,0,"[0, 0, -15, 51, 22, 38, 61, 28, 96, 24, 125, 27, 127, 30, 127, 34, 127, 39, 127, 44, 127, 50, 127, 57, 127, 63, 127, 67, 127, 66, 127, 60, 127, 49, 110, 34, 94, 17, 86, -1, 80, -19, 77, -34, 78, -45, 82, -54, 88, -58, 92, -59, -84, -2, -93, -10, -104, -21, -112, -34, -117, -46, -116, -55, -109, -61, -100, -63, -90, -58, -81, -47, -70, -27, -59, -6, -53, 15, -52, 40, -55, 69, -61, 100, -72, 127, -84, 127, -98, 127, -113, 127, -125, 127, -128, 127, -128, 127, -128, 127, -118, 127, -107, 115]",esp32_1
CSI_DATA,100333,2025-07-23 16:41:19.768,0,walk,00:00:00:00:00:00,-74,11,0,0,0,0,0,0,0,0,0,-97,0,1,0,888030879,0,14,0,0,0,104,0,"[0, 0, -91, -34, -89, -46, -82, -61, -72, -72, -64, -83, -56, -97, -45, -114, -38, -128, -31, -128, -22, -128, -15, -128, -9, -128, -2, -128, 7, -128, 16, -128, 25, -128, 33, -128, 38, -128, 39, -119, 40, -96, 41, -75, 39, -53, 33, -26, 27, -3, 18, 14, 84, -18, 86, -19, 85, -22, 84, -27, 82, -34, 77, -42, 68, -53, 58, -66, 47, -79, 34, -90, 21, -101, 9, -109, -4, -120, -21, -128, -39, -128, -54, -128, -70, -128, -81, -127, -91, -117, -98, -108, -101, -97, -106, -85, -108, -72, -106, -62, -105, -53, -105, -49]",esp32_2
CSI_DATA,201187,2025-07-23 16:41:19.784,0,walk,00:00:00:00:00:00,-61,11,0,0,0,0,0,0,0,0,0,-97,0,1,0,2267330830,0,14,0,0,0,104,0,"[0, 0, -12, 52, 24, 38, 62, 28, 95, 24, 125, 22, 127, 23, 127, 28, 127, 33, 127, 40, 127, 48, 127, 54, 127, 59, 127, 60, 127, 58, 127, 52, 127, 41, 113, 26, 100, 10, 90, -7, 81, -24, 78, -37, 79, -49, 82, -58, 88, -63, 95, -65, -84, -3, -95, -12, -105, -23, -114, -35, -119, -46, -118, -54, -112, -60, -102, -63, -91, -59, -81, -48, -71, -28, -61, -7, -55, 14, -55, 40, -57, 70, -62, 102, -73, 127, -86, 127, -99, 127, -112, 127, -122, 127, -128, 127, -128, 127, -128, 127, -119, 127, -108, 119]",esp32_1
CSI_DATA,201188,2025-07-23 16:41:19.817,0,walk,00:00:00:00:00:00,-61,11,0,0,0,0,0,0,0,0,0,-97,0,1,0,2267340794,0,14,0,0,0,104,0,"[0, 0, 68, -1, 46, -43, 29, -85, 16, -128, 8, -128, 6, -128, 9, -128, 16, -128, 24, -128, 33, -128, 39, -128, 44, -128, 50, -128, 52, -128, 47, -128, 36, -128, 20, -128, 3, -128, -17, -118, -37, -108, -56, -101, -71, -100, -80, -104, -83, -110, -84, -115, 18, 99, 15, 115, 6, 127, -5, 127, -19, 127, -34, 127, -46, 127, -50, 127, -46, 124, -32, 108, -14, 91, 9, 74, 40, 60, 75, 52, 110, 48, 127, 50, 127, 59, 127, 71, 127, 84, 127, 99, 127, 112, 127, 123, 127, 127, 127, 127, 127, 119, 127, 111]",esp32_1
CSI_DATA,201189,2025-07-23 16:41:19.848,0,walk,00:00:00:00:00:00,-61,11,0,0,0,0,0,0,0,0,0,-97,0,1,0,2267350794,0,14,0,0,0,104,0,"[0, 0, 39, 48, 52, 15, 74, -16, 93, -42, 110, -62, 127, -78, 127, -89, 127, -95, 127, -94, 127, -91, 127, -87, 127, -79, 127, -70, 127, -62, 127, -55, 127, -50, 109, -50, 91, -55, 74, -61, 60, -69, 51, -77, 46, -84, 45, -91, 48, -98, 51, -100, -46, 72, -57, 75, -69, 79, -82, 81, -95, 80, -104, 75, -107, 67, -104, 58, -94, 50, -79, 46, -59, 48, -36, 52, -13, 59, 7, 73, 25, 93, 41, 117, 54, 127, 62, 127, 66, 127, 65, 127, 60, 127, 52, 127, 42, 127, 33, 127, 27, 127, 23, 127]",esp32_1
CSI_DATA,100335,2025-07-23 16:41:19.865,0,walk,00:00:00:00:00:00,-74,11,0,0,0,0,0,0,0,0,0,-97,0,1,0,888049592,0,14,0,0,0,104,0,"[0, 0, -128, 16, -128, 3, -128, -18, -128, -40, -128, -61, -128, -85, -128, -108, -128, -128, -128, -128, -128, -128, -128, -128, -128, -128, -128, -128, -128, -128, -118, -128, -100, -128, -78, -128, -57, -128, -37, -128, -23, -128, -12, -128, -4, -100, 6, -65, 18, -28, 22, 0, 95, -80, 95, -84, 93, -90, 83, -99, 75, -106, 65, -110, 45, -115, 22, -124, -2, -128, -24, -128, -46, -128, -68, -128, -89, -128, -111, -128, -128, -125, -128, -116, -128, -110, -128, -96, -128, -77, -128, -57, -128, -36, -128, -21, -128, -12, -128, 3, -128, 16, -128, 20]",esp32_2
CSI_DATA,100336,2025-07-23 16:41:19.893,0,walk,00:00:00:00:00:00,-74,11,0,0,0,0,0,0,0,0,0,-97,0,1,0,888059589,0,14,0,0,0,104,0,"[0, 0, -128, -76, -128, -84, -128, -98, -127, -113, -113, -128, -109, -128, -116, -128, -114, -128, -103, -128, -92, -128, -83, -128, -77, -128, -69, -128, -55, -128, -37, -128, -21, -128, -5, -128, 8, -128, 18, -128, 29, -128, 37, -128, 39, -105, 41, -70, 43, -32, 39, -5, 127, 21, 127, 13, 127, 4, 127, -3, 127, -15, 127, -33, 116, -56, 107, -76, 95, -94, 72, -111, 52, -128, 38, -128, 22, -128, 3, -128, -22, -128, -47, -128, -64, -128, -78, -128, -92, -128, -108, -128, -128, -128, -128, -128, -128, -128, -128, -108, -128, -90, -128, -87]",esp32_2
CSI_DATA,100337,2025-07-23 16:41:19.919,0,walk,00:00:00:00:00:00,-74,11,0,0,0,0,0,0,0,0,0,-97,0,1,0,888070862,0,14,0,0,0,104,0,"[0, 0, 127, 73, 127, 85, 127, 109, 127, 127, 127, 127, 117, 127, 116, 127, 112, 127, 106, 127, 96, 127, 84, 127, 76, 127, 66, 127, 48, 127, 32, 127, 18, 127, 4, 127, -6, 127, -17, 127, -27, 127, -32, 127, -36, 119, -38, 75, -39, 31, -44, 4, -128, -21, -128, -17, -128, -8, -128, 5, -128, 20, -128, 34, -127, 48, -113, 68, -97, 91, -82, 107, -61, 125, -39, 127, -24, 127, -9, 127, 13, 127, 39, 127, 61, 127, 81, 127, 97, 127, 106, 127, 113, 127, 127, 127, 127, 126, 127, 114, 127, 101, 127, 95]",esp32_2
CSI_DATA,100338,2025-07-23 16:41:19.950,0,walk,00:00:00:00:00:00,-74,11,0,0,0,0,0,0,0,0,0,-97,0,1,0,888079603,0,14,0,0,0,104,0,"[0, 0, 62, -128, 68, -128, 85, -128, 104, -128, 115, -128, 127, -128, 127, -128, 127, -127, 127, -121, 127, -116, 127, -110, 127, -100, 127, -89, 127, -78, 127, -66, 127, -51, 127, -35, 127, -20, 127, -9, 127, 0, 127, 8, 108, 17, 73, 25, 39, 29, 13, 30, -6, 126, -2, 126, 5, 124, 12, 120, 22, 116, 35, 115, 51, 112, 71, 102, 92, 82, 106, 62, 117, 43, 127, 22, 127, 1, 127, -14, 127, -35, 127, -56, 127, -71, 127, -86, 127, -100, 124, -112, 107, -120, 99, -128, 90, -128, 79, -128, 73, -128, 65, -128]",esp32_2
CSI_DATA,201192,2025-07-23 16:41:19.967,0,walk,00:00:00:00:00:00,-61,11,0,0,0,0,0,0,0,0,0,-97,0,1,0,2267381988,0,14,0,0,0,104,0,"[0, 0, 58, 4, 43, -28, 34, -60, 29, -90, 27, -118, 28, -128, 33, -128, 40, -128, 45, -128, 50, -128, 55, -128, 57, -128, 59, -128, 60, -128, 53, -128, 43, -128, 33, -115, 21, -106, 8, -99, -8, -94, -22, -92, -33, -93, -37, -95, -37, -101, -36, -106, 22, 75, 20, 87, 16, 100, 9, 111, 0, 118, -12, 118, -20, 114, -23, 107, -19, 97, -9, 83, 3, 71, 21, 59, 45, 49, 71, 43, 96, 41, 118, 44, 127, 52, 127, 60, 127, 71, 127, 84, 127, 95, 127, 103, 127, 107, 127, 105, 127, 97, 127, 90]",esp32_1
CSI_DATA,100339,2025-07-23 16:41:19.981,0,walk,00:00:00:00:00:00,-74,11,0,0,0,0,0,0,0,0,0,-97,0,1,0,888090762,0,14,0,0,0,104,0,"[0, 0, -30, -128, -27, -128, -11, -128, 5, -128, 17, -128, 38, -128, 60, -128, 74, -128, 87, -128, 104, -128, 127, -128, 127, -128, 127, -128, 127, -128, 127, -128, 127, -128, 127, -128, 127, -128, 127, -120, 127, -96, 127, -72, 103, -48, 80, -24, 58, 0, 43, 16, 66, 118, 68, 119, 78, 113, 87, 104, 96, 97, 108, 87, 118, 71, 123, 47, 127, 19, 127, -6, 127, -29, 127, -53, 127, -78, 127, -103, 122, -122, 107, -128, 96, -128, 81, -128, 69, -128, 58, -128, 40, -128, 21, -128, 7, -128, -6, -128, -23, -128, -38, -128]",esp32_2
CSI_DATA,201193,2025-07-23 16:41:19.998,0,walk,00:00:00:00:00:00,-61,11,0,0,0,0,0,0,0,0,0,-97,0,1,0,2267390790,0,14,0,0,0,104,0,"[0, 0, 34, 46, 48, 15, 68, -13, 87, -38, 104, -57, 123, -70, 127, -80, 127, -85, 127, -87, 127, -85, 127, -82, 127, -75, 127, -65, 127, -58, 127, -53, 127, -48, 110, -48, 93, -54, 80, -62, 68, -69, 59, -76, 56, -83, 55, -89, 58, -93, 63, -94, -39, 72, -48, 78, -59, 82, -71, 84, -83, 83, -91, 79, -94, 71, -92, 64, -82, 56, -65, 53, -46, 55, -25, 59, -1, 67, 20, 80, 37, 99, 50, 122, 61, 127, 69, 127, 72, 127, 68, 127, 60, 127, 52, 127, 45, 127, 36, 127, 27, 127, 22, 127]",esp32_1
CSI_DATA,100340,2025-07-23 16:41:20.012,0,walk,00:00:00:00:00:00,-74,11,0,0,0,0,0,0,0,0,0,-97,0,1,0,888099632,0,14,0,0,0,104,0,"[0, 0, -128, 101, -128, 98, -128, 93, -128, 85, -128, 74, -128, 57, -128, 37, -128, 21, -128, 7, -128, -5, -128, -14, -128, -26, -128, -44, -128, -64, -128, -77, -128, -85, -128, -91, -128, -91, -128, -91, -128, -93, -122, -86, -86, -74, -55, -65, -25, -54, -2, -43, 84, -112, 81, -118, 73, -121, 67, -126, 59, -128, 41, -128, 13, -128, -14, -128, -36, -128, -58, -126, -81, -116, -101, -102, -122, -85, -128, -75, -128, -64, -128, -45, -128, -32, -128, -19, -128, 8, -128, 32, -128, 45, -128, 61, -128, 78, -128, 90, -128, 96, -128, 98]",esp32_2
CSI_DATA,201194,2025-07-23 16:41:20.023,0,walk,00:00:00:00:00:00,-61,11,0,0,0,0,0,0,0,0,0,-97,0,1,0,2267402137,0,14,0,0,0,104,0,"[0, 0, 60, -11, 41, -39, 26, -67, 13, -97, 5, -123, 0, -128, 0, -128, 6, -128, 13, -128, 18, -128, 21, -128, 24, -128, 29, -128, 32, -128, 30, -128, 25, -128, 16, -122, 4, -110, -10, -102, -23, -95, -34, -93, -43, -94, -46, -97, -45, -102, -44, -105, 49, 62, 51, 74, 52, 87, 50, 99, 45, 109, 34, 114, 23, 112, 16, 106, 16, 95, 20, 81, 28, 65, 42, 49, 63, 33, 87, 19, 111, 9, 127, 6, 127, 8, 127, 12, 127, 19, 127, 30, 127, 41, 127, 50, 127, 58, 127, 59, 127, 56, 127, 53]",esp32_1
CSI_DATA,201195,2025-07-23 16:41:20.055,0,walk,00:00:00:00:00:00,-61,11,0,0,0,0,0,0,0,0,0,-97,0,1,0,2267412322,0,14,0,0,0,104,0,"[0, 0, 7, 62, 34, 39, 64, 20, 91, 7, 114, -2, 127, -6, 127, -8, 127, -6, 127, -1, 127, 6, 127, 12, 127, 19, 127, 22, 127, 22, 127, 20, 127, 16, 120, 8, 107, -3, 99, -16, 93, -28, 90, -36, 91, -42, 94, -47, 97, -49, 100, -48, -59, 58, -70, 59, -83, 57, -97, 53, -107, 50, -112, 45, -111, 38, -104, 31, -93, 27, -80, 28, -63, 38, -45, 51, -30, 64, -18, 83, -8, 108, -3, 127, -2, 127, -4, 127, -11, 127, -21, 127, -30, 127, -38, 127, -47, 127, -53, 127, -52, 127, -47, 127]",esp32_1
CSI_DATA,201196,2025-07-23 16:41:20.075,0,walk,00:00:00:00:00:00,-61,11,0,0,0,0,0,0,0,0,0,-97,0,1,0,2267423002,0,14,0,0,0,104,0,"[0, 0, 14, -80, -27, -65, -68, -55, -103, -54, -128, -55, -128, -58, -128, -63, -128, -69, -128, -78, -128, -87, -128, -94, -128, -98, -128, -98, -128, -95, -128, -87, -128, -74, -128, -57, -128, -38, -128, -20, -125, -5, -125, 6, -128, 15, -128, 20, -128, 22, -128, 20, 94, -37, 109, -33, 125, -24, 127, -15, 127, -5, 127, 5, 127, 11, 127, 13, 118, 13, 104, 6, 87, -13, 70, -37, 63, -63, 63, -92, 62, -125, 63, -128, 73, -128, 90, -128, 106, -128, 121, -128, 127, -128, 127, -128, 127, -128, 127, -128, 127, -128, 124, -128]",esp32_1
CSI_DATA,201197,2025-07-23 16:41:20.107,0,walk,00:00:00:00:00:00,-61,11,0,0,0,0,0,0,0,0,0,-97,0,1,0,2267433024,0,14,0,0,0,104,0,"[0, 0, 20, 59, 41, 31, 66, 7, 90, -11, 111, -25, 127, -36, 127, -43, 127, -45, 127, -44, 127, -39, 127, -34, 127, -29, 127, -23, 127, -19, 127, -18, 127, -19, 119, -24, 106, -30, 96, -40, 88, -49, 82, -58, 81, -65, 82, -69, 85, -70, 88, -69, -46, 70, -56, 72, -68, 74, -81, 74, -92, 74, -98, 70, -99, 62, -96, 56, -87, 50, -71, 47, -53, 51, -33, 60, -14, 70, 3, 87, 17, 110, 28, 127, 34, 127, 38, 127, 37, 127, 30, 127, 20, 127, 11, 127, 1, 127, -8, 127, -12, 127, -11, 127]",esp32_1
CSI_DATA,100342,2025-07-23 16:41:20.107,0,walk,00:00:00:00:00:00,-74,11,0,0,0,0,0,0,0,0,0,-97,0,1,0,888119581,0,14,0,0,0,104,0,"[0, 0, -128, -102, -128, -115, -128, -128, -128, -128, -127, -128, -121, -128, -119, -128, -120, -128, -115, -128, -106, -128, -102, -128, -94, -128, -75, -128, -61, -128, -48, -128, -28, -128, -10, -128, 2, -128, 12, -128, 23, -128, 30, -128, 32, -122, 37, -82, 41, -45, 42, -19, 121, 69, 124, 64, 127, 53, 127, 39, 127, 23, 127, 3, 125, -20, 119, -41, 115, -61, 109, -84, 90, -107, 70, -128, 58, -128, 43, -128, 22, -128, -3, -128, -28, -128, -47, -128, -58, -128, -69, -128, -86, -128, -106, -128, -119, -128, -123, -119, -128, -113, -128, -114]",esp32_2
CSI_DATA,100343,2025-07-23 16:41:20.133,0,walk,00:00:00:00:00:00,-74,11,0,0,0,0,0,0,0,0,0,-97,0,1,0,888130177,0,14,0,0,0,104,0,"[0, 0, 72, -128, 82, -128, 99, -128, 116, -128, 127, -128, 127, -128, 127, -128, 127, -128, 127, -128, 127, -119, 127, -111, 127, -100, 127, -85, 127, -74, 127, -61, 127, -40, 127, -24, 127, -14, 127, -4, 127, 6, 127, 14, 114, 23, 85, 32, 52, 38, 21, 41, -28, 127, -28, 127, -17, 127, -2, 127, 13, 127, 29, 127, 43, 127, 63, 117, 86, 102, 107, 86, 122, 71, 127, 51, 127, 27, 127, 4, 127, -17, 127, -35, 127, -54, 127, -74, 127, -93, 127, -104, 127, -112, 111, -124, 95, -128, 88, -128, 82, -128, 75, -128]",esp32_2
CSI_DATA,100344,2025-07-23 16:41:20.150,0,walk,00:00:00:00:00:00,-73,11,0,0,0,0,0,0,0,0,0,-97,0,1,0,888139621,0,14,0,0,0,104,0,"[0, 0, -13, 127, -24, 127, -37, 127, -49, 127, -67, 127, -87, 127, -108, 127, -126, 127, -128, 127, -128, 127, -128, 127, -128, 127, -128, 127, -128, 127, -128, 127, -128, 126, -128, 110, -128, 89, -128, 67, -128, 48, -128, 33, -110, 15, -83, -4, -55, -20, -34, -29, -18, -128, -23, -128, -29, -128, -40, -128, -54, -121, -69, -113, -82, -102, -93, -88, -109, -67, -125, -43, -128, -21, -128, 5, -128, 30, -128, 49, -128, 68, -128, 87, -125, 104, -119, 117, -107, 127, -91, 127, -74, 127, -60, 127, -51, 127, -35, 127, -17, 127, -9, 127]",esp32_2
CSI_DATA,100345,2025-07-23 16:41:20.182,0,walk,00:00:00:00:00:00,-74,11,0,0,0,0,0,0,0,0,0,-97,0,1,0,888149580,0,14,0,0,0,104,0,"[0, 0, -38, 127, -52, 127, -66, 127, -84, 127, -101, 127, -114, 127, -128, 127, -128, 127, -128, 127, -128, 127, -128, 127, -128, 127, -128, 127, -128, 127, -128, 116, -128, 101, -128, 83, -128, 64, -128, 44, -128, 31, -128, 24, -115, 10, -85, -8, -56, -23, -32, -35, 21, -128, 17, -128, 10, -128, -4, -128, -18, -128, -30, -128, -52, -119, -75, -107, -86, -94, -98, -77, -118, -55, -128, -28, -128, -5, -128, 11, -128, 29, -128, 51, -128, 69, -128, 85, -122, 101, -111, 118, -97, 127, -81, 127, -72, 127, -60, 127, -44, 127, -38, 127]",esp32_2
CSI_DATA,201199,2025-07-23 16:41:20.211,0,walk,00:00:00:00:00:00,-62,11,0,0,0,0,0,0,0,0,0,-97,0,1,0,2267451792,0,14,0,0,0,104,0,"[0, 0, 60, 14, 49, -20, 43, -51, 39, -81, 38, -107, 40, -128, 46, -128, 54, -128, 61, -128, 66, -128, 69, -128, 72, -128, 73, -128, 72, -128, 65, -128, 54, -119, 42, -111, 30, -105, 18, -101, 5, -97, -6, -98, -13, -101, -15, -103, -13, -106, -11, -108, 23, 73, 21, 84, 18, 96, 12, 105, 3, 112, -7, 115, -15, 111, -17, 105, -12, 93, -3, 79, 9, 68, 27, 57, 51, 48, 76, 45, 100, 47, 121, 53, 127, 63, 127, 73, 127, 82, 127, 93, 127, 105, 127, 116, 127, 121, 127, 117, 127, 106, 123, 96]",esp32_1
CSI_DATA,100346,2025-07-23 16:41:20.214,0,walk,00:00:00:00:00:00,-74,11,0,0,0,0,0,0,0,0,0,-97,0,1,0,888159597,0,14,0,0,0,104,0,"[0, 0, -128, 20, -128, 13, -128, 1, -128, -14, -128, -31, -128, -45, -128, -58, -128, -74, -128, -89, -128, -103, -128, -115, -128, -128, -128, -128, -128, -128, -128, -128, -128, -128, -128, -128, -128, -128, -118, -128, -96, -128, -73, -126, -46, -108, -25, -82, -6, -56, 12, -40, 127, -28, 127, -29, 127, -32, 127, -40, 126, -55, 112, -72, 92, -86, 72, -101, 55, -116, 30, -128, 4, -128, -18, -128, -42, -128, -66, -128, -84, -128, -97, -123, -114, -110, -128, -100, -128, -87, -128, -68, -128, -48, -128, -30, -128, -11, -128, 7, -128, 14, -128, 10]",esp32_2
CSI_DATA,201200,2025-07-23 16:41:20.236,0,walk,00:00:00:00:00:00,-61,11,0,0,0,0,0,0,0,0,0,-97,0,1,0,2267460778,0,14,0,0,0,104,0,"[0, 0, -65, 11, -43, 37, -26, 63, -12, 92, -3, 118, 2, 127, 3, 127, 0, 127, -3, 127, -6, 127, -9, 127, -12, 127, -15, 127, -18, 127, -16, 127, -10, 127, -2, 122, 7, 110, 18, 102, 30, 95, 40, 91, 46, 91, 50, 94, 51, 99, 48, 102, -51, -59, -54, -73, -55, -88, -53, -100, -45, -109, -35, -112, -25, -110, -20, -104, -22, -92, -29, -77, -37, -61, -49, -43, -69, -27, -93, -15, -117, -7, -128, -3, -128, -4, -128, -9, -128, -16, -128, -26, -128, -37, -128, -47, -128, -56, -128, -57, -128, -54, -128, -53]",esp32_1
CSI_DATA,100347,2025-07-23 16:41:20.240,0,walk,00:00:00:00:00:00,-74,11,0,0,0,0,0,0,0,0,0,-97,0,1,0,888169639,0,14,0,0,0,104,0,"[0, 0, 127, 19, 127, 24, 127, 34, 127, 51, 127, 68, 127, 85, 127, 110, 127, 127, 127, 127, 127, 127, 127, 127, 127, 127, 127, 127, 127, 127, 127, 127, 125, 127, 108, 127, 89, 127, 69, 127, 46, 127, 25, 127, 7, 115, -8, 86, -22, 53, -30, 27, -128, -1, -128, 5, -128, 12, -128, 24, -128, 42, -120, 60, -106, 76, -91, 94, -73, 111, -49, 122, -22, 127, 1, 127, 21, 127, 46, 127, 66, 127, 83, 127, 103, 127, 120, 119, 127, 99, 127, 85, 127, 73, 127, 58, 127, 46, 127, 32, 127, 21, 127, 17]",esp32_2
CSI_DATA,201201,2025-07-23 16:41:20.268,0,walk,00:00:00:00:00:00,-61,11,0,0,0,0,0,0,0,0,0,-97,0,1,0,2267470805,0,14,0,0,0,104,0,"[0, 0, -73, -1, -56, 32, -42, 63, -33, 96, -28, 124, -26, 127, -29, 127, -35, 127, -42, 127, -48, 127, -52, 127, -55, 127, -56, 127, -54, 127, -49, 127, -40, 127, -29, 127, -17, 118, -4, 113, 9, 110, 21, 109, 29, 110, 31, 112, 28, 115, 25, 118, -41, -74, -42, -86, -42, -102, -38, -115, -29, -125, -18, -127, -9, -122, -3, -113, -5, -101, -14, -87, -25, -72, -42, -56, -67, -43, -96, -35, -123, -32, -128, -34, -128, -41, -128, -52, -128, -61, -128, -71, -128, -82, -128, -94, -128, -102, -128, -100, -128, -94, -128, -89]",esp32_1
CSI_DATA,100348,2025-07-23 16:41:20.268,0,walk,00:00:00:00:00:00,-74,11,0,0,0,0,0,0,0,0,0,-97,0,1,0,888179585,0,14,0,0,0,104,0,"[0, 0, 109, -128, 125, -128, 127, -127, 127, -124, 127, -118, 127, -110, 127, -99, 127, -85, 127, -67, 127, -56, 127, -54, 127, -40, 127, -15, 127, 4, 127, 19, 127, 32, 127, 42, 127, 51, 127, 58, 127, 64, 127, 63, 102, 56, 68, 52, 37, 51, 12, 48, -61, 127, -62, 127, -58, 127, -48, 127, -28, 127, -4, 127, 19, 127, 45, 127, 70, 127, 92, 111, 115, 96, 127, 74, 127, 53, 127, 33, 127, 13, 127, -2, 127, -19, 127, -42, 127, -64, 127, -78, 127, -93, 127, -111, 127, -125, 120, -128, 115, -128, 110, -128]",esp32_2
CSI_DATA,201202,2025-07-23 16:41:20.292,0,walk,00:00:00:00:00:00,-61,11,0,0,0,0,0,0,0,0,0,-97,0,1,0,2267480803,0,14,0,0,0,104,0,"[0, 0, -71, -9, -56, 25, -48, 57, -43, 89, -40, 118, -41, 127, -46, 127, -53, 127, -61, 127, -67, 127, -71, 127, -72, 127, -71, 127, -69, 127, -62, 127, -50, 127, -38, 126, -26, 118, -14, 113, -1, 110, 11, 111, 17, 113, 20, 115, 18, 118, 14, 120, -34, -80, -32, -92, -31, -106, -26, -118, -15, -126, -4, -126, 4, -121, 8, -115, 5, -104, -5, -89, -19, -75, -38, -61, -62, -49, -90, -43, -117, -42, -128, -47, -128, -57, -128, -69, -128, -79, -128, -91, -128, -102, -128, -113, -128, -122, -128, -120, -128, -109, -128, -100]",esp32_1
CSI_DATA,100349,2025-07-23 16:41:20.300,0,walk,00:00:00:00:00:00,-74,11,0,0,0,0,0,0,0,0,0,-97,0,1,0,888189580,0,14,0,0,0,104,0,"[0, 0, 93, -61, 101, -58, 112, -54, 119, -48, 121, -41, 127, -30, 127, -22, 127, -17, 127, -9, 127, -3, 127, 7, 127, 20, 127, 30, 127, 41, 127, 50, 127, 56, 127, 57, 126, 57, 109, 58, 91, 58, 74, 56, 55, 51, 35, 43, 15, 34, -1, 27, -70, 53, -68, 56, -66, 59, -61, 65, -52, 72, -41, 76, -28, 81, -14, 88, 2, 91, 21, 89, 40, 84, 54, 78, 65, 71, 78, 60, 92, 47, 99, 37, 104, 29, 111, 18, 111, 5, 109, -10, 107, -26, 103, -35, 97, -44, 93, -54, 91, -57, 96, -55]",esp32_2
CSI_DATA,201203,2025-07-23 16:41:20.313,0,walk,00:00:00:00:00:00,-61,11,0,0,0,0,0,0,0,0,0,-97,0,1,0,2267490767,0,14,0,0,0,104,0,"[0, 0, 65, -54, 31, -71, 2, -92, -25, -117, -46, -128, -60, -128, -69, -128, -73, -128, -70, -128, -64, -128, -61, -128, -56, -128, -50, -128, -44, -128, -41, -128, -40, -128, -42, -128, -50, -126, -60, -113, -70, -104, -79, -99, -85, -99, -86, -100, -85, -103, -85, -107, 91, 24, 100, 33, 112, 47, 118, 63, 116, 76, 108, 85, 99, 88, 90, 86, 83, 77, 78, 59, 75, 36, 78, 12, 91, -11, 111, -34, 127, -57, 127, -77, 127, -92, 127, -98, 127, -99, 127, -95, 127, -86, 127, -73, 127, -58, 127, -45, 127, -34, 127, -27]",esp32_1
CSI_DATA,201204,2025-07-23 16:41:20.338,0,walk,00:00:00:00:00:00,-61,11,0,0,0,0,0,0,0,0,0,-97,0,1,0,2267501173,0,14,0,0,0,104,0,"[0, 0, 39, -52, 5, -56, -26, -64, -52, -79, -74, -93, -93, -105, -108, -114, -120, -123, -125, -128, -124, -128, -122, -128, -117, -128, -109, -128, -102, -128, -96, -120, -89, -105, -84, -89, -83, -76, -85, -63, -88, -52, -93, -45, -100, -41, -105, -38, -107, -40, -107, -42, 78, 5, 88, 13, 98, 25, 105, 39, 107, 50, 101, 57, 93, 61, 85, 60, 77, 53, 69, 39, 63, 20, 62, -2, 69, -27, 80, -50, 91, -71, 102, -93, 120, -112, 127, -126, 127, -128, 127, -127, 127, -121, 127, -114, 127, -103, 127, -90, 127, -77, 127, -66]",esp32_1
CSI_DATA,201205,2025-07-23 16:41:20.361,0,walk,00:00:00:00:00:00,-61,11,0,0,0,0,0,0,0,0,0,-97,0,1,0,2267514930,0,14,0,0,0,104,0,"[0, 0, 7, 69, 35, 47, 67, 30, 94, 19, 118, 12, 127, 7, 127, 5, 127, 7, 127, 11, 127, 16, 127, 21, 127, 25, 127, 28, 127, 27, 127, 23, 127, 19, 127, 11, 118, -1, 112, -14, 106, -24, 103, -31, 105, -38, 107, -42, 109, -43, 111, -41, -63, 59, -75, 59, -90, 58, -102, 54, -112, 49, -117, 43, -115, 36, -108, 29, -97, 25, -84, 29, -65, 41, -47, 54, -34, 69, -23, 92, -13, 119, -7, 127, -9, 127, -14, 127, -21, 127, -32, 127, -44, 127, -53, 127, -61, 127, -66, 127, -64, 127, -59, 127]",esp32_1
CSI_DATA,201206,2025-07-23 16:41:20.382,0,walk,00:00:00:00:00:00,-61,11,0,0,0,0,0,0,0,0,0,-97,0,1,0,2267521109,0,14,0,0,0,104,0,"[0, 0, 56, -41, 24, -57, -3, -76, -27, -98, -46, -118, -60, -128, -68, -128, -73, -128, -73, -128, -69, -128, -65, -128, -62, -128, -57, -128, -50, -128, -47, -128, -48, -128, -49, -123, -52, -109, -59, -98, -67, -89, -76, -83, -84, -80, -87, -79, -88, -83, -87, -86, 78, 30, 86, 40, 94, 55, 97, 70, 95, 81, 87, 87, 77, 89, 69, 86, 65, 76, 63, 60, 62, 39, 66, 17, 80, -4, 99, -25, 116, -45, 127, -62, 127, -72, 127, -78, 127, -79, 127, -72, 127, -63, 127, -53, 127, -40, 127, -29, 127, -22, 127, -16]",esp32_1
CSI_DATA,100351,2025-07-23 16:41:20.387,0,walk,00:00:00:00:00:00,-74,11,0,0,0,0,0,0,0,0,0,-97,0,1,0,888247107,0,14,0,0,0,104,0,"[0, 0, -128, 75, -128, 69, -128, 57, -128, 41, -128, 25, -128, 14, -128, 0, -128, -23, -128, -38, -128, -47, -128, -60, -128, -73, -128, -88, -128, -107, -128, -120, -128, -127, -128, -128, -128, -128, -128, -125, -120, -122, -94, -115, -65, -98, -34, -74, -7, -55, 14, -44, 122, -70, 120, -71, 114, -78, 105, -90, 94, -99, 79, -110, 58, -124, 36, -128, 12, -128, -18, -128, -48, -128, -71, -122, -95, -106, -121, -96, -128, -88, -128, -71, -128, -52, -128, -38, -128, -21, -128, 0, -128, 21, -128, 36, -128, 48, -128, 69, -128, 83, -128, 80]",esp32_2
CSI_DATA,201207,2025-07-23 16:41:20.406,0,walk,00:00:00:00:00:00,-61,11,0,0,0,0,0,0,0,0,0,-97,0,1,0,2267530803,0,14,0,0,0,104,0,"[0, 0, -42, -56, -57, -22, -76, 7, -94, 32, -112, 52, -128, 68, -128, 79, -128, 84, -128, 84, -128, 81, -128, 78, -128, 74, -128, 69, -128, 64, -128, 59, -128, 58, -119, 59, -104, 62, -92, 67, -81, 74, -74, 81, -70, 86, -70, 91, -74, 94, -78, 94, 32, -83, 42, -89, 55, -94, 68, -97, 81, -97, 89, -92, 90, -83, 86, -75, 76, -68, 59, -63, 39, -67, 18, -71, -5, -78, -29, -92, -49, -113, -64, -128, -76, -128, -82, -128, -83, -128, -77, -128, -69, -128, -59, -128, -47, -128, -37, -128, -30, -128, -25, -128]",esp32_1
CSI_DATA,100352,2025-07-23 16:41:20.414,0,walk,00:00:00:00:00:00,-74,11,0,0,0,0,0,0,0,0,0,-97,0,1,0,888249984,0,14,0,0,0,104,0,"[0, 0, 54, 127, 43, 127, 28, 127, 11, 127, -2, 127, -15, 127, -29, 127, -46, 127, -68, 127, -89, 127, -109, 127, -124, 127, -128, 127, -128, 127, -128, 127, -128, 127, -128, 127, -128, 127, -128, 119, -128, 94, -116, 69, -98, 46, -79, 19, -60, -9, -47, -26, -75, -120, -79, -118, -85, -113, -96, -105, -108, -94, -118, -79, -124, -60, -128, -36, -128, -11, -128, 13, -124, 42, -122, 74, -125, 95, -113, 111, -96, 126, -78, 127, -56, 127, -37, 127, -25, 127, -13, 127, 4, 127, 24, 127, 40, 127, 54, 127, 70, 127, 84, 127]",esp32_2
CSI_DATA,201208,2025-07-23 16:41:20.427,0,walk,00:00:00:00:00:00,-61,11,0,0,0,0,0,0,0,0,0,-97,0,1,0,2267541376,0,14,0,0,0,104,0,"[0, 0, -47, -43, -55, -9, -69, 23, -80, 51, -91, 73, -105, 90, -122, 103, -128, 112, -128, 115, -128, 114, -128, 111, -128, 108, -128, 103, -128, 95, -128, 87, -113, 81, -99, 79, -86, 80, -72, 83, -60, 86, -52, 91, -46, 96, -45, 100, -48, 103, -51, 104, 17, -82, 24, -90, 34, -98, 46, -103, 58, -105, 66, -101, 69, -94, 67, -85, 59, -76, 45, -70, 27, -68, 5, -68, -19, -71, -43, -80, -65, -96, -83, -117, -97, -128, -108, -128, -114, -128, -113, -128, -107, -128, -97, -128, -85, -128, -75, -128, -63, -128, -55, -128]",esp32_1
CSI_DATA,100353,2025-07-23 16:41:20.442,0,walk,00:00:00:00:00:00,-73,11,0,0,0,0,0,0,0,0,0,-97,0,1,0,888259602,0,14,0,0,0,104,0,"[0, 0, -128, -124, -121, -127, -112, -128, -103, -128, -96, -128, -91, -128, -82, -128, -69, -128, -56, -128, -45, -128, -34, -128, -23, -128, -10, -128, 4, -128, 19, -128, 37, -128, 49, -128, 56, -128, 65, -128, 65, -128, 58, -128, 57, -100, 60, -62, 58, -22, 52, 4, 103, 79, 113, 81, 123, 81, 127, 71, 127, 54, 127, 33, 127, 9, 126, -17, 126, -44, 120, -70, 104, -93, 89, -110, 77, -125, 63, -128, 40, -128, 15, -128, -9, -128, -31, -128, -46, -128, -58, -128, -75, -128, -91, -128, -105, -125, -114, -113, -117, -107, -120, -116]",esp32_2
CSI_DATA,201209,2025-07-23 16:41:20.450,0,walk,00:00:00:00:00:00,-61,11,0,0,0,0,0,0,0,0,0,-97,0,1,0,2267550827,0,14,0,0,0,104,0,"[0, 0, -14, -62, -39, -39, -67, -18, -94, -3, -118, 7, -128, 13, -128, 16, -128, 18, -128, 17, -128, 12, -128, 8, -128, 6, -128, 2, -128, -2, -128, -2, -128, 2, -125, 10, -114, 20, -105, 31, -97, 40, -93, 47, -90, 55, -91, 59, -96, 60, -100, 59, 61, -59, 73, -58, 86, -55, 97, -53, 107, -48, 112, -41, 110, -32, 103, -27, 93, -27, 76, -32, 58, -43, 41, -55, 26, -70, 14, -92, 5, -119, -1, -128, -1, -128, 2, -128, 9, -128, 19, -128, 31, -128, 41, -128, 47, -128, 49, -128, 47, -128, 45, -128]",esp32_1
CSI_DATA,201210,2025-07-23 16:41:20.475,0,walk,00:00:00:00:00:00,-61,11,0,0,0,0,0,0,0,0,0,-97,0,1,0,2267586868,0,14,0,0,0,104,0,"[0, 0, -59, 16, -36, 40, -18, 66, -4, 95, 5, 121, 11, 127, 14, 127, 14, 127, 10, 127, 6, 127, 2, 127, -1, 127, -4, 127, -6, 127, -4, 127, 0, 127, 5, 127, 13, 116, 23, 107, 32, 99, 42, 95, 49, 95, 50, 95, 50, 98, 49, 100, -55, -58, -57, -71, -58, -85, -56, -97, -50, -107, -42, -110, -34, -108, -27, -102, -27, -91, -33, -77, -40, -61, -53, -45, -74, -30, -97, -17, -120, -7, -128, -2, -128, -2, -128, -6, -128, -12, -128, -21, -128, -30, -128, -41, -128, -50, -128, -51, -128, -49, -128, -47]",esp32_1
CSI_DATA,100354,2025-07-23 16:41:20.483,0,walk,00:00:00:00:00:00,-74,11,0,0,0,0,0,0,0,0,0,-97,0,1,0,888269579,0,14,0,0,0,104,0,"[0, 0, -120, -107, -116, -115, -109, -128, -99, -128, -88, -128, -75, -128, -59, -128, -48, -128, -39, -128, -24, -128, -7, -128, 4, -128, 17, -128, 38, -128, 56, -128, 66, -128, 67, -128, 69, -128, 74, -128, 78, -128, 76, -113, 66, -84, 56, -52, 48, -20, 41, 3, 118, 70, 123, 64, 127, 51, 127, 37, 127, 23, 127, 8, 127, -11, 123, -38, 117, -65, 110, -91, 92, -109, 75, -122, 61, -128, 47, -128, 28, -128, 7, -128, -16, -128, -41, -128, -57, -128, -69, -128, -82, -128, -95, -128, -112, -122, -126, -110, -128, -106, -128, -110]",esp32_2
CSI_DATA,201211,2025-07-23 16:41:20.496,0,walk,00:00:00:00:00:00,-62,11,0,0,0,0,0,0,0,0,0,-97,0,1,0,2267617450,0,14,0,0,0,104,0,"[0, 0, -16, 56, 17, 48, 50, 45, 78, 49, 101, 55, 123, 60, 127, 66, 127, 70, 127, 75, 127, 82, 127, 88, 127, 92, 127, 91, 127, 85, 127, 77, 120, 68, 112, 56, 105, 42, 101, 30, 99, 20, 101, 12, 103, 5, 104, 2, 106, 3, 107, 5, -77, 24, -88, 20, -99, 12, -107, 3, -113, -4, -114, -10, -108, -17, -100, -20, -90, -17, -79, -7, -68, 10, -59, 29, -57, 49, -59, 73, -61, 99, -66, 123, -78, 127, -92, 127, -106, 127, -119, 127, -128, 127, -128, 127, -128, 127, -128, 127, -120, 120, -107, 104]",esp32_1
CSI_DATA,201212,2025-07-23 16:41:20.519,0,walk,00:00:00:00:00:00,-60,11,0,0,0,0,0,0,0,0,0,-97,0,1,0,2267648304,0,14,0,0,0,104,0,"[0, 0, 66, 27, 66, -15, 74, -54, 79, -88, 84, -117, 98, -128, 113, -128, 127, -128, 127, -128, 127, -128, 127, -128, 127, -128, 127, -128, 127, -128, 127, -128, 114, -128, 99, -125, 87, -119, 76, -118, 61, -117, 47, -122, 38, -127, 35, -128, 37, -128, 40, -128, 16, 95, 11, 104, 4, 117, -6, 127, -17, 127, -28, 127, -37, 126, -39, 119, -30, 107, -14, 95, 7, 87, 32, 81, 61, 78, 89, 80, 116, 88, 127, 103, 127, 123, 127, 127, 127, 127, 127, 127, 127, 127, 127, 127, 127, 127, 127, 127, 124, 127, 106, 127]",esp32_1
CSI_DATA,201213,2025-07-23 16:41:20.540,0,walk,00:00:00:00:00:00,-61,11,0,0,0,0,0,0,0,0,0,-97,0,1,0,2267697247,0,14,0,0,0,104,0,"[0, 0, -52, -19, -46, 17, -45, 51, -45, 81, -45, 108, -49, 127, -58, 127, -69, 127, -78, 127, -84, 127, -86, 127, -86, 127, -85, 127, -81, 127, -72, 127, -61, 127, -49, 120, -37, 113, -24, 109, -11, 106, -1, 106, 6, 107, 8, 108, 7, 111, 6, 113, -8, -83, -1, -94, 7, -103, 14, -109, 25, -112, 36, -111, 41, -104, 41, -96, 33, -86, 19, -76, 2, -69, -19, -61, -44, -57, -71, -59, -96, -67, -117, -80, -128, -97, -128, -112, -128, -123, -128, -128, -128, -128, -128, -128, -128, -128, -128, -128, -113, -128, -99, -121]",esp32_1
CSI_DATA,201214,2025-07-23 16:41:20.562,0,walk,00:00:00:00:00:00,-60,11,0,0,0,0,0,0,0,0,0,-97,0,1,0,2267731959,0,14,0,0,0,104,0,"[0, 0, 43, 48, 56, 18, 75, -7, 93, -29, 108, -48, 123, -63, 127, -71, 127, -76, 127, -75, 127, -71, 127, -68, 127, -65, 127, -60, 127, -57, 127, -55, 127, -52, 125, -52, 112, -55, 100, -59, 90, -63, 82, -68, 80, -72, 82, -74, 85, -75, 88, -74, -15, 80, -21, 87, -31, 94, -43, 100, -55, 102, -64, 99, -67, 92, -65, 83, -56, 73, -42, 67, -26, 68, -8, 70, 12, 74, 34, 86, 54, 101, 69, 120, 79, 127, 88, 127, 92, 127, 87, 127, 79, 127, 68, 127, 54, 127, 43, 127, 35, 127, 29, 127]",esp32_1
CSI_DATA,100356,2025-07-23 16:41:20.562,0,walk,00:00:00:00:00:00,-74,11,0,0,0,0,0,0,0,0,0,-97,0,1,0,888291472,0,14,0,0,0,104,0,"[0, 0, 13, 127, 4, 127, -18, 127, -40, 127, -54, 127, -68, 127, -89, 127, -106, 127, -124, 127, -128, 127, -128, 127, -128, 127, -128, 127, -128, 127, -128, 127, -128, 127, -128, 127, -128, 116, -128, 96, -128, 73, -128, 46, -112, 23, -92, 3, -70, -17, -51, -31, -20, -128, -23, -128, -30, -128, -44, -128, -63, -128, -81, -121, -91, -107, -105, -90, -124, -66, -128, -37, -128, -12, -128, 15, -128, 44, -128, 67, -128, 88, -128, 106, -117, 120, -101, 127, -78, 127, -58, 127, -42, 127, -29, 127, -11, 127, 4, 127, 12, 127, 18, 127]",esp32_2
CSI_DATA,201215,2025-07-23 16:41:20.581,0,walk,00:00:00:00:00:00,-61,11,0,0,0,0,0,0,0,0,0,-97,0,1,0,2267757159,0,14,0,0,0,104,0,"[0, 0, 51, -31, 21, -48, -5, -69, -27, -93, -45, -114, -58, -128, -67, -128, -72, -128, -71, -128, -68, -128, -66, -128, -62, -128, -57, -128, -51, -128, -48, -128, -47, -128, -48, -124, -53, -112, -60, -101, -66, -90, -72, -84, -78, -81, -81, -81, -82, -82, -81, -85, 69, 37, 75, 49, 81, 63, 82, 76, 79, 85, 71, 90, 61, 91, 54, 86, 51, 76, 51, 60, 53, 39, 62, 17, 78, -1, 98, -17, 116, -32, 127, -46, 127, -55, 127, -58, 127, -54, 127, -45, 127, -38, 127, -29, 127, -19, 127, -11, 127, -5, 127, 1]",esp32_1
CSI_DATA,201216,2025-07-23 16:41:20.603,0,walk,00:00:00:00:00:00,-61,11,0,0,0,0,0,0,0,0,0,-97,0,1,0,2267782844,0,14,0,0,0,104,0,"[0, 0, 35, 53, 53, 24, 74, -2, 94, -22, 115, -33, 127, -42, 127, -48, 127, -54, 127, -65, 127, -76, 127, -77, 127, -66, 127, -47, 127, -34, 127, -30, 127, -30, 127, -31, 122, -31, 111, -36, 103, -43, 96, -50, 89, -62, 85, -71, 89, -72, 94, -69, -10, 78, -19, 85, -31, 92, -45, 96, -57, 98, -68, 95, -75, 85, -72, 76, -60, 68, -39, 65, -17, 68, 4, 70, 26, 74, 44, 86, 56, 105, 66, 127, 75, 127, 82, 127, 79, 127, 64, 127, 50, 127, 45, 127, 51, 127, 55, 127, 48, 127, 38, 127]",esp32_1
CSI_DATA,100357,2025-07-23 16:41:20.603,0,walk,00:00:00:00:00:00,-74,11,0,0,0,0,0,0,0,0,0,-97,0,1,0,888299962,0,14,0,0,0,104,0,"[0, 0, -22, 127, -29, 127, -47, 127, -69, 127, -86, 127, -104, 127, -124, 127, -128, 127, -128, 127, -128, 127, -128, 127, -128, 127, -128, 127, -128, 127, -128, 127, -128, 115, -128, 96, -128, 78, -128, 59, -128, 38, -128, 19, -114, 0, -83, -16, -54, -29, -35, -39, -9, -128, -17, -128, -23, -128, -34, -128, -49, -128, -67, -120, -87, -110, -107, -97, -124, -74, -128, -49, -128, -24, -128, 5, -128, 29, -128, 44, -128, 63, -128, 86, -121, 105, -110, 118, -98, 127, -85, 127, -68, 127, -50, 127, -36, 127, -22, 127, -8, 127, 3, 127]",esp32_2
CSI_DATA,100358,2025-07-23 16:41:20.624,0,walk,00:00:00:00:00:00,-74,11,0,0,0,0,0,0,0,0,0,-97,0,1,0,888309606,0,14,0,0,0,104,0,"[0, 0, 125, 101, 123, 110, 116, 123, 105, 127, 98, 127, 95, 127, 89, 127, 78, 127, 70, 127, 60, 127, 46, 127, 34, 127, 23, 127, 11, 127, -5, 127, -21, 127, -32, 127, -38, 127, -40, 127, -43, 127, -51, 118, -56, 92, -53, 63, -48, 31, -45, 6, -100, -74, -104, -71, -112, -62, -120, -50, -126, -40, -128, -29, -127, -7, -123, 19, -118, 45, -109, 69, -97, 88, -87, 104, -74, 121, -54, 127, -32, 127, -14, 127, 2, 127, 20, 127, 43, 127, 61, 127, 73, 127, 84, 117, 96, 104, 101, 95, 105, 93, 114, 93]",esp32_2
CSI_DATA,201217,2025-07-23 16:41:20.631,0,walk,00:00:00:00:00:00,-61,11,0,0,0,0,0,0,0,0,0,-97,0,1,0,2267817259,0,14,0,0,0,104,0,"[0, 0, -66, -16, -60, 17, -59, 48, -61, 80, -64, 107, -70, 127, -77, 127, -86, 127, -95, 127, -102, 127, -107, 127, -109, 127, -108, 127, -104, 127, -96, 127, -84, 121, -74, 114, -62, 109, -49, 107, -36, 107, -27, 109, -23, 111, -22, 113, -24, 116, -27, 114, -24, -75, -20, -88, -16, -103, -10, -112, 0, -117, 10, -116, 17, -110, 20, -101, 14, -92, 2, -81, -11, -70, -29, -60, -55, -56, -82, -58, -106, -63, -127, -70, -128, -82, -128, -97, -128, -113, -128, -125, -128, -128, -128, -128, -128, -128, -128, -128, -127, -127, -111, -115]",esp32_1
CSI_DATA,100359,2025-07-23 16:41:20.646,0,walk,00:00:00:00:00:00,-74,11,0,0,0,0,0,0,0,0,0,-97,0,1,0,888319628,0,14,0,0,0,104,0,"[0, 0, -128, -118, -128, -128, -128, -128, -124, -128, -120, -128, -110, -128, -95, -128, -83, -128, -69, -128, -50, -128, -36, -128, -26, -128, -14, -128, 7, -128, 23, -128, 31, -128, 39, -128, 46, -128, 51, -128, 58, -128, 64, -125, 64, -94, 59, -59, 52, -26, 46, -4, 123, 78, 127, 68, 127, 59, 127, 49, 127, 32, 127, 9, 127, -17, 127, -40, 125, -62, 113, -86, 102, -111, 88, -127, 71, -128, 55, -128, 33, -128, 8, -128, -15, -128, -39, -128, -58, -128, -74, -128, -96, -128, -114, -124, -115, -120, -116, -111, -128, -109, -128, -113]",esp32_2
CSI_DATA,201218,2025-07-23 16:41:20.655,0,walk,00:00:00:00:00:00,-61,11,0,0,0,0,0,0,0,0,0,-97,0,1,0,2267842821,0,14,0,0,0,104,0,"[0, 0, -53, -26, -54, 10, -60, 41, -63, 70, -67, 99, -77, 122, -86, 127, -99, 127, -115, 127, -124, 127, -124, 127, -119, 127, -113, 127, -106, 127, -96, 127, -87, 124, -75, 116, -62, 111, -49, 110, -36, 106, -26, 109, -22, 117, -21, 117, -22, 116, -25, 114, -1, -83, 4, -92, 11, -103, 21, -109, 33, -113, 43, -110, 48, -104, 49, -96, 41, -87, 27, -79, 10, -72, -13, -68, -40, -68, -66, -71, -90, -79, -112, -93, -128, -111, -128, -128, -128, -128, -128, -128, -128, -128, -128, -128, -128, -128, -116, -128, -93, -128, -77, -128]",esp32_1
CSI_DATA,100360,2025-07-23 16:41:20.675,0,walk,00:00:00:00:00:00,-74,11,0,0,0,0,0,0,0,0,0,-97,0,1,0,888329995,0,14,0,0,0,104,0,"[0, 0, -89, 127, -107, 127, -124, 127, -128, 127, -128, 121, -128, 111, -128, 104, -128, 96, -128, 90, -128, 84, -128, 73, -128, 63, -128, 51, -128, 35, -128, 18, -128, -3, -128, -18, -128, -26, -128, -40, -128, -52, -128, -57, -97, -56, -67, -53, -38, -52, -16, -50, 55, -128, 52, -128, 40, -128, 25, -128, 8, -128, -10, -128, -31, -128, -53, -128, -74, -127, -94, -110, -116, -93, -128, -70, -128, -45, -128, -27, -128, -10, -128, 9, -128, 29, -128, 51, -128, 74, -128, 94, -120, 109, -106, 122, -93, 127, -87, 127, -88, 127, -84, 127]",esp32_2
CSI_DATA,201219,2025-07-23 16:41:20.676,0,walk,00:00:00:00:00:00,-61,11,0,0,0,0,0,0,0,0,0,-97,0,1,0,2267879615,0,14,0,0,0,104,0,"[0, 0, -52, -28, -56, 9, -66, 41, -77, 68, -86, 92, -96, 112, -109, 125, -122, 127, -128, 127, -128, 127, -128, 127, -128, 127, -128, 127, -127, 123, -116, 117, -105, 110, -94, 104, -83, 99, -70, 100, -57, 101, -46, 103, -40, 108, -37, 113, -38, 113, -42, 111, -3, -84, 3, -93, 10, -104, 21, -110, 35, -113, 45, -110, 51, -101, 49, -92, 39, -81, 23, -73, 3, -70, -21, -67, -47, -63, -71, -71, -92, -85, -112, -102, -128, -123, -128, -128, -128, -128, -128, -128, -128, -128, -128, -128, -123, -128, -110, -128, -93, -128, -77, -128]",esp32_1
CSI_DATA,201220,2025-07-23 16:41:20.699,0,walk,00:00:00:00:00:00,-61,11,0,0,0,0,0,0,0,0,0,-97,0,1,0,2267926861,0,14,0,0,0,104,0,"[0, 0, 61, 16, 57, -21, 59, -53, 62, -82, 68, -108, 76, -128, 87, -128, 98, -128, 106, -128, 110, -128, 112, -128, 112, -128, 112, -128, 108, -128, 97, -128, 84, -123, 71, -117, 58, -111, 46, -109, 36, -110, 26, -114, 19, -117, 16, -119, 19, -121, 23, -122, 20, 80, 16, 92, 9, 104, 0, 113, -10, 119, -20, 118, -29, 112, -32, 102, -26, 90, -11, 78, 7, 68, 29, 60, 56, 55, 84, 55, 108, 61, 127, 74, 127, 91, 127, 105, 127, 117, 127, 127, 127, 127, 127, 127, 127, 127, 127, 127, 127, 127, 111, 121]",esp32_1
CSI_DATA,100361,2025-07-23 16:41:20.710,0,walk,00:00:00:00:00:00,-74,11,0,0,0,0,0,0,0,0,0,-97,0,1,0,888339582,0,14,0,0,0,104,0,"[0, 0, 91, 127, 80, 127, 67, 127, 55, 127, 40, 127, 29, 127, 17, 127, 3, 127, -9, 127, -26, 127, -51, 127, -72, 127, -83, 127, -93, 127, -106, 127, -112, 127, -114, 127, -116, 127, -114, 127, -106, 127, -93, 97, -84, 66, -77, 37, -62, 13, -47, -8, -84, -118, -88, -115, -97, -107, -109, -96, -119, -81, -124, -61, -128, -39, -128, -16, -128, 7, -128, 33, -128, 58, -128, 82, -121, 105, -107, 127, -88, 127, -64, 127, -44, 127, -25, 127, -7, 127, 8, 127, 29, 127, 50, 127, 60, 127, 71, 127, 86, 127, 95, 127]",esp32_2
CSI_DATA,201221,2025-07-23 16:41:20.723,0,walk,00:00:00:00:00:00,-61,11,0,0,0,0,0,0,0,0,0,-97,0,1,0,2267952401,0,14,0,0,0,104,0,"[0, 0, -65, -24, -63, 11, -66, 46, -71, 78, -78, 104, -88, 125, -98, 127, -110, 127, -121, 127, -128, 127, -128, 127, -128, 127, -124, 127, -119, 127, -108, 127, -95, 119, -81, 111, -67, 108, -54, 109, -42, 110, -33, 113, -29, 115, -29, 117, -31, 119, -34, 118, -13, -87, -7, -98, -1, -110, 7, -118, 20, -122, 31, -120, 38, -113, 39, -104, 32, -92, 18, -80, 1, -72, -22, -65, -50, -63, -79, -66, -106, -75, -128, -88, -128, -105, -128, -123, -128, -128, -128, -128, -128, -128, -128, -128, -128, -128, -128, -128, -116, -128, -101, -128]",esp32_1
CSI_DATA,201222,2025-07-23 16:41:20.742,0,walk,00:00:00:00:00:00,-61,11,0,0,0,0,0,0,0,0,0,-97,0,1,0,2267986934,0,14,0,0,0,104,0,"[0, 0, -56, 26, -28, 50, -8, 74, 9, 98, 25, 121, 35, 127, 40, 127, 43, 127, 38, 127, 29, 127, 25, 127, 24, 127, 28, 127, 31, 127, 32, 127, 34, 127, 38, 122, 44, 108, 52, 100, 61, 92, 72, 90, 78, 93, 77, 91, 74, 90, 70, 91, -57, -59, -57, -70, -60, -85, -59, -97, -53, -105, -43, -106, -35, -104, -29, -99, -28, -87, -33, -74, -39, -55, -53, -35, -76, -18, -98, -4, -121, 8, -128, 18, -128, 22, -128, 19, -128, 13, -128, 6, -128, -3, -128, -13, -128, -28, -128, -37, -128, -38, -128, -36]",esp32_1
CSI_DATA,100362,2025-07-23 16:41:20.742,0,walk,00:00:00:00:00:00,-74,11,0,0,0,0,0,0,0,0,0,-97,0,1,0,888349622,0,14,0,0,0,104,0,"[0, 0, -128, -47, -128, -58, -128, -79, -128, -102, -128, -117, -128, -128, -128, -128, -128, -128, -128, -128, -128, -128, -128, -128, -128, -128, -119, -128, -104, -128, -90, -128, -77, -128, -60, -128, -41, -128, -24, -128, -11, -128, 2, -128, 15, -114, 27, -79, 37, -42, 44, -17, 127, 29, 127, 22, 127, 13, 127, 1, 127, -20, 127, -45, 127, -65, 113, -82, 93, -101, 77, -122, 57, -128, 34, -128, 16, -128, -3, -128, -31, -128, -61, -128, -82, -128, -98, -128, -114, -128, -125, -113, -128, -91, -128, -78, -128, -70, -128, -54, -128, -48, -128, -55]",esp32_2
CSI_DATA,201223,2025-07-23 16:41:20.764,0,walk,00:00:00:00:00:00,-61,11,0,0,0,0,0,0,0,0,0,-97,0,1,0,2268011297,0,14,0,0,0,104,0,"[0, 0, 55, 21, 53, -17, 55, -52, 59, -81, 65, -105, 73, -127, 84, -128, 96, -128, 102, -128, 104, -128, 106, -128, 105, -128, 104, -128, 101, -128, 91, -128, 76, -121, 62, -115, 48, -111, 36, -110, 24, -111, 15, -112, 7, -115, 3, -118, 6, -120, 8, -121, -1, 81, -5, 90, -14, 100, -25, 106, -36, 111, -46, 109, -52, 101, -51, 91, -42, 80, -26, 70, -7, 63, 16, 58, 43, 55, 71, 60, 95, 71, 115, 87, 127, 107, 127, 124, 127, 127, 127, 127, 127, 127, 127, 127, 127, 127, 127, 127, 109, 127, 94, 127]",esp32_1
CSI_DATA,100363,2025-07-23 16:41:20.774,0,walk,00:00:00:00:00:00,-74,11,0,0,0,0,0,0,0,0,0,-97,0,1,0,888359624,0,14,0,0,0,104,0,"[0, 0, 119, -116, 127, -114, 127, -102, 127, -93, 127, -83, 127, -74, 127, -63, 127, -47, 127, -32, 127, -23, 127, -14, 127, -2, 127, 13, 127, 30, 127, 45, 127, 56, 127, 65, 127, 75, 127, 81, 127, 75, 110, 72, 85, 71, 53, 61, 16, 53, -9, 47, -86, 102, -85, 106, -81, 110, -71, 115, -53, 123, -30, 127, -8, 127, 13, 127, 36, 127, 61, 127, 83, 122, 102, 100, 125, 82, 127, 67, 127, 51, 127, 34, 127, 14, 127, -5, 127, -26, 127, -49, 127, -66, 127, -75, 127, -85, 124, -95, 117, -103, 112, -112]",esp32_2
CSI_DATA,201224,2025-07-23 16:41:20.790,0,walk,00:00:00:00:00:00,-61,11,0,0,0,0,0,0,0,0,0,-97,0,1,0,2268046991,0,14,0,0,0,104,0,"[0, 0, 38, 49, 55, 16, 75, -13, 94, -33, 113, -51, 127, -67, 127, -78, 127, -87, 127, -90, 127, -85, 127, -79, 127, -75, 127, -71, 127, -68, 127, -65, 127, -64, 112, -66, 97, -71, 85, -77, 76, -84, 71, -91, 70, -95, 69, -96, 72, -97, 73, -98, -36, 76, -46, 80, -61, 82, -75, 83, -85, 83, -90, 79, -89, 69, -83, 60, -72, 53, -57, 51, -35, 53, -12, 60, 7, 72, 26, 90, 47, 110, 63, 127, 73, 127, 77, 127, 76, 127, 70, 127, 61, 127, 52, 127, 41, 127, 29, 127, 21, 127, 16, 127]",esp32_1
CSI_DATA,201225,2025-07-23 16:41:20.811,0,walk,00:00:00:00:00:00,-61,11,0,0,0,0,0,0,0,0,0,-97,0,1,0,2268071375,0,14,0,0,0,104,0,"[0, 0, -54, 19, -31, 46, -15, 72, -1, 99, 10, 123, 15, 127, 17, 127, 19, 127, 18, 127, 17, 127, 15, 127, 10, 127, 8, 127, 13, 127, 17, 127, 20, 127, 24, 125, 29, 112, 37, 103, 46, 94, 57, 90, 66, 92, 69, 94, 67, 93, 62, 94, -51, -59, -52, -71, -55, -85, -54, -97, -47, -108, -35, -113, -24, -109, -17, -99, -19, -84, -26, -70, -35, -52, -50, -33, -70, -16, -91, -4, -115, 6, -128, 12, -128, 10, -128, 5, -128, -2, -128, -15, -128, -29, -128, -39, -128, -46, -128, -47, -128, -44, -128, -45]",esp32_1
CSI_DATA,201226,2025-07-23 16:41:20.834,0,walk,00:00:00:00:00:00,-61,11,0,0,0,0,0,0,0,0,0,-97,0,1,0,2268120722,0,14,0,0,0,104,0,"[0, 0, -60, 31, -32, 54, -9, 78, 9, 106, 24, 127, 34, 127, 38, 127, 37, 127, 35, 127, 30, 127, 26, 127, 24, 127, 22, 127, 20, 127, 22, 127, 27, 127, 32, 127, 39, 116, 49, 107, 58, 99, 66, 95, 71, 95, 73, 98, 73, 101, 70, 102, -66, -52, -69, -64, -73, -80, -72, -94, -66, -104, -55, -106, -46, -102, -38, -96, -36, -84, -39, -66, -45, -46, -58, -26, -79, -6, -103, 10, -126, 22, -128, 31, -128, 35, -128, 34, -128, 28, -128, 20, -128, 11, -128, -1, -128, -13, -128, -20, -128, -22, -128, -24]",esp32_1
CSI_DATA,201227,2025-07-23 16:41:20.856,0,walk,00:00:00:00:00:00,-61,11,0,0,0,0,0,0,0,0,0,-97,0,1,0,2268157162,0,14,0,0,0,104,0,"[0, 0, -44, -49, -57, -15, -73, 17, -91, 42, -110, 58, -127, 71, -128, 83, -128, 88, -128, 87, -128, 86, -128, 86, -128, 87, -128, 82, -128, 73, -128, 68, -122, 66, -107, 66, -97, 71, -87, 77, -78, 83, -73, 88, -66, 91, -63, 95, -70, 100, -76, 102, 32, -80, 42, -86, 53, -90, 64, -93, 76, -92, 85, -85, 87, -74, 83, -67, 70, -59, 50, -53, 28, -57, 7, -64, -17, -71, -41, -89, -60, -111, -74, -128, -84, -128, -89, -128, -89, -128, -83, -128, -74, -128, -63, -128, -53, -128, -45, -128, -37, -128, -32, -128]",esp32_1
CSI_DATA,100365,2025-07-23 16:41:20.866,0,walk,00:00:00:00:00:00,-74,11,0,0,0,0,0,0,0,0,0,-97,0,1,0,888379569,0,14,0,0,0,104,0,"[0, 0, -128, 48, -128, 45, -128, 29, -128, 10, -128, -2, -128, -18, -128, -36, -128, -54, -128, -73, -128, -90, -128, -102, -128, -115, -128, -128, -128, -128, -128, -128, -128, -128, -128, -128, -128, -128, -127, -128, -99, -128, -72, -118, -44, -99, -16, -79, 8, -57, 28, -39, 123, -47, 122, -53, 117, -65, 110, -81, 102, -94, 86, -107, 63, -120, 40, -128, 18, -128, -5, -128, -27, -128, -45, -128, -64, -128, -90, -123, -116, -111, -128, -98, -128, -84, -128, -66, -128, -43, -128, -24, -128, -11, -128, 2, -128, 18, -128, 31, -128, 35, -128, 36]",esp32_2
CSI_DATA,201228,2025-07-23 16:41:20.878,0,walk,00:00:00:00:00:00,-61,11,0,0,0,0,0,0,0,0,0,-97,0,1,0,2268184400,0,14,0,0,0,104,0,"[0, 0, -6, -65, -36, -47, -66, -34, -95, -29, -120, -25, -128, -22, -128, -21, -128, -22, -128, -27, -128, -33, -128, -37, -128, -38, -128, -38, -128, -35, -128, -29, -128, -20, -128, -10, -121, 0, -116, 10, -111, 21, -110, 30, -111, 35, -112, 37, -116, 37, -118, 37, 73, -44, 84, -41, 97, -34, 107, -28, 114, -20, 116, -12, 111, -5, 101, -1, 89, -3, 74, -10, 57, -25, 43, -43, 34, -63, 28, -88, 23, -117, 22, -128, 29, -128, 40, -128, 52, -128, 64, -128, 77, -128, 88, -128, 94, -128, 93, -128, 86, -128, 79, -128]",esp32_1
CSI_DATA,100366,2025-07-23 16:41:20.894,0,walk,00:00:00:00:00:00,-74,11,0,0,0,0,0,0,0,0,0,-97,0,1,0,888405446,0,14,0,0,0,104,0,"[0, 0, 28, 127, 13, 127, -4, 127, -18, 127, -30, 127, -56, 127, -88, 127, -112, 127, -128, 127, -128, 127, -128, 127, -128, 127, -128, 127, -128, 127, -128, 127, -128, 127, -128, 127, -128, 104, -128, 68, -128, 33, -128, 11, -102, 0, -69, -13, -37, -31, -17, -45, -85, -126, -98, -119, -103, -113, -108, -111, -112, -104, -113, -93, -122, -76, -128, -48, -128, -14, -128, 11, -128, 37, -128, 63, -128, 88, -127, 113, -108, 127, -84, 127, -62, 127, -47, 127, -35, 127, -23, 127, -5, 127, 17, 127, 31, 127, 40, 127, 53, 127, 68, 127]",esp32_2
CSI_DATA,201229,2025-07-23 16:41:20.899,0,walk,00:00:00:00:00:00,-61,11,0,0,0,0,0,0,0,0,0,-97,0,1,0,2268207876,0,14,0,0,0,104,0,"[0, 0, 5, -62, -30, -51, -63, -45, -91, -45, -116, -46, -128, -48, -128, -51, -128, -56, -128, -62, -128, -68, -128, -71, -128, -71, -128, -70, -128, -66, -128, -58, -128, -48, -123, -37, -118, -25, -114, -12, -112, -1, -114, 6, -116, 12, -118, 14, -121, 13, -122, 10, 72, -32, 84, -28, 97, -20, 107, -11, 113, -3, 113, 4, 106, 10, 96, 13, 84, 10, 71, 0, 56, -18, 45, -38, 40, -60, 39, -86, 39, -114, 42, -128, 52, -128, 67, -128, 84, -128, 99, -128, 110, -128, 120, -128, 124, -128, 119, -128, 107, -128, 97, -123]",esp32_1
CSI_DATA,100368,2025-07-23 16:41:20.967,0,walk,00:00:00:00:00:00,-74,11,0,0,0,0,0,0,0,0,0,-97,0,1,0,888465680,0,14,0,0,0,104,0,"[0, 0, -128, -38, -128, -49, -128, -73, -128, -98, -128, -114, -128, -126, -128, -128, -128, -128, -128, -128, -128, -128, -128, -128, -119, -128, -109, -128, -99, -128, -87, -128, -67, -128, -50, -128, -36, -128, -17, -128, 1, -128, 14, -128, 26, -108, 33, -77, 38, -46, 43, -21, 127, 27, 127, 20, 127, 11, 127, -3, 127, -17, 127, -38, 120, -61, 104, -79, 86, -98, 67, -115, 44, -126, 19, -128, 1, -128, -16, -128, -42, -128, -70, -128, -90, -128, -102, -119, -110, -104, -118, -94, -128, -74, -128, -55, -128, -48, -128, -43, -128, -37, -128, -33]",esp32_2
CSI_DATA,201232,2025-07-23 16:41:21.008,0,walk,00:00:00:00:00:00,-61,11,0,0,0,0,0,0,0,0,0,-97,0,1,0,2268304371,0,14,0,0,0,104,0,"[0, 0, -32, 53, 5, 56, 39, 61, 65, 73, 87, 86, 106, 97, 121, 106, 127, 114, 127, 120, 127, 126, 127, 127, 127, 127, 122, 127, 116, 119, 108, 106, 103, 92, 98, 77, 96, 63, 98, 51, 101, 41, 105, 34, 108, 30, 109, 29, 111, 30, 112, 34, -78, -1, -89, -9, -99, -23, -104, -35, -105, -44, -101, -51, -93, -55, -84, -53, -74, -46, -66, -33, -58, -11, -56, 13, -61, 35, -71, 59, -82, 84, -94, 106, -113, 123, -128, 127, -128, 127, -128, 127, -128, 127, -128, 127, -128, 117, -128, 104, -128, 88, -128, 74]",esp32_1
CSI_DATA,201233,2025-07-23 16:41:21.029,0,walk,00:00:00:00:00:00,-61,11,0,0,0,0,0,0,0,0,0,-97,0,1,0,2268333786,0,14,0,0,0,104,0,"[0, 0, 55, 25, 56, -11, 64, -45, 71, -74, 78, -97, 88, -116, 100, -128, 112, -128, 122, -128, 127, -128, 127, -128, 127, -128, 124, -128, 116, -126, 104, -118, 89, -110, 76, -104, 63, -103, 49, -105, 37, -108, 28, -109, 24, -112, 23, -114, 26, -118, 30, -120, -1, 83, -6, 91, -14, 99, -25, 106, -37, 109, -47, 107, -52, 101, -50, 93, -43, 81, -30, 70, -11, 64, 13, 60, 39, 59, 65, 65, 89, 76, 110, 92, 127, 109, 127, 126, 127, 127, 127, 127, 127, 127, 127, 127, 127, 127, 115, 127, 98, 127, 87, 127]",esp32_1
CSI_DATA,201234,2025-07-23 16:41:21.050,0,walk,00:00:00:00:00:00,-61,11,0,0,0,0,0,0,0,0,0,-97,0,1,0,2268376587,0,14,0,0,0,104,0,"[0, 0, 42, 47, 55, 13, 74, -18, 93, -46, 110, -68, 125, -84, 127, -95, 127, -100, 127, -101, 127, -101, 127, -100, 127, -97, 127, -91, 127, -83, 127, -77, 124, -74, 107, -75, 94, -81, 82, -86, 71, -92, 63, -97, 58, -99, 59, -101, 64, -106, 68, -109, -35, 80, -44, 86, -55, 90, -68, 91, -79, 90, -87, 86, -88, 78, -83, 69, -71, 60, -53, 55, -33, 56, -11, 60, 13, 68, 37, 85, 57, 107, 72, 127, 83, 127, 90, 127, 94, 127, 91, 127, 82, 127, 71, 127, 59, 127, 49, 127, 40, 127, 35, 127]",esp32_1
CSI_DATA,100370,2025-07-23 16:41:21.050,0,walk,00:00:00:00:00:00,-74,11,0,0,0,0,0,0,0,0,0,-97,0,1,0,888527730,0,14,0,0,0,104,0,"[0, 0, 127, 103, 127, 122, 127, 127, 113, 127, 102, 127, 96, 127, 90, 127, 85, 127, 76, 127, 65, 127, 62, 127, 55, 127, 36, 127, 21, 127, 10, 127, -4, 127, -21, 127, -33, 127, -42, 127, -46, 127, -47, 127, -49, 96, -55, 62, -58, 29, -57, 2, -106, -100, -112, -99, -118, -92, -128, -77, -128, -61, -128, -45, -128, -24, -128, 1, -128, 28, -127, 56, -109, 85, -99, 108, -89, 127, -65, 127, -40, 127, -17, 127, 6, 127, 29, 127, 54, 127, 77, 127, 92, 127, 98, 124, 101, 121, 109, 106, 118, 101, 120, 106]",esp32_2
CSI_DATA,201235,2025-07-23 16:41:21.071,0,walk,00:00:00:00:00:00,-61,11,0,0,0,0,0,0,0,0,0,-97,0,1,0,2268412732,0,14,0,0,0,104,0,"[0, 0, -49, 33, -17, 49, 10, 68, 35, 91, 55, 111, 72, 127, 84, 127, 88, 127, 83, 127, 77, 127, 75, 127, 74, 127, 73, 127, 71, 127, 69, 127, 68, 122, 69, 106, 73, 90, 79, 76, 86, 66, 92, 60, 96, 57, 98, 59, 99, 63, 99, 67, -63, -54, -66, -66, -68, -81, -68, -93, -63, -101, -53, -102, -46, -100, -42, -93, -39, -81, -37, -65, -39, -46, -52, -26, -71, -8, -94, 12, -118, 32, -128, 44, -128, 50, -128, 52, -128, 50, -128, 47, -128, 40, -128, 30, -128, 14, -128, 2, -128, -4, -128, -7]",esp32_1
CSI_DATA,100371,2025-07-23 16:41:21.081,0,walk,00:00:00:00:00:00,-75,11,0,0,0,0,0,0,0,0,0,-97,0,1,0,888564358,0,14,0,0,0,104,0,"[0, 0, 103, 127, 99, 127, 93, 127, 81, 127, 68, 127, 61, 127, 53, 127, 43, 127, 35, 127, 17, 127, -4, 127, -17, 127, -26, 127, -39, 127, -50, 127, -61, 127, -72, 127, -78, 127, -76, 127, -73, 127, -74, 115, -75, 87, -69, 55, -60, 23, -58, 1, -85, -113, -93, -111, -103, -107, -117, -96, -127, -80, -127, -60, -127, -33, -128, -8, -128, 15, -127, 42, -121, 70, -109, 92, -94, 109, -78, 127, -64, 127, -45, 127, -19, 127, 2, 127, 17, 127, 33, 127, 52, 127, 69, 127, 80, 127, 89, 123, 101, 117, 113, 119]",esp32_2
CSI_DATA,201236,2025-07-23 16:41:21.101,0,walk,00:00:00:00:00:00,-61,11,0,0,0,0,0,0,0,0,0,-97,0,1,0,2268438552,0,14,0,0,0,104,0,"[0, 0, 43, -37, 13, -53, -12, -71, -35, -94, -52, -115, -64, -128, -73, -128, -78, -128, -77, -128, -76, -128, -76, -128, -71, -128, -64, -128, -59, -128, -58, -128, -58, -128, -58, -112, -62, -99, -67, -89, -74, -80, -81, -74, -87, -71, -89, -70, -89, -73, -88, -77, 66, 36, 72, 46, 77, 61, 78, 74, 74, 82, 66, 87, 57, 88, 50, 83, 47, 71, 47, 53, 49, 33, 57, 12, 74, -8, 94, -26, 113, -42, 127, -55, 127, -63, 127, -66, 127, -64, 127, -56, 127, -47, 127, -36, 127, -25, 127, -17, 127, -11, 127, -7]",esp32_1
CSI_DATA,100372,2025-07-23 16:41:21.108,0,walk,00:00:00:00:00:00,-74,11,0,0,0,0,0,0,0,0,0,-97,0,1,0,888588823,0,14,0,0,0,104,0,"[0, 0, -21, 107, -27, 102, -39, 104, -58, 111, -70, 117, -79, 118, -88, 116, -98, 112, -113, 106, -127, 104, -128, 103, -128, 99, -128, 95, -128, 88, -128, 78, -128, 66, -128, 54, -127, 44, -117, 32, -105, 17, -88, 7, -66, -4, -45, -17, -28, -26, -16, -27, 7, -84, 3, -88, -3, -91, -13, -93, -25, -92, -39, -84, -52, -74, -61, -66, -69, -55, -78, -43, -85, -32, -90, -17, -98, -2, -102, 12, -98, 29, -90, 45, -83, 58, -76, 67, -64, 76, -52, 83, -44, 85, -37, 91, -26, 99, -15, 97, -8, 87, -6, 82]",esp32_2
CSI_DATA,201237,2025-07-23 16:41:21.122,0,walk,00:00:00:00:00:00,-61,11,0,0,0,0,0,0,0,0,0,-97,0,1,0,2268472345,0,14,0,0,0,104,0,"[0, 0, -4, -58, -35, -40, -68, -30, -97, -20, -121, -12, -128, -8, -128, -9, -128, -16, -128, -24, -128, -29, -128, -30, -128, -30, -128, -30, -128, -27, -128, -20, -128, -13, -127, -4, -120, 7, -114, 19, -106, 29, -102, 37, -103, 41, -106, 42, -110, 41, -112, 40, 70, -39, 82, -38, 94, -35, 103, -29, 111, -20, 114, -11, 110, -3, 102, 0, 90, -2, 74, -8, 59, -20, 45, -37, 31, -60, 21, -87, 19, -115, 22, -128, 30, -128, 37, -128, 44, -128, 54, -128, 66, -128, 77, -128, 89, -128, 90, -128, 81, -128, 74, -128]",esp32_1
CSI_DATA,100373,2025-07-23 16:41:21.134,0,walk,00:00:00:00:00:00,-74,11,0,0,0,0,0,0,0,0,0,-97,0,1,0,888637167,0,14,0,0,0,104,0,"[0, 0, -128, -44, -128, -60, -128, -86, -128, -109, -128, -128, -128, -128, -128, -128, -128, -128, -128, -128, -128, -128, -128, -128, -123, -128, -108, -128, -88, -128, -75, -128, -64, -128, -48, -128, -26, -128, -3, -128, 18, -128, 29, -127, 32, -99, 40, -63, 52, -25, 58, 2, 127, -4, 127, -9, 127, -20, 127, -33, 127, -49, 127, -64, 123, -75, 102, -93, 87, -117, 67, -128, 44, -128, 22, -128, 2, -128, -22, -128, -53, -128, -84, -128, -103, -128, -121, -128, -128, -114, -128, -95, -128, -79, -128, -57, -128, -37, -128, -25, -128, -24, -128, -22]",esp32_2
CSI_DATA,201238,2025-07-23 16:41:21.145,0,walk,00:00:00:00:00:00,-61,11,0,0,0,0,0,0,0,0,0,-97,0,1,0,2268498826,0,14,0,0,0,104,0,"[0, 0, 56, 12, 49, -22, 50, -56, 50, -89, 49, -116, 51, -128, 58, -128, 70, -128, 82, -128, 95, -128, 103, -128, 102, -128, 96, -128, 89, -128, 79, -128, 64, -123, 50, -115, 36, -112, 22, -111, 10, -110, 2, -110, 1, -109, 5, -110, 8, -116, 9, -119, 5, 77, 4, 87, -1, 96, -8, 103, -17, 107, -25, 107, -28, 102, -26, 94, -21, 83, -11, 71, 2, 63, 22, 59, 48, 57, 79, 58, 105, 63, 124, 75, 127, 90, 127, 104, 127, 114, 127, 120, 127, 127, 127, 127, 127, 127, 127, 127, 113, 127, 102, 122]",esp32_1
CSI_DATA,100374,2025-07-23 16:41:21.162,0,walk,00:00:00:00:00:00,-75,11,0,0,0,0,0,0,0,0,0,-97,0,1,0,888674037,0,14,0,0,0,104,0,"[0, 0, 127, 69, 127, 82, 127, 100, 127, 115, 127, 127, 127, 127, 127, 127, 127, 127, 127, 127, 127, 127, 127, 127, 127, 127, 116, 127, 104, 127, 90, 127, 75, 127, 57, 127, 35, 127, 16, 127, 3, 127, -12, 127, -30, 109, -41, 74, -45, 38, -47, 18, -128, -49, -128, -44, -128, -37, -128, -27, -128, -11, -128, 15, -128, 43, -127, 69, -115, 92, -96, 107, -70, 123, -48, 127, -26, 127, 0, 127, 24, 127, 42, 127, 64, 127, 86, 127, 99, 127, 111, 114, 124, 93, 127, 79, 127, 69, 127, 55, 127, 47, 127, 48]",esp32_2
CSI_DATA,201239,2025-07-23 16:41:21.168,0,walk,00:00:00:00:00:00,-61,11,0,0,0,0,0,0,0,0,0,-97,0,1,0,2268533461,0,14,0,0,0,104,0,"[0, 0, -25, 56, 12, 56, 45, 59, 73, 67, 95, 75, 115, 83, 127, 93, 127, 100, 127, 107, 127, 113, 127, 118, 127, 119, 127, 115, 126, 108, 119, 96, 111, 84, 104, 71, 101, 56, 101, 43, 102, 32, 106, 25, 110, 21, 112, 20, 112, 21, 112, 23, -79, 7, -90, 0, -102, -11, -109, -23, -112, -32, -109, -39, -100, -43, -91, -44, -81, -38, -71, -26, -61, -6, -56, 17, -58, 39, -65, 63, -73, 89, -83, 114, -99, 127, -119, 127, -128, 127, -128, 127, -128, 127, -128, 127, -128, 127, -128, 119, -128, 100, -128, 85]",esp32_1
CSI_DATA,201240,2025-07-23 16:41:21.193,0,walk,00:00:00:00:00:00,-61,11,0,0,0,0,0,0,0,0,0,-97,0,1,0,2268557860,0,14,0,0,0,104,0,"[0, 0, -8, -71, -46, -45, -86, -23, -119, -8, -128, -1, -128, 7, -128, 10, -128, 6, -128, 2, -128, -2, -128, -6, -128, -5, -128, -8, -128, -14, -128, -11, -128, 3, -128, 16, -128, 29, -128, 44, -128, 57, -125, 64, -120, 71, -119, 78, -124, 80, -128, 80, 95, -49, 111, -43, 125, -33, 127, -24, 127, -14, 127, -3, 127, 5, 125, 7, 109, 4, 86, -7, 63, -27, 46, -51, 34, -79, 27, -115, 24, -128, 27, -128, 35, -128, 45, -128, 58, -128, 71, -128, 85, -128, 100, -128, 105, -128, 104, -128, 98, -128, 88, -128]",esp32_1
CSI_DATA,100375,2025-07-23 16:41:21.193,0,walk,00:00:00:00:00:00,-75,11,0,0,0,0,0,0,0,0,0,-97,0,1,0,888713794,0,14,0,0,0,104,0,"[0, 0, 20, 127, 16, 127, 1, 127, -18, 127, -40, 127, -61, 127, -74, 127, -84, 127, -99, 127, -121, 127, -128, 127, -128, 127, -128, 127, -128, 127, -128, 127, -128, 127, -128, 127, -128, 127, -128, 106, -128, 82, -120, 60, -104, 35, -87, 9, -67, -16, -49, -33, -32, -128, -36, -128, -48, -128, -61, -128, -75, -128, -89, -112, -100, -90, -113, -69, -128, -48, -128, -26, -128, -2, -128, 24, -128, 52, -128, 76, -119, 94, -105, 110, -90, 126, -67, 127, -49, 127, -36, 127, -15, 127, -1, 127, 10, 127, 27, 127, 35, 127, 34, 127]",esp32_2
CSI_DATA,201241,2025-07-23 16:41:21.214,0,walk,00:00:00:00:00:00,-61,11,0,0,0,0,0,0,0,0,0,-97,0,1,0,2268583293,0,14,0,0,0,104,0,"[0, 0, -56, -24, -57, 9, -62, 39, -68, 65, -74, 89, -83, 108, -92, 121, -102, 127, -110, 127, -116, 127, -117, 127, -115, 127, -111, 127, -106, 120, -97, 112, -85, 106, -71, 101, -59, 99, -47, 99, -37, 99, -29, 102, -25, 105, -25, 108, -28, 110, -30, 108, -6, -80, 1, -89, 9, -99, 18, -107, 30, -110, 40, -107, 46, -98, 46, -87, 38, -76, 25, -66, 8, -60, -14, -57, -40, -55, -65, -59, -87, -69, -107, -83, -125, -102, -128, -119, -128, -128, -128, -128, -128, -128, -128, -128, -125, -128, -112, -128, -95, -128, -83, -125]",esp32_1
CSI_DATA,100376,2025-07-23 16:41:21.224,0,walk,00:00:00:00:00:00,-75,11,0,0,0,0,0,0,0,0,0,-97,0,1,0,888742397,0,14,0,0,0,104,0,"[0, 0, -128, -41, -128, -54, -128, -68, -128, -86, -128, -105, -128, -124, -128, -128, -128, -128, -128, -128, -128, -128, -128, -128, -128, -128, -128, -128, -128, -128, -128, -128, -109, -128, -83, -128, -63, -128, -50, -128, -33, -128, -15, -128, 2, -110, 19, -74, 32, -45, 41, -25, 127, 51, 127, 41, 127, 28, 127, 12, 127, -3, 127, -19, 127, -41, 125, -63, 112, -86, 89, -108, 58, -120, 33, -124, 18, -128, -2, -128, -27, -128, -48, -128, -69, -128, -91, -128, -104, -111, -112, -97, -125, -80, -128, -60, -128, -46, -128, -36, -128, -33, -128, -35]",esp32_2
CSI_DATA,201242,2025-07-23 16:41:21.234,0,walk,00:00:00:00:00:00,-61,11,0,0,0,0,0,0,0,0,0,-97,0,1,0,2268631812,0,14,0,0,0,104,0,"[0, 0, -60, -12, -53, 23, -50, 55, -53, 84, -58, 108, -61, 127, -68, 127, -75, 127, -76, 127, -78, 127, -81, 127, -81, 127, -80, 127, -77, 127, -70, 127, -56, 121, -45, 115, -35, 111, -23, 108, -11, 108, -1, 106, 7, 104, 9, 107, 7, 112, 4, 115, -15, -79, -11, -90, -4, -100, 6, -108, 17, -113, 28, -111, 35, -102, 36, -92, 29, -81, 13, -69, -4, -60, -25, -52, -51, -46, -81, -48, -107, -54, -127, -64, -128, -79, -128, -94, -128, -110, -128, -125, -128, -128, -128, -128, -128, -128, -128, -128, -127, -121, -112, -110]",esp32_1
CSI_DATA,100377,2025-07-23 16:41:21.252,0,walk,00:00:00:00:00:00,-74,11,0,0,0,0,0,0,0,0,0,-97,0,1,0,888774207,0,14,0,0,0,104,0,"[0, 0, 99, 127, 92, 127, 76, 127, 61, 127, 53, 127, 45, 127, 35, 127, 27, 127, 18, 127, 8, 127, -7, 127, -31, 127, -50, 127, -58, 127, -64, 127, -75, 127, -88, 127, -96, 127, -95, 127, -90, 127, -92, 111, -90, 84, -78, 54, -65, 20, -60, -10, -79, -123, -84, -126, -95, -120, -111, -106, -124, -91, -128, -77, -128, -57, -128, -34, -128, -7, -128, 26, -128, 59, -117, 82, -100, 101, -84, 120, -65, 127, -40, 127, -20, 127, -2, 127, 19, 127, 35, 127, 52, 127, 71, 127, 83, 127, 93, 125, 105, 126, 116, 127]",esp32_2
CSI_DATA,201243,2025-07-23 16:41:21.255,0,walk,00:00:00:00:00:00,-61,11,0,0,0,0,0,0,0,0,0,-97,0,1,0,2268677452,0,14,0,0,0,104,0,"[0, 0, -10, 62, 23, 54, 53, 52, 78, 54, 101, 56, 122, 60, 127, 66, 127, 73, 127, 78, 127, 83, 127, 87, 127, 88, 127, 87, 127, 82, 127, 73, 120, 63, 112, 52, 107, 41, 105, 29, 104, 19, 106, 12, 109, 9, 111, 8, 112, 10, 112, 13, -75, 28, -85, 25, -99, 17, -110, 8, -116, 0, -114, -8, -106, -16, -96, -20, -85, -17, -73, -7, -60, 9, -50, 30, -45, 52, -46, 77, -48, 103, -54, 127, -66, 127, -81, 127, -96, 127, -110, 127, -121, 127, -128, 127, -128, 127, -128, 127, -115, 125, -100, 109]",esp32_1
CSI_DATA,201244,2025-07-23 16:41:21.278,0,walk,00:00:00:00:00:00,-61,11,0,0,0,0,0,0,0,0,0,-97,0,1,0,2268703180,0,14,0,0,0,104,0,"[0, 0, -51, -37, -59, -4, -72, 27, -84, 54, -96, 76, -107, 92, -120, 103, -128, 111, -128, 114, -128, 116, -128, 116, -128, 112, -128, 106, -128, 100, -123, 94, -108, 89, -94, 87, -80, 88, -67, 91, -58, 94, -50, 96, -46, 100, -46, 103, -50, 106, -52, 105, 14, -82, 22, -89, 33, -96, 45, -101, 57, -101, 66, -97, 69, -88, 65, -79, 55, -70, 39, -63, 20, -62, -3, -61, -28, -63, -54, -74, -77, -91, -95, -113, -110, -128, -119, -128, -124, -128, -122, -128, -114, -128, -104, -128, -93, -128, -81, -128, -68, -128, -59, -128]",esp32_1
CSI_DATA,201245,2025-07-23 16:41:21.306,0,walk,00:00:00:00:00:00,-61,11,0,0,0,0,0,0,0,0,0,-97,0,1,0,2268745263,0,14,0,0,0,104,0,"[0, 0, -66, 30, -42, 55, -23, 80, -8, 108, 3, 127, 10, 127, 12, 127, 12, 127, 9, 127, 6, 127, 3, 127, 0, 127, -2, 127, -2, 127, 1, 127, 7, 127, 13, 127, 22, 122, 31, 114, 40, 107, 48, 105, 53, 106, 56, 106, 55, 108, 53, 110, -65, -53, -68, -66, -71, -82, -71, -96, -65, -106, -53, -110, -42, -108, -33, -101, -30, -88, -35, -71, -43, -50, -56, -30, -77, -12, -102, 3, -127, 14, -128, 20, -128, 22, -128, 18, -128, 11, -128, 1, -128, -10, -128, -23, -128, -33, -128, -35, -128, -34, -128, -34]",esp32_1
CSI_DATA,100379,2025-07-23 16:41:21.326,0,walk,00:00:00:00:00:00,-75,11,0,0,0,0,0,0,0,0,0,-97,0,1,0,888823990,0,14,0,0,0,104,0,"[0, 0, 62, -83, 72, -85, 82, -82, 96, -73, 111, -65, 125, -63, 127, -62, 127, -60, 127, -58, 127, -58, 127, -53, 127, -42, 127, -29, 127, -22, 127, -15, 127, -2, 127, 13, 126, 23, 111, 27, 94, 28, 74, 31, 56, 34, 38, 33, 20, 30, 5, 29, -50, 82, -49, 83, -44, 84, -35, 86, -24, 91, -13, 93, -3, 90, 10, 84, 29, 80, 48, 71, 63, 57, 76, 41, 85, 28, 91, 14, 97, 1, 95, -10, 93, -24, 95, -37, 89, -50, 78, -62, 71, -67, 63, -72, 55, -78, 51, -82, 50, -87, 46, -88]",esp32_2
CSI_DATA,201246,2025-07-23 16:41:21.327,0,walk,00:00:00:00:00:00,-61,11,0,0,0,0,0,0,0,0,0,-97,0,1,0,2268775302,0,14,0,0,0,104,0,"[0, 0, -23, 64, 10, 61, 42, 60, 69, 67, 92, 77, 110, 84, 124, 92, 127, 97, 127, 98, 127, 101, 127, 107, 127, 113, 127, 114, 122, 107, 113, 97, 105, 84, 100, 71, 98, 61, 98, 49, 100, 39, 102, 32, 102, 26, 105, 24, 109, 27, 110, 30, -76, 18, -88, 13, -100, 3, -109, -7, -112, -16, -110, -24, -103, -30, -92, -31, -81, -27, -70, -14, -60, 4, -52, 24, -52, 48, -59, 75, -66, 98, -75, 118, -89, 127, -105, 127, -122, 127, -128, 127, -128, 127, -128, 127, -128, 127, -128, 127, -128, 112, -117, 98]",esp32_1
CSI_DATA,100380,2025-07-23 16:41:21.348,0,walk,00:00:00:00:00:00,-74,11,0,0,0,0,0,0,0,0,0,-97,0,1,0,888910017,0,14,0,0,0,104,0,"[0, 0, 85, -78, 96, -80, 106, -80, 118, -76, 127, -68, 127, -63, 127, -60, 127, -56, 127, -50, 127, -42, 127, -37, 127, -32, 127, -21, 127, -9, 127, -1, 127, 8, 127, 18, 127, 23, 123, 26, 106, 32, 87, 36, 66, 39, 45, 39, 23, 36, 3, 35, -74, 56, -74, 62, -70, 70, -62, 76, -50, 81, -37, 86, -25, 90, -5, 93, 15, 93, 29, 87, 44, 78, 59, 67, 74, 55, 86, 42, 94, 28, 93, 15, 93, -1, 94, -17, 91, -28, 84, -39, 77, -49, 73, -57, 71, -65, 67, -71, 66, -76, 71, -81]",esp32_2
CSI_DATA,201247,2025-07-23 16:41:21.356,0,walk,00:00:00:00:00:00,-61,11,0,0,0,0,0,0,0,0,0,-97,0,1,0,2268800164,0,14,0,0,0,104,0,"[0, 0, 21, -60, -15, -59, -48, -63, -77, -74, -98, -86, -115, -95, -128, -104, -128, -108, -128, -108, -128, -111, -128, -117, -128, -120, -128, -118, -128, -112, -122, -100, -113, -83, -108, -68, -107, -59, -105, -47, -106, -36, -108, -29, -111, -22, -113, -18, -116, -21, -119, -25, 79, -7, 90, 1, 102, 14, 110, 26, 111, 35, 105, 43, 96, 46, 87, 45, 77, 39, 66, 22, 58, 0, 54, -22, 58, -46, 67, -75, 76, -101, 88, -124, 106, -128, 125, -128, 127, -128, 127, -128, 127, -128, 127, -128, 127, -128, 127, -121, 127, -105, 127, -93]",esp32_1
CSI_DATA,100381,2025-07-23 16:41:21.370,0,walk,00:00:00:00:00:00,-75,11,0,0,0,0,0,0,0,0,0,-97,0,1,0,888933798,0,14,0,0,0,104,0,"[0, 0, -128, -6, -128, -19, -128, -36, -128, -56, -128, -78, -128, -96, -128, -104, -128, -118, -128, -128, -128, -128, -128, -128, -128, -128, -128, -128, -128, -128, -128, -128, -128, -128, -121, -128, -97, -128, -78, -128, -57, -128, -33, -128, -11, -110, 10, -81, 26, -50, 36, -33, 127, -2, 127, -17, 127, -30, 127, -38, 127, -55, 127, -75, 115, -93, 92, -110, 69, -127, 51, -128, 23, -128, -8, -128, -27, -128, -47, -128, -72, -126, -98, -117, -121, -108, -128, -92, -128, -64, -128, -37, -128, -22, -128, -12, -128, 5, -128, 17, -128, 15, -128, 11]",esp32_2
CSI_DATA,201248,2025-07-23 16:41:21.380,0,walk,00:00:00:00:00:00,-61,11,0,0,0,0,0,0,0,0,0,-97,0,1,0,2268825558,0,14,0,0,0,104,0,"[0, 0, 61, -48, 28, -71, -3, -98, -32, -128, -55, -128, -71, -128, -82, -128, -83, -128, -73, -128, -63, -128, -60, -128, -61, -128, -61, -128, -57, -128, -54, -128, -56, -128, -63, -128, -74, -128, -84, -117, -93, -106, -101, -100, -102, -97, -101, -100, -102, -107, -103, -111, 83, 51, 91, 66, 97, 84, 97, 102, 91, 114, 82, 120, 72, 114, 64, 105, 56, 94, 52, 75, 53, 52, 64, 26, 88, 0, 120, -24, 127, -46, 127, -62, 127, -70, 127, -70, 127, -72, 127, -70, 127, -59, 127, -43, 127, -21, 127, -3, 127, 2, 127, 3]",esp32_1
CSI_DATA,100382,2025-07-23 16:41:21.391,0,walk,00:00:00:00:00:00,-74,11,0,0,0,0,0,0,0,0,0,-97,0,1,0,888981506,0,14,0,0,0,104,0,"[0, 0, -128, -118, -128, -128, -128, -128, -124, -128, -114, -128, -106, -128, -107, -128, -110, -128, -106, -128, -95, -128, -80, -128, -65, -128, -56, -128, -46, -128, -33, -128, -16, -128, 2, -128, 15, -128, 24, -128, 32, -128, 38, -128, 45, -113, 52, -80, 55, -46, 58, -21, 85, 115, 94, 108, 104, 102, 119, 95, 127, 77, 127, 55, 127, 34, 127, 6, 127, -21, 127, -43, 113, -70, 99, -95, 84, -109, 71, -120, 52, -128, 20, -128, -6, -128, -26, -128, -45, -128, -64, -120, -77, -107, -83, -100, -94, -97, -105, -92, -112, -94, -117, -103]",esp32_2
CSI_DATA,201249,2025-07-23 16:41:21.410,0,walk,00:00:00:00:00:00,-61,11,0,0,0,0,0,0,0,0,0,-97,0,1,0,2268860214,0,14,0,0,0,104,0,"[0, 0, -2, 58, 32, 45, 66, 36, 94, 35, 117, 35, 127, 35, 127, 37, 127, 39, 127, 41, 127, 44, 127, 48, 127, 50, 127, 49, 127, 44, 127, 37, 127, 28, 127, 17, 119, 6, 114, -6, 111, -16, 111, -23, 111, -28, 109, -32, 110, -33, 112, -31, -81, 28, -93, 22, -105, 13, -114, 3, -119, -6, -117, -13, -109, -19, -98, -20, -86, -15, -70, -5, -55, 15, -44, 37, -39, 60, -37, 88, -39, 118, -46, 127, -58, 127, -71, 127, -85, 127, -100, 127, -114, 127, -122, 127, -124, 127, -118, 127, -106, 127, -93, 126]",esp32_1
CSI_DATA,100383,2025-07-23 16:41:21.416,0,walk,00:00:00:00:00:00,-75,11,0,0,0,0,0,0,0,0,0,-97,0,1,0,888981916,0,14,0,0,0,104,0,"[0, 0, -128, 60, -128, 50, -128, 40, -128, 31, -128, 19, -128, 9, -128, -1, -128, -15, -128, -34, -128, -51, -128, -62, -128, -69, -128, -81, -128, -98, -128, -107, -128, -111, -128, -118, -128, -124, -128, -119, -128, -108, -101, -103, -72, -103, -43, -92, -17, -72, 7, -56, 127, -43, 127, -49, 127, -57, 124, -71, 115, -83, 105, -96, 86, -113, 57, -128, 30, -128, 8, -128, -17, -128, -42, -128, -64, -123, -89, -107, -106, -92, -113, -79, -124, -62, -128, -38, -128, -14, -128, 7, -128, 26, -128, 41, -128, 53, -128, 63, -128, 65, -128, 61]",esp32_2
CSI_DATA,100384,2025-07-23 16:41:21.437,0,walk,00:00:00:00:00:00,-74,11,0,0,0,0,0,0,0,0,0,-97,0,1,0,889017760,0,14,0,0,0,104,0,"[0, 0, -128, 106, -128, 106, -128, 102, -128, 100, -128, 92, -128, 78, -128, 68, -128, 59, -128, 46, -128, 36, -128, 29, -128, 16, -128, -1, -128, -18, -128, -31, -128, -45, -128, -62, -128, -68, -128, -68, -128, -73, -118, -79, -82, -77, -58, -70, -35, -65, -14, -61, 123, -91, 119, -99, 108, -108, 97, -116, 84, -124, 62, -128, 37, -128, 13, -128, -13, -128, -37, -128, -62, -128, -89, -115, -112, -94, -126, -76, -128, -58, -128, -37, -128, -19, -128, 3, -128, 30, -128, 50, -124, 62, -117, 74, -112, 87, -107, 94, -103, 98, -101, 104]",esp32_2
CSI_DATA,201250,2025-07-23 16:41:21.441,0,walk,00:00:00:00:00:00,-61,11,0,0,0,0,0,0,0,0,0,-97,0,1,0,2268886167,0,14,0,0,0,104,0,"[0, 0, -73, 3, -60, 36, -51, 69, -45, 101, -43, 127, -43, 127, -47, 127, -55, 127, -60, 127, -63, 127, -64, 127, -66, 127, -65, 127, -61, 127, -55, 127, -45, 127, -33, 127, -20, 126, -7, 122, 5, 118, 14, 116, 18, 116, 20, 117, 19, 122, 15, 124, -30, -82, -31, -94, -29, -108, -21, -117, -7, -124, 5, -125, 12, -119, 15, -107, 10, -93, 0, -77, -15, -65, -37, -53, -65, -42, -96, -36, -124, -37, -128, -43, -128, -56, -128, -70, -128, -82, -128, -95, -128, -106, -128, -116, -128, -121, -128, -116, -128, -105, -128, -96]",esp32_1
CSI_DATA,100385,2025-07-23 16:41:21.457,0,walk,00:00:00:00:00:00,-74,11,0,0,0,0,0,0,0,0,0,-97,0,1,0,889077687,0,14,0,0,0,104,0,"[0, 0, 66, -128, 81, -128, 99, -128, 118, -128, 127, -128, 127, -128, 127, -128, 127, -128, 127, -128, 127, -128, 127, -128, 127, -128, 127, -128, 127, -128, 127, -128, 127, -117, 127, -95, 127, -74, 127, -55, 127, -35, 127, -13, 127, 3, 103, 15, 75, 26, 55, 32, -77, 127, -77, 127, -68, 127, -49, 127, -25, 127, -5, 127, 15, 127, 40, 127, 66, 127, 92, 103, 115, 80, 127, 52, 127, 23, 127, 1, 127, -22, 127, -46, 127, -67, 112, -88, 105, -108, 102, -120, 87, -128, 63, -128, 44, -128, 37, -128, 39, -128, 40, -128]",esp32_2
CSI_DATA,100386,2025-07-23 16:41:21.484,0,walk,00:00:00:00:00:00,-74,11,0,0,0,0,0,0,0,0,0,-97,0,1,0,889103134,0,14,0,0,0,104,0,"[0, 0, -128, 30, -128, 23, -128, 14, -128, 2, -128, -12, -128, -26, -128, -44, -128, -63, -128, -73, -128, -77, -128, -86, -128, -100, -128, -119, -128, -128, -128, -128, -128, -128, -128, -128, -128, -128, -121, -128, -99, -127, -76, -113, -51, -96, -30, -78, -9, -62, 9, -48, 127, -2, 127, -9, 127, -22, 127, -38, 126, -57, 116, -75, 100, -92, 80, -106, 59, -119, 37, -128, 8, -128, -21, -127, -40, -114, -61, -105, -87, -94, -102, -81, -110, -73, -122, -58, -128, -34, -128, -11, -128, 4, -128, 12, -128, 25, -128, 37, -126, 38, -127, 39]",esp32_2
CSI_DATA,100387,2025-07-23 16:41:21.505,0,walk,00:00:00:00:00:00,-74,11,0,0,0,0,0,0,0,0,0,-97,0,1,0,889137668,0,14,0,0,0,104,0,"[0, 0, 104, 127, 105, 127, 100, 127, 90, 127, 78, 127, 66, 127, 58, 127, 56, 127, 46, 127, 24, 127, 4, 127, -8, 127, -14, 127, -22, 127, -37, 127, -50, 127, -57, 127, -66, 127, -78, 127, -84, 127, -81, 119, -79, 92, -75, 63, -68, 28, -62, 3, -100, -117, -109, -113, -122, -111, -128, -102, -128, -90, -128, -74, -128, -49, -128, -19, -128, 9, -128, 31, -128, 56, -115, 86, -102, 106, -73, 119, -45, 127, -25, 127, 0, 127, 25, 127, 42, 127, 57, 127, 71, 116, 89, 112, 101, 120, 108, 121, 117, 115, 121, 114]",esp32_2
CSI_DATA,201252,2025-07-23 16:41:21.526,0,walk,00:00:00:00:00:00,-61,11,0,0,0,0,0,0,0,0,0,-97,0,1,0,2268996376,0,14,0,0,0,104,0,"[0, 0, 58, -54, 28, -73, 3, -92, -15, -116, -30, -128, -41, -128, -48, -128, -52, -128, -52, -128, -50, -128, -48, -128, -46, -128, -41, -128, -37, -128, -38, -128, -41, -128, -44, -128, -49, -121, -55, -111, -62, -102, -70, -98, -75, -96, -76, -96, -75, -98, -73, -101, 79, 28, 86, 39, 93, 54, 97, 68, 95, 80, 85, 87, 74, 88, 66, 84, 61, 72, 60, 55, 60, 33, 66, 8, 79, -15, 99, -35, 119, -52, 127, -66, 127, -76, 127, -80, 127, -76, 127, -67, 127, -57, 127, -46, 127, -36, 127, -28, 127, -22, 127, -16]",esp32_1
CSI_DATA,100388,2025-07-23 16:41:21.526,0,walk,00:00:00:00:00:00,-74,11,0,0,0,0,0,0,0,0,0,-97,0,1,0,889162134,0,14,0,0,0,104,0,"[0, 0, -124, 119, -128, 112, -128, 106, -128, 100, -128, 86, -128, 74, -128, 69, -128, 68, -128, 75, -128, 75, -128, 63, -128, 48, -128, 29, -128, 10, -128, -9, -128, -23, -128, -32, -128, -44, -128, -57, -128, -65, -122, -63, -87, -60, -58, -57, -34, -53, -19, -51, 103, -91, 112, -94, 107, -103, 93, -116, 79, -128, 64, -128, 47, -128, 20, -128, -9, -128, -40, -127, -68, -115, -91, -101, -117, -83, -128, -63, -128, -40, -128, -14, -128, 7, -128, 24, -128, 42, -128, 64, -118, 81, -111, 91, -100, 103, -86, 113, -86, 120, -92, 123]",esp32_2
CSI_DATA,100389,2025-07-23 16:41:21.550,0,walk,00:00:00:00:00:00,-74,11,0,0,0,0,0,0,0,0,0,-97,0,1,0,889213147,0,14,0,0,0,104,0,"[0, 0, -128, -16, -128, -26, -128, -46, -128, -61, -128, -73, -128, -87, -128, -103, -128, -122, -128, -128, -128, -128, -128, -128, -128, -128, -128, -128, -128, -128, -128, -128, -128, -128, -128, -128, -117, -128, -93, -128, -67, -128, -48, -128, -34, -125, -12, -98, 11, -74, 23, -56, 127, 29, 127, 21, 127, 6, 127, -13, 127, -32, 127, -47, 127, -65, 114, -87, 100, -107, 74, -121, 39, -128, 11, -128, -13, -126, -38, -125, -61, -121, -82, -112, -101, -99, -117, -75, -128, -50, -128, -35, -128, -25, -128, -12, -128, -1, -128, 5, -128, 4, -128, -1]",esp32_2
CSI_DATA,201253,2025-07-23 16:41:21.555,0,walk,00:00:00:00:00:00,-61,11,0,0,0,0,0,0,0,0,0,-97,0,1,0,2269030305,0,14,0,0,0,104,0,"[0, 0, -31, 56, 4, 63, 36, 71, 61, 86, 81, 100, 97, 111, 110, 120, 120, 127, 125, 127, 127, 127, 124, 127, 120, 127, 114, 127, 106, 127, 99, 117, 94, 103, 90, 89, 90, 77, 92, 65, 95, 54, 99, 46, 103, 41, 106, 40, 107, 41, 106, 43, -82, -8, -90, -18, -98, -32, -104, -45, -104, -54, -97, -60, -88, -61, -78, -58, -70, -50, -62, -34, -56, -10, -55, 15, -64, 39, -77, 62, -91, 85, -107, 107, -128, 122, -128, 127, -128, 127, -128, 127, -128, 119, -128, 110, -128, 100, -128, 89, -128, 75, -128, 65]",esp32_1
CSI_DATA,100390,2025-07-23 16:41:21.572,0,walk,00:00:00:00:00:00,-74,11,0,0,0,0,0,0,0,0,0,-97,0,1,0,889237115,0,14,0,0,0,104,0,"[0, 0, 127, 66, 127, 79, 127, 95, 127, 113, 127, 127, 127, 127, 127, 127, 127, 127, 127, 127, 127, 127, 127, 127, 127, 127, 127, 127, 127, 127, 127, 127, 110, 127, 85, 127, 67, 127, 49, 127, 28, 127, 10, 127, -2, 126, -14, 98, -27, 69, -39, 45, -128, -70, -128, -66, -128, -57, -128, -40, -128, -17, -128, 8, -128, 37, -128, 68, -117, 89, -94, 103, -68, 113, -47, 122, -20, 127, 10, 127, 30, 127, 48, 126, 70, 116, 92, 107, 109, 93, 121, 75, 127, 55, 127, 43, 127, 40, 127, 34, 127, 32, 127, 34]",esp32_2
CSI_DATA,201254,2025-07-23 16:41:21.582,0,walk,00:00:00:00:00:00,-61,11,0,0,0,0,0,0,0,0,0,-97,0,1,0,2269067363,0,14,0,0,0,104,0,"[0, 0, -36, 49, -4, 61, 24, 73, 50, 89, 72, 104, 89, 116, 98, 127, 102, 127, 104, 127, 105, 127, 104, 127, 102, 127, 97, 127, 90, 127, 84, 127, 81, 113, 80, 98, 80, 84, 83, 71, 88, 60, 94, 53, 98, 48, 100, 46, 101, 48, 102, 51, -74, -27, -81, -36, -89, -49, -93, -61, -90, -73, -83, -81, -74, -81, -64, -76, -55, -65, -51, -48, -51, -27, -56, -3, -67, 22, -84, 47, -101, 67, -118, 80, -128, 90, -128, 97, -128, 102, -128, 101, -128, 93, -128, 80, -128, 67, -128, 57, -128, 46, -128, 36]",esp32_1
CSI_DATA,100391,2025-07-23 16:41:21.596,0,walk,00:00:00:00:00:00,-74,11,0,0,0,0,0,0,0,0,0,-97,0,1,0,889262930,0,14,0,0,0,104,0,"[0, 0, -77, -128, -71, -128, -66, -128, -63, -128, -54, -128, -44, -128, -38, -128, -35, -128, -25, -128, -13, -128, -5, -128, 6, -128, 22, -128, 38, -128, 51, -128, 60, -128, 69, -128, 76, -128, 78, -128, 77, -128, 77, -124, 73, -97, 68, -67, 66, -35, 60, -14, 41, 127, 49, 127, 63, 127, 79, 127, 91, 116, 102, 102, 112, 85, 122, 57, 127, 25, 127, 1, 120, -21, 109, -47, 99, -73, 86, -93, 69, -111, 48, -122, 25, -126, 2, -128, -15, -128, -27, -127, -44, -124, -62, -119, -70, -113, -78, -109, -84, -117, -83, -128]",esp32_2
CSI_DATA,201255,2025-07-23 16:41:21.616,0,walk,00:00:00:00:00:00,-61,11,0,0,0,0,0,0,0,0,0,-97,0,1,0,2269103478,0,14,0,0,0,104,0,"[0, 0, -63, 11, -45, 42, -32, 72, -22, 102, -14, 127, -9, 127, -8, 127, -11, 127, -18, 127, -23, 127, -27, 127, -28, 127, -29, 127, -28, 127, -24, 127, -15, 127, -7, 127, 3, 123, 15, 114, 25, 107, 36, 104, 44, 104, 45, 104, 44, 107, 43, 108, -36, -74, -35, -86, -34, -101, -29, -113, -18, -120, -7, -120, 1, -116, 5, -107, 2, -94, -7, -79, -19, -63, -38, -47, -63, -35, -91, -27, -118, -23, -128, -24, -128, -31, -128, -41, -128, -51, -128, -61, -128, -73, -128, -83, -128, -91, -128, -91, -128, -84, -128, -77]",esp32_1
CSI_DATA,100392,2025-07-23 16:41:21.616,0,walk,00:00:00:00:00:00,-74,11,0,0,0,0,0,0,0,0,0,-97,0,1,0,889309825,0,14,0,0,0,104,0,"[0, 0, 88, -128, 109, -128, 127, -128, 127, -128, 127, -128, 127, -128, 127, -128, 127, -128, 127, -128, 127, -128, 127, -128, 127, -127, 127, -111, 127, -92, 127, -74, 127, -56, 127, -37, 127, -23, 127, -10, 127, 4, 127, 16, 113, 23, 87, 30, 60, 37, 38, 44, -91, 111, -87, 119, -78, 125, -66, 127, -49, 127, -25, 127, -4, 127, 19, 127, 47, 127, 70, 112, 85, 93, 105, 68, 124, 43, 127, 22, 127, 3, 117, -21, 113, -46, 114, -62, 101, -80, 82, -96, 73, -108, 66, -112, 57, -113, 53, -117, 54, -124, 58, -128]",esp32_2
CSI_DATA,100393,2025-07-23 16:41:21.641,0,walk,00:00:00:00:00:00,-74,11,0,0,0,0,0,0,0,0,0,-97,0,1,0,889348195,0,14,0,0,0,104,0,"[0, 0, -128, -36, -128, -53, -128, -76, -128, -94, -128, -101, -128, -107, -128, -119, -128, -128, -128, -128, -128, -128, -128, -128, -128, -128, -128, -128, -128, -128, -128, -128, -128, -128, -128, -128, -109, -128, -85, -128, -65, -128, -48, -128, -28, -128, -9, -107, 13, -76, 31, -51, 126, 81, 127, 76, 127, 59, 127, 41, 127, 25, 127, 6, 127, -24, 127, -55, 119, -77, 96, -96, 69, -117, 45, -128, 19, -127, -11, -127, -37, -127, -58, -121, -80, -110, -102, -98, -113, -82, -118, -64, -123, -42, -128, -24, -128, -21, -128, -19, -128, -17, -128, -23]",esp32_2
CSI_DATA,201256,2025-07-23 16:41:21.648,0,walk,00:00:00:00:00:00,-61,11,0,0,0,0,0,0,0,0,0,-97,0,1,0,2269140102,0,14,0,0,0,104,0,"[0, 0, -52, 27, -23, 45, 1, 65, 20, 90, 36, 112, 49, 127, 58, 127, 63, 127, 64, 127, 63, 127, 62, 127, 59, 127, 54, 127, 49, 127, 46, 127, 45, 127, 45, 122, 47, 109, 52, 97, 59, 85, 67, 78, 74, 74, 77, 71, 77, 72, 77, 74, -57, -51, -60, -62, -62, -77, -62, -89, -58, -97, -49, -100, -39, -98, -32, -91, -31, -80, -35, -64, -43, -45, -54, -25, -72, -7, -95, 8, -118, 20, -128, 29, -128, 34, -128, 34, -128, 28, -128, 19, -128, 8, -128, -2, -128, -9, -128, -13, -128, -14, -128, -15]",esp32_1
CSI_DATA,100394,2025-07-23 16:41:21.660,0,walk,00:00:00:00:00:00,-74,11,0,0,0,0,0,0,0,0,0,-97,0,1,0,889382694,0,14,0,0,0,104,0,"[0, 0, -128, -28, -128, -42, -128, -59, -128, -78, -128, -95, -128, -108, -128, -118, -128, -128, -128, -128, -128, -128, -128, -128, -128, -128, -128, -128, -128, -128, -128, -128, -128, -128, -116, -128, -92, -128, -70, -128, -53, -128, -30, -128, -9, -120, 5, -93, 20, -66, 33, -48, 127, 23, 127, 21, 127, 12, 127, -2, 127, -18, 127, -35, 127, -57, 123, -78, 105, -97, 78, -114, 47, -125, 22, -128, -6, -128, -34, -128, -56, -122, -75, -107, -94, -93, -113, -76, -124, -54, -128, -38, -128, -27, -128, -14, -128, -4, -128, 5, -128, 4, -128, -6]",esp32_2
CSI_DATA,201257,2025-07-23 16:41:21.678,0,walk,00:00:00:00:00:00,-61,11,0,0,0,0,0,0,0,0,0,-97,0,1,0,2269186692,0,14,0,0,0,104,0,"[0, 0, 66, -31, 34, -45, 8, -61, -12, -80, -31, -99, -48, -120, -62, -128, -71, -128, -77, -128, -79, -128, -75, -128, -65, -128, -56, -128, -50, -128, -44, -128, -37, -128, -33, -128, -32, -128, -35, -116, -39, -103, -48, -95, -57, -90, -63, -86, -65, -84, -64, -85, 68, 24, 75, 35, 82, 49, 86, 61, 87, 72, 83, 79, 74, 83, 65, 82, 61, 73, 61, 61, 63, 43, 66, 21, 74, 4, 87, -12, 104, -32, 123, -50, 127, -61, 127, -65, 127, -62, 127, -53, 127, -45, 127, -38, 127, -32, 127, -26, 127, -18, 127, -10]",esp32_1
CSI_DATA,100395,2025-07-23 16:41:21.682,0,walk,00:00:00:00:00:00,-74,11,0,0,0,0,0,0,0,0,0,-97,0,1,0,889408581,0,14,0,0,0,104,0,"[0, 0, 127, 25, 127, 48, 127, 65, 127, 73, 127, 88, 127, 103, 127, 119, 127, 127, 127, 127, 127, 127, 127, 127, 127, 127, 127, 127, 127, 127, 126, 127, 103, 127, 82, 127, 60, 127, 41, 127, 26, 127, 11, 127, -5, 115, -23, 86, -35, 57, -42, 37, -128, -15, -128, -8, -128, 4, -128, 24, -128, 45, -128, 62, -128, 77, -112, 95, -87, 114, -58, 123, -32, 126, -10, 127, 14, 127, 39, 127, 62, 117, 82, 101, 101, 84, 115, 68, 118, 50, 120, 32, 123, 17, 124, 3, 127, -6, 127, -11, 127, -10, 127, -9]",esp32_2
CSI_DATA,100396,2025-07-23 16:41:21.708,0,walk,00:00:00:00:00:00,-74,11,0,0,0,0,0,0,0,0,0,-97,0,1,0,889445750,0,14,0,0,0,104,0,"[0, 0, -128, -1, -128, -15, -128, -33, -128, -44, -128, -52, -128, -72, -128, -96, -128, -109, -128, -111, -128, -113, -128, -125, -128, -128, -128, -128, -128, -128, -128, -128, -128, -128, -128, -128, -128, -128, -112, -128, -90, -128, -66, -128, -42, -128, -19, -108, 4, -85, 19, -67, 127, 21, 127, 18, 127, 9, 127, -7, 127, -29, 127, -52, 127, -72, 117, -93, 97, -110, 69, -120, 37, -128, 4, -128, -28, -128, -60, -122, -85, -110, -103, -94, -116, -84, -126, -70, -128, -49, -128, -30, -128, -3, -128, 20, -128, 25, -128, 25, -128, 26, -128, 26]",esp32_2
CSI_DATA,100397,2025-07-23 16:41:21.730,0,walk,00:00:00:00:00:00,-74,11,0,0,0,0,0,0,0,0,0,-97,0,1,0,889472577,0,14,0,0,0,104,0,"[0, 0, 127, -60, 127, -55, 127, -47, 127, -41, 127, -35, 127, -29, 127, -21, 127, -16, 127, -11, 127, 2, 127, 13, 127, 25, 127, 43, 127, 66, 127, 81, 127, 93, 127, 107, 127, 114, 127, 113, 127, 108, 110, 103, 85, 98, 60, 85, 34, 71, 11, 63, -128, 33, -128, 46, -128, 62, -128, 75, -119, 92, -102, 111, -86, 123, -67, 127, -40, 127, -10, 127, 17, 127, 44, 119, 75, 107, 99, 95, 109, 72, 113, 51, 115, 41, 119, 20, 124, -11, 127, -31, 127, -44, 126, -56, 117, -67, 118, -74, 124, -78, 127, -80]",esp32_2
CSI_DATA,100398,2025-07-23 16:41:21.753,0,walk,00:00:00:00:00:00,-74,11,0,0,0,0,0,0,0,0,0,-97,0,1,0,889506007,0,14,0,0,0,104,0,"[0, 0, -128, -103, -128, -125, -128, -128, -128, -128, -128, -128, -128, -128, -128, -128, -128, -128, -128, -128, -123, -128, -105, -128, -95, -128, -86, -128, -69, -128, -51, -128, -30, -128, -12, -128, -6, -128, -2, -128, 10, -128, 19, -128, 28, -126, 42, -92, 51, -57, 50, -33, 89, 120, 98, 116, 109, 104, 120, 92, 127, 76, 127, 50, 127, 18, 127, -8, 127, -32, 119, -56, 99, -77, 84, -94, 71, -110, 52, -126, 24, -128, -8, -128, -37, -128, -62, -116, -73, -99, -81, -85, -96, -77, -105, -72, -111, -69, -120, -64, -127, -65, -128, -78]",esp32_2
CSI_DATA,201259,2025-07-23 16:41:21.761,0,walk,00:00:00:00:00:00,-62,11,0,0,0,0,0,0,0,0,0,-97,0,1,0,2269247499,0,14,0,0,0,104,0,"[0, 0, 20, -62, -17, -53, -51, -47, -82, -47, -108, -51, -128, -54, -128, -57, -128, -60, -128, -65, -128, -70, -128, -75, -128, -76, -128, -75, -128, -71, -128, -64, -128, -55, -128, -44, -128, -30, -121, -17, -117, -6, -117, 3, -117, 10, -117, 14, -119, 15, -120, 12, 85, -8, 96, 1, 109, 13, 116, 24, 120, 35, 117, 45, 108, 50, 96, 49, 84, 43, 73, 28, 61, 4, 54, -22, 56, -48, 61, -77, 66, -109, 76, -128, 94, -128, 115, -128, 127, -128, 127, -128, 127, -128, 127, -128, 127, -128, 127, -128, 127, -127, 127, -110]",esp32_1
CSI_DATA,100399,2025-07-23 16:41:21.776,0,walk,00:00:00:00:00:00,-74,11,0,0,0,0,0,0,0,0,0,-97,0,1,0,889530424,0,14,0,0,0,104,0,"[0, 0, 94, 127, 96, 127, 89, 127, 77, 127, 74, 127, 78, 127, 76, 127, 71, 127, 68, 127, 59, 127, 43, 127, 24, 127, 10, 127, -2, 127, -17, 127, -37, 127, -53, 127, -65, 127, -74, 127, -75, 127, -69, 127, -66, 120, -70, 90, -69, 53, -62, 23, -44, -128, -49, -128, -66, -128, -86, -128, -101, -127, -115, -110, -128, -88, -128, -60, -128, -29, -128, 2, -128, 27, -128, 46, -111, 68, -96, 95, -78, 114, -49, 122, -18, 125, 3, 122, 18, 117, 28, 119, 41, 119, 56, 111, 67, 107, 75, 109, 84, 114, 94, 122]",esp32_2
CSI_DATA,201260,2025-07-23 16:41:21.799,0,walk,00:00:00:00:00:00,-61,11,0,0,0,0,0,0,0,0,0,-97,0,1,0,2269271911,0,14,0,0,0,104,0,"[0, 0, 43, 48, 50, 15, 62, -16, 72, -44, 82, -67, 93, -86, 106, -101, 121, -111, 127, -116, 127, -118, 127, -118, 127, -116, 127, -111, 127, -104, 127, -97, 114, -90, 102, -84, 88, -83, 76, -85, 64, -87, 55, -90, 49, -94, 46, -96, 48, -98, 50, -98, -18, 79, -25, 89, -35, 96, -47, 101, -59, 104, -69, 101, -74, 95, -73, 86, -64, 76, -49, 69, -30, 66, -9, 65, 14, 66, 39, 75, 62, 91, 81, 110, 96, 127, 109, 127, 115, 127, 115, 127, 109, 127, 101, 127, 92, 127, 79, 127, 66, 127, 56, 127]",esp32_1
CSI_DATA,100400,2025-07-23 16:41:21.799,0,walk,00:00:00:00:00:00,-74,11,0,0,0,0,0,0,0,0,0,-97,0,1,0,889602656,0,14,0,0,0,104,0,"[0, 0, -32, 127, -51, 127, -74, 127, -91, 127, -99, 127, -115, 127, -128, 127, -128, 127, -128, 127, -128, 127, -128, 127, -128, 127, -128, 127, -128, 127, -128, 127, -128, 119, -128, 99, -128, 80, -128, 67, -128, 54, -128, 34, -128, 15, -103, 2, -76, -16, -58, -36, 84, -111, 78, -113, 61, -117, 42, -124, 25, -128, 5, -128, -19, -128, -47, -122, -77, -112, -99, -99, -115, -83, -128, -58, -128, -31, -128, -8, -128, 14, -128, 39, -119, 59, -110, 73, -90, 84, -69, 94, -53, 106, -38, 115, -26, 116, -20, 118, -16, 123, -16, 126]",esp32_2
CSI_DATA,100401,2025-07-23 16:41:21.821,0,walk,00:00:00:00:00:00,-74,11,0,0,0,0,0,0,0,0,0,-97,0,1,0,889627125,0,14,0,0,0,104,0,"[0, 0, -63, 127, -82, 127, -108, 124, -128, 121, -128, 120, -128, 115, -128, 106, -128, 103, -128, 100, -128, 95, -128, 94, -128, 84, -128, 62, -128, 42, -128, 28, -128, 12, -128, -12, -128, -32, -128, -42, -128, -47, -128, -57, -120, -70, -89, -70, -53, -61, -24, -56, 92, -115, 93, -122, 86, -128, 70, -128, 46, -128, 17, -128, -14, -128, -45, -128, -74, -126, -100, -119, -126, -102, -128, -73, -128, -45, -128, -25, -128, -6, -128, 18, -128, 46, -128, 70, -128, 91, -112, 111, -89, 126, -73, 127, -60, 127, -43, 127, -33, 127, -35, 127]",esp32_2
CSI_DATA,201261,2025-07-23 16:41:21.824,0,walk,00:00:00:00:00:00,-61,11,0,0,0,0,0,0,0,0,0,-97,0,1,0,2269296561,0,14,0,0,0,104,0,"[0, 0, 60, -42, 28, -51, 1, -64, -25, -77, -48, -91, -67, -107, -80, -122, -87, -128, -91, -128, -91, -128, -91, -128, -89, -128, -83, -128, -74, -128, -68, -128, -63, -128, -60, -123, -60, -111, -63, -99, -68, -88, -73, -80, -78, -76, -80, -76, -81, -80, -80, -82, 79, 14, 88, 20, 98, 28, 105, 38, 107, 50, 104, 61, 97, 66, 89, 66, 82, 57, 77, 43, 73, 27, 74, 7, 80, -16, 91, -38, 105, -57, 120, -71, 127, -83, 127, -94, 127, -101, 127, -100, 127, -94, 127, -84, 127, -73, 127, -62, 127, -51, 127, -44]",esp32_1
CSI_DATA,100402,2025-07-23 16:41:21.842,0,walk,00:00:00:00:00:00,-74,11,0,0,0,0,0,0,0,0,0,-97,0,1,0,889651507,0,14,0,0,0,104,0,"[0, 0, 86, -31, 83, -16, 80, 5, 80, 29, 81, 50, 78, 67, 73, 85, 73, 105, 81, 122, 87, 127, 80, 127, 72, 127, 62, 127, 49, 127, 36, 127, 22, 127, 3, 127, -16, 127, -23, 110, -24, 92, -27, 75, -34, 56, -39, 32, -36, 10, -33, -2, -69, 37, -71, 36, -75, 41, -72, 51, -60, 60, -50, 73, -41, 85, -28, 91, -11, 94, 14, 97, 39, 95, 57, 90, 71, 89, 77, 89, 86, 85, 101, 76, 111, 60, 116, 38, 122, 24, 127, 12, 127, -4, 119, -19, 109, -35, 103, -50, 96, -60, 94, -64]",esp32_2
CSI_DATA,201262,2025-07-23 16:41:21.845,0,walk,00:00:00:00:00:00,-62,11,0,0,0,0,0,0,0,0,0,-97,0,1,0,2269333403,0,14,0,0,0,104,0,"[0, 0, 11, -70, -23, -55, -58, -44, -89, -39, -116, -38, -128, -39, -128, -43, -128, -48, -128, -54, -128, -63, -128, -69, -128, -70, -128, -69, -128, -67, -128, -62, -128, -52, -122, -38, -114, -23, -109, -8, -107, 3, -109, 12, -112, 18, -115, 21, -119, 21, -121, 18, 80, -44, 91, -41, 105, -33, 117, -24, 125, -15, 127, -8, 124, -2, 115, 3, 104, 4, 88, -2, 70, -17, 57, -37, 51, -58, 47, -81, 43, -109, 41, -128, 48, -128, 61, -128, 75, -128, 86, -128, 96, -128, 107, -128, 114, -128, 113, -128, 104, -128, 95, -128]",esp32_1
CSI_DATA,100403,2025-07-23 16:41:21.864,0,walk,00:00:00:00:00:00,-74,11,0,0,0,0,0,0,0,0,0,-97,0,1,0,889687236,0,14,0,0,0,104,0,"[0, 0, 80, -128, 91, -115, 107, -96, 117, -71, 127, -42, 127, -18, 127, 9, 127, 42, 127, 72, 127, 99, 127, 120, 127, 127, 127, 127, 127, 127, 127, 127, 127, 127, 127, 127, 103, 127, 73, 127, 45, 127, 19, 110, -4, 89, -23, 60, -37, 31, -43, 11, -47, 94, -46, 96, -46, 101, -38, 106, -18, 109, 8, 109, 34, 106, 55, 102, 75, 100, 99, 100, 121, 93, 127, 75, 127, 58, 127, 45, 127, 29, 127, 6, 127, -22, 127, -46, 127, -69, 127, -89, 127, -103, 127, -121, 127, -128, 123, -128, 110, -128, 103, -128]",esp32_2
CSI_DATA,201263,2025-07-23 16:41:21.885,0,walk,00:00:00:00:00:00,-62,11,0,0,0,0,0,0,0,0,0,-97,0,1,0,2269377490,0,14,0,0,0,104,0,"[0, 0, 52, 22, 45, -13, 45, -46, 47, -77, 52, -102, 58, -124, 67, -128, 76, -128, 84, -128, 89, -128, 91, -128, 91, -128, 90, -128, 86, -128, 75, -123, 61, -112, 49, -103, 36, -100, 23, -101, 10, -101, 0, -104, -6, -108, -9, -110, -6, -113, -2, -115, 16, 79, 12, 91, 5, 102, -6, 111, -16, 117, -26, 117, -35, 113, -39, 106, -34, 94, -22, 82, -6, 72, 14, 62, 38, 54, 63, 53, 86, 59, 107, 69, 127, 83, 127, 96, 127, 108, 127, 122, 127, 127, 127, 127, 127, 127, 127, 127, 122, 127, 107, 118]",esp32_1
CSI_DATA,100404,2025-07-23 16:41:21.887,0,walk,00:00:00:00:00:00,-75,11,0,0,0,0,0,0,0,0,0,-97,0,1,0,889712817,0,14,0,0,0,104,0,"[0, 0, -85, 127, -106, 105, -123, 90, -128, 76, -128, 59, -128, 43, -128, 28, -128, 12, -128, 1, -128, -9, -128, -20, -128, -32, -128, -51, -128, -72, -128, -86, -128, -99, -128, -111, -128, -116, -128, -118, -102, -121, -68, -116, -36, -108, -7, -101, 20, -89, 43, -75, 86, -117, 85, -120, 81, -122, 72, -128, 56, -128, 35, -128, 9, -128, -19, -127, -50, -118, -78, -102, -103, -81, -128, -52, -128, -22, -128, 4, -128, 33, -128, 63, -128, 89, -128, 116, -128, 127, -128, 127, -122, 127, -111, 127, -102, 127, -85, 127, -69, 127, -60, 127]",esp32_2
CSI_DATA,100405,2025-07-23 16:41:21.908,0,walk,00:00:00:00:00:00,-75,11,0,0,0,0,0,0,0,0,0,-97,0,1,0,889747015,0,14,0,0,0,104,0,"[0, 0, -128, -11, -128, -37, -122, -73, -107, -107, -90, -128, -70, -128, -56, -128, -50, -128, -46, -128, -37, -128, -25, -128, -15, -128, 1, -128, 18, -128, 29, -128, 40, -128, 56, -128, 74, -128, 86, -115, 91, -77, 91, -43, 90, -9, 93, 26, 93, 62, 85, 90, 127, 13, 127, 6, 127, -2, 127, -6, 127, -14, 127, -28, 126, -45, 114, -64, 91, -81, 62, -103, 27, -122, -8, -128, -34, -128, -63, -128, -102, -128, -128, -128, -128, -128, -128, -128, -128, -104, -128, -82, -128, -64, -128, -44, -128, -22, -128, -1, -128, 1, -128, -12]",esp32_2
CSI_DATA,100406,2025-07-23 16:41:21.928,0,walk,00:00:00:00:00:00,-75,11,0,0,0,0,0,0,0,0,0,-97,0,1,0,889783698,0,14,0,0,0,104,0,"[0, 0, 32, 127, 22, 127, -5, 127, -41, 125, -73, 107, -108, 89, -128, 75, -128, 61, -128, 48, -128, 36, -128, 18, -128, -5, -128, -23, -128, -33, -128, -41, -128, -55, -128, -69, -128, -73, -128, -66, -128, -56, -96, -49, -58, -36, -20, -23, 14, -12, 41, 7, -82, -72, -87, -70, -93, -68, -98, -68, -106, -65, -115, -58, -127, -52, -128, -39, -128, -18, -128, -5, -128, 9, -128, 34, -128, 63, -128, 90, -128, 114, -128, 127, -118, 127, -102, 127, -83, 127, -67, 127, -50, 127, -29, 127, -9, 127, 6, 127, 23, 127, 45, 127]",esp32_2
CSI_DATA,201265,2025-07-23 16:41:21.971,0,walk,00:00:00:00:00:00,-63,11,0,0,0,0,0,0,0,0,0,-97,0,1,0,2269460679,0,14,0,0,0,104,0,"[0, 0, -12, -62, -21, -24, -37, 13, -53, 46, -69, 74, -88, 99, -110, 120, -128, 127, -128, 127, -128, 127, -128, 127, -128, 127, -128, 120, -128, 109, -128, 95, -128, 82, -128, 74, -115, 70, -95, 70, -77, 72, -63, 76, -52, 81, -43, 88, -42, 96, -43, 99, 44, -66, 54, -72, 64, -77, 75, -80, 88, -81, 95, -78, 97, -74, 95, -71, 87, -69, 73, -69, 57, -77, 39, -86, 21, -95, 6, -109, -8, -128, -20, -128, -29, -128, -35, -128, -38, -128, -38, -128, -35, -128, -29, -128, -21, -128, -15, -128, -9, -128, -6, -128]",esp32_1
CSI_DATA,100408,2025-07-23 16:41:21.980,0,walk,00:00:00:00:00:00,-74,11,0,0,0,0,0,0,0,0,0,-97,0,1,0,889883009,0,14,0,0,0,104,0,"[0, 0, 54, 127, 48, 127, 33, 127, 14, 127, -9, 127, -39, 127, -70, 127, -97, 127, -126, 116, -128, 108, -128, 101, -128, 89, -128, 79, -128, 76, -128, 72, -128, 65, -128, 58, -128, 54, -128, 50, -128, 41, -128, 34, -103, 31, -57, 26, -18, 21, 8, 16, -76, -72, -73, -70, -78, -68, -82, -61, -80, -50, -81, -43, -83, -37, -83, -27, -84, -14, -86, -3, -87, 8, -91, 26, -101, 44, -106, 58, -106, 70, -104, 81, -99, 97, -96, 119, -91, 127, -83, 127, -67, 127, -53, 127, -39, 127, -16, 127, 10, 127, 28, 127]",esp32_2
CSI_DATA,201266,2025-07-23 16:41:21.999,0,walk,00:00:00:00:00:00,-61,11,0,0,0,0,0,0,0,0,0,-97,0,1,0,2270101870,0,14,0,0,0,104,0,"[0, 0, 11, -69, -20, -52, -53, -39, -83, -33, -109, -30, -128, -31, -128, -34, -128, -37, -128, -43, -128, -51, -128, -60, -128, -67, -128, -70, -128, -71, -128, -68, -128, -61, -128, -50, -118, -40, -110, -28, -104, -15, -103, -5, -104, 3, -106, 9, -109, 11, -109, 9, 65, -47, 76, -45, 89, -42, 101, -38, 110, -34, 114, -28, 111, -22, 105, -18, 96, -17, 84, -23, 69, -35, 56, -49, 47, -65, 43, -87, 39, -114, 36, -128, 40, -128, 50, -128, 61, -128, 73, -128, 86, -128, 95, -128, 100, -128, 99, -128, 94, -128, 87, -128]",esp32_1
CSI_DATA,100409,2025-07-23 16:41:22.010,0,walk,00:00:00:00:00:00,-74,11,0,0,0,0,0,0,0,0,0,-97,0,1,0,889897233,0,14,0,0,0,104,0,"[0, 0, -128, 127, -128, 127, -128, 127, -128, 127, -128, 114, -128, 96, -128, 79, -128, 58, -128, 37, -128, 24, -128, 12, -128, -6, -128, -27, -128, -43, -128, -52, -128, -56, -128, -61, -128, -62, -128, -56, -128, -49, -128, -40, -97, -28, -60, -17, -25, -9, 1, -7, 83, -89, 78, -93, 72, -94, 60, -95, 45, -102, 30, -105, 10, -102, -10, -99, -29, -97, -50, -90, -66, -78, -85, -62, -108, -47, -123, -37, -128, -29, -128, -19, -128, -4, -128, 15, -128, 32, -128, 47, -128, 60, -128, 75, -128, 91, -128, 106, -128, 120, -128, 126]",esp32_2
CSI_DATA,201267,2025-07-23 16:41:22.030,0,walk,00:00:00:00:00:00,-61,11,0,0,0,0,0,0,0,0,0,-97,0,1,0,2270111802,0,14,0,0,0,104,0,"[0, 0, 22, -69, -11, -55, -43, -44, -72, -40, -99, -38, -124, -39, -128, -42, -128, -47, -128, -55, -128, -64, -128, -73, -128, -80, -128, -84, -128, -85, -128, -82, -128, -74, -126, -64, -117, -52, -111, -40, -105, -27, -104, -17, -105, -10, -106, -4, -109, -2, -110, -3, 68, -40, 78, -39, 91, -36, 101, -31, 108, -26, 111, -21, 110, -17, 105, -14, 96, -14, 86, -21, 74, -35, 62, -51, 55, -67, 53, -88, 50, -113, 50, -128, 56, -128, 67, -128, 79, -128, 91, -128, 103, -128, 113, -128, 117, -128, 115, -128, 107, -128, 99, -128]",esp32_1
CSI_DATA,100410,2025-07-23 16:41:22.031,0,walk,00:00:00:00:00:00,-75,11,0,0,0,0,0,0,0,0,0,-97,0,1,0,889919402,0,14,0,0,0,104,0,"[0, 0, -128, 79, -128, 71, -128, 66, -128, 66, -128, 66, -128, 59, -128, 52, -128, 43, -128, 31, -128, 22, -128, 17, -128, 4, -128, -15, -128, -32, -128, -46, -128, -59, -128, -70, -128, -76, -128, -80, -124, -80, -93, -75, -64, -69, -40, -56, -14, -39, 5, -22, 101, -91, 93, -97, 82, -101, 66, -106, 46, -113, 24, -111, -1, -103, -35, -94, -68, -81, -92, -66, -112, -48, -128, -25, -128, 3, -128, 30, -128, 47, -128, 62, -128, 80, -128, 96, -128, 105, -128, 111, -128, 120, -127, 122, -119, 116, -109, 111, -107, 107, -118, 104]",esp32_2
CSI_DATA,100411,2025-07-23 16:41:22.055,0,walk,00:00:00:00:00:00,-75,11,0,0,0,0,0,0,0,0,0,-97,0,1,0,889953007,0,14,0,0,0,104,0,"[0, 0, -1, 109, -26, 108, -49, 120, -64, 127, -76, 127, -98, 127, -120, 127, -128, 127, -128, 127, -128, 127, -128, 127, -128, 127, -128, 127, -128, 127, -128, 122, -128, 100, -128, 78, -128, 58, -128, 40, -118, 23, -95, 9, -68, -3, -37, -17, -6, -28, 14, -34, -62, -97, -62, -95, -65, -89, -72, -74, -78, -55, -76, -35, -73, -9, -71, 23, -70, 57, -69, 90, -66, 119, -60, 127, -51, 127, -37, 127, -19, 127, 0, 127, 16, 127, 30, 127, 40, 127, 47, 127, 55, 127, 63, 127, 69, 127, 66, 127, 54, 127, 42, 124]",esp32_2
CSI_DATA,201268,2025-07-23 16:41:22.057,0,walk,00:00:00:00:00:00,-61,11,0,0,0,0,0,0,0,0,0,-97,0,1,0,2270121814,0,14,0,0,0,104,0,"[0, 0, 61, -38, 29, -46, 0, -57, -26, -74, -51, -93, -70, -110, -84, -125, -94, -128, -98, -128, -98, -128, -96, -128, -92, -128, -83, -128, -73, -128, -65, -128, -58, -128, -52, -127, -51, -112, -55, -98, -60, -87, -67, -78, -73, -72, -77, -70, -80, -71, -80, -73, 68, 20, 75, 27, 83, 37, 90, 48, 91, 58, 86, 64, 80, 65, 75, 62, 73, 54, 71, 40, 69, 21, 72, 2, 83, -16, 99, -35, 112, -52, 125, -68, 127, -80, 127, -87, 127, -87, 127, -83, 127, -77, 127, -72, 127, -64, 127, -55, 127, -44, 127, -34]",esp32_1
CSI_DATA,100412,2025-07-23 16:41:22.075,0,walk,00:00:00:00:00:00,-75,11,0,0,0,0,0,0,0,0,0,-97,0,1,0,889978809,0,14,0,0,0,104,0,"[0, 0, 126, 35, 127, 62, 127, 90, 127, 111, 127, 127, 127, 127, 127, 127, 127, 127, 127, 127, 127, 127, 127, 127, 127, 127, 127, 127, 126, 127, 106, 127, 84, 127, 65, 127, 44, 127, 21, 127, 2, 122, -21, 94, -41, 66, -46, 43, -51, 15, -57, -17, -128, 6, -128, 15, -128, 28, -128, 39, -126, 51, -103, 57, -71, 61, -32, 71, 6, 80, 45, 86, 89, 89, 123, 79, 127, 70, 127, 64, 127, 46, 127, 29, 127, 17, 127, -2, 127, -21, 127, -31, 127, -41, 127, -50, 127, -48, 127, -42, 127, -33, 127, -22]",esp32_2
CSI_DATA,201269,2025-07-23 16:41:22.082,0,walk,00:00:00:00:00:00,-62,11,0,0,0,0,0,0,0,0,0,-97,0,1,0,2270131791,0,14,0,0,0,104,0,"[0, 0, 15, -77, -12, -52, -41, -30, -70, -15, -97, -4, -125, 5, -128, 11, -128, 13, -128, 10, -128, 5, -128, -2, -128, -9, -128, -15, -128, -21, -128, -22, -128, -21, -128, -16, -128, -9, -120, 0, -111, 11, -106, 21, -103, 30, -101, 38, -103, 41, -106, 41, 73, -39, 84, -38, 96, -35, 106, -31, 113, -26, 115, -21, 110, -15, 103, -12, 94, -15, 82, -24, 67, -38, 53, -53, 43, -71, 37, -94, 32, -121, 29, -128, 31, -128, 38, -128, 47, -128, 58, -128, 67, -128, 76, -128, 84, -128, 84, -128, 80, -128, 76, -128]",esp32_1
CSI_DATA,100413,2025-07-23 16:41:22.099,0,walk,00:00:00:00:00:00,-76,11,0,0,0,0,0,0,0,0,0,-97,0,1,0,890003810,0,14,0,0,0,104,0,"[0, 0, -128, 11, -128, 1, -128, -9, -128, -26, -128, -41, -128, -52, -128, -66, -128, -81, -128, -95, -128, -103, -128, -113, -128, -123, -128, -128, -128, -128, -128, -128, -128, -128, -128, -128, -128, -128, -121, -128, -96, -128, -67, -118, -36, -97, -10, -75, 19, -54, 41, -43, 127, -10, 127, -7, 127, -10, 114, -20, 102, -39, 83, -57, 60, -69, 36, -82, 11, -91, -25, -92, -69, -90, -106, -83, -128, -69, -128, -64, -128, -58, -128, -34, -128, -4, -128, 19, -128, 35, -128, 50, -128, 57, -128, 56, -128, 61, -128, 72, -128, 70, -128, 57]",esp32_2
CSI_DATA,201270,2025-07-23 16:41:22.114,0,walk,00:00:00:00:00:00,-62,11,0,0,0,0,0,0,0,0,0,-97,0,1,0,2270143235,0,14,0,0,0,104,0,"[0, 0, 34, 82, 36, 47, 44, 14, 51, -17, 59, -45, 73, -70, 88, -92, 105, -107, 118, -117, 127, -124, 127, -128, 127, -125, 127, -117, 127, -109, 127, -101, 127, -91, 124, -82, 113, -77, 100, -75, 85, -74, 72, -76, 62, -81, 57, -86, 58, -89, 60, -92, -24, 74, -28, 83, -34, 91, -43, 97, -53, 101, -63, 101, -67, 96, -66, 92, -58, 86, -45, 81, -29, 81, -10, 81, 13, 81, 35, 90, 54, 105, 70, 122, 86, 127, 99, 127, 105, 127, 105, 127, 103, 127, 98, 127, 92, 127, 83, 127, 70, 127, 60, 127]",esp32_1
CSI_DATA,100414,2025-07-23 16:41:22.124,0,walk,00:00:00:00:00:00,-75,11,0,0,0,0,0,0,0,0,0,-97,0,1,0,890041506,0,14,0,47,113,104,0,"[0, 0, 22, -128, 37, -128, 53, -128, 70, -128, 86, -128, 100, -128, 118, -128, 127, -128, 127, -128, 127, -128, 127, -128, 127, -128, 127, -128, 127, -128, 127, -128, 127, -128, 127, -128, 127, -111, 127, -90, 127, -69, 127, -49, 114, -26, 90, -1, 72, 22, 53, 39, -107, 88, -88, 90, -71, 92, -57, 94, -34, 93, -4, 88, 22, 75, 50, 61, 82, 43, 107, 18, 123, -5, 127, -26, 127, -51, 127, -75, 127, -92, 127, -107, 127, -127, 122, -128, 100, -128, 80, -128, 65, -128, 50, -128, 29, -128, 10, -128, 5, -128, 7, -128]",esp32_2
CSI_DATA,100415,2025-07-23 16:41:22.146,0,walk,00:00:00:00:00:00,-75,11,0,0,0,0,0,0,0,0,0,-97,0,1,0,890079407,0,14,0,47,113,104,0,"[0, 0, -126, 62, -128, 52, -128, 41, -128, 37, -128, 33, -128, 24, -128, 15, -128, 4, -128, -4, -128, -11, -128, -27, -128, -47, -128, -67, -128, -88, -128, -107, -128, -118, -128, -125, -128, -128, -128, -128, -128, -126, -114, -116, -85, -106, -51, -94, -21, -80, -1, -74, 127, -32, 127, -34, 116, -45, 92, -53, 63, -61, 29, -74, -4, -80, -36, -85, -71, -85, -109, -74, -128, -59, -128, -48, -128, -39, -128, -25, -128, -4, -128, 18, -128, 38, -128, 53, -128, 68, -128, 83, -128, 92, -128, 94, -128, 94, -110, 90, -100, 80, -101, 74]",esp32_2
CSI_DATA,100416,2025-07-23 16:41:22.167,0,walk,00:00:00:00:00:00,-76,11,0,0,0,0,0,0,0,0,0,-97,0,1,0,890116326,0,14,0,0,0,104,0,"[0, 0, -112, -39, -105, -54, -95, -81, -96, -104, -95, -121, -90, -128, -87, -128, -79, -128, -65, -128, -49, -128, -28, -128, -11, -128, 6, -128, 25, -128, 40, -128, 57, -128, 74, -128, 80, -128, 79, -128, 80, -128, 78, -128, 70, -103, 61, -68, 48, -26, 39, 5, 127, 17, 127, 8, 127, -8, 127, -27, 109, -48, 89, -67, 60, -81, 20, -97, -15, -119, -44, -128, -78, -128, -103, -128, -123, -128, -128, -128, -128, -125, -128, -110, -128, -101, -128, -85, -128, -61, -128, -36, -128, -16, -128, -11, -128, -12, -128, -6, -128, -2, -128, -5]",esp32_2
CSI_DATA,100417,2025-07-23 16:41:22.190,0,walk,00:00:00:00:00:00,-76,11,0,0,0,0,0,0,0,0,0,-97,0,1,0,890151345,0,14,0,0,0,104,0,"[0, 0, -40, -128, -38, -128, -30, -128, -23, -128, -22, -128, -14, -128, 0, -128, 20, -128, 42, -128, 65, -128, 95, -128, 119, -128, 127, -128, 127, -128, 127, -128, 127, -128, 127, -128, 127, -128, 127, -128, 127, -128, 127, -112, 111, -85, 94, -61, 73, -31, 59, 0, -50, 127, -36, 127, -18, 127, 4, 127, 31, 124, 53, 115, 71, 100, 88, 79, 100, 57, 105, 30, 105, 3, 106, -22, 105, -50, 97, -84, 79, -108, 51, -116, 25, -118, 3, -114, -16, -115, -26, -117, -32, -115, -38, -116, -42, -114, -46, -113, -54, -118, -62, -128]",esp32_2
CSI_DATA,201272,2025-07-23 16:41:22.210,0,walk,00:00:00:00:00:00,-61,11,0,0,0,0,0,0,0,0,0,-97,0,1,0,2270161869,0,14,0,0,0,104,0,"[0, 0, -96, -20, -80, 1, -67, 24, -56, 51, -48, 76, -44, 98, -45, 116, -49, 127, -54, 127, -58, 127, -63, 127, -67, 127, -73, 127, -78, 127, -78, 127, -73, 127, -69, 126, -65, 119, -59, 114, -51, 110, -45, 107, -40, 106, -38, 106, -39, 105, -41, 104, -56, -50, -59, -59, -62, -68, -62, -76, -58, -84, -52, -88, -47, -86, -45, -80, -48, -71, -55, -59, -63, -48, -73, -36, -91, -25, -112, -18, -128, -17, -128, -20, -128, -25, -128, -31, -128, -38, -128, -47, -128, -57, -128, -68, -128, -77, -128, -78, -128, -75, -128, -73]",esp32_1
CSI_DATA,100418,2025-07-23 16:41:22.210,0,walk,00:00:00:00:00:00,-75,11,0,0,0,0,0,0,0,0,0,-97,0,1,0,890182924,0,14,0,0,0,104,0,"[0, 0, -128, 98, -128, 104, -128, 103, -128, 105, -128, 108, -128, 112, -128, 112, -128, 103, -128, 89, -128, 74, -128, 57, -128, 39, -128, 14, -128, -12, -128, -25, -128, -36, -128, -50, -128, -57, -128, -60, -128, -61, -128, -58, -128, -53, -106, -46, -73, -39, -49, -34, 124, 40, 127, 30, 127, 14, 127, -8, 119, -29, 99, -48, 76, -67, 53, -85, 25, -97, -3, -99, -32, -89, -63, -76, -88, -66, -104, -54, -115, -34, -126, -18, -128, -5, -128, 16, -125, 39, -118, 49, -116, 54, -110, 61, -104, 61, -109, 58, -128, 56, -128, 53]",esp32_2
CSI_DATA,100419,2025-07-23 16:41:22.237,0,walk,00:00:00:00:00:00,-75,11,0,0,0,0,0,0,0,0,0,-97,0,1,0,890203488,0,14,0,0,0,104,0,"[0, 0, -24, -128, -18, -128, -5, -128, 6, -128, 7, -128, 5, -128, 5, -128, 17, -128, 39, -128, 59, -128, 77, -128, 89, -128, 100, -128, 116, -128, 127, -128, 127, -128, 127, -128, 127, -128, 127, -128, 127, -128, 127, -107, 120, -79, 96, -50, 72, -23, 55, -3, 4, 127, 7, 127, 21, 127, 45, 127, 71, 127, 90, 105, 103, 76, 111, 45, 111, 12, 106, -19, 103, -54, 91, -87, 81, -108, 77, -128, 56, -128, 22, -128, -2, -128, -19, -128, -37, -128, -48, -128, -53, -127, -60, -125, -61, -125, -57, -124, -50, -128, -46, -128]",esp32_2
CSI_DATA,201273,2025-07-23 16:41:22.240,0,walk,00:00:00:00:00:00,-62,11,0,0,0,0,0,0,0,0,0,-97,0,1,0,2270174690,0,14,0,0,0,104,0,"[0, 0, 83, 41, 77, 8, 77, -21, 79, -51, 81, -76, 87, -97, 96, -114, 106, -126, 115, -128, 120, -128, 122, -128, 125, -128, 126, -128, 124, -128, 117, -125, 108, -117, 98, -112, 90, -109, 82, -109, 73, -108, 66, -109, 62, -110, 62, -110, 66, -109, 69, -106, 34, 81, 33, 89, 29, 100, 22, 108, 13, 114, 4, 115, -2, 110, -3, 102, 3, 91, 15, 78, 32, 68, 53, 59, 78, 54, 104, 55, 127, 59, 127, 71, 127, 89, 127, 104, 127, 115, 127, 127, 127, 127, 127, 127, 127, 127, 127, 127, 127, 127, 127, 127]",esp32_1
CSI_DATA,100420,2025-07-23 16:41:22.262,0,walk,00:00:00:00:00:00,-74,11,0,0,0,0,0,0,0,0,0,-97,0,1,0,890262701,0,14,0,0,0,104,0,"[0, 0, 74, 127, 94, 127, 108, 127, 119, 127, 118, 127, 117, 127, 116, 127, 100, 127, 75, 127, 51, 127, 19, 127, -10, 127, -24, 127, -40, 127, -63, 127, -78, 127, -85, 127, -81, 127, -69, 127, -58, 127, -47, 127, -41, 127, -40, 127, -31, 97, -23, 62, 58, -122, 46, -123, 32, -124, 12, -120, -9, -116, -23, -106, -33, -92, -40, -73, -50, -48, -61, -30, -61, -13, -54, 6, -47, 20, -38, 34, -29, 46, -21, 51, -11, 52, -2, 51, 0, 52, -5, 55, -9, 57, -9, 72, -8, 100, -5, 123, 5, 127, 13, 127]",esp32_2
CSI_DATA,201274,2025-07-23 16:41:22.273,0,walk,00:00:00:00:00:00,-62,11,0,0,0,0,0,0,0,0,0,-97,0,1,0,2270181827,0,14,0,192,73,104,0,"[0, 0, -38, 79, -4, 72, 29, 68, 57, 72, 81, 76, 102, 81, 123, 87, 127, 94, 127, 100, 127, 107, 127, 113, 127, 116, 127, 115, 127, 110, 127, 103, 120, 93, 114, 82, 111, 71, 111, 62, 111, 54, 113, 47, 117, 43, 118, 42, 118, 45, 117, 48, -79, 38, -90, 33, -103, 25, -112, 16, -118, 8, -117, 3, -111, -2, -101, -5, -90, -2, -77, 10, -64, 30, -55, 50, -54, 70, -56, 96, -59, 124, -66, 127, -79, 127, -95, 127, -114, 127, -128, 127, -128, 127, -128, 127, -128, 127, -128, 127, -128, 127, -126, 127]",esp32_1
CSI_DATA,100421,2025-07-23 16:41:22.283,0,walk,00:00:00:00:00:00,-76,11,0,0,0,0,0,0,0,0,0,-97,0,1,0,890299978,0,14,0,0,0,104,0,"[0, 0, 127, 96, 127, 90, 127, 96, 127, 100, 127, 100, 119, 105, 93, 120, 80, 127, 76, 127, 60, 127, 41, 127, 28, 127, 20, 127, 14, 127, 0, 127, -12, 127, -17, 127, -23, 127, -28, 127, -27, 127, -22, 127, -16, 127, -9, 92, -1, 48, 6, 17, -86, -39, -88, -42, -83, -37, -76, -23, -73, -5, -67, 9, -55, 25, -49, 42, -49, 54, -40, 71, -28, 90, -25, 101, -18, 113, -8, 126, -2, 127, 7, 127, 20, 127, 31, 127, 41, 127, 50, 127, 60, 127, 74, 127, 90, 127, 105, 127, 119, 127, 127, 127]",esp32_2
CSI_DATA,100422,2025-07-23 16:41:22.305,0,walk,00:00:00:00:00:00,-75,11,0,0,0,0,0,0,0,0,0,-97,0,1,0,890325319,0,14,0,0,0,104,0,"[0, 0, 127, -89, 127, -82, 127, -66, 127, -46, 127, -17, 127, 12, 127, 42, 127, 78, 127, 112, 127, 127, 127, 127, 127, 127, 127, 127, 127, 127, 127, 127, 127, 127, 127, 127, 127, 127, 127, 127, 109, 127, 89, 114, 69, 80, 50, 40, 33, 1, 19, -26, -62, 77, -62, 75, -62, 66, -59, 58, -52, 54, -44, 52, -33, 50, -15, 46, 5, 43, 25, 46, 47, 49, 68, 47, 85, 42, 103, 40, 125, 45, 127, 49, 127, 41, 127, 31, 127, 21, 127, 7, 127, -4, 127, -16, 127, -33, 127, -52, 127, -68, 127, -77]",esp32_2
CSI_DATA,201275,2025-07-23 16:41:22.309,0,walk,00:00:00:00:00:00,-62,11,0,0,0,0,0,0,0,0,0,-97,0,1,0,2270192655,0,14,0,192,73,104,0,"[0, 0, 84, 22, 71, -9, 65, -38, 58, -71, 55, -100, 59, -122, 66, -128, 73, -128, 80, -128, 85, -128, 89, -128, 91, -128, 92, -128, 89, -128, 83, -128, 74, -128, 65, -128, 56, -125, 46, -124, 36, -124, 29, -125, 24, -126, 24, -127, 29, -128, 34, -128, 51, 65, 53, 77, 53, 89, 49, 99, 42, 108, 32, 112, 22, 110, 18, 102, 22, 90, 30, 75, 42, 60, 60, 47, 85, 37, 113, 31, 127, 30, 127, 35, 127, 45, 127, 56, 127, 68, 127, 83, 127, 97, 127, 110, 127, 118, 127, 116, 127, 109, 127, 102]",esp32_1
CSI_DATA,100423,2025-07-23 16:41:22.327,0,walk,00:00:00:00:00:00,-74,11,0,0,0,0,0,0,0,0,0,-97,0,1,0,890368221,0,14,0,0,0,104,0,"[0, 0, 26, -128, 27, -121, 33, -107, 44, -89, 58, -65, 79, -42, 107, -15, 127, 11, 127, 35, 127, 56, 127, 76, 127, 101, 127, 121, 127, 127, 127, 127, 127, 127, 127, 127, 127, 127, 127, 124, 127, 105, 117, 80, 89, 54, 66, 25, 41, -3, 19, -22, 21, 67, 14, 62, 15, 56, 19, 50, 20, 43, 23, 35, 33, 28, 47, 13, 60, -2, 75, -13, 90, -22, 107, -40, 122, -60, 127, -69, 127, -75, 127, -86, 127, -102, 127, -117, 127, -123, 127, -128, 127, -128, 127, -128, 127, -128, 105, -128, 86, -128, 70, -128]",esp32_2
CSI_DATA,201276,2025-07-23 16:41:22.345,0,walk,00:00:00:00:00:00,-61,11,0,0,0,0,0,0,0,0,0,-97,0,1,0,2270201811,0,14,0,0,0,104,0,"[0, 0, -88, 26, -67, 48, -49, 70, -35, 95, -26, 116, -21, 127, -19, 127, -19, 127, -23, 127, -27, 127, -31, 127, -33, 127, -34, 127, -34, 127, -30, 127, -23, 127, -18, 127, -12, 121, -3, 118, 5, 115, 11, 114, 14, 117, 13, 120, 9, 122, 5, 121, -75, -31, -80, -41, -86, -53, -89, -64, -85, -73, -76, -77, -67, -76, -61, -70, -58, -59, -61, -44, -65, -27, -75, -8, -91, 8, -110, 21, -128, 32, -128, 39, -128, 41, -128, 39, -128, 33, -128, 24, -128, 13, -128, 1, -128, -8, -128, -14, -128, -18, -128, -20]",esp32_1
CSI_DATA,100424,2025-07-23 16:41:22.350,0,walk,00:00:00:00:00:00,-74,11,0,0,0,0,0,0,0,0,0,-97,0,1,0,890387734,0,14,0,0,0,104,0,"[0, 0, 19, 117, 9, 101, -5, 85, -25, 64, -49, 34, -79, 5, -112, -19, -128, -54, -128, -89, -128, -114, -128, -128, -128, -128, -128, -128, -128, -128, -128, -128, -128, -128, -128, -128, -128, -128, -128, -128, -125, -127, -96, -93, -72, -57, -52, -23, -36, 12, -21, 38, -80, -24, -78, -27, -75, -26, -71, -24, -65, -19, -60, -7, -60, 6, -64, 17, -70, 35, -73, 52, -75, 68, -77, 92, -76, 115, -79, 127, -88, 127, -92, 127, -93, 127, -95, 127, -91, 127, -79, 127, -64, 127, -51, 127, -36, 127, -14, 127, 4, 127, 13, 127]",esp32_2
CSI_DATA,100425,2025-07-23 16:41:22.670,0,walk,00:00:00:00:00:00,-73,11,0,0,0,0,0,0,0,0,0,-97,0,1,0,890409073,0,14,0,0,0,104,0,"[0, 0, -54, 127, -54, 124, -54, 97, -58, 62, -61, 22, -62, -24, -69, -76, -77, -128, -81, -128, -79, -128, -77, -128, -80, -128, -75, -128, -54, -128, -35, -128, -20, -128, -10, -128, -6, -128, 0, -128, -1, -128, -7, -128, -12, -99, -26, -61, -51, -28, -65, 1, -66, -28, -66, -33, -68, -38, -68, -41, -69, -39, -72, -32, -78, -25, -88, -20, -97, -15, -107, -6, -117, 6, -124, 15, -128, 20, -128, 33, -128, 49, -128, 58, -128, 69, -128, 84, -128, 102, -128, 124, -128, 127, -128, 127, -126, 127, -110, 127, -91, 127, -77, 127]",esp32_2
CSI_DATA,100426,2025-07-23 16:41:22.676,0,walk,00:00:00:00:00:00,-73,11,0,0,0,0,0,0,0,0,0,-97,0,1,0,890434550,0,14,0,0,0,104,0,"[0, 0, -128, 17, -128, 20, -128, 10, -92, -12, -53, -35, -14, -59, 29, -88, 72, -114, 106, -128, 127, -128, 127, -128, 127, -128, 127, -128, 127, -128, 127, -128, 127, -128, 127, -128, 127, -108, 127, -88, 127, -73, 127, -58, 104, -46, 54, -42, 6, -43, -23, -48, 1, -44, 4, -42, 7, -44, 12, -49, 18, -53, 18, -58, 14, -68, 2, -81, -15, -88, -26, -92, -26, -95, -26, -98, -38, -105, -55, -115, -71, -122, -92, -128, -113, -128, -128, -128, -128, -127, -128, -107, -128, -91, -128, -83, -128, -66, -128, -31, -128, 0, -128, 6]",esp32_2
CSI_DATA,100427,2025-07-23 16:41:22.678,0,walk,00:00:00:00:00:00,-74,11,0,0,0,0,0,0,0,0,0,-97,0,1,0,890484911,0,14,0,0,0,104,0,"[0, 0, -128, -8, -128, 2, -128, 1, -128, -12, -117, -29, -74, -55, -30, -85, 14, -109, 59, -128, 110, -128, 127, -128, 127, -128, 127, -128, 127, -128, 127, -128, 127, -128, 127, -128, 127, -128, 127, -128, 127, -121, 127, -101, 115, -85, 69, -69, 24, -56, -12, -54, -8, -17, -5, -13, -2, -8, 2, -7, 4, -8, -2, -9, -11, -18, -14, -29, -13, -44, -11, -69, -12, -94, -9, -118, -6, -128, -13, -128, -21, -128, -31, -128, -43, -128, -56, -128, -67, -128, -84, -128, -106, -128, -126, -128, -128, -128, -128, -108, -128, -79, -128, -74]",esp32_2
CSI_DATA,100428,2025-07-23 16:41:22.691,0,walk,00:00:00:00:00:00,-74,11,0,0,0,0,0,0,0,0,0,-97,0,1,0,890509313,0,14,0,0,0,104,0,"[0, 0, -125, 127, -112, 127, -96, 127, -78, 113, -61, 79, -47, 31, -25, -20, 6, -72, 42, -121, 78, -128, 113, -128, 127, -128, 127, -128, 127, -128, 127, -128, 127, -128, 127, -128, 127, -128, 127, -128, 127, -128, 127, -111, 91, -93, 48, -81, 14, -75, -14, -72, -16, 17, -12, 14, -11, 14, -14, 14, -19, 13, -28, 11, -37, 12, -49, 13, -66, 11, -85, 4, -106, -3, -119, -12, -128, -21, -128, -20, -128, -21, -128, -28, -128, -28, -128, -18, -128, -1, -128, 19, -128, 37, -128, 53, -128, 74, -128, 101, -128, 127, -128, 127]",esp32_2
CSI_DATA,100430,2025-07-23 16:41:22.710,0,walk,00:00:00:00:00:00,-73,11,0,0,0,0,0,0,0,0,0,-97,0,1,0,890598629,0,14,0,0,0,104,0,"[0, 0, 19, 127, 22, 113, 19, 79, 8, 42, -8, 4, -21, -33, -30, -75, -38, -119, -47, -128, -58, -128, -65, -128, -68, -128, -62, -128, -51, -128, -43, -128, -32, -128, -19, -128, -15, -128, -16, -128, -19, -128, -29, -93, -39, -52, -57, -18, -77, 7, -85, 22, -29, -25, -26, -32, -22, -39, -14, -48, -2, -57, 9, -54, 14, -37, 18, -16, 21, 4, 19, 25, 11, 56, 2, 91, -4, 123, -19, 127, -38, 127, -57, 127, -73, 127, -86, 127, -92, 127, -88, 127, -85, 127, -84, 127, -71, 127, -49, 127, -27, 127, -8, 127]",esp32_2
CSI_DATA,100431,2025-07-23 16:41:22.716,0,walk,00:00:00:00:00:00,-73,11,0,0,0,0,0,0,0,0,0,-97,0,1,0,890631138,0,14,0,0,0,104,0,"[0, 0, 36, 127, 33, 99, 36, 68, 38, 28, 36, -23, 32, -73, 27, -112, 25, -128, 22, -128, 19, -128, 20, -128, 22, -128, 27, -128, 36, -128, 46, -128, 53, -128, 58, -128, 60, -128, 54, -128, 37, -128, 15, -113, -12, -79, -39, -50, -65, -27, -88, -15, -58, -10, -60, -24, -55, -38, -45, -47, -33, -52, -24, -53, -11, -48, 4, -34, 13, -17, 13, 9, 14, 47, 18, 86, 16, 123, 2, 127, -17, 127, -35, 127, -51, 127, -63, 127, -69, 127, -71, 127, -71, 127, -71, 127, -69, 127, -51, 127, -25, 127, -12, 127]",esp32_2
CSI_DATA,100432,2025-07-23 16:41:22.721,0,walk,00:00:00:00:00:00,-73,11,0,0,0,0,0,0,0,0,0,-97,0,1,0,890655341,0,14,0,0,0,104,0,"[0, 0, 93, 64, 83, 27, 71, -17, 54, -57, 34, -85, 15, -110, 5, -128, -4, -128, -16, -128, -34, -128, -48, -128, -47, -128, -43, -128, -45, -128, -41, -128, -31, -128, -25, -128, -22, -128, -26, -128, -33, -115, -38, -79, -54, -49, -81, -19, -101, 2, -113, 12, -26, 27, -34, 18, -46, 14, -52, 8, -52, -7, -49, -18, -35, -27, -13, -35, 12, -35, 35, -23, 57, -2, 89, 22, 115, 48, 127, 82, 127, 118, 127, 127, 127, 127, 127, 127, 127, 127, 127, 127, 127, 127, 123, 127, 120, 127, 119, 127, 116, 127, 108, 127]",esp32_2
CSI_DATA,201277,2025-07-23 16:41:22.726,0,walk,00:00:00:00:00:00,-61,11,0,0,0,0,0,0,0,0,0,-97,0,1,0,2270211761,0,14,0,0,0,104,0,"[0, 0, -48, 71, -20, 78, 6, 88, 27, 104, 43, 118, 56, 127, 66, 127, 71, 127, 72, 127, 69, 127, 66, 127, 64, 127, 61, 127, 55, 127, 51, 127, 50, 127, 50, 117, 53, 107, 58, 101, 63, 95, 68, 92, 72, 89, 72, 89, 68, 93, 64, 97, -85, 16, -95, 10, -105, 0, -112, -10, -112, -18, -106, -25, -97, -29, -89, -28, -81, -19, -73, -5, -66, 14, -64, 36, -72, 56, -85, 78, -97, 98, -110, 115, -127, 127, -128, 127, -128, 127, -128, 127, -128, 126, -128, 116, -128, 105, -128, 94, -128, 81, -128, 71]",esp32_1
CSI_DATA,100433,2025-07-23 16:41:22.726,0,walk,00:00:00:00:00:00,-72,11,0,0,0,0,0,0,0,0,0,-97,0,1,0,890710472,0,14,0,0,0,104,0,"[0, 0, 59, 7, 32, -27, 7, -55, -11, -77, -33, -93, -57, -108, -80, -117, -102, -115, -122, -110, -128, -104, -128, -95, -128, -85, -128, -76, -128, -63, -128, -49, -128, -38, -128, -26, -128, -8, -128, 13, -122, 34, -102, 53, -83, 72, -69, 94, -58, 114, -53, 127, -36, 37, -44, 25, -53, 10, -57, -5, -53, -22, -37, -38, -14, -48, 13, -50, 41, -45, 64, -34, 92, -21, 125, 1, 127, 34, 127, 65, 127, 96, 127, 127, 127, 127, 127, 127, 127, 127, 127, 127, 127, 127, 127, 127, 127, 127, 127, 127, 127, 127, 126, 127]",esp32_2
CSI_DATA,100434,2025-07-23 16:41:22.732,0,walk,00:00:00:00:00:00,-73,11,0,0,0,0,0,0,0,0,0,-97,0,1,0,890743103,0,14,0,0,0,104,0,"[0, 0, 36, 26, 51, -5, 64, -30, 70, -60, 64, -85, 52, -105, 39, -122, 25, -128, 10, -128, -11, -128, -39, -128, -62, -128, -74, -128, -82, -128, -92, -128, -102, -128, -106, -128, -109, -124, -112, -105, -113, -81, -115, -54, -114, -27, -116, -1, -123, 21, -125, 34, -39, -18, -34, -28, -24, -41, -12, -50, 5, -52, 24, -51, 46, -45, 70, -26, 87, 3, 92, 36, 93, 72, 90, 113, 80, 127, 66, 127, 49, 127, 29, 127, 11, 127, -9, 127, -31, 127, -47, 127, -56, 127, -62, 127, -59, 127, -42, 127, -23, 127, -9, 127]",esp32_2
CSI_DATA,100435,2025-07-23 16:41:22.738,0,walk,00:00:00:00:00:00,-72,11,0,0,0,0,0,0,0,0,0,-97,0,1,0,890783160,0,14,0,0,0,104,0,"[0, 0, 26, 6, 26, -16, 27, -36, 25, -54, 19, -70, 13, -80, 5, -84, -6, -87, -19, -90, -33, -91, -48, -89, -63, -86, -75, -81, -81, -75, -87, -66, -94, -58, -99, -51, -97, -42, -93, -34, -88, -24, -82, -12, -81, 1, -80, 12, -77, 23, -73, 33, -25, 4, -27, -6, -26, -13, -20, -21, -12, -28, -2, -31, 9, -32, 20, -28, 36, -16, 51, -3, 63, 14, 74, 36, 81, 62, 82, 88, 83, 108, 82, 127, 77, 127, 71, 127, 63, 127, 55, 127, 46, 127, 36, 127, 31, 127, 29, 127, 25, 111, 24, 95]",esp32_2
CSI_DATA,201279,2025-07-23 16:41:22.742,0,walk,00:00:00:00:00:00,-61,11,0,0,0,0,0,0,0,0,0,-97,0,1,0,2270233006,0,14,0,0,0,104,0,"[0, 0, 38, -56, 5, -64, -24, -75, -49, -91, -68, -106, -83, -119, -95, -128, -101, -128, -102, -128, -102, -128, -100, -128, -98, -128, -94, -128, -89, -127, -87, -112, -86, -95, -86, -82, -90, -72, -96, -62, -102, -54, -108, -51, -112, -50, -113, -50, -113, -55, -111, -60, 85, 17, 92, 27, 99, 42, 102, 56, 99, 66, 90, 69, 78, 67, 67, 63, 60, 52, 57, 33, 55, 8, 58, -17, 70, -41, 86, -64, 103, -85, 120, -102, 127, -114, 127, -121, 127, -120, 127, -114, 127, -105, 127, -97, 127, -87, 127, -76, 127, -63, 127, -53]",esp32_1
CSI_DATA,100436,2025-07-23 16:41:22.747,0,walk,00:00:00:00:00:00,-71,11,0,0,0,0,0,0,0,0,0,-97,0,1,0,890818400,0,14,0,0,0,104,0,"[0, 0, -58, -18, -75, 29, -92, 65, -98, 95, -93, 121, -86, 127, -74, 127, -59, 127, -42, 127, -15, 127, 16, 127, 40, 127, 62, 127, 85, 127, 101, 127, 113, 127, 122, 121, 127, 103, 127, 82, 127, 58, 127, 34, 127, 11, 127, -8, 127, -26, 127, -39, 66, 4, 64, 19, 57, 37, 44, 50, 24, 64, 0, 72, -22, 71, -44, 57, -70, 30, -92, -6, -99, -50, -102, -96, -107, -128, -104, -128, -94, -128, -84, -128, -68, -128, -44, -128, -23, -128, -5, -128, 9, -128, 18, -128, 20, -128, 14, -128, 8, -128, 1, -128]",esp32_2
CSI_DATA,201280,2025-07-23 16:41:22.749,0,walk,00:00:00:00:00:00,-61,11,0,0,0,0,0,0,0,0,0,-97,0,1,0,2270242145,0,14,0,0,0,104,0,"[0, 0, 60, 5, 52, -30, 50, -64, 48, -94, 48, -119, 52, -128, 59, -128, 67, -128, 75, -128, 80, -128, 82, -128, 79, -128, 74, -128, 67, -128, 54, -125, 39, -115, 23, -107, 8, -103, -7, -103, -20, -103, -28, -107, -33, -111, -34, -115, -30, -120, -25, -122, 7, 92, 1, 101, -8, 112, -18, 118, -29, 120, -39, 116, -44, 107, -43, 93, -33, 79, -16, 66, 5, 55, 29, 46, 58, 43, 89, 47, 116, 55, 127, 66, 127, 82, 127, 96, 127, 107, 127, 118, 127, 127, 127, 127, 127, 127, 127, 127, 127, 116, 117, 103]",esp32_1
CSI_DATA,100437,2025-07-23 16:41:22.752,0,walk,00:00:00:00:00:00,-71,11,0,0,0,0,0,0,0,0,0,-97,0,1,0,890842810,0,14,0,0,0,104,0,"[0, 0, 58, 3, 72, -37, 81, -68, 85, -95, 81, -122, 73, -128, 61, -128, 48, -128, 29, -128, 5, -128, -22, -128, -44, -128, -64, -128, -83, -128, -94, -128, -104, -124, -113, -105, -121, -84, -121, -62, -118, -41, -121, -17, -124, 10, -122, 29, -123, 42, -125, 52, -66, -25, -61, -35, -52, -47, -38, -61, -20, -77, 4, -80, 28, -69, 51, -52, 74, -26, 89, 6, 94, 45, 100, 93, 106, 127, 102, 127, 90, 127, 72, 127, 55, 127, 34, 127, 12, 127, -1, 127, -9, 127, -20, 127, -26, 127, -19, 127, -5, 127, 9, 127]",esp32_2
CSI_DATA,201281,2025-07-23 16:41:22.754,0,walk,00:00:00:00:00:00,-62,11,0,0,0,0,0,0,0,0,0,-97,0,1,0,2270251771,0,14,0,0,0,104,0,"[0, 0, -44, 20, -16, 44, 6, 70, 25, 97, 38, 122, 45, 127, 50, 127, 51, 127, 46, 127, 40, 127, 35, 127, 30, 127, 28, 127, 26, 127, 25, 127, 27, 115, 34, 97, 44, 83, 56, 70, 67, 61, 77, 56, 86, 55, 91, 57, 92, 62, 91, 66, -47, -76, -45, -88, -41, -104, -34, -116, -25, -122, -15, -120, -7, -113, -3, -102, -5, -86, -13, -70, -25, -53, -43, -35, -67, -22, -94, -12, -118, -4, -128, 1, -128, 2, -128, -2, -128, -10, -128, -18, -128, -25, -128, -33, -128, -39, -128, -40, -128, -38, -128, -36]",esp32_1
CSI_DATA,201282,2025-07-23 16:41:22.760,0,walk,00:00:00:00:00:00,-62,11,0,0,0,0,0,0,0,0,0,-97,0,1,0,2270261775,0,14,0,0,0,104,0,"[0, 0, 23, 44, 36, 7, 55, -26, 74, -55, 93, -79, 111, -97, 127, -110, 127, -117, 127, -119, 127, -119, 127, -116, 127, -110, 127, -102, 127, -93, 127, -86, 110, -81, 91, -78, 73, -81, 58, -87, 45, -93, 34, -98, 27, -104, 27, -109, 31, -115, 35, -116, -66, 68, -77, 71, -89, 72, -101, 68, -111, 63, -115, 55, -112, 46, -104, 39, -87, 35, -68, 37, -47, 47, -25, 59, -2, 73, 17, 92, 31, 115, 41, 127, 49, 127, 54, 127, 54, 127, 51, 127, 45, 127, 37, 127, 28, 127, 22, 127, 16, 127, 9, 127]",esp32_1
CSI_DATA,201283,2025-07-23 16:41:22.767,0,walk,00:00:00:00:00:00,-62,11,0,0,0,0,0,0,0,0,0,-97,0,1,0,2270276755,0,14,0,0,0,104,0,"[0, 0, 49, 29, 37, -8, 32, -44, 29, -79, 27, -109, 29, -128, 35, -128, 43, -128, 51, -128, 56, -128, 57, -128, 57, -128, 57, -128, 56, -128, 49, -128, 36, -127, 21, -113, 7, -104, -10, -99, -26, -96, -40, -96, -48, -97, -53, -100, -54, -106, -52, -110, -14, 86, -22, 96, -33, 106, -44, 111, -56, 113, -67, 108, -71, 98, -68, 87, -56, 76, -39, 65, -18, 59, 7, 56, 37, 55, 68, 60, 95, 69, 116, 82, 127, 100, 127, 117, 127, 127, 127, 127, 127, 127, 127, 127, 127, 127, 127, 127, 127, 127, 112, 127]",esp32_1
CSI_DATA,201284,2025-07-23 16:41:22.770,0,walk,00:00:00:00:00:00,-61,11,0,0,0,0,0,0,0,0,0,-97,0,1,0,2270283220,0,14,0,0,0,104,0,"[0, 0, -8, 62, 23, 41, 56, 25, 85, 15, 111, 7, 127, 2, 127, 2, 127, 5, 127, 11, 127, 16, 127, 23, 127, 28, 127, 30, 127, 29, 127, 24, 124, 16, 107, 4, 93, -11, 83, -26, 79, -41, 78, -53, 79, -62, 83, -66, 88, -69, 92, -70, -83, 28, -96, 23, -109, 15, -118, 6, -124, -3, -125, -11, -118, -18, -107, -21, -94, -17, -80, -8, -65, 9, -49, 27, -40, 46, -35, 72, -32, 102, -31, 127, -36, 127, -45, 127, -54, 127, -66, 127, -76, 127, -84, 127, -91, 127, -91, 127, -85, 127, -78, 127]",esp32_1
CSI_DATA,201285,2025-07-23 16:41:22.778,0,walk,00:00:00:00:00:00,-61,11,0,0,0,0,0,0,0,0,0,-97,0,1,0,2270291780,0,14,0,0,0,104,0,"[0, 0, 40, 31, 37, -8, 39, -47, 43, -81, 47, -110, 55, -128, 66, -128, 78, -128, 88, -128, 97, -128, 101, -128, 102, -128, 100, -128, 94, -128, 82, -123, 65, -106, 47, -93, 28, -86, 7, -81, -13, -78, -29, -79, -40, -82, -46, -88, -46, -97, -45, -103, -43, 76, -53, 83, -66, 88, -78, 91, -89, 90, -97, 84, -100, 76, -95, 67, -83, 58, -67, 53, -47, 53, -21, 53, 8, 57, 36, 67, 59, 81, 78, 98, 95, 118, 112, 127, 125, 127, 127, 127, 127, 127, 124, 127, 115, 127, 105, 127, 94, 127, 84, 127]",esp32_1
CSI_DATA,201287,2025-07-23 16:41:22.795,0,walk,00:00:00:00:00:00,-62,11,0,0,0,0,0,0,0,0,0,-97,0,1,0,2270311780,0,14,0,0,0,104,0,"[0, 0, -78, 8, -29, 16, 17, 29, 60, 49, 98, 70, 127, 90, 127, 110, 127, 127, 127, 127, 127, 127, 127, 127, 127, 127, 127, 127, 127, 127, 124, 127, 106, 127, 90, 115, 81, 88, 79, 60, 80, 32, 86, 10, 94, -5, 102, -15, 110, -21, 115, -23, -44, -81, -44, -98, -44, -118, -43, -128, -38, -128, -29, -128, -20, -128, -14, -128, -15, -128, -21, -118, -28, -100, -42, -79, -64, -58, -88, -39, -113, -21, -128, -1, -128, 14, -128, 22, -128, 25, -128, 28, -128, 30, -128, 29, -128, 22, -128, 16, -128, 10, -128, 2]",esp32_1
CSI_DATA,100439,2025-07-23 16:41:22.795,0,walk,00:00:00:00:00:00,-73,11,0,0,0,0,0,0,0,0,0,-97,0,1,0,890892953,0,14,0,0,0,104,0,"[0, 0, 42, -7, 53, -48, 61, -83, 74, -118, 76, -128, 60, -128, 45, -128, 37, -128, 27, -128, 7, -128, -20, -128, -40, -128, -51, -128, -61, -128, -72, -128, -80, -128, -89, -128, -94, -105, -93, -81, -95, -54, -97, -25, -96, 2, -96, 31, -101, 58, -109, 72, -62, -25, -57, -35, -46, -51, -30, -64, -6, -70, 25, -67, 47, -58, 65, -42, 85, -14, 101, 20, 112, 54, 115, 96, 103, 127, 89, 127, 79, 127, 64, 127, 41, 127, 21, 127, 8, 127, -4, 127, -17, 127, -28, 127, -31, 127, -23, 127, -12, 127, -7, 127]",esp32_2
CSI_DATA,201288,2025-07-23 16:41:22.799,0,walk,00:00:00:00:00:00,-62,11,0,0,0,0,0,0,0,0,0,-97,0,1,0,2270321784,0,14,0,0,0,104,0,"[0, 0, 16, 83, 15, 41, 24, -2, 36, -41, 50, -76, 66, -106, 87, -128, 110, -128, 127, -128, 127, -128, 127, -128, 127, -128, 127, -128, 127, -128, 127, -114, 127, -97, 117, -84, 97, -78, 74, -75, 52, -74, 34, -79, 20, -85, 10, -94, 7, -103, 9, -108, -54, 59, -63, 66, -74, 71, -87, 75, -99, 76, -107, 74, -110, 70, -110, 67, -102, 63, -88, 63, -74, 67, -55, 71, -33, 78, -13, 90, 4, 108, 20, 127, 36, 127, 49, 127, 60, 127, 65, 127, 66, 127, 65, 127, 61, 127, 54, 127, 47, 127, 41, 127]",esp32_1
CSI_DATA,201289,2025-07-23 16:41:22.805,0,walk,00:00:00:00:00:00,-62,11,0,0,0,0,0,0,0,0,0,-97,0,1,0,2270331771,0,14,0,0,0,104,0,"[0, 0, 77, -19, 39, -15, 0, -15, -39, -22, -74, -31, -104, -42, -128, -56, -128, -69, -128, -80, -128, -92, -128, -106, -128, -117, -128, -123, -128, -126, -128, -121, -121, -109, -105, -95, -93, -79, -84, -60, -80, -39, -80, -22, -83, -7, -86, 5, -93, 11, -98, 12, 53, 42, 59, 54, 64, 67, 68, 80, 70, 90, 67, 96, 61, 98, 58, 96, 58, 88, 60, 75, 63, 59, 70, 41, 81, 23, 97, 5, 110, -13, 121, -31, 127, -45, 127, -56, 127, -64, 127, -68, 127, -69, 127, -69, 127, -69, 127, -65, 127, -55, 127, -44]",esp32_1
CSI_DATA,100440,2025-07-23 16:41:22.820,0,walk,00:00:00:00:00:00,-75,11,0,0,0,0,0,0,0,0,0,-97,0,1,0,890927909,0,14,0,0,0,104,0,"[0, 0, -19, -14, -47, 18, -73, 48, -85, 67, -85, 94, -86, 122, -82, 127, -70, 127, -53, 127, -32, 127, -13, 127, -3, 127, 5, 127, 18, 127, 33, 127, 40, 127, 39, 127, 42, 127, 45, 98, 37, 64, 28, 31, 24, 2, 23, -30, 26, -63, 30, -91, -40, 99, -50, 80, -62, 64, -71, 49, -70, 25, -60, -4, -52, -30, -42, -62, -23, -99, 0, -124, 31, -128, 63, -128, 90, -128, 118, -128, 127, -128, 127, -128, 127, -128, 127, -128, 127, -128, 127, -128, 127, -128, 127, -121, 127, -114, 127, -112, 117, -96, 88, -81]",esp32_2
CSI_DATA,201290,2025-07-23 16:41:22.841,0,walk,00:00:00:00:00:00,-62,11,0,0,0,0,0,0,0,0,0,-97,0,1,0,2270341824,0,14,0,0,0,104,0,"[0, 0, -64, 66, -31, 44, 5, 24, 38, 12, 70, 3, 102, -5, 127, -7, 127, -6, 127, -1, 127, 8, 127, 20, 127, 31, 127, 41, 127, 48, 127, 51, 127, 49, 127, 44, 123, 34, 109, 22, 98, 8, 91, -5, 87, -17, 86, -27, 88, -35, 90, -39, -71, 4, -81, 0, -93, -8, -103, -16, -110, -22, -113, -26, -112, -28, -107, -28, -101, -24, -95, -15, -87, 0, -79, 17, -78, 35, -80, 57, -81, 83, -86, 108, -95, 127, -104, 127, -112, 127, -120, 127, -128, 127, -128, 127, -128, 127, -128, 127, -128, 127, -128, 127]",esp32_1
CSI_DATA,100441,2025-07-23 16:41:22.853,0,walk,00:00:00:00:00:00,-75,11,0,0,0,0,0,0,0,0,0,-97,0,1,0,890953990,0,14,0,0,0,104,0,"[0, 0, 15, -9, -6, -33, -33, -50, -61, -65, -86, -69, -114, -68, -128, -65, -128, -55, -128, -41, -128, -24, -128, 1, -128, 26, -128, 46, -128, 62, -128, 75, -128, 82, -128, 75, -128, 67, -128, 62, -97, 49, -62, 32, -25, 15, 3, -2, 27, -16, 47, -19, -46, -103, -32, -105, -10, -103, 10, -95, 30, -83, 55, -69, 77, -51, 98, -29, 115, -2, 126, 27, 127, 55, 127, 85, 122, 120, 123, 127, 117, 127, 111, 127, 111, 127, 104, 127, 97, 127, 94, 127, 87, 127, 79, 127, 75, 127, 73, 127, 66, 127, 58, 114]",esp32_2
CSI_DATA,100442,2025-07-23 16:41:22.875,0,walk,00:00:00:00:00:00,-76,11,0,0,0,0,0,0,0,0,0,-97,0,1,0,890992332,0,14,0,0,0,104,0,"[0, 0, 6, 17, -15, -16, -34, -33, -61, -44, -90, -57, -115, -60, -128, -52, -128, -33, -128, -6, -128, 18, -128, 38, -128, 62, -128, 88, -128, 106, -128, 118, -128, 127, -128, 127, -128, 123, -118, 104, -87, 91, -56, 74, -22, 47, 4, 22, 25, -1, 48, -24, -40, -90, -28, -92, -8, -91, 12, -83, 35, -66, 60, -51, 88, -37, 112, -18, 127, 4, 127, 25, 127, 46, 127, 78, 127, 114, 127, 127, 127, 127, 127, 127, 127, 127, 126, 127, 119, 127, 108, 127, 97, 127, 93, 127, 89, 127, 78, 127, 63, 127, 47, 127]",esp32_2
CSI_DATA,201292,2025-07-23 16:41:22.930,0,walk,00:00:00:00:00:00,-62,11,0,0,0,0,0,0,0,0,0,-97,0,1,0,2270361787,0,14,0,0,0,104,0,"[0, 0, -48, 88, -20, 64, 12, 43, 41, 28, 69, 16, 98, 7, 126, 2, 127, 3, 127, 8, 127, 15, 127, 24, 127, 33, 127, 42, 127, 48, 127, 50, 127, 51, 127, 48, 127, 41, 120, 32, 110, 21, 104, 11, 100, 3, 97, -4, 99, -9, 100, -11, -64, 28, -75, 28, -87, 25, -97, 22, -106, 20, -109, 17, -109, 13, -106, 11, -101, 12, -93, 18, -81, 30, -69, 44, -61, 59, -57, 79, -54, 103, -53, 127, -55, 127, -61, 127, -68, 127, -76, 127, -85, 127, -95, 127, -103, 127, -106, 127, -103, 127, -100, 127]",esp32_1
CSI_DATA,201293,2025-07-23 16:41:22.962,0,walk,00:00:00:00:00:00,-62,11,0,0,0,0,0,0,0,0,0,-97,0,1,0,2270372752,0,14,0,0,0,104,0,"[0, 0, 108, -63, 66, -57, 25, -55, -14, -65, -51, -77, -86, -92, -116, -107, -128, -122, -128, -128, -128, -128, -128, -128, -128, -128, -128, -128, -128, -128, -128, -128, -116, -128, -102, -128, -93, -128, -88, -128, -86, -119, -89, -107, -93, -94, -95, -84, -96, -81, -99, -83, 79, 1, 91, 7, 106, 17, 120, 27, 127, 37, 125, 46, 120, 52, 114, 52, 111, 48, 109, 37, 104, 18, 100, -3, 106, -24, 117, -46, 127, -72, 127, -98, 127, -119, 127, -128, 127, -128, 127, -128, 127, -128, 127, -128, 127, -128, 127, -128, 127, -112, 127, -96]",esp32_1
CSI_DATA,100444,2025-07-23 16:41:22.962,0,walk,00:00:00:00:00:00,-75,11,0,0,0,0,0,0,0,0,0,-97,0,1,0,891665662,0,14,0,0,0,104,0,"[0, 0, 119, -85, 92, -79, 63, -57, 36, -34, -1, -14, -45, 14, -91, 56, -128, 91, -128, 117, -128, 127, -128, 127, -128, 127, -128, 127, -128, 127, -128, 127, -128, 127, -128, 127, -128, 107, -128, 89, -128, 73, -128, 55, -95, 45, -44, 45, 5, 50, 38, 57, 38, -25, 23, -19, 8, -10, -11, -5, -26, -4, -33, -8, -33, -11, -31, -13, -28, -12, -20, -12, -11, -20, -4, -22, 10, -20, 38, -25, 65, -26, 92, -30, 121, -38, 127, -42, 127, -41, 127, -38, 127, -38, 127, -45, 127, -58, 127, -74, 127, -88, 127, -97]",esp32_2
CSI_DATA,201294,2025-07-23 16:41:22.989,0,walk,00:00:00:00:00:00,-62,11,0,0,0,0,0,0,0,0,0,-97,0,1,0,2270381784,0,14,0,0,0,104,0,"[0, 0, 58, 77, 52, 45, 51, 15, 52, -16, 55, -48, 62, -76, 73, -99, 88, -118, 102, -128, 114, -128, 125, -128, 127, -128, 127, -128, 127, -128, 127, -121, 127, -109, 127, -97, 117, -90, 105, -86, 92, -84, 79, -83, 71, -83, 66, -84, 65, -86, 66, -83, 3, 65, 1, 73, -4, 82, -9, 91, -15, 99, -23, 102, -29, 102, -29, 99, -24, 92, -15, 86, -4, 84, 12, 81, 33, 79, 53, 82, 71, 90, 88, 102, 105, 118, 122, 127, 127, 127, 127, 127, 127, 127, 127, 127, 127, 127, 120, 127, 107, 127, 97, 127]",esp32_1
CSI_DATA,100445,2025-07-23 16:41:22.998,0,walk,00:00:00:00:00:00,-76,11,0,0,0,0,0,0,0,0,0,-97,0,1,0,891679274,0,14,0,0,0,104,0,"[0, 0, 65, 120, 61, 89, 47, 65, 25, 32, 1, -12, -20, -57, -38, -101, -54, -128, -75, -128, -97, -128, -112, -128, -121, -128, -127, -128, -123, -128, -105, -128, -88, -128, -80, -128, -67, -128, -48, -128, -33, -128, -23, -128, -24, -105, -37, -62, -53, -23, -61, 7, 8, 36, 10, 26, 10, 13, 2, -2, -4, -16, -5, -27, 0, -33, 9, -33, 12, -25, 11, -17, 7, -6, 10, 13, 18, 35, 12, 63, 6, 89, 7, 108, -3, 127, -10, 127, -7, 127, -4, 127, 2, 127, 9, 127, 16, 127, 24, 127, 34, 127, 44, 127]",esp32_2
CSI_DATA,201295,2025-07-23 16:41:23.018,0,walk,00:00:00:00:00:00,-62,11,0,0,0,0,0,0,0,0,0,-97,0,1,0,2270394155,0,14,0,0,0,104,0,"[0, 0, -93, 37, -61, 41, -31, 46, -5, 59, 19, 75, 40, 91, 57, 107, 70, 121, 76, 127, 79, 127, 79, 127, 76, 127, 69, 127, 61, 127, 54, 127, 46, 127, 39, 127, 36, 127, 35, 127, 37, 118, 41, 110, 44, 104, 46, 99, 45, 100, 43, 101, -57, -4, -67, -8, -80, -15, -88, -22, -91, -28, -90, -33, -88, -36, -85, -37, -83, -32, -82, -23, -80, -12, -81, 2, -89, 18, -101, 35, -110, 50, -120, 65, -128, 77, -128, 84, -128, 87, -128, 88, -128, 84, -128, 78, -128, 73, -128, 66, -128, 57, -128, 47]",esp32_1
CSI_DATA,100446,2025-07-23 16:41:23.037,0,walk,00:00:00:00:00:00,-76,11,0,0,0,0,0,0,0,0,0,-97,0,1,0,891681565,0,14,0,0,0,104,0,"[0, 0, -128, -57, -109, -40, -75, -17, -37, 7, 1, 23, 45, 31, 88, 39, 127, 56, 127, 77, 127, 99, 127, 122, 127, 127, 127, 127, 127, 127, 127, 127, 127, 127, 127, 127, 127, 127, 127, 127, 127, 127, 111, 92, 81, 53, 62, 13, 50, -24, 43, -50, -39, -24, -25, -14, -12, -3, 0, 1, 9, 4, 13, 11, 14, 18, 11, 27, 7, 31, -2, 21, -11, 13, -20, 2, -30, -19, -53, -43, -78, -64, -90, -79, -100, -94, -116, -115, -128, -128, -128, -128, -128, -128, -128, -128, -128, -128, -128, -128, -128, -110, -128, -102]",esp32_2
CSI_DATA,201296,2025-07-23 16:41:23.057,0,walk,00:00:00:00:00:00,-62,11,0,0,0,0,0,0,0,0,0,-97,0,1,0,2270401796,0,14,0,0,0,104,0,"[0, 0, 86, -53, 55, -54, 25, -59, 0, -72, -23, -85, -44, -98, -62, -112, -77, -125, -84, -128, -85, -128, -85, -128, -83, -128, -78, -128, -71, -128, -64, -128, -56, -128, -51, -128, -48, -128, -48, -128, -50, -122, -54, -117, -55, -114, -55, -111, -54, -109, -53, -109, 61, -5, 68, -1, 79, 5, 89, 11, 94, 17, 92, 22, 89, 24, 86, 23, 84, 20, 82, 10, 79, -6, 81, -21, 90, -35, 100, -53, 108, -71, 118, -86, 127, -99, 127, -108, 127, -112, 127, -110, 127, -106, 127, -101, 127, -93, 127, -84, 127, -72, 127, -62]",esp32_1
CSI_DATA,100447,2025-07-23 16:41:23.067,0,walk,00:00:00:00:00:00,-76,11,0,0,0,0,0,0,0,0,0,-97,0,1,0,891687190,0,14,0,0,0,104,0,"[0, 0, 127, 46, 110, 34, 78, 16, 47, -4, 10, -19, -37, -46, -87, -72, -127, -81, -128, -91, -128, -111, -128, -128, -128, -128, -128, -128, -128, -128, -128, -128, -128, -128, -128, -128, -128, -128, -128, -128, -128, -128, -112, -98, -93, -63, -79, -29, -63, 9, -47, 37, 35, 17, 20, 14, 4, 9, -6, 1, -15, -10, -23, -21, -27, -24, -26, -29, -19, -34, -9, -28, 4, -19, 23, -5, 41, 15, 53, 36, 65, 57, 85, 73, 103, 86, 115, 105, 127, 127, 127, 127, 127, 127, 127, 127, 127, 127, 127, 127, 127, 119, 127, 102]",esp32_2
CSI_DATA,201297,2025-07-23 16:41:23.089,0,walk,00:00:00:00:00:00,-62,11,0,0,0,0,0,0,0,0,0,-97,0,1,0,2270411867,0,14,0,0,0,104,0,"[0, 0, -28, -90, -40, -64, -57, -39, -74, -19, -90, -1, -108, 12, -128, 22, -128, 28, -128, 30, -128, 30, -128, 29, -128, 23, -128, 17, -128, 13, -128, 10, -128, 9, -128, 9, -128, 11, -128, 14, -128, 17, -128, 22, -127, 24, -125, 23, -126, 21, -127, 18, 15, -67, 21, -73, 28, -78, 35, -82, 45, -85, 51, -85, 51, -82, 47, -78, 38, -75, 28, -75, 13, -79, -4, -86, -17, -94, -30, -107, -43, -126, -52, -128, -59, -128, -63, -128, -63, -128, -57, -128, -48, -128, -39, -128, -30, -128, -21, -128, -15, -128, -12, -128]",esp32_1
CSI_DATA,201298,2025-07-23 16:41:23.120,0,walk,00:00:00:00:00:00,-61,11,0,0,0,0,0,0,0,0,0,-97,0,1,0,2270421790,0,14,0,0,0,104,0,"[0, 0, 16, -89, -8, -75, -33, -64, -56, -59, -78, -56, -99, -55, -120, -57, -128, -61, -128, -67, -128, -73, -128, -80, -128, -84, -128, -86, -128, -87, -128, -83, -128, -77, -123, -70, -120, -63, -118, -55, -118, -49, -118, -47, -118, -45, -117, -45, -116, -48, -115, -53, 41, -51, 50, -54, 62, -54, 72, -52, 78, -49, 80, -45, 77, -41, 72, -39, 64, -40, 53, -45, 40, -56, 29, -70, 23, -87, 21, -106, 19, -128, 18, -128, 24, -128, 35, -128, 47, -128, 58, -128, 68, -128, 77, -128, 84, -128, 85, -128, 80, -128, 74, -128]",esp32_1
CSI_DATA,100449,2025-07-23 16:41:23.173,0,walk,00:00:00:00:00:00,-75,11,0,0,0,0,0,0,0,0,0,-97,0,1,0,891705639,0,14,0,0,0,104,0,"[0, 0, -90, 103, -67, 93, -34, 80, -4, 72, 26, 57, 63, 36, 97, 11, 127, -16, 127, -38, 127, -58, 127, -79, 127, -87, 127, -83, 127, -77, 127, -67, 127, -52, 127, -32, 127, -17, 127, -7, 127, -3, 127, -13, 127, -24, 94, -32, 60, -47, 39, -62, -34, 25, -26, 11, -14, -5, -4, -18, 5, -26, 15, -26, 25, -24, 36, -21, 46, -13, 43, -1, 26, 20, 8, 36, -8, 44, -38, 57, -77, 75, -109, 91, -128, 102, -128, 99, -128, 90, -128, 89, -128, 94, -128, 94, -128, 89, -128, 91, -128, 101, -128, 108]",esp32_2
CSI_DATA,100450,2025-07-23 16:41:23.204,0,walk,00:00:00:00:00:00,-76,11,0,0,0,0,0,0,0,0,0,-97,0,1,0,891715602,0,14,0,0,0,104,0,"[0, 0, -72, 106, -43, 90, -15, 84, 12, 68, 38, 39, 66, 8, 92, -25, 115, -60, 127, -92, 127, -120, 127, -128, 127, -128, 127, -128, 127, -128, 127, -128, 127, -128, 127, -128, 127, -112, 127, -92, 127, -77, 127, -68, 119, -65, 73, -65, 40, -66, 12, -68, -28, 33, -24, 15, -16, -3, -6, -17, 4, -26, 13, -29, 23, -29, 30, -23, 33, -16, 29, -9, 16, 5, 7, 25, -2, 45, -22, 65, -54, 79, -88, 92, -116, 116, -128, 127, -128, 127, -128, 126, -128, 123, -128, 125, -128, 127, -128, 127, -128, 127, -128, 127]",esp32_2
CSI_DATA,201300,2025-07-23 16:41:23.214,0,walk,00:00:00:00:00:00,-62,11,0,0,0,0,0,0,0,0,0,-97,0,1,0,2270441970,0,14,0,0,0,104,0,"[0, 0, -21, -79, -41, -53, -64, -31, -86, -14, -106, 0, -126, 10, -128, 16, -128, 18, -128, 16, -128, 13, -128, 11, -128, 9, -128, 5, -128, 3, -128, 3, -128, 7, -128, 14, -124, 23, -117, 32, -112, 40, -111, 45, -113, 50, -115, 52, -119, 51, -121, 48, 41, -71, 51, -73, 63, -73, 74, -72, 84, -69, 89, -63, 86, -55, 78, -50, 64, -46, 46, -47, 26, -57, 7, -70, -9, -85, -22, -105, -32, -128, -39, -128, -42, -128, -40, -128, -34, -128, -24, -128, -11, -128, 1, -128, 8, -128, 13, -128, 16, -128, 17, -128]",esp32_1
CSI_DATA,100451,2025-07-23 16:41:23.243,0,walk,00:00:00:00:00:00,-76,11,0,0,0,0,0,0,0,0,0,-97,0,1,0,891734164,0,14,0,0,0,104,0,"[0, 0, 127, 8, 100, -7, 65, -20, 25, -26, -19, -26, -66, -33, -113, -37, -128, -35, -128, -32, -128, -27, -128, -33, -128, -44, -128, -55, -128, -71, -128, -81, -128, -85, -128, -90, -128, -95, -128, -97, -128, -89, -128, -69, -119, -38, -81, -4, -52, 28, -31, 51, 38, 0, 25, 7, 8, 10, -5, 2, -14, -6, -25, -6, -35, -4, -37, -7, -33, -10, -22, -10, -8, -7, 10, -4, 34, 2, 52, 6, 69, 13, 97, 30, 127, 45, 127, 59, 127, 73, 127, 79, 127, 85, 127, 91, 127, 89, 127, 80, 127, 67, 127, 59]",esp32_2
CSI_DATA,201301,2025-07-23 16:41:23.247,0,walk,00:00:00:00:00:00,-62,11,0,0,0,0,0,0,0,0,0,-97,0,1,0,2270454130,0,14,0,0,0,104,0,"[0, 0, 19, -77, -13, -60, -45, -47, -74, -42, -100, -39, -124, -39, -128, -41, -128, -44, -128, -50, -128, -58, -128, -65, -128, -67, -128, -66, -128, -64, -128, -59, -128, -50, -121, -37, -113, -23, -109, -10, -108, 2, -110, 11, -113, 17, -116, 20, -121, 20, -124, 17, 74, -37, 85, -34, 98, -27, 108, -19, 115, -11, 115, -3, 107, 4, 98, 7, 85, 4, 71, -6, 56, -22, 44, -43, 38, -66, 35, -91, 35, -120, 38, -128, 48, -128, 61, -128, 75, -128, 89, -128, 100, -128, 108, -128, 113, -128, 114, -128, 107, -128, 100, -128]",esp32_1
CSI_DATA,100452,2025-07-23 16:41:23.270,0,walk,00:00:00:00:00:00,-76,11,0,0,0,0,0,0,0,0,0,-97,0,1,0,891735600,0,14,0,0,0,104,0,"[0, 0, 0, -110, -4, -80, -7, -52, -13, -17, -21, 25, -20, 67, -16, 113, -19, 127, -21, 127, -20, 127, -20, 127, -21, 127, -28, 127, -40, 127, -51, 127, -54, 127, -54, 127, -61, 127, -66, 127, -55, 127, -38, 127, -17, 101, 9, 62, 35, 29, 54, 13, 6, -41, 7, -32, 7, -16, 7, -1, 3, 12, 0, 24, 1, 31, -3, 31, -9, 27, -11, 19, -14, 6, -21, -9, -17, -25, -2, -44, 15, -62, 27, -85, 36, -116, 46, -128, 60, -128, 72, -128, 72, -128, 75, -128, 78, -128, 70, -128, 57, -128, 43, -128]",esp32_2
CSI_DATA,201302,2025-07-23 16:41:23.277,0,walk,00:00:00:00:00:00,-62,11,0,0,0,0,0,0,0,0,0,-97,0,1,0,2270461767,0,14,0,0,0,104,0,"[0, 0, -63, 40, -28, 49, 5, 60, 34, 77, 58, 97, 76, 113, 90, 127, 101, 127, 111, 127, 116, 127, 114, 127, 106, 127, 93, 127, 81, 127, 73, 127, 69, 115, 68, 98, 70, 83, 75, 70, 82, 57, 92, 47, 102, 39, 108, 34, 110, 38, 109, 45, -77, -32, -84, -45, -90, -61, -92, -73, -90, -84, -81, -91, -68, -93, -58, -88, -51, -74, -50, -53, -51, -28, -57, -2, -71, 23, -89, 43, -108, 60, -127, 75, -128, 88, -128, 95, -128, 95, -128, 90, -128, 83, -128, 75, -128, 73, -128, 72, -128, 61, -128, 49]",esp32_1
CSI_DATA,100453,2025-07-23 16:41:23.297,0,walk,00:00:00:00:00:00,-76,11,0,0,0,0,0,0,0,0,0,-97,0,1,0,891745604,0,14,0,0,0,104,0,"[0, 0, -101, -1, -72, 5, -39, 7, -2, 14, 36, 15, 77, 11, 121, 6, 127, -5, 127, -11, 127, -12, 127, -16, 127, -15, 127, -7, 127, 2, 127, 9, 127, 18, 127, 27, 127, 31, 127, 29, 127, 24, 127, 16, 95, 5, 56, -16, 26, -42, 5, -59, -49, -7, -38, -15, -23, -15, -6, -13, 4, -9, 8, -6, 16, -6, 21, 1, 18, 7, 15, 6, 5, 7, -10, 4, -30, -6, -49, -17, -66, -28, -89, -38, -116, -45, -128, -55, -128, -64, -128, -71, -128, -77, -128, -80, -128, -76, -128, -64, -128, -54, -128, -51]",esp32_2
CSI_DATA,201303,2025-07-23 16:41:23.305,0,walk,00:00:00:00:00:00,-62,11,0,0,0,0,0,0,0,0,0,-97,0,1,0,2270471789,0,14,0,0,0,104,0,"[0, 0, 69, 10, 45, -19, 29, -48, 14, -79, 2, -109, -5, -128, -7, -128, -5, -128, -2, -128, 4, -128, 9, -128, 14, -128, 19, -128, 22, -128, 20, -128, 14, -128, 5, -120, -5, -105, -18, -95, -36, -86, -52, -83, -63, -83, -69, -86, -71, -90, -70, -95, 23, 82, 20, 95, 15, 109, 7, 120, -4, 127, -16, 126, -25, 119, -29, 110, -24, 96, -12, 79, 4, 63, 26, 49, 54, 37, 83, 32, 109, 31, 127, 32, 127, 38, 127, 46, 127, 56, 127, 68, 127, 78, 127, 88, 127, 95, 127, 94, 127, 88, 127, 84]",esp32_1
CSI_DATA,201304,2025-07-23 16:41:23.326,0,walk,00:00:00:00:00:00,-62,11,0,0,0,0,0,0,0,0,0,-97,0,1,0,2270483398,0,14,0,0,0,104,0,"[0, 0, 72, 28, 50, -7, 35, -41, 22, -74, 13, -104, 10, -128, 12, -128, 18, -128, 28, -128, 36, -128, 43, -128, 49, -128, 53, -128, 56, -128, 53, -128, 44, -128, 33, -120, 18, -105, 0, -94, -17, -87, -34, -85, -47, -85, -54, -90, -55, -98, -54, -104, 10, 85, 8, 97, 2, 110, -9, 120, -21, 126, -32, 127, -39, 121, -41, 111, -36, 97, -24, 83, -9, 72, 12, 59, 40, 47, 69, 44, 96, 45, 121, 51, 127, 61, 127, 71, 127, 79, 127, 89, 127, 99, 127, 109, 127, 117, 127, 117, 127, 110, 127, 103]",esp32_1
CSI_DATA,100454,2025-07-23 16:41:23.326,0,walk,00:00:00:00:00:00,-76,11,0,0,0,0,0,0,0,0,0,-97,0,1,0,891757862,0,14,0,0,0,104,0,"[0, 0, -112, -46, -79, -28, -40, -20, 2, -10, 50, -3, 102, 0, 127, 0, 127, 3, 127, 7, 127, 11, 127, 17, 127, 27, 127, 42, 127, 55, 127, 56, 127, 57, 127, 61, 127, 64, 127, 65, 127, 53, 127, 33, 98, 12, 54, -11, 13, -37, -9, -58, -45, -42, -27, -34, -10, -28, 0, -22, 5, -15, 10, -7, 16, 0, 18, 6, 20, 6, 23, -1, 15, -8, 1, -17, -12, -34, -31, -52, -54, -68, -72, -85, -93, -98, -117, -116, -128, -128, -128, -128, -128, -128, -128, -128, -128, -128, -128, -121, -128, -106, -128, -95]",esp32_2
CSI_DATA,100455,2025-07-23 16:41:23.351,0,walk,00:00:00:00:00:00,-75,11,0,0,0,0,0,0,0,0,0,-97,0,1,0,891765600,0,14,0,0,0,104,0,"[0, 0, -16, -113, -10, -83, 1, -38, 13, 0, 25, 34, 44, 75, 60, 116, 72, 127, 90, 127, 107, 127, 127, 127, 127, 127, 127, 127, 127, 127, 127, 127, 113, 127, 97, 127, 77, 127, 64, 127, 57, 127, 47, 127, 35, 84, 31, 40, 36, 0, 44, -29, 8, -41, 12, -26, 15, -14, 15, -7, 11, 0, 8, 9, 4, 18, 7, 23, 11, 22, 12, 17, 15, 9, 12, -6, 8, -30, 16, -56, 24, -77, 24, -100, 33, -128, 42, -128, 40, -128, 41, -128, 42, -128, 34, -128, 21, -128, 14, -128, 8, -128, 1, -128]",esp32_2
CSI_DATA,201305,2025-07-23 16:41:23.361,0,walk,00:00:00:00:00:00,-62,11,0,0,0,0,0,0,0,0,0,-97,0,1,0,2270491763,0,14,0,0,0,104,0,"[0, 0, 50, -62, 13, -52, -25, -46, -62, -47, -94, -50, -124, -55, -128, -63, -128, -71, -128, -84, -128, -97, -128, -107, -128, -113, -128, -114, -128, -110, -128, -101, -123, -86, -108, -68, -97, -49, -92, -28, -90, -10, -92, 6, -97, 17, -102, 24, -109, 27, -115, 25, 85, 21, 94, 30, 104, 45, 109, 59, 110, 71, 105, 78, 97, 81, 88, 82, 79, 75, 71, 58, 65, 35, 62, 12, 67, -11, 76, -38, 85, -67, 93, -94, 108, -119, 127, -128, 127, -128, 127, -128, 127, -128, 127, -128, 127, -128, 127, -128, 127, -124, 127, -110]",esp32_1
CSI_DATA,100456,2025-07-23 16:41:23.388,0,walk,00:00:00:00:00:00,-76,11,0,0,0,0,0,0,0,0,0,-97,0,1,0,891777218,0,14,0,0,0,104,0,"[0, 0, -111, 78, -88, 64, -49, 39, -3, 5, 35, -32, 64, -69, 90, -101, 113, -128, 127, -128, 127, -128, 127, -128, 127, -128, 127, -128, 127, -128, 127, -128, 127, -128, 127, -128, 127, -128, 127, -128, 127, -124, 112, -91, 75, -69, 35, -58, -8, -45, -41, -39, -41, 13, -39, 4, -27, -6, -12, -12, -3, -16, 4, -16, 12, -6, 11, -3, 9, -5, 9, -5, 9, -5, 2, -1, -16, 5, -43, 8, -76, 8, -112, 10, -128, 19, -128, 34, -128, 44, -128, 48, -128, 52, -128, 61, -128, 70, -128, 78, -128, 87, -128, 93]",esp32_2
CSI_DATA,100457,2025-07-23 16:41:23.414,0,walk,00:00:00:00:00:00,-76,11,0,0,0,0,0,0,0,0,0,-97,0,1,0,891785611,0,14,0,0,0,104,0,"[0, 0, 3, 123, 3, 92, 5, 61, 8, 23, 9, -23, -4, -73, -22, -121, -32, -128, -41, -128, -58, -128, -72, -128, -82, -128, -82, -128, -67, -128, -59, -128, -55, -128, -40, -128, -17, -128, -2, -128, 0, -128, -7, -128, -10, -122, -18, -78, -37, -37, -51, -3, -13, 55, -12, 40, -18, 23, -20, 6, -16, -14, -10, -26, 1, -35, 11, -43, 14, -35, 10, -26, 3, -19, 0, 5, -7, 33, -16, 58, -19, 84, -30, 105, -49, 127, -66, 127, -82, 127, -91, 127, -90, 127, -88, 127, -78, 127, -59, 127, -42, 127, -32, 127]",esp32_2
CSI_DATA,201307,2025-07-23 16:41:23.452,0,walk,00:00:00:00:00:00,-62,11,0,0,0,0,0,0,0,0,0,-97,0,1,0,2270511780,0,14,0,0,0,104,0,"[0, 0, 46, 66, 41, 29, 45, -8, 49, -43, 54, -76, 64, -105, 80, -128, 99, -128, 115, -128, 127, -128, 127, -128, 127, -128, 127, -128, 127, -128, 127, -119, 117, -104, 101, -94, 84, -89, 66, -87, 48, -87, 34, -90, 24, -96, 19, -101, 20, -107, 21, -112, -23, 77, -31, 85, -41, 94, -52, 100, -63, 104, -71, 104, -75, 99, -74, 92, -67, 83, -56, 75, -40, 73, -20, 71, 2, 72, 26, 78, 46, 90, 65, 104, 84, 121, 100, 127, 113, 127, 121, 127, 124, 127, 124, 127, 118, 127, 107, 127, 94, 127, 85, 127]",esp32_1
CSI_DATA,201308,2025-07-23 16:41:23.485,0,walk,00:00:00:00:00:00,-62,11,0,0,0,0,0,0,0,0,0,-97,0,1,0,2270522132,0,14,0,0,0,104,0,"[0, 0, -80, 34, -45, 37, -11, 45, 20, 59, 50, 76, 74, 94, 91, 113, 102, 127, 109, 127, 108, 127, 102, 127, 96, 127, 85, 127, 73, 127, 63, 127, 55, 127, 49, 127, 49, 111, 53, 97, 59, 84, 67, 75, 74, 69, 79, 67, 83, 70, 84, 73, -73, -22, -81, -30, -91, -42, -97, -54, -97, -64, -93, -70, -87, -72, -82, -73, -79, -68, -78, -57, -75, -42, -75, -24, -83, -4, -94, 15, -105, 33, -117, 49, -128, 63, -128, 75, -128, 81, -128, 83, -128, 84, -128, 81, -128, 74, -128, 66, -128, 57, -128, 47]",esp32_1
CSI_DATA,100459,2025-07-23 16:41:23.511,0,walk,00:00:00:00:00:00,-76,11,0,0,0,0,0,0,0,0,0,-97,0,1,0,891805575,0,14,0,0,0,104,0,"[0, 0, 100, 89, 87, 68, 72, 48, 47, 25, 17, 12, -19, -3, -66, -24, -113, -41, -128, -50, -128, -61, -128, -80, -128, -103, -128, -126, -128, -128, -128, -128, -128, -128, -128, -128, -128, -128, -128, -128, -128, -128, -128, -105, -95, -82, -56, -52, -34, -17, -13, 11, 17, 47, 16, 30, 12, 17, 7, 8, 2, -6, -6, -25, -12, -38, -15, -41, -15, -39, -15, -36, -13, -26, -11, -3, -7, 21, 0, 37, 8, 58, 10, 90, 9, 118, 11, 127, 23, 127, 39, 127, 50, 127, 58, 127, 66, 127, 76, 127, 88, 127, 99, 127]",esp32_2
CSI_DATA,201309,2025-07-23 16:41:23.512,0,walk,00:00:00:00:00:00,-62,11,0,0,0,0,0,0,0,0,0,-97,0,1,0,2270531803,0,14,0,0,0,104,0,"[0, 0, 6, -84, -14, -56, -38, -31, -62, -12, -88, 4, -115, 15, -128, 21, -128, 24, -128, 19, -128, 12, -128, 5, -128, -3, -128, -12, -128, -18, -128, -21, -128, -21, -128, -17, -125, -9, -114, 1, -106, 12, -102, 22, -102, 29, -104, 35, -107, 37, -108, 37, 52, -62, 62, -63, 74, -63, 85, -63, 96, -61, 101, -55, 101, -48, 97, -44, 88, -43, 75, -46, 61, -55, 48, -65, 35, -76, 23, -91, 13, -111, 5, -128, 3, -128, 4, -128, 5, -128, 10, -128, 17, -128, 25, -128, 31, -128, 35, -128, 38, -128, 42, -128]",esp32_1
CSI_DATA,100460,2025-07-23 16:41:23.532,0,walk,00:00:00:00:00:00,-76,11,0,0,0,0,0,0,0,0,0,-97,0,1,0,891819622,0,14,0,0,0,104,0,"[0, 0, 78, 127, 71, 106, 54, 83, 32, 59, 9, 33, -23, 5, -67, -22, -107, -50, -128, -73, -128, -93, -128, -115, -128, -128, -128, -128, -128, -128, -128, -128, -128, -128, -128, -128, -128, -128, -128, -128, -128, -128, -118, -116, -79, -86, -45, -51, -18, -13, 0, 13, 1, 53, 5, 44, 11, 31, 13, 15, 13, -2, 12, -16, 10, -24, 10, -31, 10, -32, 6, -29, 2, -21, -8, -5, -21, 16, -32, 37, -45, 57, -56, 74, -61, 98, -58, 127, -53, 127, -53, 127, -52, 127, -38, 127, -17, 127, 4, 127, 22, 127, 32, 127]",esp32_2
CSI_DATA,201310,2025-07-23 16:41:23.541,0,walk,00:00:00:00:00:00,-62,11,0,0,0,0,0,0,0,0,0,-97,0,1,0,2270542087,0,14,0,0,0,104,0,"[0, 0, 56, -60, 23, -55, -9, -52, -39, -56, -68, -63, -95, -72, -117, -83, -128, -93, -128, -106, -128, -120, -128, -128, -128, -128, -128, -128, -124, -128, -112, -128, -102, -117, -94, -104, -88, -90, -86, -75, -88, -62, -92, -55, -97, -50, -101, -46, -104, -46, -105, -49, 79, -8, 88, -5, 99, 2, 107, 13, 110, 22, 108, 27, 101, 30, 94, 31, 87, 25, 81, 13, 73, -4, 69, -22, 73, -41, 81, -62, 88, -83, 94, -103, 105, -122, 122, -128, 127, -128, 127, -128, 127, -128, 127, -128, 127, -128, 127, -128, 127, -114, 127, -101]",esp32_1
CSI_DATA,201311,2025-07-23 16:41:23.563,0,walk,00:00:00:00:00:00,-62,11,0,0,0,0,0,0,0,0,0,-97,0,1,0,2270551831,0,14,0,0,0,104,0,"[0, 0, 70, 36, 57, 4, 50, -27, 44, -57, 42, -84, 45, -111, 52, -128, 63, -128, 74, -128, 83, -128, 90, -128, 96, -128, 101, -128, 101, -128, 94, -128, 85, -124, 74, -113, 62, -107, 49, -103, 35, -101, 24, -102, 17, -104, 16, -108, 17, -112, 19, -112, 21, 82, 19, 91, 14, 101, 8, 110, -1, 116, -11, 116, -17, 110, -18, 101, -12, 90, -1, 77, 15, 69, 37, 61, 62, 55, 87, 56, 108, 60, 127, 70, 127, 85, 127, 97, 127, 105, 127, 115, 127, 125, 127, 127, 127, 127, 127, 127, 127, 124, 127, 114]",esp32_1
CSI_DATA,100461,2025-07-23 16:41:23.564,0,walk,00:00:00:00:00:00,-75,11,0,0,0,0,0,0,0,0,0,-97,0,1,0,891825599,0,14,0,0,0,104,0,"[0, 0, 64, -72, 54, -65, 42, -49, 30, -28, 21, -4, 14, 21, 2, 51, -11, 85, -20, 113, -28, 127, -37, 127, -45, 127, -53, 127, -61, 127, -64, 127, -64, 127, -66, 127, -68, 127, -68, 127, -60, 119, -47, 86, -36, 58, -21, 34, -3, 12, 10, -4, 33, -17, 26, -16, 12, -15, 1, -14, -4, -13, -12, -10, -19, -5, -20, 0, -19, 2, -17, 2, -11, 3, -2, 8, 11, 9, 25, 6, 40, 7, 54, 7, 70, 3, 86, 0, 100, -3, 113, -11, 121, -21, 127, -32, 127, -40, 127, -50, 121, -63, 116, -72]",esp32_2
CSI_DATA,201312,2025-07-23 16:41:23.584,0,walk,00:00:00:00:00:00,-62,11,0,0,0,0,0,0,0,0,0,-97,0,1,0,2270573566,0,14,0,0,0,104,0,"[0, 0, -16, 76, 13, 60, 45, 47, 72, 38, 97, 32, 123, 28, 127, 26, 127, 28, 127, 34, 127, 43, 127, 51, 127, 56, 127, 58, 127, 58, 127, 54, 127, 45, 127, 33, 116, 19, 108, 6, 103, -6, 101, -16, 103, -22, 106, -25, 110, -27, 113, -26, -89, 31, -101, 25, -113, 15, -122, 5, -128, -5, -127, -12, -118, -16, -106, -18, -91, -16, -75, -6, -59, 14, -46, 37, -41, 59, -41, 87, -41, 117, -45, 127, -54, 127, -67, 127, -80, 127, -91, 127, -100, 127, -108, 127, -112, 127, -111, 127, -103, 127, -91, 127]",esp32_1
CSI_DATA,100462,2025-07-23 16:41:23.596,0,walk,00:00:00:00:00:00,-76,11,0,0,0,0,0,0,0,0,0,-97,0,1,0,891835594,0,14,0,0,0,104,0,"[0, 0, 124, 96, 107, 76, 84, 57, 49, 44, 6, 40, -43, 33, -95, 23, -128, 21, -128, 26, -128, 22, -128, 14, -128, 11, -128, 7, -128, -4, -128, -18, -128, -24, -128, -28, -128, -37, -128, -41, -128, -36, -128, -29, -93, -21, -49, -7, -10, 9, 22, 21, 39, 44, 38, 32, 28, 21, 12, 6, 9, -9, 10, -21, 3, -29, 1, -37, 1, -38, -6, -26, -14, -14, -14, 0, -8, 23, -7, 45, -8, 62, 0, 80, 11, 105, 22, 127, 40, 127, 55, 127, 62, 127, 80, 127, 112, 127, 127, 127, 127, 127, 127, 127]",esp32_2
CSI_DATA,201313,2025-07-23 16:41:23.604,0,walk,00:00:00:00:00:00,-62,11,0,0,0,0,0,0,0,0,0,-97,0,1,0,2270608070,0,14,0,0,0,104,0,"[0, 0, 51, -27, 19, -40, -12, -56, -39, -78, -61, -99, -79, -118, -92, -128, -100, -128, -103, -128, -102, -128, -100, -128, -94, -128, -81, -128, -67, -128, -60, -128, -56, -128, -52, -125, -51, -108, -55, -92, -64, -77, -73, -65, -81, -57, -86, -52, -91, -54, -94, -59, 68, 41, 72, 53, 76, 69, 77, 83, 73, 94, 63, 100, 53, 100, 47, 97, 45, 88, 44, 73, 45, 54, 52, 34, 66, 16, 84, -1, 101, -17, 117, -30, 127, -39, 127, -44, 127, -45, 127, -42, 127, -36, 127, -30, 127, -25, 127, -19, 127, -12, 127, -8]",esp32_1
CSI_DATA,201314,2025-07-23 16:41:23.628,0,walk,00:00:00:00:00:00,-62,11,0,0,0,0,0,0,0,0,0,-97,0,1,0,2270628397,0,14,0,0,0,104,0,"[0, 0, -18, 63, 7, 39, 35, 18, 62, 2, 89, -11, 116, -21, 127, -28, 127, -30, 127, -26, 127, -19, 127, -9, 127, 0, 127, 10, 127, 18, 127, 22, 127, 23, 127, 21, 127, 15, 114, 6, 102, -5, 94, -15, 91, -25, 91, -32, 92, -37, 94, -38, -56, 41, -67, 43, -80, 40, -93, 36, -102, 31, -106, 26, -104, 22, -99, 20, -92, 21, -84, 26, -73, 38, -62, 50, -57, 61, -53, 78, -48, 101, -46, 124, -47, 127, -50, 127, -55, 127, -60, 127, -64, 127, -69, 127, -73, 127, -72, 127, -68, 127, -67, 127]",esp32_1
CSI_DATA,201315,2025-07-23 16:41:23.645,0,walk,00:00:00:00:00:00,-60,11,0,0,0,0,0,0,0,0,0,-97,0,1,0,2270653863,0,14,0,0,0,104,0,"[0, 0, 43, -83, 15, -72, -15, -65, -42, -64, -68, -64, -94, -64, -118, -66, -128, -70, -128, -81, -128, -96, -128, -109, -128, -116, -128, -118, -128, -119, -128, -118, -128, -113, -128, -107, -125, -100, -119, -93, -113, -82, -109, -76, -104, -74, -98, -71, -97, -68, -97, -67, 62, -43, 72, -44, 86, -41, 96, -39, 103, -35, 105, -31, 102, -30, 98, -31, 95, -33, 90, -40, 82, -54, 79, -69, 83, -86, 87, -109, 89, -128, 94, -128, 105, -128, 119, -128, 127, -128, 127, -128, 127, -128, 127, -128, 127, -128, 127, -128, 127, -128, 127, -124]",esp32_1
CSI_DATA,201316,2025-07-23 16:41:23.672,0,walk,00:00:00:00:00:00,-62,11,0,0,0,0,0,0,0,0,0,-97,0,1,0,2270704452,0,14,0,0,0,104,0,"[0, 0, -18, -58, -19, -17, -27, 25, -34, 64, -44, 99, -58, 127, -74, 127, -92, 127, -108, 127, -120, 127, -128, 127, -128, 127, -128, 127, -128, 127, -121, 127, -104, 117, -84, 103, -65, 94, -44, 87, -22, 80, -2, 78, 13, 81, 24, 87, 30, 94, 32, 99, 63, -60, 75, -65, 89, -68, 103, -68, 116, -65, 124, -58, 125, -51, 120, -46, 108, -42, 93, -41, 75, -46, 52, -53, 28, -64, 6, -81, -13, -103, -31, -127, -47, -128, -60, -128, -69, -128, -73, -128, -72, -128, -67, -128, -61, -128, -55, -128, -45, -128, -37, -128]",esp32_1
CSI_DATA,100464,2025-07-23 16:41:23.688,0,walk,00:00:00:00:00:00,-79,11,0,0,0,0,0,0,0,0,0,-97,0,1,0,891868942,0,14,0,0,0,104,0,"[0, 0, -60, 127, -41, 115, -29, 96, -27, 81, -32, 60, -35, 23, -32, -22, -29, -69, -30, -117, -38, -128, -50, -128, -51, -128, -53, -128, -54, -128, -44, -128, -35, -128, -36, -128, -35, -128, -19, -128, 0, -128, -2, -128, -14, -128, -17, -122, -23, -77, -37, -37, -5, 27, -4, 13, -1, 12, 7, 15, 17, 5, 23, -8, 25, -13, 27, -7, 19, 7, 6, 9, -9, 5, -23, 13, -34, 33, -46, 47, -60, 53, -87, 63, -117, 70, -128, 72, -128, 84, -128, 94, -128, 92, -128, 99, -128, 114, -127, 127, -113, 127, -95, 127]",esp32_2
CSI_DATA,201317,2025-07-23 16:41:23.697,0,walk,00:00:00:00:00:00,-59,11,0,0,0,0,0,0,0,0,0,-97,0,1,0,2270748888,0,14,0,0,0,104,0,"[0, 0, 57, 88, 69, 62, 85, 38, 99, 18, 111, 3, 126, -11, 127, -22, 127, -29, 127, -32, 127, -34, 127, -35, 127, -34, 127, -31, 127, -27, 127, -25, 127, -24, 127, -24, 127, -23, 127, -24, 127, -27, 127, -28, 127, -25, 127, -21, 127, -17, 127, -11, 12, 78, 7, 87, -1, 96, -9, 102, -18, 106, -24, 105, -28, 101, -26, 96, -18, 90, -4, 86, 15, 89, 34, 94, 52, 101, 70, 117, 83, 127, 91, 127, 94, 127, 96, 127, 92, 127, 83, 127, 72, 127, 62, 127, 53, 127, 47, 127, 43, 127, 42, 127]",esp32_1
CSI_DATA,201318,2025-07-23 16:41:23.720,0,walk,00:00:00:00:00:00,-60,11,0,0,0,0,0,0,0,0,0,-97,0,1,0,2270773306,0,14,0,0,0,104,0,"[0, 0, 51, 29, 61, -4, 76, -35, 95, -57, 115, -68, 127, -78, 127, -85, 127, -90, 127, -98, 127, -106, 127, -107, 127, -103, 127, -92, 127, -83, 112, -81, 93, -81, 81, -82, 74, -85, 65, -90, 57, -97, 52, -102, 45, -107, 42, -112, 49, -113, 57, -111, -16, 82, -25, 89, -37, 97, -50, 101, -61, 100, -73, 93, -80, 80, -78, 68, -65, 58, -44, 53, -19, 53, 4, 52, 28, 57, 54, 70, 74, 88, 89, 109, 101, 127, 110, 127, 110, 127, 99, 127, 86, 127, 77, 127, 77, 127, 80, 127, 72, 127, 61, 127]",esp32_1
CSI_DATA,100465,2025-07-23 16:41:23.720,0,walk,00:00:00:00:00:00,-76,11,0,0,0,0,0,0,0,0,0,-97,0,1,0,891875598,0,14,0,0,0,104,0,"[0, 0, -128, -98, -128, -78, -127, -55, -108, -36, -79, -26, -36, -16, 10, -6, 61, -3, 113, -1, 127, -3, 127, -1, 127, 6, 127, 12, 127, 22, 127, 34, 127, 44, 127, 51, 127, 50, 127, 49, 127, 47, 127, 41, 127, 25, 101, 4, 69, -14, 50, -31, -36, -20, -27, -9, -19, 8, -12, 22, -6, 29, -2, 39, -4, 52, -10, 59, -18, 52, -27, 36, -36, 27, -41, 9, -47, -30, -56, -63, -69, -88, -84, -120, -98, -128, -102, -128, -100, -128, -102, -128, -116, -128, -128, -128, -128, -128, -128, -128, -128, -128, -128, -128]",esp32_2
CSI_DATA,201319,2025-07-23 16:41:23.740,0,walk,00:00:00:00:00:00,-61,11,0,0,0,0,0,0,0,0,0,-97,0,1,0,2270797608,0,14,0,0,0,104,0,"[0, 0, 24, 37, 30, -8, 43, -47, 51, -80, 55, -112, 66, -128, 80, -128, 99, -128, 119, -128, 127, -128, 127, -128, 124, -128, 111, -128, 96, -128, 78, -125, 62, -111, 42, -98, 18, -90, -4, -88, -23, -84, -39, -85, -49, -91, -53, -96, -54, -100, -55, -102, -80, 36, -88, 36, -101, 35, -112, 32, -122, 26, -125, 21, -123, 17, -115, 14, -103, 12, -88, 11, -65, 17, -40, 30, -19, 45, 1, 63, 23, 88, 42, 117, 56, 127, 68, 127, 76, 127, 80, 127, 81, 127, 76, 127, 59, 127, 40, 127, 30, 127, 26, 127]",esp32_1
CSI_DATA,100466,2025-07-23 16:41:23.752,0,walk,00:00:00:00:00:00,-75,11,0,0,0,0,0,0,0,0,0,-97,0,1,0,891885574,0,14,0,0,0,104,0,"[0, 0, 19, -122, 9, -108, -4, -96, -9, -81, -8, -61, -7, -41, -3, -18, 3, 14, 7, 47, 16, 77, 29, 108, 32, 127, 27, 127, 25, 127, 21, 127, 16, 127, 8, 127, -2, 127, -8, 127, -7, 127, -3, 123, 2, 98, 9, 77, 21, 58, 36, 41, -13, -19, -18, -9, -24, -2, -30, 7, -36, 14, -40, 15, -43, 16, -44, 16, -43, 10, -39, 0, -30, -10, -22, -24, -14, -41, 5, -59, 32, -75, 57, -89, 77, -104, 96, -116, 110, -124, 119, -128, 123, -128, 122, -128, 119, -128, 110, -128, 89, -128, 66, -128]",esp32_2
CSI_DATA,201320,2025-07-23 16:41:23.762,0,walk,00:00:00:00:00:00,-61,11,0,0,0,0,0,0,0,0,0,-97,0,1,0,2270822503,0,14,0,0,0,104,0,"[0, 0, 18, 61, 31, 26, 47, -8, 67, -34, 88, -55, 110, -75, 127, -90, 127, -99, 127, -104, 127, -102, 127, -96, 127, -86, 127, -76, 127, -67, 127, -58, 127, -52, 124, -49, 105, -48, 89, -52, 75, -59, 65, -68, 56, -76, 51, -82, 51, -86, 53, -89, -37, 57, -49, 62, -64, 65, -79, 67, -92, 68, -99, 64, -102, 57, -102, 48, -98, 44, -88, 43, -71, 45, -53, 48, -38, 53, -22, 64, -3, 81, 15, 102, 28, 124, 36, 127, 39, 127, 38, 127, 36, 127, 32, 127, 27, 127, 22, 127, 16, 127, 10, 127]",esp32_1
CSI_DATA,100467,2025-07-23 16:41:23.780,0,walk,00:00:00:00:00:00,-75,11,0,0,0,0,0,0,0,0,0,-97,0,1,0,891895609,0,14,0,0,0,104,0,"[0, 0, -14, -119, -29, -106, -37, -93, -35, -82, -32, -63, -30, -42, -25, -22, -18, 4, -9, 32, 1, 59, 9, 87, 15, 113, 16, 127, 13, 127, 6, 127, 2, 127, -4, 127, -14, 127, -19, 127, -17, 127, -13, 119, -6, 99, 2, 79, 11, 60, 18, 47, -21, 6, -18, 13, -14, 22, -12, 31, -12, 40, -13, 47, -17, 53, -21, 50, -23, 40, -25, 31, -25, 18, -23, -5, -20, -30, -12, -52, -2, -76, 9, -102, 25, -124, 38, -128, 48, -128, 59, -128, 69, -128, 74, -128, 69, -128, 57, -128, 48, -128, 42, -128]",esp32_2
CSI_DATA,201321,2025-07-23 16:41:23.784,0,walk,00:00:00:00:00:00,-61,11,0,0,0,0,0,0,0,0,0,-97,0,1,0,2270870395,0,14,0,0,0,104,0,"[0, 0, 54, 7, 32, -16, 15, -42, -3, -70, -18, -96, -25, -120, -27, -128, -27, -128, -24, -128, -20, -128, -18, -128, -14, -128, -8, -128, -2, -128, 1, -128, 2, -128, 2, -128, -1, -128, -8, -128, -16, -124, -23, -118, -28, -115, -30, -112, -29, -111, -28, -111, 42, 41, 46, 51, 50, 63, 53, 74, 51, 84, 44, 90, 38, 90, 38, 86, 43, 79, 49, 70, 57, 60, 70, 49, 88, 41, 109, 36, 127, 32, 127, 31, 127, 37, 127, 43, 127, 47, 127, 53, 127, 58, 127, 66, 127, 73, 127, 72, 127, 67, 127, 64]",esp32_1
CSI_DATA,100468,2025-07-23 16:41:23.805,0,walk,00:00:00:00:00:00,-74,11,0,0,0,0,0,0,0,0,0,-97,0,1,0,891905640,0,14,0,0,0,104,0,"[0, 0, 127, -78, 127, -91, 118, -98, 96, -97, 69, -85, 39, -69, 9, -54, -21, -31, -53, 0, -91, 21, -128, 37, -128, 56, -128, 70, -128, 76, -128, 77, -128, 68, -128, 48, -128, 30, -128, 24, -128, 18, -128, 17, -128, 24, -120, 33, -93, 45, -74, 58, -32, -20, -38, -10, -51, 4, -64, 20, -75, 32, -85, 28, -91, 16, -91, 9, -86, 4, -74, -6, -54, -19, -24, -31, 15, -38, 59, -40, 102, -49, 127, -56, 127, -52, 127, -47, 127, -36, 127, -23, 127, -16, 127, -10, 127, -17, 127, -33, 127, -41, 127, -48]",esp32_2
CSI_DATA,201322,2025-07-23 16:41:23.811,0,walk,00:00:00:00:00:00,-61,11,0,0,0,0,0,0,0,0,0,-97,0,1,0,2270896969,0,14,0,0,0,104,0,"[0, 0, 42, -31, 7, -36, -24, -46, -53, -62, -77, -75, -97, -87, -112, -100, -125, -110, -128, -120, -128, -128, -128, -128, -128, -128, -127, -128, -118, -128, -109, -124, -102, -111, -96, -98, -93, -85, -93, -72, -96, -60, -100, -52, -102, -46, -104, -42, -107, -43, -107, -46, 65, 19, 72, 26, 80, 38, 86, 50, 86, 59, 81, 63, 75, 64, 71, 59, 68, 48, 66, 34, 66, 15, 71, -5, 85, -25, 104, -44, 119, -61, 127, -76, 127, -87, 127, -93, 127, -92, 127, -86, 127, -79, 127, -70, 127, -59, 127, -49, 127, -40, 127, -31]",esp32_1
CSI_DATA,201323,2025-07-23 16:41:23.832,0,walk,00:00:00:00:00:00,-61,11,0,0,0,0,0,0,0,0,0,-97,0,1,0,2270932555,0,14,0,0,0,104,0,"[0, 0, -38, -67, -44, -36, -52, -8, -64, 22, -79, 47, -93, 67, -108, 81, -124, 91, -128, 97, -128, 102, -128, 107, -128, 107, -128, 99, -128, 88, -128, 80, -128, 73, -128, 66, -128, 62, -128, 60, -117, 62, -108, 65, -101, 67, -97, 69, -96, 69, -97, 68, -1, -52, 1, -63, 4, -77, 8, -89, 16, -97, 26, -98, 32, -98, 34, -97, 31, -95, 22, -94, 13, -91, 0, -91, -18, -95, -36, -104, -50, -114, -63, -125, -73, -128, -83, -128, -89, -128, -88, -128, -83, -128, -77, -128, -69, -128, -61, -128, -52, -128, -44, -128]",esp32_1
CSI_DATA,201324,2025-07-23 16:41:23.852,0,walk,00:00:00:00:00:00,-61,11,0,0,0,0,0,0,0,0,0,-97,0,1,0,2270981902,0,14,0,0,0,104,0,"[0, 0, -64, 33, -30, 40, 2, 51, 30, 71, 52, 90, 69, 107, 81, 123, 88, 127, 89, 127, 86, 127, 82, 127, 77, 127, 71, 127, 64, 127, 59, 127, 56, 127, 55, 127, 57, 121, 61, 114, 66, 106, 69, 103, 70, 104, 69, 105, 66, 106, 62, 106, -58, 0, -68, -2, -80, -7, -91, -11, -97, -15, -99, -20, -98, -22, -96, -23, -96, -20, -96, -13, -96, -2, -97, 9, -104, 22, -113, 37, -122, 53, -128, 68, -128, 79, -128, 87, -128, 90, -128, 88, -128, 84, -128, 78, -128, 70, -128, 60, -128, 47, -128, 36]",esp32_1
CSI_DATA,201325,2025-07-23 16:41:23.879,0,walk,00:00:00:00:00:00,-61,11,0,0,0,0,0,0,0,0,0,-97,0,1,0,2271017632,0,14,0,0,0,104,0,"[0, 0, -26, -76, -36, -50, -51, -26, -64, -6, -79, 12, -95, 29, -110, 41, -126, 49, -128, 53, -128, 55, -128, 57, -128, 58, -128, 55, -128, 50, -128, 46, -128, 44, -128, 42, -128, 41, -128, 41, -128, 41, -125, 40, -122, 41, -120, 39, -119, 35, -118, 30, 4, -62, 6, -69, 9, -76, 13, -82, 18, -89, 22, -93, 23, -93, 21, -93, 14, -93, 4, -94, -9, -98, -21, -104, -32, -111, -45, -122, -56, -128, -64, -128, -69, -128, -70, -128, -66, -128, -60, -128, -52, -128, -44, -128, -37, -128, -31, -128, -24, -128, -19, -128]",esp32_1
CSI_DATA,201326,2025-07-23 16:41:23.899,0,walk,00:00:00:00:00:00,-61,11,0,0,0,0,0,0,0,0,0,-97,0,1,0,2271042834,0,14,0,0,0,104,0,"[0, 0, 78, 23, 73, -5, 75, -33, 76, -58, 76, -78, 80, -98, 88, -113, 97, -123, 104, -128, 108, -128, 111, -128, 111, -128, 113, -128, 114, -128, 111, -128, 107, -123, 102, -115, 98, -112, 93, -112, 87, -110, 85, -109, 85, -106, 86, -101, 88, -95, 89, -90, 50, 47, 55, 55, 61, 64, 64, 73, 63, 81, 58, 87, 53, 89, 53, 87, 60, 81, 69, 74, 81, 68, 96, 62, 115, 59, 127, 59, 127, 63, 127, 71, 127, 84, 127, 98, 127, 110, 127, 121, 127, 127, 127, 127, 127, 127, 127, 127, 127, 118, 122, 107]",esp32_1
CSI_DATA,100470,2025-07-23 16:41:23.903,0,walk,00:00:00:00:00:00,-74,11,0,0,0,0,0,0,0,0,0,-97,0,1,0,891925599,0,14,0,0,0,104,0,"[0, 0, -15, 127, 10, 127, 28, 127, 36, 119, 44, 86, 50, 47, 49, 5, 49, -34, 48, -75, 39, -120, 35, -128, 42, -128, 52, -128, 62, -128, 74, -128, 83, -128, 87, -128, 91, -128, 91, -128, 86, -128, 70, -128, 49, -128, 28, -128, 4, -119, -13, -113, 34, -46, 21, -53, 4, -62, -6, -71, -10, -84, -15, -99, -19, -106, -21, -103, -14, -98, 1, -87, 10, -61, 20, -30, 32, 2, 38, 44, 36, 95, 22, 127, 2, 127, -15, 127, -26, 127, -40, 127, -64, 127, -83, 127, -89, 127, -88, 127, -79, 127, -66, 127]",esp32_2
CSI_DATA,201327,2025-07-23 16:41:23.924,0,walk,00:00:00:00:00:00,-61,11,0,0,0,0,0,0,0,0,0,-97,0,1,0,2271068484,0,14,0,0,0,104,0,"[0, 0, 9, -83, -17, -68, -45, -58, -70, -52, -94, -48, -116, -47, -128, -48, -128, -51, -128, -58, -128, -65, -128, -71, -128, -73, -128, -74, -128, -75, -128, -72, -128, -66, -128, -60, -128, -53, -128, -47, -127, -43, -125, -42, -123, -41, -121, -42, -119, -45, -116, -49, 36, -64, 45, -68, 56, -69, 65, -70, 72, -73, 75, -75, 73, -74, 70, -73, 64, -74, 55, -79, 45, -92, 37, -105, 33, -119, 30, -128, 28, -128, 28, -128, 33, -128, 44, -128, 54, -128, 64, -128, 73, -128, 81, -128, 88, -128, 88, -128, 82, -128, 75, -128]",esp32_1
CSI_DATA,100471,2025-07-23 16:41:23.942,0,walk,00:00:00:00:00:00,-75,11,0,0,0,0,0,0,0,0,0,-97,0,1,0,891935583,0,14,0,0,0,104,0,"[0, 0, 127, -104, 127, -95, 110, -86, 78, -80, 44, -74, 11, -62, -27, -40, -73, -20, -111, -6, -128, 9, -128, 27, -128, 44, -128, 50, -128, 48, -128, 41, -128, 36, -128, 27, -128, 14, -128, 7, -128, 6, -128, 11, -128, 19, -128, 30, -106, 48, -91, 64, -59, -2, -50, 11, -44, 28, -44, 49, -42, 66, -43, 76, -50, 79, -55, 79, -59, 77, -61, 68, -52, 47, -39, 20, -22, -7, 8, -37, 45, -67, 85, -94, 127, -123, 127, -128, 127, -128, 127, -128, 127, -128, 127, -128, 127, -128, 127, -128, 127, -128, 127, -128]",esp32_2
CSI_DATA,201328,2025-07-23 16:41:23.945,0,walk,00:00:00:00:00:00,-61,11,0,0,0,0,0,0,0,0,0,-97,0,1,0,2271104401,0,14,0,0,0,104,0,"[0, 0, -46, 77, -14, 74, 16, 72, 41, 76, 63, 83, 83, 90, 99, 97, 113, 103, 122, 110, 123, 118, 121, 124, 119, 126, 115, 125, 111, 121, 105, 113, 100, 104, 97, 93, 95, 83, 97, 76, 98, 70, 100, 68, 102, 67, 101, 67, 99, 72, 96, 76, -74, 35, -83, 33, -94, 27, -103, 21, -108, 16, -107, 12, -101, 8, -93, 8, -85, 15, -78, 28, -71, 47, -66, 66, -69, 87, -75, 109, -83, 127, -94, 127, -109, 127, -126, 127, -128, 127, -128, 127, -128, 127, -128, 127, -128, 127, -128, 127, -128, 122, -128, 111]",esp32_1
CSI_DATA,201329,2025-07-23 16:41:23.966,0,walk,00:00:00:00:00:00,-61,11,0,0,0,0,0,0,0,0,0,-97,0,1,0,2271141302,0,14,0,0,0,104,0,"[0, 0, 12, -64, -23, -63, -53, -69, -79, -76, -102, -79, -121, -85, -128, -91, -128, -97, -128, -107, -128, -116, -128, -118, -128, -114, -127, -104, -123, -89, -115, -74, -108, -61, -104, -45, -103, -29, -106, -17, -108, -7, -114, -1, -121, -3, -124, -8, -126, -15, -126, -20, 82, -8, 90, -3, 99, 7, 106, 17, 109, 25, 106, 29, 99, 29, 89, 26, 79, 19, 70, 6, 64, -15, 62, -39, 67, -64, 75, -89, 82, -116, 91, -128, 108, -128, 127, -128, 127, -128, 127, -128, 127, -128, 127, -128, 127, -128, 127, -122, 127, -102, 124, -88]",esp32_1
CSI_DATA,100472,2025-07-23 16:41:23.971,0,walk,00:00:00:00:00:00,-74,11,0,0,0,0,0,0,0,0,0,-97,0,1,0,891946504,0,14,0,0,0,104,0,"[0, 0, 127, 95, 127, 68, 116, 40, 78, 14, 47, -8, 19, -32, -9, -53, -32, -70, -59, -88, -92, -107, -120, -125, -128, -128, -128, -128, -128, -128, -128, -128, -128, -128, -128, -128, -126, -128, -115, -128, -101, -128, -90, -125, -86, -99, -88, -72, -92, -51, -94, -33, -29, -29, -35, -21, -44, -6, -54, 9, -65, 19, -77, 24, -86, 25, -90, 23, -87, 18, -78, 12, -62, 6, -37, 0, -7, -2, 25, 1, 61, 5, 100, 13, 127, 26, 127, 45, 127, 66, 127, 80, 127, 95, 127, 114, 127, 127, 127, 127, 127, 127, 127, 127]",esp32_2
CSI_DATA,201330,2025-07-23 16:41:23.993,0,walk,00:00:00:00:00:00,-62,11,0,0,0,0,0,0,0,0,0,-97,0,1,0,2271189154,0,14,0,0,0,104,0,"[0, 0, 26, -55, -11, -45, -47, -40, -80, -42, -110, -46, -128, -52, -128, -59, -128, -67, -128, -76, -128, -85, -128, -95, -128, -100, -128, -100, -128, -97, -128, -89, -128, -75, -115, -59, -106, -42, -101, -26, -101, -10, -104, 2, -108, 11, -113, 16, -118, 16, -120, 14, 86, -4, 95, 4, 105, 16, 112, 25, 115, 33, 112, 38, 105, 40, 95, 37, 86, 27, 79, 10, 73, -12, 70, -34, 74, -55, 83, -79, 92, -104, 102, -128, 117, -128, 127, -128, 127, -128, 127, -128, 127, -128, 127, -128, 127, -128, 127, -128, 127, -120, 127, -104]",esp32_1
CSI_DATA,100473,2025-07-23 16:41:23.998,0,walk,00:00:00:00:00:00,-74,11,0,0,0,0,0,0,0,0,0,-97,0,1,0,891955626,0,14,0,0,0,104,0,"[0, 0, -9, -128, -19, -128, -19, -116, -23, -80, -30, -37, -28, 8, -26, 48, -31, 80, -36, 110, -37, 127, -37, 127, -42, 127, -45, 127, -42, 127, -44, 127, -55, 127, -62, 127, -63, 127, -56, 127, -44, 127, -32, 127, -18, 124, 0, 104, 24, 88, 43, 81, -26, 29, -5, 27, 15, 31, 31, 37, 43, 47, 54, 60, 59, 73, 58, 81, 52, 80, 42, 69, 29, 54, 10, 33, -4, 9, -10, -24, -20, -61, -30, -95, -38, -128, -42, -128, -33, -128, -25, -128, -23, -128, -20, -128, -19, -128, -16, -128, -5, -128, 5, -128]",esp32_2
CSI_DATA,201331,2025-07-23 16:41:24.015,0,walk,00:00:00:00:00:00,-62,11,0,0,0,0,0,0,0,0,0,-97,0,1,0,2271216357,0,14,0,0,0,104,0,"[0, 0, 68, -36, 34, -49, 3, -66, -23, -89, -45, -110, -63, -128, -77, -128, -85, -128, -86, -128, -83, -128, -79, -128, -73, -128, -63, -128, -52, -128, -47, -128, -44, -128, -43, -127, -47, -111, -54, -97, -64, -84, -75, -77, -84, -74, -88, -72, -91, -74, -93, -78, 83, 32, 92, 44, 100, 61, 104, 76, 102, 89, 94, 97, 83, 99, 74, 95, 70, 86, 69, 69, 68, 49, 73, 26, 87, 5, 106, -16, 126, -35, 127, -51, 127, -61, 127, -67, 127, -67, 127, -62, 127, -55, 127, -46, 127, -37, 127, -30, 127, -23, 127, -16]",esp32_1
CSI_DATA,100474,2025-07-23 16:41:24.025,0,walk,00:00:00:00:00:00,-73,11,0,0,0,0,0,0,0,0,0,-97,0,1,0,891965604,0,14,0,0,0,104,0,"[0, 0, 127, -37, 127, -34, 112, -32, 71, -31, 28, -28, -11, -23, -44, -15, -83, -2, -125, 11, -128, 19, -128, 26, -128, 33, -128, 32, -128, 28, -128, 33, -128, 32, -128, 23, -128, 17, -128, 16, -128, 20, -128, 25, -125, 33, -90, 45, -64, 61, -48, 71, -22, -26, -27, -11, -33, 13, -41, 35, -55, 50, -71, 57, -79, 58, -80, 55, -79, 50, -79, 40, -68, 27, -46, 13, -21, 1, 17, -15, 59, -28, 97, -33, 127, -40, 127, -50, 127, -55, 127, -57, 127, -58, 127, -56, 127, -51, 127, -47, 127, -44, 127, -38]",esp32_2
CSI_DATA,201332,2025-07-23 16:41:24.035,0,walk,00:00:00:00:00:00,-62,11,0,0,0,0,0,0,0,0,0,-97,0,1,0,2271241720,0,14,0,0,0,104,0,"[0, 0, 59, 17, 37, -17, 26, -49, 14, -83, 2, -112, -1, -128, 1, -128, 4, -128, 13, -128, 22, -128, 28, -128, 35, -128, 37, -128, 31, -128, 28, -128, 25, -128, 18, -128, 7, -115, -6, -105, -21, -97, -37, -91, -48, -91, -53, -95, -55, -101, -54, -106, 34, 78, 35, 91, 35, 104, 29, 117, 20, 127, 9, 127, -3, 127, -10, 127, -7, 116, 0, 103, 12, 91, 29, 77, 51, 62, 78, 53, 105, 47, 127, 44, 127, 51, 127, 59, 127, 67, 127, 80, 127, 93, 127, 102, 127, 109, 127, 109, 127, 104, 127, 102]",esp32_1
CSI_DATA,100475,2025-07-23 16:41:24.053,0,walk,00:00:00:00:00:00,-74,11,0,0,0,0,0,0,0,0,0,-97,0,1,0,891977080,0,14,0,0,0,104,0,"[0, 0, 110, -128, 83, -128, 60, -128, 34, -100, 4, -59, -25, -16, -46, 27, -67, 66, -92, 92, -114, 120, -128, 127, -128, 127, -128, 127, -128, 127, -128, 127, -128, 127, -128, 127, -128, 127, -128, 127, -128, 127, -109, 112, -83, 96, -49, 90, -15, 87, 8, 84, -19, 8, -8, 19, 0, 36, 3, 54, 2, 75, 1, 89, -4, 96, -13, 101, -17, 96, -14, 83, -11, 64, -12, 37, -11, 8, 1, -30, 19, -67, 40, -101, 64, -128, 87, -128, 110, -128, 127, -128, 127, -128, 127, -128, 127, -128, 127, -128, 127, -128, 127, -128]",esp32_2
CSI_DATA,201333,2025-07-23 16:41:24.059,0,walk,00:00:00:00:00:00,-62,11,0,0,0,0,0,0,0,0,0,-97,0,1,0,2271276290,0,14,0,0,0,104,0,"[0, 0, 84, 27, 60, -2, 46, -29, 28, -57, 9, -87, 1, -117, -3, -128, 0, -128, 14, -128, 26, -128, 33, -128, 39, -128, 41, -128, 42, -128, 44, -128, 45, -128, 41, -128, 32, -128, 21, -119, 6, -108, -9, -102, -18, -102, -22, -103, -23, -102, -22, -102, 38, 68, 42, 77, 46, 90, 43, 102, 38, 114, 30, 119, 24, 121, 21, 118, 23, 110, 26, 103, 32, 91, 46, 77, 66, 65, 88, 54, 111, 48, 127, 45, 127, 46, 127, 51, 127, 54, 127, 61, 127, 68, 127, 78, 127, 93, 127, 99, 127, 94, 127, 90]",esp32_1
CSI_DATA,201334,2025-07-23 16:41:24.080,0,walk,00:00:00:00:00:00,-62,11,0,0,0,0,0,0,0,0,0,-97,0,1,0,2271302927,0,14,0,0,0,104,0,"[0, 0, 73, 68, 72, 38, 78, 8, 85, -18, 93, -41, 102, -63, 116, -81, 127, -92, 127, -99, 127, -104, 127, -106, 127, -105, 127, -97, 127, -89, 127, -81, 127, -72, 127, -66, 127, -63, 122, -62, 110, -63, 101, -66, 94, -69, 90, -70, 93, -71, 96, -71, 32, 70, 32, 80, 29, 93, 25, 105, 18, 116, 8, 123, -1, 123, -5, 119, -5, 112, 2, 102, 14, 95, 30, 88, 49, 82, 71, 84, 91, 91, 110, 103, 127, 117, 127, 127, 127, 127, 127, 127, 127, 127, 127, 127, 127, 127, 127, 127, 114, 127, 104, 127]",esp32_1
CSI_DATA,100476,2025-07-23 16:41:24.084,0,walk,00:00:00:00:00:00,-74,11,0,0,0,0,0,0,0,0,0,-97,0,1,0,891986429,0,14,0,0,0,104,0,"[0, 0, -81, 127, -60, 127, -34, 127, -13, 96, 3, 61, 18, 14, 35, -31, 61, -67, 81, -106, 90, -128, 102, -128, 118, -128, 127, -128, 127, -128, 127, -128, 127, -128, 127, -128, 127, -128, 127, -128, 118, -128, 91, -128, 61, -113, 30, -98, 3, -85, -15, -80, 19, -4, 15, -23, 7, -42, 0, -61, -2, -78, -1, -91, -2, -100, 1, -105, 10, -103, 12, -89, 14, -69, 20, -44, 19, -14, 10, 26, -5, 69, -26, 109, -46, 127, -63, 127, -83, 127, -105, 127, -124, 127, -128, 127, -128, 127, -128, 127, -128, 127, -128, 127]",esp32_2
CSI_DATA,201335,2025-07-23 16:41:24.100,0,walk,00:00:00:00:00:00,-62,11,0,0,0,0,0,0,0,0,0,-97,0,1,0,2271337681,0,14,0,0,0,104,0,"[0, 0, 88, 2, 60, -19, 37, -43, 17, -73, 2, -102, -8, -128, -11, -128, -9, -128, -5, -128, 1, -128, 8, -128, 16, -128, 24, -128, 31, -128, 32, -128, 29, -128, 25, -128, 17, -128, 7, -119, -5, -114, -15, -113, -22, -115, -25, -117, -23, -120, -21, -121, 60, 34, 68, 41, 78, 51, 86, 64, 89, 76, 84, 84, 78, 88, 72, 89, 71, 84, 72, 72, 74, 59, 80, 43, 94, 27, 112, 12, 127, 0, 127, -8, 127, -11, 127, -12, 127, -12, 127, -7, 127, 3, 127, 13, 127, 21, 127, 25, 127, 31, 127, 36]",esp32_1
CSI_DATA,100477,2025-07-23 16:41:24.111,0,walk,00:00:00:00:00:00,-74,11,0,0,0,0,0,0,0,0,0,-97,0,1,0,891995607,0,14,0,0,0,104,0,"[0, 0, 127, -55, 127, -57, 117, -58, 74, -54, 40, -49, 5, -53, -37, -45, -79, -26, -125, -19, -128, -17, -128, -10, -128, -8, -128, -8, -128, -14, -128, -22, -128, -26, -128, -32, -128, -40, -128, -42, -128, -35, -128, -22, -128, -8, -105, 10, -79, 34, -61, 53, -15, -2, -22, 8, -35, 25, -50, 46, -69, 58, -84, 59, -93, 59, -97, 56, -95, 52, -88, 41, -74, 18, -49, -2, -17, -12, 21, -25, 61, -45, 100, -58, 127, -63, 127, -67, 127, -62, 127, -54, 127, -52, 127, -52, 127, -51, 127, -50, 127, -50, 127, -48]",esp32_2
CSI_DATA,201336,2025-07-23 16:41:24.127,0,walk,00:00:00:00:00:00,-63,11,0,0,0,0,0,0,0,0,0,-97,0,1,0,2271375579,0,14,0,0,0,104,0,"[0, 0, -88, -29, -70, -2, -57, 25, -46, 56, -39, 85, -38, 109, -42, 127, -50, 127, -60, 127, -70, 127, -79, 127, -86, 127, -92, 127, -92, 127, -86, 127, -78, 121, -69, 108, -57, 99, -44, 94, -31, 91, -19, 92, -10, 96, -5, 99, -6, 103, -10, 107, -40, -56, -45, -66, -50, -78, -52, -90, -49, -101, -42, -109, -34, -111, -28, -109, -27, -102, -31, -91, -38, -80, -50, -66, -67, -52, -86, -43, -107, -37, -128, -38, -128, -41, -128, -45, -128, -52, -128, -62, -128, -72, -128, -83, -128, -94, -128, -97, -128, -93, -128, -89]",esp32_1
CSI_DATA,100478,2025-07-23 16:41:24.143,0,walk,00:00:00:00:00:00,-74,11,0,0,0,0,0,0,0,0,0,-97,0,1,0,892005607,0,14,0,0,0,104,0,"[0, 0, 127, -21, 127, -37, 117, -46, 72, -58, 29, -64, -10, -68, -50, -72, -91, -71, -128, -72, -128, -74, -128, -80, -128, -90, -128, -94, -128, -100, -128, -113, -128, -116, -128, -112, -128, -109, -128, -102, -128, -89, -128, -66, -113, -40, -93, -14, -80, 15, -78, 40, -16, 9, -21, 23, -35, 35, -53, 49, -70, 67, -85, 73, -95, 67, -103, 54, -105, 40, -100, 23, -85, 1, -61, -15, -30, -25, 9, -36, 54, -47, 103, -52, 127, -45, 127, -40, 127, -37, 127, -25, 127, -13, 127, -3, 127, 2, 127, 1, 127, 3, 127, 8]",esp32_2
CSI_DATA,201337,2025-07-23 16:41:24.149,0,walk,00:00:00:00:00:00,-63,11,0,0,0,0,0,0,0,0,0,-97,0,1,0,2271421641,0,14,0,0,0,104,0,"[0, 0, -50, -74, -69, -24, -91, 15, -106, 50, -120, 87, -128, 117, -128, 127, -128, 127, -128, 127, -128, 122, -128, 114, -128, 109, -128, 107, -128, 108, -128, 100, -128, 92, -109, 88, -78, 91, -55, 100, -35, 104, -19, 112, -15, 123, -17, 127, -18, 127, -19, 127, 81, -65, 90, -71, 104, -77, 120, -78, 127, -75, 127, -69, 127, -63, 127, -58, 127, -52, 120, -41, 94, -39, 63, -47, 36, -60, 8, -79, -22, -110, -50, -128, -71, -128, -84, -128, -94, -128, -103, -128, -104, -128, -95, -128, -67, -128, -38, -128, -23, -128, -16, -128]",esp32_1
CSI_DATA,201338,2025-07-23 16:41:24.172,0,walk,00:00:00:00:00:00,-62,11,0,0,0,0,0,0,0,0,0,-97,0,1,0,2271458591,0,14,0,0,0,104,0,"[0, 0, 76, -19, 47, -41, 22, -67, 3, -97, -11, -126, -18, -128, -20, -128, -18, -128, -16, -128, -13, -128, -7, -128, 1, -128, 9, -128, 17, -128, 17, -128, 11, -128, 1, -121, -11, -109, -24, -100, -37, -94, -49, -92, -59, -92, -64, -94, -63, -100, -60, -104, 63, 42, 69, 54, 76, 67, 79, 80, 78, 91, 70, 98, 62, 102, 56, 101, 54, 92, 57, 76, 61, 58, 68, 40, 80, 20, 98, 2, 118, -13, 127, -22, 127, -28, 127, -33, 127, -31, 127, -24, 127, -15, 127, -5, 127, 2, 127, 6, 127, 10, 127, 14]",esp32_1
CSI_DATA,201339,2025-07-23 16:41:24.195,0,walk,00:00:00:00:00:00,-62,11,0,0,0,0,0,0,0,0,0,-97,0,1,0,2271484116,0,14,0,0,0,104,0,"[0, 0, 59, 20, 53, -15, 56, -48, 61, -78, 67, -106, 76, -128, 88, -128, 101, -128, 112, -128, 120, -128, 124, -128, 125, -128, 122, -128, 114, -119, 100, -106, 83, -94, 65, -86, 48, -85, 32, -88, 18, -91, 6, -96, 0, -100, -1, -106, 3, -114, 7, -117, 1, 82, -3, 91, -10, 100, -18, 107, -27, 111, -35, 111, -41, 107, -41, 98, -32, 88, -19, 78, -3, 71, 18, 65, 42, 62, 69, 65, 92, 71, 110, 82, 127, 97, 127, 110, 127, 120, 127, 127, 127, 127, 127, 127, 127, 127, 127, 127, 118, 127, 103, 123]",esp32_1
CSI_DATA,100480,2025-07-23 16:41:24.225,0,walk,00:00:00:00:00:00,-74,11,0,0,0,0,0,0,0,0,0,-97,0,1,0,892025647,0,14,0,0,0,104,0,"[0, 0, -93, -128, -78, -100, -64, -58, -51, -12, -37, 29, -20, 64, -4, 95, 14, 124, 36, 127, 58, 127, 77, 127, 90, 127, 97, 127, 102, 127, 97, 127, 85, 127, 75, 127, 67, 127, 62, 127, 56, 127, 48, 122, 46, 80, 54, 42, 64, 19, 69, 6, 6, 6, 19, 17, 32, 30, 43, 45, 53, 61, 62, 74, 66, 84, 65, 94, 54, 98, 38, 91, 22, 79, -2, 59, -22, 26, -37, -11, -55, -48, -73, -89, -86, -128, -93, -128, -96, -128, -101, -128, -103, -128, -101, -128, -104, -128, -103, -128, -97, -128, -97, -128]",esp32_2
CSI_DATA,100481,2025-07-23 16:41:24.255,0,walk,00:00:00:00:00:00,-74,11,0,0,0,0,0,0,0,0,0,-97,0,1,0,892035590,0,14,0,0,0,104,0,"[0, 0, 127, -11, 121, -25, 78, -44, 42, -64, 9, -72, -30, -72, -77, -71, -124, -70, -128, -73, -128, -74, -128, -76, -128, -80, -128, -82, -128, -85, -128, -92, -128, -99, -128, -100, -128, -95, -128, -87, -128, -74, -128, -57, -112, -30, -84, 1, -65, 30, -56, 56, -8, -4, -16, 13, -32, 30, -53, 41, -75, 45, -90, 41, -100, 32, -105, 24, -106, 20, -96, 8, -76, -13, -52, -27, -19, -30, 26, -35, 76, -44, 121, -48, 127, -40, 127, -24, 127, -6, 127, 10, 127, 21, 127, 28, 127, 32, 127, 33, 127, 32, 127, 24]",esp32_2
CSI_DATA,201341,2025-07-23 16:41:24.278,0,walk,00:00:00:00:00:00,-63,11,0,0,0,0,0,0,0,0,0,-97,0,1,0,2271555742,0,14,0,0,0,104,0,"[0, 0, -7, 83, 19, 61, 50, 43, 77, 30, 103, 22, 127, 16, 127, 15, 127, 17, 127, 24, 127, 37, 127, 51, 127, 63, 127, 70, 127, 75, 127, 78, 127, 76, 127, 65, 112, 50, 101, 36, 93, 20, 89, 5, 89, -6, 95, -14, 103, -19, 108, -21, -55, 62, -66, 66, -79, 68, -92, 67, -104, 67, -112, 63, -116, 57, -115, 52, -109, 49, -99, 49, -84, 55, -71, 62, -60, 70, -49, 86, -39, 108, -30, 127, -27, 127, -29, 127, -34, 127, -39, 127, -45, 127, -50, 127, -57, 127, -61, 127, -59, 127, -54, 127]",esp32_1
CSI_DATA,201342,2025-07-23 16:41:24.299,0,walk,00:00:00:00:00:00,-63,11,0,0,0,0,0,0,0,0,0,-97,0,1,0,2271592401,0,14,0,0,0,104,0,"[0, 0, -52, 63, -20, 73, 8, 87, 32, 109, 51, 127, 66, 127, 75, 127, 79, 127, 80, 127, 78, 127, 71, 127, 62, 127, 51, 127, 41, 127, 34, 127, 31, 127, 30, 127, 33, 114, 39, 99, 49, 87, 61, 79, 71, 74, 75, 74, 79, 79, 81, 82, -92, -1, -104, -11, -117, -24, -127, -37, -128, -50, -124, -62, -113, -69, -104, -70, -96, -62, -88, -49, -81, -30, -78, -6, -85, 19, -97, 42, -109, 61, -124, 78, -128, 92, -128, 102, -128, 105, -128, 101, -128, 93, -128, 85, -128, 79, -128, 71, -128, 61, -128, 53]",esp32_1
CSI_DATA,100482,2025-07-23 16:41:24.299,0,walk,00:00:00:00:00:00,-74,11,0,0,0,0,0,0,0,0,0,-97,0,1,0,892045641,0,14,0,0,0,104,0,"[0, 0, -59, -128, -60, -110, -66, -74, -70, -42, -66, -5, -58, 35, -52, 69, -48, 104, -43, 127, -35, 127, -28, 127, -26, 127, -28, 127, -32, 127, -36, 127, -42, 127, -50, 127, -56, 127, -53, 127, -39, 127, -25, 127, -10, 110, 10, 84, 32, 62, 47, 46, 10, 19, 22, 19, 36, 24, 51, 34, 62, 45, 65, 58, 61, 70, 56, 78, 49, 78, 35, 69, 21, 54, -2, 33, -27, 4, -43, -32, -56, -69, -63, -107, -68, -128, -71, -128, -65, -128, -57, -128, -53, -128, -44, -128, -34, -128, -32, -128, -33, -128, -35, -128]",esp32_2
CSI_DATA,201343,2025-07-23 16:41:24.323,0,walk,00:00:00:00:00:00,-62,11,0,0,0,0,0,0,0,0,0,-97,0,1,0,2271631013,0,14,0,0,0,104,0,"[0, 0, 59, -23, 38, -51, 26, -80, 15, -109, 7, -128, 5, -128, 7, -128, 14, -128, 24, -128, 35, -128, 42, -128, 45, -128, 46, -128, 47, -128, 43, -128, 36, -123, 24, -107, 9, -96, -7, -86, -23, -80, -37, -79, -47, -81, -51, -85, -51, -92, -49, -98, 50, 69, 50, 80, 50, 95, 47, 107, 41, 117, 31, 121, 22, 120, 16, 114, 16, 103, 19, 89, 25, 74, 38, 58, 58, 42, 80, 28, 102, 20, 122, 17, 127, 17, 127, 20, 127, 23, 127, 30, 127, 37, 127, 46, 127, 55, 127, 56, 127, 53, 127, 49]",esp32_1
CSI_DATA,100483,2025-07-23 16:41:24.331,0,walk,00:00:00:00:00:00,-74,11,0,0,0,0,0,0,0,0,0,-97,0,1,0,892055569,0,14,0,0,0,104,0,"[0, 0, 12, 127, 25, 127, 38, 112, 51, 74, 63, 39, 68, 7, 74, -29, 85, -64, 91, -99, 95, -128, 106, -128, 122, -128, 127, -128, 127, -128, 127, -128, 127, -128, 127, -128, 127, -128, 127, -128, 127, -121, 102, -101, 71, -85, 40, -71, 14, -66, -4, -69, -5, -14, -20, -19, -35, -28, -48, -38, -56, -52, -61, -63, -63, -69, -54, -75, -39, -71, -28, -58, -18, -38, -2, -14, 13, 15, 19, 48, 22, 83, 22, 124, 19, 127, 7, 127, -8, 127, -19, 127, -30, 127, -39, 127, -43, 127, -47, 127, -43, 127, -31, 127]",esp32_2
CSI_DATA,201344,2025-07-23 16:41:24.346,0,walk,00:00:00:00:00:00,-61,11,0,0,0,0,0,0,0,0,0,-97,0,1,0,2271677520,0,14,0,0,0,104,0,"[0, 0, 55, 0, 38, -32, 29, -65, 19, -96, 11, -124, 9, -128, 14, -128, 20, -128, 26, -128, 31, -128, 36, -128, 43, -128, 49, -128, 51, -128, 48, -128, 41, -128, 32, -116, 20, -103, 6, -93, -9, -83, -25, -78, -37, -76, -44, -79, -48, -85, -49, -89, 32, 75, 32, 87, 29, 100, 23, 111, 15, 121, 4, 126, -6, 124, -11, 118, -9, 106, -3, 91, 8, 78, 25, 65, 46, 52, 70, 42, 95, 39, 117, 42, 127, 48, 127, 53, 127, 59, 127, 70, 127, 80, 127, 88, 127, 94, 127, 91, 127, 84, 127, 78]",esp32_1
CSI_DATA,201345,2025-07-23 16:41:24.369,0,walk,00:00:00:00:00:00,-62,11,0,0,0,0,0,0,0,0,0,-97,0,1,0,2271717819,0,14,0,0,0,104,0,"[0, 0, 35, -59, 0, -54, -32, -52, -58, -56, -83, -62, -105, -68, -125, -76, -128, -83, -128, -90, -128, -99, -128, -106, -128, -110, -128, -111, -128, -107, -122, -100, -110, -90, -99, -78, -92, -66, -88, -53, -87, -41, -90, -30, -93, -21, -94, -17, -97, -15, -100, -15, 67, -13, 76, -11, 89, -5, 100, 4, 108, 13, 109, 21, 106, 27, 99, 30, 90, 28, 80, 19, 70, 2, 63, -16, 62, -35, 65, -58, 68, -86, 73, -111, 86, -128, 104, -128, 122, -128, 127, -128, 127, -128, 127, -128, 127, -128, 127, -128, 127, -113, 127, -98]",esp32_1
CSI_DATA,201346,2025-07-23 16:41:24.391,0,walk,00:00:00:00:00:00,-62,11,0,0,0,0,0,0,0,0,0,-97,0,1,0,2271750801,0,14,0,0,0,104,0,"[0, 0, 19, 73, 46, 38, 79, 8, 106, -14, 127, -30, 127, -42, 127, -50, 127, -52, 127, -48, 127, -41, 127, -35, 127, -30, 127, -25, 127, -21, 127, -18, 127, -18, 127, -24, 127, -32, 118, -41, 108, -50, 101, -59, 97, -66, 95, -73, 97, -78, 99, -78, -49, 73, -60, 78, -74, 84, -90, 86, -105, 85, -113, 80, -117, 75, -116, 68, -108, 60, -94, 56, -76, 61, -54, 68, -32, 80, -11, 97, 7, 121, 20, 127, 27, 127, 29, 127, 28, 127, 23, 127, 15, 127, 4, 127, -8, 127, -16, 127, -20, 127, -22, 127]",esp32_1
CSI_DATA,201347,2025-07-23 16:41:24.416,0,walk,00:00:00:00:00:00,-62,11,0,0,0,0,0,0,0,0,0,-97,0,1,0,2271787012,0,14,0,0,0,104,0,"[0, 0, 18, 59, 38, 28, 65, -1, 90, -24, 112, -39, 127, -50, 127, -57, 127, -60, 127, -59, 127, -54, 127, -48, 127, -44, 127, -38, 127, -32, 127, -30, 127, -31, 118, -37, 103, -47, 90, -58, 79, -67, 73, -76, 71, -83, 73, -88, 78, -91, 81, -92, -50, 65, -62, 69, -76, 71, -90, 72, -104, 70, -112, 65, -114, 57, -111, 49, -102, 43, -88, 41, -69, 47, -48, 55, -28, 65, -10, 83, 5, 106, 17, 127, 23, 127, 27, 127, 26, 127, 20, 127, 13, 127, 3, 127, -6, 127, -11, 127, -15, 127, -16, 127]",esp32_1
CSI_DATA,100485,2025-07-23 16:41:24.416,0,walk,00:00:00:00:00:00,-75,11,0,0,0,0,0,0,0,0,0,-97,0,1,0,892075598,0,14,0,0,0,104,0,"[0, 0, -79, -128, -83, -128, -95, -102, -100, -70, -92, -38, -85, 0, -78, 39, -70, 74, -64, 110, -60, 127, -63, 127, -73, 127, -83, 127, -95, 127, -112, 127, -127, 127, -128, 127, -128, 127, -128, 127, -123, 127, -103, 127, -81, 112, -49, 93, -15, 81, 7, 76, 8, 4, 18, 2, 37, 5, 59, 13, 77, 21, 87, 27, 93, 37, 96, 49, 88, 56, 75, 55, 62, 46, 39, 28, 12, 4, -13, -30, -38, -72, -49, -113, -57, -128, -67, -128, -68, -128, -62, -128, -57, -128, -50, -128, -42, -128, -45, -128, -55, -128, -57, -128]",esp32_2
CSI_DATA,201348,2025-07-23 16:41:24.437,0,walk,00:00:00:00:00:00,-62,11,0,0,0,0,0,0,0,0,0,-97,0,1,0,2271815570,0,14,0,252,60,104,0,"[0, 0, -53, -37, -46, 1, -46, 37, -48, 72, -54, 102, -63, 125, -76, 127, -89, 127, -100, 127, -108, 127, -114, 127, -117, 127, -116, 127, -112, 127, -100, 116, -84, 103, -66, 94, -48, 90, -32, 90, -18, 90, -4, 92, 5, 98, 7, 104, 4, 111, 1, 113, 1, -73, 5, -85, 11, -99, 19, -109, 31, -115, 43, -117, 50, -114, 52, -109, 50, -101, 42, -91, 30, -83, 12, -76, -12, -71, -39, -72, -63, -79, -85, -89, -106, -103, -126, -116, -128, -128, -128, -128, -128, -128, -128, -128, -128, -128, -125, -128, -109, -128, -95, -128]",esp32_1
CSI_DATA,201349,2025-07-23 16:41:24.458,0,walk,00:00:00:00:00:00,-62,11,0,0,0,0,0,0,0,0,0,-97,0,1,0,2271839501,0,14,0,0,0,104,0,"[0, 0, 65, 20, 43, -12, 27, -47, 14, -84, 7, -118, 5, -128, 7, -128, 16, -128, 26, -128, 34, -128, 44, -128, 55, -128, 63, -128, 67, -128, 64, -128, 56, -128, 45, -128, 32, -116, 16, -107, -2, -100, -17, -98, -28, -99, -34, -102, -34, -108, -32, -112, 26, 65, 31, 75, 33, 88, 33, 101, 30, 113, 24, 120, 17, 122, 14, 121, 16, 116, 21, 108, 26, 99, 36, 88, 55, 76, 77, 66, 99, 59, 118, 57, 127, 59, 127, 62, 127, 66, 127, 73, 127, 82, 127, 91, 127, 99, 127, 100, 127, 97, 127, 93]",esp32_1
CSI_DATA,100486,2025-07-23 16:41:24.474,0,walk,00:00:00:00:00:00,-75,11,0,0,0,0,0,0,0,0,0,-97,0,1,0,892089098,0,14,0,0,0,104,0,"[0, 0, 127, -46, 127, -62, 105, -79, 71, -87, 39, -94, 10, -101, -25, -102, -70, -102, -112, -103, -128, -111, -128, -124, -128, -128, -128, -128, -128, -128, -128, -128, -128, -128, -128, -128, -128, -128, -128, -128, -128, -128, -108, -128, -89, -110, -79, -69, -76, -34, -73, -8, -6, -12, -6, 15, -7, 43, -10, 63, -18, 82, -31, 93, -52, 104, -69, 108, -76, 99, -74, 89, -65, 74, -50, 49, -30, 24, -2, 6, 38, -9, 80, -28, 125, -40, 127, -38, 127, -29, 127, -26, 127, -25, 127, -19, 127, -12, 127, -5, 127, 1, 127, 2]",esp32_2
CSI_DATA,201350,2025-07-23 16:41:24.484,0,walk,00:00:00:00:00:00,-63,11,0,0,0,0,0,0,0,0,0,-97,0,1,0,2271864329,0,14,0,0,0,104,0,"[0, 0, 87, 11, 49, -15, 17, -46, -12, -82, -34, -119, -48, -128, -53, -128, -53, -128, -48, -128, -38, -128, -27, -128, -16, -128, -2, -128, 11, -128, 18, -128, 18, -128, 13, -128, 5, -128, -8, -127, -25, -113, -41, -104, -56, -100, -66, -99, -70, -104, -72, -108, 44, 66, 51, 77, 59, 92, 65, 106, 65, 120, 59, 127, 53, 127, 50, 127, 51, 127, 54, 120, 58, 105, 66, 86, 85, 70, 106, 57, 125, 45, 127, 33, 127, 26, 127, 20, 127, 18, 127, 22, 127, 30, 127, 38, 127, 47, 127, 55, 127, 59, 127, 61]",esp32_1
CSI_DATA,100487,2025-07-23 16:41:24.500,0,walk,00:00:00:00:00:00,-75,11,0,0,0,0,0,0,0,0,0,-97,0,1,0,892096747,0,14,0,0,0,104,0,"[0, 0, 38, -128, 15, -128, -5, -126, -26, -100, -48, -69, -72, -30, -93, 6, -118, 39, -128, 71, -128, 105, -128, 127, -128, 127, -128, 127, -128, 127, -128, 127, -128, 127, -128, 127, -128, 127, -128, 107, -128, 85, -128, 71, -114, 64, -80, 63, -47, 69, -19, 70, -8, -2, 3, 12, 19, 27, 34, 46, 45, 70, 49, 88, 47, 97, 41, 109, 27, 120, 13, 119, 4, 104, -5, 78, -17, 45, -23, 6, -21, -37, -13, -83, 6, -128, 24, -128, 46, -128, 77, -128, 103, -128, 114, -128, 121, -128, 127, -128, 123, -128, 111, -128]",esp32_2
CSI_DATA,201351,2025-07-23 16:41:24.504,0,walk,00:00:00:00:00:00,-62,11,0,0,0,0,0,0,0,0,0,-97,0,1,0,2271911920,0,14,0,0,0,104,0,"[0, 0, -9, 57, 23, 41, 56, 27, 86, 18, 112, 16, 127, 14, 127, 15, 127, 20, 127, 26, 127, 32, 127, 41, 127, 49, 127, 55, 127, 59, 127, 60, 127, 56, 126, 46, 109, 33, 97, 20, 87, 8, 81, -3, 79, -16, 80, -28, 84, -35, 87, -35, -75, 32, -88, 29, -103, 23, -116, 18, -127, 12, -128, 4, -128, -5, -126, -11, -118, -15, -108, -12, -95, -1, -81, 12, -72, 27, -66, 48, -60, 72, -56, 97, -57, 121, -62, 127, -70, 127, -78, 127, -86, 127, -93, 127, -97, 127, -95, 127, -87, 127, -80, 124]",esp32_1
CSI_DATA,201352,2025-07-23 16:41:24.525,0,walk,00:00:00:00:00:00,-62,11,0,0,0,0,0,0,0,0,0,-97,0,1,0,2271958834,0,14,0,0,0,104,0,"[0, 0, -24, 63, 7, 47, 39, 34, 68, 30, 97, 29, 125, 29, 127, 33, 127, 39, 127, 46, 127, 57, 127, 69, 127, 80, 127, 88, 127, 92, 127, 92, 127, 89, 127, 81, 113, 69, 103, 58, 94, 47, 90, 36, 90, 25, 90, 17, 91, 13, 92, 11, -59, 40, -70, 41, -85, 41, -99, 40, -110, 39, -118, 37, -122, 32, -123, 27, -121, 24, -117, 26, -108, 33, -99, 41, -94, 50, -90, 65, -84, 85, -79, 106, -80, 126, -86, 127, -91, 127, -100, 127, -108, 127, -111, 127, -113, 127, -112, 127, -104, 127, -95, 120]",esp32_1
CSI_DATA,100488,2025-07-23 16:41:24.525,0,walk,00:00:00:00:00:00,-75,11,0,0,0,0,0,0,0,0,0,-97,0,1,0,892105582,0,14,0,0,0,104,0,"[0, 0, -40, -128, -50, -128, -63, -94, -72, -54, -77, -17, -84, 13, -91, 43, -101, 81, -110, 119, -115, 127, -123, 127, -128, 127, -128, 127, -128, 127, -128, 127, -128, 127, -128, 127, -128, 127, -128, 127, -126, 127, -102, 110, -72, 88, -42, 75, -8, 68, 20, 64, -10, 9, 10, 10, 33, 15, 54, 29, 72, 47, 82, 63, 91, 79, 92, 93, 77, 99, 59, 97, 46, 90, 27, 77, -3, 51, -26, 10, -36, -29, -43, -62, -52, -113, -58, -128, -54, -128, -42, -128, -29, -128, -23, -128, -14, -128, -7, -128, -14, -128, -23, -128]",esp32_2
CSI_DATA,201353,2025-07-23 16:41:24.551,0,walk,00:00:00:00:00:00,-62,11,0,0,0,0,0,0,0,0,0,-97,0,1,0,2271995741,0,14,0,0,0,104,0,"[0, 0, 61, -16, 32, -31, 3, -46, -19, -67, -37, -89, -51, -107, -60, -126, -66, -128, -72, -128, -73, -128, -70, -128, -62, -128, -49, -128, -36, -128, -29, -128, -23, -128, -20, -128, -20, -127, -23, -116, -29, -106, -37, -100, -44, -96, -48, -92, -47, -92, -44, -94, 62, 15, 70, 19, 81, 25, 91, 33, 95, 41, 93, 48, 91, 53, 91, 56, 92, 52, 94, 42, 95, 29, 98, 16, 106, 5, 118, -6, 127, -17, 127, -26, 127, -33, 127, -38, 127, -37, 127, -33, 127, -26, 127, -19, 127, -15, 127, -13, 127, -9, 127, -3]",esp32_1
CSI_DATA,100489,2025-07-23 16:41:24.553,0,walk,00:00:00:00:00:00,-76,11,0,0,0,0,0,0,0,0,0,-97,0,1,0,892115637,0,14,0,0,0,104,0,"[0, 0, 104, 127, 104, 124, 110, 94, 114, 53, 111, 7, 105, -26, 100, -63, 95, -108, 81, -128, 72, -128, 77, -128, 80, -128, 78, -128, 87, -128, 98, -128, 103, -128, 114, -128, 118, -128, 111, -128, 97, -128, 80, -128, 53, -117, 21, -92, -8, -73, -32, -63, -5, -21, -23, -17, -40, -17, -59, -17, -84, -24, -104, -38, -114, -51, -119, -70, -119, -84, -108, -82, -89, -78, -56, -70, -17, -49, 15, -22, 47, 12, 75, 48, 100, 93, 125, 127, 127, 127, 127, 127, 127, 127, 127, 127, 127, 127, 125, 127, 115, 127, 116, 127]",esp32_2
CSI_DATA,201354,2025-07-23 16:41:24.576,0,walk,00:00:00:00:00:00,-62,11,0,0,0,0,0,0,0,0,0,-97,0,1,0,2272020221,0,14,0,0,0,104,0,"[0, 0, -17, -63, -40, -36, -63, -15, -83, 2, -103, 12, -124, 19, -128, 22, -128, 25, -128, 32, -128, 41, -128, 41, -128, 34, -128, 22, -128, 11, -128, 6, -128, 5, -128, 4, -128, 1, -128, 4, -125, 10, -117, 18, -109, 27, -105, 33, -107, 32, -110, 27, 29, -68, 37, -74, 45, -81, 52, -85, 60, -86, 68, -83, 73, -79, 71, -79, 61, -80, 44, -85, 27, -93, 12, -102, -5, -115, -14, -128, -18, -128, -19, -128, -17, -128, -16, -128, -9, -128, 5, -128, 19, -128, 27, -128, 24, -128, 16, -128, 15, -128, 19, -128]",esp32_1
CSI_DATA,100490,2025-07-23 16:41:24.581,0,walk,00:00:00:00:00:00,-76,11,0,0,0,0,0,0,0,0,0,-97,0,1,0,892128957,0,14,0,0,0,104,0,"[0, 0, 127, 51, 127, 23, 127, -2, 127, -19, 117, -40, 82, -75, 49, -109, 20, -128, -8, -128, -35, -128, -58, -128, -78, -128, -80, -128, -69, -128, -59, -128, -47, -128, -31, -128, -9, -128, 8, -128, 13, -128, 11, -128, -2, -128, -20, -101, -41, -68, -57, -51, -36, -15, -40, 2, -44, 20, -53, 35, -70, 47, -89, 53, -100, 56, -109, 52, -115, 42, -114, 37, -105, 27, -75, 8, -35, -6, 6, -12, 49, -11, 89, -6, 127, 5, 127, 21, 127, 40, 127, 58, 127, 73, 127, 95, 127, 110, 127, 105, 127, 107, 127, 116]",esp32_2
CSI_DATA,201355,2025-07-23 16:41:24.598,0,walk,00:00:00:00:00:00,-62,11,0,0,0,0,0,0,0,0,0,-97,0,1,0,2272057105,0,14,0,0,0,104,0,"[0, 0, 66, -14, 44, -46, 29, -79, 17, -109, 7, -128, 2, -128, 1, -128, 4, -128, 8, -128, 13, -128, 16, -128, 18, -128, 21, -128, 22, -128, 18, -128, 12, -128, 5, -128, -5, -128, -15, -128, -24, -126, -31, -123, -36, -122, -37, -123, -34, -127, -31, -128, 70, 66, 74, 77, 76, 90, 76, 103, 73, 114, 66, 122, 58, 123, 52, 119, 52, 107, 57, 90, 68, 74, 81, 56, 101, 36, 127, 21, 127, 14, 127, 13, 127, 19, 127, 25, 127, 33, 127, 44, 127, 57, 127, 72, 127, 84, 127, 85, 127, 78, 127, 69]",esp32_1
CSI_DATA,201356,2025-07-23 16:41:24.621,0,walk,00:00:00:00:00:00,-63,11,0,0,0,0,0,0,0,0,0,-97,0,1,0,2272093788,0,14,0,0,0,104,0,"[0, 0, 61, 16, 55, -25, 58, -61, 60, -92, 61, -118, 66, -128, 75, -128, 85, -128, 91, -128, 94, -128, 95, -128, 94, -128, 91, -128, 85, -128, 74, -128, 60, -128, 47, -126, 32, -121, 16, -121, 1, -120, -10, -122, -15, -126, -16, -128, -11, -128, -6, -128, 1, 104, -4, 114, -13, 123, -23, 127, -34, 127, -45, 127, -50, 118, -46, 105, -32, 92, -11, 80, 15, 73, 42, 69, 73, 69, 109, 75, 127, 87, 127, 104, 127, 127, 127, 127, 127, 127, 127, 127, 127, 127, 127, 127, 127, 127, 127, 127, 125, 127, 111, 127]",esp32_1
CSI_DATA,201357,2025-07-23 16:41:24.642,0,walk,00:00:00:00:00:00,-63,11,0,0,0,0,0,0,0,0,0,-97,0,1,0,2272142856,0,14,0,0,0,104,0,"[0, 0, 2, -45, -4, -5, -14, 34, -28, 69, -42, 99, -54, 124, -69, 127, -83, 127, -91, 127, -96, 127, -99, 127, -104, 127, -108, 127, -105, 127, -96, 127, -84, 127, -72, 127, -60, 127, -45, 122, -31, 117, -16, 113, -3, 113, 7, 116, 11, 119, 11, 121, 40, -75, 54, -80, 70, -85, 87, -86, 105, -84, 120, -78, 127, -67, 126, -58, 117, -52, 99, -52, 81, -56, 61, -63, 37, -72, 15, -89, -3, -109, -18, -128, -30, -128, -40, -128, -44, -128, -39, -128, -32, -128, -26, -128, -22, -128, -18, -128, -11, -128, -2, -128]",esp32_1
CSI_DATA,100492,2025-07-23 16:41:24.668,0,walk,00:00:00:00:00:00,-76,11,0,0,0,0,0,0,0,0,0,-97,0,1,0,892162482,0,14,0,0,0,104,0,"[0, 0, 57, 127, 62, 127, 63, 127, 62, 97, 62, 61, 59, 26, 54, -12, 51, -53, 46, -95, 47, -128, 58, -128, 66, -128, 69, -128, 78, -128, 89, -128, 93, -128, 94, -128, 95, -128, 89, -128, 77, -128, 64, -128, 42, -112, 11, -97, -22, -81, -49, -68, 24, -37, 9, -32, -12, -34, -30, -42, -47, -53, -59, -67, -61, -79, -59, -86, -49, -90, -36, -85, -26, -74, -6, -57, 19, -31, 33, 7, 40, 49, 50, 87, 59, 127, 65, 127, 68, 127, 62, 127, 47, 127, 36, 127, 26, 127, 21, 127, 27, 127, 36, 127]",esp32_2
CSI_DATA,201358,2025-07-23 16:41:24.670,0,walk,00:00:00:00:00:00,-62,11,0,0,0,0,0,0,0,0,0,-97,0,1,0,2272177281,0,14,0,0,0,104,0,"[0, 0, -35, 34, -4, 17, 34, 2, 67, -9, 93, -16, 118, -22, 127, -23, 127, -22, 127, -22, 127, -19, 127, -16, 127, -14, 127, -9, 127, -5, 127, -7, 127, -13, 127, -21, 127, -30, 127, -38, 127, -45, 123, -48, 119, -50, 119, -52, 121, -53, 122, -53, -66, 44, -80, 43, -98, 36, -116, 27, -128, 19, -128, 11, -128, 7, -128, 2, -127, -1, -115, 2, -104, 12, -92, 25, -82, 42, -78, 65, -80, 90, -88, 114, -98, 127, -106, 127, -113, 127, -120, 127, -128, 127, -128, 127, -128, 127, -128, 127, -128, 127, -118, 115]",esp32_1
CSI_DATA,201359,2025-07-23 16:41:24.700,0,walk,00:00:00:00:00:00,-62,11,0,0,0,0,0,0,0,0,0,-97,0,1,0,2272202643,0,14,0,0,0,104,0,"[0, 0, 33, 36, 20, 5, 12, -26, 3, -58, -4, -87, -6, -113, -4, -128, -2, -128, 0, -128, 3, -128, 6, -128, 10, -128, 15, -128, 16, -128, 13, -128, 12, -128, 12, -128, 9, -128, 2, -128, -7, -120, -17, -115, -25, -114, -30, -111, -30, -107, -28, -106, 34, 46, 34, 59, 35, 75, 34, 91, 29, 106, 17, 117, 5, 125, -1, 127, 1, 124, 4, 120, 10, 111, 20, 101, 35, 92, 54, 86, 73, 82, 92, 81, 111, 86, 127, 94, 127, 103, 127, 116, 127, 127, 127, 127, 127, 127, 127, 127, 118, 123, 100, 117]",esp32_1
CSI_DATA,201360,2025-07-23 16:41:24.732,0,walk,00:00:00:00:00:00,-61,11,0,0,0,0,0,0,0,0,0,-97,0,1,0,2272237187,0,14,0,0,0,104,0,"[0, 0, 35, 69, 38, 41, 47, 14, 56, -10, 64, -33, 76, -55, 91, -74, 108, -90, 122, -99, 127, -105, 127, -109, 127, -107, 127, -100, 127, -92, 127, -82, 127, -71, 127, -62, 127, -56, 127, -52, 121, -51, 109, -52, 101, -54, 97, -55, 97, -56, 97, -55, 17, 59, 15, 69, 12, 80, 6, 90, -1, 101, -7, 109, -11, 113, -15, 116, -15, 115, -12, 113, -6, 113, 3, 111, 15, 111, 31, 117, 43, 125, 52, 127, 61, 127, 70, 127, 74, 127, 72, 127, 68, 127, 63, 127, 57, 127, 51, 127, 44, 127, 41, 127]",esp32_1
CSI_DATA,100494,2025-07-23 16:41:24.732,0,walk,00:00:00:00:00:00,-75,11,0,0,0,0,0,0,0,0,0,-97,0,1,0,892229368,0,14,0,0,0,104,0,"[0, 0, -128, 65, -128, 64, -120, 65, -77, 63, -38, 51, -7, 35, 25, 23, 67, 8, 110, -6, 127, -13, 127, -20, 127, -28, 127, -30, 127, -26, 127, -21, 127, -18, 127, -11, 127, 3, 127, 11, 127, 8, 127, 1, 119, -6, 84, -17, 57, -33, 46, -50, 13, 23, 15, 5, 19, -21, 22, -47, 29, -69, 40, -79, 50, -84, 56, -92, 62, -92, 65, -79, 64, -61, 55, -43, 32, -24, -2, -4, -38, 20, -75, 46, -117, 69, -128, 86, -128, 92, -128, 91, -128, 94, -128, 98, -128, 101, -128, 100, -128, 94, -128, 90]",esp32_2
CSI_DATA,100495,2025-07-23 16:41:24.762,0,walk,00:00:00:00:00:00,-75,11,0,0,0,0,0,0,0,0,0,-97,0,1,0,892256917,0,14,0,0,0,104,0,"[0, 0, -24, 127, -17, 127, -7, 127, 7, 112, 17, 67, 25, 21, 39, -19, 49, -60, 49, -105, 54, -128, 62, -128, 74, -128, 87, -128, 96, -128, 105, -128, 114, -128, 122, -128, 127, -128, 118, -128, 97, -128, 75, -128, 52, -122, 25, -92, -4, -71, -31, -59, 30, -15, 14, -25, -5, -42, -23, -62, -36, -87, -43, -104, -46, -112, -44, -118, -32, -120, -21, -113, -14, -95, -5, -65, -1, -31, 1, 8, 2, 48, -4, 91, -15, 127, -29, 127, -49, 127, -65, 127, -77, 127, -93, 127, -100, 127, -96, 127, -90, 127, -82, 127]",esp32_2
CSI_DATA,100496,2025-07-23 16:41:24.784,0,walk,00:00:00:00:00:00,-74,11,0,0,0,0,0,0,0,0,0,-97,0,1,0,892313712,0,14,0,0,0,104,0,"[0, 0, 37, 127, 52, 127, 61, 120, 66, 87, 72, 52, 74, 25, 79, -5, 87, -39, 89, -71, 88, -106, 88, -128, 91, -128, 104, -128, 121, -128, 127, -128, 127, -128, 127, -128, 127, -128, 127, -128, 117, -128, 100, -128, 78, -115, 48, -100, 16, -88, -3, -76, -22, -18, -35, -26, -52, -35, -65, -46, -72, -60, -77, -76, -75, -90, -65, -99, -50, -99, -30, -87, -9, -68, 14, -44, 26, -10, 30, 30, 35, 74, 35, 119, 31, 127, 26, 127, 9, 127, -7, 127, -16, 127, -24, 127, -30, 127, -30, 127, -27, 127, -17, 127]",esp32_2
CSI_DATA,201362,2025-07-23 16:41:24.816,0,walk,00:00:00:00:00:00,-61,11,0,0,0,0,0,0,0,0,0,-97,0,1,0,2272311381,0,14,0,0,0,104,0,"[0, 0, 71, -11, 41, -26, 14, -40, -10, -59, -29, -79, -42, -99, -54, -117, -64, -128, -68, -128, -69, -128, -71, -128, -69, -128, -63, -128, -57, -128, -52, -128, -50, -128, -49, -128, -48, -125, -50, -119, -55, -113, -59, -110, -60, -107, -61, -103, -59, -101, -56, -102, 60, -4, 73, 2, 90, 12, 103, 26, 111, 39, 111, 50, 108, 59, 105, 65, 102, 67, 101, 60, 98, 47, 98, 31, 106, 17, 119, 3, 127, -12, 127, -25, 127, -35, 127, -40, 127, -39, 127, -33, 127, -27, 127, -19, 127, -10, 127, -4, 127, 3, 127, 10]",esp32_1
CSI_DATA,100497,2025-07-23 16:41:24.823,0,walk,00:00:00:00:00:00,-73,11,0,0,0,0,0,0,0,0,0,-97,0,1,0,892343366,0,14,0,0,0,104,0,"[0, 0, -128, -76, -121, -35, -110, -1, -97, 27, -79, 57, -59, 86, -42, 109, -24, 127, -4, 127, 23, 127, 45, 127, 57, 127, 69, 127, 84, 127, 91, 127, 91, 127, 87, 127, 78, 127, 69, 127, 67, 127, 62, 127, 56, 105, 56, 72, 66, 46, 79, 28, 15, -16, 33, -15, 60, -14, 84, -12, 105, -1, 126, 17, 127, 36, 124, 53, 115, 68, 95, 75, 67, 74, 35, 68, -5, 53, -47, 30, -85, 3, -111, -30, -128, -72, -128, -117, -128, -128, -128, -128, -128, -128, -128, -128, -128, -128, -128, -128, -128, -128, -128, -128]",esp32_2
CSI_DATA,201363,2025-07-23 16:41:24.850,0,walk,00:00:00:00:00:00,-61,11,0,0,0,0,0,0,0,0,0,-97,0,1,0,2272335680,0,14,0,0,0,104,0,"[0, 0, -67, -17, -39, 8, -22, 31, -4, 52, 17, 75, 31, 98, 38, 118, 45, 127, 43, 127, 36, 127, 33, 127, 30, 127, 31, 127, 34, 127, 32, 127, 29, 127, 28, 127, 30, 127, 35, 127, 39, 119, 47, 115, 50, 113, 47, 106, 43, 100, 38, 96, -50, -34, -59, -44, -70, -59, -77, -75, -78, -91, -72, -98, -67, -105, -67, -112, -67, -113, -65, -113, -62, -102, -69, -87, -85, -74, -101, -63, -121, -52, -128, -42, -128, -39, -128, -41, -128, -42, -128, -46, -128, -52, -128, -63, -128, -80, -128, -85, -128, -82, -128, -79]",esp32_1
CSI_DATA,100498,2025-07-23 16:41:24.855,0,walk,00:00:00:00:00:00,-73,11,0,0,0,0,0,0,0,0,0,-97,0,1,0,892345593,0,14,0,0,0,104,0,"[0, 0, -128, 40, -108, 65, -73, 81, -39, 93, -3, 104, 26, 106, 56, 104, 91, 98, 122, 89, 127, 82, 127, 76, 127, 72, 127, 70, 127, 71, 127, 69, 127, 67, 127, 69, 127, 67, 127, 59, 127, 43, 127, 29, 126, 16, 100, -2, 81, -26, 73, -49, -8, -27, 5, -41, 27, -59, 47, -73, 66, -80, 85, -80, 104, -75, 121, -60, 127, -40, 122, -21, 103, 1, 76, 22, 41, 38, -3, 49, -50, 62, -98, 72, -128, 71, -128, 64, -128, 51, -128, 32, -128, 17, -128, 8, -128, 0, -128, -4, -128, -3, -128, 0]",esp32_2
CSI_DATA,201364,2025-07-23 16:41:24.880,0,walk,00:00:00:00:00:00,-60,11,0,0,0,0,0,0,0,0,0,-97,0,1,0,2272384407,0,14,0,0,0,104,0,"[0, 0, -12, 67, 4, 33, 25, 1, 45, -26, 62, -48, 78, -68, 95, -83, 113, -95, 126, -102, 127, -106, 127, -107, 127, -106, 127, -103, 127, -100, 126, -97, 114, -92, 102, -91, 92, -93, 82, -97, 73, -98, 66, -100, 62, -103, 60, -106, 62, -106, 64, -104, -19, 53, -29, 66, -42, 80, -58, 91, -75, 97, -89, 97, -99, 93, -102, 88, -100, 83, -93, 81, -79, 82, -61, 85, -44, 92, -26, 105, -8, 123, 6, 127, 15, 127, 21, 127, 23, 127, 20, 127, 12, 127, 0, 127, -11, 127, -18, 127, -24, 127, -28, 127]",esp32_1
CSI_DATA,201365,2025-07-23 16:41:24.907,0,walk,00:00:00:00:00:00,-61,11,0,0,0,0,0,0,0,0,0,-97,0,1,0,2272439385,0,14,0,0,0,104,0,"[0, 0, 67, -31, 31, -20, -4, -15, -38, -14, -69, -16, -97, -20, -122, -25, -128, -31, -128, -39, -128, -48, -128, -57, -128, -62, -128, -64, -128, -63, -128, -59, -128, -52, -125, -42, -118, -30, -113, -17, -110, -7, -111, 2, -113, 10, -115, 13, -117, 12, -118, 10, 50, -20, 63, -19, 80, -14, 97, -8, 112, -1, 123, 8, 127, 17, 127, 23, 124, 23, 119, 20, 113, 11, 106, -2, 104, -16, 107, -36, 109, -61, 114, -84, 126, -105, 127, -122, 127, -128, 127, -128, 127, -128, 127, -128, 127, -128, 127, -118, 127, -99, 127, -84]",esp32_1
CSI_DATA,201366,2025-07-23 16:41:24.938,0,walk,00:00:00:00:00:00,-60,11,0,0,0,0,0,0,0,0,0,-97,0,1,0,2272468155,0,14,0,0,0,104,0,"[0, 0, -64, -48, -39, -22, -17, 7, 3, 38, 17, 69, 26, 95, 30, 119, 30, 127, 28, 127, 25, 127, 21, 127, 16, 127, 11, 127, 6, 127, 6, 127, 9, 127, 14, 127, 20, 120, 29, 111, 38, 103, 48, 101, 56, 101, 59, 102, 57, 107, 54, 110, -35, -35, -41, -47, -49, -64, -55, -81, -54, -95, -48, -105, -42, -111, -38, -114, -38, -113, -40, -107, -45, -98, -55, -87, -71, -76, -91, -70, -109, -65, -128, -61, -128, -63, -128, -67, -128, -74, -128, -81, -128, -90, -128, -100, -128, -107, -128, -108, -128, -106, -128, -107]",esp32_1
CSI_DATA,100500,2025-07-23 16:41:24.938,0,walk,00:00:00:00:00:00,-75,11,0,0,0,0,0,0,0,0,0,-97,0,1,0,892390720,0,14,0,0,0,104,0,"[0, 0, -84, 1, -62, 8, -35, 13, -12, 23, 7, 33, 30, 32, 55, 27, 76, 21, 96, 16, 121, 11, 127, 7, 127, 1, 127, -7, 127, -12, 127, -13, 127, -15, 127, -13, 127, -11, 127, -14, 122, -15, 99, -12, 76, -15, 52, -21, 32, -27, 15, -33, -12, -22, 0, -21, 15, -20, 30, -15, 46, -6, 61, 1, 71, 8, 76, 19, 76, 30, 73, 38, 67, 42, 52, 43, 32, 43, 11, 40, -10, 35, -33, 27, -60, 14, -88, 0, -111, -12, -128, -24, -128, -35, -128, -43, -128, -50, -128, -52, -128, -47, -128, -42]",esp32_2
CSI_DATA,201367,2025-07-23 16:41:24.969,0,walk,00:00:00:00:00:00,-60,11,0,0,0,0,0,0,0,0,0,-97,0,1,0,2272492476,0,14,0,0,0,104,0,"[0, 0, 69, -31, 35, -30, 3, -32, -27, -40, -55, -49, -79, -58, -99, -70, -115, -82, -126, -93, -128, -103, -128, -112, -128, -117, -127, -118, -119, -115, -110, -108, -103, -98, -97, -85, -95, -73, -96, -63, -99, -53, -103, -46, -107, -43, -109, -41, -112, -44, -113, -48, 51, -15, 64, -13, 81, -8, 96, -1, 107, 7, 112, 16, 113, 25, 111, 31, 107, 31, 103, 25, 98, 14, 93, 0, 93, -15, 99, -32, 105, -53, 114, -74, 127, -90, 127, -103, 127, -110, 127, -111, 127, -109, 127, -103, 127, -96, 127, -87, 127, -72, 127, -58]",esp32_1
CSI_DATA,100501,2025-07-23 16:41:24.969,0,walk,00:00:00:00:00:00,-75,11,0,0,0,0,0,0,0,0,0,-97,0,1,0,892415584,0,14,0,0,0,104,0,"[0, 0, 29, 127, 45, 108, 55, 74, 57, 39, 52, -4, 38, -49, 25, -87, 19, -122, 11, -128, -9, -128, -33, -128, -47, -128, -57, -128, -65, -128, -66, -128, -63, -128, -58, -128, -55, -128, -52, -128, -46, -128, -42, -128, -42, -128, -45, -122, -55, -80, -63, -48, -33, 28, -39, 6, -43, -19, -45, -46, -39, -75, -28, -105, -17, -128, -2, -128, 15, -128, 30, -128, 43, -128, 57, -111, 68, -80, 72, -48, 67, -10, 54, 31, 39, 80, 23, 124, 10, 127, -3, 127, -17, 127, -28, 127, -32, 127, -29, 127, -24, 127, -20, 127]",esp32_2
CSI_DATA,100502,2025-07-23 16:41:25.011,0,walk,00:00:00:00:00:00,-76,11,0,0,0,0,0,0,0,0,0,-97,0,1,0,892449599,0,14,0,0,0,104,0,"[0, 0, -94, 127, -53, 112, -15, 98, 18, 78, 47, 51, 71, 22, 87, -15, 112, -61, 127, -109, 127, -128, 127, -128, 127, -128, 127, -128, 127, -128, 127, -128, 127, -128, 127, -128, 127, -128, 127, -128, 127, -128, 127, -128, 94, -128, 59, -125, 23, -98, -2, -83, -70, 1, -59, -21, -46, -47, -27, -67, 2, -90, 33, -112, 61, -121, 89, -121, 118, -118, 127, -117, 127, -111, 127, -87, 127, -53, 119, -21, 90, 6, 60, 33, 20, 61, -26, 89, -65, 113, -101, 126, -128, 127, -128, 127, -128, 127, -128, 127, -128, 127, -128, 127]",esp32_2
CSI_DATA,100503,2025-07-23 16:41:25.043,0,walk,00:00:00:00:00:00,-75,11,0,0,0,0,0,0,0,0,0,-97,0,1,0,892483426,0,14,0,0,0,104,0,"[0, 0, -128, -38, -128, -21, -112, -11, -66, -1, -20, 10, 28, 19, 74, 20, 121, 14, 127, 6, 127, -5, 127, -19, 127, -27, 127, -30, 127, -36, 127, -38, 127, -34, 127, -25, 127, -22, 127, -26, 127, -22, 127, -20, 127, -26, 120, -29, 77, -35, 38, -44, -58, -50, -36, -53, -6, -55, 27, -48, 60, -38, 93, -25, 121, -11, 127, 3, 127, 16, 127, 30, 127, 43, 127, 52, 127, 53, 122, 44, 85, 33, 38, 29, -5, 19, -46, -1, -90, -27, -125, -52, -128, -67, -128, -81, -128, -88, -128, -87, -128, -89, -128, -92]",esp32_2
CSI_DATA,201369,2025-07-23 16:41:25.064,0,walk,00:00:00:00:00:00,-60,11,0,0,0,0,0,0,0,0,0,-97,0,1,0,2272552856,0,14,0,0,0,104,0,"[0, 0, -86, 22, -49, 25, -14, 30, 18, 41, 47, 54, 72, 68, 93, 82, 109, 95, 119, 109, 124, 123, 126, 127, 126, 127, 121, 127, 112, 127, 104, 127, 96, 127, 89, 114, 86, 100, 85, 86, 88, 73, 93, 65, 97, 60, 100, 59, 103, 60, 104, 63, -57, 8, -72, 5, -90, -3, -106, -14, -118, -25, -122, -34, -122, -42, -119, -49, -115, -51, -111, -48, -106, -37, -104, -22, -106, -6, -113, 13, -123, 35, -128, 57, -128, 74, -128, 85, -128, 91, -128, 93, -128, 92, -128, 85, -128, 73, -128, 61, -128, 50, -128, 40]",esp32_1
CSI_DATA,100504,2025-07-23 16:41:25.064,0,walk,00:00:00:00:00:00,-75,11,0,0,0,0,0,0,0,0,0,-97,0,1,0,892536193,0,14,0,0,0,104,0,"[0, 0, 127, -29, 127, -32, 127, -31, 114, -23, 69, -14, 18, -8, -32, -1, -80, 9, -128, 17, -128, 24, -128, 24, -128, 18, -128, 7, -128, -5, -128, -17, -128, -33, -128, -52, -128, -63, -128, -68, -128, -70, -128, -60, -128, -47, -128, -30, -118, -7, -89, 4, 5, -63, 2, -44, -4, -19, -5, 3, -7, 25, -15, 53, -24, 75, -32, 90, -43, 107, -55, 118, -61, 118, -64, 122, -61, 127, -45, 116, -24, 101, -5, 88, 21, 75, 57, 67, 91, 58, 122, 40, 127, 25, 127, 15, 127, 2, 127, -11, 127, -18, 127, -22]",esp32_2
CSI_DATA,100505,2025-07-23 16:41:25.086,0,walk,00:00:00:00:00:00,-73,11,0,0,0,0,0,0,0,0,0,-97,0,1,0,892557704,0,14,0,0,0,104,0,"[0, 0, -109, -128, -100, -128, -90, -128, -79, -128, -62, -124, -35, -83, -11, -34, 8, 21, 34, 70, 61, 120, 76, 127, 80, 127, 75, 127, 64, 127, 49, 127, 30, 127, 6, 127, -22, 127, -36, 127, -40, 127, -45, 127, -45, 127, -33, 127, -15, 126, -4, 92, -67, 31, -54, 25, -37, 16, -22, 11, -5, 6, 20, 1, 52, 1, 86, 0, 110, -3, 122, -8, 127, -12, 127, -19, 127, -28, 127, -35, 127, -46, 127, -60, 120, -78, 111, -101, 97, -125, 72, -128, 44, -128, 17, -128, -11, -128, -40, -128, -63, -128, -78, -128]",esp32_2
CSI_DATA,201370,2025-07-23 16:41:25.095,0,walk,00:00:00:00:00:00,-61,11,0,0,0,0,0,0,0,0,0,-97,0,1,0,2272578240,0,14,0,0,0,104,0,"[0, 0, 14, -106, -5, -67, -29, -33, -51, -2, -73, 24, -98, 47, -125, 66, -128, 78, -128, 83, -128, 85, -128, 84, -128, 80, -128, 76, -128, 70, -128, 63, -128, 58, -128, 59, -128, 62, -128, 66, -123, 73, -115, 80, -110, 86, -110, 91, -114, 95, -120, 94, 18, -67, 26, -79, 38, -93, 55, -105, 73, -113, 87, -116, 96, -115, 100, -113, 98, -108, 90, -105, 78, -108, 61, -112, 41, -118, 23, -128, 5, -128, -10, -128, -21, -128, -26, -128, -27, -128, -24, -128, -17, -128, -5, -128, 9, -128, 21, -128, 28, -128, 31, -128]",esp32_1
CSI_DATA,100506,2025-07-23 16:41:25.111,0,walk,00:00:00:00:00:00,-73,11,0,0,0,0,0,0,0,0,0,-97,0,1,0,892583115,0,14,0,0,0,104,0,"[0, 0, -128, 92, -128, 93, -128, 89, -128, 77, -128, 60, -128, 46, -81, 33, -31, 21, 23, 19, 82, 29, 127, 47, 127, 70, 127, 93, 127, 118, 127, 127, 127, 127, 127, 127, 127, 127, 127, 127, 127, 127, 127, 127, 101, 127, 77, 127, 63, 96, 58, 70, 68, 7, 58, 4, 41, -5, 25, -16, 14, -23, 4, -31, -8, -45, -23, -58, -39, -73, -52, -88, -63, -97, -74, -106, -92, -120, -109, -127, -118, -127, -128, -121, -128, -115, -128, -110, -128, -98, -128, -81, -128, -58, -128, -35, -128, -15, -128, 11, -128, 37, -128, 47]",esp32_2
CSI_DATA,201371,2025-07-23 16:41:25.127,0,walk,00:00:00:00:00:00,-61,11,0,0,0,0,0,0,0,0,0,-97,0,1,0,2272625425,0,14,0,0,0,104,0,"[0, 0, -42, -98, -43, -54, -48, -13, -56, 25, -68, 59, -85, 89, -104, 110, -123, 125, -128, 127, -128, 127, -128, 127, -128, 127, -128, 127, -128, 123, -128, 116, -128, 110, -116, 105, -104, 104, -96, 110, -85, 118, -78, 125, -75, 127, -77, 127, -84, 127, -89, 127, -22, -69, -22, -85, -22, -102, -18, -117, -10, -128, 2, -128, 14, -128, 20, -128, 18, -128, 7, -128, -6, -128, -21, -128, -41, -124, -65, -127, -88, -128, -107, -128, -124, -128, -128, -128, -128, -128, -128, -128, -128, -128, -128, -128, -128, -128, -124, -128, -103, -128, -87, -128]",esp32_1
CSI_DATA,100507,2025-07-23 16:41:25.131,0,walk,00:00:00:00:00:00,-73,11,0,0,0,0,0,0,0,0,0,-97,0,1,0,892617768,0,14,0,0,0,104,0,"[0, 0, -79, -128, -78, -128, -66, -128, -51, -128, -37, -112, -23, -87, -9, -61, -1, -25, -2, 15, -3, 55, -6, 93, -20, 127, -37, 127, -51, 127, -69, 127, -89, 127, -102, 127, -110, 127, -115, 127, -114, 126, -105, 104, -88, 87, -65, 72, -43, 60, -29, 52, -14, 50, -12, 40, -8, 29, -3, 23, 5, 12, 11, -4, 19, -18, 27, -30, 37, -43, 52, -55, 68, -64, 79, -71, 84, -80, 90, -91, 95, -96, 92, -100, 87, -108, 78, -118, 65, -124, 52, -125, 37, -127, 18, -128, -4, -128, -27, -128, -46, -128, -54, -128]",esp32_2
CSI_DATA,201372,2025-07-23 16:41:25.155,0,walk,00:00:00:00:00:00,-60,11,0,0,0,0,0,0,0,0,0,-97,0,1,0,2272672353,0,14,0,0,0,104,0,"[0, 0, 55, 51, 45, 16, 41, -19, 39, -51, 39, -79, 43, -104, 51, -126, 60, -128, 67, -128, 72, -128, 76, -128, 79, -128, 81, -128, 81, -128, 75, -128, 66, -128, 57, -127, 48, -123, 39, -123, 30, -124, 23, -125, 19, -127, 19, -128, 23, -128, 28, -128, 34, 51, 38, 63, 41, 78, 41, 92, 36, 104, 29, 112, 22, 116, 19, 116, 21, 112, 27, 105, 37, 98, 52, 90, 72, 84, 92, 84, 112, 87, 127, 93, 127, 106, 127, 119, 127, 127, 127, 127, 127, 127, 127, 127, 127, 127, 127, 127, 127, 127, 119, 127]",esp32_1
CSI_DATA,100508,2025-07-23 16:41:25.155,0,walk,00:00:00:00:00:00,-73,11,0,0,0,0,0,0,0,0,0,-97,0,1,0,892654556,0,14,0,0,0,104,0,"[0, 0, 124, 127, 116, 127, 100, 127, 79, 127, 56, 117, 32, 83, 13, 47, -3, -4, -17, -57, -26, -102, -33, -128, -29, -128, -10, -128, 9, -128, 20, -128, 33, -128, 52, -128, 64, -128, 68, -128, 69, -128, 65, -128, 52, -120, 32, -93, 6, -65, -16, -43, 47, -34, 39, -30, 27, -21, 12, -8, -2, 6, -16, 19, -30, 34, -43, 50, -54, 64, -68, 77, -86, 83, -100, 83, -108, 85, -113, 93, -115, 106, -110, 115, -97, 121, -82, 127, -68, 127, -49, 127, -23, 127, 0, 127, 24, 127, 52, 127, 78, 127, 97, 127]",esp32_2
CSI_DATA,100509,2025-07-23 16:41:25.179,0,walk,00:00:00:00:00:00,-74,11,0,0,0,0,0,0,0,0,0,-97,0,1,0,892694835,0,14,0,0,0,104,0,"[0, 0, 127, -11, 127, -11, 127, -8, 127, -2, 125, 0, 74, -8, 27, -20, -18, -33, -59, -51, -103, -83, -128, -127, -128, -128, -128, -128, -128, -128, -128, -128, -128, -128, -128, -128, -105, -128, -80, -128, -59, -128, -47, -128, -46, -126, -50, -96, -56, -63, -62, -39, -37, -41, -29, -32, -18, -19, -8, -9, 0, -4, 4, 3, 14, 11, 26, 13, 44, 15, 63, 30, 76, 47, 93, 58, 113, 68, 127, 82, 127, 89, 127, 89, 127, 99, 127, 107, 127, 101, 127, 92, 127, 80, 127, 70, 127, 56, 127, 37, 127, 22, 127, 10]",esp32_2
CSI_DATA,100510,2025-07-23 16:41:25.198,0,walk,00:00:00:00:00:00,-74,11,0,0,0,0,0,0,0,0,0,-97,0,1,0,892729237,0,14,0,0,0,104,0,"[0, 0, -128, -128, -128, -127, -128, -112, -128, -94, -110, -63, -86, -28, -55, 11, -19, 45, 15, 77, 39, 122, 53, 127, 59, 127, 57, 127, 43, 127, 18, 127, -6, 127, -30, 127, -49, 127, -55, 127, -53, 127, -42, 127, -26, 127, -7, 108, 13, 91, 32, 79, 15, 48, 9, 39, 0, 25, -7, 15, -8, 5, -8, -5, -17, -14, -30, -24, -39, -38, -49, -55, -63, -71, -79, -92, -95, -119, -108, -128, -125, -128, -128, -128, -128, -128, -128, -128, -128, -128, -128, -128, -128, -128, -128, -128, -128, -128, -128, -128, -128, -128, -128, -128]",esp32_2
CSI_DATA,100511,2025-07-23 16:41:25.224,0,walk,00:00:00:00:00:00,-75,11,0,0,0,0,0,0,0,0,0,-97,0,1,0,892765956,0,14,0,0,0,104,0,"[0, 0, -128, 21, -128, 29, -128, 36, -128, 44, -128, 52, -88, 64, -48, 79, -13, 90, 11, 107, 32, 127, 62, 127, 83, 127, 89, 127, 87, 127, 79, 127, 66, 127, 51, 127, 35, 127, 18, 127, 7, 127, 6, 127, 10, 127, 20, 106, 34, 87, 45, 71, 33, -18, 29, -20, 24, -27, 19, -33, 15, -36, 13, -31, 11, -21, 8, -18, -2, -13, -18, -2, -36, 8, -63, 16, -93, 22, -119, 32, -128, 48, -128, 58, -128, 54, -128, 43, -128, 38, -128, 29, -128, 20, -128, 22, -128, 15, -128, 2, -128, 2, -128, 9]",esp32_2
CSI_DATA,201374,2025-07-23 16:41:25.238,0,walk,00:00:00:00:00:00,-61,11,0,0,0,0,0,0,0,0,0,-97,0,1,0,2272736464,0,14,0,0,0,104,0,"[0, 0, 8, 67, 30, 34, 58, 5, 81, -16, 102, -34, 124, -48, 127, -55, 127, -58, 127, -57, 127, -54, 127, -53, 127, -52, 127, -50, 127, -49, 127, -52, 117, -56, 102, -64, 93, -75, 86, -86, 80, -97, 78, -106, 81, -110, 86, -110, 93, -110, 99, -107, -24, 62, -33, 70, -45, 79, -60, 86, -75, 91, -87, 91, -94, 87, -96, 82, -91, 77, -80, 74, -64, 77, -46, 82, -26, 92, -6, 108, 11, 127, 23, 127, 31, 127, 37, 127, 36, 127, 28, 127, 18, 127, 6, 127, -6, 127, -17, 127, -23, 127, -26, 127]",esp32_1
CSI_DATA,100512,2025-07-23 16:41:25.245,0,walk,00:00:00:00:00:00,-76,11,0,0,0,0,0,0,0,0,0,-97,0,1,0,892805605,0,14,0,0,0,104,0,"[0, 0, -80, 127, -68, 127, -54, 127, -43, 127, -21, 127, 10, 127, 42, 106, 84, 83, 126, 70, 127, 63, 127, 56, 127, 52, 127, 59, 127, 72, 127, 88, 127, 100, 127, 104, 127, 103, 127, 94, 127, 78, 114, 56, 99, 27, 94, -4, 98, -29, 99, -44, 28, -26, 15, -21, 1, -22, -15, -21, -32, -19, -37, -22, -29, -27, -16, -24, -6, -18, -3, -9, 0, 12, 11, 33, 18, 58, 19, 97, 13, 127, -1, 127, -17, 127, -31, 127, -46, 127, -63, 127, -80, 127, -97, 127, -105, 127, -105, 127, -106, 127, -109, 127]",esp32_2
CSI_DATA,100513,2025-07-23 16:41:25.269,0,walk,00:00:00:00:00:00,-76,11,0,0,0,0,0,0,0,0,0,-97,0,1,0,892830081,0,14,0,0,0,104,0,"[0, 0, -128, 83, -128, 81, -128, 78, -128, 73, -128, 78, -101, 89, -65, 95, -17, 96, 24, 106, 52, 127, 84, 127, 105, 127, 115, 127, 123, 127, 116, 127, 95, 127, 72, 127, 48, 127, 30, 127, 26, 127, 32, 94, 46, 70, 61, 48, 80, 23, 96, 10, 25, 9, 13, 11, 3, 4, 4, -12, 10, -23, 10, -21, 5, -14, 6, -6, 0, 8, -14, 25, -29, 36, -50, 44, -78, 54, -109, 57, -128, 58, -128, 58, -128, 53, -128, 54, -128, 53, -128, 45, -128, 38, -128, 37, -128, 45, -128, 54, -128, 55, -128, 43]",esp32_2
CSI_DATA,201375,2025-07-23 16:41:25.270,0,walk,00:00:00:00:00:00,-60,11,0,0,0,0,0,0,0,0,0,-97,0,1,0,2272757878,0,14,0,0,0,104,0,"[0, 0, -65, -1, -37, 23, -12, 50, 8, 78, 22, 104, 30, 127, 33, 127, 30, 127, 26, 127, 23, 127, 19, 127, 15, 127, 10, 127, 8, 127, 11, 127, 19, 127, 26, 118, 36, 107, 49, 101, 60, 97, 70, 97, 76, 99, 77, 103, 72, 109, 67, 115, -58, -21, -68, -32, -81, -47, -90, -62, -93, -77, -90, -88, -84, -95, -79, -99, -76, -96, -76, -87, -78, -74, -83, -59, -95, -42, -113, -27, -128, -14, -128, -5, -128, -2, -128, -2, -128, -4, -128, -10, -128, -20, -128, -31, -128, -42, -128, -45, -128, -47, -128, -49]",esp32_1
CSI_DATA,100514,2025-07-23 16:41:25.290,0,walk,00:00:00:00:00:00,-75,11,0,0,0,0,0,0,0,0,0,-97,0,1,0,892903770,0,14,0,0,0,104,0,"[0, 0, 8, 127, 20, 127, 29, 127, 35, 127, 41, 127, 45, 127, 55, 127, 74, 127, 89, 100, 101, 66, 118, 39, 127, 17, 127, 2, 127, -6, 127, -10, 127, -4, 127, 4, 127, 1, 124, -8, 103, -22, 83, -37, 64, -50, 49, -67, 44, -86, 42, -99, -15, -51, -4, -53, 8, -62, 16, -68, 24, -68, 41, -60, 60, -40, 78, -14, 92, 13, 94, 45, 83, 81, 68, 121, 49, 127, 26, 127, 1, 127, -29, 127, -63, 127, -99, 127, -123, 127, -128, 127, -128, 127, -128, 127, -128, 127, -112, 127, -81, 127, -50, 127]",esp32_2
CSI_DATA,201376,2025-07-23 16:41:25.300,0,walk,00:00:00:00:00:00,-62,11,0,0,0,0,0,0,0,0,0,-97,0,1,0,2273406877,0,14,0,0,0,104,0,"[0, 0, -31, 63, 4, 54, 36, 47, 64, 48, 90, 53, 112, 58, 127, 64, 127, 70, 127, 77, 127, 85, 127, 91, 127, 94, 127, 94, 127, 89, 127, 82, 120, 73, 114, 62, 110, 51, 110, 41, 111, 33, 112, 30, 114, 29, 115, 30, 114, 34, 111, 38, -50, 45, -61, 49, -77, 50, -92, 50, -104, 50, -109, 49, -110, 45, -108, 43, -103, 45, -98, 50, -89, 60, -79, 74, -75, 89, -75, 109, -77, 127, -80, 127, -90, 127, -103, 127, -116, 127, -128, 127, -128, 127, -128, 127, -128, 127, -128, 127, -128, 127, -124, 118]",esp32_1
CSI_DATA,100515,2025-07-23 16:41:25.312,0,walk,00:00:00:00:00:00,-76,11,0,0,0,0,0,0,0,0,0,-97,0,1,0,892941154,0,14,0,0,0,104,0,"[0, 0, 127, -128, 115, -128, 101, -128, 88, -128, 68, -128, 47, -128, 29, -128, 7, -128, -15, -120, -38, -110, -66, -97, -90, -81, -104, -72, -111, -68, -120, -57, -128, -37, -121, -27, -109, -29, -98, -23, -86, -8, -73, 5, -59, 18, -48, 34, -40, 48, -35, 54, -24, 23, -40, 24, -57, 16, -70, 3, -76, -14, -75, -34, -68, -58, -51, -85, -27, -106, 0, -124, 39, -128, 82, -128, 118, -128, 127, -128, 127, -119, 127, -105, 127, -85, 127, -64, 127, -49, 127, -41, 127, -33, 127, -27, 127, -34, 127, -55, 127, -79, 127, -93]",esp32_2
